DBRep_DrawableShape

CASCADE Topology V1, (c) Matra-Datavision
Locations 0
Curve2ds 972
1 6.2831853071795845 -12.699999999999999 -1 0 
1 4.3874838623195558 0 0 -1 
1 6.2831853071795845 0 -1 0 
1 3.1415926535897931 0 0 -1 
1 3.1415926535897931 0 0 -1 
1 6.2831853071795853 -12.699999999999999 -1 0 
1 4.3874838623195718 0 0 -1 
1 6.2831853071795853 0 -1 0 
1 3.1415926535897931 0 0 -1 
1 3.1415926535897931 0 0 -1 
1 9.4247779607693793 -12.699999999999999 -1 0 
1 5.0372940984498058 0 0 -1 
1 9.4247779607693793 0 -1 0 
1 3.1415926535897931 0 0 -1 
1 3.1415926535897931 0 0 -1 
1 9.4247779607693793 -12.699999999999999 -1 0 
1 5.0372940984498369 0 0 -1 
1 9.4247779607693793 0 -1 0 
1 3.1415926535897931 0 0 -1 
1 3.1415926535897931 0 0 -1 
1 3.1415926535897931 0 1 0 
1 3.1415926535897944 0 0 -1 
1 3.1415926535897944 0 0 -1 
1 3.1415926535897931 -1.5300000000000011 1 0 
1 6.2831853071795862 0 0 -1 
1 0 0 0 -1 
1 4.3874838623195558 0 0 -1 
1 6.2831853071795862 -12.699999999999999 -1 0 
1 6.2831853071795862 0 0 -1 
1 0 0 0 -1 
1 6.2831853071795862 0 -1 0 
1 4.3874838623195753 0 0 -1 
1 6.2831853071795862 -12.699999999999999 -1 0 
1 6.2831853071795862 0 0 -1 
1 0 0 0 -1 
1 6.2831853071795862 0 -1 0 
1 5.0372940984498094 0 0 -1 
1 9.4247779607693793 -12.699999999999999 -1 0 
1 6.2831853071795862 0 0 -1 
1 0 0 0 -1 
1 9.4247779607693793 0 -1 0 
1 5.0372940984498369 0 0 -1 
1 9.4247779607693793 -12.699999999999999 -1 0 
1 6.2831853071795862 0 0 -1 
1 0 0 0 -1 
1 9.4247779607693793 0 -1 0 
1 -3.1415926535897931 0 1 0 
1 1.6426465445092089 -56.47099999999989 0 1 
1 -3.1415926535897931 -42.239999999999895 1 0 
1 3.069742435875483 -56.47099999999989 0 1 
1 -3.1415926535897931 -42.239999999999895 1 0 
1 1.4989461090805847 -56.47099999999989 0 1 
1 -3.1415926535897931 0 1 0 
1 0.071850217714310244 -56.47099999999989 0 1 
1 3.1415926535897927 -42.239999999999895 1 0 
1 6.2113350894652744 -56.47099999999989 0 1 
1 3.1415926535897927 0 1 0 
1 4.7842391980990016 -56.47099999999989 0 1 
1 6.2831853071795862 -12.699999999999999 -1 0 
1 6.2831853071795862 -12.699999999999999 -1 0 
1 6.2831853071795862 -12.699999999999999 -1 0 
1 6.2831853071795862 -12.699999999999999 -1 0 
1 3.1415926535897949 -12.699999999999999 -1 0 
1 3.1415926535897931 -12.699999999999999 -1 0 
1 3.1415926535897931 -12.699999999999999 -1 0 
1 3.1415926535897931 -12.699999999999999 -1 0 
1 6.2831853071795862 0 -1 0 
1 6.2831853071795862 0 -1 0 
1 3.1415926535897931 0 -1 0 
1 3.1415926535897931 0 -1 0 
1 -3.1415926535897931 -1.5300000000000011 1 0 
1 3.1415926535897949 0 -1 0 
1 3.1415926535897931 0 -1 0 
1 6.2831853071795862 0 -1 0 
1 6.2831853071795862 0 -1 0 
1 1.8957014448599885 0 0 -1 
1 1.8957014448599872 0 0 -1 
1 1.8957014448600062 0 0 -1 
1 1.8957014448600102 0 0 -1 
1 1.2458912087297751 0 0 -1 
1 1.2458912087297698 0 0 -1 
1 1.2458912087298031 0 0 -1 
1 1.2458912087298042 0 0 -1 
1 3.1415926535897931 -42.239999999999895 1 0 
1 -3.1415926535897931 0 1 0 
1 3.1415926535897931 0 1 0 
1 4.6405387626703778 -56.47099999999989 0 1 
1 3.2134428713041046 -56.47099999999989 0 1 
1 3.1415926535897931 -4.75 0 1 
1 3.1415926535897931 -4.75 0 1 
1 3.1415926535897931 -9.5 1 0 
1 3.5293427203068264 0 0 -1 
1 3.5293427203071728 0 0 -1 
1 3.1415926535897931 0 1 0 
1 0 0 0 -1 
1 6.2831853071795862 0 0 -1 
1 -3.1415926535897931 -9.5 1 0 
1 3.1415926535897931 0 0 -1 
1 3.1415926535897931 0 0 -1 
1 -3.1415926535897931 0 1 0 
1 4.2431253500672703 0 0 -1 
1 -3.1415926535897931 0 1 0 
1 -1.3322676295501878e-15 0 1 0 
1 -3.1415926535897962 0 1 0 
1 3.1415926535897931 0 1 0 
1 -1.7763568394002505e-15 1.0000000000000155 1 0 
1 -2.6645352591003757e-15 1.0000000000000155 1 0 
1 3.1974423109204508e-14 1.0000000000000413 1 -6.4392935428261225e-15 
1 0 1.0000000000000155 1 0 
1 1.2878587085651816e-14 1.0000000000000155 1 0 
1 -6.4432185413022517e-15 1.0000000000000155 1 0 
1 5.7462980170399997e-16 1.0000000000000155 1 0 
1 -5.3290705182007514e-15 1.0000000000000155 1 0 
1 0 1.0000000000000933 1 -1.1102230246251733e-14 
1 1.0658141036401503e-14 1.0000000000000155 1 0 
1 -2.6645352591003757e-15 1.0000000000000155 1 0 
1 7.1054273576010019e-15 1.0000000000000155 1 0 
1 -1.3322676295501878e-15 1.0000000000000155 1 0 
1 -9.9920072216264089e-15 1.0000000000000155 1 0 
1 1.8873791418627661e-14 1.0000000000000155 1 0 
1 2.8421709430404007e-14 1.0000000000000155 1 0 
1 -2.042810365310288e-14 1.0000000000000155 1 0 
1 2.3980817331903381e-14 1.0000000000000155 1 0 
1 0 1.0000000000000155 1 0 
1 -4.4408920985006262e-15 1.0000000000000155 1 0 
1 4.4408920985006262e-16 1.0000000000000155 1 0 
1 4.4408920985006262e-15 1.0000000000000155 1 0 
1 1.1990408665951691e-14 1.0000000000000155 1 0 
1 -7.9641139198012473e-15 1.0000000000000155 1 0 
1 1.7763568394002505e-15 1.0000000000000155 1 0 
1 1.4210854715202004e-14 1.0000000000000155 1 0 
1 -4.8448370652444654e-16 1.0000000000000155 1 0 
1 -7.7715611723760958e-16 1.0000000000000155 1 0 
1 -1.5543122344752192e-15 1.0000000000000155 1 0 
1 0 1.0000000000000155 1 0 
1 0 1.0000000000000155 1 0 
1 2.042810365310288e-14 1.0000000000000155 1 0 
1 7.1054273576010019e-15 1.0000000000000155 1 0 
1 -3.5527136788005009e-15 1.0000000000000155 1 0 
1 -7.1054273576010019e-15 1.0000000000000155 1 0 
1 3.5527136788005009e-15 1.0000000000000155 1 0 
1 1.7763568394002505e-14 1.0000000000000155 1 0 
1 3.5527136788005009e-15 1.0000000000000155 1 0 
1 1.0658141036401503e-14 1.0000000000000155 1 0 
1 -1.0658141036401503e-14 1.0000000000000155 1 0 
1 0 1.0000000000000155 1 0 
1 -3.5527136788005009e-15 1.0000000000000155 1 0 
1 0 1.0000000000000155 1 0 
1 3.0198066269804258e-14 1.0000000000000155 1 0 
1 -5.3290705182007514e-15 1.0000000000000155 1 0 
1 1.4210854715202004e-14 1.0000000000000155 1 0 
1 3.5527136788005009e-15 1.0000000000000155 1 0 
1 0 1.0000000000000155 1 0 
1 5.3290705182007514e-15 1.0000000000000155 1 0 
1 2.8421709430404007e-14 1.0000000000000155 1 0 
1 -2.6645352591003757e-15 1.0000000000000155 1 0 
1 5.773159728050814e-14 1.0000000000000155 1 0 
1 6.2172489379008766e-15 1.0000000000000155 1 0 
1 -3.0198066269804258e-14 1.0000000000000155 1 0 
1 -2.6645352591003757e-15 1.0000000000000155 1 0 
1 6.6613381477509392e-15 1.0000000000000155 1 0 
1 4.8849813083506888e-15 1.0000000000000155 1 0 
1 -2.2204460492503131e-16 1.0000000000000155 1 0 
1 -3.9042967644653351e-15 1.0000000000000155 1 0 
1 9.3651815993257182e-15 1.0000000000000155 1 0 
1 1.0682019796763809e-14 1.0000000000000155 1 0 
1 3.1415926535897931 0 1 0 
1 -1.3133312897183523e-15 1.0000000000000155 1 0 
1 9.4103883989405793e-15 1.0000000000000155 1 0 
1 9.7502971496485037e-16 1.0000000000000155 1 0 
1 -2.7315354649921164e-15 1.0000000000000155 1 0 
1 -1.0839210062601993e-15 1.0000000000000155 1 0 
1 2.5233265093835941e-15 1.0000000000000155 1 0 
1 -7.7569931142249024e-16 1.0000000000000155 1 0 
1 3.1664531241744494e-15 1.0000000000000155 1 0 
1 0 -9.5300000000000011 1 0 
1 -3.1415926535897931 -9.5300000000000011 1 0 
1 4.1874110043052966 0 0 -1 
1 3.1415926535897931 -9.5 1 0 
1 -3.1415926535897962 -9.5 1 0 
1 -1.3322676295501878e-15 -9.5 1 0 
1 -3.1415926535897931 -9.5 1 0 
1 3.1415926535897931 -9.5 1 0 
1 1.6115636112744347 0 0 -1 
1 1.7764582057555596 0 0 -1 
1 1.7764582057554275 0 0 -1 
1 2.652900463031326 0 0 -1 
1 2.652900463031326 0 0 -1 
1 3.5924545995889234 0 0 -1 
7 0 0  3 25 23  4.1874110043052966 -24.535225741575999  4.1786575373854378 -25.085906318911356  4.1611166199565552 -26.181020472272561  4.1347120634722483 -27.803011686823112  4.1082230272287124 -29.402375254186104  4.0816584562643419 -30.977193713132642  4.0550274345033364 -32.525578536577825  4.0283391906438464 -34.045679583158552  4.0016030732385115 -35.535691578235046  3.9748285331997044 -36.993861214246238  3.9480251036052936 -38.418493839181735  3.9212023796448565 -39.807959941619444  3.8943699980781692 -41.160701310900315  3.8675376165114841 -42.475236842801834  3.8407148925510457 -43.750167939847287  3.8139114629566371 -44.984183468466767  3.7871369229178264 -46.176064227694425  3.7604008055124969 -47.324686927937933  3.7337125616530065 -48.429027540078913  3.707081539892001 -49.488164416340396  3.6805169689276345 -50.501279591623636  3.6540279326840981 -51.467664138710845  3.6276233761997934 -52.386705620261516  3.6100824587709113 -52.967528255671184  3.6013289918510538 -53.249887195084796 
 5.2373669564640899 4 5.2640070479392831 1 5.2906471394144763 1 5.3172872308896695 1 5.3439273223648627 1 5.3705674138400559 1 5.3972075053152491 1 5.4238475967904423 1 5.4504876882656355 1 5.4771277797408287 1 5.5037678712160218 1 5.530407962691215 1 5.5570480541664082 1 5.5836881456416014 1 5.6103282371167946 1 5.6369683285919878 1 5.663608420067181 1 5.6902485115423742 1 5.7168886030175674 1 5.7435286944927606 1 5.7701687859679538 1 5.796808877443147 1 5.8234489689183402 4
7 0 0  3 25 23  3.6621271009505771 -66.670000000000101  3.670806797266069 -66.279052086433012  3.6881993081553106 -65.47786830701952  3.7143788737166195 -64.218992807845552  3.7406407498730858 -62.903731184204773  3.7669762137897984 -61.532973265875007  3.7933764096246807 -60.107723021806969  3.8198323429091428 -58.629112984954112  3.846334904436838 -57.098397327818049  3.8728748870270313 -55.516949791353724  3.8994430048651658 -53.886259463150758  3.9260299127011447 -52.207926307194008  3.9526262255089226 -50.483655969519042  3.9792225383166988 -48.715254029423093  4.0058094461526785 -46.90461970055685  4.0323775639908126 -45.053739037955346  4.0589175465810072 -43.164677698273451  4.0854201081087034 -41.239573313295104  4.1118760413931641 -39.280627519804199  4.1382762372280482 -37.29009776517271  4.1646117011447625 -35.270288736460977  4.1908735773012262 -33.223544282518787  4.2170531428625377 -31.152236890138195  4.2344456537517781 -29.756589622841307  4.2431253500672703 -29.055470693073801 
 0.52053444736077803 4 0.54694345868426408 1 0.57335247000775003 1 0.59976148133123608 1 0.62617049265472202 1 0.65257950397820808 1 0.67898851530169402 1 0.70539752662518007 1 0.73180653794866601 1 0.75821554927215207 1 0.78462456059563812 1 0.81103357191912406 1 0.83744258324261001 1 0.86385159456609606 1 0.89026060588958211 1 0.91666961721306806 1 0.943078628536554 1 0.96948763986004005 1 0.9958966511835261 1 1.0223056625070122 1 1.048714673830498 1 1.075123685153984 1 1.1015326964774701 4
1 9.4247779607693793 -80.000000000000099 -1 0 
1 -4.4408920985006262e-16 -80.000000000000099 1 0 
7 0 0  1 2 2  9.3651815993257182e-15 -1.428112456850622e-14  3.0902018902173596e-15 1.0000000000000155 
 0 2 0.5 2
1 3.0902018902173596e-15 -1.428112456850622e-14 1 0 
7 0 0  1 2 2  1.0000000000000073 -1.428112456850622e-14  0.999999999999999 1.0000000000000155 
 0 2 0.5 2
7 0 0  1 2 2  1.0682019796763809e-14 -1.428112456850622e-14  8.1031047556238188e-15 1.0000000000000155 
 0 2 0.5 2
1 8.1031047556238188e-15 -1.428112456850622e-14 1 0 
7 0 0  1 2 2  0.99999999999999867 -1.428112456850622e-14  0.99999999999999867 1.0000000000000155 
 0 2 0.5 2
7 0 0  1 2 2  1.0000000000000133 -1.428112456850622e-14  1.0000000000000133 1.0000000000000155 
 0 2 0.5 2
7 0 0  1 2 2  9.4103883989405793e-15 -1.428112456850622e-14  9.4103883989405793e-15 1.0000000000000155 
 0 2 0.5 2
1 9.4103883989405793e-15 -1.428112456850622e-14 1 0 
7 0 0  1 2 2  1.0000000000000051 -1.428112456850622e-14  1.000000000000006 1.0000000000000155 
 0 2 0.5 2
7 0 0  1 2 2  9.7502971496485037e-16 -1.428112456850622e-14  9.7502971496485037e-16 1.0000000000000155 
 0 2 0.5 2
1 9.7502971496485037e-16 -1.428112456850622e-14 1 0 
7 0 0  1 2 2  1 -1.428112456850622e-14  1 1.0000000000000155 
 0 2 0.5 2
7 0 0  1 2 2  -2.7315354649921164e-15 -1.428112456850622e-14  -2.7315354649921164e-15 1.0000000000000155 
 0 2 0.5 2
1 -2.7315354649921164e-15 -1.428112456850622e-14 1 0 
7 0 0  1 2 2  1.0000000000000082 -1.428112456850622e-14  1.0000000000000082 1.0000000000000155 
 0 2 0.5 2
7 0 0  1 2 2  -1.0839210062601993e-15 -1.428112456850622e-14  -1.0839210062601993e-15 1.0000000000000155 
 0 2 0.5 2
1 -1.0839210062601993e-15 -1.428112456850622e-14 1 0 
7 0 0  1 2 2  1 -1.428112456850622e-14  1 1.0000000000000155 
 0 2 0.5 2
7 0 0  1 2 2  2.5233265093835941e-15 -1.428112456850622e-14  2.6059152007851478e-15 1.0000000000000155 
 0 2 0.5 2
1 2.6059152007851478e-15 -1.428112456850622e-14 1 0 
7 0 0  1 2 2  0.99999999999999978 -1.428112456850622e-14  1 1.0000000000000155 
 0 2 0.5 2
7 0 0  1 2 2  -7.7569931142249024e-16 -1.428112456850622e-14  -5.6846300222478657e-16 1.0000000000000155 
 0 2 0.5 2
1 -5.6846300222478657e-16 -1.428112456850622e-14 1 0 
7 0 0  1 2 2  1 -1.428112456850622e-14  1 1.0000000000000155 
 0 2 0.5 2
7 0 0  1 2 2  3.1664531241744494e-15 -1.428112456850622e-14  3.1299017107656971e-15 1.0000000000000155 
 0 2 0.5 2
1 3.1299017107656971e-15 -1.428112456850622e-14 1 0 
7 0 0  1 2 2  1 -1.428112456850622e-14  1 1.0000000000000155 
 0 2 0.5 2
7 0 0  1 2 2  -1.3133312897183523e-15 -1.428112456850622e-14  -1.3133312897183523e-15 1.0000000000000155 
 0 2 0.5 2
1 -1.3133312897183523e-15 -1.428112456850622e-14 1 0 
1 -6.8030193820676257e-15 -1.428112456850622e-14 1 0 
1 2.6449176259849812e-15 -1.428112456850622e-14 1 0 
1 2.8687737251087954e-16 -1.428112456850622e-14 1 0 
1 1.2207912562240103e-14 -1.428112456850622e-14 1 0 
1 -6.8030193820676257e-15 1.0000000000000155 1 0 
7 0 0  1 2 2  -6.8030193820676257e-15 -1.428112456850622e-14  -6.8030193820676257e-15 1.0000000000000155 
 0 2 0.5 2
7 0 0  1 2 2  1 -1.428112456850622e-14  1 1.0000000000000155 
 0 2 0.5 2
7 0 0  1 2 2  1 -1.428112456850622e-14  1 1.0000000000000155 
 0 2 0.5 2
7 0 0  1 2 2  1.2207912562240103e-14 -1.428112456850622e-14  1.2207912562240103e-14 1.0000000000000155 
 0 2 0.5 2
1 2.5272686305291781e-15 1.0000000000000155 1 0 
7 0 0  1 2 2  2.5272686305291781e-15 -1.428112456850622e-14  2.6449176259849812e-15 1.0000000000000155 
 0 2 0.5 2
7 0 0  1 2 2  1 -1.428112456850622e-14  1 1.0000000000000155 
 0 2 0.5 2
1 -6.0843937956381375e-17 1.0000000000000155 1 0 
7 0 0  1 2 2  -6.0843937956381375e-17 -1.428112456850622e-14  2.8687737251087954e-16 1.0000000000000155 
 0 2 0.5 2
7 0 0  1 2 2  1.0000000000000062 -1.428112456850622e-14  1 1.0000000000000155 
 0 2 0.5 2
1 1.2207912562240103e-14 1.0000000000000155 1 0 
7 0 0  1 2 2  26.000000000000007 -1.428112456850622e-14  26.000000000000007 1.0000000000000155 
 0 2 0.5 2
7 0 0  1 2 2  25.999999999999993 -1.428112456850622e-14  25.999999999999996 1.0000000000000155 
 0 2 0.5 2
1 7.1054273576010019e-15 -1.428112456850622e-14 1 0 
7 0 0  1 2 2  27 -1.428112456850622e-14  27 1.0000000000000155 
 0 2 0.5 2
7 0 0  1 2 2  -3.9042967644653351e-15 -1.428112456850622e-14  -3.9042967644653351e-15 1.0000000000000155 
 0 2 0.5 2
7 0 0  1 2 2  24.999999999999996 -1.428112456850622e-14  24.999999999999996 1.0000000000000155 
 0 2 0.5 2
7 0 0  1 2 2  24.999999999999957 -1.428112456850622e-14  24.999999999999957 1.0000000000000155 
 0 2 0.5 2
1 -7.1054273576010019e-15 -1.428112456850622e-14 1 0 
7 0 0  1 2 2  23.999999999999993 -1.428112456850622e-14  23.999999999999993 1.0000000000000155 
 0 2 0.5 2
7 0 0  1 2 2  24 -1.428112456850622e-14  24 1.0000000000000155 
 0 2 0.5 2
1 -1.7763568394002505e-14 -1.428112456850622e-14 1 0 
7 0 0  1 2 2  23.000000000000004 -1.428112456850622e-14  23.000000000000004 1.0000000000000155 
 0 2 0.5 2
7 0 0  1 2 2  23.000000000000025 -1.428112456850622e-14  23.000000000000014 1.0000000000000155 
 0 2 0.5 2
1 -3.5527136788005009e-15 -1.428112456850622e-14 1 0 
7 0 0  1 2 2  22.000000000000018 -1.428112456850622e-14  22.000000000000018 1.0000000000000155 
 0 2 0.5 2
7 0 0  1 2 2  22.000000000000004 -1.428112456850622e-14  22.000000000000004 1.0000000000000155 
 0 2 0.5 2
1 1.4210854715202004e-14 -1.428112456850622e-14 1 0 
7 0 0  1 2 2  21.000000000000004 -1.428112456850622e-14  21.000000000000004 1.0000000000000155 
 0 2 0.5 2
7 0 0  1 2 2  21.000000000000007 -1.428112456850622e-14  21.000000000000007 1.0000000000000155 
 0 2 0.5 2
1 3.5527136788005009e-15 -1.428112456850622e-14 1 0 
7 0 0  1 2 2  20.000000000000011 -1.428112456850622e-14  20.000000000000011 1.0000000000000155 
 0 2 0.5 2
7 0 0  1 2 2  20.000000000000028 -1.428112456850622e-14  20.000000000000028 1.0000000000000155 
 0 2 0.5 2
1 3.5527136788005009e-15 -1.428112456850622e-14 1 0 
7 0 0  1 2 2  18.999999999999989 -1.428112456850622e-14  18.999999999999989 1.0000000000000155 
 0 2 0.5 2
7 0 0  1 2 2  18.999999999999996 -1.428112456850622e-14  18.999999999999996 1.0000000000000155 
 0 2 0.5 2
1 -1.0658141036401503e-14 -1.428112456850622e-14 1 0 
7 0 0  1 2 2  18 -1.428112456850622e-14  18 1.0000000000000155 
 0 2 0.5 2
7 0 0  1 2 2  18.000000000000011 -1.428112456850622e-14  18.000000000000011 1.0000000000000155 
 0 2 0.5 2
1 -3.5527136788005009e-15 -1.428112456850622e-14 1 0 
7 0 0  1 2 2  16.999999999999996 -1.428112456850622e-14  16.999999999999996 1.0000000000000155 
 0 2 0.5 2
7 0 0  1 2 2  16.999999999999993 -1.428112456850622e-14  17 1.0000000000000155 
 0 2 0.5 2
1 -3.5527136788005009e-15 -1.428112456850622e-14 1 0 
7 0 0  1 2 2  16 -1.428112456850622e-14  16 1.0000000000000155 
 0 2 0.5 2
7 0 0  1 2 2  15.99999999999998 -1.428112456850622e-14  15.999999999999998 1.0000000000000155 
 0 2 0.5 2
1 -3.5527136788005009e-15 -1.428112456850622e-14 1 0 
7 0 0  1 2 2  15.00000000000003 -1.428112456850622e-14  15.00000000000003 1.0000000000000155 
 0 2 0.5 2
7 0 0  1 2 2  15.000000000000046 -1.428112456850622e-14  15.000000000000046 1.0000000000000155 
 0 2 0.5 2
1 1.9539925233402755e-14 -1.428112456850622e-14 1 0 
7 0 0  1 2 2  13.999999999999995 -1.428112456850622e-14  13.999999999999995 1.0000000000000155 
 0 2 0.5 2
7 0 0  1 2 2  13.999999999999959 -1.428112456850622e-14  14 1.0000000000000155 
 0 2 0.5 2
1 -5.3290705182007514e-15 -1.428112456850622e-14 1 0 
7 0 0  1 2 2  13.000000000000014 -1.428112456850622e-14  13.000000000000014 1.0000000000000155 
 0 2 0.5 2
7 0 0  1 2 2  13.000000000000083 -1.428112456850622e-14  13.000000000000032 1.0000000000000155 
 0 2 0.5 2
1 1.4210854715202004e-14 -1.428112456850622e-14 1 0 
7 0 0  1 2 2  12.000000000000004 -1.428112456850622e-14  12.000000000000004 1.0000000000000155 
 0 2 0.5 2
7 0 0  1 2 2  12.000000000001792 -1.428112456850622e-14  12.000000000001792 1.0000000000000155 
 0 2 0.5 2
1 7.1054273576010019e-15 -1.428112456850622e-14 1 0 
7 0 0  1 2 2  11 -1.428112456850622e-14  11 1.0000000000000155 
 0 2 0.5 2
7 0 0  1 2 2  11.000000000000009 -1.428112456850622e-14  11.000000000000009 1.0000000000000155 
 0 2 0.5 2
1 -3.5527136788005009e-15 -1.428112456850622e-14 1 0 
7 0 0  1 2 2  10.000000000000005 -1.428112456850622e-14  10.000000000000005 1.0000000000000155 
 0 2 0.5 2
7 0 0  1 2 2  10.000000000000009 -1.428112456850622e-14  10.000000000000007 1.0000000000000155 
 0 2 0.5 2
1 5.3290705182007514e-15 -1.428112456850622e-14 1 0 
7 0 0  1 2 2  9.0000000000000284 -1.428112456850622e-14  9.0000000000000284 1.0000000000000155 
 0 2 0.5 2
7 0 0  1 2 2  9.0000000000000036 -1.428112456850622e-14  9.0000000000000036 1.0000000000000155 
 0 2 0.5 2
1 2.8421709430404007e-14 -1.428112456850622e-14 1 0 
7 0 0  1 2 2  7.9999999999999973 -1.428112456850622e-14  7.9999999999999973 1.0000000000000155 
 0 2 0.5 2
7 0 0  1 2 2  8.0000000000000018 -1.428112456850622e-14  8.0000000000000071 1.0000000000000155 
 0 2 0.5 2
1 -2.6645352591003757e-15 -1.428112456850622e-14 1 0 
7 0 0  1 2 2  7.0000000000000577 -1.428112456850622e-14  7.0000000000000577 1.0000000000000155 
 0 2 0.5 2
7 0 0  1 2 2  7.0000000000000044 -1.428112456850622e-14  7.0000000000000426 1.0000000000000155 
 0 2 0.5 2
1 7.9936057773011271e-14 -1.428112456850622e-14 1 0 
7 0 0  1 2 2  6.0000000000000062 -1.428112456850622e-14  6.0000000000000062 1.0000000000000155 
 0 2 0.5 2
7 0 0  1 2 2  6.0000000000000338 -1.428112456850622e-14  6.0000000000000338 1.0000000000000155 
 0 2 0.5 2
1 1.6875389974302379e-14 -1.428112456850622e-14 1 0 
7 0 0  1 2 2  5.0530745328241995 -1.428112456850622e-14  5.0530745328241995 1.0000000000000155 
 0 2 0.5 2
7 0 0  1 2 2  4.9612342762521076 -1.428112456850622e-14  4.9612342762521076 1.0000000000000155 
 0 2 0.5 2
1 -3.0198066269804258e-14 -1.428112456850622e-14 1 0 
7 0 0  1 2 2  3.9999999999999973 -1.428112456850622e-14  3.9999999999999973 1.0000000000000155 
 0 2 0.5 2
7 0 0  1 2 2  3.999999999999996 -1.428112456850622e-14  3.999999999999996 1.0000000000000155 
 0 2 0.5 2
1 2.2204460492503131e-14 -1.428112456850622e-14 1 0 
7 0 0  1 2 2  3.0000000000000067 -1.428112456850622e-14  3.0000000000000067 1.0000000000000155 
 0 2 0.5 2
7 0 0  1 2 2  3.0000000000000204 -1.428112456850622e-14  3.0000000000000204 1.0000000000000155 
 0 2 0.5 2
1 6.6613381477509392e-15 -1.428112456850622e-14 1 0 
7 0 0  1 2 2  2.0000000000000049 -1.428112456850622e-14  2.0000000000000049 1.0000000000000155 
 0 2 0.5 2
7 0 0  1 2 2  2.0000000000000182 -1.428112456850622e-14  2.0000000000000182 1.0000000000000155 
 0 2 0.5 2
1 4.8849813083506888e-15 -1.428112456850622e-14 1 0 
7 0 0  1 2 2  0.99999999999999978 -1.428112456850622e-14  0.99999999999999978 1.0000000000000155 
 0 2 0.5 2
7 0 0  1 2 2  0.99999999999999623 -1.428112456850622e-14  0.99999999999999623 1.0000000000000155 
 0 2 0.5 2
1 -2.2204460492503131e-16 -1.428112456850622e-14 1 0 
1 -3.9042967644653351e-15 -1.428112456850622e-14 1 0 
7 0 0  1 2 2  7.0000000000000018 -1.428112456850622e-14  7.0000000000000018 1.0000000000000155 
 0 2 0.5 2
7 0 0  1 2 2  9.0000000000000036 -1.428112456850622e-14  9 1.0000000000000155 
 0 2 0.5 2
1 1.7763568394002505e-15 -1.428112456850622e-14 1 0 
7 0 0  1 2 2  8.0000000000000071 -1.428112456850622e-14  8.0000000000000071 1.0000000000000155 
 0 2 0.5 2
7 0 0  1 2 2  8.0000000000000142 -1.428112456850622e-14  8.0000000000000142 1.0000000000000155 
 0 2 0.5 2
7 0 0  1 2 2  0.99999999999999711 -1.428112456850622e-14  0.99999999999999711 1.0000000000000155 
 0 2 0.5 2
1 5.3290705182007514e-15 -1.428112456850622e-14 1 0 
7 0 0  1 2 2  -4.8448370652444654e-16 -1.428112456850622e-14  -4.8448370652444654e-16 1.0000000000000155 
 0 2 0.5 2
7 0 0  1 2 2  1.9999999999999976 -1.428112456850622e-14  1.9999999999999976 1.0000000000000155 
 0 2 0.5 2
1 -4.8448370652444654e-16 -1.428112456850622e-14 1 0 
7 0 0  1 2 2  0.99999999999999922 -1.428112456850622e-14  0.99999999999999922 1.0000000000000155 
 0 2 0.5 2
7 0 0  1 2 2  3.0000000000000009 -1.428112456850622e-14  3.0000000000000009 1.0000000000000155 
 0 2 0.5 2
1 4.4408920985006262e-16 -1.428112456850622e-14 1 0 
7 0 0  1 2 2  1.9999999999999984 -1.428112456850622e-14  1.9999999999999984 1.0000000000000155 
 0 2 0.5 2
7 0 0  1 2 2  3.9999999999999973 -1.428112456850622e-14  3.9999999999999973 1.0000000000000155 
 0 2 0.5 2
1 -1.5543122344752192e-15 -1.428112456850622e-14 1 0 
7 0 0  1 2 2  3 -1.428112456850622e-14  3 1.0000000000000155 
 0 2 0.5 2
7 0 0  1 2 2  4.9999999999999982 -1.428112456850622e-14  4.9999999999999982 1.0000000000000155 
 0 2 0.5 2
1 2.2204460492503131e-15 -1.428112456850622e-14 1 0 
7 0 0  1 2 2  4 -1.428112456850622e-14  4 1.0000000000000155 
 0 2 0.5 2
7 0 0  1 2 2  6.0000000000000062 -1.428112456850622e-14  6.0000000000000204 1.0000000000000155 
 0 2 0.5 2
1 0 -1.428112456850622e-14 1 0 
7 0 0  1 2 2  5.0000000000000204 -1.428112456850622e-14  5.0000000000000204 1.0000000000000155 
 0 2 0.5 2
1 2.042810365310288e-14 -1.428112456850622e-14 1 0 
7 0 0  1 2 2  9.0000000000000284 -1.428112456850622e-14  9.0000000000000284 1.0000000000000155 
 0 2 0.5 2
7 0 0  1 2 2  9.0000000000000089 -1.428112456850622e-14  9.0000000000000107 1.0000000000000155 
 0 2 0.5 2
1 2.8421709430404007e-14 -1.428112456850622e-14 1 0 
7 0 0  1 2 2  10.000000000000002 -1.428112456850622e-14  10.000000000000002 1.0000000000000155 
 0 2 0.5 2
7 0 0  1 2 2  -7.9641139198012473e-15 -1.428112456850622e-14  -7.9641139198012473e-15 1.0000000000000155 
 0 2 0.5 2
7 0 0  1 2 2  7.9999999999999796 -1.428112456850622e-14  7.9999999999999796 1.0000000000000155 
 0 2 0.5 2
1 -2.042810365310288e-14 -1.428112456850622e-14 1 0 
7 0 0  1 2 2  7.0000000000000027 -1.428112456850622e-14  6.999999999999992 1.0000000000000155 
 0 2 0.5 2
7 0 0  1 2 2  6.000000000000024 -1.428112456850622e-14  6.000000000000024 1.0000000000000155 
 0 2 0.5 2
7 0 0  1 2 2  6.0000000000000773 -1.428112456850622e-14  6.0000000000000773 1.0000000000000155 
 0 2 0.5 2
1 1.7763568394002505e-14 -1.428112456850622e-14 1 0 
7 0 0  1 2 2  5 -1.428112456850622e-14  5 1.0000000000000155 
 0 2 0.5 2
7 0 0  1 2 2  5.0000000000000036 -1.428112456850622e-14  5.0000000000000036 1.0000000000000155 
 0 2 0.5 2
1 5.3290705182007514e-15 -1.428112456850622e-14 1 0 
7 0 0  1 2 2  3.9999999999999956 -1.428112456850622e-14  3.9999999999999956 1.0000000000000155 
 0 2 0.5 2
7 0 0  1 2 2  4.0000000000000231 -1.428112456850622e-14  4.0000000000000231 1.0000000000000155 
 0 2 0.5 2
1 -4.4408920985006262e-15 -1.428112456850622e-14 1 0 
7 0 0  1 2 2  3.0000000000000004 -1.428112456850622e-14  3.0000000000000004 1.0000000000000155 
 0 2 0.5 2
7 0 0  1 2 2  3.0000000000000036 -1.428112456850622e-14  3.0000000000000036 1.0000000000000155 
 0 2 0.5 2
1 4.4408920985006262e-16 -1.428112456850622e-14 1 0 
7 0 0  1 2 2  2.0000000000000044 -1.428112456850622e-14  2.0000000000000044 1.0000000000000155 
 0 2 0.5 2
7 0 0  1 2 2  2.00000000000002 -1.428112456850622e-14  2.00000000000002 1.0000000000000155 
 0 2 0.5 2
1 4.4408920985006262e-15 -1.428112456850622e-14 1 0 
7 0 0  1 2 2  1.000000000000012 -1.428112456850622e-14  1.000000000000012 1.0000000000000155 
 0 2 0.5 2
7 0 0  1 2 2  0.99999999999999745 -1.428112456850622e-14  0.99999999999999745 1.0000000000000155 
 0 2 0.5 2
1 1.1990408665951691e-14 -1.428112456850622e-14 1 0 
1 -7.9641139198012473e-15 -1.428112456850622e-14 1 0 
7 0 0  1 2 2  5.7462980170399997e-16 -1.428112456850622e-14  5.7462980170399997e-16 1.0000000000000155 
 0 2 0.5 2
1 -5.820147106217779e-15 -1.428112456850622e-14 1 0 
7 0 0  1 2 2  1.00000000000001 -1.428112456850622e-14  1.00000000000001 1.0000000000000155 
 0 2 0.5 2
7 0 0  1 2 2  1.0000000000000189 -1.428112456850622e-14  1.0000000000000189 1.0000000000000155 
 0 2 0.5 2
7 0 0  1 2 2  8.999999999999968 -1.428112456850622e-14  8.999999999999968 1.0000000000000155 
 0 2 0.5 2
7 0 0  1 2 2  7.9999999999999947 -1.428112456850622e-14  7.9999999999999947 1.0000000000000155 
 0 2 0.5 2
7 0 0  1 2 2  7.9999999999999849 -3.2758626540563274e-15  7.9999999999999849 1.0000000000000044 
 0 2 0.5 2
1 1.7763568394002505e-15 -1.428112456850622e-14 1 0 
7 0 0  1 2 2  7 -1.428112456850622e-14  7 1.0000000000000155 
 0 2 0.5 2
7 0 0  1 2 2  7.0000000000000115 -1.428112456850622e-14  7.0000000000000115 1.0000000000000155 
 0 2 0.5 2
1 8.8817841970012523e-16 -9.1317957969656709e-14 1 1.100526191445007e-14 
7 0 0  1 2 2  6.0000000000000107 -1.428112456850622e-14  6.0000000000000107 1.0000000000000155 
 0 2 0.5 2
7 0 0  1 2 2  5.9999999999999849 -1.428112456850622e-14  5.9999999999999849 1.0000000000000155 
 0 2 0.5 2
1 1.0658141036401503e-14 -1.428112456850622e-14 1 0 
7 0 0  1 2 2  4.9999999999999973 -1.428112456850622e-14  4.9999999999999973 1.0000000000000155 
 0 2 0.5 2
7 0 0  1 2 2  5.0000000000000071 -1.428112456850622e-14  5.0000000000000071 1.0000000000000155 
 0 2 0.5 2
1 -2.6645352591003757e-15 -1.428112456850622e-14 1 0 
7 0 0  1 2 2  4.0000000000000071 -1.428112456850622e-14  4.0000000000000071 1.0000000000000155 
 0 2 0.5 2
7 0 0  1 2 2  3.9999999999999876 -1.428112456850622e-14  3.9999999999999876 1.0000000000000155 
 0 2 0.5 2
1 1.9539925233402755e-14 -1.428112456850622e-14 1 0 
7 0 0  1 2 2  2.9999999999999987 -1.428112456850622e-14  2.9999999999999987 1.0000000000000155 
 0 2 0.5 2
7 0 0  1 2 2  2.999999999999984 -1.428112456850622e-14  2.9999999999999964 1.0000000000000155 
 0 2 0.5 2
1 -1.3322676295501878e-15 -1.428112456850622e-14 1 0 
7 0 0  1 2 2  1.99999999999999 -1.428112456850622e-14  1.99999999999999 1.0000000000000155 
 0 2 0.5 2
7 0 0  1 2 2  2.0000000000000151 -1.428112456850622e-14  2.0000000000000573 1.0000000000000155 
 0 2 0.5 2
1 -9.9920072216264089e-15 -1.428112456850622e-14 1 0 
1 -1.4321877017664519e-14 -1.428112456850622e-14 1 0 
7 0 0  1 2 2  4.9999999999999982 -1.428112456850622e-14  4.9999999999999982 1.0000000000000155 
 0 2 0.5 2
7 0 0  1 2 2  4.9999999999999929 -1.428112456850622e-14  4.9999999999999929 1.0000000000000155 
 0 2 0.5 2
1 -1.7763568394002505e-15 -1.428112456850622e-14 1 0 
7 0 0  1 2 2  5.9999999999999885 -1.428112456850622e-14  6.0000000000000027 1.0000000000000155 
 0 2 0.5 2
7 0 0  1 2 2  -6.4432185413022517e-15 -1.428112456850622e-14  -6.4432185413022517e-15 1.0000000000000155 
 0 2 0.5 2
7 0 0  1 2 2  3.9999999999999973 -1.428112456850622e-14  3.9999999999999973 1.0000000000000155 
 0 2 0.5 2
7 0 0  1 2 2  3.9999999999999987 -1.428112456850622e-14  3.9999999999999991 1.0000000000000155 
 0 2 0.5 2
1 -2.6645352591003757e-15 -1.428112456850622e-14 1 0 
7 0 0  1 2 2  3.000000000000032 -2.0775143215988334e-14  3.000000000000032 1.000000000000022 
 0 2 0.5 2
7 0 0  1 2 2  3.0000000000000302 -1.428112456850622e-14  3.0000000000000613 1.0000000000000155 
 0 2 0.5 2
1 5.5511151231257827e-14 -4.0257199158435774e-14 1 6.4940186474824798e-15 
7 0 0  1 2 2  2 -1.428112456850622e-14  2 1.0000000000000155 
 0 2 0.5 2
7 0 0  1 2 2  2.0000000000000395 -1.428112456850622e-14  2.0000000000000395 1.0000000000000155 
 0 2 0.5 2
1 -1.3322676295501878e-15 -1.428112456850622e-14 1 0 
7 0 0  1 2 2  1.0000000000000129 -1.428112456850622e-14  1.0000000000000129 1.0000000000000155 
 0 2 0.5 2
7 0 0  1 2 2  1.0000000000000215 -1.428112456850622e-14  1.0000000000000215 1.0000000000000155 
 0 2 0.5 2
1 1.2878587085651816e-14 -1.428112456850622e-14 1 0 
1 -6.4432185413022517e-15 -1.428112456850622e-14 1 0 
1 3.6621271009505771 0 0 -1 
1 3.6013289918510538 0 0 -1 
1 6.2831853071795862 0 0 -1 
1 6.2831853071795862 -2 -1 0 
1 0 6.2831853071795862 1 0 
1 3.1415926535897931 0 0 -1 
1 0 0 0 -1 
1 3.1415926535897931 0 0 1 
1 3.1415926535897931 0 0 -1 
1 6.2831853071795862 -2 -1 0 
1 0 6.2831853071795862 1 0 
1 3.1415926535897931 0 0 1 
1 4.7123889803846897 0 0 -1 
1 6.2831853071795862 4.7123889803846915 -1 0 
1 4.7123889803846897 0 0 -1 
1 6.2831853071795862 4.7123889803846915 -1 0 
1 3.1415926535897931 6.2831853071795862 0 -1 
1 3.1415926535897931 0 1 0 
1 0 3.1415926535897949 0 1 
1 6.2831853071795862 0 -1 0 
1 6.2831853071795862 -6.3499999999999943 -1 0 
1 6.2831853071795862 3.1415926535897949 0 1 
1 3.1415926535897931 6.3499999999999943 1 0 
1 3.1415926535897931 6.2831853071795862 0 -1 
1 3.1415926535897931 -4.75 0 1 
1 3.1415926535897931 -4.75 0 1 
1 3.1415926535897931 -9.5 1 0 
1 3.5293427203068264 0 0 -1 
1 3.5293427203071728 0 0 -1 
1 3.1415926535897931 0 1 0 
1 0 0 0 -1 
1 6.2831853071795862 0 0 -1 
1 -3.1415926535897931 -9.5 1 0 
1 3.1415926535897931 0 0 -1 
1 3.1415926535897931 0 0 -1 
1 -3.1415926535897931 0 1 0 
1 1.5707963267948966 -80.000000000000099 0 -1 
1 -3.1415926535897931 0 1 0 
1 -1.3322676295501878e-15 0 1 0 
1 -3.1415926535897953 0 1 0 
1 3.1415926535897931 0 1 0 
1 3.1415926535897931 0 1 0 
1 1.5707963267948966 141.39999999999998 0 1 
1 3.1415926535897931 -9.5 1 0 
1 -3.1415926535897953 -9.5 1 0 
1 -1.3322676295501878e-15 -9.5 1 0 
1 -3.1415926535897931 -9.5 1 0 
1 3.1415926535897931 -9.5 1 0 
1 1.6115636112744347 0 0 -1 
1 1.7764582057555596 0 0 -1 
1 1.7764582057554275 0 0 -1 
1 2.652900463031326 0 0 -1 
1 2.652900463031326 0 0 -1 
1 3.5924545995889234 0 0 -1 
7 0 0  3 25 23  2.1886667828670165 -40.563878695838198  2.1947966994461181 -41.016403861065683  2.2070680633524882 -41.916386809489175  2.2255066379933779 -43.25039509806895  2.2439736895273583 -44.567668467066412  2.2624661255539609 -45.86745492243498  2.2809808309279158 -47.149015241743662  2.2995146668938866 -48.411625786551767  2.3180644752892148 -49.654579447882611  2.3366270814543353 -50.877187049276088  2.3551992975450653 -52.078778578277884  2.3737779257824605 -53.258704408839193  2.3923597617541326 -54.416336465205887  2.4109415977258024 -55.55106933497111  2.4295202259631998 -56.66232132378066  2.4480924420539281 -57.749535449306926  2.466655048219049 -58.812180368411383  2.4852048566143776 -59.849751242854069  2.5037386925803475 -60.861770508754674  2.5222533979543038 -61.847788666212843  2.5407458339809055 -62.807384642960614  2.5592128855148855 -63.740167387061334  2.5776514601557774 -64.645772503913349  2.5899228240621466 -65.231175509981085  2.5960527406412481 -65.519237776206296 
 5.3302594364568003 4 5.3487769799919924 1 5.3672945235271845 1 5.3858120670623775 1 5.4043296105975696 1 5.4228471541327616 1 5.4413646976679537 1 5.4598822412031458 1 5.4783997847383379 1 5.4969173282735309 1 5.5154348718087229 1 5.533952415343915 1 5.5524699588791071 1 5.5709875024142992 1 5.5895050459494922 1 5.6080225894846842 1 5.6265401330198763 1 5.6450576765550684 1 5.6635752200902605 1 5.6820927636254535 1 5.7006103071606455 1 5.7191278506958376 1 5.7376453942310297 4
1 3.1415926535898828 20.528821298806861 0 1 
7 0 0  3 25 23  2.6502308322970727 -52.197310811859097  2.6433841515985201 -51.962460770028287  2.629674677577031 -51.483181961395061  2.6090663806906997 -50.735839224490604  2.5884182297718028 -49.960368393273292  2.5677345273332115 -49.157119171999426  2.5470196156871774 -48.326475722821272  2.5262778784997679 -47.468861081655177  2.5055137334865885 -46.584735187070422  2.4847316273383733 -45.674594460673227  2.4639360299270074 -44.7389708148011  2.4431314286047572 -43.778430660605615  2.4223223224020334 -42.793573767822039  2.4015132161993096 -41.785032021872659  2.3807086148770589 -40.753468072676455  2.3599130174656935 -39.699573884431445  2.3391309113174792 -38.624069191231222  2.3183667663043002 -37.527699869729872  2.2976250291168898 -36.411236222368338  2.2769101174708548 -35.275471232093651  2.2562264150322648 -34.121218600118347  2.2355782641133692 -32.949311310582324  2.2149699672270362 -31.760597987884761  2.2012604932055471 -30.957497525213729  2.194413812506995 -30.553434888137701 
 0.49136182129273798 4 0.51208077673774099 1 0.53279973218274412 1 0.55351868762774714 1 0.57423764307275016 1 0.59495659851775318 1 0.61567555396275631 1 0.63639450940775932 1 0.65711346485276234 1 0.67783242029776547 1 0.69855137574276849 1 0.71927033118777151 1 0.73998928663277463 1 0.76070824207777754 1 0.78142719752278067 1 0.80214615296778369 1 0.82286510841278671 1 0.84358406385778983 1 0.86430301930279285 1 0.88502197474779587 1 0.905740930192799 1 0.92645988563780202 1 0.94717884108280503 4
7 0 0  3 25 23  2.194413812506983 -30.553434888137701  2.1851174499473598 -30.397314973325276  2.1664838921270149 -30.081247897338351  2.1384215155602648 -29.596128683089706  2.110257462675623 -29.100441215159474  2.0820024286119456 -28.594680612943417  2.0536672974895662 -28.079369578299229  2.0252631506362726 -27.555060959288827  1.9968012329417044 -27.022334755653088  1.9682929291520548 -26.481796363122292  1.9397497364045209 -25.93407425312143  1.9111832368668573 -25.379817591902743  1.882605069650938 -24.81969368756727  1.8540269024350187 -24.254385320756594  1.8254604028973529 -23.684587972101099  1.7969172101498212 -23.111006972245715  1.7684089063601725 -22.534354599385836  1.7399469886656027 -21.955347145376983  1.7115428418123109 -21.374701990992531  1.6832077106899317 -20.793134657677381  1.6549526766262541 -20.211356075284932  1.6267886237416131 -19.630069286551109  1.5987262471748631 -19.049968606379974  1.5800926893545193 -18.664476252856876  1.5707963267948966 -18.472153978134202 
 0.94717884108280503 4 0.97552509043335478 1 1.0038713397839045 1 1.0322175891344543 1 1.0605638384850042 1 1.088910087835554 1 1.1172563371861037 1 1.1456025865366535 1 1.1739488358872032 1 1.202295085237753 1 1.2306413345883027 1 1.2589875839388527 1 1.2873338332894024 1 1.3156800826399522 1 1.3440263319905019 1 1.3723725813410517 1 1.4007188306916014 1 1.4290650800421512 1 1.4574113293927011 1 1.4857575787432507 1 1.5141038280938006 1 1.5424500774443504 1 1.5707963267949001 4
7 0 0  3 25 23  1.5707963267948966 -18.773757251975894  1.5800097746112596 -19.120315380435731  1.5984764008243342 -19.814931395084816  1.6262853436922504 -20.860149136597421  1.6541931924557178 -21.907464111770288  1.6821895325720149 -22.955648097527956  1.7102637689978473 -24.003457720741196  1.7384051183647273 -25.049635919763517  1.7666026411541329 -26.092917667319728  1.7948452643540174 -27.132034712570082  1.8231218076937643 -28.165720696777957  1.8514210097657553 -29.192716227376017  1.8797315548309517 -30.21177396801161  1.9080420998961465 -31.221663674957732  1.936341301968139 -32.22117714416104  1.9646178453078851 -33.209133026445564  1.9928604685077702 -34.184381466772905  2.0210579912971753 -35.145808545560264  2.0491993406640554 -36.092340425571038  2.0772735770898882 -37.022947399264098  2.1052699172061855 -37.936646958901107  2.1331777659696534 -38.83250903165829  2.1609867088375676 -39.709651537878408  2.179453335050642 -40.281397427206578  2.1886667828670059 -40.563878695838198 
 4.7123889803846897 4 4.7404740011152402 1 4.7685590218457907 1 4.7966440425763412 1 4.8247290633068918 1 4.8528140840374423 1 4.8808991047679928 1 4.9089841254985433 1 4.9370691462290939 1 4.9651541669596444 1 4.9932391876901949 1 5.0213242084207454 1 5.0494092291512951 1 5.0774942498818456 1 5.1055792706123961 1 5.1336642913429467 1 5.1617493120734972 1 5.1898343328040477 1 5.2179193535345982 1 5.2460043742651488 1 5.2740893949956993 1 5.3021744157262498 1 5.3302594364568003 4
1 -3.1415926535897931 -80.000000000000099 1 0 
1 3.1415926535897931 -80.000000000000099 -1 0 
1 -3.1415926535897931 -80.000000000000099 1 0 
1 -3.1415926535897936 -80.000000000000099 1 0 
1 2.6210582062290211 0 0 -1 
7 0 0  3 25 23  2.6210582062290211 -69.168370842026889  2.6210582062306118 -69.108395834511512  2.6210328476072422 -68.988659622008271  2.6209156287444988 -68.809722895177785  2.6207161239916927 -68.63147994883569  2.6204312280866442 -68.453956956768181  2.6200578365826921 -68.277180147650554  2.6195928413248084 -68.101175545379476  2.6190331470878792 -67.925969938077145  2.6183756093438122 -67.751587261742245  2.6176172665241055 -67.578062096641858  2.6167544733824317 -67.405389298092956  2.6157861357133099 -67.233711976944903  2.6147016388419466 -67.062619946867059  2.6134899158195584 -66.892441950606226  2.6121493886428055 -66.724057605983418  2.6106760322521927 -66.558206752658961  2.6090661113611144 -66.395637467862173  2.6073171693587027 -66.237204656706041  2.6054190071389836 -66.082966892096366  2.6033590708451371 -65.933337042261684  2.6011218815564665 -65.788479479492707  2.5986952499841256 -65.649343997175862  2.5969541659827717 -65.561598611335896  2.5960527406412481 -65.519237776206296 
 3.4964469463373497e-18 4 0.00017722899096135744 1 0.00035445798192271135 1 0.00053168697288406527 1 0.00070891596384541923 1 0.0008861449548067732 1 0.0010633739457681271 1 0.001240602936729481 1 0.001417831927690835 1 0.001595060918652189 1 0.0017722899096135429 1 0.0019495189005748969 1 0.0021267478915362507 1 0.0023039768824976046 1 0.0024812058734589586 1 0.0026584348644203126 1 0.0028356638553816665 1 0.0030128928463430205 1 0.0031901218373043745 1 0.0033673508282657284 1 0.0035445798192270824 1 0.0037218088101884364 1 0.0038990378011497899 4
7 0 0  3 25 23  4.0575536483804289 1.8649576984929013  4.0457199294759576 1.9132978429560654  4.0220170609162169 2.0096308564154608  3.9863079510188681 2.1530503015784541  3.9503976503627007 2.2953514201389633  3.9142323163817201 2.4364959708493887  3.8777537338389285 2.5764456740979931  3.8408989511255025 2.7151623934008908  3.8036012824271177 2.8526074581269345  3.765789616423199 2.9887441911058983  3.727393558020577 3.1235284754716628  3.6883274885056498 3.2569439596801506  3.6485538339425392 3.3888706705954461  3.6078514776312374 3.5195753561271093  3.5661173927247019 3.648738167049792  3.5234225160725852 3.7756543303548362  3.4797811706298134 3.8997164042063353  3.4352006358668619 4.0203125458603468  3.3897076486711293 4.1367511850329972  3.343104652811653 4.2489430828926613  3.2952068790226372 4.3565030762998695  3.2457374566757284 4.45922560024687  3.1945592702684369 4.5563054869779682  3.1594110514204332 4.6163431643788222  3.1415926535897745 4.6449887269604488 
 3.4964469463373497e-18 4 0.00017722899096135744 1 0.00035445798192271135 1 0.00053168697288406527 1 0.00070891596384541923 1 0.0008861449548067732 1 0.0010633739457681271 1 0.001240602936729481 1 0.001417831927690835 1 0.001595060918652189 1 0.0017722899096135429 1 0.0019495189005748969 1 0.0021267478915362507 1 0.0023039768824976046 1 0.0024812058734589586 1 0.0026584348644203126 1 0.0028356638553816665 1 0.0030128928463430205 1 0.0031901218373043745 1 0.0033673508282657284 1 0.0035445798192270824 1 0.0037218088101884364 1 0.0038990378011497899 4
1 2.1886667828670165 0 0 -1 
1 2.1886667828670059 0 0 -1 
1 2.194413812506995 0 0 1 
1 2.194413812506983 0 0 1 
1 2.6818563153285555 0 0 -1 
7 0 0  3 25 23  2.6502308322970727 -52.197310811859097  2.6513793604811 -52.236707360631797  2.6535865966105496 -52.318116535119003  2.6566460280171427 -52.447555228282262  2.6594719873067447 -52.583793287199299  2.6620827305517154 -52.726313078191538  2.6644953217233414 -52.874567505865819  2.6667312207022875 -53.028119389687326  2.6687819603943232 -53.185975839525618  2.6706477930158679 -53.346737946819808  2.6723303184377736 -53.509127550597846  2.6738502825797621 -53.673633492115933  2.6752154647062496 -53.839952441062543  2.676438172640033 -54.008187163591685  2.6775242448790584 -54.178251887888727  2.6784779805036734 -54.349824071932645  2.6793040985199759 -54.522644476532363  2.6800071736325051 -54.696437421383784  2.6805919334599491 -54.870929687804214  2.6810626144384497 -55.045727874421715  2.6814225346156442 -55.220872588693275  2.6816751850831677 -55.396339668474745  2.6818240104568298 -55.572122312546135  2.6818563153259096 -55.689513467910274  2.6818563153285555 -55.748258037111597 
 0 4 0.00017454829608246728 1 0.00034909659216493457 1 0.00052364488824740182 1 0.00069819318432986913 1 0.00087274148041233644 1 0.0010472897764948036 1 0.0012218380725772711 1 0.0013963863686597383 1 0.0015709346647422055 1 0.0017454829608246729 1 0.0019200312569071401 1 0.0020945795529896073 1 0.0022691278490720745 1 0.0024436761451545421 1 0.0026182244412370093 1 0.0027927727373194765 1 0.0029673210334019437 1 0.0031418693294844109 1 0.0033164176255668786 1 0.0034909659216493458 1 0.003665514217731813 1 0.0038400625138142802 4
7 0 0  3 25 23  3.1415926535899019 21.17333548055754  3.1595749224897598 21.148586132535563  3.1948339272087662 21.096511505307816  3.2458642216601645 21.011165790866109  3.2953002082800316 20.919081665080842  3.3433864782319866 20.820749792140344  3.390330782120516 20.716678286200079  3.4363709606151267 20.60731015961553  3.4813556468274407 20.493376816226284  3.5251444125795022 20.375983531246519  3.5676125635042411 20.256145898275079  3.6090950136611002 20.133588227383225  3.6496694508343306 20.008591747455203  3.689511801073766 19.881137841966584  3.7287089964423892 19.751325608746537  3.7672895259677222 19.619436345827076  3.805291013738008 19.485702633976057  3.8427418916754159 19.350369722814687  3.8796661072466323 19.21368090381582  3.9160581250129334 19.075978435710894  3.9519896227158786 18.937250559469284  3.9875181648698494 18.797538297509011  4.0227018949820437 18.656868524643162  4.0459628586469245 18.562470791318024  4.0575536483804306 18.51512238605288 
 0 4 0.00017454829608246728 1 0.00034909659216493457 1 0.00052364488824740182 1 0.00069819318432986913 1 0.00087274148041233644 1 0.0010472897764948036 1 0.0012218380725772711 1 0.0013963863686597383 1 0.0015709346647422055 1 0.0017454829608246729 1 0.0019200312569071401 1 0.0020945795529896073 1 0.0022691278490720745 1 0.0024436761451545421 1 0.0026182244412370093 1 0.0027927727373194765 1 0.0029673210334019437 1 0.0031418693294844109 1 0.0033164176255668786 1 0.0034909659216493458 1 0.003665514217731813 1 0.0038400625138142802 4
1 4.0575536483805017 3.8786566112469192 -2.1337408641098199e-16 -1 
1 -3.1415926535897931 -46.396188737012125 1 2.2617277734851675e-15 
1 6.2831853071795862 0.08546967665966293 -1 -4.6383089104676283e-16 
1 3.1415926535897927 7.1054273576010019e-15 0 1 
1 3.1415926535897927 7.1054273576010019e-15 0 1 
1 -3.1415926535897931 -4.852475649113831e-15 1 1.5445909715790393e-15 
1 9.4247779607693793 -1.8613010086112937e-14 -1 7.4692960936273962e-15 
1 0 2.8421709430404007e-14 0 1 
1 6.2831853071795862 2.8421709430404007e-14 0 1 
1 3.1415926535897922 -1.074140776324839e-14 0 1 
1 3.1415926535897922 -1.074140776324839e-14 0 1 
1 6.2831853071795862 1.5707963267949194 -1 -5.4422824549486839e-15 
1 0 -3.7331249203020889e-15 0 1 
1 6.2831853071795862 -3.7331249203020889e-15 0 1 
1 -3.1415926535897931 -30.41503629690348 1 -3.3925916602277511e-15 
1 3.1415926535897896 -2.4868995751603507e-14 0 1 
1 3.1415926535897896 -2.4868995751603507e-14 1.4600975830342006e-17 1 
1 -3.1415926535897931 -8.6369115853450192e-15 1 1.5709796249775064e-15 
1 6.2831853071795862 3.3161255787891957 -1 0 
1 0 -3.1974423109204508e-14 0 1 
1 6.2831853071795862 -3.1974423109204508e-14 0 1 
1 6.2831853071795862 1.3322676295501878e-15 0 1 
1 0 1.3322676295501878e-15 0 1 
1 6.2831853071795862 4.7123889803846915 -1 -8.4814791505693778e-16 
1 3.1415926535897847 1.7763568394002505e-15 9.5416640443902616e-16 1 
1 3.1415926535897847 1.7763568394002505e-15 9.5416640443902616e-16 1 
1 6.2831853071795862 3.3161255787891961 -1 -1.4135798584282297e-16 
1 3.1415926535897931 6.1692225609607277e-15 1 -3.1419592499550129e-15 
1 6.2831853071795862 -1.4210854715202004e-14 0 1 
1 0 -1.4210854715202004e-14 0 1 
1 6.2831853071795862 6.2308254296197489 -1 2.8271597168564594e-16 
1 6.2831853071795862 -24.38013124741282 -1 -2.2617277734851675e-15 
1 3.1415926535897993 -1.865174681370263e-14 -5.849295965909869e-16 1 
1 3.1415926535897993 -1.865174681370263e-14 -5.849295965909869e-16 1 
1 6.2831853071795862 4.7123889803846923 -1 -1.4135798584282298e-15 
1 6.2831853071795862 1.4210854715202004e-14 0 1 
1 0 1.4210854715202004e-14 0 1 
1 6.2831853071795862 4.4624320232981129e-15 -1 -4.734787431463084e-16 
1 3.1415926535897905 -2.1316282072803006e-14 0 1 
1 3.1415926535897905 -2.1316282072803006e-14 0 1 
1 3.1415926535897931 -46.39618873701211 -1 -9.0469110939406702e-15 
1 0 0.08546967665965767 1 1.8023143194959927e-15 
1 3.1415926535897931 2.1316282072803006e-14 0 1 
1 3.1415926535897931 2.1316282072803006e-14 0 1 
1 3.1415926535897931 2.83179613843406e-14 -1 -7.4692960936273962e-15 
1 3.1415926535897931 4.852475649113831e-15 1 -1.5445909715790393e-15 
1 0 3.5527136788005009e-14 0 1 
1 6.2831853071795862 3.5527136788005009e-14 0 1 
1 3.141592653589794 -3.1415926535898051 0 1 
1 3.141592653589794 -3.1415926535898051 0 1 
1 0 1.570796326794891 1 0 
1 0 -3.1415926535898016 0 1 
1 6.2831853071795862 -3.1415926535898016 0 1 
1 0 -1.4210854715202004e-14 0 -1 
1 6.2831853071795862 -1.4210854715202004e-14 0 -1 
1 6.2831853071795862 0.2232591441899956 -1 0 
1 3.1415926535898215 -1.4210854715202004e-14 0 -1 
1 3.1415926535898215 -1.4210854715202004e-14 0 -1 
1 6.2831853071795862 108.18325914419029 -1 0 
1 6.2831853071795862 3.1415926535897789 0 1 
1 0 3.1415926535897789 0 1 
1 0 6.2308254296197498 1 0 
1 0 -24.380131247412514 1 1.1308638867425838e-15 
1 3.1415926535897887 3.1415926535897745 5.8492959659098621e-16 1 
1 3.1415926535897887 3.1415926535897745 5.8492959659098621e-16 1 
1 0 4.7123889803846835 1 1.4135798584282298e-15 
7 0 0  3 25 23  6.2831853071795862 -24.380131247412532  6.2831853071795862 -24.010735319421428  6.2831853071795862 -23.271943463439229  6.2831853071795862 -22.163755679465929  6.2831853071795862 -21.055567895492633  6.2831853071795862 -19.947380111519333  6.2831853071795862 -18.839192327546044  6.2831853071795862 -17.731004543572741  6.2831853071795862 -16.622816759599452  6.2831853071795862 -15.514628975626149  6.2831853071795862 -14.406441191652851  6.2831853071795862 -13.298253407679555  6.2831853071795862 -12.190065623706261  6.2831853071795862 -11.081877839732961  6.2831853071795862 -9.9736900557596684  6.2831853071795862 -8.8655022717863634  6.2831853071795862 -7.7573144878130735  6.2831853071795862 -6.6491267038397783  6.2831853071795862 -5.5409389198664796  6.2831853071795862 -4.4327511358931764  6.2831853071795862 -3.3245633519198892  6.2831853071795862 -2.216375567946586  6.2831853071795862 -1.1081877839732901  6.2831853071795862 -0.36939592799109444  6.2831853071795862 2.0265652184925643e-15 
 -24.380131247412528 4 -23.271943463439232 1 -22.163755679465936 1 -21.055567895492636 1 -19.94738011151934 1 -18.839192327546044 1 -17.731004543572748 1 -16.622816759599452 1 -15.514628975626154 1 -14.406441191652858 1 -13.29825340767956 1 -12.190065623706264 1 -11.081877839732968 1 -9.9736900557596702 1 -8.8655022717863741 1 -7.7573144878130762 1 -6.6491267038397801 1 -5.540938919866484 1 -4.4327511358931879 1 -3.3245633519198883 1 -2.2163755679465922 1 -1.1081877839732961 1 0 4
1 0 3.5527136788005009e-15 0 1 
1 0 2.9749546821987418e-15 1 0 
1 3.1415926535897958 -2.1316282072803006e-14 0 1 
1 3.1415926535897958 -2.1316282072803006e-14 0 1 
1 3.1415926535897931 -30.415036296904191 -1 -3.3925916602277511e-15 
1 3.1415926535897967 -1.0658141036401503e-14 -1.4600975830341673e-17 1 
1 3.1415926535897967 -1.0658141036401503e-14 -1.4600975830341673e-17 1 
1 3.1415926535897931 1.110460060972931e-14 -1 -7.6953738123265113e-15 
1 0 3.3161255787892459 1 -3.077492469943274e-16 
7 0 0  3 25 23  1.7059917351885647 -19.736819205049521  1.7058727304890284 -19.437781118260684  1.7056353513088609 -18.839704499030102  1.7052811583971177 -17.942588243828201  1.7049288264848543 -17.045470672916384  1.7045783409259276 -16.148351796788749  1.7042296872112053 -15.251231625842843  1.7038828509863806 -14.35411017036586  1.7035378180447351 -13.456987440540258  1.7031945743266572 -12.559863446443943  1.7028531059173662 -11.662738198052189  1.7025133990451797 -10.765611705238479  1.7021754400796441 -9.8684839777762363  1.7018392155297706 -8.9713550253396956  1.7015047120422342 -8.0742248575056621  1.7011719163996704 -7.1770934837540112  1.7008408155189128 -6.2799609134699388  1.7005113964493601 -5.382827155944212  1.7001836463712101 -4.4856922203751273  1.6998575525941286 -3.5885561158687325  1.6995331025545217 -2.6914188514414366  1.6992102838180732 -1.794280436018157  1.698889084062762 -0.89714087844386681  1.6986760221108472 -0.29904708444417344  1.6985697569058307 -8.7602960365642341e-14 
 0.043401310392517503 4 0.044298674859404273 1 0.04519603932629105 1 0.04609340379317782 1 0.04699076826006459 1 0.047888132726951367 1 0.048785497193838137 1 0.049682861660724914 1 0.050580226127611684 1 0.051477590594498454 1 0.052374955061385231 1 0.053272319528272001 1 0.054169683995158771 1 0.055067048462045548 1 0.055964412928932318 1 0.056861777395819088 1 0.057759141862705865 1 0.058656506329592635 1 0.059553870796479405 1 0.060451235263366182 1 0.061348599730252952 1 0.062245964197139722 1 0.063143328664026499 4
1 4.4408920985006262e-16 -19.736819205049464 1 -1.3139180246623139e-14 
7 0 0  3 25 23  1.4356009184012266 -19.736819205049446  1.4357199231007625 -19.43778111826061  1.4359573022809304 -18.839704499030042  1.436311495192673 -17.942588243828169  1.4366638271049361 -17.045470672916355  1.4370143126638639 -16.148351796788738  1.4373629663785856 -15.251231625842843  1.4377098026034105 -14.35411017036588  1.438054835545054 -13.456987440540283  1.4383980792631323 -12.559863446443973  1.4387395476724218 -11.662738198052217  1.4390792545446105 -10.765611705238511  1.4394172135101433 -9.8684839777762559  1.4397534380600181 -8.9713550253397223  1.4400879415475503 -8.0742248575056674  1.4404207371901174 -7.1770934837540041  1.440751838070877 -6.2799609134699361  1.4410812571404301 -5.3828271559441863  1.4414090072185775 -4.4856922203750829  1.4417351009956605 -3.5885561158686703  1.4420595510352687 -2.6914188514413753  1.4423823697717224 -1.7942804360180498  1.4427035695270281 -0.89714087844374968  1.4429166314789448 -0.29904708444403438  1.4430228966839644 6.9095292682760154e-14 
 0.043401310392517503 4 0.044298674859404273 1 0.04519603932629105 1 0.04609340379317782 1 0.04699076826006459 1 0.047888132726951367 1 0.048785497193838137 1 0.049682861660724914 1 0.050580226127611684 1 0.051477590594498454 1 0.052374955061385231 1 0.053272319528272001 1 0.054169683995158771 1 0.055067048462045548 1 0.055964412928932318 1 0.056861777395819088 1 0.057759141862705865 1 0.058656506329592635 1 0.059553870796479405 1 0.060451235263366182 1 0.061348599730252952 1 0.062245964197139722 1 0.063143328664026499 4
1 3.141592653589794 1.5975824609192447e-14 -1 -9.4054568817323892e-15 
1 -6.6613381477509392e-16 3.3161255787892463 1 -6.1549849398865411e-16 
1 0 -3.5527136788005009e-14 0 1 
1 6.2831853071795862 -3.5527136788005009e-14 0 1 
1 6.2831853071795862 3.1415926535897958 0 1 
1 0 3.1415926535897958 0 1 
1 0 4.7123889803846861 1 8.4814791505693778e-16 
1 3.1415926535897984 3.1415926535897949 -9.5416640443905949e-16 1 
1 3.1415926535897984 3.1415926535897949 -9.5416640443905949e-16 1 
1 0 3.3161255787892436 1 2.8271597168564594e-16 
1 9.4247779607693793 -3.3313801829187932e-14 -1 6.2839184999100265e-15 
1 0 4.7123889803846915 1 -8.4814791505693778e-16 
7 0 0  3 25 23  1.4430228966839624 3.316125578789241  1.4430546684601964 3.3205961467057739  1.4431205700831791 3.3295360880478722  1.4432264658348803 3.3429448270997164  1.4433393751905164 3.3563548173105251  1.4434592643031978 3.3697684351701946  1.443586101058383 3.3831882661116608  1.4437198370789524 3.3966161239767207  1.4438606271313743 3.4100673201802887  1.4440082319665304 3.423528352630079  1.4441624659513785 3.436989634924339  1.444323126440211 3.4504407620819419  1.4444900219986216 3.4638706409329418  1.4446629312535515 3.4772718262058016  1.4448417619824292 3.4906496889039871  1.4450264493204059 3.5040059014273592  1.4452169194697306 3.5173431221335472  1.4454130994916921 3.5306637366537563  1.4456149147516923 3.5439701917868827  1.4458222896704578 3.5572649026546759  1.4460351475984343 3.5705502745172959  1.4462534108918395 3.5838286929245555  1.4464770010588903 3.5971025260585354  1.4466295593020333 3.6059502487708515  1.4467066997336091 3.6103741261733089 
 0.122983968906886 4 0.12324981746352213 1 0.12351566602015827 1 0.12378151457679441 1 0.12404736313343054 1 0.12431321169006668 1 0.12457906024670282 1 0.12484490880333896 1 0.12511075735997509 1 0.12537660591661123 1 0.12564245447324737 1 0.12590830302988351 1 0.12617415158651965 1 0.12644000014315579 1 0.12670584869979193 1 0.12697169725642804 1 0.12723754581306418 1 0.12750339436970032 1 0.12776924292633646 1 0.1280350914829726 1 0.12830094003960874 1 0.12856678859624487 1 0.12883263715288101 4
1 -3.141592653589794 3.610374126173324 1 -1.7893889294660254e-15 
7 0 0  3 25 23  1.6985697569058289 3.316125578789249  1.6985379851295961 3.3205961467057814  1.6984720835066134 3.3295360880478801  1.6983661877549117 3.3429448270997231  1.6982532783992812 3.3563548173105273  1.6981333892865977 3.3697684351701955  1.6980065525314136 3.3831882661116608  1.6978728165108452 3.3966161239767265  1.697732026458419 3.4100673201802971  1.6975844216232647 3.423528352630091  1.6974301876384195 3.4369896349243518  1.6972695271495895 3.4504407620819535  1.6971026315911748 3.4638706409329525  1.6969297223362485 3.4772718262058104  1.696750891607369 3.4906496889039942  1.696566204269393 3.504005901427365  1.6963757341200674 3.5173431221335525  1.6961795540981037 3.5306637366537594  1.6959777388381032 3.543970191786884  1.6957703639193356 3.5572649026546781  1.6955575059913606 3.5705502745172972  1.6953392426979517 3.5838286929245551  1.6951156525309039 3.5971025260585368  1.6949630942877592 3.6059502487708519  1.6948859538561807 3.6103741261733089 
 0.122983968906886 4 0.12324981746352213 1 0.12351566602015827 1 0.12378151457679441 1 0.12404736313343054 1 0.12431321169006668 1 0.12457906024670282 1 0.12484490880333896 1 0.12511075735997509 1 0.12537660591661123 1 0.12564245447324737 1 0.12590830302988351 1 0.12617415158651965 1 0.12644000014315579 1 0.12670584869979193 1 0.12697169725642804 1 0.12723754581306418 1 0.12750339436970032 1 0.12776924292633646 1 0.1280350914829726 1 0.12830094003960874 1 0.12856678859624487 1 0.12883263715288101 4
1 9.4247779607693793 -30.415036296904212 -1 3.3925916602277511e-15 
1 0 4.7123889803846923 1 -1.4135798584282298e-15 
1 1.5987211554602254e-14 0.99999999999999711 1 0 
1 1.4210854715202004e-14 0.99999999999999711 1 0 
1 -2.7533531010703882e-14 0.99999999999999711 1 0 
1 8.8817841970012523e-16 0.99999999999999711 1 0 
1 -1.865174681370263e-14 0.99999999999999711 1 0 
1 -2.2204460492503131e-15 0.99999999999999711 1 0 
1 2.6645352591003757e-15 0.99999999999999711 1 0 
1 2.2648549702353193e-14 0.99999999999999711 1 0 
1 -1.1565505887248738e-14 0.99999999999999711 1 0 
1 7.1054273576010019e-15 0.99999999999999711 1 0 
1 0 0.99999999999999711 1 0 
1 -1.7763568394002505e-14 0.99999999999999711 1 0 
1 7.1054273576010019e-15 0.99999999999999711 1 0 
1 -3.5527136788005009e-15 0.99999999999999711 1 0 
1 2.1316282072803006e-14 0.99999999999999711 1 0 
1 -1.7763568394002505e-14 0.99999999999999711 1 0 
1 7.1054273576010019e-15 0.99999999999999711 1 0 
1 0 0.99999999999999711 1 0 
1 -3.5527136788005009e-15 0.99999999999999711 1 0 
1 0 0.99999999999999711 1 0 
1 -8.1712414612411521e-14 0.99999999999999711 1 0 
1 1.4210854715202004e-14 0.99999999999999711 1 0 
1 -5.3290705182007514e-15 0.99999999999999711 1 0 
1 1.7763568394002505e-15 0.99999999999999711 1 0 
1 -3.3750779948604759e-14 0.99999999999999711 1 0 
1 -3.5527136788005009e-15 0.99999999999999711 1 0 
1 2.1316282072803006e-14 0.99999999999999711 1 0 
1 3.5527136788005009e-15 0.99999999999999711 1 0 
1 9.4146912488213275e-14 0.99999999999999711 1 0 
1 -1.1546319456101628e-14 0.99999999999999711 1 0 
1 3.3750779948604759e-14 0.99999999999999711 1 0 
1 2.6645352591003757e-14 0.99999999999999711 1 0 
1 1.7763568394002505e-14 0.99999999999999711 1 0 
1 -1.7541523789077473e-14 0.99999999999999711 1 0 
1 -2.1760371282653068e-14 0.99999999999999711 1 0 
1 -1.8990209496731778e-15 0.99999999999999711 1 0 
1 -1.3322676295501878e-14 0.99999999999999711 1 0 
1 1.0658141036401503e-14 0.99999999999999711 1 0 
1 -1.8990358868630361e-14 0.99999999999999711 1 0 
1 2.2204460492503131e-16 0.99999999999999711 1 0 
1 -2.2204460492503131e-15 0.99999999999999711 1 0 
1 -8.8817841970012523e-16 0.99999999999999711 1 0 
1 -4.4408920985006262e-15 0.99999999999999711 1 0 
1 -2.6645352591003757e-15 0.99999999999999711 1 0 
1 -1.4210854715202004e-14 0.99999999999999711 1 0 
1 8.8817841970012523e-16 0.99999999999999711 1 0 
1 -1.4210854715202004e-14 1.0000000000000131 1 -3.9968028886505036e-15 
1 6.2172489379008766e-15 0.99999999999999711 1 0 
1 -3.9301895071730542e-14 0.99999999999999711 1 0 
1 -5.1570034924087585e-15 0.99999999999999711 1 0 
1 1.3957686281676807e-14 0.99999999999999711 1 0 
1 -3.5527136788005009e-15 0.99999999999999711 1 0 
1 -8.8817841970012523e-16 0.9999999999999738 1 3.3306690738756057e-15 
1 -1.7763568394002505e-14 0.99999999999999711 1 0 
1 3.5527136788005009e-15 0.99999999999999711 1 0 
1 2.6645352591003757e-15 0.99999999999999711 1 0 
1 -8.8817841970012523e-16 0.99999999999999711 1 0 
1 1.6875389974302379e-14 0.99999999999999711 1 0 
1 5.5067062021407764e-14 0.99999999999999711 1 0 
1 0 1.570796326794891 1 0 
1 0 4.4624320232981129e-15 1 -4.734787431463084e-16 
1 0 -24.380131247412507 1 -1.1308638867425838e-15 
1 0 6.2308254296197498 1 0 
1 6.2831853071795862 0.2232591441899956 -1 0 
1 6.2831853071795862 108.18325914419029 -1 0 
1 0 0.085469676659668509 1 -1.6477040224804053e-15 
1 9.4247779607693793 -46.39618873701216 -1 6.7851833204555022e-15 
1 6.2831853071795862 1.5707963267948795 -1 7.2799362709053824e-15 
1 6.2831853071795862 2.9749546821987418e-15 -1 0 
1 6.2831853071795862 -24.380131247412834 -1 2.2617277734851675e-15 
1 6.2831853071795862 6.2308254296197507 -1 -2.8271597168564594e-16 
1 6.2831853071795862 4.7123889803846835 -1 1.4135798584282298e-15 
1 6.2831853071795862 4.7123889803846861 -1 8.4814791505693778e-16 
1 3.1415926535897931 -30.415036296903502 1 3.3925916602277511e-15 
1 6.2831853071795862 0.085469676659660015 -1 4.6383089104676283e-16 
1 3.1415926535897931 -46.39618873701211 1 -2.2617277734851675e-15 
7 0 0  1 2 2  6.9999999999999867 3.6126294013574811e-15  6.9999999999999867 0.99999999999999711 
 0 2 2 2
7 0 0  1 2 2  9.0000000000000036 3.6126294013574811e-15  9 0.99999999999999711 
 0 2 2 2
1 -1.3322676295501878e-14 3.6126294013574811e-15 1 0 
7 0 0  1 2 2  8.0000000000000018 3.6126294013574811e-15  8.0000000000000018 0.99999999999999711 
 0 2 2 2
7 0 0  1 2 2  4.9999999999999973 3.6126294013574811e-15  4.9999999999999973 0.99999999999999711 
 0 2 2 2
1 -2.6645352591003757e-15 3.6126294013574811e-15 1 0 
7 0 0  1 2 2  6 3.6126294013574811e-15  6 0.99999999999999711 
 0 2 2 2
7 0 0  1 2 2  3.9999999999999956 3.6126294013574811e-15  3.9999999999999956 0.99999999999999711 
 0 2 2 2
1 -4.4408920985006262e-15 3.6126294013574811e-15 1 0 
7 0 0  1 2 2  4.9999999999999893 3.6126294013574811e-15  4.9999999999999893 0.99999999999999711 
 0 2 2 2
7 0 0  1 2 2  2.9999999999999991 3.6126294013574811e-15  2.9999999999999991 0.99999999999999711 
 0 2 2 2
1 -8.8817841970012523e-16 3.6126294013574811e-15 1 0 
7 0 0  1 2 2  4.0000000000000009 3.6126294013574811e-15  4.0000000000000009 0.99999999999999711 
 0 2 2 2
7 0 0  1 2 2  1.9999999999999978 3.6126294013574811e-15  1.9999999999999978 0.99999999999999711 
 0 2 2 2
1 -3.3306690738754696e-15 3.6126294013574811e-15 1 0 
7 0 0  1 2 2  2.9999999999999996 3.6126294013574811e-15  3.0000000000000004 0.99999999999999711 
 0 2 2 2
7 0 0  1 2 2  1.0000000000000002 3.6126294013574811e-15  1.0000000000000002 0.99999999999999711 
 0 2 2 2
1 2.2204460492503131e-16 3.6126294013574811e-15 1 0 
7 0 0  1 2 2  1.9999999999999998 3.6126294013574811e-15  1.9999999999999998 0.99999999999999711 
 0 2 2 2
7 0 0  1 2 2  -1.8990358868630361e-14 3.6126294013574811e-15  -1.8990358868630361e-14 0.99999999999999711 
 0 2 2 2
1 -1.8990358868630361e-14 3.6126294013574811e-15 1 0 
7 0 0  1 2 2  0.99999999999998701 3.6126294013574811e-15  0.99999999999998701 0.99999999999999711 
 0 2 2 2
7 0 0  1 2 2  8.0000000000000107 3.6126294013574811e-15  8.0000000000000107 0.99999999999999711 
 0 2 2 2
1 -1.7763568394002505e-15 3.6126294013574811e-15 1 0 
7 0 0  1 2 2  26.000000000000007 3.6126294013574811e-15  26.000000000000007 0.99999999999999711 
 0 2 2 2
7 0 0  1 2 2  25.999999999999996 3.6126294013574811e-15  26 0.99999999999999711 
 0 2 2 2
1 7.1054273576010019e-15 3.6126294013574811e-15 1 0 
7 0 0  1 2 2  27.000000000000018 3.6126294013574811e-15  27.000000000000018 0.99999999999999711 
 0 2 2 2
7 0 0  1 2 2  -1.8990209496731778e-15 3.6126294013574811e-15  -1.8990209496731778e-15 0.99999999999999711 
 0 2 2 2
1 -7.889801699557054e-15 3.6126294013574811e-15 1 0 
7 0 0  1 2 2  0.99999999999999634 3.6126294013574811e-15  0.99999999999999634 0.99999999999999711 
 0 2 2 2
7 0 0  1 2 2  0.99999999999997824 3.6126294013574811e-15  0.99999999999997824 0.99999999999999711 
 0 2 2 2
1 -2.1760371282653068e-14 3.6126294013574811e-15 1 0 
7 0 0  1 2 2  1.9999999999999665 3.6126294013574811e-15  1.9999999999999583 0.99999999999999711 
 0 2 2 2
7 0 0  1 2 2  1.9999999999999825 3.6126294013574811e-15  1.9999999999999825 0.99999999999999711 
 0 2 2 2
1 -1.7541523789077473e-14 3.6126294013574811e-15 1 0 
7 0 0  1 2 2  2.9999999999999809 3.6126294013574811e-15  2.9999999999999809 0.99999999999999711 
 0 2 2 2
7 0 0  1 2 2  3.0000000000000178 3.6126294013574811e-15  3.0000000000000178 0.99999999999999711 
 0 2 2 2
1 9.7699626167013776e-15 3.6126294013574811e-15 1 0 
7 0 0  1 2 2  3.9999999999999485 3.6126294013574811e-15  4.0000000000000346 0.99999999999999711 
 0 2 2 2
7 0 0  1 2 2  4.0000000000000266 3.6126294013574811e-15  4.0000000000000266 0.99999999999999711 
 0 2 2 2
1 2.6645352591003757e-14 3.6126294013574811e-15 1 0 
7 0 0  1 2 2  4.9612342762521635 3.6126294013574811e-15  4.9612342762521635 0.99999999999999711 
 0 2 2 2
7 0 0  1 2 2  5.0530745328242634 3.6126294013574811e-15  5.0530745328242634 0.99999999999999711 
 0 2 2 2
1 9.8587804586713901e-14 3.6126294013574811e-15 1 0 
7 0 0  1 2 2  5.99999999999996 3.6126294013574811e-15  5.99999999999996 0.99999999999999711 
 0 2 2 2
7 0 0  1 2 2  5.9999999999999885 3.6126294013574811e-15  5.9999999999999885 0.99999999999999711 
 0 2 2 2
1 -1.1546319456101628e-14 3.6126294013574811e-15 1 0 
7 0 0  1 2 2  6.9999999999999964 3.6126294013574811e-15  6.9999999999999512 0.99999999999999711 
 0 2 2 2
7 0 0  1 2 2  7.0000000000000941 3.6126294013574811e-15  7.0000000000000941 0.99999999999999711 
 0 2 2 2
1 8.9706020389712648e-14 3.6126294013574811e-15 1 0 
7 0 0  1 2 2  8.0000000000000107 3.6126294013574811e-15  8.0000000000000036 0.99999999999999711 
 0 2 2 2
7 0 0  1 2 2  8.0000000000000036 3.6126294013574811e-15  8.0000000000000036 0.99999999999999711 
 0 2 2 2
1 -4.4408920985006262e-15 3.6126294013574811e-15 1 0 
7 0 0  1 2 2  9.0000000000000036 3.6126294013574811e-15  8.9999999999999964 0.99999999999999711 
 0 2 2 2
7 0 0  1 2 2  9.0000000000000213 3.6126294013574811e-15  9.0000000000000213 0.99999999999999711 
 0 2 2 2
1 7.1054273576010019e-15 3.6126294013574811e-15 1 0 
7 0 0  1 2 2  10.000000000000009 3.6126294013574811e-15  10.000000000000018 0.99999999999999711 
 0 2 2 2
7 0 0  1 2 2  9.9999999999999964 3.6126294013574811e-15  9.9999999999999964 0.99999999999999711 
 0 2 2 2
1 0 3.6126294013574811e-15 1 0 
7 0 0  1 2 2  11.000000000000002 3.6126294013574811e-15  11.000000000000002 0.99999999999999711 
 0 2 2 2
7 0 0  1 2 2  10.999999999999966 3.6126294013574811e-15  10.999999999999966 0.99999999999999711 
 0 2 2 2
1 -3.3750779948604759e-14 3.6126294013574811e-15 1 0 
7 0 0  1 2 2  12.000000000000568 3.6126294013574811e-15  12.000000000001087 0.99999999999999711 
 0 2 2 2
7 0 0  1 2 2  12.000000000000002 3.6126294013574811e-15  12.000000000000002 0.99999999999999711 
 0 2 2 2
1 -5.3290705182007514e-15 3.6126294013574811e-15 1 0 
7 0 0  1 2 2  12.999999999999936 3.6126294013574811e-15  13 0.99999999999999711 
 0 2 2 2
7 0 0  1 2 2  12.999999999999995 3.6126294013574811e-15  12.999999999999995 0.99999999999999711 
 0 2 2 2
1 -5.3290705182007514e-15 3.6126294013574811e-15 1 0 
7 0 0  1 2 2  13.999999999999984 3.6126294013574811e-15  13.999999999999984 0.99999999999999711 
 0 2 2 2
7 0 0  1 2 2  14.000000000000014 3.6126294013574811e-15  14.000000000000014 0.99999999999999711 
 0 2 2 2
1 1.4210854715202004e-14 3.6126294013574811e-15 1 0 
7 0 0  1 2 2  15.000000000000048 3.6126294013574811e-15  15.000000000000048 0.99999999999999711 
 0 2 2 2
7 0 0  1 2 2  14.999999999999918 3.6126294013574811e-15  14.999999999999918 0.99999999999999711 
 0 2 2 2
1 -3.3750779948604759e-14 3.6126294013574811e-15 1 0 
7 0 0  1 2 2  16.000000000000011 3.6126294013574811e-15  16.000000000000004 0.99999999999999711 
 0 2 2 2
7 0 0  1 2 2  16 3.6126294013574811e-15  16 0.99999999999999711 
 0 2 2 2
1 3.5527136788005009e-15 3.6126294013574811e-15 1 0 
7 0 0  1 2 2  17.000000000000007 3.6126294013574811e-15  17.000000000000007 0.99999999999999711 
 0 2 2 2
7 0 0  1 2 2  16.999999999999996 3.6126294013574811e-15  16.999999999999996 0.99999999999999711 
 0 2 2 2
1 1.7763568394002505e-14 3.6126294013574811e-15 1 0 
7 0 0  1 2 2  18.000000000000064 3.6126294013574811e-15  18.000000000000064 0.99999999999999711 
 0 2 2 2
7 0 0  1 2 2  18 3.6126294013574811e-15  18 0.99999999999999711 
 0 2 2 2
1 0 3.6126294013574811e-15 1 0 
7 0 0  1 2 2  19.000000000000004 3.6126294013574811e-15  19.000000000000004 0.99999999999999711 
 0 2 2 2
7 0 0  1 2 2  19.000000000000007 3.6126294013574811e-15  19.000000000000007 0.99999999999999711 
 0 2 2 2
1 7.1054273576010019e-15 3.6126294013574811e-15 1 0 
7 0 0  1 2 2  20.000000000000043 3.6126294013574811e-15  20.000000000000043 0.99999999999999711 
 0 2 2 2
7 0 0  1 2 2  19.999999999999982 3.6126294013574811e-15  19.999999999999982 0.99999999999999711 
 0 2 2 2
1 7.1054273576010019e-15 3.6126294013574811e-15 1 0 
7 0 0  1 2 2  20.999999999999996 3.6126294013574811e-15  20.999999999999993 0.99999999999999711 
 0 2 2 2
7 0 0  1 2 2  21.000000000000021 3.6126294013574811e-15  21.000000000000021 0.99999999999999711 
 0 2 2 2
1 3.5527136788005009e-14 3.6126294013574811e-15 1 0 
7 0 0  1 2 2  22.000000000000032 3.6126294013574811e-15  22.000000000000014 0.99999999999999711 
 0 2 2 2
7 0 0  1 2 2  21.999999999999996 3.6126294013574811e-15  21.999999999999996 0.99999999999999711 
 0 2 2 2
1 -3.1974423109204508e-14 3.6126294013574811e-15 1 0 
7 0 0  1 2 2  22.999999999999993 3.6126294013574811e-15  22.999999999999993 0.99999999999999711 
 0 2 2 2
7 0 0  1 2 2  23.000000000000007 3.6126294013574811e-15  23.000000000000007 0.99999999999999711 
 0 2 2 2
1 7.1054273576010019e-15 3.6126294013574811e-15 1 0 
7 0 0  1 2 2  24.000000000000007 3.6126294013574811e-15  24.000000000000007 0.99999999999999711 
 0 2 2 2
7 0 0  1 2 2  23.999999999999982 3.6126294013574811e-15  23.999999999999982 0.99999999999999711 
 0 2 2 2
1 -1.7763568394002505e-14 3.6126294013574811e-15 1 0 
7 0 0  1 2 2  24.999999999999975 3.6126294013574811e-15  25.000000000000007 0.99999999999999711 
 0 2 2 2
7 0 0  1 2 2  25 3.6126294013574811e-15  25 0.99999999999999711 
 0 2 2 2
1 -3.5527136788005009e-15 3.6126294013574811e-15 1 0 
7 0 0  1 2 2  4.9999999999999858 3.6126294013574811e-15  4.9999999999999858 0.99999999999999711 
 0 2 2 2
7 0 0  1 2 2  5.0000000000000027 3.6126294013574811e-15  5.0000000000000027 0.99999999999999711 
 0 2 2 2
1 -1.6875389974302379e-14 3.6126294013574811e-15 1 0 
7 0 0  1 2 2  5.999999999999992 3.6126294013574811e-15  5.9999999999999778 0.99999999999999711 
 0 2 2 2
7 0 0  1 2 2  -5.1570034924087585e-15 3.6126294013574811e-15  -5.1570034924087585e-15 0.99999999999999711 
 0 2 2 2
1 -1.0507767268306802e-14 3.6126294013574811e-15 1 0 
7 0 0  1 2 2  1.0000000000001645 3.6126294013574811e-15  1.0000000000001645 0.99999999999999711 
 0 2 2 2
7 0 0  1 2 2  0.9999999999999607 3.6126294013574811e-15  0.9999999999999607 0.99999999999999711 
 0 2 2 2
1 -3.9301895071730542e-14 3.6126294013574811e-15 1 0 
7 0 0  1 2 2  1.999999999999919 3.6126294013574811e-15  1.9999999999999047 0.99999999999999711 
 0 2 2 2
7 0 0  1 2 2  2.0000000000000062 3.6126294013574811e-15  2.0000000000000062 0.99999999999999711 
 0 2 2 2
1 6.2172489379008766e-15 3.6126294013574811e-15 1 0 
7 0 0  1 2 2  2.9999999999999245 3.6126294013574811e-15  3.0000000000000155 0.99999999999999711 
 0 2 2 2
7 0 0  1 2 2  2.9999999999999858 -3.3947725273236751e-16  2.9999999999999858 1.0000000000000011 
 0 2 2 2
1 -8.2600593032111647e-14 -1.2195797215000913e-14 1 3.9521066540895149e-15 
7 0 0  1 2 2  4.0000000000000009 3.6126294013574811e-15  4.0000000000000018 0.99999999999999711 
 0 2 2 2
7 0 0  1 2 2  4.0000000000000009 3.6126294013574811e-15  4.0000000000000009 0.99999999999999711 
 0 2 2 2
1 8.8817841970012523e-16 3.6126294013574811e-15 1 0 
7 0 0  1 2 2  9.000000000000016 3.6126294013574811e-15  9.000000000000016 0.99999999999999711 
 0 2 2 2
7 0 0  1 2 2  8.9999999999999929 3.6126294013574811e-15  8.9999999999999929 0.99999999999999711 
 0 2 2 2
1 1.5987211554602254e-14 3.6126294013574811e-15 1 0 
7 0 0  1 2 2  10 3.6126294013574811e-15  10 0.99999999999999711 
 0 2 2 2
7 0 0  1 2 2  -1.1565505887248738e-14 3.6126294013574811e-15  -1.1565505887248738e-14 0.99999999999999711 
 0 2 2 2
1 -1.0953137280420379e-14 3.6126294013574811e-15 1 0 
7 0 0  1 2 2  1.0000000000000178 3.6126294013574811e-15  1.0000000000000224 0.99999999999999711 
 0 2 2 2
7 0 0  1 2 2  1.0000000000000226 3.6126294013574811e-15  1.0000000000000226 0.99999999999999711 
 0 2 2 2
1 1.3100631690576847e-14 3.6126294013574811e-15 1 0 
7 0 0  1 2 2  1.9999999999999825 3.6126294013574811e-15  1.9999999999999825 0.99999999999999711 
 0 2 2 2
7 0 0  1 2 2  2.0000000000000027 3.6126294013574811e-15  2.0000000000000027 0.99999999999999711 
 0 2 2 2
1 2.6645352591003757e-15 3.6126294013574811e-15 1 0 
7 0 0  1 2 2  2.9999999999999951 3.6126294013574811e-15  2.9999999999999951 0.99999999999999711 
 0 2 2 2
7 0 0  1 2 2  2.9999999999999978 3.6126294013574811e-15  2.9999999999999978 0.99999999999999711 
 0 2 2 2
1 4.4408920985006262e-16 3.6126294013574811e-15 1 0 
7 0 0  1 2 2  3.9999999999999725 3.6126294013574811e-15  3.9999999999999725 0.99999999999999711 
 0 2 2 2
7 0 0  1 2 2  3.9999999999999813 3.6126294013574811e-15  3.9999999999999813 0.99999999999999711 
 0 2 2 2
1 -1.865174681370263e-14 3.6126294013574811e-15 1 0 
7 0 0  1 2 2  5.0000000000000036 3.6126294013574811e-15  5.0000000000000036 0.99999999999999711 
 0 2 2 2
7 0 0  1 2 2  5.0000000000000009 3.6126294013574811e-15  5.0000000000000009 0.99999999999999711 
 0 2 2 2
1 8.8817841970012523e-16 3.6126294013574811e-15 1 0 
7 0 0  1 2 2  6.0000000000000444 3.6126294013574811e-15  6.0000000000000444 0.99999999999999711 
 0 2 2 2
7 0 0  1 2 2  5.9999999999999725 3.6126294013574811e-15  5.9999999999999725 0.99999999999999711 
 0 2 2 2
1 -2.8421709430404007e-14 3.6126294013574811e-15 1 0 
7 0 0  1 2 2  6.9999999999999583 3.6126294013574811e-15  6.9999999999999583 0.99999999999999711 
 0 2 2 2
7 0 0  1 2 2  8.0000000000000142 3.6126294013574811e-15  8.0000000000000142 0.99999999999999711 
 0 2 2 2
1 1.4210854715202004e-14 3.6126294013574811e-15 1 0 
7 0 0  1 2 2  1.3957686281676807e-14 3.6126294013574811e-15  1.3957686281676807e-14 0.99999999999999711 
 0 2 2 2
1 1.3957686281676807e-14 3.6126294013574811e-15 1 0 
7 0 0  1 2 2  1.0000000000000027 3.6126294013574811e-15  0.99999999999999867 0.99999999999999711 
 0 2 2 2
7 0 0  1 2 2  1.0000000000000551 3.6126294013574811e-15  1.0000000000000551 0.99999999999999711 
 0 2 2 2
1 5.5067062021407764e-14 3.6126294013574811e-15 1 0 
7 0 0  1 2 2  2.0000000000000306 3.6126294013574811e-15  2.0000000000000102 0.99999999999999711 
 0 2 2 2
7 0 0  1 2 2  2.0000000000000169 3.6126294013574811e-15  2.0000000000000169 0.99999999999999711 
 0 2 2 2
1 1.6875389974302379e-14 3.6126294013574811e-15 1 0 
7 0 0  1 2 2  3.0000000000000018 3.6126294013574811e-15  3.0000000000000018 0.99999999999999711 
 0 2 2 2
7 0 0  1 2 2  2.9999999999999991 3.6126294013574811e-15  2.9999999999999991 0.99999999999999711 
 0 2 2 2
1 -8.8817841970012523e-16 3.6126294013574811e-15 1 0 
7 0 0  1 2 2  3.9999999999999929 3.6126294013574811e-15  3.9999999999999929 0.99999999999999711 
 0 2 2 2
7 0 0  1 2 2  4.0000000000000027 3.6126294013574811e-15  4.0000000000000027 0.99999999999999711 
 0 2 2 2
1 2.6645352591003757e-15 3.6126294013574811e-15 1 0 
7 0 0  1 2 2  4.9999999999999973 3.6126294013574811e-15  4.9999999999999973 0.99999999999999711 
 0 2 2 2
7 0 0  1 2 2  5.0000000000000036 3.6126294013574811e-15  5.0000000000000036 0.99999999999999711 
 0 2 2 2
1 3.5527136788005009e-15 3.6126294013574811e-15 1 0 
7 0 0  1 2 2  6.0000000000000142 3.6126294013574811e-15  6.0000000000000142 0.99999999999999711 
 0 2 2 2
7 0 0  1 2 2  5.9999999999999822 3.6126294013574811e-15  5.9999999999999822 0.99999999999999711 
 0 2 2 2
1 -1.3322676295501878e-14 3.6126294013574811e-15 1 0 
7 0 0  1 2 2  6.9999999999999671 3.6126294013574811e-15  6.9999999999999627 0.99999999999999711 
 0 2 2 2
7 0 0  1 2 2  6.9999999999999991 3.6126294013574811e-15  6.9999999999999991 0.99999999999999711 
 0 2 2 2
1 -8.8817841970012523e-16 2.7739190610298706e-14 1 -3.4466516012773179e-15 
7 0 0  1 2 2  7.9999999999999583 1.6597780008037466e-16  7.9999999999999378 1.0000000000000004 
 0 2 2 2
7 0 0  1 2 2  7.9999999999999964 3.6126294013574811e-15  7.9999999999999964 0.99999999999999711 
 0 2 2 2
1 -3.5527136788005009e-15 3.6126294013574811e-15 1 0 
7 0 0  1 2 2  9.0000000000000053 3.6126294013574811e-15  9.0000000000000053 0.99999999999999711 
 0 2 2 2
1 -1.7763568394002505e-15 0 1 0 
1 1.7763568394002505e-14 -16.000000000000359 1 3.9242627535796617e-14 
1 4.8346732571402029 -1.1368683772161603e-13 0 -1 
1 6.2831853071795862 0 0 -1 
1 3.1415926535897931 3.7682219008410819e-15 -1 -1.2794264366634583e-14 
1 3.1415926535897931 -1.6328961570311355e-14 0 1 
1 3.1415926535897931 -1.6328961570311355e-14 0 1 
1 -3.1415926535897931 1.9091883092036337 1 6.431788355848445e-15 
1 9.4247779607693793 -1.3499999999999943 -1 0 
1 0 3.7682219008410819e-15 0 1 
1 6.2831853071795862 3.7682219008410819e-15 0 1 
1 3.1415926535897931 0 0 -1 
1 3.1415926535897931 0 0 -1 
1 3.1415926535897931 -160.0000000000002 1 0 
1 6.2831853071795862 0 0 -1 
1 0 0 0 -1 
1 0 -1.1313708498984845 1 6.3611093629270335e-15 
1 3.1415926535897931 -1.2434497875801753e-14 0 1 
1 3.1415926535897931 -1.2434497875801753e-14 0 1 
1 0 -1.2560739669470286e-14 1 6.3971321833172984e-15 
1 0 -1.2434497875801753e-14 0 1 
1 6.2831853071795862 -1.2434497875801753e-14 0 1 
1 0 -1.1313708498984445 1 -6.3611093629270335e-15 
1 -3.1415926535897931 -160.0000000000002 1 0 
7 0 0  3 25 23  4.7123889803846897 3.3748919238322035  4.7058283099286511 3.2794734005977983  4.6925573770357509 3.0918896029219751  4.6722045959179317 2.8206096368474078  4.6514071957763656 2.5597608232718225  4.6301691492982666 2.3096805512564282  4.6084960298930326 2.0707059312945275  4.5863953186039135 1.8431726804603425  4.5638764534389713 1.6274135175420541  4.5409509317036783 1.4237566743573911  4.5176323780399388 1.2325237666814404  4.4939365974369574 1.0540295129341475  4.4698816040135698 0.88857419437424057  4.4454876242439836 0.73646290559959693  4.4207770716046513 0.59796701295200161  4.3957744906782876 0.47332546106527312  4.3705064692092348 0.36276405807872258  4.3450015175386527 0.26648799542576573  4.3192899152254816 0.18468168900314486  4.2934035274078948 0.11750675214025842  4.2673755877128192 0.065100973241728158  4.2412404705858044 0.027576189673230379  4.2150333831564222 0.0050207974615072582  4.1975379657926588 -2.264701373147905e-06  4.1887902047863914 6.6769176554679997e-15 
 2.30940107655912e-07 4 0.00053821641821617165 1 0.0010762018963246874 1 0.001614187374433203 1 0.0021521728525417186 1 0.0026901583306502344 1 0.0032281438087587498 1 0.0037661292868672656 1 0.0043041147649757819 1 0.0048421002430842977 1 0.0053800857211928135 1 0.0059180711993013294 1 0.0064560566774098443 1 0.0069940421555183601 1 0.007532027633626876 1 0.0080700131117353909 1 0.0086079985898439067 1 0.0091459840679524226 1 0.0096839695460609384 1 0.010221955024169454 1 0.01075994050227797 1 0.011297925980386486 1 0.011835911458495 4
7 0 0  3 25 23  4.1887902047863914 6.6769176554679997e-15  4.1800424437801222 -2.2647014794864274e-06  4.1625470264163562 0.0050207974612786459  4.136339938986981 0.027576189672988163  4.1102048218599592 0.065100973241424887  4.0841768821648898 0.11750675214003486  4.0582904943472942 0.1846816890029799  4.0325788920341283 0.26648799542580826  4.0070739403635462 0.36276405807892176  3.9818059188944965 0.4733254610655761  3.9568033379681373 0.59796701295245647  3.9320927853288072 0.73646290560011729  3.9076988055592254 0.88857419437478802  3.8836438121358285 1.0540295129345842  3.8599480315328565 1.2325237666818534  3.836629477869113 1.4237566743577663  3.8137039561338195 1.6274135175424458  3.7911850909688738 1.8431726804607158  3.7690843796797564 2.0707059312947704  3.7474112602745153 2.3096805512566085  3.7261732137964207 2.5597608232718945  3.7053758136548423 2.8206096368473412  3.685023032537027 3.0918896029216931  3.6717520996441224 3.2794734005973769  3.6651914291880803 3.3748919238317194 
 0.011835911458495 4 0.012373896936603518 1 0.012911882414712037 1 0.013449867892820554 1 0.013987853370929074 1 0.014525838849037591 1 0.015063824327146109 1 0.015601809805254628 1 0.016139795283363144 1 0.016677780761471663 1 0.017215766239580182 1 0.017753751717688698 1 0.018291737195797218 1 0.018829722673905737 1 0.019367708152014253 1 0.019905693630122775 1 0.020443679108231291 1 0.020981664586339807 1 0.02151965006444833 1 0.022057635542556846 1 0.022595621020665365 1 0.023133606498773884 1 0.0236715919768824 4
7 0 0  3 25 23  5.7595865315812995 3.374891923831743  5.7530258611252574 3.2794734005974315  5.739754928232351 3.0918896029217424  5.7194021471145362 2.8206096368472893  5.6986047469729604 2.5597608232719113  5.6773667004948623 2.309680551256569  5.6556935810896265 2.0707059312947953  5.633592869800502 1.8431726804606734  5.6110740046355581 1.6274135175423876  5.5881484829002712 1.4237566743578685  5.5648299292365246 1.2325237666818578  5.5411341486335495 1.0540295129346078  5.5170791552101548 0.88857419437480845  5.4926851754405739 0.73646290560011063  5.4679746228012434 0.59796701295246479  5.4429720418748815 0.47332546106554857  5.4177040204058313 0.36276405807889861  5.3921990687352528 0.26648799542581009  5.3664874664220825 0.18468168900299142  5.3406010786044869 0.11750675214000671  5.3145731389094211 0.065100973241450297  5.2884380217823974 0.027576189672994366  5.2622309343530205 0.0050207974612868946  5.2447355169892553 -2.2647014762196754e-06  5.2359877559829879 6.6769176554679997e-15 
 2.3094010765852999e-07 4 0.00053821641821617404 1 0.0010762018963246895 1 0.0016141873744332051 1 0.0021521728525417203 1 0.0026901583306502357 1 0.0032281438087587515 1 0.0037661292868672669 1 0.0043041147649757827 1 0.0048421002430842986 1 0.0053800857211928135 1 0.0059180711993013294 1 0.0064560566774098452 1 0.0069940421555183601 1 0.007532027633626876 1 0.0080700131117353909 1 0.0086079985898439067 1 0.0091459840679524226 1 0.0096839695460609384 1 0.010221955024169452 1 0.010759940502277968 1 0.011297925980386484 1 0.011835911458495 4
7 0 0  3 25 23  5.2359877559829879 6.6769176554679997e-15  5.2272399949767205 -2.264701390292978e-06  5.2097445776129554 0.0050207974614869446  5.1835374901835758 0.027576189673246935  5.1574023730565566 0.065100973241763962  5.1313744333614864 0.11750675214026277  5.1054880455438933 0.18468168900311177  5.0797764432307213 0.26648799542577323  5.0542714915601437 0.36276405807875151  5.0290034700910891 0.47332546106525419  5.0040008891647272 0.59796701295204702  4.9792903365253984 0.73646290559959349  4.9548963567558095 0.88857419437424834  4.9308413633324193 1.0540295129341413  4.9071455827294423 1.2325237666814353  4.8838270290656993 1.4237566743574168  4.8609015073304072 1.6274135175420799  4.8383826421654712 1.843172680460371  4.8162819308763458 2.0707059312945888  4.7946088114711127 2.3096805512563958  4.7733707649930164 2.5597608232718247  4.7525733648514494 2.8206096368473892  4.7322205837336311 3.0918896029219716  4.71894965084073 3.2794734005978006  4.7123889803846897 3.3748919238322035 
 0.011835911458495 4 0.012373896936603514 1 0.012911882414712028 1 0.01344986789282054 1 0.013987853370929055 1 0.014525838849037569 1 0.015063824327146081 1 0.015601809805254595 1 0.016139795283363109 1 0.016677780761471625 1 0.017215766239580137 1 0.01775375171768865 1 0.018291737195797166 1 0.018829722673905678 1 0.01936770815201419 1 0.019905693630122706 1 0.020443679108231218 1 0.020981664586339731 1 0.021519650064448247 1 0.022057635542556759 1 0.022595621020665271 1 0.023133606498773787 1 0.0236715919768823 4
7 0 0  3 25 23  0.5235987755982866 3.374891923831743  0.51705584453529096 3.2797312653226909  0.50381816635142906 3.092602550938734  0.4835088588085687 2.8218435916037281  0.46274876258205494 2.5613747864704113  0.44154217638625204 2.3115530958215995  0.41989506193331516 2.0727343841736179  0.39781536005636342 1.8452720939853893  0.37531304541502047 1.629515587801329  0.35240020997365712 1.4258083886123212  0.32909120638179973 1.2344864742313639  0.30540241614293068 1.055875850623831  0.28135333148770536 0.89029244992781775  0.25696261072231769 0.73803307030203436  0.23224995954543903 0.59935896135261524  0.20724034879109038 0.47452156438104037  0.18195998881612616 0.36375357486298099  0.15643726971150088 0.26726898250319603  0.13070232886701058 0.18526084787155764  0.10478694676677437 0.11789977203873987  0.07872431194922494 0.065332678909731282  0.052548802374268171 0.027680672735909451  0.026295671005889303 0.0050414852248288552  0.0087658639248649074 -2.2678576055003239e-06  0 0 
 0.042678850957804403 4 0.043221239982342133 1 0.043763629006879856 1 0.044306018031417586 1 0.04484840705595531 1 0.04539079608049304 1 0.045933185105030763 1 0.046475574129568493 1 0.047017963154106217 1 0.047560352178643947 1 0.04810274120318167 1 0.048645130227719401 1 0.049187519252257131 1 0.049729908276794854 1 0.050272297301332584 1 0.050814686325870308 1 0.051357075350408038 1 0.051899464374945761 1 0.052441853399483492 1 0.052984242424021222 1 0.053526631448558945 1 0.054069020473096668 1 0.054611409497634399 4
7 0 0  3 25 23  6.2831853071795862 0  6.2744446444030721 -2.2715998829805116e-06  6.2569616178008394 0.005012787263062742  6.2307677348702173 0.027541190599275581  6.2046404589531203 0.065033030719742743  6.178615075368814 0.11740878425612161  6.1527260748758685 0.18456530905118895  6.1270068451190403 0.26637330152167282  6.1014894512120978 0.3626792766298691  6.076204366699387 0.4733069336632324  6.0511804665893258 0.59805771104462935  6.0264441936565252 0.73671627911722681  6.0020219550403109 0.88903798101950071  5.977930617520272 1.0548042322992499  5.954190721103215 1.2337277944498946  5.9308277051941092 1.4254559634997515  5.9078624506495503 1.6296266505560486  5.8853137949504166 1.8458565638084545  5.8631978840753405 2.0737475614211638  5.8415284052355441 2.3128880566640264  5.8203166381331606 2.5628556745667077  5.7995715057204906 2.823219305719356  5.7792999376705847 3.0935416308282688  5.7661040375485948 3.2801002520112506  5.7595865315812995 3.374891923831743 
 0.054611409497634399 4 0.055152239660803341 1 0.055693069823972284 1 0.05623389998714122 1 0.056774730150310163 1 0.057315560313479105 1 0.057856390476648048 1 0.058397220639816984 1 0.058938050802985927 1 0.059478880966154869 1 0.060019711129323812 1 0.060560541292492748 1 0.06110137145566169 1 0.061642201618830633 1 0.062183031781999576 1 0.062723861945168519 1 0.063264692108337461 1 0.063805522271506404 1 0.064346352434675333 1 0.064887182597844276 1 0.065428012761013218 1 0.065968842924182161 1 0.066509673087351104 4
7 0 0  3 25 23  1.5707963267948966 3.3748919238322306  1.5642356563388582 3.2794734005978383  1.5509647234459574 3.0918896029220075  1.5306119423281404 2.8206096368473923  1.5098145421865721 2.5597608232718536  1.4885764957084731 2.3096805512564793  1.4669033763032417 2.0707059312945928  1.4448026650141153 1.8431726804603705  1.4222837998491802 1.6274135175420594  1.3993582781138842 1.4237566743574568  1.3760397244501403 1.232523766681431  1.3523439438471707 1.0540295129341775  1.3282889504237672 0.88857419437426988  1.3038949706541907 0.73646290559960881  1.2791844180148564 0.59796701295202248  1.2541818370884956 0.47332546106527668  1.2289138156194412 0.36276405807874557  1.2034088639488618 0.26648799542580975  1.1776972616356887 0.18468168900310611  1.1518108738180992 0.11750675214035014  1.125782934123025 0.065100973241797228  1.0996478169960084 0.027576189673282736  1.0734407295666304 0.0050207974615291799  1.055945312202867 -2.264701365730714e-06  1.0471975511965981 1.0015376483202e-14 
 2.3094010767073399e-07 4 0.00053821641821618564 1 0.0010762018963247006 1 0.0016141873744332156 1 0.0021521728525417307 1 0.0026901583306502457 1 0.0032281438087587606 1 0.0037661292868672756 1 0.0043041147649757906 1 0.0048421002430843055 1 0.0053800857211928205 1 0.0059180711993013354 1 0.0064560566774098504 1 0.0069940421555183653 1 0.0075320276336268803 1 0.0080700131117353944 1 0.0086079985898439102 1 0.009145984067952426 1 0.0096839695460609401 1 0.010221955024169454 1 0.01075994050227797 1 0.011297925980386486 1 0.011835911458495 4
7 0 0  3 25 23  1.0471975511965981 1.0015376483202e-14  1.0384497901903302 -2.2647014637715954e-06  1.0209543728265671 0.005020797461291469  0.99474728539718804 0.027576189672959658  0.96861216827016761 0.065100973241445967  0.94258422857509339 0.11750675214003747  0.91669784075750493 0.18468168900302884  0.89098623844433722 0.26648799542576934  0.86548128677375624 0.36276405807894507  0.84021326530470486 0.47332546106560186  0.81521068437834743 0.5979670129524457  0.7905001317390119 0.73646290560007421  0.76610615196943777 0.88857419437480978  0.74205115854603521 1.0540295129346402  0.71835537794306259 1.232523766681862  0.69503682427931768 1.4237566743578556  0.6721113025440274 1.6274135175423796  0.64959243737908545 1.8431726804607151  0.6274917260899604 2.0707059312947367  0.6058186066847252 2.3096805512567435  0.58458056020662574 2.559760823271831  0.5637831600650548 2.8206096368472577  0.543430378947235 3.0918896029217753  0.53015944605432941 3.2794734005974648  0.5235987755982866 3.374891923831743 
 0.011835911458495 4 0.012373896936603514 1 0.012911882414712028 1 0.01344986789282054 1 0.013987853370929055 1 0.014525838849037569 1 0.015063824327146081 1 0.015601809805254595 1 0.016139795283363109 1 0.016677780761471625 1 0.017215766239580137 1 0.01775375171768865 1 0.018291737195797166 1 0.018829722673905678 1 0.01936770815201419 1 0.019905693630122706 1 0.020443679108231218 1 0.020981664586339731 1 0.021519650064448247 1 0.022057635542556759 1 0.022595621020665271 1 0.023133606498773787 1 0.0236715919768823 4
7 0 0  3 25 23  2.617993877991506 3.3748919238317163  2.6114332075354638 3.2794734005973747  2.5981622746425597 3.0918896029216931  2.5778094935247431 2.8206096368473466  2.5570120933831668 2.559760823271874  2.5357740469050709 2.3096805512566045  2.5141009274998325 2.0707059312948122  2.4920002162107115 1.8431726804606894  2.4694813510457654 1.6274135175424496  2.4465558293104763 1.4237566743578396  2.4232372756467289 1.2325237666818529  2.3995414950437586 1.0540295129345723  2.375486501620359 0.88857419437477236  2.351092521850783 0.73646290560018934  2.3263819692114476 0.59796701295242427  2.3013793882850888 0.47332546106563217  2.27611136681604 0.36276405807888656  2.2506064151454601 0.26648799542581225  2.2248948128322876 0.18468168900299525  2.1990084250146942 0.1175067521400297  2.1729804853196217 0.065100973241487226  2.1468453681926034 0.027576189672940177  2.1206382807632287 0.0050207974612864531  2.1031428633994653 -2.2647014656972786e-06  2.0943951023931953 6.6769176554679997e-15 
 2.3094010767014599e-07 4 0.0005382164182161851 1 0.0010762018963247002 1 0.0016141873744332151 1 0.0021521728525417299 1 0.0026901583306502448 1 0.0032281438087587598 1 0.0037661292868672747 1 0.0043041147649757897 1 0.0048421002430843046 1 0.0053800857211928196 1 0.0059180711993013346 1 0.0064560566774098495 1 0.0069940421555183645 1 0.0075320276336268794 1 0.0080700131117353944 1 0.0086079985898439102 1 0.009145984067952426 1 0.0096839695460609401 1 0.010221955024169454 1 0.01075994050227797 1 0.011297925980386486 1 0.011835911458495 4
7 0 0  3 25 23  2.0943951023931953 6.6769176554679997e-15  2.0856473413869265 -2.2647013808670424e-06  2.0681519240231636 0.0050207974615009265  2.0419448365937871 0.027576189673243958  2.0158097194667643 0.065100973241781906  1.9897817797716919 0.11750675214025223  1.9638953919541045 0.18468168900313592  1.938183789640934 0.26648799542578738  1.9126788379703519 0.36276405807870554  1.8874108165012964 0.47332546106530021  1.8624082355749396 0.59796701295196875  1.8376976829356038 0.73646290559963956  1.8133037031660248 0.88857419437426033  1.7892487097426246 1.054029512934187  1.7655529291396526 1.2325237666814195  1.74223437547591 1.4237566743574745  1.719308853740618 1.627413517542023  1.6967899885756734 1.84317268046042  1.6746892772865567 2.0707059312945297  1.6530161578813125 2.3096805512565228  1.6317781114032248 2.5597608232718563  1.6109807112616554 2.8206096368473399  1.5906279301438371 3.0918896029220591  1.5773569972509356 3.2794734005978845  1.5707963267948966 3.3748919238322306 
 0.011835911458495 4 0.012373896936603514 1 0.012911882414712028 1 0.01344986789282054 1 0.013987853370929055 1 0.014525838849037569 1 0.015063824327146081 1 0.015601809805254595 1 0.016139795283363109 1 0.016677780761471625 1 0.017215766239580137 1 0.01775375171768865 1 0.018291737195797166 1 0.018829722673905678 1 0.01936770815201419 1 0.019905693630122706 1 0.020443679108231218 1 0.020981664586339731 1 0.021519650064448247 1 0.022057635542556759 1 0.022595621020665271 1 0.023133606498773787 1 0.0236715919768823 4
7 0 0  3 25 23  3.6651914291880803 3.3748919238317194  3.6586739232207841 3.2801002520112221  3.6454780230987942 3.09354163082824  3.6252064550488896 2.8232193057193498  3.6044613226362183 2.5628556745666802  3.5832495555338362 2.3128880566640011  3.5615800766940362 2.073747561421114  3.5394641658189654 1.8458565638084736  3.5169155101198237 1.6296266505559951  3.4939502555752728 1.4254559634997208  3.4705872396661621 1.2337277944498537  3.4468473432491056 1.0548042322991884  3.422756005729068 0.88903798101948706  3.3983337671128524 0.73671627911718052  3.3735974941800531 0.59805771104462957  3.348573594069991 0.47330693366319398  3.3232885095572784 0.36267927662984123  3.2977711156503426 0.26637330152164018  3.2720518858935033 0.18456530905117088  3.2461628854005609 0.11740878425612211  3.2201375018162612 0.065033030719675658  3.1940102258991616 0.02754119059926486  3.1678163429685418 0.0050127872630331615  3.1503333163663063 -2.2715999135796937e-06  3.1415926535897931 -2.6707670621871999e-14 
 0.0201338883736982 4 0.020676136837506846 1 0.021218385301315489 1 0.021760633765124136 1 0.022302882228932782 1 0.022845130692741428 1 0.023387379156550071 1 0.023929627620358718 1 0.024471876084167364 1 0.02501412454797601 1 0.025556373011784653 1 0.0260986214755933 1 0.026640869939401943 1 0.027183118403210589 1 0.027725366867019235 1 0.028267615330827882 1 0.028809863794636528 1 0.029352112258445171 1 0.029894360722253818 1 0.03043660918606246 1 0.030978857649871107 1 0.031521106113679753 1 0.0320633545774884 4
7 0 0  3 25 23  3.1415926535897931 -2.6707670621871999e-14  3.1328267896649331 -2.2678576798384604e-06  3.1152969825839092 0.0050414852247524121  3.0890438512155165 0.027680672735954055  3.0628683416405731 0.065332678909683334  3.036805706823023 0.11789977203868643  3.0108903247227792 0.18526084787157943  2.9851553838783009 0.26726898250312242  2.9596326647736628 0.36375357486297166  2.9343523047987037 0.47452156438101634  2.9093426940443567 0.59935896135257549  2.8846300428674767 0.7380330703019834  2.8602393221020903 0.89029244992779544  2.8361902374468664 1.0558758506237307  2.8125014472079899 1.2344864742313835  2.7891924436161379 1.4258083886122743  2.7662796081747745 1.6295155878012855  2.743777293533427 1.8452720939854381  2.7216975916564787 2.0727343841735526  2.700050477203539 2.3115530958216195  2.6788438910077419 2.5613747864703473  2.6580837947812244 2.8218435916036753  2.6377744872383651 3.0926025509387163  2.624536809054502 3.2797312653226762  2.617993877991506 3.3748919238317163 
 0.0320633545774884 4 0.032607165990703492 1 0.033150977403918591 1 0.033694788817133683 1 0.034238600230348783 1 0.034782411643563875 1 0.035326223056778974 1 0.035870034469994067 1 0.036413845883209166 1 0.036957657296424258 1 0.037501468709639357 1 0.03804528012285445 1 0.038589091536069542 1 0.039132902949284641 1 0.039676714362499733 1 0.040220525775714833 1 0.040764337188929925 1 0.041308148602145024 1 0.041851960015360117 1 0.042395771428575216 1 0.042939582841790308 1 0.0434833942550054 1 0.0440272056682205 4
1 0 2.7633627272834629e-14 1 -6.3971321833172984e-15 
1 0 4.0061505932807973e-14 1 -6.3759866969116808e-15 
1 0 6.6769176554679997e-15 1 0 
1 0 -1.2686143545389191e-13 1 3.1879933484558403e-14 
1 3.1415926535897931 -2.6707670621871999e-14 -1 3.1879933484558415e-14 
1 2.2204460492503131e-16 1.3353835310936003e-14 1 -3.187993348455844e-15 
1 0 0 1 9.5639800453675236e-15 
1 3.1415926535897931 -1.3499999999999943 -1 0 
1 3.1415926535897931 1.9091883092036741 1 -6.431788355848445e-15 
1 9.4247779607693793 -7.6620511983768665e-14 -1 1.2794264366634583e-14 
1 6.2831853071795862 -1.67682346252647e-13 0 1 
1 0 -1.67682346252647e-13 0 1 
1 9.4247779607693793 3.607284481896762 -1 7.7746892213552625e-15 
1 3.1415926535898215 -1.67682346252647e-13 -2.7083981498356455e-15 1 
1 3.1415926535898215 -1.67682346252647e-13 -2.7083981498356455e-15 1 
1 3.1415926535897931 4.6151104473205599e-15 1 -7.8348548331318975e-15 
1 3.1415926535897931 -21.996357759051598 -1 0 
1 6.2831853071795862 -1.6608936448392342e-13 0 1 
1 0 -1.6608936448392342e-13 0 1 
1 6.2831853071795862 -1.7763568394002447e-15 -1 -4.5234555469703209e-15 
1 3.1415926535898056 -1.6475709685437323e-13 -4.9243602724291762e-16 1 
1 3.1415926535898056 -1.6475709685437323e-13 -4.9243602724291762e-16 1 
1 0 -3.6072844818967802 1 0 
1 -3.1415926535897931 -3.1239999999999952 1 0 
1 0 0 1 0 
1 3.1415926535898073 3.1998099101422547e-13 -5.4223545387604936e-16 1 
1 3.1415926535898073 3.1998099101422547e-13 -5.4223545387604936e-16 1 
7 0 0  3 47 45  3.1415926535897838 4.094984998450613  3.1351652399533507 3.9935532886634637  3.1221583586817911 3.7939385851637999  3.102191223426535 3.5046423200748693  3.0817660658921788 3.2258494298072664  3.0608836286752403 2.9579446994873746  3.0395461037418285 2.701316519016951  3.0177574347229328 2.4563565927321105  2.9955233994300321 2.2234585198147134  2.9728517381099628 2.003016814001771  2.9497522720397367 1.7954245262539164  2.9262369493654909 1.6010752671244124  2.9023201055503871 1.4203483170485756  2.8780178309060855 1.2536563345420977  2.8533489004663006 1.1013781821544433  2.8283349826524176 0.9638437618514637  2.8029999181175085 0.8413815176225401  2.7773698414589201 0.73430325213266212  2.7514730161082044 0.64290576218166562  2.7253397626007021 0.56746808398306736  2.6990020857233694 0.50824988188587794  2.6724942009491559 0.46549026330185  2.6458495620611724 0.43940456278632828  2.6191107975787373 0.4301898406147453  2.5922913457011711 0.43799875643203845  2.5654714686021469 0.46285789766075242  2.5387726276758711 0.50464955529307121  2.5122610012859927 0.56312122847189516  2.4859610066338429 0.63802602151202736  2.4599078487932067 0.72909243469359397  2.4341313816958885 0.83602686977488627  2.4086598990493457 0.95849669800457171  2.3835192899020314 1.0961583134824588  2.3587331592876737 1.2486535304000963  2.3343227516980596 1.4156154771731702  2.3103067860848214 1.5966605327577521  2.2867014232937071 1.7913877094828212  2.263520600496205 1.9993987196405631  2.2407759365875446 2.2202900537900758  2.2184768586516896 2.4536572373895624  2.1966306935427524 2.6990956729394275  2.1752427835988839 2.9562022562287509  2.1543166243379446 3.2245765502062791  2.1338539526302029 3.5038221602814645  2.1138550538674323 3.7935469379943521  2.100830529754711 3.9934268886958466  2.0943951023931828 4.0949849984504958 
 2.3807280001593399e-07 4 0.00054357340900109969 1 0.0010869087452021833 1 0.001630244081403267 1 0.002173579417604351 1 0.0027169147538054347 1 0.0032602500900065184 1 0.0038035854262076021 1 0.0043469207624086854 1 0.0048902560986097687 1 0.0054335914348108529 1 0.005976926771011937 1 0.0065202621072130203 1 0.0070635974434141036 1 0.0076069327796151878 1 0.0081502681158162719 1 0.0086936034520173552 1 0.0092369387882184385 1 0.0097802741244195218 1 0.010323609460620607 1 0.01086694479682169 1 0.011410280133022773 1 0.011953615469223858 1 0.012496950805424942 1 0.013040286141626025 1 0.013583621477827108 1 0.014126956814028192 1 0.014670292150229277 1 0.01521362748643036 1 0.015756962822631445 1 0.016300298158832528 1 0.016843633495033612 1 0.017386968831234695 1 0.017930304167435778 1 0.018473639503636861 1 0.019016974839837945 1 0.019560310176039028 1 0.020103645512240115 1 0.020646980848441198 1 0.021190316184642281 1 0.021733651520843365 1 0.022276986857044448 1 0.022820322193245531 1 0.023363657529446615 1 0.023906992865647701 4
7 0 0  3 47 45  2.0943951023931828 4.0949849984504958  2.0880320671759511 3.9945697084047431  2.0751501651608177 3.7968093067600379  2.0553565545127452 3.5097752007361729  2.0350884180577427 3.2327400940466164  2.0143437561579294 2.9661085933233529  1.9931219182093551 2.7102924225001339  1.9714239003460763 2.4657107305495876  1.9492524798493234 2.2327889447863432  1.9266122835709734 2.0119572786116207  1.9035102650105404 1.8036511750608648  1.8799545751469771 1.6083034342663773  1.8559593907435248 1.4263667508235889  1.8315274370512409 1.2582220291448665  1.80667297793154 1.1043220590028928  1.7814275224358227 0.96516928647117606  1.7558209152288109 0.84122114593050878  1.7298905543451604 0.73291691969085049  1.7036627075289534 0.6406468783946635  1.6772890503213336 0.56505340666853965  1.6507935726314931 0.50615721675663394  1.624216157203791 0.46403559121597315  1.5975934118375339 0.43871999192520128  1.5709633192343628 0.430210158717441  1.544363934098214 0.43851768813536607  1.5178326407980181 0.46356101155036739  1.4914059347226367 0.5051925645074592  1.4651195252924469 0.56325090712717807  1.4390079487898393 0.63754790392262628  1.413104338131407 0.72787358962576776  1.3874401932669302 0.83399657818447648  1.3620451567622822 0.95566580162885284  1.336946953232655 1.0926123953555527  1.312170867710017 1.2445504828836207  1.2877411118668076 1.4111828297561302  1.2636753090627622 1.592188532521958  1.2399914235076785 1.7871845155938646  1.2167094366329692 1.9957832787741732  1.1938451533403456 2.2175911080227091  1.1714144505073503 2.4521760651670017  1.1494227128824823 2.6992099732258761  1.1279491046554382 2.9573985803904934  1.1069841373814455 3.2263671863491323  1.0865270179571827 3.5056521487281675  1.0665728232079834 3.7948272288575753  1.053601375161755 3.9939263689878657  1.0471975511965839 4.094984998450637 
 0.0087116111404383495 4 0.009254630879208291 1 0.0097976506179782326 1 0.010340670356748176 1 0.010883690095518117 1 0.011426709834288059 1 0.011969729573058002 1 0.012512749311827944 1 0.013055769050597885 1 0.013598788789367827 1 0.014141808528137768 1 0.014684828266907712 1 0.015227848005677653 1 0.015770867744447595 1 0.016313887483217538 1 0.016856907221987481 1 0.017399926960757421 1 0.017942946699527361 1 0.018485966438297304 1 0.019028986177067247 1 0.019572005915837187 1 0.020115025654607131 1 0.020658045393377074 1 0.021201065132147014 1 0.021744084870916957 1 0.0222871046096869 1 0.02283012434845684 1 0.023373144087226783 1 0.023916163825996727 1 0.024459183564766666 1 0.02500220330353661 1 0.025545223042306549 1 0.026088242781076493 1 0.026631262519846436 1 0.027174282258616376 1 0.027717301997386319 1 0.028260321736156259 1 0.028803341474926202 1 0.029346361213696145 1 0.029889380952466085 1 0.030432400691236029 1 0.030975420430005972 1 0.031518440168775912 1 0.032061459907545858 1 0.032604479646315798 4
7 0 0  3 47 45  1.0471975511965839 4.094984998450637  1.040770137560149 3.9935532886634548  1.0277632562885906 3.7939385851637946  1.0077961210333402 3.5046423200749768  0.98737096349898601 3.225849429807266  0.96648852628204729 2.957944699487542  0.94515100134864172 2.7013165190171708  0.92336233232973741 2.4563565927322459  0.90112829703684083 2.2234585198149448  0.87845663571677124 2.0030168140021334  0.85535716964655273 1.7954245262541111  0.83184184697229457 1.6010752671246342  0.80792500315718563 1.4203483170487139  0.7836227285128825 1.253656334542282  0.75895379807310148 1.101378182154503  0.73393988025921753 0.96384376185144849  0.70860481572431044 0.84138151762259816  0.68297473906572326 0.73430325213257408  0.6570779137150069 0.64290576218175566  0.63094466020751416 0.56746808398303572  0.60460698333017693 0.50824988188593256  0.57809909855596553 0.46549026330194265  0.5514544596679859 0.43940456278654877  0.52471569518553984 0.43018984061530285  0.49789624330797944 0.43799875643241237  0.47107636620894827 0.4628578976607145  0.44437752528266533 0.50464955529308597  0.4178658988927933 0.5631212284718804  0.39156590424065357 0.63802602151196108  0.36551274639999437 0.72909243469391094  0.33973627930267397 0.83602686977508744  0.31426479665612816 0.95849669800465032  0.28912418750881019 1.0961583134823856  0.26433805689445472 1.2486535303998108  0.23992764930484423 1.4156154771731846  0.21591168369161448 1.5966605327578858  0.19230632090050803 1.7913877094831949  0.16912549810300748 1.9993987196410226  0.14638083419435666 2.2202900537905603  0.12408175625849874 2.4536572373901007  0.10223559114957295 2.6990956729397633  0.080847681205688124 2.9562022562292332  0.059921521944761476 3.2245765502065806  0.039458850237023474 3.5038221602817345  0.019459951474238839 3.7935469379944302  0.0064354273615202118 3.9934268886958999  0 4.0949849984505837 
 2.3807280001639499e-07 4 0.00054357340900110013 1 0.0010869087452021837 1 0.0016302440814032675 1 0.0021735794176043514 1 0.0027169147538054351 1 0.0032602500900065189 1 0.0038035854262076026 1 0.0043469207624086863 1 0.0048902560986097696 1 0.0054335914348108538 1 0.0059769267710119379 1 0.0065202621072130212 1 0.0070635974434141045 1 0.0076069327796151887 1 0.0081502681158162719 1 0.0086936034520173552 1 0.0092369387882184385 1 0.0097802741244195218 1 0.010323609460620607 1 0.01086694479682169 1 0.011410280133022773 1 0.011953615469223858 1 0.012496950805424942 1 0.013040286141626025 1 0.013583621477827108 1 0.014126956814028192 1 0.014670292150229277 1 0.01521362748643036 1 0.015756962822631445 1 0.016300298158832528 1 0.016843633495033612 1 0.017386968831234695 1 0.017930304167435778 1 0.018473639503636861 1 0.019016974839837945 1 0.019560310176039028 1 0.020103645512240115 1 0.020646980848441198 1 0.021190316184642281 1 0.021733651520843365 1 0.022276986857044448 1 0.022820322193245531 1 0.023363657529446615 1 0.023906992865647701 4
1 0 2.9536706862851583e-13 0 1 
1 6.2831853071795862 2.9536706862851583e-13 0 1 
1 3.1415926535897931 -4.0949849984509115 -1 0 
1 3.1415926535898024 -3.3750779948604759e-13 -4.3378836310083925e-16 1 
1 3.1415926535898024 -3.3750779948604759e-13 -4.3378836310083925e-16 1 
7 0 0  3 47 45  3.1415926535898024 -3.2305773131243915e-13  3.135165239953368 -0.10143170978748199  3.1221583586818054 -0.30104641328713816  3.1021912234265443 -0.59034267837602861  3.0817660658921882 -0.86913556864359798  3.0608836286752417 -1.1370402989635342  3.0395461037418308 -1.3936684794338507  3.0177574347229239 -1.638628405718777  2.9955233994300294 -1.8715264786361607  2.9728517381099504 -2.0919681844491245  2.9497522720397247 -2.2995604721969993  2.9262369493654696 -2.4939097313265539  2.9023201055503685 -2.6746366814024247  2.8780178309060598 -2.8413286639089019  2.8533489004662789 -2.9936068162965794  2.8283349826524007 -3.1311412365997096  2.8029999181174912 -3.2536034808284677  2.7773698414589232 -3.3606817463183924  2.7514730161081946 -3.4520792362693005  2.7253397626007123 -3.5275169144678191  2.6990020857233756 -3.5867351165649541  2.6724942009491688 -3.6294947351488482  2.6458495620611862 -3.6555804356642878  2.619110797578732 -3.6647951578355995  2.592291345701164 -3.656986242018371  2.5654714686021407 -3.6321271007898863  2.5387726276758764 -3.5903354431574686  2.5122610012860238 -3.5318637699790001  2.4859610066338762 -3.4569589769388571  2.4599078487932196 -3.3658925637571451  2.4341313816959036 -3.2589581286759057  2.4086598990493537 -3.1364883004461364  2.3835192899020328 -2.9988266849683614  2.3587331592876719 -2.846331468050749  2.3343227516980556 -2.6793695212774833  2.3103067860848223 -2.4983244656928645  2.286701423293708 -2.3035972889675684  2.2635206004962116 -2.0955862788098072  2.2407759365875517 -1.8746949446603034  2.2184768586516972 -1.6413277610607664  2.1966306935427666 -1.3958893255110465  2.1752427835988919 -1.13878274222173  2.1543166243379668 -0.87040844824436259  2.1338539526302212 -0.59116283816906401  2.1138550538674581 -0.30143806045647803  2.1008305297547376 -0.10155810975500498  2.0943951023932095 -2.7382988654101988e-13 
 2.3807280001497399e-07 4 0.00054357340900109872 1 0.0010869087452021824 1 0.0016302440814032662 1 0.0021735794176043497 1 0.0027169147538054334 1 0.0032602500900065171 1 0.0038035854262076008 1 0.0043469207624086846 1 0.0048902560986097679 1 0.005433591434810852 1 0.0059769267710119362 1 0.0065202621072130195 1 0.0070635974434141028 1 0.0076069327796151869 1 0.0081502681158162719 1 0.0086936034520173552 1 0.0092369387882184385 1 0.0097802741244195218 1 0.010323609460620607 1 0.01086694479682169 1 0.011410280133022773 1 0.011953615469223858 1 0.012496950805424942 1 0.013040286141626025 1 0.013583621477827108 1 0.014126956814028192 1 0.014670292150229277 1 0.01521362748643036 1 0.015756962822631445 1 0.016300298158832528 1 0.016843633495033612 1 0.017386968831234695 1 0.017930304167435778 1 0.018473639503636861 1 0.019016974839837945 1 0.019560310176039028 1 0.020103645512240115 1 0.020646980848441198 1 0.021190316184642281 1 0.021733651520843365 1 0.022276986857044448 1 0.022820322193245531 1 0.023363657529446615 1 0.023906992865647701 4
7 0 0  3 47 45  2.0943951023932095 -2.7382988654101988e-13  2.0879912784280377 -0.10105862946312694  2.0750198303818093 -0.30015776959343099  2.055065635632614 -0.58933284972263467  2.0346085162083476 -0.86861781210186351  2.0136435489343563 -1.1375864180602722  1.9921699407073141 -1.3957750252249079  1.9701782030824433 -1.6428089332839122  1.9477475002494498 -1.8773938904281589  1.9248832169568231 -2.0992017196767638  1.9016012300821161 -2.3078004828569432  1.877917344527029 -2.5027964659290296  1.8538515417229917 -2.6838021686946631  1.829421785879775 -2.8504345155672972  1.8046457003571443 -3.002372603095413  1.7795474968275087 -3.1393191968220568  1.7541524603228658 -3.260988420266425  1.7284883154583879 -3.3671114088251457  1.7025847047999534 -3.4574370945282844  1.6764731282973497 -3.5317340913237292  1.6501867188671584 -3.5897924339434311  1.6237600127917811 -3.6314239869005882  1.5972287194915806 -3.6564673103156675  1.5706293343554247 -3.66477483973323  1.5439992417522637 -3.6562650065259557  1.517376496386007 -3.6309494072348518  1.4907990809583025 -3.5888277816943939  1.4643036032684609 -3.5299315917823435  1.4379299460608421 -3.4543381200562822  1.4117020992446347 -3.3620680787600423  1.3857717383609813 -3.2537638525204793  1.3601651311539706 -3.1298157119798047  1.3349196756582515 -2.9906629394480007  1.3100652165385558 -2.8367629693060015  1.2856332628462634 -2.6686182476275255  1.2616380784428201 -2.4866815641845244  1.2380823885792525 -2.2913338233901395  1.2149803700188284 -2.0830277198391252  1.1923401737404695 -1.862196053664557  1.1701687532437153 -1.629274267901379  1.1484707353804406 -1.3846925759506534  1.1272488974318637 -1.1288764051275348  1.1065042355320494 -0.86224490440428969  1.0862360990770448 -0.58520979771482473  1.0664424884289729 -0.29817569169089314  1.0535605864138411 -0.10041529004616349  1.0471975511966103 -4.1535994025885038e-13 
 0.021083081545962799 4 0.02162747609634855 1 0.022171870646734305 1 0.022716265197120056 1 0.02326065974750581 1 0.023805054297891561 1 0.024349448848277312 1 0.024893843398663067 1 0.025438237949048818 1 0.025982632499434569 1 0.026527027049820323 1 0.027071421600206074 1 0.027615816150591825 1 0.02816021070097758 1 0.028704605251363331 1 0.029248999801749082 1 0.029793394352134836 1 0.03033778890252059 1 0.030882183452906341 1 0.031426578003292092 1 0.031970972553677847 1 0.032515367104063594 1 0.033059761654449349 1 0.033604156204835103 1 0.034148550755220858 1 0.034692945305606605 1 0.03523733985599236 1 0.035781734406378107 1 0.036326128956763862 1 0.036870523507149616 1 0.037414918057535371 1 0.037959312607921125 1 0.038503707158306873 1 0.03904810170869262 1 0.039592496259078375 1 0.040136890809464129 1 0.040681285359849884 1 0.041225679910235638 1 0.041770074460621386 1 0.04231446901100714 1 0.042858863561392888 1 0.043403258111778642 1 0.043947652662164396 1 0.044492047212550151 1 0.045036441762935898 4
7 0 0  3 47 45  1.0471975511966103 -4.1535994025885038e-13  1.0407701375601759 -0.10143170978763245  1.0277632562886154 -0.30104641328736464  1.0077961210333577 -0.59034267837628362  0.987370963499 -0.86913556864406294  0.96648852628205284 -1.137040298963844  0.94515100134864793 -1.3936684794341576  0.92336233232974096 -1.6386284057191589  0.90112829703685005 -1.8715264786362018  0.87845663571678034 -2.0919681844492608  0.8553571696465504 -2.2995604721969767  0.83184184697230423 -2.4939097313264509  0.80792500315719185 -2.6746366814024278  0.78362272851288928 -2.8413286639086324  0.75895379807310781 -2.9936068162964573  0.7339398802592193 -3.1311412365994817  0.70860481572430278 -3.2536034808282999  0.68297473906572392 -3.3606817463182237  0.6570779137149908 -3.4520792362691575  0.63094466020750306 -3.5275169144677063  0.60460698333016227 -3.5867351165648449  0.57809909855594321 -3.6294947351488229  0.55145445966797901 -3.6555804356642057  0.52471569518552164 -3.6647951578355489  0.4978962433079675 -3.6569862420184682  0.4710763662089385 -3.6321271007897677  0.44437752528266383 -3.5903354431577048  0.41786589889279552 -3.5318637699787647  0.39156590424064464 -3.4569589769386195  0.36551274640000248 -3.3658925637567441  0.33973627930268707 -3.2589581286755851  0.31426479665614526 -3.1364883004461048  0.28912418750883073 -2.9988266849683636  0.26433805689447526 -2.8463314680509422  0.23992764930486363 -2.6793695212777635  0.21591168369163358 -2.4983244656931554  0.19230632090051872 -2.3035972889679517  0.16912549810302402 -2.0955862788101638  0.14638083419435857 -1.8746949446606938  0.12408175625850504 -1.6413277610610857  0.10223559114957248 -1.3958893255114624  0.08084768120569219 -1.1387827422218326  0.059921521944765292 -0.87040844824445984  0.039458850237021684 -0.59116283816936599  0.019459951474258521 -0.30143806045644661  0.006435427361533741 -0.10155810975493824  0 -2.9801670797938802e-13 
 2.3807280001639499e-07 4 0.00054357340900110013 1 0.0010869087452021837 1 0.0016302440814032675 1 0.0021735794176043514 1 0.0027169147538054351 1 0.0032602500900065189 1 0.0038035854262076026 1 0.0043469207624086863 1 0.0048902560986097696 1 0.0054335914348108538 1 0.0059769267710119379 1 0.0065202621072130212 1 0.0070635974434141045 1 0.0076069327796151887 1 0.0081502681158162719 1 0.0086936034520173552 1 0.0092369387882184385 1 0.0097802741244195218 1 0.010323609460620607 1 0.01086694479682169 1 0.011410280133022773 1 0.011953615469223858 1 0.012496950805424942 1 0.013040286141626025 1 0.013583621477827108 1 0.014126956814028192 1 0.014670292150229277 1 0.01521362748643036 1 0.015756962822631445 1 0.016300298158832528 1 0.016843633495033612 1 0.017386968831234695 1 0.017930304167435778 1 0.018473639503636861 1 0.019016974839837945 1 0.019560310176039028 1 0.020103645512240115 1 0.020646980848441198 1 0.021190316184642281 1 0.021733651520843365 1 0.022276986857044448 1 0.022820322193245531 1 0.023363657529446615 1 0.023906992865647701 4
1 0 -3.1352698215414421e-13 0 1 
1 6.2831853071795862 -3.1352698215414421e-13 0 1 
1 0 0 0 -1 
1 6.2831853071795862 0 0 -1 
1 3.1415926535897647 0 0 -1 
1 3.1415926535897647 0 0 -1 
7 0 0  3 47 45  4.1887902047863772 4.0949849984506033  4.1823627911499459 3.9935532886634322  4.1693559098783899 3.7939385851637968  4.1493887746231346 3.5046423200750012  4.1289636170887833 3.225849429807317  4.1080811798718386 2.9579446994875025  4.0867436549384344 2.7013165190172557  4.0649549859195311 2.4563565927322117  4.0427209506266371 2.2234585198150207  4.020049289306562 2.003016814001866  3.9969498232363381 1.7954245262541431  3.9734345005620932 1.6010752671246704  3.949517656746981 1.4203483170486657  3.9252153821026781 1.2536563345423704  3.9005464516628945 1.1013781821544415  3.875532533849011 0.9638437618514758  3.8501974693140992 0.84138151762254643  3.8245673926555219 0.73430325213256986  3.7986705673047991 0.64290576218167694  3.7725373137973062 0.56746808398311122  3.7461996369199686 0.50824988188588793  3.7196917521457582 0.46549026330197246  3.6930471132577778 0.43940456278647377  3.6663083487753259 0.43018984061527432  3.6394888968977761 0.43799875643237962  3.6126690197987408 0.46285789766072388  3.5859701788724565 0.50464955529312405  3.5594585524825879 0.56312122847184354  3.533158557830443 0.63802602151191878  3.5071053999897859 0.72909243469393259  3.4813289328924726 0.83602686977511909  3.4558574502459445 0.95849669800474224  3.4307168410986324 1.0961583134824298  3.405930710484284 1.2486535303999879  3.3815203028946672 1.4156154771731344  3.3575043372814304 1.5966605327579741  3.33389897449032 1.7913877094832082  3.3107181516928095 1.999398719641009  3.287973487784158 2.2202900537905976  3.2656744098482942 2.4536572373900971  3.2438282447393663 2.6990956729397011  3.2224403347954809 2.9562022562292229  3.2015141755345562 3.2245765502065789  3.181051503826807 3.5038221602816573  3.1610526050640386 3.7935469379944768  3.148028080951315 3.9934268886959612  3.1415926535897838 4.094984998450613 
 2.3807280002418399e-07 4 0.00054357340900110782 1 0.0010869087452021913 1 0.0016302440814032748 1 0.0021735794176043588 1 0.0027169147538054425 1 0.0032602500900065258 1 0.0038035854262076095 1 0.0043469207624086932 1 0.0048902560986097765 1 0.0054335914348108607 1 0.005976926771011944 1 0.0065202621072130273 1 0.0070635974434141114 1 0.0076069327796151947 1 0.0081502681158162789 1 0.0086936034520173622 1 0.0092369387882184455 1 0.0097802741244195288 1 0.010323609460620614 1 0.010866944796821697 1 0.01141028013302278 1 0.011953615469223864 1 0.012496950805424947 1 0.01304028614162603 1 0.013583621477827115 1 0.014126956814028199 1 0.014670292150229282 1 0.015213627486430365 1 0.015756962822631448 1 0.016300298158832532 1 0.016843633495033615 1 0.017386968831234698 1 0.017930304167435782 1 0.018473639503636865 1 0.019016974839837948 1 0.019560310176039031 1 0.020103645512240115 1 0.020646980848441202 1 0.021190316184642285 1 0.021733651520843368 1 0.022276986857044451 1 0.022820322193245535 1 0.023363657529446618 1 0.023906992865647701 4
7 0 0  3 47 45  6.2831853071795862 -2.9801670797938802e-13  6.2767578935431585 -0.10143170978747058  6.2637510122716016 -0.30104641328713577  6.2437838770163401 -0.59034267837599819  6.2233587194819817 -0.8691355686436798  6.202476282265037 -1.1370402989634583  6.1811387573316221 -1.3936684794338685  6.1593500883127179 -1.6386284057188003  6.1371160530198177 -1.8715264786361225  6.114444391699748 -2.0919681844491991  6.0913449256295173 -2.299560472196982  6.067829602955273 -2.4939097313266023  6.043912759140154 -2.674636681402403  6.0196104844958569 -2.8413286639088828  5.9949415540560684 -2.9936068162966358  5.9699276362421836 -3.1311412365996283  5.9445925717072772 -3.2536034808284588  5.9189624950486932 -3.3606817463182543  5.8930656696979691 -3.4520792362692672  5.866932416190485 -3.5275169144677188  5.8405947393131434 -3.5867351165648778  5.8140868545389432 -3.6294947351487266  5.7874422156509615 -3.6555804356641985  5.7607034511685189 -3.6647951578355347  5.7338839992909501 -3.6569862420183856  5.7070641221919312 -3.6321271007899094  5.6803652812656571 -3.5903354431581618  5.6538536548757881 -3.5318637699791831  5.6275536602236276 -3.4569589769385409  5.6015005023829945 -3.365892563756911  5.5757240352856847 -3.2589581286757583  5.5502525526391437 -3.1364883004461115  5.5251119434918206 -2.9988266849683494  5.5003258128774641 -2.8463314680507792  5.4759154052878483 -2.6793695212774629  5.4518994396746123 -2.4983244656928036  5.4282940768835033 -2.3035972889676151  5.4051132540860003 -2.0955862788097521  5.3823685901773413 -1.8746949446602885  5.3600695122414903 -1.6413277610607158  5.3382233471325584 -1.3958893255110469  5.3168354371886819 -1.1387827422217247  5.2959092779277546 -0.87040844824421693  5.2754466062200152 -0.5911628381691959  5.2554477074572468 -0.30143806045638588  5.2424231833445276 -0.10155810975493505  5.2359877559830021 -3.0459728952315694e-13 
 2.3807280001657199e-07 4 0.00054357340900110034 1 0.001086908745202184 1 0.0016302440814032677 1 0.0021735794176043514 1 0.0027169147538054351 1 0.0032602500900065189 1 0.0038035854262076026 1 0.0043469207624086863 1 0.0048902560986097696 1 0.0054335914348108538 1 0.0059769267710119379 1 0.0065202621072130212 1 0.0070635974434141045 1 0.0076069327796151887 1 0.0081502681158162737 1 0.008693603452017357 1 0.0092369387882184403 1 0.0097802741244195236 1 0.010323609460620609 1 0.010866944796821692 1 0.011410280133022775 1 0.01195361546922386 1 0.012496950805424943 1 0.013040286141626027 1 0.01358362147782711 1 0.014126956814028193 1 0.014670292150229278 1 0.015213627486430362 1 0.015756962822631445 1 0.016300298158832528 1 0.016843633495033612 1 0.017386968831234695 1 0.017930304167435778 1 0.018473639503636861 1 0.019016974839837945 1 0.019560310176039028 1 0.020103645512240115 1 0.020646980848441198 1 0.021190316184642281 1 0.021733651520843365 1 0.022276986857044448 1 0.022820322193245531 1 0.023363657529446615 1 0.023906992865647701 4
7 0 0  3 47 45  5.2359877559829755 4.0949849984505171  5.2295839320178112 3.9939263689877786  5.2166124839715948 3.7948272288575606  5.1966582892224045 3.5056521487282097  5.1762011697981389 3.2263671863488126  5.1552362025241409 2.9573985803901506  5.1337625942970968 2.6992099732253423  5.1117708566722104 2.452176065166582  5.0893401538392302 2.2175911080223756  5.0664758705466122 1.9957832787739027  5.0431938836719183 1.7871845155937265  5.0195099981168418 1.5921885325219167  4.9954441953128041 1.4111828297561113  4.9710144394695854 1.2445504828835743  4.9462383539469572 1.0926123953554432  4.9211401504173233 0.95566580162868309  4.8957451139126782 0.83399657818446382  4.8700809690482041 0.72787358962560811  4.8441773583897669 0.63754790392263005  4.8180657818871619 0.56325090712702541  4.7917793724569782 0.505192564507285  4.7653526663815908 0.46356101155040352  4.7388213730813948 0.43851768813520431  4.7122219879452425 0.43021015871780977  4.6855918953420801 0.43871999192513139  4.6589691499758228 0.46403559121616561  4.6323917345481149 0.50615721675665026  4.6058962568582666 0.56505340666853654  4.5795225996506357 0.64064687839449341  4.553294752834419 0.73291691969084882  4.5273643919507549 0.84122114593049713  4.5017577847437362 0.96516928647104083  4.4765123292480169 1.1043220590029406  4.451657870128316 1.2582220291449859  4.4272259164360301 1.4263667508237425  4.4032307320325863 1.6083034342665996  4.3796750421690271 1.8036511750613036  4.3565730236085942 2.0119572786119941  4.3339328273302398 2.2327889447867131  4.3117614068334849 2.465710730549882  4.2900633889702107 2.710292422500495  4.2688415510216338 2.9661085933234932  4.2480968891218209 3.2327400940469264  4.227828752666813 3.5097752007363008  4.2080351420187405 3.7968093067602586  4.1951532400036093 3.9945697084049203  4.1887902047863772 4.0949849984506033 
 0.021083081545962799 4 0.021627476096348554 1 0.022171870646734308 1 0.022716265197120063 1 0.023260659747505817 1 0.023805054297891572 1 0.024349448848277326 1 0.024893843398663081 1 0.025438237949048835 1 0.025982632499434589 1 0.026527027049820344 1 0.027071421600206098 1 0.027615816150591853 1 0.028160210700977607 1 0.028704605251363362 1 0.029248999801749116 1 0.029793394352134871 1 0.030337788902520625 1 0.03088218345290638 1 0.031426578003292134 1 0.031970972553677889 1 0.032515367104063643 1 0.033059761654449397 1 0.033604156204835152 1 0.034148550755220913 1 0.034692945305606668 1 0.035237339855992422 1 0.035781734406378177 1 0.036326128956763931 1 0.036870523507149686 1 0.03741491805753544 1 0.037959312607921195 1 0.038503707158306949 1 0.039048101708692703 1 0.039592496259078458 1 0.040136890809464212 1 0.040681285359849967 1 0.041225679910235721 1 0.041770074460621476 1 0.04231446901100723 1 0.042858863561392985 1 0.043403258111778739 1 0.043947652662164494 1 0.044492047212550248 1 0.045036441762936003 4
7 0 0  3 47 45  5.2359877559830021 -3.0459728952315694e-13  5.2296247207657691 -0.10041529004603861  5.2167428187506362 -0.29817569169073554  5.196949208102569 -0.58520979771463211  5.1766810716475566 -0.86224490440400259  5.1559364097477465 -1.1288764051273665  5.1347145717991634 -1.3846925759503663  5.1130165539358972 -1.6292742679009122  5.0908451334391351 -1.8621960536642173  5.0682049371607842 -2.0830277198388401  5.0451029186003549 -2.2913338233897655  5.021547228736793 -2.4866815641841806  4.9975520443333412 -2.6686182476272156  4.973120090641066 -2.8367629693059091  4.9482656315213562 -2.9906629394479878  4.9230201760256431 -3.1298157119798717  4.8974135688186244 -3.2537638525203678  4.8714832079349595 -3.3620680787601374  4.845255361118741 -3.4543381200563497  4.8188817039111118 -3.5299315917824861  4.7923862262212644 -3.5888277816942389  4.7658088107935583 -3.630949407234743  4.7391860654272921 -3.6562650065257896  4.7125559728241395 -3.6647748397330853  4.6859565876879801 -3.656467310315676  4.659425294387785 -3.6314239869004816  4.6329985883124003 -3.5897924339436553  4.6067121788822138 -3.5317340913237327  4.5806006023796089 -3.4574370945283581  4.554696991721177 -3.3671114088252585  4.5290328468566985 -3.2609884202664663  4.5036378103520542 -3.1393191968222389  4.4785396068224168 -3.0023726030954618  4.4537635212997957 -2.8504345155672461  4.4293337654565752 -2.6838021686948292  4.4052679626525331 -2.5027964659290012  4.3815840770974619 -2.3078004828571803  4.3583020902227654 -2.0992017196770121  4.3354378069301518 -1.8773938904285046  4.3130071040971609 -1.6428089332843532  4.291015366472287 -1.3957750252256176  4.2695417582452393 -1.1375864180606523  4.2485767909712422 -0.86861781210212408  4.2281196715469722 -0.58933284972261968  4.2081654767977845 -0.30015776959337437  4.195194028751569 -0.10105862946316041  4.1887902047864038 -3.9382275817135442e-13 
 0.0087116111404383096 4 0.0092546308792082529 1 0.0097976506179781962 1 0.010340670356748138 1 0.010883690095518081 1 0.011426709834288024 1 0.011969729573057968 1 0.012512749311827911 1 0.013055769050597854 1 0.013598788789367797 1 0.014141808528137739 1 0.014684828266907682 1 0.015227848005677625 1 0.015770867744447567 1 0.01631388748321751 1 0.016856907221987454 1 0.017399926960757397 1 0.01794294669952734 1 0.018485966438297283 1 0.019028986177067227 1 0.019572005915837166 1 0.020115025654607113 1 0.020658045393377053 1 0.021201065132147 1 0.02174408487091694 1 0.022287104609686883 1 0.022830124348456826 1 0.023373144087226769 1 0.023916163825996713 1 0.024459183564766653 1 0.025002203303536599 1 0.025545223042306539 1 0.026088242781076486 1 0.026631262519846426 1 0.027174282258616372 1 0.027717301997386312 1 0.028260321736156259 1 0.028803341474926199 1 0.029346361213696139 1 0.029889380952466085 1 0.030432400691236025 1 0.030975420430005972 1 0.031518440168775912 1 0.032061459907545858 1 0.032604479646315798 4
7 0 0  3 47 45  6.2831853071795862 4.0949849984505837  6.2767578935431478 3.9935532886634273  6.2637510122715838 3.7939385851637795  6.2437838770163339 3.5046423200749208  6.2233587194819702 3.2258494298072287  6.2024762822650326 2.9579446994874306  6.1811387573316221 2.7013165190169861  6.1593500883127232 2.4563565927320625  6.1371160530198248 2.2234585198147383  6.1144443916997595 2.0030168140018132  6.091344925629528 1.7954245262538984  6.0678296029552863 1.6010752671244024  6.0439127591401753 1.420348317048634  6.0196104844958782 1.2536563345421725  5.9949415540560977 1.1013781821544202  5.9699276362422102 0.96384376185146581  5.9445925717073012 0.84138151762255642  5.9189624950487199 0.73430325213266956  5.8930656696979877 0.64290576218165563  5.8669324161905045 0.56746808398311888  5.8405947393131585 0.50824988188582909  5.8140868545389495 0.46549026330186438  5.7874422156509677 0.43940456278631917  5.7607034511685251 0.43018984061489657  5.7338839992909598 0.43799875643199637  5.70706412219194 0.46285789766080621  5.6803652812656598 0.50464955529299038  5.6538536548757916 0.56312122847192425  5.6275536602236409 0.63802602151206622  5.6015005023829936 0.72909243469359442  5.5757240352856829 0.83602686977492036  5.5502525526391366 0.95849669800452664  5.5251119434918223 1.0961583134825859  5.5003258128774597 1.2486535304001498  5.4759154052878429 1.4156154771734564  5.4518994396746043 1.5966605327580286  5.428294076883482 1.7913877094832564  5.4051132540859843 1.999398719640965  5.3823685901773244 2.2202900537904893  5.360069512241469 2.4536572373899999  5.3382233471325442 2.6990956729395719  5.3168354371886615 2.9562022562291004  5.2959092779277368 3.2245765502063248  5.2754466062199965 3.5038221602815058  5.2554477074572246 3.7935469379943618  5.2424231833445019 3.9934268886958648  5.2359877559829755 4.0949849984505171 
 2.3807280001637699e-07 4 0.00054357340900110013 1 0.0010869087452021837 1 0.0016302440814032675 1 0.0021735794176043514 1 0.0027169147538054351 1 0.0032602500900065189 1 0.0038035854262076026 1 0.0043469207624086863 1 0.0048902560986097696 1 0.0054335914348108538 1 0.0059769267710119379 1 0.0065202621072130212 1 0.0070635974434141045 1 0.0076069327796151887 1 0.0081502681158162719 1 0.0086936034520173552 1 0.0092369387882184385 1 0.0097802741244195218 1 0.010323609460620607 1 0.01086694479682169 1 0.011410280133022773 1 0.011953615469223858 1 0.012496950805424942 1 0.013040286141626025 1 0.013583621477827108 1 0.014126956814028192 1 0.014670292150229277 1 0.01521362748643036 1 0.015756962822631445 1 0.016300298158832528 1 0.016843633495033612 1 0.017386968831234695 1 0.017930304167435778 1 0.018473639503636861 1 0.019016974839837945 1 0.019560310176039028 1 0.020103645512240115 1 0.020646980848441198 1 0.021190316184642281 1 0.021733651520843365 1 0.022276986857044448 1 0.022820322193245531 1 0.023363657529446615 1 0.023906992865647701 4
7 0 0  3 47 45  4.1887902047864038 -3.9382275817135442e-13  4.182362791149969 -0.10143170978759354  4.1693559098784059 -0.30104641328733311  4.1493887746231479 -0.59034267837631726  4.1289636170887851 -0.86913556864389152  4.1080811798718377 -1.1370402989637516  4.0867436549384237 -1.3936684794339611  4.0649549859195151 -1.638628405718815  4.042720950626622 -1.8715264786360089  4.0200492893065407 -2.0919681844488633  3.9969498232363199 -2.2995604721967924  3.9734345005620715 -2.4939097313261103  3.9495176567469725 -2.6746366814020246  3.9252153821026652 -2.8413286639085413  3.9005464516628869 -2.993606816296305  3.8755325338490016 -3.131141236599388  3.8501974693140895 -3.2536034808282732  3.8245673926555108 -3.3606817463181282  3.7986705673047818 -3.4520792362691317  3.7725373137972875 -3.5275169144676832  3.7461996369199446 -3.5867351165648955  3.71969175214574 -3.6294947351488243  3.6930471132577605 -3.6555804356642625  3.6663083487753179 -3.6647951578355347  3.6394888968977579 -3.6569862420184283  3.612669019798735 -3.632127100789817  3.5859701788724565 -3.59033544315764  3.5594585524825813 -3.5318637699788247  3.5331585578304412 -3.4569589769385352  3.5071053999897903 -3.3658925637567751  3.4813289328924806 -3.2589581286756122  3.4558574502459427 -3.1364883004460409  3.4307168410986177 -2.9988266849684284  3.4059307104842742 -2.8463314680508671  3.3815203028946517 -2.6793695212777768  3.3575043372814242 -2.4983244656931789  3.333898974490312 -2.3035972889679064  3.3107181516928166 -2.0955862788101749  3.2879734877841522 -1.8746949446606762  3.2656744098482955 -1.6413277610610637  3.2438282447393623 -1.3958893255114626  3.2224403347954875 -1.1387827422218735  3.2015141755345549 -0.87040844824449659  3.1810515038268128 -0.59116283816933013  3.1610526050640502 -0.30143806045648158  3.1480280809513315 -0.10155810975498196  3.1415926535898024 -3.2305773131243915e-13 
 2.3807279999588001e-07 4 0.00054357340900108018 1 0.0010869087452021644 1 0.0016302440814032488 1 0.0021735794176043328 1 0.0027169147538054169 1 0.0032602500900065015 1 0.0038035854262075857 1 0.0043469207624086698 1 0.004890256098609754 1 0.0054335914348108381 1 0.0059769267710119223 1 0.0065202621072130073 1 0.0070635974434140915 1 0.0076069327796151756 1 0.0081502681158162598 1 0.0086936034520173448 1 0.0092369387882184299 1 0.0097802741244195131 1 0.010323609460620598 1 0.010866944796821681 1 0.011410280133022766 1 0.01195361546922385 1 0.012496950805424935 1 0.01304028614162602 1 0.013583621477827103 1 0.014126956814028188 1 0.014670292150229271 1 0.015213627486430356 1 0.015756962822631438 1 0.016300298158832521 1 0.016843633495033608 1 0.017386968831234691 1 0.017930304167435775 1 0.018473639503636861 1 0.019016974839837945 1 0.019560310176039028 1 0.020103645512240111 1 0.020646980848441198 1 0.021190316184642281 1 0.021733651520843365 1 0.022276986857044451 1 0.022820322193245535 1 0.023363657529446618 1 0.023906992865647701 4
1 9.4247779607693793 -4.0949849984509115 -1 0 
1 6.2831853071795862 -3.0198066269804163e-14 -1 4.5234555469703209e-15 
1 0 0 1 0 
1 3.1415926535897931 3.6072844818968108 -1 -7.7746892213552625e-15 
1 9.4247779607693793 -21.996357759051598 -1 0 
1 -3.1415926535897931 -4.4612734324098743e-14 1 7.8348548331318975e-15 
1 3.1415926535897931 -3.1239999999999952 1 0 
1 0 -3.6072844818967802 1 0 
1 0 0 0 -1 
1 6.2831853071795862 0 0 -1 
1 6.2831853071795862 -180.35533905932721 -1 0 
1 3.1415926535897931 0 0 -1 
1 3.1415926535897931 0 0 -1 
1 -3.1415926535897931 -175.35533905932721 1 0 
1 0 0 0 -1 
1 6.2831853071795862 0 0 -1 
1 7.8539816339744828 -40.35533905932698 -1 0 
1 3.1415926535897931 0 0 -1 
1 3.1415926535897931 0 0 -1 
1 -4.7123889803846897 -35.35533905932698 1 0 
1 3.1415926535897931 0 1 0 
1 3.1415926535897931 0 0 -1 
1 3.1415926535897931 0 0 -1 
1 3.1415926535897931 -8 1 0 
1 6.2831853071795862 0 0 -1 
1 0 0 0 -1 
1 3.1415926535897931 0 1 0 
1 3.1415926535897931 0 0 -1 
1 3.1415926535897931 0 0 -1 
1 -1.5707963267948966 -60 1 0 
1 6.2831853071795862 0 0 -1 
1 0 0 0 -1 
1 3.1415926535897927 0 1 0 
1 5.2893203256211914 0 0 -1 
1 3.1415926535897936 -40 1 0 
1 4.1354576351481889 0 0 1 
1 -1.5707963267948966 -60 1 0 
1 6.2831853071795862 -180.35533905932721 -1 0 
1 1.5707963267948966 -35.35533905932698 1 0 
1 -3.1415926535897931 -8 1 0 
1 3.1415926535897931 -175.35533905932721 1 0 
1 7.8539816339744828 -40.35533905932698 -1 0 
1 -3.1415926535897922 0 1 0 
1 2.1477276720312966 0 0 -1 
1 -3.141592653589794 -40 1 0 
1 0.99386498155849667 0 0 1 
1 -3.1415926535897931 0 1 0 
1 -3.1415926535897931 0 1 0 
Curves 986
2 -142.66967747883399 200.55512611807899 -32.765315427554 0 0 -1 0 1 0 1 -0 0 7.1500000000000101
1 -135.89375819452499 198.272711201259 -20.065315427554001 0 0 -1 
2 -142.66967747883399 200.55512611807899 -20.065315427554001 0 0 -1 0 1 0 1 -0 0 7.1500000000000101
1 -142.66967747883399 193.40512611807901 -20.065315427554001 0 -0 -1 
2 11.3303225211656 91.005126118078707 -32.765315427554 0 0 -1 0 1 0 1 -0 0 7.1500000000000101
1 18.106241805475001 88.722711201258704 -20.065315427554001 0 0 -1 
2 11.3303225211656 91.005126118078707 -20.065315427554001 0 0 -1 0 1 0 1 -0 0 7.1500000000000101
1 11.3303225211656 83.855126118078701 -20.065315427554001 0 -0 -1 
2 12.9303225211655 200.55512611807899 -32.765315427554 0 0 -1 0 -1 0 -1 -0 -0 7.1499999999999897
1 19.706241805474999 202.837541034899 -20.065315427554001 0 0 -1 
2 12.9303225211655 200.55512611807899 -20.065315427554001 0 0 -1 0 -1 0 -1 -0 -0 7.1499999999999897
1 12.9303225211655 193.40512611807901 -20.065315427554001 0 -0 -1 
2 -141.069677478834 91.005126118078707 -32.765315427554 0 0 -1 0 -1 0 -1 -0 -0 7.1500000000000101
1 -134.293758194525 93.287541034898794 -20.065315427554001 0 0 -1 
2 -141.069677478834 91.005126118078707 -20.065315427554001 0 0 -1 0 -1 0 -1 -0 -0 7.1500000000000101
1 -141.069677478834 83.855126118078701 -20.065315427554001 0 -0 -1 
2 -64.869677478834504 148.15512611807901 -18.535315427554 0 0 1 0 -1 0 1 0 -0 75.400000000000006
1 -64.869677478834404 72.755126118078707 -18.535315427554 0 0 -1 
2 -64.869677478834504 148.15512611807901 -20.065315427554001 0 0 1 0 -1 0 1 0 -0 75.400000000000006
1 -64.869677478834504 223.55512611807899 -18.535315427554 0 0 -1 
1 -134.293758194525 203.022711201259 -20.065315427554001 0 0 -1 
2 -141.069677478834 205.30512611807899 -32.765315427554 0 0 -1 0 1 0 1 -0 0 7.1500000000000101
1 -141.069677478834 212.45512611807899 -20.065315427554001 0 0 -1 
2 -141.069677478834 205.30512611807899 -20.065315427554001 0 0 -1 0 1 0 1 -0 0 7.1500000000000101
1 19.706241805474999 93.472711201258704 -20.065315427554001 0 0 -1 
2 12.9303225211655 95.755126118078707 -32.765315427554 0 0 -1 0 1 0 1 -0 0 7.1500000000000101
1 12.9303225211655 102.905126118079 -20.065315427554001 0 0 -1 
2 12.9303225211655 95.755126118078707 -20.065315427554001 0 0 -1 0 1 0 1 -0 0 7.1500000000000101
1 18.106241805475001 207.587541034899 -20.065315427554001 0 0 -1 
2 11.3303225211656 205.30512611807899 -32.765315427554 0 0 -1 0 -1 0 -1 -0 -0 7.1500000000000004
1 11.3303225211656 212.45512611807899 -20.065315427554001 0 0 -1 
2 11.3303225211656 205.30512611807899 -20.065315427554001 0 0 -1 0 -1 0 -1 -0 -0 7.1500000000000004
1 -135.89375819452499 98.037541034898794 -20.065315427554001 0 0 -1 
2 -142.66967747883399 95.755126118078707 -32.765315427554 0 0 -1 0 -1 0 -1 -0 -0 7.1500000000000101
1 -142.66967747883399 102.905126118079 -20.065315427554001 0 0 -1 
2 -142.66967747883399 95.755126118078707 -20.065315427554001 0 0 -1 0 -1 0 -1 -0 -0 7.1500000000000101
2 -64.869677478834504 148.15512611807901 23.704684572445899 0 0 1 0 -1 0 1 0 -0 79.400000000000006
1 -144.064816218532 142.45512611807899 -32.766315427553998 0 0 1 
2 -64.869677478834504 148.15512611807901 -18.535315427554 0 0 1 0 -1 0 1 0 -0 79.400000000000006
1 -70.569677478834393 68.959987378380802 -32.766315427553998 0 0 1 
2 -64.869677478834504 148.15512611807901 -18.535315427554 0 0 1 0 -1 0 1 0 -0 79.400000000000006
1 -144.064816218532 153.855126118079 -32.766315427553998 0 0 1 
2 -64.869677478834504 148.15512611807901 23.704684572445899 0 0 1 0 -1 0 1 0 -0 79.400000000000006
1 -70.569677478834393 227.35026485777701 -32.766315427553998 0 0 1 
2 -64.869677478834504 148.15512611807901 -18.535315427554 0 0 1 0 -1 0 1 0 -0 79.400000000000006
1 -59.169677478834501 227.35026485777701 -32.766315427553998 0 0 1 
2 -64.869677478834504 148.15512611807901 23.704684572445899 0 0 1 0 -1 0 1 0 -0 79.400000000000006
1 14.3254612608635 153.855126118079 -32.766315427553998 0 0 1 
1 -153.719677478834 68.755126118078707 -20.065315427554001 -1 0 0 
1 -153.719677478834 68.755126118078707 -32.765315427554 0 0 1 
1 -153.719677478834 68.755126118078707 -32.765315427554 -1 0 0 
1 23.980322521165501 68.755126118078707 -32.765315427554 0 0 1 
1 -153.719677478834 68.755126118078707 -20.065315427554001 -0.70710678118654746 0.70710678118654746 0 
1 -160.11967747883401 75.155126118078698 -32.765315427554 0 0 1 
1 -153.719677478834 68.755126118078707 -32.765315427554 -0.70710678118654746 0.70710678118654746 0 
1 -160.11967747883401 75.155126118078698 -20.065315427554001 2.85160023448242e-16 1 0 
1 -160.11967747883401 221.15512611807901 -32.765315427554 0 0 1 
1 -160.11967747883401 75.155126118078698 -32.765315427554 2.85160023448242e-16 1 0 
1 -160.11967747883401 221.15512611807901 -20.065315427554001 0.70710678118654702 0.70710678118654802 0 
1 -153.719677478834 227.55512611807899 -32.765315427554 0 0 1 
1 -160.11967747883401 221.15512611807901 -32.765315427554 0.70710678118654702 0.70710678118654802 0 
1 -153.719677478834 227.55512611807899 -20.065315427554001 1 0 0 
1 23.980322521165501 227.55512611807899 -32.765315427554 0 0 1 
1 -153.719677478834 227.55512611807899 -32.765315427554 1 0 0 
1 30.3803225211655 221.15512611807901 -20.065315427554001 0.70710678118654702 -0.70710678118654802 0 
1 30.3803225211655 221.15512611807901 -32.765315427554 0 0 1 
1 30.3803225211655 221.15512611807901 -32.765315427554 0.70710678118654702 -0.70710678118654802 0 
1 30.3803225211655 75.155126118078698 -20.065315427554001 -1.90106682298828e-16 -1 0 
1 30.3803225211655 75.155126118078698 -32.765315427554 0 0 1 
1 30.3803225211655 75.155126118078698 -32.765315427554 -1.90106682298828e-16 -1 0 
1 23.980322521165501 68.755126118078707 -20.065315427554001 -0.70710678118654702 -0.70710678118654802 0 
1 23.980322521165501 68.755126118078707 -32.765315427554 -0.70710678118654702 -0.70710678118654802 0 
1 -134.293758194525 203.022711201259 -32.765315427554 -0.31921886948531802 -0.94768101878454614 -0 
2 -141.069677478834 205.30512611807899 -32.765315427554 0 0 -1 0 1 0 1 -0 0 7.1500000000000101
1 -147.84559676314399 207.587541034899 -32.765315427554 0.31921886948532108 0.94768101878454525 0 
2 -142.66967747883399 200.55512611807899 -32.765315427554 0 0 -1 0 1 0 1 -0 0 7.1500000000000101
1 4.5544032368560199 93.287541034898794 -32.765315427554 0.31921886948531802 0.94768101878454614 0 
2 11.3303225211656 91.005126118078707 -32.765315427554 0 0 -1 0 1 0 1 -0 0 7.1500000000000101
1 18.106241805475001 88.722711201258704 -32.765315427554 -0.31921886948532108 -0.94768101878454525 0 
2 12.9303225211655 95.755126118078707 -32.765315427554 0 0 -1 0 1 0 1 -0 0 7.1500000000000101
1 18.106241805475001 207.587541034899 -32.765315427554 0.31921886948532108 -0.94768101878454525 0 
2 11.3303225211656 205.30512611807899 -32.765315427554 0 0 -1 0 -1 0 -1 -0 -0 7.1500000000000004
1 4.5544032368560501 203.022711201259 -32.765315427554 -0.31921886948532407 0.94768101878454414 0 
2 12.9303225211655 200.55512611807899 -32.765315427554 0 0 -1 0 -1 0 -1 -0 -0 7.1499999999999897
1 -147.84559676314399 88.722711201258704 -32.765315427554 -0.31921886948532108 0.94768101878454525 0 
2 -141.069677478834 91.005126118078707 -32.765315427554 0 0 -1 0 -1 0 -1 -0 -0 7.1500000000000101
1 -134.293758194525 93.287541034898794 -32.765315427554 0.31921886948531802 -0.94768101878454614 0 
2 -142.66967747883399 95.755126118078707 -32.765315427554 0 0 -1 0 -1 0 -1 -0 -0 7.1500000000000101
2 -141.069677478834 205.30512611807899 -20.065315427554001 0 0 -1 0 1 0 1 -0 0 7.1500000000000101
1 -134.293758194525 203.022711201259 -20.065315427554001 -0.31921886948531802 -0.94768101878454614 -0 
2 -142.66967747883399 200.55512611807899 -20.065315427554001 0 0 -1 0 1 0 1 -0 0 7.1500000000000101
1 -147.84559676314399 207.587541034899 -20.065315427554001 0.31921886948532108 0.94768101878454525 0 
2 -141.069677478834 91.005126118078707 -20.065315427554001 0 0 -1 0 -1 0 -1 -0 -0 7.1500000000000101
1 -147.84559676314399 88.722711201258704 -20.065315427554001 -0.31921886948532108 0.94768101878454525 0 
2 -142.66967747883399 95.755126118078707 -20.065315427554001 0 0 -1 0 -1 0 -1 -0 -0 7.1500000000000101
1 -134.293758194525 93.287541034898794 -20.065315427554001 0.31921886948531802 -0.94768101878454614 0 
2 -64.869677478834504 148.15512611807901 -20.065315427554001 0 0 1 0 -1 0 1 0 -0 75.400000000000006
2 11.3303225211656 205.30512611807899 -20.065315427554001 0 0 -1 0 -1 0 -1 -0 -0 7.1500000000000004
1 18.106241805475001 207.587541034899 -20.065315427554001 0.31921886948532108 -0.94768101878454525 0 
2 12.9303225211655 200.55512611807899 -20.065315427554001 0 0 -1 0 -1 0 -1 -0 -0 7.1499999999999897
1 4.5544032368560501 203.022711201259 -20.065315427554001 -0.31921886948532407 0.94768101878454414 0 
2 11.3303225211656 91.005126118078707 -20.065315427554001 0 0 -1 0 1 0 1 -0 0 7.1500000000000101
1 4.5544032368560199 93.287541034898794 -20.065315427554001 0.31921886948531802 0.94768101878454614 0 
2 12.9303225211655 95.755126118078707 -20.065315427554001 0 0 -1 0 1 0 1 -0 0 7.1500000000000101
1 18.106241805475001 88.722711201258704 -20.065315427554001 -0.31921886948532108 -0.94768101878454525 0 
1 -147.84559676314399 88.722711201258704 -20.065315427554001 0 0 -1 
1 -149.44559676314401 93.472711201258704 -20.065315427554001 0 0 -1 
1 4.5544032368560501 203.022711201259 -20.065315427554001 0 0 -1 
1 6.15440323685604 198.272711201259 -20.065315427554001 0 0 -1 
1 4.5544032368560199 93.287541034898794 -20.065315427554001 0 0 -1 
1 6.15440323685604 98.037541034898794 -20.065315427554001 0 0 -1 
1 -147.84559676314399 207.587541034899 -20.065315427554001 0 0 -1 
1 -149.44559676314401 202.837541034899 -20.065315427554001 0 0 -1 
1 -140.645123353825 142.45512611807899 -18.535315427554 -1 1.52182392800241e-15 0 
1 -140.645123353825 153.855126118079 -18.535315427554 0 -1 0 
1 -140.645123353825 153.855126118079 -18.535315427554 1 -5.5800210693421603e-15 0 
1 -70.569677478834507 223.93057199307 -18.535315427554 7.6091196400119995e-15 1 0 
1 -59.169677478834501 223.93057199307 -18.535315427554 -1 0 0 
1 -59.169677478834501 223.93057199307 -18.535315427554 7.8627569613457602e-15 -1 0 
1 10.905768396156301 153.855126118079 -18.535315427554 1 -7.6091196400119995e-15 0 
1 10.905768396156301 142.45512611807899 -18.535315427554 0 1 0 
1 10.905768396156301 142.45512611807899 -18.535315427554 -1 -7.8627569613457602e-15 -0 
2 -64.869677478834504 148.15512611807901 -18.535315427554 0 0 1 0 -1 0 1 0 -0 79.400000000000006
1 -59.169677478834501 72.379680243088004 -18.535315427554 -7.8627569613457302e-15 -1 -0 
1 -70.569677478834393 72.379680243088004 -18.535315427554 1 0 0 
1 -70.569677478834393 72.379680243088004 -18.535315427554 -7.8627569613457602e-15 1 0 
2 -64.869677478834504 148.15512611807901 -18.535315427554 0 0 1 0 -1 0 1 0 -0 75.400000000000006
1 -140.645123353825 142.45512611807899 23.704684572445899 1 -1.52182392800241e-15 0 
1 -70.569677478834393 72.379680243088004 23.704684572445899 7.8627569613457602e-15 -1 0 
1 -70.569677478834393 72.379680243088004 23.704684572445899 -1 0 0 
1 -59.169677478834501 72.379680243088004 23.704684572445899 7.8627569613457302e-15 1 0 
2 -64.869677478834504 148.15512611807901 23.704684572445899 0 0 1 0 -1 0 1 0 -0 79.400000000000006
1 10.905768396156301 142.45512611807899 23.704684572445899 1 7.8627569613457602e-15 0 
1 10.905768396156301 142.45512611807899 23.704684572445899 0 -1 0 
1 10.905768396156301 153.855126118079 23.704684572445899 -1 7.6091196400119995e-15 0 
1 -59.169677478834501 223.93057199307 23.704684572445899 -7.8627569613457602e-15 1 0 
1 -59.169677478834501 223.93057199307 23.704684572445899 1 0 0 
1 -70.569677478834507 223.93057199307 23.704684572445899 -7.6091196400119995e-15 -1 0 
1 -140.645123353825 153.855126118079 23.704684572445899 -1 5.5800210693421603e-15 0 
1 -140.645123353825 153.855126118079 23.704684572445899 0 1 0 
1 14.325461260863401 142.45512611807899 -32.766315427553998 0 0 1 
1 -59.169677478834501 68.959987378380802 -32.766315427553998 0 0 1 
1 -59.169677478834501 72.379680243088004 -32.766315427553998 0 0 1 
1 -70.569677478834393 72.379680243088004 -32.766315427553998 0 0 1 
1 10.905768396156301 153.855126118079 -32.766315427553998 0 0 1 
1 10.905768396156301 142.45512611807899 -32.766315427553998 0 0 1 
1 -70.569677478834507 223.93057199307 -32.766315427553998 0 0 1 
1 -59.169677478834501 223.93057199307 -32.766315427553998 0 0 1 
1 -140.645123353825 142.45512611807899 -32.766315427553998 0 0 1 
1 -140.645123353825 153.855126118079 -32.766315427553998 0 0 1 
1 -162.158399156006 210.87512611807901 280.524696984169 0 1 0 
2 -162.158399156006 206.12512611807901 278.524696984169 0 1 0 0 -0 1 1 0 -0 2
1 -161.402186214192 215.62512611807901 280.37622121750599 -0 -1 -0 
2 -162.158399156006 215.62512611807901 278.524696984169 0 1 0 0 -0 1 1 0 -0 2
1 -175.808042755759 215.62512611807901 231.504684572446 -0 -1 -0 
2 -175.808042755759 206.12512611807901 245.10468457244599 0 1 0 0 -0 1 1 0 -0 13.6
1 -175.808042755759 215.62512611807901 258.70468457244601 -0 -1 -0 
2 -175.808042755759 215.62512611807901 245.10468457244599 0 1 0 0 -0 1 1 0 -0 13.6
1 -27.928042755759101 215.62512611807901 103.704684572446 -0 -0 -1 
1 -115.86804275575901 215.62512611807901 23.704684572445899 -1 -0 -0 
1 -115.86804275575901 215.62512611807901 23.704684572445899 -0.46947156278589491 0 0.88294759285892477 
1 -215.33967747883401 215.62512611807901 210.783620547395 0.040755993073842096 0 0.99916912934125657 
2 -175.808042755759 215.62512611807901 245.10468457244599 0 1 0 0 -0 1 1 0 -0 38.100000000000001
2 -211.14727255622 215.62512611807901 252.47685095080499 0 1 0 0 0 -1 -1 0 0 2
1 -187.591778981685 215.62512611807901 267.26666915320499 0.8829475928589241 0 0.46947156278589608 
2 -162.158399156006 215.62512611807901 278.524696984169 0 1 0 0 -0 1 1 0 -0 2
2 -175.808042755759 215.62512611807901 245.10468457244599 0 1 0 0 -0 1 1 0 -0 38.100000000000101
1 -125.643342408694 215.62512611807901 258.424964005893 0.84804809615642851 0 -0.52991926423320079 
1 -7.92804275575907 215.62512611807901 37.034684572445897 0.46947156278589491 0 -0.88294759285892477 
7 0 0  3 4 2  -109.119976749632 215.62512611807901 107.896109354524  -109.301186004215 215.62512611807901 108.07274302244301  -111.312457701531 215.62512611807901 110.07616722530599  -111.53059111366299 215.62512611807901 110.238687289848 
 5 4 6 4
7 0 0  2 3 2  -108.33762353143101 215.62512611807901 108.069723873675  -108.557653625775 215.62512611807901 107.515425548237  -109.119976749632 215.62512611807901 107.896109354524 
 4 3 5 3
7 0 0  2 3 2  -106.61159094764 215.62512611807901 112.51385011468101  -106.543639570118 215.62512611807901 112.640643303727  -108.33762353143101 215.62512611807901 108.069723873675 
 3 3 4 3
7 0 0  3 4 2  -107.296949610052 215.62512611807901 113.147985799388  -106.442631321465 215.62512611807901 113.362010804356  -106.57782310739501 215.62512611807901 112.57719087542  -106.61159094764 215.62512611807901 112.51385011468101 
 2 4 3 4
7 0 0  3 4 2  -111.403911969815 215.62512611807901 110.94891319569101  -111.333637491007 215.62512611807901 111.026360271985  -107.37101914709601 215.62512611807901 113.144395856733  -107.296949610052 215.62512611807901 113.147985799388 
 1 4 2 4
7 0 0  3 4 2  -111.53059111366299 215.62512611807901 110.238687289848  -111.862195571622 215.62512611807901 110.716846641703  -111.441051118085 215.62512611807901 110.947116402408  -111.403911969815 215.62512611807901 110.94891319569101 
 0 4 1 4
7 0 0  2 3 2  -120.06245224496899 215.62512611807901 118.61172931036199  -120.383222781516 215.62512611807901 119.115240952306  -119.97481160046399 215.62512611807901 119.357191369489 
 0 3 1 3
1 -117.402961033509 215.62512611807901 115.972372629511 -0.70978851721621883 0 0.70441483575234376 
7 0 0  2 3 2  -116.805959240891 215.62512611807901 115.889971467583  -117.22900122354901 215.62512611807901 115.69663027369801  -117.402961033509 215.62512611807901 115.972372629511 
 8 3 9 3
7 0 0  2 3 2  -110.10700689028199 215.62512611807901 119.42450093474901  -116.889808261385 215.62512611807901 115.836510926128  -116.805959240891 215.62512611807901 115.889971467583 
 7 3 8 3
7 0 0  2 3 2  -109.802141074842 215.62512611807901 119.76038935120199  -109.829573942889 215.62512611807901 119.56142415423101  -110.10700689028199 215.62512611807901 119.42450093474901 
 6 3 7 3
7 0 0  2 3 2  -109.321923564168 215.62512611807901 121.08070269109101  -109.667718329934 215.62512611807901 120.050911583936  -109.802141074842 215.62512611807901 119.76038935120199 
 5 3 6 3
7 0 0  2 3 2  -109.411969203591 215.62512611807901 121.669369424599  -109.142692120064 215.62512611807901 121.460025998308  -109.321923564168 215.62512611807901 121.08070269109101 
 4 3 5 3
7 0 0  2 3 2  -111.26728320057499 215.62512611807901 123.507204462402  -109.62180496436 215.62512611807901 121.91880032232901  -109.411969203591 215.62512611807901 121.669369424599 
 3 3 4 3
7 0 0  2 3 2  -111.827153132744 215.62512611807901 123.5918199366  -111.415150187083 215.62512611807901 123.759596436991  -111.26728320057499 215.62512611807901 123.507204462402 
 2 3 3 3
7 0 0  3 4 2  -119.97481160046399 215.62512611807901 119.357191369489  -119.90380023220401 215.62512611807901 119.422330745466  -111.87533496192 215.62512611807901 123.56466720931699  -111.827153132744 215.62512611807901 123.5918199366 
 1 4 2 4
7 0 0  2 3 2  -113.224680395132 215.62512611807901 111.812565008063  -113.32907143921599 215.62512611807901 111.931024959955  -115.79251201304 215.62512611807901 114.345038013752 
 9 3 10 3
7 0 0  2 3 2  -112.590113882079 215.62512611807901 111.719543093486  -112.914674220683 215.62512611807901 111.530948838011  -113.224680395132 215.62512611807901 111.812565008063 
 8 3 9 3
1 -105.777412932194 215.62512611807901 115.197691993997 -0.89064111556765713 0 -0.45470694217308705 
7 0 0  2 3 2  -105.508638058286 215.62512611807901 115.519585762462  -105.55899937929701 215.62512611807901 115.28231895560199  -105.777412932194 215.62512611807901 115.197691993997 
 6 3 7 3
7 0 0  2 3 2  -105.030952408391 215.62512611807901 116.88924157119099  -105.46298444598099 215.62512611807901 115.595872199092  -105.508638058286 215.62512611807901 115.519585762462 
 5 3 6 3
7 0 0  2 3 2  -105.155814094794 215.62512611807901 117.426765398665  -104.951042055583 215.62512611807901 117.276019438616  -105.030952408391 215.62512611807901 116.88924157119099 
 4 3 5 3
7 0 0  2 3 2  -106.93685161719699 215.62512611807901 119.268298402781  -105.19802319585099 215.62512611807901 117.53597399706899  -105.155814094794 215.62512611807901 117.426765398665 
 3 3 4 3
7 0 0  2 3 2  -107.585416422151 215.62512611807901 119.397620018382  -107.037583159313 215.62512611807901 119.559936579611  -106.93685161719699 215.62512611807901 119.268298402781 
 2 3 3 3
7 0 0  3 4 2  -115.719289001373 215.62512611807901 115.12689686583001  -115.575792485948 215.62512611807901 115.232560217147  -107.666942341357 215.62512611807901 119.294813364177  -107.585416422151 215.62512611807901 119.397620018382 
 1 4 2 4
7 0 0  2 3 2  -115.79251201304 215.62512611807901 114.345038013752  -116.17187819387 215.62512611807901 114.783940231635  -115.719289001373 215.62512611807901 115.12689686583001 
 0 3 1 3
7 0 0  3 4 2  -120.32079753409199 215.62512611807901 131.52209318439401  -119.884924916176 215.62512611807901 131.913518223035  -119.82526411887299 215.62512611807901 131.78550693167199  -119.486283810572 215.62512611807901 131.53081262888301 
 7 4 8 4
7 0 0  3 4 2  -125.84007231906 215.62512611807901 125.838065433176  -125.561961096402 215.62512611807901 126.12754576495399  -121.90446191524001 215.62512611807901 129.862288887229  -120.32079753409199 215.62512611807901 131.52209318439401 
 8 4 9 4
7 0 0  3 4 2  -126.742141953878 215.62512611807901 124.752727842092  -126.50205564097401 215.62512611807901 125.067229687634  -126.20614615099799 215.62512611807901 125.425723488507  -125.84007231906 215.62512611807901 125.838065433176 
 0 4 1 4
7 0 0  3 4 2  -126.747430207533 215.62512611807901 119.702040091386  -127.7675667406 215.62512611807901 121.33111690293001  -127.82031001473899 215.62512611807901 122.935106183958  -126.742141953878 215.62512611807901 124.752727842092 
 1 4 2 4
7 0 0  3 4 2  -122.896083564817 215.62512611807901 119.784509683236  -122.751334932193 215.62512611807901 118.54433002488599  -125.013998803235 215.62512611807901 116.974892653921  -126.747430207533 215.62512611807901 119.702040091386 
 2 4 3 4
7 0 0  3 4 2  -121.96514592388 215.62512611807901 122.362392201172  -122.828516071758 215.62512611807901 121.36292993605601  -122.906301442273 215.62512611807901 120.902265783706  -122.896083564817 215.62512611807901 119.784509683236 
 3 4 4 4
7 0 0  3 4 2  -116.46607473256699 215.62512611807901 128.04940846691599  -117.426772644355 215.62512611807901 127.026947383384  -121.352666330738 215.62512611807901 123.026281722221  -121.96514592388 215.62512611807901 122.362392201172 
 4 4 5 4
7 0 0  3 4 2  -116.42538784483899 215.62512611807901 128.55379997112701  -116.28443062013601 215.62512611807901 128.398181303586  -116.305264115794 215.62512611807901 128.21593273536499  -116.46607473256699 215.62512611807901 128.04940846691599 
 5 4 6 4
1 -116.42538784483899 215.62512611807901 128.55379997112701 0.71686127975727409 0 -0.69721582425011208 
7 0 0  3 4 2  -127.282004041333 215.62512611807901 126.23931318709199  -127.583485632554 215.62512611807901 125.96675724113101  -127.919608986292 215.62512611807901 125.956087254918  -128.15877886269399 215.62512611807901 126.187256160441 
 26 4 27 4
7 0 0  3 4 2  -121.32914583377899 215.62512611807901 132.41600522134101  -122.42267765754301 215.62512611807901 131.28117574070001  -126.153811328017 215.62512611807901 127.41024760243999  -127.282004041333 215.62512611807901 126.23931318709199 
 25 4 26 4
7 0 0  3 4 2  -121.294757973659 215.62512611807901 133.27528604191099  -121.01294460549001 215.62512611807901 132.89805884353899  -121.218718076465 215.62512611807901 132.597729432238  -121.32914583377899 215.62512611807901 132.41600522134101 
 24 4 25 4
7 0 0  3 4 2  -123.128981850142 215.62512611807901 135.071306943378  -122.64575882390599 215.62512611807901 134.66418366801199  -122.085748248789 215.62512611807901 134.039136471586  -121.294757973659 215.62512611807901 133.27528604191099 
 23 4 24 4
7 0 0  3 4 2  -123.751869095318 215.62512611807901 135.51211876665599  -123.55706979553899 215.62512611807901 135.424263307335  -123.340177243273 215.62512611807901 135.249087786085  -123.128981850142 215.62512611807901 135.071306943378 
 22 4 23 4
7 0 0  3 4 2  -124.38822706451499 215.62512611807901 135.74366353665499  -124.109112323697 215.62512611807901 135.682547403667  -124.087767603587 215.62512611807901 135.66203766736001  -123.751869095318 215.62512611807901 135.51211876665599 
 21 4 22 4
7 0 0  3 4 2  -126.464841078565 215.62512611807901 135.67630146601701  -126.10453771719899 215.62512611807901 135.755261022036  -125.35633066893899 215.62512611807901 135.976935298142  -124.38822706451499 215.62512611807901 135.74366353665499 
 20 4 21 4
7 0 0  3 4 2  -126.44591233636901 215.62512611807901 135.33959138864901  -126.52692619913999 215.62512611807901 135.47662699972801  -126.539622342689 215.62512611807901 135.61777862487199  -126.464841078565 215.62512611807901 135.67630146601701 
 19 4 20 4
7 0 0  2 3 2  -123.33558127331101 215.62512611807901 132.335876974814  -125.04542502864901 215.62512611807901 133.98684865540699  -126.44591233636901 215.62512611807901 135.33959138864901 
 18 3 19 3
7 0 0  2 3 2  -123.603512656493 215.62512611807901 132.10922126214001  -123.34367666725301 215.62512611807901 132.05194507924901  -123.33558127331101 215.62512611807901 132.335876974814 
 17 3 18 3
7 0 0  3 4 2  -126.816542587163 215.62512611807901 135.212213439918  -125.619332624539 215.62512611807901 134.05618383823  -124.295160559327 215.62512611807901 132.81654407508199  -123.603512656493 215.62512611807901 132.10922126214001 
 16 4 17 4
7 0 0  3 4 2  -127.428347318878 215.62512611807901 135.28130477197001  -127.363007947783 215.62512611807901 135.27659822819601  -127.097023103616 215.62512611807901 135.483172946514  -126.816542587163 215.62512611807901 135.212213439918 
 15 4 16 4
7 0 0  3 4 2  -128.87235308266699 215.62512611807901 134.28799567610901  -128.33986009360501 215.62512611807901 134.77883643938199  -127.49358231022801 215.62512611807901 135.2860131377  -127.428347318878 215.62512611807901 135.28130477197001 
 14 4 15 4
7 0 0  3 4 2  -128.58576632046001 215.62512611807901 133.738990388133  -128.67991592399099 215.62512611807901 133.85094676590401  -129.009926516506 215.62512611807901 134.17199455767499  -128.87235308266699 215.62512611807901 134.28799567610901 
 13 4 14 4
7 0 0  3 4 2  -125.133998608016 215.62512611807901 130.40565705498301  -125.919149611501 215.62512611807901 131.16397118588301  -128.494753283958 215.62512611807901 133.651202740727  -128.58576632046001 215.62512611807901 133.738990388133 
 12 4 13 4
7 0 0  3 4 2  -125.388768267993 215.62512611807901 130.166701695174  -125.153441423518 215.62512611807901 130.14971820764401  -125.129325733136 215.62512611807901 130.40114451216601  -125.133998608016 215.62512611807901 130.40565705498301 
 11 4 12 4
7 0 0  3 4 2  -128.73879475009699 215.62512611807901 133.40178466424899  -127.808784625333 215.62512611807901 132.503581706002  -125.875913652271 215.62512611807901 130.63702990416499  -125.388768267993 215.62512611807901 130.166701695174 
 10 4 11 4
7 0 0  3 4 2  -129.445039433251 215.62512611807901 133.695174132658  -129.19647332763 215.62512611807901 134.04427980467401  -128.98532821766801 215.62512611807901 133.63011033753699  -128.73879475009699 215.62512611807901 133.40178466424899 
 9 4 10 4
7 0 0  3 4 2  -130.39169410012201 215.62512611807901 132.17324450179299  -130.084013716209 215.62512611807901 132.88026069154901  -129.92743165429701 215.62512611807901 133.043787626929  -129.445039433251 215.62512611807901 133.695174132658 
 8 4 9 4
7 0 0  3 4 2  -130.15710596006301 215.62512611807901 131.570499330742  -130.17869682702801 215.62512611807901 131.66492814716801  -130.52124318928401 215.62512611807901 131.74707232545299  -130.39169410012201 215.62512611807901 132.17324450179299 
 7 4 8 4
7 0 0  3 4 2  -127.01926683428 215.62512611807901 128.54011806921099  -127.48251501369199 215.62512611807901 128.98726639541201  -130.02828147380501 215.62512611807901 131.44599235013601  -130.15710596006301 215.62512611807901 131.570499330742 
 6 4 7 4
7 0 0  3 4 2  -127.233392306288 215.62512611807901 128.28530639649199  -127.15502355281799 215.62512611807901 128.25391245006401  -126.958624356071 215.62512611807901 128.48145913494901  -127.01926683428 215.62512611807901 128.54011806921099 
 5.0530745328242297 4 6 4
7 0 0  3 4 2  -130.36813897771799 215.62512611807901 131.30829273714099  -130.17796040581899 215.62512611807901 131.12493535151401  -127.254333953426 215.62512611807901 128.33434586238701  -127.233392306288 215.62512611807901 128.28530639649199 
 4 4 4.9612342762520303 4
7 0 0  3 4 2  -130.70874089375999 215.62512611807901 131.20127712923599  -130.67464073307201 215.62512611807901 131.60448328235401  -130.32937577651299 215.62512611807901 131.34864573991999  -130.36813897771799 215.62512611807901 131.30829273714099 
 3 4 4 4
7 0 0  3 4 2  -130.72790283633401 215.62512611807901 129.34408767046199  -130.96995204566301 215.62512611807901 130.24866080751301  -130.81514799540099 215.62512611807901 130.681538503773  -130.70874089375999 215.62512611807901 131.20127712923599 
 2 4 3 4
7 0 0  3 4 2  -130.10675257794199 215.62512611807901 128.08758250787699  -130.32961758747999 215.62512611807901 128.33574186373599  -130.721357208131 215.62512611807901 129.064796619943  -130.72790283633401 215.62512611807901 129.34408767046199 
 1 4 2 4
7 0 0  3 4 2  -128.15877886269399 215.62512611807901 126.187256160441  -128.735346079902 215.62512611807901 126.743938029715  -129.21901437441201 215.62512611807901 127.23040631006501  -130.10675257794199 215.62512611807901 128.08758250787699 
 0 4 1 4
1 -107.902487527736 215.62512611807901 129.34750937197001 0 0 1 
1 -107.902487527736 215.62512611807901 135.77494839636 -1 0 0 
1 -108.676877771638 215.62512611807901 135.77494839636 0 0 -1 
7 0 0  3 11 9  -108.676877771638 215.62512611807901 130.38083635367701  -108.71287368595701 215.62512611807901 130.413983634554  -108.79214263749699 215.62512611807901 130.48697942452699  -108.9389752429 215.62512611807901 130.58564727744101  -109.11420666285601 215.62512611807901 130.69576871018799  -109.317303424747 215.62512611807901 130.80394405957799  -109.530535142592 215.62512611807901 130.91018316737899  -109.743883676142 215.62512611807901 130.99843118884999  -109.947185636764 215.62512611807901 131.07500698014999  -110.08255041252001 215.62512611807901 131.11109818904501  -110.14821923505301 215.62512611807901 131.12860693294499 
 0 4 0.088118195626002704 1 0.19405082801659099 1 0.318164819684219 1 0.46135316501415402 1 0.60869222891654795 1 0.74754305154723899 1 0.87752684956361904 1 1 4
1 -110.14821923505301 215.62512611807901 131.12860693294499 0 0 -1 
7 0 0  3 11 9  -110.14821923505301 215.62512611807901 130.354216689043  -110.062686777433 215.62512611807901 130.329272886176  -109.88714865309601 215.62512611807901 130.27808075992499  -109.62491601084299 215.62512611807901 130.174373691585  -109.351903101255 215.62512611807901 130.05739719420501  -109.079475791313 215.62512611807901 129.91853747161201  -108.818019482163 215.62512611807901 129.77457604159699  -108.58228564512901 215.62512611807901 129.63058687596799  -108.378822669114 215.62512611807901 129.491602960427  -108.259626273775 215.62512611807901 129.393485047692  -108.203773732004 215.62512611807901 129.34750937197001 
 0 4 0.121241716272437 1 0.248824178072417 1 0.383591751809784 1 0.52553870323291396 1 0.66490871822889697 1 0.78988709705480298 1 0.90154618640291195 1 1 4
1 -108.203773732004 215.62512611807901 129.34750937197001 1 0 0 
2 -175.808042755759 215.62512611807901 245.10468457244599 0 1 0 0 -0 1 1 0 -0 13.6
7 0 0  3 11 9  -103.009309174077 215.62512611807901 129.34750937197001  -102.954025125793 215.62512611807901 129.348036425706  -102.846541634555 215.62512611807901 129.34906112591099  -102.68988286475 215.62512611807901 129.361880040183  -102.541847879244 215.62512611807901 129.380461772377  -102.403265646037 215.62512611807901 129.40833316597801  -102.27356823184201 215.62512611807901 129.44307744383701  -102.153754674702 215.62512611807901 129.48721400298899  -102.04143915704999 215.62512611807901 129.536799396303  -101.973155571918 215.62512611807901 129.578663988714  -101.939682649687 215.62512611807901 129.59918620123801 
 0 4 0.148890415585956 1 0.289473404635678 1 0.42316527906057599 1 0.550590849007909 1 0.669995600179075 1 0.78445326148204897 1 0.89433801401140001 1 1 4
1 -101.939682649687 215.62512611807901 129.59918620123801 0 0 1 
7 0 0  3 7 5  -101.939682649687 215.62512611807901 130.29613742075  -102.023542687828 215.62512611807901 130.25727290213501  -102.19005332052799 215.62512611807901 130.18010437553099  -102.453231525752 215.62512611807901 130.10313228962201  -102.72144782014399 215.62512611807901 130.05327860742599  -102.902607134428 215.62512611807901 130.04740841079001  -102.99357937224801 215.62512611807901 130.04446059148199 
 0 4 0.25338596289821103 1 0.50311755080212806 1 0.75048200797217901 1 1 4
7 0 0  3 19 17  -102.99357937224801 215.62512611807901 130.04446059148199  -103.06187712389 215.62512611807901 130.046455960994  -103.195656873049 215.62512611807901 130.05036443567101  -103.390724952754 215.62512611807901 130.08388789124501  -103.575209737675 215.62512611807901 130.13855576700399  -103.75002437177 215.62512611807901 130.21517811254901  -103.913630832245 215.62512611807901 130.315403726992  -104.067942639447 215.62512611807901 130.43641073113099  -104.21045918818299 215.62512611807901 130.58011702916099  -104.342289458585 215.62512611807901 130.74411693521401  -104.46194972174099 215.62512611807901 130.925989032525  -104.564775673063 215.62512611807901 131.12644313936201  -104.652880570943 215.62512611807901 131.34183480398099  -104.725715803352 215.62512611807901 131.573319300609  -104.78210370917699 215.62512611807901 131.82061009275799  -104.82284533295601 215.62512611807901 132.08422737879999  -104.848498582815 215.62512611807901 132.36350235500899  -104.852492155156 215.62512611807901 132.55512294578301  -104.85453592712599 215.62512611807901 132.65318772562799 
 0 4 0.057081026915705498 1 0.111808738632486 1 0.164951422400367 1 0.21765561349811299 1 0.27092978187469402 1 0.32497561899223099 1 0.38125989869974403 1 0.439781558631411 1 0.50068084857866901 1 0.56298270431763298 1 0.62787113203532396 1 0.69507362140804096 1 0.76568115964098205 1 0.83976376764599203 1 0.917996647512344 1 1 4
1 -104.85453592712599 215.62512611807901 132.65318772562799 1 0 0 
7 0 0  3 11 9  -104.833966186273 215.62512611807901 132.65318772562799  -104.79514382740901 215.62512611807901 132.58140086072001  -104.71958337652001 215.62512611807901 132.44168117239499  -104.57713195901199 215.62512611807901 132.25718277455201  -104.42072096968 215.62512611807901 132.09833121717  -104.24518113320801 215.62512611807901 131.96996568626199  -104.053007913874 215.62512611807901 131.86892332011001  -103.842767925144 215.62512611807901 131.79969567509701  -103.616505100647 215.62512611807901 131.755992857118  -103.46003546631999 215.62512611807901 131.750793243581  -103.379564509443 215.62512611807901 131.748119128067 
 0 4 0.13475802771099599 1 0.262281263500595 1 0.38395334523610802 1 0.50227444583912195 1 0.62040554781149504 1 0.74146557278188097 1 0.86703801773856803 1 1 4
7 0 0  3 19 17  -103.379564509443 215.62512611807901 131.748119128067  -103.311726501656 215.62512611807901 131.74967546437301  -103.179183245915 215.62512611807901 131.75271626536099  -102.98582384743101 215.62512611807901 131.77849506447299  -102.803300970807 215.62512611807901 131.821257483875  -102.63017195835199 215.62512611807901 131.87846138443501  -102.468873506612 215.62512611807901 131.95575594970799  -102.316870523894 215.62512611807901 132.048068892602  -102.17675348373101 215.62512611807901 132.15896353223201  -102.046861747977 215.62512611807901 132.28461548767299  -101.931424187141 215.62512611807901 132.42527676096401  -101.828707658261 215.62512611807901 132.57648639350199  -101.74428600402101 215.62512611807901 132.74033250940099  -101.673318627979 215.62512611807901 132.914201070551  -101.619322434409 215.62512611807901 133.099626083185  -101.581079287601 215.62512611807901 133.29606086729299  -101.55574518915699 215.62512611807901 133.50314583358301  -101.553589598893 215.62512611807901 133.64529755361301  -101.55248752773601 215.62512611807901 133.71797431099401 
 0 4 0.067143664935084404 1 0.13118663479488199 1 0.192693303671648 1 0.25254842340199701 1 0.311314712997879 1 0.36939046140851101 1 0.42826383178372401 1 0.48784794031240702 1 0.54797417569871198 1 0.60811234391903901 1 0.66848207064652498 1 0.73010270321349102 1 0.79378613075241899 1 0.85933394136583396 1 0.92808280467543403 1 1 4
7 0 0  3 19 17  -101.55248752773601 215.62512611807901 133.71797431099401  -101.55395171136399 215.62512611807901 133.79428429235799  -101.556819769851 215.62512611807901 133.94376109661701  -101.58407506227501 215.62512611807901 134.162457873596  -101.62861807264299 215.62512611807901 134.370732705736  -101.69174998125099 215.62512611807901 134.568379004657  -101.771913198045 215.62512611807901 134.756221745142  -101.87012363894701 215.62512611807901 134.93363877052499  -101.987108727362 215.62512611807901 135.09981516933499  -102.119731211687 215.62512611807901 135.25452901694601  -102.26677712331001 215.62512611807901 135.39402535120999  -102.424312695666 215.62512611807901 135.51731327352601  -102.592662357961 215.62512611807901 135.62046987878699  -102.770270312845 215.62512611807901 135.70634140268399  -102.95860860503799 215.62512611807901 135.77094896830701  -103.156159645286 215.62512611807901 135.81882125426199  -103.363844445308 215.62512611807901 135.84671536664999  -103.505723479777 215.62512611807901 135.850473093175  -103.578002009443 215.62512611807901 135.85238742075001 
 0 4 0.069366318573446994 1 0.135875483630055 1 0.20004382900463899 1 0.26279513840028901 1 0.32424569962871502 1 0.385482458108236 1 0.44683772246687598 1 0.50873758215769105 1 0.57048077716051504 1 0.63085920968157905 1 0.69030360946719505 1 0.74968801184288403 1 0.80988794818232002 1 0.87100156895690095 1 0.93428333537789998 1 1 4
7 0 0  3 19 17  -103.578002009443 215.62512611807901 135.85238742075001  -103.656789729575 215.62512611807901 135.85008535429699  -103.81113828002 215.62512611807901 135.84557550657601  -104.035969323321 215.62512611807901 135.809599517142  -104.248374870799 215.62512611807901 135.752151756676  -104.446968399041 215.62512611807901 135.66901137640099  -104.63236559940199 215.62512611807901 135.563041484493  -104.80463440295701 215.62512611807901 135.43327930102399  -104.96341746449301 215.62512611807901 135.27976438110301  -105.108954661468 215.62512611807901 135.10379888796501  -105.238002297094 215.62512611807901 134.90580198957801  -105.351426798124 215.62512611807901 134.688045204351  -105.444665359821 215.62512611807901 134.449364224633  -105.523593423563 215.62512611807901 134.19272878456999  -105.584047306074 215.62512611807901 133.91629893509301  -105.624865782651 215.62512611807901 133.62012410037801  -105.652665832849 215.62512611807901 133.30468655977199  -105.655368772988 215.62512611807901 133.08763590505501  -105.65675582041899 215.62512611807901 132.97625365550601 
 0 4 0.059034614290709497 1 0.115651361997947 1 0.17022430109139999 1 0.22362296326046699 1 0.27657466614160697 1 0.32990823721178802 1 0.38486259102901899 1 0.44176841725912502 1 0.50072013132679005 1 0.561708307875187 1 0.62548791054669195 1 0.69252999236789903 1 0.76280732485043201 1 0.83733443137659302 1 0.91652613542660299 1 1 4
7 0 0  3 19 17  -105.65675582041899 215.62512611807901 132.97625365550601  -105.655004466942 215.62512611807901 132.84105130744601  -105.65158433805701 215.62512611807901 132.577021537348  -105.61511184306001 215.62512611807901 132.19194599107701  -105.55946277991301 215.62512611807901 131.82745521681301  -105.479661782584 215.62512611807901 131.48486117878599  -105.378566417171 215.62512611807901 131.16291732936  -105.252308470451 215.62512611807901 130.86348726598001  -105.104307875193 215.62512611807901 130.58445808567001  -104.93462708684299 215.62512611807901 130.32821336322499  -104.744865528369 215.62512611807901 130.099036304565  -104.541311482857 215.62512611807901 129.89663703937799  -104.32067369132 215.62512611807901 129.727815603576  -104.086647677442 215.62512611807901 129.58827741113799  -103.8380170961 215.62512611807901 129.47945291644101  -103.574339321057 215.62512611807901 129.403697552366  -103.296570064828 215.62512611807901 129.35630102868799  -103.106301254766 215.62512611807901 129.350477827145  -103.009309174077 215.62512611807901 129.34750937197001 
 0 4 0.080551337543248905 1 0.157304598904489 1 0.23029368614656801 1 0.300142373120728 1 0.36673346364450499 1 0.43115173906868998 1 0.49351940018198398 1 0.55471814844012701 1 0.61396166689639897 1 0.67056188903901903 1 0.72541674805303602 1 0.77908870291949195 1 0.83258652813238299 1 0.88666865899542502 1 0.94222782721120601 1 1 4
1 -172.63304275575899 215.62512611807901 211.404684572446 -1 0 0 
2 -172.63304275575899 215.62512611807901 217.754684572446 0 1 0 0 0 -1 -1 0 0 6.3499999999999899
1 -172.63304275575899 215.62512611807901 224.10468457244599 1 0 0 
2 -178.98304275575899 215.62512611807901 217.754684572446 0 1 0 0 -0 1 1 0 -0 6.3499999999999899
1 -30.3314996298907 206.12512611807901 103.704684572446 0 0 -1 
1 -7.92804275575907 206.12512611807901 37.034684572445897 0.46947156278589491 0 -0.88294759285892477 
1 -125.643342408694 206.12512611807901 258.424964005893 0.84804809615642851 0 -0.52991926423320079 
2 -175.808042755759 206.12512611807901 245.10468457244599 0 1 0 0 -0 1 1 0 -0 38.100000000000101
2 -162.158399156006 206.12512611807901 278.524696984169 0 1 0 0 -0 1 1 0 -0 2
1 -187.591778981685 206.12512611807901 267.26666915320499 0.88294759285892477 0 0.46947156278589491 
2 -211.14727255622 206.12512611807901 252.47685095080499 0 1 0 0 0 -1 -1 0 0 2
2 -175.808042755759 206.12512611807901 245.10468457244599 0 1 0 0 -0 1 1 0 -0 38.100000000000001
1 -215.33967747883401 206.12512611807901 210.783620547395 0.040755993073842096 0 0.99916912934125657 
1 -115.86804275575901 206.12512611807901 23.704684572445899 -0.46947156278589491 0 0.88294759285892477 
1 -115.86804275575901 206.12512611807901 23.704684572445899 -1 -0 -0 
2 -175.808042755759 206.12512611807901 245.10468457244599 0 1 0 0 -0 1 1 0 -0 13.6
1 -215.33967747883401 215.62512611807901 210.783620547395 -0 -1 -0 
1 -115.86804275575901 215.62512611807901 23.704684572445899 -0 -1 -0 
1 -213.876386583661 215.62512611807901 246.65748790855901 -0 -1 -0 
1 -213.105124622728 215.62512611807901 252.885281221074 -0 -1 -0 
1 -212.086215681792 215.62512611807901 254.24274613652301 -0 -1 -0 
1 -163.09734228157799 215.62512611807901 280.29059216988702 -0 -1 -0 
1 -159.206291254728 215.62512611807901 279.397422099479 -0 -1 -0 
1 -125.643342408694 215.62512611807901 258.424964005893 -0 -1 -0 
7 1 0  3 4 2  -30.3314996298907 206.12512611807901 79.169458830869999  1 -23.7014449052222 202.28506028122899 66.700139443491494  0.97157990904946401 -18.4632906441093 196.693506720703 56.848604095050099  0.97157990904946401 -15.063643308093599 189.82720281873699 50.454797377361203  1
 5.2373669564640899 4 5.8234489689183402 4
1 -30.957308163279802 174.68567214607901 80.346433501854605 0.42856035878526999 0.40827964328912902 -0.80600480876576797 
7 1 0  3 4 2  -7.92804275575907 196.62512611807901 37.034684572445897  1 -12.632737884528501 204.83187192269699 45.8829292125085  0.97206735358610197 -19.490973213667299 211.34719548537899 58.781393901592899  0.97206735358610197 -27.928042755759101 215.62512611807901 74.649213879372198  1
 0.52053444736077803 4 1.1015326964774701 4
2 -49.705247564359198 172.67543684586801 23.704684572445899 0 0 -1 1 8.6456646150224696e-16 0 8.6456646150224696e-16 -1 0 48.155191390494601
1 -7.92804275575907 196.62512611807901 23.704684572445899 -0.72403083682137115 -0.68976760385781011 0 
2 -49.705247564359198 172.67543684586801 23.704684572445899 0 0 1 -1 0 0 0 -1 0 38.655191390494601
1 -107.902487527736 215.12512611807901 135.77494839636 0 1 0 
1 -107.902487527736 215.12512611807901 135.77494839636 -1 0 0 
1 -108.676877771638 215.12512611807901 135.77494839636 0 1 0 
1 -108.676877771638 215.12512611807901 135.77494839636 0 0 -1 
1 -108.676877771638 215.12512611807901 130.38083635367701 0 1 0 
7 0 0  3 11 9  -108.676877771638 215.12512611807901 130.38083635367701  -108.71287368595701 215.12512611807901 130.413983634554  -108.79214263749699 215.12512611807901 130.48697942452699  -108.9389752429 215.12512611807901 130.58564727744101  -109.11420666285601 215.12512611807901 130.69576871018799  -109.317303424747 215.12512611807901 130.80394405957799  -109.530535142592 215.12512611807901 130.91018316737899  -109.743883676142 215.12512611807901 130.99843118884999  -109.947185636764 215.12512611807901 131.07500698014999  -110.08255041252001 215.12512611807901 131.11109818904501  -110.14821923505301 215.12512611807901 131.12860693294499 
 0 4 0.088118195626002704 1 0.19405082801659099 1 0.318164819684219 1 0.46135316501415402 1 0.60869222891654795 1 0.74754305154723899 1 0.87752684956361904 1 1 4
1 -110.14821923505301 215.12512611807901 131.12860693294499 0 1 0 
1 -110.14821923505301 215.12512611807901 131.12860693294499 0 0 -1 
1 -110.14821923505301 215.12512611807901 130.354216689043 0 1 0 
7 0 0  3 11 9  -110.14821923505301 215.12512611807901 130.354216689043  -110.062686777433 215.12512611807901 130.329272886176  -109.88714865309601 215.12512611807901 130.27808075992499  -109.62491601084299 215.12512611807901 130.174373691585  -109.351903101255 215.12512611807901 130.05739719420501  -109.079475791313 215.12512611807901 129.91853747161201  -108.818019482163 215.12512611807901 129.77457604159699  -108.58228564512901 215.12512611807901 129.63058687596799  -108.378822669114 215.12512611807901 129.491602960427  -108.259626273775 215.12512611807901 129.393485047692  -108.203773732004 215.12512611807901 129.34750937197001 
 0 4 0.121241716272437 1 0.248824178072417 1 0.383591751809784 1 0.52553870323291396 1 0.66490871822889697 1 0.78988709705480298 1 0.90154618640291195 1 1 4
1 -108.203773732004 215.12512611807901 129.34750937197001 0 1 0 
1 -108.203773732004 215.12512611807901 129.34750937197001 1 0 0 
1 -107.902487527736 215.12512611807901 129.34750937197001 0 1 0 
1 -107.902487527736 215.12512611807901 129.34750937197001 0 0 1 
1 -101.939682649687 215.12512611807901 129.59918620123801 0 1 0 
1 -101.939682649687 215.12512611807901 129.59918620123801 0 0 1 
1 -101.939682649687 215.12512611807901 130.29613742075 0 1 0 
7 0 0  3 7 5  -101.939682649687 215.12512611807901 130.29613742075  -102.023542687828 215.12512611807901 130.25727290213501  -102.19005332052799 215.12512611807901 130.18010437553099  -102.453231525752 215.12512611807901 130.10313228962201  -102.72144782014399 215.12512611807901 130.05327860742599  -102.902607134428 215.12512611807901 130.04740841079001  -102.99357937224801 215.12512611807901 130.04446059148199 
 0 4 0.25338596289821103 1 0.50311755080212806 1 0.75048200797217901 1 1 4
1 -102.99357937224801 215.12512611807901 130.04446059148199 0 1 0 
7 0 0  3 19 17  -102.99357937224801 215.12512611807901 130.04446059148199  -103.06187712389 215.12512611807901 130.046455960994  -103.195656873049 215.12512611807901 130.05036443567101  -103.390724952754 215.12512611807901 130.08388789124501  -103.575209737675 215.12512611807901 130.13855576700399  -103.75002437177 215.12512611807901 130.21517811254901  -103.913630832245 215.12512611807901 130.315403726992  -104.067942639447 215.12512611807901 130.43641073113099  -104.21045918818299 215.12512611807901 130.58011702916099  -104.342289458585 215.12512611807901 130.74411693521401  -104.46194972174099 215.12512611807901 130.925989032525  -104.564775673063 215.12512611807901 131.12644313936201  -104.652880570943 215.12512611807901 131.34183480398099  -104.725715803352 215.12512611807901 131.573319300609  -104.78210370917699 215.12512611807901 131.82061009275799  -104.82284533295601 215.12512611807901 132.08422737879999  -104.848498582815 215.12512611807901 132.36350235500899  -104.852492155156 215.12512611807901 132.55512294578301  -104.85453592712599 215.12512611807901 132.65318772562799 
 0 4 0.057081026915705498 1 0.111808738632486 1 0.164951422400367 1 0.21765561349811299 1 0.27092978187469402 1 0.32497561899223099 1 0.38125989869974403 1 0.439781558631411 1 0.50068084857866901 1 0.56298270431763298 1 0.62787113203532396 1 0.69507362140804096 1 0.76568115964098205 1 0.83976376764599203 1 0.917996647512344 1 1 4
1 -104.85453592712599 215.12512611807901 132.65318772562799 0 1 0 
1 -104.85453592712599 215.12512611807901 132.65318772562799 1 0 0 
1 -104.833966186273 215.12512611807901 132.65318772562799 0 1 0 
7 0 0  3 11 9  -104.833966186273 215.12512611807901 132.65318772562799  -104.79514382740901 215.12512611807901 132.58140086072001  -104.71958337652001 215.12512611807901 132.44168117239499  -104.57713195901199 215.12512611807901 132.25718277455201  -104.42072096968 215.12512611807901 132.09833121717  -104.24518113320801 215.12512611807901 131.96996568626199  -104.053007913874 215.12512611807901 131.86892332011001  -103.842767925144 215.12512611807901 131.79969567509701  -103.616505100647 215.12512611807901 131.755992857118  -103.46003546631999 215.12512611807901 131.750793243581  -103.379564509443 215.12512611807901 131.748119128067 
 0 4 0.13475802771099599 1 0.262281263500595 1 0.38395334523610802 1 0.50227444583912195 1 0.62040554781149504 1 0.74146557278188097 1 0.86703801773856803 1 1 4
1 -103.379564509443 215.12512611807901 131.748119128067 0 1 0 
7 0 0  3 19 17  -103.379564509443 215.12512611807901 131.748119128067  -103.311726501656 215.12512611807901 131.74967546437301  -103.179183245915 215.12512611807901 131.75271626536099  -102.98582384743101 215.12512611807901 131.77849506447299  -102.803300970807 215.12512611807901 131.821257483875  -102.63017195835199 215.12512611807901 131.87846138443501  -102.468873506612 215.12512611807901 131.95575594970799  -102.316870523894 215.12512611807901 132.048068892602  -102.17675348373101 215.12512611807901 132.15896353223201  -102.046861747977 215.12512611807901 132.28461548767299  -101.931424187141 215.12512611807901 132.42527676096401  -101.828707658261 215.12512611807901 132.57648639350199  -101.74428600402101 215.12512611807901 132.74033250940099  -101.673318627979 215.12512611807901 132.914201070551  -101.619322434409 215.12512611807901 133.099626083185  -101.581079287601 215.12512611807901 133.29606086729299  -101.55574518915699 215.12512611807901 133.50314583358301  -101.553589598893 215.12512611807901 133.64529755361301  -101.55248752773601 215.12512611807901 133.71797431099401 
 0 4 0.067143664935084404 1 0.13118663479488199 1 0.192693303671648 1 0.25254842340199701 1 0.311314712997879 1 0.36939046140851101 1 0.42826383178372401 1 0.48784794031240702 1 0.54797417569871198 1 0.60811234391903901 1 0.66848207064652498 1 0.73010270321349102 1 0.79378613075241899 1 0.85933394136583396 1 0.92808280467543403 1 1 4
1 -101.55248752773601 215.12512611807901 133.71797431099401 0 1 0 
7 0 0  3 19 17  -101.55248752773601 215.12512611807901 133.71797431099401  -101.55395171136399 215.12512611807901 133.79428429235799  -101.556819769851 215.12512611807901 133.94376109661701  -101.58407506227501 215.12512611807901 134.162457873596  -101.62861807264299 215.12512611807901 134.370732705736  -101.69174998125099 215.12512611807901 134.568379004657  -101.771913198045 215.12512611807901 134.756221745142  -101.87012363894701 215.12512611807901 134.93363877052499  -101.987108727362 215.12512611807901 135.09981516933499  -102.119731211687 215.12512611807901 135.25452901694601  -102.26677712331001 215.12512611807901 135.39402535120999  -102.424312695666 215.12512611807901 135.51731327352601  -102.592662357961 215.12512611807901 135.62046987878699  -102.770270312845 215.12512611807901 135.70634140268399  -102.95860860503799 215.12512611807901 135.77094896830701  -103.156159645286 215.12512611807901 135.81882125426199  -103.363844445308 215.12512611807901 135.84671536664999  -103.505723479777 215.12512611807901 135.850473093175  -103.578002009443 215.12512611807901 135.85238742075001 
 0 4 0.069366318573446994 1 0.135875483630055 1 0.20004382900463899 1 0.26279513840028901 1 0.32424569962871502 1 0.385482458108236 1 0.44683772246687598 1 0.50873758215769105 1 0.57048077716051504 1 0.63085920968157905 1 0.69030360946719505 1 0.74968801184288403 1 0.80988794818232002 1 0.87100156895690095 1 0.93428333537789998 1 1 4
1 -103.578002009443 215.12512611807901 135.85238742075001 0 1 0 
7 0 0  3 19 17  -103.578002009443 215.12512611807901 135.85238742075001  -103.656789729575 215.12512611807901 135.85008535429699  -103.81113828002 215.12512611807901 135.84557550657601  -104.035969323321 215.12512611807901 135.809599517142  -104.248374870799 215.12512611807901 135.752151756676  -104.446968399041 215.12512611807901 135.66901137640099  -104.63236559940199 215.12512611807901 135.563041484493  -104.80463440295701 215.12512611807901 135.43327930102399  -104.96341746449301 215.12512611807901 135.27976438110301  -105.108954661468 215.12512611807901 135.10379888796501  -105.238002297094 215.12512611807901 134.90580198957801  -105.351426798124 215.12512611807901 134.688045204351  -105.444665359821 215.12512611807901 134.449364224633  -105.523593423563 215.12512611807901 134.19272878456999  -105.584047306074 215.12512611807901 133.91629893509301  -105.624865782651 215.12512611807901 133.62012410037801  -105.652665832849 215.12512611807901 133.30468655977199  -105.655368772988 215.12512611807901 133.08763590505501  -105.65675582041899 215.12512611807901 132.97625365550601 
 0 4 0.059034614290709497 1 0.115651361997947 1 0.17022430109139999 1 0.22362296326046699 1 0.27657466614160697 1 0.32990823721178802 1 0.38486259102901899 1 0.44176841725912502 1 0.50072013132679005 1 0.561708307875187 1 0.62548791054669195 1 0.69252999236789903 1 0.76280732485043201 1 0.83733443137659302 1 0.91652613542660299 1 1 4
1 -105.65675582041899 215.12512611807901 132.97625365550601 0 1 0 
7 0 0  3 19 17  -105.65675582041899 215.12512611807901 132.97625365550601  -105.655004466942 215.12512611807901 132.84105130744601  -105.65158433805701 215.12512611807901 132.577021537348  -105.61511184306001 215.12512611807901 132.19194599107701  -105.55946277991301 215.12512611807901 131.82745521681301  -105.479661782584 215.12512611807901 131.48486117878599  -105.378566417171 215.12512611807901 131.16291732936  -105.252308470451 215.12512611807901 130.86348726598001  -105.104307875193 215.12512611807901 130.58445808567001  -104.93462708684299 215.12512611807901 130.32821336322499  -104.744865528369 215.12512611807901 130.099036304565  -104.541311482857 215.12512611807901 129.89663703937799  -104.32067369132 215.12512611807901 129.727815603576  -104.086647677442 215.12512611807901 129.58827741113799  -103.8380170961 215.12512611807901 129.47945291644101  -103.574339321057 215.12512611807901 129.403697552366  -103.296570064828 215.12512611807901 129.35630102868799  -103.106301254766 215.12512611807901 129.350477827145  -103.009309174077 215.12512611807901 129.34750937197001 
 0 4 0.080551337543248905 1 0.157304598904489 1 0.23029368614656801 1 0.300142373120728 1 0.36673346364450499 1 0.43115173906868998 1 0.49351940018198398 1 0.55471814844012701 1 0.61396166689639897 1 0.67056188903901903 1 0.72541674805303602 1 0.77908870291949195 1 0.83258652813238299 1 0.88666865899542502 1 0.94222782721120601 1 1 4
1 -103.009309174077 215.12512611807901 129.34750937197001 0 1 0 
7 0 0  3 11 9  -103.009309174077 215.12512611807901 129.34750937197001  -102.954025125793 215.12512611807901 129.348036425706  -102.846541634555 215.12512611807901 129.34906112591099  -102.68988286475 215.12512611807901 129.361880040183  -102.541847879244 215.12512611807901 129.380461772377  -102.403265646037 215.12512611807901 129.40833316597801  -102.27356823184201 215.12512611807901 129.44307744383701  -102.153754674702 215.12512611807901 129.48721400298899  -102.04143915704999 215.12512611807901 129.536799396303  -101.973155571918 215.12512611807901 129.578663988714  -101.939682649687 215.12512611807901 129.59918620123801 
 0 4 0.148890415585956 1 0.289473404635678 1 0.42316527906057599 1 0.550590849007909 1 0.669995600179075 1 0.78445326148204897 1 0.89433801401140001 1 1 4
7 0 0  3 19 17  -103.59252182651601 215.12512611807901 132.44507034757899  -103.63654128285999 215.12512611807901 132.44627408391801  -103.722895278389 215.12512611807901 132.44863548160399  -103.84889700974 215.12512611807901 132.465905942685  -103.969046958398 215.12512611807901 132.493594367231  -104.082571988948 215.12512611807901 132.533565132376  -104.189794149842 215.12512611807901 132.58447897197399  -104.290250340326 215.12512611807901 132.64723012115201  -104.384588151044 215.12512611807901 132.72080554865701  -104.470882996223 215.12512611807901 132.80558431091299  -104.54942814207401 215.12512611807901 132.896813978382  -104.61747332785799 215.12512611807901 132.99437116353499  -104.675317519 215.12512611807901 133.095628855814  -104.723805735966 215.12512611807901 133.200996645717  -104.759083440157 215.12512611807901 133.31095362140201  -104.786481085727 215.12512611807901 133.42445990162801  -104.802485753285 215.12512611807901 133.54246906163701  -104.804104242534 215.12512611807901 133.62274103100199  -104.80492655212601 215.12512611807901 133.66352499697001 
 0 4 0.068754439963234798 1 0.134877190550727 1 0.19830603962169399 1 0.26108051147412598 1 0.32252209445242003 1 0.38336952308984201 1 0.44576334784388999 1 0.50903865008466398 1 0.57205300916783797 1 0.63358499494454201 1 0.6945465075178 1 0.75404790872384098 1 0.814423695535197 1 0.87464144751520001 1 0.93630878899952696 1 1 4
7 0 0  3 19 17  -102.40431679602899 215.12512611807901 133.80388322867699  -102.405200802434 215.12512611807901 133.75181899365799  -102.40692447685799 215.12512611807901 133.650301866885  -102.421584932551 215.12512611807901 133.50267520239399  -102.44557118357901 215.12512611807901 133.363868092236  -102.479406315723 215.12512611807901 133.23387831850101  -102.52263983943899 215.12512611807901 133.112547684144  -102.576264150117 215.12512611807901 133.00027631509801  -102.639473380659 215.12512611807901 132.89686081813301  -102.711670776792 215.12512611807901 132.80231357385  -102.793775925321 215.12512611807901 132.71847727642299  -102.882654359044 215.12512611807901 132.64355853932  -102.982462718387 215.12512611807901 132.58379969557501  -103.087878317274 215.12512611807901 132.53155692856299  -103.203047840655 215.12512611807901 132.49393192566399  -103.325360242874 215.12512611807901 132.46371579821599  -103.456658383331 215.12512611807901 132.449162620371  -103.54651773602301 215.12512611807901 132.44645601309301  -103.59252182651601 215.12512611807901 132.44507034757899 
 0 4 0.076179485572493794 1 0.14853809897421699 1 0.21685485125364301 1 0.28213875722742299 1 0.34487261350066201 1 0.40506704434021301 1 0.46388262623540999 1 0.521968032748375 1 0.57873693667616799 1 0.63534297173188503 1 0.69152891908924796 1 0.74855194714820905 1 0.80716280800705498 1 0.86843855074935405 1 0.93264624509864302 1 1 4
7 0 0  3 19 17  -103.584051933224 215.12512611807901 135.15543620123799  -103.54122169814799 215.12512611807901 135.15438002366199  -103.457578921861 215.12512611807901 135.152317424085  -103.33530619381099 215.12512611807901 135.13303374530699  -103.21867059546901 215.12512611807901 135.10465573665201  -103.10810887581199 215.12512611807901 135.06343447984199  -103.00415450219 215.12512611807901 135.00969511864599  -102.907175533048 215.12512611807901 134.94328968697201  -102.814428461692 215.12512611807901 134.86749497881499  -102.730366803839 215.12512611807901 134.778394077607  -102.652965663212 215.12512611807901 134.68137066848999  -102.58645910198101 215.12512611807901 134.57566204415099  -102.530358713635 215.12512611807901 134.46330101210901  -102.48469148207801 215.12512611807901 134.34447515913399  -102.44772841311701 215.12512611807901 134.21917912839299  -102.423121617715 215.12512611807901 134.08657337664499  -102.406613006528 215.12512611807901 133.94748263661501  -102.40509152161199 215.12512611807901 133.85233267840201  -102.40431679602899 215.12512611807901 133.80388322867699 
 0 4 0.063786732195364598 1 0.124568528788898 1 0.18404943505327401 1 0.24244217473375701 1 0.29997468399899502 1 0.35799186385250997 1 0.41732984909572601 1 0.47812353338673202 1 0.54017604398146901 1 0.60204486766234899 1 0.66387279791863796 1 0.72705339230156196 1 0.79153868412414397 1 0.85826274604743202 1 0.927828744346892 1 1 4
7 0 0  3 19 17  -104.80492655212601 215.12512611807901 133.66352499697001  -104.80411791413 215.12512611807901 133.713982006127  -104.802528841098 215.12512611807901 133.81313622951899  -104.786375626705 215.12512611807901 133.959222050227  -104.75964375661501 215.12512611807901 134.09947133227999  -104.723817846548 215.12512611807901 134.23453471306499  -104.675863042277 215.12512611807901 134.363293015925  -104.61910245661301 215.12512611807901 134.487438808413  -104.551262586654 215.12512611807901 134.60622974415301  -104.473036816126 215.12512611807901 134.71792718989499  -104.387204316134 215.12512611807901 134.82051076236399  -104.292609145591 215.12512611807901 134.90961949049699  -104.192775941798 215.12512611807901 134.98712100029499  -104.083068122245 215.12512611807901 135.047307950223  -103.968284509483 215.12512611807901 135.09655502443201  -103.84571087858301 215.12512611807901 135.13008232970401  -103.717076076778 215.12512611807901 135.15120464641799  -103.62890541739 215.12512611807901 135.15400939275  -103.584051933224 215.12512611807901 135.15543620123799 
 0 4 0.070275234782889898 1 0.13809947210510001 1 0.20444343875892099 1 0.269053804552777 1 0.33252027183580701 1 0.39562752031957499 1 0.45905168574364402 1 0.52280852805622602 1 0.58540335448314695 1 0.64502454851248703 1 0.70357698421710302 1 0.76093904497355203 1 0.81885984028924597 1 0.87721241009206397 1 0.93753646328579898 1 1 4
7 0 0  3 19 17  -103.59252182651601 215.62512611807901 132.44507034757899  -103.63654128285999 215.62512611807901 132.44627408391801  -103.722895278389 215.62512611807901 132.44863548160399  -103.84889700974 215.62512611807901 132.465905942685  -103.969046958398 215.62512611807901 132.493594367231  -104.082571988948 215.62512611807901 132.533565132376  -104.189794149842 215.62512611807901 132.58447897197399  -104.290250340326 215.62512611807901 132.64723012115201  -104.384588151044 215.62512611807901 132.72080554865701  -104.470882996223 215.62512611807901 132.80558431091299  -104.54942814207401 215.62512611807901 132.896813978382  -104.61747332785799 215.62512611807901 132.99437116353499  -104.675317519 215.62512611807901 133.095628855814  -104.723805735966 215.62512611807901 133.200996645717  -104.759083440157 215.62512611807901 133.31095362140201  -104.786481085727 215.62512611807901 133.42445990162801  -104.802485753285 215.62512611807901 133.54246906163701  -104.804104242534 215.62512611807901 133.62274103100199  -104.80492655212601 215.62512611807901 133.66352499697001 
 0 4 0.068754439963234798 1 0.134877190550727 1 0.19830603962169399 1 0.26108051147412598 1 0.32252209445242003 1 0.38336952308984201 1 0.44576334784388999 1 0.50903865008466398 1 0.57205300916783797 1 0.63358499494454201 1 0.6945465075178 1 0.75404790872384098 1 0.814423695535197 1 0.87464144751520001 1 0.93630878899952696 1 1 4
1 -103.59252182651601 215.12512611807901 132.44507034757899 0 1 0 
1 -104.80492655212601 215.12512611807901 133.66352499697001 0 1 0 
7 0 0  3 19 17  -102.40431679602899 215.62512611807901 133.80388322867699  -102.405200802434 215.62512611807901 133.75181899365799  -102.40692447685799 215.62512611807901 133.650301866885  -102.421584932551 215.62512611807901 133.50267520239399  -102.44557118357901 215.62512611807901 133.363868092236  -102.479406315723 215.62512611807901 133.23387831850101  -102.52263983943899 215.62512611807901 133.112547684144  -102.576264150117 215.62512611807901 133.00027631509801  -102.639473380659 215.62512611807901 132.89686081813301  -102.711670776792 215.62512611807901 132.80231357385  -102.793775925321 215.62512611807901 132.71847727642299  -102.882654359044 215.62512611807901 132.64355853932  -102.982462718387 215.62512611807901 132.58379969557501  -103.087878317274 215.62512611807901 132.53155692856299  -103.203047840655 215.62512611807901 132.49393192566399  -103.325360242874 215.62512611807901 132.46371579821599  -103.456658383331 215.62512611807901 132.449162620371  -103.54651773602301 215.62512611807901 132.44645601309301  -103.59252182651601 215.62512611807901 132.44507034757899 
 0 4 0.076179485572493794 1 0.14853809897421699 1 0.21685485125364301 1 0.28213875722742299 1 0.34487261350066201 1 0.40506704434021301 1 0.46388262623540999 1 0.521968032748375 1 0.57873693667616799 1 0.63534297173188503 1 0.69152891908924796 1 0.74855194714820905 1 0.80716280800705498 1 0.86843855074935405 1 0.93264624509864302 1 1 4
1 -102.40431679602899 215.12512611807901 133.80388322867699 0 1 0 
7 0 0  3 19 17  -103.584051933224 215.62512611807901 135.15543620123799  -103.54122169814799 215.62512611807901 135.15438002366199  -103.457578921861 215.62512611807901 135.152317424085  -103.33530619381099 215.62512611807901 135.13303374530699  -103.21867059546901 215.62512611807901 135.10465573665201  -103.10810887581199 215.62512611807901 135.06343447984199  -103.00415450219 215.62512611807901 135.00969511864599  -102.907175533048 215.62512611807901 134.94328968697201  -102.814428461692 215.62512611807901 134.86749497881499  -102.730366803839 215.62512611807901 134.778394077607  -102.652965663212 215.62512611807901 134.68137066848999  -102.58645910198101 215.62512611807901 134.57566204415099  -102.530358713635 215.62512611807901 134.46330101210901  -102.48469148207801 215.62512611807901 134.34447515913399  -102.44772841311701 215.62512611807901 134.21917912839299  -102.423121617715 215.62512611807901 134.08657337664499  -102.406613006528 215.62512611807901 133.94748263661501  -102.40509152161199 215.62512611807901 133.85233267840201  -102.40431679602899 215.62512611807901 133.80388322867699 
 0 4 0.063786732195364598 1 0.124568528788898 1 0.18404943505327401 1 0.24244217473375701 1 0.29997468399899502 1 0.35799186385250997 1 0.41732984909572601 1 0.47812353338673202 1 0.54017604398146901 1 0.60204486766234899 1 0.66387279791863796 1 0.72705339230156196 1 0.79153868412414397 1 0.85826274604743202 1 0.927828744346892 1 1 4
1 -103.584051933224 215.12512611807901 135.15543620123799 0 1 0 
7 0 0  3 19 17  -104.80492655212601 215.62512611807901 133.66352499697001  -104.80411791413 215.62512611807901 133.713982006127  -104.802528841098 215.62512611807901 133.81313622951899  -104.786375626705 215.62512611807901 133.959222050227  -104.75964375661501 215.62512611807901 134.09947133227999  -104.723817846548 215.62512611807901 134.23453471306499  -104.675863042277 215.62512611807901 134.363293015925  -104.61910245661301 215.62512611807901 134.487438808413  -104.551262586654 215.62512611807901 134.60622974415301  -104.473036816126 215.62512611807901 134.71792718989499  -104.387204316134 215.62512611807901 134.82051076236399  -104.292609145591 215.62512611807901 134.90961949049699  -104.192775941798 215.62512611807901 134.98712100029499  -104.083068122245 215.62512611807901 135.047307950223  -103.968284509483 215.62512611807901 135.09655502443201  -103.84571087858301 215.62512611807901 135.13008232970401  -103.717076076778 215.62512611807901 135.15120464641799  -103.62890541739 215.62512611807901 135.15400939275  -103.584051933224 215.62512611807901 135.15543620123799 
 0 4 0.070275234782889898 1 0.13809947210510001 1 0.20444343875892099 1 0.269053804552777 1 0.33252027183580701 1 0.39562752031957499 1 0.45905168574364402 1 0.52280852805622602 1 0.58540335448314695 1 0.64502454851248703 1 0.70357698421710302 1 0.76093904497355203 1 0.81885984028924597 1 0.87721241009206397 1 0.93753646328579898 1 1 4
1 -127.282004041333 215.12512611807901 126.23931318709199 0 1 0 
7 0 0  3 4 2  -127.282004041333 215.12512611807901 126.23931318709199  -127.583485632554 215.12512611807901 125.96675724113101  -127.919608986292 215.12512611807901 125.956087254918  -128.15877886269399 215.12512611807901 126.187256160441 
 26 4 27 4
1 -128.15877886269399 215.12512611807901 126.187256160441 0 1 0 
1 -121.32914583377899 215.12512611807901 132.41600522134101 0 1 0 
7 0 0  3 4 2  -121.32914583377899 215.12512611807901 132.41600522134101  -122.42267765754301 215.12512611807901 131.28117574070001  -126.153811328017 215.12512611807901 127.41024760243999  -127.282004041333 215.12512611807901 126.23931318709199 
 25 4 26 4
1 -121.294757973659 215.12512611807901 133.27528604191099 0 1 0 
7 0 0  3 4 2  -121.294757973659 215.12512611807901 133.27528604191099  -121.01294460549001 215.12512611807901 132.89805884353899  -121.218718076465 215.12512611807901 132.597729432238  -121.32914583377899 215.12512611807901 132.41600522134101 
 24 4 25 4
1 -123.128981850142 215.12512611807901 135.071306943378 0 1 0 
7 0 0  3 4 2  -123.128981850142 215.12512611807901 135.071306943378  -122.64575882390599 215.12512611807901 134.66418366801199  -122.085748248789 215.12512611807901 134.039136471586  -121.294757973659 215.12512611807901 133.27528604191099 
 23 4 24 4
1 -123.751869095318 215.12512611807901 135.51211876665599 0 1 0 
7 0 0  3 4 2  -123.751869095318 215.12512611807901 135.51211876665599  -123.55706979553899 215.12512611807901 135.424263307335  -123.340177243273 215.12512611807901 135.249087786085  -123.128981850142 215.12512611807901 135.071306943378 
 22 4 23 4
1 -124.38822706451499 215.12512611807901 135.74366353665499 0 1 0 
7 0 0  3 4 2  -124.38822706451499 215.12512611807901 135.74366353665499  -124.109112323697 215.12512611807901 135.682547403667  -124.087767603587 215.12512611807901 135.66203766736001  -123.751869095318 215.12512611807901 135.51211876665599 
 21 4 22 4
1 -126.464841078565 215.12512611807901 135.67630146601701 0 1 0 
7 0 0  3 4 2  -126.464841078565 215.12512611807901 135.67630146601701  -126.10453771719899 215.12512611807901 135.755261022036  -125.35633066893899 215.12512611807901 135.976935298142  -124.38822706451499 215.12512611807901 135.74366353665499 
 20 4 21 4
1 -126.44591233636901 215.12512611807901 135.33959138864901 0 1 0 
7 0 0  3 4 2  -126.44591233636901 215.12512611807901 135.33959138864901  -126.52692619913999 215.12512611807901 135.47662699972801  -126.539622342689 215.12512611807901 135.61777862487199  -126.464841078565 215.12512611807901 135.67630146601701 
 19 4 20 4
1 -123.33558127331101 215.12512611807901 132.335876974814 0 1 0 
7 0 0  2 3 2  -123.33558127331101 215.12512611807901 132.335876974814  -125.04542502864901 215.12512611807901 133.98684865540699  -126.44591233636901 215.12512611807901 135.33959138864901 
 18 3 19 3
1 -123.603512656493 215.12512611807901 132.10922126214001 0 1 0 
7 0 0  2 3 2  -123.603512656493 215.12512611807901 132.10922126214001  -123.34367666725301 215.12512611807901 132.05194507924901  -123.33558127331101 215.12512611807901 132.335876974814 
 17 3 18 3
1 -126.816542587163 215.12512611807901 135.212213439918 0 1 0 
7 0 0  3 4 2  -126.816542587163 215.12512611807901 135.212213439918  -125.619332624539 215.12512611807901 134.05618383823  -124.295160559327 215.12512611807901 132.81654407508199  -123.603512656493 215.12512611807901 132.10922126214001 
 16 4 17 4
1 -127.428347318878 215.12512611807901 135.28130477197001 0 1 0 
7 0 0  3 4 2  -127.428347318878 215.12512611807901 135.28130477197001  -127.363007947783 215.12512611807901 135.27659822819601  -127.097023103616 215.12512611807901 135.483172946514  -126.816542587163 215.12512611807901 135.212213439918 
 15 4 16 4
1 -128.87235308266699 215.12512611807901 134.28799567610901 0 1 0 
7 0 0  3 4 2  -128.87235308266699 215.12512611807901 134.28799567610901  -128.33986009360501 215.12512611807901 134.77883643938199  -127.49358231022801 215.12512611807901 135.2860131377  -127.428347318878 215.12512611807901 135.28130477197001 
 14 4 15 4
1 -128.58576632046001 215.12512611807901 133.738990388133 0 1 0 
7 0 0  3 4 2  -128.58576632046001 215.12512611807901 133.738990388133  -128.67991592399099 215.12512611807901 133.85094676590401  -129.009926516506 215.12512611807901 134.17199455767499  -128.87235308266699 215.12512611807901 134.28799567610901 
 13 4 14 4
1 -125.133998608016 215.12512611807901 130.40565705498301 0 1 0 
7 0 0  3 4 2  -125.133998608016 215.12512611807901 130.40565705498301  -125.919149611501 215.12512611807901 131.16397118588301  -128.494753283958 215.12512611807901 133.651202740727  -128.58576632046001 215.12512611807901 133.738990388133 
 12 4 13 4
1 -125.388768267993 215.12512611807901 130.166701695174 0 1 0 
7 0 0  3 4 2  -125.388768267993 215.12512611807901 130.166701695174  -125.153441423518 215.12512611807901 130.14971820764401  -125.129325733136 215.12512611807901 130.40114451216601  -125.133998608016 215.12512611807901 130.40565705498301 
 11 4 12 4
1 -128.73879475009699 215.12512611807901 133.40178466424899 0 1 0 
7 0 0  3 4 2  -128.73879475009699 215.12512611807901 133.40178466424899  -127.808784625333 215.12512611807901 132.503581706002  -125.875913652271 215.12512611807901 130.63702990416499  -125.388768267993 215.12512611807901 130.166701695174 
 10 4 11 4
1 -129.445039433251 215.12512611807901 133.695174132658 0 1 0 
7 0 0  3 4 2  -129.445039433251 215.12512611807901 133.695174132658  -129.19647332763 215.12512611807901 134.04427980467401  -128.98532821766801 215.12512611807901 133.63011033753699  -128.73879475009699 215.12512611807901 133.40178466424899 
 9 4 10 4
1 -130.39169410012201 215.12512611807901 132.17324450179299 0 1 0 
7 0 0  3 4 2  -130.39169410012201 215.12512611807901 132.17324450179299  -130.084013716209 215.12512611807901 132.88026069154901  -129.92743165429701 215.12512611807901 133.043787626929  -129.445039433251 215.12512611807901 133.695174132658 
 8 4 9 4
1 -130.15710596006301 215.12512611807901 131.570499330742 0 1 0 
7 0 0  3 4 2  -130.15710596006301 215.12512611807901 131.570499330742  -130.17869682702801 215.12512611807901 131.66492814716801  -130.52124318928401 215.12512611807901 131.74707232545299  -130.39169410012201 215.12512611807901 132.17324450179299 
 7 4 8 4
1 -127.01926683428 215.12512611807901 128.54011806921099 0 1 0 
7 0 0  3 4 2  -127.01926683428 215.12512611807901 128.54011806921099  -127.48251501369199 215.12512611807901 128.98726639541201  -130.02828147380501 215.12512611807901 131.44599235013601  -130.15710596006301 215.12512611807901 131.570499330742 
 6 4 7 4
1 -127.233392306288 215.12512611807901 128.28530639649199 0 1 0 
7 0 0  3 4 2  -127.233392306288 215.12512611807901 128.28530639649199  -127.15502355281799 215.12512611807901 128.25391245006401  -126.958624356071 215.12512611807901 128.48145913494901  -127.01926683428 215.12512611807901 128.54011806921099 
 5.0530745328242297 4 6 4
1 -130.36813897771799 215.12512611807901 131.30829273714099 0 1 0 
7 0 0  3 4 2  -130.36813897771799 215.12512611807901 131.30829273714099  -130.17796040581899 215.12512611807901 131.12493535151401  -127.254333953426 215.12512611807901 128.33434586238701  -127.233392306288 215.12512611807901 128.28530639649199 
 4 4 4.9612342762520303 4
1 -130.70874089375999 215.12512611807901 131.20127712923599 0 1 0 
7 0 0  3 4 2  -130.70874089375999 215.12512611807901 131.20127712923599  -130.67464073307201 215.12512611807901 131.60448328235401  -130.32937577651299 215.12512611807901 131.34864573991999  -130.36813897771799 215.12512611807901 131.30829273714099 
 3 4 4 4
1 -130.72790283633401 215.12512611807901 129.34408767046199 0 1 0 
7 0 0  3 4 2  -130.72790283633401 215.12512611807901 129.34408767046199  -130.96995204566301 215.12512611807901 130.24866080751301  -130.81514799540099 215.12512611807901 130.681538503773  -130.70874089375999 215.12512611807901 131.20127712923599 
 2 4 3 4
1 -130.10675257794199 215.12512611807901 128.08758250787699 0 1 0 
7 0 0  3 4 2  -130.10675257794199 215.12512611807901 128.08758250787699  -130.32961758747999 215.12512611807901 128.33574186373599  -130.721357208131 215.12512611807901 129.064796619943  -130.72790283633401 215.12512611807901 129.34408767046199 
 1 4 2 4
7 0 0  3 4 2  -128.15877886269399 215.12512611807901 126.187256160441  -128.735346079902 215.12512611807901 126.743938029715  -129.21901437441201 215.12512611807901 127.23040631006501  -130.10675257794199 215.12512611807901 128.08758250787699 
 0 4 1 4
1 -120.32079753409199 215.12512611807901 131.52209318439401 0 1 0 
7 0 0  3 4 2  -120.32079753409199 215.12512611807901 131.52209318439401  -119.884924916176 215.12512611807901 131.913518223035  -119.82526411887299 215.12512611807901 131.78550693167199  -119.486283810572 215.12512611807901 131.53081262888301 
 7 4 8 4
1 -119.486283810572 215.12512611807901 131.53081262888301 0 1 0 
1 -125.84007231906 215.12512611807901 125.838065433176 0 1 0 
7 0 0  3 4 2  -125.84007231906 215.12512611807901 125.838065433176  -125.561961096402 215.12512611807901 126.12754576495399  -121.90446191524001 215.12512611807901 129.862288887229  -120.32079753409199 215.12512611807901 131.52209318439401 
 8 4 9 4
1 -126.742141953878 215.12512611807901 124.752727842092 0 1 0 
7 0 0  3 4 2  -126.742141953878 215.12512611807901 124.752727842092  -126.50205564097401 215.12512611807901 125.067229687634  -126.20614615099799 215.12512611807901 125.425723488507  -125.84007231906 215.12512611807901 125.838065433176 
 0 4 1 4
1 -126.747430207533 215.12512611807901 119.702040091386 0 1 0 
7 0 0  3 4 2  -126.747430207533 215.12512611807901 119.702040091386  -127.7675667406 215.12512611807901 121.33111690293001  -127.82031001473899 215.12512611807901 122.935106183958  -126.742141953878 215.12512611807901 124.752727842092 
 1 4 2 4
1 -122.896083564817 215.12512611807901 119.784509683236 0 1 0 
7 0 0  3 4 2  -122.896083564817 215.12512611807901 119.784509683236  -122.751334932193 215.12512611807901 118.54433002488599  -125.013998803235 215.12512611807901 116.974892653921  -126.747430207533 215.12512611807901 119.702040091386 
 2 4 3 4
1 -121.96514592388 215.12512611807901 122.362392201172 0 1 0 
7 0 0  3 4 2  -121.96514592388 215.12512611807901 122.362392201172  -122.828516071758 215.12512611807901 121.36292993605601  -122.906301442273 215.12512611807901 120.902265783706  -122.896083564817 215.12512611807901 119.784509683236 
 3 4 4 4
1 -116.46607473256699 215.12512611807901 128.04940846691599 0 1 0 
7 0 0  3 4 2  -116.46607473256699 215.12512611807901 128.04940846691599  -117.426772644355 215.12512611807901 127.026947383384  -121.352666330738 215.12512611807901 123.026281722221  -121.96514592388 215.12512611807901 122.362392201172 
 4 4 5 4
1 -116.42538784483899 215.12512611807901 128.55379997112701 0 1 0 
7 0 0  3 4 2  -116.42538784483899 215.12512611807901 128.55379997112701  -116.28443062013601 215.12512611807901 128.398181303586  -116.305264115794 215.12512611807901 128.21593273536499  -116.46607473256699 215.12512611807901 128.04940846691599 
 5 4 6 4
1 -116.42538784483899 215.12512611807901 128.55379997112701 0.71686127975727409 0 -0.69721582425011208 
1 -113.224680395132 215.12512611807901 111.812565008063 0 1 0 
7 0 0  2 3 2  -113.224680395132 215.12512611807901 111.812565008063  -113.32907143921599 215.12512611807901 111.931024959955  -115.79251201304 215.12512611807901 114.345038013752 
 9 3 10 3
1 -115.79251201304 215.12512611807901 114.345038013752 0 1 0 
1 -112.590113882079 215.12512611807901 111.719543093486 0 1 0 
7 0 0  2 3 2  -112.590113882079 215.12512611807901 111.719543093486  -112.914674220683 215.12512611807901 111.530948838011  -113.224680395132 215.12512611807901 111.812565008063 
 8 3 9 3
1 -105.777412932194 215.12512611807901 115.197691993997 -0.89064111556765713 0 -0.45470694217308705 
1 -105.777412932194 215.12512611807901 115.197691993997 0 1 0 
1 -105.508638058286 215.12512611807901 115.519585762462 0 1 0 
7 0 0  2 3 2  -105.508638058286 215.12512611807901 115.519585762462  -105.55899937929701 215.12512611807901 115.28231895560199  -105.777412932194 215.12512611807901 115.197691993997 
 6 3 7 3
1 -105.030952408391 215.12512611807901 116.88924157119099 0 1 0 
7 0 0  2 3 2  -105.030952408391 215.12512611807901 116.88924157119099  -105.46298444598099 215.12512611807901 115.595872199092  -105.508638058286 215.12512611807901 115.519585762462 
 5 3 6 3
1 -105.155814094794 215.12512611807901 117.426765398665 0 1 0 
7 0 0  2 3 2  -105.155814094794 215.12512611807901 117.426765398665  -104.951042055583 215.12512611807901 117.276019438616  -105.030952408391 215.12512611807901 116.88924157119099 
 4 3 5 3
1 -106.93685161719699 215.12512611807901 119.268298402781 0 1 0 
7 0 0  2 3 2  -106.93685161719699 215.12512611807901 119.268298402781  -105.19802319585099 215.12512611807901 117.53597399706899  -105.155814094794 215.12512611807901 117.426765398665 
 3 3 4 3
1 -107.585416422151 215.12512611807901 119.397620018382 0 1 0 
7 0 0  2 3 2  -107.585416422151 215.12512611807901 119.397620018382  -107.037583159313 215.12512611807901 119.559936579611  -106.93685161719699 215.12512611807901 119.268298402781 
 2 3 3 3
1 -115.719289001373 215.12512611807901 115.12689686583001 0 1 0 
7 0 0  3 4 2  -115.719289001373 215.12512611807901 115.12689686583001  -115.575792485948 215.12512611807901 115.232560217147  -107.666942341357 215.12512611807901 119.294813364177  -107.585416422151 215.12512611807901 119.397620018382 
 1 4 2 4
7 0 0  2 3 2  -115.79251201304 215.12512611807901 114.345038013752  -116.17187819387 215.12512611807901 114.783940231635  -115.719289001373 215.12512611807901 115.12689686583001 
 0 3 1 3
1 -120.06245224496899 215.12512611807901 118.61172931036199 0 1 0 
7 0 0  2 3 2  -120.06245224496899 215.12512611807901 118.61172931036199  -120.383222781516 215.12512611807901 119.115240952306  -119.97481160046399 215.12512611807901 119.357191369489 
 0 3 1 3
1 -119.97481160046399 215.12512611807901 119.357191369489 0 1 0 
1 -117.402961033509 215.12512611807901 115.972372629511 -0.70978851721621883 0 0.70441483575234376 
1 -117.402961033509 215.12512611807901 115.972372629511 0 1 0 
1 -116.805959240891 215.12512611807901 115.889971467583 0 1 0 
7 0 0  2 3 2  -116.805959240891 215.12512611807901 115.889971467583  -117.22900122354901 215.12512611807901 115.69663027369801  -117.402961033509 215.12512611807901 115.972372629511 
 8 3 9 3
1 -110.10700689028199 215.12512611807901 119.42450093474901 0 1 0 
7 0 0  2 3 2  -110.10700689028199 215.12512611807901 119.42450093474901  -116.889808261385 215.12512611807901 115.836510926128  -116.805959240891 215.12512611807901 115.889971467583 
 7 3 8 3
1 -109.802141074842 215.12512611807901 119.76038935120199 0 1 0 
7 0 0  2 3 2  -109.802141074842 215.12512611807901 119.76038935120199  -109.829573942889 215.12512611807901 119.56142415423101  -110.10700689028199 215.12512611807901 119.42450093474901 
 6 3 7 3
1 -109.321923564168 215.12512611807901 121.08070269109101 0 1 0 
7 0 0  2 3 2  -109.321923564168 215.12512611807901 121.08070269109101  -109.667718329934 215.12512611807901 120.050911583936  -109.802141074842 215.12512611807901 119.76038935120199 
 5 3 6 3
1 -109.411969203591 215.12512611807901 121.669369424599 0 1 0 
7 0 0  2 3 2  -109.411969203591 215.12512611807901 121.669369424599  -109.142692120064 215.12512611807901 121.460025998308  -109.321923564168 215.12512611807901 121.08070269109101 
 4 3 5 3
1 -111.26728320057499 215.12512611807901 123.507204462402 0 1 0 
7 0 0  2 3 2  -111.26728320057499 215.12512611807901 123.507204462402  -109.62180496436 215.12512611807901 121.91880032232901  -109.411969203591 215.12512611807901 121.669369424599 
 3 3 4 3
1 -111.827153132744 215.12512611807901 123.5918199366 0 1 0 
7 0 0  2 3 2  -111.827153132744 215.12512611807901 123.5918199366  -111.415150187083 215.12512611807901 123.759596436991  -111.26728320057499 215.12512611807901 123.507204462402 
 2 3 3 3
7 0 0  3 4 2  -119.97481160046399 215.12512611807901 119.357191369489  -119.90380023220401 215.12512611807901 119.422330745466  -111.87533496192 215.12512611807901 123.56466720931699  -111.827153132744 215.12512611807901 123.5918199366 
 1 4 2 4
1 -109.119976749632 215.12512611807901 107.896109354524 0 1 0 
7 0 0  3 4 2  -109.119976749632 215.12512611807901 107.896109354524  -109.301186004215 215.12512611807901 108.07274302244301  -111.312457701531 215.12512611807901 110.07616722530599  -111.53059111366299 215.12512611807901 110.238687289848 
 5 4 6 4
1 -111.53059111366299 215.12512611807901 110.238687289848 0 1 0 
1 -108.33762353143101 215.12512611807901 108.069723873675 0 1 0 
7 0 0  2 3 2  -108.33762353143101 215.12512611807901 108.069723873675  -108.557653625775 215.12512611807901 107.515425548237  -109.119976749632 215.12512611807901 107.896109354524 
 4 3 5 3
1 -106.61159094764 215.12512611807901 112.51385011468101 0 1 0 
7 0 0  2 3 2  -106.61159094764 215.12512611807901 112.51385011468101  -106.543639570118 215.12512611807901 112.640643303727  -108.33762353143101 215.12512611807901 108.069723873675 
 3 3 4 3
1 -107.296949610052 215.12512611807901 113.147985799388 0 1 0 
7 0 0  3 4 2  -107.296949610052 215.12512611807901 113.147985799388  -106.442631321465 215.12512611807901 113.362010804356  -106.57782310739501 215.12512611807901 112.57719087542  -106.61159094764 215.12512611807901 112.51385011468101 
 2 4 3 4
1 -111.403911969815 215.12512611807901 110.94891319569101 0 1 0 
7 0 0  3 4 2  -111.403911969815 215.12512611807901 110.94891319569101  -111.333637491007 215.12512611807901 111.026360271985  -107.37101914709601 215.12512611807901 113.144395856733  -107.296949610052 215.12512611807901 113.147985799388 
 1 4 2 4
7 0 0  3 4 2  -111.53059111366299 215.12512611807901 110.238687289848  -111.862195571622 215.12512611807901 110.716846641703  -111.441051118085 215.12512611807901 110.947116402408  -111.403911969815 215.12512611807901 110.94891319569101 
 0 4 1 4
1 -7.92804275575907 196.62512611807901 103.704684572446 0 0 -1 
1 -15.063643308093599 189.82720281873699 103.704684572446 0 0 -1 
1 -172.63304275575899 225.15512611807901 211.404684572446 -0 -1 -0 
2 -172.63304275575899 223.15512611807901 217.754684572446 0 -1 0 0 0 -1 1 0 0 6.3499999999999899
1 -172.63304275575899 225.15512611807901 224.10468457244599 -0 -1 -0 
1 -178.98304275575899 225.15512611807901 211.404684572446 -0 -1 -0 
1 -172.63304275575899 223.15512611807901 211.404684572446 1 0 0 
1 -178.98304275575899 225.15512611807901 224.10468457244599 -0 -1 -0 
2 -178.98304275575899 223.15512611807901 217.754684572446 0 -1 0 0 0 -1 1 0 0 6.3499999999999899
1 -172.63304275575899 223.15512611807901 224.10468457244599 -1 -0 -0 
1 -172.63304275575899 225.15512611807901 213.404684572446 -1 0 0 
2 -178.98304275575899 225.15512611807901 217.754684572446 0 1 0 0 0 -1 -1 0 0 4.3499999999999899
1 -172.63304275575899 225.15512611807901 222.10468457244599 1 0 0 
2 -172.63304275575899 225.15512611807901 217.754684572446 0 1 0 0 0 -1 -1 0 0 4.3499999999999899
2 -172.63304275575899 223.15512611807901 222.10468457244599 -1 0 0 0 0 1 0 1 -0 2
2 -172.63304275575899 223.15512611807901 213.404684572446 -1 0 0 0 0 1 0 1 -0 2
2 -178.98304275575899 223.15512611807901 213.404684572446 -1 0 0 0 0 1 0 1 -0 2
2 -178.98304275575899 223.15512611807901 222.10468457244599 -1 0 0 0 0 1 0 1 -0 2
1 -162.158399156006 85.475126118078805 280.524696984169 0 1 0 
2 -162.158399156006 80.725126118078805 278.524696984169 0 1 0 0 -0 1 1 0 -0 2.00000000000006
1 -161.402186214192 90.225126118078805 280.37622121750599 -0 -1 -0 
2 -162.158399156006 90.225126118078805 278.524696984169 0 1 0 0 -0 1 1 0 -0 2.00000000000006
1 -175.808042755759 90.225126118078805 231.504684572446 -0 -1 -0 
2 -175.808042755759 80.725126118078805 245.10468457244599 0 1 0 0 -0 1 1 0 -0 13.6
1 -175.808042755759 90.225126118078805 258.70468457244601 -0 -1 -0 
2 -175.808042755759 90.225126118078805 245.10468457244599 0 1 0 0 -0 1 1 0 -0 13.6
1 -7.9280427557590896 90.225126118078805 37.034684572445897 0.46947156278589491 0 -0.88294759285892477 
1 -33.5552920713532 90.225126118078805 23.704684572445899 0 0 -1 
1 -115.86804275575901 90.225126118078805 23.704684572445899 -1 -0 -0 
1 -115.86804275575901 90.225126118078805 23.704684572445899 -0.46947156278589491 0 0.88294759285892477 
1 -215.33967747883401 90.225126118078805 210.783620547395 0.040755993073842096 0 0.99916912934125657 
2 -175.808042755759 90.225126118078805 245.10468457244599 0 1 0 0 -0 1 1 0 -0 38.100000000000001
2 -211.14727255622 90.225126118078805 252.47685095080499 0 1 0 0 0 -1 -1 0 0 2
1 -187.591778981685 90.225126118078805 267.26666915320499 0.8829475928589241 0 0.46947156278589608 
2 -162.158399156006 90.225126118078805 278.524696984169 0 1 0 0 -0 1 1 0 -0 2.00000000000006
2 -175.808042755759 90.225126118078805 245.10468457244599 0 1 0 0 -0 1 1 0 -0 38.100000000000001
1 -125.643342408694 90.225126118078805 258.424964005893 0.84804809615642784 0 -0.52991926423320201 
2 -175.808042755759 90.225126118078805 245.10468457244599 0 1 0 0 -0 1 1 0 -0 13.6
1 -115.86804275575901 80.725126118078805 23.704684572445899 -1 -0 -0 
1 -33.394926766031602 80.725126118078805 245.10468457244599 0 0 1 
1 -7.9280427557590896 80.725126118078805 37.034684572445897 0.46947156278589491 0 -0.88294759285892477 
1 -125.643342408694 80.725126118078805 258.424964005893 0.84804809615642784 0 -0.52991926423320201 
2 -175.808042755759 80.725126118078805 245.10468457244599 0 1 0 0 -0 1 1 0 -0 38.100000000000001
2 -162.158399156006 80.725126118078805 278.524696984169 0 1 0 0 -0 1 1 0 -0 2.00000000000006
1 -187.591778981685 80.725126118078805 267.26666915320499 0.8829475928589251 0 0.46947156278589408 
2 -211.14727255622 80.725126118078805 252.47685095080499 0 1 0 0 0 -1 -1 0 0 2
2 -175.808042755759 80.725126118078805 245.10468457244599 0 1 0 0 -0 1 1 0 -0 38.100000000000001
1 -215.33967747883401 80.725126118078805 210.783620547395 0.040755993073842096 0 0.99916912934125657 
1 -115.86804275575901 80.725126118078805 23.704684572445899 -0.46947156278589491 0 0.88294759285892477 
2 -175.808042755759 80.725126118078805 245.10468457244599 0 1 0 0 -0 1 1 0 -0 13.6
1 -215.33967747883401 90.225126118078805 210.783620547395 -0 -1 -0 
1 -115.86804275575901 90.225126118078805 23.704684572445899 -0 -1 -0 
1 -213.876386583661 90.225126118078805 246.65748790855901 -0 -1 -0 
1 -213.105124622728 90.225126118078805 252.885281221074 -0 -1 -0 
1 -212.086215681792 90.225126118078805 254.24274613652301 -0 -1 -0 
1 -163.09734228157799 90.225126118078805 280.29059216988702 -0 -1 -0 
1 -159.206291254728 90.225126118078805 279.397422099479 -0 -1 -0 
1 -125.643342408694 90.225126118078805 258.424964005893 -0 -1 -0 
7 1 0  3 4 2  -21.808913677280799 84.422847114598994 63.1408058766078  1 -16.441486331733099 88.237472263951503 53.046143217012698  0.98621747650184299 -11.9566743743689 93.058997235046206 44.611438676696402  0.98621747650184299 -8.5399138837499908 98.688063684249997 38.185446796239702  1
 5.3302594364568003 4 5.7376453942310297 4
1 -15.3470948696256 105.173109180748 50.987892230778101 -0.42856035878526982 0.40827964328912986 0.80600480876576763 
7 1 0  3 4 2  -15.6233080985988 105.436251200968 51.507373760586901  1 -18.418720580400599 100.212535233108 56.764779996670903  0.98276071854911895 -22.322096295072299 95.7554961390003 64.105962007444006  0.98276071854911895 -27.1315610649524 92.295642372788393 73.151249684308297  1
 0.49136182129273798 4 0.94717884108280503 4
7 1 0  3 4 2  -27.1315610649524 92.295642372788393 73.151249684308297  1 -29.0184809092618 90.9382217361389 76.700029773487998  0.96785349316924396 -31.230844334007799 90.225126118078805 80.8608802173719  0.96785349316924396 -33.5552920713532 90.225126118078805 85.232530594311797  1
 0.94717884108280503 4 1.5707963267949001 4
7 1 0  3 4 2  -33.394926766031602 80.725126118078805 84.930927320470104  1 -29.208883286223902 80.725126118078705 77.058124562905505  0.96843856523921101 -25.221016113706899 81.997869387242403 69.558037231266994  0.96843856523921101 -21.808913677280799 84.422847114598994 63.1408058766078  1
 4.7123889803846897 4 5.3302594364568003 4
2 -49.705247564359198 123.674815390289 23.704684572445899 0 0 1 1 0 -0 -0 1 0 48.155191390494601
2 -33.394926766031602 100.725126118079 23.704684572445899 0 0 -1 1 0 0 0 -1 0 20
2 -33.5552920713532 101.225126118079 23.704684572445899 0 0 1 1 0 -0 -0 1 0 11
2 -49.705247564359198 123.674815390289 23.704684572445899 0 0 1 1 0 -0 -0 1 0 38.655191390494601
1 -7.9280427557591198 99.725126118078705 23.704684572445899 0.72403083682137115 -0.68976760385781011 0 
1 -7.9280427557591198 99.725126118078705 103.704684572446 0 0 -1 
7 0 0  3 10 5  -7.9280427557591198 99.725126118078705 34.536313730419103  -7.9280427557591198 99.725126118078705 35.1960388130883  -7.9645405681871004 99.660890813483903 35.842828849937902  -8.1007624279823194 99.426156490082903 36.784898145515101  -8.1612299339804792 99.322383695666701 37.097704501412302  -8.2790733312310305 99.122819251960905 37.533290127237301  -8.3229315805102697 99.048899286012201 37.673401745079502  -8.4222278422664498 98.882798473803604 37.940993431057102  -8.4779763263722892 98.790104967839497 38.068959192880499  -8.5399138837499908 98.688063684249997 38.185446796239702 
 3.4964469463373497e-18 4 0.00194951890057489 2 0.0029242783508623298 2 0.0034116580760060601 2 0.0038990378011497899 4
1 -21.808913677280799 84.422847114598994 103.704684572446 -0 -0 -1 
1 -27.1315610649524 92.295642372788393 103.704684572446 0 0 1 
1 -15.063643308093599 106.52304941742101 103.704684572446 0 0 -1 
7 0 0  3 12 6  -15.6233080985988 105.436251200968 51.507373760586901  -15.5080967575334 105.651543693907 51.290692742337001  -15.4195431589125 105.82154106281401 51.034442608187803  -15.310630257263499 106.032808727988 50.612503283069898  -15.2786807593384 106.09530833831199 50.465673443844601  -15.223164403813501 106.204454458691 50.168797844891799  -15.199334371636199 106.25161598670201 50.017710956870999  -15.1374954291487 106.374447218052 49.557816593617098  -15.108931998369901 106.431831569037 49.240819040625702  -15.07200802012 106.50611536749101 48.6011353641684  -15.063643308093599 106.52304941742101 48.279521665941701  -15.063643308093599 106.52304941742101 47.956426535334401 
 0 4 0.00096001562845357102 2 0.0014400234426803599 2 0.0019200312569071401 2 0.0028800468853607099 2 0.0038400625138142802 4
1 -8.7910342842943798 100.54727839186999 36.159364737505101 0.42856035878526982 -0.40827964328912986 -0.80600480876576763 
2 -175.808042755759 102.418297846103 245.10468457244599 7.6858351501890701e-18 1 -2.1353725357386201e-18 0.491591754731458 -5.6378306513614728e-18 -0.87082578434497804 -0.87082578434497804 5.643291891160488e-18 -0.491591754731458 199.23935898702101
1 -75.916598194326696 148.64512611807899 68.152885193546595 0.041965051837939603 0.9963496901438158 -0.074338612944829602 
2 -175.808042755759 148.64512611807899 245.10468457244599 7.0184270492672404e-18 1 -9.5309846915884207e-19 0.491591754731458 -4.2801835905672587e-18 -0.87082578434497804 -0.87082578434497804 5.6432918911604926e-18 -0.491591754731458 203.19999999999999
1 -275.69948731719097 148.64512611807899 422.05648395134602 -0.041965051837939603 0.9963496901438158 0.074338612944829602 
2 -271.30348238924 102.84512611807899 414.26922063270302 0.87082578434497804 -5.6432918911604903e-18 0.491591754731458 -0.491591754731458 -6.401601625103933e-17 0.87082578434497804 2.655542167235847e-17 -1 -5.8520993325689585e-17 5
2 -175.808042755759 97.845126118078696 245.10468457244599 8.5639543016368007e-18 1 -3.6909087941234704e-18 0.491591754731458 -7.4241078681700009e-18 -0.87082578434497804 -0.87082578434497804 5.6432918911604903e-18 -0.491591754731458 194.257610536302
2 -80.312603122278006 102.84512611807899 75.940148512189495 -0.87082578434497804 5.6432918911605003e-18 -0.491591754731458 0.491591754731458 6.401601625103933e-17 -0.87082578434497804 2.655542167235846e-17 -1 -5.8520993325689585e-17 5
2 -175.808042755759 94.665126118078703 245.10468457244599 -2.65554216723585e-17 1 5.8520993325689598e-17 0.491591754731458 6.4016016251039366e-17 -0.87082578434497804 -0.87082578434497804 5.6432918911604749e-18 -0.491591754731458 57.5
1 -144.94516732416301 124.618089671417 190.432921984519 0.085364012365204855 0.98480775301220858 -0.15121731051687795 
2 -175.808042755759 124.618089671417 245.10468457244599 -2.65554216723585e-17 1 5.8520993325689598e-17 0.491591754731458 6.4016016251039366e-17 -0.87082578434497804 -0.87082578434497804 5.6432918911604749e-18 -0.491591754731458 62.781515626630799
1 -206.670918187355 124.618089671417 299.77644716037298 -0.085364012365204855 0.98480775301220858 0.15121731051687795 
2 -135.26269989663501 121.14512611807901 173.28100230560099 -0.87082578434497804 5.6432918911604903e-18 -0.491591754731458 0.491591754731458 6.401601625103933e-17 -0.87082578434497804 2.655542167235847e-17 -1 -5.8520993325689585e-17 20
2 -175.808042755759 141.14512611807899 245.10468457244599 -2.65554216723585e-17 1 5.8520993325689598e-17 0.491591754731458 6.4016016251039366e-17 -0.87082578434497804 -0.87082578434497804 5.6432918911604749e-18 -0.491591754731458 82.477670686874902
2 -216.353385614883 121.14512611807901 316.92836683929102 0.87082578434497804 -5.6432918911604803e-18 0.491591754731458 -0.491591754731458 -6.4016016251039305e-17 0.87082578434497804 2.6555421672358466e-17 -1 -5.8520993325689548e-17 20
2 -175.808042755759 124.618089671417 245.10468457244599 -2.65554216723585e-17 1 5.8520993325689598e-17 0.491591754731458 6.4016016251039366e-17 -0.87082578434497804 -0.87082578434497804 5.6432918911604749e-18 -0.491591754731458 62.781515626630799
2 -106.86158545057999 121.14512611807901 122.97010403338101 -0.87082578434497804 5.6432918911604903e-18 -0.491591754731458 0.491591754731458 6.401601625103933e-17 -0.87082578434497804 2.655542167235847e-17 -1 -5.8520993325689585e-17 20
2 -175.808042755759 122.191845242938 245.10468457244599 -2.6555421672358399e-17 1 5.8520993325689499e-17 0.491591754731458 6.4016016251039231e-17 -0.87082578434497804 -0.87082578434497804 5.6432918911605149e-18 -0.491591754731458 160.224042517838
2 -244.754500060938 121.14512611807901 367.23926511151097 0.87082578434497804 -5.6432918911604803e-18 0.491591754731458 -0.491591754731458 -6.4016016251039305e-17 0.87082578434497804 2.6555421672358466e-17 -1 -5.8520993325689548e-17 20
2 -175.808042755759 141.14512611807899 245.10468457244599 -2.23408320644219e-18 1 1.5437177451944801e-17 0.491591754731458 1.4541349046333438e-17 -0.87082578434497804 -0.87082578434497804 5.6432918911604779e-18 -0.491591754731458 140.25145182274699
1 -96.415974366628504 97.845126118078696 104.466320400732 0.02572792456501919 -0.99862953475457372 -0.045575500144708986 
2 -175.808042755759 97.845126118078696 245.10468457244599 -2.65554216723585e-17 1 5.8520993325689598e-17 0.491591754731458 6.4016016251039366e-17 -0.87082578434497804 -0.87082578434497804 5.6432918911604749e-18 -0.491591754731458 161.5
1 -255.20011114488901 97.845126118078696 385.74304874415998 -0.02572792456501919 -0.99862953475457372 0.045575500144708889 
2 -175.808042755759 194.87195439005501 245.10468457244599 -2.6555421672358399e-17 1 5.8520993325689598e-17 0.491591754731458 6.4016016251039317e-17 -0.87082578434497804 -0.87082578434497804 5.6432918911605642e-18 -0.491591754731458 199.23935898702101
1 -75.916598194326795 148.64512611807899 68.152885193546595 0.041965051837939603 -0.9963496901438158 -0.074338612944829602 
2 -175.808042755759 148.64512611807899 245.10468457244599 7.0184270492672404e-18 1 -9.5309846915884207e-19 0.491591754731458 -4.2801835905672587e-18 -0.87082578434497804 -0.87082578434497804 5.6432918911604926e-18 -0.491591754731458 203.19999999999999
1 -275.69948731719097 148.64512611807899 422.05648395134602 -0.041965051837939603 -0.9963496901438158 0.074338612944829505 
2 -271.30348238924 194.445126118079 414.26922063270302 -0.87082578434497804 5.6432918911605003e-18 -0.491591754731458 0.491591754731458 6.401601625103933e-17 -0.87082578434497804 2.655542167235846e-17 -1 -5.8520993325689585e-17 5.0000000000000098
2 -175.808042755759 199.445126118079 245.10468457244599 -2.65554216723585e-17 1 5.8520993325689598e-17 0.491591754731458 6.4016016251039366e-17 -0.87082578434497804 -0.87082578434497804 5.6432918911604749e-18 -0.491591754731458 194.257610536302
2 -80.312603122278006 194.445126118079 75.940148512189495 0.87082578434497804 -5.6432918911605003e-18 0.491591754731458 -0.491591754731458 -6.401601625103933e-17 0.87082578434497804 2.655542167235846e-17 -1 -5.8520993325689585e-17 5
1 -171.13792108581001 202.84838526226901 236.831839621169 -1.06982700459064e-17 1 3.0430984960667898e-17 
2 -175.808042755759 202.62512611807901 245.10468457244599 -1.11269129012693e-17 1 3.1190300484438498e-17 0.491591754731458 3.2631216521195776e-17 -0.87082578434497804 -0.87082578434497804 5.6432918911604718e-18 -0.491591754731458 9.4999999999999893
1 -180.478164425708 202.84838526226901 253.37752952372301 -1.06982700459064e-17 1 3.0430984960667898e-17 
2 -175.808042755759 94.665126118078703 245.10468457244599 -2.65554216723585e-17 1 5.8520993325689598e-17 0.491591754731458 6.4016016251039366e-17 -0.87082578434497804 -0.87082578434497804 5.6432918911604749e-18 -0.491591754731458 9.4999999999999893
2 -106.86158545057999 176.14512611807899 122.97010403338101 0.87082578434497804 -5.6432918911604903e-18 0.491591754731458 -0.491591754731458 -6.401601625103933e-17 0.87082578434497804 2.655542167235847e-17 -1 -5.8520993325689585e-17 20
2 -175.808042755759 175.09840699322001 245.10468457244599 -1.5910630239957201e-17 1 3.9664373459529799e-17 0.491591754731458 4.236229376699112e-17 -0.87082578434497804 -0.87082578434497804 5.6432918911604687e-18 -0.491591754731458 160.224042517838
2 -244.754500060938 176.14512611807899 367.23926511151097 -0.87082578434497804 5.6432918911604903e-18 -0.491591754731458 0.491591754731458 6.401601625103933e-17 -0.87082578434497804 2.655542167235847e-17 -1 -5.8520993325689585e-17 20
2 -175.808042755759 156.14512611807899 245.10468457244599 -2.23408320644219e-18 1 1.5437177451944801e-17 0.491591754731458 1.4541349046333438e-17 -0.87082578434497804 -0.87082578434497804 5.6432918911604779e-18 -0.491591754731458 140.25145182274699
1 -96.415974366628504 199.445126118079 104.466320400732 0.02572792456501919 0.99862953475457372 -0.045575500144708889 
2 -175.808042755759 199.445126118079 245.10468457244599 -1.07143859287803e-17 1 3.0459533296169699e-17 0.491591754731458 3.1792050753018106e-17 -0.87082578434497804 -0.87082578434497804 5.6432918911604317e-18 -0.491591754731458 161.5
1 -255.20011114488901 199.445126118079 385.74304874415998 -0.02572792456501919 0.99862953475457372 0.045575500144708986 
2 -175.808042755759 202.62512611807901 245.10468457244599 -1.07976087614911e-17 1 3.0606957633281402e-17 0.491591754731458 3.196134332538096e-17 -0.87082578434497804 -0.87082578434497804 5.6432918911605026e-18 -0.491591754731458 57.5
1 -144.94516732416301 172.67216256474001 190.432921984519 0.085364012365204855 -0.98480775301220858 -0.15121731051687795 
2 -175.808042755759 172.67216256474001 245.10468457244599 6.1103804170299299e-19 1 1.0397213053384e-17 0.491591754731458 8.7537799490865175e-18 -0.87082578434497804 -0.87082578434497804 5.6432918911604895e-18 -0.491591754731458 62.781515626630799
7 0 0  3 4 2  -223.09087739201601 192.10913513767301 209.226266398349  -224.094873014764 185.63024455893 208.65949864893  -225.09835037946999 179.15124808497299 208.09302346248401  -226.10139120118399 172.67216256474001 207.52679470986999 
 0.043401310392517503 4 0.063143328664026499 4
2 -175.808042755759 192.10913513767301 245.10468457244599 2.65554216723585e-17 -1 -5.8520993325689598e-17 -0.491591754731458 -6.4016016251039366e-17 0.87082578434497804 -0.87082578434497804 5.6432918911604749e-18 -0.491591754731458 59.354252938732401
7 0 0  3 4 2  -230.95634546772001 192.10913513767301 223.15947894786899  -231.96034109046701 185.63024455893 222.59271119844999  -232.963818455173 179.15124808497299 222.02623601200401  -233.96685927688799 172.67216256474001 221.46000725938899 
 0.043401310392517503 4 0.063143328664026499 4
2 -175.808042755759 172.67216256474001 245.10468457244599 6.1103804170299299e-19 1 1.0397213053384e-17 0.491591754731458 8.7537799490865175e-18 -0.87082578434497804 -0.87082578434497804 5.6432918911604895e-18 -0.491591754731458 62.781515626630799
1 -206.670918187355 172.67216256474001 299.77644716037298 -0.085364012365204855 -0.98480775301220858 0.15121731051687795 
2 -135.26269989663501 176.14512611807899 173.28100230560099 0.87082578434497804 -5.6432918911604903e-18 0.491591754731458 -0.491591754731458 -6.401601625103933e-17 0.87082578434497804 2.655542167235847e-17 -1 -5.8520993325689585e-17 20
2 -175.808042755759 156.14512611807899 245.10468457244599 -2.65554216723585e-17 1 5.8520993325689598e-17 0.491591754731458 6.4016016251039366e-17 -0.87082578434497804 -0.87082578434497804 5.6432918911604749e-18 -0.491591754731458 82.477670686874902
2 -216.353385614883 176.14512611807899 316.92836683929102 -0.87082578434497804 5.6432918911604803e-18 -0.491591754731458 0.491591754731458 6.4016016251039305e-17 -0.87082578434497804 2.6555421672358466e-17 -1 -5.8520993325689548e-17 20
2 -175.808042755759 172.67216256474001 245.10468457244599 6.1103804170299299e-19 1 1.0397213053384e-17 0.491591754731458 8.7537799490865175e-18 -0.87082578434497804 -0.87082578434497804 5.6432918911604895e-18 -0.491591754731458 62.781515626630799
2 -175.808042755759 156.14512611807899 245.10468457244599 -2.65554216723585e-17 1 5.8520993325689598e-17 0.491591754731458 6.4016016251039366e-17 -0.87082578434497804 -0.87082578434497804 5.6432918911604749e-18 -0.491591754731458 82.477670686874902
7 0 0  3 8 4  -226.10139120118399 172.67216256474001 207.52679470986999  -226.17636537299899 172.187871137629 207.48447087731401  -226.26694303253799 171.707080198287 207.43333868601599  -226.47941585490699 170.75252409096501 207.31339519162401  -226.60181386293701 170.27721062301001 207.24430002629401  -227.012078555811 168.87754394157 207.01270061353  -227.34269839994499 167.97739272030699 206.826061687296  -227.728580768477 167.10913513767301 206.60822639339801 
 0.122983968906886 4 0.124446135968385 2 0.12590830302988401 2 0.12883263715288101 4
2 -175.808042755759 167.10913513767301 245.10468457244599 -2.65554216723585e-17 1 5.8520993325689598e-17 -0.491591754731458 -6.4016016251039366e-17 0.87082578434497804 0.87082578434497804 -5.6432918911604749e-18 0.491591754731458 64.635281076679206
7 0 0  3 8 4  -233.96685927688799 172.67216256474001 221.46000725938899  -234.04183344870299 172.187871137629 221.41768342683301  -234.132411108241 171.707080198287 221.36655123553601  -234.34488393061099 170.75252409096501 221.24660774114301  -234.46728193864101 170.27721062301001 221.17751257581301  -234.87754663151401 168.87754394157 220.945913163049  -235.208166475648 167.97739272030699 220.759274236815  -235.59404884418001 167.10913513767301 220.54143894291701 
 0.122983968906886 4 0.124446135968385 2 0.12590830302988401 2 0.12883263715288101 4
2 -175.808042755759 202.62512611807901 245.10468457244599 -1.07976087614911e-17 1 3.0606957633281402e-17 0.491591754731458 3.196134332538096e-17 -0.87082578434497804 -0.87082578434497804 5.6432918911605026e-18 -0.491591754731458 57.5
2 -175.808042755759 156.14512611807899 245.10468457244599 -2.23408320644219e-18 1 1.5437177451944801e-17 0.491591754731458 1.4541349046333438e-17 -0.87082578434497804 -0.87082578434497804 5.6432918911604779e-18 -0.491591754731458 140.25145182274699
7 0 0  2 3 2  -113.53790722929401 156.14512611807899 152.269295573759  -113.680021940811 156.14512611807899 152.20049398178799  -116.66621464319999 156.14512611807899 150.47461692102499 
 9 3 10 3
7 0 0  2 3 2  -113.27812757965999 156.14512611807899 152.85567622633599  -113.183474409921 156.14512611807899 152.49242977549099  -113.53790722929401 156.14512611807899 152.269295573759 
 8 3 9 3
1 -114.802001405466 156.14512611807899 160.351556599562 0.1992197652859771 6.2638295424621927e-17 -0.97995483830603147 
7 0 0  2 3 2  -115.040031322828 156.14512611807899 160.69680620413899  -114.824959327695 156.14512611807899 160.58466416384601  -114.802001405466 156.14512611807899 160.351556599562 
 6 3 7 3
7 0 0  2 3 2  -116.23142736600001 156.14512611807899 161.52428193358  -115.101281319435 156.14512611807899 160.76124462936701  -115.040031322828 156.14512611807899 160.69680620413899 
 5 3 6 3
7 0 0  2 3 2  -116.78274699087601 156.14512611807899 161.54813517363499  -116.58261069390601 156.14512611807899 161.704983492558  -116.23142736600001 156.14512611807899 161.52428193358 
 4 3 5 3
7 0 0  2 3 2  -119.034434419729 156.14512611807899 160.32615228332901  -116.89927453788 156.14512611807899 161.53675725789699  -116.78274699087601 156.14512611807899 161.54813517363499 
 3 3 4 3
7 0 0  2 3 2  -119.33293804956099 156.14512611807899 159.73602012062  -119.34240332017799 156.14512611807899 160.30731545455299  -119.034434419729 156.14512611807899 160.32615228332901 
 2 3 3 3
7 0 0  3 4 2  -117.399802258946 156.14512611807899 150.75482056845499  -117.46311578080299 156.14512611807899 150.921396051947  -119.25575862711101 156.14512611807899 159.629911589382  -119.33293804956099 156.14512611807899 159.73602012062 
 1 4 2 4
7 0 0  2 3 2  -116.66621464319999 156.14512611807899 150.47461692102499  -117.190772365439 156.14512611807899 150.22684070735801  -117.399802258946 156.14512611807899 150.75482056845499 
 0 3 1 3
7 0 0  3 4 2  -131.20586835459301 156.14512611807899 142.59548759602399  -131.02413984533399 156.14512611807899 142.231959546974  -131.103995137726 156.14512611807899 141.90528556605301  -131.39083295215201 156.14512611807899 141.73686537464499 
 26 4 27 4
7 0 0  3 4 2  -135.560024840572 156.14512611807899 149.986655745973  -134.759999202046 156.14512611807899 148.62886018793901  -132.031381945177 156.14512611807899 143.99635643898799  -131.20586835459301 156.14512611807899 142.59548759602399 
 25 4 26 4
7 0 0  3 4 2  -136.37861281411099 156.14512611807899 150.25020798576901  -135.939630904301 156.14512611807899 150.420542998408  -135.70548115232501 156.14512611807899 150.14177002572501  -135.560024840572 156.14512611807899 149.986655745973 
 24 4 25 4
7 0 0  3 4 2  -138.60071743268401 156.14512611807899 148.96478223074399  -138.07892459601501 156.14512611807899 149.32113330767501  -137.326598102693 156.14512611807899 149.693021314269  -136.37861281411099 156.14512611807899 150.25020798576901 
 23 4 24 4
7 0 0  3 4 2  -139.19241717430299 156.14512611807899 148.48291606725701  -139.055542272764 156.14512611807899 148.64702155240599  -138.82862093097 156.14512611807899 148.80899546114401  -138.60071743268401 156.14512611807899 148.96478223074399 
 22 4 23 4
7 0 0  3 4 2  -139.586126630552 156.14512611807899 147.931955715204  -139.452401778508 156.14512611807899 148.18445895122099  -139.426919440023 156.14512611807899 148.19952204470701  -139.19241717430299 156.14512611807899 148.48291606725701 
 21 4 22 4
7 0 0  3 4 2  -140.07809435912301 156.14512611807899 145.91333461010501  -140.05754342368499 156.14512611807899 146.281615457762  -140.07046038921101 156.14512611807899 147.061863125976  -139.586126630552 156.14512611807899 147.931955715204 
 20 4 21 4
7 0 0  3 4 2  -139.74864048414599 156.14512611807899 145.841278258926  -139.902381714912 156.14512611807899 145.79997888087499  -140.04176820128799 156.14512611807899 145.82559880979099  -140.07809435912301 156.14512611807899 145.91333461010501 
 19 4 20 4
7 0 0  2 3 2  -136.020874945386 156.14512611807899 148.03221953831701  -138.06988917393201 156.14512611807899 146.82772219543699  -139.74864048414599 156.14512611807899 145.841278258926 
 18 3 19 3
7 0 0  2 3 2  -135.87436877002 156.14512611807899 147.71332146877  -135.749512998531 156.14512611807899 147.948281760642  -136.020874945386 156.14512611807899 148.03221953831701 
 17 3 18 3
7 0 0  3 4 2  -139.725315613834 156.14512611807899 145.45006492191999  -138.290583394149 156.14512611807899 146.293426998603  -136.74125723723901 156.14512611807899 147.23668033688401  -135.87436877002 156.14512611807899 147.71332146877 
 16 4 17 4
7 0 0  3 4 2  -139.95593737069399 156.14512611807899 144.87919519319399  -139.933881868181 156.14512611807899 144.940879387103  -140.06156450388801 156.14512611807899 145.25251731180799  -139.725315613834 156.14512611807899 145.45006492191999 
 15 4 16 4
7 0 0  3 4 2  -139.38623161282601 156.14512611807899 143.22171187345  -139.71630241345599 156.14512611807899 143.866325482414  -139.97796663807 156.14512611807899 144.81761204466201  -139.95593737069399 156.14512611807899 144.87919519319399 
 14 4 15 4
7 0 0  3 4 2  -138.780483012443 156.14512611807899 143.350581620219  -138.91358601133101 156.14512611807899 143.28990238113701  -139.31137062051101 156.14512611807899 143.058070371973  -139.38623161282601 156.14512611807899 143.22171187345 
 13 4 14 4
7 0 0  3 4 2  -134.64361165778499 156.14512611807899 145.78206405806699  -135.58469756332599 156.14512611807899 145.22901818493401  -138.67150465498699 156.14512611807899 143.41472023149601  -138.780483012443 156.14512611807899 143.350581620219 
 12 4 13 4
7 0 0  3 4 2  -134.481726879859 156.14512611807899 145.472547398899  -134.40226041752101 156.14512611807899 145.694701048301  -134.638011315049 156.14512611807899 145.78535570865  -134.64361165778499 156.14512611807899 145.78206405806699 
 11 4 12 4
7 0 0  3 4 2  -138.496663499493 156.14512611807899 143.112733171483  -137.38196696913599 156.14512611807899 143.76782021270401  -135.06546156470699 156.14512611807899 145.12936659042899  -134.481726879859 156.14512611807899 145.472547398899 
 10 4 11 4
7 0 0  3 4 2  -138.96869332044 156.14512611807899 142.51102993832399  -139.23835765886199 156.14512611807899 142.84410804279801  -138.782736828879 156.14512611807899 142.936456644602  -138.496663499493 156.14512611807899 143.112733171483 
 9 4 10 4
7 0 0  3 4 2  -137.75635877353901 156.14512611807899 141.19092774303499  -138.35497301967101 156.14512611807899 141.67693195654499  -138.47052184688999 156.14512611807899 141.871630362383  -138.96869332044 156.14512611807899 142.51102993832399 
 8 4 9 4
7 0 0  3 4 2  -137.11278242658199 156.14512611807899 141.25529250296199  -137.20954254175601 156.14512611807899 141.259814341035  -137.38053503748 156.14512611807899 140.95184154560101  -137.75635877353901 156.14512611807899 141.19092774303499 
 7 4 8 4
7 0 0  3 4 2  -133.35195018861199 156.14512611807899 143.465583399514  -133.906945711818 156.14512611807899 143.139208660028  -136.95829011441401 156.14512611807899 141.346011089592  -137.11278242658199 156.14512611807899 141.25529250296199 
 6 4 7 4
7 0 0  3 4 2  -133.163890737369 156.14512611807899 143.19097030966799  -133.11263132129699 156.14512611807899 143.25805021468199  -133.279177833023 156.14512611807899 143.50827490914  -133.35195018861199 156.14512611807899 143.465583399514 
 5.0530745328242297 4 6 4
7 0 0  3 4 2  -136.91676962647099 156.14512611807899 140.98167559109399  -136.68912967672699 156.14512611807899 141.115719887333  -133.21674980735699 156.14512611807899 143.18394602892201  -133.163890737369 156.14512611807899 143.19097030966799 
 4 4 4.9612342762520303 4
7 0 0  3 4 2  -136.905008952911 156.14512611807899 140.62485113550801  -137.284303288502 156.14512611807899 140.76582570718699  -136.94524998815001 156.14512611807899 141.02984009669299  -136.91676962647099 156.14512611807899 140.98167559109399 
 3 4 4 4
7 0 0  3 4 2  -135.12097809756401 156.14512611807899 140.10836902256099  -136.05732861742001 156.14512611807899 140.11775432905799  -136.43283993763799 156.14512611807899 140.38296866178601  -136.905008952911 156.14512611807899 140.62485113550801 
 2 4 3 4
7 0 0  3 4 2  -133.74392583421101 156.14512611807899 140.36982634431001  -134.04275952226101 156.14512611807899 140.22166999020001  -134.85016090213901 156.14512611807899 140.03978051907299  -135.12097809756401 156.14512611807899 140.10836902256099 
 1 4 2 4
7 0 0  3 4 2  -131.39083295215201 156.14512611807899 141.73686537464499  -132.081737832084 156.14512611807899 141.33069434364501  -132.680089040269 156.14512611807899 140.99519138007301  -133.74392583421101 156.14512611807899 140.36982634431001 
 0 4 1 4
7 0 0  3 4 2  -134.42845499210699 156.14512611807899 150.71836245041399  -134.68866081842501 156.14512611807899 151.24323522344901  -134.54933940448399 156.14512611807899 151.266383551009  -134.21307275696199 156.14512611807899 151.52465003945301 
 7 4 8 4
7 0 0  3 4 2  -130.432649525409 156.14512611807899 143.87700993056001  -130.636949533039 156.14512611807899 144.22256198385699  -133.25411534125001 156.14512611807899 148.74760889874099  -134.42845499210699 156.14512611807899 150.71836245041399 
 8 4 9 4
7 0 0  3 4 2  -129.62896081986401 156.14512611807899 142.71693589100099  -129.867562640351 156.14512611807899 143.03256545196299  -130.13357571198699 156.14512611807899 143.41377048503799  -130.432649525409 156.14512611807899 143.87700993056001 
 0 4 1 4
7 0 0  3 4 2  -124.76467421333901 156.14512611807899 141.35745417713201  -126.607644312118 156.14512611807899 140.811532004094  -128.16703055477899 156.14512611807899 141.19084455703401  -129.62896081986401 156.14512611807899 142.71693589100099 
 1 4 2 4
7 0 0  3 4 2  -123.811350242866 156.14512611807899 145.08985897876701  -122.57777691859 156.14512611807899 144.89674086655  -121.67257426937999 156.14512611807899 142.29608909851899  -124.76467421333901 156.14512611807899 141.35745417713201 
 2 4 3 4
7 0 0  3 4 2  -126.045177726405 156.14512611807899 146.67798301088001  -125.313841521656 156.14512611807899 145.57821931478  -124.890908184574 156.14512611807899 145.37975164106001  -123.811350242866 156.14512611807899 145.08985897876701 
 3 4 4 4
7 0 0  3 4 2  -130.049280026871 156.14512611807899 153.50067329707699  -129.32188665413901 156.14512611807899 152.30097915840801  -126.520510194716 156.14512611807899 147.446058262885  -126.045177726405 156.14512611807899 146.67798301088001 
 4 4 5 4
7 0 0  3 4 2  -130.524287477928 156.14512611807899 153.675127112724  -130.336569451842 156.14512611807899 153.76919119495301  -130.16658248402999 156.14512611807899 153.70024914730499  -130.049280026871 156.14512611807899 153.50067329707699 
 5 4 6 4
1 -130.524287477928 156.14512611807899 153.675127112724 0.86391284299812743 -6.5320216827959636e-18 0.50364134034339636 
7 0 0  3 4 2  -108.664179978593 156.14512611807899 155.17343048613699  -108.882937266187 156.14512611807899 155.046223977995  -111.352325932458 156.14512611807899 153.64585188746699  -111.567388075371 156.14512611807899 153.479288891717 
 5 4 6 4
7 0 0  2 3 2  -108.621640789895 156.14512611807899 155.97368605576099  -108.146646857566 156.14512611807899 155.61307457472901  -108.664179978593 156.14512611807899 155.17343048613699 
 4 3 5 3
7 0 0  2 3 2  -112.44014839603 156.14512611807899 158.82823438924501  -112.544075973722 156.14512611807899 158.92769775481599  -108.621640789895 156.14512611807899 155.97368605576099 
 3 3 4 3
7 0 0  3 4 2  -113.234843720822 156.14512611807899 158.33802636858999  -113.211936892995 156.14512611807899 159.21844769852399  -112.492114132463 156.14512611807899 158.877750863703  -112.44014839603 156.14512611807899 158.82823438924501 
 2 4 3 4
7 0 0  3 4 2  -112.217631583922 156.14512611807899 153.79178180748301  -112.273397405587 156.14512611807899 153.88025058803501  -113.25124767054 156.14512611807899 158.265706976724  -113.234843720822 156.14512611807899 158.33802636858999 
 1 4 2 4
7 0 0  3 4 2  -111.567388075371 156.14512611807899 153.479288891717  -112.11695739287001 156.14512611807899 153.28805226455299  -112.225859793919 156.14512611807899 153.75552106617101  -112.217631583922 156.14512611807899 153.79178180748301 
 0 4 1 4
7 0 0  2 3 2  -121.921659714889 156.14512611807899 147.505216088656  -122.49274757372299 156.14512611807899 147.33121503066499  -122.616317364507 156.14512611807899 147.78954919259101 
 0 3 1 3
1 -118.665803933823 156.14512611807899 149.35953545852999 -0.8689515638004901 5.8864970720604609e-18 -0.49489714059457107 
7 0 0  2 3 2  -118.42632936451901 156.14512611807899 149.91257526047301  -118.353511849163 156.14512611807899 149.453181153195  -118.665803933823 156.14512611807899 149.35953545852999 
 8 3 9 3
7 0 0  2 3 2  -120.035021506123 156.14512611807899 157.31399206697299  -118.397311698096 156.14512611807899 149.817461314252  -118.42632936451901 156.14512611807899 149.91257526047301 
 7 3 8 3
7 0 0  2 3 2  -120.276855403894 156.14512611807899 157.69776356099001  -120.092533739993 156.14512611807899 157.617981131394  -120.035021506123 156.14512611807899 157.31399206697299 
 6 3 7 3
7 0 0  2 3 2  -121.420037220764 156.14512611807899 158.51444679616901  -120.520690504418 156.14512611807899 157.905169167986  -120.276855403894 156.14512611807899 157.69776356099001 
 5 3 6 3
7 0 0  2 3 2  -122.01129039166899 156.14512611807899 158.58555536255301  -121.737405174158 156.14512611807899 158.78883277269301  -121.420037220764 156.14512611807899 158.51444679616901 
 4 3 5 3
7 0 0  2 3 2  -124.279333195137 156.14512611807899 157.29102475448599  -122.307855141242 156.14512611807899 158.45029203215401  -122.01129039166899 156.14512611807899 158.58555536255301 
 3 3 4 3
7 0 0  2 3 2  -124.51098373595801 156.14512611807899 156.77435063440899  -124.562133089497 156.14512611807899 157.21625461147801  -124.279333195137 156.14512611807899 157.29102475448599 
 2 3 3 3
7 0 0  3 4 2  -122.616317364507 156.14512611807899 147.78954919259101  -122.66002865580499 156.14512611807899 147.87542745374  -124.497745874895 156.14512611807899 156.72065223316599  -124.51098373595801 156.14512611807899 156.77435063440899 
 1 4 2 4
2 -175.808042755759 199.445126118079 245.10468457244599 -2.65554216723585e-17 1 5.8520993325689598e-17 0.491591754731458 6.4016016251039366e-17 -0.87082578434497804 -0.87082578434497804 5.6432918911604749e-18 -0.491591754731458 194.257610536302
2 -175.808042755759 199.445126118079 245.10468457244599 -1.07143859287803e-17 1 3.0459533296169699e-17 0.491591754731458 3.1792050753018106e-17 -0.87082578434497804 -0.87082578434497804 5.6432918911604317e-18 -0.491591754731458 161.5
2 -175.808042755759 175.09840699322001 245.10468457244599 -1.5910630239957201e-17 1 3.9664373459529799e-17 0.491591754731458 4.236229376699112e-17 -0.87082578434497804 -0.87082578434497804 5.6432918911604687e-18 -0.491591754731458 160.224042517838
2 -175.808042755759 202.62512611807901 245.10468457244599 -1.11269129012693e-17 1 3.1190300484438498e-17 0.491591754731458 3.2631216521195776e-17 -0.87082578434497804 -0.87082578434497804 5.6432918911604718e-18 -0.491591754731458 9.4999999999999893
2 -175.808042755759 94.665126118078703 245.10468457244599 -2.65554216723585e-17 1 5.8520993325689598e-17 0.491591754731458 6.4016016251039366e-17 -0.87082578434497804 -0.87082578434497804 5.6432918911604749e-18 -0.491591754731458 9.4999999999999893
2 -175.808042755759 194.87195439005501 245.10468457244599 -2.6555421672358399e-17 1 5.8520993325689598e-17 0.491591754731458 6.4016016251039317e-17 -0.87082578434497804 -0.87082578434497804 5.6432918911605642e-18 -0.491591754731458 199.23935898702101
2 -175.808042755759 97.845126118078696 245.10468457244599 8.5639543016368007e-18 1 -3.6909087941234704e-18 0.491591754731458 -7.4241078681700009e-18 -0.87082578434497804 -0.87082578434497804 5.6432918911604903e-18 -0.491591754731458 194.257610536302
2 -175.808042755759 97.845126118078696 245.10468457244599 -2.65554216723585e-17 1 5.8520993325689598e-17 0.491591754731458 6.4016016251039366e-17 -0.87082578434497804 -0.87082578434497804 5.6432918911604749e-18 -0.491591754731458 161.5
2 -175.808042755759 122.191845242938 245.10468457244599 -2.6555421672358399e-17 1 5.8520993325689499e-17 0.491591754731458 6.4016016251039231e-17 -0.87082578434497804 -0.87082578434497804 5.6432918911605149e-18 -0.491591754731458 160.224042517838
2 -175.808042755759 141.14512611807899 245.10468457244599 -2.23408320644219e-18 1 1.5437177451944801e-17 0.491591754731458 1.4541349046333438e-17 -0.87082578434497804 -0.87082578434497804 5.6432918911604779e-18 -0.491591754731458 140.25145182274699
2 -175.808042755759 141.14512611807899 245.10468457244599 -2.65554216723585e-17 1 5.8520993325689598e-17 0.491591754731458 6.4016016251039366e-17 -0.87082578434497804 -0.87082578434497804 5.6432918911604749e-18 -0.491591754731458 82.477670686874902
2 -175.808042755759 94.665126118078703 245.10468457244599 -2.65554216723585e-17 1 5.8520993325689598e-17 0.491591754731458 6.4016016251039366e-17 -0.87082578434497804 -0.87082578434497804 5.6432918911604749e-18 -0.491591754731458 57.5
2 -175.808042755759 102.418297846103 245.10468457244599 7.6858351501890701e-18 1 -2.1353725357386201e-18 0.491591754731458 -5.6378306513614728e-18 -0.87082578434497804 -0.87082578434497804 5.643291891160488e-18 -0.491591754731458 199.23935898702101
1 -134.42845499210699 158.14512611807899 150.71836245041399 1.06982700459064e-17 -1 -3.0430984960667898e-17 
7 0 0  3 4 2  -134.42845499210699 158.14512611807899 150.71836245041399  -134.68866081842501 158.14512611807899 151.24323522344901  -134.54933940448399 158.14512611807899 151.266383551009  -134.21307275696199 158.14512611807899 151.52465003945301 
 7 4 8 4
1 -134.21307275696199 158.14512611807899 151.52465003945301 1.06982700459064e-17 -1 -3.0430984960667898e-17 
1 -130.524287477928 158.14512611807899 153.675127112724 1.06982700459064e-17 -1 -3.0430984960667898e-17 
1 -130.524287477928 158.14512611807899 153.675127112724 0.86391284299812743 -6.5320216827959636e-18 0.50364134034339636 
7 0 0  3 4 2  -130.524287477928 158.14512611807899 153.675127112724  -130.336569451842 158.14512611807899 153.76919119495301  -130.16658248402999 158.14512611807899 153.70024914730499  -130.049280026871 158.14512611807899 153.50067329707699 
 5 4 6 4
1 -130.049280026871 158.14512611807899 153.50067329707699 1.06982700459064e-17 -1 -3.0430984960667898e-17 
7 0 0  3 4 2  -130.049280026871 158.14512611807899 153.50067329707699  -129.32188665413901 158.14512611807899 152.30097915840801  -126.520510194716 158.14512611807899 147.446058262885  -126.045177726405 158.14512611807899 146.67798301088001 
 4 4 5 4
1 -126.045177726405 158.14512611807899 146.67798301088001 1.06982700459064e-17 -1 -3.0430984960667898e-17 
7 0 0  3 4 2  -126.045177726405 158.14512611807899 146.67798301088001  -125.313841521656 158.14512611807899 145.57821931478  -124.890908184574 158.14512611807899 145.37975164106001  -123.811350242866 158.14512611807899 145.08985897876701 
 3 4 4 4
1 -123.811350242866 158.14512611807899 145.08985897876701 1.06982700459064e-17 -1 -3.0430984960667898e-17 
7 0 0  3 4 2  -123.811350242866 158.14512611807899 145.08985897876701  -122.57777691859 158.14512611807899 144.89674086655  -121.67257426937999 158.14512611807899 142.29608909851899  -124.76467421333901 158.14512611807899 141.35745417713201 
 2 4 3 4
1 -124.76467421333901 158.14512611807899 141.35745417713201 1.06982700459064e-17 -1 -3.0430984960667898e-17 
7 0 0  3 4 2  -124.76467421333901 158.14512611807899 141.35745417713201  -126.607644312118 158.14512611807899 140.811532004094  -128.16703055477899 158.14512611807899 141.19084455703401  -129.62896081986401 158.14512611807899 142.71693589100099 
 1 4 2 4
1 -129.62896081986401 158.14512611807899 142.71693589100099 1.06982700459064e-17 -1 -3.0430984960667898e-17 
7 0 0  3 4 2  -129.62896081986401 158.14512611807899 142.71693589100099  -129.867562640351 158.14512611807899 143.03256545196299  -130.13357571198699 158.14512611807899 143.41377048503799  -130.432649525409 158.14512611807899 143.87700993056001 
 0 4 1 4
1 -130.432649525409 158.14512611807899 143.87700993056001 1.06982700459064e-17 -1 -3.0430984960667898e-17 
7 0 0  3 4 2  -130.432649525409 158.14512611807899 143.87700993056001  -130.636949533039 158.14512611807899 144.22256198385699  -133.25411534125001 158.14512611807899 148.74760889874099  -134.42845499210699 158.14512611807899 150.71836245041399 
 8 4 9 4
1 -131.20586835459301 158.14512611807899 142.59548759602399 1.06982700459064e-17 -1 -3.0430984960667898e-17 
7 0 0  3 4 2  -131.20586835459301 158.14512611807899 142.59548759602399  -131.02413984533399 158.14512611807899 142.231959546974  -131.103995137726 158.14512611807899 141.90528556605301  -131.39083295215201 158.14512611807899 141.73686537464499 
 26 4 27 4
1 -131.39083295215201 158.14512611807899 141.73686537464499 1.06982700459064e-17 -1 -3.0430984960667898e-17 
7 0 0  3 4 2  -131.39083295215201 158.14512611807899 141.73686537464499  -132.081737832084 158.14512611807899 141.33069434364501  -132.680089040269 158.14512611807899 140.99519138007301  -133.74392583421101 158.14512611807899 140.36982634431001 
 0 4 1 4
1 -133.74392583421101 158.14512611807899 140.36982634431001 1.06982700459064e-17 -1 -3.0430984960667898e-17 
7 0 0  3 4 2  -133.74392583421101 158.14512611807899 140.36982634431001  -134.04275952226101 158.14512611807899 140.22166999020001  -134.85016090213901 158.14512611807899 140.03978051907299  -135.12097809756401 158.14512611807899 140.10836902256099 
 1 4 2 4
1 -135.12097809756401 158.14512611807899 140.10836902256099 1.06982700459064e-17 -1 -3.0430984960667898e-17 
7 0 0  3 4 2  -135.12097809756401 158.14512611807899 140.10836902256099  -136.05732861742001 158.14512611807899 140.11775432905799  -136.43283993763799 158.14512611807899 140.38296866178601  -136.905008952911 158.14512611807899 140.62485113550801 
 2 4 3 4
1 -136.905008952911 158.14512611807899 140.62485113550801 1.06982700459064e-17 -1 -3.0430984960667898e-17 
7 0 0  3 4 2  -136.905008952911 158.14512611807899 140.62485113550801  -137.284303288502 158.14512611807899 140.76582570718699  -136.94524998815001 158.14512611807899 141.02984009669299  -136.91676962647099 158.14512611807899 140.98167559109399 
 3 4 4 4
1 -136.91676962647099 158.14512611807899 140.98167559109399 1.06982700459064e-17 -1 -3.0430984960667898e-17 
7 0 0  3 4 2  -136.91676962647099 158.14512611807899 140.98167559109399  -136.68912967672699 158.14512611807899 141.115719887333  -133.21674980735699 158.14512611807899 143.18394602892201  -133.163890737369 158.14512611807899 143.19097030966799 
 4 4 4.9612342762520303 4
1 -133.163890737369 158.14512611807899 143.19097030966799 1.06982700459064e-17 -1 -3.0430984960667898e-17 
7 0 0  3 4 2  -133.163890737369 158.14512611807899 143.19097030966799  -133.11263132129699 158.14512611807899 143.25805021468199  -133.279177833023 158.14512611807899 143.50827490914  -133.35195018861199 158.14512611807899 143.465583399514 
 5.0530745328242297 4 6 4
1 -133.35195018861199 158.14512611807899 143.465583399514 1.06982700459064e-17 -1 -3.0430984960667898e-17 
7 0 0  3 4 2  -133.35195018861199 158.14512611807899 143.465583399514  -133.906945711818 158.14512611807899 143.139208660028  -136.95829011441401 158.14512611807899 141.346011089592  -137.11278242658199 158.14512611807899 141.25529250296199 
 6 4 7 4
1 -137.11278242658199 158.14512611807899 141.25529250296199 1.06982700459064e-17 -1 -3.0430984960667898e-17 
7 0 0  3 4 2  -137.11278242658199 158.14512611807899 141.25529250296199  -137.20954254175601 158.14512611807899 141.259814341035  -137.38053503748 158.14512611807899 140.95184154560101  -137.75635877353901 158.14512611807899 141.19092774303499 
 7 4 8 4
1 -137.75635877353901 158.14512611807899 141.19092774303499 1.06982700459064e-17 -1 -3.0430984960667898e-17 
7 0 0  3 4 2  -137.75635877353901 158.14512611807899 141.19092774303499  -138.35497301967101 158.14512611807899 141.67693195654499  -138.47052184688999 158.14512611807899 141.871630362383  -138.96869332044 158.14512611807899 142.51102993832399 
 8 4 9 4
1 -138.96869332044 158.14512611807899 142.51102993832399 1.06982700459064e-17 -1 -3.0430984960667898e-17 
7 0 0  3 4 2  -138.96869332044 158.14512611807899 142.51102993832399  -139.23835765886199 158.14512611807899 142.84410804279801  -138.782736828879 158.14512611807899 142.936456644602  -138.496663499493 158.14512611807899 143.112733171483 
 9 4 10 4
1 -138.496663499493 158.14512611807899 143.112733171483 1.06982700459064e-17 -1 -3.0430984960667898e-17 
7 0 0  3 4 2  -138.496663499493 158.14512611807899 143.112733171483  -137.38196696913599 158.14512611807899 143.76782021270401  -135.06546156470699 158.14512611807899 145.12936659042899  -134.481726879859 158.14512611807899 145.472547398899 
 10 4 11 4
1 -134.481726879859 158.14512611807899 145.472547398899 1.06982700459064e-17 -1 -3.0430984960667898e-17 
7 0 0  3 4 2  -134.481726879859 158.14512611807899 145.472547398899  -134.40226041752101 158.14512611807899 145.694701048301  -134.638011315049 158.14512611807899 145.78535570865  -134.64361165778499 158.14512611807899 145.78206405806699 
 11 4 12 4
1 -134.64361165778499 158.14512611807899 145.78206405806699 1.06982700459064e-17 -1 -3.0430984960667898e-17 
7 0 0  3 4 2  -134.64361165778499 158.14512611807899 145.78206405806699  -135.58469756332599 158.14512611807899 145.22901818493401  -138.67150465498699 158.14512611807899 143.41472023149601  -138.780483012443 158.14512611807899 143.350581620219 
 12 4 13 4
1 -138.780483012443 158.14512611807899 143.350581620219 1.06982700459064e-17 -1 -3.0430984960667898e-17 
7 0 0  3 4 2  -138.780483012443 158.14512611807899 143.350581620219  -138.91358601133101 158.14512611807899 143.28990238113701  -139.31137062051101 158.14512611807899 143.058070371973  -139.38623161282601 158.14512611807899 143.22171187345 
 13 4 14 4
1 -139.38623161282601 158.14512611807899 143.22171187345 1.06982700459064e-17 -1 -3.0430984960667898e-17 
7 0 0  3 4 2  -139.38623161282601 158.14512611807899 143.22171187345  -139.71630241345599 158.14512611807899 143.866325482414  -139.97796663807 158.14512611807899 144.81761204466201  -139.95593737069399 158.14512611807899 144.87919519319399 
 14 4 15 4
1 -139.95593737069399 158.14512611807899 144.87919519319399 1.06982700459064e-17 -1 -3.0430984960667898e-17 
7 0 0  3 4 2  -139.95593737069399 158.14512611807899 144.87919519319399  -139.933881868181 158.14512611807899 144.940879387103  -140.06156450388801 158.14512611807899 145.25251731180799  -139.725315613834 158.14512611807899 145.45006492191999 
 15 4 16 4
1 -139.725315613834 158.14512611807899 145.45006492191999 1.06982700459064e-17 -1 -3.0430984960667898e-17 
7 0 0  3 4 2  -139.725315613834 158.14512611807899 145.45006492191999  -138.290583394149 158.14512611807899 146.293426998603  -136.74125723723901 158.14512611807899 147.23668033688401  -135.87436877002 158.14512611807899 147.71332146877 
 16 4 17 4
1 -135.87436877002 158.14512611807899 147.71332146877 1.06982700459064e-17 -1 -3.0430984960667898e-17 
7 0 0  2 3 2  -135.87436877002 158.14512611807899 147.71332146877  -135.749512998531 158.14512611807899 147.948281760642  -136.020874945386 158.14512611807899 148.03221953831701 
 17 3 18 3
1 -136.020874945386 158.14512611807899 148.03221953831701 1.06982700459064e-17 -1 -3.0430984960667898e-17 
7 0 0  2 3 2  -136.020874945386 158.14512611807899 148.03221953831701  -138.06988917393201 158.14512611807899 146.82772219543699  -139.74864048414599 158.14512611807899 145.841278258926 
 18 3 19 3
1 -139.74864048414599 158.14512611807899 145.841278258926 1.06982700459064e-17 -1 -3.0430984960667898e-17 
7 0 0  3 4 2  -139.74864048414599 158.14512611807899 145.841278258926  -139.902381714912 158.14512611807899 145.79997888087499  -140.04176820128799 158.14512611807899 145.82559880979099  -140.07809435912301 158.14512611807899 145.91333461010501 
 19 4 20 4
1 -140.07809435912301 158.14512611807899 145.91333461010501 1.06982700459064e-17 -1 -3.0430984960667898e-17 
7 0 0  3 4 2  -140.07809435912301 158.14512611807899 145.91333461010501  -140.05754342368499 158.14512611807899 146.281615457762  -140.07046038921101 158.14512611807899 147.061863125976  -139.586126630552 158.14512611807899 147.931955715204 
 20 4 21 4
1 -139.586126630552 158.14512611807899 147.931955715204 1.06982700459064e-17 -1 -3.0430984960667898e-17 
7 0 0  3 4 2  -139.586126630552 158.14512611807899 147.931955715204  -139.452401778508 158.14512611807899 148.18445895122099  -139.426919440023 158.14512611807899 148.19952204470701  -139.19241717430299 158.14512611807899 148.48291606725701 
 21 4 22 4
1 -139.19241717430299 158.14512611807899 148.48291606725701 1.06982700459064e-17 -1 -3.0430984960667898e-17 
7 0 0  3 4 2  -139.19241717430299 158.14512611807899 148.48291606725701  -139.055542272764 158.14512611807899 148.64702155240599  -138.82862093097 158.14512611807899 148.80899546114401  -138.60071743268401 158.14512611807899 148.96478223074399 
 22 4 23 4
1 -138.60071743268401 158.14512611807899 148.96478223074399 1.06982700459064e-17 -1 -3.0430984960667898e-17 
7 0 0  3 4 2  -138.60071743268401 158.14512611807899 148.96478223074399  -138.07892459601501 158.14512611807899 149.32113330767501  -137.326598102693 158.14512611807899 149.693021314269  -136.37861281411099 158.14512611807899 150.25020798576901 
 23 4 24 4
1 -136.37861281411099 158.14512611807899 150.25020798576901 1.06982700459064e-17 -1 -3.0430984960667898e-17 
7 0 0  3 4 2  -136.37861281411099 158.14512611807899 150.25020798576901  -135.939630904301 158.14512611807899 150.420542998408  -135.70548115232501 158.14512611807899 150.14177002572501  -135.560024840572 158.14512611807899 149.986655745973 
 24 4 25 4
1 -135.560024840572 158.14512611807899 149.986655745973 1.06982700459064e-17 -1 -3.0430984960667898e-17 
7 0 0  3 4 2  -135.560024840572 158.14512611807899 149.986655745973  -134.759999202046 158.14512611807899 148.62886018793901  -132.031381945177 158.14512611807899 143.99635643898799  -131.20586835459301 158.14512611807899 142.59548759602399 
 25 4 26 4
1 -108.664179978593 158.14512611807899 155.17343048613699 1.06982700459064e-17 -1 -3.0430984960667898e-17 
7 0 0  3 4 2  -108.664179978593 158.14512611807899 155.17343048613699  -108.882937266187 158.14512611807899 155.046223977995  -111.352325932458 158.14512611807899 153.64585188746699  -111.567388075371 158.14512611807899 153.479288891717 
 5 4 6 4
1 -111.567388075371 158.14512611807899 153.479288891717 1.06982700459064e-17 -1 -3.0430984960667898e-17 
7 0 0  3 4 2  -111.567388075371 158.14512611807899 153.479288891717  -112.11695739287001 158.14512611807899 153.28805226455299  -112.225859793919 158.14512611807899 153.75552106617101  -112.217631583922 158.14512611807899 153.79178180748301 
 0 4 1 4
1 -112.217631583922 158.14512611807899 153.79178180748301 1.06982700459064e-17 -1 -3.0430984960667898e-17 
7 0 0  3 4 2  -112.217631583922 158.14512611807899 153.79178180748301  -112.273397405587 158.14512611807899 153.88025058803501  -113.25124767054 158.14512611807899 158.265706976724  -113.234843720822 158.14512611807899 158.33802636858999 
 1 4 2 4
1 -113.234843720822 158.14512611807899 158.33802636858999 1.06982700459064e-17 -1 -3.0430984960667898e-17 
7 0 0  3 4 2  -113.234843720822 158.14512611807899 158.33802636858999  -113.211936892995 158.14512611807899 159.21844769852399  -112.492114132463 158.14512611807899 158.877750863703  -112.44014839603 158.14512611807899 158.82823438924501 
 2 4 3 4
1 -112.44014839603 158.14512611807899 158.82823438924501 1.06982700459064e-17 -1 -3.0430984960667898e-17 
7 0 0  2 3 2  -112.44014839603 158.14512611807899 158.82823438924501  -112.544075973722 158.14512611807899 158.92769775481599  -108.621640789895 158.14512611807899 155.97368605576099 
 3 3 4 3
1 -108.621640789895 158.14512611807899 155.97368605576099 1.06982700459064e-17 -1 -3.0430984960667898e-17 
7 0 0  2 3 2  -108.621640789895 158.14512611807899 155.97368605576099  -108.146646857566 158.14512611807899 155.61307457472901  -108.664179978593 158.14512611807899 155.17343048613699 
 4 3 5 3
1 -113.53790722929401 158.14512611807899 152.269295573759 1.06982700459064e-17 -1 -3.0430984960667898e-17 
7 0 0  2 3 2  -113.53790722929401 158.14512611807899 152.269295573759  -113.680021940811 158.14512611807899 152.20049398178799  -116.66621464319999 158.14512611807899 150.47461692102499 
 9 3 10 3
1 -116.66621464319999 158.14512611807899 150.47461692102499 1.06982700459064e-17 -1 -3.0430984960667898e-17 
7 0 0  2 3 2  -116.66621464319999 158.14512611807899 150.47461692102499  -117.190772365439 158.14512611807899 150.22684070735801  -117.399802258946 158.14512611807899 150.75482056845499 
 0 3 1 3
1 -117.399802258946 158.14512611807899 150.75482056845499 1.06982700459064e-17 -1 -3.0430984960667898e-17 
7 0 0  3 4 2  -117.399802258946 158.14512611807899 150.75482056845499  -117.46311578080299 158.14512611807899 150.921396051947  -119.25575862711101 158.14512611807899 159.629911589382  -119.33293804956099 158.14512611807899 159.73602012062 
 1 4 2 4
1 -119.33293804956099 158.14512611807899 159.73602012062 1.06982700459064e-17 -1 -3.0430984960667898e-17 
7 0 0  2 3 2  -119.33293804956099 158.14512611807899 159.73602012062  -119.34240332017799 158.14512611807899 160.30731545455299  -119.034434419729 158.14512611807899 160.32615228332901 
 2 3 3 3
1 -119.034434419729 158.14512611807899 160.32615228332901 1.06982700459064e-17 -1 -3.0430984960667898e-17 
7 0 0  2 3 2  -119.034434419729 158.14512611807899 160.32615228332901  -116.89927453788 158.14512611807899 161.53675725789699  -116.78274699087601 158.14512611807899 161.54813517363499 
 3 3 4 3
1 -116.78274699087601 158.14512611807899 161.54813517363499 1.06982700459064e-17 -1 -3.0430984960667898e-17 
7 0 0  2 3 2  -116.78274699087601 158.14512611807899 161.54813517363499  -116.58261069390601 158.14512611807899 161.704983492558  -116.23142736600001 158.14512611807899 161.52428193358 
 4 3 5 3
1 -116.23142736600001 158.14512611807899 161.52428193358 1.06982700459064e-17 -1 -3.0430984960667898e-17 
7 0 0  2 3 2  -116.23142736600001 158.14512611807899 161.52428193358  -115.101281319435 158.14512611807899 160.76124462936701  -115.040031322828 158.14512611807899 160.69680620413899 
 5 3 6 3
1 -115.040031322828 158.14512611807899 160.69680620413899 1.06982700459064e-17 -1 -3.0430984960667898e-17 
7 0 0  2 3 2  -115.040031322828 158.14512611807899 160.69680620413899  -114.824959327695 158.14512611807899 160.58466416384601  -114.802001405466 158.14512611807899 160.351556599562 
 6 3 7 3
1 -114.802001405466 158.14512611807899 160.351556599562 1.06982700459064e-17 -1 -3.0430984960667898e-17 
1 -113.27812757965999 158.14512611807899 152.85567622633599 1.06982700459064e-17 -1 -3.0430984960667898e-17 
1 -114.802001405466 158.14512611807899 160.351556599562 0.1992197652859771 6.2638295424621927e-17 -0.97995483830603147 
7 0 0  2 3 2  -113.27812757965999 158.14512611807899 152.85567622633599  -113.183474409921 158.14512611807899 152.49242977549099  -113.53790722929401 158.14512611807899 152.269295573759 
 8 3 9 3
1 -121.921659714889 158.14512611807899 147.505216088656 1.06982700459064e-17 -1 -3.0430984960667898e-17 
7 0 0  2 3 2  -121.921659714889 158.14512611807899 147.505216088656  -122.49274757372299 158.14512611807899 147.33121503066499  -122.616317364507 158.14512611807899 147.78954919259101 
 0 3 1 3
1 -122.616317364507 158.14512611807899 147.78954919259101 1.06982700459064e-17 -1 -3.0430984960667898e-17 
7 0 0  3 4 2  -122.616317364507 158.14512611807899 147.78954919259101  -122.66002865580499 158.14512611807899 147.87542745374  -124.497745874895 158.14512611807899 156.72065223316599  -124.51098373595801 158.14512611807899 156.77435063440899 
 1 4 2 4
1 -124.51098373595801 158.14512611807899 156.77435063440899 1.06982700459064e-17 -1 -3.0430984960667898e-17 
7 0 0  2 3 2  -124.51098373595801 158.14512611807899 156.77435063440899  -124.562133089497 158.14512611807899 157.21625461147801  -124.279333195137 158.14512611807899 157.29102475448599 
 2 3 3 3
1 -124.279333195137 158.14512611807899 157.29102475448599 1.06982700459064e-17 -1 -3.0430984960667898e-17 
7 0 0  2 3 2  -124.279333195137 158.14512611807899 157.29102475448599  -122.307855141242 158.14512611807899 158.45029203215401  -122.01129039166899 158.14512611807899 158.58555536255301 
 3 3 4 3
1 -122.01129039166899 158.14512611807899 158.58555536255301 1.06982700459064e-17 -1 -3.0430984960667898e-17 
7 0 0  2 3 2  -122.01129039166899 158.14512611807899 158.58555536255301  -121.737405174158 158.14512611807899 158.78883277269301  -121.420037220764 158.14512611807899 158.51444679616901 
 4 3 5 3
1 -121.420037220764 158.14512611807899 158.51444679616901 1.06982700459064e-17 -1 -3.0430984960667898e-17 
7 0 0  2 3 2  -121.420037220764 158.14512611807899 158.51444679616901  -120.520690504418 158.14512611807899 157.905169167986  -120.276855403894 158.14512611807899 157.69776356099001 
 5 3 6 3
1 -120.276855403894 158.14512611807899 157.69776356099001 1.06982700459064e-17 -1 -3.0430984960667898e-17 
7 0 0  2 3 2  -120.276855403894 158.14512611807899 157.69776356099001  -120.092533739993 158.14512611807899 157.617981131394  -120.035021506123 158.14512611807899 157.31399206697299 
 6 3 7 3
1 -120.035021506123 158.14512611807899 157.31399206697299 1.06982700459064e-17 -1 -3.0430984960667898e-17 
7 0 0  2 3 2  -120.035021506123 158.14512611807899 157.31399206697299  -118.397311698096 158.14512611807899 149.817461314252  -118.42632936451901 158.14512611807899 149.91257526047301 
 7 3 8 3
1 -118.42632936451901 158.14512611807899 149.91257526047301 1.06982700459064e-17 -1 -3.0430984960667898e-17 
7 0 0  2 3 2  -118.42632936451901 158.14512611807899 149.91257526047301  -118.353511849163 158.14512611807899 149.453181153195  -118.665803933823 158.14512611807899 149.35953545852999 
 8 3 9 3
1 -118.665803933823 158.14512611807899 149.35953545852999 1.06982700459064e-17 -1 -3.0430984960667898e-17 
1 -118.665803933823 158.14512611807899 149.35953545852999 -0.8689515638004901 5.8864970720604609e-18 -0.49489714059457107 
1 -249.087701155161 167.10913513767301 194.55074295736401 -0.87082578434497793 5.6432918911604895e-18 -0.49159175473145794 
1 -246.694047247052 189.475074365719 195.90198972343501 0.10622310509528897 0.99253259008217076 0.059964235746757286 
2 -244.10107833331301 189.10913513767301 197.36575223619499 0.491591754731458 6.4016016251039305e-17 -0.87082578434497804 -2.655542167235847e-17 1 5.8520993325689548e-17 0.87082578434497804 -5.6432918911604779e-18 0.491591754731458 3
1 -214.254669781362 192.10913513767301 214.214413146623 0.87082578434497793 -5.6432918911604895e-18 0.49159175473145794 
1 -222.120137857065 192.10913513767301 228.147625696142 0.87082578434497793 -5.6432918911604895e-18 0.49159175473145794 
2 -251.96654640901599 189.10913513767301 211.29896478571499 0.491591754731458 6.4016016251039305e-17 -0.87082578434497804 -2.655542167235847e-17 1 5.8520993325689548e-17 0.87082578434497804 -5.6432918911604779e-18 0.491591754731458 3
1 -254.559515322755 189.475074365719 209.835202272955 0.10622310509528897 0.99253259008217076 0.059964235746757286 
1 -256.95316923086398 167.10913513767301 208.483955506884 -0.87082578434497793 5.6432918911604895e-18 -0.49159175473145794 
1 -249.087701155161 167.10913513767301 194.55074295736401 -0.49159175473145794 -6.4016016251039305e-17 0.87082578434497793 
1 -246.694047247052 189.475074365719 195.90198972343501 -0.49159175473145794 -6.4016016251039305e-17 0.87082578434497793 
1 -244.10107833331301 192.10913513767301 197.36575223619499 -0.49159175473145794 -6.4016016251039305e-17 0.87082578434497793 
2 -175.808042755759 60.625126118078803 245.10468457244599 0 -1 0 1.4571677198205199e-16 0 -1 1 0 1.4571677198205199e-16 12.15
1 -175.808042755759 60.625126118078803 232.95468457244601 1.8963292322467302e-16 0.70710678118654313 -0.70710678118655201 
2 -175.808042755759 61.975126118078798 245.10468457244599 0 1 0 1.4571677198205199e-16 0 -1 -1 0 -1.4571677198205199e-16 13.5
1 -175.808042755759 60.625126118078803 257.25468457244602 -1.0303731760112302e-16 0.70710678118654313 0.70710678118655201 
1 -175.808042755759 60.625126118078803 231.60468457244599 0 1 -0 
2 -175.808042755759 220.62512611807901 245.10468457244599 0 -1 0 1.4571677198205199e-16 0 -1 1 0 1.4571677198205199e-16 13.5
1 -175.808042755759 60.625126118078803 258.60468457244599 0 1 -0 
2 -175.808042755759 220.62512611807901 245.10468457244599 0 1 0 -1.4571677198205199e-16 0 1 1 -0 1.4571677198205199e-16 19
1 -175.808042755759 221.42512611807899 225.30468457244601 1.8963292322467302e-16 0.70710678118654313 -0.70710678118655201 
2 -175.808042755759 221.42512611807899 245.10468457244599 0 1 0 -1.4571677198205199e-16 0 1 1 -0 1.4571677198205199e-16 19.800000000000001
1 -175.808042755759 221.42512611807899 264.904684572446 -1.0303731760112302e-16 0.70710678118654313 0.70710678118655201 
2 -175.808042755759 220.62512611807901 245.10468457244599 0 1 0 -1.4571677198205199e-16 0 1 1 -0 1.4571677198205199e-16 19
2 -175.808042755759 220.62512611807901 245.10468457244599 0 -1 0 1.4571677198205199e-16 0 -1 1 0 1.4571677198205199e-16 13.5
7 0 0  3 6 3  -199.47940379253399 236.47084509858101 245.10468457244599  -198.49309708266799 236.82983138282901 246.81301790577899  -197.50679037280199 237.121325427952 248.52135123911299  -195.53417695307101 237.519584952581 251.93801790577899  -194.54787024320601 237.62512611807901 253.64635123911299  -193.56156353334001 237.62512611807901 255.35468457244599 
 2.30940107655912e-07 4 0.0059180711993013398 2 0.011835911458495 4
1 -199.47940379253399 220.62512611807901 245.10468457244599 0 1 -0 
1 -187.643723274146 221.42512611807899 265.60468457244599 -0.49999999999999983 -0 -0.86602540378443871 
1 -187.643723274146 220.62512611807901 265.60468457244599 0 1 -0 
7 0 0  3 6 3  -193.56156353334001 237.62512611807901 255.35468457244599  -192.57525682347401 237.62512611807901 257.06301790577902  -191.588950113609 237.519584952581 258.77135123911302  -189.616336693878 237.121325427952 262.18801790577902  -188.630029984012 236.82983138282901 263.89635123911302  -187.643723274146 236.47084509858101 265.60468457244599 
 0.011835911458495 4 0.017753751717688698 2 0.0236715919768824 4
7 0 0  3 6 3  -187.643723274146 236.47084509858101 224.60468457244599  -188.630029984012 236.82983138282901 226.31301790577899  -189.616336693878 237.121325427952 228.02135123911299  -191.588950113609 237.519584952581 231.43801790577899  -192.57525682347401 237.62512611807901 233.14635123911299  -193.56156353334001 237.62512611807901 234.85468457244599 
 2.3094010765852999e-07 4 0.0059180711993013302 2 0.011835911458495 4
1 -187.643723274146 220.62512611807901 224.60468457244599 0 1 -0 
1 -199.47940379253399 221.42512611807899 245.10468457244599 0.49999999999999983 0 -0.86602540378443871 
7 0 0  3 6 3  -193.56156353334001 237.62512611807901 234.85468457244599  -194.54787024320601 237.62512611807901 236.56301790577899  -195.53417695307101 237.519584952581 238.27135123911299  -197.50679037280199 237.121325427952 241.68801790577899  -198.49309708266799 236.82983138282901 243.39635123911299  -199.47940379253399 236.47084509858101 245.10468457244599 
 0.011835911458495 4 0.017753751717688601 2 0.0236715919768823 4
7 0 0  3 6 3  -163.97236223737201 236.47084509858101 224.60468457244599  -165.93964354369899 236.82886101754701 224.60468457244599  -167.91190218522701 237.120570726869 224.60468457244599  -171.85688738854799 237.51916657877101 224.60468457244599  -173.83134800688299 237.62512611807901 224.60468457244599  -175.808042755759 237.62512611807901 224.60468457244599 
 0.042678850957804403 4 0.048645130227719401 2 0.054611409497634399 4
1 -163.97236223737201 220.62512611807901 224.60468457244599 0 1 -0 
1 -187.643723274146 221.42512611807899 224.60468457244599 1 0 -8.5050594352461597e-19 
7 0 0  3 6 3  -175.808042755759 237.62512611807901 224.60468457244599  -177.77905635523399 237.62512611807901 224.60468457244599  -179.75229211636301 237.51973423477199 224.60468457244599  -183.702729744263 237.12084743710301 224.60468457244599  -185.68407793892001 236.827471384452 224.60468457244599  -187.643723274146 236.47084509858101 224.60468457244599 
 0.054611409497634399 4 0.060560541292492699 2 0.066509673087351104 4
7 0 0  3 6 3  -152.13668171898399 236.47084509858101 245.10468457244599  -153.12298842884999 236.82983138282901 243.39635123911299  -154.10929513871599 237.121325427952 241.68801790577899  -156.081908558447 237.519584952581 238.27135123911299  -157.068215268312 237.62512611807901 236.56301790577899  -158.054521978178 237.62512611807901 234.85468457244599 
 2.3094010767073399e-07 4 0.0059180711993013398 2 0.011835911458495 4
1 -152.13668171898399 220.62512611807901 245.10468457244599 0 1 -0 
1 -163.97236223737201 221.42512611807899 224.60468457244599 0.49999999999999983 0 0.86602540378443871 
7 0 0  3 6 3  -158.054521978178 237.62512611807901 234.85468457244599  -159.040828688044 237.62512611807901 233.14635123911299  -160.02713539790901 237.519584952581 231.43801790577899  -161.99974881764001 237.121325427952 228.02135123911299  -162.98605552750601 236.82983138282901 226.31301790577899  -163.97236223737201 236.47084509858101 224.60468457244599 
 0.011835911458495 4 0.017753751717688698 2 0.0236715919768823 4
7 0 0  3 6 3  -163.97236223737201 236.47084509858101 265.60468457244599  -162.98605552750601 236.82983138282901 263.89635123911302  -161.99974881764001 237.121325427952 262.18801790577902  -160.02713539790901 237.519584952581 258.77135123911302  -159.040828688044 237.62512611807901 257.06301790577902  -158.054521978178 237.62512611807901 255.35468457244599 
 2.3094010767014599e-07 4 0.0059180711993013398 2 0.011835911458495 4
1 -163.97236223737201 220.62512611807901 265.60468457244599 0 1 -0 
1 -152.13668171898399 221.42512611807899 245.10468457244599 -0.49999999999999983 0 0.86602540378443871 
7 0 0  3 6 3  -158.054521978178 237.62512611807901 255.35468457244599  -157.068215268312 237.62512611807901 253.64635123911299  -156.081908558447 237.519584952581 251.93801790577899  -154.10929513871599 237.121325427952 248.52135123911299  -153.12298842884999 236.82983138282901 246.81301790577899  -152.13668171898399 236.47084509858101 245.10468457244599 
 0.011835911458495 4 0.017753751717688698 2 0.0236715919768823 4
7 0 0  3 6 3  -187.643723274146 236.47084509858101 265.60468457244599  -185.68407793892001 236.827471384452 265.60468457244599  -183.702729744263 237.12084743710301 265.60468457244599  -179.75229211636301 237.51973423477199 265.60468457244599  -177.77905635523399 237.62512611807901 265.60468457244599  -175.808042755759 237.62512611807901 265.60468457244599 
 0.0201338883736982 4 0.0260986214755933 2 0.0320633545774884 4
1 -163.97236223737201 221.42512611807899 265.60468457244599 -1 0 -1.4571677198205199e-16 
7 0 0  3 6 3  -175.808042755759 237.62512611807901 265.60468457244599  -173.83134800688299 237.62512611807901 265.60468457244599  -171.85688738854799 237.51916657877101 265.60468457244599  -167.91190218522701 237.120570726869 265.60468457244599  -165.93964354369899 236.82886101754701 265.60468457244599  -163.97236223737201 236.47084509858101 265.60468457244599 
 0.0320633545774884 4 0.038045280122854498 2 0.0440272056682205 4
2 -175.808042755759 221.42512611807899 245.10468457244599 0 1 0 -1.4571677198205199e-16 0 1 1 -0 1.4571677198205199e-16 19.800000000000001
2 -175.808042755759 237.62512611807901 245.10468457244599 0 -1 0 1.4571677198205199e-16 0 -1 1 0 1.4571677198205199e-16 20.5
2 -175.808042755759 237.62512611807901 245.10468457244599 0 -1 0 1.4571677198205199e-16 0 -1 1 0 1.4571677198205199e-16 20.5
2 -175.808042755759 237.62512611807901 245.10468457244599 0 -1 0 1.4571677198205199e-16 0 -1 1 0 1.4571677198205199e-16 20.5
2 -175.808042755759 237.62512611807901 245.10468457244599 0 1 0 -1.4571677198205199e-16 0 1 1 -0 1.4571677198205199e-16 20.5
2 -175.808042755759 237.62512611807901 245.10468457244599 0 -1 0 1.4571677198205199e-16 0 -1 1 0 1.4571677198205199e-16 20.5
2 -175.808042755759 237.62512611807901 245.10468457244599 0 -1 0 1.4571677198205199e-16 0 -1 1 0 1.4571677198205199e-16 20.5
2 -175.808042755759 61.975126118078798 245.10468457244599 0 1 0 1.4571677198205199e-16 0 -1 -1 0 -1.4571677198205199e-16 13.5
2 -175.808042755759 60.625126118078803 245.10468457244599 0 -1 0 1.4571677198205199e-16 0 -1 1 0 1.4571677198205199e-16 12.15
1 -164.01101262913701 53.628768359027198 246.47196515505101 0.86026673786335506 -0.49999999999999806 0.099705264284005821 
2 -175.808042755759 51.825126118078799 245.10468457244599 0 1 0 -0.99335046536057725 0 -0.11512972234798703 -0.11512972234798703 0 0.99335046536057725 15
1 -187.60507288238099 53.628768359027198 243.737403989841 -0.86026673786335506 -0.49999999999999806 -0.09970526428400571 
2 -175.808042755759 53.628768359027198 245.10468457244599 0 -1 -0 -0.99335046536057725 0 -0.11512972234798703 0.11512972234798703 0 -0.99335046536057725 11.875999999999999
1 -189.39672174177099 75.625126118078796 243.52975115942601 -0.49667523268028724 0.86602540378443937 -0.057564861173993329 
2 -175.808042755759 75.625126118078796 245.10468457244599 0 -1 -0 -0.99335046536057725 0 -0.11512972234798703 0.11512972234798703 0 -0.99335046536057725 13.6796422409484
1 -162.21936376974699 75.625126118078796 246.679617985466 0.49667523268028724 0.86602540378443937 0.057564861173993426 
2 -175.808042755759 72.501126118078801 245.10468457244599 0 1 0 -0.99335046536057725 0 -0.11512972234798703 -0.11512972234798703 0 0.99335046536057725 11.875999999999999
2 -175.808042755759 51.825126118078799 245.10468457244599 0 1 0 -0.99335046536057725 0 -0.11512972234798703 -0.11512972234798703 0 0.99335046536057725 20.125
1 -155.81686464037699 51.825126118078799 247.42167023469901 0.86026673786335683 0.49999999999999495 0.099705264284006084 
7 0 0  3 14 7  -152.29408525416099 53.872618617304198 247.82996179620901  -153.44661601195 53.314741602003998 249.381217423999  -154.60754934377701 52.8549500677154 250.94378254628501  -156.953627110811 52.2179896467524 254.10149986944299  -158.13895153450301 52.042921813505998 255.696894326885  -159.63921643360001 52.0413191402302 257.71618479021498  -159.94079025086799 52.051773743324297 258.12208986309003  -160.541202389875 52.093897284801898 258.93021815236398  -160.84036543340599 52.1255175055053 259.33287842998999  -161.73486090628001 52.250682672076103 260.53682993145702  -162.32719267890701 52.374602972564297 261.33408240354697  -164.09364235232999 52.853116402070498 263.71164584693702  -165.25725569967099 53.3140460988893 265.27781815204497  -166.41122331309401 53.872618617304198 266.83100772421898 
 2.3807280001593399e-07 4 0.0059769267710119397 2 0.0119536154692239 2 0.0134477876437768 2 0.014941959818329799 2 0.017930304167435799 2 0.023906992865647701 4
7 0 0  3 14 7  -166.41122331309401 53.872618617304198 266.83100772421898  -168.311684269192 53.320330334945901 266.610743527605  -170.23710558286101 52.8603434386633 266.38758641541199  -173.18166210168499 52.379016516124899 266.04631111905701  -174.17450465484299 52.253387129805098 265.93124026394003  -176.174296406812 52.084325561484498 265.69946358774502  -177.17107577838701 52.041732039390702 265.58393645377402  -180.15194023214099 52.041433854187702 265.23845305301597  -182.126400661563 52.213243394139901 265.00961228739101  -185.071720521299 52.691251271852003 264.66824851951498  -186.05136386223501 52.886868811255503 264.554707458454  -188.003758771333 53.339567727307198 264.32842409559697  -188.96885972684899 53.594704498998901 264.21656850291203  -189.925180814692 53.872618617304198 264.10573050045599 
 0.0087116111404383495 4 0.0146848282669077 2 0.017671436830142401 2 0.020658045393377102 2 0.026631262519846401 2 0.029617871083081102 2 0.032604479646315798 4
7 0 0  3 14 7  -189.925180814692 53.872618617304198 264.10573050045599  -190.69234221722701 53.314741602003998 262.33198177167299  -191.465096642281 52.8549500677154 260.54530145306802  -193.02672117858901 52.2179896467524 256.934679845983  -193.81571109594401 52.042921813505998 255.11046155461901  -194.81433548525999 52.0413191402302 252.80154880793  -195.01507268125999 52.051773743324297 252.33742568462199  -195.41472623978501 52.093897284801898 251.41338937486401  -195.61385874753799 52.1255175055053 250.95297644048  -196.20926359629701 52.250682672076103 249.57634488666699  -196.603538604042 52.374602972564297 248.66474428805799  -197.77934410841701 52.853116402070498 245.94617227467299  -198.553882437673 53.3140460988893 244.155367403139  -199.32200025735699 53.872618617304198 242.379407348683 
 2.3807280001639499e-07 4 0.0059769267710119397 2 0.011953615469223799 2 0.0134477876437768 2 0.014941959818329799 2 0.017930304167435799 2 0.023906992865647701 4
1 -195.79922087114099 51.825126118078799 242.787698910193 -0.86026673786335683 0.49999999999999495 -0.099705264284006001 
2 -175.808042755759 75.625126118078796 245.10468457244599 0 1 0 -0.99335046536057725 0 -0.11512972234798703 -0.11512972234798703 0 0.99335046536057725 20.125
1 -199.32200025735699 73.577633618853397 242.379407348683 -0.86026673786335683 -0.49999999999999495 -0.09970526428400589 
7 0 0  3 14 7  -199.32200025735699 73.577633618853397 242.379407348683  -198.554838854823 74.135510634153604 244.153156077467  -197.78208442976799 74.595302168442203 245.939836396072  -196.22045989346 75.232262589405195 249.55045800315699  -195.43146997610501 75.407330422651597 251.37467629451999  -194.43284558678999 75.408933095927395 253.68358904121001  -194.23210839078899 75.398478492833306 254.147712164518  -193.832454832265 75.356354951355698 255.07174847427501  -193.633322324511 75.324734730652295 255.53216140865899  -193.03791747575301 75.1995695640815 256.90879296247198  -192.64364246800699 75.075649263593306 257.820393561081  -191.467836963633 74.597135834087098 260.538965574467  -190.69329863437699 74.136206137268303 262.32977044600102  -189.925180814692 73.577633618853397 264.10573050045599 
 2.3807280001497399e-07 4 0.0059769267710119301 2 0.011953615469223799 2 0.0134477876437768 2 0.014941959818329799 2 0.017930304167435799 2 0.023906992865647701 4
7 0 0  3 14 7  -189.925180814692 73.577633618853397 264.10573050045599  -188.96885972684899 73.855547737158702 264.21656850291203  -188.003758771333 74.110684508850298 264.32842409559697  -186.05136386223501 74.563383424902099 264.554707458454  -185.071720521299 74.759000964305599 264.66824851951498  -182.126400661563 75.237008842017701 265.00961228739101  -180.15194023214099 75.408818381969894 265.23845305301597  -177.17107577838701 75.408520196766901 265.58393645377402  -176.174296406812 75.365926674673105 265.69946358774502  -174.17450465484299 75.196865106352504 265.93124026394003  -173.18166210168499 75.071235720032703 266.04631111905701  -170.23710558286101 74.589908797494203 266.38758641541199  -168.311684269192 74.129921901211603 266.610743527605  -166.41122331309401 73.577633618853397 266.83100772421898 
 0.021083081545962799 4 0.024077251573084501 2 0.027071421600206098 2 0.033059761654449397 2 0.036053931681570998 2 0.039048101708692697 2 0.045036441762935898 4
7 0 0  3 14 7  -166.41122331309401 73.577633618853397 266.83100772421898  -165.25869255530401 74.135510634153604 265.27975209642898  -164.09775922347799 74.595302168442203 263.71718697414298  -161.75168145644301 75.232262589405195 260.55946965098502  -160.566357032751 75.407330422651597 258.96407519354301  -159.066092133654 75.408933095927395 256.94478473021297  -158.76451831638599 75.398478492833306 256.53887965733799  -158.16410617737901 75.356354951355698 255.73075136806401  -157.86494313384799 75.324734730652295 255.32809109043799  -156.970447660974 75.1995695640815 254.12413958897099  -156.378115888347 75.075649263593306 253.32688711688101  -154.61166621492501 74.597135834087098 250.94932367349099  -153.44805286758299 74.136206137268303 249.38315136838301  -152.29408525416099 73.577633618853397 247.82996179620901 
 2.3807280001639499e-07 4 0.0059769267710119397 2 0.0119536154692239 2 0.0134477876437768 2 0.014941959818329799 2 0.017930304167435799 2 0.023906992865647701 4
1 -152.29408525416099 73.577633618853397 247.82996179620901 0.86026673786335683 -0.49999999999999495 0.099705264284006001 
1 -164.01101262913701 75.625126118078796 246.47196515505101 0 -1 0 
1 -187.60507288238099 75.625126118078796 243.737403989841 0 -1 0 
7 0 0  3 14 7  -161.69090469682601 53.872618617304198 226.10363864443599  -160.923743294291 53.314741602003998 227.87738737321899  -160.15098886923701 52.8549500677154 229.66406769182399  -158.58936433292899 52.2179896467524 233.27468929890901  -157.800374415574 52.042921813505998 235.098907590273  -156.80175002625799 52.0413191402302 237.407820336962  -156.60101283025799 52.051773743324297 237.87194346026999  -156.201359271733 52.093897284801898 238.795979770028  -156.00222676397999 52.1255175055053 239.25639270441201  -155.406821915221 52.250682672076103 240.63302425822499  -155.01254690747601 52.374602972564297 241.544624856833  -153.836741403101 52.853116402070498 244.26319687021899  -153.06220307384501 53.3140460988893 246.05400174175301  -152.29408525416099 53.872618617304198 247.82996179620901 
 2.3807280002418399e-07 4 0.0059769267710119501 2 0.011953615469223799 2 0.0134477876437768 2 0.014941959818329799 2 0.017930304167435799 2 0.023906992865647701 4
1 -161.69090469682601 75.625126118078796 226.10363864443599 0 -1 0 
7 0 0  3 14 7  -152.29408525416099 73.577633618853397 247.82996179620901  -153.061246656695 74.135510634153604 246.05621306742501  -153.83400108174999 74.595302168442203 244.26953274882001  -155.39562561805801 75.232262589405195 240.65891114173499  -156.184615535413 75.407330422651597 238.834692850371  -157.18323992472801 75.408933095927395 236.525780103682  -157.38397712072901 75.398478492833306 236.06165698037401  -157.783630679254 75.356354951355698 235.137620670617  -157.98276318700701 75.324734730652295 234.67720773623199  -158.578168035765 75.1995695640815 233.30057618242  -158.97244304351099 75.075649263593306 232.388975583811  -160.148248547885 74.597135834087098 229.67040357042501  -160.92278687714099 74.136206137268303 227.87959869889099  -161.69090469682601 73.577633618853397 226.10363864443599 
 2.3807280001657199e-07 4 0.0059769267710119197 2 0.011953615469223799 2 0.0134477876437768 2 0.014941959818329799 2 0.017930304167435698 2 0.023906992865647701 4
1 -152.29408525416099 75.625126118078796 247.82996179620901 0 -1 0 
7 0 0  3 14 7  -185.204862198424 53.872618617304198 223.378361420673  -184.24854111058201 53.594704498998901 223.48919942312801  -183.28344015506499 53.339567727307198 223.60105501581299  -181.331045245967 52.886868811255503 223.82733837867099  -180.35140190503199 52.691251271852003 223.94087943973099  -177.40608204529599 52.213243394139901 224.28224320760799  -175.43162161587401 52.041433854187602 224.51108397323199  -172.45075716212 52.041732039390702 224.85656737399  -171.453977790545 52.084325561484498 224.972094507961  -169.45418603857499 52.253387129805098 225.20387118415599  -168.46134348541699 52.379016516124899 225.31894203927399  -165.516786966593 52.8603434386633 225.660217335628  -163.591365652924 53.320330334946 225.88337444782201  -161.69090469682601 53.872618617304198 226.10363864443599 
 0.021083081545962799 4 0.024077251573084501 2 0.027071421600206098 2 0.033059761654449397 2 0.036053931681570998 2 0.039048101708692697 2 0.045036441762936003 4
1 -185.204862198424 75.625126118078796 223.378361420673 0 -1 0 
7 0 0  3 14 7  -161.69090469682601 73.577633618853397 226.10363864443599  -163.591365652924 74.129921901211603 225.88337444782201  -165.516786966593 74.589908797494203 225.660217335628  -168.46134348541699 75.071235720032703 225.31894203927399  -169.45418603857499 75.196865106352504 225.20387118415599  -171.453977790545 75.365926674673105 224.972094507961  -172.45075716212 75.408520196766901 224.85656737399  -175.43162161587401 75.408818381969894 224.51108397323199  -177.40608204529599 75.237008842017701 224.28224320760799  -180.35140190503199 74.759000964305599 223.94087943973099  -181.331045245967 74.563383424902099 223.82733837867099  -183.28344015506499 74.110684508850298 223.60105501581299  -184.24854111058201 73.855547737158702 223.48919942312801  -185.204862198424 73.577633618853397 223.378361420673 
 0.0087116111404383096 4 0.0146848282669077 2 0.017671436830142401 2 0.020658045393377001 2 0.026631262519846401 2 0.029617871083081102 2 0.032604479646315798 4
7 0 0  3 14 7  -199.32200025735699 53.872618617304198 242.379407348683  -198.16946949956801 53.314741602003998 240.828151720893  -197.008536167741 52.8549500677154 239.265586598607  -194.66245840070701 52.2179896467524 236.10786927544899  -193.477133977015 52.042921813505998 234.51247481800701  -191.976869077918 52.0413191402302 232.493184354677  -191.67529526064999 52.051773743324297 232.08727928180201  -191.07488312164301 52.093897284801898 231.279150992528  -190.77572007811199 52.1255175055053 230.87649071490199  -189.881224605238 52.250682672076103 229.67253921343499  -189.288892832611 52.374602972564297 228.87528674134501  -187.52244315918799 52.853116402070498 226.497723297954  -186.35882981184699 53.3140460988893 224.93155099284701  -185.204862198424 53.872618617304198 223.378361420673 
 2.3807280001637699e-07 4 0.0059769267710119397 2 0.0119536154692239 2 0.0134477876437768 2 0.014941959818329799 2 0.017930304167435799 2 0.023906992865647701 4
1 -199.32200025735699 75.625126118078796 242.379407348683 0 -1 0 
7 0 0  3 14 7  -185.204862198424 73.577633618853397 223.378361420673  -186.357392956214 74.135510634153604 224.929617048463  -187.51832628804101 74.595302168442203 226.492182170749  -189.864404055075 75.232262589405195 229.64989949390699  -191.04972847876701 75.407330422651597 231.245293951349  -192.54999337786401 75.408933095927395 233.26458441467901  -192.85156719513199 75.398478492833306 233.67048948755399  -193.451979334139 75.356354951355698 234.478617776828  -193.75114237766999 75.324734730652295 234.88127805445399  -194.64563785054401 75.1995695640815 236.08522955592099  -195.23796962317101 75.075649263593306 236.882482028011  -197.004419296593 74.597135834087098 239.26004547140101  -198.16803264393499 74.136206137268303 240.826217776509  -199.32200025735699 73.577633618853397 242.379407348683 
 2.3807279999588001e-07 4 0.0059769267710119197 2 0.011953615469223799 2 0.0134477876437768 2 0.014941959818329799 2 0.017930304167435799 2 0.023906992865647701 4
1 -189.925180814692 75.625126118078796 264.10573050045599 0 -1 0 
1 -166.41122331309401 75.625126118078796 266.83100772421898 0 -1 0 
2 -175.808042755759 75.625126118078796 245.10468457244599 0 1 0 -0.99335046536057725 0 -0.11512972234798703 -0.11512972234798703 0 0.99335046536057725 20.125
2 -175.808042755759 75.625126118078796 245.10468457244599 0 -1 -0 -0.99335046536057725 0 -0.11512972234798703 0.11512972234798703 0 -0.99335046536057725 13.6796422409484
2 -175.808042755759 51.825126118078799 245.10468457244599 0 1 0 -0.99335046536057725 0 -0.11512972234798703 -0.11512972234798703 0 0.99335046536057725 20.125
2 -175.808042755759 51.825126118078799 245.10468457244599 0 1 0 -0.99335046536057725 0 -0.11512972234798703 -0.11512972234798703 0 0.99335046536057725 15
2 -175.808042755759 53.628768359027198 245.10468457244599 0 -1 -0 -0.99335046536057725 0 -0.11512972234798703 0.11512972234798703 0 -0.99335046536057725 11.875999999999999
2 -175.808042755759 72.501126118078801 245.10468457244599 0 1 0 -0.99335046536057725 0 -0.11512972234798703 -0.11512972234798703 0 0.99335046536057725 11.875999999999999
1 -163.308042755759 255.98046517740599 245.10468457244599 -2.7755575615628901e-17 -1 -0 
2 -175.808042755759 75.625126118078796 245.10468457244599 0 -1 0 1 0 0 -0 0 1 12.5
1 -188.308042755759 255.98046517740599 245.10468457244599 -2.7755575615628901e-17 -1 -0 
2 -175.808042755759 80.625126118078796 245.10468457244599 0 1 0 -1 0 0 0 -0 1 12.5
1 -163.308042755759 255.98046517740599 245.10468457244599 -2.7755575615628901e-17 -1 -0 
2 -175.808042755759 215.62512611807901 245.10468457244599 0 -1 0 0 0 -1 1 0 0 12.5
1 -188.308042755759 255.98046517740599 245.10468457244599 -2.7755575615628901e-17 -1 -0 
2 -175.808042755759 220.62512611807901 245.10468457244599 0 1 0 0 0 -1 -1 0 0 12.5
2 -417.34617516850898 148.12512611807901 245.10468457244599 1 0 0 0 0 -1 -0 1 0 5.5
1 -417.34617516850898 148.12512611807901 239.60468457244599 -1 -0 -0 
2 -425.34617516850898 148.12512611807901 245.10468457244599 1 0 0 0 0 -1 -0 1 0 5.5
1 -417.34617516850898 148.12512611807901 250.60468457244599 -1 -0 -0 
2 -490.34617516850898 148.12512611807901 245.10468457244599 -1 0 0 0 0 1 0 1 -0 5.5
1 -490.34617516850898 148.12512611807901 250.60468457244599 1 0 0 
2 -430.34617516850898 148.12512611807901 245.10468457244599 -1 -1.5770213417971e-16 0 -1.5770213417971e-16 1 0 -0 0 -1 5.4999999999999902
1 -490.34617516850898 148.12512611807901 239.60468457244599 1 0 0 
2 -490.34617516850898 148.12512611807901 245.10468457244599 -1 0 0 0 0 1 0 1 -0 5.5
1 -490.34617516850898 152.734898346725 242.10468457244599 1 0 0 
2 -450.34617516850898 148.12512611807901 245.10468457244599 -1 0 0 0 0 1 0 1 -0 5.5
1 -490.34617516850898 152.734898346725 248.10468457244599 -1 0 0 
1 -430.34617516850898 75.625126118078796 280.10468457244599 1 -2.4781763942525798e-17 0 
1 -417.34617516850898 124.667760290751 280.10468457244599 0 1 0 
1 -430.34617516850898 80.625126118078796 280.10468457244599 1 -2.4781763942525798e-17 0 
1 -425.34617516850898 220.62512611807901 280.10468457244599 1.43563322149805e-16 -1 0 
1 -430.34617516850898 215.62512611807901 280.10468457244599 -1 0 0 
1 -417.34617516850898 124.667760290751 280.10468457244599 0 1 0 
1 -430.34617516850898 220.62512611807901 280.10468457244599 -1 -0 -0 
1 -430.34617516850898 220.62512611807901 280.10468457244599 1.43563322149805e-16 -1 0 
1 -412.34617516850898 124.667760290751 280.10468457244599 0 1 0 
1 -430.34617516850898 75.625126118078796 280.10468457244599 1 -2.4781763942525798e-17 0 
1 -150.34617516850901 220.62512611807901 280.10468457244599 0 1 0 
1 -430.34617516850898 80.625126118078796 280.10468457244599 1 -2.4781763942525798e-17 0 
1 -417.34617516850898 124.667760290751 210.10468457244599 0 1 0 
1 -430.34617516850898 75.625126118078796 210.10468457244599 1 -2.4781763942525798e-17 0 
1 -430.34617516850898 220.62512611807901 210.10468457244599 1.43563322149805e-16 -1 0 
1 -430.34617516850898 220.62512611807901 210.10468457244599 -1 -0 -0 
1 -417.34617516850898 124.667760290751 210.10468457244599 0 1 0 
1 -430.34617516850898 215.62512611807901 210.10468457244599 -1 0 0 
1 -425.34617516850898 220.62512611807901 210.10468457244599 1.43563322149805e-16 -1 0 
1 -430.34617516850898 80.625126118078796 210.10468457244599 1 -2.4781763942525798e-17 0 
1 -430.34617516850898 75.625126118078796 210.10468457244599 1 -2.4781763942525798e-17 0 
1 -412.34617516850898 124.667760290751 210.10468457244599 0 1 0 
1 -430.34617516850898 80.625126118078796 210.10468457244599 1 -2.4781763942525798e-17 0 
1 -150.34617516850901 220.62512611807901 210.10468457244599 0 1 0 
1 -417.34617516850898 80.625126118078796 280.10468457244599 0 0 -1 
1 -425.34617516850898 80.625126118078796 280.10468457244599 0 0 -1 
1 -417.34617516850898 215.62512611807901 280.10468457244599 0 0 1 
1 -425.34617516850898 215.62512611807901 280.10468457244599 0 0 -1 
1 -150.34617516850901 80.625126118078796 280.10468457244599 0 0 -1 
1 -150.34617516850901 75.625126118078796 280.10468457244599 -0 -0 -1 
1 -430.34617516850898 75.625126118078796 280.10468457244599 -0 -0 -1 
1 -430.34617516850898 220.62512611807901 280.10468457244599 -0 -0 -1 
2 -430.34617516850898 148.12512611807901 245.10468457244599 -1 -1.5770213417971e-16 0 -1.5770213417971e-16 1 0 -0 0 -1 5.4999999999999902
1 -412.34617516850898 75.625126118078796 285.10468457244599 0 0 -1 
1 -412.34617516850898 75.625126118078796 285.10468457244599 -1 -0 -0 
1 -417.34617516850898 75.625126118078796 285.10468457244599 0 0 -1 
1 -417.34617516850898 75.625126118078796 285.10468457244599 0 0 -1 
1 -412.34617516850898 75.625126118078796 205.10468457244599 -1 -0 -0 
1 -412.34617516850898 75.625126118078796 285.10468457244599 0 0 -1 
2 -175.808042755759 75.625126118078796 245.10468457244599 0 -1 0 1 0 0 -0 0 1 12.5
1 -150.34617516850901 220.62512611807901 280.10468457244599 0 1 0 
1 -150.34617516850901 215.62512611807901 280.10468457244599 0 0 -1 
1 -150.34617516850901 220.62512611807901 210.10468457244599 0 1 0 
1 -150.34617516850901 220.62512611807901 280.10468457244599 -0 -0 -1 
1 -430.34617516850898 220.62512611807901 210.10468457244599 -1 -0 -0 
1 -412.34617516850898 220.62512611807901 285.10468457244599 0 0 1 
1 -412.34617516850898 220.62512611807901 205.10468457244599 -1 -0 -0 
1 -417.34617516850898 220.62512611807901 285.10468457244599 0 0 1 
1 -417.34617516850898 220.62512611807901 285.10468457244599 0 0 1 
1 -412.34617516850898 220.62512611807901 285.10468457244599 -1 -0 -0 
1 -412.34617516850898 220.62512611807901 285.10468457244599 0 0 1 
1 -430.34617516850898 220.62512611807901 280.10468457244599 -1 -0 -0 
2 -175.808042755759 220.62512611807901 245.10468457244599 0 1 0 0 0 -1 -1 0 0 12.5
1 -412.34617516850898 124.667760290751 280.10468457244599 0 1 0 
1 -430.34617516850898 215.62512611807901 280.10468457244599 -1 0 0 
1 -430.34617516850898 215.62512611807901 210.10468457244599 -1 0 0 
1 -412.34617516850898 124.667760290751 210.10468457244599 0 1 0 
2 -425.34617516850898 148.12512611807901 245.10468457244599 1 0 0 0 0 -1 -0 1 0 5.5
1 -412.34617516850898 80.625126118078796 280.10468457244599 0 0 -1 
2 -175.808042755759 80.625126118078796 245.10468457244599 0 1 0 -1 0 0 0 -0 1 12.5
1 -412.34617516850898 215.62512611807901 280.10468457244599 0 0 1 
2 -175.808042755759 215.62512611807901 245.10468457244599 0 -1 0 0 0 -1 1 0 0 12.5
2 -490.34617516850898 148.12512611807901 245.10468457244599 -1 0 0 0 0 1 0 1 -0 5.5
1 -490.34617516850898 143.51535388943199 248.10468457244599 1 0 0 
2 -450.34617516850898 148.12512611807901 245.10468457244599 -1 0 0 0 0 1 0 1 -0 5.5
1 -490.34617516850898 143.51535388943199 242.10468457244599 -1 0 0 
2 -490.34617516850898 148.12512611807901 245.10468457244599 -1 0 0 0 0 1 0 1 -0 5.5
1 -490.34617516850898 213.12512611807901 242.10468457244599 0 -1 1.0675221390626501e-16 
1 -490.34617516850898 83.125126118078697 242.10468457244599 0 0 1 
1 -490.34617516850898 213.12512611807901 248.10468457244599 0 1 -1.0675221390626501e-16 
1 -490.34617516850898 213.12512611807901 248.10468457244599 0 1 -1.0675221390626501e-16 
1 -490.34617516850898 213.12512611807901 242.10468457244599 -0 -0 -1 
1 -490.34617516850898 213.12512611807901 242.10468457244599 0 -1 1.0675221390626501e-16 
1 -450.34617516850898 83.125126118078697 242.10468457244599 -1 0 0 
1 -450.34617516850898 83.125126118078697 242.10468457244599 0 0 1 
1 -450.34617516850898 83.125126118078697 248.10468457244599 -1 0 0 
1 -450.34617516850898 213.12512611807901 242.10468457244599 0 -1 1.0675221390626501e-16 
1 -450.34617516850898 213.12512611807901 248.10468457244599 0 1 -1.0675221390626501e-16 
1 -450.34617516850898 213.12512611807901 248.10468457244599 0 1 -1.0675221390626501e-16 
1 -450.34617516850898 213.12512611807901 242.10468457244599 0 -1 1.0675221390626501e-16 
1 -450.34617516850898 213.12512611807901 242.10468457244599 -0 -0 -1 
1 -450.34617516850898 213.12512611807901 248.10468457244599 -1 0 0 
1 -450.34617516850898 213.12512611807901 242.10468457244599 -1 0 0 
2 -417.34617516850898 148.12512611807901 245.10468457244599 1 0 0 0 0 -1 -0 1 0 5.5
1 -417.34617516850898 220.62512611807901 285.10468457244599 0 -1 -1.9141776286640599e-16 
1 -417.34617516850898 220.62512611807901 205.10468457244599 0 1 1.19636101791504e-16 
1 -412.34617516850898 220.62512611807901 205.10468457244599 0 1 1.19636101791504e-16 
1 -412.34617516850898 220.62512611807901 285.10468457244599 0 -1 -1.9141776286640599e-16 
Polygon3D 0
PolygonOnTriangulations 0
Surfaces 375
2 -142.66967747883399 200.55512611807899 -20.065315427554001 0 -0 1 0 1 0 -1 0 0 7.1500000000000101
1 -64.869677478834504 148.15512611807901 -32.765315427554 0 0 1 0 -1 0 1 0 -0 
1 -134.293758194525 203.022711201259 -20.065315427554001 0.94768101878454603 -0.31921886948531902 0 0 0 1 -0.31921886948531902 -0.94768101878454603 0 
1 -64.869677478834504 148.15512611807901 -20.065315427554001 0 0 1 0 -1 0 1 0 -0 
2 -142.66967747883399 200.55512611807899 -20.065315427554001 0 -0 1 0 1 0 -1 0 0 7.1500000000000101
2 11.3303225211656 91.005126118078707 -20.065315427554001 0 -0 1 0 1 0 -1 0 0 7.1500000000000101
1 18.106241805475001 88.722711201258704 -20.065315427554001 0.94768101878454525 -0.31921886948532108 0 0 0 1 -0.31921886948532108 -0.94768101878454525 0 
2 11.3303225211656 91.005126118078707 -20.065315427554001 0 -0 1 0 1 0 -1 0 0 7.1500000000000101
2 12.9303225211655 200.55512611807899 -20.065315427554001 0 -0 1 0 1 0 -1 0 0 7.1499999999999897
1 18.106241805475001 207.587541034899 -20.065315427554001 0.94768101878454525 0.31921886948532108 -0 0 0 1 0.31921886948532108 -0.94768101878454525 0 
2 12.9303225211655 200.55512611807899 -20.065315427554001 0 -0 1 0 1 0 -1 0 0 7.1499999999999897
2 -141.069677478834 91.005126118078707 -20.065315427554001 0 -0 1 0 1 0 -1 0 0 7.1500000000000101
1 -134.293758194525 93.287541034898794 -20.065315427554001 0.94768101878454603 0.31921886948531902 -0 0 0 1 0.31921886948531902 -0.94768101878454603 0 
2 -141.069677478834 91.005126118078707 -20.065315427554001 0 -0 1 0 1 0 -1 0 0 7.1500000000000101
2 -64.869677478834504 148.15512611807901 -18.535315427554 0 -0 1 0 1 0 -1 0 0 75.400000000000006
1 -64.869677478834504 148.15512611807901 -18.535315427554 0 0 1 0 -1 0 1 0 -0 
2 -64.869677478834504 148.15512611807901 -18.535315427554 0 -0 1 0 1 0 -1 0 0 75.400000000000006
2 -141.069677478834 205.30512611807899 -20.065315427554001 0 -0 1 0 1 0 -1 0 0 7.1500000000000101
2 -141.069677478834 205.30512611807899 -20.065315427554001 0 -0 1 0 1 0 -1 0 0 7.1500000000000101
2 12.9303225211655 95.755126118078707 -20.065315427554001 0 -0 1 0 1 0 -1 0 0 7.1500000000000101
2 12.9303225211655 95.755126118078707 -20.065315427554001 0 -0 1 0 1 0 -1 0 0 7.1500000000000101
2 11.3303225211656 205.30512611807899 -20.065315427554001 0 -0 1 0 1 0 -1 0 0 7.1500000000000004
2 11.3303225211656 205.30512611807899 -20.065315427554001 0 -0 1 0 1 0 -1 0 0 7.1500000000000004
2 -142.66967747883399 95.755126118078707 -20.065315427554001 0 -0 1 0 1 0 -1 0 0 7.1500000000000101
2 -142.66967747883399 95.755126118078707 -20.065315427554001 0 -0 1 0 1 0 -1 0 0 7.1500000000000101
2 -64.869677478834504 148.15512611807901 23.704684572445899 0 -0 1 0 1 0 -1 0 0 79.400000000000006
1 -64.869677478834504 148.15512611807901 23.704684572445899 0 0 1 0 -1 0 1 0 -0 
1 -140.645123353825 142.45512611807899 -32.766315427553998 -1.52182392800241e-15 -1 -0 -1 1.52182392800241e-15 0 0 0 -1 
1 -70.569677478834393 72.379680243088004 -32.766315427553998 -1 -7.8627569613457602e-15 -0 -7.8627569613457602e-15 1 0 0 0 -1 
2 -64.869677478834504 148.15512611807901 23.704684572445899 0 -0 1 0 1 0 -1 0 0 79.400000000000006
1 -140.645123353825 153.855126118079 -32.766315427553998 5.5800210693421603e-15 1 0 1 -5.5800210693421603e-15 0 0 0 -1 
1 -70.569677478834507 223.93057199307 -32.766315427553998 -1 7.6091196400119995e-15 0 0 0 -1 -7.6091196400119995e-15 -1 -0 
2 -64.869677478834504 148.15512611807901 23.704684572445899 0 -0 1 0 1 0 -1 0 0 79.400000000000006
1 -59.169677478834501 223.93057199307 -32.766315427553998 1 7.8627569613457602e-15 0 -7.8627569613457602e-15 1 0 0 -0 1 
1 10.905768396156301 153.855126118079 -32.766315427553998 7.6091196400119995e-15 1 0 1 -7.6091196400119995e-15 0 0 0 -1 
1 -153.719677478834 68.755126118078707 -32.765315427554 -0 1 0 1 0 0 0 0 -1 
1 -153.719677478834 68.755126118078707 -32.765315427554 0.70710678118654757 0.70710678118654757 -0 0 0 1 0.70710678118654757 -0.70710678118654757 0 
1 23.980322521165501 68.755126118078707 -32.765315427554 -0.70710678118654802 0.70710678118654702 0 0 0 -1 -0.70710678118654702 -0.70710678118654802 -0 
1 -160.11967747883401 75.155126118078698 -32.765315427554 1 -2.85160023448242e-16 0 -2.85160023448242e-16 -1 0 0 -0 -1 
1 -160.11967747883401 221.15512611807901 -32.765315427554 0.70710678118654802 -0.70710678118654702 0 0 0 1 -0.70710678118654702 -0.70710678118654802 0 
1 -153.719677478834 227.55512611807899 -32.765315427554 0 -1 0 0 0 1 -1 0 0 
1 30.3803225211655 221.15512611807901 -32.765315427554 -0.70710678118654802 -0.70710678118654702 -0 -0.70710678118654702 0.70710678118654802 0 0 0 -1 
1 30.3803225211655 75.155126118078698 -32.765315427554 -1 1.90106682298828e-16 0 0 0 -1 -1.90106682298828e-16 -1 -0 
1 -147.84559676314399 207.587541034899 -20.065315427554001 -0.94768101878454525 0.31921886948532108 0 0 0 -1 -0.31921886948532108 -0.94768101878454525 -0 
1 4.5544032368560199 93.287541034898794 -20.065315427554001 -0.94768101878454603 0.31921886948531902 0 0 0 -1 -0.31921886948531902 -0.94768101878454603 -0 
1 4.5544032368560501 203.022711201259 -20.065315427554001 -0.94768101878454425 -0.31921886948532407 -0 -0.31921886948532407 0.94768101878454425 0 0 0 -1 
1 -147.84559676314399 88.722711201258704 -20.065315427554001 -0.94768101878454525 -0.31921886948532108 -0 -0.31921886948532108 0.94768101878454525 0 0 0 -1 
1 -140.645123353825 153.855126118079 -32.766315427553998 1 0 0 0 0 -1 -0 1 0 
1 -59.169677478834501 223.93057199307 -32.766315427553998 0 -1 0 0 0 1 -1 0 0 
1 10.905768396156301 142.45512611807899 -32.766315427553998 -1 0 0 0 1 0 0 0 -1 
1 10.905768396156301 142.45512611807899 -32.766315427553998 7.8627569613457602e-15 -1 0 0 0 1 -1 -7.8627569613457602e-15 0 
2 -64.869677478834504 148.15512611807901 23.704684572445899 0 -0 1 0 1 0 -1 0 0 79.400000000000006
1 -59.169677478834501 72.379680243088004 -32.766315427553998 1 -7.8627569613457302e-15 0 -7.8627569613457302e-15 -1 0 0 -0 -1 
1 -70.569677478834393 72.379680243088004 -32.766315427553998 -0 1 0 1 0 0 0 0 -1 
2 -162.158399156006 215.62512611807901 278.524696984169 0 1 0 0 0 -1 -1 0 0 2
2 -162.158399156006 215.62512611807901 278.524696984169 0 1 0 0 0 -1 -1 0 0 2
1 -175.808042755759 206.12512611807901 245.10468457244599 -0 1 0 1 0 0 0 0 -1 
2 -175.808042755759 215.62512611807901 245.10468457244599 0 1 0 0 0 -1 -1 0 0 38.100000000000001
1 -175.808042755759 215.62512611807901 245.10468457244599 -0 1 0 1 0 0 0 0 -1 
2 -175.808042755759 215.62512611807901 245.10468457244599 0 1 0 0 0 -1 -1 0 0 13.6
2 -175.808042755759 215.62512611807901 245.10468457244599 0 1 0 0 0 -1 -1 0 0 13.6
2 -49.705247564359198 172.67543684586801 103.704684572446 0 0 1 -1 0 0 0 -1 0 48.155191390494601
1 -115.86804275575901 215.62512611807901 23.704684572445899 0 0 1 1 0 -0 -0 1 0 
1 -115.86804275575901 215.62512611807901 23.704684572445899 0.88294759285892477 0 0.46947156278589491 0 -1 0 0.46947156278589491 0 -0.88294759285892477 
1 -215.33967747883401 215.62512611807901 210.783620547395 0.99916912934125679 0 -0.040755993073842096 0 -1 0 -0.040755993073842096 -0 -0.99916912934125679 
2 -175.808042755759 215.62512611807901 245.10468457244599 0 1 0 0 0 -1 -1 0 0 38.100000000000001
2 -211.14727255622 215.62512611807901 252.47685095080499 0 1 0 0 0 -1 -1 0 0 2
1 -187.591778981685 215.62512611807901 267.26666915320499 0.46947156278589491 0 -0.88294759285892477 0 -1 0 -0.88294759285892477 -0 -0.46947156278589491 
1 -125.643342408694 215.62512611807901 258.424964005893 -0.52991926423320079 0 -0.84804809615642862 -0.84804809615642862 0 0.52991926423320079 0 1 0 
1 -7.92804275575907 215.62512611807901 37.034684572445897 -0.88294759285892477 0 -0.46947156278589491 -0.46947156278589491 0 0.88294759285892477 0 1 0 
9 0 0 0 0 3 1 4 2 2 2 -109.119976749632 215.12512611807901 107.896109354524  -109.119976749632 215.62512611807901 107.896109354524  
-109.301186004215 215.12512611807901 108.07274302244301  -109.301186004215 215.62512611807901 108.07274302244301  
-111.312457701531 215.12512611807901 110.07616722530599  -111.312457701531 215.62512611807901 110.07616722530599  
-111.53059111366299 215.12512611807901 110.238687289848  -111.53059111366299 215.62512611807901 110.238687289848  

5 4
6 4

0 2
1 2

9 0 0 0 0 2 1 3 2 2 2 -108.33762353143101 215.12512611807901 108.069723873675  -108.33762353143101 215.62512611807901 108.069723873675  
-108.557653625775 215.12512611807901 107.515425548237  -108.557653625775 215.62512611807901 107.515425548237  
-109.119976749632 215.12512611807901 107.896109354524  -109.119976749632 215.62512611807901 107.896109354524  

4 3
5 3

0 2
1 2

9 0 0 0 0 2 1 3 2 2 2 -106.61159094764 215.12512611807901 112.51385011468101  -106.61159094764 215.62512611807901 112.51385011468101  
-106.543639570118 215.12512611807901 112.640643303727  -106.543639570118 215.62512611807901 112.640643303727  
-108.33762353143101 215.12512611807901 108.069723873675  -108.33762353143101 215.62512611807901 108.069723873675  

3 3
4 3

0 2
1 2

9 0 0 0 0 3 1 4 2 2 2 -107.296949610052 215.12512611807901 113.147985799388  -107.296949610052 215.62512611807901 113.147985799388  
-106.442631321465 215.12512611807901 113.362010804356  -106.442631321465 215.62512611807901 113.362010804356  
-106.57782310739501 215.12512611807901 112.57719087542  -106.57782310739501 215.62512611807901 112.57719087542  
-106.61159094764 215.12512611807901 112.51385011468101  -106.61159094764 215.62512611807901 112.51385011468101  

2 4
3 4

0 2
1 2

9 0 0 0 0 3 1 4 2 2 2 -111.403911969815 215.12512611807901 110.94891319569101  -111.403911969815 215.62512611807901 110.94891319569101  
-111.333637491007 215.12512611807901 111.026360271985  -111.333637491007 215.62512611807901 111.026360271985  
-107.37101914709601 215.12512611807901 113.144395856733  -107.37101914709601 215.62512611807901 113.144395856733  
-107.296949610052 215.12512611807901 113.147985799388  -107.296949610052 215.62512611807901 113.147985799388  

1 4
2 4

0 2
1 2

9 0 0 0 0 3 1 4 2 2 2 -111.53059111366299 215.12512611807901 110.238687289848  -111.53059111366299 215.62512611807901 110.238687289848  
-111.862195571622 215.12512611807901 110.716846641703  -111.862195571622 215.62512611807901 110.716846641703  
-111.441051118085 215.12512611807901 110.947116402408  -111.441051118085 215.62512611807901 110.947116402408  
-111.403911969815 215.12512611807901 110.94891319569101  -111.403911969815 215.62512611807901 110.94891319569101  

0 4
1 4

0 2
1 2

9 0 0 0 0 2 1 3 2 2 2 -120.06245224496899 215.12512611807901 118.61172931036199  -120.06245224496899 215.62512611807901 118.61172931036199  
-120.383222781516 215.12512611807901 119.115240952306  -120.383222781516 215.62512611807901 119.115240952306  
-119.97481160046399 215.12512611807901 119.357191369489  -119.97481160046399 215.62512611807901 119.357191369489  

0 3
1 3

0 2
1 2

1 -117.402961033509 215.12512611807901 115.972372629511 -0.70441483575234376 0 -0.70978851721621883 -0.70978851721621883 0 0.70441483575234376 0 1 0 
9 0 0 0 0 2 1 3 2 2 2 -116.805959240891 215.12512611807901 115.889971467583  -116.805959240891 215.62512611807901 115.889971467583  
-117.22900122354901 215.12512611807901 115.69663027369801  -117.22900122354901 215.62512611807901 115.69663027369801  
-117.402961033509 215.12512611807901 115.972372629511  -117.402961033509 215.62512611807901 115.972372629511  

8 3
9 3

0 2
1 2

9 0 0 0 0 2 1 3 2 2 2 -110.10700689028199 215.12512611807901 119.42450093474901  -110.10700689028199 215.62512611807901 119.42450093474901  
-116.889808261385 215.12512611807901 115.836510926128  -116.889808261385 215.62512611807901 115.836510926128  
-116.805959240891 215.12512611807901 115.889971467583  -116.805959240891 215.62512611807901 115.889971467583  

7 3
8 3

0 2
1 2

9 0 0 0 0 2 1 3 2 2 2 -109.802141074842 215.12512611807901 119.76038935120199  -109.802141074842 215.62512611807901 119.76038935120199  
-109.829573942889 215.12512611807901 119.56142415423101  -109.829573942889 215.62512611807901 119.56142415423101  
-110.10700689028199 215.12512611807901 119.42450093474901  -110.10700689028199 215.62512611807901 119.42450093474901  

6 3
7 3

0 2
1 2

9 0 0 0 0 2 1 3 2 2 2 -109.321923564168 215.12512611807901 121.08070269109101  -109.321923564168 215.62512611807901 121.08070269109101  
-109.667718329934 215.12512611807901 120.050911583936  -109.667718329934 215.62512611807901 120.050911583936  
-109.802141074842 215.12512611807901 119.76038935120199  -109.802141074842 215.62512611807901 119.76038935120199  

5 3
6 3

0 2
1 2

9 0 0 0 0 2 1 3 2 2 2 -109.411969203591 215.12512611807901 121.669369424599  -109.411969203591 215.62512611807901 121.669369424599  
-109.142692120064 215.12512611807901 121.460025998308  -109.142692120064 215.62512611807901 121.460025998308  
-109.321923564168 215.12512611807901 121.08070269109101  -109.321923564168 215.62512611807901 121.08070269109101  

4 3
5 3

0 2
1 2

9 0 0 0 0 2 1 3 2 2 2 -111.26728320057499 215.12512611807901 123.507204462402  -111.26728320057499 215.62512611807901 123.507204462402  
-109.62180496436 215.12512611807901 121.91880032232901  -109.62180496436 215.62512611807901 121.91880032232901  
-109.411969203591 215.12512611807901 121.669369424599  -109.411969203591 215.62512611807901 121.669369424599  

3 3
4 3

0 2
1 2

9 0 0 0 0 2 1 3 2 2 2 -111.827153132744 215.12512611807901 123.5918199366  -111.827153132744 215.62512611807901 123.5918199366  
-111.415150187083 215.12512611807901 123.759596436991  -111.415150187083 215.62512611807901 123.759596436991  
-111.26728320057499 215.12512611807901 123.507204462402  -111.26728320057499 215.62512611807901 123.507204462402  

2 3
3 3

0 2
1 2

9 0 0 0 0 3 1 4 2 2 2 -119.97481160046399 215.12512611807901 119.357191369489  -119.97481160046399 215.62512611807901 119.357191369489  
-119.90380023220401 215.12512611807901 119.422330745466  -119.90380023220401 215.62512611807901 119.422330745466  
-111.87533496192 215.12512611807901 123.56466720931699  -111.87533496192 215.62512611807901 123.56466720931699  
-111.827153132744 215.12512611807901 123.5918199366  -111.827153132744 215.62512611807901 123.5918199366  

1 4
2 4

0 2
1 2

9 0 0 0 0 2 1 3 2 2 2 -113.224680395132 215.12512611807901 111.812565008063  -113.224680395132 215.62512611807901 111.812565008063  
-113.32907143921599 215.12512611807901 111.931024959955  -113.32907143921599 215.62512611807901 111.931024959955  
-115.79251201304 215.12512611807901 114.345038013752  -115.79251201304 215.62512611807901 114.345038013752  

9 3
10 3

0 2
1 2

9 0 0 0 0 2 1 3 2 2 2 -112.590113882079 215.12512611807901 111.719543093486  -112.590113882079 215.62512611807901 111.719543093486  
-112.914674220683 215.12512611807901 111.530948838011  -112.914674220683 215.62512611807901 111.530948838011  
-113.224680395132 215.12512611807901 111.812565008063  -113.224680395132 215.62512611807901 111.812565008063  

8 3
9 3

0 2
1 2

1 -105.777412932194 215.12512611807901 115.197691993997 0.4547069421730871 0 -0.89064111556765724 0 -1 0 -0.89064111556765724 -0 -0.4547069421730871 
9 0 0 0 0 2 1 3 2 2 2 -105.508638058286 215.12512611807901 115.519585762462  -105.508638058286 215.62512611807901 115.519585762462  
-105.55899937929701 215.12512611807901 115.28231895560199  -105.55899937929701 215.62512611807901 115.28231895560199  
-105.777412932194 215.12512611807901 115.197691993997  -105.777412932194 215.62512611807901 115.197691993997  

6 3
7 3

0 2
1 2

9 0 0 0 0 2 1 3 2 2 2 -105.030952408391 215.12512611807901 116.88924157119099  -105.030952408391 215.62512611807901 116.88924157119099  
-105.46298444598099 215.12512611807901 115.595872199092  -105.46298444598099 215.62512611807901 115.595872199092  
-105.508638058286 215.12512611807901 115.519585762462  -105.508638058286 215.62512611807901 115.519585762462  

5 3
6 3

0 2
1 2

9 0 0 0 0 2 1 3 2 2 2 -105.155814094794 215.12512611807901 117.426765398665  -105.155814094794 215.62512611807901 117.426765398665  
-104.951042055583 215.12512611807901 117.276019438616  -104.951042055583 215.62512611807901 117.276019438616  
-105.030952408391 215.12512611807901 116.88924157119099  -105.030952408391 215.62512611807901 116.88924157119099  

4 3
5 3

0 2
1 2

9 0 0 0 0 2 1 3 2 2 2 -106.93685161719699 215.12512611807901 119.268298402781  -106.93685161719699 215.62512611807901 119.268298402781  
-105.19802319585099 215.12512611807901 117.53597399706899  -105.19802319585099 215.62512611807901 117.53597399706899  
-105.155814094794 215.12512611807901 117.426765398665  -105.155814094794 215.62512611807901 117.426765398665  

3 3
4 3

0 2
1 2

9 0 0 0 0 2 1 3 2 2 2 -107.585416422151 215.12512611807901 119.397620018382  -107.585416422151 215.62512611807901 119.397620018382  
-107.037583159313 215.12512611807901 119.559936579611  -107.037583159313 215.62512611807901 119.559936579611  
-106.93685161719699 215.12512611807901 119.268298402781  -106.93685161719699 215.62512611807901 119.268298402781  

2 3
3 3

0 2
1 2

9 0 0 0 0 3 1 4 2 2 2 -115.719289001373 215.12512611807901 115.12689686583001  -115.719289001373 215.62512611807901 115.12689686583001  
-115.575792485948 215.12512611807901 115.232560217147  -115.575792485948 215.62512611807901 115.232560217147  
-107.666942341357 215.12512611807901 119.294813364177  -107.666942341357 215.62512611807901 119.294813364177  
-107.585416422151 215.12512611807901 119.397620018382  -107.585416422151 215.62512611807901 119.397620018382  

1 4
2 4

0 2
1 2

9 0 0 0 0 2 1 3 2 2 2 -115.79251201304 215.12512611807901 114.345038013752  -115.79251201304 215.62512611807901 114.345038013752  
-116.17187819387 215.12512611807901 114.783940231635  -116.17187819387 215.62512611807901 114.783940231635  
-115.719289001373 215.12512611807901 115.12689686583001  -115.719289001373 215.62512611807901 115.12689686583001  

0 3
1 3

0 2
1 2

9 0 0 0 0 3 1 4 2 2 2 -120.32079753409199 215.12512611807901 131.52209318439401  -120.32079753409199 215.62512611807901 131.52209318439401  
-119.884924916176 215.12512611807901 131.913518223035  -119.884924916176 215.62512611807901 131.913518223035  
-119.82526411887299 215.12512611807901 131.78550693167199  -119.82526411887299 215.62512611807901 131.78550693167199  
-119.486283810572 215.12512611807901 131.53081262888301  -119.486283810572 215.62512611807901 131.53081262888301  

7 4
8 4

0 2
1 2

9 0 0 0 0 3 1 4 2 2 2 -125.84007231906 215.12512611807901 125.838065433176  -125.84007231906 215.62512611807901 125.838065433176  
-125.561961096402 215.12512611807901 126.12754576495399  -125.561961096402 215.62512611807901 126.12754576495399  
-121.90446191524001 215.12512611807901 129.862288887229  -121.90446191524001 215.62512611807901 129.862288887229  
-120.32079753409199 215.12512611807901 131.52209318439401  -120.32079753409199 215.62512611807901 131.52209318439401  

8 4
9 4

0 2
1 2

9 0 0 0 0 3 1 4 2 2 2 -126.742141953878 215.12512611807901 124.752727842092  -126.742141953878 215.62512611807901 124.752727842092  
-126.50205564097401 215.12512611807901 125.067229687634  -126.50205564097401 215.62512611807901 125.067229687634  
-126.20614615099799 215.12512611807901 125.425723488507  -126.20614615099799 215.62512611807901 125.425723488507  
-125.84007231906 215.12512611807901 125.838065433176  -125.84007231906 215.62512611807901 125.838065433176  

0 4
1 4

0 2
1 2

9 0 0 0 0 3 1 4 2 2 2 -126.747430207533 215.12512611807901 119.702040091386  -126.747430207533 215.62512611807901 119.702040091386  
-127.7675667406 215.12512611807901 121.33111690293001  -127.7675667406 215.62512611807901 121.33111690293001  
-127.82031001473899 215.12512611807901 122.935106183958  -127.82031001473899 215.62512611807901 122.935106183958  
-126.742141953878 215.12512611807901 124.752727842092  -126.742141953878 215.62512611807901 124.752727842092  

1 4
2 4

0 2
1 2

9 0 0 0 0 3 1 4 2 2 2 -122.896083564817 215.12512611807901 119.784509683236  -122.896083564817 215.62512611807901 119.784509683236  
-122.751334932193 215.12512611807901 118.54433002488599  -122.751334932193 215.62512611807901 118.54433002488599  
-125.013998803235 215.12512611807901 116.974892653921  -125.013998803235 215.62512611807901 116.974892653921  
-126.747430207533 215.12512611807901 119.702040091386  -126.747430207533 215.62512611807901 119.702040091386  

2 4
3 4

0 2
1 2

9 0 0 0 0 3 1 4 2 2 2 -121.96514592388 215.12512611807901 122.362392201172  -121.96514592388 215.62512611807901 122.362392201172  
-122.828516071758 215.12512611807901 121.36292993605601  -122.828516071758 215.62512611807901 121.36292993605601  
-122.906301442273 215.12512611807901 120.902265783706  -122.906301442273 215.62512611807901 120.902265783706  
-122.896083564817 215.12512611807901 119.784509683236  -122.896083564817 215.62512611807901 119.784509683236  

3 4
4 4

0 2
1 2

9 0 0 0 0 3 1 4 2 2 2 -116.46607473256699 215.12512611807901 128.04940846691599  -116.46607473256699 215.62512611807901 128.04940846691599  
-117.426772644355 215.12512611807901 127.026947383384  -117.426772644355 215.62512611807901 127.026947383384  
-121.352666330738 215.12512611807901 123.026281722221  -121.352666330738 215.62512611807901 123.026281722221  
-121.96514592388 215.12512611807901 122.362392201172  -121.96514592388 215.62512611807901 122.362392201172  

4 4
5 4

0 2
1 2

9 0 0 0 0 3 1 4 2 2 2 -116.42538784483899 215.12512611807901 128.55379997112701  -116.42538784483899 215.62512611807901 128.55379997112701  
-116.28443062013601 215.12512611807901 128.398181303586  -116.28443062013601 215.62512611807901 128.398181303586  
-116.305264115794 215.12512611807901 128.21593273536499  -116.305264115794 215.62512611807901 128.21593273536499  
-116.46607473256699 215.12512611807901 128.04940846691599  -116.46607473256699 215.62512611807901 128.04940846691599  

5 4
6 4

0 2
1 2

1 -116.42538784483899 215.12512611807901 128.55379997112701 0.69721582425011208 0 0.71686127975727409 0 -1 0 0.71686127975727409 0 -0.69721582425011208 
9 0 0 0 0 3 1 4 2 2 2 -127.282004041333 215.12512611807901 126.23931318709199  -127.282004041333 215.62512611807901 126.23931318709199  
-127.583485632554 215.12512611807901 125.96675724113101  -127.583485632554 215.62512611807901 125.96675724113101  
-127.919608986292 215.12512611807901 125.956087254918  -127.919608986292 215.62512611807901 125.956087254918  
-128.15877886269399 215.12512611807901 126.187256160441  -128.15877886269399 215.62512611807901 126.187256160441  

26 4
27 4

0 2
1 2

9 0 0 0 0 3 1 4 2 2 2 -121.32914583377899 215.12512611807901 132.41600522134101  -121.32914583377899 215.62512611807901 132.41600522134101  
-122.42267765754301 215.12512611807901 131.28117574070001  -122.42267765754301 215.62512611807901 131.28117574070001  
-126.153811328017 215.12512611807901 127.41024760243999  -126.153811328017 215.62512611807901 127.41024760243999  
-127.282004041333 215.12512611807901 126.23931318709199  -127.282004041333 215.62512611807901 126.23931318709199  

25 4
26 4

0 2
1 2

9 0 0 0 0 3 1 4 2 2 2 -121.294757973659 215.12512611807901 133.27528604191099  -121.294757973659 215.62512611807901 133.27528604191099  
-121.01294460549001 215.12512611807901 132.89805884353899  -121.01294460549001 215.62512611807901 132.89805884353899  
-121.218718076465 215.12512611807901 132.597729432238  -121.218718076465 215.62512611807901 132.597729432238  
-121.32914583377899 215.12512611807901 132.41600522134101  -121.32914583377899 215.62512611807901 132.41600522134101  

24 4
25 4

0 2
1 2

9 0 0 0 0 3 1 4 2 2 2 -123.128981850142 215.12512611807901 135.071306943378  -123.128981850142 215.62512611807901 135.071306943378  
-122.64575882390599 215.12512611807901 134.66418366801199  -122.64575882390599 215.62512611807901 134.66418366801199  
-122.085748248789 215.12512611807901 134.039136471586  -122.085748248789 215.62512611807901 134.039136471586  
-121.294757973659 215.12512611807901 133.27528604191099  -121.294757973659 215.62512611807901 133.27528604191099  

23 4
24 4

0 2
1 2

9 0 0 0 0 3 1 4 2 2 2 -123.751869095318 215.12512611807901 135.51211876665599  -123.751869095318 215.62512611807901 135.51211876665599  
-123.55706979553899 215.12512611807901 135.424263307335  -123.55706979553899 215.62512611807901 135.424263307335  
-123.340177243273 215.12512611807901 135.249087786085  -123.340177243273 215.62512611807901 135.249087786085  
-123.128981850142 215.12512611807901 135.071306943378  -123.128981850142 215.62512611807901 135.071306943378  

22 4
23 4

0 2
1 2

9 0 0 0 0 3 1 4 2 2 2 -124.38822706451499 215.12512611807901 135.74366353665499  -124.38822706451499 215.62512611807901 135.74366353665499  
-124.109112323697 215.12512611807901 135.682547403667  -124.109112323697 215.62512611807901 135.682547403667  
-124.087767603587 215.12512611807901 135.66203766736001  -124.087767603587 215.62512611807901 135.66203766736001  
-123.751869095318 215.12512611807901 135.51211876665599  -123.751869095318 215.62512611807901 135.51211876665599  

21 4
22 4

0 2
1 2

9 0 0 0 0 3 1 4 2 2 2 -126.464841078565 215.12512611807901 135.67630146601701  -126.464841078565 215.62512611807901 135.67630146601701  
-126.10453771719899 215.12512611807901 135.755261022036  -126.10453771719899 215.62512611807901 135.755261022036  
-125.35633066893899 215.12512611807901 135.976935298142  -125.35633066893899 215.62512611807901 135.976935298142  
-124.38822706451499 215.12512611807901 135.74366353665499  -124.38822706451499 215.62512611807901 135.74366353665499  

20 4
21 4

0 2
1 2

9 0 0 0 0 3 1 4 2 2 2 -126.44591233636901 215.12512611807901 135.33959138864901  -126.44591233636901 215.62512611807901 135.33959138864901  
-126.52692619913999 215.12512611807901 135.47662699972801  -126.52692619913999 215.62512611807901 135.47662699972801  
-126.539622342689 215.12512611807901 135.61777862487199  -126.539622342689 215.62512611807901 135.61777862487199  
-126.464841078565 215.12512611807901 135.67630146601701  -126.464841078565 215.62512611807901 135.67630146601701  

19 4
20 4

0 2
1 2

9 0 0 0 0 2 1 3 2 2 2 -123.33558127331101 215.12512611807901 132.335876974814  -123.33558127331101 215.62512611807901 132.335876974814  
-125.04542502864901 215.12512611807901 133.98684865540699  -125.04542502864901 215.62512611807901 133.98684865540699  
-126.44591233636901 215.12512611807901 135.33959138864901  -126.44591233636901 215.62512611807901 135.33959138864901  

18 3
19 3

0 2
1 2

9 0 0 0 0 2 1 3 2 2 2 -123.603512656493 215.12512611807901 132.10922126214001  -123.603512656493 215.62512611807901 132.10922126214001  
-123.34367666725301 215.12512611807901 132.05194507924901  -123.34367666725301 215.62512611807901 132.05194507924901  
-123.33558127331101 215.12512611807901 132.335876974814  -123.33558127331101 215.62512611807901 132.335876974814  

17 3
18 3

0 2
1 2

9 0 0 0 0 3 1 4 2 2 2 -126.816542587163 215.12512611807901 135.212213439918  -126.816542587163 215.62512611807901 135.212213439918  
-125.619332624539 215.12512611807901 134.05618383823  -125.619332624539 215.62512611807901 134.05618383823  
-124.295160559327 215.12512611807901 132.81654407508199  -124.295160559327 215.62512611807901 132.81654407508199  
-123.603512656493 215.12512611807901 132.10922126214001  -123.603512656493 215.62512611807901 132.10922126214001  

16 4
17 4

0 2
1 2

9 0 0 0 0 3 1 4 2 2 2 -127.428347318878 215.12512611807901 135.28130477197001  -127.428347318878 215.62512611807901 135.28130477197001  
-127.363007947783 215.12512611807901 135.27659822819601  -127.363007947783 215.62512611807901 135.27659822819601  
-127.097023103616 215.12512611807901 135.483172946514  -127.097023103616 215.62512611807901 135.483172946514  
-126.816542587163 215.12512611807901 135.212213439918  -126.816542587163 215.62512611807901 135.212213439918  

15 4
16 4

0 2
1 2

9 0 0 0 0 3 1 4 2 2 2 -128.87235308266699 215.12512611807901 134.28799567610901  -128.87235308266699 215.62512611807901 134.28799567610901  
-128.33986009360501 215.12512611807901 134.77883643938199  -128.33986009360501 215.62512611807901 134.77883643938199  
-127.49358231022801 215.12512611807901 135.2860131377  -127.49358231022801 215.62512611807901 135.2860131377  
-127.428347318878 215.12512611807901 135.28130477197001  -127.428347318878 215.62512611807901 135.28130477197001  

14 4
15 4

0 2
1 2

9 0 0 0 0 3 1 4 2 2 2 -128.58576632046001 215.12512611807901 133.738990388133  -128.58576632046001 215.62512611807901 133.738990388133  
-128.67991592399099 215.12512611807901 133.85094676590401  -128.67991592399099 215.62512611807901 133.85094676590401  
-129.009926516506 215.12512611807901 134.17199455767499  -129.009926516506 215.62512611807901 134.17199455767499  
-128.87235308266699 215.12512611807901 134.28799567610901  -128.87235308266699 215.62512611807901 134.28799567610901  

13 4
14 4

0 2
1 2

9 0 0 0 0 3 1 4 2 2 2 -125.133998608016 215.12512611807901 130.40565705498301  -125.133998608016 215.62512611807901 130.40565705498301  
-125.919149611501 215.12512611807901 131.16397118588301  -125.919149611501 215.62512611807901 131.16397118588301  
-128.494753283958 215.12512611807901 133.651202740727  -128.494753283958 215.62512611807901 133.651202740727  
-128.58576632046001 215.12512611807901 133.738990388133  -128.58576632046001 215.62512611807901 133.738990388133  

12 4
13 4

0 2
1 2

9 0 0 0 0 3 1 4 2 2 2 -125.388768267993 215.12512611807901 130.166701695174  -125.388768267993 215.62512611807901 130.166701695174  
-125.153441423518 215.12512611807901 130.14971820764401  -125.153441423518 215.62512611807901 130.14971820764401  
-125.129325733136 215.12512611807901 130.40114451216601  -125.129325733136 215.62512611807901 130.40114451216601  
-125.133998608016 215.12512611807901 130.40565705498301  -125.133998608016 215.62512611807901 130.40565705498301  

11 4
12 4

0 2
1 2

9 0 0 0 0 3 1 4 2 2 2 -128.73879475009699 215.12512611807901 133.40178466424899  -128.73879475009699 215.62512611807901 133.40178466424899  
-127.808784625333 215.12512611807901 132.503581706002  -127.808784625333 215.62512611807901 132.503581706002  
-125.875913652271 215.12512611807901 130.63702990416499  -125.875913652271 215.62512611807901 130.63702990416499  
-125.388768267993 215.12512611807901 130.166701695174  -125.388768267993 215.62512611807901 130.166701695174  

10 4
11 4

0 2
1 2

9 0 0 0 0 3 1 4 2 2 2 -129.445039433251 215.12512611807901 133.695174132658  -129.445039433251 215.62512611807901 133.695174132658  
-129.19647332763 215.12512611807901 134.04427980467401  -129.19647332763 215.62512611807901 134.04427980467401  
-128.98532821766801 215.12512611807901 133.63011033753699  -128.98532821766801 215.62512611807901 133.63011033753699  
-128.73879475009699 215.12512611807901 133.40178466424899  -128.73879475009699 215.62512611807901 133.40178466424899  

9 4
10 4

0 2
1 2

9 0 0 0 0 3 1 4 2 2 2 -130.39169410012201 215.12512611807901 132.17324450179299  -130.39169410012201 215.62512611807901 132.17324450179299  
-130.084013716209 215.12512611807901 132.88026069154901  -130.084013716209 215.62512611807901 132.88026069154901  
-129.92743165429701 215.12512611807901 133.043787626929  -129.92743165429701 215.62512611807901 133.043787626929  
-129.445039433251 215.12512611807901 133.695174132658  -129.445039433251 215.62512611807901 133.695174132658  

8 4
9 4

0 2
1 2

9 0 0 0 0 3 1 4 2 2 2 -130.15710596006301 215.12512611807901 131.570499330742  -130.15710596006301 215.62512611807901 131.570499330742  
-130.17869682702801 215.12512611807901 131.66492814716801  -130.17869682702801 215.62512611807901 131.66492814716801  
-130.52124318928401 215.12512611807901 131.74707232545299  -130.52124318928401 215.62512611807901 131.74707232545299  
-130.39169410012201 215.12512611807901 132.17324450179299  -130.39169410012201 215.62512611807901 132.17324450179299  

7 4
8 4

0 2
1 2

9 0 0 0 0 3 1 4 2 2 2 -127.01926683428 215.12512611807901 128.54011806921099  -127.01926683428 215.62512611807901 128.54011806921099  
-127.48251501369199 215.12512611807901 128.98726639541201  -127.48251501369199 215.62512611807901 128.98726639541201  
-130.02828147380501 215.12512611807901 131.44599235013601  -130.02828147380501 215.62512611807901 131.44599235013601  
-130.15710596006301 215.12512611807901 131.570499330742  -130.15710596006301 215.62512611807901 131.570499330742  

6 4
7 4

0 2
1 2

9 0 0 0 0 3 1 4 2 2 2 -127.233392306288 215.12512611807901 128.28530639649199  -127.233392306288 215.62512611807901 128.28530639649199  
-127.15502355281799 215.12512611807901 128.25391245006401  -127.15502355281799 215.62512611807901 128.25391245006401  
-126.958624356071 215.12512611807901 128.48145913494901  -126.958624356071 215.62512611807901 128.48145913494901  
-127.01926683428 215.12512611807901 128.54011806921099  -127.01926683428 215.62512611807901 128.54011806921099  

5.0530745328242297 4
6 4

0 2
1 2

9 0 0 0 0 3 1 4 2 2 2 -130.36813897771799 215.12512611807901 131.30829273714099  -130.36813897771799 215.62512611807901 131.30829273714099  
-130.17796040581899 215.12512611807901 131.12493535151401  -130.17796040581899 215.62512611807901 131.12493535151401  
-127.254333953426 215.12512611807901 128.33434586238701  -127.254333953426 215.62512611807901 128.33434586238701  
-127.233392306288 215.12512611807901 128.28530639649199  -127.233392306288 215.62512611807901 128.28530639649199  

4 4
4.9612342762520303 4

0 2
1 2

9 0 0 0 0 3 1 4 2 2 2 -130.70874089375999 215.12512611807901 131.20127712923599  -130.70874089375999 215.62512611807901 131.20127712923599  
-130.67464073307201 215.12512611807901 131.60448328235401  -130.67464073307201 215.62512611807901 131.60448328235401  
-130.32937577651299 215.12512611807901 131.34864573991999  -130.32937577651299 215.62512611807901 131.34864573991999  
-130.36813897771799 215.12512611807901 131.30829273714099  -130.36813897771799 215.62512611807901 131.30829273714099  

3 4
4 4

0 2
1 2

9 0 0 0 0 3 1 4 2 2 2 -130.72790283633401 215.12512611807901 129.34408767046199  -130.72790283633401 215.62512611807901 129.34408767046199  
-130.96995204566301 215.12512611807901 130.24866080751301  -130.96995204566301 215.62512611807901 130.24866080751301  
-130.81514799540099 215.12512611807901 130.681538503773  -130.81514799540099 215.62512611807901 130.681538503773  
-130.70874089375999 215.12512611807901 131.20127712923599  -130.70874089375999 215.62512611807901 131.20127712923599  

2 4
3 4

0 2
1 2

9 0 0 0 0 3 1 4 2 2 2 -130.10675257794199 215.12512611807901 128.08758250787699  -130.10675257794199 215.62512611807901 128.08758250787699  
-130.32961758747999 215.12512611807901 128.33574186373599  -130.32961758747999 215.62512611807901 128.33574186373599  
-130.721357208131 215.12512611807901 129.064796619943  -130.721357208131 215.62512611807901 129.064796619943  
-130.72790283633401 215.12512611807901 129.34408767046199  -130.72790283633401 215.62512611807901 129.34408767046199  

1 4
2 4

0 2
1 2

9 0 0 0 0 3 1 4 2 2 2 -128.15877886269399 215.12512611807901 126.187256160441  -128.15877886269399 215.62512611807901 126.187256160441  
-128.735346079902 215.12512611807901 126.743938029715  -128.735346079902 215.62512611807901 126.743938029715  
-129.21901437441201 215.12512611807901 127.23040631006501  -129.21901437441201 215.62512611807901 127.23040631006501  
-130.10675257794199 215.12512611807901 128.08758250787699  -130.10675257794199 215.62512611807901 128.08758250787699  

0 4
1 4

0 2
1 2

1 -107.902487527736 215.12512611807901 129.34750937197001 -1 0 0 0 0 1 0 1 -0 
1 -107.902487527736 215.12512611807901 135.77494839636 0 0 -1 0 -1 0 -1 -0 -0 
1 -108.676877771638 215.12512611807901 135.77494839636 1 0 0 -0 1 0 0 -0 1 
9 0 0 0 0 3 1 11 2 9 2 -108.676877771638 215.12512611807901 130.38083635367701  -108.676877771638 215.62512611807901 130.38083635367701  
-108.71287368595701 215.12512611807901 130.413983634554  -108.71287368595701 215.62512611807901 130.413983634554  
-108.79214263749699 215.12512611807901 130.48697942452699  -108.79214263749699 215.62512611807901 130.48697942452699  
-108.9389752429 215.12512611807901 130.58564727744101  -108.9389752429 215.62512611807901 130.58564727744101  
-109.11420666285601 215.12512611807901 130.69576871018799  -109.11420666285601 215.62512611807901 130.69576871018799  
-109.317303424747 215.12512611807901 130.80394405957799  -109.317303424747 215.62512611807901 130.80394405957799  
-109.530535142592 215.12512611807901 130.91018316737899  -109.530535142592 215.62512611807901 130.91018316737899  
-109.743883676142 215.12512611807901 130.99843118884999  -109.743883676142 215.62512611807901 130.99843118884999  
-109.947185636764 215.12512611807901 131.07500698014999  -109.947185636764 215.62512611807901 131.07500698014999  
-110.08255041252001 215.12512611807901 131.11109818904501  -110.08255041252001 215.62512611807901 131.11109818904501  
-110.14821923505301 215.12512611807901 131.12860693294499  -110.14821923505301 215.62512611807901 131.12860693294499  

0 4
0.088118195626002704 1
0.19405082801659099 1
0.318164819684219 1
0.46135316501415402 1
0.60869222891654795 1
0.74754305154723899 1
0.87752684956361904 1
1 4

0 2
1 2

1 -110.14821923505301 215.12512611807901 131.12860693294499 1 0 0 -0 1 0 0 -0 1 
9 0 0 0 0 3 1 11 2 9 2 -110.14821923505301 215.12512611807901 130.354216689043  -110.14821923505301 215.62512611807901 130.354216689043  
-110.062686777433 215.12512611807901 130.329272886176  -110.062686777433 215.62512611807901 130.329272886176  
-109.88714865309601 215.12512611807901 130.27808075992499  -109.88714865309601 215.62512611807901 130.27808075992499  
-109.62491601084299 215.12512611807901 130.174373691585  -109.62491601084299 215.62512611807901 130.174373691585  
-109.351903101255 215.12512611807901 130.05739719420501  -109.351903101255 215.62512611807901 130.05739719420501  
-109.079475791313 215.12512611807901 129.91853747161201  -109.079475791313 215.62512611807901 129.91853747161201  
-108.818019482163 215.12512611807901 129.77457604159699  -108.818019482163 215.62512611807901 129.77457604159699  
-108.58228564512901 215.12512611807901 129.63058687596799  -108.58228564512901 215.62512611807901 129.63058687596799  
-108.378822669114 215.12512611807901 129.491602960427  -108.378822669114 215.62512611807901 129.491602960427  
-108.259626273775 215.12512611807901 129.393485047692  -108.259626273775 215.62512611807901 129.393485047692  
-108.203773732004 215.12512611807901 129.34750937197001  -108.203773732004 215.62512611807901 129.34750937197001  

0 4
0.121241716272437 1
0.248824178072417 1
0.383591751809784 1
0.52553870323291396 1
0.66490871822889697 1
0.78988709705480298 1
0.90154618640291195 1
1 4

0 2
1 2

1 -108.203773732004 215.12512611807901 129.34750937197001 0 0 1 1 0 -0 -0 1 0 
9 0 0 0 0 3 1 11 2 9 2 -103.009309174077 215.12512611807901 129.34750937197001  -103.009309174077 215.62512611807901 129.34750937197001  
-102.954025125793 215.12512611807901 129.348036425706  -102.954025125793 215.62512611807901 129.348036425706  
-102.846541634555 215.12512611807901 129.34906112591099  -102.846541634555 215.62512611807901 129.34906112591099  
-102.68988286475 215.12512611807901 129.361880040183  -102.68988286475 215.62512611807901 129.361880040183  
-102.541847879244 215.12512611807901 129.380461772377  -102.541847879244 215.62512611807901 129.380461772377  
-102.403265646037 215.12512611807901 129.40833316597801  -102.403265646037 215.62512611807901 129.40833316597801  
-102.27356823184201 215.12512611807901 129.44307744383701  -102.27356823184201 215.62512611807901 129.44307744383701  
-102.153754674702 215.12512611807901 129.48721400298899  -102.153754674702 215.62512611807901 129.48721400298899  
-102.04143915704999 215.12512611807901 129.536799396303  -102.04143915704999 215.62512611807901 129.536799396303  
-101.973155571918 215.12512611807901 129.578663988714  -101.973155571918 215.62512611807901 129.578663988714  
-101.939682649687 215.12512611807901 129.59918620123801  -101.939682649687 215.62512611807901 129.59918620123801  

0 4
0.148890415585956 1
0.289473404635678 1
0.42316527906057599 1
0.550590849007909 1
0.669995600179075 1
0.78445326148204897 1
0.89433801401140001 1
1 4

0 2
1 2

1 -101.939682649687 215.12512611807901 129.59918620123801 -1 0 0 0 0 1 0 1 -0 
9 0 0 0 0 3 1 7 2 5 2 -101.939682649687 215.12512611807901 130.29613742075  -101.939682649687 215.62512611807901 130.29613742075  
-102.023542687828 215.12512611807901 130.25727290213501  -102.023542687828 215.62512611807901 130.25727290213501  
-102.19005332052799 215.12512611807901 130.18010437553099  -102.19005332052799 215.62512611807901 130.18010437553099  
-102.453231525752 215.12512611807901 130.10313228962201  -102.453231525752 215.62512611807901 130.10313228962201  
-102.72144782014399 215.12512611807901 130.05327860742599  -102.72144782014399 215.62512611807901 130.05327860742599  
-102.902607134428 215.12512611807901 130.04740841079001  -102.902607134428 215.62512611807901 130.04740841079001  
-102.99357937224801 215.12512611807901 130.04446059148199  -102.99357937224801 215.62512611807901 130.04446059148199  

0 4
0.25338596289821103 1
0.50311755080212806 1
0.75048200797217901 1
1 4

0 2
1 2

9 0 0 0 0 3 1 19 2 17 2 -102.99357937224801 215.12512611807901 130.04446059148199  -102.99357937224801 215.62512611807901 130.04446059148199  
-103.06187712389 215.12512611807901 130.046455960994  -103.06187712389 215.62512611807901 130.046455960994  
-103.195656873049 215.12512611807901 130.05036443567101  -103.195656873049 215.62512611807901 130.05036443567101  
-103.390724952754 215.12512611807901 130.08388789124501  -103.390724952754 215.62512611807901 130.08388789124501  
-103.575209737675 215.12512611807901 130.13855576700399  -103.575209737675 215.62512611807901 130.13855576700399  
-103.75002437177 215.12512611807901 130.21517811254901  -103.75002437177 215.62512611807901 130.21517811254901  
-103.913630832245 215.12512611807901 130.315403726992  -103.913630832245 215.62512611807901 130.315403726992  
-104.067942639447 215.12512611807901 130.43641073113099  -104.067942639447 215.62512611807901 130.43641073113099  
-104.21045918818299 215.12512611807901 130.58011702916099  -104.21045918818299 215.62512611807901 130.58011702916099  
-104.342289458585 215.12512611807901 130.74411693521401  -104.342289458585 215.62512611807901 130.74411693521401  
-104.46194972174099 215.12512611807901 130.925989032525  -104.46194972174099 215.62512611807901 130.925989032525  
-104.564775673063 215.12512611807901 131.12644313936201  -104.564775673063 215.62512611807901 131.12644313936201  
-104.652880570943 215.12512611807901 131.34183480398099  -104.652880570943 215.62512611807901 131.34183480398099  
-104.725715803352 215.12512611807901 131.573319300609  -104.725715803352 215.62512611807901 131.573319300609  
-104.78210370917699 215.12512611807901 131.82061009275799  -104.78210370917699 215.62512611807901 131.82061009275799  
-104.82284533295601 215.12512611807901 132.08422737879999  -104.82284533295601 215.62512611807901 132.08422737879999  
-104.848498582815 215.12512611807901 132.36350235500899  -104.848498582815 215.62512611807901 132.36350235500899  
-104.852492155156 215.12512611807901 132.55512294578301  -104.852492155156 215.62512611807901 132.55512294578301  
-104.85453592712599 215.12512611807901 132.65318772562799  -104.85453592712599 215.62512611807901 132.65318772562799  

0 4
0.057081026915705498 1
0.111808738632486 1
0.164951422400367 1
0.21765561349811299 1
0.27092978187469402 1
0.32497561899223099 1
0.38125989869974403 1
0.439781558631411 1
0.50068084857866901 1
0.56298270431763298 1
0.62787113203532396 1
0.69507362140804096 1
0.76568115964098205 1
0.83976376764599203 1
0.917996647512344 1
1 4

0 2
1 2

1 -104.85453592712599 215.12512611807901 132.65318772562799 0 0 1 1 0 -0 -0 1 0 
9 0 0 0 0 3 1 11 2 9 2 -104.833966186273 215.12512611807901 132.65318772562799  -104.833966186273 215.62512611807901 132.65318772562799  
-104.79514382740901 215.12512611807901 132.58140086072001  -104.79514382740901 215.62512611807901 132.58140086072001  
-104.71958337652001 215.12512611807901 132.44168117239499  -104.71958337652001 215.62512611807901 132.44168117239499  
-104.57713195901199 215.12512611807901 132.25718277455201  -104.57713195901199 215.62512611807901 132.25718277455201  
-104.42072096968 215.12512611807901 132.09833121717  -104.42072096968 215.62512611807901 132.09833121717  
-104.24518113320801 215.12512611807901 131.96996568626199  -104.24518113320801 215.62512611807901 131.96996568626199  
-104.053007913874 215.12512611807901 131.86892332011001  -104.053007913874 215.62512611807901 131.86892332011001  
-103.842767925144 215.12512611807901 131.79969567509701  -103.842767925144 215.62512611807901 131.79969567509701  
-103.616505100647 215.12512611807901 131.755992857118  -103.616505100647 215.62512611807901 131.755992857118  
-103.46003546631999 215.12512611807901 131.750793243581  -103.46003546631999 215.62512611807901 131.750793243581  
-103.379564509443 215.12512611807901 131.748119128067  -103.379564509443 215.62512611807901 131.748119128067  

0 4
0.13475802771099599 1
0.262281263500595 1
0.38395334523610802 1
0.50227444583912195 1
0.62040554781149504 1
0.74146557278188097 1
0.86703801773856803 1
1 4

0 2
1 2

9 0 0 0 0 3 1 19 2 17 2 -103.379564509443 215.12512611807901 131.748119128067  -103.379564509443 215.62512611807901 131.748119128067  
-103.311726501656 215.12512611807901 131.74967546437301  -103.311726501656 215.62512611807901 131.74967546437301  
-103.179183245915 215.12512611807901 131.75271626536099  -103.179183245915 215.62512611807901 131.75271626536099  
-102.98582384743101 215.12512611807901 131.77849506447299  -102.98582384743101 215.62512611807901 131.77849506447299  
-102.803300970807 215.12512611807901 131.821257483875  -102.803300970807 215.62512611807901 131.821257483875  
-102.63017195835199 215.12512611807901 131.87846138443501  -102.63017195835199 215.62512611807901 131.87846138443501  
-102.468873506612 215.12512611807901 131.95575594970799  -102.468873506612 215.62512611807901 131.95575594970799  
-102.316870523894 215.12512611807901 132.048068892602  -102.316870523894 215.62512611807901 132.048068892602  
-102.17675348373101 215.12512611807901 132.15896353223201  -102.17675348373101 215.62512611807901 132.15896353223201  
-102.046861747977 215.12512611807901 132.28461548767299  -102.046861747977 215.62512611807901 132.28461548767299  
-101.931424187141 215.12512611807901 132.42527676096401  -101.931424187141 215.62512611807901 132.42527676096401  
-101.828707658261 215.12512611807901 132.57648639350199  -101.828707658261 215.62512611807901 132.57648639350199  
-101.74428600402101 215.12512611807901 132.74033250940099  -101.74428600402101 215.62512611807901 132.74033250940099  
-101.673318627979 215.12512611807901 132.914201070551  -101.673318627979 215.62512611807901 132.914201070551  
-101.619322434409 215.12512611807901 133.099626083185  -101.619322434409 215.62512611807901 133.099626083185  
-101.581079287601 215.12512611807901 133.29606086729299  -101.581079287601 215.62512611807901 133.29606086729299  
-101.55574518915699 215.12512611807901 133.50314583358301  -101.55574518915699 215.62512611807901 133.50314583358301  
-101.553589598893 215.12512611807901 133.64529755361301  -101.553589598893 215.62512611807901 133.64529755361301  
-101.55248752773601 215.12512611807901 133.71797431099401  -101.55248752773601 215.62512611807901 133.71797431099401  

0 4
0.067143664935084404 1
0.13118663479488199 1
0.192693303671648 1
0.25254842340199701 1
0.311314712997879 1
0.36939046140851101 1
0.42826383178372401 1
0.48784794031240702 1
0.54797417569871198 1
0.60811234391903901 1
0.66848207064652498 1
0.73010270321349102 1
0.79378613075241899 1
0.85933394136583396 1
0.92808280467543403 1
1 4

0 2
1 2

9 0 0 0 0 3 1 19 2 17 2 -101.55248752773601 215.12512611807901 133.71797431099401  -101.55248752773601 215.62512611807901 133.71797431099401  
-101.55395171136399 215.12512611807901 133.79428429235799  -101.55395171136399 215.62512611807901 133.79428429235799  
-101.556819769851 215.12512611807901 133.94376109661701  -101.556819769851 215.62512611807901 133.94376109661701  
-101.58407506227501 215.12512611807901 134.162457873596  -101.58407506227501 215.62512611807901 134.162457873596  
-101.62861807264299 215.12512611807901 134.370732705736  -101.62861807264299 215.62512611807901 134.370732705736  
-101.69174998125099 215.12512611807901 134.568379004657  -101.69174998125099 215.62512611807901 134.568379004657  
-101.771913198045 215.12512611807901 134.756221745142  -101.771913198045 215.62512611807901 134.756221745142  
-101.87012363894701 215.12512611807901 134.93363877052499  -101.87012363894701 215.62512611807901 134.93363877052499  
-101.987108727362 215.12512611807901 135.09981516933499  -101.987108727362 215.62512611807901 135.09981516933499  
-102.119731211687 215.12512611807901 135.25452901694601  -102.119731211687 215.62512611807901 135.25452901694601  
-102.26677712331001 215.12512611807901 135.39402535120999  -102.26677712331001 215.62512611807901 135.39402535120999  
-102.424312695666 215.12512611807901 135.51731327352601  -102.424312695666 215.62512611807901 135.51731327352601  
-102.592662357961 215.12512611807901 135.62046987878699  -102.592662357961 215.62512611807901 135.62046987878699  
-102.770270312845 215.12512611807901 135.70634140268399  -102.770270312845 215.62512611807901 135.70634140268399  
-102.95860860503799 215.12512611807901 135.77094896830701  -102.95860860503799 215.62512611807901 135.77094896830701  
-103.156159645286 215.12512611807901 135.81882125426199  -103.156159645286 215.62512611807901 135.81882125426199  
-103.363844445308 215.12512611807901 135.84671536664999  -103.363844445308 215.62512611807901 135.84671536664999  
-103.505723479777 215.12512611807901 135.850473093175  -103.505723479777 215.62512611807901 135.850473093175  
-103.578002009443 215.12512611807901 135.85238742075001  -103.578002009443 215.62512611807901 135.85238742075001  

0 4
0.069366318573446994 1
0.135875483630055 1
0.20004382900463899 1
0.26279513840028901 1
0.32424569962871502 1
0.385482458108236 1
0.44683772246687598 1
0.50873758215769105 1
0.57048077716051504 1
0.63085920968157905 1
0.69030360946719505 1
0.74968801184288403 1
0.80988794818232002 1
0.87100156895690095 1
0.93428333537789998 1
1 4

0 2
1 2

9 0 0 0 0 3 1 19 2 17 2 -103.578002009443 215.12512611807901 135.85238742075001  -103.578002009443 215.62512611807901 135.85238742075001  
-103.656789729575 215.12512611807901 135.85008535429699  -103.656789729575 215.62512611807901 135.85008535429699  
-103.81113828002 215.12512611807901 135.84557550657601  -103.81113828002 215.62512611807901 135.84557550657601  
-104.035969323321 215.12512611807901 135.809599517142  -104.035969323321 215.62512611807901 135.809599517142  
-104.248374870799 215.12512611807901 135.752151756676  -104.248374870799 215.62512611807901 135.752151756676  
-104.446968399041 215.12512611807901 135.66901137640099  -104.446968399041 215.62512611807901 135.66901137640099  
-104.63236559940199 215.12512611807901 135.563041484493  -104.63236559940199 215.62512611807901 135.563041484493  
-104.80463440295701 215.12512611807901 135.43327930102399  -104.80463440295701 215.62512611807901 135.43327930102399  
-104.96341746449301 215.12512611807901 135.27976438110301  -104.96341746449301 215.62512611807901 135.27976438110301  
-105.108954661468 215.12512611807901 135.10379888796501  -105.108954661468 215.62512611807901 135.10379888796501  
-105.238002297094 215.12512611807901 134.90580198957801  -105.238002297094 215.62512611807901 134.90580198957801  
-105.351426798124 215.12512611807901 134.688045204351  -105.351426798124 215.62512611807901 134.688045204351  
-105.444665359821 215.12512611807901 134.449364224633  -105.444665359821 215.62512611807901 134.449364224633  
-105.523593423563 215.12512611807901 134.19272878456999  -105.523593423563 215.62512611807901 134.19272878456999  
-105.584047306074 215.12512611807901 133.91629893509301  -105.584047306074 215.62512611807901 133.91629893509301  
-105.624865782651 215.12512611807901 133.62012410037801  -105.624865782651 215.62512611807901 133.62012410037801  
-105.652665832849 215.12512611807901 133.30468655977199  -105.652665832849 215.62512611807901 133.30468655977199  
-105.655368772988 215.12512611807901 133.08763590505501  -105.655368772988 215.62512611807901 133.08763590505501  
-105.65675582041899 215.12512611807901 132.97625365550601  -105.65675582041899 215.62512611807901 132.97625365550601  

0 4
0.059034614290709497 1
0.115651361997947 1
0.17022430109139999 1
0.22362296326046699 1
0.27657466614160697 1
0.32990823721178802 1
0.38486259102901899 1
0.44176841725912502 1
0.50072013132679005 1
0.561708307875187 1
0.62548791054669195 1
0.69252999236789903 1
0.76280732485043201 1
0.83733443137659302 1
0.91652613542660299 1
1 4

0 2
1 2

9 0 0 0 0 3 1 19 2 17 2 -105.65675582041899 215.12512611807901 132.97625365550601  -105.65675582041899 215.62512611807901 132.97625365550601  
-105.655004466942 215.12512611807901 132.84105130744601  -105.655004466942 215.62512611807901 132.84105130744601  
-105.65158433805701 215.12512611807901 132.577021537348  -105.65158433805701 215.62512611807901 132.577021537348  
-105.61511184306001 215.12512611807901 132.19194599107701  -105.61511184306001 215.62512611807901 132.19194599107701  
-105.55946277991301 215.12512611807901 131.82745521681301  -105.55946277991301 215.62512611807901 131.82745521681301  
-105.479661782584 215.12512611807901 131.48486117878599  -105.479661782584 215.62512611807901 131.48486117878599  
-105.378566417171 215.12512611807901 131.16291732936  -105.378566417171 215.62512611807901 131.16291732936  
-105.252308470451 215.12512611807901 130.86348726598001  -105.252308470451 215.62512611807901 130.86348726598001  
-105.104307875193 215.12512611807901 130.58445808567001  -105.104307875193 215.62512611807901 130.58445808567001  
-104.93462708684299 215.12512611807901 130.32821336322499  -104.93462708684299 215.62512611807901 130.32821336322499  
-104.744865528369 215.12512611807901 130.099036304565  -104.744865528369 215.62512611807901 130.099036304565  
-104.541311482857 215.12512611807901 129.89663703937799  -104.541311482857 215.62512611807901 129.89663703937799  
-104.32067369132 215.12512611807901 129.727815603576  -104.32067369132 215.62512611807901 129.727815603576  
-104.086647677442 215.12512611807901 129.58827741113799  -104.086647677442 215.62512611807901 129.58827741113799  
-103.8380170961 215.12512611807901 129.47945291644101  -103.8380170961 215.62512611807901 129.47945291644101  
-103.574339321057 215.12512611807901 129.403697552366  -103.574339321057 215.62512611807901 129.403697552366  
-103.296570064828 215.12512611807901 129.35630102868799  -103.296570064828 215.62512611807901 129.35630102868799  
-103.106301254766 215.12512611807901 129.350477827145  -103.106301254766 215.62512611807901 129.350477827145  
-103.009309174077 215.12512611807901 129.34750937197001  -103.009309174077 215.62512611807901 129.34750937197001  

0 4
0.080551337543248905 1
0.157304598904489 1
0.23029368614656801 1
0.300142373120728 1
0.36673346364450499 1
0.43115173906868998 1
0.49351940018198398 1
0.55471814844012701 1
0.61396166689639897 1
0.67056188903901903 1
0.72541674805303602 1
0.77908870291949195 1
0.83258652813238299 1
0.88666865899542502 1
0.94222782721120601 1
1 4

0 2
1 2

1 -172.63304275575899 225.15512611807901 211.404684572446 0 0 1 1 0 -0 -0 1 0 
2 -172.63304275575899 225.15512611807901 217.754684572446 0 1 0 0 0 -1 -1 0 0 6.3499999999999899
1 -172.63304275575899 225.15512611807901 224.10468457244599 0 0 -1 0 -1 0 -1 -0 -0 
2 -178.98304275575899 225.15512611807901 217.754684572446 0 1 0 0 0 -1 -1 0 0 6.3499999999999899
2 -49.705247564359198 172.67543684586801 103.704684572446 0 0 1 -1 0 0 0 -1 0 38.655191390494601
1 -7.92804275575907 196.62512611807901 103.704684572446 0.68976760385781022 -0.72403083682137126 0 0 0 -1 0.72403083682137126 0.68976760385781022 0 
1 -109.37304460205701 215.12512611807901 130.83115139347001 -1.82664021335814e-13 1 -2.5069573483188703e-13 0 -2.5069573483188703e-13 -1 -1 -1.82664021335814e-13 4.5793091056129382e-26 
1 -102.45181664103001 215.12512611807901 130.108172977641 -1.7866903832060001e-14 -1 3.8552368334752299e-14 -1 1.7866903832060001e-14 0 -6.8881145753517446e-28 -3.8552368334752299e-14 -1 
9 0 0 0 0 3 1 19 2 17 2 -103.59252182651601 215.12512611807901 132.44507034757899  -103.59252182651601 215.62512611807901 132.44507034757899  
-103.63654128285999 215.12512611807901 132.44627408391801  -103.63654128285999 215.62512611807901 132.44627408391801  
-103.722895278389 215.12512611807901 132.44863548160399  -103.722895278389 215.62512611807901 132.44863548160399  
-103.84889700974 215.12512611807901 132.465905942685  -103.84889700974 215.62512611807901 132.465905942685  
-103.969046958398 215.12512611807901 132.493594367231  -103.969046958398 215.62512611807901 132.493594367231  
-104.082571988948 215.12512611807901 132.533565132376  -104.082571988948 215.62512611807901 132.533565132376  
-104.189794149842 215.12512611807901 132.58447897197399  -104.189794149842 215.62512611807901 132.58447897197399  
-104.290250340326 215.12512611807901 132.64723012115201  -104.290250340326 215.62512611807901 132.64723012115201  
-104.384588151044 215.12512611807901 132.72080554865701  -104.384588151044 215.62512611807901 132.72080554865701  
-104.470882996223 215.12512611807901 132.80558431091299  -104.470882996223 215.62512611807901 132.80558431091299  
-104.54942814207401 215.12512611807901 132.896813978382  -104.54942814207401 215.62512611807901 132.896813978382  
-104.61747332785799 215.12512611807901 132.99437116353499  -104.61747332785799 215.62512611807901 132.99437116353499  
-104.675317519 215.12512611807901 133.095628855814  -104.675317519 215.62512611807901 133.095628855814  
-104.723805735966 215.12512611807901 133.200996645717  -104.723805735966 215.62512611807901 133.200996645717  
-104.759083440157 215.12512611807901 133.31095362140201  -104.759083440157 215.62512611807901 133.31095362140201  
-104.786481085727 215.12512611807901 133.42445990162801  -104.786481085727 215.62512611807901 133.42445990162801  
-104.802485753285 215.12512611807901 133.54246906163701  -104.802485753285 215.62512611807901 133.54246906163701  
-104.804104242534 215.12512611807901 133.62274103100199  -104.804104242534 215.62512611807901 133.62274103100199  
-104.80492655212601 215.12512611807901 133.66352499697001  -104.80492655212601 215.62512611807901 133.66352499697001  

0 4
0.068754439963234798 1
0.134877190550727 1
0.19830603962169399 1
0.26108051147412598 1
0.32252209445242003 1
0.38336952308984201 1
0.44576334784388999 1
0.50903865008466398 1
0.57205300916783797 1
0.63358499494454201 1
0.6945465075178 1
0.75404790872384098 1
0.814423695535197 1
0.87464144751520001 1
0.93630878899952696 1
1 4

0 2
1 2

9 0 0 0 0 3 1 19 2 17 2 -102.40431679602899 215.12512611807901 133.80388322867699  -102.40431679602899 215.62512611807901 133.80388322867699  
-102.405200802434 215.12512611807901 133.75181899365799  -102.405200802434 215.62512611807901 133.75181899365799  
-102.40692447685799 215.12512611807901 133.650301866885  -102.40692447685799 215.62512611807901 133.650301866885  
-102.421584932551 215.12512611807901 133.50267520239399  -102.421584932551 215.62512611807901 133.50267520239399  
-102.44557118357901 215.12512611807901 133.363868092236  -102.44557118357901 215.62512611807901 133.363868092236  
-102.479406315723 215.12512611807901 133.23387831850101  -102.479406315723 215.62512611807901 133.23387831850101  
-102.52263983943899 215.12512611807901 133.112547684144  -102.52263983943899 215.62512611807901 133.112547684144  
-102.576264150117 215.12512611807901 133.00027631509801  -102.576264150117 215.62512611807901 133.00027631509801  
-102.639473380659 215.12512611807901 132.89686081813301  -102.639473380659 215.62512611807901 132.89686081813301  
-102.711670776792 215.12512611807901 132.80231357385  -102.711670776792 215.62512611807901 132.80231357385  
-102.793775925321 215.12512611807901 132.71847727642299  -102.793775925321 215.62512611807901 132.71847727642299  
-102.882654359044 215.12512611807901 132.64355853932  -102.882654359044 215.62512611807901 132.64355853932  
-102.982462718387 215.12512611807901 132.58379969557501  -102.982462718387 215.62512611807901 132.58379969557501  
-103.087878317274 215.12512611807901 132.53155692856299  -103.087878317274 215.62512611807901 132.53155692856299  
-103.203047840655 215.12512611807901 132.49393192566399  -103.203047840655 215.62512611807901 132.49393192566399  
-103.325360242874 215.12512611807901 132.46371579821599  -103.325360242874 215.62512611807901 132.46371579821599  
-103.456658383331 215.12512611807901 132.449162620371  -103.456658383331 215.62512611807901 132.449162620371  
-103.54651773602301 215.12512611807901 132.44645601309301  -103.54651773602301 215.62512611807901 132.44645601309301  
-103.59252182651601 215.12512611807901 132.44507034757899  -103.59252182651601 215.62512611807901 132.44507034757899  

0 4
0.076179485572493794 1
0.14853809897421699 1
0.21685485125364301 1
0.28213875722742299 1
0.34487261350066201 1
0.40506704434021301 1
0.46388262623540999 1
0.521968032748375 1
0.57873693667616799 1
0.63534297173188503 1
0.69152891908924796 1
0.74855194714820905 1
0.80716280800705498 1
0.86843855074935405 1
0.93264624509864302 1
1 4

0 2
1 2

9 0 0 0 0 3 1 19 2 17 2 -103.584051933224 215.12512611807901 135.15543620123799  -103.584051933224 215.62512611807901 135.15543620123799  
-103.54122169814799 215.12512611807901 135.15438002366199  -103.54122169814799 215.62512611807901 135.15438002366199  
-103.457578921861 215.12512611807901 135.152317424085  -103.457578921861 215.62512611807901 135.152317424085  
-103.33530619381099 215.12512611807901 135.13303374530699  -103.33530619381099 215.62512611807901 135.13303374530699  
-103.21867059546901 215.12512611807901 135.10465573665201  -103.21867059546901 215.62512611807901 135.10465573665201  
-103.10810887581199 215.12512611807901 135.06343447984199  -103.10810887581199 215.62512611807901 135.06343447984199  
-103.00415450219 215.12512611807901 135.00969511864599  -103.00415450219 215.62512611807901 135.00969511864599  
-102.907175533048 215.12512611807901 134.94328968697201  -102.907175533048 215.62512611807901 134.94328968697201  
-102.814428461692 215.12512611807901 134.86749497881499  -102.814428461692 215.62512611807901 134.86749497881499  
-102.730366803839 215.12512611807901 134.778394077607  -102.730366803839 215.62512611807901 134.778394077607  
-102.652965663212 215.12512611807901 134.68137066848999  -102.652965663212 215.62512611807901 134.68137066848999  
-102.58645910198101 215.12512611807901 134.57566204415099  -102.58645910198101 215.62512611807901 134.57566204415099  
-102.530358713635 215.12512611807901 134.46330101210901  -102.530358713635 215.62512611807901 134.46330101210901  
-102.48469148207801 215.12512611807901 134.34447515913399  -102.48469148207801 215.62512611807901 134.34447515913399  
-102.44772841311701 215.12512611807901 134.21917912839299  -102.44772841311701 215.62512611807901 134.21917912839299  
-102.423121617715 215.12512611807901 134.08657337664499  -102.423121617715 215.62512611807901 134.08657337664499  
-102.406613006528 215.12512611807901 133.94748263661501  -102.406613006528 215.62512611807901 133.94748263661501  
-102.40509152161199 215.12512611807901 133.85233267840201  -102.40509152161199 215.62512611807901 133.85233267840201  
-102.40431679602899 215.12512611807901 133.80388322867699  -102.40431679602899 215.62512611807901 133.80388322867699  

0 4
0.063786732195364598 1
0.124568528788898 1
0.18404943505327401 1
0.24244217473375701 1
0.29997468399899502 1
0.35799186385250997 1
0.41732984909572601 1
0.47812353338673202 1
0.54017604398146901 1
0.60204486766234899 1
0.66387279791863796 1
0.72705339230156196 1
0.79153868412414397 1
0.85826274604743202 1
0.927828744346892 1
1 4

0 2
1 2

9 0 0 0 0 3 1 19 2 17 2 -104.80492655212601 215.12512611807901 133.66352499697001  -104.80492655212601 215.62512611807901 133.66352499697001  
-104.80411791413 215.12512611807901 133.713982006127  -104.80411791413 215.62512611807901 133.713982006127  
-104.802528841098 215.12512611807901 133.81313622951899  -104.802528841098 215.62512611807901 133.81313622951899  
-104.786375626705 215.12512611807901 133.959222050227  -104.786375626705 215.62512611807901 133.959222050227  
-104.75964375661501 215.12512611807901 134.09947133227999  -104.75964375661501 215.62512611807901 134.09947133227999  
-104.723817846548 215.12512611807901 134.23453471306499  -104.723817846548 215.62512611807901 134.23453471306499  
-104.675863042277 215.12512611807901 134.363293015925  -104.675863042277 215.62512611807901 134.363293015925  
-104.61910245661301 215.12512611807901 134.487438808413  -104.61910245661301 215.62512611807901 134.487438808413  
-104.551262586654 215.12512611807901 134.60622974415301  -104.551262586654 215.62512611807901 134.60622974415301  
-104.473036816126 215.12512611807901 134.71792718989499  -104.473036816126 215.62512611807901 134.71792718989499  
-104.387204316134 215.12512611807901 134.82051076236399  -104.387204316134 215.62512611807901 134.82051076236399  
-104.292609145591 215.12512611807901 134.90961949049699  -104.292609145591 215.62512611807901 134.90961949049699  
-104.192775941798 215.12512611807901 134.98712100029499  -104.192775941798 215.62512611807901 134.98712100029499  
-104.083068122245 215.12512611807901 135.047307950223  -104.083068122245 215.62512611807901 135.047307950223  
-103.968284509483 215.12512611807901 135.09655502443201  -103.968284509483 215.62512611807901 135.09655502443201  
-103.84571087858301 215.12512611807901 135.13008232970401  -103.84571087858301 215.62512611807901 135.13008232970401  
-103.717076076778 215.12512611807901 135.15120464641799  -103.717076076778 215.62512611807901 135.15120464641799  
-103.62890541739 215.12512611807901 135.15400939275  -103.62890541739 215.62512611807901 135.15400939275  
-103.584051933224 215.12512611807901 135.15543620123799  -103.584051933224 215.62512611807901 135.15543620123799  

0 4
0.070275234782889898 1
0.13809947210510001 1
0.20444343875892099 1
0.269053804552777 1
0.33252027183580701 1
0.39562752031957499 1
0.45905168574364402 1
0.52280852805622602 1
0.58540335448314695 1
0.64502454851248703 1
0.70357698421710302 1
0.76093904497355203 1
0.81885984028924597 1
0.87721241009206397 1
0.93753646328579898 1
1 4

0 2
1 2

1 -175.808042755759 215.62512611807901 245.10468457244599 -0 1 0 1 0 0 0 0 -1 
1 -127.743758345071 215.12512611807901 126.02438785446 0 -1 0 0 0 -1 1 0 0 
1 -119.867206056226 215.12512611807901 131.768747659675 0 -1 0 0 0 -1 1 0 0 
1 -113.91883382165101 215.12512611807901 112.504913235431 -0 1 0 1 0 0 0 0 -1 
1 -120.200927352116 215.12512611807901 119.049850646116 0 -1 0 0 0 -1 1 0 0 
1 -110.311437372566 215.12512611807901 109.072690923452 0 -1 0 0 0 -1 1 0 0 
5 -172.63304275575899 223.15512611807901 217.754684572446 0 -1 0 0 0 -1 1 0 0 4.3499999999999899 2
2 -172.63304275575899 223.15512611807901 213.404684572446 1 0 -0 0 0 1 0 -1 0 2
5 -178.98304275575899 223.15512611807901 217.754684572446 0 -1 0 0 0 -1 1 0 0 4.3499999999999899 2
2 -172.63304275575899 223.15512611807901 222.10468457244599 -1 0 0 0 0 -1 -0 -1 -0 2
1 -172.63304275575899 225.15512611807901 217.754684572446 0 -1 0 0 0 -1 1 0 0 
2 -162.158399156006 90.225126118078805 278.524696984169 0 1 0 0 0 -1 -1 0 0 2.00000000000006
2 -162.158399156006 90.225126118078805 278.524696984169 0 1 0 0 0 -1 -1 0 0 2.00000000000006
1 -175.808042755759 80.725126118078805 245.10468457244599 -0 1 0 1 0 0 0 0 -1 
2 -175.808042755759 90.225126118078805 245.10468457244599 0 1 0 0 0 -1 -1 0 0 38.100000000000101
1 -175.808042755759 90.225126118078805 245.10468457244599 -0 1 0 1 0 0 0 0 -1 
2 -175.808042755759 90.225126118078805 245.10468457244599 0 1 0 0 0 -1 -1 0 0 13.6
2 -175.808042755759 90.225126118078805 245.10468457244599 0 1 0 0 0 -1 -1 0 0 13.6
1 -7.9280427557590896 90.225126118078805 37.034684572445897 -0.88294759285892477 0 -0.46947156278589491 -0.46947156278589491 0 0.88294759285892477 0 1 0 
2 -33.5552920713532 101.225126118079 103.704684572446 0 0 1 -1 0 0 0 -1 0 11
1 -115.86804275575901 90.225126118078805 23.704684572445899 0 0 1 1 0 -0 -0 1 0 
1 -115.86804275575901 90.225126118078805 23.704684572445899 0.88294759285892477 0 0.46947156278589491 0 -1 0 0.46947156278589491 0 -0.88294759285892477 
1 -215.33967747883401 90.225126118078805 210.783620547395 0.99916912934125679 0 -0.040755993073842096 0 -1 0 -0.040755993073842096 -0 -0.99916912934125679 
2 -175.808042755759 90.225126118078805 245.10468457244599 0 1 0 0 0 -1 -1 0 0 38.100000000000001
2 -211.14727255622 90.225126118078805 252.47685095080499 0 1 0 0 0 -1 -1 0 0 2
1 -187.591778981685 90.225126118078805 267.26666915320499 0.46947156278589414 0 -0.88294759285892521 0 -1 0 -0.88294759285892521 -0 -0.46947156278589414 
1 -125.643342408694 90.225126118078805 258.424964005893 -0.52991926423320124 0 -0.84804809615642829 -0.84804809615642829 0 0.52991926423320124 0 1 0 
2 -33.394926766031602 100.725126118079 103.704684572446 0 0 1 -1 0 0 0 -1 0 20
2 -49.705247564359198 123.674815390289 103.704684572446 0 0 1 -1 0 0 0 -1 0 48.155191390494601
2 -9.1980986269470399 96.791609343724602 33.033148857289099 -0.42856035878526982 0.40827964328912986 0.80600480876576763 -0.88294759285892477 5.5511151231257827e-17 -0.46947156278589475 -0.19167568218861553 -0.912856907119457 0.36048952825543773 3
2 -49.705247564359198 123.674815390289 103.704684572446 0 0 1 -1 0 0 0 -1 0 38.655191390494601
1 -7.9280427557591198 99.725126118078705 103.704684572446 0.68976760385781022 0.72403083682137126 0 0 0 -1 -0.72403083682137126 0.68976760385781022 0 
3 -175.808042755759 148.64512611807899 245.10468457244599 7.0184270492672404e-18 1 -9.5309846915884207e-19 -0.491591754731458 4.2801835905672587e-18 0.87082578434497804 0.87082578434497804 -5.6432918911604926e-18 0.491591754731458 203.19999999999999
0.085469676659670105
5 -175.808042755759 102.84512611807899 245.10468457244599 -5.1588815805456098e-18 -1 -2.3409765956462201e-18 0.491591754731458 -4.9748086859535747e-19 -0.87082578434497804 0.87082578434497804 -5.6432918911604903e-18 0.491591754731458 194.257610536302 5
3 -175.808042755759 148.64512611807899 245.10468457244599 7.0184270492672404e-18 1 -9.5309846915884207e-19 -0.491591754731458 4.2801835905672587e-18 0.87082578434497804 0.87082578434497804 -5.6432918911604926e-18 0.491591754731458 203.19999999999999
0.085469676659670105
3 -175.808042755759 148.64512611807899 245.10468457244599 2.65554216723585e-17 -1 -5.8520993325689598e-17 -0.491591754731458 -6.4016016251039366e-17 0.87082578434497804 -0.87082578434497804 5.6432918911604749e-18 -0.491591754731458 203.19999999999999
0.085469676659670105
5 -175.808042755759 102.84512611807899 245.10468457244599 -5.1588815805456098e-18 -1 -2.3409765956462201e-18 0.491591754731458 -4.9748086859535747e-19 -0.87082578434497804 0.87082578434497804 -5.6432918911604903e-18 0.491591754731458 194.257610536302 5
1 -255.20011114488901 97.845126118078696 385.74304874415998 -1.06982700459064e-17 1 3.0430984960667898e-17 -0.87082578434497804 5.6432918911605149e-18 -0.491591754731458 -0.491591754731458 -3.1759267691221979e-17 0.87082578434497804 
3 -175.808042755759 124.618089671417 245.10468457244599 -2.65554216723585e-17 1 5.8520993325689598e-17 -0.491591754731458 -6.4016016251039366e-17 0.87082578434497804 0.87082578434497804 -5.6432918911604749e-18 0.491591754731458 62.781515626630799
0.17453292519943001
1 -180.478164425708 94.665126118078703 253.37752952372301 -1.06982700459064e-17 1 3.0430984960667898e-17 -0.87082578434497804 5.6432918911605149e-18 -0.491591754731458 -0.491591754731458 -3.1759267691221979e-17 0.87082578434497804 
3 -175.808042755759 124.618089671417 245.10468457244599 -2.65554216723585e-17 1 5.8520993325689598e-17 -0.491591754731458 -6.4016016251039366e-17 0.87082578434497804 0.87082578434497804 -5.6432918911604749e-18 0.491591754731458 62.781515626630799
0.17453292519943001
5 -175.808042755759 121.14512611807901 245.10468457244599 1.06982700459064e-17 -1 -3.0430984960667898e-17 0.491591754731458 3.1759267691221979e-17 -0.87082578434497804 0.87082578434497804 -5.6432918911605149e-18 0.491591754731458 82.477670686874902 20
5 -175.808042755759 121.14512611807901 245.10468457244599 1.06982700459064e-17 -1 -3.0430984960667898e-17 0.491591754731458 3.1759267691221979e-17 -0.87082578434497804 0.87082578434497804 -5.6432918911605149e-18 0.491591754731458 82.477670686874902 20
1 -216.353385614883 141.14512611807899 316.92836683929102 -1.06982700459064e-17 1 3.0430984960667898e-17 -0.87082578434497804 5.6432918911605149e-18 -0.491591754731458 -0.491591754731458 -3.1759267691221979e-17 0.87082578434497804 
5 -175.808042755759 121.14512611807901 245.10468457244599 1.06982700459064e-17 -1 -3.0430984960667898e-17 0.491591754731458 3.1759267691221979e-17 -0.87082578434497804 0.87082578434497804 -5.6432918911605149e-18 0.491591754731458 140.25145182274699 20
5 -175.808042755759 121.14512611807901 245.10468457244599 1.06982700459064e-17 -1 -3.0430984960667898e-17 0.491591754731458 3.1759267691221979e-17 -0.87082578434497804 0.87082578434497804 -5.6432918911605149e-18 0.491591754731458 140.25145182274699 20
3 -175.808042755759 97.845126118078696 245.10468457244599 2.65554216723585e-17 -1 -5.8520993325689598e-17 0.491591754731458 6.4016016251039366e-17 -0.87082578434497804 0.87082578434497804 -5.6432918911604749e-18 0.491591754731458 161.5
0.052359877559832797
3 -175.808042755759 97.845126118078696 245.10468457244599 2.65554216723585e-17 -1 -5.8520993325689598e-17 0.491591754731458 6.4016016251039366e-17 -0.87082578434497804 0.87082578434497804 -5.6432918911604749e-18 0.491591754731458 161.5
0.052359877559832797
3 -175.808042755759 148.64512611807899 245.10468457244599 2.65554216723585e-17 -1 -5.8520993325689598e-17 -0.491591754731458 -6.4016016251039366e-17 0.87082578434497804 -0.87082578434497804 5.6432918911604749e-18 -0.491591754731458 203.19999999999999
0.085469676659670105
5 -175.808042755759 194.445126118079 245.10468457244599 -2.65554216723585e-17 1 5.8520993325689598e-17 0.491591754731458 6.4016016251039366e-17 -0.87082578434497804 -0.87082578434497804 5.6432918911604749e-18 -0.491591754731458 194.257610536302 5
5 -175.808042755759 194.445126118079 245.10468457244599 -2.65554216723585e-17 1 5.8520993325689598e-17 0.491591754731458 6.4016016251039366e-17 -0.87082578434497804 -0.87082578434497804 5.6432918911604749e-18 -0.491591754731458 194.257610536302 5
1 -255.20011114488901 199.445126118079 385.74304874415998 1.06982700459064e-17 -1 -3.0430984960667898e-17 -0.491591754731458 -3.1759267691221979e-17 0.87082578434497804 -0.87082578434497804 5.6432918911605149e-18 -0.491591754731458 
2 -175.808042755759 202.84838526226901 245.10468457244599 1.06982700459064e-17 -1 -3.0430984960667898e-17 0.491591754731458 3.1759267691221979e-17 -0.87082578434497804 0.87082578434497804 -5.6432918911605149e-18 0.491591754731458 9.5
2 -175.808042755759 202.84838526226901 245.10468457244599 1.06982700459064e-17 -1 -3.0430984960667898e-17 0.491591754731458 3.1759267691221979e-17 -0.87082578434497804 0.87082578434497804 -5.6432918911605149e-18 0.491591754731458 9.5
1 -180.478164425708 202.62512611807901 253.37752952372301 1.06982700459064e-17 -1 -3.0430984960667898e-17 -0.491591754731458 -3.1759267691221979e-17 0.87082578434497804 -0.87082578434497804 5.6432918911605149e-18 -0.491591754731458 
5 -175.808042755759 176.14512611807899 245.10468457244599 -1.06982700459064e-17 1 3.0430984960667898e-17 0.491591754731458 3.1759267691221979e-17 -0.87082578434497804 -0.87082578434497804 5.6432918911605149e-18 -0.491591754731458 140.25145182274699 20
5 -175.808042755759 176.14512611807899 245.10468457244599 -1.06982700459064e-17 1 3.0430984960667898e-17 0.491591754731458 3.1759267691221979e-17 -0.87082578434497804 -0.87082578434497804 5.6432918911605149e-18 -0.491591754731458 140.25145182274699 20
3 -175.808042755759 199.445126118079 245.10468457244599 -1.07143859287803e-17 1 3.0459533296169699e-17 0.491591754731458 3.1792050753018106e-17 -0.87082578434497804 -0.87082578434497804 5.6432918911604317e-18 -0.491591754731458 161.5
0.052359877559832797
1 -216.353385614883 156.14512611807899 316.92836683929102 1.06982700459064e-17 -1 -3.0430984960667898e-17 -0.491591754731458 -3.1759267691221979e-17 0.87082578434497804 -0.87082578434497804 5.6432918911605149e-18 -0.491591754731458 
3 -175.808042755759 199.445126118079 245.10468457244599 -1.07143859287803e-17 1 3.0459533296169699e-17 0.491591754731458 3.1792050753018106e-17 -0.87082578434497804 -0.87082578434497804 5.6432918911604317e-18 -0.491591754731458 161.5
0.052359877559832797
3 -175.808042755759 172.67216256474001 245.10468457244599 -6.1103804170299299e-19 -1 -1.0397213053384e-17 -0.491591754731458 -8.7537799490865175e-18 0.87082578434497804 -0.87082578434497804 5.6432918911604895e-18 -0.491591754731458 62.781515626630799
0.17453292519943001
3 -175.808042755759 172.67216256474001 245.10468457244599 -6.1103804170299299e-19 -1 -1.0397213053384e-17 -0.491591754731458 -8.7537799490865175e-18 0.87082578434497804 -0.87082578434497804 5.6432918911604895e-18 -0.491591754731458 62.781515626630799
0.17453292519943001
5 -175.808042755759 176.14512611807899 245.10468457244599 -1.06982700459064e-17 1 3.0430984960667898e-17 0.491591754731458 3.1759267691221979e-17 -0.87082578434497804 -0.87082578434497804 5.6432918911605149e-18 -0.491591754731458 82.477670686874902 20
1 -244.10107833331301 189.10913513767301 197.36575223619499 -0.491591754731458 -6.4016016251039305e-17 0.87082578434497804 0.87082578434497804 -5.6432918911604964e-18 0.491591754731458 -2.6555421672358451e-17 1 5.8520993325689561e-17 
1 -214.254669781362 192.10913513767301 214.214413146623 2.65554216723585e-17 -1 -5.8520993325689598e-17 -0.87082578434497804 5.6432918911604749e-18 -0.491591754731458 0.491591754731458 6.4016016251039366e-17 -0.87082578434497804 
1 -251.96654640901599 189.10913513767301 211.29896478571499 -0.491591754731458 -6.4016016251039305e-17 0.87082578434497804 0.87082578434497804 -5.6432918911604964e-18 0.491591754731458 -2.6555421672358451e-17 1 5.8520993325689561e-17 
5 -175.808042755759 176.14512611807899 245.10468457244599 -1.06982700459064e-17 1 3.0430984960667898e-17 0.491591754731458 3.1759267691221979e-17 -0.87082578434497804 -0.87082578434497804 5.6432918911605149e-18 -0.491591754731458 82.477670686874902 20
1 -249.087701155161 167.10913513767301 194.55074295736401 -2.6555421672358399e-17 1 5.8520993325689499e-17 0.491591754731458 6.4016016251039231e-17 -0.87082578434497804 -0.87082578434497804 5.6432918911605149e-18 -0.491591754731458 
9 0 0 0 0 2 1 3 2 2 2 -113.53790722929401 158.14512611807899 152.269295573759  -113.53790722929401 156.14512611807899 152.269295573759  
-113.680021940811 158.14512611807899 152.20049398178799  -113.680021940811 156.14512611807899 152.20049398178799  
-116.66621464319999 158.14512611807899 150.47461692102499  -116.66621464319999 156.14512611807899 150.47461692102499  

9 3
10 3

0 2
1 2

9 0 0 0 0 2 1 3 2 2 2 -113.27812757965999 158.14512611807899 152.85567622633599  -113.27812757965999 156.14512611807899 152.85567622633599  
-113.183474409921 158.14512611807899 152.49242977549099  -113.183474409921 156.14512611807899 152.49242977549099  
-113.53790722929401 158.14512611807899 152.269295573759  -113.53790722929401 156.14512611807899 152.269295573759  

8 3
9 3

0 2
1 2

1 -114.802001405466 158.14512611807899 160.351556599562 -0.97995483830603147 -4.4213678117051424e-18 -0.1992197652859771 -1.0698270045906429e-17 1 3.043098496066788e-17 0.1992197652859771 3.1952297794136045e-17 -0.97995483830603147 
9 0 0 0 0 2 1 3 2 2 2 -115.040031322828 158.14512611807899 160.69680620413899  -115.040031322828 156.14512611807899 160.69680620413899  
-114.824959327695 158.14512611807899 160.58466416384601  -114.824959327695 156.14512611807899 160.58466416384601  
-114.802001405466 158.14512611807899 160.351556599562  -114.802001405466 156.14512611807899 160.351556599562  

6 3
7 3

0 2
1 2

9 0 0 0 0 2 1 3 2 2 2 -116.23142736600001 158.14512611807899 161.52428193358  -116.23142736600001 156.14512611807899 161.52428193358  
-115.101281319435 158.14512611807899 160.76124462936701  -115.101281319435 156.14512611807899 160.76124462936701  
-115.040031322828 158.14512611807899 160.69680620413899  -115.040031322828 156.14512611807899 160.69680620413899  

5 3
6 3

0 2
1 2

9 0 0 0 0 2 1 3 2 2 2 -116.78274699087601 158.14512611807899 161.54813517363499  -116.78274699087601 156.14512611807899 161.54813517363499  
-116.58261069390601 158.14512611807899 161.704983492558  -116.58261069390601 156.14512611807899 161.704983492558  
-116.23142736600001 158.14512611807899 161.52428193358  -116.23142736600001 156.14512611807899 161.52428193358  

4 3
5 3

0 2
1 2

9 0 0 0 0 2 1 3 2 2 2 -119.034434419729 158.14512611807899 160.32615228332901  -119.034434419729 156.14512611807899 160.32615228332901  
-116.89927453788 158.14512611807899 161.53675725789699  -116.89927453788 156.14512611807899 161.53675725789699  
-116.78274699087601 158.14512611807899 161.54813517363499  -116.78274699087601 156.14512611807899 161.54813517363499  

3 3
4 3

0 2
1 2

9 0 0 0 0 2 1 3 2 2 2 -119.33293804956099 158.14512611807899 159.73602012062  -119.33293804956099 156.14512611807899 159.73602012062  
-119.34240332017799 158.14512611807899 160.30731545455299  -119.34240332017799 156.14512611807899 160.30731545455299  
-119.034434419729 158.14512611807899 160.32615228332901  -119.034434419729 156.14512611807899 160.32615228332901  

2 3
3 3

0 2
1 2

9 0 0 0 0 3 1 4 2 2 2 -117.399802258946 158.14512611807899 150.75482056845499  -117.399802258946 156.14512611807899 150.75482056845499  
-117.46311578080299 158.14512611807899 150.921396051947  -117.46311578080299 156.14512611807899 150.921396051947  
-119.25575862711101 158.14512611807899 159.629911589382  -119.25575862711101 156.14512611807899 159.629911589382  
-119.33293804956099 158.14512611807899 159.73602012062  -119.33293804956099 156.14512611807899 159.73602012062  

1 4
2 4

0 2
1 2

9 0 0 0 0 2 1 3 2 2 2 -116.66621464319999 158.14512611807899 150.47461692102499  -116.66621464319999 156.14512611807899 150.47461692102499  
-117.190772365439 158.14512611807899 150.22684070735801  -117.190772365439 156.14512611807899 150.22684070735801  
-117.399802258946 158.14512611807899 150.75482056845499  -117.399802258946 156.14512611807899 150.75482056845499  

0 3
1 3

0 2
1 2

9 0 0 0 0 3 1 4 2 2 2 -131.20586835459301 158.14512611807899 142.59548759602399  -131.20586835459301 156.14512611807899 142.59548759602399  
-131.02413984533399 158.14512611807899 142.231959546974  -131.02413984533399 156.14512611807899 142.231959546974  
-131.103995137726 158.14512611807899 141.90528556605301  -131.103995137726 156.14512611807899 141.90528556605301  
-131.39083295215201 158.14512611807899 141.73686537464499  -131.39083295215201 156.14512611807899 141.73686537464499  

26 4
27 4

0 2
1 2

9 0 0 0 0 3 1 4 2 2 2 -135.560024840572 158.14512611807899 149.986655745973  -135.560024840572 156.14512611807899 149.986655745973  
-134.759999202046 158.14512611807899 148.62886018793901  -134.759999202046 156.14512611807899 148.62886018793901  
-132.031381945177 158.14512611807899 143.99635643898799  -132.031381945177 156.14512611807899 143.99635643898799  
-131.20586835459301 158.14512611807899 142.59548759602399  -131.20586835459301 156.14512611807899 142.59548759602399  

25 4
26 4

0 2
1 2

9 0 0 0 0 3 1 4 2 2 2 -136.37861281411099 158.14512611807899 150.25020798576901  -136.37861281411099 156.14512611807899 150.25020798576901  
-135.939630904301 158.14512611807899 150.420542998408  -135.939630904301 156.14512611807899 150.420542998408  
-135.70548115232501 158.14512611807899 150.14177002572501  -135.70548115232501 156.14512611807899 150.14177002572501  
-135.560024840572 158.14512611807899 149.986655745973  -135.560024840572 156.14512611807899 149.986655745973  

24 4
25 4

0 2
1 2

9 0 0 0 0 3 1 4 2 2 2 -138.60071743268401 158.14512611807899 148.96478223074399  -138.60071743268401 156.14512611807899 148.96478223074399  
-138.07892459601501 158.14512611807899 149.32113330767501  -138.07892459601501 156.14512611807899 149.32113330767501  
-137.326598102693 158.14512611807899 149.693021314269  -137.326598102693 156.14512611807899 149.693021314269  
-136.37861281411099 158.14512611807899 150.25020798576901  -136.37861281411099 156.14512611807899 150.25020798576901  

23 4
24 4

0 2
1 2

9 0 0 0 0 3 1 4 2 2 2 -139.19241717430299 158.14512611807899 148.48291606725701  -139.19241717430299 156.14512611807899 148.48291606725701  
-139.055542272764 158.14512611807899 148.64702155240599  -139.055542272764 156.14512611807899 148.64702155240599  
-138.82862093097 158.14512611807899 148.80899546114401  -138.82862093097 156.14512611807899 148.80899546114401  
-138.60071743268401 158.14512611807899 148.96478223074399  -138.60071743268401 156.14512611807899 148.96478223074399  

22 4
23 4

0 2
1 2

9 0 0 0 0 3 1 4 2 2 2 -139.586126630552 158.14512611807899 147.931955715204  -139.586126630552 156.14512611807899 147.931955715204  
-139.452401778508 158.14512611807899 148.18445895122099  -139.452401778508 156.14512611807899 148.18445895122099  
-139.426919440023 158.14512611807899 148.19952204470701  -139.426919440023 156.14512611807899 148.19952204470701  
-139.19241717430299 158.14512611807899 148.48291606725701  -139.19241717430299 156.14512611807899 148.48291606725701  

21 4
22 4

0 2
1 2

9 0 0 0 0 3 1 4 2 2 2 -140.07809435912301 158.14512611807899 145.91333461010501  -140.07809435912301 156.14512611807899 145.91333461010501  
-140.05754342368499 158.14512611807899 146.281615457762  -140.05754342368499 156.14512611807899 146.281615457762  
-140.07046038921101 158.14512611807899 147.061863125976  -140.07046038921101 156.14512611807899 147.061863125976  
-139.586126630552 158.14512611807899 147.931955715204  -139.586126630552 156.14512611807899 147.931955715204  

20 4
21 4

0 2
1 2

9 0 0 0 0 3 1 4 2 2 2 -139.74864048414599 158.14512611807899 145.841278258926  -139.74864048414599 156.14512611807899 145.841278258926  
-139.902381714912 158.14512611807899 145.79997888087499  -139.902381714912 156.14512611807899 145.79997888087499  
-140.04176820128799 158.14512611807899 145.82559880979099  -140.04176820128799 156.14512611807899 145.82559880979099  
-140.07809435912301 158.14512611807899 145.91333461010501  -140.07809435912301 156.14512611807899 145.91333461010501  

19 4
20 4

0 2
1 2

9 0 0 0 0 2 1 3 2 2 2 -136.020874945386 158.14512611807899 148.03221953831701  -136.020874945386 156.14512611807899 148.03221953831701  
-138.06988917393201 158.14512611807899 146.82772219543699  -138.06988917393201 156.14512611807899 146.82772219543699  
-139.74864048414599 158.14512611807899 145.841278258926  -139.74864048414599 156.14512611807899 145.841278258926  

18 3
19 3

0 2
1 2

9 0 0 0 0 2 1 3 2 2 2 -135.87436877002 158.14512611807899 147.71332146877  -135.87436877002 156.14512611807899 147.71332146877  
-135.749512998531 158.14512611807899 147.948281760642  -135.749512998531 156.14512611807899 147.948281760642  
-136.020874945386 158.14512611807899 148.03221953831701  -136.020874945386 156.14512611807899 148.03221953831701  

17 3
18 3

0 2
1 2

9 0 0 0 0 3 1 4 2 2 2 -139.725315613834 158.14512611807899 145.45006492191999  -139.725315613834 156.14512611807899 145.45006492191999  
-138.290583394149 158.14512611807899 146.293426998603  -138.290583394149 156.14512611807899 146.293426998603  
-136.74125723723901 158.14512611807899 147.23668033688401  -136.74125723723901 156.14512611807899 147.23668033688401  
-135.87436877002 158.14512611807899 147.71332146877  -135.87436877002 156.14512611807899 147.71332146877  

16 4
17 4

0 2
1 2

9 0 0 0 0 3 1 4 2 2 2 -139.95593737069399 158.14512611807899 144.87919519319399  -139.95593737069399 156.14512611807899 144.87919519319399  
-139.933881868181 158.14512611807899 144.940879387103  -139.933881868181 156.14512611807899 144.940879387103  
-140.06156450388801 158.14512611807899 145.25251731180799  -140.06156450388801 156.14512611807899 145.25251731180799  
-139.725315613834 158.14512611807899 145.45006492191999  -139.725315613834 156.14512611807899 145.45006492191999  

15 4
16 4

0 2
1 2

9 0 0 0 0 3 1 4 2 2 2 -139.38623161282601 158.14512611807899 143.22171187345  -139.38623161282601 156.14512611807899 143.22171187345  
-139.71630241345599 158.14512611807899 143.866325482414  -139.71630241345599 156.14512611807899 143.866325482414  
-139.97796663807 158.14512611807899 144.81761204466201  -139.97796663807 156.14512611807899 144.81761204466201  
-139.95593737069399 158.14512611807899 144.87919519319399  -139.95593737069399 156.14512611807899 144.87919519319399  

14 4
15 4

0 2
1 2

9 0 0 0 0 3 1 4 2 2 2 -138.780483012443 158.14512611807899 143.350581620219  -138.780483012443 156.14512611807899 143.350581620219  
-138.91358601133101 158.14512611807899 143.28990238113701  -138.91358601133101 156.14512611807899 143.28990238113701  
-139.31137062051101 158.14512611807899 143.058070371973  -139.31137062051101 156.14512611807899 143.058070371973  
-139.38623161282601 158.14512611807899 143.22171187345  -139.38623161282601 156.14512611807899 143.22171187345  

13 4
14 4

0 2
1 2

9 0 0 0 0 3 1 4 2 2 2 -134.64361165778499 158.14512611807899 145.78206405806699  -134.64361165778499 156.14512611807899 145.78206405806699  
-135.58469756332599 158.14512611807899 145.22901818493401  -135.58469756332599 156.14512611807899 145.22901818493401  
-138.67150465498699 158.14512611807899 143.41472023149601  -138.67150465498699 156.14512611807899 143.41472023149601  
-138.780483012443 158.14512611807899 143.350581620219  -138.780483012443 156.14512611807899 143.350581620219  

12 4
13 4

0 2
1 2

9 0 0 0 0 3 1 4 2 2 2 -134.481726879859 158.14512611807899 145.472547398899  -134.481726879859 156.14512611807899 145.472547398899  
-134.40226041752101 158.14512611807899 145.694701048301  -134.40226041752101 156.14512611807899 145.694701048301  
-134.638011315049 158.14512611807899 145.78535570865  -134.638011315049 156.14512611807899 145.78535570865  
-134.64361165778499 158.14512611807899 145.78206405806699  -134.64361165778499 156.14512611807899 145.78206405806699  

11 4
12 4

0 2
1 2

9 0 0 0 0 3 1 4 2 2 2 -138.496663499493 158.14512611807899 143.112733171483  -138.496663499493 156.14512611807899 143.112733171483  
-137.38196696913599 158.14512611807899 143.76782021270401  -137.38196696913599 156.14512611807899 143.76782021270401  
-135.06546156470699 158.14512611807899 145.12936659042899  -135.06546156470699 156.14512611807899 145.12936659042899  
-134.481726879859 158.14512611807899 145.472547398899  -134.481726879859 156.14512611807899 145.472547398899  

10 4
11 4

0 2
1 2

9 0 0 0 0 3 1 4 2 2 2 -138.96869332044 158.14512611807899 142.51102993832399  -138.96869332044 156.14512611807899 142.51102993832399  
-139.23835765886199 158.14512611807899 142.84410804279801  -139.23835765886199 156.14512611807899 142.84410804279801  
-138.782736828879 158.14512611807899 142.936456644602  -138.782736828879 156.14512611807899 142.936456644602  
-138.496663499493 158.14512611807899 143.112733171483  -138.496663499493 156.14512611807899 143.112733171483  

9 4
10 4

0 2
1 2

9 0 0 0 0 3 1 4 2 2 2 -137.75635877353901 158.14512611807899 141.19092774303499  -137.75635877353901 156.14512611807899 141.19092774303499  
-138.35497301967101 158.14512611807899 141.67693195654499  -138.35497301967101 156.14512611807899 141.67693195654499  
-138.47052184688999 158.14512611807899 141.871630362383  -138.47052184688999 156.14512611807899 141.871630362383  
-138.96869332044 158.14512611807899 142.51102993832399  -138.96869332044 156.14512611807899 142.51102993832399  

8 4
9 4

0 2
1 2

9 0 0 0 0 3 1 4 2 2 2 -137.11278242658199 158.14512611807899 141.25529250296199  -137.11278242658199 156.14512611807899 141.25529250296199  
-137.20954254175601 158.14512611807899 141.259814341035  -137.20954254175601 156.14512611807899 141.259814341035  
-137.38053503748 158.14512611807899 140.95184154560101  -137.38053503748 156.14512611807899 140.95184154560101  
-137.75635877353901 158.14512611807899 141.19092774303499  -137.75635877353901 156.14512611807899 141.19092774303499  

7 4
8 4

0 2
1 2

9 0 0 0 0 3 1 4 2 2 2 -133.35195018861199 158.14512611807899 143.465583399514  -133.35195018861199 156.14512611807899 143.465583399514  
-133.906945711818 158.14512611807899 143.139208660028  -133.906945711818 156.14512611807899 143.139208660028  
-136.95829011441401 158.14512611807899 141.346011089592  -136.95829011441401 156.14512611807899 141.346011089592  
-137.11278242658199 158.14512611807899 141.25529250296199  -137.11278242658199 156.14512611807899 141.25529250296199  

6 4
7 4

0 2
1 2

9 0 0 0 0 3 1 4 2 2 2 -133.163890737369 158.14512611807899 143.19097030966799  -133.163890737369 156.14512611807899 143.19097030966799  
-133.11263132129699 158.14512611807899 143.25805021468199  -133.11263132129699 156.14512611807899 143.25805021468199  
-133.279177833023 158.14512611807899 143.50827490914  -133.279177833023 156.14512611807899 143.50827490914  
-133.35195018861199 158.14512611807899 143.465583399514  -133.35195018861199 156.14512611807899 143.465583399514  

5.0530745328242297 4
6 4

0 2
1 2

9 0 0 0 0 3 1 4 2 2 2 -136.91676962647099 158.14512611807899 140.98167559109399  -136.91676962647099 156.14512611807899 140.98167559109399  
-136.68912967672699 158.14512611807899 141.115719887333  -136.68912967672699 156.14512611807899 141.115719887333  
-133.21674980735699 158.14512611807899 143.18394602892201  -133.21674980735699 156.14512611807899 143.18394602892201  
-133.163890737369 158.14512611807899 143.19097030966799  -133.163890737369 156.14512611807899 143.19097030966799  

4 4
4.9612342762520303 4

0 2
1 2

9 0 0 0 0 3 1 4 2 2 2 -136.905008952911 158.14512611807899 140.62485113550801  -136.905008952911 156.14512611807899 140.62485113550801  
-137.284303288502 158.14512611807899 140.76582570718699  -137.284303288502 156.14512611807899 140.76582570718699  
-136.94524998815001 158.14512611807899 141.02984009669299  -136.94524998815001 156.14512611807899 141.02984009669299  
-136.91676962647099 158.14512611807899 140.98167559109399  -136.91676962647099 156.14512611807899 140.98167559109399  

3 4
4 4

0 2
1 2

9 0 0 0 0 3 1 4 2 2 2 -135.12097809756401 158.14512611807899 140.10836902256099  -135.12097809756401 156.14512611807899 140.10836902256099  
-136.05732861742001 158.14512611807899 140.11775432905799  -136.05732861742001 156.14512611807899 140.11775432905799  
-136.43283993763799 158.14512611807899 140.38296866178601  -136.43283993763799 156.14512611807899 140.38296866178601  
-136.905008952911 158.14512611807899 140.62485113550801  -136.905008952911 156.14512611807899 140.62485113550801  

2 4
3 4

0 2
1 2

9 0 0 0 0 3 1 4 2 2 2 -133.74392583421101 158.14512611807899 140.36982634431001  -133.74392583421101 156.14512611807899 140.36982634431001  
-134.04275952226101 158.14512611807899 140.22166999020001  -134.04275952226101 156.14512611807899 140.22166999020001  
-134.85016090213901 158.14512611807899 140.03978051907299  -134.85016090213901 156.14512611807899 140.03978051907299  
-135.12097809756401 158.14512611807899 140.10836902256099  -135.12097809756401 156.14512611807899 140.10836902256099  

1 4
2 4

0 2
1 2

9 0 0 0 0 3 1 4 2 2 2 -131.39083295215201 158.14512611807899 141.73686537464499  -131.39083295215201 156.14512611807899 141.73686537464499  
-132.081737832084 158.14512611807899 141.33069434364501  -132.081737832084 156.14512611807899 141.33069434364501  
-132.680089040269 158.14512611807899 140.99519138007301  -132.680089040269 156.14512611807899 140.99519138007301  
-133.74392583421101 158.14512611807899 140.36982634431001  -133.74392583421101 156.14512611807899 140.36982634431001  

0 4
1 4

0 2
1 2

9 0 0 0 0 3 1 4 2 2 2 -134.42845499210699 158.14512611807899 150.71836245041399  -134.42845499210699 156.14512611807899 150.71836245041399  
-134.68866081842501 158.14512611807899 151.24323522344901  -134.68866081842501 156.14512611807899 151.24323522344901  
-134.54933940448399 158.14512611807899 151.266383551009  -134.54933940448399 156.14512611807899 151.266383551009  
-134.21307275696199 158.14512611807899 151.52465003945301  -134.21307275696199 156.14512611807899 151.52465003945301  

7 4
8 4

0 2
1 2

9 0 0 0 0 3 1 4 2 2 2 -130.432649525409 158.14512611807899 143.87700993056001  -130.432649525409 156.14512611807899 143.87700993056001  
-130.636949533039 158.14512611807899 144.22256198385699  -130.636949533039 156.14512611807899 144.22256198385699  
-133.25411534125001 158.14512611807899 148.74760889874099  -133.25411534125001 156.14512611807899 148.74760889874099  
-134.42845499210699 158.14512611807899 150.71836245041399  -134.42845499210699 156.14512611807899 150.71836245041399  

8 4
9 4

0 2
1 2

9 0 0 0 0 3 1 4 2 2 2 -129.62896081986401 158.14512611807899 142.71693589100099  -129.62896081986401 156.14512611807899 142.71693589100099  
-129.867562640351 158.14512611807899 143.03256545196299  -129.867562640351 156.14512611807899 143.03256545196299  
-130.13357571198699 158.14512611807899 143.41377048503799  -130.13357571198699 156.14512611807899 143.41377048503799  
-130.432649525409 158.14512611807899 143.87700993056001  -130.432649525409 156.14512611807899 143.87700993056001  

0 4
1 4

0 2
1 2

9 0 0 0 0 3 1 4 2 2 2 -124.76467421333901 158.14512611807899 141.35745417713201  -124.76467421333901 156.14512611807899 141.35745417713201  
-126.607644312118 158.14512611807899 140.811532004094  -126.607644312118 156.14512611807899 140.811532004094  
-128.16703055477899 158.14512611807899 141.19084455703401  -128.16703055477899 156.14512611807899 141.19084455703401  
-129.62896081986401 158.14512611807899 142.71693589100099  -129.62896081986401 156.14512611807899 142.71693589100099  

1 4
2 4

0 2
1 2

9 0 0 0 0 3 1 4 2 2 2 -123.811350242866 158.14512611807899 145.08985897876701  -123.811350242866 156.14512611807899 145.08985897876701  
-122.57777691859 158.14512611807899 144.89674086655  -122.57777691859 156.14512611807899 144.89674086655  
-121.67257426937999 158.14512611807899 142.29608909851899  -121.67257426937999 156.14512611807899 142.29608909851899  
-124.76467421333901 158.14512611807899 141.35745417713201  -124.76467421333901 156.14512611807899 141.35745417713201  

2 4
3 4

0 2
1 2

9 0 0 0 0 3 1 4 2 2 2 -126.045177726405 158.14512611807899 146.67798301088001  -126.045177726405 156.14512611807899 146.67798301088001  
-125.313841521656 158.14512611807899 145.57821931478  -125.313841521656 156.14512611807899 145.57821931478  
-124.890908184574 158.14512611807899 145.37975164106001  -124.890908184574 156.14512611807899 145.37975164106001  
-123.811350242866 158.14512611807899 145.08985897876701  -123.811350242866 156.14512611807899 145.08985897876701  

3 4
4 4

0 2
1 2

9 0 0 0 0 3 1 4 2 2 2 -130.049280026871 158.14512611807899 153.50067329707699  -130.049280026871 156.14512611807899 153.50067329707699  
-129.32188665413901 158.14512611807899 152.30097915840801  -129.32188665413901 156.14512611807899 152.30097915840801  
-126.520510194716 158.14512611807899 147.446058262885  -126.520510194716 156.14512611807899 147.446058262885  
-126.045177726405 158.14512611807899 146.67798301088001  -126.045177726405 156.14512611807899 146.67798301088001  

4 4
5 4

0 2
1 2

9 0 0 0 0 3 1 4 2 2 2 -130.524287477928 158.14512611807899 153.675127112724  -130.524287477928 156.14512611807899 153.675127112724  
-130.336569451842 158.14512611807899 153.76919119495301  -130.336569451842 156.14512611807899 153.76919119495301  
-130.16658248402999 158.14512611807899 153.70024914730499  -130.16658248402999 156.14512611807899 153.70024914730499  
-130.049280026871 158.14512611807899 153.50067329707699  -130.049280026871 156.14512611807899 153.50067329707699  

5 4
6 4

0 2
1 2

1 -130.524287477928 158.14512611807899 153.675127112724 0.50364134034339592 3.1677809797879795e-17 -0.86391284299812776 1.9953594006081931e-15 1 1.199916520733136e-15 0.86391284299812776 -2.3281441773846851e-15 0.50364134034339592 
9 0 0 0 0 3 1 4 2 2 2 -108.664179978593 158.14512611807899 155.17343048613699  -108.664179978593 156.14512611807899 155.17343048613699  
-108.882937266187 158.14512611807899 155.046223977995  -108.882937266187 156.14512611807899 155.046223977995  
-111.352325932458 158.14512611807899 153.64585188746699  -111.352325932458 156.14512611807899 153.64585188746699  
-111.567388075371 158.14512611807899 153.479288891717  -111.567388075371 156.14512611807899 153.479288891717  

5 4
6 4

0 2
1 2

9 0 0 0 0 2 1 3 2 2 2 -108.621640789895 158.14512611807899 155.97368605576099  -108.621640789895 156.14512611807899 155.97368605576099  
-108.146646857566 158.14512611807899 155.61307457472901  -108.146646857566 156.14512611807899 155.61307457472901  
-108.664179978593 158.14512611807899 155.17343048613699  -108.664179978593 156.14512611807899 155.17343048613699  

4 3
5 3

0 2
1 2

9 0 0 0 0 2 1 3 2 2 2 -112.44014839603 158.14512611807899 158.82823438924501  -112.44014839603 156.14512611807899 158.82823438924501  
-112.544075973722 158.14512611807899 158.92769775481599  -112.544075973722 156.14512611807899 158.92769775481599  
-108.621640789895 158.14512611807899 155.97368605576099  -108.621640789895 156.14512611807899 155.97368605576099  

3 3
4 3

0 2
1 2

9 0 0 0 0 3 1 4 2 2 2 -113.234843720822 158.14512611807899 158.33802636858999  -113.234843720822 156.14512611807899 158.33802636858999  
-113.211936892995 158.14512611807899 159.21844769852399  -113.211936892995 156.14512611807899 159.21844769852399  
-112.492114132463 158.14512611807899 158.877750863703  -112.492114132463 156.14512611807899 158.877750863703  
-112.44014839603 158.14512611807899 158.82823438924501  -112.44014839603 156.14512611807899 158.82823438924501  

2 4
3 4

0 2
1 2

9 0 0 0 0 3 1 4 2 2 2 -112.217631583922 158.14512611807899 153.79178180748301  -112.217631583922 156.14512611807899 153.79178180748301  
-112.273397405587 158.14512611807899 153.88025058803501  -112.273397405587 156.14512611807899 153.88025058803501  
-113.25124767054 158.14512611807899 158.265706976724  -113.25124767054 156.14512611807899 158.265706976724  
-113.234843720822 158.14512611807899 158.33802636858999  -113.234843720822 156.14512611807899 158.33802636858999  

1 4
2 4

0 2
1 2

9 0 0 0 0 3 1 4 2 2 2 -111.567388075371 158.14512611807899 153.479288891717  -111.567388075371 156.14512611807899 153.479288891717  
-112.11695739287001 158.14512611807899 153.28805226455299  -112.11695739287001 156.14512611807899 153.28805226455299  
-112.225859793919 158.14512611807899 153.75552106617101  -112.225859793919 156.14512611807899 153.75552106617101  
-112.217631583922 158.14512611807899 153.79178180748301  -112.217631583922 156.14512611807899 153.79178180748301  

0 4
1 4

0 2
1 2

9 0 0 0 0 2 1 3 2 2 2 -121.921659714889 158.14512611807899 147.505216088656  -121.921659714889 156.14512611807899 147.505216088656  
-122.49274757372299 158.14512611807899 147.33121503066499  -122.49274757372299 156.14512611807899 147.33121503066499  
-122.616317364507 158.14512611807899 147.78954919259101  -122.616317364507 156.14512611807899 147.78954919259101  

0 3
1 3

0 2
1 2

1 -118.665803933823 158.14512611807899 149.35953545852999 -0.49489714059457113 -3.1737595224589206e-17 0.86895156380049021 -1.0698270045906406e-17 1 3.043098496066791e-17 -0.86895156380049021 5.7639289561606317e-18 -0.49489714059457113 
9 0 0 0 0 2 1 3 2 2 2 -118.42632936451901 158.14512611807899 149.91257526047301  -118.42632936451901 156.14512611807899 149.91257526047301  
-118.353511849163 158.14512611807899 149.453181153195  -118.353511849163 156.14512611807899 149.453181153195  
-118.665803933823 158.14512611807899 149.35953545852999  -118.665803933823 156.14512611807899 149.35953545852999  

8 3
9 3

0 2
1 2

9 0 0 0 0 2 1 3 2 2 2 -120.035021506123 158.14512611807899 157.31399206697299  -120.035021506123 156.14512611807899 157.31399206697299  
-118.397311698096 158.14512611807899 149.817461314252  -118.397311698096 156.14512611807899 149.817461314252  
-118.42632936451901 158.14512611807899 149.91257526047301  -118.42632936451901 156.14512611807899 149.91257526047301  

7 3
8 3

0 2
1 2

9 0 0 0 0 2 1 3 2 2 2 -120.276855403894 158.14512611807899 157.69776356099001  -120.276855403894 156.14512611807899 157.69776356099001  
-120.092533739993 158.14512611807899 157.617981131394  -120.092533739993 156.14512611807899 157.617981131394  
-120.035021506123 158.14512611807899 157.31399206697299  -120.035021506123 156.14512611807899 157.31399206697299  

6 3
7 3

0 2
1 2

9 0 0 0 0 2 1 3 2 2 2 -121.420037220764 158.14512611807899 158.51444679616901  -121.420037220764 156.14512611807899 158.51444679616901  
-120.520690504418 158.14512611807899 157.905169167986  -120.520690504418 156.14512611807899 157.905169167986  
-120.276855403894 158.14512611807899 157.69776356099001  -120.276855403894 156.14512611807899 157.69776356099001  

5 3
6 3

0 2
1 2

9 0 0 0 0 2 1 3 2 2 2 -122.01129039166899 158.14512611807899 158.58555536255301  -122.01129039166899 156.14512611807899 158.58555536255301  
-121.737405174158 158.14512611807899 158.78883277269301  -121.737405174158 156.14512611807899 158.78883277269301  
-121.420037220764 158.14512611807899 158.51444679616901  -121.420037220764 156.14512611807899 158.51444679616901  

4 3
5 3

0 2
1 2

9 0 0 0 0 2 1 3 2 2 2 -124.279333195137 158.14512611807899 157.29102475448599  -124.279333195137 156.14512611807899 157.29102475448599  
-122.307855141242 158.14512611807899 158.45029203215401  -122.307855141242 156.14512611807899 158.45029203215401  
-122.01129039166899 158.14512611807899 158.58555536255301  -122.01129039166899 156.14512611807899 158.58555536255301  

3 3
4 3

0 2
1 2

9 0 0 0 0 2 1 3 2 2 2 -124.51098373595801 158.14512611807899 156.77435063440899  -124.51098373595801 156.14512611807899 156.77435063440899  
-124.562133089497 158.14512611807899 157.21625461147801  -124.562133089497 156.14512611807899 157.21625461147801  
-124.279333195137 158.14512611807899 157.29102475448599  -124.279333195137 156.14512611807899 157.29102475448599  

2 3
3 3

0 2
1 2

9 0 0 0 0 3 1 4 2 2 2 -122.616317364507 158.14512611807899 147.78954919259101  -122.616317364507 156.14512611807899 147.78954919259101  
-122.66002865580499 158.14512611807899 147.87542745374  -122.66002865580499 156.14512611807899 147.87542745374  
-124.497745874895 158.14512611807899 156.72065223316599  -124.497745874895 156.14512611807899 156.72065223316599  
-124.51098373595801 158.14512611807899 156.77435063440899  -124.51098373595801 156.14512611807899 156.77435063440899  

1 4
2 4

0 2
1 2

1 -134.54444105222399 158.14512611807899 151.221483601655 2.65554216723585e-17 -1 -5.8520993325689598e-17 -0.87082578434497804 5.6432918911604749e-18 -0.491591754731458 0.491591754731458 6.4016016251039366e-17 -0.87082578434497804 
1 -131.12263828199099 158.14512611807899 142.093011038719 2.65554216723585e-17 -1 -5.8520993325689598e-17 -0.87082578434497804 5.6432918911604749e-18 -0.491591754731458 0.491591754731458 6.4016016251039366e-17 -0.87082578434497804 
1 -110.117169706238 158.14512611807899 154.34111837178 2.65554216723585e-17 -1 -5.8520993325689598e-17 -0.87082578434497804 5.6432918911604749e-18 -0.491591754731458 0.491591754731458 6.4016016251039366e-17 -0.87082578434497804 
1 -114.391041438529 158.14512611807899 151.78622511459 -2.6555421672358399e-17 1 5.8520993325689499e-17 0.491591754731458 6.4016016251039231e-17 -0.87082578434497804 -0.87082578434497804 5.6432918911605149e-18 -0.491591754731458 
1 -122.38086805671 158.14512611807899 147.48929883564401 2.65554216723585e-17 -1 -5.8520993325689598e-17 -0.87082578434497804 5.6432918911604749e-18 -0.491591754731458 0.491591754731458 6.4016016251039366e-17 -0.87082578434497804 
1 -246.694047247052 189.475074365719 195.90198972343501 0.86432297124625912 -0.12197974268204301 0.48792083758665306 -0.49159175473145778 -9.7144514654701173e-17 0.87082578434497815 -0.10622310509528866 -0.99253259008217098 -0.0599642357467573 
2 -244.10107833331301 189.10913513767301 197.36575223619499 0.491591754731458 6.4016016251039305e-17 -0.87082578434497804 -2.655542167235847e-17 1 5.8520993325689548e-17 0.87082578434497804 -5.6432918911604779e-18 0.491591754731458 3
3 -175.808042755759 60.625126118078803 245.10468457244599 -0 1 -0 -1.4571677198205199e-16 0 1 1 0 1.4571677198205199e-16 12.15
0.78539816339745405
1 -175.808042755759 60.625126118078803 245.10468457244599 0 -1 0 1 0 1.4571677198205199e-16 -1.4571677198205199e-16 0 1 
3 -175.808042755759 60.625126118078803 245.10468457244599 -0 1 -0 -1.4571677198205199e-16 0 1 1 0 1.4571677198205199e-16 12.15
0.78539816339745405
2 -175.808042755759 60.625126118078803 245.10468457244599 0 -1 0 -1.4571677198205199e-16 0 1 -1 -0 -1.4571677198205199e-16 13.5
2 -175.808042755759 60.625126118078803 245.10468457244599 0 -1 0 -1.4571677198205199e-16 0 1 -1 -0 -1.4571677198205199e-16 13.5
1 -211.31508431092101 220.62512611807901 224.60468457244599 0 -1 0 1 0 1.4571677198205199e-16 -1.4571677198205199e-16 0 1 
3 -175.808042755759 221.42512611807899 245.10468457244599 -0 1 -0 -1.4571677198205199e-16 0 1 1 0 1.4571677198205199e-16 19.800000000000001
0.78539816339745505
3 -175.808042755759 221.42512611807899 245.10468457244599 -0 1 -0 -1.4571677198205199e-16 0 1 1 0 1.4571677198205199e-16 19.800000000000001
0.78539816339745505
1 -156.00804275575899 221.42512611807899 245.10468457244599 0 -1 0 1 0 1.4571677198205199e-16 -1.4571677198205199e-16 0 1 
1 -187.643723274146 220.62512611807901 265.60468457244599 0.86602540378443882 0 -0.49999999999999989 0 1 0 0.49999999999999989 -0 0.86602540378443882 
3 -175.808042755759 237.62512611807901 245.10468457244599 -0 -1 -0 1.4571677198205199e-16 0 -1 1 -0 1.4571677198205199e-16 20.5
1.2217304763960399
1 -199.47940379253399 220.62512611807901 245.10468457244599 0.86602540378443882 0 0.49999999999999989 0 -1 0 0.49999999999999989 0 -0.86602540378443882 
1 -163.97236223737201 220.62512611807901 265.60468457244599 1.4571677198205199e-16 0 -1 -1 -0 -1.4571677198205199e-16 -0 1 0 
3 -175.808042755759 237.62512611807901 245.10468457244599 -0 -1 -0 1.4571677198205199e-16 0 -1 1 -0 1.4571677198205199e-16 20.5
1.2217304763960399
3 -175.808042755759 237.62512611807901 245.10468457244599 -0 -1 -0 1.4571677198205199e-16 0 -1 1 -0 1.4571677198205199e-16 20.5
1.2217304763960399
1 -187.643723274146 220.62512611807901 224.60468457244599 8.5050594352461597e-19 0 1 -1 0 8.5050594352461597e-19 0 -1 0 
3 -175.808042755759 237.62512611807901 245.10468457244599 -0 -1 -0 1.4571677198205199e-16 0 -1 1 -0 1.4571677198205199e-16 20.5
1.2217304763960399
1 -163.97236223737201 220.62512611807901 224.60468457244599 -0.86602540378443882 0 0.49999999999999989 0 1 0 -0.49999999999999989 0 -0.86602540378443882 
3 -175.808042755759 237.62512611807901 245.10468457244599 -0 -1 -0 1.4571677198205199e-16 0 -1 1 -0 1.4571677198205199e-16 20.5
1.2217304763960399
1 -152.13668171898399 220.62512611807901 245.10468457244599 -0.86602540378443882 -0 -0.49999999999999989 0.49999999999999989 0 -0.86602540378443882 0 -1 0 
3 -175.808042755759 237.62512611807901 245.10468457244599 -0 -1 -0 1.4571677198205199e-16 0 -1 1 -0 1.4571677198205199e-16 20.5
1.2217304763960399
1 -211.31508431092101 237.62512611807901 224.60468457244599 0 -1 0 1 0 1.4571677198205199e-16 -1.4571677198205199e-16 0 1 
3 -175.808042755759 53.628768359027198 245.10468457244599 0 -1 -0 0.99335046536057725 0 0.11512972234798703 -0.11512972234798703 -0 0.99335046536057725 11.875999999999999
1.0471975511966001
3 -175.808042755759 53.628768359027198 245.10468457244599 0 -1 -0 0.99335046536057725 0 0.11512972234798703 -0.11512972234798703 -0 0.99335046536057725 11.875999999999999
1.0471975511966001
1 -171.087724139492 51.825126118078799 204.37731549266201 0 1 0 0.11512972234798703 0 -0.99335046536057725 -0.99335046536057725 0 -0.11512972234798703 
2 -175.808042755759 75.625126118078796 245.10468457244599 -0 1 0 0.99335046536057725 0 0.11512972234798703 0.11512972234798703 0 -0.99335046536057725 11.875999999999999
3 -175.808042755759 75.625126118078796 245.10468457244599 -0 1 0 -0.99335046536057725 0 -0.11512972234798703 -0.11512972234798703 -0 0.99335046536057725 13.6796422409484
0.52359877559829704
3 -175.808042755759 75.625126118078796 245.10468457244599 -0 1 0 -0.99335046536057725 0 -0.11512972234798703 -0.11512972234798703 -0 0.99335046536057725 13.6796422409484
0.52359877559829704
1 -171.087724139492 75.625126118078796 204.37731549266201 0 1 0 0.11512972234798703 0 -0.99335046536057725 -0.99335046536057725 0 -0.11512972234798703 
3 -175.808042755759 51.825126118078799 245.10468457244599 -0 1 0 -0.99335046536057725 0 -0.11512972234798703 -0.11512972234798703 -0 0.99335046536057725 20.125
1.0471975511966001
3 -175.808042755759 51.825126118078799 245.10468457244599 -0 1 0 -0.99335046536057725 0 -0.11512972234798703 -0.11512972234798703 -0 0.99335046536057725 20.125
1.0471975511966001
1 -152.29408525416099 75.625126118078796 247.82996179620901 0.80270187668935999 -0 0.59638049696429496 0 1 0 -0.59638049696429496 0 0.80270187668935999 
1 -166.41122331309401 75.625126118078796 266.83100772421898 -0.11512972234798703 0 0.99335046536057725 0.99335046536057725 0 0.11512972234798703 0 1 -0 
1 -189.925180814692 75.625126118078796 264.10573050045599 -0.91783159903734757 0 0.39696996839628285 0 -1 0 0.39696996839628285 0 0.91783159903734757 
3 -175.808042755759 73.577633618853397 245.10468457244599 0 -1 -0 0.99335046536057725 0 0.11512972234798703 -0.11512972234798703 -0 0.99335046536057725 23.671361036774702
1.0471975511966001
3 -175.808042755759 73.577633618853397 245.10468457244599 0 -1 -0 0.99335046536057725 0 0.11512972234798703 -0.11512972234798703 -0 0.99335046536057725 23.671361036774702
1.0471975511966001
2 -175.808042755759 75.625126118078796 245.10468457244599 -0 1 0 0.99335046536057725 0 0.11512972234798703 0.11512972234798703 0 -0.99335046536057725 11.875999999999999
1 -161.69090469682601 75.625126118078796 226.10363864443599 0.91783159903734757 0 -0.39696996839628285 0 1 0 0.39696996839628285 -0 0.91783159903734757 
1 -185.204862198424 75.625126118078796 223.378361420673 0.11512972234798703 0 -0.99335046536057725 0 1 0 0.99335046536057725 -0 0.11512972234798703 
1 -199.32200025735699 75.625126118078796 242.379407348683 -0.80270187668935999 0 -0.59638049696429496 -0.59638049696429496 0 0.80270187668935999 0 1 0 
2 -175.808042755759 255.98046517740599 245.10468457244599 -0 1 0 1 0 0 0 0 -1 12.5
2 -175.808042755759 255.98046517740599 245.10468457244599 -0 1 0 1 0 0 0 0 -1 12.5
1 -430.34617516850898 75.625126118078796 280.10468457244599 2.4781763942525798e-17 1 0 1 -2.4781763942525798e-17 0 0 0 -1 
1 -430.34617516850898 80.625126118078796 280.10468457244599 2.4781763942525798e-17 1 0 1 -2.4781763942525798e-17 0 0 0 -1 
2 -175.808042755759 255.98046517740599 245.10468457244599 -0 1 0 1 0 0 0 0 -1 12.5
2 -175.808042755759 255.98046517740599 245.10468457244599 -0 1 0 1 0 0 0 0 -1 12.5
1 -430.34617516850898 215.62512611807901 280.10468457244599 0 -1 0 0 0 -1 1 0 0 
1 -430.34617516850898 220.62512611807901 280.10468457244599 0 -1 0 0 0 -1 1 0 0 
2 -417.34617516850898 148.12512611807901 245.10468457244599 1 0 -0 0 0 1 0 -1 0 5.5
1 -417.34617516850898 124.667760290751 210.10468457244599 1 0 0 -0 1 0 0 -0 1 
2 -417.34617516850898 148.12512611807901 245.10468457244599 1 0 -0 0 0 1 0 -1 0 5.5
1 -425.34617516850898 220.62512611807901 280.10468457244599 1 1.43563322149805e-16 0 -1.43563322149805e-16 1 0 0 -0 1 
2 -490.34617516850898 148.12512611807901 245.10468457244599 -1 0 0 0 0 -1 -0 -1 -0 5.5
1 -490.34617516850898 148.12512611807901 245.10468457244599 -1 0 0 0 0 1 0 1 -0 
2 -490.34617516850898 148.12512611807901 245.10468457244599 -1 0 0 0 0 -1 -0 -1 -0 5.5
1 -430.34617516850898 220.62512611807901 280.10468457244599 1 1.43563322149805e-16 0 -1.43563322149805e-16 1 0 0 -0 1 
1 -450.34617516850898 213.12512611807901 242.10468457244599 0 -1.0675221390626501e-16 -1 0 -1 1.0675221390626501e-16 -1 -0 0 
1 -450.34617516850898 124.667760290751 210.10468457244599 -1 0 0 0 0 1 0 1 -0 
1 -450.34617516850898 213.12512611807901 248.10468457244599 0 1.0675221390626501e-16 1 0 -1 1.0675221390626501e-16 1 0 -0 
1 -426.92576193585103 124.667760290751 280.10468457244599 0 0 1 1 0 -0 -0 1 0 
1 -430.34617516850898 80.625126118078796 280.10468457244599 2.4781763942525798e-17 1 0 1 -2.4781763942525798e-17 0 0 0 -1 
1 -430.34617516850898 215.62512611807901 280.10468457244599 0 -1 0 0 0 -1 1 0 0 
1 -426.92576193585103 124.667760290751 280.10468457244599 0 0 1 1 0 -0 -0 1 0 
1 -412.34617516850898 124.667760290751 210.10468457244599 1 0 0 -0 1 0 0 -0 1 
1 -150.34617516850901 220.62512611807901 280.10468457244599 -1 0 0 0 0 1 0 1 -0 
1 -426.92576193585103 124.667760290751 210.10468457244599 0 0 1 1 0 -0 -0 1 0 
1 -426.92576193585103 124.667760290751 210.10468457244599 0 0 1 1 0 -0 -0 1 0 
1 -412.34617516850898 220.62512611807901 285.10468457244599 0 1.9141776286640599e-16 -1 -1 0 0 0 1 1.9141776286640599e-16 
1 -412.34617516850898 220.62512611807901 205.10468457244599 0 -1.19636101791504e-16 1 0 -1 -1.19636101791504e-16 1 0 0 
1 -150.34617516850901 220.62512611807901 280.10468457244599 -1 0 0 0 0 1 0 1 -0 
1 -426.92576193585103 124.667760290751 280.10468457244599 0 0 1 1 0 -0 -0 1 0 
1 -426.92576193585103 124.667760290751 210.10468457244599 0 0 1 1 0 -0 -0 1 0 
1 -450.34617516850898 213.12512611807901 248.10468457244599 0 1.0675221390626501e-16 1 0 -1 1.0675221390626501e-16 1 0 -0 
1 -450.34617516850898 124.667760290751 210.10468457244599 -1 0 0 0 0 1 0 1 -0 
1 -450.34617516850898 213.12512611807901 242.10468457244599 0 -1.0675221390626501e-16 -1 0 -1 1.0675221390626501e-16 -1 -0 0 
1 -450.34617516850898 83.125126118078697 242.10468457244599 0 -1 0 0 0 -1 1 0 0 
1 -450.34617516850898 213.12512611807901 242.10468457244599 -0 1 0 1 0 0 0 0 -1 
Triangulations 0

TShapes 2442
Ve
1e-07
-135.893758194525 198.272711201259 -32.765315427554
0 0

0101101
*
Ve
1e-07
-142.669677478834 193.405126118079 -32.765315427554
0 0

0101101
*
Ed
 1e-07 1 1 0
1  1 0 1.89570144486003 3.14159265358979
2  1 1 0 1.89570144486003 3.14159265358979
4 C0 1 0 2 0
0

0101000
+2442 0 -2441 0 *
Ve
1e-07
-135.893758194525 198.272711201259 -20.065315427554
0 0

0101101
*
Ed
 1e-07 1 1 0
1  2 0 0 12.7
2  2 1 0 0 12.7
4 G1 1 0 3 0
0

0101000
+2439 0 -2442 0 *
Ve
1e-07
-142.669677478834 193.405126118079 -20.065315427554
0 0

0101101
*
Ed
 1e-07 1 1 0
1  3 0 1.89570144486003 3.14159265358979
2  3 1 0 1.89570144486003 3.14159265358979
4 C0 1 0 4 0
0

0101000
+2439 0 -2437 0 *
Ed
 1e-07 1 1 0
1  4 0 0 12.7
2  4 1 0 0 12.7
2  5 5 0 0 12.7
4 CN 1 0 5 0
0

0101000
+2437 0 -2441 0 *
Wi

0101100
-2440 0 -2438 0 +2436 0 +2435 0 *
Fa
0  1e-07 1 0

0111000
+2434 0 *
Ve
1e-07
18.106241805475 88.7227112012587 -32.765315427554
0 0

0101101
*
Ve
1e-07
11.3303225211656 83.8551261180787 -32.765315427554
0 0

0101101
*
Ed
 1e-07 1 1 0
1  5 0 1.89570144486001 3.14159265358979
2  6 6 0 1.89570144486001 3.14159265358979
4 C0 6 0 2 0
0

0101000
+2432 0 -2431 0 *
Ve
1e-07
18.106241805475 88.7227112012587 -20.065315427554
0 0

0101101
*
Ed
 1e-07 1 1 0
1  6 0 0 12.7
2  7 6 0 0 12.7
4 G1 6 0 7 0
0

0101000
+2429 0 -2432 0 *
Ve
1e-07
11.3303225211656 83.8551261180787 -20.065315427554
0 0

0101101
*
Ed
 1e-07 1 1 0
1  7 0 1.89570144486001 3.14159265358979
2  8 6 0 1.89570144486001 3.14159265358979
4 C0 6 0 4 0
0

0101000
+2429 0 -2427 0 *
Ed
 1e-07 1 1 0
1  8 0 0 12.7
2  9 6 0 0 12.7
2  10 8 0 0 12.7
4 CN 6 0 8 0
0

0101000
+2427 0 -2431 0 *
Wi

0101100
-2430 0 -2428 0 +2426 0 +2425 0 *
Fa
0  1e-07 6 0

0111000
+2424 0 *
Ve
1e-07
19.706241805475 202.837541034899 -32.765315427554
0 0

0101101
*
Ve
1e-07
12.9303225211655 193.405126118079 -32.765315427554
0 0

0101101
*
Ed
 1e-07 1 1 0
1  9 0 4.38748386231957 6.28318530717959
2  11 9 0 4.38748386231957 6.28318530717959
4 C0 9 0 2 0
0

0101000
+2422 0 -2421 0 *
Ve
1e-07
19.706241805475 202.837541034899 -20.065315427554
0 0

0101101
*
Ed
 1e-07 1 1 0
1  10 0 0 12.7
2  12 9 0 0 12.7
4 G1 9 0 10 0
0

0101000
+2419 0 -2422 0 *
Ve
1e-07
12.9303225211655 193.405126118079 -20.065315427554
0 0

0101101
*
Ed
 1e-07 1 1 0
1  11 0 4.38748386231957 6.28318530717959
2  13 9 0 4.38748386231957 6.28318530717959
4 C0 9 0 4 0
0

0101000
+2419 0 -2417 0 *
Ed
 1e-07 1 1 0
1  12 0 0 12.7
2  14 9 0 0 12.7
2  15 11 0 0 12.7
4 CN 9 0 11 0
0

0101000
+2417 0 -2421 0 *
Wi

0101100
-2420 0 -2418 0 +2416 0 +2415 0 *
Fa
0  1e-07 9 0

0111000
+2414 0 *
Ve
1e-07
-134.293758194525 93.2875410348988 -32.765315427554
0 0

0101101
*
Ve
1e-07
-141.069677478834 83.8551261180787 -32.765315427554
0 0

0101101
*
Ed
 1e-07 1 1 0
1  13 0 4.38748386231954 6.28318530717959
2  16 12 0 4.38748386231954 6.28318530717959
4 C0 12 0 2 0
0

0101000
+2412 0 -2411 0 *
Ve
1e-07
-134.293758194525 93.2875410348988 -20.065315427554
0 0

0101101
*
Ed
 1e-07 1 1 0
1  14 0 0 12.7
2  17 12 0 0 12.7
4 G1 12 0 13 0
0

0101000
+2409 0 -2412 0 *
Ve
1e-07
-141.069677478834 83.8551261180787 -20.065315427554
0 0

0101101
*
Ed
 1e-07 1 1 0
1  15 0 4.38748386231954 6.28318530717959
2  18 12 0 4.38748386231954 6.28318530717959
4 C0 12 0 4 0
0

0101000
+2409 0 -2407 0 *
Ed
 1e-07 1 1 0
1  16 0 0 12.7
2  19 12 0 0 12.7
2  20 14 0 0 12.7
4 CN 12 0 14 0
0

0101000
+2407 0 -2411 0 *
Wi

0101100
-2410 0 -2408 0 +2406 0 +2405 0 *
Fa
0  1e-07 12 0

0111000
+2404 0 *
Ve
1e-07
-64.8696774788344 72.7551261180787 -18.535315427554
0 0

0101101
*
Ve
1e-07
-64.8696774788345 223.555126118079 -18.535315427554
0 0

0101101
*
Ed
 1e-07 1 1 0
1  17 0 0 3.14159265358979
2  21 15 0 0 3.14159265358979
4 C0 15 0 16 0
0

0101000
+2402 0 -2401 0 *
Ve
1e-07
-64.8696774788344 72.7551261180787 -20.065315427554
0 0

0101101
*
Ed
 1e-07 1 1 0
1  18 0 0 1.53
2  22 15 0 0 1.53
2  23 17 0 0 1.53
4 CN 15 0 17 0
0

0101000
+2402 0 -2399 0 *
Ve
1e-07
-64.8696774788345 223.555126118079 -20.065315427554
0 0

0101101
*
Ed
 1e-07 1 1 0
1  19 0 0 3.14159265358979
2  24 15 0 0 3.14159265358979
4 C0 15 0 4 0
0

0101000
+2399 0 -2397 0 *
Ed
 1e-07 1 1 0
1  20 0 0 1.53
2  25 15 0 0 1.53
2  26 17 0 0 1.53
4 CN 15 0 17 0
0

0101000
+2401 0 -2397 0 *
Wi

0101100
-2400 0 +2398 0 +2396 0 -2395 0 *
Fa
0  1e-07 15 0

0111000
+2394 0 *
Ve
1e-07
-134.293758194525 203.022711201259 -20.065315427554
0 0

0101101
*
Ve
1e-07
-134.293758194525 203.022711201259 -32.765315427554
0 0

0101101
*
Ed
 1e-07 1 1 0
1  21 0 0 12.7
2  27 18 0 0 12.7
4 G1 18 0 3 0
0

0101000
+2392 0 -2391 0 *
Ve
1e-07
-141.069677478834 212.455126118079 -32.765315427554
0 0

0101101
*
Ed
 1e-07 1 1 0
1  22 0 0 1.89570144486003
2  28 18 0 0 1.89570144486003
4 C0 18 0 2 0
0

0101000
+2389 0 -2391 0 *
Ve
1e-07
-141.069677478834 212.455126118079 -20.065315427554
0 0

0101101
*
Ed
 1e-07 1 1 0
1  23 0 0 12.7
2  29 18 0 0 12.7
2  30 19 0 0 12.7
4 CN 18 0 19 0
0

0101000
+2387 0 -2389 0 *
Ed
 1e-07 1 1 0
1  24 0 0 1.89570144486003
2  31 18 0 0 1.89570144486003
4 C0 18 0 4 0
0

0101000
+2387 0 -2392 0 *
Wi

0101100
+2390 0 -2388 0 -2386 0 +2385 0 *
Fa
0  1e-07 18 0

0111000
+2384 0 *
Ve
1e-07
19.706241805475 93.4727112012587 -20.065315427554
0 0

0101101
*
Ve
1e-07
19.706241805475 93.4727112012587 -32.765315427554
0 0

0101101
*
Ed
 1e-07 1 1 0
1  25 0 0 12.7
2  32 20 0 0 12.7
4 G1 20 0 7 0
0

0101000
+2382 0 -2381 0 *
Ve
1e-07
12.9303225211655 102.905126118079 -32.765315427554
0 0

0101101
*
Ed
 1e-07 1 1 0
1  26 0 0 1.89570144486001
2  33 20 0 0 1.89570144486001
4 C0 20 0 2 0
0

0101000
+2379 0 -2381 0 *
Ve
1e-07
12.9303225211655 102.905126118079 -20.065315427554
0 0

0101101
*
Ed
 1e-07 1 1 0
1  27 0 0 12.7
2  34 20 0 0 12.7
2  35 21 0 0 12.7
4 CN 20 0 21 0
0

0101000
+2377 0 -2379 0 *
Ed
 1e-07 1 1 0
1  28 0 0 1.89570144486001
2  36 20 0 0 1.89570144486001
4 C0 20 0 4 0
0

0101000
+2377 0 -2382 0 *
Wi

0101100
+2380 0 -2378 0 -2376 0 +2375 0 *
Fa
0  1e-07 20 0

0111000
+2374 0 *
Ve
1e-07
18.106241805475 207.587541034899 -20.065315427554
0 0

0101101
*
Ve
1e-07
18.106241805475 207.587541034899 -32.765315427554
0 0

0101101
*
Ed
 1e-07 1 1 0
1  29 0 0 12.7
2  37 22 0 0 12.7
4 G1 22 0 10 0
0

0101000
+2372 0 -2371 0 *
Ve
1e-07
11.3303225211656 212.455126118079 -32.765315427554
0 0

0101101
*
Ed
 1e-07 1 1 0
1  30 0 3.14159265358979 4.38748386231957
2  38 22 0 3.14159265358979 4.38748386231957
4 C0 22 0 2 0
0

0101000
+2369 0 -2371 0 *
Ve
1e-07
11.3303225211656 212.455126118079 -20.065315427554
0 0

0101101
*
Ed
 1e-07 1 1 0
1  31 0 0 12.7
2  39 22 0 0 12.7
2  40 23 0 0 12.7
4 CN 22 0 23 0
0

0101000
+2367 0 -2369 0 *
Ed
 1e-07 1 1 0
1  32 0 3.14159265358979 4.38748386231957
2  41 22 0 3.14159265358979 4.38748386231957
4 C0 22 0 4 0
0

0101000
+2367 0 -2372 0 *
Wi

0101100
+2370 0 -2368 0 -2366 0 +2365 0 *
Fa
0  1e-07 22 0

0111000
+2364 0 *
Ve
1e-07
-135.893758194525 98.0375410348988 -20.065315427554
0 0

0101101
*
Ve
1e-07
-135.893758194525 98.0375410348988 -32.765315427554
0 0

0101101
*
Ed
 1e-07 1 1 0
1  33 0 0 12.7
2  42 24 0 0 12.7
4 G1 24 0 13 0
0

0101000
+2362 0 -2361 0 *
Ve
1e-07
-142.669677478834 102.905126118079 -32.765315427554
0 0

0101101
*
Ed
 1e-07 1 1 0
1  34 0 3.14159265358979 4.38748386231954
2  43 24 0 3.14159265358979 4.38748386231954
4 C0 24 0 2 0
0

0101000
+2359 0 -2361 0 *
Ve
1e-07
-142.669677478834 102.905126118079 -20.065315427554
0 0

0101101
*
Ed
 1e-07 1 1 0
1  35 0 0 12.7
2  44 24 0 0 12.7
2  45 25 0 0 12.7
4 CN 24 0 25 0
0

0101000
+2357 0 -2359 0 *
Ed
 1e-07 1 1 0
1  36 0 3.14159265358979 4.38748386231954
2  46 24 0 3.14159265358979 4.38748386231954
4 C0 24 0 4 0
0

0101000
+2357 0 -2362 0 *
Wi

0101100
+2360 0 -2358 0 -2356 0 +2355 0 *
Fa
0  1e-07 24 0

0111000
+2354 0 *
Ve
1e-07
-144.064816218532 142.455126118079 23.7046845724459
0 0

0101101
*
Ve
1e-07
-70.5696774788344 68.9599873783808 23.7046845724459
0 0

0101101
*
Ed
 1e-07 1 1 0
1  37 0 4.784239198099 6.21133508946528
2  47 26 0 4.784239198099 6.21133508946528
4 C0 26 0 27 0
0

0101000
+2352 0 -2351 0 *
Ve
1e-07
-144.064816218532 142.455126118079 -18.535315427554
0 0

0101101
*
Ed
 1e-07 1 1 0
1  38 0 14.231 56.4709999999999
2  48 26 0 14.231 56.4709999999999
4 C0 26 0 28 0
0

0101000
+2349 0 -2352 0 *
Ve
1e-07
-70.5696774788344 68.9599873783808 -18.535315427554
0 0

0101101
*
Ed
 1e-07 1 1 0
1  39 0 4.784239198099 6.21133508946528
2  49 26 0 4.784239198099 6.21133508946528
4 C0 26 0 16 0
0

0101000
+2349 0 -2347 0 *
Ed
 1e-07 1 1 0
1  40 0 14.231 56.4709999999999
2  50 26 0 14.231 56.4709999999999
4 C0 26 0 29 0
0

0101000
+2347 0 -2351 0 *
Wi

0101100
-2350 0 -2348 0 +2346 0 +2345 0 *
Fa
0  1e-07 26 0

0111000
+2344 0 *
Ve
1e-07
-70.5696774788344 227.350264857777 -18.535315427554
0 0

0101101
*
Ve
1e-07
-144.064816218532 153.855126118079 -18.535315427554
0 0

0101101
*
Ed
 1e-07 1 1 0
1  41 0 3.2134428713041 4.64053876267038
2  51 30 0 3.2134428713041 4.64053876267038
4 C0 30 0 16 0
0

0101000
+2342 0 -2341 0 *
Ve
1e-07
-144.064816218532 153.855126118079 23.7046845724459
0 0

0101101
*
Ed
 1e-07 1 1 0
1  42 0 14.231 56.4709999999999
2  52 30 0 14.231 56.4709999999999
4 C0 30 0 31 0
0

0101000
+2341 0 -2339 0 *
Ve
1e-07
-70.5696774788344 227.350264857777 23.7046845724459
0 0

0101101
*
Ed
 1e-07 1 1 0
1  43 0 3.2134428713041 4.64053876267038
2  53 30 0 3.2134428713041 4.64053876267038
4 C0 30 0 27 0
0

0101000
+2337 0 -2339 0 *
Ed
 1e-07 1 1 0
1  44 0 14.231 56.4709999999999
2  54 30 0 14.231 56.4709999999999
4 C0 30 0 32 0
0

0101000
+2342 0 -2337 0 *
Wi

0101100
+2340 0 +2338 0 -2336 0 -2335 0 *
Fa
0  1e-07 30 0

0111000
+2334 0 *
Ve
1e-07
14.3254612608635 153.855126118079 -18.535315427554
0 0

0101101
*
Ve
1e-07
-59.1696774788345 227.350264857777 -18.535315427554
0 0

0101101
*
Ed
 1e-07 1 1 0
1  45 0 1.64264654450921 3.06974243587548
2  55 33 0 1.64264654450921 3.06974243587548
4 C0 33 0 16 0
0

0101000
+2332 0 -2331 0 *
Ve
1e-07
-59.1696774788345 227.350264857777 23.7046845724459
0 0

0101101
*
Ed
 1e-07 1 1 0
1  46 0 14.231 56.4709999999999
2  56 33 0 14.231 56.4709999999999
4 C0 33 0 34 0
0

0101000
+2331 0 -2329 0 *
Ve
1e-07
14.3254612608635 153.855126118079 23.7046845724459
0 0

0101101
*
Ed
 1e-07 1 1 0
1  47 0 1.64264654450921 3.06974243587548
2  57 33 0 1.64264654450921 3.06974243587548
4 C0 33 0 27 0
0

0101000
+2327 0 -2329 0 *
Ed
 1e-07 1 1 0
1  48 0 14.231 56.4709999999999
2  58 33 0 14.231 56.4709999999999
4 C0 33 0 35 0
0

0101000
+2332 0 -2327 0 *
Wi

0101100
+2330 0 +2328 0 -2326 0 -2325 0 *
Fa
0  1e-07 33 0

0111000
+2324 0 *
Ve
1e-07
23.9803225211655 68.7551261180787 -20.065315427554
0 0

0101101
*
Ve
1e-07
-153.719677478834 68.7551261180787 -20.065315427554
0 0

0101101
*
Ed
 1e-07 1 1 0
1  49 0 -177.7 0
4 C0 36 0 4 0
0

0101000
+2322 0 -2321 0 *
Ve
1e-07
-153.719677478834 68.7551261180787 -32.765315427554
0 0

0101101
*
Ed
 1e-07 1 1 0
1  50 0 0 12.7
4 C0 36 0 37 0
0

0101000
+2319 0 -2321 0 *
Ve
1e-07
23.9803225211655 68.7551261180787 -32.765315427554
0 0

0101101
*
Ed
 1e-07 1 1 0
1  51 0 -177.7 0
4 C0 36 0 2 0
0

0101000
+2317 0 -2319 0 *
Ed
 1e-07 1 1 0
1  52 0 0 12.7
4 C0 36 0 38 0
0

0101000
+2317 0 -2322 0 *
Wi

0101100
+2320 0 -2318 0 -2316 0 +2315 0 *
Fa
0  1e-07 36 0

0111000
-2314 0 *
Ve
1e-07
-160.119677478834 75.1551261180787 -20.065315427554
0 0

0101101
*
Ed
 1e-07 1 1 0
1  53 0 0 9.0509667991878
4 C0 37 0 4 0
0

0101000
+2321 0 -2312 0 *
Ve
1e-07
-160.119677478834 75.1551261180787 -32.765315427554
0 0

0101101
*
Ed
 1e-07 1 1 0
1  54 0 0 12.7
4 C0 37 0 39 0
0

0101000
+2310 0 -2312 0 *
Ed
 1e-07 1 1 0
1  55 0 0 9.0509667991878
4 C0 37 0 2 0
0

0101000
+2319 0 -2310 0 *
Wi

0101100
+2311 0 -2309 0 -2308 0 +2318 0 *
Fa
0  1e-07 37 0

0111000
-2307 0 *
Ve
1e-07
-160.119677478834 221.155126118079 -20.065315427554
0 0

0101101
*
Ed
 1e-07 1 1 0
1  56 0 0 146
4 C0 39 0 4 0
0

0101000
+2312 0 -2305 0 *
Ve
1e-07
-160.119677478834 221.155126118079 -32.765315427554
0 0

0101101
*
Ed
 1e-07 1 1 0
1  57 0 0 12.7
4 C0 39 0 40 0
0

0101000
+2303 0 -2305 0 *
Ed
 1e-07 1 1 0
1  58 0 0 146
4 C0 39 0 2 0
0

0101000
+2310 0 -2303 0 *
Wi

0101100
+2304 0 -2302 0 -2301 0 +2309 0 *
Fa
0  1e-07 39 0

0111000
-2300 0 *
Ve
1e-07
-153.719677478834 227.555126118079 -20.065315427554
0 0

0101101
*
Ed
 1e-07 1 1 0
1  59 0 0 9.0509667991878
4 C0 40 0 4 0
0

0101000
+2305 0 -2298 0 *
Ve
1e-07
-153.719677478834 227.555126118079 -32.765315427554
0 0

0101101
*
Ed
 1e-07 1 1 0
1  60 0 0 12.7
4 C0 40 0 41 0
0

0101000
+2296 0 -2298 0 *
Ed
 1e-07 1 1 0
1  61 0 0 9.0509667991878
4 C0 40 0 2 0
0

0101000
+2303 0 -2296 0 *
Wi

0101100
+2297 0 -2295 0 -2294 0 +2302 0 *
Fa
0  1e-07 40 0

0111000
-2293 0 *
Ve
1e-07
23.9803225211655 227.555126118079 -20.065315427554
0 0

0101101
*
Ed
 1e-07 1 1 0
1  62 0 0 177.7
4 C0 41 0 4 0
0

0101000
+2298 0 -2291 0 *
Ve
1e-07
23.9803225211655 227.555126118079 -32.765315427554
0 0

0101101
*
Ed
 1e-07 1 1 0
1  63 0 0 12.7
4 C0 41 0 42 0
0

0101000
+2289 0 -2291 0 *
Ed
 1e-07 1 1 0
1  64 0 0 177.7
4 C0 41 0 2 0
0

0101000
+2296 0 -2289 0 *
Wi

0101100
+2290 0 -2288 0 -2287 0 +2295 0 *
Fa
0  1e-07 41 0

0111000
-2286 0 *
Ve
1e-07
30.3803225211655 221.155126118079 -20.065315427554
0 0

0101101
*
Ed
 1e-07 1 1 0
1  65 0 -9.05096679918779 0
4 C0 42 0 4 0
0

0101000
+2291 0 -2284 0 *
Ve
1e-07
30.3803225211655 221.155126118079 -32.765315427554
0 0

0101101
*
Ed
 1e-07 1 1 0
1  66 0 0 12.7
4 C0 42 0 43 0
0

0101000
+2282 0 -2284 0 *
Ed
 1e-07 1 1 0
1  67 0 -9.05096679918779 0
4 C0 42 0 2 0
0

0101000
+2289 0 -2282 0 *
Wi

0101100
+2283 0 -2281 0 -2280 0 +2288 0 *
Fa
0  1e-07 42 0

0111000
-2279 0 *
Ve
1e-07
30.3803225211655 75.1551261180787 -20.065315427554
0 0

0101101
*
Ed
 1e-07 1 1 0
1  68 0 -146 0
4 C0 43 0 4 0
0

0101000
+2284 0 -2277 0 *
Ve
1e-07
30.3803225211655 75.1551261180787 -32.765315427554
0 0

0101101
*
Ed
 1e-07 1 1 0
1  69 0 0 12.7
4 C0 43 0 38 0
0

0101000
+2275 0 -2277 0 *
Ed
 1e-07 1 1 0
1  70 0 -146 0
4 C0 43 0 2 0
0

0101000
+2282 0 -2275 0 *
Wi

0101100
+2276 0 -2274 0 -2273 0 +2281 0 *
Fa
0  1e-07 43 0

0111000
-2272 0 *
Ed
 1e-07 1 1 0
1  71 0 -9.0509667991878 0
4 C0 38 0 4 0
0

0101000
+2277 0 -2322 0 *
Ed
 1e-07 1 1 0
1  72 0 -9.0509667991878 0
4 C0 38 0 2 0
0

0101000
+2275 0 -2317 0 *
Wi

0101100
+2270 0 -2315 0 -2269 0 +2274 0 *
Fa
0  1e-07 38 0

0111000
-2268 0 *
Wi

0101100
+2316 0 +2308 0 +2301 0 +2294 0 +2287 0 +2280 0 +2273 0 +2269 0 *
Ed
 1e-07 1 1 0
1  73 0 -0 5.0122350304031
4 C0 2 0 3 0
0

0101000
+2391 0 -2442 0 *
Ve
1e-07
-147.845596763144 207.587541034899 -32.765315427554
0 0

0101101
*
Ed
 1e-07 1 1 0
1  74 0 5.03729409844978 6.28318530717959
2  59 19 0 5.03729409844978 6.28318530717959
4 C0 2 0 19 0
0

0101000
+2264 0 -2389 0 *
Ve
1e-07
-149.445596763144 202.837541034899 -32.765315427554
0 0

0101101
*
Ed
 1e-07 1 1 0
1  75 0 -5.01223503040311 0
4 C0 2 0 44 0
0

0101000
+2262 0 -2264 0 *
Ed
 1e-07 1 1 0
1  76 0 3.14159265358979 5.03729409844978
2  60 5 0 3.14159265358979 5.03729409844978
4 C0 2 0 5 0
0

0101000
+2441 0 -2262 0 *
Wi

0101100
-2265 0 -2388 0 -2263 0 -2261 0 -2260 0 -2440 0 *
Ve
1e-07
4.55440323685602 93.2875410348988 -32.765315427554
0 0

0101101
*
Ve
1e-07
6.15440323685604 98.0375410348988 -32.765315427554
0 0

0101101
*
Ed
 1e-07 1 1 0
1  77 0 0 5.01223503040311
4 C0 2 0 45 0
0

0101000
+2258 0 -2257 0 *
Ed
 1e-07 1 1 0
1  78 0 3.14159265358979 5.03729409844981
2  61 8 0 3.14159265358979 5.03729409844981
4 C0 2 0 8 0
0

0101000
+2431 0 -2258 0 *
Ed
 1e-07 1 1 0
1  79 0 -5.0122350304031 0
4 C0 2 0 7 0
0

0101000
+2381 0 -2432 0 *
Ed
 1e-07 1 1 0
1  80 0 5.03729409844982 6.28318530717959
2  62 21 0 5.03729409844982 6.28318530717959
4 C0 2 0 21 0
0

0101000
+2257 0 -2379 0 *
Wi

0101100
-2256 0 -2255 0 -2430 0 -2254 0 -2378 0 -2253 0 *
Ed
 1e-07 1 1 0
1  81 0 0 5.0122350304031
4 C0 2 0 10 0
0

0101000
+2371 0 -2422 0 *
Ve
1e-07
4.55440323685605 203.022711201259 -32.765315427554
0 0

0101101
*
Ed
 1e-07 1 1 0
1  82 0 1.24589120872979 3.14159265358979
2  63 23 0 1.24589120872979 3.14159265358979
4 C0 2 0 23 0
0

0101000
+2250 0 -2369 0 *
Ve
1e-07
6.15440323685604 198.272711201259 -32.765315427554
0 0

0101101
*
Ed
 1e-07 1 1 0
1  83 0 -5.0122350304031 0
4 C0 2 0 46 0
0

0101000
+2248 0 -2250 0 *
Ed
 1e-07 1 1 0
1  84 0 0 1.24589120872978
2  64 11 0 0 1.24589120872978
4 C0 2 0 11 0
0

0101000
+2421 0 -2248 0 *
Wi

0101100
-2251 0 -2368 0 -2249 0 -2247 0 -2246 0 -2420 0 *
Ve
1e-07
-147.845596763144 88.7227112012587 -32.765315427554
0 0

0101101
*
Ve
1e-07
-149.445596763144 93.4727112012587 -32.765315427554
0 0

0101101
*
Ed
 1e-07 1 1 0
1  85 0 0 5.01223503040311
4 C0 2 0 47 0
0

0101000
+2244 0 -2243 0 *
Ed
 1e-07 1 1 0
1  86 0 0 1.2458912087298
2  65 14 0 0 1.2458912087298
4 C0 2 0 14 0
0

0101000
+2411 0 -2244 0 *
Ed
 1e-07 1 1 0
1  87 0 -5.0122350304031 0
4 C0 2 0 13 0
0

0101000
+2361 0 -2412 0 *
Ed
 1e-07 1 1 0
1  88 0 1.24589120872981 3.14159265358979
2  66 25 0 1.24589120872981 3.14159265358979
4 C0 2 0 25 0
0

0101000
+2243 0 -2359 0 *
Wi

0101100
-2242 0 -2241 0 -2410 0 -2240 0 -2358 0 -2239 0 *
Fa
0  1e-07 2 0

0111000
-2266 0 -2259 0 -2252 0 -2245 0 -2238 0 *
Wi

0101100
-2311 0 -2320 0 -2270 0 -2276 0 -2283 0 -2290 0 -2297 0 -2304 0 *
Ve
1e-07
-147.845596763144 207.587541034899 -20.065315427554
0 0

0101101
*
Ed
 1e-07 1 1 0
1  89 0 5.03729409844978 6.28318530717959
2  67 19 0 5.03729409844978 6.28318530717959
4 C0 4 0 19 0
0

0101000
+2235 0 -2387 0 *
Ed
 1e-07 1 1 0
1  90 0 -0 5.0122350304031
4 C0 4 0 3 0
0

0101000
+2392 0 -2439 0 *
Ve
1e-07
-149.445596763144 202.837541034899 -20.065315427554
0 0

0101101
*
Ed
 1e-07 1 1 0
1  91 0 3.14159265358979 5.03729409844978
2  68 5 0 3.14159265358979 5.03729409844978
4 C0 4 0 5 0
0

0101000
+2437 0 -2232 0 *
Ed
 1e-07 1 1 0
1  92 0 -5.01223503040311 0
4 C0 4 0 44 0
0

0101000
+2232 0 -2235 0 *
Wi

0101100
+2234 0 +2385 0 +2233 0 +2436 0 +2231 0 +2230 0 *
Ve
1e-07
-147.845596763144 88.7227112012587 -20.065315427554
0 0

0101101
*
Ed
 1e-07 1 1 0
1  93 0 0 1.2458912087298
2  69 14 0 0 1.2458912087298
4 C0 4 0 14 0
0

0101000
+2407 0 -2228 0 *
Ve
1e-07
-149.445596763144 93.4727112012587 -20.065315427554
0 0

0101101
*
Ed
 1e-07 1 1 0
1  94 0 0 5.01223503040311
4 C0 4 0 47 0
0

0101000
+2228 0 -2226 0 *
Ed
 1e-07 1 1 0
1  95 0 1.24589120872981 3.14159265358979
2  70 25 0 1.24589120872981 3.14159265358979
4 C0 4 0 25 0
0

0101000
+2226 0 -2357 0 *
Ed
 1e-07 1 1 0
1  96 0 -5.0122350304031 0
4 C0 4 0 13 0
0

0101000
+2362 0 -2409 0 *
Wi

0101100
+2406 0 +2227 0 +2225 0 +2224 0 +2355 0 +2223 0 *
Ed
 1e-07 1 1 0
1  97 0 3.14159265358979 6.28318530717959
2  71 17 0 3.14159265358979 6.28318530717959
4 C0 4 0 17 0
0

0101000
+2397 0 -2399 0 *
Wi

0101100
-2221 0 -2396 0 *
Ve
1e-07
4.55440323685605 203.022711201259 -20.065315427554
0 0

0101101
*
Ed
 1e-07 1 1 0
1  98 0 1.24589120872979 3.14159265358979
2  72 23 0 1.24589120872979 3.14159265358979
4 C0 4 0 23 0
0

0101000
+2219 0 -2367 0 *
Ed
 1e-07 1 1 0
1  99 0 0 5.0122350304031
4 C0 4 0 10 0
0

0101000
+2372 0 -2419 0 *
Ve
1e-07
6.15440323685604 198.272711201259 -20.065315427554
0 0

0101101
*
Ed
 1e-07 1 1 0
1  100 0 0 1.24589120872978
2  73 11 0 0 1.24589120872978
4 C0 4 0 11 0
0

0101000
+2417 0 -2216 0 *
Ed
 1e-07 1 1 0
1  101 0 -5.0122350304031 0
4 C0 4 0 46 0
0

0101000
+2216 0 -2219 0 *
Wi

0101100
+2218 0 +2365 0 +2217 0 +2416 0 +2215 0 +2214 0 *
Ve
1e-07
4.55440323685602 93.2875410348988 -20.065315427554
0 0

0101101
*
Ed
 1e-07 1 1 0
1  102 0 3.14159265358979 5.03729409844981
2  74 8 0 3.14159265358979 5.03729409844981
4 C0 4 0 8 0
0

0101000
+2427 0 -2212 0 *
Ve
1e-07
6.15440323685601 98.0375410348988 -20.065315427554
0 0

0101101
*
Ed
 1e-07 1 1 0
1  103 0 0 5.0122350304031
4 C0 4 0 45 0
0

0101000
+2212 0 -2210 0 *
Ed
 1e-07 1 1 0
1  104 0 5.03729409844981 6.28318530717959
2  75 21 0 5.03729409844981 6.28318530717959
4 C0 4 0 21 0
0

0101000
+2210 0 -2377 0 *
Ed
 1e-07 1 1 0
1  105 0 -5.0122350304031 0
4 C0 4 0 7 0
0

0101000
+2382 0 -2429 0 *
Wi

0101100
+2426 0 +2211 0 +2209 0 +2208 0 +2375 0 +2207 0 *
Fa
0  1e-07 4 0

0111000
+2236 0 +2229 0 +2222 0 +2220 0 +2213 0 +2206 0 *
Ed
 1e-07 1 1 0
1  106 0 0 12.7
2  76 14 0 0 12.7
4 G1 14 0 47 0
0

0101000
+2228 0 -2244 0 *
Wi

0101100
+2227 0 +2204 0 -2241 0 -2405 0 *
Fa
0  1e-07 14 0

0111000
+2203 0 *
Wi

0101100
+2240 0 -2408 0 -2223 0 +2360 0 *
Fa
0  1e-07 13 0

0111000
-2201 0 *
Ed
 1e-07 1 1 0
1  107 0 0 12.7
2  77 25 0 0 12.7
4 G1 25 0 47 0
0

0101000
+2226 0 -2243 0 *
Wi

0101100
-2239 0 -2199 0 +2224 0 +2356 0 *
Fa
0  1e-07 25 0

0111000
+2198 0 *
Wi

0101100
+2242 0 -2199 0 -2225 0 +2204 0 *
Fa
0  1e-07 47 0

0111000
-2196 0 *
Ed
 1e-07 1 1 0
1  108 0 0 12.7
2  78 23 0 0 12.7
4 G1 23 0 46 0
0

0101000
+2219 0 -2250 0 *
Wi

0101100
-2249 0 -2194 0 +2218 0 +2366 0 *
Fa
0  1e-07 23 0

0111000
+2193 0 *
Ed
 1e-07 1 1 0
1  109 0 0 12.7
2  79 11 0 0 12.7
4 G1 46 0 11 0
0

0101000
+2216 0 -2248 0 *
Wi

0101100
+2247 0 -2194 0 -2214 0 +2191 0 *
Fa
0  1e-07 46 0

0111000
-2190 0 *
Wi

0101100
+2215 0 +2191 0 -2246 0 -2415 0 *
Fa
0  1e-07 11 0

0111000
+2188 0 *
Wi

0101100
+2251 0 -2418 0 -2217 0 +2370 0 *
Fa
0  1e-07 10 0

0111000
-2186 0 *
Ed
 1e-07 1 1 0
1  110 0 0 12.7
2  80 8 0 0 12.7
4 G1 8 0 45 0
0

0101000
+2212 0 -2258 0 *
Wi

0101100
+2211 0 +2184 0 -2255 0 -2425 0 *
Fa
0  1e-07 8 0

0111000
+2183 0 *
Wi

0101100
+2254 0 -2428 0 -2207 0 +2380 0 *
Fa
0  1e-07 7 0

0111000
-2181 0 *
Ed
 1e-07 1 1 0
1  111 0 0 12.7
2  81 21 0 0 12.7
4 G1 21 0 45 0
0

0101000
+2210 0 -2257 0 *
Wi

0101100
-2253 0 -2179 0 +2208 0 +2376 0 *
Fa
0  1e-07 21 0

0111000
+2178 0 *
Wi

0101100
+2256 0 -2179 0 -2209 0 +2184 0 *
Fa
0  1e-07 45 0

0111000
-2176 0 *
Ed
 1e-07 1 1 0
1  112 0 0 12.7
2  82 19 0 0 12.7
4 G1 19 0 44 0
0

0101000
+2235 0 -2264 0 *
Wi

0101100
-2263 0 -2174 0 +2234 0 +2386 0 *
Fa
0  1e-07 19 0

0111000
+2173 0 *
Ed
 1e-07 1 1 0
1  113 0 0 12.7
2  83 5 0 0 12.7
4 G1 44 0 5 0
0

0101000
+2232 0 -2262 0 *
Wi

0101100
+2261 0 -2174 0 -2230 0 +2171 0 *
Fa
0  1e-07 44 0

0111000
-2170 0 *
Wi

0101100
+2231 0 +2171 0 -2260 0 -2435 0 *
Fa
0  1e-07 5 0

0111000
+2168 0 *
Wi

0101100
+2265 0 -2438 0 -2233 0 +2390 0 *
Fa
0  1e-07 3 0

0111000
-2166 0 *
Ve
1e-07
-140.645123353825 142.455126118079 -18.535315427554
0 0

0101101
*
Ed
 1e-07 1 1 0
1  114 0 0 3.419692864707
4 C0 16 0 28 0
0

0101000
+2164 0 -2349 0 *
Ve
1e-07
-140.645123353825 153.855126118079 -18.535315427554
0 0

0101101
*
Ed
 1e-07 1 1 0
1  115 0 0 11.4
4 C0 16 0 48 0
0

0101000
+2162 0 -2164 0 *
Ed
 1e-07 1 1 0
1  116 0 -3.419692864707 0
4 C0 16 0 31 0
0

0101000
+2341 0 -2162 0 *
Ve
1e-07
-70.5696774788345 223.93057199307 -18.535315427554
0 0

0101101
*
Ed
 1e-07 1 1 0
1  117 0 0 3.419692864707
4 C0 16 0 32 0
0

0101000
+2159 0 -2342 0 *
Ve
1e-07
-59.1696774788345 223.93057199307 -18.535315427554
0 0

0101101
*
Ed
 1e-07 1 1 0
1  118 0 0 11.4
4 C0 16 0 49 0
0

0101000
+2157 0 -2159 0 *
Ed
 1e-07 1 1 0
1  119 0 -3.419692864707 0
4 C0 16 0 34 0
0

0101000
+2331 0 -2157 0 *
Ve
1e-07
10.9057683961563 153.855126118079 -18.535315427554
0 0

0101101
*
Ed
 1e-07 1 1 0
1  120 0 0 3.4196928647072
4 C0 16 0 35 0
0

0101000
+2154 0 -2332 0 *
Ve
1e-07
10.9057683961563 142.455126118079 -18.535315427554
0 0

0101101
*
Ed
 1e-07 1 1 0
1  121 0 0 11.4
4 C0 16 0 50 0
0

0101000
+2152 0 -2154 0 *
Ve
1e-07
14.3254612608634 142.455126118079 -18.535315427554
0 0

0101101
*
Ed
 1e-07 1 1 0
1  122 0 -3.4196928647071 -0
4 C0 16 0 51 0
0

0101000
+2150 0 -2152 0 *
Ve
1e-07
-59.1696774788345 68.9599873783808 -18.535315427554
0 0

0101101
*
Ed
 1e-07 1 1 0
1  123 0 0.0718502177143115 1.49894610908058
2  84 52 0 0.0718502177143115 1.49894610908058
4 C0 16 0 52 0
0

0101000
+2148 0 -2150 0 *
Ve
1e-07
-59.1696774788345 72.379680243088 -18.535315427554
0 0

0101101
*
Ed
 1e-07 1 1 0
1  124 0 -0 3.4196928647072
4 C0 16 0 53 0
0

0101000
+2146 0 -2148 0 *
Ve
1e-07
-70.5696774788344 72.379680243088 -18.535315427554
0 0

0101101
*
Ed
 1e-07 1 1 0
1  125 0 0 11.3999999999999
4 C0 16 0 54 0
0

0101000
+2144 0 -2146 0 *
Ed
 1e-07 1 1 0
1  126 0 -3.4196928647072 0
4 C0 16 0 29 0
0

0101000
+2347 0 -2144 0 *
Wi

0101100
-2346 0 -2163 0 -2161 0 -2160 0 -2340 0 -2158 0 -2156 0 -2155 0 -2330 0 -2153 0 
-2151 0 -2149 0 -2147 0 -2145 0 -2143 0 -2142 0 *
Ed
 1e-07 1 1 0
1  127 0 3.14159265358979 6.28318530717959
2  85 17 0 3.14159265358979 6.28318530717959
4 C0 16 0 17 0
0

0101000
+2401 0 -2402 0 *
Wi

0101100
+2140 0 +2400 0 *
Fa
0  1e-07 16 0

0111000
-2141 0 -2139 0 *
Wi

0101100
-2398 0 -2140 0 +2395 0 +2221 0 *
Fa
0  1e-07 17 0

0111000
+2137 0 *
Ve
1e-07
-140.645123353825 142.455126118079 23.7046845724459
0 0

0101101
*
Ed
 1e-07 1 1 0
1  128 0 -3.419692864707 0
4 C0 27 0 28 0
0

0101000
+2352 0 -2135 0 *
Ve
1e-07
-70.5696774788344 72.379680243088 23.7046845724459
0 0

0101101
*
Ed
 1e-07 1 1 0
1  129 0 0 3.4196928647072
4 C0 27 0 29 0
0

0101000
+2133 0 -2351 0 *
Ve
1e-07
-59.1696774788345 72.379680243088 23.7046845724459
0 0

0101101
*
Ed
 1e-07 1 1 0
1  130 0 -11.3999999999999 0
4 C0 27 0 54 0
0

0101000
+2131 0 -2133 0 *
Ve
1e-07
-59.1696774788345 68.9599873783808 23.7046845724459
0 0

0101101
*
Ed
 1e-07 1 1 0
1  131 0 -3.4196928647072 0
4 C0 27 0 53 0
0

0101000
+2129 0 -2131 0 *
Ve
1e-07
14.3254612608635 142.455126118079 23.7046845724459
0 0

0101101
*
Ed
 1e-07 1 1 0
1  132 0 0.0718502177143115 1.49894610908058
2  86 52 0 0.0718502177143115 1.49894610908058
4 C0 27 0 52 0
0

0101000
+2129 0 -2127 0 *
Ve
1e-07
10.9057683961563 142.455126118079 23.7046845724459
0 0

0101101
*
Ed
 1e-07 1 1 0
1  133 0 0 3.4196928647072
4 C0 27 0 51 0
0

0101000
+2125 0 -2127 0 *
Ve
1e-07
10.9057683961563 153.855126118079 23.7046845724459
0 0

0101101
*
Ed
 1e-07 1 1 0
1  134 0 -11.4 0
4 C0 27 0 50 0
0

0101000
+2123 0 -2125 0 *
Ed
 1e-07 1 1 0
1  135 0 -3.4196928647072 0
4 C0 27 0 35 0
0

0101000
+2327 0 -2123 0 *
Ve
1e-07
-59.1696774788345 223.93057199307 23.7046845724459
0 0

0101101
*
Ed
 1e-07 1 1 0
1  136 0 0 3.419692864707
4 C0 27 0 34 0
0

0101000
+2120 0 -2329 0 *
Ve
1e-07
-70.5696774788345 223.93057199307 23.7046845724459
0 0

0101101
*
Ed
 1e-07 1 1 0
1  137 0 -11.4 0
4 C0 27 0 49 0
0

0101000
+2118 0 -2120 0 *
Ed
 1e-07 1 1 0
1  138 0 -3.419692864707 0
4 C0 27 0 32 0
0

0101000
+2337 0 -2118 0 *
Ve
1e-07
-140.645123353825 153.855126118079 23.7046845724459
0 0

0101101
*
Ed
 1e-07 1 1 0
1  139 0 0 3.419692864707
4 C0 27 0 31 0
0

0101000
+2115 0 -2339 0 *
Ed
 1e-07 1 1 0
1  140 0 -11.4 0
4 C0 27 0 48 0
0

0101000
+2135 0 -2115 0 *
Wi

0101100
-2134 0 +2350 0 -2132 0 -2130 0 -2128 0 +2126 0 -2124 0 -2122 0 -2121 0 +2326 0 
-2119 0 -2117 0 -2116 0 +2336 0 -2114 0 -2113 0 *
Fa
0  1e-07 27 0

0111000
+2112 0 *
Ed
 1e-07 1 1 0
1  141 0 14.231 56.4709999999999
2  87 52 0 14.231 56.4709999999999
4 C0 52 0 51 0
0

0101000
+2150 0 -2127 0 *
Ed
 1e-07 1 1 0
1  142 0 14.231 56.4709999999999
2  88 52 0 14.231 56.4709999999999
4 C0 52 0 53 0
0

0101000
+2148 0 -2129 0 *
Wi

0101100
+2147 0 +2110 0 -2126 0 -2109 0 *
Fa
0  1e-07 52 0

0111000
+2108 0 *
Ed
 1e-07 1 1 0
1  143 0 14.231 56.4709999999999
4 C0 53 0 54 0
0

0101000
+2146 0 -2131 0 *
Wi

0101100
+2145 0 +2109 0 +2128 0 -2106 0 *
Fa
0  1e-07 53 0

0111000
-2105 0 *
Ed
 1e-07 1 1 0
1  144 0 14.231 56.4709999999999
4 C0 54 0 29 0
0

0101000
+2144 0 -2133 0 *
Wi

0101100
+2143 0 +2106 0 +2130 0 -2103 0 *
Fa
0  1e-07 54 0

0111000
-2102 0 *
Wi

0101100
+2142 0 +2103 0 +2132 0 -2345 0 *
Fa
0  1e-07 29 0

0111000
-2100 0 *
Ed
 1e-07 1 1 0
1  145 0 14.231 56.4709999999999
4 C0 35 0 50 0
0

0101000
+2154 0 -2123 0 *
Wi

0101100
+2153 0 +2325 0 +2121 0 -2098 0 *
Fa
0  1e-07 35 0

0111000
-2097 0 *
Ed
 1e-07 1 1 0
1  146 0 14.231 56.4709999999999
4 C0 50 0 51 0
0

0101000
+2152 0 -2125 0 *
Wi

0101100
+2151 0 +2098 0 +2122 0 -2095 0 *
Fa
0  1e-07 50 0

0111000
-2094 0 *
Wi

0101100
+2149 0 +2095 0 +2124 0 -2110 0 *
Fa
0  1e-07 51 0

0111000
-2092 0 *
Ed
 1e-07 1 1 0
1  147 0 14.231 56.4709999999999
4 C0 32 0 49 0
0

0101000
+2159 0 -2118 0 *
Wi

0101100
+2158 0 +2335 0 +2116 0 -2090 0 *
Fa
0  1e-07 32 0

0111000
-2089 0 *
Ed
 1e-07 1 1 0
1  148 0 14.231 56.4709999999999
4 C0 49 0 34 0
0

0101000
+2157 0 -2120 0 *
Wi

0101100
+2156 0 +2090 0 +2117 0 -2087 0 *
Fa
0  1e-07 49 0

0111000
-2086 0 *
Wi

0101100
+2155 0 +2087 0 +2119 0 -2328 0 *
Fa
0  1e-07 34 0

0111000
-2084 0 *
Ed
 1e-07 1 1 0
1  149 0 14.231 56.4709999999999
4 C0 28 0 48 0
0

0101000
+2164 0 -2135 0 *
Wi

0101100
+2163 0 +2348 0 +2134 0 -2082 0 *
Fa
0  1e-07 28 0

0111000
-2081 0 *
Ed
 1e-07 1 1 0
1  150 0 14.231 56.4709999999999
4 C0 48 0 31 0
0

0101000
+2162 0 -2115 0 *
Wi

0101100
+2161 0 +2082 0 +2113 0 -2079 0 *
Fa
0  1e-07 48 0

0111000
-2078 0 *
Wi

0101100
+2160 0 +2079 0 +2114 0 -2338 0 *
Fa
0  1e-07 31 0

0111000
-2076 0 *
Sh

0101100
-2433 0 -2423 0 -2413 0 -2403 0 +2393 0 -2383 0 -2373 0 -2363 0 -2353 0 +2343 0 
+2333 0 +2323 0 -2313 0 -2306 0 -2299 0 -2292 0 -2285 0 -2278 0 -2271 0 -2267 0 
-2237 0 +2205 0 -2202 0 -2200 0 -2197 0 -2195 0 -2192 0 -2189 0 -2187 0 -2185 0 
-2182 0 -2180 0 -2177 0 -2175 0 -2172 0 -2169 0 -2167 0 -2165 0 -2138 0 +2136 0 
+2111 0 +2107 0 -2104 0 -2101 0 -2099 0 -2096 0 -2093 0 -2091 0 -2088 0 -2085 0 
-2083 0 -2080 0 -2077 0 -2075 0 *
So

0100000
+2074 0 *
Ve
1e-07
-162.158399156006 206.125126118079 280.524696984169
0 0

0101101
*
Ve
1e-07
-162.158399156006 215.625126118079 280.524696984169
0 0

0101101
*
Ed
 1e-07 1 1 0
1  151 0 -4.75 4.75
2  89 55 0 -4.75 4.75
2  90 56 0 -4.75 4.75
4 CN 55 0 56 0
0

0101000
+2072 0 -2071 0 *
Ve
1e-07
-161.402186214192 206.125126118079 280.376221217506
0 0

0101101
*
Ed
 1e-07 1 1 0
1  152 0 0 0.387750066717033
2  91 55 0 0 0.387750066717033
4 C0 55 0 57 0
0

0101000
+2072 0 -2069 0 *
Ve
1e-07
-161.402186214192 215.625126118079 280.376221217506
0 0

0101101
*
Ed
 1e-07 1 1 0
1  153 0 -0 9.5
2  92 55 0 -0 9.5
2  93 58 0 -0 9.5
4 G1 55 0 58 0
0

0101000
+2067 0 -2069 0 *
Ed
 1e-07 1 1 0
1  154 0 0 0.387750066717033
2  94 55 0 0 0.387750066717033
4 C0 55 0 59 0
0

0101000
+2071 0 -2067 0 *
Wi

0101100
-2070 0 +2068 0 -2066 0 -2065 0 *
Fa
0  1e-07 55 0

0111000
+2064 0 *
Ve
1e-07
-175.808042755759 215.625126118079 231.504684572446
0 0

0101101
*
Ve
1e-07
-175.808042755759 206.125126118079 231.504684572446
0 0

0101101
*
Ed
 1e-07 1 1 0
1  155 0 -0 9.5
2  95 60 0 -0 9.5
2  96 61 0 -0 9.5
4 CN 60 0 61 0
0

0101000
+2062 0 -2061 0 *
Ve
1e-07
-175.808042755759 206.125126118079 258.704684572446
0 0

0101101
*
Ed
 1e-07 1 1 0
1  156 0 3.14159265358979 6.28318530717959
2  97 60 0 3.14159265358979 6.28318530717959
4 C0 60 0 57 0
0

0101000
+2061 0 -2059 0 *
Ve
1e-07
-175.808042755759 215.625126118079 258.704684572446
0 0

0101101
*
Ed
 1e-07 1 1 0
1  157 0 -0 9.5
2  98 60 0 -0 9.5
2  99 61 0 -0 9.5
4 CN 60 0 61 0
0

0101000
+2057 0 -2059 0 *
Ed
 1e-07 1 1 0
1  158 0 3.14159265358979 6.28318530717959
2  100 60 0 3.14159265358979 6.28318530717959
4 C0 60 0 59 0
0

0101000
+2062 0 -2057 0 *
Wi

0101100
+2060 0 +2058 0 -2056 0 -2055 0 *
Fa
0  1e-07 60 0

0111000
+2054 0 *
Ve
1e-07
-27.9280427557591 215.625126118079 74.6492138793722
0 0

0101101
*
Ve
1e-07
-27.9280427557591 215.625126118079 23.7046845724459
0 0

0101101
*
Ed
 1e-07 1 1 0
1  159 0 29.0554706930738 80.0000000000001
2  101 62 0 29.0554706930738 80.0000000000001
4 C0 59 0 62 0
0

0101000
+2052 0 -2051 0 *
Ve
1e-07
-115.868042755759 215.625126118079 23.7046845724459
0 0

0101101
*
Ed
 1e-07 1 1 0
1  160 0 -87.9399999999999 -0
4 C0 59 0 63 0
0

0101000
+2051 0 -2049 0 *
Ve
1e-07
-215.339677478834 215.625126118079 210.783620547395
0 0

0101101
*
Ed
 1e-07 1 1 0
1  161 0 0 211.88
4 C0 59 0 64 0
0

0101000
+2049 0 -2047 0 *
Ve
1e-07
-213.876386583661 215.625126118079 246.657487908559
0 0

0101101
*
Ed
 1e-07 1 1 0
1  162 0 0 35.9036986909466
4 C0 59 0 65 0
0

0101000
+2047 0 -2045 0 *
Ve
1e-07
-213.105124622728 215.625126118079 252.885281221074
0 0

0101101
*
Ed
 1e-07 1 1 0
1  163 0 4.75315626486423 4.91805085934535
2  102 66 0 4.75315626486423 4.91805085934535
4 C0 59 0 66 0
0

0101000
+2045 0 -2043 0 *
Ve
1e-07
-212.086215681792 215.625126118079 254.242746136523
0 0

0101101
*
Ed
 1e-07 1 1 0
1  164 0 1.77645820575543 2.65290046303133
2  103 67 0 1.77645820575543 2.65290046303133
4 C0 59 0 67 0
0

0101000
+2043 0 -2041 0 *
Ve
1e-07
-163.097342281578 215.625126118079 280.290592169887
0 0

0101101
*
Ed
 1e-07 1 1 0
1  165 0 -27.7416654150397 27.7416654150397
4 C0 59 0 68 0
0

0101000
+2041 0 -2039 0 *
Ed
 1e-07 1 1 0
1  166 0 5.79449311662112 6.28318530717959
2  104 56 0 5.79449311662112 6.28318530717959
4 C0 59 0 56 0
0

0101000
+2039 0 -2071 0 *
Ve
1e-07
-159.206291254728 215.625126118079 279.397422099479
0 0

0101101
*
Ed
 1e-07 1 1 0
1  167 0 0.38775006671738 0.45086194599913
2  105 58 0 0.38775006671738 0.45086194599913
4 C0 59 0 58 0
0

0101000
+2067 0 -2036 0 *
Ve
1e-07
-125.643342408694 215.625126118079 258.424964005893
0 0

0101101
*
Ed
 1e-07 1 1 0
1  168 0 -39.5767044323895 0
4 C0 59 0 69 0
0

0101000
+2036 0 -2034 0 *
Ed
 1e-07 1 1 0
1  169 0 -250.74 -42.60108936379
4 C0 59 0 70 0
0

0101000
+2034 0 -2052 0 *
Wi

0101100
+2050 0 +2048 0 +2046 0 +2044 0 +2042 0 +2040 0 +2038 0 +2037 0 +2065 0 +2035 0 
+2033 0 +2032 0 *
Ve
1e-07
-109.119976749632 215.625126118079 107.896109354524
0 0

0101101
*
Ve
1e-07
-111.530591113663 215.625126118079 110.238687289848
0 0

0101101
*
Ed
 1e-07 1 1 0
1  170 0 5 6
2  106 71 0 5 6
4 C0 59 0 71 0
0

0101000
+2030 0 -2029 0 *
Ve
1e-07
-108.337623531431 215.625126118079 108.069723873675
0 0

0101101
*
Ed
 1e-07 1 1 0
1  171 0 4 5
2  107 72 0 4 5
4 C0 59 0 72 0
0

0101000
+2027 0 -2030 0 *
Ve
1e-07
-106.61159094764 215.625126118079 112.513850114681
0 0

0101101
*
Ed
 1e-07 1 1 0
1  172 0 3 4
2  108 73 0 3 4
4 C0 59 0 73 0
0

0101000
+2025 0 -2027 0 *
Ve
1e-07
-107.296949610052 215.625126118079 113.147985799388
0 0

0101101
*
Ed
 1e-07 1 1 0
1  173 0 2 3
2  109 74 0 2 3
4 C0 59 0 74 0
0

0101000
+2023 0 -2025 0 *
Ve
1e-07
-111.403911969815 215.625126118079 110.948913195691
0 0

0101101
*
Ed
 1e-07 1 1 0
1  174 0 1 2
2  110 75 0 1 2
4 C0 59 0 75 0
0

0101000
+2021 0 -2023 0 *
Ed
 1e-07 1 1 0
1  175 0 0 1
2  111 76 0 0 1
4 C0 59 0 76 0
0

0101000
+2029 0 -2021 0 *
Wi

0101100
-2028 0 -2026 0 -2024 0 -2022 0 -2020 0 -2019 0 *
Ve
1e-07
-120.062452244969 215.625126118079 118.611729310362
0 0

0101101
*
Ve
1e-07
-119.974811600464 215.625126118079 119.357191369489
0 0

0101101
*
Ed
 1e-07 1 1 0
1  176 0 0 1
2  112 77 0 0 1
4 C0 59 0 77 0
0

0101000
+2017 0 -2016 0 *
Ve
1e-07
-117.402961033509 215.625126118079 115.972372629511
0 0

0101101
*
Ed
 1e-07 1 1 0
1  177 0 0 3.74687832636526
4 C0 59 0 78 0
0

0101000
+2014 0 -2017 0 *
Ve
1e-07
-116.805959240891 215.625126118079 115.889971467583
0 0

0101101
*
Ed
 1e-07 1 1 0
1  178 0 8 9
2  113 79 0 8 9
4 C0 59 0 79 0
0

0101000
+2012 0 -2014 0 *
Ve
1e-07
-110.107006890282 215.625126118079 119.424500934749
0 0

0101101
*
Ed
 1e-07 1 1 0
1  179 0 7 8
2  114 80 0 7 8
4 C0 59 0 80 0
0

0101000
+2010 0 -2012 0 *
Ve
1e-07
-109.802141074842 215.625126118079 119.760389351202
0 0

0101101
*
Ed
 1e-07 1 1 0
1  180 0 6 7
2  115 81 0 6 7
4 C0 59 0 81 0
0

0101000
+2008 0 -2010 0 *
Ve
1e-07
-109.321923564168 215.625126118079 121.080702691091
0 0

0101101
*
Ed
 1e-07 1 1 0
1  181 0 5 6
2  116 82 0 5 6
4 C0 59 0 82 0
0

0101000
+2006 0 -2008 0 *
Ve
1e-07
-109.411969203591 215.625126118079 121.669369424599
0 0

0101101
*
Ed
 1e-07 1 1 0
1  182 0 4 5
2  117 83 0 4 5
4 C0 59 0 83 0
0

0101000
+2004 0 -2006 0 *
Ve
1e-07
-111.267283200575 215.625126118079 123.507204462402
0 0

0101101
*
Ed
 1e-07 1 1 0
1  183 0 3 4
2  118 84 0 3 4
4 C0 59 0 84 0
0

0101000
+2002 0 -2004 0 *
Ve
1e-07
-111.827153132744 215.625126118079 123.5918199366
0 0

0101101
*
Ed
 1e-07 1 1 0
1  184 0 2 3
2  119 85 0 2 3
4 C0 59 0 85 0
0

0101000
+2000 0 -2002 0 *
Ed
 1e-07 1 1 0
1  185 0 1 2
2  120 86 0 1 2
4 C0 59 0 86 0
0

0101000
+2016 0 -2000 0 *
Wi

0101100
-2015 0 -2013 0 -2011 0 -2009 0 -2007 0 -2005 0 -2003 0 -2001 0 -1999 0 -1998 0 
*
Ve
1e-07
-113.224680395132 215.625126118079 111.812565008063
0 0

0101101
*
Ve
1e-07
-115.79251201304 215.625126118079 114.345038013752
0 0

0101101
*
Ed
 1e-07 1 1 0
1  186 0 9 10
2  121 87 0 9 10
4 C0 59 0 87 0
0

0101000
+1996 0 -1995 0 *
Ve
1e-07
-112.590113882079 215.625126118079 111.719543093486
0 0

0101101
*
Ed
 1e-07 1 1 0
1  187 0 8 9
2  122 88 0 8 9
4 C0 59 0 88 0
0

0101000
+1993 0 -1996 0 *
Ve
1e-07
-105.777412932194 215.625126118079 115.197691993997
0 0

0101101
*
Ed
 1e-07 1 1 0
1  188 0 0 7.64921002500845
4 C0 59 0 89 0
0

0101000
+1991 0 -1993 0 *
Ve
1e-07
-105.508638058286 215.625126118079 115.519585762462
0 0

0101101
*
Ed
 1e-07 1 1 0
1  189 0 6 7
2  123 90 0 6 7
4 C0 59 0 90 0
0

0101000
+1989 0 -1991 0 *
Ve
1e-07
-105.030952408391 215.625126118079 116.889241571191
0 0

0101101
*
Ed
 1e-07 1 1 0
1  190 0 5 6
2  124 91 0 5 6
4 C0 59 0 91 0
0

0101000
+1987 0 -1989 0 *
Ve
1e-07
-105.155814094794 215.625126118079 117.426765398665
0 0

0101101
*
Ed
 1e-07 1 1 0
1  191 0 4 5
2  125 92 0 4 5
4 C0 59 0 92 0
0

0101000
+1985 0 -1987 0 *
Ve
1e-07
-106.936851617197 215.625126118079 119.268298402781
0 0

0101101
*
Ed
 1e-07 1 1 0
1  192 0 3 4
2  126 93 0 3 4
4 C0 59 0 93 0
0

0101000
+1983 0 -1985 0 *
Ve
1e-07
-107.585416422151 215.625126118079 119.397620018382
0 0

0101101
*
Ed
 1e-07 1 1 0
1  193 0 2 3
2  127 94 0 2 3
4 C0 59 0 94 0
0

0101000
+1981 0 -1983 0 *
Ve
1e-07
-115.719289001373 215.625126118079 115.12689686583
0 0

0101101
*
Ed
 1e-07 1 1 0
1  194 0 1 2
2  128 95 0 1 2
4 C0 59 0 95 0
0

0101000
+1979 0 -1981 0 *
Ed
 1e-07 1 1 0
1  195 0 0 1
2  129 96 0 0 1
4 C0 59 0 96 0
0

0101000
+1995 0 -1979 0 *
Wi

0101100
-1994 0 -1992 0 -1990 0 -1988 0 -1986 0 -1984 0 -1982 0 -1980 0 -1978 0 -1977 0 
*
Ve
1e-07
-120.320797534092 215.625126118079 131.522093184394
0 0

0101101
*
Ve
1e-07
-119.486283810572 215.625126118079 131.530812628883
0 0

0101101
*
Ed
 1e-07 1 1 0
1  196 0 7 8
2  130 97 0 7 8
4 C0 59 0 97 0
0

0101000
+1975 0 -1974 0 *
Ve
1e-07
-125.84007231906 215.625126118079 125.838065433176
0 0

0101101
*
Ed
 1e-07 1 1 0
1  197 0 8 9
2  131 98 0 8 9
4 C0 59 0 98 0
0

0101000
+1972 0 -1975 0 *
Ve
1e-07
-126.742141953878 215.625126118079 124.752727842092
0 0

0101101
*
Ed
 1e-07 1 1 0
1  198 0 0 1
2  132 99 0 0 1
4 C0 59 0 99 0
0

0101000
+1970 0 -1972 0 *
Ve
1e-07
-126.747430207533 215.625126118079 119.702040091386
0 0

0101101
*
Ed
 1e-07 1 1 0
1  199 0 1 2
2  133 100 0 1 2
4 C0 59 0 100 0
0

0101000
+1968 0 -1970 0 *
Ve
1e-07
-122.896083564817 215.625126118079 119.784509683236
0 0

0101101
*
Ed
 1e-07 1 1 0
1  200 0 2 3
2  134 101 0 2 3
4 C0 59 0 101 0
0

0101000
+1966 0 -1968 0 *
Ve
1e-07
-121.96514592388 215.625126118079 122.362392201172
0 0

0101101
*
Ed
 1e-07 1 1 0
1  201 0 3 4
2  135 102 0 3 4
4 C0 59 0 102 0
0

0101000
+1964 0 -1966 0 *
Ve
1e-07
-116.466074732567 215.625126118079 128.049408466916
0 0

0101101
*
Ed
 1e-07 1 1 0
1  202 0 4 5
2  136 103 0 4 5
4 C0 59 0 103 0
0

0101000
+1962 0 -1964 0 *
Ve
1e-07
-116.425387844839 215.625126118079 128.553799971127
0 0

0101101
*
Ed
 1e-07 1 1 0
1  203 0 5 6
2  137 104 0 5 6
4 C0 59 0 104 0
0

0101000
+1960 0 -1962 0 *
Ed
 1e-07 1 1 0
1  204 0 -4.26985813317961 0
4 C0 59 0 105 0
0

0101000
+1974 0 -1960 0 *
Wi

0101100
-1973 0 -1971 0 -1969 0 -1967 0 -1965 0 -1963 0 -1961 0 -1959 0 -1958 0 *
Ve
1e-07
-127.282004041333 215.625126118079 126.239313187092
0 0

0101101
*
Ve
1e-07
-128.158778862694 215.625126118079 126.187256160441
0 0

0101101
*
Ed
 1e-07 1 1 0
1  205 0 26 27
2  138 106 0 26 27
4 C0 59 0 106 0
0

0101000
+1956 0 -1955 0 *
Ve
1e-07
-121.329145833779 215.625126118079 132.416005221341
0 0

0101101
*
Ed
 1e-07 1 1 0
1  206 0 25 26
2  139 107 0 25 26
4 C0 59 0 107 0
0

0101000
+1953 0 -1956 0 *
Ve
1e-07
-121.294757973659 215.625126118079 133.275286041911
0 0

0101101
*
Ed
 1e-07 1 1 0
1  207 0 24 25
2  140 108 0 24 25
4 C0 59 0 108 0
0

0101000
+1951 0 -1953 0 *
Ve
1e-07
-123.128981850142 215.625126118079 135.071306943378
0 0

0101101
*
Ed
 1e-07 1 1 0
1  208 0 23 24
2  141 109 0 23 24
4 C0 59 0 109 0
0

0101000
+1949 0 -1951 0 *
Ve
1e-07
-123.751869095318 215.625126118079 135.512118766656
0 0

0101101
*
Ed
 1e-07 1 1 0
1  209 0 22 23
2  142 110 0 22 23
4 C0 59 0 110 0
0

0101000
+1947 0 -1949 0 *
Ve
1e-07
-124.388227064515 215.625126118079 135.743663536655
0 0

0101101
*
Ed
 1e-07 1 1 0
1  210 0 21 22
2  143 111 0 21 22
4 C0 59 0 111 0
0

0101000
+1945 0 -1947 0 *
Ve
1e-07
-126.464841078565 215.625126118079 135.676301466017
0 0

0101101
*
Ed
 1e-07 1 1 0
1  211 0 20 21
2  144 112 0 20 21
4 C0 59 0 112 0
0

0101000
+1943 0 -1945 0 *
Ve
1e-07
-126.445912336369 215.625126118079 135.339591388649
0 0

0101101
*
Ed
 1e-07 1 1 0
1  212 0 19 20
2  145 113 0 19 20
4 C0 59 0 113 0
0

0101000
+1941 0 -1943 0 *
Ve
1e-07
-123.335581273311 215.625126118079 132.335876974814
0 0

0101101
*
Ed
 1e-07 1 1 0
1  213 0 18 19
2  146 114 0 18 19
4 C0 59 0 114 0
0

0101000
+1939 0 -1941 0 *
Ve
1e-07
-123.603512656493 215.625126118079 132.10922126214
0 0

0101101
*
Ed
 1e-07 1 1 0
1  214 0 17 18
2  147 115 0 17 18
4 C0 59 0 115 0
0

0101000
+1937 0 -1939 0 *
Ve
1e-07
-126.816542587163 215.625126118079 135.212213439918
0 0

0101101
*
Ed
 1e-07 1 1 0
1  215 0 16 17
2  148 116 0 16 17
4 C0 59 0 116 0
0

0101000
+1935 0 -1937 0 *
Ve
1e-07
-127.428347318878 215.625126118079 135.28130477197
0 0

0101101
*
Ed
 1e-07 1 1 0
1  216 0 15 16
2  149 117 0 15 16
4 C0 59 0 117 0
0

0101000
+1933 0 -1935 0 *
Ve
1e-07
-128.872353082667 215.625126118079 134.287995676109
0 0

0101101
*
Ed
 1e-07 1 1 0
1  217 0 14 15
2  150 118 0 14 15
4 C0 59 0 118 0
0

0101000
+1931 0 -1933 0 *
Ve
1e-07
-128.58576632046 215.625126118079 133.738990388133
0 0

0101101
*
Ed
 1e-07 1 1 0
1  218 0 13 14
2  151 119 0 13 14
4 C0 59 0 119 0
0

0101000
+1929 0 -1931 0 *
Ve
1e-07
-125.133998608016 215.625126118079 130.405657054983
0 0

0101101
*
Ed
 1e-07 1 1 0
1  219 0 12 13
2  152 120 0 12 13
4 C0 59 0 120 0
0

0101000
+1927 0 -1929 0 *
Ve
1e-07
-125.388768267993 215.625126118079 130.166701695174
0 0

0101101
*
Ed
 1e-07 1 1 0
1  220 0 11 12
2  153 121 0 11 12
4 C0 59 0 121 0
0

0101000
+1925 0 -1927 0 *
Ve
1e-07
-128.738794750097 215.625126118079 133.401784664249
0 0

0101101
*
Ed
 1e-07 1 1 0
1  221 0 10 11
2  154 122 0 10 11
4 C0 59 0 122 0
0

0101000
+1923 0 -1925 0 *
Ve
1e-07
-129.445039433251 215.625126118079 133.695174132658
0 0

0101101
*
Ed
 1e-07 1 1 0
1  222 0 9 10
2  155 123 0 9 10
4 C0 59 0 123 0
0

0101000
+1921 0 -1923 0 *
Ve
1e-07
-130.391694100122 215.625126118079 132.173244501793
0 0

0101101
*
Ed
 1e-07 1 1 0
1  223 0 8 9
2  156 124 0 8 9
4 C0 59 0 124 0
0

0101000
+1919 0 -1921 0 *
Ve
1e-07
-130.157105960063 215.625126118079 131.570499330742
0 0

0101101
*
Ed
 1e-07 1 1 0
1  224 0 7 8
2  157 125 0 7 8
4 C0 59 0 125 0
0

0101000
+1917 0 -1919 0 *
Ve
1e-07
-127.01926683428 215.625126118079 128.540118069211
0 0

0101101
*
Ed
 1e-07 1 1 0
1  225 0 6 7
2  158 126 0 6 7
4 C0 59 0 126 0
0

0101000
+1915 0 -1917 0 *
Ve
1e-07
-127.233392306288 215.625126118079 128.285306396492
0 0

0101101
*
Ed
 1e-07 1 1 0
1  226 0 5.05307453282423 6
2  159 127 0 5.05307453282423 6
4 C0 59 0 127 0
0

0101000
+1913 0 -1915 0 *
Ve
1e-07
-130.368138977718 215.625126118079 131.308292737141
0 0

0101101
*
Ed
 1e-07 1 1 0
1  227 0 4 4.96123427625203
2  160 128 0 4 4.96123427625203
4 C0 59 0 128 0
0

0101000
+1911 0 -1913 0 *
Ve
1e-07
-130.70874089376 215.625126118079 131.201277129236
0 0

0101101
*
Ed
 1e-07 1 1 0
1  228 0 3 4
2  161 129 0 3 4
4 C0 59 0 129 0
0

0101000
+1909 0 -1911 0 *
Ve
1e-07
-130.727902836334 215.625126118079 129.344087670462
0 0

0101101
*
Ed
 1e-07 1 1 0
1  229 0 2 3
2  162 130 0 2 3
4 C0 59 0 130 0
0

0101000
+1907 0 -1909 0 *
Ve
1e-07
-130.106752577942 215.625126118079 128.087582507877
0 0

0101101
*
Ed
 1e-07 1 1 0
1  230 0 1 2
2  163 131 0 1 2
4 C0 59 0 131 0
0

0101000
+1905 0 -1907 0 *
Ed
 1e-07 1 1 0
1  231 0 0 1
2  164 132 0 0 1
4 C0 59 0 132 0
0

0101000
+1955 0 -1905 0 *
Wi

0101100
-1954 0 -1952 0 -1950 0 -1948 0 -1946 0 -1944 0 -1942 0 -1940 0 -1938 0 -1936 0 
-1934 0 -1932 0 -1930 0 -1928 0 -1926 0 -1924 0 -1922 0 -1920 0 -1918 0 -1916 0 
-1914 0 -1912 0 -1910 0 -1908 0 -1906 0 -1904 0 -1903 0 *
Ve
1e-07
-107.902487527736 215.625126118079 129.34750937197
0 0

0101101
*
Ve
1e-07
-107.902487527736 215.625126118079 135.77494839636
0 0

0101101
*
Ed
 1e-07 1 1 0
1  232 0 0 6.42743902439
4 C0 59 0 133 0
0

0101000
+1901 0 -1900 0 *
Ve
1e-07
-108.676877771638 215.625126118079 135.77494839636
0 0

0101101
*
Ed
 1e-07 1 1 0
1  233 0 0 0.774390243902005
4 C0 59 0 134 0
0

0101000
+1900 0 -1898 0 *
Ve
1e-07
-108.676877771638 215.625126118079 130.380836353677
0 0

0101101
*
Ed
 1e-07 1 1 0
1  234 0 0 5.39411204268299
4 C0 59 0 135 0
0

0101000
+1898 0 -1896 0 *
Ve
1e-07
-110.148219235053 215.625126118079 131.128606932945
0 0

0101101
*
Ed
 1e-07 1 1 0
1  235 0 0 1
2  165 136 0 0 1
4 C0 59 0 136 0
0

0101000
+1896 0 -1894 0 *
Ve
1e-07
-110.148219235053 215.625126118079 130.354216689043
0 0

0101101
*
Ed
 1e-07 1 1 0
1  236 0 0 0.774390243901991
4 C0 59 0 137 0
0

0101000
+1894 0 -1892 0 *
Ve
1e-07
-108.203773732004 215.625126118079 129.34750937197
0 0

0101101
*
Ed
 1e-07 1 1 0
1  237 0 0 1
2  166 138 0 0 1
4 C0 59 0 138 0
0

0101000
+1892 0 -1890 0 *
Ed
 1e-07 1 1 0
1  238 0 0 0.301286204267996
4 C0 59 0 139 0
0

0101000
+1890 0 -1901 0 *
Wi

0101100
+1899 0 +1897 0 +1895 0 +1893 0 +1891 0 +1889 0 +1888 0 *
Ed
 1e-07 1 1 0
1  239 0 0 3.14159265358979
2  167 61 0 0 3.14159265358979
4 C0 59 0 61 0
0

0101000
+2057 0 -2062 0 *
Wi

0101100
-2055 0 -1886 0 *
Ve
1e-07
-103.009309174077 215.625126118079 129.34750937197
0 0

0101101
*
Ve
1e-07
-101.939682649687 215.625126118079 129.599186201238
0 0

0101101
*
Ed
 1e-07 1 1 0
1  240 0 0 1
2  168 140 0 0 1
4 C0 59 0 140 0
0

0101000
+1884 0 -1883 0 *
Ve
1e-07
-101.939682649687 215.625126118079 130.29613742075
0 0

0101101
*
Ed
 1e-07 1 1 0
1  241 0 0 0.696951219511988
4 C0 59 0 141 0
0

0101000
+1883 0 -1881 0 *
Ve
1e-07
-102.993579372248 215.625126118079 130.044460591482
0 0

0101101
*
Ed
 1e-07 1 1 0
1  242 0 0 1
2  169 142 0 0 1
4 C0 59 0 142 0
0

0101000
+1881 0 -1879 0 *
Ve
1e-07
-104.854535927126 215.625126118079 132.653187725628
0 0

0101101
*
Ed
 1e-07 1 1 0
1  243 0 0 1
2  170 143 0 0 1
4 C0 59 0 143 0
0

0101000
+1879 0 -1877 0 *
Ve
1e-07
-104.833966186273 215.625126118079 132.653187725628
0 0

0101101
*
Ed
 1e-07 1 1 0
1  244 0 0 0.0205697408529915
4 C0 59 0 144 0
0

0101000
+1877 0 -1875 0 *
Ve
1e-07
-103.379564509443 215.625126118079 131.748119128067
0 0

0101101
*
Ed
 1e-07 1 1 0
1  245 0 0 1
2  171 145 0 0 1
4 C0 59 0 145 0
0

0101000
+1875 0 -1873 0 *
Ve
1e-07
-101.552487527736 215.625126118079 133.717974310994
0 0

0101101
*
Ed
 1e-07 1 1 0
1  246 0 0 1
2  172 146 0 0 1
4 C0 59 0 146 0
0

0101000
+1873 0 -1871 0 *
Ve
1e-07
-103.578002009443 215.625126118079 135.85238742075
0 0

0101101
*
Ed
 1e-07 1 1 0
1  247 0 0 1
2  173 147 0 0 1
4 C0 59 0 147 0
0

0101000
+1871 0 -1869 0 *
Ve
1e-07
-105.656755820419 215.625126118079 132.976253655506
0 0

0101101
*
Ed
 1e-07 1 1 0
1  248 0 0 1
2  174 148 0 0 1
4 C0 59 0 148 0
0

0101000
+1869 0 -1867 0 *
Ed
 1e-07 1 1 0
1  249 0 0 1
2  175 149 0 0 1
4 C0 59 0 149 0
0

0101000
+1867 0 -1884 0 *
Wi

0101100
+1882 0 +1880 0 +1878 0 +1876 0 +1874 0 +1872 0 +1870 0 +1868 0 +1866 0 +1865 0 
*
Ve
1e-07
-172.633042755759 215.625126118079 211.404684572446
0 0

0101101
*
Ve
1e-07
-178.983042755759 215.625126118079 211.404684572446
0 0

0101101
*
Ed
 1e-07 1 1 0
1  250 0 0 6.34999999999999
4 C0 59 0 150 0
0

0101000
+1863 0 -1862 0 *
Ve
1e-07
-172.633042755759 215.625126118079 224.104684572446
0 0

0101101
*
Ed
 1e-07 1 1 0
1  251 0 3.14159265358979 6.28318530717959
2  176 151 0 3.14159265358979 6.28318530717959
4 C0 59 0 151 0
0

0101000
+1860 0 -1863 0 *
Ve
1e-07
-178.983042755759 215.625126118079 224.104684572446
0 0

0101101
*
Ed
 1e-07 1 1 0
1  252 0 -6.34999999999999 0
4 C0 59 0 152 0
0

0101000
+1858 0 -1860 0 *
Ed
 1e-07 1 1 0
1  253 0 3.14159265358979 6.28318530717959
2  177 153 0 3.14159265358979 6.28318530717959
4 C0 59 0 153 0
0

0101000
+1862 0 -1858 0 *
Wi

0101100
-1861 0 -1859 0 -1857 0 -1856 0 *
Fa
0  1e-07 59 0

0111000
+2031 0 +2018 0 +1997 0 +1976 0 +1957 0 +1902 0 +1887 0 +1885 0 +1864 0 +1855 0 
*
Ve
1e-07
-30.3314996298907 206.125126118079 79.16945883087
0 0

0101101
*
Ve
1e-07
-30.3314996298907 206.125126118079 23.7046845724459
0 0

0101101
*
Ed
 1e-07 1 1 0
1  254 0 24.535225741576 80.0000000000001
2  178 154 0 24.535225741576 80.0000000000001
4 C0 57 0 154 0
0

0101000
+1853 0 -1852 0 *
Ve
1e-07
-125.643342408694 206.125126118079 258.424964005893
0 0

0101101
*
Ed
 1e-07 1 1 0
1  255 0 -250.74 -47.7205834176347
4 C0 57 0 70 0
0

0101000
+1850 0 -1853 0 *
Ve
1e-07
-159.206291254728 206.125126118079 279.397422099479
0 0

0101101
*
Ed
 1e-07 1 1 0
1  256 0 -39.5767044323895 0
4 C0 57 0 69 0
0

0101000
+1848 0 -1850 0 *
Ed
 1e-07 1 1 0
1  257 0 0.38775006671738 0.45086194599913
2  179 58 0 0.38775006671738 0.45086194599913
4 C0 57 0 58 0
0

0101000
+2069 0 -1848 0 *
Ve
1e-07
-163.097342281578 206.125126118079 280.290592169887
0 0

0101101
*
Ed
 1e-07 1 1 0
1  258 0 5.79449311662112 6.28318530717959
2  180 56 0 5.79449311662112 6.28318530717959
4 C0 57 0 56 0
0

0101000
+1845 0 -2072 0 *
Ve
1e-07
-212.086215681792 206.125126118079 254.242746136523
0 0

0101101
*
Ed
 1e-07 1 1 0
1  259 0 -27.7416654150397 27.7416654150397
4 C0 57 0 68 0
0

0101000
+1843 0 -1845 0 *
Ve
1e-07
-213.105124622728 206.125126118079 252.885281221074
0 0

0101101
*
Ed
 1e-07 1 1 0
1  260 0 1.77645820575543 2.65290046303133
2  181 67 0 1.77645820575543 2.65290046303133
4 C0 57 0 67 0
0

0101000
+1841 0 -1843 0 *
Ve
1e-07
-213.876386583661 206.125126118079 246.657487908559
0 0

0101101
*
Ed
 1e-07 1 1 0
1  261 0 4.75315626486423 4.91805085934535
2  182 66 0 4.75315626486423 4.91805085934535
4 C0 57 0 66 0
0

0101000
+1839 0 -1841 0 *
Ve
1e-07
-215.339677478834 206.125126118079 210.783620547395
0 0

0101101
*
Ed
 1e-07 1 1 0
1  262 0 0 35.9036986909466
4 C0 57 0 65 0
0

0101000
+1837 0 -1839 0 *
Ve
1e-07
-115.868042755759 206.125126118079 23.7046845724459
0 0

0101101
*
Ed
 1e-07 1 1 0
1  263 0 0 211.88
4 C0 57 0 64 0
0

0101000
+1835 0 -1837 0 *
Ed
 1e-07 1 1 0
1  264 0 -85.5365431258683 -0
4 C0 57 0 63 0
0

0101000
+1852 0 -1835 0 *
Wi

0101100
-1851 0 -1849 0 -1847 0 -1846 0 -2068 0 -1844 0 -1842 0 -1840 0 -1838 0 -1836 0 
-1834 0 -1833 0 *
Ed
 1e-07 1 1 0
1  265 0 0 3.14159265358979
2  183 61 0 0 3.14159265358979
4 C0 57 0 61 0
0

0101000
+2059 0 -2061 0 *
Wi

0101100
+2058 0 +1831 0 *
Fa
0  1e-07 57 0

0111000
-1832 0 -1830 0 *
Ed
 1e-07 1 1 0
1  266 0 -0 9.5
4 C0 64 0 65 0
0

0101000
+2047 0 -1837 0 *
Ed
 1e-07 1 1 0
1  267 0 -0 9.5
4 C0 64 0 63 0
0

0101000
+2049 0 -1835 0 *
Wi

0101100
+1834 0 -1828 0 -2046 0 +1827 0 *
Fa
0  1e-07 64 0

0111000
-1826 0 *
Ed
 1e-07 1 1 0
1  268 0 -0 9.5
2  184 66 0 -0 9.5
4 G1 65 0 66 0
0

0101000
+2045 0 -1839 0 *
Wi

0101100
+1836 0 -1824 0 -2044 0 +1828 0 *
Fa
0  1e-07 65 0

0111000
-1823 0 *
Ed
 1e-07 1 1 0
1  269 0 -0 9.5
2  185 66 0 -0 9.5
2  186 67 0 -0 9.5
4 G1 66 0 67 0
0

0101000
+2043 0 -1841 0 *
Wi

0101100
+1838 0 -1821 0 -2042 0 +1824 0 *
Fa
0  1e-07 66 0

0111000
+1820 0 *
Ed
 1e-07 1 1 0
1  270 0 -0 9.5
2  187 67 0 -0 9.5
4 G1 67 0 68 0
0

0101000
+2041 0 -1843 0 *
Wi

0101100
+1840 0 -1818 0 -2040 0 +1821 0 *
Fa
0  1e-07 67 0

0111000
+1817 0 *
Ed
 1e-07 1 1 0
1  271 0 -0 9.5
2  188 56 0 -0 9.5
4 G1 68 0 56 0
0

0101000
+2039 0 -1845 0 *
Wi

0101100
+1842 0 -1815 0 -2038 0 +1818 0 *
Fa
0  1e-07 68 0

0111000
-1814 0 *
Wi

0101100
+2070 0 -2037 0 +1815 0 +1844 0 *
Fa
0  1e-07 56 0

0111000
+1812 0 *
Ed
 1e-07 1 1 0
1  272 0 -0 9.5
2  189 58 0 -0 9.5
4 C0 58 0 69 0
0

0101000
+2036 0 -1848 0 *
Wi

0101100
+1846 0 -1810 0 -2035 0 +2066 0 *
Fa
0  1e-07 58 0

0111000
+1809 0 *
Ed
 1e-07 1 1 0
1  273 0 -0 9.5
4 C0 69 0 70 0
0

0101000
+2034 0 -1850 0 *
Wi

0101100
+1847 0 -1807 0 -2033 0 +1810 0 *
Fa
0  1e-07 69 0

0111000
-1806 0 *
Ve
1e-07
-15.0636433080936 189.827202818737 50.4547973773612
0 0

0101101
*
Ed
 1e-07 1 1 0
1  274 0 5.23736695646409 5.82344896891834
2  190 154 0 5.23736695646409 5.82344896891834
4 C0 70 0 154 0
0

0101000
+1853 0 -1804 0 *
Ve
1e-07
-7.92804275575907 196.625126118079 37.0346845724459
0 0

0101101
*
Ed
 1e-07 1 1 0
1  275 0 37.0861759128539 53.7363406004137
4 C0 70 0 155 0
0

0101000
+1804 0 -1802 0 *
Ed
 1e-07 1 1 0
1  276 0 0.520534447360778 1.10153269647747
2  191 62 0 0.520534447360778 1.10153269647747
4 C0 70 0 62 0
0

0101000
+1802 0 -2052 0 *
Wi

0101100
+1849 0 +1803 0 +1801 0 +1800 0 -2032 0 +1807 0 *
Fa
0  1e-07 70 0

0111000
-1799 0 *
Ve
1e-07
-7.92804275575907 196.625126118079 23.7046845724459
0 0

0101101
*
Ed
 1e-07 1 1 0
1  277 0 5.18165261070211 5.7626508598188
2  192 62 0 5.18165261070211 5.7626508598188
4 C0 63 0 62 0
0

0101000
+2051 0 -1797 0 *
Ve
1e-07
-15.0636433080936 189.827202818737 23.7046845724459
0 0

0101101
*
Ed
 1e-07 1 1 0
1  278 0 0 9.85538210452613
4 C0 63 0 155 0
0

0101000
+1797 0 -1795 0 *
Ed
 1e-07 1 1 0
1  279 0 3.60132899185105 4.1874110043053
2  193 154 0 3.60132899185105 4.1874110043053
4 C0 63 0 154 0
0

0101000
+1795 0 -1852 0 *
Wi

0101100
-2048 0 +1796 0 +1794 0 +1793 0 +1833 0 -1827 0 *
Fa
0  1e-07 63 0

0111000
-1792 0 *
Wi

0101100
+1831 0 -2060 0 -1886 0 +2056 0 *
Fa
0  1e-07 61 0

0111000
+1790 0 *
Ve
1e-07
-107.902487527736 215.125126118079 135.77494839636
0 0

0101101
*
Ed
 1e-07 1 1 0
1  280 0 0 0.5
4 C0 134 0 133 0
0

0101000
+1788 0 -1900 0 *
Ve
1e-07
-108.676877771638 215.125126118079 135.77494839636
0 0

0101101
*
Ed
 1e-07 1 1 0
1  281 0 0 0.774390243902005
4 C0 134 0 156 0
0

0101000
+1788 0 -1786 0 *
Ed
 1e-07 1 1 0
1  282 0 0 0.5
4 C0 134 0 135 0
0

0101000
+1786 0 -1898 0 *
Wi

0101100
-1897 0 -1787 0 +1785 0 +1784 0 *
Fa
0  1e-07 134 0

0111000
+1783 0 *
Ve
1e-07
-108.676877771638 215.125126118079 130.380836353677
0 0

0101101
*
Ed
 1e-07 1 1 0
1  283 0 0 5.39411204268299
4 C0 135 0 156 0
0

0101000
+1786 0 -1781 0 *
Ed
 1e-07 1 1 0
1  284 0 0 0.5
2  194 136 0 0 0.5
4 C0 135 0 136 0
0

0101000
+1781 0 -1896 0 *
Wi

0101100
-1895 0 -1784 0 +1780 0 +1779 0 *
Fa
0  1e-07 135 0

0111000
+1778 0 *
Ve
1e-07
-110.148219235053 215.125126118079 131.128606932945
0 0

0101101
*
Ed
 1e-07 1 1 0
1  285 0 0 1
2  195 136 0 0 1
4 C0 136 0 156 0
0

0101000
+1781 0 -1776 0 *
Ed
 1e-07 1 1 0
1  286 0 0 0.5
2  196 136 0 0 0.5
4 C0 136 0 137 0
0

0101000
+1776 0 -1894 0 *
Wi

0101100
-1893 0 -1779 0 +1775 0 +1774 0 *
Fa
0  1e-07 136 0

0111000
+1773 0 *
Ve
1e-07
-110.148219235053 215.125126118079 130.354216689043
0 0

0101101
*
Ed
 1e-07 1 1 0
1  287 0 0 0.774390243901991
4 C0 137 0 156 0
0

0101000
+1776 0 -1771 0 *
Ed
 1e-07 1 1 0
1  288 0 0 0.5
2  197 138 0 0 0.5
4 C0 137 0 138 0
0

0101000
+1771 0 -1892 0 *
Wi

0101100
-1891 0 -1774 0 +1770 0 +1769 0 *
Fa
0  1e-07 137 0

0111000
+1768 0 *
Ve
1e-07
-108.203773732004 215.125126118079 129.34750937197
0 0

0101101
*
Ed
 1e-07 1 1 0
1  289 0 0 1
2  198 138 0 0 1
4 C0 138 0 156 0
0

0101000
+1771 0 -1766 0 *
Ed
 1e-07 1 1 0
1  290 0 0 0.5
2  199 138 0 0 0.5
4 C0 138 0 139 0
0

0101000
+1766 0 -1890 0 *
Wi

0101100
-1889 0 -1769 0 +1765 0 +1764 0 *
Fa
0  1e-07 138 0

0111000
+1763 0 *
Ve
1e-07
-107.902487527736 215.125126118079 129.34750937197
0 0

0101101
*
Ed
 1e-07 1 1 0
1  291 0 0 0.301286204267996
4 C0 139 0 156 0
0

0101000
+1766 0 -1761 0 *
Ed
 1e-07 1 1 0
1  292 0 0 0.5
4 C0 139 0 133 0
0

0101000
+1761 0 -1901 0 *
Wi

0101100
-1888 0 -1764 0 +1760 0 +1759 0 *
Fa
0  1e-07 139 0

0111000
+1758 0 *
Ed
 1e-07 1 1 0
1  293 0 0 6.42743902439
4 C0 133 0 156 0
0

0101000
+1761 0 -1788 0 *
Wi

0101100
-1899 0 -1759 0 +1756 0 +1787 0 *
Fa
0  1e-07 133 0

0111000
+1755 0 *
Wi

0101100
-1785 0 -1756 0 -1760 0 -1765 0 -1770 0 -1775 0 -1780 0 *
Fa
0  1e-07 156 0

0111000
+1753 0 *
Ve
1e-07
-101.939682649687 215.125126118079 129.599186201238
0 0

0101101
*
Ed
 1e-07 1 1 0
1  294 0 0 0.5
2  200 140 0 0 0.5
4 C0 141 0 140 0
0

0101000
+1751 0 -1883 0 *
Ve
1e-07
-101.939682649687 215.125126118079 130.29613742075
0 0

0101101
*
Ed
 1e-07 1 1 0
1  295 0 0 0.696951219511988
4 C0 141 0 157 0
0

0101000
+1751 0 -1749 0 *
Ed
 1e-07 1 1 0
1  296 0 0 0.5
2  201 142 0 0 0.5
4 C0 141 0 142 0
0

0101000
+1749 0 -1881 0 *
Wi

0101100
-1880 0 -1750 0 +1748 0 +1747 0 *
Fa
0  1e-07 141 0

0111000
+1746 0 *
Ve
1e-07
-102.993579372248 215.125126118079 130.044460591482
0 0

0101101
*
Ed
 1e-07 1 1 0
1  297 0 0 1
2  202 142 0 0 1
4 C0 142 0 157 0
0

0101000
+1749 0 -1744 0 *
Ed
 1e-07 1 1 0
1  298 0 0 0.5
2  203 142 0 0 0.5
2  204 143 0 0 0.5
4 C0 142 0 143 0
0

0101000
+1744 0 -1879 0 *
Wi

0101100
-1878 0 -1747 0 +1743 0 +1742 0 *
Fa
0  1e-07 142 0

0111000
+1741 0 *
Ve
1e-07
-104.854535927126 215.125126118079 132.653187725628
0 0

0101101
*
Ed
 1e-07 1 1 0
1  299 0 0 1
2  205 143 0 0 1
4 C0 143 0 157 0
0

0101000
+1744 0 -1739 0 *
Ed
 1e-07 1 1 0
1  300 0 0 0.5
2  206 143 0 0 0.5
4 C0 143 0 144 0
0

0101000
+1739 0 -1877 0 *
Wi

0101100
-1876 0 -1742 0 +1738 0 +1737 0 *
Fa
0  1e-07 143 0

0111000
+1736 0 *
Ve
1e-07
-104.833966186273 215.125126118079 132.653187725628
0 0

0101101
*
Ed
 1e-07 1 1 0
1  301 0 0 0.0205697408529915
4 C0 144 0 157 0
0

0101000
+1739 0 -1734 0 *
Ed
 1e-07 1 1 0
1  302 0 0 0.5
2  207 145 0 0 0.5
4 C0 144 0 145 0
0

0101000
+1734 0 -1875 0 *
Wi

0101100
-1874 0 -1737 0 +1733 0 +1732 0 *
Fa
0  1e-07 144 0

0111000
+1731 0 *
Ve
1e-07
-103.379564509443 215.125126118079 131.748119128067
0 0

0101101
*
Ed
 1e-07 1 1 0
1  303 0 0 1
2  208 145 0 0 1
4 C0 145 0 157 0
0

0101000
+1734 0 -1729 0 *
Ed
 1e-07 1 1 0
1  304 0 0 0.5
2  209 145 0 0 0.5
2  210 146 0 0 0.5
4 C0 145 0 146 0
0

0101000
+1729 0 -1873 0 *
Wi

0101100
-1872 0 -1732 0 +1728 0 +1727 0 *
Fa
0  1e-07 145 0

0111000
+1726 0 *
Ve
1e-07
-101.552487527736 215.125126118079 133.717974310994
0 0

0101101
*
Ed
 1e-07 1 1 0
1  305 0 0 1
2  211 146 0 0 1
4 C0 146 0 157 0
0

0101000
+1729 0 -1724 0 *
Ed
 1e-07 1 1 0
1  306 0 0 0.5
2  212 146 0 0 0.5
2  213 147 0 0 0.5
4 C0 146 0 147 0
0

0101000
+1724 0 -1871 0 *
Wi

0101100
-1870 0 -1727 0 +1723 0 +1722 0 *
Fa
0  1e-07 146 0

0111000
+1721 0 *
Ve
1e-07
-103.578002009443 215.125126118079 135.85238742075
0 0

0101101
*
Ed
 1e-07 1 1 0
1  307 0 0 1
2  214 147 0 0 1
4 C0 147 0 157 0
0

0101000
+1724 0 -1719 0 *
Ed
 1e-07 1 1 0
1  308 0 0 0.5
2  215 147 0 0 0.5
2  216 148 0 0 0.5
4 C0 147 0 148 0
0

0101000
+1719 0 -1869 0 *
Wi

0101100
-1868 0 -1722 0 +1718 0 +1717 0 *
Fa
0  1e-07 147 0

0111000
+1716 0 *
Ve
1e-07
-105.656755820419 215.125126118079 132.976253655506
0 0

0101101
*
Ed
 1e-07 1 1 0
1  309 0 0 1
2  217 148 0 0 1
4 C0 148 0 157 0
0

0101000
+1719 0 -1714 0 *
Ed
 1e-07 1 1 0
1  310 0 0 0.5
2  218 148 0 0 0.5
2  219 149 0 0 0.5
4 C0 148 0 149 0
0

0101000
+1714 0 -1867 0 *
Wi

0101100
-1866 0 -1717 0 +1713 0 +1712 0 *
Fa
0  1e-07 148 0

0111000
+1711 0 *
Ve
1e-07
-103.009309174077 215.125126118079 129.34750937197
0 0

0101101
*
Ed
 1e-07 1 1 0
1  311 0 0 1
2  220 149 0 0 1
4 C0 149 0 157 0
0

0101000
+1714 0 -1709 0 *
Ed
 1e-07 1 1 0
1  312 0 0 0.5
2  221 149 0 0 0.5
2  222 140 0 0 0.5
4 C0 149 0 140 0
0

0101000
+1709 0 -1884 0 *
Wi

0101100
-1865 0 -1712 0 +1708 0 +1707 0 *
Fa
0  1e-07 149 0

0111000
+1706 0 *
Ed
 1e-07 1 1 0
1  313 0 0 1
2  223 140 0 0 1
4 C0 140 0 157 0
0

0101000
+1709 0 -1751 0 *
Wi

0101100
-1882 0 -1707 0 +1704 0 +1750 0 *
Fa
0  1e-07 140 0

0111000
+1703 0 *
Wi

0101100
-1748 0 -1704 0 -1708 0 -1713 0 -1718 0 -1723 0 -1728 0 -1733 0 -1738 0 -1743 0 
*
Ve
1e-07
-103.592521826516 215.125126118079 132.445070347579
0 0

0101101
*
Ve
1e-07
-104.804926552126 215.125126118079 133.66352499697
0 0

0101101
*
Ed
 1e-07 1 1 0
1  314 0 0 1
2  224 158 0 0 1
4 C0 157 0 158 0
0

0101000
+1700 0 -1699 0 *
Ve
1e-07
-102.404316796029 215.125126118079 133.803883228677
0 0

0101101
*
Ed
 1e-07 1 1 0
1  315 0 0 1
2  225 159 0 0 1
4 C0 157 0 159 0
0

0101000
+1697 0 -1700 0 *
Ve
1e-07
-103.584051933224 215.125126118079 135.155436201238
0 0

0101101
*
Ed
 1e-07 1 1 0
1  316 0 0 1
2  226 160 0 0 1
4 C0 157 0 160 0
0

0101000
+1695 0 -1697 0 *
Ed
 1e-07 1 1 0
1  317 0 0 1
2  227 161 0 0 1
4 C0 157 0 161 0
0

0101000
+1699 0 -1695 0 *
Wi

0101100
-1698 0 -1696 0 -1694 0 -1693 0 *
Fa
0  1e-07 157 0

0111000
-1701 0 -1692 0 *
Ve
1e-07
-103.592521826516 215.625126118079 132.445070347579
0 0

0101101
*
Ve
1e-07
-104.804926552126 215.625126118079 133.66352499697
0 0

0101101
*
Ed
 1e-07 1 1 0
1  318 0 0 1
2  228 158 0 0 1
4 C0 158 0 162 0
0

0101000
+1690 0 -1689 0 *
Ed
 1e-07 1 1 0
1  319 0 0 0.5
2  229 158 0 0 0.5
2  230 159 0 0 0.5
4 C0 158 0 159 0
0

0101000
+1700 0 -1690 0 *
Ed
 1e-07 1 1 0
1  320 0 0 0.5
2  231 158 0 0 0.5
2  232 161 0 0 0.5
4 C0 158 0 161 0
0

0101000
+1699 0 -1689 0 *
Wi

0101100
-1688 0 -1687 0 +1698 0 +1686 0 *
Fa
0  1e-07 158 0

0111000
+1685 0 *
Ve
1e-07
-102.404316796029 215.625126118079 133.803883228677
0 0

0101101
*
Ed
 1e-07 1 1 0
1  321 0 0 1
2  233 159 0 0 1
4 C0 159 0 162 0
0

0101000
+1683 0 -1690 0 *
Ed
 1e-07 1 1 0
1  322 0 0 0.5
2  234 159 0 0 0.5
2  235 160 0 0 0.5
4 C0 159 0 160 0
0

0101000
+1697 0 -1683 0 *
Wi

0101100
-1682 0 -1681 0 +1696 0 +1687 0 *
Fa
0  1e-07 159 0

0111000
+1680 0 *
Ve
1e-07
-103.584051933224 215.625126118079 135.155436201238
0 0

0101101
*
Ed
 1e-07 1 1 0
1  323 0 0 1
2  236 160 0 0 1
4 C0 160 0 162 0
0

0101000
+1678 0 -1683 0 *
Ed
 1e-07 1 1 0
1  324 0 0 0.5
2  237 160 0 0 0.5
2  238 161 0 0 0.5
4 C0 160 0 161 0
0

0101000
+1695 0 -1678 0 *
Wi

0101100
-1677 0 -1676 0 +1694 0 +1681 0 *
Fa
0  1e-07 160 0

0111000
+1675 0 *
Ed
 1e-07 1 1 0
1  325 0 0 1
2  239 161 0 0 1
4 C0 161 0 162 0
0

0101000
+1689 0 -1678 0 *
Wi

0101100
-1673 0 -1686 0 +1693 0 +1676 0 *
Fa
0  1e-07 161 0

0111000
+1672 0 *
Ve
1e-07
-127.282004041333 215.125126118079 126.239313187092
0 0

0101101
*
Ed
 1e-07 1 1 0
1  326 0 0 0.5
2  240 106 0 0 0.5
2  241 107 0 0 0.5
4 C0 106 0 107 0
0

0101000
+1670 0 -1956 0 *
Ve
1e-07
-128.158778862694 215.125126118079 126.187256160441
0 0

0101101
*
Ed
 1e-07 1 1 0
1  327 0 26 27
2  242 106 0 26 27
4 C0 106 0 163 0
0

0101000
+1670 0 -1668 0 *
Ed
 1e-07 1 1 0
1  328 0 0 0.5
2  243 106 0 0 0.5
2  244 132 0 0 0.5
4 G1 106 0 132 0
0

0101000
+1668 0 -1955 0 *
Wi

0101100
-1669 0 +1667 0 +1666 0 -1954 0 *
Fa
0  1e-07 106 0

0111000
+1665 0 *
Ve
1e-07
-121.329145833779 215.125126118079 132.416005221341
0 0

0101101
*
Ed
 1e-07 1 1 0
1  329 0 0 0.5
2  245 107 0 0 0.5
2  246 108 0 0 0.5
4 C0 107 0 108 0
0

0101000
+1663 0 -1953 0 *
Ed
 1e-07 1 1 0
1  330 0 25 26
2  247 107 0 25 26
4 C0 107 0 163 0
0

0101000
+1663 0 -1670 0 *
Wi

0101100
-1662 0 +1661 0 +1669 0 -1952 0 *
Fa
0  1e-07 107 0

0111000
+1660 0 *
Ve
1e-07
-121.294757973659 215.125126118079 133.275286041911
0 0

0101101
*
Ed
 1e-07 1 1 0
1  331 0 0 0.5
2  248 108 0 0 0.5
2  249 109 0 0 0.5
4 C0 108 0 109 0
0

0101000
+1658 0 -1951 0 *
Ed
 1e-07 1 1 0
1  332 0 24 25
2  250 108 0 24 25
4 C0 108 0 163 0
0

0101000
+1658 0 -1663 0 *
Wi

0101100
-1657 0 +1656 0 +1662 0 -1950 0 *
Fa
0  1e-07 108 0

0111000
+1655 0 *
Ve
1e-07
-123.128981850142 215.125126118079 135.071306943378
0 0

0101101
*
Ed
 1e-07 1 1 0
1  333 0 0 0.5
2  251 109 0 0 0.5
2  252 110 0 0 0.5
4 G1 109 0 110 0
0

0101000
+1653 0 -1949 0 *
Ed
 1e-07 1 1 0
1  334 0 23 24
2  253 109 0 23 24
4 C0 109 0 163 0
0

0101000
+1653 0 -1658 0 *
Wi

0101100
-1652 0 +1651 0 +1657 0 -1948 0 *
Fa
0  1e-07 109 0

0111000
+1650 0 *
Ve
1e-07
-123.751869095318 215.125126118079 135.512118766656
0 0

0101101
*
Ed
 1e-07 1 1 0
1  335 0 0 0.5
2  254 110 0 0 0.5
2  255 111 0 0 0.5
4 G1 110 0 111 0
0

0101000
+1648 0 -1947 0 *
Ed
 1e-07 1 1 0
1  336 0 22 23
2  256 110 0 22 23
4 C0 110 0 163 0
0

0101000
+1648 0 -1653 0 *
Wi

0101100
-1647 0 +1646 0 +1652 0 -1946 0 *
Fa
0  1e-07 110 0

0111000
+1645 0 *
Ve
1e-07
-124.388227064515 215.125126118079 135.743663536655
0 0

0101101
*
Ed
 1e-07 1 1 0
1  337 0 0 0.5
2  257 111 0 0 0.5
2  258 112 0 0 0.5
4 C0 111 0 112 0
0

0101000
+1643 0 -1945 0 *
Ed
 1e-07 1 1 0
1  338 0 21 22
2  259 111 0 21 22
4 C0 111 0 163 0
0

0101000
+1643 0 -1648 0 *
Wi

0101100
-1642 0 +1641 0 +1647 0 -1944 0 *
Fa
0  1e-07 111 0

0111000
+1640 0 *
Ve
1e-07
-126.464841078565 215.125126118079 135.676301466017
0 0

0101101
*
Ed
 1e-07 1 1 0
1  339 0 0 0.5
2  260 112 0 0 0.5
2  261 113 0 0 0.5
4 C0 112 0 113 0
0

0101000
+1638 0 -1943 0 *
Ed
 1e-07 1 1 0
1  340 0 20 21
2  262 112 0 20 21
4 C0 112 0 163 0
0

0101000
+1638 0 -1643 0 *
Wi

0101100
-1637 0 +1636 0 +1642 0 -1942 0 *
Fa
0  1e-07 112 0

0111000
+1635 0 *
Ve
1e-07
-126.445912336369 215.125126118079 135.339591388649
0 0

0101101
*
Ed
 1e-07 1 1 0
1  341 0 0 0.5
2  263 113 0 0 0.5
2  264 114 0 0 0.5
4 C0 113 0 114 0
0

0101000
+1633 0 -1941 0 *
Ed
 1e-07 1 1 0
1  342 0 19 20
2  265 113 0 19 20
4 C0 113 0 163 0
0

0101000
+1633 0 -1638 0 *
Wi

0101100
-1632 0 +1631 0 +1637 0 -1940 0 *
Fa
0  1e-07 113 0

0111000
+1630 0 *
Ve
1e-07
-123.335581273311 215.125126118079 132.335876974814
0 0

0101101
*
Ed
 1e-07 1 1 0
1  343 0 0 0.5
2  266 114 0 0 0.5
2  267 115 0 0 0.5
4 C0 114 0 115 0
0

0101000
+1628 0 -1939 0 *
Ed
 1e-07 1 1 0
1  344 0 18 19
2  268 114 0 18 19
4 C0 114 0 163 0
0

0101000
+1628 0 -1633 0 *
Wi

0101100
-1627 0 +1626 0 +1632 0 -1938 0 *
Fa
0  1e-07 114 0

0111000
+1625 0 *
Ve
1e-07
-123.603512656493 215.125126118079 132.10922126214
0 0

0101101
*
Ed
 1e-07 1 1 0
1  345 0 0 0.5
2  269 115 0 0 0.5
2  270 116 0 0 0.5
4 C0 115 0 116 0
0

0101000
+1623 0 -1937 0 *
Ed
 1e-07 1 1 0
1  346 0 17 18
2  271 115 0 17 18
4 C0 115 0 163 0
0

0101000
+1623 0 -1628 0 *
Wi

0101100
-1622 0 +1621 0 +1627 0 -1936 0 *
Fa
0  1e-07 115 0

0111000
+1620 0 *
Ve
1e-07
-126.816542587163 215.125126118079 135.212213439918
0 0

0101101
*
Ed
 1e-07 1 1 0
1  347 0 0 0.5
2  272 116 0 0 0.5
2  273 117 0 0 0.5
4 G1 116 0 117 0
0

0101000
+1618 0 -1935 0 *
Ed
 1e-07 1 1 0
1  348 0 16 17
2  274 116 0 16 17
4 C0 116 0 163 0
0

0101000
+1618 0 -1623 0 *
Wi

0101100
-1617 0 +1616 0 +1622 0 -1934 0 *
Fa
0  1e-07 116 0

0111000
+1615 0 *
Ve
1e-07
-127.428347318878 215.125126118079 135.28130477197
0 0

0101101
*
Ed
 1e-07 1 1 0
1  349 0 0 0.5
2  275 117 0 0 0.5
2  276 118 0 0 0.5
4 G1 117 0 118 0
0

0101000
+1613 0 -1933 0 *
Ed
 1e-07 1 1 0
1  350 0 15 16
2  277 117 0 15 16
4 C0 117 0 163 0
0

0101000
+1613 0 -1618 0 *
Wi

0101100
-1612 0 +1611 0 +1617 0 -1932 0 *
Fa
0  1e-07 117 0

0111000
+1610 0 *
Ve
1e-07
-128.872353082667 215.125126118079 134.287995676109
0 0

0101101
*
Ed
 1e-07 1 1 0
1  351 0 0 0.5
2  278 118 0 0 0.5
2  279 119 0 0 0.5
4 C0 118 0 119 0
0

0101000
+1608 0 -1931 0 *
Ed
 1e-07 1 1 0
1  352 0 14 15
2  280 118 0 14 15
4 C0 118 0 163 0
0

0101000
+1608 0 -1613 0 *
Wi

0101100
-1607 0 +1606 0 +1612 0 -1930 0 *
Fa
0  1e-07 118 0

0111000
+1605 0 *
Ve
1e-07
-128.58576632046 215.125126118079 133.738990388133
0 0

0101101
*
Ed
 1e-07 1 1 0
1  353 0 0 0.5
2  281 119 0 0 0.5
2  282 120 0 0 0.5
4 C0 119 0 120 0
0

0101000
+1603 0 -1929 0 *
Ed
 1e-07 1 1 0
1  354 0 13 14
2  283 119 0 13 14
4 C0 119 0 163 0
0

0101000
+1603 0 -1608 0 *
Wi

0101100
-1602 0 +1601 0 +1607 0 -1928 0 *
Fa
0  1e-07 119 0

0111000
+1600 0 *
Ve
1e-07
-125.133998608016 215.125126118079 130.405657054983
0 0

0101101
*
Ed
 1e-07 1 1 0
1  355 0 0 0.5
2  284 120 0 0 0.5
2  285 121 0 0 0.5
4 G1 120 0 121 0
0

0101000
+1598 0 -1927 0 *
Ed
 1e-07 1 1 0
1  356 0 12 13
2  286 120 0 12 13
4 C0 120 0 163 0
0

0101000
+1598 0 -1603 0 *
Wi

0101100
-1597 0 +1596 0 +1602 0 -1926 0 *
Fa
0  1e-07 120 0

0111000
+1595 0 *
Ve
1e-07
-125.388768267993 215.125126118079 130.166701695174
0 0

0101101
*
Ed
 1e-07 1 1 0
1  357 0 0 0.5
2  287 121 0 0 0.5
2  288 122 0 0 0.5
4 C0 121 0 122 0
0

0101000
+1593 0 -1925 0 *
Ed
 1e-07 1 1 0
1  358 0 11 12
2  289 121 0 11 12
4 C0 121 0 163 0
0

0101000
+1593 0 -1598 0 *
Wi

0101100
-1592 0 +1591 0 +1597 0 -1924 0 *
Fa
0  1e-07 121 0

0111000
+1590 0 *
Ve
1e-07
-128.738794750097 215.125126118079 133.401784664249
0 0

0101101
*
Ed
 1e-07 1 1 0
1  359 0 0 0.5
2  290 122 0 0 0.5
2  291 123 0 0 0.5
4 C0 122 0 123 0
0

0101000
+1588 0 -1923 0 *
Ed
 1e-07 1 1 0
1  360 0 10 11
2  292 122 0 10 11
4 C0 122 0 163 0
0

0101000
+1588 0 -1593 0 *
Wi

0101100
-1587 0 +1586 0 +1592 0 -1922 0 *
Fa
0  1e-07 122 0

0111000
+1585 0 *
Ve
1e-07
-129.445039433251 215.125126118079 133.695174132658
0 0

0101101
*
Ed
 1e-07 1 1 0
1  361 0 0 0.5
2  293 123 0 0 0.5
2  294 124 0 0 0.5
4 C0 123 0 124 0
0

0101000
+1583 0 -1921 0 *
Ed
 1e-07 1 1 0
1  362 0 9 10
2  295 123 0 9 10
4 C0 123 0 163 0
0

0101000
+1583 0 -1588 0 *
Wi

0101100
-1582 0 +1581 0 +1587 0 -1920 0 *
Fa
0  1e-07 123 0

0111000
+1580 0 *
Ve
1e-07
-130.391694100122 215.125126118079 132.173244501793
0 0

0101101
*
Ed
 1e-07 1 1 0
1  363 0 0 0.5
2  296 124 0 0 0.5
2  297 125 0 0 0.5
4 C0 124 0 125 0
0

0101000
+1578 0 -1919 0 *
Ed
 1e-07 1 1 0
1  364 0 8 9
2  298 124 0 8 9
4 C0 124 0 163 0
0

0101000
+1578 0 -1583 0 *
Wi

0101100
-1577 0 +1576 0 +1582 0 -1918 0 *
Fa
0  1e-07 124 0

0111000
+1575 0 *
Ve
1e-07
-130.157105960063 215.125126118079 131.570499330742
0 0

0101101
*
Ed
 1e-07 1 1 0
1  365 0 0 0.5
2  299 125 0 0 0.5
2  300 126 0 0 0.5
4 C0 125 0 126 0
0

0101000
+1573 0 -1917 0 *
Ed
 1e-07 1 1 0
1  366 0 7 8
2  301 125 0 7 8
4 C0 125 0 163 0
0

0101000
+1573 0 -1578 0 *
Wi

0101100
-1572 0 +1571 0 +1577 0 -1916 0 *
Fa
0  1e-07 125 0

0111000
+1570 0 *
Ve
1e-07
-127.01926683428 215.125126118079 128.540118069211
0 0

0101101
*
Ed
 1e-07 1 1 0
1  367 0 0 0.5
2  302 126 0 0 0.5
2  303 127 0 0 0.5
4 G1 126 0 127 0
0

0101000
+1568 0 -1915 0 *
Ed
 1e-07 1 1 0
1  368 0 6 7
2  304 126 0 6 7
4 C0 126 0 163 0
0

0101000
+1568 0 -1573 0 *
Wi

0101100
-1567 0 +1566 0 +1572 0 -1914 0 *
Fa
0  1e-07 126 0

0111000
+1565 0 *
Ve
1e-07
-127.233392306288 215.125126118079 128.285306396492
0 0

0101101
*
Ed
 1e-07 1 1 0
1  369 0 0 0.5
2  305 127 0 0 0.5
2  306 128 0 0 0.5
4 C0 127 0 128 0
0

0101000
+1563 0 -1913 0 *
Ed
 1e-07 1 1 0
1  370 0 5.05307453282423 6
2  307 127 0 5.05307453282423 6
4 C0 127 0 163 0
0

0101000
+1563 0 -1568 0 *
Wi

0101100
-1562 0 +1561 0 +1567 0 -1912 0 *
Fa
0  1e-07 127 0

0111000
+1560 0 *
Ve
1e-07
-130.368138977718 215.125126118079 131.308292737141
0 0

0101101
*
Ed
 1e-07 1 1 0
1  371 0 0 0.5
2  308 128 0 0 0.5
2  309 129 0 0 0.5
4 C0 128 0 129 0
0

0101000
+1558 0 -1911 0 *
Ed
 1e-07 1 1 0
1  372 0 4 4.96123427625203
2  310 128 0 4 4.96123427625203
4 C0 128 0 163 0
0

0101000
+1558 0 -1563 0 *
Wi

0101100
-1557 0 +1556 0 +1562 0 -1910 0 *
Fa
0  1e-07 128 0

0111000
+1555 0 *
Ve
1e-07
-130.70874089376 215.125126118079 131.201277129236
0 0

0101101
*
Ed
 1e-07 1 1 0
1  373 0 0 0.5
2  311 129 0 0 0.5
2  312 130 0 0 0.5
4 C0 129 0 130 0
0

0101000
+1553 0 -1909 0 *
Ed
 1e-07 1 1 0
1  374 0 3 4
2  313 129 0 3 4
4 C0 129 0 163 0
0

0101000
+1553 0 -1558 0 *
Wi

0101100
-1552 0 +1551 0 +1557 0 -1908 0 *
Fa
0  1e-07 129 0

0111000
+1550 0 *
Ve
1e-07
-130.727902836334 215.125126118079 129.344087670462
0 0

0101101
*
Ed
 1e-07 1 1 0
1  375 0 0 0.5
2  314 130 0 0 0.5
2  315 131 0 0 0.5
4 C0 130 0 131 0
0

0101000
+1548 0 -1907 0 *
Ed
 1e-07 1 1 0
1  376 0 2 3
2  316 130 0 2 3
4 C0 130 0 163 0
0

0101000
+1548 0 -1553 0 *
Wi

0101100
-1547 0 +1546 0 +1552 0 -1906 0 *
Fa
0  1e-07 130 0

0111000
+1545 0 *
Ve
1e-07
-130.106752577942 215.125126118079 128.087582507877
0 0

0101101
*
Ed
 1e-07 1 1 0
1  377 0 0 0.5
2  317 131 0 0 0.5
2  318 132 0 0 0.5
4 C0 131 0 132 0
0

0101000
+1543 0 -1905 0 *
Ed
 1e-07 1 1 0
1  378 0 1 2
2  319 131 0 1 2
4 C0 131 0 163 0
0

0101000
+1543 0 -1548 0 *
Wi

0101100
-1542 0 +1541 0 +1547 0 -1904 0 *
Fa
0  1e-07 131 0

0111000
+1540 0 *
Ed
 1e-07 1 1 0
1  379 0 0 1
2  320 132 0 0 1
4 C0 132 0 163 0
0

0101000
+1668 0 -1543 0 *
Wi

0101100
-1666 0 +1538 0 +1542 0 -1903 0 *
Fa
0  1e-07 132 0

0111000
+1537 0 *
Wi

0101100
+1667 0 +1538 0 +1541 0 +1546 0 +1551 0 +1556 0 +1561 0 +1566 0 +1571 0 +1576 0 
+1581 0 +1586 0 +1591 0 +1596 0 +1601 0 +1606 0 +1611 0 +1616 0 +1621 0 +1626 0 
+1631 0 +1636 0 +1641 0 +1646 0 +1651 0 +1656 0 +1661 0 *
Fa
0  1e-07 163 0

0111000
-1535 0 *
Ve
1e-07
-120.320797534092 215.125126118079 131.522093184394
0 0

0101101
*
Ed
 1e-07 1 1 0
1  380 0 0 0.5
2  321 97 0 0 0.5
2  322 98 0 0 0.5
4 C0 97 0 98 0
0

0101000
+1533 0 -1975 0 *
Ve
1e-07
-119.486283810572 215.125126118079 131.530812628883
0 0

0101101
*
Ed
 1e-07 1 1 0
1  381 0 7 8
2  323 97 0 7 8
4 C0 97 0 164 0
0

0101000
+1533 0 -1531 0 *
Ed
 1e-07 1 1 0
1  382 0 0 0.5
2  324 97 0 0 0.5
4 C0 97 0 105 0
0

0101000
+1531 0 -1974 0 *
Wi

0101100
-1532 0 +1530 0 +1529 0 -1973 0 *
Fa
0  1e-07 97 0

0111000
+1528 0 *
Ve
1e-07
-125.84007231906 215.125126118079 125.838065433176
0 0

0101101
*
Ed
 1e-07 1 1 0
1  383 0 0 0.5
2  325 98 0 0 0.5
2  326 99 0 0 0.5
4 C0 98 0 99 0
0

0101000
+1526 0 -1972 0 *
Ed
 1e-07 1 1 0
1  384 0 8 9
2  327 98 0 8 9
4 C0 98 0 164 0
0

0101000
+1526 0 -1533 0 *
Wi

0101100
-1525 0 +1524 0 +1532 0 -1971 0 *
Fa
0  1e-07 98 0

0111000
+1523 0 *
Ve
1e-07
-126.742141953878 215.125126118079 124.752727842092
0 0

0101101
*
Ed
 1e-07 1 1 0
1  385 0 0 0.5
2  328 99 0 0 0.5
2  329 100 0 0 0.5
4 C0 99 0 100 0
0

0101000
+1521 0 -1970 0 *
Ed
 1e-07 1 1 0
1  386 0 0 1
2  330 99 0 0 1
4 C0 99 0 164 0
0

0101000
+1521 0 -1526 0 *
Wi

0101100
-1520 0 +1519 0 +1525 0 -1969 0 *
Fa
0  1e-07 99 0

0111000
+1518 0 *
Ve
1e-07
-126.747430207533 215.125126118079 119.702040091386
0 0

0101101
*
Ed
 1e-07 1 1 0
1  387 0 0 0.5
2  331 100 0 0 0.5
2  332 101 0 0 0.5
4 G1 100 0 101 0
0

0101000
+1516 0 -1968 0 *
Ed
 1e-07 1 1 0
1  388 0 1 2
2  333 100 0 1 2
4 C0 100 0 164 0
0

0101000
+1516 0 -1521 0 *
Wi

0101100
-1515 0 +1514 0 +1520 0 -1967 0 *
Fa
0  1e-07 100 0

0111000
+1513 0 *
Ve
1e-07
-122.896083564817 215.125126118079 119.784509683236
0 0

0101101
*
Ed
 1e-07 1 1 0
1  389 0 0 0.5
2  334 101 0 0 0.5
2  335 102 0 0 0.5
4 C0 101 0 102 0
0

0101000
+1511 0 -1966 0 *
Ed
 1e-07 1 1 0
1  390 0 2 3
2  336 101 0 2 3
4 C0 101 0 164 0
0

0101000
+1511 0 -1516 0 *
Wi

0101100
-1510 0 +1509 0 +1515 0 -1965 0 *
Fa
0  1e-07 101 0

0111000
+1508 0 *
Ve
1e-07
-121.96514592388 215.125126118079 122.362392201172
0 0

0101101
*
Ed
 1e-07 1 1 0
1  391 0 0 0.5
2  337 102 0 0 0.5
2  338 103 0 0 0.5
4 C0 102 0 103 0
0

0101000
+1506 0 -1964 0 *
Ed
 1e-07 1 1 0
1  392 0 3 4
2  339 102 0 3 4
4 C0 102 0 164 0
0

0101000
+1506 0 -1511 0 *
Wi

0101100
-1505 0 +1504 0 +1510 0 -1963 0 *
Fa
0  1e-07 102 0

0111000
+1503 0 *
Ve
1e-07
-116.466074732567 215.125126118079 128.049408466916
0 0

0101101
*
Ed
 1e-07 1 1 0
1  393 0 0 0.5
2  340 103 0 0 0.5
2  341 104 0 0 0.5
4 C0 103 0 104 0
0

0101000
+1501 0 -1962 0 *
Ed
 1e-07 1 1 0
1  394 0 4 5
2  342 103 0 4 5
4 C0 103 0 164 0
0

0101000
+1501 0 -1506 0 *
Wi

0101100
-1500 0 +1499 0 +1505 0 -1961 0 *
Fa
0  1e-07 103 0

0111000
+1498 0 *
Ve
1e-07
-116.425387844839 215.125126118079 128.553799971127
0 0

0101101
*
Ed
 1e-07 1 1 0
1  395 0 0 0.5
2  343 104 0 0 0.5
4 C0 104 0 105 0
0

0101000
+1496 0 -1960 0 *
Ed
 1e-07 1 1 0
1  396 0 5 6
2  344 104 0 5 6
4 C0 104 0 164 0
0

0101000
+1496 0 -1501 0 *
Wi

0101100
-1495 0 +1494 0 +1500 0 -1959 0 *
Fa
0  1e-07 104 0

0111000
+1493 0 *
Ed
 1e-07 1 1 0
1  397 0 -4.26985813317961 0
4 C0 105 0 164 0
0

0101000
+1531 0 -1496 0 *
Wi

0101100
+1958 0 -1495 0 -1491 0 +1529 0 *
Fa
0  1e-07 105 0

0111000
-1490 0 *
Wi

0101100
+1530 0 +1491 0 +1494 0 +1499 0 +1504 0 +1509 0 +1514 0 +1519 0 +1524 0 *
Fa
0  1e-07 164 0

0111000
-1488 0 *
Ve
1e-07
-113.224680395132 215.125126118079 111.812565008063
0 0

0101101
*
Ed
 1e-07 1 1 0
1  398 0 0 0.5
2  345 87 0 0 0.5
2  346 88 0 0 0.5
4 C0 87 0 88 0
0

0101000
+1486 0 -1996 0 *
Ve
1e-07
-115.79251201304 215.125126118079 114.345038013752
0 0

0101101
*
Ed
 1e-07 1 1 0
1  399 0 9 10
2  347 87 0 9 10
4 C0 87 0 165 0
0

0101000
+1486 0 -1484 0 *
Ed
 1e-07 1 1 0
1  400 0 0 0.5
2  348 87 0 0 0.5
2  349 96 0 0 0.5
4 C0 87 0 96 0
0

0101000
+1484 0 -1995 0 *
Wi

0101100
-1485 0 +1483 0 +1482 0 -1994 0 *
Fa
0  1e-07 87 0

0111000
+1481 0 *
Ve
1e-07
-112.590113882079 215.125126118079 111.719543093486
0 0

0101101
*
Ed
 1e-07 1 1 0
1  401 0 0 0.5
2  350 88 0 0 0.5
4 C0 88 0 89 0
0

0101000
+1479 0 -1993 0 *
Ed
 1e-07 1 1 0
1  402 0 8 9
2  351 88 0 8 9
4 C0 88 0 165 0
0

0101000
+1479 0 -1486 0 *
Wi

0101100
-1478 0 +1477 0 +1485 0 -1992 0 *
Fa
0  1e-07 88 0

0111000
+1476 0 *
Ve
1e-07
-105.777412932194 215.125126118079 115.197691993997
0 0

0101101
*
Ed
 1e-07 1 1 0
1  403 0 0 7.64921002500845
4 C0 89 0 165 0
0

0101000
+1474 0 -1479 0 *
Ed
 1e-07 1 1 0
1  404 0 0 0.5
2  352 90 0 0 0.5
4 C0 89 0 90 0
0

0101000
+1474 0 -1991 0 *
Wi

0101100
+1990 0 -1478 0 -1473 0 +1472 0 *
Fa
0  1e-07 89 0

0111000
-1471 0 *
Ve
1e-07
-105.508638058286 215.125126118079 115.519585762462
0 0

0101101
*
Ed
 1e-07 1 1 0
1  405 0 0 0.5
2  353 90 0 0 0.5
2  354 91 0 0 0.5
4 C0 90 0 91 0
0

0101000
+1469 0 -1989 0 *
Ed
 1e-07 1 1 0
1  406 0 6 7
2  355 90 0 6 7
4 C0 90 0 165 0
0

0101000
+1469 0 -1474 0 *
Wi

0101100
-1468 0 +1467 0 +1472 0 -1988 0 *
Fa
0  1e-07 90 0

0111000
+1466 0 *
Ve
1e-07
-105.030952408391 215.125126118079 116.889241571191
0 0

0101101
*
Ed
 1e-07 1 1 0
1  407 0 0 0.5
2  356 91 0 0 0.5
2  357 92 0 0 0.5
4 C0 91 0 92 0
0

0101000
+1464 0 -1987 0 *
Ed
 1e-07 1 1 0
1  408 0 5 6
2  358 91 0 5 6
4 C0 91 0 165 0
0

0101000
+1464 0 -1469 0 *
Wi

0101100
-1463 0 +1462 0 +1468 0 -1986 0 *
Fa
0  1e-07 91 0

0111000
+1461 0 *
Ve
1e-07
-105.155814094794 215.125126118079 117.426765398665
0 0

0101101
*
Ed
 1e-07 1 1 0
1  409 0 0 0.5
2  359 92 0 0 0.5
2  360 93 0 0 0.5
4 C0 92 0 93 0
0

0101000
+1459 0 -1985 0 *
Ed
 1e-07 1 1 0
1  410 0 4 5
2  361 92 0 4 5
4 C0 92 0 165 0
0

0101000
+1459 0 -1464 0 *
Wi

0101100
-1458 0 +1457 0 +1463 0 -1984 0 *
Fa
0  1e-07 92 0

0111000
+1456 0 *
Ve
1e-07
-106.936851617197 215.125126118079 119.268298402781
0 0

0101101
*
Ed
 1e-07 1 1 0
1  411 0 0 0.5
2  362 93 0 0 0.5
2  363 94 0 0 0.5
4 C0 93 0 94 0
0

0101000
+1454 0 -1983 0 *
Ed
 1e-07 1 1 0
1  412 0 3 4
2  364 93 0 3 4
4 C0 93 0 165 0
0

0101000
+1454 0 -1459 0 *
Wi

0101100
-1453 0 +1452 0 +1458 0 -1982 0 *
Fa
0  1e-07 93 0

0111000
+1451 0 *
Ve
1e-07
-107.585416422151 215.125126118079 119.397620018382
0 0

0101101
*
Ed
 1e-07 1 1 0
1  413 0 0 0.5
2  365 94 0 0 0.5
2  366 95 0 0 0.5
4 C0 94 0 95 0
0

0101000
+1449 0 -1981 0 *
Ed
 1e-07 1 1 0
1  414 0 2 3
2  367 94 0 2 3
4 C0 94 0 165 0
0

0101000
+1449 0 -1454 0 *
Wi

0101100
-1448 0 +1447 0 +1453 0 -1980 0 *
Fa
0  1e-07 94 0

0111000
+1446 0 *
Ve
1e-07
-115.719289001373 215.125126118079 115.12689686583
0 0

0101101
*
Ed
 1e-07 1 1 0
1  415 0 0 0.5
2  368 95 0 0 0.5
2  369 96 0 0 0.5
4 C0 95 0 96 0
0

0101000
+1444 0 -1979 0 *
Ed
 1e-07 1 1 0
1  416 0 1 2
2  370 95 0 1 2
4 C0 95 0 165 0
0

0101000
+1444 0 -1449 0 *
Wi

0101100
-1443 0 +1442 0 +1448 0 -1978 0 *
Fa
0  1e-07 95 0

0111000
+1441 0 *
Ed
 1e-07 1 1 0
1  417 0 0 1
2  371 96 0 0 1
4 C0 96 0 165 0
0

0101000
+1484 0 -1444 0 *
Wi

0101100
-1482 0 +1439 0 +1443 0 -1977 0 *
Fa
0  1e-07 96 0

0111000
+1438 0 *
Wi

0101100
+1483 0 +1439 0 +1442 0 +1447 0 +1452 0 +1457 0 +1462 0 +1467 0 +1473 0 +1477 0 
*
Fa
0  1e-07 165 0

0111000
+1436 0 *
Ve
1e-07
-120.062452244969 215.125126118079 118.611729310362
0 0

0101101
*
Ed
 1e-07 1 1 0
1  418 0 0 0.5
2  372 77 0 0 0.5
4 C0 77 0 78 0
0

0101000
+1434 0 -2017 0 *
Ve
1e-07
-119.974811600464 215.125126118079 119.357191369489
0 0

0101101
*
Ed
 1e-07 1 1 0
1  419 0 0 1
2  373 77 0 0 1
4 C0 77 0 166 0
0

0101000
+1434 0 -1432 0 *
Ed
 1e-07 1 1 0
1  420 0 0 0.5
2  374 77 0 0 0.5
2  375 86 0 0 0.5
4 C0 77 0 86 0
0

0101000
+1432 0 -2016 0 *
Wi

0101100
-1433 0 +1431 0 +1430 0 -2015 0 *
Fa
0  1e-07 77 0

0111000
+1429 0 *
Ve
1e-07
-117.402961033509 215.125126118079 115.972372629511
0 0

0101101
*
Ed
 1e-07 1 1 0
1  421 0 0 3.74687832636526
4 C0 78 0 166 0
0

0101000
+1427 0 -1434 0 *
Ed
 1e-07 1 1 0
1  422 0 0 0.5
2  376 79 0 0 0.5
4 C0 78 0 79 0
0

0101000
+1427 0 -2014 0 *
Wi

0101100
+2013 0 -1433 0 -1426 0 +1425 0 *
Fa
0  1e-07 78 0

0111000
-1424 0 *
Ve
1e-07
-116.805959240891 215.125126118079 115.889971467583
0 0

0101101
*
Ed
 1e-07 1 1 0
1  423 0 0 0.5
2  377 79 0 0 0.5
2  378 80 0 0 0.5
4 C0 79 0 80 0
0

0101000
+1422 0 -2012 0 *
Ed
 1e-07 1 1 0
1  424 0 8 9
2  379 79 0 8 9
4 C0 79 0 166 0
0

0101000
+1422 0 -1427 0 *
Wi

0101100
-1421 0 +1420 0 +1425 0 -2011 0 *
Fa
0  1e-07 79 0

0111000
+1419 0 *
Ve
1e-07
-110.107006890282 215.125126118079 119.424500934749
0 0

0101101
*
Ed
 1e-07 1 1 0
1  425 0 0 0.5
2  380 80 0 0 0.5
2  381 81 0 0 0.5
4 C0 80 0 81 0
0

0101000
+1417 0 -2010 0 *
Ed
 1e-07 1 1 0
1  426 0 7 8
2  382 80 0 7 8
4 C0 80 0 166 0
0

0101000
+1417 0 -1422 0 *
Wi

0101100
-1416 0 +1415 0 +1421 0 -2009 0 *
Fa
0  1e-07 80 0

0111000
+1414 0 *
Ve
1e-07
-109.802141074842 215.125126118079 119.760389351202
0 0

0101101
*
Ed
 1e-07 1 1 0
1  427 0 0 0.5
2  383 81 0 0 0.5
2  384 82 0 0 0.5
4 C0 81 0 82 0
0

0101000
+1412 0 -2008 0 *
Ed
 1e-07 1 1 0
1  428 0 6 7
2  385 81 0 6 7
4 C0 81 0 166 0
0

0101000
+1412 0 -1417 0 *
Wi

0101100
-1411 0 +1410 0 +1416 0 -2007 0 *
Fa
0  1e-07 81 0

0111000
+1409 0 *
Ve
1e-07
-109.321923564168 215.125126118079 121.080702691091
0 0

0101101
*
Ed
 1e-07 1 1 0
1  429 0 0 0.5
2  386 82 0 0 0.5
2  387 83 0 0 0.5
4 C0 82 0 83 0
0

0101000
+1407 0 -2006 0 *
Ed
 1e-07 1 1 0
1  430 0 5 6
2  388 82 0 5 6
4 C0 82 0 166 0
0

0101000
+1407 0 -1412 0 *
Wi

0101100
-1406 0 +1405 0 +1411 0 -2005 0 *
Fa
0  1e-07 82 0

0111000
+1404 0 *
Ve
1e-07
-109.411969203591 215.125126118079 121.669369424599
0 0

0101101
*
Ed
 1e-07 1 1 0
1  431 0 0 0.5
2  389 83 0 0 0.5
2  390 84 0 0 0.5
4 C0 83 0 84 0
0

0101000
+1402 0 -2004 0 *
Ed
 1e-07 1 1 0
1  432 0 4 5
2  391 83 0 4 5
4 C0 83 0 166 0
0

0101000
+1402 0 -1407 0 *
Wi

0101100
-1401 0 +1400 0 +1406 0 -2003 0 *
Fa
0  1e-07 83 0

0111000
+1399 0 *
Ve
1e-07
-111.267283200575 215.125126118079 123.507204462402
0 0

0101101
*
Ed
 1e-07 1 1 0
1  433 0 0 0.5
2  392 84 0 0 0.5
2  393 85 0 0 0.5
4 C0 84 0 85 0
0

0101000
+1397 0 -2002 0 *
Ed
 1e-07 1 1 0
1  434 0 3 4
2  394 84 0 3 4
4 C0 84 0 166 0
0

0101000
+1397 0 -1402 0 *
Wi

0101100
-1396 0 +1395 0 +1401 0 -2001 0 *
Fa
0  1e-07 84 0

0111000
+1394 0 *
Ve
1e-07
-111.827153132744 215.125126118079 123.5918199366
0 0

0101101
*
Ed
 1e-07 1 1 0
1  435 0 0 0.5
2  395 85 0 0 0.5
2  396 86 0 0 0.5
4 C0 85 0 86 0
0

0101000
+1392 0 -2000 0 *
Ed
 1e-07 1 1 0
1  436 0 2 3
2  397 85 0 2 3
4 C0 85 0 166 0
0

0101000
+1392 0 -1397 0 *
Wi

0101100
-1391 0 +1390 0 +1396 0 -1999 0 *
Fa
0  1e-07 85 0

0111000
+1389 0 *
Ed
 1e-07 1 1 0
1  437 0 1 2
2  398 86 0 1 2
4 C0 86 0 166 0
0

0101000
+1432 0 -1392 0 *
Wi

0101100
-1430 0 +1387 0 +1391 0 -1998 0 *
Fa
0  1e-07 86 0

0111000
+1386 0 *
Wi

0101100
+1431 0 +1387 0 +1390 0 +1395 0 +1400 0 +1405 0 +1410 0 +1415 0 +1420 0 +1426 0 
*
Fa
0  1e-07 166 0

0111000
-1384 0 *
Ve
1e-07
-109.119976749632 215.125126118079 107.896109354524
0 0

0101101
*
Ed
 1e-07 1 1 0
1  438 0 0 0.5
2  399 71 0 0 0.5
2  400 72 0 0 0.5
4 C0 71 0 72 0
0

0101000
+1382 0 -2030 0 *
Ve
1e-07
-111.530591113663 215.125126118079 110.238687289848
0 0

0101101
*
Ed
 1e-07 1 1 0
1  439 0 5 6
2  401 71 0 5 6
4 C0 71 0 167 0
0

0101000
+1382 0 -1380 0 *
Ed
 1e-07 1 1 0
1  440 0 0 0.5
2  402 71 0 0 0.5
2  403 76 0 0 0.5
4 C0 71 0 76 0
0

0101000
+1380 0 -2029 0 *
Wi

0101100
-1381 0 +1379 0 +1378 0 -2028 0 *
Fa
0  1e-07 71 0

0111000
+1377 0 *
Ve
1e-07
-108.337623531431 215.125126118079 108.069723873675
0 0

0101101
*
Ed
 1e-07 1 1 0
1  441 0 0 0.5
2  404 72 0 0 0.5
2  405 73 0 0 0.5
4 G1 72 0 73 0
0

0101000
+1375 0 -2027 0 *
Ed
 1e-07 1 1 0
1  442 0 4 5
2  406 72 0 4 5
4 C0 72 0 167 0
0

0101000
+1375 0 -1382 0 *
Wi

0101100
-1374 0 +1373 0 +1381 0 -2026 0 *
Fa
0  1e-07 72 0

0111000
+1372 0 *
Ve
1e-07
-106.61159094764 215.125126118079 112.513850114681
0 0

0101101
*
Ed
 1e-07 1 1 0
1  443 0 0 0.5
2  407 73 0 0 0.5
2  408 74 0 0 0.5
4 C0 73 0 74 0
0

0101000
+1370 0 -2025 0 *
Ed
 1e-07 1 1 0
1  444 0 3 4
2  409 73 0 3 4
4 C0 73 0 167 0
0

0101000
+1370 0 -1375 0 *
Wi

0101100
-1369 0 +1368 0 +1374 0 -2024 0 *
Fa
0  1e-07 73 0

0111000
+1367 0 *
Ve
1e-07
-107.296949610052 215.125126118079 113.147985799388
0 0

0101101
*
Ed
 1e-07 1 1 0
1  445 0 0 0.5
2  410 74 0 0 0.5
2  411 75 0 0 0.5
4 C0 74 0 75 0
0

0101000
+1365 0 -2023 0 *
Ed
 1e-07 1 1 0
1  446 0 2 3
2  412 74 0 2 3
4 C0 74 0 167 0
0

0101000
+1365 0 -1370 0 *
Wi

0101100
-1364 0 +1363 0 +1369 0 -2022 0 *
Fa
0  1e-07 74 0

0111000
+1362 0 *
Ve
1e-07
-111.403911969815 215.125126118079 110.948913195691
0 0

0101101
*
Ed
 1e-07 1 1 0
1  447 0 0 0.5
2  413 75 0 0 0.5
2  414 76 0 0 0.5
4 C0 75 0 76 0
0

0101000
+1360 0 -2021 0 *
Ed
 1e-07 1 1 0
1  448 0 1 2
2  415 75 0 1 2
4 C0 75 0 167 0
0

0101000
+1360 0 -1365 0 *
Wi

0101100
-1359 0 +1358 0 +1364 0 -2020 0 *
Fa
0  1e-07 75 0

0111000
+1357 0 *
Ed
 1e-07 1 1 0
1  449 0 0 1
2  416 76 0 0 1
4 C0 76 0 167 0
0

0101000
+1380 0 -1360 0 *
Wi

0101100
-1378 0 +1355 0 +1359 0 -2019 0 *
Fa
0  1e-07 76 0

0111000
+1354 0 *
Wi

0101100
+1379 0 +1355 0 +1358 0 +1363 0 +1368 0 +1373 0 *
Fa
0  1e-07 167 0

0111000
-1352 0 *
Wi

0101100
+1682 0 +1688 0 +1673 0 +1677 0 *
Fa
0  1e-07 162 0

0111000
+1350 0 *
Ed
 1e-07 1 1 0
1  450 0 66.6700000000001 80.0000000000001
2  417 62 0 66.6700000000001 80.0000000000001
4 C0 62 0 155 0
0

0101000
+1802 0 -1797 0 *
Wi

0101100
-1800 0 +1348 0 -1796 0 -2050 0 *
Fa
0  1e-07 62 0

0111000
+1347 0 *
Ed
 1e-07 1 1 0
1  451 0 53.2498871950848 80.0000000000001
2  418 154 0 53.2498871950848 80.0000000000001
4 C0 154 0 155 0
0

0101000
+1804 0 -1795 0 *
Wi

0101100
+1345 0 +1793 0 -1851 0 +1803 0 *
Fa
0  1e-07 154 0

0111000
+1344 0 *
Wi

0101100
-1801 0 +1345 0 -1794 0 -1348 0 *
Fa
0  1e-07 155 0

0111000
+1342 0 *
Ve
1e-07
-172.633042755759 223.155126118079 211.404684572446
0 0

0101101
*
Ed
 1e-07 1 1 0
1  452 0 2 9.53
2  419 151 0 2 9.53
4 G1 151 0 150 0
0

0101000
+1340 0 -1863 0 *
Ve
1e-07
-172.633042755759 223.155126118079 224.104684572446
0 0

0101101
*
Ed
 1e-07 1 1 0
1  453 0 0 3.14159265358979
2  420 151 0 0 3.14159265358979
2  421 168 0 0 3.14159265358979
4 G1 151 0 168 0
0

0101000
+1340 0 -1338 0 *
Ed
 1e-07 1 1 0
1  454 0 2 9.53
2  422 151 0 2 9.53
4 G1 151 0 152 0
0

0101000
+1338 0 -1860 0 *
Wi

0101100
-1339 0 +1337 0 +1336 0 +1859 0 *
Fa
0  1e-07 151 0

0111000
+1335 0 *
Ve
1e-07
-178.983042755759 223.155126118079 211.404684572446
0 0

0101101
*
Ed
 1e-07 1 1 0
1  455 0 2 9.53
2  423 153 0 2 9.53
4 G1 150 0 153 0
0

0101000
+1333 0 -1862 0 *
Ed
 1e-07 1 1 0
1  456 0 -6.34999999999999 0
2  424 169 0 -6.34999999999999 0
4 G1 150 0 169 0
0

0101000
+1333 0 -1340 0 *
Wi

0101100
-1332 0 +1331 0 +1339 0 +1861 0 *
Fa
0  1e-07 150 0

0111000
-1330 0 *
Ve
1e-07
-178.983042755759 223.155126118079 224.104684572446
0 0

0101101
*
Ed
 1e-07 1 1 0
1  457 0 2 9.53
2  425 153 0 2 9.53
4 G1 153 0 152 0
0

0101000
+1328 0 -1858 0 *
Ed
 1e-07 1 1 0
1  458 0 3.14159265358979 6.28318530717959
2  426 153 0 3.14159265358979 6.28318530717959
2  427 170 0 3.14159265358979 6.28318530717959
4 G1 153 0 170 0
0

0101000
+1328 0 -1333 0 *
Wi

0101100
-1327 0 +1326 0 +1332 0 +1856 0 *
Fa
0  1e-07 153 0

0111000
+1325 0 *
Ed
 1e-07 1 1 0
1  459 0 -0 6.34999999999999
2  428 171 0 -0 6.34999999999999
4 G1 152 0 171 0
0

0101000
+1338 0 -1328 0 *
Wi

0101100
-1336 0 +1323 0 +1327 0 +1857 0 *
Fa
0  1e-07 152 0

0111000
-1322 0 *
Ve
1e-07
-172.633042755759 225.155126118079 213.404684572446
0 0

0101101
*
Ve
1e-07
-178.983042755759 225.155126118079 213.404684572446
0 0

0101101
*
Ed
 1e-07 1 1 0
1  460 0 0 6.34999999999999
2  429 169 0 0 6.34999999999999
4 G1 172 0 169 0
0

0101000
+1320 0 -1319 0 *
Ve
1e-07
-178.983042755759 225.155126118079 222.104684572446
0 0

0101101
*
Ed
 1e-07 1 1 0
1  461 0 0 3.14159265358979
2  430 170 0 0 3.14159265358979
4 G1 172 0 170 0
0

0101000
+1319 0 -1317 0 *
Ve
1e-07
-172.633042755759 225.155126118079 222.104684572446
0 0

0101101
*
Ed
 1e-07 1 1 0
1  462 0 -6.34999999999999 0
2  431 171 0 -6.34999999999999 0
4 G1 172 0 171 0
0

0101000
+1317 0 -1315 0 *
Ed
 1e-07 1 1 0
1  463 0 3.14159265358979 6.28318530717959
2  432 168 0 3.14159265358979 6.28318530717959
4 G1 172 0 168 0
0

0101000
+1315 0 -1320 0 *
Wi

0101100
+1318 0 +1316 0 +1314 0 +1313 0 *
Fa
0  1e-07 172 0

0111000
-1312 0 *
Ed
 1e-07 1 1 0
1  464 0 0 1.5707963267949
2  433 168 0 0 1.5707963267949
2  434 171 0 0 1.5707963267949
4 G1 168 0 171 0
0

0101000
+1338 0 -1315 0 *
Ed
 1e-07 1 1 0
1  465 0 1.5707963267949 3.14159265358979
2  435 168 0 1.5707963267949 3.14159265358979
2  436 169 0 1.5707963267949 3.14159265358979
4 G1 168 0 169 0
0

0101000
+1320 0 -1340 0 *
Wi

0101100
-1310 0 -1337 0 -1309 0 -1313 0 *
Fa
0  1e-07 168 0

0111000
+1308 0 *
Ed
 1e-07 1 1 0
1  466 0 1.5707963267949 3.14159265358979
2  437 169 0 1.5707963267949 3.14159265358979
2  438 170 0 1.5707963267949 3.14159265358979
4 G1 169 0 170 0
0

0101000
+1319 0 -1333 0 *
Wi

0101100
+1309 0 -1331 0 -1306 0 -1318 0 *
Fa
0  1e-07 169 0

0111000
+1305 0 *
Ed
 1e-07 1 1 0
1  467 0 0 1.5707963267949
2  439 171 0 0 1.5707963267949
2  440 170 0 0 1.5707963267949
4 G1 171 0 170 0
0

0101000
+1328 0 -1317 0 *
Wi

0101100
+1310 0 -1314 0 -1303 0 -1323 0 *
Fa
0  1e-07 171 0

0111000
+1302 0 *
Wi

0101100
+1306 0 -1326 0 +1303 0 -1316 0 *
Fa
0  1e-07 170 0

0111000
+1300 0 *
Sh

0101100
+2063 0 -2053 0 +1854 0 -1829 0 -1825 0 -1822 0 +1819 0 +1816 0 -1813 0 +1811 0 
+1808 0 -1805 0 -1798 0 -1791 0 -1789 0 +1782 0 +1777 0 +1772 0 +1767 0 +1762 0 
+1757 0 +1754 0 +1752 0 +1745 0 +1740 0 +1735 0 +1730 0 +1725 0 +1720 0 +1715 0 
+1710 0 +1705 0 +1702 0 -1691 0 +1684 0 +1679 0 +1674 0 +1671 0 -1664 0 -1659 0 
-1654 0 -1649 0 -1644 0 -1639 0 -1634 0 -1629 0 -1624 0 -1619 0 -1614 0 -1609 0 
-1604 0 -1599 0 -1594 0 -1589 0 -1584 0 -1579 0 -1574 0 -1569 0 -1564 0 -1559 0 
-1554 0 -1549 0 -1544 0 -1539 0 -1536 0 -1534 0 -1527 0 -1522 0 -1517 0 -1512 0 
-1507 0 -1502 0 -1497 0 -1492 0 -1489 0 -1487 0 -1480 0 -1475 0 -1470 0 -1465 0 
-1460 0 -1455 0 -1450 0 -1445 0 -1440 0 -1437 0 +1435 0 -1428 0 -1423 0 -1418 0 
-1413 0 -1408 0 -1403 0 -1398 0 -1393 0 -1388 0 -1385 0 -1383 0 -1376 0 -1371 0 
-1366 0 -1361 0 -1356 0 -1353 0 -1351 0 +1349 0 +1346 0 -1343 0 +1341 0 +1334 0 
-1329 0 +1324 0 -1321 0 -1311 0 +1307 0 +1304 0 +1301 0 +1299 0 *
So

0100000
+1298 0 *
Ve
1e-07
-162.158399156006 80.7251261180788 280.524696984169
0 0

0101101
*
Ve
1e-07
-162.158399156006 90.2251261180788 280.524696984169
0 0

0101101
*
Ed
 1e-07 1 1 0
1  468 0 -4.75 4.75
2  441 173 0 -4.75 4.75
2  442 174 0 -4.75 4.75
4 CN 173 0 174 0
0

0101000
+1296 0 -1295 0 *
Ve
1e-07
-161.402186214192 80.7251261180788 280.376221217506
0 0

0101101
*
Ed
 1e-07 1 1 0
1  469 0 0 0.387750066717033
2  443 173 0 0 0.387750066717033
4 C0 173 0 175 0
0

0101000
+1296 0 -1293 0 *
Ve
1e-07
-161.402186214192 90.2251261180788 280.376221217506
0 0

0101101
*
Ed
 1e-07 1 1 0
1  470 0 -0 9.5
2  444 173 0 -0 9.5
2  445 176 0 -0 9.5
4 G1 173 0 176 0
0

0101000
+1291 0 -1293 0 *
Ed
 1e-07 1 1 0
1  471 0 0 0.387750066717033
2  446 173 0 0 0.387750066717033
4 C0 173 0 177 0
0

0101000
+1295 0 -1291 0 *
Wi

0101100
-1294 0 +1292 0 -1290 0 -1289 0 *
Fa
0  1e-07 173 0

0111000
+1288 0 *
Ve
1e-07
-175.808042755759 90.2251261180788 231.504684572446
0 0

0101101
*
Ve
1e-07
-175.808042755759 80.7251261180788 231.504684572446
0 0

0101101
*
Ed
 1e-07 1 1 0
1  472 0 -0 9.5
2  447 178 0 -0 9.5
2  448 179 0 -0 9.5
4 CN 178 0 179 0
0

0101000
+1286 0 -1285 0 *
Ve
1e-07
-175.808042755759 80.7251261180788 258.704684572446
0 0

0101101
*
Ed
 1e-07 1 1 0
1  473 0 3.14159265358979 6.28318530717959
2  449 178 0 3.14159265358979 6.28318530717959
4 C0 178 0 175 0
0

0101000
+1285 0 -1283 0 *
Ve
1e-07
-175.808042755759 90.2251261180788 258.704684572446
0 0

0101101
*
Ed
 1e-07 1 1 0
1  474 0 -0 9.5
2  450 178 0 -0 9.5
2  451 179 0 -0 9.5
4 CN 178 0 179 0
0

0101000
+1281 0 -1283 0 *
Ed
 1e-07 1 1 0
1  475 0 3.14159265358979 6.28318530717959
2  452 178 0 3.14159265358979 6.28318530717959
4 C0 178 0 177 0
0

0101000
+1286 0 -1281 0 *
Wi

0101100
+1284 0 +1282 0 -1280 0 -1279 0 *
Fa
0  1e-07 178 0

0111000
+1278 0 *
Ve
1e-07
-125.643342408694 90.2251261180788 258.424964005893
0 0

0101101
*
Ve
1e-07
-33.5552920713532 90.2251261180788 85.2325305943118
0 0

0101101
*
Ed
 1e-07 1 1 0
1  476 0 -250.74 -54.5874369120873
4 C0 177 0 180 0
0

0101000
+1276 0 -1275 0 *
Ve
1e-07
-33.5552920713532 90.2251261180788 23.7046845724459
0 0

0101101
*
Ed
 1e-07 1 1 0
1  477 0 -61.5278460218659 0
2  453 181 0 -61.5278460218659 0
4 G1 177 0 181 0
0

0101000
+1275 0 -1273 0 *
Ve
1e-07
-115.868042755759 90.2251261180788 23.7046845724459
0 0

0101101
*
Ed
 1e-07 1 1 0
1  478 0 -82.3127506844058 -0
4 C0 177 0 182 0
0

0101000
+1273 0 -1271 0 *
Ve
1e-07
-215.339677478834 90.2251261180788 210.783620547395
0 0

0101101
*
Ed
 1e-07 1 1 0
1  479 0 0 211.88
4 C0 177 0 183 0
0

0101000
+1271 0 -1269 0 *
Ve
1e-07
-213.876386583661 90.2251261180788 246.657487908559
0 0

0101101
*
Ed
 1e-07 1 1 0
1  480 0 0 35.9036986909466
4 C0 177 0 184 0
0

0101000
+1269 0 -1267 0 *
Ve
1e-07
-213.105124622728 90.2251261180788 252.885281221074
0 0

0101101
*
Ed
 1e-07 1 1 0
1  481 0 4.75315626486423 4.91805085934535
2  454 185 0 4.75315626486423 4.91805085934535
4 C0 177 0 185 0
0

0101000
+1267 0 -1265 0 *
Ve
1e-07
-212.086215681792 90.2251261180788 254.242746136523
0 0

0101101
*
Ed
 1e-07 1 1 0
1  482 0 1.77645820575543 2.65290046303133
2  455 186 0 1.77645820575543 2.65290046303133
4 C0 177 0 186 0
0

0101000
+1265 0 -1263 0 *
Ve
1e-07
-163.097342281578 90.2251261180788 280.290592169887
0 0

0101101
*
Ed
 1e-07 1 1 0
1  483 0 -27.7416654150397 27.7416654150397
4 C0 177 0 187 0
0

0101000
+1263 0 -1261 0 *
Ed
 1e-07 1 1 0
1  484 0 5.79449311662112 6.28318530717959
2  456 174 0 5.79449311662112 6.28318530717959
4 C0 177 0 174 0
0

0101000
+1261 0 -1295 0 *
Ve
1e-07
-159.206291254728 90.2251261180788 279.397422099479
0 0

0101101
*
Ed
 1e-07 1 1 0
1  485 0 0.38775006671738 0.45086194599913
2  457 176 0 0.38775006671738 0.45086194599913
4 C0 177 0 176 0
0

0101000
+1291 0 -1258 0 *
Ed
 1e-07 1 1 0
1  486 0 -39.5767044323895 0
4 C0 177 0 188 0
0

0101000
+1258 0 -1276 0 *
Wi

0101100
+1274 0 +1272 0 +1270 0 +1268 0 +1266 0 +1264 0 +1262 0 +1260 0 +1259 0 +1289 0 
+1257 0 +1256 0 *
Ed
 1e-07 1 1 0
1  487 0 0 3.14159265358979
2  458 179 0 0 3.14159265358979
4 C0 177 0 179 0
0

0101000
+1281 0 -1286 0 *
Wi

0101100
-1279 0 -1254 0 *
Fa
0  1e-07 177 0

0111000
+1255 0 +1253 0 *
Ve
1e-07
-33.3949267660316 80.7251261180788 23.7046845724459
0 0

0101101
*
Ve
1e-07
-115.868042755759 80.7251261180788 23.7046845724459
0 0

0101101
*
Ed
 1e-07 1 1 0
1  488 0 -82.4731159897274 -0
4 C0 175 0 182 0
0

0101000
+1251 0 -1250 0 *
Ve
1e-07
-33.3949267660316 80.7251261180788 84.9309273204701
0 0

0101101
*
Ed
 1e-07 1 1 0
1  489 0 -221.4 -160.173757251976
2  459 189 0 -221.4 -160.173757251976
4 G1 175 0 189 0
0

0101000
+1251 0 -1248 0 *
Ve
1e-07
-125.643342408694 80.7251261180788 258.424964005893
0 0

0101101
*
Ed
 1e-07 1 1 0
1  490 0 -250.74 -54.2458500769445
4 C0 175 0 180 0
0

0101000
+1246 0 -1248 0 *
Ve
1e-07
-159.206291254728 80.7251261180788 279.397422099479
0 0

0101101
*
Ed
 1e-07 1 1 0
1  491 0 -39.5767044323895 0
4 C0 175 0 188 0
0

0101000
+1244 0 -1246 0 *
Ed
 1e-07 1 1 0
1  492 0 0.38775006671738 0.45086194599913
2  460 176 0 0.38775006671738 0.45086194599913
4 C0 175 0 176 0
0

0101000
+1293 0 -1244 0 *
Ve
1e-07
-163.097342281578 80.7251261180788 280.290592169887
0 0

0101101
*
Ed
 1e-07 1 1 0
1  493 0 5.79449311662112 6.28318530717959
2  461 174 0 5.79449311662112 6.28318530717959
4 C0 175 0 174 0
0

0101000
+1241 0 -1296 0 *
Ve
1e-07
-212.086215681792 80.7251261180788 254.242746136523
0 0

0101101
*
Ed
 1e-07 1 1 0
1  494 0 -27.7416654150397 27.7416654150397
4 C0 175 0 187 0
0

0101000
+1239 0 -1241 0 *
Ve
1e-07
-213.105124622728 80.7251261180788 252.885281221074
0 0

0101101
*
Ed
 1e-07 1 1 0
1  495 0 1.77645820575543 2.65290046303133
2  462 186 0 1.77645820575543 2.65290046303133
4 C0 175 0 186 0
0

0101000
+1237 0 -1239 0 *
Ve
1e-07
-213.876386583661 80.7251261180788 246.657487908559
0 0

0101101
*
Ed
 1e-07 1 1 0
1  496 0 4.75315626486423 4.91805085934535
2  463 185 0 4.75315626486423 4.91805085934535
4 C0 175 0 185 0
0

0101000
+1235 0 -1237 0 *
Ve
1e-07
-215.339677478834 80.7251261180788 210.783620547395
0 0

0101101
*
Ed
 1e-07 1 1 0
1  497 0 0 35.9036986909466
4 C0 175 0 184 0
0

0101000
+1233 0 -1235 0 *
Ed
 1e-07 1 1 0
1  498 0 0 211.88
4 C0 175 0 183 0
0

0101000
+1250 0 -1233 0 *
Wi

0101100
-1249 0 +1247 0 -1245 0 -1243 0 -1242 0 -1292 0 -1240 0 -1238 0 -1236 0 -1234 0 
-1232 0 -1231 0 *
Ed
 1e-07 1 1 0
1  499 0 0 3.14159265358979
2  464 179 0 0 3.14159265358979
4 C0 175 0 179 0
0

0101000
+1283 0 -1285 0 *
Wi

0101100
+1282 0 +1229 0 *
Fa
0  1e-07 175 0

0111000
-1230 0 -1228 0 *
Ed
 1e-07 1 1 0
1  500 0 -0 9.5
4 C0 183 0 184 0
0

0101000
+1269 0 -1233 0 *
Ed
 1e-07 1 1 0
1  501 0 -0 9.5
4 C0 183 0 182 0
0

0101000
+1271 0 -1250 0 *
Wi

0101100
+1231 0 -1226 0 -1268 0 +1225 0 *
Fa
0  1e-07 183 0

0111000
-1224 0 *
Ed
 1e-07 1 1 0
1  502 0 -0 9.5
2  465 185 0 -0 9.5
4 G1 184 0 185 0
0

0101000
+1267 0 -1235 0 *
Wi

0101100
+1232 0 -1222 0 -1266 0 +1226 0 *
Fa
0  1e-07 184 0

0111000
-1221 0 *
Ed
 1e-07 1 1 0
1  503 0 -0 9.5
2  466 185 0 -0 9.5
2  467 186 0 -0 9.5
4 G1 185 0 186 0
0

0101000
+1265 0 -1237 0 *
Wi

0101100
+1234 0 -1219 0 -1264 0 +1222 0 *
Fa
0  1e-07 185 0

0111000
+1218 0 *
Ed
 1e-07 1 1 0
1  504 0 -0 9.5
2  468 186 0 -0 9.5
4 G1 186 0 187 0
0

0101000
+1263 0 -1239 0 *
Wi

0101100
+1236 0 -1216 0 -1262 0 +1219 0 *
Fa
0  1e-07 186 0

0111000
+1215 0 *
Ed
 1e-07 1 1 0
1  505 0 -0 9.5
2  469 174 0 -0 9.5
4 G1 187 0 174 0
0

0101000
+1261 0 -1241 0 *
Wi

0101100
+1238 0 -1213 0 -1260 0 +1216 0 *
Fa
0  1e-07 187 0

0111000
-1212 0 *
Wi

0101100
+1294 0 -1259 0 +1213 0 +1240 0 *
Fa
0  1e-07 174 0

0111000
+1210 0 *
Ed
 1e-07 1 1 0
1  506 0 -0 9.5
2  470 176 0 -0 9.5
4 C0 176 0 188 0
0

0101000
+1258 0 -1244 0 *
Wi

0101100
+1242 0 -1208 0 -1257 0 +1290 0 *
Fa
0  1e-07 176 0

0111000
+1207 0 *
Ed
 1e-07 1 1 0
1  507 0 -0 9.5
4 C0 188 0 180 0
0

0101000
+1276 0 -1246 0 *
Wi

0101100
+1243 0 -1205 0 -1256 0 +1208 0 *
Fa
0  1e-07 188 0

0111000
-1204 0 *
Ve
1e-07
-21.8089136772808 84.422847114599 63.1408058766078
0 0

0101101
*
Ve
0.000934750805449869
-8.53991388374999 98.68806368425 38.1854467962397
0 0

0101101
*
Ed
 1e-07 1 1 0
1  508 0 5.3302594364568 5.73764539423103
2  471 190 0 5.3302594364568 5.73764539423103
4 C0 180 0 190 0
0

0101000
+1202 0 -1201 0 *
Ve
0.000322261553222021
-15.6233080985988 105.436251200968 51.5073737605869
0 0

0101101
*
Ed
 1e-07 1 1 0
1  509 0 -15.8838325718464 0.644514181750686
2  472 191 0 -15.8838325718464 0.644514181750686
4 G1 180 0 191 0
0

0101000
+1201 0 -1199 0 *
Ve
1e-07
-27.1315610649524 92.2956423727884 73.1512496843083
0 0

0101101
*
Ed
 1e-07 1 1 0
1  510 0 0.491361821292738 0.947178841082805
2  473 192 0 0.491361821292738 0.947178841082805
4 C0 180 0 192 0
0

0101000
+1199 0 -1197 0 *
Ed
 1e-07 1 1 0
1  511 0 0.947178841082805 1.5707963267949
2  474 181 0 0.947178841082805 1.5707963267949
4 C0 180 0 181 0
0

0101000
+1197 0 -1275 0 *
Ed
 1e-07 1 1 0
1  512 0 4.71238898038469 5.3302594364568
2  475 189 0 4.71238898038469 5.3302594364568
4 C0 180 0 189 0
0

0101000
+1248 0 -1202 0 *
Wi

0101100
+1200 0 +1198 0 +1196 0 +1195 0 -1274 0 +1205 0 +1245 0 +1194 0 *
Fa
0  1e-07 180 0

0111000
-1193 0 *
Ve
1e-07
-21.8089136772808 84.422847114599 23.7046845724459
0 0

0101101
*
Ve
1e-07
-7.92804275575912 99.7251261180787 23.7046845724459
0 0

0101101
*
Ed
 1e-07 1 1 0
1  513 0 5.33025943645681 5.76265085981881
2  476 190 0 5.33025943645681 5.76265085981881
4 C0 182 0 190 0
0

0101000
+1191 0 -1190 0 *
Ed
 1e-07 1 1 0
1  514 0 0.952925870722788 1.5707963267949
2  477 189 0 0.952925870722788 1.5707963267949
4 C0 182 0 189 0
0

0101000
+1191 0 -1251 0 *
Ve
1e-07
-27.1315610649524 92.2956423727883 23.7046845724459
0 0

0101101
*
Ed
 1e-07 1 1 0
1  515 0 4.71238898038469 5.33600646609677
2  478 181 0 4.71238898038469 5.33600646609677
4 C0 182 0 181 0
0

0101000
+1273 0 -1187 0 *
Ve
1e-07
-15.0636433080936 106.523049417421 23.7046845724459
0 0

0101101
*
Ed
 1e-07 1 1 0
1  516 0 5.33600646609679 5.82344896891835
2  479 192 0 5.33600646609679 5.82344896891835
4 C0 182 0 192 0
0

0101000
+1187 0 -1185 0 *
Ed
 1e-07 1 1 0
1  517 0 -9.85538210452629 0
4 C0 182 0 193 0
0

0101000
+1185 0 -1190 0 *
Wi

0101100
-1189 0 +1188 0 +1249 0 -1225 0 -1270 0 +1186 0 +1184 0 +1183 0 *
Fa
0  1e-07 182 0

0111000
-1182 0 *
Wi

0101100
+1229 0 -1284 0 -1254 0 +1280 0 *
Fa
0  1e-07 179 0

0111000
+1180 0 *
Ve
0.000934750805449869
-7.92804275575912 99.7251261180787 34.5363137304191
0 0

0101101
*
Ed
 1e-07 1 1 0
1  518 0 69.1683708420269 80.0000000000001
2  480 190 0 69.1683708420269 80.0000000000001
4 C0 190 0 193 0
0

0101000
+1178 0 -1190 0 *
Ed
 0.000934750805449869 1 1 0
1  519 0 3.49644694633735e-18 0.00389903780114979
2  481 190 0 3.49644694633735e-18 0.00389903780114979
2  482 191 0 3.49644694633735e-18 0.00389903780114979
4 C0 190 0 191 0
0

0101000
+1178 0 -1201 0 *
Ed
 1e-07 1 1 0
1  520 0 40.5638786958382 80.0000000000001
2  483 190 0 40.5638786958382 80.0000000000001
2  484 189 0 40.5638786958382 80.0000000000001
4 G1 190 0 189 0
0

0101000
+1202 0 -1191 0 *
Wi

0101100
-1177 0 +1176 0 -1200 0 +1175 0 +1189 0 *
Fa
0  1e-07 190 0

0111000
+1174 0 *
Ed
 1e-07 1 1 0
1  521 0 -80.0000000000001 -30.5534348881377
2  485 192 0 -80.0000000000001 -30.5534348881377
2  486 181 0 -80.0000000000001 -30.5534348881377
4 G1 192 0 181 0
0

0101000
+1187 0 -1197 0 *
Ve
0.000322261553222021
-15.0636433080936 106.523049417421 47.9564265353344
0 0

0101101
*
Ed
 1e-07 1 1 0
1  522 0 55.7482580371116 80.0000000000001
2  487 192 0 55.7482580371116 80.0000000000001
4 C0 192 0 193 0
0

0101000
+1171 0 -1185 0 *
Ed
 0.000322261553222021 1 1 0
1  523 0 0 0.00384006251381428
2  488 192 0 0 0.00384006251381428
2  489 191 0 0 0.00384006251381428
4 C0 192 0 191 0
0

0101000
+1199 0 -1171 0 *
Wi

0101100
-1172 0 +1184 0 -1170 0 -1169 0 +1196 0 *
Fa
0  1e-07 192 0

0111000
+1168 0 *
Ed
 1e-07 1 1 0
1  524 0 -14.6364657748059 2.01369891275401
2  490 191 0 -14.6364657748059 2.01369891275401
4 G1 193 0 191 0
0

0101000
+1171 0 -1178 0 *
Wi

0101100
-1170 0 +1166 0 +1177 0 -1183 0 *
Fa
0  1e-07 193 0

0111000
+1165 0 *
Wi

0101100
+1272 0 +1186 0 +1172 0 +1195 0 *
Fa
0  1e-07 181 0

0111000
+1163 0 *
Wi

0101100
-1194 0 -1247 0 -1188 0 -1175 0 *
Fa
0  1e-07 189 0

0111000
+1161 0 *
Wi

0101100
-1176 0 -1166 0 -1169 0 -1198 0 *
Fa
0  1e-07 191 0

0111000
+1159 0 *
Sh

0101100
+1287 0 -1277 0 +1252 0 -1227 0 -1223 0 -1220 0 +1217 0 +1214 0 -1211 0 +1209 0 
+1206 0 -1203 0 -1192 0 -1181 0 -1179 0 +1173 0 -1167 0 +1164 0 -1162 0 +1160 0 
+1158 0 *
So

0100000
+1157 0 *
Ve
1e-07
-273.75246885176 102.418297846103 418.60745563471
0 0

0101101
*
Ve
1e-07
-77.8636166597583 102.418297846103 71.6019135101827
0 0

0101101
*
Ed
 1e-07 1 1 0
1  525 0 3.14159265358979 6.28318530717959
2  491 194 0 3.14159265358979 6.28318530717959
2  492 195 0 3.14159265358979 6.28318530717959
4 G1 194 0 195 0
0

0101000
+1155 0 -1154 0 *
Ve
1e-07
-75.9165981943268 148.645126118079 68.1528851935466
0 0

0101101
*
Ed
 1e-07 1 1 0
1  526 0 -46.3961887370121 -4.17451478349416e-15
2  493 194 0 -46.3961887370121 -4.17451478349416e-15
2  494 196 0 -46.3961887370121 -4.17451478349416e-15
4 CN 194 0 196 0
0

0101000
+1154 0 -1152 0 *
Ve
1e-07
-275.699487317191 148.645126118079 422.056483951346
0 0

0101101
*
Ed
 1e-07 1 1 0
1  527 0 3.14159265358979 6.28318530717959
2  495 194 0 3.14159265358979 6.28318530717959
2  496 197 0 3.14159265358979 6.28318530717959
4 C0 194 0 197 0
0

0101000
+1150 0 -1152 0 *
Ed
 1e-07 1 1 0
1  528 0 -46.3961887370121 0
2  497 194 0 -46.3961887370121 0
2  498 196 0 -46.3961887370121 0
4 G2 194 0 196 0
0

0101000
+1155 0 -1150 0 *
Wi

0101100
+1153 0 +1151 0 -1149 0 -1148 0 *
Fa
0  1e-07 194 0

0111000
+1147 0 *
Ve
1e-07
-271.30348238924 97.8451261180787 414.269220632703
0 0

0101101
*
Ed
 1e-07 1 1 0
1  529 0 0.0854696766596549 1.5707963267949
2  499 195 0 0.0854696766596549 1.5707963267949
2  500 198 0 0.0854696766596549 1.5707963267949
4 CN 195 0 198 0
0

0101000
+1155 0 -1145 0 *
Ve
1e-07
-80.312603122278 97.8451261180786 75.9401485121895
0 0

0101101
*
Ed
 1e-07 1 1 0
1  530 0 3.14159265358979 6.28318530717959
2  501 195 0 3.14159265358979 6.28318530717959
4 G1 195 0 199 0
0

0101000
+1145 0 -1143 0 *
Ed
 1e-07 1 1 0
1  531 0 0.0854696766596604 1.5707963267949
2  502 195 0 0.0854696766596604 1.5707963267949
2  503 198 0 0.0854696766596604 1.5707963267949
4 CN 195 0 198 0
0

0101000
+1154 0 -1143 0 *
Wi

0101100
-1153 0 +1144 0 +1142 0 -1141 0 *
Fa
0  1e-07 195 0

0111000
+1140 0 *
Ve
1e-07
-204.074568652818 94.6651261180787 295.177167172282
0 0

0101101
*
Ve
1e-07
-147.5415168587 94.6651261180787 195.03220197261
0 0

0101101
*
Ed
 1e-07 1 1 0
1  532 0 3.14159265358979 6.28318530717959
2  504 200 0 3.14159265358979 6.28318530717959
4 C0 200 0 201 0
0

0101000
+1138 0 -1137 0 *
Ve
1e-07
-144.945167324163 124.618089671417 190.432921984519
0 0

0101101
*
Ed
 1e-07 1 1 0
1  533 0 -30.4150362969035 0
2  505 200 0 -30.4150362969035 0
2  506 202 0 -30.4150362969035 0
4 G2 200 0 202 0
0

0101000
+1137 0 -1135 0 *
Ve
1e-07
-206.670918187355 124.618089671417 299.776447160373
0 0

0101101
*
Ed
 1e-07 1 1 0
1  534 0 3.14159265358979 6.28318530717959
2  507 200 0 3.14159265358979 6.28318530717959
2  508 203 0 3.14159265358979 6.28318530717959
4 G1 200 0 203 0
0

0101000
+1133 0 -1135 0 *
Ed
 1e-07 1 1 0
1  535 0 -30.4150362969035 0
2  509 200 0 -30.4150362969035 0
2  510 202 0 -30.4150362969035 0
4 G2 200 0 202 0
0

0101000
+1138 0 -1133 0 *
Wi

0101100
+1136 0 +1134 0 -1132 0 -1131 0 *
Fa
0  1e-07 200 0

0111000
+1130 0 *
Ve
1e-07
-135.262699896635 141.145126118079 173.281002305601
0 0

0101101
*
Ed
 1e-07 1 1 0
1  536 0 3.31612557878919 4.71238898038469
2  511 204 0 3.31612557878919 4.71238898038469
2  512 203 0 3.31612557878919 4.71238898038469
4 CN 204 0 203 0
0

0101000
+1135 0 -1128 0 *
Ve
1e-07
-216.353385614883 141.145126118079 316.928366839291
0 0

0101101
*
Ed
 1e-07 1 1 0
1  537 0 0 3.14159265358979
2  513 204 0 0 3.14159265358979
4 G1 204 0 205 0
0

0101000
+1128 0 -1126 0 *
Ed
 1e-07 1 1 0
1  538 0 3.31612557878919 4.71238898038469
2  514 204 0 3.31612557878919 4.71238898038469
2  515 203 0 3.31612557878919 4.71238898038469
4 CN 204 0 203 0
0

0101000
+1133 0 -1126 0 *
Ed
 1e-07 1 1 0
1  539 0 0 3.14159265358979
2  516 204 0 0 3.14159265358979
2  517 202 0 0 3.14159265358979
4 G1 204 0 202 0
0

0101000
+1135 0 -1133 0 *
Wi

0101100
+1127 0 +1125 0 -1124 0 -1123 0 *
Fa
0  1e-07 204 0

0111000
+1122 0 *
Ve
1e-07
-106.86158545058 141.145126118079 122.970104033381
0 0

0101101
*
Ve
1e-07
-97.0432245442472 122.191845242938 105.577457075927
0 0

0101101
*
Ed
 1e-07 1 1 0
1  540 0 4.71238898038469 6.23082542961975
2  518 206 0 4.71238898038469 6.23082542961975
2  519 207 0 4.71238898038469 6.23082542961975
4 CN 206 0 207 0
0

0101000
+1120 0 -1119 0 *
Ve
1e-07
-254.572860967271 122.191845242938 384.631912068966
0 0

0101101
*
Ed
 1e-07 1 1 0
1  541 0 0 3.14159265358979
2  520 206 0 0 3.14159265358979
2  521 208 0 0 3.14159265358979
4 G1 206 0 208 0
0

0101000
+1119 0 -1117 0 *
Ve
1e-07
-244.754500060938 141.145126118079 367.239265111511
0 0

0101101
*
Ed
 1e-07 1 1 0
1  542 0 4.71238898038469 6.23082542961975
2  522 206 0 4.71238898038469 6.23082542961975
2  523 207 0 4.71238898038469 6.23082542961975
4 CN 206 0 207 0
0

0101000
+1115 0 -1117 0 *
Ed
 1e-07 1 1 0
1  543 0 0 3.14159265358979
2  524 206 0 0 3.14159265358979
4 G1 206 0 205 0
0

0101000
+1120 0 -1115 0 *
Wi

0101100
+1118 0 +1116 0 -1114 0 -1113 0 *
Fa
0  1e-07 206 0

0111000
+1112 0 *
Ve
1e-07
-96.4159743666285 97.8451261180787 104.466320400732
0 0

0101101
*
Ed
 1e-07 1 1 0
1  544 0 -24.3801312474128 0
2  525 208 0 -24.3801312474128 0
2  526 209 0 -24.3801312474128 0
4 G2 208 0 209 0
0

0101000
+1119 0 -1110 0 *
Ve
1e-07
-255.200111144889 97.8451261180787 385.74304874416
0 0

0101101
*
Ed
 1e-07 1 1 0
1  545 0 0 3.14159265358979
2  527 208 0 0 3.14159265358979
4 C0 208 0 199 0
0

0101000
+1110 0 -1108 0 *
Ed
 1e-07 1 1 0
1  546 0 -24.3801312474128 0
2  528 208 0 -24.3801312474128 0
2  529 209 0 -24.3801312474128 0
4 CN 208 0 209 0
0

0101000
+1117 0 -1108 0 *
Wi

0101100
+1109 0 +1107 0 -1106 0 -1116 0 *
Fa
0  1e-07 208 0

0111000
+1105 0 *
Ve
1e-07
-77.8636166597583 194.871954390055 71.6019135101827
0 0

0101101
*
Ve
1e-07
-273.75246885176 194.871954390055 418.60745563471
0 0

0101101
*
Ed
 1e-07 1 1 0
1  547 0 0 3.14159265358979
2  530 210 0 0 3.14159265358979
2  531 211 0 0 3.14159265358979
4 G1 210 0 211 0
0

0101000
+1103 0 -1102 0 *
Ed
 1e-07 1 1 0
1  548 0 -46.3961887370121 0
2  532 210 0 -46.3961887370121 0
2  533 197 0 -46.3961887370121 0
4 CN 210 0 197 0
0

0101000
+1103 0 -1152 0 *
Ed
 1e-07 1 1 0
1  549 0 0 3.14159265358979
2  534 210 0 0 3.14159265358979
2  535 196 0 0 3.14159265358979
4 C0 210 0 196 0
0

0101000
+1152 0 -1150 0 *
Ed
 1e-07 1 1 0
1  550 0 -46.3961887370121 0
2  536 210 0 -46.3961887370121 0
2  537 197 0 -46.3961887370121 0
4 G2 210 0 197 0
0

0101000
+1102 0 -1150 0 *
Wi

0101100
-1101 0 +1100 0 +1099 0 -1098 0 *
Fa
0  1e-07 210 0

0111000
+1097 0 *
Ve
1e-07
-271.30348238924 199.445126118079 414.269220632703
0 0

0101101
*
Ed
 1e-07 1 1 0
1  551 0 3.22706233024945 4.71238898038469
2  538 211 0 3.22706233024945 4.71238898038469
2  539 212 0 3.22706233024945 4.71238898038469
4 CN 211 0 212 0
0

0101000
+1102 0 -1095 0 *
Ve
1e-07
-80.312603122278 199.445126118079 75.9401485121895
0 0

0101101
*
Ed
 1e-07 1 1 0
1  552 0 0 3.14159265358979
2  540 211 0 0 3.14159265358979
4 G1 211 0 213 0
0

0101000
+1093 0 -1095 0 *
Ed
 1e-07 1 1 0
1  553 0 3.22706233024946 4.71238898038469
2  541 211 0 3.22706233024946 4.71238898038469
2  542 212 0 3.22706233024946 4.71238898038469
4 CN 211 0 212 0
0

0101000
+1103 0 -1093 0 *
Wi

0101100
+1101 0 +1094 0 -1092 0 -1091 0 *
Fa
0  1e-07 211 0

0111000
+1090 0 *
Ve
1e-07
-171.13792108581 94.6651261180787 236.831839621169
0 0

0101101
*
Ve
1e-07
-171.13792108581 202.625126118079 236.831839621169
0 0

0101101
*
Ed
 1e-07 1 1 0
1  554 0 -108.18325914419 -0.223259144189996
2  543 214 0 -108.18325914419 -0.223259144189996
2  544 215 0 -108.18325914419 -0.223259144189996
4 CN 214 0 215 0
0

0101000
+1088 0 -1087 0 *
Ve
1e-07
-180.478164425708 202.625126118079 253.377529523723
0 0

0101101
*
Ed
 1e-07 1 1 0
1  555 0 3.14159265358979 6.28318530717959
2  545 214 0 3.14159265358979 6.28318530717959
4 C0 214 0 216 0
0

0101000
+1085 0 -1087 0 *
Ve
1e-07
-180.478164425708 94.6651261180787 253.377529523723
0 0

0101101
*
Ed
 1e-07 1 1 0
1  556 0 -108.18325914419 -0.223259144189996
2  546 214 0 -108.18325914419 -0.223259144189996
2  547 215 0 -108.18325914419 -0.223259144189996
4 CN 214 0 215 0
0

0101000
+1083 0 -1085 0 *
Ed
 1e-07 1 1 0
1  557 0 3.14159265358979 6.28318530717959
2  548 214 0 3.14159265358979 6.28318530717959
4 C0 214 0 201 0
0

0101000
+1083 0 -1088 0 *
Wi

0101100
+1086 0 -1084 0 -1082 0 +1081 0 *
Fa
0  1e-07 214 0

0111000
+1080 0 *
Ve
1e-07
-106.86158545058 156.145126118079 122.970104033381
0 0

0101101
*
Ve
1e-07
-97.0432245442472 175.09840699322 105.577457075927
0 0

0101101
*
Ed
 1e-07 1 1 0
1  558 0 1.5707963267949 3.08923277602996
2  549 217 0 1.5707963267949 3.08923277602996
2  550 218 0 1.5707963267949 3.08923277602996
4 CN 217 0 218 0
0

0101000
+1078 0 -1077 0 *
Ve
1e-07
-254.572860967271 175.09840699322 384.631912068966
0 0

0101101
*
Ed
 1e-07 1 1 0
1  559 0 3.14159265358979 6.28318530717959
2  551 217 0 3.14159265358979 6.28318530717959
2  552 219 0 3.14159265358979 6.28318530717959
4 G1 217 0 219 0
0

0101000
+1075 0 -1077 0 *
Ve
1e-07
-244.754500060938 156.145126118079 367.239265111511
0 0

0101101
*
Ed
 1e-07 1 1 0
1  560 0 1.5707963267949 3.08923277602996
2  553 217 0 1.5707963267949 3.08923277602996
2  554 218 0 1.5707963267949 3.08923277602996
4 CN 217 0 218 0
0

0101000
+1073 0 -1075 0 *
Ed
 1e-07 1 1 0
1  561 0 3.14159265358979 6.28318530717959
2  555 217 0 3.14159265358979 6.28318530717959
4 G1 217 0 220 0
0

0101000
+1073 0 -1078 0 *
Wi

0101100
+1076 0 -1074 0 -1072 0 +1071 0 *
Fa
0  1e-07 217 0

0111000
+1070 0 *
Ve
1e-07
-96.4159743666285 199.445126118079 104.466320400732
0 0

0101101
*
Ed
 1e-07 1 1 0
1  562 0 -24.3801312474125 0
2  556 219 0 -24.3801312474125 0
2  557 221 0 -24.3801312474125 0
4 G2 219 0 221 0
0

0101000
+1077 0 -1068 0 *
Ve
1e-07
-255.200111144889 199.445126118079 385.74304874416
0 0

0101101
*
Ed
 1e-07 1 1 0
1  563 0 3.14159265358979 6.28318530717959
2  558 219 0 3.14159265358979 6.28318530717959
4 C0 219 0 213 0
0

0101000
+1066 0 -1068 0 *
Ed
 1e-07 1 1 0
1  564 0 -24.3801312474125 0
2  559 219 0 -24.3801312474125 0
2  560 221 0 -24.3801312474125 0
4 CN 219 0 221 0
0

0101000
+1075 0 -1066 0 *
Wi

0101100
+1067 0 -1065 0 -1064 0 +1074 0 *
Fa
0  1e-07 219 0

0111000
+1063 0 *
Ve
1e-07
-147.5415168587 202.625126118079 195.03220197261
0 0

0101101
*
Ve
1e-07
-204.074568652818 202.625126118079 295.177167172282
0 0

0101101
*
Ed
 1e-07 1 1 0
1  565 0 0 3.14159265358979
2  561 222 0 0 3.14159265358979
4 C0 222 0 216 0
0

0101000
+1061 0 -1060 0 *
Ve
1e-07
-144.945167324163 172.67216256474 190.432921984519
0 0

0101101
*
Ed
 1e-07 1 1 0
1  566 0 -30.4150362969042 0
2  562 222 0 -30.4150362969042 0
2  563 223 0 -30.4150362969042 0
4 CN 222 0 223 0
0

0101000
+1061 0 -1058 0 *
Ve
7.29685911182213e-05
-226.101391201184 172.67216256474 207.52679470987
0 0

0101101
*
Ed
 1e-07 1 1 0
1  567 0 0 1.44302289668396
2  564 222 0 0 1.44302289668396
2  565 224 0 0 1.44302289668396
4 G1 222 0 224 0
0

0101000
+1058 0 -1056 0 *
Ve
3.38591092915508e-07
-223.090877392016 192.109135137673 209.226266398349
0 0

0101101
*
Ed
 3.38591092915508e-07 1 1 0
1  568 0 0.0434013103925175 0.0631433286640265
2  566 222 0 0.0434013103925175 0.0631433286640265
4 C0 222 0 225 0
0

0101000
+1054 0 -1056 0 *
Ve
3.38590964093485e-07
-230.95634546772 192.109135137673 223.159478947869
0 0

0101101
*
Ed
 1e-07 1 1 0
1  569 0 1.43560091840123 1.70599173518856
2  567 222 0 1.43560091840123 1.70599173518856
4 C0 222 0 226 0
0

0101000
+1052 0 -1054 0 *
Ve
7.29685909277682e-05
-233.966859276888 172.67216256474 221.460007259389
0 0

0101101
*
Ed
 3.38590964093485e-07 1 1 0
1  570 0 0.0434013103925175 0.0631433286640265
2  568 222 0 0.0434013103925175 0.0631433286640265
4 C0 222 0 227 0
0

0101000
+1052 0 -1050 0 *
Ve
1e-07
-206.670918187355 172.67216256474 299.776447160373
0 0

0101101
*
Ed
 1e-07 1 1 0
1  571 0 1.69856975690583 3.14159265358979
2  569 222 0 1.69856975690583 3.14159265358979
2  570 224 0 1.69856975690583 3.14159265358979
4 G1 222 0 224 0
0

0101000
+1050 0 -1048 0 *
Ed
 1e-07 1 1 0
1  572 0 -30.4150362969042 0
2  571 222 0 -30.4150362969042 0
2  572 223 0 -30.4150362969042 0
4 G2 222 0 223 0
0

0101000
+1060 0 -1048 0 *
Wi

0101100
-1059 0 +1057 0 +1055 0 -1053 0 -1051 0 +1049 0 +1047 0 -1046 0 *
Fa
0  1e-07 222 0

0111000
+1045 0 *
Ve
1e-07
-135.262699896635 156.145126118079 173.281002305601
0 0

0101101
*
Ed
 1e-07 1 1 0
1  573 0 0.174532925199449 1.5707963267949
2  573 228 0 0.174532925199449 1.5707963267949
2  574 224 0 0.174532925199449 1.5707963267949
4 CN 228 0 224 0
0

0101000
+1058 0 -1043 0 *
Ve
1e-07
-216.353385614883 156.145126118079 316.928366839291
0 0

0101101
*
Ed
 1e-07 1 1 0
1  574 0 3.14159265358979 6.28318530717959
2  575 228 0 3.14159265358979 6.28318530717959
4 G1 228 0 220 0
0

0101000
+1041 0 -1043 0 *
Ed
 1e-07 1 1 0
1  575 0 0.174532925199448 1.5707963267949
2  576 228 0 0.174532925199448 1.5707963267949
2  577 224 0 0.174532925199448 1.5707963267949
4 CN 228 0 224 0
0

0101000
+1048 0 -1041 0 *
Ed
 1e-07 1 1 0
1  576 0 3.14159265358979 6.28318530717959
2  578 228 0 3.14159265358979 6.28318530717959
2  579 223 0 3.14159265358979 6.28318530717959
4 G1 228 0 223 0
0

0101000
+1048 0 -1058 0 *
Wi

0101100
+1042 0 -1040 0 -1039 0 +1038 0 *
Fa
0  1e-07 228 0

0111000
+1037 0 *
Ed
 1e-07 1 1 0
1  577 0 0 3.14159265358979
2  580 224 0 0 3.14159265358979
4 G1 224 0 220 0
0

0101000
+1043 0 -1041 0 *
Ve
7.29685911182213e-05
-227.728580768477 167.109135137673 206.608226393398
0 0

0101101
*
Ed
 7.29685911182213e-05 1 1 0
1  578 0 0.122983968906886 0.128832637152881
2  581 224 0 0.122983968906886 0.128832637152881
4 C0 224 0 225 0
0

0101000
+1056 0 -1034 0 *
Ve
7.29685909277682e-05
-235.59404884418 167.109135137673 220.541438942917
0 0

0101101
*
Ed
 1e-07 1 1 0
1  579 0 4.5882993533234 4.83647860744597
2  582 224 0 4.5882993533234 4.83647860744597
4 C0 224 0 229 0
0

0101000
+1034 0 -1032 0 *
Ed
 7.29685909277682e-05 1 1 0
1  580 0 0.122983968906886 0.128832637152881
2  583 224 0 0.122983968906886 0.128832637152881
4 C0 224 0 227 0
0

0101000
+1050 0 -1032 0 *
Wi

0101100
-1035 0 -1042 0 +1055 0 +1033 0 +1031 0 -1030 0 +1047 0 +1039 0 *
Fa
0  1e-07 224 0

0111000
+1029 0 *
Ed
 1e-07 1 1 0
1  581 0 3.14159265358979 6.28318530717959
2  584 223 0 3.14159265358979 6.28318530717959
4 C0 223 0 216 0
0

0101000
+1060 0 -1061 0 *
Wi

0101100
-1057 0 -1027 0 +1046 0 +1038 0 *
Fa
0  1e-07 223 0

0111000
+1026 0 *
Ed
 1e-07 1 1 0
1  582 0 0 3.14159265358979
2  585 218 0 0 3.14159265358979
4 G1 220 0 218 0
0

0101000
+1078 0 -1073 0 *
Wi

0101100
+1024 0 +1071 0 *
Ve
1e-07
-113.537907229294 156.145126118079 152.269295573759
0 0

0101101
*
Ve
1e-07
-116.6662146432 156.145126118079 150.474616921025
0 0

0101101
*
Ed
 1e-07 1 1 0
1  583 0 9 10
2  586 230 0 9 10
4 C0 220 0 230 0
0

0101000
+1022 0 -1021 0 *
Ve
1e-07
-113.27812757966 156.145126118079 152.855676226336
0 0

0101101
*
Ed
 1e-07 1 1 0
1  584 0 8 9
2  587 231 0 8 9
4 C0 220 0 231 0
0

0101000
+1019 0 -1022 0 *
Ve
1e-07
-114.802001405466 156.145126118079 160.351556599562
0 0

0101101
*
Ed
 1e-07 1 1 0
1  585 0 0 7.64921002500857
4 C0 220 0 232 0
0

0101000
+1017 0 -1019 0 *
Ve
1e-07
-115.040031322828 156.145126118079 160.696806204139
0 0

0101101
*
Ed
 1e-07 1 1 0
1  586 0 6 7
2  588 233 0 6 7
4 C0 220 0 233 0
0

0101000
+1015 0 -1017 0 *
Ve
1e-07
-116.231427366 156.145126118079 161.52428193358
0 0

0101101
*
Ed
 1e-07 1 1 0
1  587 0 5 6
2  589 234 0 5 6
4 C0 220 0 234 0
0

0101000
+1013 0 -1015 0 *
Ve
1e-07
-116.782746990876 156.145126118079 161.548135173635
0 0

0101101
*
Ed
 1e-07 1 1 0
1  588 0 4 5
2  590 235 0 4 5
4 C0 220 0 235 0
0

0101000
+1011 0 -1013 0 *
Ve
1e-07
-119.034434419729 156.145126118079 160.326152283329
0 0

0101101
*
Ed
 1e-07 1 1 0
1  589 0 3 4
2  591 236 0 3 4
4 C0 220 0 236 0
0

0101000
+1009 0 -1011 0 *
Ve
1e-07
-119.332938049561 156.145126118079 159.73602012062
0 0

0101101
*
Ed
 1e-07 1 1 0
1  590 0 2 3
2  592 237 0 2 3
4 C0 220 0 237 0
0

0101000
+1007 0 -1009 0 *
Ve
1e-07
-117.399802258946 156.145126118079 150.754820568455
0 0

0101101
*
Ed
 1e-07 1 1 0
1  591 0 1 2
2  593 238 0 1 2
4 C0 220 0 238 0
0

0101000
+1005 0 -1007 0 *
Ed
 1e-07 1 1 0
1  592 0 0 1
2  594 239 0 0 1
4 C0 220 0 239 0
0

0101000
+1021 0 -1005 0 *
Wi

0101100
-1020 0 -1018 0 -1016 0 -1014 0 -1012 0 -1010 0 -1008 0 -1006 0 -1004 0 -1003 0 
*
Ve
1e-07
-131.205868354593 156.145126118079 142.595487596024
0 0

0101101
*
Ve
1e-07
-131.390832952152 156.145126118079 141.736865374645
0 0

0101101
*
Ed
 1e-07 1 1 0
1  593 0 26 27
2  595 240 0 26 27
4 C0 220 0 240 0
0

0101000
+1001 0 -1000 0 *
Ve
1e-07
-135.560024840572 156.145126118079 149.986655745973
0 0

0101101
*
Ed
 1e-07 1 1 0
1  594 0 25 26
2  596 241 0 25 26
4 C0 220 0 241 0
0

0101000
+998 0 -1001 0 *
Ve
1e-07
-136.378612814111 156.145126118079 150.250207985769
0 0

0101101
*
Ed
 1e-07 1 1 0
1  595 0 24 25
2  597 242 0 24 25
4 C0 220 0 242 0
0

0101000
+996 0 -998 0 *
Ve
1e-07
-138.600717432684 156.145126118079 148.964782230744
0 0

0101101
*
Ed
 1e-07 1 1 0
1  596 0 23 24
2  598 243 0 23 24
4 C0 220 0 243 0
0

0101000
+994 0 -996 0 *
Ve
1e-07
-139.192417174303 156.145126118079 148.482916067257
0 0

0101101
*
Ed
 1e-07 1 1 0
1  597 0 22 23
2  599 244 0 22 23
4 C0 220 0 244 0
0

0101000
+992 0 -994 0 *
Ve
1e-07
-139.586126630552 156.145126118079 147.931955715204
0 0

0101101
*
Ed
 1e-07 1 1 0
1  598 0 21 22
2  600 245 0 21 22
4 C0 220 0 245 0
0

0101000
+990 0 -992 0 *
Ve
1e-07
-140.078094359123 156.145126118079 145.913334610105
0 0

0101101
*
Ed
 1e-07 1 1 0
1  599 0 20 21
2  601 246 0 20 21
4 C0 220 0 246 0
0

0101000
+988 0 -990 0 *
Ve
1e-07
-139.748640484146 156.145126118079 145.841278258926
0 0

0101101
*
Ed
 1e-07 1 1 0
1  600 0 19 20
2  602 247 0 19 20
4 C0 220 0 247 0
0

0101000
+986 0 -988 0 *
Ve
1e-07
-136.020874945386 156.145126118079 148.032219538317
0 0

0101101
*
Ed
 1e-07 1 1 0
1  601 0 18 19
2  603 248 0 18 19
4 C0 220 0 248 0
0

0101000
+984 0 -986 0 *
Ve
1e-07
-135.87436877002 156.145126118079 147.71332146877
0 0

0101101
*
Ed
 1e-07 1 1 0
1  602 0 17 18
2  604 249 0 17 18
4 C0 220 0 249 0
0

0101000
+982 0 -984 0 *
Ve
1e-07
-139.725315613834 156.145126118079 145.45006492192
0 0

0101101
*
Ed
 1e-07 1 1 0
1  603 0 16 17
2  605 250 0 16 17
4 C0 220 0 250 0
0

0101000
+980 0 -982 0 *
Ve
1e-07
-139.955937370694 156.145126118079 144.879195193194
0 0

0101101
*
Ed
 1e-07 1 1 0
1  604 0 15 16
2  606 251 0 15 16
4 C0 220 0 251 0
0

0101000
+978 0 -980 0 *
Ve
1e-07
-139.386231612826 156.145126118079 143.22171187345
0 0

0101101
*
Ed
 1e-07 1 1 0
1  605 0 14 15
2  607 252 0 14 15
4 C0 220 0 252 0
0

0101000
+976 0 -978 0 *
Ve
1e-07
-138.780483012443 156.145126118079 143.350581620219
0 0

0101101
*
Ed
 1e-07 1 1 0
1  606 0 13 14
2  608 253 0 13 14
4 C0 220 0 253 0
0

0101000
+974 0 -976 0 *
Ve
1e-07
-134.643611657785 156.145126118079 145.782064058067
0 0

0101101
*
Ed
 1e-07 1 1 0
1  607 0 12 13
2  609 254 0 12 13
4 C0 220 0 254 0
0

0101000
+972 0 -974 0 *
Ve
1e-07
-134.481726879859 156.145126118079 145.472547398899
0 0

0101101
*
Ed
 1e-07 1 1 0
1  608 0 11 12
2  610 255 0 11 12
4 C0 220 0 255 0
0

0101000
+970 0 -972 0 *
Ve
1e-07
-138.496663499493 156.145126118079 143.112733171483
0 0

0101101
*
Ed
 1e-07 1 1 0
1  609 0 10 11
2  611 256 0 10 11
4 C0 220 0 256 0
0

0101000
+968 0 -970 0 *
Ve
1e-07
-138.96869332044 156.145126118079 142.511029938324
0 0

0101101
*
Ed
 1e-07 1 1 0
1  610 0 9 10
2  612 257 0 9 10
4 C0 220 0 257 0
0

0101000
+966 0 -968 0 *
Ve
1e-07
-137.756358773539 156.145126118079 141.190927743035
0 0

0101101
*
Ed
 1e-07 1 1 0
1  611 0 8 9
2  613 258 0 8 9
4 C0 220 0 258 0
0

0101000
+964 0 -966 0 *
Ve
1e-07
-137.112782426582 156.145126118079 141.255292502962
0 0

0101101
*
Ed
 1e-07 1 1 0
1  612 0 7 8
2  614 259 0 7 8
4 C0 220 0 259 0
0

0101000
+962 0 -964 0 *
Ve
1e-07
-133.351950188612 156.145126118079 143.465583399514
0 0

0101101
*
Ed
 1e-07 1 1 0
1  613 0 6 7
2  615 260 0 6 7
4 C0 220 0 260 0
0

0101000
+960 0 -962 0 *
Ve
1e-07
-133.163890737369 156.145126118079 143.190970309668
0 0

0101101
*
Ed
 1e-07 1 1 0
1  614 0 5.05307453282423 6
2  616 261 0 5.05307453282423 6
4 C0 220 0 261 0
0

0101000
+958 0 -960 0 *
Ve
1e-07
-136.916769626471 156.145126118079 140.981675591094
0 0

0101101
*
Ed
 1e-07 1 1 0
1  615 0 4 4.96123427625203
2  617 262 0 4 4.96123427625203
4 C0 220 0 262 0
0

0101000
+956 0 -958 0 *
Ve
1e-07
-136.905008952911 156.145126118079 140.624851135508
0 0

0101101
*
Ed
 1e-07 1 1 0
1  616 0 3 4
2  618 263 0 3 4
4 C0 220 0 263 0
0

0101000
+954 0 -956 0 *
Ve
1e-07
-135.120978097564 156.145126118079 140.108369022561
0 0

0101101
*
Ed
 1e-07 1 1 0
1  617 0 2 3
2  619 264 0 2 3
4 C0 220 0 264 0
0

0101000
+952 0 -954 0 *
Ve
1e-07
-133.743925834211 156.145126118079 140.36982634431
0 0

0101101
*
Ed
 1e-07 1 1 0
1  618 0 1 2
2  620 265 0 1 2
4 C0 220 0 265 0
0

0101000
+950 0 -952 0 *
Ed
 1e-07 1 1 0
1  619 0 0 1
2  621 266 0 0 1
4 C0 220 0 266 0
0

0101000
+1000 0 -950 0 *
Wi

0101100
-999 0 -997 0 -995 0 -993 0 -991 0 -989 0 -987 0 -985 0 -983 0 -981 0 
-979 0 -977 0 -975 0 -973 0 -971 0 -969 0 -967 0 -965 0 -963 0 -961 0 
-959 0 -957 0 -955 0 -953 0 -951 0 -949 0 -948 0 *
Wi

0101100
-1035 0 -1040 0 *
Ve
1e-07
-134.428454992107 156.145126118079 150.718362450414
0 0

0101101
*
Ve
1e-07
-134.213072756962 156.145126118079 151.524650039453
0 0

0101101
*
Ed
 1e-07 1 1 0
1  620 0 7 8
2  622 267 0 7 8
4 C0 220 0 267 0
0

0101000
+945 0 -944 0 *
Ve
1e-07
-130.432649525409 156.145126118079 143.87700993056
0 0

0101101
*
Ed
 1e-07 1 1 0
1  621 0 8 9
2  623 268 0 8 9
4 C0 220 0 268 0
0

0101000
+942 0 -945 0 *
Ve
1e-07
-129.628960819864 156.145126118079 142.716935891001
0 0

0101101
*
Ed
 1e-07 1 1 0
1  622 0 0 1
2  624 269 0 0 1
4 C0 220 0 269 0
0

0101000
+940 0 -942 0 *
Ve
1e-07
-124.764674213339 156.145126118079 141.357454177132
0 0

0101101
*
Ed
 1e-07 1 1 0
1  623 0 1 2
2  625 270 0 1 2
4 C0 220 0 270 0
0

0101000
+938 0 -940 0 *
Ve
1e-07
-123.811350242866 156.145126118079 145.089858978767
0 0

0101101
*
Ed
 1e-07 1 1 0
1  624 0 2 3
2  626 271 0 2 3
4 C0 220 0 271 0
0

0101000
+936 0 -938 0 *
Ve
1e-07
-126.045177726405 156.145126118079 146.67798301088
0 0

0101101
*
Ed
 1e-07 1 1 0
1  625 0 3 4
2  627 272 0 3 4
4 C0 220 0 272 0
0

0101000
+934 0 -936 0 *
Ve
1e-07
-130.049280026871 156.145126118079 153.500673297077
0 0

0101101
*
Ed
 1e-07 1 1 0
1  626 0 4 5
2  628 273 0 4 5
4 C0 220 0 273 0
0

0101000
+932 0 -934 0 *
Ve
1e-07
-130.524287477928 156.145126118079 153.675127112724
0 0

0101101
*
Ed
 1e-07 1 1 0
1  627 0 5 6
2  629 274 0 5 6
4 C0 220 0 274 0
0

0101000
+930 0 -932 0 *
Ed
 1e-07 1 1 0
1  628 0 -4.26985813317984 0
4 C0 220 0 275 0
0

0101000
+944 0 -930 0 *
Wi

0101100
-943 0 -941 0 -939 0 -937 0 -935 0 -933 0 -931 0 -929 0 -928 0 *
Ve
1e-07
-108.664179978593 156.145126118079 155.173430486137
0 0

0101101
*
Ve
1e-07
-111.567388075371 156.145126118079 153.479288891717
0 0

0101101
*
Ed
 1e-07 1 1 0
1  629 0 5 6
2  630 276 0 5 6
4 C0 220 0 276 0
0

0101000
+926 0 -925 0 *
Ve
1e-07
-108.621640789895 156.145126118079 155.973686055761
0 0

0101101
*
Ed
 1e-07 1 1 0
1  630 0 4 5
2  631 277 0 4 5
4 C0 220 0 277 0
0

0101000
+923 0 -926 0 *
Ve
1e-07
-112.44014839603 156.145126118079 158.828234389245
0 0

0101101
*
Ed
 1e-07 1 1 0
1  631 0 3 4
2  632 278 0 3 4
4 C0 220 0 278 0
0

0101000
+921 0 -923 0 *
Ve
1e-07
-113.234843720822 156.145126118079 158.33802636859
0 0

0101101
*
Ed
 1e-07 1 1 0
1  632 0 2 3
2  633 279 0 2 3
4 C0 220 0 279 0
0

0101000
+919 0 -921 0 *
Ve
1e-07
-112.217631583922 156.145126118079 153.791781807483
0 0

0101101
*
Ed
 1e-07 1 1 0
1  633 0 1 2
2  634 280 0 1 2
4 C0 220 0 280 0
0

0101000
+917 0 -919 0 *
Ed
 1e-07 1 1 0
1  634 0 0 1
2  635 281 0 0 1
4 C0 220 0 281 0
0

0101000
+925 0 -917 0 *
Wi

0101100
-924 0 -922 0 -920 0 -918 0 -916 0 -915 0 *
Ve
1e-07
-121.921659714889 156.145126118079 147.505216088656
0 0

0101101
*
Ve
1e-07
-122.616317364507 156.145126118079 147.789549192591
0 0

0101101
*
Ed
 1e-07 1 1 0
1  635 0 0 1
2  636 282 0 0 1
4 C0 220 0 282 0
0

0101000
+913 0 -912 0 *
Ve
1e-07
-118.665803933823 156.145126118079 149.35953545853
0 0

0101101
*
Ed
 1e-07 1 1 0
1  636 0 0 3.74687832636593
4 C0 220 0 283 0
0

0101000
+910 0 -913 0 *
Ve
1e-07
-118.426329364519 156.145126118079 149.912575260473
0 0

0101101
*
Ed
 1e-07 1 1 0
1  637 0 8 9
2  637 284 0 8 9
4 C0 220 0 284 0
0

0101000
+908 0 -910 0 *
Ve
1e-07
-120.035021506123 156.145126118079 157.313992066973
0 0

0101101
*
Ed
 1e-07 1 1 0
1  638 0 7 8
2  638 285 0 7 8
4 C0 220 0 285 0
0

0101000
+906 0 -908 0 *
Ve
1e-07
-120.276855403894 156.145126118079 157.69776356099
0 0

0101101
*
Ed
 1e-07 1 1 0
1  639 0 6 7
2  639 286 0 6 7
4 C0 220 0 286 0
0

0101000
+904 0 -906 0 *
Ve
1e-07
-121.420037220764 156.145126118079 158.514446796169
0 0

0101101
*
Ed
 1e-07 1 1 0
1  640 0 5 6
2  640 287 0 5 6
4 C0 220 0 287 0
0

0101000
+902 0 -904 0 *
Ve
1e-07
-122.011290391669 156.145126118079 158.585555362553
0 0

0101101
*
Ed
 1e-07 1 1 0
1  641 0 4 5
2  641 288 0 4 5
4 C0 220 0 288 0
0

0101000
+900 0 -902 0 *
Ve
1e-07
-124.279333195137 156.145126118079 157.291024754486
0 0

0101101
*
Ed
 1e-07 1 1 0
1  642 0 3 4
2  642 289 0 3 4
4 C0 220 0 289 0
0

0101000
+898 0 -900 0 *
Ve
1e-07
-124.510983735958 156.145126118079 156.774350634409
0 0

0101101
*
Ed
 1e-07 1 1 0
1  643 0 2 3
2  643 290 0 2 3
4 C0 220 0 290 0
0

0101000
+896 0 -898 0 *
Ed
 1e-07 1 1 0
1  644 0 1 2
2  644 291 0 1 2
4 C0 220 0 291 0
0

0101000
+912 0 -896 0 *
Wi

0101100
-911 0 -909 0 -907 0 -905 0 -903 0 -901 0 -899 0 -897 0 -895 0 -894 0 
*
Fa
0  1e-07 220 0

0111000
-1023 0 -1002 0 -947 0 -946 0 -927 0 -914 0 -893 0 *
Ed
 1e-07 1 1 0
1  645 0 3.14159265358979 6.28318530717959
2  645 212 0 3.14159265358979 6.28318530717959
4 G1 213 0 212 0
0

0101000
+1095 0 -1093 0 *
Wi

0101100
+1092 0 +891 0 *
Ed
 1e-07 1 1 0
1  646 0 0 3.14159265358979
2  646 221 0 0 3.14159265358979
4 C0 213 0 221 0
0

0101000
+1068 0 -1066 0 *
Wi

0101100
-889 0 -1065 0 *
Fa
0  1e-07 213 0

0111000
-890 0 -888 0 *
Ed
 1e-07 1 1 0
1  647 0 0 3.14159265358979
2  647 221 0 0 3.14159265358979
2  648 218 0 0 3.14159265358979
4 G1 221 0 218 0
0

0101000
+1077 0 -1075 0 *
Wi

0101100
-889 0 -1067 0 +886 0 +1064 0 *
Fa
0  1e-07 221 0

0111000
+885 0 *
Wi

0101100
-886 0 -1076 0 +1024 0 +1072 0 *
Fa
0  1e-07 218 0

0111000
+883 0 *
Wi

0101100
+1027 0 +1059 0 *
Ed
 1e-07 1 1 0
1  648 0 0 3.14159265358979
2  649 215 0 0 3.14159265358979
4 C0 216 0 215 0
0

0101000
+1087 0 -1085 0 *
Wi

0101100
-880 0 -1084 0 *
Fa
0  1e-07 216 0

0111000
-881 0 -879 0 *
Ed
 1e-07 1 1 0
1  649 0 0 3.14159265358979
2  650 215 0 0 3.14159265358979
4 C0 215 0 201 0
0

0101000
+1088 0 -1083 0 *
Wi

0101100
-880 0 -1086 0 +877 0 +1082 0 *
Fa
0  1e-07 215 0

0111000
+876 0 *
Ed
 1e-07 1 1 0
1  650 0 3.14159265358979 6.28318530717959
2  651 212 0 3.14159265358979 6.28318530717959
2  652 197 0 3.14159265358979 6.28318530717959
4 G1 212 0 197 0
0

0101000
+1102 0 -1103 0 *
Wi

0101100
-1094 0 +874 0 +1091 0 -891 0 *
Fa
0  1e-07 212 0

0111000
+873 0 *
Wi

0101100
-1100 0 -874 0 +1098 0 +1149 0 *
Fa
0  1e-07 197 0

0111000
+871 0 *
Ed
 1e-07 1 1 0
1  651 0 0 3.14159265358979
2  653 198 0 0 3.14159265358979
4 G1 199 0 198 0
0

0101000
+1143 0 -1145 0 *
Wi

0101100
-869 0 -1142 0 *
Ed
 1e-07 1 1 0
1  652 0 3.14159265358979 6.28318530717959
2  654 209 0 3.14159265358979 6.28318530717959
4 C0 199 0 209 0
0

0101000
+1108 0 -1110 0 *
Wi

0101100
+1107 0 +867 0 *
Fa
0  1e-07 199 0

0111000
-868 0 -866 0 *
Ed
 1e-07 1 1 0
1  653 0 3.14159265358979 6.28318530717959
2  655 209 0 3.14159265358979 6.28318530717959
2  656 207 0 3.14159265358979 6.28318530717959
4 G1 209 0 207 0
0

0101000
+1117 0 -1119 0 *
Wi

0101100
+867 0 -1109 0 -864 0 +1106 0 *
Fa
0  1e-07 209 0

0111000
+863 0 *
Ed
 1e-07 1 1 0
1  654 0 3.14159265358979 6.28318530717959
2  657 207 0 3.14159265358979 6.28318530717959
4 G1 207 0 205 0
0

0101000
+1115 0 -1120 0 *
Wi

0101100
+864 0 -1118 0 -861 0 +1114 0 *
Fa
0  1e-07 207 0

0111000
+860 0 *
Wi

0101100
-1113 0 -861 0 *
Ed
 1e-07 1 1 0
1  655 0 3.14159265358979 6.28318530717959
2  658 203 0 3.14159265358979 6.28318530717959
4 G1 205 0 203 0
0

0101000
+1126 0 -1128 0 *
Wi

0101100
+1125 0 +857 0 *
Fa
0  1e-07 205 0

0111000
-858 0 -856 0 *
Wi

0101100
+857 0 -1127 0 -1132 0 +1124 0 *
Fa
0  1e-07 203 0

0111000
+854 0 *
Ed
 1e-07 1 1 0
1  656 0 0 3.14159265358979
2  659 202 0 0 3.14159265358979
4 C0 202 0 201 0
0

0101000
+1137 0 -1138 0 *
Wi

0101100
-1134 0 +852 0 +1131 0 -1123 0 *
Fa
0  1e-07 202 0

0111000
+851 0 *
Wi

0101100
-1136 0 -852 0 *
Wi

0101100
+877 0 +1081 0 *
Fa
0  1e-07 201 0

0111000
-849 0 -848 0 *
Ed
 1e-07 1 1 0
1  657 0 0 3.14159265358979
2  660 198 0 0 3.14159265358979
2  661 196 0 0 3.14159265358979
4 G1 198 0 196 0
0

0101000
+1154 0 -1155 0 *
Wi

0101100
-1144 0 -846 0 +1141 0 +869 0 *
Fa
0  1e-07 198 0

0111000
+845 0 *
Wi

0101100
-1151 0 +846 0 +1148 0 -1099 0 *
Fa
0  1e-07 196 0

0111000
+843 0 *
Ve
1e-07
-134.428454992107 158.145126118079 150.718362450414
0 0

0101101
*
Ed
 1e-07 1 1 0
1  658 0 0 2
2  662 267 0 0 2
2  663 268 0 0 2
4 C0 267 0 268 0
0

0101000
+841 0 -945 0 *
Ve
1e-07
-134.213072756962 158.145126118079 151.524650039453
0 0

0101101
*
Ed
 1e-07 1 1 0
1  659 0 7 8
2  664 267 0 7 8
4 C0 267 0 292 0
0

0101000
+841 0 -839 0 *
Ed
 1e-07 1 1 0
1  660 0 0 2
2  665 267 0 0 2
4 C0 267 0 275 0
0

0101000
+839 0 -944 0 *
Wi

0101100
-840 0 +838 0 +837 0 -943 0 *
Fa
0  1e-07 267 0

0111000
+836 0 *
Ve
1e-07
-130.524287477928 158.145126118079 153.675127112724
0 0

0101101
*
Ed
 1e-07 1 1 0
1  661 0 0 2
2  666 274 0 0 2
4 C0 275 0 274 0
0

0101000
+834 0 -930 0 *
Ed
 1e-07 1 1 0
1  662 0 -4.26985813317984 0
4 C0 275 0 292 0
0

0101000
+839 0 -834 0 *
Wi

0101100
+928 0 -833 0 -832 0 +837 0 *
Fa
0  1e-07 275 0

0111000
-831 0 *
Ve
1e-07
-130.049280026871 158.145126118079 153.500673297077
0 0

0101101
*
Ed
 1e-07 1 1 0
1  663 0 5 6
2  667 274 0 5 6
4 C0 274 0 292 0
0

0101000
+834 0 -829 0 *
Ed
 1e-07 1 1 0
1  664 0 0 2
2  668 274 0 0 2
2  669 273 0 0 2
4 C0 274 0 273 0
0

0101000
+829 0 -932 0 *
Wi

0101100
-833 0 +828 0 +827 0 -929 0 *
Fa
0  1e-07 274 0

0111000
+826 0 *
Ve
1e-07
-126.045177726405 158.145126118079 146.67798301088
0 0

0101101
*
Ed
 1e-07 1 1 0
1  665 0 4 5
2  670 273 0 4 5
4 C0 273 0 292 0
0

0101000
+829 0 -824 0 *
Ed
 1e-07 1 1 0
1  666 0 0 2
2  671 273 0 0 2
2  672 272 0 0 2
4 C0 273 0 272 0
0

0101000
+824 0 -934 0 *
Wi

0101100
-827 0 +823 0 +822 0 -931 0 *
Fa
0  1e-07 273 0

0111000
+821 0 *
Ve
1e-07
-123.811350242866 158.145126118079 145.089858978767
0 0

0101101
*
Ed
 1e-07 1 1 0
1  667 0 3 4
2  673 272 0 3 4
4 C0 272 0 292 0
0

0101000
+824 0 -819 0 *
Ed
 1e-07 1 1 0
1  668 0 0 2
2  674 272 0 0 2
2  675 271 0 0 2
4 C0 272 0 271 0
0

0101000
+819 0 -936 0 *
Wi

0101100
-822 0 +818 0 +817 0 -933 0 *
Fa
0  1e-07 272 0

0111000
+816 0 *
Ve
1e-07
-124.764674213339 158.145126118079 141.357454177132
0 0

0101101
*
Ed
 1e-07 1 1 0
1  669 0 2 3
2  676 271 0 2 3
4 C0 271 0 292 0
0

0101000
+819 0 -814 0 *
Ed
 1e-07 1 1 0
1  670 0 0 2
2  677 271 0 0 2
2  678 270 0 0 2
4 G1 271 0 270 0
0

0101000
+814 0 -938 0 *
Wi

0101100
-817 0 +813 0 +812 0 -935 0 *
Fa
0  1e-07 271 0

0111000
+811 0 *
Ve
1e-07
-129.628960819864 158.145126118079 142.716935891001
0 0

0101101
*
Ed
 1e-07 1 1 0
1  671 0 1 2
2  679 270 0 1 2
4 C0 270 0 292 0
0

0101000
+814 0 -809 0 *
Ed
 1e-07 1 1 0
1  672 0 0 2
2  680 270 0 0 2
2  681 269 0 0 2
4 C0 270 0 269 0
0

0101000
+809 0 -940 0 *
Wi

0101100
-812 0 +808 0 +807 0 -937 0 *
Fa
0  1e-07 270 0

0111000
+806 0 *
Ve
1e-07
-130.432649525409 158.145126118079 143.87700993056
0 0

0101101
*
Ed
 1e-07 1 1 0
1  673 0 0 1
2  682 269 0 0 1
4 C0 269 0 292 0
0

0101000
+809 0 -804 0 *
Ed
 1e-07 1 1 0
1  674 0 0 2
2  683 269 0 0 2
2  684 268 0 0 2
4 C0 269 0 268 0
0

0101000
+804 0 -942 0 *
Wi

0101100
-807 0 +803 0 +802 0 -939 0 *
Fa
0  1e-07 269 0

0111000
+801 0 *
Ed
 1e-07 1 1 0
1  675 0 8 9
2  685 268 0 8 9
4 C0 268 0 292 0
0

0101000
+804 0 -841 0 *
Wi

0101100
-802 0 +799 0 +840 0 -941 0 *
Fa
0  1e-07 268 0

0111000
+798 0 *
Wi

0101100
+838 0 +832 0 +828 0 +823 0 +818 0 +813 0 +808 0 +803 0 +799 0 *
Fa
0  1e-07 292 0

0111000
-796 0 *
Ve
1e-07
-131.205868354593 158.145126118079 142.595487596024
0 0

0101101
*
Ed
 1e-07 1 1 0
1  676 0 0 2
2  686 240 0 0 2
2  687 241 0 0 2
4 C0 240 0 241 0
0

0101000
+794 0 -1001 0 *
Ve
1e-07
-131.390832952152 158.145126118079 141.736865374645
0 0

0101101
*
Ed
 1e-07 1 1 0
1  677 0 26 27
2  688 240 0 26 27
4 C0 240 0 293 0
0

0101000
+794 0 -792 0 *
Ed
 1e-07 1 1 0
1  678 0 0 2
2  689 240 0 0 2
2  690 266 0 0 2
4 G1 240 0 266 0
0

0101000
+792 0 -1000 0 *
Wi

0101100
-793 0 +791 0 +790 0 -999 0 *
Fa
0  1e-07 240 0

0111000
+789 0 *
Ve
1e-07
-133.743925834211 158.145126118079 140.36982634431
0 0

0101101
*
Ed
 1e-07 1 1 0
1  679 0 0 1
2  691 266 0 0 1
4 C0 266 0 293 0
0

0101000
+792 0 -787 0 *
Ed
 1e-07 1 1 0
1  680 0 0 2
2  692 266 0 0 2
2  693 265 0 0 2
4 C0 266 0 265 0
0

0101000
+787 0 -950 0 *
Wi

0101100
-790 0 +786 0 +785 0 -948 0 *
Fa
0  1e-07 266 0

0111000
+784 0 *
Ve
1e-07
-135.120978097564 158.145126118079 140.108369022561
0 0

0101101
*
Ed
 1e-07 1 1 0
1  681 0 1 2
2  694 265 0 1 2
4 C0 265 0 293 0
0

0101000
+787 0 -782 0 *
Ed
 1e-07 1 1 0
1  682 0 0 2
2  695 265 0 0 2
2  696 264 0 0 2
4 C0 265 0 264 0
0

0101000
+782 0 -952 0 *
Wi

0101100
-785 0 +781 0 +780 0 -949 0 *
Fa
0  1e-07 265 0

0111000
+779 0 *
Ve
1e-07
-136.905008952911 158.145126118079 140.624851135508
0 0

0101101
*
Ed
 1e-07 1 1 0
1  683 0 2 3
2  697 264 0 2 3
4 C0 264 0 293 0
0

0101000
+782 0 -777 0 *
Ed
 1e-07 1 1 0
1  684 0 0 2
2  698 264 0 0 2
2  699 263 0 0 2
4 C0 264 0 263 0
0

0101000
+777 0 -954 0 *
Wi

0101100
-780 0 +776 0 +775 0 -951 0 *
Fa
0  1e-07 264 0

0111000
+774 0 *
Ve
1e-07
-136.916769626471 158.145126118079 140.981675591094
0 0

0101101
*
Ed
 1e-07 1 1 0
1  685 0 3 4
2  700 263 0 3 4
4 C0 263 0 293 0
0

0101000
+777 0 -772 0 *
Ed
 1e-07 1 1 0
1  686 0 0 2
2  701 263 0 0 2
2  702 262 0 0 2
4 C0 263 0 262 0
0

0101000
+772 0 -956 0 *
Wi

0101100
-775 0 +771 0 +770 0 -953 0 *
Fa
0  1e-07 263 0

0111000
+769 0 *
Ve
1e-07
-133.163890737369 158.145126118079 143.190970309668
0 0

0101101
*
Ed
 1e-07 1 1 0
1  687 0 4 4.96123427625203
2  703 262 0 4 4.96123427625203
4 C0 262 0 293 0
0

0101000
+772 0 -767 0 *
Ed
 1e-07 1 1 0
1  688 0 0 2
2  704 262 0 0 2
2  705 261 0 0 2
4 C0 262 0 261 0
0

0101000
+767 0 -958 0 *
Wi

0101100
-770 0 +766 0 +765 0 -955 0 *
Fa
0  1e-07 262 0

0111000
+764 0 *
Ve
1e-07
-133.351950188612 158.145126118079 143.465583399514
0 0

0101101
*
Ed
 1e-07 1 1 0
1  689 0 5.05307453282423 6
2  706 261 0 5.05307453282423 6
4 C0 261 0 293 0
0

0101000
+767 0 -762 0 *
Ed
 1e-07 1 1 0
1  690 0 0 2
2  707 261 0 0 2
2  708 260 0 0 2
4 G1 261 0 260 0
0

0101000
+762 0 -960 0 *
Wi

0101100
-765 0 +761 0 +760 0 -957 0 *
Fa
0  1e-07 261 0

0111000
+759 0 *
Ve
1e-07
-137.112782426582 158.145126118079 141.255292502962
0 0

0101101
*
Ed
 1e-07 1 1 0
1  691 0 6 7
2  709 260 0 6 7
4 C0 260 0 293 0
0

0101000
+762 0 -757 0 *
Ed
 1e-07 1 1 0
1  692 0 0 2
2  710 260 0 0 2
2  711 259 0 0 2
4 C0 260 0 259 0
0

0101000
+757 0 -962 0 *
Wi

0101100
-760 0 +756 0 +755 0 -959 0 *
Fa
0  1e-07 260 0

0111000
+754 0 *
Ve
1e-07
-137.756358773539 158.145126118079 141.190927743035
0 0

0101101
*
Ed
 1e-07 1 1 0
1  693 0 7 8
2  712 259 0 7 8
4 C0 259 0 293 0
0

0101000
+757 0 -752 0 *
Ed
 1e-07 1 1 0
1  694 0 0 2
2  713 259 0 0 2
2  714 258 0 0 2
4 C0 259 0 258 0
0

0101000
+752 0 -964 0 *
Wi

0101100
-755 0 +751 0 +750 0 -961 0 *
Fa
0  1e-07 259 0

0111000
+749 0 *
Ve
1e-07
-138.96869332044 158.145126118079 142.511029938324
0 0

0101101
*
Ed
 1e-07 1 1 0
1  695 0 8 9
2  715 258 0 8 9
4 C0 258 0 293 0
0

0101000
+752 0 -747 0 *
Ed
 1e-07 1 1 0
1  696 0 0 2
2  716 258 0 0 2
2  717 257 0 0 2
4 C0 258 0 257 0
0

0101000
+747 0 -966 0 *
Wi

0101100
-750 0 +746 0 +745 0 -963 0 *
Fa
0  1e-07 258 0

0111000
+744 0 *
Ve
1e-07
-138.496663499493 158.145126118079 143.112733171483
0 0

0101101
*
Ed
 1e-07 1 1 0
1  697 0 9 10
2  718 257 0 9 10
4 C0 257 0 293 0
0

0101000
+747 0 -742 0 *
Ed
 1e-07 1 1 0
1  698 0 0 2
2  719 257 0 0 2
2  720 256 0 0 2
4 C0 257 0 256 0
0

0101000
+742 0 -968 0 *
Wi

0101100
-745 0 +741 0 +740 0 -965 0 *
Fa
0  1e-07 257 0

0111000
+739 0 *
Ve
1e-07
-134.481726879859 158.145126118079 145.472547398899
0 0

0101101
*
Ed
 1e-07 1 1 0
1  699 0 10 11
2  721 256 0 10 11
4 C0 256 0 293 0
0

0101000
+742 0 -737 0 *
Ed
 1e-07 1 1 0
1  700 0 0 2
2  722 256 0 0 2
2  723 255 0 0 2
4 C0 256 0 255 0
0

0101000
+737 0 -970 0 *
Wi

0101100
-740 0 +736 0 +735 0 -967 0 *
Fa
0  1e-07 256 0

0111000
+734 0 *
Ve
1e-07
-134.643611657785 158.145126118079 145.782064058067
0 0

0101101
*
Ed
 1e-07 1 1 0
1  701 0 11 12
2  724 255 0 11 12
4 C0 255 0 293 0
0

0101000
+737 0 -732 0 *
Ed
 1e-07 1 1 0
1  702 0 0 2
2  725 255 0 0 2
2  726 254 0 0 2
4 G1 255 0 254 0
0

0101000
+732 0 -972 0 *
Wi

0101100
-735 0 +731 0 +730 0 -969 0 *
Fa
0  1e-07 255 0

0111000
+729 0 *
Ve
1e-07
-138.780483012443 158.145126118079 143.350581620219
0 0

0101101
*
Ed
 1e-07 1 1 0
1  703 0 12 13
2  727 254 0 12 13
4 C0 254 0 293 0
0

0101000
+732 0 -727 0 *
Ed
 1e-07 1 1 0
1  704 0 0 2
2  728 254 0 0 2
2  729 253 0 0 2
4 C0 254 0 253 0
0

0101000
+727 0 -974 0 *
Wi

0101100
-730 0 +726 0 +725 0 -971 0 *
Fa
0  1e-07 254 0

0111000
+724 0 *
Ve
1e-07
-139.386231612826 158.145126118079 143.22171187345
0 0

0101101
*
Ed
 1e-07 1 1 0
1  705 0 13 14
2  730 253 0 13 14
4 C0 253 0 293 0
0

0101000
+727 0 -722 0 *
Ed
 1e-07 1 1 0
1  706 0 0 2
2  731 253 0 0 2
2  732 252 0 0 2
4 C0 253 0 252 0
0

0101000
+722 0 -976 0 *
Wi

0101100
-725 0 +721 0 +720 0 -973 0 *
Fa
0  1e-07 253 0

0111000
+719 0 *
Ve
1e-07
-139.955937370694 158.145126118079 144.879195193194
0 0

0101101
*
Ed
 1e-07 1 1 0
1  707 0 14 15
2  733 252 0 14 15
4 C0 252 0 293 0
0

0101000
+722 0 -717 0 *
Ed
 1e-07 1 1 0
1  708 0 0 2
2  734 252 0 0 2
2  735 251 0 0 2
4 G1 252 0 251 0
0

0101000
+717 0 -978 0 *
Wi

0101100
-720 0 +716 0 +715 0 -975 0 *
Fa
0  1e-07 252 0

0111000
+714 0 *
Ve
1e-07
-139.725315613834 158.145126118079 145.45006492192
0 0

0101101
*
Ed
 1e-07 1 1 0
1  709 0 15 16
2  736 251 0 15 16
4 C0 251 0 293 0
0

0101000
+717 0 -712 0 *
Ed
 1e-07 1 1 0
1  710 0 0 2
2  737 251 0 0 2
2  738 250 0 0 2
4 G1 251 0 250 0
0

0101000
+712 0 -980 0 *
Wi

0101100
-715 0 +711 0 +710 0 -977 0 *
Fa
0  1e-07 251 0

0111000
+709 0 *
Ve
1e-07
-135.87436877002 158.145126118079 147.71332146877
0 0

0101101
*
Ed
 1e-07 1 1 0
1  711 0 16 17
2  739 250 0 16 17
4 C0 250 0 293 0
0

0101000
+712 0 -707 0 *
Ed
 1e-07 1 1 0
1  712 0 0 2
2  740 250 0 0 2
2  741 249 0 0 2
4 C0 250 0 249 0
0

0101000
+707 0 -982 0 *
Wi

0101100
-710 0 +706 0 +705 0 -979 0 *
Fa
0  1e-07 250 0

0111000
+704 0 *
Ve
1e-07
-136.020874945386 158.145126118079 148.032219538317
0 0

0101101
*
Ed
 1e-07 1 1 0
1  713 0 17 18
2  742 249 0 17 18
4 C0 249 0 293 0
0

0101000
+707 0 -702 0 *
Ed
 1e-07 1 1 0
1  714 0 0 2
2  743 249 0 0 2
2  744 248 0 0 2
4 C0 249 0 248 0
0

0101000
+702 0 -984 0 *
Wi

0101100
-705 0 +701 0 +700 0 -981 0 *
Fa
0  1e-07 249 0

0111000
+699 0 *
Ve
1e-07
-139.748640484146 158.145126118079 145.841278258926
0 0

0101101
*
Ed
 1e-07 1 1 0
1  715 0 18 19
2  745 248 0 18 19
4 C0 248 0 293 0
0

0101000
+702 0 -697 0 *
Ed
 1e-07 1 1 0
1  716 0 0 2
2  746 248 0 0 2
2  747 247 0 0 2
4 C0 248 0 247 0
0

0101000
+697 0 -986 0 *
Wi

0101100
-700 0 +696 0 +695 0 -983 0 *
Fa
0  1e-07 248 0

0111000
+694 0 *
Ve
1e-07
-140.078094359123 158.145126118079 145.913334610105
0 0

0101101
*
Ed
 1e-07 1 1 0
1  717 0 19 20
2  748 247 0 19 20
4 C0 247 0 293 0
0

0101000
+697 0 -692 0 *
Ed
 1e-07 1 1 0
1  718 0 0 2
2  749 247 0 0 2
2  750 246 0 0 2
4 C0 247 0 246 0
0

0101000
+692 0 -988 0 *
Wi

0101100
-695 0 +691 0 +690 0 -985 0 *
Fa
0  1e-07 247 0

0111000
+689 0 *
Ve
1e-07
-139.586126630552 158.145126118079 147.931955715204
0 0

0101101
*
Ed
 1e-07 1 1 0
1  719 0 20 21
2  751 246 0 20 21
4 C0 246 0 293 0
0

0101000
+692 0 -687 0 *
Ed
 1e-07 1 1 0
1  720 0 0 2
2  752 246 0 0 2
2  753 245 0 0 2
4 C0 246 0 245 0
0

0101000
+687 0 -990 0 *
Wi

0101100
-690 0 +686 0 +685 0 -987 0 *
Fa
0  1e-07 246 0

0111000
+684 0 *
Ve
1e-07
-139.192417174303 158.145126118079 148.482916067257
0 0

0101101
*
Ed
 1e-07 1 1 0
1  721 0 21 22
2  754 245 0 21 22
4 C0 245 0 293 0
0

0101000
+687 0 -682 0 *
Ed
 1e-07 1 1 0
1  722 0 0 2
2  755 245 0 0 2
2  756 244 0 0 2
4 G1 245 0 244 0
0

0101000
+682 0 -992 0 *
Wi

0101100
-685 0 +681 0 +680 0 -989 0 *
Fa
0  1e-07 245 0

0111000
+679 0 *
Ve
1e-07
-138.600717432684 158.145126118079 148.964782230744
0 0

0101101
*
Ed
 1e-07 1 1 0
1  723 0 22 23
2  757 244 0 22 23
4 C0 244 0 293 0
0

0101000
+682 0 -677 0 *
Ed
 1e-07 1 1 0
1  724 0 0 2
2  758 244 0 0 2
2  759 243 0 0 2
4 G1 244 0 243 0
0

0101000
+677 0 -994 0 *
Wi

0101100
-680 0 +676 0 +675 0 -991 0 *
Fa
0  1e-07 244 0

0111000
+674 0 *
Ve
1e-07
-136.378612814111 158.145126118079 150.250207985769
0 0

0101101
*
Ed
 1e-07 1 1 0
1  725 0 23 24
2  760 243 0 23 24
4 C0 243 0 293 0
0

0101000
+677 0 -672 0 *
Ed
 1e-07 1 1 0
1  726 0 0 2
2  761 243 0 0 2
2  762 242 0 0 2
4 C0 243 0 242 0
0

0101000
+672 0 -996 0 *
Wi

0101100
-675 0 +671 0 +670 0 -993 0 *
Fa
0  1e-07 243 0

0111000
+669 0 *
Ve
1e-07
-135.560024840572 158.145126118079 149.986655745973
0 0

0101101
*
Ed
 1e-07 1 1 0
1  727 0 24 25
2  763 242 0 24 25
4 C0 242 0 293 0
0

0101000
+672 0 -667 0 *
Ed
 1e-07 1 1 0
1  728 0 0 2
2  764 242 0 0 2
2  765 241 0 0 2
4 C0 242 0 241 0
0

0101000
+667 0 -998 0 *
Wi

0101100
-670 0 +666 0 +665 0 -995 0 *
Fa
0  1e-07 242 0

0111000
+664 0 *
Ed
 1e-07 1 1 0
1  729 0 25 26
2  766 241 0 25 26
4 C0 241 0 293 0
0

0101000
+667 0 -794 0 *
Wi

0101100
-665 0 +662 0 +793 0 -997 0 *
Fa
0  1e-07 241 0

0111000
+661 0 *
Wi

0101100
+791 0 +786 0 +781 0 +776 0 +771 0 +766 0 +761 0 +756 0 +751 0 +746 0 
+741 0 +736 0 +731 0 +726 0 +721 0 +716 0 +711 0 +706 0 +701 0 +696 0 
+691 0 +686 0 +681 0 +676 0 +671 0 +666 0 +662 0 *
Fa
0  1e-07 293 0

0111000
-659 0 *
Ve
1e-07
-108.664179978593 158.145126118079 155.173430486137
0 0

0101101
*
Ed
 1e-07 1 1 0
1  730 0 0 2
2  767 276 0 0 2
2  768 277 0 0 2
4 C0 276 0 277 0
0

0101000
+657 0 -926 0 *
Ve
1e-07
-111.567388075371 158.145126118079 153.479288891717
0 0

0101101
*
Ed
 1e-07 1 1 0
1  731 0 5 6
2  769 276 0 5 6
4 C0 276 0 294 0
0

0101000
+657 0 -655 0 *
Ed
 1e-07 1 1 0
1  732 0 0 2
2  770 276 0 0 2
2  771 281 0 0 2
4 C0 276 0 281 0
0

0101000
+655 0 -925 0 *
Wi

0101100
-656 0 +654 0 +653 0 -924 0 *
Fa
0  1e-07 276 0

0111000
+652 0 *
Ve
1e-07
-112.217631583922 158.145126118079 153.791781807483
0 0

0101101
*
Ed
 1e-07 1 1 0
1  733 0 0 1
2  772 281 0 0 1
4 C0 281 0 294 0
0

0101000
+655 0 -650 0 *
Ed
 1e-07 1 1 0
1  734 0 0 2
2  773 281 0 0 2
2  774 280 0 0 2
4 C0 281 0 280 0
0

0101000
+650 0 -917 0 *
Wi

0101100
-653 0 +649 0 +648 0 -915 0 *
Fa
0  1e-07 281 0

0111000
+647 0 *
Ve
1e-07
-113.234843720822 158.145126118079 158.33802636859
0 0

0101101
*
Ed
 1e-07 1 1 0
1  735 0 1 2
2  775 280 0 1 2
4 C0 280 0 294 0
0

0101000
+650 0 -645 0 *
Ed
 1e-07 1 1 0
1  736 0 0 2
2  776 280 0 0 2
2  777 279 0 0 2
4 C0 280 0 279 0
0

0101000
+645 0 -919 0 *
Wi

0101100
-648 0 +644 0 +643 0 -916 0 *
Fa
0  1e-07 280 0

0111000
+642 0 *
Ve
1e-07
-112.44014839603 158.145126118079 158.828234389245
0 0

0101101
*
Ed
 1e-07 1 1 0
1  737 0 2 3
2  778 279 0 2 3
4 C0 279 0 294 0
0

0101000
+645 0 -640 0 *
Ed
 1e-07 1 1 0
1  738 0 0 2
2  779 279 0 0 2
2  780 278 0 0 2
4 C0 279 0 278 0
0

0101000
+640 0 -921 0 *
Wi

0101100
-643 0 +639 0 +638 0 -918 0 *
Fa
0  1e-07 279 0

0111000
+637 0 *
Ve
1e-07
-108.621640789895 158.145126118079 155.973686055761
0 0

0101101
*
Ed
 1e-07 1 1 0
1  739 0 3 4
2  781 278 0 3 4
4 C0 278 0 294 0
0

0101000
+640 0 -635 0 *
Ed
 1e-07 1 1 0
1  740 0 0 2
2  782 278 0 0 2
2  783 277 0 0 2
4 G1 278 0 277 0
0

0101000
+635 0 -923 0 *
Wi

0101100
-638 0 +634 0 +633 0 -920 0 *
Fa
0  1e-07 278 0

0111000
+632 0 *
Ed
 1e-07 1 1 0
1  741 0 4 5
2  784 277 0 4 5
4 C0 277 0 294 0
0

0101000
+635 0 -657 0 *
Wi

0101100
-633 0 +630 0 +656 0 -922 0 *
Fa
0  1e-07 277 0

0111000
+629 0 *
Wi

0101100
+654 0 +649 0 +644 0 +639 0 +634 0 +630 0 *
Fa
0  1e-07 294 0

0111000
-627 0 *
Ve
1e-07
-113.537907229294 158.145126118079 152.269295573759
0 0

0101101
*
Ed
 1e-07 1 1 0
1  742 0 0 2
2  785 230 0 0 2
2  786 231 0 0 2
4 C0 230 0 231 0
0

0101000
+625 0 -1022 0 *
Ve
1e-07
-116.6662146432 158.145126118079 150.474616921025
0 0

0101101
*
Ed
 1e-07 1 1 0
1  743 0 9 10
2  787 230 0 9 10
4 C0 230 0 295 0
0

0101000
+625 0 -623 0 *
Ed
 1e-07 1 1 0
1  744 0 0 2
2  788 230 0 0 2
2  789 239 0 0 2
4 C0 230 0 239 0
0

0101000
+623 0 -1021 0 *
Wi

0101100
-624 0 +622 0 +621 0 -1020 0 *
Fa
0  1e-07 230 0

0111000
+620 0 *
Ve
1e-07
-117.399802258946 158.145126118079 150.754820568455
0 0

0101101
*
Ed
 1e-07 1 1 0
1  745 0 0 1
2  790 239 0 0 1
4 C0 239 0 295 0
0

0101000
+623 0 -618 0 *
Ed
 1e-07 1 1 0
1  746 0 0 2
2  791 239 0 0 2
2  792 238 0 0 2
4 C0 239 0 238 0
0

0101000
+618 0 -1005 0 *
Wi

0101100
-621 0 +617 0 +616 0 -1003 0 *
Fa
0  1e-07 239 0

0111000
+615 0 *
Ve
1e-07
-119.332938049561 158.145126118079 159.73602012062
0 0

0101101
*
Ed
 1e-07 1 1 0
1  747 0 1 2
2  793 238 0 1 2
4 C0 238 0 295 0
0

0101000
+618 0 -613 0 *
Ed
 1e-07 1 1 0
1  748 0 0 2
2  794 238 0 0 2
2  795 237 0 0 2
4 C0 238 0 237 0
0

0101000
+613 0 -1007 0 *
Wi

0101100
-616 0 +612 0 +611 0 -1004 0 *
Fa
0  1e-07 238 0

0111000
+610 0 *
Ve
1e-07
-119.034434419729 158.145126118079 160.326152283329
0 0

0101101
*
Ed
 1e-07 1 1 0
1  749 0 2 3
2  796 237 0 2 3
4 C0 237 0 295 0
0

0101000
+613 0 -608 0 *
Ed
 1e-07 1 1 0
1  750 0 0 2
2  797 237 0 0 2
2  798 236 0 0 2
4 C0 237 0 236 0
0

0101000
+608 0 -1009 0 *
Wi

0101100
-611 0 +607 0 +606 0 -1006 0 *
Fa
0  1e-07 237 0

0111000
+605 0 *
Ve
1e-07
-116.782746990876 158.145126118079 161.548135173635
0 0

0101101
*
Ed
 1e-07 1 1 0
1  751 0 3 4
2  799 236 0 3 4
4 C0 236 0 295 0
0

0101000
+608 0 -603 0 *
Ed
 1e-07 1 1 0
1  752 0 0 2
2  800 236 0 0 2
2  801 235 0 0 2
4 C0 236 0 235 0
0

0101000
+603 0 -1011 0 *
Wi

0101100
-606 0 +602 0 +601 0 -1008 0 *
Fa
0  1e-07 236 0

0111000
+600 0 *
Ve
1e-07
-116.231427366 158.145126118079 161.52428193358
0 0

0101101
*
Ed
 1e-07 1 1 0
1  753 0 4 5
2  802 235 0 4 5
4 C0 235 0 295 0
0

0101000
+603 0 -598 0 *
Ed
 1e-07 1 1 0
1  754 0 0 2
2  803 235 0 0 2
2  804 234 0 0 2
4 C0 235 0 234 0
0

0101000
+598 0 -1013 0 *
Wi

0101100
-601 0 +597 0 +596 0 -1010 0 *
Fa
0  1e-07 235 0

0111000
+595 0 *
Ve
1e-07
-115.040031322828 158.145126118079 160.696806204139
0 0

0101101
*
Ed
 1e-07 1 1 0
1  755 0 5 6
2  805 234 0 5 6
4 C0 234 0 295 0
0

0101000
+598 0 -593 0 *
Ed
 1e-07 1 1 0
1  756 0 0 2
2  806 234 0 0 2
2  807 233 0 0 2
4 C0 234 0 233 0
0

0101000
+593 0 -1015 0 *
Wi

0101100
-596 0 +592 0 +591 0 -1012 0 *
Fa
0  1e-07 234 0

0111000
+590 0 *
Ve
1e-07
-114.802001405466 158.145126118079 160.351556599562
0 0

0101101
*
Ed
 1e-07 1 1 0
1  757 0 6 7
2  808 233 0 6 7
4 C0 233 0 295 0
0

0101000
+593 0 -588 0 *
Ed
 1e-07 1 1 0
1  758 0 0 2
2  809 233 0 0 2
4 C0 233 0 232 0
0

0101000
+588 0 -1017 0 *
Wi

0101100
-591 0 +587 0 +586 0 -1014 0 *
Fa
0  1e-07 233 0

0111000
+585 0 *
Ve
1e-07
-113.27812757966 158.145126118079 152.855676226336
0 0

0101101
*
Ed
 1e-07 1 1 0
1  759 0 0 2
2  810 231 0 0 2
4 C0 232 0 231 0
0

0101000
+583 0 -1019 0 *
Ed
 1e-07 1 1 0
1  760 0 0 7.64921002500857
4 C0 232 0 295 0
0

0101000
+588 0 -583 0 *
Wi

0101100
+1016 0 -582 0 -581 0 +586 0 *
Fa
0  1e-07 232 0

0111000
-580 0 *
Ed
 1e-07 1 1 0
1  761 0 8 9
2  811 231 0 8 9
4 C0 231 0 295 0
0

0101000
+583 0 -625 0 *
Wi

0101100
-582 0 +578 0 +624 0 -1018 0 *
Fa
0  1e-07 231 0

0111000
+577 0 *
Wi

0101100
+622 0 +617 0 +612 0 +607 0 +602 0 +597 0 +592 0 +587 0 +581 0 +578 0 
*
Fa
0  1e-07 295 0

0111000
+575 0 *
Ve
1e-07
-121.921659714889 158.145126118079 147.505216088656
0 0

0101101
*
Ed
 1e-07 1 1 0
1  762 0 0 2
2  812 282 0 0 2
4 C0 282 0 283 0
0

0101000
+573 0 -913 0 *
Ve
1e-07
-122.616317364507 158.145126118079 147.789549192591
0 0

0101101
*
Ed
 1e-07 1 1 0
1  763 0 0 1
2  813 282 0 0 1
4 C0 282 0 296 0
0

0101000
+573 0 -571 0 *
Ed
 1e-07 1 1 0
1  764 0 0 2
2  814 282 0 0 2
2  815 291 0 0 2
4 C0 282 0 291 0
0

0101000
+571 0 -912 0 *
Wi

0101100
-572 0 +570 0 +569 0 -911 0 *
Fa
0  1e-07 282 0

0111000
+568 0 *
Ve
1e-07
-124.510983735958 158.145126118079 156.774350634409
0 0

0101101
*
Ed
 1e-07 1 1 0
1  765 0 1 2
2  816 291 0 1 2
4 C0 291 0 296 0
0

0101000
+571 0 -566 0 *
Ed
 1e-07 1 1 0
1  766 0 0 2
2  817 291 0 0 2
2  818 290 0 0 2
4 C0 291 0 290 0
0

0101000
+566 0 -896 0 *
Wi

0101100
-569 0 +565 0 +564 0 -894 0 *
Fa
0  1e-07 291 0

0111000
+563 0 *
Ve
1e-07
-124.279333195137 158.145126118079 157.291024754486
0 0

0101101
*
Ed
 1e-07 1 1 0
1  767 0 2 3
2  819 290 0 2 3
4 C0 290 0 296 0
0

0101000
+566 0 -561 0 *
Ed
 1e-07 1 1 0
1  768 0 0 2
2  820 290 0 0 2
2  821 289 0 0 2
4 C0 290 0 289 0
0

0101000
+561 0 -898 0 *
Wi

0101100
-564 0 +560 0 +559 0 -895 0 *
Fa
0  1e-07 290 0

0111000
+558 0 *
Ve
1e-07
-122.011290391669 158.145126118079 158.585555362553
0 0

0101101
*
Ed
 1e-07 1 1 0
1  769 0 3 4
2  822 289 0 3 4
4 C0 289 0 296 0
0

0101000
+561 0 -556 0 *
Ed
 1e-07 1 1 0
1  770 0 0 2
2  823 289 0 0 2
2  824 288 0 0 2
4 C0 289 0 288 0
0

0101000
+556 0 -900 0 *
Wi

0101100
-559 0 +555 0 +554 0 -897 0 *
Fa
0  1e-07 289 0

0111000
+553 0 *
Ve
1e-07
-121.420037220764 158.145126118079 158.514446796169
0 0

0101101
*
Ed
 1e-07 1 1 0
1  771 0 4 5
2  825 288 0 4 5
4 C0 288 0 296 0
0

0101000
+556 0 -551 0 *
Ed
 1e-07 1 1 0
1  772 0 0 2
2  826 288 0 0 2
2  827 287 0 0 2
4 C0 288 0 287 0
0

0101000
+551 0 -902 0 *
Wi

0101100
-554 0 +550 0 +549 0 -899 0 *
Fa
0  1e-07 288 0

0111000
+548 0 *
Ve
1e-07
-120.276855403894 158.145126118079 157.69776356099
0 0

0101101
*
Ed
 1e-07 1 1 0
1  773 0 5 6
2  828 287 0 5 6
4 C0 287 0 296 0
0

0101000
+551 0 -546 0 *
Ed
 1e-07 1 1 0
1  774 0 0 2
2  829 287 0 0 2
2  830 286 0 0 2
4 C0 287 0 286 0
0

0101000
+546 0 -904 0 *
Wi

0101100
-549 0 +545 0 +544 0 -901 0 *
Fa
0  1e-07 287 0

0111000
+543 0 *
Ve
1e-07
-120.035021506123 158.145126118079 157.313992066973
0 0

0101101
*
Ed
 1e-07 1 1 0
1  775 0 6 7
2  831 286 0 6 7
4 C0 286 0 296 0
0

0101000
+546 0 -541 0 *
Ed
 1e-07 1 1 0
1  776 0 0 2
2  832 286 0 0 2
2  833 285 0 0 2
4 C0 286 0 285 0
0

0101000
+541 0 -906 0 *
Wi

0101100
-544 0 +540 0 +539 0 -903 0 *
Fa
0  1e-07 286 0

0111000
+538 0 *
Ve
1e-07
-118.426329364519 158.145126118079 149.912575260473
0 0

0101101
*
Ed
 1e-07 1 1 0
1  777 0 7 8
2  834 285 0 7 8
4 C0 285 0 296 0
0

0101000
+541 0 -536 0 *
Ed
 1e-07 1 1 0
1  778 0 0 2
2  835 285 0 0 2
2  836 284 0 0 2
4 C0 285 0 284 0
0

0101000
+536 0 -908 0 *
Wi

0101100
-539 0 +535 0 +534 0 -905 0 *
Fa
0  1e-07 285 0

0111000
+533 0 *
Ve
1e-07
-118.665803933823 158.145126118079 149.35953545853
0 0

0101101
*
Ed
 1e-07 1 1 0
1  779 0 8 9
2  837 284 0 8 9
4 C0 284 0 296 0
0

0101000
+536 0 -531 0 *
Ed
 1e-07 1 1 0
1  780 0 0 2
2  838 284 0 0 2
4 C0 284 0 283 0
0

0101000
+531 0 -910 0 *
Wi

0101100
-534 0 +530 0 +529 0 -907 0 *
Fa
0  1e-07 284 0

0111000
+528 0 *
Ed
 1e-07 1 1 0
1  781 0 0 3.74687832636593
4 C0 283 0 296 0
0

0101000
+531 0 -573 0 *
Wi

0101100
+909 0 -572 0 -526 0 +529 0 *
Fa
0  1e-07 283 0

0111000
-525 0 *
Wi

0101100
+570 0 +565 0 +560 0 +555 0 +550 0 +545 0 +540 0 +535 0 +530 0 +526 0 
*
Fa
0  1e-07 296 0

0111000
-523 0 *
Ve
1e-07
-249.087701155161 167.109135137673 194.550742957364
0 0

0101101
*
Ed
 1e-07 1 1 0
1  782 0 -24.5274322036183 0
4 C0 225 0 229 0
0

0101000
+1034 0 -521 0 *
Ve
1e-07
-246.694047247052 189.475074365719 195.901989723435
0 0

0101101
*
Ed
 1e-07 1 1 0
1  783 0 -22.5342114219084 0
4 C0 225 0 297 0
0

0101000
+521 0 -519 0 *
Ve
1e-07
-244.101078333313 192.109135137673 197.365752236195
0 0

0101101
*
Ed
 1e-07 1 1 0
1  784 0 4.8346732571402 6.28318530717959
2  839 298 0 4.8346732571402 6.28318530717959
4 C0 225 0 298 0
0

0101000
+519 0 -517 0 *
Ed
 1e-07 1 1 0
1  785 0 -34.273684918966 -10.1469292360249
4 C0 225 0 226 0
0

0101000
+517 0 -1054 0 *
Wi

0101100
+1053 0 +1033 0 +520 0 +518 0 +516 0 +515 0 *
Fa
0  1e-07 225 0

0111000
-514 0 *
Ve
1e-07
-251.966546409016 192.109135137673 211.298964785715
0 0

0101101
*
Ed
 1e-07 1 1 0
1  786 0 -34.2736849189655 -10.1469292360253
4 C0 227 0 226 0
0

0101000
+512 0 -1052 0 *
Ve
1e-07
-254.559515322755 189.475074365719 209.835202272955
0 0

0101101
*
Ed
 1e-07 1 1 0
1  787 0 4.8346732571402 6.28318530717959
2  840 298 0 4.8346732571402 6.28318530717959
4 C0 227 0 298 0
0

0101000
+510 0 -512 0 *
Ve
1e-07
-256.953169230864 167.109135137673 208.483955506884
0 0

0101101
*
Ed
 1e-07 1 1 0
1  788 0 -22.5342114219084 0
4 C0 227 0 297 0
0

0101000
+508 0 -510 0 *
Ed
 1e-07 1 1 0
1  789 0 -24.5274322036178 0
4 C0 227 0 229 0
0

0101000
+1032 0 -508 0 *
Wi

0101100
-1030 0 -1049 0 -511 0 -509 0 -507 0 -506 0 *
Fa
0  1e-07 227 0

0111000
+505 0 *
Ed
 1e-07 1 1 0
1  790 0 0 16.0000000000001
4 C0 229 0 297 0
0

0101000
+521 0 -508 0 *
Wi

0101100
-520 0 +1031 0 +506 0 -503 0 *
Fa
0  1e-07 229 0

0111000
-502 0 *
Ed
 1e-07 1 1 0
1  791 0 0 16.0000000000001
2  841 298 0 0 16.0000000000001
4 G1 297 0 298 0
0

0101000
+519 0 -510 0 *
Wi

0101100
+507 0 -500 0 -518 0 +503 0 *
Fa
0  1e-07 297 0

0111000
-499 0 *
Ed
 1e-07 1 1 0
1  792 0 0 16.0000000000001
2  842 298 0 0 16.0000000000001
4 G1 298 0 226 0
0

0101000
+517 0 -512 0 *
Wi

0101100
+509 0 -497 0 -516 0 +500 0 *
Fa
0  1e-07 298 0

0111000
+496 0 *
Wi

0101100
+511 0 +1051 0 -515 0 +497 0 *
Fa
0  1e-07 226 0

0111000
-494 0 *
Sh

0101100
+1146 0 +1139 0 +1129 0 -1121 0 -1111 0 -1104 0 +1096 0 +1089 0 -1079 0 -1069 0 
-1062 0 +1044 0 -1036 0 -1028 0 +1025 0 -892 0 -887 0 -884 0 -882 0 -878 0 
-875 0 +872 0 +870 0 -865 0 -862 0 -859 0 -855 0 -853 0 +850 0 -847 0 
+844 0 +842 0 -835 0 -830 0 -825 0 -820 0 -815 0 -810 0 -805 0 -800 0 
-797 0 -795 0 -788 0 -783 0 -778 0 -773 0 -768 0 -763 0 -758 0 -753 0 
-748 0 -743 0 -738 0 -733 0 -728 0 -723 0 -718 0 -713 0 -708 0 -703 0 
-698 0 -693 0 -688 0 -683 0 -678 0 -673 0 -668 0 -663 0 -660 0 -658 0 
-651 0 -646 0 -641 0 -636 0 -631 0 -628 0 -626 0 -619 0 -614 0 -609 0 
-604 0 -599 0 -594 0 -589 0 -584 0 -579 0 -576 0 +574 0 -567 0 -562 0 
-557 0 -552 0 -547 0 -542 0 -537 0 -532 0 -527 0 -524 0 -522 0 -513 0 
+504 0 -501 0 -498 0 +495 0 -493 0 *
So

0100000
+492 0 *
Ve
1e-07
-175.808042755759 60.6251261180788 232.954684572446
0 0

0101101
*
Ve
1e-07
-175.808042755759 60.6251261180788 257.254684572446
0 0

0101101
*
Ed
 1e-07 1 1 0
1  793 0 0 3.14159265358979
2  843 299 0 0 3.14159265358979
4 C0 299 0 300 0
0

0101000
+490 0 -489 0 *
Ve
1e-07
-175.808042755759 61.9751261180788 231.604684572446
0 0

0101101
*
Ed
 1e-07 1 1 0
1  794 0 0 1.90918830920369
2  844 299 0 0 1.90918830920369
2  845 301 0 0 1.90918830920369
4 CN 299 0 301 0
0

0101000
+490 0 -487 0 *
Ve
1e-07
-175.808042755759 61.9751261180788 258.604684572446
0 0

0101101
*
Ed
 1e-07 1 1 0
1  795 0 3.14159265358979 6.28318530717959
2  846 299 0 3.14159265358979 6.28318530717959
2  847 302 0 3.14159265358979 6.28318530717959
4 C0 299 0 302 0
0

0101000
+485 0 -487 0 *
Ed
 1e-07 1 1 0
1  796 0 0 1.90918830920365
2  848 299 0 0 1.90918830920365
2  849 301 0 0 1.90918830920365
4 CN 299 0 301 0
0

0101000
+489 0 -485 0 *
Wi

0101100
-488 0 +486 0 -484 0 -483 0 *
Fa
0  1e-07 299 0

0111000
+482 0 *
Ve
1e-07
-175.808042755759 220.625126118079 231.604684572446
0 0

0101101
*
Ed
 1e-07 1 1 0
1  797 0 1.34999999999999 160
2  850 302 0 1.34999999999999 160
2  851 303 0 1.34999999999999 160
4 CN 302 0 303 0
0

0101000
+487 0 -480 0 *
Ve
1e-07
-175.808042755759 220.625126118079 258.604684572446
0 0

0101101
*
Ed
 1e-07 1 1 0
1  798 0 0 3.14159265358979
2  852 302 0 0 3.14159265358979
4 C0 302 0 304 0
0

0101000
+480 0 -478 0 *
Ed
 1e-07 1 1 0
1  799 0 1.34999999999999 160
2  853 302 0 1.34999999999999 160
2  854 303 0 1.34999999999999 160
4 CN 302 0 303 0
0

0101000
+485 0 -478 0 *
Wi

0101100
+484 0 +479 0 +477 0 -476 0 *
Fa
0  1e-07 302 0

0111000
+475 0 *
Ve
1e-07
-175.808042755759 220.625126118079 264.104684572446
0 0

0101101
*
Ve
1e-07
-175.808042755759 220.625126118079 226.104684572446
0 0

0101101
*
Ed
 1e-07 1 1 0
1  800 0 0 3.14159265358979
2  855 305 0 0 3.14159265358979
4 C0 305 0 304 0
0

0101000
+473 0 -472 0 *
Ve
1e-07
-175.808042755759 221.425126118079 225.304684572446
0 0

0101101
*
Ed
 1e-07 1 1 0
1  801 0 -1.13137084989845 0
2  856 305 0 -1.13137084989845 0
2  857 306 0 -1.13137084989845 0
4 CN 305 0 306 0
0

0101000
+472 0 -470 0 *
Ve
1e-07
-175.808042755759 221.425126118079 264.904684572446
0 0

0101101
*
Ed
 1e-07 1 1 0
1  802 0 0 3.14159265358979
2  858 305 0 0 3.14159265358979
4 C0 305 0 307 0
0

0101000
+468 0 -470 0 *
Ed
 1e-07 1 1 0
1  803 0 -1.13137084989847 0
2  859 305 0 -1.13137084989847 0
2  860 306 0 -1.13137084989847 0
4 CN 305 0 306 0
0

0101000
+473 0 -468 0 *
Wi

0101100
+471 0 +469 0 -467 0 -466 0 *
Fa
0  1e-07 305 0

0111000
+465 0 *
Ed
 1e-07 1 1 0
1  804 0 3.14159265358979 6.28318530717959
2  861 306 0 3.14159265358979 6.28318530717959
4 C0 304 0 306 0
0

0101000
+472 0 -473 0 *
Wi

0101100
-471 0 -463 0 *
Ed
 1e-07 1 1 0
1  805 0 3.14159265358979 6.28318530717959
2  862 303 0 3.14159265358979 6.28318530717959
4 C0 304 0 303 0
0

0101000
+478 0 -480 0 *
Wi

0101100
-461 0 -477 0 *
Fa
0  1e-07 304 0

0111000
+462 0 +460 0 *
Ve
0.00031570760493251
-199.479403792534 236.470845098581 245.104684572446
0 0

0101101
*
Ve
0.000315707604945158
-193.56156353334 237.625126118079 255.354684572446
0 0

0101101
*
Ed
 0.00031570760493251 1 1 0
1  806 0 2.30940107655912e-07 0.011835911458495
2  863 309 0 2.30940107655912e-07 0.011835911458495
4 C0 308 0 309 0
0

0101000
+458 0 -457 0 *
Ve
1e-07
-199.479403792534 221.425126118079 245.104684572446
0 0

0101101
*
Ed
 1e-07 1 1 0
1  807 0 0.799999999999983 15.845718980502
4 C0 308 0 310 0
0

0101000
+455 0 -458 0 *
Ve
1e-07
-187.643723274146 221.425126118079 265.604684572446
0 0

0101101
*
Ed
 1e-07 1 1 0
1  808 0 -0 23.671361036775
4 C0 308 0 307 0
0

0101000
+453 0 -455 0 *
Ve
0.000319562940258975
-187.643723274146 236.470845098581 265.604684572446
0 0

0101101
*
Ed
 1e-07 1 1 0
1  809 0 0.799999999999983 15.845718980502
4 C0 308 0 311 0
0

0101000
+453 0 -451 0 *
Ed
 0.000315707604945158 1 1 0
1  810 0 0.011835911458495 0.0236715919768824
2  864 312 0 0.011835911458495 0.0236715919768824
4 C0 308 0 312 0
0

0101000
+457 0 -451 0 *
Wi

0101100
-456 0 -454 0 -452 0 +450 0 -449 0 *
Fa
0  1e-07 308 0

0111000
-448 0 *
Ve
0.00031956294025313
-187.643723274146 236.470845098581 224.604684572446
0 0

0101101
*
Ve
0.000315707604946958
-193.56156353334 237.625126118079 234.854684572446
0 0

0101101
*
Ed
 0.000315707604946958 1 1 0
1  811 0 2.3094010765853e-07 0.011835911458495
2  865 313 0 2.3094010765853e-07 0.011835911458495
4 C0 310 0 313 0
0

0101000
+446 0 -445 0 *
Ve
1e-07
-187.643723274146 221.425126118079 224.604684572446
0 0

0101101
*
Ed
 1e-07 1 1 0
1  812 0 0.799999999999983 15.845718980502
4 C0 310 0 314 0
0

0101000
+443 0 -446 0 *
Ed
 1e-07 1 1 0
1  813 0 0 23.671361036775
4 C0 310 0 307 0
0

0101000
+455 0 -443 0 *
Ed
 0.000315707604916083 1 1 0
1  814 0 0.011835911458495 0.0236715919768823
2  866 309 0 0.011835911458495 0.0236715919768823
4 C0 310 0 309 0
0

0101000
+445 0 -458 0 *
Wi

0101100
-444 0 -442 0 -441 0 +454 0 -440 0 *
Fa
0  1e-07 310 0

0111000
-439 0 *
Ve
0.000315707604958787
-163.972362237372 236.470845098581 224.604684572446
0 0

0101101
*
Ve
0.00031956294025313
-175.808042755759 237.625126118079 224.604684572446
0 0

0101101
*
Ed
 0.000313105281888824 1 1 0
1  815 0 0.0426788509578044 0.0546114094976344
2  867 315 0 0.0426788509578044 0.0546114094976344
4 C0 314 0 315 0
0

0101000
+437 0 -436 0 *
Ve
1e-07
-163.972362237372 221.425126118079 224.604684572446
0 0

0101101
*
Ed
 1e-07 1 1 0
1  816 0 0.799999999999983 15.845718980502
4 C0 314 0 316 0
0

0101000
+434 0 -437 0 *
Ed
 1e-07 1 1 0
1  817 0 0 23.671361036774
4 C0 314 0 307 0
0

0101000
+443 0 -434 0 *
Ed
 0.00031956294025313 1 1 0
1  818 0 0.0546114094976344 0.0665096730873511
2  868 313 0 0.0546114094976344 0.0665096730873511
4 C0 314 0 313 0
0

0101000
+436 0 -446 0 *
Wi

0101100
-435 0 -433 0 -432 0 +442 0 -431 0 *
Fa
0  1e-07 314 0

0111000
-430 0 *
Ve
0.00031570760493251
-152.136681718984 236.470845098581 245.104684572446
0 0

0101101
*
Ve
0.000315707604958787
-158.054521978178 237.625126118079 234.854684572446
0 0

0101101
*
Ed
 0.00031570760493251 1 1 0
1  819 0 2.30940107670734e-07 0.011835911458495
2  869 317 0 2.30940107670734e-07 0.011835911458495
4 C0 316 0 317 0
0

0101000
+428 0 -427 0 *
Ve
1e-07
-152.136681718984 221.425126118079 245.104684572446
0 0

0101101
*
Ed
 1e-07 1 1 0
1  820 0 0.799999999999983 15.845718980502
4 C0 316 0 318 0
0

0101000
+425 0 -428 0 *
Ed
 1e-07 1 1 0
1  821 0 0 23.671361036775
4 C0 316 0 307 0
0

0101000
+434 0 -425 0 *
Ed
 0.000315707604958787 1 1 0
1  822 0 0.011835911458495 0.0236715919768823
2  870 315 0 0.011835911458495 0.0236715919768823
4 C0 316 0 315 0
0

0101000
+427 0 -437 0 *
Wi

0101100
-426 0 -424 0 -423 0 +433 0 -422 0 *
Fa
0  1e-07 316 0

0111000
-421 0 *
Ve
0.000315707604952872
-163.972362237372 236.470845098581 265.604684572446
0 0

0101101
*
Ve
0.000315707604952872
-158.054521978178 237.625126118079 255.354684572446
0 0

0101101
*
Ed
 0.000315707604952872 1 1 0
1  823 0 2.30940107670146e-07 0.011835911458495
2  871 319 0 2.30940107670146e-07 0.011835911458495
4 C0 318 0 319 0
0

0101000
+419 0 -418 0 *
Ve
1e-07
-163.972362237372 221.425126118079 265.604684572446
0 0

0101101
*
Ed
 1e-07 1 1 0
1  824 0 0.799999999999983 15.845718980502
4 C0 318 0 311 0
0

0101000
+416 0 -419 0 *
Ed
 1e-07 1 1 0
1  825 0 0 23.671361036775
4 C0 318 0 307 0
0

0101000
+425 0 -416 0 *
Ed
 0.000315707604928786 1 1 0
1  826 0 0.011835911458495 0.0236715919768823
2  872 317 0 0.011835911458495 0.0236715919768823
4 C0 318 0 317 0
0

0101000
+418 0 -428 0 *
Wi

0101100
-417 0 -415 0 -414 0 +424 0 -413 0 *
Fa
0  1e-07 318 0

0111000
-412 0 *
Ve
0.000319562940258975
-175.808042755759 237.625126118079 265.604684572446
0 0

0101101
*
Ed
 0.000319562940258975 1 1 0
1  827 0 0.0201338883736982 0.0320633545774884
2  873 312 0 0.0201338883736982 0.0320633545774884
4 C0 311 0 312 0
0

0101000
+451 0 -410 0 *
Ed
 1e-07 1 1 0
1  828 0 0 23.671361036774
4 C0 311 0 307 0
0

0101000
+416 0 -453 0 *
Ed
 0.000313105281862116 1 1 0
1  829 0 0.0320633545774884 0.0440272056682205
2  874 319 0 0.0320633545774884 0.0440272056682205
4 C0 311 0 319 0
0

0101000
+410 0 -419 0 *
Wi

0101100
-409 0 -450 0 -408 0 +415 0 -407 0 *
Fa
0  1e-07 311 0

0111000
-406 0 *
Wi

0101100
+452 0 +441 0 +432 0 +423 0 +414 0 +408 0 *
Ed
 1e-07 1 1 0
1  830 0 3.14159265358979 6.28318530717959
2  875 306 0 3.14159265358979 6.28318530717959
4 C0 307 0 306 0
0

0101000
+470 0 -468 0 *
Wi

0101100
+467 0 +403 0 *
Fa
0  1e-07 307 0

0111000
+404 0 +402 0 *
Wi

0101100
-469 0 +463 0 +466 0 -403 0 *
Fa
0  1e-07 306 0

0111000
+400 0 *
Ed
 1e-07 1 1 0
1  831 0 5.23598775598299 6.28318530717959
2  876 313 0 5.23598775598299 6.28318530717959
4 C0 313 0 320 0
0

0101000
+445 0 -436 0 *
Wi

0101100
+431 0 +444 0 +398 0 *
Fa
0  1e-07 313 0

0111000
+397 0 *
Ed
 1e-07 1 1 0
1  832 0 4.18879020478639 5.23598775598299
2  877 309 0 4.18879020478639 5.23598775598299
4 C0 309 0 320 0
0

0101000
+457 0 -445 0 *
Wi

0101100
+440 0 +456 0 +395 0 *
Fa
0  1e-07 309 0

0111000
+394 0 *
Ed
 1e-07 1 1 0
1  833 0 3.14159265358979 4.18879020478639
2  878 312 0 3.14159265358979 4.18879020478639
4 C0 312 0 320 0
0

0101000
+410 0 -457 0 *
Wi

0101100
+449 0 +409 0 +392 0 *
Fa
0  1e-07 312 0

0111000
+391 0 *
Ed
 1e-07 1 1 0
1  834 0 0 1.0471975511966
2  879 319 0 0 1.0471975511966
4 C0 319 0 320 0
0

0101000
+410 0 -418 0 *
Wi

0101100
+417 0 -389 0 +407 0 *
Fa
0  1e-07 319 0

0111000
+388 0 *
Ed
 1e-07 1 1 0
1  835 0 1.0471975511966 2.0943951023932
2  880 317 0 1.0471975511966 2.0943951023932
4 C0 317 0 320 0
0

0101000
+427 0 -418 0 *
Wi

0101100
+426 0 +386 0 +413 0 *
Fa
0  1e-07 317 0

0111000
+385 0 *
Ed
 1e-07 1 1 0
1  836 0 0 1.0471975511966
2  881 315 0 0 1.0471975511966
4 C0 315 0 320 0
0

0101000
+436 0 -427 0 *
Wi

0101100
+435 0 +383 0 +422 0 *
Fa
0  1e-07 315 0

0111000
+382 0 *
Wi

0101100
-383 0 -398 0 -395 0 -392 0 +389 0 -386 0 *
Fa
0  1e-07 320 0

0111000
-380 0 *
Ed
 1e-07 1 1 0
1  837 0 0 3.14159265358979
2  882 303 0 0 3.14159265358979
2  883 301 0 0 3.14159265358979
4 C0 303 0 301 0
0

0101000
+487 0 -485 0 *
Wi

0101100
-479 0 +378 0 +476 0 +461 0 *
Fa
0  1e-07 303 0

0111000
+377 0 *
Ed
 1e-07 1 1 0
1  838 0 3.14159265358979 6.28318530717959
2  884 301 0 3.14159265358979 6.28318530717959
4 C0 300 0 301 0
0

0101000
+489 0 -490 0 *
Wi

0101100
+375 0 +488 0 *
Fa
0  1e-07 300 0

0111000
+374 0 *
Wi

0101100
-486 0 -375 0 +483 0 -378 0 *
Fa
0  1e-07 301 0

0111000
+372 0 *
Sh

0101100
+481 0 +474 0 +464 0 +459 0 -447 0 -438 0 -429 0 -420 0 -411 0 -405 0 
+401 0 +399 0 +396 0 +393 0 +390 0 +387 0 +384 0 +381 0 -379 0 +376 0 
+373 0 +371 0 *
So

0100000
+370 0 *
Ve
1e-07
-164.011012629137 53.6287683590272 246.471965155051
0 0

0101101
*
Ve
1e-07
-160.90778577535 51.8251261180788 246.831630407666
0 0

0101101
*
Ed
 1e-07 1 1 0
1  839 0 0 3.60728448189727
2  885 321 0 0 3.60728448189727
2  886 322 0 0 3.60728448189727
4 G2 321 0 322 0
0

0101000
+368 0 -367 0 *
Ve
1e-07
-190.708299736168 51.8251261180788 243.377738737226
0 0

0101101
*
Ed
 1e-07 1 1 0
1  840 0 3.14159265358979 6.28318530717959
2  887 321 0 3.14159265358979 6.28318530717959
4 C0 321 0 323 0
0

0101000
+367 0 -365 0 *
Ve
1e-07
-187.605072882381 53.6287683590272 243.737403989841
0 0

0101101
*
Ed
 1e-07 1 1 0
1  841 0 -0 3.60728448189725
2  888 321 0 -0 3.60728448189725
2  889 322 0 -0 3.60728448189725
4 CN 321 0 322 0
0

0101000
+363 0 -365 0 *
Ed
 1e-07 1 1 0
1  842 0 0 3.14159265358979
2  890 321 0 0 3.14159265358979
2  891 324 0 0 3.14159265358979
4 C0 321 0 324 0
0

0101000
+363 0 -368 0 *
Wi

0101100
+366 0 +364 0 -362 0 +361 0 *
Fa
0  1e-07 321 0

0111000
+360 0 *
Ve
1e-07
-187.605072882381 72.5011261180788 243.737403989841
0 0

0101101
*
Ve
1e-07
-189.396721741771 75.6251261180788 243.529751159426
0 0

0101101
*
Ed
 1e-07 1 1 0
1  843 0 -3.60728448189671 0
2  892 325 0 -3.60728448189671 0
2  893 326 0 -3.60728448189671 0
4 CN 325 0 326 0
0

0101000
+358 0 -357 0 *
Ve
1e-07
-162.219363769747 75.6251261180788 246.679617985466
0 0

0101101
*
Ed
 1e-07 1 1 0
1  844 0 0 3.14159265358979
2  894 325 0 0 3.14159265358979
4 C0 325 0 327 0
0

0101000
+357 0 -355 0 *
Ve
1e-07
-164.011012629137 72.5011261180788 246.471965155051
0 0

0101101
*
Ed
 1e-07 1 1 0
1  845 0 -3.60728448189672 0
2  895 325 0 -3.60728448189672 0
2  896 326 0 -3.60728448189672 0
4 CN 325 0 326 0
0

0101000
+353 0 -355 0 *
Ed
 1e-07 1 1 0
1  846 0 3.14159265358979 6.28318530717959
2  897 325 0 3.14159265358979 6.28318530717959
2  898 324 0 3.14159265358979 6.28318530717959
4 C0 325 0 324 0
0

0101000
+353 0 -358 0 *
Wi

0101100
+356 0 +354 0 -352 0 +351 0 *
Fa
0  1e-07 325 0

0111000
+350 0 *
Ve
1e-07
-195.799220871141 51.8251261180788 242.787698910193
0 0

0101101
*
Ve
1e-07
-155.816864640377 51.8251261180788 247.421670234699
0 0

0101101
*
Ed
 1e-07 1 1 0
1  847 0 0 3.14159265358979
2  899 328 0 0 3.14159265358979
4 C0 328 0 323 0
0

0101000
+348 0 -347 0 *
Ve
0.000391037943946775
-152.294085254161 53.8726186173042 247.829961796209
0 0

0101101
*
Ed
 1e-07 1 1 0
1  848 0 0 4.09498499845029
2  900 328 0 0 4.09498499845029
2  901 329 0 0 4.09498499845029
4 CN 328 0 329 0
0

0101000
+347 0 -345 0 *
Ve
0.000433371905369978
-166.411223313094 53.8726186173042 266.831007724219
0 0

0101101
*
Ed
 0.000391037943946775 1 1 0
1  849 0 2.38072800015934e-07 0.0239069928656477
2  902 328 0 2.38072800015934e-07 0.0239069928656477
4 C0 328 0 330 0
0

0101000
+345 0 -343 0 *
Ve
0.000433371905369978
-189.925180814692 53.8726186173042 264.105730500456
0 0

0101101
*
Ed
 0.000433371905369978 1 1 0
1  850 0 0.00871161114043835 0.0326044796463158
2  903 328 0 0.00871161114043835 0.0326044796463158
4 C0 328 0 331 0
0

0101000
+343 0 -341 0 *
Ve
0.000391037943940113
-199.322000257357 53.8726186173042 242.379407348683
0 0

0101101
*
Ed
 0.00039103794393549 1 1 0
1  851 0 2.38072800016395e-07 0.0239069928656477
2  904 328 0 2.38072800016395e-07 0.0239069928656477
4 C0 328 0 332 0
0

0101000
+341 0 -339 0 *
Ed
 1e-07 1 1 0
1  852 0 0 4.09498499845029
2  905 328 0 0 4.09498499845029
2  906 329 0 0 4.09498499845029
4 G2 328 0 329 0
0

0101000
+348 0 -339 0 *
Wi

0101100
+346 0 +344 0 +342 0 +340 0 +338 0 -337 0 *
Fa
0  1e-07 328 0

0111000
+336 0 *
Ve
1e-07
-195.799220871141 75.6251261180788 242.787698910193
0 0

0101101
*
Ve
1e-07
-155.816864640377 75.6251261180788 247.421670234699
0 0

0101101
*
Ed
 1e-07 1 1 0
1  853 0 0 3.14159265358979
2  907 333 0 0 3.14159265358979
4 C0 333 0 327 0
0

0101000
+334 0 -333 0 *
Ve
0.000391037944059392
-199.322000257357 73.5776336188534 242.379407348683
0 0

0101101
*
Ed
 1e-07 1 1 0
1  854 0 -4.09498499845029 -0
2  908 333 0 -4.09498499845029 -0
2  909 334 0 -4.09498499845029 -0
4 CN 333 0 334 0
0

0101000
+334 0 -331 0 *
Ve
0.000433371905434269
-189.925180814692 73.5776336188534 264.105730500456
0 0

0101101
*
Ed
 0.000391037944059392 1 1 0
1  855 0 2.38072800014974e-07 0.0239069928656477
2  910 333 0 2.38072800014974e-07 0.0239069928656477
4 C0 333 0 332 0
0

0101000
+331 0 -329 0 *
Ve
0.000433371905434269
-166.411223313094 73.5776336188534 266.831007724219
0 0

0101101
*
Ed
 0.000433371905434269 1 1 0
1  856 0 0.0210830815459628 0.0450364417629359
2  911 333 0 0.0210830815459628 0.0450364417629359
4 C0 333 0 331 0
0

0101000
+329 0 -327 0 *
Ve
0.000391037944017165
-152.294085254161 73.5776336188534 247.829961796209
0 0

0101101
*
Ed
 0.000391037943971766 1 1 0
1  857 0 2.38072800016395e-07 0.0239069928656477
2  912 333 0 2.38072800016395e-07 0.0239069928656477
4 C0 333 0 330 0
0

0101000
+327 0 -325 0 *
Ed
 1e-07 1 1 0
1  858 0 -4.09498499845029 0
2  913 333 0 -4.09498499845029 0
2  914 334 0 -4.09498499845029 0
4 G2 333 0 334 0
0

0101000
+333 0 -325 0 *
Wi

0101100
-332 0 +330 0 +328 0 +326 0 +324 0 -323 0 *
Fa
0  1e-07 333 0

0111000
+322 0 *
Ed
 1e-07 1 1 0
1  859 0 3.124 21.9963577590516
2  915 324 0 3.124 21.9963577590516
2  916 335 0 3.124 21.9963577590516
4 CN 324 0 335 0
0

0101000
+353 0 -368 0 *
Ed
 1e-07 1 1 0
1  860 0 3.124 21.9963577590516
2  917 324 0 3.124 21.9963577590516
2  918 335 0 3.124 21.9963577590516
4 CN 324 0 335 0
0

0101000
+358 0 -363 0 *
Wi

0101100
+320 0 -361 0 -319 0 -351 0 *
Fa
0  1e-07 324 0

0111000
+318 0 *
Ve
0.000433371905393901
-161.690904696826 53.8726186173042 226.103638644436
0 0

0101101
*
Ed
 0.00039103794393147 1 1 0
1  861 0 2.38072800024184e-07 0.0239069928656477
2  919 329 0 2.38072800024184e-07 0.0239069928656477
4 C0 336 0 329 0
0

0101000
+316 0 -345 0 *
Ve
0.000433371905462881
-161.690904696826 73.5776336188534 226.103638644436
0 0

0101101
*
Ed
 1e-07 1 1 0
1  862 0 2.0474924992254 21.7525075007746
4 C0 336 0 337 0
0

0101000
+314 0 -316 0 *
Ed
 0.000391037944017165 1 1 0
1  863 0 2.38072800016572e-07 0.0239069928656477
2  920 334 0 2.38072800016572e-07 0.0239069928656477
4 C0 336 0 334 0
0

0101000
+325 0 -314 0 *
Ed
 1e-07 1 1 0
1  864 0 2.0474924992254 21.7525075007746
4 C0 336 0 330 0
0

0101000
+325 0 -345 0 *
Wi

0101100
-315 0 -313 0 -312 0 +311 0 *
Fa
0  1e-07 336 0

0111000
+310 0 *
Ve
0.000433371905393901
-185.204862198424 53.8726186173042 223.378361420673
0 0

0101101
*
Ed
 0.000433371905393901 1 1 0
1  865 0 0.0210830815459628 0.045036441762936
2  921 329 0 0.0210830815459628 0.045036441762936
4 C0 337 0 329 0
0

0101000
+308 0 -316 0 *
Ve
0.000433371905462881
-185.204862198424 73.5776336188534 223.378361420673
0 0

0101101
*
Ed
 1e-07 1 1 0
1  866 0 2.0474924992254 21.7525075007746
4 C0 337 0 338 0
0

0101000
+306 0 -308 0 *
Ed
 0.000433371905462881 1 1 0
1  867 0 0.00871161114043831 0.0326044796463158
2  922 334 0 0.00871161114043831 0.0326044796463158
4 C0 337 0 334 0
0

0101000
+314 0 -306 0 *
Wi

0101100
-307 0 -305 0 -304 0 +313 0 *
Fa
0  1e-07 337 0

0111000
+303 0 *
Ed
 0.000391037943940113 1 1 0
1  868 0 2.38072800016377e-07 0.0239069928656477
2  923 329 0 2.38072800016377e-07 0.0239069928656477
4 C0 338 0 329 0
0

0101000
+339 0 -308 0 *
Ed
 1e-07 1 1 0
1  869 0 2.0474924992254 21.7525075007746
4 C0 338 0 332 0
0

0101000
+331 0 -339 0 *
Ed
 0.000391037943945022 1 1 0
1  870 0 2.3807279999588e-07 0.0239069928656477
2  924 334 0 2.3807279999588e-07 0.0239069928656477
4 C0 338 0 334 0
0

0101000
+306 0 -331 0 *
Wi

0101100
-301 0 -300 0 -299 0 +305 0 *
Fa
0  1e-07 338 0

0111000
+298 0 *
Ed
 1e-07 1 1 0
1  871 0 2.0474924992254 21.7525075007746
4 C0 332 0 331 0
0

0101000
+329 0 -341 0 *
Wi

0101100
-338 0 -296 0 -328 0 +300 0 *
Fa
0  1e-07 332 0

0111000
+295 0 *
Ed
 1e-07 1 1 0
1  872 0 2.0474924992254 21.7525075007746
4 C0 331 0 330 0
0

0101000
+327 0 -343 0 *
Wi

0101100
-340 0 -293 0 -326 0 +296 0 *
Fa
0  1e-07 331 0

0111000
+292 0 *
Wi

0101100
-342 0 -311 0 -324 0 +293 0 *
Fa
0  1e-07 330 0

0111000
+290 0 *
Ed
 1e-07 1 1 0
1  873 0 3.14159265358979 6.28318530717959
2  925 334 0 3.14159265358979 6.28318530717959
4 C0 327 0 334 0
0

0101000
+333 0 -334 0 *
Wi

0101100
+288 0 +332 0 *
Ed
 1e-07 1 1 0
1  874 0 3.14159265358979 6.28318530717959
2  926 326 0 3.14159265358979 6.28318530717959
4 C0 327 0 326 0
0

0101000
+355 0 -357 0 *
Wi

0101100
+354 0 +286 0 *
Fa
0  1e-07 327 0

0111000
+287 0 +285 0 *
Ed
 1e-07 1 1 0
1  875 0 3.14159265358979 6.28318530717959
2  927 329 0 3.14159265358979 6.28318530717959
4 C0 323 0 329 0
0

0101000
+347 0 -348 0 *
Wi

0101100
-346 0 -283 0 *
Ed
 1e-07 1 1 0
1  876 0 0 3.14159265358979
2  928 322 0 0 3.14159265358979
4 C0 323 0 322 0
0

0101000
+365 0 -367 0 *
Wi

0101100
+364 0 +281 0 *
Fa
0  1e-07 323 0

0111000
-282 0 -280 0 *
Ed
 1e-07 1 1 0
1  877 0 3.14159265358979 6.28318530717959
2  929 335 0 3.14159265358979 6.28318530717959
2  930 322 0 3.14159265358979 6.28318530717959
4 C0 335 0 322 0
0

0101000
+368 0 -363 0 *
Ed
 1e-07 1 1 0
1  878 0 0 3.14159265358979
2  931 335 0 0 3.14159265358979
2  932 326 0 0 3.14159265358979
4 C0 335 0 326 0
0

0101000
+358 0 -353 0 *
Wi

0101100
-278 0 -320 0 -277 0 +319 0 *
Fa
0  1e-07 335 0

0111000
+276 0 *
Wi

0101100
-330 0 -288 0 +323 0 +312 0 +304 0 +299 0 *
Fa
0  1e-07 334 0

0111000
+274 0 *
Wi

0101100
-344 0 +283 0 +337 0 +301 0 +307 0 +315 0 *
Fa
0  1e-07 329 0

0111000
+272 0 *
Wi

0101100
+286 0 -356 0 +277 0 +352 0 *
Fa
0  1e-07 326 0

0111000
+270 0 *
Wi

0101100
+281 0 -366 0 +278 0 +362 0 *
Fa
0  1e-07 322 0

0111000
+268 0 *
Sh

0101100
-359 0 -349 0 +335 0 +321 0 -317 0 +309 0 +302 0 +297 0 +294 0 +291 0 
+289 0 +284 0 -279 0 -275 0 +273 0 +271 0 -269 0 -267 0 *
So

0100000
+266 0 *
Ve
1e-07
-163.308042755759 80.6251261180788 245.104684572446
0 0

0101101
*
Ve
1e-07
-163.308042755759 75.6251261180788 245.104684572446
0 0

0101101
*
Ed
 1e-07 1 1 0
1  879 0 175.355339059327 180.355339059327
2  933 339 0 175.355339059327 180.355339059327
2  934 340 0 175.355339059327 180.355339059327
4 CN 339 0 340 0
0

0101000
+264 0 -263 0 *
Ve
1e-07
-188.308042755759 75.6251261180788 245.104684572446
0 0

0101101
*
Ed
 1e-07 1 1 0
1  880 0 3.14159265358979 6.28318530717959
2  935 339 0 3.14159265358979 6.28318530717959
4 C0 339 0 341 0
0

0101000
+261 0 -263 0 *
Ve
1e-07
-188.308042755759 80.6251261180788 245.104684572446
0 0

0101101
*
Ed
 1e-07 1 1 0
1  881 0 175.355339059327 180.355339059327
2  936 339 0 175.355339059327 180.355339059327
2  937 340 0 175.355339059327 180.355339059327
4 CN 339 0 340 0
0

0101000
+259 0 -261 0 *
Ed
 1e-07 1 1 0
1  882 0 3.14159265358979 6.28318530717959
2  938 339 0 3.14159265358979 6.28318530717959
4 C0 339 0 342 0
0

0101000
+264 0 -259 0 *
Wi

0101100
+262 0 -260 0 -258 0 -257 0 *
Fa
0  1e-07 339 0

0111000
+256 0 *
Ve
1e-07
-163.308042755759 220.625126118079 245.104684572446
0 0

0101101
*
Ve
1e-07
-163.308042755759 215.625126118079 245.104684572446
0 0

0101101
*
Ed
 1e-07 1 1 0
1  883 0 35.355339059327 40.355339059327
2  939 343 0 35.355339059327 40.355339059327
2  940 344 0 35.355339059327 40.355339059327
4 CN 343 0 344 0
0

0101000
+254 0 -253 0 *
Ve
1e-07
-188.308042755759 215.625126118079 245.104684572446
0 0

0101101
*
Ed
 1e-07 1 1 0
1  884 0 4.71238898038469 7.85398163397448
2  941 343 0 4.71238898038469 7.85398163397448
4 C0 343 0 345 0
0

0101000
+251 0 -253 0 *
Ve
1e-07
-188.308042755759 220.625126118079 245.104684572446
0 0

0101101
*
Ed
 1e-07 1 1 0
1  885 0 35.355339059327 40.355339059327
2  942 343 0 35.355339059327 40.355339059327
2  943 344 0 35.355339059327 40.355339059327
4 CN 343 0 344 0
0

0101000
+249 0 -251 0 *
Ed
 1e-07 1 1 0
1  886 0 4.71238898038469 7.85398163397448
2  944 343 0 4.71238898038469 7.85398163397448
4 C0 343 0 346 0
0

0101000
+254 0 -249 0 *
Wi

0101100
+252 0 -250 0 -248 0 -247 0 *
Fa
0  1e-07 343 0

0111000
+246 0 *
Ve
1e-07
-417.346175168509 148.125126118079 239.604684572446
0 0

0101101
*
Ve
1e-07
-417.346175168509 148.125126118079 250.604684572446
0 0

0101101
*
Ed
 1e-07 1 1 0
1  887 0 0 3.14159265358979
2  945 347 0 0 3.14159265358979
4 C0 347 0 348 0
0

0101000
+244 0 -243 0 *
Ve
1e-07
-425.346175168509 148.125126118079 239.604684572446
0 0

0101101
*
Ed
 1e-07 1 1 0
1  888 0 -0 8
2  946 347 0 -0 8
2  947 349 0 -0 8
4 CN 347 0 349 0
0

0101000
+244 0 -241 0 *
Ve
1e-07
-425.346175168509 148.125126118079 250.604684572446
0 0

0101101
*
Ed
 1e-07 1 1 0
1  889 0 0 3.14159265358979
2  948 347 0 0 3.14159265358979
4 C0 347 0 350 0
0

0101000
+241 0 -239 0 *
Ed
 1e-07 1 1 0
1  890 0 -0 8
2  949 347 0 -0 8
2  950 349 0 -0 8
4 CN 347 0 349 0
0

0101000
+243 0 -239 0 *
Wi

0101100
-242 0 +240 0 +238 0 -237 0 *
Fa
0  1e-07 347 0

0111000
+236 0 *
Ve
1e-07
-490.346175168509 148.125126118079 250.604684572446
0 0

0101101
*
Ve
1e-07
-490.346175168509 152.734898346725 248.104684572446
0 0

0101101
*
Ed
 1e-07 1 1 0
1  891 0 0 0.993864981558395
2  951 351 0 0 0.993864981558395
4 C0 351 0 352 0
0

0101000
+234 0 -233 0 *
Ve
1e-07
-430.346175168509 148.125126118079 250.604684572446
0 0

0101101
*
Ed
 1e-07 1 1 0
1  892 0 0 60
2  952 351 0 0 60
2  953 353 0 0 60
4 CN 351 0 353 0
0

0101000
+234 0 -231 0 *
Ve
1e-07
-430.346175168509 148.125126118079 239.604684572446
0 0

0101101
*
Ed
 1e-07 1 1 0
1  893 0 4.71238898038469 7.85398163397448
2  954 351 0 4.71238898038469 7.85398163397448
4 C0 351 0 354 0
0

0101000
+231 0 -229 0 *
Ve
1e-07
-490.346175168509 148.125126118079 239.604684572446
0 0

0101101
*
Ed
 1e-07 1 1 0
1  894 0 0 60
2  955 351 0 0 60
2  956 353 0 0 60
4 CN 351 0 353 0
0

0101000
+227 0 -229 0 *
Ve
1e-07
-490.346175168509 152.734898346725 242.104684572446
0 0

0101101
*
Ed
 1e-07 1 1 0
1  895 0 2.1477276720314 3.14159265358979
2  957 351 0 2.1477276720314 3.14159265358979
4 C0 351 0 352 0
0

0101000
+225 0 -227 0 *
Ve
1e-07
-450.346175168509 152.734898346725 242.104684572446
0 0

0101101
*
Ed
 1e-07 1 1 0
1  896 0 0 40
2  958 351 0 0 40
4 C0 351 0 355 0
0

0101000
+225 0 -223 0 *
Ve
1e-07
-450.346175168509 152.734898346725 248.104684572446
0 0

0101101
*
Ed
 1e-07 1 1 0
1  897 0 0.993864981558395 2.1477276720314
2  959 351 0 0.993864981558395 2.1477276720314
4 C0 351 0 356 0
0

0101000
+221 0 -223 0 *
Ed
 1e-07 1 1 0
1  898 0 -40 0
2  960 351 0 -40 0
4 C0 351 0 357 0
0

0101000
+221 0 -233 0 *
Wi

0101100
-232 0 +230 0 +228 0 -226 0 -224 0 +222 0 -220 0 +219 0 *
Fa
0  1e-07 351 0

0111000
+218 0 *
Ve
1e-07
-430.346175168509 75.6251261180788 280.104684572446
0 0

0101101
*
Ve
1e-07
-417.346175168509 75.6251261180788 280.104684572446
0 0

0101101
*
Ed
 1e-07 1 1 0
1  899 0 0 13
4 C0 358 0 341 0
0

0101000
+216 0 -215 0 *
Ve
1e-07
-417.346175168509 80.6251261180788 280.104684572446
0 0

0101101
*
Ed
 1e-07 1 1 0
1  900 0 -49.0426341726722 -44.0426341726722
4 C0 358 0 348 0
0

0101000
+215 0 -213 0 *
Ve
1e-07
-425.346175168509 80.6251261180788 280.104684572446
0 0

0101101
*
Ed
 1e-07 1 1 0
1  901 0 5 13
4 C0 358 0 359 0
0

0101000
+211 0 -213 0 *
Ve
1e-07
-425.346175168509 215.625126118079 280.104684572446
0 0

0101101
*
Ed
 1e-07 1 1 0
1  902 0 5 140
4 C0 358 0 350 0
0

0101000
+209 0 -211 0 *
Ve
1e-07
-417.346175168509 215.625126118079 280.104684572446
0 0

0101101
*
Ed
 1e-07 1 1 0
1  903 0 -13 -5
4 C0 358 0 360 0
0

0101000
+207 0 -209 0 *
Ve
1e-07
-417.346175168509 220.625126118079 280.104684572446
0 0

0101101
*
Ed
 1e-07 1 1 0
1  904 0 90.957365827328 95.957365827328
4 C0 358 0 348 0
0

0101000
+207 0 -205 0 *
Ve
1e-07
-430.346175168509 220.625126118079 280.104684572446
0 0

0101101
*
Ed
 1e-07 1 1 0
1  905 0 -13 -0
4 C0 358 0 346 0
0

0101000
+205 0 -203 0 *
Ed
 1e-07 1 1 0
1  906 0 0 145
4 C0 358 0 354 0
0

0101000
+203 0 -216 0 *
Wi

0101100
+214 0 +212 0 -210 0 -208 0 -206 0 +204 0 +202 0 +201 0 *
Fa
0  1e-07 358 0

0111000
+200 0 *
Ve
1e-07
-412.346175168509 75.6251261180788 280.104684572446
0 0

0101101
*
Ve
1e-07
-412.346175168509 80.6251261180788 280.104684572446
0 0

0101101
*
Ed
 1e-07 1 1 0
1  907 0 -49.0426341726722 -44.0426341726722
4 C0 361 0 362 0
0

0101000
+198 0 -197 0 *
Ve
1e-07
-150.346175168509 75.6251261180788 280.104684572446
0 0

0101101
*
Ed
 1e-07 1 1 0
1  908 0 18 280
4 C0 361 0 341 0
0

0101000
+198 0 -195 0 *
Ve
1e-07
-150.346175168509 80.6251261180788 280.104684572446
0 0

0101101
*
Ed
 1e-07 1 1 0
1  909 0 -145 -140
4 C0 361 0 363 0
0

0101000
+195 0 -193 0 *
Ed
 1e-07 1 1 0
1  910 0 18 280
4 C0 361 0 342 0
0

0101000
+197 0 -193 0 *
Wi

0101100
-196 0 +194 0 +192 0 -191 0 *
Fa
0  1e-07 361 0

0111000
+190 0 *
Ve
1e-07
-417.346175168509 75.6251261180788 210.104684572446
0 0

0101101
*
Ve
1e-07
-417.346175168509 80.6251261180788 210.104684572446
0 0

0101101
*
Ed
 1e-07 1 1 0
1  911 0 -49.0426341726722 -44.0426341726722
4 C0 364 0 348 0
0

0101000
+188 0 -187 0 *
Ve
1e-07
-430.346175168509 75.6251261180788 210.104684572446
0 0

0101101
*
Ed
 1e-07 1 1 0
1  912 0 0 13
4 C0 364 0 341 0
0

0101000
+185 0 -188 0 *
Ve
1e-07
-430.346175168509 220.625126118079 210.104684572446
0 0

0101101
*
Ed
 1e-07 1 1 0
1  913 0 0 145
4 C0 364 0 354 0
0

0101000
+183 0 -185 0 *
Ve
1e-07
-417.346175168509 220.625126118079 210.104684572446
0 0

0101101
*
Ed
 1e-07 1 1 0
1  914 0 -13 -0
4 C0 364 0 346 0
0

0101000
+181 0 -183 0 *
Ve
1e-07
-417.346175168509 215.625126118079 210.104684572446
0 0

0101101
*
Ed
 1e-07 1 1 0
1  915 0 90.957365827328 95.957365827328
4 C0 364 0 348 0
0

0101000
+179 0 -181 0 *
Ve
1e-07
-425.346175168509 215.625126118079 210.104684572446
0 0

0101101
*
Ed
 1e-07 1 1 0
1  916 0 -13 -5
4 C0 364 0 360 0
0

0101000
+179 0 -177 0 *
Ve
1e-07
-425.346175168509 80.6251261180788 210.104684572446
0 0

0101101
*
Ed
 1e-07 1 1 0
1  917 0 5 140
4 C0 364 0 350 0
0

0101000
+177 0 -175 0 *
Ed
 1e-07 1 1 0
1  918 0 5 13
4 C0 364 0 359 0
0

0101000
+175 0 -187 0 *
Wi

0101100
-186 0 -184 0 -182 0 -180 0 -178 0 +176 0 +174 0 +173 0 *
Fa
0  1e-07 364 0

0111000
-172 0 *
Ve
1e-07
-412.346175168509 75.6251261180788 210.104684572446
0 0

0101101
*
Ve
1e-07
-150.346175168509 75.6251261180788 210.104684572446
0 0

0101101
*
Ed
 1e-07 1 1 0
1  919 0 18 280
4 C0 365 0 341 0
0

0101000
+170 0 -169 0 *
Ve
1e-07
-412.346175168509 80.6251261180788 210.104684572446
0 0

0101101
*
Ed
 1e-07 1 1 0
1  920 0 -49.0426341726722 -44.0426341726722
4 C0 365 0 362 0
0

0101000
+170 0 -167 0 *
Ve
1e-07
-150.346175168509 80.6251261180788 210.104684572446
0 0

0101101
*
Ed
 1e-07 1 1 0
1  921 0 18 280
4 C0 365 0 342 0
0

0101000
+167 0 -165 0 *
Ed
 1e-07 1 1 0
1  922 0 -145 -140
4 C0 365 0 363 0
0

0101000
+169 0 -165 0 *
Wi

0101100
-168 0 +166 0 +164 0 -163 0 *
Fa
0  1e-07 365 0

0111000
-162 0 *
Ed
 1e-07 1 1 0
1  923 0 0 70
4 C0 359 0 348 0
0

0101000
+213 0 -187 0 *
Ed
 1e-07 1 1 0
1  924 0 0 70
4 C0 359 0 350 0
0

0101000
+211 0 -175 0 *
Wi

0101100
+210 0 +160 0 -173 0 -159 0 *
Fa
0  1e-07 359 0

0111000
+158 0 *
Ed
 1e-07 1 1 0
1  925 0 -70 0
4 C0 360 0 348 0
0

0101000
+179 0 -207 0 *
Ed
 1e-07 1 1 0
1  926 0 0 70
4 C0 360 0 350 0
0

0101000
+209 0 -177 0 *
Wi

0101100
-176 0 +156 0 +206 0 +155 0 *
Fa
0  1e-07 360 0

0111000
+154 0 *
Ed
 1e-07 1 1 0
1  927 0 0 70
4 C0 363 0 342 0
0

0101000
+193 0 -165 0 *
Ed
 1e-07 1 1 0
1  928 0 -0 70
4 C0 363 0 341 0
0

0101000
+195 0 -169 0 *
Wi

0101100
-152 0 -192 0 +151 0 +163 0 *
Fa
0  1e-07 363 0

0111000
-150 0 *
Ed
 1e-07 1 1 0
1  929 0 -0 70
4 C0 354 0 341 0
0

0101000
+216 0 -185 0 *
Ed
 1e-07 1 1 0
1  930 0 -0 70
4 C0 354 0 346 0
0

0101000
+203 0 -183 0 *
Wi

0101100
+182 0 -148 0 -201 0 +147 0 *
Ed
 1e-07 1 1 0
1  931 0 1.5707963267949 4.71238898038469
2  961 353 0 1.5707963267949 4.71238898038469
4 C0 354 0 353 0
0

0101000
+229 0 -231 0 *
Wi

0101100
-145 0 -228 0 *
Fa
0  1e-07 354 0

0111000
-146 0 -144 0 *
Ve
1e-07
-412.346175168509 75.6251261180788 285.104684572446
0 0

0101101
*
Ed
 1e-07 1 1 0
1  932 0 0 5
4 C0 341 0 362 0
0

0101000
+142 0 -198 0 *
Ve
1e-07
-417.346175168509 75.6251261180788 285.104684572446
0 0

0101101
*
Ed
 1e-07 1 1 0
1  933 0 -0 5
4 C0 341 0 366 0
0

0101000
+142 0 -140 0 *
Ed
 1e-07 1 1 0
1  934 0 0 5
4 C0 341 0 348 0
0

0101000
+140 0 -215 0 *
Ve
1e-07
-417.346175168509 75.6251261180788 205.104684572446
0 0

0101101
*
Ed
 1e-07 1 1 0
1  935 0 75 80
4 C0 341 0 348 0
0

0101000
+188 0 -137 0 *
Ve
1e-07
-412.346175168509 75.6251261180788 205.104684572446
0 0

0101101
*
Ed
 1e-07 1 1 0
1  936 0 -0 5
4 C0 341 0 367 0
0

0101000
+135 0 -137 0 *
Ed
 1e-07 1 1 0
1  937 0 75 80
4 C0 341 0 362 0
0

0101000
+170 0 -135 0 *
Wi

0101100
-194 0 -141 0 +139 0 +138 0 -214 0 +148 0 +184 0 +136 0 -134 0 -133 0 
+168 0 -151 0 *
Ed
 1e-07 1 1 0
1  938 0 0 3.14159265358979
2  962 340 0 0 3.14159265358979
4 C0 341 0 340 0
0

0101000
+263 0 -261 0 *
Wi

0101100
-131 0 -260 0 *
Fa
0  1e-07 341 0

0111000
-132 0 -130 0 *
Ve
1e-07
-150.346175168509 215.625126118079 280.104684572446
0 0

0101101
*
Ve
1e-07
-150.346175168509 220.625126118079 280.104684572446
0 0

0101101
*
Ed
 1e-07 1 1 0
1  939 0 -5 0
4 C0 368 0 369 0
0

0101000
+128 0 -127 0 *
Ve
1e-07
-150.346175168509 215.625126118079 210.104684572446
0 0

0101101
*
Ed
 1e-07 1 1 0
1  940 0 0 70
4 C0 368 0 345 0
0

0101000
+128 0 -125 0 *
Ve
1e-07
-150.346175168509 220.625126118079 210.104684572446
0 0

0101101
*
Ed
 1e-07 1 1 0
1  941 0 -5 0
4 C0 368 0 370 0
0

0101000
+125 0 -123 0 *
Ed
 1e-07 1 1 0
1  942 0 -0 70
4 C0 368 0 346 0
0

0101000
+127 0 -123 0 *
Wi

0101100
-126 0 +124 0 +122 0 -121 0 *
Fa
0  1e-07 368 0

0111000
-120 0 *
Ve
1e-07
-412.346175168509 220.625126118079 210.104684572446
0 0

0101101
*
Ed
 1e-07 1 1 0
1  943 0 -280 -18
4 C0 346 0 370 0
0

0101000
+123 0 -118 0 *
Ve
1e-07
-412.346175168509 220.625126118079 205.104684572446
0 0

0101101
*
Ed
 1e-07 1 1 0
1  944 0 -80 -75
4 C0 346 0 362 0
0

0101000
+116 0 -118 0 *
Ve
1e-07
-417.346175168509 220.625126118079 205.104684572446
0 0

0101101
*
Ed
 1e-07 1 1 0
1  945 0 -0 5
4 C0 346 0 367 0
0

0101000
+116 0 -114 0 *
Ed
 1e-07 1 1 0
1  946 0 -80 -75
4 C0 346 0 348 0
0

0101000
+114 0 -181 0 *
Ve
1e-07
-417.346175168509 220.625126118079 285.104684572446
0 0

0101101
*
Ed
 1e-07 1 1 0
1  947 0 -5 0
4 C0 346 0 348 0
0

0101000
+205 0 -111 0 *
Ve
1e-07
-412.346175168509 220.625126118079 285.104684572446
0 0

0101101
*
Ed
 1e-07 1 1 0
1  948 0 -0 5
4 C0 346 0 366 0
0

0101000
+109 0 -111 0 *
Ve
1e-07
-412.346175168509 220.625126118079 280.104684572446
0 0

0101101
*
Ed
 1e-07 1 1 0
1  949 0 -5 0
4 C0 346 0 362 0
0

0101000
+107 0 -109 0 *
Ed
 1e-07 1 1 0
1  950 0 -280 -18
4 C0 346 0 369 0
0

0101000
+127 0 -107 0 *
Wi

0101100
+117 0 -115 0 +113 0 +112 0 +180 0 -147 0 -202 0 +110 0 -108 0 -106 0 
-105 0 +121 0 *
Ed
 1e-07 1 1 0
1  951 0 1.5707963267949 4.71238898038469
2  963 344 0 1.5707963267949 4.71238898038469
4 C0 346 0 344 0
0

0101000
+249 0 -254 0 *
Wi

0101100
-247 0 -103 0 *
Fa
0  1e-07 346 0

0111000
-104 0 -102 0 *
Ve
1e-07
-412.346175168509 215.625126118079 280.104684572446
0 0

0101101
*
Ed
 1e-07 1 1 0
1  952 0 90.957365827328 95.957365827328
4 C0 369 0 362 0
0

0101000
+100 0 -107 0 *
Ed
 1e-07 1 1 0
1  953 0 -280 -18
4 C0 369 0 345 0
0

0101000
+128 0 -100 0 *
Wi

0101100
-99 0 -98 0 +126 0 +105 0 *
Fa
0  1e-07 369 0

0111000
+97 0 *
Ve
1e-07
-412.346175168509 215.625126118079 210.104684572446
0 0

0101101
*
Ed
 1e-07 1 1 0
1  954 0 -280 -18
4 C0 370 0 345 0
0

0101000
+125 0 -95 0 *
Ed
 1e-07 1 1 0
1  955 0 90.957365827328 95.957365827328
4 C0 370 0 362 0
0

0101000
+95 0 -118 0 *
Wi

0101100
+94 0 +93 0 -117 0 -122 0 *
Fa
0  1e-07 370 0

0111000
-92 0 *
Wi

0101100
-174 0 -155 0 +208 0 +159 0 *
Ed
 1e-07 1 1 0
1  956 0 3.14159265358979 6.28318530717959
2  964 349 0 3.14159265358979 6.28318530717959
4 C0 350 0 349 0
0

0101000
+239 0 -241 0 *
Wi

0101100
-89 0 -238 0 *
Fa
0  1e-07 350 0

0111000
+90 0 +88 0 *
Ed
 1e-07 1 1 0
1  957 0 0 70
4 C0 342 0 362 0
0

0101000
+197 0 -167 0 *
Wi

0101100
-86 0 +191 0 +152 0 -164 0 *
Ed
 1e-07 1 1 0
1  958 0 0 3.14159265358979
2  965 340 0 0 3.14159265358979
4 C0 342 0 340 0
0

0101000
+259 0 -264 0 *
Wi

0101100
-257 0 -84 0 *
Fa
0  1e-07 342 0

0111000
+85 0 +83 0 *
Ed
 1e-07 1 1 0
1  959 0 -70 0
4 C0 345 0 362 0
0

0101000
+95 0 -100 0 *
Wi

0101100
-81 0 -94 0 -124 0 +98 0 *
Ed
 1e-07 1 1 0
1  960 0 1.5707963267949 4.71238898038469
2  966 344 0 1.5707963267949 4.71238898038469
4 C0 345 0 344 0
0

0101000
+253 0 -251 0 *
Wi

0101100
-79 0 -250 0 *
Fa
0  1e-07 345 0

0111000
+80 0 +78 0 *
Ve
1e-07
-490.346175168509 143.515353889432 248.104684572446
0 0

0101101
*
Ed
 1e-07 1 1 0
1  961 0 5.28932032562109 6.28318530717959
2  967 353 0 5.28932032562109 6.28318530717959
4 C0 353 0 352 0
0

0101000
+76 0 -234 0 *
Ve
1e-07
-450.346175168509 143.515353889432 248.104684572446
0 0

0101101
*
Ed
 1e-07 1 1 0
1  962 0 0 40
2  968 353 0 0 40
4 C0 353 0 371 0
0

0101000
+76 0 -74 0 *
Ve
1e-07
-450.346175168509 143.515353889432 242.104684572446
0 0

0101101
*
Ed
 1e-07 1 1 0
1  963 0 4.13545763514829 5.28932032562109
2  969 353 0 4.13545763514829 5.28932032562109
4 C0 353 0 372 0
0

0101000
+72 0 -74 0 *
Ve
1e-07
-490.346175168509 143.515353889432 242.104684572446
0 0

0101101
*
Ed
 1e-07 1 1 0
1  964 0 -40 0
2  970 353 0 -40 0
4 C0 353 0 373 0
0

0101000
+72 0 -70 0 *
Ed
 1e-07 1 1 0
1  965 0 3.14159265358979 4.13545763514829
2  971 353 0 3.14159265358979 4.13545763514829
4 C0 353 0 352 0
0

0101000
+227 0 -70 0 *
Wi

0101100
-230 0 -75 0 +73 0 -71 0 +69 0 -68 0 +226 0 +145 0 *
Fa
0  1e-07 353 0

0111000
+67 0 *
Ve
1e-07
-490.346175168509 83.1251261180787 242.104684572446
0 0

0101101
*
Ed
 1e-07 1 1 0
1  966 0 69.609772228647 130
4 C0 352 0 373 0
0

0101000
+70 0 -65 0 *
Ve
1e-07
-490.346175168509 83.1251261180787 248.104684572446
0 0

0101101
*
Ed
 1e-07 1 1 0
1  967 0 0 6
4 C0 352 0 374 0
0

0101000
+65 0 -63 0 *
Ed
 1e-07 1 1 0
1  968 0 -130 -69.609772228647
4 C0 352 0 371 0
0

0101000
+63 0 -76 0 *
Ve
1e-07
-490.346175168509 213.125126118079 248.104684572446
0 0

0101101
*
Ed
 1e-07 1 1 0
1  969 0 -60.390227771354 0
4 C0 352 0 357 0
0

0101000
+233 0 -60 0 *
Ve
1e-07
-490.346175168509 213.125126118079 242.104684572446
0 0

0101101
*
Ed
 1e-07 1 1 0
1  970 0 -6 -0
4 C0 352 0 375 0
0

0101000
+60 0 -58 0 *
Ed
 1e-07 1 1 0
1  971 0 0 60.390227771354
4 C0 352 0 355 0
0

0101000
+58 0 -225 0 *
Wi

0101100
+224 0 +68 0 +64 0 +62 0 +61 0 +75 0 +232 0 +59 0 +57 0 +56 0 
*
Fa
0  1e-07 352 0

0111000
+55 0 *
Ve
1e-07
-450.346175168509 83.1251261180787 242.104684572446
0 0

0101101
*
Ed
 1e-07 1 1 0
1  972 0 0 40
4 C0 374 0 373 0
0

0101000
+53 0 -65 0 *
Ve
1e-07
-450.346175168509 83.1251261180787 248.104684572446
0 0

0101101
*
Ed
 1e-07 1 1 0
1  973 0 0 6
4 C0 374 0 372 0
0

0101000
+53 0 -51 0 *
Ed
 1e-07 1 1 0
1  974 0 0 40
4 C0 374 0 371 0
0

0101000
+51 0 -63 0 *
Wi

0101100
-62 0 -52 0 +50 0 +49 0 *
Fa
0  1e-07 374 0

0111000
+48 0 *
Ed
 1e-07 1 1 0
1  975 0 69.609772228647 130
4 C0 372 0 373 0
0

0101000
+72 0 -53 0 *
Ed
 1e-07 1 1 0
1  976 0 -130 -69.609772228647
4 C0 372 0 371 0
0

0101000
+51 0 -74 0 *
Wi

0101100
-46 0 +71 0 -45 0 -50 0 *
Fa
0  1e-07 372 0

0111000
-44 0 *
Wi

0101100
-69 0 +46 0 +52 0 -64 0 *
Fa
0  1e-07 373 0

0111000
+42 0 *
Wi

0101100
-73 0 -61 0 -49 0 +45 0 *
Fa
0  1e-07 371 0

0111000
+40 0 *
Ve
1e-07
-450.346175168509 213.125126118079 248.104684572446
0 0

0101101
*
Ed
 1e-07 1 1 0
1  977 0 -60.390227771354 0
4 C0 356 0 357 0
0

0101000
+221 0 -38 0 *
Ve
1e-07
-450.346175168509 213.125126118079 242.104684572446
0 0

0101101
*
Ed
 1e-07 1 1 0
1  978 0 0 60.390227771354
4 C0 356 0 355 0
0

0101000
+36 0 -223 0 *
Ed
 1e-07 1 1 0
1  979 0 -6 -0
4 C0 356 0 375 0
0

0101000
+38 0 -36 0 *
Wi

0101100
-37 0 +220 0 -35 0 -34 0 *
Fa
0  1e-07 356 0

0111000
-33 0 *
Ed
 1e-07 1 1 0
1  980 0 0 40
4 C0 357 0 375 0
0

0101000
+38 0 -60 0 *
Wi

0101100
-219 0 +37 0 +31 0 -59 0 *
Fa
0  1e-07 357 0

0111000
+30 0 *
Ed
 1e-07 1 1 0
1  981 0 0 40
4 C0 355 0 375 0
0

0101000
+36 0 -58 0 *
Wi

0101100
-222 0 -56 0 -28 0 +35 0 *
Fa
0  1e-07 355 0

0111000
+27 0 *
Wi

0101100
-57 0 -31 0 +34 0 +28 0 *
Fa
0  1e-07 375 0

0111000
+25 0 *
Ed
 1e-07 1 1 0
1  982 0 3.14159265358979 6.28318530717959
2  972 349 0 3.14159265358979 6.28318530717959
4 C0 349 0 348 0
0

0101000
+243 0 -244 0 *
Wi

0101100
-240 0 -23 0 +237 0 +89 0 *
Fa
0  1e-07 349 0

0111000
+22 0 *
Ed
 1e-07 1 1 0
1  983 0 0 145
4 C0 348 0 366 0
0

0101000
+111 0 -140 0 *
Ed
 1e-07 1 1 0
1  984 0 -145 0
4 C0 348 0 367 0
0

0101000
+137 0 -114 0 *
Wi

0101100
-212 0 -138 0 -20 0 -110 0 -204 0 -156 0 +178 0 -112 0 -19 0 -136 0 
+186 0 -160 0 *
Wi

0101100
+23 0 +242 0 *
Fa
0  1e-07 348 0

0111000
-18 0 -17 0 *
Ed
 1e-07 1 1 0
1  985 0 -145 0
4 C0 367 0 362 0
0

0101000
+135 0 -116 0 *
Wi

0101100
+19 0 -113 0 -15 0 +134 0 *
Fa
0  1e-07 367 0

0111000
-14 0 *
Ed
 1e-07 1 1 0
1  986 0 0 145
4 C0 366 0 362 0
0

0101000
+109 0 -142 0 *
Wi

0101100
+20 0 -139 0 -12 0 +108 0 *
Fa
0  1e-07 366 0

0111000
-11 0 *
Wi

0101100
+141 0 +196 0 +86 0 -166 0 +133 0 +15 0 +115 0 -93 0 +81 0 +99 0 
+106 0 +12 0 *
Fa
0  1e-07 362 0

0111000
+9 0 *
Wi

0101100
-79 0 -252 0 -103 0 +248 0 *
Fa
0  1e-07 344 0

0111000
+7 0 *
Wi

0101100
-131 0 -262 0 -84 0 +258 0 *
Fa
0  1e-07 340 0

0111000
+5 0 *
Sh

0101100
-255 0 -245 0 +235 0 +217 0 +199 0 +189 0 -171 0 -161 0 +157 0 +153 0 
-149 0 -143 0 -129 0 -119 0 -101 0 +96 0 -91 0 +87 0 +82 0 +77 0 
+66 0 +54 0 +47 0 -43 0 +41 0 +39 0 -32 0 +29 0 +26 0 +24 0 
+21 0 -16 0 -13 0 -10 0 +8 0 -6 0 -4 0 *
So

0100000
+3 0 *
Co

1100000
+2073 0 +1297 0 +1156 0 +491 0 +369 0 +265 0 +2 0 *

+1 0 