DBRep_DrawableShape

CASCADE Topology V1, (c) Matra-Datavision
Locations 0
Curve2ds 792
1 3.1415926535897931 -7.5 0 1 
1 3.1415926535897931 -7.5 0 1 
1 0 -15 1 0 
1 3.9665138976136451 0 0 -1 
1 0 0 1 0 
1 0 0 0 -1 
1 6.2831853071795862 0 0 -1 
1 -3.1415926535897931 -15 1 0 
1 3.1415926535897931 0 0 -1 
1 3.1415926535897931 0 0 -1 
1 -3.1415926535897931 0 1 0 
1 -3.1415926535897931 0 1 0 
1 -3.1415926535897931 0 1 0 
1 0 0 1 0 
1 0 0 1 0 
1 3.1415926535897931 -9.5 1 0 
1 -3.1415926535897931 -9.5 1 0 
1 1.5099033134902129e-14 0.99999999999995859 1 0 
1 8.8817841970012523e-16 0.99999999999995859 1 0 
1 -3.5527136788005009e-15 1.0000000000002636 1 -7.6272321791747989e-14 
1 -1.9984014443252818e-15 0.99999999999995859 1 0 
1 6.6613381477509392e-16 0.99999999999995859 1 0 
1 6.4121169568014139e-16 0.99999999999995859 1 0 
1 -7.5705860850554322e-20 0.99999999999995859 1 0 
1 -8.8817841970012523e-16 0.99999999999995859 1 0 
1 0 0.99999999999957234 1 5.5178084323871946e-14 
1 -8.8817841970012523e-16 0.99999999999995859 1 0 
1 0 0.99999999999995859 1 0 
1 8.8817841970012523e-16 0.99999999999995859 1 0 
1 -4.4408920985006262e-16 0.99999999999995859 1 0 
1 -2.2204460492503131e-16 0.99999999999995859 1 0 
1 0 0.99999999999995859 1 0 
1 -1.5987211554602254e-14 0.99999999999995859 1 0 
1 5.3290705182007514e-15 0.99999999999995859 1 0 
1 0 0.99999999999995859 1 0 
1 0 0.99999999999995859 1 0 
1 -1.1102230246251565e-14 0.99999999999995859 1 0 
1 0 0.99999999999995859 1 0 
1 -2.2204460492503131e-16 0.99999999999995859 1 0 
1 -4.7739590058881731e-15 0.99999999999995859 1 0 
1 1.7995931932623042e-15 0.99999999999995859 1 0 
1 8.8817841970012523e-16 0.99999999999995859 1 0 
1 -2.6645352591003757e-15 0.99999999999995859 1 0 
1 1.6062856854775219e-15 0.99999999999995859 1 0 
1 0 0.99999999999995859 1 0 
1 -2.2204460492503131e-16 0.99999999999995859 1 0 
1 4.4408920985006262e-16 0.99999999999995859 1 0 
1 0 0.99999999999995859 1 0 
1 8.8817841970012523e-15 0.99999999999995859 1 0 
1 -3.5527136788005009e-15 0.99999999999995859 1 0 
1 0 0.99999999999995859 1 0 
1 0 0.99999999999995859 1 0 
1 0 0.99999999999995859 1 0 
1 3.5527136788005009e-15 0.99999999999995859 1 0 
1 7.1054273576010019e-15 0.99999999999995859 1 0 
1 1.0658141036401503e-14 0.99999999999995859 1 0 
1 -1.0658141036401503e-14 0.99999999999995859 1 0 
1 0 0.99999999999995859 1 0 
1 0 0.99999999999995859 1 0 
1 0 0.99999999999995859 1 0 
1 5.1514348342607263e-14 0.99999999999995859 1 0 
1 1.7763568394002505e-15 0.99999999999995859 1 0 
1 -3.5527136788005009e-15 0.99999999999995859 1 0 
1 -1.7763568394002505e-15 0.99999999999995859 1 0 
1 0 0.99999999999995859 1 0 
1 1.7763568394002505e-15 0.99999999999995859 1 0 
1 3.5527136788005009e-15 0.99999999999995859 1 0 
1 0 0.99999999999995859 1 0 
1 -8.8817841970012523e-16 0.99999999999995859 1 0 
1 7.1054273576010019e-15 0.99999999999995859 1 0 
1 -4.4408920985006262e-14 0.99999999999995859 1 0 
1 -1.2878587085651816e-14 0.99999999999995859 1 0 
1 0 0.99999999999995859 1 0 
1 -2.2204460492503131e-16 0.99999999999995859 1 0 
1 -3.3306690738754696e-15 0.99999999999995859 1 0 
1 1.1035709774827702e-15 0.99999999999995859 1 0 
1 3.1415926535897931 0 1 0 
1 2.4218825284508327e-16 0.99999999999995859 1 0 
1 3.2052798876834586e-15 0.99999999999995859 1 0 
1 1.7869475950442543e-16 0.99999999999995859 1 0 
1 6.6694910642680886e-16 0.99999999999995859 1 0 
1 -9.9741662618229361e-16 0.99999999999995859 1 0 
1 -6.250318654554223e-16 0.99999999999995859 1 0 
1 2.6799196311233486e-15 0.99999999999995859 1 0 
1 7.7338288080792238e-16 0.99999999999995859 1 0 
1 -2.6241409436803279e-16 0.99999999999995859 1 0 
1 1.41226632979375e-15 0.99999999999995859 1 0 
1 0 -15 1 0 
1 0 -15 1 0 
1 -3.1415926535897931 -15 1 0 
1 -3.1415926535897931 -15 1 0 
1 3.1415926535897931 -15 1 0 
1 1.1344640137963116 0 0 -1 
1 1.4479253119669158 0 0 -1 
1 1.4479253119669133 0 0 -1 
1 2.7074977915630809 0 0 -1 
1 2.707497791563076 0 0 -1 
1 3.966513897613634 0 0 -1 
1 4.2760566673861042 0 0 -1 
7 0 0  1 2 2  2.4218825284508327e-16 4.2562294292301794e-14  2.4218825284508327e-16 0.99999999999995859 
 0 2 0.5 2
1 2.4218825284508327e-16 4.2562294292301794e-14 1 0 
7 0 0  1 2 2  1.0000000000000013 4.2562294292301794e-14  1.0000000000000013 0.99999999999995859 
 0 2 0.5 2
7 0 0  1 2 2  3.2052798876834586e-15 4.2562294292301794e-14  3.3892058769267546e-15 0.99999999999995859 
 0 2 0.5 2
1 3.3892058769267546e-15 4.2562294292301794e-14 1 0 
7 0 0  1 2 2  1.0000000000000007 4.2562294292301794e-14  1.0000000000000016 0.99999999999995859 
 0 2 0.5 2
7 0 0  1 2 2  6.6694910642680886e-16 4.2562294292301794e-14  6.6694910642680886e-16 0.99999999999995859 
 0 2 0.5 2
7 0 0  1 2 2  1 4.2562294292301794e-14  1 0.99999999999995859 
 0 2 0.5 2
1 6.6694910642680886e-16 4.2562294292301794e-14 1 0 
7 0 0  1 2 2  1.0000000000000004 4.2562294292301794e-14  1 0.99999999999995859 
 0 2 0.5 2
7 0 0  1 2 2  -9.9741662618229361e-16 4.2562294292301794e-14  -9.9741662618229361e-16 0.99999999999995859 
 0 2 0.5 2
1 -9.9741662618229361e-16 4.2562294292301794e-14 1 0 
7 0 0  1 2 2  1 4.2562294292301794e-14  1 0.99999999999995859 
 0 2 0.5 2
7 0 0  1 2 2  -6.250318654554223e-16 4.2562294292301794e-14  -6.250318654554223e-16 0.99999999999995859 
 0 2 0.5 2
1 -6.250318654554223e-16 4.2562294292301794e-14 1 0 
7 0 0  1 2 2  0.99999999999999978 4.2562294292301794e-14  0.99999999999999933 0.99999999999995859 
 0 2 0.5 2
7 0 0  1 2 2  2.6799196311233486e-15 4.2562294292301794e-14  1.375559470411031e-15 0.99999999999995859 
 0 2 0.5 2
1 1.375559470411031e-15 4.2562294292301794e-14 1 0 
7 0 0  1 2 2  1 4.2562294292301794e-14  1 0.99999999999995859 
 0 2 0.5 2
7 0 0  1 2 2  7.7338288080792238e-16 4.2562294292301794e-14  7.6979532124766986e-16 0.99999999999995859 
 0 2 0.5 2
1 7.6979532124766986e-16 4.2562294292301794e-14 1 0 
7 0 0  1 2 2  0.99999999999999956 4.2562294292301794e-14  1 0.99999999999995859 
 0 2 0.5 2
7 0 0  1 2 2  -2.6241409436803279e-16 4.2562294292301794e-14  -2.6241409436803279e-16 0.99999999999995859 
 0 2 0.5 2
1 -2.6241409436803279e-16 4.2562294292301794e-14 1 0 
7 0 0  1 2 2  1 4.2562294292301794e-14  1 0.99999999999995859 
 0 2 0.5 2
7 0 0  1 2 2  1.41226632979375e-15 4.2562294292301794e-14  8.9049570188509846e-16 0.99999999999995859 
 0 2 0.5 2
1 8.9049570188509846e-16 4.2562294292301794e-14 1 0 
7 0 0  1 2 2  0.99999999999999956 4.2562294292301794e-14  1 0.99999999999995859 
 0 2 0.5 2
7 0 0  1 2 2  1.7869475950442543e-16 4.2562294292301794e-14  1.7869475950442543e-16 0.99999999999995859 
 0 2 0.5 2
1 1.7869475950442543e-16 4.2562294292301794e-14 1 0 
7 0 0  1 2 2  25.999999999999996 4.2562294292301794e-14  25.999999999999996 0.99999999999995859 
 0 2 0.5 2
7 0 0  1 2 2  26 4.2562294292301794e-14  26 0.99999999999995859 
 0 2 0.5 2
1 -3.5527136788005009e-15 4.2562294292301794e-14 1 0 
7 0 0  1 2 2  26.999999999999996 4.2562294292301794e-14  26.999999999999996 0.99999999999995859 
 0 2 0.5 2
7 0 0  1 2 2  1.1035709774827702e-15 4.2562294292301794e-14  1.1035709774827702e-15 0.99999999999995859 
 0 2 0.5 2
7 0 0  1 2 2  25 4.2562294292301794e-14  25 0.99999999999995859 
 0 2 0.5 2
7 0 0  1 2 2  25 4.2562294292301794e-14  25 0.99999999999995859 
 0 2 0.5 2
1 0 4.2562294292301794e-14 1 0 
7 0 0  1 2 2  24 4.2562294292301794e-14  24 0.99999999999995859 
 0 2 0.5 2
7 0 0  1 2 2  24 4.2562294292301794e-14  24 0.99999999999995859 
 0 2 0.5 2
1 0 4.2562294292301794e-14 1 0 
7 0 0  1 2 2  23 4.2562294292301794e-14  23 0.99999999999995859 
 0 2 0.5 2
7 0 0  1 2 2  23.000000000000004 4.2562294292301794e-14  23.000000000000004 0.99999999999995859 
 0 2 0.5 2
1 -3.5527136788005009e-15 4.2562294292301794e-14 1 0 
7 0 0  1 2 2  22.000000000000004 4.2562294292301794e-14  22.000000000000004 0.99999999999995859 
 0 2 0.5 2
7 0 0  1 2 2  22.000000000000007 4.2562294292301794e-14  22.000000000000007 0.99999999999995859 
 0 2 0.5 2
1 3.5527136788005009e-15 4.2562294292301794e-14 1 0 
7 0 0  1 2 2  21.000000000000007 4.2562294292301794e-14  21.000000000000007 0.99999999999995859 
 0 2 0.5 2
7 0 0  1 2 2  21.000000000000004 4.2562294292301794e-14  21.000000000000004 0.99999999999995859 
 0 2 0.5 2
1 7.1054273576010019e-15 4.2562294292301794e-14 1 0 
7 0 0  1 2 2  20.000000000000011 4.2562294292301794e-14  20.000000000000011 0.99999999999995859 
 0 2 0.5 2
7 0 0  1 2 2  20.000000000000032 4.2562294292301794e-14  20.00000000000005 0.99999999999995859 
 0 2 0.5 2
1 1.0658141036401503e-14 4.2562294292301794e-14 1 0 
7 0 0  1 2 2  18.999999999999989 4.2562294292301794e-14  18.999999999999989 0.99999999999995859 
 0 2 0.5 2
7 0 0  1 2 2  19 4.2562294292301794e-14  19 0.99999999999995859 
 0 2 0.5 2
1 -1.7763568394002505e-14 4.2562294292301794e-14 1 0 
7 0 0  1 2 2  18 4.2562294292301794e-14  18 0.99999999999995859 
 0 2 0.5 2
7 0 0  1 2 2  18 4.2562294292301794e-14  18 0.99999999999995859 
 0 2 0.5 2
1 0 4.2562294292301794e-14 1 0 
7 0 0  1 2 2  17 4.2562294292301794e-14  17 0.99999999999995859 
 0 2 0.5 2
7 0 0  1 2 2  17 4.2562294292301794e-14  17 0.99999999999995859 
 0 2 0.5 2
1 0 4.2562294292301794e-14 1 0 
7 0 0  1 2 2  16 4.2562294292301794e-14  16 0.99999999999995859 
 0 2 0.5 2
7 0 0  1 2 2  16.000000000000011 4.2562294292301794e-14  16.000000000000004 0.99999999999995859 
 0 2 0.5 2
1 0 4.2562294292301794e-14 1 0 
7 0 0  1 2 2  15.000000000000052 4.2562294292301794e-14  15.000000000000052 0.99999999999995859 
 0 2 0.5 2
7 0 0  1 2 2  14.999999999999982 4.2562294292301794e-14  14.999999999999982 0.99999999999995859 
 0 2 0.5 2
1 5.1514348342607263e-14 4.2562294292301794e-14 1 0 
7 0 0  1 2 2  14.000000000000002 4.2562294292301794e-14  14.000000000000002 0.99999999999995859 
 0 2 0.5 2
7 0 0  1 2 2  13.999999999999998 4.2562294292301794e-14  14 0.99999999999995859 
 0 2 0.5 2
1 1.7763568394002505e-15 4.2562294292301794e-14 1 0 
7 0 0  1 2 2  12.999999999999996 4.2562294292301794e-14  12.999999999999996 0.99999999999995859 
 0 2 0.5 2
7 0 0  1 2 2  12.999999999999984 4.2562294292301794e-14  12.999999999999972 0.99999999999995859 
 0 2 0.5 2
1 -3.5527136788005009e-15 4.2562294292301794e-14 1 0 
7 0 0  1 2 2  11.999999999999998 4.2562294292301794e-14  11.999999999999998 0.99999999999995859 
 0 2 0.5 2
7 0 0  1 2 2  11.999999999999892 4.2562294292301794e-14  11.999999999999828 0.99999999999995859 
 0 2 0.5 2
1 -1.7763568394002505e-15 4.2562294292301794e-14 1 0 
7 0 0  1 2 2  11 4.2562294292301794e-14  11 0.99999999999995859 
 0 2 0.5 2
7 0 0  1 2 2  11.000000000000005 4.2562294292301794e-14  11.000000000000005 0.99999999999995859 
 0 2 0.5 2
1 0 4.2562294292301794e-14 1 0 
7 0 0  1 2 2  10.000000000000002 4.2562294292301794e-14  10.000000000000002 0.99999999999995859 
 0 2 0.5 2
7 0 0  1 2 2  10 4.2562294292301794e-14  10 0.99999999999995859 
 0 2 0.5 2
1 3.5527136788005009e-15 4.2562294292301794e-14 1 0 
7 0 0  1 2 2  9.0000000000000036 4.2562294292301794e-14  9.0000000000000036 0.99999999999995859 
 0 2 0.5 2
7 0 0  1 2 2  9 4.2562294292301794e-14  9 0.99999999999995859 
 0 2 0.5 2
1 1.7763568394002505e-15 4.2562294292301794e-14 1 0 
7 0 0  1 2 2  8 4.2562294292301794e-14  8 0.99999999999995859 
 0 2 0.5 2
7 0 0  1 2 2  7.9999999999999991 4.2562294292301794e-14  8 0.99999999999995859 
 0 2 0.5 2
1 0 4.2562294292301794e-14 1 0 
7 0 0  1 2 2  6.9999999999999991 4.2562294292301794e-14  6.9999999999999991 0.99999999999995859 
 0 2 0.5 2
7 0 0  1 2 2  7.0000000000000124 4.2562294292301794e-14  7.000000000000024 0.99999999999995859 
 0 2 0.5 2
1 -8.8817841970012523e-16 4.2562294292301794e-14 1 0 
7 0 0  1 2 2  6.0000000000000071 4.2562294292301794e-14  6.0000000000000071 0.99999999999995859 
 0 2 0.5 2
7 0 0  1 2 2  6.0000000000000657 4.2562294292301794e-14  6.0000000000000542 0.99999999999995859 
 0 2 0.5 2
1 3.5527136788005009e-15 4.2562294292301794e-14 1 0 
7 0 0  1 2 2  5.0530745328241853 4.2562294292301794e-14  5.0530745328241853 0.99999999999995859 
 0 2 0.5 2
7 0 0  1 2 2  4.9612342762519921 4.2562294292301794e-14  4.9612342762519885 0.99999999999995859 
 0 2 0.5 2
1 -3.730349362740526e-14 4.2562294292301794e-14 1 0 
7 0 0  1 2 2  3.9999999999999871 4.2562294292301794e-14  3.9999999999999871 0.99999999999995859 
 0 2 0.5 2
7 0 0  1 2 2  3.9999999999999996 4.2562294292301794e-14  3.9999999999999996 0.99999999999995859 
 0 2 0.5 2
1 -1.9095836023552692e-14 4.2562294292301794e-14 1 0 
7 0 0  1 2 2  3 4.2562294292301794e-14  3 0.99999999999995859 
 0 2 0.5 2
7 0 0  1 2 2  3 4.2562294292301794e-14  3 0.99999999999995859 
 0 2 0.5 2
1 0 4.2562294292301794e-14 1 0 
7 0 0  1 2 2  1.9999999999999998 4.2562294292301794e-14  1.9999999999999998 0.99999999999995859 
 0 2 0.5 2
7 0 0  1 2 2  1.9999999999999993 4.2562294292301794e-14  1.9999999999999993 0.99999999999995859 
 0 2 0.5 2
1 -2.2204460492503131e-16 4.2562294292301794e-14 1 0 
7 0 0  1 2 2  0.99999999999999667 4.2562294292301794e-14  0.99999999999999667 0.99999999999995859 
 0 2 0.5 2
7 0 0  1 2 2  1.0000000000000011 4.2562294292301794e-14  1.0000000000000018 0.99999999999995859 
 0 2 0.5 2
1 -1.6653345369377348e-15 4.2562294292301794e-14 1 0 
1 5.9040060531748474e-16 4.2562294292301794e-14 1 0 
7 0 0  1 2 2  7.0000000000000009 4.2562294292301794e-14  7.0000000000000009 0.99999999999995859 
 0 2 0.5 2
7 0 0  1 2 2  9 4.2562294292301794e-14  9 0.99999999999995859 
 0 2 0.5 2
1 8.8817841970012523e-16 4.2562294292301794e-14 1 0 
7 0 0  1 2 2  8.0000000000000018 4.2562294292301794e-14  8.0000000000000018 0.99999999999995859 
 0 2 0.5 2
7 0 0  1 2 2  7.9999999999999973 4.2562294292301794e-14  7.9999999999999973 0.99999999999995859 
 0 2 0.5 2
7 0 0  1 2 2  1.0000000000000044 4.2562294292301794e-14  1.0000000000000038 0.99999999999995859 
 0 2 0.5 2
1 -5.3290705182007514e-15 4.2562294292301794e-14 1 0 
7 0 0  1 2 2  1.6062856854775219e-15 4.2562294292301794e-14  1.6062856854775219e-15 0.99999999999995859 
 0 2 0.5 2
7 0 0  1 2 2  2 4.2562294292301794e-14  1.9999999999999998 0.99999999999995859 
 0 2 0.5 2
1 6.4444850252990387e-16 4.2562294292301794e-14 1 0 
7 0 0  1 2 2  1 4.2562294292301794e-14  1 0.99999999999995859 
 0 2 0.5 2
7 0 0  1 2 2  3 4.2562294292301794e-14  3 0.99999999999995859 
 0 2 0.5 2
1 0 4.2562294292301794e-14 1 0 
7 0 0  1 2 2  1.9999999999999998 4.2562294292301794e-14  1.9999999999999998 0.99999999999995859 
 0 2 0.5 2
7 0 0  1 2 2  4 4.2562294292301794e-14  4 0.99999999999995859 
 0 2 0.5 2
1 -2.2204460492503131e-16 4.2562294292301794e-14 1 0 
7 0 0  1 2 2  3.0000000000000004 4.2562294292301794e-14  3.0000000000000004 0.99999999999995859 
 0 2 0.5 2
7 0 0  1 2 2  5 4.2562294292301794e-14  5 0.99999999999995859 
 0 2 0.5 2
1 0 4.2562294292301794e-14 1 0 
7 0 0  1 2 2  4 4.2562294292301794e-14  4 0.99999999999995859 
 0 2 0.5 2
7 0 0  1 2 2  5.9999999999999991 4.2562294292301794e-14  5.9999999999999964 0.99999999999995859 
 0 2 0.5 2
1 0 4.2562294292301794e-14 1 0 
7 0 0  1 2 2  5.0000000000000089 4.2562294292301794e-14  5.0000000000000089 0.99999999999995859 
 0 2 0.5 2
1 4.4408920985006262e-15 4.2562294292301794e-14 1 0 
7 0 0  1 2 2  8.999999999999984 4.2562294292301794e-14  8.999999999999984 0.99999999999995859 
 0 2 0.5 2
7 0 0  1 2 2  9.0000000000000036 4.2562294292301794e-14  9.0000000000000036 0.99999999999995859 
 0 2 0.5 2
1 -2.3092638912203256e-14 4.2562294292301794e-14 1 0 
7 0 0  1 2 2  10 4.2562294292301794e-14  10 0.99999999999995859 
 0 2 0.5 2
7 0 0  1 2 2  1.7995931932623042e-15 4.2562294292301794e-14  1.7995931932623042e-15 0.99999999999995859 
 0 2 0.5 2
7 0 0  1 2 2  8.0000000000000053 4.2562294292301794e-14  8.0000000000000053 0.99999999999995859 
 0 2 0.5 2
1 3.5527136788005009e-15 4.2562294292301794e-14 1 0 
7 0 0  1 2 2  6.9999999999999956 4.2562294292301794e-14  6.9999999999999956 0.99999999999995859 
 0 2 0.5 2
7 0 0  1 2 2  6 4.2562294292301794e-14  6 0.99999999999995859 
 0 2 0.5 2
7 0 0  1 2 2  6.000000000000008 4.2562294292301794e-14  5.9999999999999991 0.99999999999995859 
 0 2 0.5 2
1 0 4.2562294292301794e-14 1 0 
7 0 0  1 2 2  5 4.2562294292301794e-14  5 0.99999999999995859 
 0 2 0.5 2
7 0 0  1 2 2  5.0000000000000027 4.2562294292301794e-14  5.0000000000000018 0.99999999999995859 
 0 2 0.5 2
1 0 4.2562294292301794e-14 1 0 
7 0 0  1 2 2  3.9999999999999889 4.2562294292301794e-14  3.9999999999999889 0.99999999999995859 
 0 2 0.5 2
7 0 0  1 2 2  3.9999999999999982 4.2562294292301794e-14  3.9999999999999911 0.99999999999995859 
 0 2 0.5 2
1 -7.1054273576010019e-15 4.2562294292301794e-14 1 0 
7 0 0  1 2 2  3 4.2562294292301794e-14  3 0.99999999999995859 
 0 2 0.5 2
7 0 0  1 2 2  3.0000000000000009 4.2562294292301794e-14  3.0000000000000009 0.99999999999995859 
 0 2 0.5 2
1 0 4.2562294292301794e-14 1 0 
7 0 0  1 2 2  1.9999999999999998 4.2562294292301794e-14  1.9999999999999998 0.99999999999995859 
 0 2 0.5 2
7 0 0  1 2 2  2.0000000000000022 4.2562294292301794e-14  2.000000000000004 0.99999999999995859 
 0 2 0.5 2
1 -4.4408920985006262e-16 4.2562294292301794e-14 1 0 
7 0 0  1 2 2  0.99999999999999523 4.2562294292301794e-14  0.99999999999999523 0.99999999999995859 
 0 2 0.5 2
7 0 0  1 2 2  1.0000000000000009 4.2562294292301794e-14  0.99999999999999989 0.99999999999995859 
 0 2 0.5 2
1 -2.7755575615628914e-15 4.2562294292301794e-14 1 0 
1 1.7995931932623042e-15 4.2562294292301794e-14 1 0 
7 0 0  1 2 2  -7.5705860850554322e-20 4.2562294292301794e-14  -7.5705860850554322e-20 0.99999999999995859 
 0 2 0.5 2
1 6.2728954708480226e-16 4.2562294292301794e-14 1 0 
7 0 0  1 2 2  1.0000000000000033 4.2562294292301794e-14  1.0000000000000038 0.99999999999995859 
 0 2 0.5 2
7 0 0  1 2 2  1 4.2562294292301794e-14  1 0.99999999999995859 
 0 2 0.5 2
7 0 0  1 2 2  9 4.2562294292301794e-14  9 0.99999999999995859 
 0 2 0.5 2
7 0 0  1 2 2  7.9999999999999991 4.2562294292301794e-14  7.9999999999999991 0.99999999999995859 
 0 2 0.5 2
7 0 0  1 2 2  7.9999999999999698 -1.2562623467535228e-14  7.9999999999999654 1.0000000000000138 
 0 2 0.5 2
1 -8.8817841970012523e-16 4.2562294292301794e-14 1 0 
7 0 0  1 2 2  7 4.2562294292301794e-14  7 0.99999999999995859 
 0 2 0.5 2
7 0 0  1 2 2  6.9999999999999991 4.2562294292301794e-14  6.9999999999999991 0.99999999999995859 
 0 2 0.5 2
1 0 4.2843671861117433e-13 1 -5.5124917759838934e-14 
7 0 0  1 2 2  5.9999999999999991 4.2562294292301794e-14  5.9999999999999991 0.99999999999995859 
 0 2 0.5 2
7 0 0  1 2 2  6.0000000000000018 4.2562294292301794e-14  6.0000000000000053 0.99999999999995859 
 0 2 0.5 2
1 -8.8817841970012523e-16 4.2562294292301794e-14 1 0 
7 0 0  1 2 2  5 4.2562294292301794e-14  5 0.99999999999995859 
 0 2 0.5 2
7 0 0  1 2 2  4.9999999999999964 4.2562294292301794e-14  5 0.99999999999995859 
 0 2 0.5 2
1 8.8817841970012523e-16 4.2562294292301794e-14 1 0 
7 0 0  1 2 2  4.0000000000000009 4.2562294292301794e-14  4.0000000000000009 0.99999999999995859 
 0 2 0.5 2
7 0 0  1 2 2  4 4.2562294292301794e-14  4.0000000000000018 0.99999999999995859 
 0 2 0.5 2
1 8.8817841970012523e-16 4.2562294292301794e-14 1 0 
7 0 0  1 2 2  2.9999999999999996 4.2562294292301794e-14  2.9999999999999996 0.99999999999995859 
 0 2 0.5 2
7 0 0  1 2 2  3 4.2562294292301794e-14  3.0000000000000004 0.99999999999995859 
 0 2 0.5 2
1 -4.4408920985006262e-16 4.2562294292301794e-14 1 0 
7 0 0  1 2 2  1.9999999999999998 4.2562294292301794e-14  1.9999999999999998 0.99999999999995859 
 0 2 0.5 2
7 0 0  1 2 2  2.0000000000000249 4.2562294292301794e-14  2.0000000000000302 0.99999999999995859 
 0 2 0.5 2
1 -2.2204460492503131e-16 4.2562294292301794e-14 1 0 
1 1.9984014443252818e-15 4.2562294292301794e-14 1 0 
7 0 0  1 2 2  5.0000000000000151 4.2562294292301794e-14  5.0000000000000151 0.99999999999995859 
 0 2 0.5 2
7 0 0  1 2 2  4.9999999999999982 4.2562294292301794e-14  4.9999999999999982 0.99999999999995859 
 0 2 0.5 2
1 1.1546319456101628e-14 4.2562294292301794e-14 1 0 
7 0 0  1 2 2  6.0000000000000098 4.2562294292301794e-14  6.0000000000000107 0.99999999999995859 
 0 2 0.5 2
7 0 0  1 2 2  6.4121169568014139e-16 4.2562294292301794e-14  6.4121169568014139e-16 0.99999999999995859 
 0 2 0.5 2
7 0 0  1 2 2  4.0000000000000009 4.2562294292301794e-14  4.0000000000000009 0.99999999999995859 
 0 2 0.5 2
7 0 0  1 2 2  4 4.2562294292301794e-14  4 0.99999999999995859 
 0 2 0.5 2
1 -1.3322676295501878e-15 4.2562294292301794e-14 1 0 
7 0 0  1 2 2  2.9999999999999964 -3.3685334794968103e-14  2.9999999999999964 1.0000000000000349 
 0 2 0.5 2
7 0 0  1 2 2  3.0000000000000147 4.2562294292301794e-14  3.0000000000000062 0.99999999999995859 
 0 2 0.5 2
1 -3.5527136788005009e-15 -2.6242822205677699e-13 1 7.6247629087269632e-14 
7 0 0  1 2 2  1.999999999999998 4.2562294292301794e-14  1.999999999999998 0.99999999999995859 
 0 2 0.5 2
7 0 0  1 2 2  2.000000000000036 4.2562294292301794e-14  2.0000000000000044 0.99999999999995859 
 0 2 0.5 2
1 -1.7763568394002505e-15 4.2562294292301794e-14 1 0 
7 0 0  1 2 2  1.0000000000000007 4.2562294292301794e-14  1.0000000000000007 0.99999999999995859 
 0 2 0.5 2
7 0 0  1 2 2  1.0000000000000253 4.2562294292301794e-14  1.0000000000000253 0.99999999999995859 
 0 2 0.5 2
1 1.1768364061026659e-14 4.2562294292301794e-14 1 0 
1 6.4121169568014139e-16 4.2562294292301794e-14 1 0 
1 3.1415926535897931 0 0 -1 
1 6.2831853071795862 -6.3500000000000085 0 -1 
1 3.1415926535897931 0 0 -1 
1 6.2831853071795862 0 0 -1 
1 9.4247779607693793 -2 -1 0 
1 6.2831853071795862 0 -1 0 
1 0 0 0 -1 
1 6.2831853071795862 0 0 -1 
1 3.1415926535897931 -2 -1 0 
1 6.2831853071795862 0 -1 0 
1 4.7123889803846897 -6.3500000000000085 0 1 
1 0 1.5707963267949014 1 -1.1308638867425838e-15 
1 4.7123889803846897 0 0 1 
1 0 1.5707963267948943 1 1.1308638867425838e-15 
1 0 0 0 1 
1 6.2831853071795862 0 -1 0 
1 3.1415926535897931 3.1415926535898371 0 -1 
1 3.1415926535897931 -6.3500000000000085 1 0 
1 3.1415926535897931 0 1 0 
1 3.1415926535897931 3.1415926535898371 0 -1 
1 6.2831853071795862 -6.3500000000000085 -1 0 
1 6.2831853071795862 0 0 1 
1 3.1415926535897931 -7.5 0 1 
1 3.1415926535897931 -7.5 0 1 
1 0 -15 1 0 
1 3.9665138976136451 0 0 -1 
1 0 0 1 0 
1 0 0 0 -1 
1 6.2831853071795862 0 0 -1 
1 -3.1415926535897931 -15 1 0 
1 3.1415926535897931 0 0 -1 
1 3.1415926535897931 0 0 -1 
1 -3.1415926535897931 0 1 0 
1 -3.1415926535897931 0 1 0 
1 -3.1415926535897931 0 1 0 
1 0 0 1 0 
1 0 0 1 0 
1 3.1415926535897931 0 1 0 
1 0 -15 1 0 
1 0 -15 1 0 
1 -3.1415926535897931 -15 1 0 
1 -3.1415926535897931 -15 1 0 
1 3.1415926535897931 -15 1 0 
1 1.1344640137963116 0 0 -1 
1 1.4479253119669158 0 0 -1 
1 1.4479253119669133 0 0 -1 
1 2.7074977915630809 0 0 -1 
1 2.707497791563076 0 0 -1 
1 3.966513897613634 0 0 -1 
1 4.2760566673861042 0 0 -1 
1 3.1415926535897931 -7.5 0 1 
1 3.1415926535897931 -7.5 0 1 
1 0 -15 1 0 
1 3.9665138976136451 0 0 -1 
1 0 0 1 0 
1 0 0 0 -1 
1 6.2831853071795862 0 0 -1 
1 -3.1415926535897931 -15 1 0 
1 3.1415926535897931 0 0 -1 
1 3.1415926535897931 0 0 -1 
1 -3.1415926535897931 0 1 0 
1 -3.1415926535897931 0 1 0 
1 -3.1415926535897931 0 1 0 
1 0 0 1 0 
1 0 0 1 0 
1 3.1415926535897931 0 1 0 
1 0 -15 1 0 
1 0 -15 1 0 
1 -3.1415926535897931 -15 1 0 
1 -3.1415926535897931 -15 1 0 
1 3.1415926535897931 -15 1 0 
1 1.1344640137963116 0 0 -1 
1 1.4479253119669158 0 0 -1 
1 1.4479253119669133 0 0 -1 
1 2.7074977915630809 0 0 -1 
1 2.707497791563076 0 0 -1 
1 3.966513897613634 0 0 -1 
1 4.2760566673861042 0 0 -1 
1 6.2831853071795862 0 -1 0 
1 9.4247779607693793 -3 -1 0 
1 3.1415926535897931 0 0 1 
1 3.1415926535897931 0 0 1 
1 0 1.5707963267948966 1 0 
1 0 -1.5707963267948966 0 1 
1 6.2831853071795862 -1.5707963267948966 0 1 
1 3.1415926535897931 0 0 -1 
1 3.1415926535897931 0 0 -1 
1 3.1415926535897931 -82.999999999999986 1 0 
1 6.2831853071795862 0 0 -1 
1 0 0 0 -1 
1 0 0 0 -1 
1 6.2831853071795862 0 0 -1 
1 -3.1415926535897931 -18 1 0 
1 3.1415926535897931 0 0 -1 
1 3.1415926535897931 0 0 -1 
1 -3.1415926535897931 0 1 0 
1 0 0 0 -1 
1 6.2831853071795862 0 0 -1 
1 -3.1415926535897931 -18 1 0 
1 3.1415926535897931 0 0 -1 
1 3.1415926535897931 0 0 -1 
1 -3.1415926535897931 0 1 0 
1 0 0 0 -1 
1 6.2831853071795862 0 0 -1 
1 -3.1415926535897931 -18 1 0 
1 3.1415926535897931 0 0 -1 
1 3.1415926535897931 0 0 -1 
1 -3.1415926535897931 0 1 0 
1 0 0 0 -1 
1 6.2831853071795862 0 0 -1 
1 -3.1415926535897931 -18 1 0 
1 3.1415926535897931 0 0 -1 
1 3.1415926535897931 0 0 -1 
1 -3.1415926535897931 0 1 0 
1 -3.1415926535897931 -82.999999999999986 1 0 
1 3.1415926535897931 0 1 0 
1 3.1415926535897931 0 1 0 
1 3.1415926535897931 0 1 0 
1 3.1415926535897931 0 1 0 
1 3.1415926535897931 -18 1 0 
1 3.1415926535897931 -18 1 0 
1 3.1415926535897931 -18 1 0 
1 3.1415926535897931 -18 1 0 
1 3.1415926535897931 -3 -1 0 
1 6.2831853071795862 0 -1 0 
1 0 1.5707963267948966 1 0 
1 -3.1415926535897931 -0.080293094674881993 1 -7.7305148507793811e-16 
1 9.4247779607693793 -0.080293094674827786 -1 0 
1 3.1415926535897931 2.2620794126737565e-15 0 1 
1 3.1415926535897931 2.2620794126737565e-15 0 1 
1 -3.1415926535897931 7.2787134736707462e-15 1 -7.7229548578951967e-16 
1 0 9.1038288019262836e-15 0 1 
1 6.2831853071795862 9.1038288019262836e-15 0 1 
1 3.1415926535897931 -0.080293094674825358 -1 -7.7305148507793811e-16 
1 3.1415926535897931 -0.080293094674884422 1 0 
1 3.1415926535897931 5.7454041524351851e-15 0 1 
1 3.1415926535897931 5.7454041524351851e-15 0 1 
1 3.1415926535897931 2.4262378245569155e-15 -1 0 
1 0 9.0899510141184692e-15 0 1 
1 6.2831853071795862 9.0899510141184692e-15 0 1 
1 6.2831853071795862 0.08546967665965767 -1 0 
1 -3.1415926535897931 -33.649659957375704 1 4.5234555469703359e-15 
1 3.1415926535897931 -1.2906342661267445e-15 2.9898420647717346e-16 1 
1 3.1415926535897931 -1.2906342661267445e-15 2.9898420647717346e-16 1 
1 6.2831853071795862 1.5707963267948795 -1 1.8376538159566985e-15 
1 0 -1.532107773982716e-14 0 1 
1 6.2831853071795862 -1.532107773982716e-14 0 1 
1 3.1415926535897931 -2.8421709430404007e-14 0 1 
1 3.1415926535897931 -2.8421709430404007e-14 0 1 
1 3.1415926535897931 -0.16058618934980196 -1 0 
1 0 -7.1054273576010019e-15 0 1 
1 6.2831853071795862 -7.1054273576010019e-15 0 1 
1 -3.1415926535897931 -26.251452128355403 1 -1.809382218788134e-14 
1 3.1415926535897931 -3.5527136788005009e-15 0 1 
1 3.141592653589794 -3.5527136788005009e-15 0 1 
1 -3.1415926535897931 1.132542249810905e-13 1 -1.7827847167791053e-14 
1 6.2831853071795862 3.2288591161895632 -1 -1.8376538159566985e-15 
1 0 9.5923269327613525e-14 0 1 
1 6.2831853071795862 9.5923269327613525e-14 0 1 
1 6.2831853071795862 -3.1086244689504383e-15 0 1 
1 0 -3.1086244689504383e-15 0 1 
1 6.2831853071795862 4.7123889803846915 -1 -2.8271597168564599e-16 
1 3.1415926535898011 4.8849813083506888e-15 -8.9803896888384434e-16 1 
1 3.1415926535898011 4.8849813083506888e-15 -8.9803896888384434e-16 1 
1 6.2831853071795862 3.2288591161895521 -1 1.6962958301138756e-15 
1 3.1415926535897931 1.2385575977825607e-15 1 1.7827847167791053e-14 
1 6.2831853071795862 -3.4638958368304884e-14 0 1 
1 0 -3.4638958368304884e-14 0 1 
1 6.2831853071795862 6.1959188445798246 -1 -2.8271597168564594e-16 
1 6.2831853071795862 -23.059305044967658 -1 -1.1308638867425838e-15 
1 3.1415926535897958 -6.3948846218409017e-14 0 1 
1 3.1415926535897958 -6.3948846218409017e-14 0 1 
1 6.2831853071795862 4.7123889803845884 -1 1.1308638867425838e-15 
1 6.2831853071795862 -2.8421709430404007e-14 0 1 
1 0 -2.8421709430404007e-14 0 1 
1 6.2831853071795862 0 -1 7.8849025596447216e-16 
1 3.1415926535897949 1.4210854715202004e-14 0 1 
1 3.1415926535897949 1.4210854715202004e-14 0 1 
1 0 0.08546967665965767 1 0 
1 3.1415926535897931 -33.649659957375682 -1 0 
1 3.1415926535897927 -3.1415926535897958 0 1 
1 3.1415926535897927 -3.1415926535897958 0 1 
1 0 1.5707963267948852 1 1.8376538159566985e-15 
1 0 -3.1415926535898095 0 1 
1 6.2831853071795862 -3.1415926535898095 0 1 
1 0 0 0 -1 
1 6.2831853071795862 0 0 -1 
1 6.2831853071795862 0.2232591441910472 -1 0 
1 3.1415926535897989 0 0 -1 
1 3.1415926535897989 0 0 -1 
1 6.283185307179588 82.623259144191024 -1 0 
1 3.1415926535897936 -26.25145212835444 -1 -1.8093822187881337e-14 
1 3.1415926535897936 1.4210854715202004e-14 -1.6916748364194215e-17 1 
1 3.1415926535897936 1.4210854715202004e-14 -1.6916748364194215e-17 1 
1 3.1415926535897931 0 -1 -1.7630724603799935e-14 
1 0 3.22885911618945 1 -1.8376538159566985e-15 
1 0 -6.7501559897209518e-14 0 1 
1 6.2831853071795862 -6.7501559897209518e-14 0 1 
1 6.2831853071795862 3.1415926535897909 0 1 
1 0 3.1415926535897909 0 1 
1 0 4.7123889803846906 1 2.8271597168564594e-16 
1 3.14159265358979 3.1415926535897847 2.9934632296125998e-16 1 
1 3.14159265358979 3.1415926535897847 2.9934632296125998e-16 1 
1 0 3.2288591161894384 1 1.8376538159566985e-15 
1 9.4247779607693793 -1.1077710978552538e-13 -1 1.7630724603799935e-14 
1 6.2831853071795862 3.1415926535897634 0 1 
1 0 3.1415926535897634 0 1 
1 0 6.1959188445799258 1 0 
1 0 -23.059305044966639 1 -1.1308638867425836e-15 
1 3.1415926535897909 3.1415926535897265 0 1 
1 3.1415926535897909 3.1415926535897265 0 1 
1 0 4.7123889803845955 1 -1.1308638867425838e-15 
1 6.2831853071795862 -1.4210854715202004e-14 0 1 
1 0 -1.4210854715202004e-14 0 1 
1 0 4.9542303911302428e-15 1 -7.8849025596447206e-16 
1 3.1415926535897918 -3.1974423109204508e-14 1.9258568676899387e-17 1 
1 3.1415926535897918 -3.1974423109204508e-14 1.9258568676899387e-17 1 
1 3.1415926535897931 -3.5527136788005009e-14 0 1 
1 3.1415926535897931 -3.5527136788005009e-14 0 1 
1 0 -0.16058618934980196 1 7.686340480203499e-16 
1 0 -1.4210854715202004e-14 0 1 
1 6.2831853071795862 -1.4210854715202004e-14 0 1 
1 9.4247779607693793 -33.649659957375682 -1 0 
1 0 0.08546967665965767 1 0 
1 0 -0.16058618934979468 1 -1.5461029701558762e-15 
1 0 1.570796326794891 1 0 
1 0 0 1 7.8849025596447226e-16 
1 0 -23.059305044966646 1 1.130863886742584e-15 
1 0 6.1959188445799258 1 0 
1 0 4.7123889803845884 1 1.1308638867425838e-15 
1 0 4.7123889803846897 1 5.6543194337129189e-16 
1 9.4247779607693793 -26.251452128354551 -1 1.696295830113876e-14 
1 6.2831853071795862 0.2232591441910472 -1 0 
1 6.2831853071795862 82.623259144191024 -1 0 
1 6.2831853071795862 1.570796326794891 -1 -1.8376538159566985e-15 
1 6.2831853071795862 4.9542303911302428e-15 -1 -7.8849025596447216e-16 
1 6.2831853071795862 -23.059305044967665 -1 1.1308638867425838e-15 
1 6.2831853071795862 6.1959188445798228 -1 2.8271597168564594e-16 
1 6.2831853071795862 4.712388980384592 -1 0 
1 6.2831853071795862 4.7123889803846897 -1 2.8271597168564589e-16 
1 3.1415926535897936 -26.251452128355517 1 1.8093822187881343e-14 
1 3.1415926535897931 -33.649659957375675 1 -4.5234555469703351e-15 
1 6.2831853071795862 0.08546967665965767 -1 0 
1 9.4247779607693793 -0.16058618934979951 -1 -7.7746892213552643e-16 
1 9.4247779607693793 0 -1 7.7229548578951967e-16 
1 3.1415926535897931 0 1 1.5445909715790393e-15 
1 -3.1415926535897931 -0.080293094674771151 1 -1.8027560632017517e-14 
1 9.4247779607693793 -0.080293094674945914 -1 1.8800612117095455e-14 
1 3.1415926535897949 5.8703042427055152e-15 0 1 
1 3.1415926535897944 5.8703042427055152e-15 0 1 
1 -3.1415926535897931 1.1084560771280549e-13 1 -1.7255478644623353e-14 
1 0 7.0554673214928698e-14 0 1 
1 6.2831853071795862 7.0554673214928698e-14 0 1 
1 3.1415926535897931 -0.080293094674825358 -1 -1.9573663602173393e-14 
1 3.1415926535897931 -0.080293094674884422 1 1.8027560632017517e-14 
1 3.1415926535897918 5.8703042427055152e-15 0 1 
1 3.1415926535897918 5.8703042427055152e-15 0 1 
1 3.1415926535897931 2.4262378245569155e-15 -1 -1.9572365101991908e-14 
1 0 -4.2701953084645083e-14 0 1 
1 6.2831853071795862 -4.2701953084645083e-14 0 1 
1 6.2831853071795862 0.085469676659658156 -1 -1.5461029701558762e-16 
1 -3.1415926535897931 -33.649659957375569 1 -1.809382218788134e-14 
1 3.1415926535897931 -4.829470157119431e-15 0 1 
1 3.1415926535897931 -4.829470157119431e-15 0 1 
1 6.2831853071795862 1.5707963267949021 -1 -1.766974823035287e-15 
1 0 1.0963452368173421e-15 0 1 
1 6.2831853071795862 1.0963452368173421e-15 0 1 
1 3.1415926535897949 -1.4210854715202004e-14 0 1 
1 3.1415926535897944 -1.4210854715202004e-14 0 1 
1 3.1415926535897931 -0.16058618934980196 -1 1.8791777242980279e-14 
1 0 7.1054273576010019e-14 0 1 
1 6.2831853071795862 7.1054273576010019e-14 0 1 
1 -3.1415926535897931 -26.251452128355574 1 1.809382218788134e-14 
1 3.1415926535897909 4.9737991503207013e-14 0 1 
1 3.1415926535897909 4.9737991503207013e-14 0 1 
1 -3.1415926535897931 -5.8484948887219086e-14 1 1.8616337423755524e-14 
1 6.2831853071795862 3.228859116189545 -1 1.8376538159566985e-15 
1 0 -3.5527136788005009e-15 0 1 
1 6.2831853071795862 -3.5527136788005009e-15 0 1 
1 6.2831853071795862 5.773159728050814e-15 0 1 
1 0 5.773159728050814e-15 0 1 
1 6.2831853071795862 4.7123889803846915 -1 -5.6543194337129189e-16 
1 3.1415926535897891 1.3322676295501878e-15 2.9934632296127393e-16 1 
1 3.1415926535897891 1.3322676295501878e-15 2.9934632296127393e-16 1 
1 6.2831853071795862 3.228859116189557 -1 -1.9790118017995217e-15 
1 3.1415926535897931 5.9104227686110369e-14 1 -1.8813459987746642e-14 
1 6.2831853071795862 -3.730349362740526e-14 0 1 
1 0 -3.730349362740526e-14 0 1 
1 6.2831853071795862 6.1959188445798246 -1 -1.9790118017995217e-15 
1 6.2831853071795862 -23.059305044967658 -1 -1.9224686074623924e-14 
1 3.1415926535897931 -6.6613381477509392e-14 2.9934632296126836e-16 1 
1 3.1415926535897931 -6.6613381477509392e-14 2.9934632296126836e-16 1 
1 6.2831853071795862 4.712388980384592 -1 0 
1 6.2831853071795862 -1.0658141036401503e-14 0 1 
1 0 -1.0658141036401503e-14 0 1 
1 6.2831853071795862 4.9542303911302428e-15 -1 -1.9601950243711113e-14 
1 3.1415926535897918 -2.1316282072803006e-14 1.9258568676898531e-17 1 
1 3.1415926535897918 -2.1316282072803006e-14 1.9258568676898531e-17 1 
1 0 0.08546967665965767 1 3.6046286389919855e-15 
1 3.1415926535897927 -33.64965995737569 -1 -1.3570366640911008e-14 
1 3.1415926535897931 -3.1415926535897873 0 1 
1 3.1415926535897931 -3.1415926535897873 0 1 
1 0 1.570796326794891 1 1.766974823035287e-15 
1 0 -3.1415926535897958 0 1 
1 6.2831853071795862 -3.1415926535897958 0 1 
1 0 0 0 -1 
1 6.2831853071795862 0 0 -1 
1 6.2831853071795862 0.2232591441910472 -1 0 
1 3.1415926535897989 0 0 -1 
1 3.1415926535897989 0 0 -1 
1 6.2831853071795845 82.623259144191024 -1 0 
1 3.1415926535897922 -26.251452128354501 -1 2.0355549961366513e-14 
1 3.1415926535897944 -5.3290705182007514e-14 -1.6916748364194212e-17 1 
1 3.1415926535897944 -5.3290705182007514e-14 -1.6916748364194212e-17 1 
1 3.1415926535897931 -5.414999729498013e-14 -1 1.72364794758177e-14 
1 0 3.2288591161894438 1 1.6962958301138756e-15 
1 0 0 0 1 
1 6.2831853071795862 0 0 1 
1 6.2831853071795862 3.1415926535897869 0 1 
1 0 3.1415926535897869 0 1 
1 -4.4408920985006262e-16 4.7123889803846879 1 5.6543194337129179e-16 
1 3.1415926535897958 3.1415926535897931 0 1 
1 3.1415926535897958 3.1415926535897931 0 1 
1 0 3.2288591161894549 1 -1.8376538159566985e-15 
1 9.4247779607693793 5.47692760938714e-14 -1 -1.7433602039808814e-14 
1 6.2831853071795862 3.1415926535897567 0 1 
1 0 3.1415926535897567 0 1 
1 0 6.1959188445799374 1 -1.6962958301138756e-15 
1 0 -23.059305044966543 1 -1.4701230527653588e-14 
1 3.1415926535897909 3.1415926535897265 2.9934632296124544e-16 1 
1 3.1415926535897909 3.1415926535897265 2.9934632296124544e-16 1 
1 0 4.712388980384592 1 0 
1 6.2831853071795862 7.1054273576010019e-15 0 1 
1 0 7.1054273576010019e-15 0 1 
1 0 1.1573134017665561e-13 1 -1.8024969731782171e-14 
1 3.1415926535897953 9.5923269327613525e-14 0 1 
1 3.1415926535897953 9.5923269327613525e-14 0 1 
1 3.1415926535897918 -2.1316282072803006e-14 0 1 
1 3.1415926535897918 -2.1316282072803006e-14 0 1 
1 0 -0.1605861893498586 1 1.8800612117095455e-14 
1 0 -4.2632564145606011e-14 0 1 
1 6.2831853071795862 -4.2632564145606011e-14 0 1 
1 9.4247779607693793 -33.649659957375775 -1 1.3570366640911004e-14 
1 0 0.085469676659680319 1 -3.6046286389919855e-15 
1 0 -0.16058618934974048 1 -1.8800612117095455e-14 
1 0 1.5707963267949021 1 -1.766974823035287e-15 
1 0 2.4771151955651214e-15 1 1.8024969731782171e-14 
1 0 -23.059305044966635 1 1.4701230527653588e-14 
1 0 6.1959188445799267 1 1.6962958301138756e-15 
1 0 4.712388980384592 1 0 
1 0 4.7123889803846915 1 -5.6543194337129198e-16 
1 9.4247779607693793 -26.251452128354373 -1 -2.03555499613665e-14 
1 6.2831853071795862 0.2232591441910472 -1 0 
1 6.2831853071795862 82.623259144191024 -1 0 
1 6.2831853071795862 1.570796326794891 -1 1.766974823035287e-15 
1 6.2831853071795862 -1.1573134017665561e-13 -1 1.8813459987746642e-14 
1 6.2831853071795862 -23.059305044967779 -1 1.9224686074623924e-14 
1 6.2831853071795862 6.1959188445798121 -1 1.9790118017995217e-15 
1 6.2831853071795862 4.712388980384592 -1 0 
1 6.2831853071795862 4.7123889803846879 -1 5.6543194337129189e-16 
1 3.1415926535897931 -26.25145212835546 1 -1.809382218788134e-14 
1 3.1415926535897931 -33.649659957375682 1 1.809382218788134e-14 
1 6.2831853071795862 0.08546967665965767 -1 0 
1 9.4247779607693793 -0.16058618934968388 -1 -1.8791777242980279e-14 
1 9.4247779607693793 -1.2055055901103313e-13 -1 1.9572365101991908e-14 
1 3.1415926535897931 2.4262378245569155e-15 1 1.7255478644623353e-14 
1 6.2831853071795862 0 0 1 
1 0 0 0 1 
1 6.2831853071795862 4.7123889803846852 -1 0 
1 3.1415926535897931 -1.7763568394002505e-15 0 1 
1 3.1415926535897931 -1.7763568394002505e-15 0 1 
1 0 3.1415926535897896 1 5.6543194337129189e-16 
1 -3.1415926535897931 15.800000000000011 1 0 
1 6.2831853071795862 -3.3941125496954361 -1 0 
1 3.1415926535897931 0 0 1 
1 3.1415926535897931 0 0 1 
1 0 0 1 0 
1 6.2831853071795862 272.60000000000002 -1 0 
1 0 -1.021405182655144e-14 0 1 
1 6.2831853071795862 -1.021405182655144e-14 0 1 
1 3.1415926535897931 0 0 -1 
1 3.1415926535897931 0 0 -1 
1 3.1415926535897931 15.800000000000011 1 0 
1 0 3.1415926535897931 1 -5.6543194337129189e-16 
1 6.2831853071795862 0 0 -1 
1 0 0 0 -1 
1 3.1415926535897931 15 1 0 
1 3.1415926535897931 0 0 -1 
1 3.1415926535897931 0 0 -1 
1 6.2831853071795862 14.200000000000045 -1 0 
1 6.2831853071795862 14.200000000000045 -1 0 
1 6.2831853071795862 14.200000000000045 -1 0 
1 6.2831853071795862 0 0 -1 
1 0 0 0 -1 
7 0 0  3 25 23  2.6179938779914966 -5.7735026918966899  2.6159868926298646 -5.8013123060071772  2.6119581333278452 -5.8566532169603018  2.6058705642607558 -5.9388196709892735  2.5997384960110876 -6.0201312721558811  2.5935618759278638 -6.1005780095241535  2.5873406626208388 -6.1801498282308378  2.5810748278440871 -6.2588366247618312  2.5747643564952307 -6.3366282507309206  2.5684092471209112 -6.4135145145041523  2.5620095122872684 -6.4894851835284557  2.5555651789864622 -6.5645299865992186  2.5490762890325929 -6.638638616274112  2.5425428994586703 -6.7118007313774735  2.5359650829105687 -6.7840059596125162  2.5293429280384538 -6.8552439002774186  2.5226765398832423 -6.9255041270854099  2.5159660402627884 -6.9947761910918702  2.509211568136763 -7.0630496237249689  2.5024132800245957 -7.1303139399227877  2.4955713501949761 -7.1965586413751765  2.488685971673299 -7.2617732198672211  2.4817573541575633 -7.3259471607366278  2.4771096070049885 -7.368029017843277  2.4747786042812905 -7.3888930010698237 
 2.3807283227783e-07 4 0.00014920410267434247 1 0.00029817013251640708 1 0.00044713616235847172 1 0.00059610219220053635 1 0.00074506822204260098 1 0.00089403425188466562 1 0.0010430002817267304 1 0.0011919663115687949 1 0.0013409323414108594 1 0.0014898983712529242 1 0.0016388644010949889 1 0.0017878304309370534 1 0.0019367964607791179 1 0.0020857624906211831 1 0.0022347285204632476 1 0.0023836945503053122 1 0.0025326605801473767 1 0.0026816266099894412 1 0.0028305926398315062 1 0.0029795586696735707 1 0.0031285246995156352 1 0.0032774907293577002 4
7 0 0  3 25 23  1.0471975511965981 1.2306961192854826e-14  1.0382887073396747 -1.1427170667988096e-05  1.0204394951613511 0.0049672627112353233  0.99367274842997588 0.027321202243366156  0.96702932247912432 0.064487470950091677  0.94057435145115098 0.11623445980630935  0.91433115635454598 0.18234964457192915  0.88833492205599218 0.2625941482028098  0.86261520454774787 0.35671122538287353  0.83720009196518574 0.46440989471818417  0.81211526002190326 0.58538974070399175  0.78738412164194005 0.71933766707616442  0.76302774437849252 0.8659330614808125  0.7390646893197883 1.0248407434428286  0.71551098032369476 1.1957105039026081  0.69238043535027871 1.3781945266936155  0.66968457259821157 1.5719404673589998  0.64743273624475395 1.7765951620076428  0.62563218735338999 1.9918053562650018  0.60428821865952553 2.2172191103768077  0.58340429108730762 2.4524868188452316  0.56298212107287882 2.6972624061937114  0.54302198516109212 2.9512035018589855  0.53002214793695202 3.126384382573888  0.52359877559829648 3.2153903091735905 
 0.010515548197349799 4 0.010991729461562036 1 0.011467910725774272 1 0.011944091989986508 1 0.012420273254198744 1 0.012896454518410982 1 0.013372635782623217 1 0.013848817046835455 1 0.014324998311047691 1 0.014801179575259928 1 0.015277360839472164 1 0.0157535421036844 1 0.016229723367896638 1 0.016705904632108873 1 0.017182085896321111 1 0.017658267160533345 1 0.018134448424745583 1 0.018610629688957818 1 0.019086810953170056 1 0.019562992217382294 1 0.020039173481594529 1 0.020515354745806763 1 0.020991536010019001 4
7 0 0  3 25 23  1.5707963267948966 3.2153903091735905  1.564356873842307 3.1261614894407872  1.5513253420099238 2.9505670732400993  1.5313195157375545 2.6961003525782981  1.5108539482519516 2.4508919503985758  1.4899293936790818 2.2152816480494875  1.4685480671313449 1.9896124111744595  1.4467139495390455 1.7742301302521981  1.4244328709652438 1.5694823617800147  1.40171263994627 1.3757174583061746  1.3785631630620345 1.193282459601525  1.3549964909365133 1.0225248854929814  1.3310270809630886 0.86377953077002501  1.3066711579294383 0.71741077328457026  1.2819476537749761 0.58375294668905742  1.2568784166067102 0.46309694485273684  1.2314874824234443 0.35573235021379218  1.2058011935503732 0.26193396404317365  1.1798480445684945 0.18196328114199259  1.1536585579436551 0.11606596644149617  1.1272650964837718 0.064470741448808599  1.1007016847313082 0.027387176667952574  1.0740036531003012 0.0050071821475327028  1.0561397466836544 -1.7999911824001669e-06  1.0471975511965981 1.2306961192854826e-14 
 2.3807283227919899e-07 4 0.00047820671485580282 1 0.00095617535687932641 1 0.0014341439989028499 1 0.0019121126409263735 1 0.0023900812829498971 1 0.0028680499249734209 1 0.0033460185669969447 1 0.0038239872090204681 1 0.004301955851043991 1 0.0047799244930675144 1 0.0052578931350910386 1 0.005735861777114562 1 0.0062138304191380854 1 0.0066917990611616096 1 0.007169767703185133 1 0.0076477363452086564 1 0.0081257049872321806 1 0.008603673629255704 1 0.0090816422712792274 1 0.0095596109133027508 1 0.010037579555326276 1 0.010515548197349799 4
7 0 0  3 25 23  1.7140116005051025 -7.3888930010698175  1.7116787602566452 -7.3680125703308574  1.70702754033457 -7.325898896615616  1.7000943060443274 -7.261680660432031  1.6932048886875126 -7.196425412972598  1.6863594834519628 -7.1301438572544438  1.6795582688298416 -7.0628466843935067  1.6728014045428696 -6.9945445694134776  1.6660890325683586 -6.9252481681603593  1.6594212773439641 -6.8549681140549543  1.6527982462009689 -6.7837150150301353  1.6462200297436387 -6.7114994505544798  1.639686702249282 -6.6383319687709257  1.6331983220678945 -6.5642230837439666  1.6267549320261487 -6.4891832728129053  1.6203565598332241 -6.4132229740539062  1.6140032184890021 -6.3363525838496439  1.6076949066906359 -6.2585824545546069  1.6014316092488943 -6.1799228923089133  1.5952132974684265 -6.1003841547812669  1.5890399296603401 -6.0199764496711126  1.582911451155617 -5.9387099308522826  1.5768277961735742 -5.8565947037924033  1.572801853895621 -5.8012920991445158  1.5707963267948966 -5.7735026918966899 
 0.017720742236629301 4 0.017869414680874288 1 0.018018087125119275 1 0.018166759569364258 1 0.018315432013609245 1 0.018464104457854232 1 0.018612776902099219 1 0.018761449346344206 1 0.018910121790589193 1 0.019058794234834177 1 0.019207466679079164 1 0.019356139123324151 1 0.019504811567569138 1 0.019653484011814125 1 0.019802156456059108 1 0.019950828900304095 1 0.020099501344549082 1 0.02024817378879407 1 0.020396846233039057 1 0.020545518677284044 1 0.020694191121529027 1 0.020842863565774014 1 0.020991536010019001 4
7 0 0  3 25 23  1.5707963267948966 -5.7735026918966899  1.5687893414332637 -5.8013123060071763  1.5647605821312436 -5.8566532169602912  1.5586730130641562 -5.9388196709892354  1.5525409448144856 -6.020131272155953  1.5463643247312668 -6.1005780095241144  1.540143111424237 -6.180149828230852  1.5338772766474871 -6.2588366247617433  1.5275668052986324 -6.3366282507309073  1.5212116959243105 -6.4135145145041479  1.5148119610906672 -6.4894851835284317  1.508367627789863 -6.5645299865992071  1.501878737835993 -6.6386386162740951  1.4953453482620682 -6.711800731377461  1.4887675317139712 -6.7840059596126041  1.4821453768418524 -6.8552439002773884  1.4754789886866422 -6.9255041270854569  1.4687684890661865 -6.9947761910917947  1.4620140169401639 -7.0630496237250195  1.4552157288279939 -7.1303139399228206  1.4483737989983769 -7.1965586413751677  1.4414884204766989 -7.2617732198672043  1.4345598029609619 -7.3259471607366207  1.4299120558083871 -7.3680290178432699  1.42758105308469 -7.3888930010698113 
 2.3807283227916299e-07 4 0.00014920410267434603 1 0.00029817013251641288 1 0.00044713616235847974 1 0.00059610219220054654 1 0.00074506822204261345 1 0.00089403425188468025 1 0.0010430002817267471 1 0.001191966311568814 1 0.0013409323414108809 1 0.0014898983712529478 1 0.0016388644010950145 1 0.0017878304309370814 1 0.0019367964607791483 1 0.0020857624906212152 1 0.0022347285204632823 1 0.002383694550305349 1 0.0025326605801474157 1 0.0026816266099894829 1 0.0028305926398315496 1 0.0029795586696736167 1 0.0031285246995156834 1 0.0032774907293577501 4
7 0 0  3 25 23  2.0943951023931953 1.2306961192854826e-14  2.0854862585362661 -1.142717069793774e-05  2.0676370463579432 0.0049672627112118681  2.0408702996265853 0.027321202243442168  2.0142268736757241 0.064487470950087958  1.9877719026477529 0.11623445980633607  1.9615287075511654 0.18234964457208458  1.9355324732525965 0.26259414820277516  1.9098127557443487 0.35671122538300448  1.8843976431617839 0.46440989471816546  1.8593128112185067 0.58538974070400973  1.8345816728385476 0.71933766707620372  1.810225295575099 0.86593306148084015  1.7862622405163895 1.0248407434428264  1.7627085315202973 1.1957105039026252  1.7395779865468792 1.3781945266936049  1.7168821237948124 1.571940467358987  1.6946302874413519 1.7765951620075751  1.6728297385499871 1.9918053562649893  1.6514857698561236 2.2172191103767598  1.6306018422839084 2.4524868188452111  1.6101796722694783 2.6972624061936759  1.5902195363576905 2.9512035018589464  1.5772196991335508 3.1263843825738675  1.5707963267948966 3.2153903091735905 
 0.010515548197349799 4 0.010991729461562036 1 0.011467910725774272 1 0.011944091989986508 1 0.012420273254198744 1 0.012896454518410982 1 0.013372635782623217 1 0.013848817046835455 1 0.014324998311047691 1 0.014801179575259928 1 0.015277360839472164 1 0.0157535421036844 1 0.016229723367896638 1 0.016705904632108873 1 0.017182085896321111 1 0.017658267160533345 1 0.018134448424745583 1 0.018610629688957818 1 0.019086810953170056 1 0.019562992217382294 1 0.020039173481594529 1 0.020515354745806763 1 0.020991536010019001 4
7 0 0  3 25 23  2.6179938779914966 3.2153903091735905  2.6115544250389062 3.1261614894407539  2.5985228932065212 2.9505670732400406  2.5785170669341491 2.6961003525782585  2.5580514994485473 2.4508919503984243  2.5371269448756748 2.2152816480493422  2.5157456183279359 1.989612411174309  2.4939115007356385 1.7742301302519485  2.4716304221618359 1.5694823617799343  2.4489101911428635 1.3757174583060061  2.4257607142586255 1.1932824596014289  2.4021940421331038 1.022524885492895  2.3782246321596787 0.86377953076993408  2.3538687091260289 0.71741077328450809  2.3291452049715677 0.5837529466889626  2.3040759678033029 0.46309694485253228  2.2786850336200368 0.35573235021369892  2.2529987447469639 0.26193396404314256  2.2270455957650857 0.1819632811419199  2.2008561091402488 0.11606596644146681  2.1744626476803628 0.064470741448758473  2.1478992359279032 0.027387176667923983  2.1212012042968951 0.0050071821475125957  2.1033372978802491 -1.7999911902645679e-06  2.0943951023931953 1.2306961192854826e-14 
 2.38072832276817e-07 4 0.00047820671485580059 1 0.00095617535687932435 1 0.0014341439989028479 1 0.0019121126409263718 1 0.0023900812829498953 1 0.0028680499249734192 1 0.003346018566996943 1 0.0038239872090204668 1 0.004301955851043991 1 0.0047799244930675144 1 0.0052578931350910386 1 0.005735861777114562 1 0.0062138304191380863 1 0.0066917990611616096 1 0.0071697677031851339 1 0.0076477363452086573 1 0.0081257049872321806 1 0.008603673629255704 1 0.0090816422712792274 1 0.0095596109133027508 1 0.010037579555326276 1 0.010515548197349799 4
7 0 0  3 25 23  0.66681404930850563 -7.3888930010698788  0.66448120906004904 -7.3680125703310013  0.65982998913797419 -7.3258988966157892  0.6528967548477318 -7.2616806604320532  0.6460073374909151 -7.196425412972717  0.63916193225537099 -7.1301438572545459  0.63236071763324553 -7.0628466843935804  0.62560385334627455 -6.9945445694136197  0.61889148137176275 -6.9252481681603983  0.61222372614736886 -6.8549681140551142  0.60560069500437164 -6.7837150150302659  0.59902247854704238 -6.7114994505544834  0.59248915105268374 -6.6383319687709896  0.58600077087129776 -6.5642230837441549  0.57955738082955033 -6.4891832728129026  0.57315900863662361 -6.4132229740538511  0.56680566729240367 -6.3363525838498189  0.5604973554940349 -6.2585824545546238  0.55423405805229442 -6.17992289230886  0.54801574627182725 -6.1003841547813726  0.54184237846374084 -6.0199764496710442  0.53571389995901608 -5.9387099308522693  0.52963024497697553 -5.8565947037925667  0.52560430269902192 -5.8012920991446277  0.52359877559829648 -5.7735026918966899 
 0.017720742236629401 4 0.017869414680874385 1 0.018018087125119365 1 0.018166759569364345 1 0.018315432013609328 1 0.018464104457854312 1 0.018612776902099292 1 0.018761449346344272 1 0.018910121790589256 1 0.019058794234834239 1 0.019207466679079219 1 0.019356139123324199 1 0.019504811567569183 1 0.019653484011814167 1 0.019802156456059147 1 0.019950828900304127 1 0.02009950134454911 1 0.020248173788794094 1 0.020396846233039074 1 0.020545518677284054 1 0.020694191121529038 1 0.020842863565774021 1 0.020991536010019001 4
7 0 0  3 25 23  0.52359877559829648 -5.7735026918966899  0.52159959982934812 -5.8012040897157169  0.51758593188246171 -5.8563397847447787  0.51151934519032205 -5.9382316168835407  0.50540653388544388 -6.019301360730398  0.49924737316320744 -6.0995385309805288  0.49304174861950617 -6.1789325735379901  0.4867895580439372 -6.2574728569143989  0.48049071149651129 -6.3351486764116158  0.47414513184988893 -6.4119492550129307  0.46775275521183046 -6.4878637452918646  0.46131353138401754 -6.5628812311887064  0.4548274243146827 -6.6369907299636601  0.44829441255567709 -6.7101811942483884  0.44171448972025767 -6.7824415142187933  0.43508766494199724 -6.853760519883755  0.42841396333256376 -6.9241269834997334  0.42169342644291508 -6.9935296220944574  0.4149261127068774 -7.0619571001500603  0.40811209794230263 -7.1293980322955095  0.40125147562451452 -7.1958409865332058  0.39434435799305334 -7.261274486091275  0.38739087402717942 -7.325687016988593  0.38272441073010999 -7.3679403489248383  0.38038350188809478 -7.388893001069774 
 0.047088678401165901 4 0.047239004605469238 1 0.047389330809772576 1 0.047539657014075913 1 0.047689983218379244 1 0.047840309422682581 1 0.047990635626985918 1 0.048140961831289256 1 0.048291288035592593 1 0.04844161423989593 1 0.048591940444199268 1 0.048742266648502605 1 0.048892592852805936 1 0.049042919057109273 1 0.04919324526141261 1 0.049343571465715948 1 0.049493897670019285 1 0.049644223874322622 1 0.04979455007862596 1 0.04994487628292929 1 0.050095202487232628 1 0.050245528691535965 1 0.050395854895839302 4
7 0 0  3 25 23  3.1415926535897931 0  3.1327105335305432 -2.5503968690441081e-06  3.1149323409874419 0.0049296781332057492  3.0882651313854605 0.027133433683735945  3.0616404067796159 0.064146270282639778  3.0350989304139047 0.11593600394145609  3.0086851316273546 0.18242070096516219  2.9824257540451073 0.26357287303783772  2.9564972105883558 0.3587011714134537  2.9309109825827213 0.46748004871909876  2.905695035071028 0.58954437494886802  2.88086968674402 0.72452821295369196  2.856454156848578 0.87206031061135136  2.8324644183889878 1.0317544881114036  2.8089140427793136 1.2032211784964428  2.7858145172575925 1.3860810206567562  2.7631749364206772 1.5799521760357367  2.7410022269167826 1.7844555138764482  2.7193012489014143 1.9992148396102281  2.6980749407829778 2.2238583059240438  2.6773244745496925 2.4580192539263623  2.6570493647839899 2.7013373532800213  2.6372477725953773 2.9534583318370666  2.6243599773613062 3.127178303826343  2.6179938779914966 3.2153903091735905 
 0.0295058347339325 4 0.029984243353277894 1 0.030462651972623291 1 0.030941060591968685 1 0.031419469211314083 1 0.031897877830659477 1 0.032376286450004871 1 0.032854695069350272 1 0.033333103688695666 1 0.03381151230804106 1 0.034289920927386454 1 0.034768329546731855 1 0.035246738166077249 1 0.035725146785422643 1 0.036203555404768037 1 0.036681964024113431 1 0.037160372643458832 1 0.037638781262804226 1 0.03811718988214962 1 0.038595598501495014 1 0.039074007120840415 1 0.039552415740185809 1 0.040030824359531203 4
7 0 0  3 25 23  3.6651914291880932 3.2153903091736273  3.6587842931471322 3.1266087000817309  3.6458021686576179 2.9516520518311808  3.6258258905306051 2.6974829435387737  3.605346417914741 2.4520261099998746  3.5843656389554295 2.2157270645321918  3.5628890200250192 1.9890457776451675  3.5409176813681649 1.7723887981673652  3.5185135109035781 1.5666828880234209  3.4956804313833394 1.3721995620464444  3.4724313592588403 1.1892877330455358  3.448779547781859 1.0182734725524312  3.4247410918410184 0.85947319492599838  3.4003339116521549 0.71323217720243182  3.3755785208482614 0.57985803120742052  3.3504980528103023 0.45961019182666368  3.3251177896607129 0.35274581946424877  3.299465181880612 0.2595054147501073  3.2735696917340347 0.18011466755159236  3.2474626415741437 0.11478199334037185  3.2211770106250017 0.063697600235209512  3.1947472320235502 0.027031438076992681  3.1682088530081112 0.0049349526506289702  3.1504686675722935 -1.8417241035131719e-06  3.1415926535897931 0 
 0.0189881362632323 4 0.019466213466445944 1 0.019944290669659592 1 0.020422367872873236 1 0.02090044507608688 1 0.021378522279300528 1 0.021856599482514172 1 0.02233467668572782 1 0.022812753888941464 1 0.023290831092155108 1 0.023768908295368756 1 0.0242469854985824 1 0.024725062701796044 1 0.025203139905009692 1 0.025681217108223336 1 0.02615929431143698 1 0.026637371514650628 1 0.027115448717864272 1 0.027593525921077916 1 0.028071603124291564 1 0.028549680327505208 1 0.029027757530718852 1 0.0295058347339325 4
7 0 0  3 25 23  5.9028018052914923 -7.3888930010697802  5.9004634008337531 -7.3679628190955899  5.8957998145139854 -7.3257354844484412  5.8888452674323899 -7.2613122416382163  5.8819327328713937 -7.1958252604496646  5.8750633366628939 -7.1292936341287145  5.8682381690737841 -7.0617368279537054  5.8614582792755776 -6.9931747162178972  5.8547246787094593 -6.9236275740928512  5.848038333512859 -6.8531159938743942  5.8414001921789982 -6.7816611486194738  5.834811083583598 -6.7092837417721345  5.8282720986565941 -6.6360078655371186  5.8217831674381806 -6.5618465384856925  5.8153433056913002 -6.4868023704899604  5.8089526376776197 -6.4108892709209169  5.8026109733885507 -6.3341179982733644  5.7963181904227898 -6.2565000302573388  5.7900741323099076 -6.178046525171907  5.7838786363653174 -6.0987685984128115  5.7777315269323806 -6.0186772478697179  5.7716326175010488 -5.9377833693215241  5.7655817118866697 -5.8560977636118334  5.7615796374577233 -5.8011199794383943  5.7595865315812862 -5.7735026918966543 
 0.064870473950768198 4 0.065019279756246287 1 0.065168085561724376 1 0.065316891367202451 1 0.06546569717268054 1 0.065614502978158629 1 0.065763308783636718 1 0.065912114589114806 1 0.066060920394592895 1 0.06620972620007097 1 0.066358532005549059 1 0.066507337811027148 1 0.066656143616505237 1 0.066804949421983326 1 0.066953755227461401 1 0.067102561032939489 1 0.067251366838417578 1 0.067400172643895667 1 0.067548978449373756 1 0.067697784254851845 1 0.06784659006032992 1 0.067995395865808009 1 0.068144201671286098 4
7 0 0  3 25 23  5.7595865315812862 -5.7735026918966543  5.7575795462196551 -5.8013123060071656  5.7535507869176366 -5.8566532169602921  5.7474632178505489 -5.9388196709891963  5.7413311496008852 -6.0201312721559059  5.7351545295176631 -6.1005780095240718  5.7289333162106368 -6.1801498282307943  5.7226674814338887 -6.2588366247617175  5.7163570100850354 -6.3366282507308691  5.7100019007107159 -6.413514514504068  5.703602165877073 -6.4894851835283687  5.6971578325762673 -6.564529986599168  5.6906689426223984 -6.6386386162740321  5.6841355530484767 -6.7118007313774495  5.6775577365003755 -6.7840059596125899  5.6709355816282629 -6.8552439002772809  5.6642691934730447 -6.9255041270855102  5.657558693852593 -6.9947761910916872  5.6508042217265659 -7.0630496237250142  5.6440059336143955 -7.1303139399227158  5.6371640037847746 -7.1965586413751286  5.6302786252630916 -7.2617732198672558  5.6233500077473559 -7.325947160736626  5.6187022605947767 -7.3680290178432708  5.6163712578710774 -7.3888930010698353 
 2.3807283227758301e-07 4 0.00014920410267434497 1 0.00029817013251641234 1 0.00044713616235847974 1 0.00059610219220054708 1 0.00074506822204261443 1 0.00089403425188468188 1 0.0010430002817267492 1 0.0011919663115688166 1 0.0013409323414108839 1 0.0014898983712529513 1 0.0016388644010950186 1 0.0017878304309370862 1 0.0019367964607791535 1 0.0020857624906212209 1 0.002234728520463288 1 0.0023836945503053555 1 0.0025326605801474231 1 0.0026816266099894902 1 0.0028305926398315578 1 0.0029795586696736249 1 0.0031285246995156925 1 0.00327749072935776 4
7 0 0  3 25 23  4.1887902047864021 2.9844380892672952e-13  4.179881360929472 -1.1427170324420205e-05  4.1620321487511474 0.0049672627115075431  4.1352654020197823 0.027321202243301028  4.108621976068922 0.064487470950061521  4.0821670050409526 0.11623445980632888  4.0559238099443666 0.1823496445719365  4.0299275756457931 0.26259414820276089  4.0042078581375407 0.35671122538289551  3.9787927455549807 0.46440989471821909  3.9537079136116997 0.58538974070400096  3.9289767752317424 0.71933766707633706  3.904620397968289 0.86593306148093729  3.8806573429095743 1.0248407434430462  3.8571036339134817 1.1957105039029399  3.8339730889400645 1.3781945266939795  3.8112772261879999 1.5719404673592874  3.7890253898345407 1.7765951620080473  3.767224840943181 1.9918053562652778  3.7458808722493204 2.2172191103770609  3.7249969446771072 2.4524868188455842  3.7045747746626794 2.6972624061938943  3.684614638750892 2.9512035018590739  3.6716148015267498 3.1263843825739319  3.6651914291880932 3.2153903091736273 
 0.010515548197349799 4 0.010991729461562036 1 0.011467910725774272 1 0.011944091989986508 1 0.012420273254198744 1 0.012896454518410982 1 0.013372635782623217 1 0.013848817046835455 1 0.014324998311047691 1 0.014801179575259928 1 0.015277360839472164 1 0.0157535421036844 1 0.016229723367896638 1 0.016705904632108873 1 0.017182085896321111 1 0.017658267160533345 1 0.018134448424745583 1 0.018610629688957818 1 0.019086810953170056 1 0.019562992217382294 1 0.020039173481594529 1 0.020515354745806763 1 0.020991536010019001 4
7 0 0  3 25 23  4.7123889803846897 3.2153903091734057  4.7059495274321002 3.1261614894406642  4.6929179955997169 2.9505670732400131  4.6729121693273479 2.6961003525781457  4.6524466018417456 2.4508919503985123  4.6315220472688745 2.2152816480494519  4.6101407207211356 1.9896124111744486  4.5883066031288386 1.7742301302521295  4.5660255245550347 1.569482361780151  4.5433052935360596 1.3757174583061491  4.5201558166518252 1.1932824596015279  4.4965891445262995 1.0225248854929954  4.4726197345528762 0.86377953076996927  4.4482638115192206 0.71741077328448377  4.4235403073647594 0.58375294668905608  4.3984710701964929 0.46309694485257458  4.3730801360132299 0.35573235021393468  4.3473938471401583 0.26193396404321856  4.3214406981582849 0.18196328114222468  4.2952512115334471 0.11606596644178242  4.2688577500735683 0.064470741449004526  4.2422943383211082 0.027387176668258656  4.2155963066901023 0.0050071821479034271  4.1977324002734573 -1.7999908426966386e-06  4.1887902047864021 2.9844380892672952e-13 
 2.3807283227836601e-07 4 0.00047820671485580206 1 0.00095617535687932576 1 0.0014341439989028495 1 0.0019121126409263733 1 0.0023900812829498971 1 0.0028680499249734205 1 0.0033460185669969443 1 0.0038239872090204681 1 0.004301955851043991 1 0.0047799244930675153 1 0.0052578931350910386 1 0.005735861777114562 1 0.0062138304191380863 1 0.0066917990611616096 1 0.0071697677031851339 1 0.0076477363452086573 1 0.0081257049872321806 1 0.008603673629255704 1 0.0090816422712792291 1 0.0095596109133027525 1 0.010037579555326276 1 0.010515548197349799 4
7 0 0  3 25 23  4.8556042540949029 -7.38889300106998  4.8532714138464454 -7.3680125703310697  4.8486201939243703 -7.3258988966158363  4.8416869596341261 -7.2616806604321438  4.8347975422773111 -7.1964254129727561  4.8279521370417617 -7.1301438572546472  4.8211509224196369 -7.0628466843936026  4.8143940581326667 -6.9945445694136641  4.8076816861581548 -6.9252481681604374  4.8010139309337596 -6.8549681140551337  4.7943908997907618 -6.7837150150303041  4.7878126833334376 -6.7114994505545846  4.7812793558390769 -6.6383319687710642  4.7747909756576865 -6.5642230837440447  4.7683475856159445 -6.4891832728130447  4.7619492134230148 -6.4132229740539159  4.7555958720787963 -6.3363525838498047  4.7492875602804299 -6.2585824545547144  4.7430242628386878 -6.1799228923089764  4.7368059510582201 -6.1003841547814721  4.7306325832501344 -6.0199764496712103  4.7245041047454093 -5.9387099308524016  4.7184204497633671 -5.856594703792565  4.714394507485415 -5.8012920991446988  4.7123889803846897 -5.7735026918968746 
 0.0177207422366292 4 0.01786941468087419 1 0.018018087125119181 1 0.018166759569364171 1 0.018315432013609165 1 0.018464104457854156 1 0.018612776902099146 1 0.018761449346344137 1 0.018910121790589127 1 0.019058794234834118 1 0.019207466679079108 1 0.019356139123324099 1 0.019504811567569093 1 0.019653484011814083 1 0.019802156456059074 1 0.019950828900304064 1 0.020099501344549055 1 0.020248173788794045 1 0.020396846233039036 1 0.020545518677284026 1 0.02069419112152902 1 0.020842863565774011 1 0.020991536010019001 4
7 0 0  3 25 23  4.7123889803846897 -5.7735026918968746  4.7103819950230577 -5.8013123060073895  4.7063532357210383 -5.8566532169604955  4.7002656666539488 -5.9388196709893339  4.6941335984042789 -6.0201312721560276  4.6879569783210586 -6.1005780095241633  4.681735765014027 -6.1801498282308636  4.6754699302372797 -6.2588366247617708  4.6691594588884247 -6.336628250730878  4.6628043495141025 -6.4135145145041665  4.6564046146804587 -6.4894851835283935  4.6499602813796539 -6.5645299865991902  4.6434713914257832 -6.6386386162740285  4.6369380018518607 -6.7118007313774486  4.6303601853037586 -6.7840059596125775  4.6237380304316424 -6.8552439002774195  4.6170716422764313 -6.9255041270854578  4.6103611426559796 -6.994776191091761  4.6036066705299499 -7.063049623725064  4.5968083824177857 -7.130313939922778  4.5899664525881656 -7.1965586413752911  4.5830810740664845 -7.2617732198672558  4.5761524565507505 -7.3259471607368862  4.571504709398174 -7.3680290178435222  4.5691737066744773 -7.3888930010699836 
 2.38072832278929e-07 4 0.00014920410267434987 1 0.00029817013251642085 1 0.00044713616235849183 1 0.0005961021922005627 1 0.00074506822204263362 1 0.00089403425188470465 1 0.0010430002817267755 1 0.0011919663115688465 1 0.0013409323414109175 1 0.0014898983712529883 1 0.0016388644010950594 1 0.0017878304309371304 1 0.0019367964607792012 1 0.002085762490621272 1 0.0022347285204633431 1 0.0023836945503054141 1 0.0025326605801474851 1 0.0026816266099895562 1 0.0028305926398316267 1 0.0029795586696736978 1 0.0031285246995157688 1 0.0032774907293578398 4
7 0 0  3 25 23  5.2359877559829773 2.9844380892672952e-13  5.2270789121260632 -1.1427170582727662e-05  5.2092296999477501 0.0049672627110980191  5.18246295321637 0.027321202243243237  5.1558195272655238 0.064487470949945294  5.1293645562375403 0.11623445980640422  5.1031213611409321 0.18234964457230526  5.0771251268423834 0.26259414820295029  5.0514054093341363 0.35671122538317268  5.0259902967515773 0.46440989471842553  5.0009054648082882 0.58538974070435623  4.9761743264283274 0.71933766707662972  4.9518179491648784 0.86593306148133098  4.9278548941061757 1.0248407434433566  4.9043011851100884 1.1957105039031872  4.8811706401366681 1.378194526694176  4.8584747773846066 1.5719404673594348  4.8362229410311439 1.7765951620081284  4.814422392139786 1.9918053562653035  4.7930784234459178 2.217219110377044  4.7721944958737019 2.4524868188454949  4.7517723258592737 2.69726240619377  4.7318121899474885 2.9512035018589216  4.7188123527233463 3.1263843825737414  4.7123889803846897 3.2153903091734057 
 0.010515548197349799 4 0.010991729461562036 1 0.011467910725774272 1 0.011944091989986508 1 0.012420273254198744 1 0.012896454518410982 1 0.013372635782623217 1 0.013848817046835455 1 0.014324998311047691 1 0.014801179575259928 1 0.015277360839472164 1 0.0157535421036844 1 0.016229723367896638 1 0.016705904632108873 1 0.017182085896321111 1 0.017658267160533345 1 0.018134448424745583 1 0.018610629688957818 1 0.019086810953170056 1 0.019562992217382294 1 0.020039173481594529 1 0.020515354745806763 1 0.020991536010019001 4
7 0 0  3 25 23  5.7595865315812862 3.2153903091736273  5.7531470786286967 3.1261614894408036  5.7401155467963143 2.9505670732401019  5.7201097205239488 2.6961003525783189  5.6996441530383493 2.4508919503984976  5.6787195984654764 2.2152816480494129  5.6573382719177436 1.9896124111744153  5.6355041543254423 1.7742301302519898  5.6132230757516375 1.5694823617799769  5.5905028447326703 1.3757174583061256  5.5673533678484288 1.1932824596014295  5.5437866957229094 1.0225248854930435  5.5198172857494772 0.86377953077002867  5.4954613627158277 0.71741077328465885  5.470737858561364 0.5837529466892234  5.4456686213930965 0.46309694485267605  5.4202776872098291 0.35573235021395244  5.3945913983367548 0.26193396404329522  5.3686382493548797 0.18196328114215868  5.3424487627300339 0.11606596644176205  5.3160553012701515 0.064470741448870716  5.2894918895176888 0.027387176668200678  5.2627938578866784 0.0050071821478076036  5.2449299514700325 -1.7999908939810918e-06  5.2359877559829773 2.9844380892672952e-13 
 2.3807283227770699e-07 4 0.00047820671485580141 1 0.00095617535687932511 1 0.0014341439989028488 1 0.0019121126409263726 1 0.0023900812829498962 1 0.0028680499249734196 1 0.0033460185669969434 1 0.0038239872090204672 1 0.004301955851043991 1 0.0047799244930675153 1 0.0052578931350910386 1 0.005735861777114562 1 0.0062138304191380863 1 0.0066917990611616096 1 0.0071697677031851339 1 0.0076477363452086573 1 0.0081257049872321806 1 0.008603673629255704 1 0.0090816422712792291 1 0.0095596109133027525 1 0.010037579555326276 1 0.010515548197349799 4
7 0 0  3 25 23  3.8084067028982993 -7.388893001069774  3.8060738626498418 -7.3680125703308113  3.8014226427277658 -7.3258988966155645  3.7944894084375251 -7.2616806604319732  3.7875999910807079 -7.1964254129725793  3.7807545858451599 -7.1301438572544251  3.7739533712230378 -7.0628466843934925  3.7671965069360644 -6.9945445694134634  3.7604841349615521 -6.925248168160353  3.7538163797371591 -6.8549681140549907  3.7471933485941644 -6.7837150150301238  3.7406151321368331 -6.7114994505545083  3.7340818046424751 -6.6383319687709186  3.7275934244610869 -6.5642230837439879  3.721150034419344 -6.4891832728129257  3.7147516622264138 -6.413222974053939  3.708398320882194 -6.3363525838496741  3.7020900090838289 -6.2585824545546354  3.6958267116420882 -6.179922892308924  3.6896083998616187 -6.1003841547812874  3.6834350320535338 -6.0199764496711152  3.6773065535488141 -5.9387099308522542  3.6712228985667683 -5.8565947037923856  3.6671969562888167 -5.801292099144491  3.6651914291880932 -5.7735026918966543 
 0.017720742236629301 4 0.017869414680874288 1 0.018018087125119275 1 0.018166759569364258 1 0.018315432013609245 1 0.018464104457854232 1 0.018612776902099219 1 0.018761449346344206 1 0.018910121790589193 1 0.019058794234834177 1 0.019207466679079164 1 0.019356139123324151 1 0.019504811567569138 1 0.019653484011814125 1 0.019802156456059108 1 0.019950828900304095 1 0.020099501344549082 1 0.02024817378879407 1 0.020396846233039057 1 0.020545518677284044 1 0.020694191121529027 1 0.020842863565774014 1 0.020991536010019001 4
7 0 0  3 25 23  3.6651914291880932 -5.7735026918966543  3.6631983233116547 -5.8011199794384316  3.6591962488827092 -5.8560977636118512  3.6531453432683323 -5.937783369321405  3.6470464338370001 -6.0186772478697357  3.6408993244040593 -6.0987685984128417  3.6347038284594722 -6.1780465251717995  3.6284597703465828 -6.2565000302573974  3.6221669873808255 -6.3341179982734204  3.6158253230917512 -6.4108892709208689  3.6094346550780689 -6.4868023704901443  3.6029947933311828 -6.5618465384858879  3.5965058621127621 -6.6360078655373007  3.5899668771857525 -6.7092837417723432  3.5833777685903514 -6.7816611486198033  3.5767396272564858 -6.8531159938745949  3.5700532820598818 -6.9236275740931781  3.5633196814937658 -6.9931747162181308  3.5565397916955575 -7.0617368279541095  3.5497146241064512 -7.1292936341288868  3.5428452278979576 -7.1958252604498742  3.5359326933369672 -7.2613122416383922  3.5289781462553815 -7.3257354844485638  3.5243145599356214 -7.3679628190956405  3.521976155477887 -7.3888930010697838 
 0.0189881362643264 4 0.019136851359715955 1 0.019285566455105509 1 0.019434281550495064 1 0.019582996645884618 1 0.019731711741274173 1 0.019880426836663728 1 0.020029141932053282 1 0.020177857027442837 1 0.020326572122832391 1 0.020475287218221946 1 0.0206240023136115 1 0.020772717409001055 1 0.020921432504390609 1 0.021070147599780164 1 0.021218862695169718 1 0.021367577790559273 1 0.021516292885948828 1 0.021665007981338382 1 0.021813723076727937 1 0.021962438172117491 1 0.022111153267507046 1 0.0222598683628966 4
7 0 0  3 25 23  6.2831853071795862 0  6.2743092931970974 -1.8417240288351868e-06  6.2565691077612993 0.004934952650709327  6.2300307287458878 0.027031438076866875  6.2036009501444598 0.06369760023514795  6.1773153191953423 0.11478199334018978  6.1512082690354761 0.18011466755131392  6.1253127788889037 0.25950541474981326  6.099660171108817 0.35274581946359723  6.0742799079592409 0.45961019182607238  6.0491994399212841 0.57985803120648727  6.0244440491173981 0.71323217720156873  6.0000368689285324 0.85947319492481733  5.9759984129876926 1.0182734725511386  5.9523466015107038 1.1892877330440381  5.9290975293862029 1.3721995620450194  5.9062644498659607 1.5666828880219197  5.8838602794013664 1.7723887981657207  5.8618889407445049 1.9890457776435588  5.8404123218140684 2.215727064530864  5.8194315428547156 2.4520261099989384  5.7989520702388146 2.6974829435382235  5.7789757921117682 2.9516520518310592  5.7659936676222463 3.1266087000817375  5.7595865315812862 3.2153903091736273 
 0.057620087838324299 4 0.058098456648959608 1 0.058576825459594917 1 0.059055194270230225 1 0.059533563080865534 1 0.06001193189150085 1 0.060490300702136159 1 0.060968669512771467 1 0.061447038323406776 1 0.061925407134042085 1 0.062403775944677393 1 0.062882144755312702 1 0.063360513565948018 1 0.06383888237658332 1 0.064317251187218635 1 0.064795619997853937 1 0.065273988808489253 1 0.065752357619124555 1 0.06623072642975987 1 0.066709095240395172 1 0.067187464051030488 1 0.067665832861665803 1 0.068144201672301105 4
7 0 0  3 25 23  0.52359877559829648 3.2153903091735905  0.51723267622848945 3.1271783038263132  0.50434488099441932 2.9534583318370413  0.48454328880581082 2.701337353280068  0.46426817904010637 2.4580192539262935  0.44351771280681801 2.2238583059238688  0.42229140468837445 1.9992148396099696  0.40059042667299832 1.7844555138761085  0.37841771716908579 1.5799521760352178  0.35577813633215172 1.3860810206559318  0.33267861081040601 1.2032211784955003  0.3091282352007021 1.0317544881104008  0.28513849674107949 0.87206031061015277  0.26072296684559698 0.72452821295247338  0.23589761851853766 0.5895443749474466  0.21068167100679311 0.4674800487176532  0.18509544300109557 0.35870117141199592  0.15916689954428076 0.26357287303648858  0.13290752196194902 0.18242070096393334  0.10649372317543028 0.1159360039405843  0.07995224680981447 0.064146270282188583  0.053327522204097359 0.027133433683544646  0.026660312602252944 0.0049296781332593999  0.0088821200592240235 -2.5503968114218082e-06  0 0 
 0.047088678402162798 4 0.047567378831079227 1 0.048046079259995662 1 0.048524779688912091 1 0.049003480117828527 1 0.049482180546744955 1 0.049960880975661391 1 0.05043958140457782 1 0.050918281833494256 1 0.051396982262410684 1 0.051875682691327113 1 0.052354383120243549 1 0.052833083549159984 1 0.053311783978076413 1 0.053790484406992842 1 0.054269184835909277 1 0.054747885264825706 1 0.055226585693742142 1 0.05570528612265857 1 0.056183986551574999 1 0.056662686980491435 1 0.057141387409407871 1 0.057620087838324299 4
7 0 0  3 25 23  2.7612091517016983 -7.3888930010697775  2.7588682428596809 -7.3679403489248321  2.7542017795626075 -7.3256870169885602  2.7472482955967341 -7.2612744860912013  2.74034117796527 -7.1958409865330815  2.7334805556474793 -7.1293980322953674  2.7266665408829023 -7.0619571001499306  2.7198992271468607 -6.9935296220945169  2.7131786902572137 -6.9241269834994466  2.7065049886477768 -6.8537605198837115  2.6998781638695202 -6.782441514218541  2.6932982410340949 -6.7101811942482845  2.6867652292750916 -6.6369907299634994  2.6802791222057598 -6.5628812311884666  2.673839898377945 -6.487863745291774  2.6674475217398901 -6.4119492550126349  2.661101942093266 -6.3351486764115288  2.6548030955458422 -6.2574728569142373  2.6485509049702767 -6.1789325735379226  2.6423452804265759 -6.0995385309803174  2.6361861197043397 -6.0193013607303598  2.6300733083994663 -5.938231616883372  2.6240067217073277 -5.8563397847447982  2.6199930537604432 -5.8012040897157595  2.6179938779914966 -5.7735026918966899 
 0.036725663877836497 4 0.036875898445235762 1 0.037026133012635021 1 0.037176367580034286 1 0.037326602147433552 1 0.037476836714832817 1 0.037627071282232076 1 0.037777305849631342 1 0.037927540417030607 1 0.038077774984429873 1 0.038228009551829131 1 0.038378244119228397 1 0.038528478686627662 1 0.038678713254026921 1 0.038828947821426187 1 0.038979182388825452 1 0.039129416956224718 1 0.039279651523623976 1 0.039429886091023242 1 0.039580120658422507 1 0.039730355225821773 1 0.039880589793221032 1 0.040030824360620297 4
1 3.1415926535897931 -7.3888930010697926 1 0 
1 3.1415926535897931 -7.3888930010698166 1 1.2403403585253051e-14 
1 3.1415926535897931 -7.3888930010697358 1 -2.1705956274193645e-14 
1 -3.1415926535897936 -7.3888930010697456 1 -1.2403403585253693e-14 
1 -3.1415926535897967 -7.3888930010697322 1 -1.2403403585253637e-14 
1 -3.1415926535897918 -7.3888930010697864 1 0 
1 0 -3.6920883578564081e-14 1 5.8761411248488596e-15 
1 0 2.4613922385710248e-14 1 -5.876141124849049e-15 
1 0 0 1 0 
1 3.1415926535897931 0 -1 -5.8761411248489196e-15 
1 2.2204460492503131e-16 -1.2306961192854835e-14 1 5.8761411248489283e-15 
1 0 0 1 -5.876141124848918e-15 
1 6.2831853071795862 14.200000000000045 -1 0 
1 6.2831853071795862 14.200000000000045 -1 0 
1 6.2831853071795862 14.200000000000045 -1 0 
1 -3.1415926535897931 15 1 0 
1 6.2831853071795862 -3.3941125496954361 -1 0 
1 6.2831853071795862 272.60000000000002 -1 0 
1 0 0 1 0 
1 6.2831853071795862 4.7123889803846852 -1 0 
1 6.2831853071795862 3.0767402982137064e-15 0 1 
1 0 3.0767402982137064e-15 0 1 
1 6.2831853071795862 1.5516288484468426 -1 0 
1 3.1415926535897931 2.4921596415531025e-13 0 1 
1 3.1415926535897931 2.4921596415531025e-13 0 1 
1 0 3.0767402982137064e-15 1 0 
1 6.2831853071795862 -20.724185575777028 -1 0 
1 6.2831853071795862 -1.645350522494482e-13 0 1 
1 0 -1.645350522494482e-13 0 1 
1 9.4247779607693793 8.8817841970012237e-16 -1 0 
1 3.1415926535897931 -6.9944050551384862e-14 0 1 
1 3.1415926535897931 -6.9944050551384862e-14 0 1 
1 3.1415926535897931 -1.551628848447137 1 0 
1 0 -1.34375 1 0 
1 0 0 1 0 
1 3.1415926535897931 0 0 1 
1 3.1415926535897931 0 0 1 
7 0 0  3 47 45  3.1415926535897931 3.6484030110657506  3.1351652402439734 3.5593410260133034  3.1221583595281448 3.3840695862645109  3.1021912250157291 3.1300533619515138  3.0817660681194496 2.8852596107952819  3.0608836314209387 2.6500261930259992  3.0395461068710117 2.4246941340591124  3.0177574380849044 2.2096073695644809  2.9955234028581512 2.0051114989993031  2.972851741421501 1.8115529248648707  2.9497522750360679 1.6292767652949982  2.9262369518321791 1.458628629794319  2.9023201072585127 1.2999415453465317  2.8780178316101979 1.1535778465395115  2.8533488999061487 1.0198701935523267  2.8283349805571403 0.89910825680231199  2.8029999142065218 0.79158042655055327  2.7773698354439191 0.69756048118014546  2.7514730076955214 0.61730902320819103  2.7253397514923319 0.55107106050304377  2.6990020716244292 0.49907459150423616  2.6724941835515095 0.46152956466060746  2.6458495411170926 0.43862505471971436  2.6191107726383356 0.43053409064920339  2.5922913171049662 0.43739071577604038  2.5654714380722696 0.45921827303100266  2.5387725983484803 0.49591340250650717  2.5122609736957364 0.54725439646536411  2.4859609806728966 0.61302446972651725  2.4599078245158648 0.69298523193859929  2.4341313591032123 0.78687888961410069  2.4086598781471706 0.89441337847305524  2.3835192706858033 1.0152869957980588  2.358733141747015 1.1491852369986764  2.334322735816091 1.2957859709567017  2.3103067718389445 1.4547523597141188  2.2867014106561423 1.6257323165787692  2.2635205894345956 1.8083761255615947  2.2407759270654948 2.0023294857396889  2.21847685062933 2.2072372487866097  2.1966306869772732 2.4227441584142677  2.1752427784450248 2.6484962695173015  2.1543166205485678 2.8841419788855944  2.1338539501566549 3.1293332327889209  2.1138550526600262 3.3837257058059094  2.100830529357907 3.5592300421457632  2.094395102393193 3.6484030110657506 
 2.38072832287677e-07 4 0.00047731302595016751 1 0.00095438797906804735 1 0.0014314629321859271 1 0.0019085378853038069 1 0.0023856128384216867 1 0.0028626877915395666 1 0.0033397627446574464 1 0.0038168376977753262 1 0.0042939126508932061 1 0.0047709876040110859 1 0.0052480625571289657 1 0.0057251375102468456 1 0.0062022124633647254 1 0.0066792874164826052 1 0.0071563623696004851 1 0.0076334373227183649 1 0.0081105122758362465 1 0.0085875872289541254 1 0.0090646621820720044 1 0.0095417371351898851 1 0.010018812088307766 1 0.010495887041425645 1 0.010972961994543524 1 0.011450036947661404 1 0.011927111900779285 1 0.012404186853897164 1 0.012881261807015043 1 0.013358336760132924 1 0.013835411713250804 1 0.014312486666368683 1 0.014789561619486562 1 0.015266636572604443 1 0.015743711525722324 1 0.016220786478840205 1 0.016697861431958082 1 0.017174936385075962 1 0.017652011338193843 1 0.01812908629131172 1 0.018606161244429601 1 0.019083236197547482 1 0.019560311150665362 1 0.020037386103783243 1 0.02051446105690112 1 0.020991536010019001 4
7 0 0  3 47 45  2.094395102393193 3.6484030110657506  2.0880320728962429 3.5602335675593917  2.075150179306863 3.3865903935788553  2.0553565709152553 3.1345604551652264  2.0350884250167067 2.8913099856278475  2.0143437405858635 2.6571942612812087  1.9931218656141143 2.4325748095067183  1.9714237947535307 2.2178196789002218  1.9492523039873235 2.0133024337583083  1.9266120181549724 1.8194008389625491  1.9035098914617841 1.636497267845284  1.879954065592407 1.4649717212277407  1.8559587455825923 1.3052218720688622  1.8315265451109006 1.1575816074680849  1.806671716410936 1.0224486396645507  1.7814259013604927 0.90026486947737017  1.7558190507206322 0.79143231596945618  1.729888661727826 0.69633688378033198  1.7036611792489305 0.61532143015958873  1.6772878314431774 0.54894821230718793  1.6507926439184339 0.49723565379625972  1.6242154877459813 0.460251611522767  1.5975929720053896 0.43802377545118226  1.570963077583003 0.43055196465309309  1.5443638582775447 0.43784641903409588  1.5178326980843755 0.45983557308008333  1.4914060926351655 0.49638990875839817  1.4651197517716625 0.54736772502909548  1.4390082124943215 0.61260387924423532  1.4131046086258554 0.69191406016175427  1.3874404414233701 0.78509514513866319  1.3620453542885653 0.89192673275030432  1.3369470753294015 1.0121727756990706  1.3121708839223285 1.1455823529466742  1.2877410208544631 1.2918943234893574  1.2636750093234936 1.4508276755309768  1.2399908098744243 1.6220462701567331  1.2167085234023911 1.805209033722901  1.1938440375410209 1.9999695012475491  1.1714133006047767 2.2059476034492267  1.1494218123809519 2.4228537020623118  1.1279484131607587 2.6495542303978423  1.1069836437466618 2.8857199837717928  1.0865267043405407 3.1309439369490497  1.0665726747450117 3.3848518315231422  1.0536013271557267 3.5596692697882943  1.0471975511965965 3.6484030110657875 
 0.0076535849506607799 4 0.0081303827791780921 1 0.0086071806076954034 1 0.0090839784362127148 1 0.0095607762647300278 1 0.010037574093247339 1 0.010514371921764651 1 0.010991169750281964 1 0.011467967578799275 1 0.011944765407316586 1 0.012421563235833898 1 0.012898361064351209 1 0.013375158892868522 1 0.013851956721385833 1 0.014328754549903146 1 0.014805552378420458 1 0.015282350206937769 1 0.01575914803545508 1 0.016235945863972392 1 0.016712743692489703 1 0.017189541521007018 1 0.017666339349524329 1 0.018143137178041641 1 0.018619935006558952 1 0.019096732835076263 1 0.019573530663593575 1 0.020050328492110886 1 0.020527126320628201 1 0.021003924149145512 1 0.021480721977662823 1 0.021957519806180135 1 0.022434317634697446 1 0.022911115463214757 1 0.023387913291732072 1 0.023864711120249384 1 0.024341508948766695 1 0.024818306777284006 1 0.025295104605801318 1 0.025771902434318629 1 0.02624870026283594 1 0.026725498091353255 1 0.027202295919870566 1 0.027679093748387878 1 0.028155891576905189 1 0.0286326894054225 4
7 0 0  3 47 45  1.0471975511965965 3.6484030110657875  1.0407701378507768 3.559341026013346  1.0277632571349469 3.3840695862646037  1.0077961226225312 3.1300533619517332  0.98737096572625338 2.8852596107955892  0.96648852902774318 2.6500261930263118  0.94515100447781997 2.4246941340594348  0.92336233569171478 2.2096073695647398  0.90112830046496406 2.0051114989996162  0.87845663902831506 1.8115529248650772  0.85535717264288158 1.6292767652952131  0.83184184943899242 1.4586286297945328  0.8079250048653257 1.2999415453466143  0.78362272921700549 1.1535778465397215  0.75895379751295888 1.0198701935525232  0.73393987816394701 0.89910825680245987  0.70860481181332935 0.79158042655074445  0.68297473305072498 0.69756048118030356  0.65707790530232946 0.61730902320829084  0.63094464909913861 0.55107106050305399  0.60460696923123869 0.49907459150434336  0.57809908115831921 0.46152956466049488  0.55145443872390343 0.43862505471949187  0.52471567024514654 0.43053409064883569  0.49789621471177198 0.43739071577574679  0.47107633567907126 0.45921827303104257  0.44437749595527798 0.49591340250649796  0.41786587130254016 0.54725439646546481  0.39156587827970363 0.6130244697264785  0.36551272212267399 0.69298523193836892  0.33973625671002039 0.78687888961388575  0.31426477575397621 0.89441337847281088  0.28912416829260912 1.015286995797853  0.26433803935382105 1.1491852369986433  0.23992763342289652 1.2957859709566999  0.21591166944575424 1.4547523597139738  0.19230630826294928 1.6257323165786912  0.16912548704140012 1.808376125561544  0.14638082467230215 2.0023294857396094  0.12408174823613044 2.2072372487865342  0.10223558458407489 2.422744158414234  0.080847676051829548 2.6484962695172691  0.059921518155365172 2.8841419788855629  0.039458847763458205 3.1293332327888659  0.019459950266832209 3.3837257058058223  0.0064354269647148403 3.5592300421456211  0 3.6484030110655659 
 2.3807283227770699e-07 4 0.00047731302595015776 1 0.00095438797906803781 1 0.001431462932185918 1 0.001908537885303798 1 0.0023856128384216776 1 0.0028626877915395579 1 0.0033397627446574382 1 0.003816837697775318 1 0.0042939126508931983 1 0.0047709876040110781 1 0.0052480625571289588 1 0.0057251375102468386 1 0.0062022124633647185 1 0.0066792874164825992 1 0.007156362369600479 1 0.0076334373227183588 1 0.0081105122758362395 1 0.0085875872289541185 1 0.0090646621820719992 1 0.0095417371351898782 1 0.010018812088307759 1 0.01049588704142564 1 0.010972961994543519 1 0.011450036947661399 1 0.01192711190077928 1 0.012404186853897159 1 0.01288126180701504 1 0.01335833676013292 1 0.013835411713250799 1 0.01431248666636868 1 0.014789561619486559 1 0.01526663657260444 1 0.01574371152572232 1 0.016220786478840201 1 0.016697861431958078 1 0.017174936385075959 1 0.01765201133819384 1 0.01812908629131172 1 0.018606161244429601 1 0.019083236197547478 1 0.019560311150665359 1 0.02003738610378324 1 0.02051446105690112 1 0.020991536010019001 4
1 0 2.5844618504995135e-13 0 1 
1 6.2831853071795862 2.5844618504995135e-13 0 1 
1 3.1415926535897931 -3.6484030110657648 -1 0 
1 3.1415926535897931 -1.8252066524837574e-13 0 1 
1 3.1415926535897931 -1.8252066524837574e-13 0 1 
7 0 0  3 47 45  3.1415926535897931 -1.8460441789282239e-13  3.135165240243972 -0.089061985052616796  3.122158359528143 -0.26433342480132965  3.1021912250157295 -0.51834964911413006  3.081766068119451 -0.76314340027032745  3.0608836314209404 -0.99837681803940759  3.0395461068710126 -1.2237088770063338  3.0177574380849048 -1.4387956415009155  2.9955234028581552 -1.6432915120660692  2.9728517414215014 -1.8368500862005412  2.9497522750360674 -2.0191262457704804  2.9262369518321787 -2.1897743812711967  2.9023201072585119 -2.348461465719033  2.8780178316101956 -2.4948251645261359  2.8533488999061483 -2.6285328175133582  2.8283349805571376 -2.7492947542634441  2.8029999142065201 -2.8568225845150836  2.777369835443916 -2.9508425298854637  2.7514730076955201 -3.0310939878574774  2.7253397514923283 -3.0973319505625341  2.6990020716244274 -3.1493284195613276  2.672494183551509 -3.1868734464050195  2.645849541117093 -3.2097779563459081  2.6191107726383347 -3.2178689204164872  2.5922913171049626 -3.2110122952897022  2.5654714380722616 -3.189184738034911  2.5387725983484906 -3.1524896085590584  2.5122609736957435 -3.1011486146000324  2.4859609806728922 -3.0353785413387477  2.4599078245158639 -2.9554177791266563  2.4341313591032141 -2.8615241214512377  2.4086598781471644 -2.7539896325925  2.3835192706857979 -2.6331160152676039  2.3587331417470034 -2.4992177740671915  2.3343227358160803 -2.3526170401090063  2.3103067718389334 -2.1936506513516743  2.2867014106561303 -2.0226706944868216  2.2635205894345831 -1.8400268855040336  2.240775927065489 -1.6460735253259791  2.2184768506293207 -1.4411657622789495  2.1966306869772674 -1.2256588526513919  2.1752427784450243 -0.99990674154836823  2.1543166205485647 -0.76426103218001762  2.1338539501566567 -0.5190697782768382  2.1138550526600293 -0.26467730525984484  2.1008305293579106 -0.089172968919967552  2.0943951023931966 3.6920883578564479e-14 
 2.38072832283883e-07 4 0.00047731302595016377 1 0.00095438797906804366 1 0.0014314629321859236 1 0.0019085378853038034 1 0.0023856128384216833 1 0.0028626877915395631 1 0.0033397627446574429 1 0.0038168376977753228 1 0.0042939126508932035 1 0.0047709876040110833 1 0.0052480625571289631 1 0.005725137510246843 1 0.0062022124633647228 1 0.0066792874164826026 1 0.0071563623696004825 1 0.0076334373227183623 1 0.0081105122758362413 1 0.008587587228954122 1 0.0090646621820720009 1 0.0095417371351898816 1 0.010018812088307761 1 0.010495887041425641 1 0.01097296199454352 1 0.011450036947661401 1 0.01192711190077928 1 0.012404186853897161 1 0.01288126180701504 1 0.01335833676013292 1 0.013835411713250799 1 0.01431248666636868 1 0.014789561619486559 1 0.01526663657260444 1 0.01574371152572232 1 0.016220786478840201 1 0.016697861431958082 1 0.017174936385075962 1 0.01765201133819384 1 0.01812908629131172 1 0.018606161244429601 1 0.019083236197547482 1 0.019560311150665359 1 0.02003738610378324 1 0.02051446105690112 1 0.020991536010019001 4
7 0 0  3 47 45  2.0943951023931966 3.6920883578564479e-14  2.087991326434067 -0.088733741277346095  2.0750199788447827 -0.26355117954238499  2.0550659492492516 -0.51745907411650605  2.0346090098431318 -0.76268302729376303  2.0136442404290347 -0.99884878066783778  1.9921708412088417 -1.225549309003406  1.9701793529850162 -1.4424554076165275  1.9477486160487747 -1.648433509818219  1.9248841301874013 -1.8431939773428911  1.9016018437153699 -2.0263567409090077  1.877917644266301 -2.1975753355348289  1.8538516327353334 -2.3565086875763193  1.8294217696674648 -2.502820658119068  1.8046455782603963 -2.6362302353665625  1.7795472993012282 -2.7564762783154224  1.7541522121664268 -2.8633078659269251  1.7284880449639386 -2.9564889509038226  1.7025844410954731 -3.0357991318212658  1.6764729018181337 -3.1010352860363537  1.6501865609546285 -3.1520131023070643  1.623759955505421 -3.1885674379854141  1.5972287953122526 -3.2105565920314207  1.570629576006791 -3.2178510464125747  1.5439996815844057 -3.2103792356143654  1.5173771658438135 -3.188151399542841  1.4908000096713612 -3.1511673572692223  1.4643048221466146 -3.0994547987580732  1.4379314743408638 -3.0330815809057441  1.4117039918619667 -2.9520661272848669  1.3857736028691598 -2.8569706950958458  1.3601667522293011 -2.748138141587829  1.3349209371788568 -2.625954371400764  1.3100661084788936 -2.4908214035972285  1.2856339080072015 -2.3431811389965347  1.2616385879973839 -2.1834312898377362  1.2380827621280099 -2.0119057432202641  1.2149806354348216 -1.8290021721029446  1.1923403496024692 -1.6351005773072287  1.1701688588362613 -1.4305833321652399  1.1484707879756793 -1.2158282015588278  1.1272489130039296 -0.99120874978429985  1.1065042285730842 -0.75709302543760382  1.0862360826745383 -0.51384255590035299  1.0664424742829282 -0.26181261748675566  1.0535605806935491 -0.088169443506297462  1.0471975511966001 0 
 0.018507911288763002 4 0.018985914192992455 1 0.019463917097221912 1 0.019941920001451365 1 0.020419922905680819 1 0.020897925809910275 1 0.021375928714139729 1 0.021853931618369182 1 0.022331934522598636 1 0.022809937426828093 1 0.023287940331057546 1 0.023765943235287003 1 0.024243946139516456 1 0.02472194904374591 1 0.025199951947975363 1 0.02567795485220482 1 0.026155957756434273 1 0.02663396066066373 1 0.027111963564893184 1 0.027589966469122637 1 0.02806796937335209 1 0.028545972277581544 1 0.029023975181811001 1 0.029501978086040454 1 0.029979980990269911 1 0.030457983894499364 1 0.030935986798728818 1 0.031413989702958271 1 0.031891992607187725 1 0.032369995511417185 1 0.032847998415646638 1 0.033326001319876092 1 0.033804004224105545 1 0.034282007128334999 1 0.034760010032564459 1 0.035238012936793905 1 0.035716015841023366 1 0.036194018745252819 1 0.036672021649482273 1 0.037150024553711726 1 0.037628027457941179 1 0.03810603036217064 1 0.038584033266400086 1 0.039062036170629547 1 0.039540039074859 4
7 0 0  3 47 45  1.0471975511966001 0  1.0407701378507812 -0.089061985052451401  1.0277632571349529 -0.26433342480119948  1.007796122622538 -0.51834964911403991  0.98737096572626137 -0.76314340027022687  0.96648852902775095 -0.99837681803932754  0.94515100447782374 -1.223708877006275  0.92336233569171855 -1.4387956415007552  0.90112830046496539 -1.6432915120659428  0.87845663902831472 -1.8368500862003059  0.85535717264287847 -2.0191262457702743  0.83184184943899242 -2.1897743812708725  0.80792500486532215 -2.3484614657187897  0.78362272921700693 -2.4948251645258321  0.75895379751295711 -2.6285328175130793  0.73393987816394834 -2.7492947542631265  0.70860481181332879 -2.8568225845148425  0.68297473305072509 -2.9508425298851866  0.6570779053023289 -3.0310939878572412  0.63094464909913728 -3.097331950562332  0.60460696923123924 -3.1493284195612476  0.57809908115831432 -3.1868734464049502  0.55145443872390387 -3.2097779563460209  0.52471567024514421 -3.2178689204167847  0.49789621471177142 -3.211012295289974  0.47107633567907597 -3.189184738034871  0.44437749595528769 -3.152489608559482  0.41786587130254127 -3.1011486146002558  0.39156587827970385 -3.0353785413386647  0.36551272212266767 -2.9554177791266789  0.33973625671001828 -2.8615241214512905  0.31426477575397116 -2.753989632592559  0.28912416829260995 -2.6331160152676119  0.26433803935382166 -2.4992177740671941  0.23992763342289977 -2.3526170401089312  0.21591166944575696 -2.1936506513516263  0.19230630826295297 -2.0226706944868114  0.16912548704140357 -1.8400268855039534  0.14638082467230382 -1.6460735253259573  0.12408174823613397 -1.4411657622788747  0.10223558458407468 -1.2256588526512526  0.08084767605183199 -0.99990674154833525  0.059921518155366199 -0.76426103217982488  0.039458847763457386 -0.51906977827674305  0.019459950266832074 -0.26467730525980754  0.0064354269647149583 -0.08917296891998229  0 0 
 2.3807283226881299e-07 4 0.00047731302595014914 1 0.00095438797906802946 1 0.0014314629321859097 1 0.00190853788530379 1 0.0023856128384216707 1 0.002862687791539551 1 0.0033397627446574312 1 0.0038168376977753115 1 0.0042939126508931913 1 0.004770987604011072 1 0.0052480625571289519 1 0.0057251375102468326 1 0.0062022124633647124 1 0.0066792874164825931 1 0.0071563623696004729 1 0.0076334373227183536 1 0.0081105122758362343 1 0.008587587228954115 1 0.0090646621820719957 1 0.0095417371351898764 1 0.010018812088307755 1 0.010495887041425636 1 0.010972961994543517 1 0.011450036947661398 1 0.011927111900779278 1 0.012404186853897157 1 0.012881261807015038 1 0.013358336760132919 1 0.013835411713250799 1 0.014312486666368678 1 0.014789561619486559 1 0.01526663657260444 1 0.015743711525722317 1 0.016220786478840198 1 0.016697861431958078 1 0.017174936385075959 1 0.01765201133819384 1 0.01812908629131172 1 0.018606161244429601 1 0.019083236197547482 1 0.019560311150665362 1 0.02003738610378324 1 0.02051446105690112 1 0.020991536010019001 4
1 0 -8.8817841970012523e-16 0 1 
1 6.2831853071795862 -8.8817841970012523e-16 0 1 
1 0 0 0 -1 
1 6.2831853071795862 0 0 -1 
1 3.1415926535897931 0 0 -1 
1 3.1415926535897931 0 0 -1 
7 0 0  3 47 45  5.2359877559829897 3.6484030110657875  5.229583980023861 3.5596692697883094  5.2166126324345754 3.3848518315231559  5.1966586028390447 3.1309439369490155  5.1762016634329253 2.8857199837718333  5.1552368940188282 2.6495542303978254  5.133763494798635 2.4228537020623202  5.1117720065748102 2.205947603449224  5.0893412696385667 1.9999695012475669  5.0664767837771949 1.8052090337228872  5.0431944973051621 1.6220462701567717  5.0195102978560957 1.4508276755309777  4.9954442863251263 1.2918943234894389  4.971014423257258 1.1455823529466802  4.9462382318501881 1.0121727756990835  4.9211399528910214 0.8919267327503182  4.8957448657562193 0.78509514513869749  4.8700806985537319 0.69191406016174595  4.8441770946852678 0.61260387924423498  4.8180655554079257 0.5473677250291259  4.7917792145444205 0.49638990875837896  4.7653526090952152 0.45983557308012901  4.7388214489020459 0.43784641903401789  4.7122222295965832 0.43055196465312684  4.6855923351742002 0.43802377545121063  4.6589698194336053 0.46025161152272459  4.6323926632611547 0.49723565379631501  4.6058974757364055 0.54894821230709423  4.5795241279306573 0.61532143015963359  4.5532966454517592 0.69633688378031389  4.5273662564589552 0.79143231596948638  4.501759405819092 0.90026486947734996  4.4765135907686497 1.0224486396645998  4.4516587620686865 1.1575816074680794  4.4272265615969939 1.3052218720688837  4.4032312415871768 1.4649717212277396  4.3796754157178031 1.636497267845296  4.3565732890246149 1.8194008389625798  4.3339330031922616 2.0133024337582572  4.3117615124260542 2.2178196789002582  4.2900634415654721 2.4325748095067268  4.268841566593724 2.6571942612812078  4.2480968821628782 2.8913099856278475  4.2278287362643301 3.1345604551652086  4.2080351278727219 3.3865903935788553  4.1951532342833424 3.5602335675593948  4.1887902047863932 3.6484030110657506 
 0.018507911288763002 4 0.018985914192992455 1 0.019463917097221912 1 0.019941920001451365 1 0.020419922905680819 1 0.020897925809910275 1 0.021375928714139729 1 0.021853931618369182 1 0.022331934522598636 1 0.022809937426828093 1 0.023287940331057546 1 0.023765943235287003 1 0.024243946139516456 1 0.02472194904374591 1 0.025199951947975363 1 0.02567795485220482 1 0.026155957756434273 1 0.02663396066066373 1 0.027111963564893184 1 0.027589966469122637 1 0.02806796937335209 1 0.028545972277581544 1 0.029023975181811001 1 0.029501978086040454 1 0.029979980990269911 1 0.030457983894499364 1 0.030935986798728818 1 0.031413989702958271 1 0.031891992607187725 1 0.032369995511417185 1 0.032847998415646638 1 0.033326001319876092 1 0.033804004224105545 1 0.034282007128334999 1 0.034760010032564459 1 0.035238012936793905 1 0.035716015841023366 1 0.036194018745252819 1 0.036672021649482273 1 0.037150024553711726 1 0.037628027457941179 1 0.03810603036217064 1 0.038584033266400086 1 0.039062036170629547 1 0.039540039074859 4
7 0 0  3 47 45  5.2359877559829862 0  5.229624726486036 -0.08816944350637114  5.2167428328966547 -0.26181261748685408  5.1969492245050493 -0.51384255590030703  5.1766810786064994 -0.75709302543770274  5.1559363941756571 -0.99120874978427853  5.1347145192039036 -1.215828201558838  5.1130164483433251 -1.4305833321652741  5.0908449575771142 -1.6351005773073284  5.0682046717447644 -1.829002172102945  5.0451025450515736 -2.0119057432202125  5.0215467191821999 -2.1834312898378019  4.9975513991723846 -2.3431811389965205  4.973119198700692 -2.4908214035972387  4.9482643700007314 -2.6259543714007365  4.9230185549502838 -2.7481381415879143  4.8974117043104286 -2.8569706950957232  4.8714813153176202 -2.9520661272849149  4.8452538328387238 -3.0330815809056575  4.8188804850329721 -3.0994547987581864  4.7923852975082255 -3.1511673572692001  4.7658081413357696 -3.1881513995428361  4.7391856255951819 -3.2103792356144245  4.7125557311727926 -3.2178510464125125  4.6859565118673352 -3.2105565920314434  4.6594253516741615 -3.1885674379853626  4.6329987462249562 -3.1520131023070737  4.6067124053614519 -3.1010352860363493  4.5806008660841098 -3.0357991318212725  4.5546972622156465 -2.9564889509037666  4.5290330950131539 -2.8633078659269313  4.5036380078783589 -2.7564762783154184  4.4785397289191904 -2.6362302353665545  4.4537635375121178 -2.5028206581191044  4.4293336744442522 -2.3565086875763188  4.4052676629132845 -2.1975753355347791  4.3815834634642137 -2.0263567409090126  4.3583011769921844 -1.8431939773427897  4.3354366911308126 -1.6484335098182508  4.3130059541945682 -1.4424554076165077  4.291014465970747 -1.2255493090034553  4.2695410667505511 -0.99884878066781446  4.2485762973364558 -0.76268302729381499  4.2281193579303338 -0.51745907411649916  4.2081653283348057 -0.26355117954240104  4.1951939807455201 -0.088733741277357309  4.1887902047863896 3.6920883578564479e-14 
 0.0076535849506607304 4 0.0081303827791780435 1 0.0086071806076953566 1 0.0090839784362126696 1 0.0095607762647299827 1 0.010037574093247296 1 0.010514371921764607 1 0.01099116975028192 1 0.011467967578799233 1 0.011944765407316546 1 0.012421563235833859 1 0.012898361064351173 1 0.013375158892868486 1 0.013851956721385799 1 0.014328754549903112 1 0.014805552378420423 1 0.015282350206937738 1 0.015759148035455049 1 0.016235945863972361 1 0.016712743692489675 1 0.01718954152100699 1 0.017666339349524302 1 0.018143137178041613 1 0.018619935006558928 1 0.019096732835076242 1 0.019573530663593554 1 0.020050328492110865 1 0.020527126320628176 1 0.021003924149145491 1 0.021480721977662806 1 0.021957519806180117 1 0.022434317634697429 1 0.022911115463214744 1 0.023387913291732058 1 0.02386471112024937 1 0.024341508948766681 1 0.024818306777283992 1 0.025295104605801311 1 0.025771902434318622 1 0.026248700262835933 1 0.026725498091353245 1 0.027202295919870563 1 0.027679093748387874 1 0.028155891576905186 1 0.0286326894054225 4
7 0 0  3 47 45  6.2831853071795862 3.6484030110655659  6.2767578938337678 3.5593410260131577  6.263751013117937 3.384069586264447  6.2437838786055222 3.1300533619515778  6.2233587217092436 2.885259610795385  6.2024762850107322 2.6500261930262123  6.1811387604608052 2.4246941340592167  6.1593500916746988 2.2096073695645582  6.1371160564479448 2.0051114989993968  6.1144443950112937 1.8115529248648397  6.0913449286258574 1.6292767652949403  6.0678296054219736 1.4586286297942574  6.0439127608483005 1.2999415453464196  6.0196104851999879 1.1535778465394517  5.994941553495936 1.0198701935522212  5.9699276341469254 0.89910825680219542  5.9445925677963061 0.79158042655047989  5.9189624890337038 0.69756048118006864  5.8930656612853065 0.61730902320809311  5.8669324050821148 0.55107106050297205  5.8405947252142179 0.49907459150419736  5.8140868371413061 0.46152956466050243  5.7874421947068919 0.43862505471963753  5.760703426228142 0.43053409064904352  5.7338839706947722 0.43739071577589556  5.7070640916620627 0.45921827303079349  5.680365251938297 0.49591340250649668  5.6538536272855451 0.54725439646547946  5.6275536342626769 0.61302446972651381  5.6015004781056597 0.69298523193854467  5.5757240126930094 0.78687888961405184  5.5502525317369633 0.89441337847289459  5.5251119242755946 1.0152869957977961  5.5003257953368063 1.1491852369984377  5.475915389405877 1.295785970956453  5.4518994254287323 1.4547523597137464  5.4282940642459323 1.6257323165785185  5.4051132430243793 1.8083761255613748  5.3823685806552826 2.0023294857395366  5.3600695042191138 2.207237248786496  5.3382233405670565 2.4227441584142775  5.316835432034817 2.6484962695173349  5.2959092741383493 2.884141978885701  5.275446603746448 3.1293332327890258  5.2554477062498197 3.3837257058060248  5.2424231829477019 3.5592300421458396  5.2359877559829897 3.6484030110657875 
 2.3807283227887e-07 4 0.00047731302595015889 1 0.000954387979068039 1 0.001431462932185919 1 0.0019085378853037991 1 0.0023856128384216789 1 0.0028626877915395592 1 0.0033397627446574395 1 0.0038168376977753193 1 0.0042939126508931991 1 0.004770987604011079 1 0.0052480625571289597 1 0.0057251375102468395 1 0.0062022124633647193 1 0.0066792874164826 1 0.0071563623696004799 1 0.0076334373227183597 1 0.0081105122758362395 1 0.0085875872289541185 1 0.0090646621820719992 1 0.0095417371351898782 1 0.010018812088307759 1 0.01049588704142564 1 0.010972961994543519 1 0.011450036947661399 1 0.01192711190077928 1 0.012404186853897159 1 0.01288126180701504 1 0.01335833676013292 1 0.013835411713250799 1 0.01431248666636868 1 0.014789561619486559 1 0.01526663657260444 1 0.01574371152572232 1 0.016220786478840201 1 0.016697861431958078 1 0.017174936385075959 1 0.01765201133819384 1 0.01812908629131172 1 0.018606161244429601 1 0.019083236197547478 1 0.019560311150665359 1 0.02003738610378324 1 0.02051446105690112 1 0.020991536010019001 4
7 0 0  3 47 45  4.1887902047863896 3.6920883578564479e-14  4.1823627914405686 -0.089061985052425047  4.1693559107247369 -0.26433342480119343  4.1493887762123212 -0.51834964911406378  4.1289636193160399 -0.76314340027028582  4.1080811826175312 -0.99837681803941847  4.0867436580676051 -1.2237088770063145  4.064954989281496 -1.4387956415009104  4.0427209540547517 -1.6432915120660385  4.0200492926180997 -1.8368500862005381  3.9969498262326635 -2.0191262457703978  3.9734345030287792 -2.1897743812710679  3.9495176584551093 -2.3484614657189238  3.9252153828067917 -2.4948251645259694  3.9005464511027439 -2.6285328175131397  3.8755325317537328 -2.7492947542632273  3.8501974654031126 -2.8568225845148576  3.8245673866405125 -2.9508425298852594  3.7986705588921135 -3.031093987857338  3.7725373026889271 -3.0973319505623769  3.7461996228210297 -3.1493284195613036  3.7196917347481127 -3.1868734464049604  3.6930470923137046 -3.2097779563459636  3.6663083238349534 -3.2178689204167421  3.6394888683015805 -3.2110122952898879  3.6126689892688688 -3.1891847380346525  3.5859701495450915 -3.1524896085591081  3.55945852489234 -3.101148614600072  3.5331585318694909 -3.0353785413387824  3.5071053757124702 -2.9554177791268352  3.4813289102998168 -2.8615241214514318  3.4558574293437747 -2.7539896325926159  3.4307168218824073 -2.6331160152676669  3.4059306929436164 -2.4992177740669868  3.3815202870126928 -2.3526170401089206  3.3575043230355508 -2.1936506513515601  3.333898961852745 -2.0226706944867536  3.3107181406311965 -1.8400268855039372  3.2879734782620949 -1.6460735253259329  3.2656744018259278 -1.4411657622789189  3.2438282381738688 -1.2256588526513212  3.2224403296416235 -0.99990674154836579  3.201514171745159 -0.76426103217999841  3.1810515013532528 -0.51906977827690093  3.1610526038566231 -0.26467730525996491  3.1480280805545058 -0.089172968920150281  3.1415926535897931 -1.8460441789282239e-13 
 2.38072832265839e-07 4 0.00047731302595014621 1 0.00095438797906802664 1 0.0014314629321859071 1 0.0019085378853037874 1 0.0023856128384216677 1 0.0028626877915395484 1 0.0033397627446574286 1 0.0038168376977753089 1 0.0042939126508931896 1 0.0047709876040110694 1 0.0052480625571289501 1 0.0057251375102468308 1 0.0062022124633647107 1 0.0066792874164825914 1 0.0071563623696004712 1 0.0076334373227183519 1 0.0081105122758362326 1 0.0085875872289541133 1 0.0090646621820719923 1 0.009541737135189873 1 0.010018812088307754 1 0.010495887041425634 1 0.010972961994543515 1 0.011450036947661396 1 0.011927111900779275 1 0.012404186853897155 1 0.012881261807015036 1 0.013358336760132917 1 0.013835411713250798 1 0.014312486666368677 1 0.014789561619486557 1 0.015266636572604438 1 0.015743711525722317 1 0.016220786478840198 1 0.016697861431958078 1 0.017174936385075959 1 0.01765201133819384 1 0.018129086291311717 1 0.018606161244429598 1 0.019083236197547478 1 0.019560311150665359 1 0.02003738610378324 1 0.02051446105690112 1 0.020991536010019001 4
7 0 0  3 47 45  4.1887902047863932 3.6484030110657506  4.1823627914405739 3.5593410260133087  4.1693559107247431 3.3840695862645163  4.1493887762123265 3.1300533619515138  4.1289636193160479 2.8852596107953556  4.1080811826175383 2.6500261930260831  4.0867436580676095 2.4246941340591883  4.064954989281504 2.2096073695645377  4.0427209540547491 2.005111498999339  4.0200492926181015 1.8115529248649047  3.9969498262326635 1.6292767652950197  3.9734345030287788 1.4586286297944187  3.9495176584551079 1.2999415453465577  3.9252153828067944 1.1535778465396425  3.9005464511027474 1.0198701935523542  3.8755325317537346 0.89910825680240225  3.850197465403117 0.79158042655067495  3.8245673866405143 0.69756048118020142  3.798670558892117 0.61730902320823411  3.7725373026889288 0.55107106050306864  3.7461996228210306 0.49907459150422279  3.7196917347481162 0.46152956466059492  3.6930470923137024 0.43862505471961161  3.6663083238349539 0.43053409064901382  3.6394888683015822 0.43739071577592292  3.6126689892688795 0.45921827303091672  3.5859701495450955 0.49591340250637783  3.559458524892344 0.54725439646528429  3.5331585318694851 0.61302446972657854  3.5071053757124626 0.69298523193852923  3.4813289102998124 0.78687888961406682  3.4558574293437716 0.89441337847292335  3.4307168218824078 1.0152869957979123  3.4059306929436177 1.14918523699859  3.381520287012695 1.2957859709565769  3.3575043230355499 1.4547523597139267  3.3338989618527486 1.6257323165786499  3.3107181406311956 1.8083761255615365  3.2879734782620957 2.0023294857395899  3.2656744018259274 2.2072372487865835  3.2438282381738683 2.4227441584143357  3.2224403296416244 2.6484962695173495  3.2015141717451585 2.8841419788857294  3.1810515013532519 3.1293332327890258  3.1610526038566227 3.3837257058059786  3.1480280805545062 3.559230042145789  3.1415926535897931 3.6484030110657506 
 2.38072832276817e-07 4 0.00047731302595015689 1 0.00095438797906803694 1 0.0014314629321859169 1 0.0019085378853037969 1 0.0023856128384216768 1 0.002862687791539557 1 0.0033397627446574373 1 0.0038168376977753171 1 0.0042939126508931974 1 0.0047709876040110772 1 0.0052480625571289579 1 0.0057251375102468378 1 0.0062022124633647176 1 0.0066792874164825983 1 0.0071563623696004781 1 0.007633437322718358 1 0.0081105122758362378 1 0.0085875872289541168 1 0.0090646621820719975 1 0.0095417371351898764 1 0.010018812088307757 1 0.010495887041425638 1 0.010972961994543517 1 0.011450036947661398 1 0.011927111900779278 1 0.012404186853897157 1 0.012881261807015038 1 0.013358336760132919 1 0.013835411713250798 1 0.014312486666368678 1 0.014789561619486557 1 0.015266636572604438 1 0.01574371152572232 1 0.016220786478840201 1 0.016697861431958078 1 0.017174936385075959 1 0.01765201133819384 1 0.01812908629131172 1 0.018606161244429601 1 0.019083236197547478 1 0.019560311150665359 1 0.02003738610378324 1 0.02051446105690112 1 0.020991536010019001 4
7 0 0  3 47 45  6.2831853071795862 0  6.2767578938337678 -0.089061985052483861  6.263751013117937 -0.26433342480127636  6.2437838786055222 -0.51834964911414683  6.2233587217092428 -0.76314340027038796  6.2024762850107322 -0.99837681803949907  6.1811387604608043 -1.2237088770064053  6.1593500916746988 -1.438795641500964  6.1371160564479466 -1.6432915120661575  6.1144443950112937 -1.8368500862005293  6.091344928625861 -2.0191262457703472  6.0678296054219727 -2.1897743812711785  6.0439127608483041 -2.3484614657189407  6.0196104851999896 -2.4948251645260293  5.9949415534959423 -2.6285328175132201  5.9699276341469316 -2.7492947542632558  5.9445925677963114 -2.8568225845149806  5.91896248903371 -2.9508425298852567  5.8930656612853136 -3.0310939878573948  5.8669324050821228 -3.0973319505623147  5.8405947252142223 -3.1493284195611979  5.8140868371413124 -3.186873446405011  5.7874421947068955 -3.209777956345893  5.7607034262281465 -3.2178689204166084  5.7338839706947775 -3.2110122952898075  5.7070640916620707 -3.1891847380347724  5.680365251938289 -3.1524896085594096  5.653853627285538 -3.1011486146002789  5.6275536342626822 -3.0353785413385754  5.601500478105657 -2.9554177791266922  5.575724012693013 -2.861524121451267  5.5502525317369678 -2.7539896325925106  5.5251119242756026 -2.6331160152675506  5.5003257953368152 -2.4992177740671719  5.4759153894058894 -2.3526170401089148  5.4518994254287456 -2.1936506513516187  5.4282940642459439 -2.0226706944867856  5.4051132430243909 -1.840026885503933  5.3823685806552897 -1.6460735253259327  5.3600695042191226 -1.4411657622788465  5.3382233405670618 -1.2256588526512606  5.3168354320348179 -0.9999067415482602  5.2959092741383555 -0.76426103217981545  5.2754466037464454 -0.51906977827675882  5.2554477062498153 -0.26467730525979349  5.2424231829477002 -0.089172968919968051  5.2359877559829862 0 
 2.3807283227762999e-07 4 0.0004773130259501577 1 0.0009543879790680377 1 0.0014314629321859177 1 0.0019085378853037978 1 0.0023856128384216776 1 0.0028626877915395579 1 0.0033397627446574382 1 0.003816837697775318 1 0.0042939126508931983 1 0.0047709876040110781 1 0.0052480625571289588 1 0.0057251375102468386 1 0.0062022124633647185 1 0.0066792874164825992 1 0.007156362369600479 1 0.0076334373227183588 1 0.0081105122758362395 1 0.0085875872289541185 1 0.0090646621820719992 1 0.0095417371351898782 1 0.010018812088307759 1 0.01049588704142564 1 0.010972961994543519 1 0.011450036947661399 1 0.01192711190077928 1 0.012404186853897159 1 0.01288126180701504 1 0.01335833676013292 1 0.013835411713250799 1 0.01431248666636868 1 0.014789561619486559 1 0.01526663657260444 1 0.01574371152572232 1 0.016220786478840201 1 0.016697861431958078 1 0.017174936385075959 1 0.01765201133819384 1 0.01812908629131172 1 0.018606161244429601 1 0.019083236197547478 1 0.019560311150665359 1 0.02003738610378324 1 0.02051446105690112 1 0.020991536010019001 4
1 9.4247779607693793 -3.6484030110657648 -1 0 
1 3.1415926535897931 8.8817841970012237e-16 -1 0 
1 0 0 1 0 
1 6.2831853071795862 1.5516288484468426 -1 0 
1 6.2831853071795862 -20.724185575777028 -1 0 
1 0 3.0767402982137064e-15 1 0 
1 0 -1.34375 1 0 
1 -3.1415926535897931 -1.551628848447137 1 0 
Curves 735
1 -75.809489098300702 481.14874062213403 153.87743460339101 0 1 0 
2 -75.809489098300702 473.64874062213403 113.87743460339099 0 1 0 0 0 -1 -1 0 0 40
1 -46.429715516203899 488.64874062213403 141.02202714527201 -0 -1 -0 
2 -75.809489098300702 488.64874062213403 113.87743460339099 0 1 0 0 0 -1 -1 0 0 40
1 -92.944055381155707 488.64874062213403 82.411773809696996 -0 -1 -0 
2 -92.944055381155707 473.64874062213403 94.911773809696996 0 1 0 0 -0 1 1 0 -0 12.5
1 -92.944055381155707 488.64874062213403 107.411773809697 -0 -1 -0 
2 -92.944055381155707 488.64874062213403 94.911773809696996 0 1 0 0 -0 1 1 0 -0 12.5
1 -101.824055381156 488.64874062213403 -75.388226190303001 -0.42261826174070388 0 0.90630778703664783 
2 -111.92406311895699 488.64874062213403 40.919373626709799 0 1 0 0 -0 1 1 0 -0 40
1 -151.62249708222799 488.64874062213403 36.016890494274897 -0.12256207831087396 0 0.99246084908177568 
2 -118.490409390834 488.64874062213403 94.091135122323294 0 1 0 0 -0 1 1 0 -0 40
1 -135.31398484448101 488.64874062213403 130.381179334965 0.90725110531603126 0 0.4205893863411671 
2 -75.809489098300702 488.64874062213403 113.87743460339099 0 1 0 0 0 -1 -1 0 0 40
1 -9.8166013458256405 488.64874062213403 101.39406062481299 0.67861481354702324 0 -0.73449433955241528 
2 -39.196374927922101 488.64874062213403 74.249468082931699 0 1 0 0 0 -1 -1 0 0 40
1 74.715944618844304 488.64874062213403 -75.388226190303001 0.42261826174070388 0 -0.90630778703664783 
1 -101.824055381156 488.64874062213403 -75.388226190303001 -1 -0 -0 
2 -89.769055381155695 488.64874062213403 67.561773809696902 0 1 0 0 -0 1 1 0 -0 6.3499999999999899
1 -96.119055381155704 488.64874062213403 73.911773809696996 1 0 0 
2 -96.119055381155704 488.64874062213403 67.561773809696902 0 1 0 0 -0 1 1 0 -0 6.3499999999999899
1 -96.119055381155704 488.64874062213403 61.211773809697 1 0 0 
7 0 0  3 4 2  -47.261532553661397 488.64874062213403 -16.915163234855701  -47.442741808244399 488.64874062213403 -16.7385295669364  -49.454013505560098 488.64874062213403 -14.7351053640741  -49.672146917692402 488.64874062213403 -14.5725852995319 
 5 4 6 4
7 0 0  2 3 2  -46.479179335460898 488.64874062213403 -16.741548715704901  -46.699209429804498 488.64874062213403 -17.295847041143102  -47.261532553661397 488.64874062213403 -16.915163234855701 
 4 3 5 3
7 0 0  2 3 2  -44.753146751669597 488.64874062213403 -12.2974224746985  -44.685195374147398 488.64874062213403 -12.170629285652399  -46.479179335460898 488.64874062213403 -16.741548715704901 
 3 3 4 3
7 0 0  3 4 2  -45.438505414081199 488.64874062213403 -11.663286789992  -44.584187125495099 488.64874062213403 -11.449261785023699  -44.719378911424698 488.64874062213403 -12.2340817139593  -44.753146751669597 488.64874062213403 -12.2974224746985 
 2 4 3 4
7 0 0  3 4 2  -49.545467773844798 488.64874062213403 -13.862359393688999  -49.475193295036199 488.64874062213403 -13.7849123173946  -45.512574951125401 488.64874062213403 -11.666876732646401  -45.438505414081199 488.64874062213403 -11.663286789992 
 1 4 2 4
7 0 0  3 4 2  -49.672146917692402 488.64874062213403 -14.5725852995319  -50.003751375651802 488.64874062213403 -14.094425947676401  -49.582606922114401 488.64874062213403 -13.8641561869717  -49.545467773844798 488.64874062213403 -13.862359393688999 
 0 4 1 4
7 0 0  2 3 2  -58.204008048998801 488.64874062213403 -6.1995432790176599  -58.524778585545597 488.64874062213403 -5.6960316370731903  -58.116367404493602 488.64874062213403 -5.4540812198910702 
 0 3 1 3
1 -55.544516837538403 488.64874062213403 -8.8388999598682307 -0.70978851721621883 0 0.70441483575234376 
7 0 0  2 3 2  -54.947515044920799 488.64874062213403 -8.9213011217970593  -55.370557027578698 488.64874062213403 -9.1146423156814596  -55.544516837538403 488.64874062213403 -8.8388999598682307 
 8 3 9 3
7 0 0  2 3 2  -48.248562694311701 488.64874062213403 -5.3867716546309898  -55.031364065414799 488.64874062213403 -8.9747616632511704  -54.947515044920799 488.64874062213403 -8.9213011217970593 
 7 3 8 3
7 0 0  2 3 2  -47.943696878871997 488.64874062213403 -5.0508832381774198  -47.971129746918599 488.64874062213403 -5.24984843514898  -48.248562694311701 488.64874062213403 -5.3867716546309898 
 6 3 7 3
7 0 0  2 3 2  -47.463479368198101 488.64874062213403 -3.7305698982890498  -47.809274133963598 488.64874062213403 -4.7603610054438299  -47.943696878871997 488.64874062213403 -5.0508832381774198 
 5 3 6 3
7 0 0  2 3 2  -47.553525007620301 488.64874062213403 -3.1419031647810098  -47.284247924093201 488.64874062213403 -3.35124659107117  -47.463479368198101 488.64874062213403 -3.7305698982890498 
 4 3 5 3
7 0 0  2 3 2  -49.408839004605099 488.64874062213403 -1.3040681269776  -47.7633607683901 488.64874062213403 -2.8924722670507799  -47.553525007620301 488.64874062213403 -3.1419031647810098 
 3 3 4 3
7 0 0  2 3 2  -49.968708936774 488.64874062213403 -1.2194526527796099  -49.5567059911127 488.64874062213403 -1.0516761523885501  -49.408839004605099 488.64874062213403 -1.3040681269776 
 2 3 3 3
7 0 0  3 4 2  -58.116367404493602 488.64874062213403 -5.4540812198910702  -58.045356036233301 488.64874062213403 -5.3889418439138703  -50.016890765949299 488.64874062213403 -1.24660538006259  -49.968708936774 488.64874062213403 -1.2194526527796099 
 1 4 2 4
7 0 0  2 3 2  -51.366236199161399 488.64874062213403 -12.9987075813169  -51.470627243246 488.64874062213403 -12.880247629424399  -53.934067817069199 488.64874062213403 -10.466234575627301 
 9 3 10 3
7 0 0  2 3 2  -50.731669686108198 488.64874062213403 -13.0917294958935  -51.0562300247122 488.64874062213403 -13.280323751368501  -51.366236199161399 488.64874062213403 -12.9987075813169 
 8 3 9 3
1 -43.918968736223398 488.64874062213403 -9.6135805953821905 -0.89064111556765768 0 -0.45470694217308588 
7 0 0  2 3 2  -43.650193862316002 488.64874062213403 -9.2916868269175605  -43.700555183326301 488.64874062213403 -9.5289536337781406  -43.918968736223398 488.64874062213403 -9.6135805953821905 
 6 3 7 3
7 0 0  2 3 2  -43.172508212420801 488.64874062213403 -7.9220310181889904  -43.604540250010302 488.64874062213403 -9.2154003902878099  -43.650193862316002 488.64874062213403 -9.2916868269175605 
 5 3 6 3
7 0 0  2 3 2  -43.297369898823497 488.64874062213403 -7.3845071907143698  -43.092597859612198 488.64874062213403 -7.5352531507637099  -43.172508212420801 488.64874062213403 -7.9220310181889904 
 4 3 5 3
7 0 0  2 3 2  -45.0784074212267 488.64874062213403 -5.5429741865991096  -43.339578999880501 488.64874062213403 -7.2752985923111204  -43.297369898823497 488.64874062213403 -7.3845071907143698 
 3 3 4 3
7 0 0  2 3 2  -45.7269722261806 488.64874062213403 -5.4136525709972698  -45.179138963342297 488.64874062213403 -5.2513360097681803  -45.0784074212267 488.64874062213403 -5.5429741865991096 
 2 3 3 3
7 0 0  3 4 2  -53.860844805402799 488.64874062213403 -9.6843757235500902  -53.717348289977998 488.64874062213403 -9.5787123722329302  -45.808498145386402 488.64874062213403 -5.5164592252021398  -45.7269722261806 488.64874062213403 -5.4136525709972698 
 1 4 2 4
7 0 0  2 3 2  -53.934067817069199 488.64874062213403 -10.466234575627301  -54.313433997899502 488.64874062213403 -10.0273323577448  -53.860844805402799 488.64874062213403 -9.6843757235500902 
 0 3 1 3
7 0 0  3 4 2  -58.4623533381219 488.64874062213403 6.7108205950144404  -58.026480720205797 488.64874062213403 7.1022456336550297  -57.966819922902502 488.64874062213403 6.9742343422922799  -57.627839614602003 488.64874062213403 6.7195400395030997 
 7 4 8 4
7 0 0  3 4 2  -63.9816281230896 488.64874062213403 1.02679284379616  -63.703516900431197 488.64874062213403 1.3162731755747099  -60.0460177192695 488.64874062213403 5.0510162978494604  -58.4623533381219 488.64874062213403 6.7108205950144404 
 8 4 9 4
7 0 0  3 4 2  -64.883697757907498 488.64874062213403 -0.058544747287612602  -64.643611445003302 488.64874062213403 0.25595709825398699  -64.347701955027205 488.64874062213403 0.61445089912746198  -63.9816281230896 488.64874062213403 1.02679284379616 
 0 4 1 4
7 0 0  3 4 2  -64.888986011562906 488.64874062213403 -5.1092324979935597  -65.909122544629994 488.64874062213403 -3.4801556864494501  -65.961865818768402 488.64874062213403 -1.8761664054217699  -64.883697757907498 488.64874062213403 -0.058544747287612602 
 1 4 2 4
7 0 0  3 4 2  -61.037639368846598 488.64874062213403 -5.0267629061435697  -60.892890736222498 488.64874062213403 -6.2669425644934904  -63.1555546072642 488.64874062213403 -7.8363799354583001  -64.888986011562906 488.64874062213403 -5.1092324979935597 
 2 4 3 4
7 0 0  3 4 2  -60.106701727909801 488.64874062213403 -2.44888038820767  -60.970071875787298 488.64874062213403 -3.4483426533233201  -61.047857246302698 488.64874062213403 -3.90900680567387  -61.037639368846598 488.64874062213403 -5.0267629061435697 
 3 4 4 4
7 0 0  3 4 2  -54.607630536596197 488.64874062213403 3.2381358775360498  -55.568328448385003 488.64874062213403 2.2156747940044301  -59.494222134767398 488.64874062213403 -1.7849908671591399  -60.106701727909801 488.64874062213403 -2.44888038820767 
 4 4 5 4
7 0 0  3 4 2  -54.566943648868801 488.64874062213403 3.7425273817471201  -54.4259864241657 488.64874062213403 3.5869087142059999  -54.446819919823199 488.64874062213403 3.4046601459850199  -54.607630536596197 488.64874062213403 3.2381358775360498 
 5 4 6 4
1 -54.566943648868801 488.64874062213403 3.7425273817471201 0.71686127975727409 0 -0.69721582425011208 
7 0 0  3 4 2  -65.423559845363002 488.64874062213403 1.4280405977120301  -65.725041436583595 488.64874062213403 1.1554846517511199  -66.061164790321399 488.64874062213403 1.1448146655384901  -66.3003346667237 488.64874062213403 1.37598357106123 
 26 4 27 4
7 0 0  3 4 2  -59.470701637808503 488.64874062213403 7.6047326319613298  -60.564233461572201 488.64874062213403 6.4699031513201204  -64.295367132047005 488.64874062213403 2.5989750130602798  -65.423559845363002 488.64874062213403 1.4280405977120301 
 25 4 26 4
7 0 0  3 4 2  -59.436313777688099 488.64874062213403 8.4640134525316704  -59.154500409519599 488.64874062213403 8.0867862541591098  -59.360273880494198 488.64874062213403 7.7864568428586303  -59.470701637808503 488.64874062213403 7.6047326319613298 
 24 4 25 4
7 0 0  3 4 2  -61.270537654171399 488.64874062213403 10.260034353998  -60.7873146279357 488.64874062213403 9.8529110786326406  -60.227304052818802 488.64874062213403 9.2278638822063499  -59.436313777688099 488.64874062213403 8.4640134525316704 
 23 4 24 4
7 0 0  3 4 2  -61.893424899347302 488.64874062213403 10.7008461772767  -61.698625599568402 488.64874062213403 10.6129907179553  -61.481733047302598 488.64874062213403 10.4378151967049  -61.270537654171399 488.64874062213403 10.260034353998 
 22 4 23 4
7 0 0  3 4 2  -62.5297828685447 488.64874062213403 10.932390947275101  -62.250668127727103 488.64874062213403 10.871274814287601  -62.229323407616597 488.64874062213403 10.8507650779803  -61.893424899347302 488.64874062213403 10.7008461772767 
 21 4 22 4
7 0 0  3 4 2  -64.606396882594296 488.64874062213403 10.8650288766376  -64.246093521228602 488.64874062213403 10.9439884326565  -63.497886472969 488.64874062213403 11.1656627087619  -62.5297828685447 488.64874062213403 10.932390947275101 
 20 4 21 4
7 0 0  3 4 2  -64.587468140398897 488.64874062213403 10.528318799269  -64.668482003170098 488.64874062213403 10.665354410348  -64.681178146718906 488.64874062213403 10.8065060354926  -64.606396882594296 488.64874062213403 10.8650288766376 
 19 4 20 4
7 0 0  2 3 2  -61.4771370773407 488.64874062213403 7.5246043854343396  -63.186980832678202 488.64874062213403 9.1755760660269896  -64.587468140398897 488.64874062213403 10.528318799269 
 18 3 19 3
7 0 0  2 3 2  -61.745068460522802 488.64874062213403 7.2979486727607004  -61.4852324712826 488.64874062213403 7.2406724898690404  -61.4771370773407 488.64874062213403 7.5246043854343396 
 17 3 18 3
7 0 0  3 4 2  -64.958098391192905 488.64874062213403 10.400940850538801  -63.7608884285684 488.64874062213403 9.2449112488500909  -62.4367163633571 488.64874062213403 8.0052714857018508  -61.745068460522802 488.64874062213403 7.2979486727607004 
 16 4 17 4
7 0 0  3 4 2  -65.569903122908102 488.64874062213403 10.470032182590201  -65.504563751813095 488.64874062213403 10.465325638816299  -65.238578907645405 488.64874062213403 10.671900357134099  -64.958098391192905 488.64874062213403 10.400940850538801 
 15 4 16 4
7 0 0  3 4 2  -67.013908886696896 488.64874062213403 9.4767230867294607  -66.481415897635102 488.64874062213403 9.9675638500023904  -65.635138114257401 488.64874062213403 10.474740548320201  -65.569903122908102 488.64874062213403 10.470032182590201 
 14 4 15 4
7 0 0  3 4 2  -66.727322124489106 488.64874062213403 8.9277177987531502  -66.821471728020299 488.64874062213403 9.0396741765242208  -67.151482320535607 488.64874062213403 9.3607219682952199  -67.013908886696896 488.64874062213403 9.4767230867294607 
 13 4 14 4
7 0 0  3 4 2  -63.275554412045203 488.64874062213403 5.5943844656038397  -64.060705415531004 488.64874062213403 6.3526985965034699  -66.6363090879872 488.64874062213403 8.8399301513471507  -66.727322124489106 488.64874062213403 8.9277177987531502 
 12 4 13 4
7 0 0  3 4 2  -63.530324072022701 488.64874062213403 5.3554291057942898  -63.294997227547697 488.64874062213403 5.3384456182646698  -63.270881537165302 488.64874062213403 5.5898719227860498  -63.275554412045203 488.64874062213403 5.5943844656038397 
 11 4 12 4
7 0 0  3 4 2  -66.880350554126593 488.64874062213403 8.5905120748692205  -65.950340429362996 488.64874062213403 7.6923091166225399  -64.017469456300404 488.64874062213403 5.8257573147855597  -63.530324072022701 488.64874062213403 5.3554291057942898 
 10 4 11 4
7 0 0  3 4 2  -67.586595237280406 488.64874062213403 8.8839015432784496  -67.338029131659297 488.64874062213403 9.2330072152939007  -67.126884021697705 488.64874062213403 8.8188377481572804  -66.880350554126593 488.64874062213403 8.5905120748692205 
 9 4 10 4
7 0 0  3 4 2  -68.5332499041521 488.64874062213403 7.3619719124133702  -68.225569520239006 488.64874062213403 8.0689881021692997  -68.068987458327001 488.64874062213403 8.2325150375489198  -67.586595237280406 488.64874062213403 8.8839015432784496 
 8 4 9 4
7 0 0  3 4 2  -68.298661764092898 488.64874062213403 6.7592267413618599  -68.3202526310574 488.64874062213403 6.8536555577882998  -68.662798993314098 488.64874062213403 6.9357997360738199  -68.5332499041521 488.64874062213403 7.3619719124133702 
 7 4 8 4
7 0 0  3 4 2  -65.160822638309199 488.64874062213403 3.72884547983162  -65.624070817721204 488.64874062213403 4.1759938060320696  -68.169837277834901 488.64874062213403 6.6347197607563801  -68.298661764092898 488.64874062213403 6.7592267413618599 
 6 4 7 4
7 0 0  3 4 2  -65.374948110317803 488.64874062213403 3.4740338071127299  -65.296579356848 488.64874062213403 3.44263986068461  -65.100180160100507 488.64874062213403 3.6701865455690701  -65.160822638309199 488.64874062213403 3.72884547983162 
 5.0530745328242297 4 6 4
7 0 0  3 4 2  -68.509694781747399 488.64874062213403 6.4970201477609102  -68.319516209848899 488.64874062213403 6.3136627621338697  -65.395889757455194 488.64874062213403 3.52307327300701  -65.374948110317803 488.64874062213403 3.4740338071127299 
 4 4 4.9612342762520303 4
7 0 0  3 4 2  -68.850296697789304 488.64874062213403 6.3900045398559699  -68.816196537101305 488.64874062213403 6.7932106929738998  -68.470931580542995 488.64874062213403 6.5373731505406498  -68.509694781747399 488.64874062213403 6.4970201477609102 
 3 4 4 4
7 0 0  3 4 2  -68.869458640363305 488.64874062213403 4.5328150810819903  -69.111507849692501 488.64874062213403 5.4373882181335498  -68.9567037994304 488.64874062213403 5.8702659143928599  -68.850296697789304 488.64874062213403 6.3900045398559699 
 2 4 3 4
7 0 0  3 4 2  -68.248308381971199 488.64874062213403 3.2763099184977  -68.471173391509794 488.64874062213403 3.5244692743558801  -68.862913012160305 488.64874062213403 4.2535240305629101  -68.869458640363305 488.64874062213403 4.5328150810819903 
 1 4 2 4
7 0 0  3 4 2  -66.3003346667237 488.64874062213403 1.37598357106123  -66.876901883931694 488.64874062213403 1.9326654403349199  -67.360570178442103 488.64874062213403 2.4191337206858101  -68.248308381971199 488.64874062213403 3.2763099184977 
 0 4 1 4
2 -92.944055381155707 488.64874062213403 94.911773809696996 0 1 0 0 -0 1 1 0 -0 12.5
1 -45.266994042044303 488.64874062213403 5.6663436396713696 0 0 1 
1 -45.266994042044303 488.64874062213403 15.788294859183599 -1 0 0 
1 -46.486506237166203 488.64874062213403 15.788294859183599 0 0 -1 
7 0 0  3 11 9  -46.486506237166203 488.64874062213403 7.2936302250372496  -46.543192716408797 488.64874062213403 7.3458306673633196  -46.668025710959199 488.64874062213403 7.4607846673202998  -46.899258160412799 488.64874062213403 7.6161671128539901  -47.1752131524688 488.64874062213403 7.7895866919844803  -47.495050572769998 488.64874062213403 7.9599415729125598  -47.830848553628499 488.64874062213403 8.1272472544895002  -48.166830496227703 488.64874062213403 8.2662205166476195  -48.486991064135402 488.64874062213403 8.3868123139707809  -48.700163939342801 488.64874062213403 8.4436488634114504  -48.8035794078979 488.64874062213403 8.4712216884518607 
 0 4 0.088118195626006396 1 0.19405082801659401 1 0.318164819684222 1 0.46135316501415802 1 0.60869222891654995 1 0.74754305154723899 1 0.87752684956362204 1 1 4
1 -48.8035794078979 488.64874062213403 8.4712216884518607 0 0 -1 
7 0 0  3 11 9  -48.8035794078979 488.64874062213403 7.2517094933299102  -48.668882624243999 488.64874062213403 7.2124279140124399  -48.392444633162 488.64874062213403 7.1318103923576404  -47.979479842213102 488.64874062213403 6.9684921744986603  -47.549538252310199 488.64874062213403 6.7842772179955704  -47.120518866574997 488.64874062213403 6.5656004895022297  -46.708776647441702 488.64874062213403 6.3388895760916704  -46.3375422584106 488.64874062213403 6.1121349845498401  -46.017128122955299 488.64874062213403 5.8932626766123004  -45.829417264152397 488.64874062213403 5.73874627860459  -45.741460505458903 488.64874062213403 5.6663436396713696 
 0 4 0.121241716272439 1 0.248824178072417 1 0.383591751809784 1 0.52553870323291596 1 0.66490871822889797 1 0.78988709705480498 1 0.90154618640291395 1 1 4
1 -45.741460505458903 488.64874062213403 5.6663436396713696 1 0 0 
7 0 0  3 19 17  -41.730408676190599 488.64874062213403 15.292868029915301  -41.727485760112899 488.64874062213403 15.154926493628601  -41.721839625126101 488.64874062213403 14.8884677539822  -41.678735910571199 488.64874062213403 14.504949710729299  -41.604761430611703 488.64874062213403 14.1539177915139  -41.501217700965299 488.64874062213403 13.830474917445899  -41.359622711849802 488.64874062213403 13.526163339557799  -41.181273035269697 488.64874062213403 13.231572866475201  -40.9663937524804 488.64874062213403 12.9394439301039  -40.7545170359951 488.64874062213403 12.7045832983459  -40.565061900291496 488.64874062213403 12.510533105883001  -40.3981127743928 488.64874062213403 12.3598466974552  -40.215162515720003 488.64874062213403 12.1982467166163  -40.011008685072902 488.64874062213403 12.0322808577061  -39.790426110484397 488.64874062213403 11.856157714087701  -39.549204884124698 488.64874062213403 11.6750019842437  -39.2886756789404 488.64874062213403 11.4873311474842  -39.1079559751144 488.64874062213403 11.360387724909  -39.015088554239398 488.64874062213403 11.295154615281101 
 0 4 0.081358462719604493 1 0.157158416669818 1 0.22726263074033301 1 0.292665763214009 1 0.35703913330865 1 0.42476416576315501 1 0.49550426326091601 1 0.57061493905500305 1 0.611150275168999 1 0.65543263209721503 1 0.70322609924134105 1 0.755132330953595 1 0.81060363101099697 1 0.86972663112515902 1 0.93305571268672205 1 1 4
7 0 0  3 19 17  -39.015088554239398 488.64874062213403 11.295154615281101  -38.919967931151298 488.64874062213403 11.228485835692499  -38.7361021155846 488.64874062213403 11.0996167310341  -38.477514977805399 488.64874062213403 10.9022025604162  -38.239323257796897 488.64874062213403 10.714399523362401  -38.0277757366093 488.64874062213403 10.5297578396708  -37.836394688845203 488.64874062213403 10.3544297586909  -37.6714475900419 488.64874062213403 10.1829259134462  -37.527141348482203 488.64874062213403 10.019176689041499  -37.404770845560797 488.64874062213403 9.8591679092856204  -37.302205590266098 488.64874062213403 9.6981681468224394  -37.214636626755798 488.64874062213403 9.5342893279196801  -37.139813308097203 488.64874062213403 9.3656501562111902  -37.077942462044099 488.64874062213403 9.1920346563117601  -37.033525906602001 488.64874062213403 9.0116958852538591  -36.997801686376803 488.64874062213403 8.8268435721978999  -36.979736070076299 488.64874062213403 8.6360832941495005  -36.976128809667799 488.64874062213403 8.5074550158099704  -36.974311115215002 488.64874062213403 8.4426393713787302 
 0 4 0.094946371017357298 1 0.18352899061692299 1 0.26591751175454198 1 0.34285033249918301 1 0.41302406155960197 1 0.47801987115271799 1 0.53726967090678701 1 0.591374949314313 1 0.64250848309247599 1 0.69314929246877 1 0.74312827715637297 1 0.79321503336467103 1 0.843588945081166 1 0.89481466600410997 1 0.94699722879241999 1 1 4
7 0 0  3 19 17  -36.974311115215002 488.64874062213403 8.4426393713787302  -36.975520171615699 488.64874062213403 8.3790274910756501  -36.977887609621199 488.64874062213403 8.2544698749471195  -37.003823343645102 488.64874062213403 8.0734025900390503  -37.042618980159503 488.64874062213403 7.90239424430521  -37.101041755928698 488.64874062213403 7.7431458550123002  -37.173251628031601 488.64874062213403 7.5929596442780403  -37.263374933586199 488.64874062213403 7.4539052395152803  -37.368706648545803 488.64874062213403 7.32461216632095  -37.491548865846198 488.64874062213403 7.2090454358547298  -37.626712208469101 488.64874062213403 7.1042162946081397  -37.773792926793703 488.64874062213403 7.0120701618034502  -37.933367645683802 488.64874062213403 6.9360034825773198  -38.103714731449799 488.64874062213403 6.8731864058748302  -38.285836744132197 488.64874062213403 6.8228734580685  -38.479975845250202 488.64874062213403 6.7900980242367304  -38.685580886864301 488.64874062213403 6.7682622282227101  -38.826385027285802 488.64874062213403 6.7653853042812697  -38.898853798141801 488.64874062213403 6.7639046152811497 
 0 4 0.066030844719485698 1 0.12929415967622501 1 0.18962713968533901 1 0.24785630263689101 1 0.30510155844685699 1 0.36238482319521598 1 0.41957682405436397 1 0.47791055459673198 1 0.53716607328740995 1 0.59703186811431397 1 0.65782128283272401 1 0.72044835239245497 1 0.78543257792968102 1 0.85377007647268299 1 0.924738698814767 1 1 4
7 0 0  3 11 9  -38.898853798141801 488.64874062213403 6.7639046152811497  -39.003927085118903 488.64874062213403 6.7675049286593199  -39.216341004808598 488.64874062213403 6.7747832455252404  -39.534863901559 488.64874062213403 6.8372587363805302  -39.854943103891003 488.64874062213403 6.9369424653893104  -40.173244310824103 488.64874062213403 7.0770200708255402  -40.488193003533503 488.64874062213403 7.25032394254288  -40.793538167905503 488.64874062213403 7.4591842446033096  -41.0889927365373 488.64874062213403 7.7020789417262598  -41.271462652900098 488.64874062213403 7.8858497711778499  -41.364555017653998 488.64874062213403 7.9796058347933503 
 0 4 0.111554841178452 1 0.22551689165539801 1 0.343554219769936 1 0.467170028746272 1 0.59433257377544602 1 0.72498392980844495 1 0.85969250805955599 1 1 4
1 -41.364555017653998 488.64874062213403 7.9796058347933503 0 0 -1 
7 0 0  3 11 9  -41.364555017653998 488.64874062213403 6.75628266406164  -41.280882288551702 488.64874062213403 6.67218493237334  -41.115316543241804 488.64874062213403 6.5057782216658504  -40.844201385717902 488.64874062213403 6.2851717437077399  -40.553256332076003 488.64874062213403 6.1001176174429999  -40.246460897665997 488.64874062213403 5.9412052770464898  -39.916312267792598 488.64874062213403 5.81616802681748  -39.559877125891298 488.64874062213403 5.7295908168389396  -39.177483775145497 488.64874062213403 5.6748798652512802  -38.913022251236903 488.64874062213403 5.66924429562164  -38.776902578629603 488.64874062213403 5.6663436396713696 
 0 4 0.122881588571521 1 0.243149494643841 1 0.36127492563479902 1 0.47960921109553101 1 0.60063117782680597 1 0.72610307956526599 1 0.85902388148292896 1 1 4
7 0 0  3 19 17  -38.776902578629603 488.64874062213403 5.6663436396713696  -38.666278945953103 488.64874062213403 5.6683797974818297  -38.449562246288998 488.64874062213403 5.6723687227232098  -38.133182303081597 488.64874062213403 5.7082246048335303  -37.832291671829402 488.64874062213403 5.7613562202554398  -37.549759170582 488.64874062213403 5.8428085595842303  -37.282105186546602 488.64874062213403 5.9430051230765697  -37.032666174383003 488.64874062213403 6.0697607627655499  -36.798292878214603 488.64874062213403 6.2166146204860704  -36.583336182670898 488.64874062213403 6.3862445868937199  -36.389156680451102 488.64874062213403 6.5745287663404799  -36.217619725769097 488.64874062213403 6.7791443613656401  -36.074169444550797 488.64874062213403 7.0015022364159698  -35.957693926067599 488.64874062213403 7.2397844274523804  -35.865069553487999 488.64874062213403 7.4930619375249998  -35.801085521208101 488.64874062213403 7.7629331851392998  -35.762421939356003 488.64874062213403 8.0489865267034002  -35.757382501291303 488.64874062213403 8.2449793612542202  -35.754798920093002 488.64874062213403 8.3454594933299102 
 0 4 0.072853708443202603 1 0.142723709844846 1 0.209531835111436 1 0.273908006946812 1 0.336157393249846 1 0.39753857241228102 1 0.45790725651811098 1 0.51809729383580205 1 0.57757768208397697 1 0.63581604757219501 1 0.69361832272754897 1 0.75144482728932704 1 0.81021891501811605 1 0.87091158883001996 1 0.93381992441954897 1 1 4
7 0 0  3 19 17  -35.754798920093002 488.64874062213403 8.3454594933299102  -35.7560075917063 488.64874062213403 8.4357217628099193  -35.7583956204383 488.64874062213403 8.6140571274970092  -35.784937803621602 488.64874062213403 8.8760267392570693  -35.821797507881499 488.64874062213403 9.1296763467889299  -35.877028952824702 488.64874062213403 9.3737343687001804  -35.949855504180299 488.64874062213403 9.6084799767224904  -36.0375107800213 488.64874062213403 9.8340124523019803  -36.140670747549002 488.64874062213403 10.049947606943199  -36.260207885829701 488.64874062213403 10.2583822077496  -36.3995777034065 488.64874062213403 10.462426611291599  -36.5596608897878 488.64874062213403 10.6664310223955  -36.7440276300633 488.64874062213403 10.8696969352655  -36.948362095643198 488.64874062213403 11.0768068399046  -37.176890491946402 488.64874062213403 11.2832102444464  -37.427586474426299 488.64874062213403 11.4905559483838  -37.697988817443203 488.64874062213403 11.7018876946095  -37.890804618769998 488.64874062213403 11.8359736965936  -37.989936115215002 488.64874062213403 11.904910712842099 
 0 4 0.061423136907630599 1 0.12135654890745699 1 0.17908288559970201 1 0.23583094656470799 1 0.29149463448377999 1 0.34625591479353501 1 0.400407811521729 1 0.45425329830609101 1 0.50965945012896796 1 0.56847822251565305 1 0.63063508955860104 1 0.69637052906816599 1 0.76646638681270196 1 0.84015233423837599 1 0.91781825866366196 1 1 4
7 0 0  3 19 17  -37.989936115215002 488.64874062213403 11.904910712842099  -38.0898250194223 488.64874062213403 11.973903008665999  -38.281939571955697 488.64874062213403 12.106594663916701  -38.554910278567398 488.64874062213403 12.300812757628499  -38.8032543099918 488.64874062213403 12.477783267534701  -39.025373355668897 488.64874062213403 12.639834873131401  -39.220444150993202 488.64874062213403 12.7887964801841  -39.392535338627901 488.64874062213403 12.9193350651702  -39.537586700808902 488.64874062213403 13.0353895398604  -39.692270824661399 488.64874062213403 13.167076192924601  -39.853797323652003 488.64874062213403 13.3205091386542  -40.019110022082799 488.64874062213403 13.5008270485356  -40.152251473916998 488.64874062213403 13.678382383132  -40.255138942625798 488.64874062213403 13.855894813806501  -40.329033950600703 488.64874062213403 14.0416793411857  -40.383006061436497 488.64874062213403 14.2409112424823  -40.412377722445001 488.64874062213403 14.459941665624999  -40.417022862306602 488.64874062213403 14.611892035859499  -40.4194330664345 488.64874062213403 14.690733883573801 
 0 4 0.094117563362147202 1 0.181014635352654 1 0.25972515726515299 1 0.33054119216379202 1 0.39416402987668803 1 0.45000889007670403 1 0.49799759811934702 1 0.53816322972876296 1 0.607477229205581 1 0.67057959466057104 1 0.727603929465932 1 0.779215356773026 1 0.82914315291103802 1 0.88217965014147004 1 0.938867052006082 1 1 4
1 -40.4194330664345 488.64874062213403 14.690733883573801 1 0 0 
1 -35.510896481068599 488.64874062213403 14.690733883573801 0 0 1 
1 -35.510896481068599 488.64874062213403 15.788294859183599 -1 0 0 
1 -41.730408676190599 488.64874062213403 15.788294859183599 0 0 -1 
1 -101.824055381156 473.64874062213403 -75.388226190303001 -0.42261826174070388 0 0.90630778703664783 
1 -101.824055381156 473.64874062213403 -75.388226190303001 -1 -0 -0 
1 74.715944618844304 473.64874062213403 -75.388226190303001 0.42261826174070388 0 -0.90630778703664783 
2 -39.196374927922101 473.64874062213403 74.249468082931699 0 1 0 0 0 -1 -1 0 0 40
1 -9.8166013458256405 473.64874062213403 101.39406062481299 0.67861481354702324 0 -0.73449433955241528 
2 -75.809489098300702 473.64874062213403 113.87743460339099 0 1 0 0 0 -1 -1 0 0 40
1 -135.31398484448101 473.64874062213403 130.381179334965 0.90725110531603126 0 0.4205893863411671 
2 -118.490409390834 473.64874062213403 94.091135122323294 0 1 0 0 -0 1 1 0 -0 40
1 -151.62249708222799 473.64874062213403 36.016890494274897 -0.12256207831087396 0 0.99246084908177568 
2 -111.92406311895699 473.64874062213403 40.919373626709799 0 1 0 0 -0 1 1 0 -0 40
2 -92.944055381155707 473.64874062213403 94.911773809696996 0 1 0 0 -0 1 1 0 -0 12.5
1 -148.176374600423 488.64874062213403 24.0146431570817 -0 -1 -0 
1 -101.824055381156 488.64874062213403 -75.388226190303001 -0 -1 -0 
1 -151.62249708222799 488.64874062213403 36.016890494274897 -0 -1 -0 
1 -158.18884335410499 488.64874062213403 89.188651989888299 -0 -1 -0 
1 -135.31398484448101 488.64874062213403 130.381179334965 -0 -1 -0 
1 -92.633064551947598 488.64874062213403 150.167478816032 -0 -1 -0 
1 -9.8166013458256405 488.64874062213403 101.39406062481299 -0 -1 -0 
1 -2.9440634464561599 488.64874062213403 91.154198552559805 -0 -1 -0 
1 74.715944618844304 488.64874062213403 -75.388226190303001 -0 -1 -0 
1 -45.266994042044303 488.14874062213403 15.788294859183599 0 1 0 
1 -45.266994042044303 488.14874062213403 15.788294859183599 -1 0 0 
1 -46.486506237166203 488.14874062213403 15.788294859183599 0 1 0 
1 -46.486506237166203 488.14874062213403 15.788294859183599 0 0 -1 
1 -46.486506237166203 488.14874062213403 7.2936302250372496 0 1 0 
7 0 0  3 11 9  -46.486506237166203 488.14874062213403 7.2936302250372496  -46.543192716408797 488.14874062213403 7.3458306673633196  -46.668025710959199 488.14874062213403 7.4607846673202998  -46.899258160412799 488.14874062213403 7.6161671128539901  -47.1752131524688 488.14874062213403 7.7895866919844803  -47.495050572769998 488.14874062213403 7.9599415729125598  -47.830848553628499 488.14874062213403 8.1272472544895002  -48.166830496227703 488.14874062213403 8.2662205166476195  -48.486991064135402 488.14874062213403 8.3868123139707809  -48.700163939342801 488.14874062213403 8.4436488634114504  -48.8035794078979 488.14874062213403 8.4712216884518607 
 0 4 0.088118195626006396 1 0.19405082801659401 1 0.318164819684222 1 0.46135316501415802 1 0.60869222891654995 1 0.74754305154723899 1 0.87752684956362204 1 1 4
1 -48.8035794078979 488.14874062213403 8.4712216884518607 0 1 0 
1 -48.8035794078979 488.14874062213403 8.4712216884518607 0 0 -1 
1 -48.8035794078979 488.14874062213403 7.2517094933299102 0 1 0 
7 0 0  3 11 9  -48.8035794078979 488.14874062213403 7.2517094933299102  -48.668882624243999 488.14874062213403 7.2124279140124399  -48.392444633162 488.14874062213403 7.1318103923576404  -47.979479842213102 488.14874062213403 6.9684921744986603  -47.549538252310199 488.14874062213403 6.7842772179955704  -47.120518866574997 488.14874062213403 6.5656004895022297  -46.708776647441702 488.14874062213403 6.3388895760916704  -46.3375422584106 488.14874062213403 6.1121349845498401  -46.017128122955299 488.14874062213403 5.8932626766123004  -45.829417264152397 488.14874062213403 5.73874627860459  -45.741460505458903 488.14874062213403 5.6663436396713696 
 0 4 0.121241716272439 1 0.248824178072417 1 0.383591751809784 1 0.52553870323291596 1 0.66490871822889797 1 0.78988709705480498 1 0.90154618640291395 1 1 4
1 -45.741460505458903 488.14874062213403 5.6663436396713696 0 1 0 
1 -45.741460505458903 488.14874062213403 5.6663436396713696 1 0 0 
1 -45.266994042044303 488.14874062213403 5.6663436396713696 0 1 0 
1 -45.266994042044303 488.14874062213403 5.6663436396713696 0 0 1 
1 -39.015088554239398 488.14874062213403 11.295154615281101 0 1 0 
7 0 0  3 19 17  -39.015088554239398 488.14874062213403 11.295154615281101  -38.919967931151298 488.14874062213403 11.228485835692499  -38.7361021155846 488.14874062213403 11.0996167310341  -38.477514977805399 488.14874062213403 10.9022025604162  -38.239323257796897 488.14874062213403 10.714399523362401  -38.0277757366093 488.14874062213403 10.5297578396708  -37.836394688845203 488.14874062213403 10.3544297586909  -37.6714475900419 488.14874062213403 10.1829259134462  -37.527141348482203 488.14874062213403 10.019176689041499  -37.404770845560797 488.14874062213403 9.8591679092856204  -37.302205590266098 488.14874062213403 9.6981681468224394  -37.214636626755798 488.14874062213403 9.5342893279196801  -37.139813308097203 488.14874062213403 9.3656501562111902  -37.077942462044099 488.14874062213403 9.1920346563117601  -37.033525906602001 488.14874062213403 9.0116958852538591  -36.997801686376803 488.14874062213403 8.8268435721978999  -36.979736070076299 488.14874062213403 8.6360832941495005  -36.976128809667799 488.14874062213403 8.5074550158099704  -36.974311115215002 488.14874062213403 8.4426393713787302 
 0 4 0.094946371017357298 1 0.18352899061692299 1 0.26591751175454198 1 0.34285033249918301 1 0.41302406155960197 1 0.47801987115271799 1 0.53726967090678701 1 0.591374949314313 1 0.64250848309247599 1 0.69314929246877 1 0.74312827715637297 1 0.79321503336467103 1 0.843588945081166 1 0.89481466600410997 1 0.94699722879241999 1 1 4
1 -36.974311115215002 488.14874062213403 8.4426393713787302 0 1 0 
7 0 0  3 19 17  -36.974311115215002 488.14874062213403 8.4426393713787302  -36.975520171615699 488.14874062213403 8.3790274910756501  -36.977887609621199 488.14874062213403 8.2544698749471195  -37.003823343645102 488.14874062213403 8.0734025900390503  -37.042618980159503 488.14874062213403 7.90239424430521  -37.101041755928698 488.14874062213403 7.7431458550123002  -37.173251628031601 488.14874062213403 7.5929596442780403  -37.263374933586199 488.14874062213403 7.4539052395152803  -37.368706648545803 488.14874062213403 7.32461216632095  -37.491548865846198 488.14874062213403 7.2090454358547298  -37.626712208469101 488.14874062213403 7.1042162946081397  -37.773792926793703 488.14874062213403 7.0120701618034502  -37.933367645683802 488.14874062213403 6.9360034825773198  -38.103714731449799 488.14874062213403 6.8731864058748302  -38.285836744132197 488.14874062213403 6.8228734580685  -38.479975845250202 488.14874062213403 6.7900980242367304  -38.685580886864301 488.14874062213403 6.7682622282227101  -38.826385027285802 488.14874062213403 6.7653853042812697  -38.898853798141801 488.14874062213403 6.7639046152811497 
 0 4 0.066030844719485698 1 0.12929415967622501 1 0.18962713968533901 1 0.24785630263689101 1 0.30510155844685699 1 0.36238482319521598 1 0.41957682405436397 1 0.47791055459673198 1 0.53716607328740995 1 0.59703186811431397 1 0.65782128283272401 1 0.72044835239245497 1 0.78543257792968102 1 0.85377007647268299 1 0.924738698814767 1 1 4
1 -38.898853798141801 488.14874062213403 6.7639046152811497 0 1 0 
7 0 0  3 11 9  -38.898853798141801 488.14874062213403 6.7639046152811497  -39.003927085118903 488.14874062213403 6.7675049286593199  -39.216341004808598 488.14874062213403 6.7747832455252404  -39.534863901559 488.14874062213403 6.8372587363805302  -39.854943103891003 488.14874062213403 6.9369424653893104  -40.173244310824103 488.14874062213403 7.0770200708255402  -40.488193003533503 488.14874062213403 7.25032394254288  -40.793538167905503 488.14874062213403 7.4591842446033096  -41.0889927365373 488.14874062213403 7.7020789417262598  -41.271462652900098 488.14874062213403 7.8858497711778499  -41.364555017653998 488.14874062213403 7.9796058347933503 
 0 4 0.111554841178452 1 0.22551689165539801 1 0.343554219769936 1 0.467170028746272 1 0.59433257377544602 1 0.72498392980844495 1 0.85969250805955599 1 1 4
1 -41.364555017653998 488.14874062213403 7.9796058347933503 0 1 0 
1 -41.364555017653998 488.14874062213403 7.9796058347933503 0 0 -1 
1 -41.364555017653998 488.14874062213403 6.75628266406164 0 1 0 
7 0 0  3 11 9  -41.364555017653998 488.14874062213403 6.75628266406164  -41.280882288551702 488.14874062213403 6.67218493237334  -41.115316543241804 488.14874062213403 6.5057782216658504  -40.844201385717902 488.14874062213403 6.2851717437077399  -40.553256332076003 488.14874062213403 6.1001176174429999  -40.246460897665997 488.14874062213403 5.9412052770464898  -39.916312267792598 488.14874062213403 5.81616802681748  -39.559877125891298 488.14874062213403 5.7295908168389396  -39.177483775145497 488.14874062213403 5.6748798652512802  -38.913022251236903 488.14874062213403 5.66924429562164  -38.776902578629603 488.14874062213403 5.6663436396713696 
 0 4 0.122881588571521 1 0.243149494643841 1 0.36127492563479902 1 0.47960921109553101 1 0.60063117782680597 1 0.72610307956526599 1 0.85902388148292896 1 1 4
1 -38.776902578629603 488.14874062213403 5.6663436396713696 0 1 0 
7 0 0  3 19 17  -38.776902578629603 488.14874062213403 5.6663436396713696  -38.666278945953103 488.14874062213403 5.6683797974818297  -38.449562246288998 488.14874062213403 5.6723687227232098  -38.133182303081597 488.14874062213403 5.7082246048335303  -37.832291671829402 488.14874062213403 5.7613562202554398  -37.549759170582 488.14874062213403 5.8428085595842303  -37.282105186546602 488.14874062213403 5.9430051230765697  -37.032666174383003 488.14874062213403 6.0697607627655499  -36.798292878214603 488.14874062213403 6.2166146204860704  -36.583336182670898 488.14874062213403 6.3862445868937199  -36.389156680451102 488.14874062213403 6.5745287663404799  -36.217619725769097 488.14874062213403 6.7791443613656401  -36.074169444550797 488.14874062213403 7.0015022364159698  -35.957693926067599 488.14874062213403 7.2397844274523804  -35.865069553487999 488.14874062213403 7.4930619375249998  -35.801085521208101 488.14874062213403 7.7629331851392998  -35.762421939356003 488.14874062213403 8.0489865267034002  -35.757382501291303 488.14874062213403 8.2449793612542202  -35.754798920093002 488.14874062213403 8.3454594933299102 
 0 4 0.072853708443202603 1 0.142723709844846 1 0.209531835111436 1 0.273908006946812 1 0.336157393249846 1 0.39753857241228102 1 0.45790725651811098 1 0.51809729383580205 1 0.57757768208397697 1 0.63581604757219501 1 0.69361832272754897 1 0.75144482728932704 1 0.81021891501811605 1 0.87091158883001996 1 0.93381992441954897 1 1 4
1 -35.754798920093002 488.14874062213403 8.3454594933299102 0 1 0 
7 0 0  3 19 17  -35.754798920093002 488.14874062213403 8.3454594933299102  -35.7560075917063 488.14874062213403 8.4357217628099193  -35.7583956204383 488.14874062213403 8.6140571274970092  -35.784937803621602 488.14874062213403 8.8760267392570693  -35.821797507881499 488.14874062213403 9.1296763467889299  -35.877028952824702 488.14874062213403 9.3737343687001804  -35.949855504180299 488.14874062213403 9.6084799767224904  -36.0375107800213 488.14874062213403 9.8340124523019803  -36.140670747549002 488.14874062213403 10.049947606943199  -36.260207885829701 488.14874062213403 10.2583822077496  -36.3995777034065 488.14874062213403 10.462426611291599  -36.5596608897878 488.14874062213403 10.6664310223955  -36.7440276300633 488.14874062213403 10.8696969352655  -36.948362095643198 488.14874062213403 11.0768068399046  -37.176890491946402 488.14874062213403 11.2832102444464  -37.427586474426299 488.14874062213403 11.4905559483838  -37.697988817443203 488.14874062213403 11.7018876946095  -37.890804618769998 488.14874062213403 11.8359736965936  -37.989936115215002 488.14874062213403 11.904910712842099 
 0 4 0.061423136907630599 1 0.12135654890745699 1 0.17908288559970201 1 0.23583094656470799 1 0.29149463448377999 1 0.34625591479353501 1 0.400407811521729 1 0.45425329830609101 1 0.50965945012896796 1 0.56847822251565305 1 0.63063508955860104 1 0.69637052906816599 1 0.76646638681270196 1 0.84015233423837599 1 0.91781825866366196 1 1 4
1 -37.989936115215002 488.14874062213403 11.904910712842099 0 1 0 
7 0 0  3 19 17  -37.989936115215002 488.14874062213403 11.904910712842099  -38.0898250194223 488.14874062213403 11.973903008665999  -38.281939571955697 488.14874062213403 12.106594663916701  -38.554910278567398 488.14874062213403 12.300812757628499  -38.8032543099918 488.14874062213403 12.477783267534701  -39.025373355668897 488.14874062213403 12.639834873131401  -39.220444150993202 488.14874062213403 12.7887964801841  -39.392535338627901 488.14874062213403 12.9193350651702  -39.537586700808902 488.14874062213403 13.0353895398604  -39.692270824661399 488.14874062213403 13.167076192924601  -39.853797323652003 488.14874062213403 13.3205091386542  -40.019110022082799 488.14874062213403 13.5008270485356  -40.152251473916998 488.14874062213403 13.678382383132  -40.255138942625798 488.14874062213403 13.855894813806501  -40.329033950600703 488.14874062213403 14.0416793411857  -40.383006061436497 488.14874062213403 14.2409112424823  -40.412377722445001 488.14874062213403 14.459941665624999  -40.417022862306602 488.14874062213403 14.611892035859499  -40.4194330664345 488.14874062213403 14.690733883573801 
 0 4 0.094117563362147202 1 0.181014635352654 1 0.25972515726515299 1 0.33054119216379202 1 0.39416402987668803 1 0.45000889007670403 1 0.49799759811934702 1 0.53816322972876296 1 0.607477229205581 1 0.67057959466057104 1 0.727603929465932 1 0.779215356773026 1 0.82914315291103802 1 0.88217965014147004 1 0.938867052006082 1 1 4
1 -40.4194330664345 488.14874062213403 14.690733883573801 0 1 0 
1 -40.4194330664345 488.14874062213403 14.690733883573801 1 0 0 
1 -35.510896481068599 488.14874062213403 14.690733883573801 0 1 0 
1 -35.510896481068599 488.14874062213403 14.690733883573801 0 0 1 
1 -35.510896481068599 488.14874062213403 15.788294859183599 0 1 0 
1 -35.510896481068599 488.14874062213403 15.788294859183599 -1 0 0 
1 -41.730408676190599 488.14874062213403 15.788294859183599 0 1 0 
1 -41.730408676190599 488.14874062213403 15.788294859183599 0 0 -1 
1 -41.730408676190599 488.14874062213403 15.292868029915301 0 1 0 
7 0 0  3 19 17  -41.730408676190599 488.14874062213403 15.292868029915301  -41.727485760112899 488.14874062213403 15.154926493628601  -41.721839625126101 488.14874062213403 14.8884677539822  -41.678735910571199 488.14874062213403 14.504949710729299  -41.604761430611703 488.14874062213403 14.1539177915139  -41.501217700965299 488.14874062213403 13.830474917445899  -41.359622711849802 488.14874062213403 13.526163339557799  -41.181273035269697 488.14874062213403 13.231572866475201  -40.9663937524804 488.14874062213403 12.9394439301039  -40.7545170359951 488.14874062213403 12.7045832983459  -40.565061900291496 488.14874062213403 12.510533105883001  -40.3981127743928 488.14874062213403 12.3598466974552  -40.215162515720003 488.14874062213403 12.1982467166163  -40.011008685072902 488.14874062213403 12.0322808577061  -39.790426110484397 488.14874062213403 11.856157714087701  -39.549204884124698 488.14874062213403 11.6750019842437  -39.2886756789404 488.14874062213403 11.4873311474842  -39.1079559751144 488.14874062213403 11.360387724909  -39.015088554239398 488.14874062213403 11.295154615281101 
 0 4 0.081358462719604493 1 0.157158416669818 1 0.22726263074033301 1 0.292665763214009 1 0.35703913330865 1 0.42476416576315501 1 0.49550426326091601 1 0.57061493905500305 1 0.611150275168999 1 0.65543263209721503 1 0.70322609924134105 1 0.755132330953595 1 0.81060363101099697 1 0.86972663112515902 1 0.93305571268672205 1 1 4
1 -65.423559845363002 488.14874062213403 1.4280405977120301 0 1 0 
7 0 0  3 4 2  -65.423559845363002 488.14874062213403 1.4280405977120301  -65.725041436583595 488.14874062213403 1.1554846517511199  -66.061164790321399 488.14874062213403 1.1448146655384901  -66.3003346667237 488.14874062213403 1.37598357106123 
 26 4 27 4
1 -66.3003346667237 488.14874062213403 1.37598357106123 0 1 0 
1 -59.470701637808503 488.14874062213403 7.6047326319613298 0 1 0 
7 0 0  3 4 2  -59.470701637808503 488.14874062213403 7.6047326319613298  -60.564233461572201 488.14874062213403 6.4699031513201204  -64.295367132047005 488.14874062213403 2.5989750130602798  -65.423559845363002 488.14874062213403 1.4280405977120301 
 25 4 26 4
1 -59.436313777688099 488.14874062213403 8.4640134525316704 0 1 0 
7 0 0  3 4 2  -59.436313777688099 488.14874062213403 8.4640134525316704  -59.154500409519599 488.14874062213403 8.0867862541591098  -59.360273880494198 488.14874062213403 7.7864568428586303  -59.470701637808503 488.14874062213403 7.6047326319613298 
 24 4 25 4
1 -61.270537654171399 488.14874062213403 10.260034353998 0 1 0 
7 0 0  3 4 2  -61.270537654171399 488.14874062213403 10.260034353998  -60.7873146279357 488.14874062213403 9.8529110786326406  -60.227304052818802 488.14874062213403 9.2278638822063499  -59.436313777688099 488.14874062213403 8.4640134525316704 
 23 4 24 4
1 -61.893424899347302 488.14874062213403 10.7008461772767 0 1 0 
7 0 0  3 4 2  -61.893424899347302 488.14874062213403 10.7008461772767  -61.698625599568402 488.14874062213403 10.6129907179553  -61.481733047302598 488.14874062213403 10.4378151967049  -61.270537654171399 488.14874062213403 10.260034353998 
 22 4 23 4
1 -62.5297828685447 488.14874062213403 10.932390947275101 0 1 0 
7 0 0  3 4 2  -62.5297828685447 488.14874062213403 10.932390947275101  -62.250668127727103 488.14874062213403 10.871274814287601  -62.229323407616597 488.14874062213403 10.8507650779803  -61.893424899347302 488.14874062213403 10.7008461772767 
 21 4 22 4
1 -64.606396882594296 488.14874062213403 10.8650288766376 0 1 0 
7 0 0  3 4 2  -64.606396882594296 488.14874062213403 10.8650288766376  -64.246093521228602 488.14874062213403 10.9439884326565  -63.497886472969 488.14874062213403 11.1656627087619  -62.5297828685447 488.14874062213403 10.932390947275101 
 20 4 21 4
1 -64.587468140398897 488.14874062213403 10.528318799269 0 1 0 
7 0 0  3 4 2  -64.587468140398897 488.14874062213403 10.528318799269  -64.668482003170098 488.14874062213403 10.665354410348  -64.681178146718906 488.14874062213403 10.8065060354926  -64.606396882594296 488.14874062213403 10.8650288766376 
 19 4 20 4
1 -61.4771370773407 488.14874062213403 7.5246043854343396 0 1 0 
7 0 0  2 3 2  -61.4771370773407 488.14874062213403 7.5246043854343396  -63.186980832678202 488.14874062213403 9.1755760660269896  -64.587468140398897 488.14874062213403 10.528318799269 
 18 3 19 3
1 -61.745068460522802 488.14874062213403 7.2979486727607004 0 1 0 
7 0 0  2 3 2  -61.745068460522802 488.14874062213403 7.2979486727607004  -61.4852324712826 488.14874062213403 7.2406724898690404  -61.4771370773407 488.14874062213403 7.5246043854343396 
 17 3 18 3
1 -64.958098391192905 488.14874062213403 10.400940850538801 0 1 0 
7 0 0  3 4 2  -64.958098391192905 488.14874062213403 10.400940850538801  -63.7608884285684 488.14874062213403 9.2449112488500909  -62.4367163633571 488.14874062213403 8.0052714857018508  -61.745068460522802 488.14874062213403 7.2979486727607004 
 16 4 17 4
1 -65.569903122908102 488.14874062213403 10.470032182590201 0 1 0 
7 0 0  3 4 2  -65.569903122908102 488.14874062213403 10.470032182590201  -65.504563751813095 488.14874062213403 10.465325638816299  -65.238578907645405 488.14874062213403 10.671900357134099  -64.958098391192905 488.14874062213403 10.400940850538801 
 15 4 16 4
1 -67.013908886696896 488.14874062213403 9.4767230867294607 0 1 0 
7 0 0  3 4 2  -67.013908886696896 488.14874062213403 9.4767230867294607  -66.481415897635102 488.14874062213403 9.9675638500023904  -65.635138114257401 488.14874062213403 10.474740548320201  -65.569903122908102 488.14874062213403 10.470032182590201 
 14 4 15 4
1 -66.727322124489106 488.14874062213403 8.9277177987531502 0 1 0 
7 0 0  3 4 2  -66.727322124489106 488.14874062213403 8.9277177987531502  -66.821471728020299 488.14874062213403 9.0396741765242208  -67.151482320535607 488.14874062213403 9.3607219682952199  -67.013908886696896 488.14874062213403 9.4767230867294607 
 13 4 14 4
1 -63.275554412045203 488.14874062213403 5.5943844656038397 0 1 0 
7 0 0  3 4 2  -63.275554412045203 488.14874062213403 5.5943844656038397  -64.060705415531004 488.14874062213403 6.3526985965034699  -66.6363090879872 488.14874062213403 8.8399301513471507  -66.727322124489106 488.14874062213403 8.9277177987531502 
 12 4 13 4
1 -63.530324072022701 488.14874062213403 5.3554291057942898 0 1 0 
7 0 0  3 4 2  -63.530324072022701 488.14874062213403 5.3554291057942898  -63.294997227547697 488.14874062213403 5.3384456182646698  -63.270881537165302 488.14874062213403 5.5898719227860498  -63.275554412045203 488.14874062213403 5.5943844656038397 
 11 4 12 4
1 -66.880350554126593 488.14874062213403 8.5905120748692205 0 1 0 
7 0 0  3 4 2  -66.880350554126593 488.14874062213403 8.5905120748692205  -65.950340429362996 488.14874062213403 7.6923091166225399  -64.017469456300404 488.14874062213403 5.8257573147855597  -63.530324072022701 488.14874062213403 5.3554291057942898 
 10 4 11 4
1 -67.586595237280406 488.14874062213403 8.8839015432784496 0 1 0 
7 0 0  3 4 2  -67.586595237280406 488.14874062213403 8.8839015432784496  -67.338029131659297 488.14874062213403 9.2330072152939007  -67.126884021697705 488.14874062213403 8.8188377481572804  -66.880350554126593 488.14874062213403 8.5905120748692205 
 9 4 10 4
1 -68.5332499041521 488.14874062213403 7.3619719124133702 0 1 0 
7 0 0  3 4 2  -68.5332499041521 488.14874062213403 7.3619719124133702  -68.225569520239006 488.14874062213403 8.0689881021692997  -68.068987458327001 488.14874062213403 8.2325150375489198  -67.586595237280406 488.14874062213403 8.8839015432784496 
 8 4 9 4
1 -68.298661764092898 488.14874062213403 6.7592267413618599 0 1 0 
7 0 0  3 4 2  -68.298661764092898 488.14874062213403 6.7592267413618599  -68.3202526310574 488.14874062213403 6.8536555577882998  -68.662798993314098 488.14874062213403 6.9357997360738199  -68.5332499041521 488.14874062213403 7.3619719124133702 
 7 4 8 4
1 -65.160822638309199 488.14874062213403 3.72884547983162 0 1 0 
7 0 0  3 4 2  -65.160822638309199 488.14874062213403 3.72884547983162  -65.624070817721204 488.14874062213403 4.1759938060320696  -68.169837277834901 488.14874062213403 6.6347197607563801  -68.298661764092898 488.14874062213403 6.7592267413618599 
 6 4 7 4
1 -65.374948110317803 488.14874062213403 3.4740338071127299 0 1 0 
7 0 0  3 4 2  -65.374948110317803 488.14874062213403 3.4740338071127299  -65.296579356848 488.14874062213403 3.44263986068461  -65.100180160100507 488.14874062213403 3.6701865455690701  -65.160822638309199 488.14874062213403 3.72884547983162 
 5.0530745328242297 4 6 4
1 -68.509694781747399 488.14874062213403 6.4970201477609102 0 1 0 
7 0 0  3 4 2  -68.509694781747399 488.14874062213403 6.4970201477609102  -68.319516209848899 488.14874062213403 6.3136627621338697  -65.395889757455194 488.14874062213403 3.52307327300701  -65.374948110317803 488.14874062213403 3.4740338071127299 
 4 4 4.9612342762520303 4
1 -68.850296697789304 488.14874062213403 6.3900045398559699 0 1 0 
7 0 0  3 4 2  -68.850296697789304 488.14874062213403 6.3900045398559699  -68.816196537101305 488.14874062213403 6.7932106929738998  -68.470931580542995 488.14874062213403 6.5373731505406498  -68.509694781747399 488.14874062213403 6.4970201477609102 
 3 4 4 4
1 -68.869458640363305 488.14874062213403 4.5328150810819903 0 1 0 
7 0 0  3 4 2  -68.869458640363305 488.14874062213403 4.5328150810819903  -69.111507849692501 488.14874062213403 5.4373882181335498  -68.9567037994304 488.14874062213403 5.8702659143928599  -68.850296697789304 488.14874062213403 6.3900045398559699 
 2 4 3 4
1 -68.248308381971199 488.14874062213403 3.2763099184977 0 1 0 
7 0 0  3 4 2  -68.248308381971199 488.14874062213403 3.2763099184977  -68.471173391509794 488.14874062213403 3.5244692743558801  -68.862913012160305 488.14874062213403 4.2535240305629101  -68.869458640363305 488.14874062213403 4.5328150810819903 
 1 4 2 4
7 0 0  3 4 2  -66.3003346667237 488.14874062213403 1.37598357106123  -66.876901883931694 488.14874062213403 1.9326654403349199  -67.360570178442103 488.14874062213403 2.4191337206858101  -68.248308381971199 488.14874062213403 3.2763099184977 
 0 4 1 4
1 -58.4623533381219 488.14874062213403 6.7108205950144404 0 1 0 
7 0 0  3 4 2  -58.4623533381219 488.14874062213403 6.7108205950144404  -58.026480720205797 488.14874062213403 7.1022456336550297  -57.966819922902502 488.14874062213403 6.9742343422922799  -57.627839614602003 488.14874062213403 6.7195400395030997 
 7 4 8 4
1 -57.627839614602003 488.14874062213403 6.7195400395030997 0 1 0 
1 -63.9816281230896 488.14874062213403 1.02679284379616 0 1 0 
7 0 0  3 4 2  -63.9816281230896 488.14874062213403 1.02679284379616  -63.703516900431197 488.14874062213403 1.3162731755747099  -60.0460177192695 488.14874062213403 5.0510162978494604  -58.4623533381219 488.14874062213403 6.7108205950144404 
 8 4 9 4
1 -64.883697757907498 488.14874062213403 -0.058544747287612602 0 1 0 
7 0 0  3 4 2  -64.883697757907498 488.14874062213403 -0.058544747287612602  -64.643611445003302 488.14874062213403 0.25595709825398699  -64.347701955027205 488.14874062213403 0.61445089912746198  -63.9816281230896 488.14874062213403 1.02679284379616 
 0 4 1 4
1 -64.888986011562906 488.14874062213403 -5.1092324979935597 0 1 0 
7 0 0  3 4 2  -64.888986011562906 488.14874062213403 -5.1092324979935597  -65.909122544629994 488.14874062213403 -3.4801556864494501  -65.961865818768402 488.14874062213403 -1.8761664054217699  -64.883697757907498 488.14874062213403 -0.058544747287612602 
 1 4 2 4
1 -61.037639368846598 488.14874062213403 -5.0267629061435697 0 1 0 
7 0 0  3 4 2  -61.037639368846598 488.14874062213403 -5.0267629061435697  -60.892890736222498 488.14874062213403 -6.2669425644934904  -63.1555546072642 488.14874062213403 -7.8363799354583001  -64.888986011562906 488.14874062213403 -5.1092324979935597 
 2 4 3 4
1 -60.106701727909801 488.14874062213403 -2.44888038820767 0 1 0 
7 0 0  3 4 2  -60.106701727909801 488.14874062213403 -2.44888038820767  -60.970071875787298 488.14874062213403 -3.4483426533233201  -61.047857246302698 488.14874062213403 -3.90900680567387  -61.037639368846598 488.14874062213403 -5.0267629061435697 
 3 4 4 4
1 -54.607630536596197 488.14874062213403 3.2381358775360498 0 1 0 
7 0 0  3 4 2  -54.607630536596197 488.14874062213403 3.2381358775360498  -55.568328448385003 488.14874062213403 2.2156747940044301  -59.494222134767398 488.14874062213403 -1.7849908671591399  -60.106701727909801 488.14874062213403 -2.44888038820767 
 4 4 5 4
1 -54.566943648868801 488.14874062213403 3.7425273817471201 0 1 0 
7 0 0  3 4 2  -54.566943648868801 488.14874062213403 3.7425273817471201  -54.4259864241657 488.14874062213403 3.5869087142059999  -54.446819919823199 488.14874062213403 3.4046601459850199  -54.607630536596197 488.14874062213403 3.2381358775360498 
 5 4 6 4
1 -54.566943648868801 488.14874062213403 3.7425273817471201 0.71686127975727409 0 -0.69721582425011208 
1 -51.366236199161399 488.14874062213403 -12.9987075813169 0 1 0 
7 0 0  2 3 2  -51.366236199161399 488.14874062213403 -12.9987075813169  -51.470627243246 488.14874062213403 -12.880247629424399  -53.934067817069199 488.14874062213403 -10.466234575627301 
 9 3 10 3
1 -53.934067817069199 488.14874062213403 -10.466234575627301 0 1 0 
1 -50.731669686108198 488.14874062213403 -13.0917294958935 0 1 0 
7 0 0  2 3 2  -50.731669686108198 488.14874062213403 -13.0917294958935  -51.0562300247122 488.14874062213403 -13.280323751368501  -51.366236199161399 488.14874062213403 -12.9987075813169 
 8 3 9 3
1 -43.918968736223398 488.14874062213403 -9.6135805953821905 -0.89064111556765768 0 -0.45470694217308588 
1 -43.918968736223398 488.14874062213403 -9.6135805953821905 0 1 0 
1 -43.650193862316002 488.14874062213403 -9.2916868269175605 0 1 0 
7 0 0  2 3 2  -43.650193862316002 488.14874062213403 -9.2916868269175605  -43.700555183326301 488.14874062213403 -9.5289536337781406  -43.918968736223398 488.14874062213403 -9.6135805953821905 
 6 3 7 3
1 -43.172508212420801 488.14874062213403 -7.9220310181889904 0 1 0 
7 0 0  2 3 2  -43.172508212420801 488.14874062213403 -7.9220310181889904  -43.604540250010302 488.14874062213403 -9.2154003902878099  -43.650193862316002 488.14874062213403 -9.2916868269175605 
 5 3 6 3
1 -43.297369898823497 488.14874062213403 -7.3845071907143698 0 1 0 
7 0 0  2 3 2  -43.297369898823497 488.14874062213403 -7.3845071907143698  -43.092597859612198 488.14874062213403 -7.5352531507637099  -43.172508212420801 488.14874062213403 -7.9220310181889904 
 4 3 5 3
1 -45.0784074212267 488.14874062213403 -5.5429741865991096 0 1 0 
7 0 0  2 3 2  -45.0784074212267 488.14874062213403 -5.5429741865991096  -43.339578999880501 488.14874062213403 -7.2752985923111204  -43.297369898823497 488.14874062213403 -7.3845071907143698 
 3 3 4 3
1 -45.7269722261806 488.14874062213403 -5.4136525709972698 0 1 0 
7 0 0  2 3 2  -45.7269722261806 488.14874062213403 -5.4136525709972698  -45.179138963342297 488.14874062213403 -5.2513360097681803  -45.0784074212267 488.14874062213403 -5.5429741865991096 
 2 3 3 3
1 -53.860844805402799 488.14874062213403 -9.6843757235500902 0 1 0 
7 0 0  3 4 2  -53.860844805402799 488.14874062213403 -9.6843757235500902  -53.717348289977998 488.14874062213403 -9.5787123722329302  -45.808498145386402 488.14874062213403 -5.5164592252021398  -45.7269722261806 488.14874062213403 -5.4136525709972698 
 1 4 2 4
7 0 0  2 3 2  -53.934067817069199 488.14874062213403 -10.466234575627301  -54.313433997899502 488.14874062213403 -10.0273323577448  -53.860844805402799 488.14874062213403 -9.6843757235500902 
 0 3 1 3
1 -58.204008048998801 488.14874062213403 -6.1995432790176599 0 1 0 
7 0 0  2 3 2  -58.204008048998801 488.14874062213403 -6.1995432790176599  -58.524778585545597 488.14874062213403 -5.6960316370731903  -58.116367404493602 488.14874062213403 -5.4540812198910702 
 0 3 1 3
1 -58.116367404493602 488.14874062213403 -5.4540812198910702 0 1 0 
1 -55.544516837538403 488.14874062213403 -8.8388999598682307 -0.70978851721621883 0 0.70441483575234376 
1 -55.544516837538403 488.14874062213403 -8.8388999598682307 0 1 0 
1 -54.947515044920799 488.14874062213403 -8.9213011217970593 0 1 0 
7 0 0  2 3 2  -54.947515044920799 488.14874062213403 -8.9213011217970593  -55.370557027578698 488.14874062213403 -9.1146423156814596  -55.544516837538403 488.14874062213403 -8.8388999598682307 
 8 3 9 3
1 -48.248562694311701 488.14874062213403 -5.3867716546309898 0 1 0 
7 0 0  2 3 2  -48.248562694311701 488.14874062213403 -5.3867716546309898  -55.031364065414799 488.14874062213403 -8.9747616632511704  -54.947515044920799 488.14874062213403 -8.9213011217970593 
 7 3 8 3
1 -47.943696878871997 488.14874062213403 -5.0508832381774198 0 1 0 
7 0 0  2 3 2  -47.943696878871997 488.14874062213403 -5.0508832381774198  -47.971129746918599 488.14874062213403 -5.24984843514898  -48.248562694311701 488.14874062213403 -5.3867716546309898 
 6 3 7 3
1 -47.463479368198101 488.14874062213403 -3.7305698982890498 0 1 0 
7 0 0  2 3 2  -47.463479368198101 488.14874062213403 -3.7305698982890498  -47.809274133963598 488.14874062213403 -4.7603610054438299  -47.943696878871997 488.14874062213403 -5.0508832381774198 
 5 3 6 3
1 -47.553525007620301 488.14874062213403 -3.1419031647810098 0 1 0 
7 0 0  2 3 2  -47.553525007620301 488.14874062213403 -3.1419031647810098  -47.284247924093201 488.14874062213403 -3.35124659107117  -47.463479368198101 488.14874062213403 -3.7305698982890498 
 4 3 5 3
1 -49.408839004605099 488.14874062213403 -1.3040681269776 0 1 0 
7 0 0  2 3 2  -49.408839004605099 488.14874062213403 -1.3040681269776  -47.7633607683901 488.14874062213403 -2.8924722670507799  -47.553525007620301 488.14874062213403 -3.1419031647810098 
 3 3 4 3
1 -49.968708936774 488.14874062213403 -1.2194526527796099 0 1 0 
7 0 0  2 3 2  -49.968708936774 488.14874062213403 -1.2194526527796099  -49.5567059911127 488.14874062213403 -1.0516761523885501  -49.408839004605099 488.14874062213403 -1.3040681269776 
 2 3 3 3
7 0 0  3 4 2  -58.116367404493602 488.14874062213403 -5.4540812198910702  -58.045356036233301 488.14874062213403 -5.3889418439138703  -50.016890765949299 488.14874062213403 -1.24660538006259  -49.968708936774 488.14874062213403 -1.2194526527796099 
 1 4 2 4
1 -47.261532553661397 488.14874062213403 -16.915163234855701 0 1 0 
7 0 0  3 4 2  -47.261532553661397 488.14874062213403 -16.915163234855701  -47.442741808244399 488.14874062213403 -16.7385295669364  -49.454013505560098 488.14874062213403 -14.7351053640741  -49.672146917692402 488.14874062213403 -14.5725852995319 
 5 4 6 4
1 -49.672146917692402 488.14874062213403 -14.5725852995319 0 1 0 
1 -46.479179335460898 488.14874062213403 -16.741548715704901 0 1 0 
7 0 0  2 3 2  -46.479179335460898 488.14874062213403 -16.741548715704901  -46.699209429804498 488.14874062213403 -17.295847041143102  -47.261532553661397 488.14874062213403 -16.915163234855701 
 4 3 5 3
1 -44.753146751669597 488.14874062213403 -12.2974224746985 0 1 0 
7 0 0  2 3 2  -44.753146751669597 488.14874062213403 -12.2974224746985  -44.685195374147398 488.14874062213403 -12.170629285652399  -46.479179335460898 488.14874062213403 -16.741548715704901 
 3 3 4 3
1 -45.438505414081199 488.14874062213403 -11.663286789992 0 1 0 
7 0 0  3 4 2  -45.438505414081199 488.14874062213403 -11.663286789992  -44.584187125495099 488.14874062213403 -11.449261785023699  -44.719378911424698 488.14874062213403 -12.2340817139593  -44.753146751669597 488.14874062213403 -12.2974224746985 
 2 4 3 4
1 -49.545467773844798 488.14874062213403 -13.862359393688999 0 1 0 
7 0 0  3 4 2  -49.545467773844798 488.14874062213403 -13.862359393688999  -49.475193295036199 488.14874062213403 -13.7849123173946  -45.512574951125401 488.14874062213403 -11.666876732646401  -45.438505414081199 488.14874062213403 -11.663286789992 
 1 4 2 4
7 0 0  3 4 2  -49.672146917692402 488.14874062213403 -14.5725852995319  -50.003751375651802 488.14874062213403 -14.094425947676401  -49.582606922114401 488.14874062213403 -13.8641561869717  -49.545467773844798 488.14874062213403 -13.862359393688999 
 0 4 1 4
1 -89.769055381155695 498.14874062213403 73.911773809696996 -0 -1 -0 
1 -96.119055381155704 496.14874062213403 73.911773809696996 -1 -0 -0 
1 -96.119055381155704 498.14874062213403 73.911773809696996 -0 -1 -0 
1 -89.769055381155695 498.14874062213403 61.211773809697 -0 -1 -0 
2 -89.769055381155695 496.14874062213403 67.561773809696902 0 -1 0 0 0 1 -1 0 0 6.3499999999999899
1 -96.119055381155704 498.14874062213403 61.211773809697 -0 -1 -0 
1 -96.119055381155704 496.14874062213403 61.211773809697 1 0 0 
2 -96.119055381155704 496.14874062213403 67.561773809696902 0 -1 0 0 0 1 -1 0 0 6.3499999999999899
1 -89.769055381155695 498.14874062213403 63.211773809697 -1 0 0 
2 -96.119055381155704 498.14874062213403 67.561773809696902 0 1 0 0 -0 1 1 0 -0 4.3499999999999899
1 -89.769055381155695 498.14874062213403 71.911773809696996 1 0 0 
2 -89.769055381155695 498.14874062213403 67.561773809696902 0 1 0 0 -0 1 1 0 -0 4.3499999999999899
2 -89.769055381155695 496.14874062213403 71.911773809696996 -1 0 0 0 0 1 0 1 -0 2
2 -89.769055381155695 496.14874062213403 63.211773809697 -1 0 0 0 0 1 0 1 -0 2
2 -96.119055381155704 496.14874062213403 63.211773809697 -1 0 0 0 0 1 0 1 -0 2
2 -96.119055381155704 496.14874062213403 71.911773809696996 -1 0 0 0 0 1 0 1 -0 2
1 -75.809489098300702 374.14874062213403 153.87743460339101 0 1 0 
2 -75.809489098300702 366.64874062213403 113.87743460339099 0 1 0 0 0 -1 -1 0 0 40
1 -46.429715516203899 381.64874062213403 141.02202714527201 -0 -1 -0 
2 -75.809489098300702 381.64874062213403 113.87743460339099 0 1 0 0 0 -1 -1 0 0 40
1 -92.944055381155707 381.64874062213403 82.411773809696996 -0 -1 -0 
2 -92.944055381155707 366.64874062213403 94.911773809696996 0 1 0 0 -0 1 1 0 -0 12.5
1 -92.944055381155707 381.64874062213403 107.411773809697 -0 -1 -0 
2 -92.944055381155707 381.64874062213403 94.911773809696996 0 1 0 0 -0 1 1 0 -0 12.5
1 -101.824055381156 381.64874062213403 -75.388226190303001 -0.42261826174070388 0 0.90630778703664783 
2 -111.92406311895699 381.64874062213403 40.919373626709799 0 1 0 0 -0 1 1 0 -0 40
1 -151.62249708222799 381.64874062213403 36.016890494274897 -0.12256207831087396 0 0.99246084908177568 
2 -118.490409390834 381.64874062213403 94.091135122323294 0 1 0 0 -0 1 1 0 -0 40
1 -135.31398484448101 381.64874062213403 130.381179334965 0.90725110531603126 0 0.4205893863411671 
2 -75.809489098300702 381.64874062213403 113.87743460339099 0 1 0 0 0 -1 -1 0 0 40
1 -9.8166013458256405 381.64874062213403 101.39406062481299 0.67861481354702324 0 -0.73449433955241528 
2 -39.196374927922101 381.64874062213403 74.249468082931699 0 1 0 0 0 -1 -1 0 0 40
1 74.715944618844304 381.64874062213403 -75.388226190303001 0.42261826174070388 0 -0.90630778703664783 
1 -101.824055381156 381.64874062213403 -75.388226190303001 -1 -0 -0 
2 -92.944055381155707 381.64874062213403 94.911773809696996 0 1 0 0 -0 1 1 0 -0 12.5
1 -101.824055381156 366.64874062213403 -75.388226190303001 -0.42261826174070388 0 0.90630778703664783 
1 -101.824055381156 366.64874062213403 -75.388226190303001 -1 -0 -0 
1 74.715944618844304 366.64874062213403 -75.388226190303001 0.42261826174070388 0 -0.90630778703664783 
2 -39.196374927922101 366.64874062213403 74.249468082931699 0 1 0 0 0 -1 -1 0 0 40
1 -9.8166013458256405 366.64874062213403 101.39406062481299 0.67861481354702324 0 -0.73449433955241528 
2 -75.809489098300702 366.64874062213403 113.87743460339099 0 1 0 0 0 -1 -1 0 0 40
1 -135.31398484448101 366.64874062213403 130.381179334965 0.90725110531603126 0 0.4205893863411671 
2 -118.490409390834 366.64874062213403 94.091135122323294 0 1 0 0 -0 1 1 0 -0 40
1 -151.62249708222799 366.64874062213403 36.016890494274897 -0.12256207831087396 0 0.99246084908177568 
2 -111.92406311895699 366.64874062213403 40.919373626709799 0 1 0 0 -0 1 1 0 -0 40
2 -92.944055381155707 366.64874062213403 94.911773809696996 0 1 0 0 -0 1 1 0 -0 12.5
1 -148.176374600423 381.64874062213403 24.0146431570817 -0 -1 -0 
1 -101.824055381156 381.64874062213403 -75.388226190303001 -0 -1 -0 
1 -151.62249708222799 381.64874062213403 36.016890494274897 -0 -1 -0 
1 -158.18884335410499 381.64874062213403 89.188651989888299 -0 -1 -0 
1 -135.31398484448101 381.64874062213403 130.381179334965 -0 -1 -0 
1 -92.633064551947598 381.64874062213403 150.167478816032 -0 -1 -0 
1 -9.8166013458256405 381.64874062213403 101.39406062481299 -0 -1 -0 
1 -2.9440634464561599 381.64874062213403 91.154198552559805 -0 -1 -0 
1 74.715944618844304 381.64874062213403 -75.388226190303001 -0 -1 -0 
1 -75.809489098300702 267.14874062213403 153.87743460339101 0 1 0 
2 -75.809489098300702 259.64874062213403 113.87743460339099 0 1 0 0 0 -1 -1 0 0 40
1 -46.429715516203899 274.64874062213403 141.02202714527201 -0 -1 -0 
2 -75.809489098300702 274.64874062213403 113.87743460339099 0 1 0 0 0 -1 -1 0 0 40
1 -92.944055381155707 274.64874062213403 82.411773809696996 -0 -1 -0 
2 -92.944055381155707 259.64874062213403 94.911773809696996 0 1 0 0 -0 1 1 0 -0 12.5
1 -92.944055381155707 274.64874062213403 107.411773809697 -0 -1 -0 
2 -92.944055381155707 274.64874062213403 94.911773809696996 0 1 0 0 -0 1 1 0 -0 12.5
1 -101.824055381156 274.64874062213403 -75.388226190303001 -0.42261826174070388 0 0.90630778703664783 
2 -111.92406311895699 274.64874062213403 40.919373626709799 0 1 0 0 -0 1 1 0 -0 40
1 -151.62249708222799 274.64874062213403 36.016890494274897 -0.12256207831087396 0 0.99246084908177568 
2 -118.490409390834 274.64874062213403 94.091135122323294 0 1 0 0 -0 1 1 0 -0 40
1 -135.31398484448101 274.64874062213403 130.381179334965 0.90725110531603126 0 0.4205893863411671 
2 -75.809489098300702 274.64874062213403 113.87743460339099 0 1 0 0 0 -1 -1 0 0 40
1 -9.8166013458256405 274.64874062213403 101.39406062481299 0.67861481354702324 0 -0.73449433955241528 
2 -39.196374927922101 274.64874062213403 74.249468082931699 0 1 0 0 0 -1 -1 0 0 40
1 74.715944618844304 274.64874062213403 -75.388226190303001 0.42261826174070388 0 -0.90630778703664783 
1 -101.824055381156 274.64874062213403 -75.388226190303001 -1 -0 -0 
2 -92.944055381155707 274.64874062213403 94.911773809696996 0 1 0 0 -0 1 1 0 -0 12.5
1 -101.824055381156 259.64874062213403 -75.388226190303001 -0.42261826174070388 0 0.90630778703664783 
1 -101.824055381156 259.64874062213403 -75.388226190303001 -1 -0 -0 
1 74.715944618844304 259.64874062213403 -75.388226190303001 0.42261826174070388 0 -0.90630778703664783 
2 -39.196374927922101 259.64874062213403 74.249468082931699 0 1 0 0 0 -1 -1 0 0 40
1 -9.8166013458256405 259.64874062213403 101.39406062481299 0.67861481354702324 0 -0.73449433955241528 
2 -75.809489098300702 259.64874062213403 113.87743460339099 0 1 0 0 0 -1 -1 0 0 40
1 -135.31398484448101 259.64874062213403 130.381179334965 0.90725110531603126 0 0.4205893863411671 
2 -118.490409390834 259.64874062213403 94.091135122323294 0 1 0 0 -0 1 1 0 -0 40
1 -151.62249708222799 259.64874062213403 36.016890494274897 -0.12256207831087396 0 0.99246084908177568 
2 -111.92406311895699 259.64874062213403 40.919373626709799 0 1 0 0 -0 1 1 0 -0 40
2 -92.944055381155707 259.64874062213403 94.911773809696996 0 1 0 0 -0 1 1 0 -0 12.5
1 -148.176374600423 274.64874062213403 24.0146431570817 -0 -1 -0 
1 -101.824055381156 274.64874062213403 -75.388226190303001 -0 -1 -0 
1 -151.62249708222799 274.64874062213403 36.016890494274897 -0 -1 -0 
1 -158.18884335410499 274.64874062213403 89.188651989888299 -0 -1 -0 
1 -135.31398484448101 274.64874062213403 130.381179334965 -0 -1 -0 
1 -92.633064551947598 274.64874062213403 150.167478816032 -0 -1 -0 
1 -9.8166013458256405 274.64874062213403 101.39406062481299 -0 -1 -0 
1 -2.9440634464561599 274.64874062213403 91.154198552559805 -0 -1 -0 
1 74.715944618844304 274.64874062213403 -75.388226190303001 -0 -1 -0 
2 -12.9440553811557 374.14874062213403 -93.388226190303001 0 0 -1 1 0 0 0 -1 0 120
2 -129.94405538115601 374.14874062213403 -93.388226190303001 1.22464679914735e-16 1 0 -1 1.22464679914735e-16 0 0 -0 1 3
2 -12.9440553811557 374.14874062213403 -90.388226190303001 0 0 1 1 0 -0 -0 1 0 117
2 104.05594461884399 374.14874062213403 -93.388226190303001 0 -1 0 0 0 -1 1 0 0 3
1 107.05594461884399 374.14874062213403 -90.388226190303001 -0 -0 -1 
2 -12.9440553811557 374.14874062213403 -173.38822619030299 0 0 1 1 0 -0 -0 1 0 120
1 -132.94405538115601 374.14874062213403 -90.388226190303001 -0 -0 -1 
1 -152.44405538115601 247.148740622134 -173.38822619030299 -0 -0 -1 
2 -139.94405538115601 247.148740622134 -191.38822619030299 0 0 1 1 0 -0 -0 1 0 12.5
1 -127.44405538115601 247.148740622134 -173.38822619030299 -0 -0 -1 
2 -139.94405538115601 247.148740622134 -173.38822619030299 0 0 1 1 0 -0 -0 1 0 12.5
1 101.55594461884399 247.148740622134 -173.38822619030299 -0 -0 -1 
2 114.05594461884399 247.148740622134 -191.38822619030299 0 0 1 1 0 -0 -0 1 0 12.5
1 126.55594461884399 247.148740622134 -173.38822619030299 -0 -0 -1 
2 114.05594461884399 247.148740622134 -173.38822619030299 0 0 1 1 0 -0 -0 1 0 12.5
1 101.55594461884399 501.14874062213403 -173.38822619030299 -0 -0 -1 
2 114.05594461884399 501.14874062213403 -191.38822619030299 0 0 1 1 0 -0 -0 1 0 12.5
1 126.55594461884399 501.14874062213403 -173.38822619030299 -0 -0 -1 
2 114.05594461884399 501.14874062213403 -173.38822619030299 0 0 1 1 0 -0 -0 1 0 12.5
1 -152.44405538115601 501.14874062213403 -173.38822619030299 -0 -0 -1 
2 -139.94405538115601 501.14874062213403 -191.38822619030299 0 0 1 1 0 -0 -0 1 0 12.5
1 -127.44405538115601 501.14874062213403 -173.38822619030299 -0 -0 -1 
2 -139.94405538115601 501.14874062213403 -173.38822619030299 0 0 1 1 0 -0 -0 1 0 12.5
1 -166.544055381156 534.14874062213403 -173.38822619030299 -1 -0 -0 
1 -172.94405538115601 527.74874062213405 -173.38822619030299 -0.70710678118654746 -0.70710678118654746 -0 
1 -172.94405538115601 220.54874062213401 -173.38822619030299 -0 -1 -0 
1 -172.94405538115601 220.54874062213401 -173.38822619030299 0.70710678118654746 -0.70710678118654746 0 
1 -166.544055381156 214.148740622134 -173.38822619030299 1 0 0 
1 140.65594461884399 214.148740622134 -173.38822619030299 0.70710678118654746 0.70710678118654746 0 
1 147.05594461884399 220.54874062213401 -173.38822619030299 0 1 0 
1 140.65594461884399 534.14874062213403 -173.38822619030299 -0.70710678118654746 0.70710678118654746 0 
2 -12.9440553811557 374.14874062213403 -173.38822619030299 0 0 1 1 0 -0 -0 1 0 120
2 114.05594461884399 247.148740622134 -173.38822619030299 0 0 1 1 0 -0 -0 1 0 12.5
2 -139.94405538115601 501.14874062213403 -173.38822619030299 0 0 1 1 0 -0 -0 1 0 12.5
2 114.05594461884399 501.14874062213403 -173.38822619030299 0 0 1 1 0 -0 -0 1 0 12.5
2 -139.94405538115601 247.148740622134 -173.38822619030299 0 0 1 1 0 -0 -0 1 0 12.5
1 -166.544055381156 534.14874062213403 -191.38822619030299 -1 -0 -0 
1 140.65594461884399 534.14874062213403 -191.38822619030299 -0.70710678118654746 0.70710678118654746 0 
1 147.05594461884399 220.54874062213401 -191.38822619030299 0 1 0 
1 140.65594461884399 214.148740622134 -191.38822619030299 0.70710678118654746 0.70710678118654746 0 
1 -166.544055381156 214.148740622134 -191.38822619030299 1 0 0 
1 -172.94405538115601 220.54874062213401 -191.38822619030299 0.70710678118654746 -0.70710678118654746 0 
1 -172.94405538115601 220.54874062213401 -191.38822619030299 -0 -1 -0 
1 -172.94405538115601 527.74874062213405 -191.38822619030299 -0.70710678118654746 -0.70710678118654746 -0 
2 -139.94405538115601 501.14874062213403 -191.38822619030299 0 0 1 1 0 -0 -0 1 0 12.5
2 114.05594461884399 501.14874062213403 -191.38822619030299 0 0 1 1 0 -0 -0 1 0 12.5
2 114.05594461884399 247.148740622134 -191.38822619030299 0 0 1 1 0 -0 -0 1 0 12.5
2 -139.94405538115601 247.148740622134 -191.38822619030299 0 0 1 1 0 -0 -0 1 0 12.5
1 -166.544055381156 534.14874062213403 -173.38822619030299 -0 -0 -1 
1 140.65594461884399 534.14874062213403 -173.38822619030299 -0 -0 -1 
1 -172.94405538115601 527.74874062213405 -173.38822619030299 -0 -0 -1 
1 -172.94405538115601 220.54874062213401 -173.38822619030299 -0 -0 -1 
1 -166.544055381156 214.148740622134 -173.38822619030299 -0 -0 -1 
1 140.65594461884399 214.148740622134 -173.38822619030299 -0 -0 -1 
1 147.05594461884399 220.54874062213401 -173.38822619030299 -0 -0 -1 
1 147.05594461884399 527.74874062213405 -173.38822619030299 -0 -0 -1 
2 -12.9440553811557 374.14874062213403 -93.388226190303001 0 0 -1 1 0 0 0 -1 0 120
2 -12.9440553811557 374.14874062213403 -90.388226190303001 0 0 1 1 0 -0 -0 1 0 117
1 -141.544055381156 509.14874062213403 -90.388226190303001 -1 -0 -0 
1 -141.544055381156 509.14874062213403 -75.388226190303001 -0 -0 -1 
1 -141.544055381156 509.14874062213403 -75.388226190303001 -1 -0 -0 
1 115.655944618844 509.14874062213403 -75.388226190303001 -0 -0 -1 
1 -147.94405538115601 502.74874062213399 -90.388226190303001 -0.70710678118654746 -0.70710678118654746 -0 
1 -147.94405538115601 502.74874062213399 -75.388226190303001 -0 -0 -1 
1 -147.94405538115601 502.74874062213399 -75.388226190303001 -0.70710678118654746 -0.70710678118654746 -0 
1 -147.94405538115601 502.74874062213399 -90.388226190303001 1.07914368645525e-16 -1 0 
1 -147.94405538115601 245.54874062213401 -75.388226190303001 -0 -0 -1 
1 -147.94405538115601 502.74874062213399 -75.388226190303001 1.07914368645525e-16 -1 0 
1 -147.94405538115601 245.54874062213401 -90.388226190303001 0.70710678118654746 -0.70710678118654746 0 
1 -141.544055381156 239.148740622134 -75.388226190303001 -0 -0 -1 
1 -147.94405538115601 245.54874062213401 -75.388226190303001 0.70710678118654746 -0.70710678118654746 0 
1 -141.544055381156 239.148740622134 -90.388226190303001 1 0 0 
1 115.655944618844 239.148740622134 -75.388226190303001 -0 -0 -1 
1 -141.544055381156 239.148740622134 -75.388226190303001 1 0 0 
1 115.655944618844 239.148740622134 -90.388226190303001 0.70710678118654746 0.70710678118654746 0 
1 122.05594461884399 245.54874062213401 -75.388226190303001 -0 -0 -1 
1 115.655944618844 239.148740622134 -75.388226190303001 0.70710678118654746 0.70710678118654746 0 
1 122.05594461884399 502.74874062213399 -90.388226190303001 -2.1582873729104899e-16 1 0 
1 122.05594461884399 502.74874062213399 -75.388226190303001 -0 -0 -1 
1 122.05594461884399 502.74874062213399 -75.388226190303001 -2.1582873729104899e-16 1 0 
1 115.655944618844 509.14874062213403 -90.388226190303001 -0.70710678118654746 0.70710678118654746 0 
1 115.655944618844 509.14874062213403 -75.388226190303001 -0.70710678118654746 0.70710678118654746 0 
2 -92.944055381155806 319.84874062213402 94.911773809697095 4.4832471920669198e-16 -1 -6.5048778623869902e-16 -0.79023147839913599 4.4344113880334855e-17 -0.61280846154986801 0.61280846154986801 7.8877310645181777e-16 -0.79023147839913599 152.39314572743001
1 -213.37533268918401 319.76874062213398 1.5197642694973199 -0.067458627277234687 -0.9963496901438158 -0.052312795339125986 
2 -92.944055381155806 319.76874062213398 94.911773809697095 4.4832633749368201e-16 -1 -6.5048653129000696e-16 -0.79023147839913599 4.4342066015836915e-17 -0.61280846154986801 0.61280846154986801 7.8877310645181826e-16 -0.79023147839913599 152.40000000000001
1 27.4872219268725 319.76874062213398 188.303783349897 0.067458627277235603 -0.99634969014381591 0.052312795339124592 
2 -92.944055381155806 319.84874062213402 94.911773809697095 4.4832471920669198e-16 -1 -6.5048778623869902e-16 -0.79023147839913599 4.4344113880334855e-17 -0.61280846154986801 0.61280846154986801 7.8877310645181777e-16 -0.79023147839913599 152.39314572743001
1 -213.37533268918401 319.928740622134 1.5197642694972999 -0.067458627277235589 0.9963496901438158 -0.052312795339124689 
2 -92.944055381155806 319.928740622134 94.911773809697095 4.8430620880693196e-16 -1 -6.2258487185358199e-16 -0.79023147839913599 -1.1887338785671765e-18 -0.61280846154986801 0.61280846154986801 7.8877310645181786e-16 -0.79023147839913599 152.40000000000001
1 27.4872219268725 319.928740622134 188.303783349897 0.067458627277234687 0.9963496901438158 0.052312795339125896 
2 -92.944055381155906 353.29556889410998 94.911773809697095 4.1096407021962798e-16 -1 -6.7946021071696497e-16 -0.79023147839913599 9.1622221635229516e-17 -0.61280846154986801 0.61280846154986801 7.8877310645181786e-16 -0.79023147839913599 149.527474757562
2 21.2805276145778 352.868740622134 183.490617971402 -0.61280846154986801 -7.8877310645181796e-16 0.79023147839913599 0.79023147839913599 1.1887338785670284e-18 0.61280846154986801 -4.8430620880693186e-16 1 6.2258487185358219e-16 5
2 -92.944055381155906 357.868740622134 94.911773809697095 4.0843634356443699e-16 -1 -6.8142041139882597e-16 -0.79023147839913599 9.4820938371130183e-17 -0.61280846154986801 0.61280846154986801 7.8877310645181767e-16 -0.79023147839913599 144.54572630684299
2 -207.16863837688999 352.868740622134 6.3329296479922599 0.61280846154986801 7.8877310645181796e-16 -0.79023147839913599 -0.79023147839913599 -1.1887338785672256e-18 -0.61280846154986801 -4.8430620880693206e-16 1 6.2258487185358209e-16 5.0000000000000098
1 -213.37533268918401 319.76874062213398 1.5197642694973199 -0.067458627277234687 -0.9963496901438158 -0.052312795339125986 
2 -92.944055381155806 319.928740622134 94.911773809697095 -4.8430620880693196e-16 1 6.2258487185358199e-16 -0.79023147839913599 -1.1887338785671765e-18 -0.61280846154986801 -0.61280846154986801 -7.8877310645181786e-16 0.79023147839913599 152.38629145485899
1 27.4872219268725 319.76874062213398 188.303783349897 0.067458627277235603 -0.99634969014381591 0.052312795339124592 
2 -92.944055381155906 361.04874062213401 94.911773809697095 4.8430620880693196e-16 -1 -6.2258487185358199e-16 -0.79023147839913599 -1.1887338785671765e-18 -0.61280846154986801 0.61280846154986801 7.8877310645181786e-16 -0.79023147839913599 50.5
1 -134.65876685341999 334.89718319465698 62.562862307081403 -0.068873211442459906 -0.9961946980917451 -0.05340977662843191 
2 -92.944055381155906 334.89718319465698 94.911773809697095 4.8430620880693196e-16 -1 -6.2258487185358199e-16 -0.79023147839913599 -1.1887338785671765e-18 -0.61280846154986801 0.61280846154986801 7.8877310645181786e-16 -0.79023147839913599 52.787964808451498
1 -51.2293439088917 334.89718319465698 127.260685312313 0.068873211442460808 -0.9961946980917451 0.053409776628430605 
2 -142.53101094388401 335.76874062213398 56.458096903664099 0.61280846154986801 7.8877310645181796e-16 -0.79023147839913599 -0.79023147839913599 -1.1887338785670777e-18 -0.61280846154986801 -4.8430620880693196e-16 1 6.2258487185358219e-16 9.9999999999999805
2 -92.944055381155906 325.76874062213398 94.911773809697095 4.8430620880693196e-16 -1 -6.2258487185358199e-16 -0.79023147839913599 -1.1887338785671765e-18 -0.61280846154986801 0.61280846154986801 7.8877310645181786e-16 -0.79023147839913599 62.749911789368902
2 -43.3570998184274 335.76874062213398 133.36545071572999 -0.61280846154986801 -7.8877310645181796e-16 0.79023147839913599 0.79023147839913599 1.1887338785670284e-18 0.61280846154986801 -4.8430620880693186e-16 1 6.2258487185358219e-16 9.9999999999999805
2 -92.944055381155906 334.89718319465698 94.911773809697095 4.8430620880693196e-16 -1 -6.2258487185358199e-16 -0.79023147839913599 -1.1887338785671765e-18 -0.61280846154986801 0.61280846154986801 7.8877310645181786e-16 -0.79023147839913599 52.787964808451498
2 -178.31142030651 335.76874062213398 28.711116158788901 0.61280846154986801 7.8877310645181796e-16 -0.79023147839913599 -0.79023147839913599 -1.1887338785670777e-18 -0.61280846154986801 -4.8430620880693196e-16 1 6.2258487185358219e-16 9.9999999999999805
2 -92.944055381155906 334.89718319465698 94.911773809697095 4.3783345001513901e-16 -1 -6.5862355241445996e-16 -0.79023147839913599 5.7620311397556561e-17 -0.61280846154986801 0.61280846154986801 7.8877310645181786e-16 -0.79023147839913599 117.99024914156099
2 -7.5766904558019501 335.76874062213398 161.11243146060499 -0.61280846154986801 -7.8877310645181796e-16 0.79023147839913599 0.79023147839913599 1.1887338785670284e-18 0.61280846154986801 -4.8430620880693186e-16 1 6.2258487185358219e-16 9.9999999999999805
2 -92.944055381155906 325.76874062213398 94.911773809697095 4.3354791418905098e-16 -1 -6.6194689840647396e-16 -0.79023147839913599 6.3043451253702573e-17 -0.61280846154986801 0.61280846154986801 7.8877310645181707e-16 -0.79023147839913599 108.02830216064299
1 -187.77183278905201 357.868740622134 21.374758423713001 -0.068873211442460711 0.9961946980917451 -0.053409776628430508 
2 -92.944055381155906 357.868740622134 94.911773809697095 4.8430620880693196e-16 -1 -6.2258487185358199e-16 -0.79023147839913599 -1.1887338785671765e-18 -0.61280846154986801 0.61280846154986801 7.8877310645181786e-16 -0.79023147839913599 120
1 1.88372202674043 357.868740622134 168.448789195681 0.068873211442459711 0.99619469809174521 0.053409776628431813 
2 -92.944055381155806 286.401912350158 94.911773809697095 4.8430620880693196e-16 -1 -6.2258487185358199e-16 -0.79023147839913599 -1.1887338785671765e-18 -0.61280846154986801 0.61280846154986801 7.8877310645181786e-16 -0.79023147839913599 149.527474757562
2 21.280527614577899 286.82874062213398 183.490617971402 0.61280846154986801 7.8877310645181796e-16 -0.79023147839913599 -0.79023147839913599 -1.1887338785672256e-18 -0.61280846154986801 -4.8430620880693206e-16 1 6.2258487185358209e-16 5
2 -92.944055381155806 281.82874062213398 94.911773809697095 4.8430620880693196e-16 -1 -6.2258487185358199e-16 -0.79023147839913599 -1.1887338785671765e-18 -0.61280846154986801 0.61280846154986801 7.8877310645181786e-16 -0.79023147839913599 144.54572630684299
2 -207.16863837688999 286.82874062213398 6.3329296479922199 -0.61280846154986801 -7.8877310645181796e-16 0.79023147839913599 0.79023147839913599 1.1887338785672256e-18 0.61280846154986801 -4.8430620880693206e-16 1 6.2258487185358209e-16 5.0000000000000098
1 -104.797527557143 278.42548147794298 85.719646886449098 4.5881591070415803e-16 -1 -6.4235208031312403e-16 
2 -92.944055381155806 278.64874062213403 94.911773809697095 4.5860308823752897e-16 -1 -6.4251711981347804e-16 -0.79023147839913599 3.1337331295997759e-17 -0.61280846154986801 0.61280846154986801 7.8877310645181806e-16 -0.79023147839913599 15
1 -81.090583205168798 278.42548147794298 104.10390073294499 4.5881591070415803e-16 -1 -6.4235208031312403e-16 
2 -92.944055381155906 361.04874062213401 94.911773809697095 4.8430620880693196e-16 -1 -6.2258487185358199e-16 -0.79023147839913599 -1.1887338785671765e-18 -0.61280846154986801 0.61280846154986801 7.8877310645181786e-16 -0.79023147839913599 15
2 -92.944055381155806 278.64874062213403 94.911773809697095 4.5885757457979999e-16 -1 -6.4231977082377598e-16 -0.79023147839913599 3.101529104674478e-17 -0.61280846154986801 0.61280846154986801 7.8877310645181777e-16 -0.79023147839913599 50.5
1 -134.65876685341999 304.80029804960998 62.562862307081403 -0.068873211442460808 0.9961946980917451 -0.053409776628430605 
2 -92.944055381155806 304.80029804960998 94.911773809697095 4.8430620880693196e-16 -1 -6.2258487185358199e-16 -0.79023147839913599 -1.1887338785671765e-18 -0.61280846154986801 0.61280846154986801 7.8877310645181786e-16 -0.79023147839913599 52.787964808451498
1 -51.2293439088916 304.80029804960998 127.260685312313 0.068873211442459906 0.9961946980917451 0.05340977662843191 
2 -142.53101094388401 303.928740622134 56.458096903664 -0.61280846154986801 -7.8877310645181796e-16 0.79023147839913599 0.79023147839913599 1.1887338785670777e-18 0.61280846154986801 -4.8430620880693196e-16 1 6.2258487185358219e-16 9.9999999999999805
2 -92.944055381155806 313.928740622134 94.911773809697095 4.8430620880693196e-16 -1 -6.2258487185358199e-16 -0.79023147839913599 -1.1887338785671765e-18 -0.61280846154986801 0.61280846154986801 7.8877310645181786e-16 -0.79023147839913599 62.749911789368902
2 -43.3570998184274 303.928740622134 133.36545071572999 0.61280846154986801 7.8877310645181796e-16 -0.79023147839913599 -0.79023147839913599 -1.1887338785672256e-18 -0.61280846154986801 -4.8430620880693206e-16 1 6.2258487185358209e-16 9.9999999999999805
2 -92.944055381155806 304.80029804960998 94.911773809697095 4.8430620880693196e-16 -1 -6.2258487185358199e-16 -0.79023147839913599 -1.1887338785671765e-18 -0.61280846154986801 0.61280846154986801 7.8877310645181786e-16 -0.79023147839913599 52.787964808451498
2 -178.31142030651 303.928740622134 28.711116158788901 -0.61280846154986801 -7.8877310645181796e-16 0.79023147839913599 0.79023147839913599 1.1887338785670777e-18 0.61280846154986801 -4.8430620880693196e-16 1 6.2258487185358219e-16 9.9999999999999805
2 -92.944055381155806 304.80029804960998 94.911773809697095 4.6106982941103502e-16 -1 -6.4060421213402103e-16 -0.79023147839913599 2.8215788759495087e-17 -0.61280846154986801 0.61280846154986801 7.8877310645181767e-16 -0.79023147839913599 117.99024914156099
2 -7.5766904558019199 303.928740622134 161.11243146060499 0.61280846154986801 7.8877310645181796e-16 -0.79023147839913599 -0.79023147839913599 -1.1887338785672256e-18 -0.61280846154986801 -4.8430620880693206e-16 1 6.2258487185358209e-16 9.9999999999999805
2 -92.944055381155806 313.928740622134 94.911773809697095 4.3354791418905098e-16 -1 -6.6194689840647396e-16 -0.79023147839913599 6.3043451253702573e-17 -0.61280846154986801 0.61280846154986801 7.8877310645181707e-16 -0.79023147839913599 108.02830216064299
1 -187.77183278905201 281.82874062213398 21.374758423713001 -0.068873211442459711 -0.99619469809174521 -0.053409776628431813 
2 -92.944055381155806 281.82874062213398 94.911773809697095 4.5860308823752897e-16 -1 -6.4251711981347804e-16 -0.79023147839913599 3.1337331295997759e-17 -0.61280846154986801 0.61280846154986801 7.8877310645181806e-16 -0.79023147839913599 120
1 1.8837220267404899 281.82874062213398 168.448789195681 0.068873211442460711 -0.9961946980917451 0.053409776628430508 
1 -213.37533268918401 319.928740622134 1.5197642694972999 -0.067458627277235589 0.9963496901438158 -0.052312795339124689 
2 -92.944055381155806 319.76874062213398 94.911773809697095 -4.48323100774123e-16 1 6.5048904130028596e-16 0.79023147839913599 -4.4346161929056764e-17 0.61280846154986801 0.61280846154986801 7.8877310645181836e-16 -0.79023147839913599 152.38629145485899
1 27.4872219268725 319.928740622134 188.303783349897 0.067458627277234687 0.9963496901438158 0.052312795339125896 
2 -92.944055381155806 286.401912350158 94.911773809697095 4.8430620880693196e-16 -1 -6.2258487185358199e-16 -0.79023147839913599 -1.1887338785671765e-18 -0.61280846154986801 0.61280846154986801 7.8877310645181786e-16 -0.79023147839913599 149.527474757562
2 -92.944055381155806 319.76874062213398 94.911773809697095 -4.48323100774123e-16 1 6.5048904130028596e-16 0.79023147839913599 -4.4346161929056764e-17 0.61280846154986801 0.61280846154986801 7.8877310645181836e-16 -0.79023147839913599 152.38629145485899
2 -92.944055381155806 281.82874062213398 94.911773809697095 4.8430620880693196e-16 -1 -6.2258487185358199e-16 -0.79023147839913599 -1.1887338785671765e-18 -0.61280846154986801 0.61280846154986801 7.8877310645181786e-16 -0.79023147839913599 144.54572630684299
2 -92.944055381155806 281.82874062213398 94.911773809697095 4.5860308823752897e-16 -1 -6.4251711981347804e-16 -0.79023147839913599 3.1337331295997759e-17 -0.61280846154986801 0.61280846154986801 7.8877310645181806e-16 -0.79023147839913599 120
2 -92.944055381155806 304.80029804960998 94.911773809697095 4.6106982941103502e-16 -1 -6.4060421213402103e-16 -0.79023147839913599 2.8215788759495087e-17 -0.61280846154986801 0.61280846154986801 7.8877310645181767e-16 -0.79023147839913599 117.99024914156099
2 -92.944055381155806 313.928740622134 94.911773809697095 4.3354791418905098e-16 -1 -6.6194689840647396e-16 -0.79023147839913599 6.3043451253702573e-17 -0.61280846154986801 0.61280846154986801 7.8877310645181707e-16 -0.79023147839913599 108.02830216064299
2 -92.944055381155806 313.928740622134 94.911773809697095 4.8430620880693196e-16 -1 -6.2258487185358199e-16 -0.79023147839913599 -1.1887338785671765e-18 -0.61280846154986801 0.61280846154986801 7.8877310645181786e-16 -0.79023147839913599 62.749911789368902
2 -92.944055381155806 278.64874062213403 94.911773809697095 4.5885757457979999e-16 -1 -6.4231977082377598e-16 -0.79023147839913599 3.101529104674478e-17 -0.61280846154986801 0.61280846154986801 7.8877310645181777e-16 -0.79023147839913599 50.5
2 -92.944055381155806 278.64874062213403 94.911773809697095 4.5860308823752897e-16 -1 -6.4251711981347804e-16 -0.79023147839913599 3.1337331295997759e-17 -0.61280846154986801 0.61280846154986801 7.8877310645181806e-16 -0.79023147839913599 15
2 -92.944055381155906 361.04874062213401 94.911773809697095 4.8430620880693196e-16 -1 -6.2258487185358199e-16 -0.79023147839913599 -1.1887338785671765e-18 -0.61280846154986801 0.61280846154986801 7.8877310645181786e-16 -0.79023147839913599 15
2 -92.944055381155906 357.868740622134 94.911773809697095 4.0843634356443699e-16 -1 -6.8142041139882597e-16 -0.79023147839913599 9.4820938371130183e-17 -0.61280846154986801 0.61280846154986801 7.8877310645181767e-16 -0.79023147839913599 144.54572630684299
2 -92.944055381155906 357.868740622134 94.911773809697095 4.8430620880693196e-16 -1 -6.2258487185358199e-16 -0.79023147839913599 -1.1887338785671765e-18 -0.61280846154986801 0.61280846154986801 7.8877310645181786e-16 -0.79023147839913599 120
2 -92.944055381155906 334.89718319465698 94.911773809697095 4.3783345001513901e-16 -1 -6.5862355241445996e-16 -0.79023147839913599 5.7620311397556561e-17 -0.61280846154986801 0.61280846154986801 7.8877310645181786e-16 -0.79023147839913599 117.99024914156099
2 -92.944055381155906 325.76874062213398 94.911773809697095 4.3354791418905098e-16 -1 -6.6194689840647396e-16 -0.79023147839913599 6.3043451253702573e-17 -0.61280846154986801 0.61280846154986801 7.8877310645181707e-16 -0.79023147839913599 108.02830216064299
2 -92.944055381155906 325.76874062213398 94.911773809697095 4.8430620880693196e-16 -1 -6.2258487185358199e-16 -0.79023147839913599 -1.1887338785671765e-18 -0.61280846154986801 0.61280846154986801 7.8877310645181786e-16 -0.79023147839913599 62.749911789368902
2 -92.944055381155906 361.04874062213401 94.911773809697095 4.8430620880693196e-16 -1 -6.2258487185358199e-16 -0.79023147839913599 -1.1887338785671765e-18 -0.61280846154986801 0.61280846154986801 7.8877310645181786e-16 -0.79023147839913599 50.5
2 -92.944055381155906 353.29556889410998 94.911773809697095 4.1096407021962798e-16 -1 -6.7946021071696497e-16 -0.79023147839913599 9.1622221635229516e-17 -0.61280846154986801 0.61280846154986801 7.8877310645181786e-16 -0.79023147839913599 149.527474757562
2 -92.944055381155806 319.928740622134 94.911773809697095 -4.8430620880693196e-16 1 6.2258487185358199e-16 -0.79023147839913599 -1.1887338785671765e-18 -0.61280846154986801 -0.61280846154986801 -7.8877310645181786e-16 0.79023147839913599 152.38629145485899
2 -92.944055381155806 319.928740622134 94.911773809697095 4.8430620880693196e-16 -1 -6.2258487185358199e-16 -0.79023147839913599 -1.1887338785671765e-18 -0.61280846154986801 0.61280846154986801 7.8877310645181786e-16 -0.79023147839913599 152.40000000000001
2 -92.944055381155806 319.76874062213398 94.911773809697095 4.4832633749368201e-16 -1 -6.5048653129000696e-16 -0.79023147839913599 4.4342066015836915e-17 -0.61280846154986801 0.61280846154986801 7.8877310645181826e-16 -0.79023147839913599 152.40000000000001
2 -92.944055381155593 426.84874062213402 94.911773809696896 5.5629597577749601e-16 -1 -3.8161459506576602e-16 -0.56564757293800316 2.9896831339399961e-20 -0.82464709011148918 0.82464709011148918 6.7460722716231294e-16 -0.56564757293800316 152.39314572743001
1 -179.148745496907 426.76874062213398 -30.764442723294 -0.048286875220913392 -0.99634969014381591 -0.070396538492472002 
2 -92.944055381155593 426.76874062213398 94.911773809696896 5.5629713414707798e-16 -1 -3.8161290630026698e-16 -0.56564757293800316 2.7848966842149995e-20 -0.82464709011148918 0.82464709011148918 6.7460722716231225e-16 -0.56564757293800316 152.40000000000001
1 -6.7393652654038796 426.76874062213398 220.58799034268799 0.048286875220914495 -0.99634969014381591 0.070396538492471183 
2 -92.944055381155593 426.84874062213402 94.911773809696896 5.5629597577749601e-16 -1 -3.8161459506576602e-16 -0.56564757293800316 2.9896831339399961e-20 -0.82464709011148918 0.82464709011148918 6.7460722716231294e-16 -0.56564757293800316 152.39314572743001
1 -179.148745496907 426.928740622134 -30.764442723294 -0.048286875220914495 0.99634969014381591 -0.070396538492471183 
2 -92.944055381155593 426.928740622134 94.911773809696896 5.8205152060127401e-16 -1 -3.4406606465689802e-16 -0.56564757293800316 -4.5502950927562336e-17 -0.82464709011148918 0.82464709011148918 6.7460722716231255e-16 -0.56564757293800316 152.40000000000001
1 -6.7393652654038796 426.928740622134 220.58799034268799 0.048286875220913392 0.9963496901438158 0.070396538492471891 
2 -92.944055381155593 460.29556889410998 94.911773809696896 5.2955322887283798e-16 -1 -4.2060234905181699e-16 -0.56564757293800316 4.7308004586234062e-17 -0.82464709011148918 0.82464709011148918 6.7460722716231235e-16 -0.56564757293800316 149.527474757562
2 -11.1821161171288 459.868740622134 214.110986396687 -0.82464709011148918 -6.7460722716231324e-16 0.56564757293800316 0.56564757293800316 4.5502950927560462e-17 0.82464709011148918 -5.8205152060127361e-16 1 3.4406606465690004e-16 5.0000000000000098
2 -92.944055381155593 464.868740622134 94.911773809696896 5.2774388251465996e-16 -1 -4.2324016150016901e-16 -0.56564757293800316 5.0506721322135024e-17 -0.82464709011148918 0.82464709011148918 6.7460722716231304e-16 -0.56564757293800316 144.54572630684299
2 -174.70599464518199 459.868740622134 -24.287438777293101 0.82464709011148918 6.7460722716231324e-16 -0.56564757293800316 -0.56564757293800316 -4.5502950927560462e-17 -0.82464709011148918 -5.8205152060127361e-16 1 3.4406606465690004e-16 5.0000000000000098
1 -179.148745496907 426.76874062213398 -30.764442723294 -0.048286875220913392 -0.99634969014381591 -0.070396538492472002 
2 -92.944055381155593 426.928740622134 94.911773809696896 -5.8205152060127401e-16 1 3.4406606465689802e-16 -0.56564757293800316 -4.5502950927562336e-17 -0.82464709011148918 -0.82464709011148918 -6.7460722716231255e-16 0.56564757293800316 152.38629145485899
1 -6.7393652654038796 426.76874062213398 220.58799034268799 0.048286875220914495 -0.99634969014381591 0.070396538492471183 
2 -92.944055381155593 468.04874062213401 94.911773809696896 5.8205152060127401e-16 -1 -3.4406606465689802e-16 -0.56564757293800316 -4.5502950927562336e-17 -0.82464709011148918 0.82464709011148918 6.7460722716231255e-16 -0.56564757293800316 50.5
1 -122.803439555393 441.89718319465698 51.380332237499701 -0.049299434352823912 -0.99619469809174521 -0.071872729643366023 
2 -92.944055381155593 441.89718319465698 94.911773809696896 5.8205152060127401e-16 -1 -3.4406606465689802e-16 -0.56564757293800316 -4.5502950927562336e-17 -0.82464709011148918 0.82464709011148918 6.7460722716231255e-16 -0.56564757293800316 52.787964808451498
1 -63.084671206918202 441.89718319465698 138.44321538189399 0.049299434352825015 -0.99619469809174521 0.07187272964336533 
2 -128.43839068688601 442.76874062213398 43.165241647841199 0.82464709011148918 6.7460722716231324e-16 -0.56564757293800316 -0.56564757293800316 -4.5502950927560314e-17 -0.82464709011148918 -5.8205152060127351e-16 1 3.4406606465690014e-16 9.9999999999999805
2 -92.944055381155593 432.76874062213398 94.911773809696896 5.8205152060127401e-16 -1 -3.4406606465689802e-16 -0.56564757293800316 -4.5502950927562336e-17 -0.82464709011148918 0.82464709011148918 6.7460722716231255e-16 -0.56564757293800316 62.749911789369001
2 -57.449720075425198 442.76874062213398 146.65830597155301 -0.82464709011148918 -6.7460722716231324e-16 0.56564757293800316 0.56564757293800316 4.5502950927560314e-17 0.82464709011148918 -5.8205152060127351e-16 1 3.4406606465690014e-16 9.9999999999999805
2 -92.944055381155593 441.89718319465698 94.911773809696896 5.8205152060127401e-16 -1 -3.4406606465689802e-16 -0.56564757293800316 -4.5502950927562336e-17 -0.82464709011148918 0.82464709011148918 6.7460722716231255e-16 -0.56564757293800316 52.787964808451498
2 -154.05000230693699 442.76874062213398 5.8265487832375298 0.82464709011148918 6.7460722716231324e-16 -0.56564757293800316 -0.56564757293800316 -4.5502950927560314e-17 -0.82464709011148918 -5.8205152060127351e-16 1 3.4406606465690014e-16 9.9999999999999805
2 -92.944055381155593 441.89718319465698 94.911773809696896 5.4878632687403301e-16 -1 -3.9256277271608898e-16 -0.56564757293800316 1.330609434856224e-17 -0.82464709011148918 0.82464709011148918 6.7460722716231255e-16 -0.56564757293800316 117.99024914156099
2 -31.8381084553743 442.76874062213398 183.996998836156 -0.82464709011148918 -6.7460722716231324e-16 0.56564757293800316 0.56564757293800316 4.5502950927560314e-17 0.82464709011148918 -5.8205152060127351e-16 1 3.4406606465690014e-16 9.9999999999999805
2 -92.944055381155593 432.76874062213398 94.911773809696896 5.4571874097670096e-16 -1 -3.9703494921772698e-16 -0.56564757293800316 1.8729234204707709e-17 -0.82464709011148918 0.82464709011148918 6.7460722716231255e-16 -0.56564757293800316 108.02830216064299
1 -160.82176413371599 464.868740622134 -4.04587700368175 -0.049299434352824904 0.9961946980917451 -0.071872729643365094 
2 -92.944055381155593 464.868740622134 94.911773809696896 5.8205152060127401e-16 -1 -3.4406606465689802e-16 -0.56564757293800316 -4.5502950927562336e-17 -0.82464709011148918 0.82464709011148918 6.7460722716231255e-16 -0.56564757293800316 120
1 -25.066346628595198 464.868740622134 193.86942462307599 0.049299434352823704 0.9961946980917451 0.071872729643365912 
2 -92.944055381155493 393.401912350158 94.911773809696896 5.8205152060127401e-16 -1 -3.4406606465689802e-16 -0.56564757293800316 -4.5502950927562336e-17 -0.82464709011148918 0.82464709011148918 6.7460722716231255e-16 -0.56564757293800316 149.527474757562
2 -11.1821161171287 393.82874062213398 214.110986396687 0.82464709011148918 6.7460722716231324e-16 -0.56564757293800316 -0.56564757293800316 -4.5502950927560462e-17 -0.82464709011148918 -5.8205152060127361e-16 1 3.4406606465690004e-16 5.0000000000000098
2 -92.944055381155493 388.82874062213398 94.911773809696896 5.8205152060127401e-16 -1 -3.4406606465689802e-16 -0.56564757293800316 -4.5502950927562336e-17 -0.82464709011148918 0.82464709011148918 6.7460722716231255e-16 -0.56564757293800316 144.54572630684299
2 -174.70599464518199 393.82874062213398 -24.2874387772932 -0.82464709011148918 -6.7460722716231324e-16 0.56564757293800316 0.56564757293800316 4.5502950927560462e-17 0.82464709011148918 -5.8205152060127361e-16 1 3.4406606465690004e-16 5.0000000000000098
1 -101.42876897522601 385.42548147794298 82.542067458024505 5.6380556906754205e-16 -1 -3.7066649849321e-16 
2 -92.944055381155493 385.64874062213403 94.911773809696896 5.6365323077805796e-16 -1 -3.7088858965587999e-16 -0.56564757293800316 -1.2976885752997055e-17 -0.82464709011148918 0.82464709011148918 6.7460722716231274e-16 -0.56564757293800316 15
1 -84.459341787085506 385.42548147794298 107.281480161369 5.6380556906754205e-16 -1 -3.7066649849321e-16 
2 -92.944055381155593 468.04874062213401 94.911773809696896 5.8205152060127401e-16 -1 -3.4406606465689802e-16 -0.56564757293800316 -4.5502950927562336e-17 -0.82464709011148918 0.82464709011148918 6.7460722716231255e-16 -0.56564757293800316 15
2 -92.944055381155493 385.64874062213403 94.911773809696896 5.6383539206343604e-16 -1 -3.7062302010143498e-16 -0.56564757293800316 -1.3298926002249738e-17 -0.82464709011148918 0.82464709011148918 6.7460722716231255e-16 -0.56564757293800316 50.5
1 -122.803439555393 411.80029804960998 51.380332237499701 -0.049299434352825015 0.99619469809174521 -0.07187272964336533 
2 -92.944055381155593 411.80029804960998 94.911773809696896 5.8205152060127401e-16 -1 -3.4406606465689802e-16 -0.56564757293800316 -4.5502950927562336e-17 -0.82464709011148918 0.82464709011148918 6.7460722716231255e-16 -0.56564757293800316 52.787964808451498
1 -63.084671206918202 411.80029804960998 138.44321538189399 0.049299434352823912 0.99619469809174521 0.071872729643366023 
2 -128.43839068688601 410.928740622134 43.165241647841199 -0.82464709011148918 -6.7460722716231324e-16 0.56564757293800316 0.56564757293800316 4.5502950927560314e-17 0.82464709011148918 -5.8205152060127351e-16 1 3.4406606465690014e-16 9.9999999999999805
2 -92.944055381155593 420.928740622134 94.911773809696896 5.8205152060127401e-16 -1 -3.4406606465689802e-16 -0.56564757293800316 -4.5502950927562336e-17 -0.82464709011148918 0.82464709011148918 6.7460722716231255e-16 -0.56564757293800316 62.749911789369001
2 -57.449720075425198 410.928740622134 146.65830597155301 0.82464709011148918 6.7460722716231324e-16 -0.56564757293800316 -0.56564757293800316 -4.5502950927560462e-17 -0.82464709011148918 -5.8205152060127361e-16 1 3.4406606465690004e-16 9.9999999999999805
2 -92.944055381155593 411.80029804960998 94.911773809696896 5.8205152060127401e-16 -1 -3.4406606465689802e-16 -0.56564757293800316 -4.5502950927562336e-17 -0.82464709011148918 0.82464709011148918 6.7460722716231255e-16 -0.56564757293800316 52.787964808451498
2 -154.05000230693699 410.928740622134 5.8265487832375102 -0.82464709011148918 -6.7460722716231324e-16 0.56564757293800316 0.56564757293800316 4.5502950927560314e-17 0.82464709011148918 -5.8205152060127351e-16 1 3.4406606465690014e-16 9.9999999999999805
2 -92.944055381155593 411.80029804960998 94.911773809696896 5.6541892373765395e-16 -1 -3.6831441868649399e-16 -0.56564757293800316 -1.6098428289499924e-17 -0.82464709011148918 0.82464709011148918 6.7460722716231314e-16 -0.56564757293800316 117.99024914156099
2 -31.8381084553743 410.928740622134 183.996998836156 0.82464709011148918 6.7460722716231324e-16 -0.56564757293800316 -0.56564757293800316 -4.5502950927560462e-17 -0.82464709011148918 -5.8205152060127361e-16 1 3.4406606465690004e-16 9.9999999999999805
2 -92.944055381155593 420.928740622134 94.911773809696896 5.4571874097670096e-16 -1 -3.9703494921772698e-16 -0.56564757293800316 1.8729234204707709e-17 -0.82464709011148918 0.82464709011148918 6.7460722716231255e-16 -0.56564757293800316 108.02830216064299
1 -160.82176413371599 388.82874062213398 -4.0458770036817704 -0.049299434352823815 -0.99619469809174521 -0.071872729643365926 
2 -92.944055381155493 388.82874062213398 94.911773809696896 5.6365323077805796e-16 -1 -3.7088858965587999e-16 -0.56564757293800316 -1.2976885752997055e-17 -0.82464709011148918 0.82464709011148918 6.7460722716231274e-16 -0.56564757293800316 120
1 -25.066346628595198 388.82874062213398 193.86942462307599 0.049299434352824904 -0.9961946980917451 0.071872729643365094 
1 -179.148745496907 426.928740622134 -30.764442723294 -0.048286875220914495 0.99634969014381591 -0.070396538492471183 
2 -92.944055381155593 426.76874062213398 94.911773809696896 -5.5629481730370699e-16 1 3.8161628398318502e-16 0.56564757293800316 -3.194488006150649e-20 0.82464709011148918 0.82464709011148918 6.7460722716231284e-16 -0.56564757293800316 152.38629145485899
1 -6.7393652654038796 426.928740622134 220.58799034268799 0.048286875220913392 0.9963496901438158 0.070396538492471891 
2 -92.944055381155493 393.401912350158 94.911773809696896 5.8205152060127401e-16 -1 -3.4406606465689802e-16 -0.56564757293800316 -4.5502950927562336e-17 -0.82464709011148918 0.82464709011148918 6.7460722716231255e-16 -0.56564757293800316 149.527474757562
2 -92.944055381155593 426.76874062213398 94.911773809696896 -5.5629481730370699e-16 1 3.8161628398318502e-16 0.56564757293800316 -3.194488006150649e-20 0.82464709011148918 0.82464709011148918 6.7460722716231284e-16 -0.56564757293800316 152.38629145485899
2 -92.944055381155493 388.82874062213398 94.911773809696896 5.8205152060127401e-16 -1 -3.4406606465689802e-16 -0.56564757293800316 -4.5502950927562336e-17 -0.82464709011148918 0.82464709011148918 6.7460722716231255e-16 -0.56564757293800316 144.54572630684299
2 -92.944055381155493 388.82874062213398 94.911773809696896 5.6365323077805796e-16 -1 -3.7088858965587999e-16 -0.56564757293800316 -1.2976885752997055e-17 -0.82464709011148918 0.82464709011148918 6.7460722716231274e-16 -0.56564757293800316 120
2 -92.944055381155593 411.80029804960998 94.911773809696896 5.6541892373765395e-16 -1 -3.6831441868649399e-16 -0.56564757293800316 -1.6098428289499924e-17 -0.82464709011148918 0.82464709011148918 6.7460722716231314e-16 -0.56564757293800316 117.99024914156099
2 -92.944055381155593 420.928740622134 94.911773809696896 5.4571874097670096e-16 -1 -3.9703494921772698e-16 -0.56564757293800316 1.8729234204707709e-17 -0.82464709011148918 0.82464709011148918 6.7460722716231255e-16 -0.56564757293800316 108.02830216064299
2 -92.944055381155593 420.928740622134 94.911773809696896 5.8205152060127401e-16 -1 -3.4406606465689802e-16 -0.56564757293800316 -4.5502950927562336e-17 -0.82464709011148918 0.82464709011148918 6.7460722716231255e-16 -0.56564757293800316 62.749911789369001
2 -92.944055381155493 385.64874062213403 94.911773809696896 5.6383539206343604e-16 -1 -3.7062302010143498e-16 -0.56564757293800316 -1.3298926002249738e-17 -0.82464709011148918 0.82464709011148918 6.7460722716231255e-16 -0.56564757293800316 50.5
2 -92.944055381155493 385.64874062213403 94.911773809696896 5.6365323077805796e-16 -1 -3.7088858965587999e-16 -0.56564757293800316 -1.2976885752997055e-17 -0.82464709011148918 0.82464709011148918 6.7460722716231274e-16 -0.56564757293800316 15
2 -92.944055381155593 468.04874062213401 94.911773809696896 5.8205152060127401e-16 -1 -3.4406606465689802e-16 -0.56564757293800316 -4.5502950927562336e-17 -0.82464709011148918 0.82464709011148918 6.7460722716231255e-16 -0.56564757293800316 15
2 -92.944055381155593 464.868740622134 94.911773809696896 5.2774388251465996e-16 -1 -4.2324016150016901e-16 -0.56564757293800316 5.0506721322135024e-17 -0.82464709011148918 0.82464709011148918 6.7460722716231304e-16 -0.56564757293800316 144.54572630684299
2 -92.944055381155593 464.868740622134 94.911773809696896 5.8205152060127401e-16 -1 -3.4406606465689802e-16 -0.56564757293800316 -4.5502950927562336e-17 -0.82464709011148918 0.82464709011148918 6.7460722716231255e-16 -0.56564757293800316 120
2 -92.944055381155593 441.89718319465698 94.911773809696896 5.4878632687403301e-16 -1 -3.9256277271608898e-16 -0.56564757293800316 1.330609434856224e-17 -0.82464709011148918 0.82464709011148918 6.7460722716231255e-16 -0.56564757293800316 117.99024914156099
2 -92.944055381155593 432.76874062213398 94.911773809696896 5.4571874097670096e-16 -1 -3.9703494921772698e-16 -0.56564757293800316 1.8729234204707709e-17 -0.82464709011148918 0.82464709011148918 6.7460722716231255e-16 -0.56564757293800316 108.02830216064299
2 -92.944055381155593 432.76874062213398 94.911773809696896 5.8205152060127401e-16 -1 -3.4406606465689802e-16 -0.56564757293800316 -4.5502950927562336e-17 -0.82464709011148918 0.82464709011148918 6.7460722716231255e-16 -0.56564757293800316 62.749911789369001
2 -92.944055381155593 468.04874062213401 94.911773809696896 5.8205152060127401e-16 -1 -3.4406606465689802e-16 -0.56564757293800316 -4.5502950927562336e-17 -0.82464709011148918 0.82464709011148918 6.7460722716231255e-16 -0.56564757293800316 50.5
2 -92.944055381155593 460.29556889410998 94.911773809696896 5.2955322887283798e-16 -1 -4.2060234905181699e-16 -0.56564757293800316 4.7308004586234062e-17 -0.82464709011148918 0.82464709011148918 6.7460722716231235e-16 -0.56564757293800316 149.527474757562
2 -92.944055381155593 426.928740622134 94.911773809696896 -5.8205152060127401e-16 1 3.4406606465689802e-16 -0.56564757293800316 -4.5502950927562336e-17 -0.82464709011148918 -0.82464709011148918 -6.7460722716231255e-16 0.56564757293800316 152.38629145485899
2 -92.944055381155593 426.928740622134 94.911773809696896 5.8205152060127401e-16 -1 -3.4406606465689802e-16 -0.56564757293800316 -4.5502950927562336e-17 -0.82464709011148918 0.82464709011148918 6.7460722716231255e-16 -0.56564757293800316 152.40000000000001
2 -92.944055381155593 426.76874062213398 94.911773809696896 5.5629713414707798e-16 -1 -3.8161290630026698e-16 -0.56564757293800316 2.7848966842149995e-20 -0.82464709011148918 0.82464709011148918 6.7460722716231225e-16 -0.56564757293800316 152.40000000000001
2 -92.944055381155707 487.84874062213402 82.111773809696999 -1 0 0 0 0 -1 -0 -1 -0 0.80000000000000004
2 -92.944055381155707 488.64874062213403 94.911773809696996 -0 1 0 0 0 -1 -1 0 -0 12.800000000000001
2 -92.944055381155707 487.84874062213402 107.71177380969699 1 0 -1.22464679914735e-16 1.22464679914735e-16 0 1 0 -1 0 0.80000000000000004
2 -92.944055381155707 487.84874062213402 94.911773809696996 0 -1 0 0 0 -1 1 0 0 12
2 -92.944055381155707 228.648740622134 94.911773809696996 0 -1 0 0 0 1 -1 0 0 9.5999999999999908
1 -92.944055381155707 231.04874062213401 82.911773809696996 8.6595605623548318e-17 0.70710678118655601 -0.70710678118653914 
2 -92.944055381155707 231.04874062213401 94.911773809696996 0 1 0 0 -0 1 1 0 -0 12
1 -92.944055381155707 231.04874062213401 106.911773809697 0 0.70710678118655601 0.70710678118653914 
1 -92.944055381155707 503.64874062213403 82.911773809696996 -0 1 -0 
2 -92.944055381155707 487.84874062213402 94.911773809696996 0 -1 0 0 0 -1 1 0 0 12
1 -92.944055381155707 503.64874062213403 106.911773809697 -0 1 -0 
2 -92.944055381155707 488.64874062213403 94.911773809696996 0 -1 0 0 0 -1 1 0 0 18
1 -92.944055381155707 503.64874062213403 76.911773809696996 -0 1 -0 
2 -92.944055381155707 489.44874062213398 94.911773809696996 0 1 0 0 -0 1 1 0 -0 18
2 -92.944055381155707 489.44874062213398 94.911773809696996 0 1 0 0 -0 1 1 0 -0 18
2 -92.944055381155707 489.44874062213398 94.911773809696996 0 1 0 0 -0 1 1 0 -0 18
1 -92.944055381155707 503.64874062213403 112.911773809697 -0 1 -0 
1 -82.551750535742499 489.44874062213398 76.911773809696996 0.500000000000001 0 0.86602540378443804 
7 0 0  3 4 2  -82.551750535742499 490.25643577672002 76.911773809696996  -82.021906142291201 489.95052997353298 77.829491219260206  -81.489647080646094 489.67824443764698 78.751390956818398  -80.954315358735499 489.44874062213398 79.678612698070907 
 2.3807283227783e-07 4 0.0032774907293577002 4
1 -82.551750535742499 488.64874062213403 76.911773809696996 -0 1 -0 
7 0 0  3 10 5  -77.355598113035796 503.64874062213403 85.911773809696996  -77.576087989161707 503.64874062213403 85.529874141692403  -77.797680931745504 503.63931151671198 85.1460639065386  -78.238805067828395 503.60190953942401 84.382014490398106  -78.458602563218804 503.57397694745401 84.001314061005502  -79.115800808262193 503.463685464675 82.863013309945202  -79.551002227398698 503.35477141669998 82.109222340474801  -80.848876953938998 502.93470136889198 79.861237372247302  -81.703850806130902 502.53058060468402 78.3803792211081  -82.551750535742499 502.04104546754701 76.911773809696996 
 0.010515548197349799 4 0.0118250466739335 2 0.0131345451505171 2 0.0157535421036844 2 0.020991536010019001 4
7 0 0  3 6 3  -72.159445690329207 502.04104546754701 94.911773809696996  -73.009468361572402 502.53180628560699 93.4394913555183  -73.865699809782498 502.93612013683901 91.956454984180198  -75.5960627842571 503.49551881045198 88.959378396854206  -76.470328115307893 503.64874062213403 87.445106424178107  -77.355598113035796 503.64874062213403 85.911773809696996 
 2.3807283227919899e-07 4 0.0052578931350910499 2 0.010515548197349799 4
1 -72.159445690329207 488.64874062213403 94.911773809696996 -0 1 -0 
7 0 0  3 4 2  -73.756880867336207 489.44874062213398 92.144934921323099  -73.221127145396196 489.67842535466201 93.072887588067303  -72.688905098962394 489.95075224462101 93.994723213398899  -72.159445690329207 490.25643577672002 94.911773809696996 
 0.017720742236629301 4 0.020991536010019001 4
1 -82.551750535742499 489.44874062213398 76.911773809696996 0.500000000000001 0 0.86602540378443804 
1 -72.159445690329207 489.44874062213398 94.911773809696996 -0.500000000000001 0 0.86602540378443804 
7 0 0  3 4 2  -72.159445690329207 490.25643577672002 94.911773809696996  -72.689290083780506 489.95052997353298 95.829491219260206  -73.221549145425598 489.67824443764698 96.751390956818398  -73.756880867336207 489.44874062213398 97.678612698070907 
 2.3807283227916299e-07 4 0.0032774907293577501 4
7 0 0  3 10 5  -77.355598113035796 503.64874062213403 103.911773809697  -77.13510823691 503.64874062213403 103.52987414169201  -76.913515294326203 503.63931151671198 103.146063906539  -76.472391158243298 503.60190953942401 102.38201449039801  -76.252593662852902 503.57397694745401 102.001314061006  -75.595395417809399 503.463685464675 100.863013309945  -75.160193998672995 503.35477141669998 100.109222340475  -73.862319272132595 502.93470136889198 97.861237372247302  -73.007345419940805 502.53058060468402 96.3803792211081  -72.159445690329207 502.04104546754701 94.911773809696996 
 0.010515548197349799 4 0.011825046673933399 2 0.0131345451505171 2 0.0157535421036844 2 0.020991536010019001 4
7 0 0  3 6 3  -82.551750535742499 502.04104546754701 112.911773809697  -81.701727864499205 502.53180628560699 111.439491355518  -80.845496416289194 502.93612013683901 109.95645498418  -79.115133441814606 503.49551881045198 106.95937839685401  -78.240868110763699 503.64874062213403 105.44510642417799  -77.355598113035796 503.64874062213403 103.911773809697 
 2.38072832276817e-07 4 0.00525789313509103 2 0.010515548197349799 4
1 -82.551750535742499 488.64874062213403 112.911773809697 -0 1 -0 
7 0 0  3 4 2  -80.954315358735499 489.44874062213398 110.144934921323  -81.490069080675497 489.67842535466201 111.072887588067  -82.022291127109298 489.95075224462101 111.994723213399  -82.551750535742499 490.25643577672002 112.911773809697 
 0.017720742236629401 4 0.020991536010019001 4
1 -72.159445690329207 489.44874062213398 94.911773809696996 -0.500000000000001 0 0.86602540378443804 
1 -82.551750535742499 489.44874062213398 112.911773809697 -1 0 0 
7 0 0  3 4 2  -82.551750535742499 490.25643577672002 112.911773809697  -83.607315812591096 489.95172032835302 112.911773809697  -84.671407429072303 489.67921976396201 112.911773809697  -85.7466208897564 489.44874062213398 112.911773809697 
 0.047088678401165901 4 0.050395854895839302 4
7 0 0  3 8 4  -92.944055381155707 503.64874062213403 112.911773809697  -92.064726334029302 503.64874062213403 112.911773809697  -91.181590208768696 503.61128246030103 112.911773809697  -89.411852974360301 503.46260765722297 112.911773809697  -88.536448827371004 503.352510853289 112.911773809697  -85.934626137587401 502.93006917394501 112.911773809697  -84.232427411469004 502.52621509085799 112.911773809697  -82.551750535742499 502.04104546754701 112.911773809697 
 0.0295058347339325 4 0.032137082140332202 2 0.034768329546731799 2 0.040030824359531203 4
7 0 0  3 8 4  -103.336360226569 502.04104546754701 112.911773809697  -102.490599609833 502.28519552741801 112.911773809697  -101.63572357149 502.50963662070001 112.911773809697  -99.911582723896103 502.90669155244302 112.911773809697  -99.047241376949103 503.07814064301999 112.911773809697  -96.446258820888602 503.49759097299699 112.911773809697  -94.701495170304696 503.64874062213403 112.911773809697  -92.944055381155707 503.64874062213403 112.911773809697 
 0.0189881362632323 4 0.0216175608809074 2 0.0242469854985824 2 0.0295058347339325 4
1 -103.336360226569 488.64874062213403 112.911773809697 -0 1 -0 
7 0 0  3 6 3  -100.141489872555 489.44874062213398 112.911773809697  -100.67852107020499 489.56385682379499 112.911773809697  -101.215436933139 489.69010995903398 112.911773809697  -102.280952782507 489.96040399590203 112.911773809697  -102.810180061737 490.10454064681699 112.911773809697  -103.336360226569 490.25643577672002 112.911773809697 
 0.064870473950768198 4 0.066507337811027203 2 0.068144201671286098 4
1 -82.551750535742499 489.44874062213398 112.911773809697 -1 0 0 
1 -113.72866507198199 489.44874062213398 94.911773809696996 -0.500000000000001 -0 -0.86602540378443804 
7 0 0  3 4 2  -103.336360226569 490.25643577672002 112.911773809697  -103.86620462002 489.95052997353298 111.994056400134  -104.39846368166501 489.67824443764698 111.07215666257601  -104.933795403576 489.44874062213398 110.144934921323 
 2.3807283227758301e-07 4 0.00327749072935776 4
7 0 0  3 10 5  -108.532512649276 503.64874062213403 103.911773809697  -108.31202277315001 503.64874062213403 104.293673477702  -108.09042983056599 503.63931151671198 104.67748371285499  -107.649305694483 503.60190953942401 105.441533128996  -107.42950819909299 503.57397694745401 105.82223355838801  -106.77230995404901 503.463685464675 106.960534309449  -106.337108534913 503.35477141669998 107.71432527891901  -105.039233808372 502.93470136889101 109.962310247147  -104.18425995618099 502.53058060468402 111.44316839828601  -103.336360226569 502.04104546754701 112.911773809697 
 0.010515548197349799 4 0.0118250466739335 2 0.0131345451505171 2 0.0157535421036844 2 0.020991536010019001 4
7 0 0  3 6 3  -113.72866507198199 502.04104546754701 94.911773809696996  -112.878642400739 502.53180628560699 96.384056263875706  -112.022410952529 502.93612013683901 97.867092635213794  -110.292047978054 503.49551881045198 100.86416922254  -109.417782647004 503.64874062213403 102.378441195216  -108.532512649276 503.64874062213403 103.911773809697 
 2.3807283227836601e-07 4 0.0052578931350910603 2 0.010515548197349799 4
1 -113.72866507198199 488.64874062213403 94.911773809696996 -0 1 -0 
7 0 0  3 4 2  -112.13122989497499 489.44874062213398 97.678612698071007  -112.666983616915 489.67842535466201 96.750660031326703  -113.19920566334901 489.95075224462101 95.828824405995107  -113.72866507198199 490.25643577672002 94.911773809696996 
 0.0177207422366292 4 0.020991536010019001 4
1 -113.72866507198199 489.44874062213398 94.911773809696996 -0.500000000000001 -0 -0.86602540378443804 
1 -103.336360226569 489.44874062213398 76.911773809696996 0.500000000000001 0 -0.86602540378443804 
7 0 0  3 4 2  -113.72866507198199 490.25643577672002 94.911773809696996  -113.19882067853101 489.95052997353298 93.9940564001338  -112.666561616886 489.67824443764698 93.072156662575495  -112.13122989497499 489.44874062213398 92.144934921322999 
 2.38072832278929e-07 4 0.0032774907293578398 4
7 0 0  3 10 5  -108.532512649276 503.64874062213403 85.911773809696996  -108.753002525401 503.64874062213403 86.293673477701503  -108.974595467985 503.63931151671198 86.677483712855306  -109.415719604068 503.60190953942401 87.4415331289958  -109.63551709945899 503.57397694745401 87.822233558388405  -110.292715344502 503.463685464675 88.960534309448704  -110.727916763639 503.35477141669998 89.714325278919205  -112.025791490179 502.93470136889101 91.962310247146604  -112.88076534237101 502.53058060468402 93.443168398285806  -113.72866507198199 502.04104546754701 94.911773809696996 
 0.010515548197349799 4 0.011825046673933399 2 0.0131345451505171 2 0.0157535421036844 2 0.020991536010019001 4
7 0 0  3 6 3  -103.336360226569 502.04104546754701 76.911773809696996  -104.186382897812 502.53180628560699 78.384056263875706  -105.04261434602201 502.93612013683901 79.867092635213794  -106.77297732049701 503.49551881045198 82.8641692225398  -107.647242651548 503.64874062213403 84.378441195215899  -108.532512649276 503.64874062213403 85.911773809696996 
 2.3807283227770699e-07 4 0.00525789313509103 2 0.010515548197349799 4
1 -103.336360226569 488.64874062213403 76.911773809696996 -0 1 -0 
7 0 0  3 4 2  -104.933795403576 489.44874062213398 79.678612698070907  -104.398041681636 489.67842535466201 78.750660031326703  -103.865819635202 489.95075224462101 77.828824405995107  -103.336360226569 490.25643577672002 76.911773809696996 
 0.017720742236629301 4 0.020991536010019001 4
1 -103.336360226569 489.44874062213398 76.911773809696996 0.500000000000001 0 -0.86602540378443804 
1 -82.551750535742499 489.44874062213398 76.911773809696996 1 0 1.6692384430412899e-16 
7 0 0  3 6 3  -103.336360226569 490.25643577672002 76.911773809696996  -102.810180061737 490.10454064681699 76.911773809696996  -102.280952782507 489.96040399590203 76.911773809696996  -101.21543693313799 489.69010995903398 76.911773809696996  -100.678521070204 489.56385682379499 76.911773809696996  -100.141489872555 489.44874062213398 76.911773809696996 
 0.0189881362643264 4 0.0206240023136115 2 0.0222598683628966 4
7 0 0  3 8 4  -92.944055381155707 503.64874062213403 76.911773809696996  -94.701495170302493 503.64874062213403 76.911773809696996  -96.446258820885404 503.49759097299699 76.911773809696996  -99.047241376945706 503.07814064302102 76.911773809696996  -99.911582723892806 502.90669155244399 76.911773809696996  -101.63572357148701 502.50963662070097 76.911773809696996  -102.490599609833 502.28519552741801 76.911773809696996  -103.336360226569 502.04104546754701 76.911773809696996 
 0.057620087838324299 4 0.062882144755312702 2 0.065513173213806897 2 0.068144201672301105 4
7 0 0  3 8 4  -82.551750535742499 502.04104546754701 76.911773809696996  -84.232427411468507 502.52621509085799 76.911773809696996  -85.9346261375875 502.93006917394598 76.911773809696996  -88.536448827374997 503.35251085329003 76.911773809696996  -89.411852974366099 503.462607657224 76.911773809696996  -91.181590208779298 503.61128246030103 76.911773809696996  -92.064726334031903 503.64874062213403 76.911773809696996  -92.944055381155707 503.64874062213403 76.911773809696996 
 0.047088678402162798 4 0.052354383120243597 2 0.0549872354792839 2 0.057620087838324299 4
7 0 0  3 4 2  -85.7466208897564 489.44874062213398 76.911773809696996  -84.671407429071706 489.67921976396201 76.911773809696996  -83.607315812590599 489.95172032835302 76.911773809696996  -82.551750535742499 490.25643577672002 76.911773809696996 
 0.036725663877836497 4 0.040030824360620297 4
1 -82.551750535742499 489.44874062213398 76.911773809696996 1 0 1.6692384430412899e-16 
2 -92.944055381155707 489.44874062213398 94.911773809696996 -0 1 0 0 0 -1 -1 0 -0 19.385640646055101
2 -92.944055381155707 489.44874062213398 94.911773809696996 -0 1 0 0 0 -1 -1 0 -0 19.385640646055101
2 -92.944055381155707 489.44874062213398 94.911773809696996 -0 1 0 0 0 -1 -1 0 -0 19.385640646055101
2 -92.944055381155707 489.44874062213398 94.911773809696996 -0 1 0 0 0 -1 -1 0 -0 19.385640646055101
2 -92.944055381155707 489.44874062213398 94.911773809696996 0 1 0 3.5527136788005001e-15 0 -1 -1 0 -3.5527136788005001e-15 19.385640646055101
2 -92.944055381155707 489.44874062213398 94.911773809696996 0 1 0 -1.7763568394002501e-15 0 -1 -1 0 1.7763568394002501e-15 19.385640646055101
2 -92.944055381155707 503.64874062213403 94.911773809696996 0 -1 0 0 0 -1 1 0 0 18
2 -92.944055381155707 503.64874062213403 94.911773809696996 0 -1 0 0 0 -1 1 0 0 18
2 -92.944055381155707 503.64874062213403 94.911773809696996 0 -1 0 0 0 -1 1 0 0 18
2 -92.944055381155707 503.64874062213403 94.911773809696996 0 1 0 0 -0 1 1 0 -0 18
2 -92.944055381155707 503.64874062213403 94.911773809696996 0 -1 0 0 0 -1 1 0 0 18
2 -92.944055381155707 503.64874062213403 94.911773809696996 0 -1 0 0 0 -1 1 0 0 18
2 -92.944055381155707 489.44874062213398 94.911773809696996 0 1 0 0 -0 1 1 0 -0 18
2 -92.944055381155707 489.44874062213398 94.911773809696996 0 1 0 0 -0 1 1 0 -0 18
2 -92.944055381155707 489.44874062213398 94.911773809696996 0 1 0 0 -0 1 1 0 -0 18
2 -92.944055381155707 488.64874062213403 94.911773809696996 0 -1 0 0 0 -1 1 0 0 18
2 -92.944055381155707 228.648740622134 94.911773809696996 0 -1 0 0 0 1 -1 0 0 9.5999999999999908
2 -92.944055381155707 231.04874062213401 94.911773809696996 0 1 0 0 -0 1 1 0 -0 12
2 -92.944055381155707 488.64874062213403 94.911773809696996 -0 1 0 0 0 -1 -1 0 -0 12.800000000000001
1 -82.026555381155703 238.924555046357 94.911773809696996 0.86602540378444104 -0.49999999999999595 0 
2 -92.944055381155707 238.148740622134 94.911773809696996 -0 1 0 1 0 0 0 0 -1 12.26125
1 -103.86155538115599 238.924555046357 94.911773809696996 -0.86602540378444104 -0.49999999999999595 1.06057523872491e-16 
2 -92.944055381155707 238.924555046357 94.911773809696996 0 -1 0 1 0 0 -0 0 1 10.9175
1 -104.637369805379 259.64874062213403 94.911773809696996 -0.49999999999999789 0.86602540378443982 0 
2 -92.944055381155707 259.64874062213403 94.911773809696996 0 -1 0 1 0 0 -0 0 1 11.693314424223599
1 -81.250740956932205 259.64874062213403 94.911773809696996 0.49999999999999789 0.86602540378443982 6.1232339957367389e-17 
2 -92.944055381155707 258.30499062213403 94.911773809696996 -0 1 0 1 0 0 0 0 -1 10.9175
2 -92.944055381155707 238.148740622134 94.911773809696996 8.2286408558215596e-17 1 0 -1 8.2286408558215596e-17 0 0 -0 1 17.625
1 -75.319055381155707 238.148740622134 94.911773809696996 0.86602540378444137 0.49999999999999528 1.0605752387249106e-16 
7 0 0  3 14 7  -72.159445690329207 239.97294212766701 94.911773809696996  -73.007879019167902 239.483098916872 96.381303442080295  -73.862497915270396 239.079379516117 97.861546791238297  -75.589558751450198 238.520097171104 100.85290390726399  -76.462133190405297 238.36637905492501 102.36424716892  -77.566550562105405 238.364971861133 104.277154169467  -77.788553588643097 238.374151522543 104.661674690864  -78.230545839928894 238.411138059786 105.427227726643  -78.450774143873304 238.438902161383 105.808674338339  -79.109255279964501 238.54880329588599 106.949197121875  -79.545299184072107 238.657611368369 107.70444731812  -80.845667739274106 239.07776949979799 109.956751724295  -81.702259482325402 239.482488239302 111.440412144603  -82.551750535742499 239.97294212766701 112.911773809697 
 2.38072832287677e-07 4 0.0052480625571289597 2 0.0104958870414256 2 0.0118078431624998 2 0.013119799283574001 2 0.0157437115257223 2 0.020991536010019001 4
7 0 0  3 14 7  -82.551750535742499 239.97294212766701 112.911773809697  -84.231616788181498 239.488006511142 112.911773809697  -85.933550930075995 239.08411422001001 112.911773809697  -88.536339249667407 238.66148392531699 112.911773809697  -89.4139637663244 238.551173399661 112.911773809697  -91.181608789238894 238.40273282086301 112.911773809697  -92.062679508289307 238.36533427441 112.911773809697  -94.697526508187096 238.36507283085601 112.911773809697  -96.442804288243195 238.515928399865 112.911773809697  -99.0462651366974 238.935645148573 112.911773809697  -99.912221029215104 239.107412199007 112.911773809697  -101.637977923794 239.50490102439301 112.911773809697  -102.491049030265 239.72892180429901 112.911773809697  -103.336360226569 239.97294212766701 112.911773809697 
 0.0076535849506607799 4 0.0128983610643512 2 0.0155207491211964 2 0.0181431371780417 2 0.0233879132917321 2 0.026010301348577299 2 0.0286326894054225 4
7 0 0  3 14 7  -103.336360226569 239.97294212766701 112.911773809697  -104.18479355540801 239.483098916872 111.442244177314  -105.03941245151 239.079379516117 109.96200082815599  -106.76647328769 238.520097171104 106.97064371213  -107.639047726645 238.36637905492501 105.459300450474  -108.743465098345 238.364971861133 103.546393449927  -108.965468124883 238.374151522543 103.16187292853  -109.407460376169 238.411138059786 102.39631989275099  -109.627688680113 238.438902161383 102.014873281055  -110.28616981620399 238.54880329588599 100.874350497519  -110.722213720312 238.657611368369 100.119100301274  -112.022582275514 239.07776949979799 97.866795895099301  -112.879174018565 239.482488239302 96.383135474790507  -113.72866507198199 239.97294212766701 94.911773809696996 
 2.3807283227770699e-07 4 0.0052480625571289796 2 0.0104958870414256 2 0.0118078431624998 2 0.013119799283574001 2 0.0157437115257223 2 0.020991536010019001 4
1 -110.56905538115601 238.148740622134 94.911773809696996 -0.86602540378444137 0.49999999999999528 0 
2 -92.944055381155707 259.64874062213403 94.911773809696996 0 1 0 -1 0 0 0 -0 1 17.625
1 -113.72866507198199 257.82453911660099 94.911773809696996 -0.86602540378444104 -0.49999999999999595 1.06057523872491e-16 
7 0 0  3 14 7  -113.72866507198199 257.82453911660099 94.911773809696996  -112.88023174314399 258.314382327396 96.381303442080295  -112.025612847041 258.71810172814997 97.861546791238297  -110.298552010861 259.277384073164 100.85290390726399  -109.425977571906 259.43110218934203 102.36424716892  -108.32156020020599 259.43250938313503 104.277154169467  -108.099557173668 259.423329721725 104.661674690864  -107.657564922383 259.38634318448197 105.427227726643  -107.437336618438 259.35857908288398 105.808674338339  -106.778855482347 259.24867794838099 106.949197121875  -106.34281157823899 259.13986987589902 107.70444731812  -105.04244302303699 258.71971174446901 109.956751724295  -104.185851279986 258.31499300496603 111.440412144603  -103.336360226569 257.82453911660099 112.911773809697 
 2.38072832283883e-07 4 0.0052480625571289701 2 0.0104958870414256 2 0.0118078431624998 2 0.013119799283574001 2 0.0157437115257223 2 0.020991536010019001 4
7 0 0  3 14 7  -103.336360226569 257.82453911660099 112.911773809697  -102.491049030265 258.068559439968 112.911773809697  -101.637977923794 258.29258021987499 112.911773809697  -99.912221029215104 258.690069045261 112.911773809697  -99.0462651366974 258.86183609569503 112.911773809697  -96.442804288243195 259.281552844403 112.911773809697  -94.697526508187096 259.432408413411 112.911773809697  -92.062679508289307 259.43214696985802 112.911773809697  -91.181608789238894 259.394748423404 112.911773809697  -89.4139637663244 259.24630784460601 112.911773809697  -88.536339249667407 259.13599731894999 112.911773809697  -85.933550930075995 258.71336702425799 112.911773809697  -84.231616788181498 258.309474733125 112.911773809697  -82.551750535742499 257.82453911660099 112.911773809697 
 0.018507911288763002 4 0.021136927262024999 2 0.023765943235286999 2 0.029023975181811001 2 0.031652991155073001 2 0.034282007128334999 2 0.039540039074859 4
7 0 0  3 14 7  -82.551750535742499 257.82453911660099 112.911773809697  -81.703317206903805 258.314382327396 111.442244177314  -80.848698310801296 258.71810172814997 109.96200082815599  -79.121637474621494 259.277384073164 106.97064371213  -78.249063035666396 259.43110218934203 105.459300450474  -77.144645663966301 259.43250938313503 103.546393449927  -76.922642637428595 259.423329721725 103.16187292853  -76.480650386142798 259.38634318448197 102.39631989275099  -76.260422082198303 259.35857908288398 102.014873281055  -75.601940946107106 259.24867794838099 100.874350497519  -75.1658970419995 259.13986987589902 100.119100301274  -73.865528486797501 258.71971174446901 97.866795895099401  -73.008936743746204 258.31499300496603 96.383135474790507  -72.159445690329207 257.82453911660099 94.911773809696996 
 2.3807283226881299e-07 4 0.0052480625571289501 2 0.0104958870414256 2 0.0118078431624998 2 0.013119799283574001 2 0.0157437115257223 2 0.020991536010019001 4
1 -72.159445690329207 257.82453911660099 94.911773809696996 0.86602540378444104 -0.49999999999999595 0 
1 -82.026555381155703 259.64874062213403 94.911773809696996 0 -1 0 
1 -103.86155538115599 259.64874062213403 94.911773809696996 0 -1 0 
7 0 0  3 14 7  -103.336360226569 239.97294212766701 76.911773809696996  -102.491049030265 239.72892180429901 76.911773809696996  -101.637977923794 239.50490102439301 76.911773809696996  -99.912221029215104 239.107412199007 76.911773809696996  -99.0462651366974 238.935645148573 76.911773809696996  -96.442804288243195 238.515928399865 76.911773809696996  -94.697526508187096 238.36507283085601 76.911773809696996  -92.062679508289307 238.36533427441 76.911773809696996  -91.181608789238894 238.40273282086301 76.911773809696996  -89.4139637663244 238.551173399661 76.911773809696996  -88.536339249667407 238.66148392531699 76.911773809696996  -85.933550930075995 239.08411422001001 76.911773809696996  -84.231616788181498 239.488006511142 76.911773809696996  -82.551750535742499 239.97294212766701 76.911773809696996 
 0.018507911288763002 4 0.021136927262024999 2 0.023765943235286999 2 0.029023975181811001 2 0.031652991155073001 2 0.034282007128334999 2 0.039540039074859 4
1 -103.336360226569 259.64874062213403 76.911773809696996 0 -1 0 
7 0 0  3 14 7  -82.551750535742499 257.82453911660099 76.911773809696996  -84.231616788181498 258.309474733125 76.911773809696996  -85.933550930076095 258.71336702425799 76.911773809696996  -88.536339249667407 259.13599731894999 76.911773809696996  -89.4139637663244 259.24630784460601 76.911773809696996  -91.181608789238894 259.394748423404 76.911773809696996  -92.062679508289307 259.43214696985802 76.911773809696996  -94.697526508187096 259.432408413411 76.911773809696996  -96.442804288243195 259.281552844403 76.911773809696996  -99.0462651366974 258.86183609569503 76.911773809696996  -99.912221029215104 258.690069045261 76.911773809696996  -101.637977923794 258.29258021987499 76.911773809696996  -102.491049030265 258.068559439968 76.911773809696996  -103.336360226569 257.82453911660099 76.911773809696996 
 0.0076535849506607304 4 0.0128983610643512 2 0.0155207491211964 2 0.018143137178041599 2 0.023387913291731999 2 0.026010301348577299 2 0.0286326894054225 4
1 -82.551750535742499 259.64874062213403 76.911773809696996 0 -1 0 
7 0 0  3 14 7  -113.72866507198199 239.97294212766701 94.911773809696996  -112.88023174314399 239.483098916872 93.442244177313697  -112.025612847041 239.079379516117 91.962000828155695  -110.298552010861 238.520097171104 88.970643712129899  -109.425977571906 238.36637905492501 87.459300450473705  -108.32156020020599 238.364971861133 85.546393449927393  -108.099557173668 238.374151522543 85.161872928530101  -107.657564922383 238.411138059786 84.396319892751393  -107.437336618438 238.438902161383 84.014873281054804  -106.778855482347 238.54880329588599 82.874350497519202  -106.34281157823899 238.657611368369 82.119100301274102  -105.04244302303699 239.07776949979799 79.866795895099301  -104.185851279986 239.482488239302 78.383135474790507  -103.336360226569 239.97294212766701 76.911773809696996 
 2.3807283227887e-07 4 0.0052480625571289701 2 0.0104958870414256 2 0.0118078431624998 2 0.013119799283574001 2 0.0157437115257223 2 0.020991536010019001 4
1 -113.72866507198199 259.64874062213403 94.911773809696996 0 -1 0 
7 0 0  3 14 7  -103.336360226569 257.82453911660099 76.911773809696996  -104.18479355540801 258.314382327396 78.381303442080295  -105.03941245151 258.71810172814997 79.861546791238297  -106.76647328769 259.277384073164 82.852903907264107  -107.639047726645 259.43110218934203 84.364247168920301  -108.743465098345 259.43250938313503 86.277154169466598  -108.965468124883 259.423329721725 86.661674690863904  -109.407460376169 259.38634318448197 87.427227726642599  -109.627688680113 259.35857908288398 87.808674338339102  -110.28616981620399 259.24867794838099 88.949197121874803  -110.722213720312 259.13986987589902 89.704447318119904  -112.022582275514 258.71971174446901 91.956751724294605  -112.879174018565 258.31499300496603 93.440412144603499  -113.72866507198199 257.82453911660099 94.911773809696996 
 2.38072832265839e-07 4 0.0052480625571289597 2 0.0104958870414256 2 0.0118078431624998 2 0.013119799283574001 2 0.0157437115257223 2 0.020991536010019001 4
1 -103.336360226569 259.64874062213403 112.911773809697 0 -1 0 
1 -82.551750535742499 259.64874062213403 112.911773809697 0 -1 0 
1 -72.159445690329207 259.64874062213403 94.911773809696996 0 -1 0 
7 0 0  3 14 7  -82.551750535742499 239.97294212766701 76.911773809696996  -81.703317206903805 239.483098916872 78.381303442080295  -80.848698310801296 239.079379516117 79.861546791238297  -79.121637474621494 238.520097171104 82.852903907264107  -78.249063035666396 238.36637905492501 84.364247168920301  -77.144645663966301 238.364971861133 86.277154169466598  -76.922642637428595 238.374151522543 86.661674690863904  -76.480650386142798 238.411138059786 87.427227726642599  -76.260422082198303 238.438902161383 87.808674338339202  -75.601940946107106 238.54880329588599 88.949197121874803  -75.1658970419995 238.657611368369 89.704447318119904  -73.865528486797501 239.07776949979799 91.956751724294605  -73.008936743746204 239.482488239302 93.440412144603499  -72.159445690329207 239.97294212766701 94.911773809696996 
 2.38072832276817e-07 4 0.0052480625571289597 2 0.0104958870414257 2 0.0118078431624998 2 0.013119799283574001 2 0.0157437115257223 2 0.020991536010019001 4
7 0 0  3 14 7  -72.159445690329207 257.82453911660099 94.911773809696996  -73.007879019167802 258.314382327396 93.442244177313697  -73.862497915270396 258.71810172814997 91.962000828155695  -75.589558751450198 259.277384073164 88.970643712129899  -76.462133190405297 259.43110218934203 87.459300450473705  -77.566550562105405 259.43250938313503 85.546393449927393  -77.788553588643097 259.423329721725 85.161872928530101  -78.230545839928894 259.38634318448197 84.396319892751393  -78.450774143873304 259.35857908288398 84.014873281054804  -79.109255279964501 259.24867794838099 82.874350497519202  -79.545299184072107 259.13986987589902 82.119100301274102  -80.845667739274106 258.71971174446901 79.866795895099301  -81.702259482325402 258.31499300496603 78.383135474790507  -82.551750535742499 257.82453911660099 76.911773809696996 
 2.3807283227762999e-07 4 0.0052480625571289701 2 0.0104958870414257 2 0.0118078431624998 2 0.013119799283574001 2 0.0157437115257223 2 0.020991536010019001 4
2 -92.944055381155707 259.64874062213403 94.911773809696996 0 1 0 -1 0 0 0 -0 1 17.625
2 -92.944055381155707 259.64874062213403 94.911773809696996 0 -1 0 1 0 0 -0 0 1 11.693314424223599
2 -92.944055381155707 238.148740622134 94.911773809696996 8.2286408558215596e-17 1 0 -1 8.2286408558215596e-17 0 0 -0 1 17.625
2 -92.944055381155707 238.148740622134 94.911773809696996 -0 1 0 1 0 0 0 0 -1 12.26125
2 -92.944055381155707 238.924555046357 94.911773809696996 0 -1 0 1 0 0 -0 0 1 10.9175
2 -92.944055381155707 258.30499062213403 94.911773809696996 -0 1 0 1 0 0 0 0 -1 10.9175
Polygon3D 0
PolygonOnTriangulations 0
Surfaces 304
2 -75.809489098300702 488.64874062213403 113.87743460339099 0 1 0 0 0 -1 -1 0 0 40
2 -75.809489098300702 488.64874062213403 113.87743460339099 0 1 0 0 0 -1 -1 0 0 40
1 -111.92406311895699 473.64874062213403 40.919373626709799 -0 1 0 1 0 0 0 0 -1 
1 -9.8166013458256405 488.64874062213403 101.39406062481299 -0.73449433955241539 0 -0.67861481354702335 -0.67861481354702335 0 0.73449433955241539 0 1 0 
1 -111.92406311895699 488.64874062213403 40.919373626709799 -0 1 0 1 0 0 0 0 -1 
2 -92.944055381155707 488.64874062213403 94.911773809696996 0 1 0 0 0 -1 -1 0 0 12.5
2 -92.944055381155707 488.64874062213403 94.911773809696996 0 1 0 0 0 -1 -1 0 0 12.5
1 -101.824055381156 488.64874062213403 -75.388226190303001 0.90630778703664794 0 0.42261826174070394 0 -1 0 0.42261826174070394 0 -0.90630778703664794 
2 -111.92406311895699 488.64874062213403 40.919373626709799 0 1 0 0 0 -1 -1 0 0 40
1 -151.62249708222799 488.64874062213403 36.016890494274897 0.99246084908177579 0 0.12256207831087397 0 -1 0 0.12256207831087397 0 -0.99246084908177579 
2 -118.490409390834 488.64874062213403 94.091135122323294 0 1 0 0 0 -1 -1 0 0 40
1 -135.31398484448101 488.64874062213403 130.381179334965 0.42058938634116716 0 -0.90725110531603137 0 -1 0 -0.90725110531603137 -0 -0.42058938634116716 
2 -39.196374927922101 488.64874062213403 74.249468082931699 0 1 0 0 0 -1 -1 0 0 40
1 74.715944618844304 488.64874062213403 -75.388226190303001 -0.90630778703664794 0 -0.42261826174070394 -0.42261826174070394 0 0.90630778703664794 0 1 0 
1 -101.824055381156 488.64874062213403 -75.388226190303001 0 0 1 1 0 -0 -0 1 0 
2 -89.769055381155695 498.14874062213403 67.561773809696902 0 1 0 0 0 -1 -1 0 0 6.3499999999999899
1 -96.119055381155704 498.14874062213403 73.911773809696996 0 0 -1 0 -1 0 -1 -0 -0 
2 -96.119055381155704 498.14874062213403 67.561773809696902 0 1 0 0 0 -1 -1 0 0 6.3499999999999899
1 -96.119055381155704 498.14874062213403 61.211773809697 0 0 -1 0 -1 0 -1 -0 -0 
9 0 0 0 0 3 1 4 2 2 2 -47.261532553661397 488.14874062213403 -16.915163234855701  -47.261532553661397 488.64874062213403 -16.915163234855701  
-47.442741808244399 488.14874062213403 -16.7385295669364  -47.442741808244399 488.64874062213403 -16.7385295669364  
-49.454013505560098 488.14874062213403 -14.7351053640741  -49.454013505560098 488.64874062213403 -14.7351053640741  
-49.672146917692402 488.14874062213403 -14.5725852995319  -49.672146917692402 488.64874062213403 -14.5725852995319  

5 4
6 4

0 2
1 2

9 0 0 0 0 2 1 3 2 2 2 -46.479179335460898 488.14874062213403 -16.741548715704901  -46.479179335460898 488.64874062213403 -16.741548715704901  
-46.699209429804498 488.14874062213403 -17.295847041143102  -46.699209429804498 488.64874062213403 -17.295847041143102  
-47.261532553661397 488.14874062213403 -16.915163234855701  -47.261532553661397 488.64874062213403 -16.915163234855701  

4 3
5 3

0 2
1 2

9 0 0 0 0 2 1 3 2 2 2 -44.753146751669597 488.14874062213403 -12.2974224746985  -44.753146751669597 488.64874062213403 -12.2974224746985  
-44.685195374147398 488.14874062213403 -12.170629285652399  -44.685195374147398 488.64874062213403 -12.170629285652399  
-46.479179335460898 488.14874062213403 -16.741548715704901  -46.479179335460898 488.64874062213403 -16.741548715704901  

3 3
4 3

0 2
1 2

9 0 0 0 0 3 1 4 2 2 2 -45.438505414081199 488.14874062213403 -11.663286789992  -45.438505414081199 488.64874062213403 -11.663286789992  
-44.584187125495099 488.14874062213403 -11.449261785023699  -44.584187125495099 488.64874062213403 -11.449261785023699  
-44.719378911424698 488.14874062213403 -12.2340817139593  -44.719378911424698 488.64874062213403 -12.2340817139593  
-44.753146751669597 488.14874062213403 -12.2974224746985  -44.753146751669597 488.64874062213403 -12.2974224746985  

2 4
3 4

0 2
1 2

9 0 0 0 0 3 1 4 2 2 2 -49.545467773844798 488.14874062213403 -13.862359393688999  -49.545467773844798 488.64874062213403 -13.862359393688999  
-49.475193295036199 488.14874062213403 -13.7849123173946  -49.475193295036199 488.64874062213403 -13.7849123173946  
-45.512574951125401 488.14874062213403 -11.666876732646401  -45.512574951125401 488.64874062213403 -11.666876732646401  
-45.438505414081199 488.14874062213403 -11.663286789992  -45.438505414081199 488.64874062213403 -11.663286789992  

1 4
2 4

0 2
1 2

9 0 0 0 0 3 1 4 2 2 2 -49.672146917692402 488.14874062213403 -14.5725852995319  -49.672146917692402 488.64874062213403 -14.5725852995319  
-50.003751375651802 488.14874062213403 -14.094425947676401  -50.003751375651802 488.64874062213403 -14.094425947676401  
-49.582606922114401 488.14874062213403 -13.8641561869717  -49.582606922114401 488.64874062213403 -13.8641561869717  
-49.545467773844798 488.14874062213403 -13.862359393688999  -49.545467773844798 488.64874062213403 -13.862359393688999  

0 4
1 4

0 2
1 2

9 0 0 0 0 2 1 3 2 2 2 -58.204008048998801 488.14874062213403 -6.1995432790176599  -58.204008048998801 488.64874062213403 -6.1995432790176599  
-58.524778585545597 488.14874062213403 -5.6960316370731903  -58.524778585545597 488.64874062213403 -5.6960316370731903  
-58.116367404493602 488.14874062213403 -5.4540812198910702  -58.116367404493602 488.64874062213403 -5.4540812198910702  

0 3
1 3

0 2
1 2

1 -55.544516837538403 488.14874062213403 -8.8388999598682307 -0.70441483575234376 0 -0.70978851721621883 -0.70978851721621883 0 0.70441483575234376 0 1 0 
9 0 0 0 0 2 1 3 2 2 2 -54.947515044920799 488.14874062213403 -8.9213011217970593  -54.947515044920799 488.64874062213403 -8.9213011217970593  
-55.370557027578698 488.14874062213403 -9.1146423156814596  -55.370557027578698 488.64874062213403 -9.1146423156814596  
-55.544516837538403 488.14874062213403 -8.8388999598682307  -55.544516837538403 488.64874062213403 -8.8388999598682307  

8 3
9 3

0 2
1 2

9 0 0 0 0 2 1 3 2 2 2 -48.248562694311701 488.14874062213403 -5.3867716546309898  -48.248562694311701 488.64874062213403 -5.3867716546309898  
-55.031364065414799 488.14874062213403 -8.9747616632511704  -55.031364065414799 488.64874062213403 -8.9747616632511704  
-54.947515044920799 488.14874062213403 -8.9213011217970593  -54.947515044920799 488.64874062213403 -8.9213011217970593  

7 3
8 3

0 2
1 2

9 0 0 0 0 2 1 3 2 2 2 -47.943696878871997 488.14874062213403 -5.0508832381774198  -47.943696878871997 488.64874062213403 -5.0508832381774198  
-47.971129746918599 488.14874062213403 -5.24984843514898  -47.971129746918599 488.64874062213403 -5.24984843514898  
-48.248562694311701 488.14874062213403 -5.3867716546309898  -48.248562694311701 488.64874062213403 -5.3867716546309898  

6 3
7 3

0 2
1 2

9 0 0 0 0 2 1 3 2 2 2 -47.463479368198101 488.14874062213403 -3.7305698982890498  -47.463479368198101 488.64874062213403 -3.7305698982890498  
-47.809274133963598 488.14874062213403 -4.7603610054438299  -47.809274133963598 488.64874062213403 -4.7603610054438299  
-47.943696878871997 488.14874062213403 -5.0508832381774198  -47.943696878871997 488.64874062213403 -5.0508832381774198  

5 3
6 3

0 2
1 2

9 0 0 0 0 2 1 3 2 2 2 -47.553525007620301 488.14874062213403 -3.1419031647810098  -47.553525007620301 488.64874062213403 -3.1419031647810098  
-47.284247924093201 488.14874062213403 -3.35124659107117  -47.284247924093201 488.64874062213403 -3.35124659107117  
-47.463479368198101 488.14874062213403 -3.7305698982890498  -47.463479368198101 488.64874062213403 -3.7305698982890498  

4 3
5 3

0 2
1 2

9 0 0 0 0 2 1 3 2 2 2 -49.408839004605099 488.14874062213403 -1.3040681269776  -49.408839004605099 488.64874062213403 -1.3040681269776  
-47.7633607683901 488.14874062213403 -2.8924722670507799  -47.7633607683901 488.64874062213403 -2.8924722670507799  
-47.553525007620301 488.14874062213403 -3.1419031647810098  -47.553525007620301 488.64874062213403 -3.1419031647810098  

3 3
4 3

0 2
1 2

9 0 0 0 0 2 1 3 2 2 2 -49.968708936774 488.14874062213403 -1.2194526527796099  -49.968708936774 488.64874062213403 -1.2194526527796099  
-49.5567059911127 488.14874062213403 -1.0516761523885501  -49.5567059911127 488.64874062213403 -1.0516761523885501  
-49.408839004605099 488.14874062213403 -1.3040681269776  -49.408839004605099 488.64874062213403 -1.3040681269776  

2 3
3 3

0 2
1 2

9 0 0 0 0 3 1 4 2 2 2 -58.116367404493602 488.14874062213403 -5.4540812198910702  -58.116367404493602 488.64874062213403 -5.4540812198910702  
-58.045356036233301 488.14874062213403 -5.3889418439138703  -58.045356036233301 488.64874062213403 -5.3889418439138703  
-50.016890765949299 488.14874062213403 -1.24660538006259  -50.016890765949299 488.64874062213403 -1.24660538006259  
-49.968708936774 488.14874062213403 -1.2194526527796099  -49.968708936774 488.64874062213403 -1.2194526527796099  

1 4
2 4

0 2
1 2

9 0 0 0 0 2 1 3 2 2 2 -51.366236199161399 488.14874062213403 -12.9987075813169  -51.366236199161399 488.64874062213403 -12.9987075813169  
-51.470627243246 488.14874062213403 -12.880247629424399  -51.470627243246 488.64874062213403 -12.880247629424399  
-53.934067817069199 488.14874062213403 -10.466234575627301  -53.934067817069199 488.64874062213403 -10.466234575627301  

9 3
10 3

0 2
1 2

9 0 0 0 0 2 1 3 2 2 2 -50.731669686108198 488.14874062213403 -13.0917294958935  -50.731669686108198 488.64874062213403 -13.0917294958935  
-51.0562300247122 488.14874062213403 -13.280323751368501  -51.0562300247122 488.64874062213403 -13.280323751368501  
-51.366236199161399 488.14874062213403 -12.9987075813169  -51.366236199161399 488.64874062213403 -12.9987075813169  

8 3
9 3

0 2
1 2

1 -43.918968736223398 488.14874062213403 -9.6135805953821905 0.45470694217308588 0 -0.89064111556765779 0 -1 0 -0.89064111556765779 -0 -0.45470694217308588 
9 0 0 0 0 2 1 3 2 2 2 -43.650193862316002 488.14874062213403 -9.2916868269175605  -43.650193862316002 488.64874062213403 -9.2916868269175605  
-43.700555183326301 488.14874062213403 -9.5289536337781406  -43.700555183326301 488.64874062213403 -9.5289536337781406  
-43.918968736223398 488.14874062213403 -9.6135805953821905  -43.918968736223398 488.64874062213403 -9.6135805953821905  

6 3
7 3

0 2
1 2

9 0 0 0 0 2 1 3 2 2 2 -43.172508212420801 488.14874062213403 -7.9220310181889904  -43.172508212420801 488.64874062213403 -7.9220310181889904  
-43.604540250010302 488.14874062213403 -9.2154003902878099  -43.604540250010302 488.64874062213403 -9.2154003902878099  
-43.650193862316002 488.14874062213403 -9.2916868269175605  -43.650193862316002 488.64874062213403 -9.2916868269175605  

5 3
6 3

0 2
1 2

9 0 0 0 0 2 1 3 2 2 2 -43.297369898823497 488.14874062213403 -7.3845071907143698  -43.297369898823497 488.64874062213403 -7.3845071907143698  
-43.092597859612198 488.14874062213403 -7.5352531507637099  -43.092597859612198 488.64874062213403 -7.5352531507637099  
-43.172508212420801 488.14874062213403 -7.9220310181889904  -43.172508212420801 488.64874062213403 -7.9220310181889904  

4 3
5 3

0 2
1 2

9 0 0 0 0 2 1 3 2 2 2 -45.0784074212267 488.14874062213403 -5.5429741865991096  -45.0784074212267 488.64874062213403 -5.5429741865991096  
-43.339578999880501 488.14874062213403 -7.2752985923111204  -43.339578999880501 488.64874062213403 -7.2752985923111204  
-43.297369898823497 488.14874062213403 -7.3845071907143698  -43.297369898823497 488.64874062213403 -7.3845071907143698  

3 3
4 3

0 2
1 2

9 0 0 0 0 2 1 3 2 2 2 -45.7269722261806 488.14874062213403 -5.4136525709972698  -45.7269722261806 488.64874062213403 -5.4136525709972698  
-45.179138963342297 488.14874062213403 -5.2513360097681803  -45.179138963342297 488.64874062213403 -5.2513360097681803  
-45.0784074212267 488.14874062213403 -5.5429741865991096  -45.0784074212267 488.64874062213403 -5.5429741865991096  

2 3
3 3

0 2
1 2

9 0 0 0 0 3 1 4 2 2 2 -53.860844805402799 488.14874062213403 -9.6843757235500902  -53.860844805402799 488.64874062213403 -9.6843757235500902  
-53.717348289977998 488.14874062213403 -9.5787123722329302  -53.717348289977998 488.64874062213403 -9.5787123722329302  
-45.808498145386402 488.14874062213403 -5.5164592252021398  -45.808498145386402 488.64874062213403 -5.5164592252021398  
-45.7269722261806 488.14874062213403 -5.4136525709972698  -45.7269722261806 488.64874062213403 -5.4136525709972698  

1 4
2 4

0 2
1 2

9 0 0 0 0 2 1 3 2 2 2 -53.934067817069199 488.14874062213403 -10.466234575627301  -53.934067817069199 488.64874062213403 -10.466234575627301  
-54.313433997899502 488.14874062213403 -10.0273323577448  -54.313433997899502 488.64874062213403 -10.0273323577448  
-53.860844805402799 488.14874062213403 -9.6843757235500902  -53.860844805402799 488.64874062213403 -9.6843757235500902  

0 3
1 3

0 2
1 2

9 0 0 0 0 3 1 4 2 2 2 -58.4623533381219 488.14874062213403 6.7108205950144404  -58.4623533381219 488.64874062213403 6.7108205950144404  
-58.026480720205797 488.14874062213403 7.1022456336550297  -58.026480720205797 488.64874062213403 7.1022456336550297  
-57.966819922902502 488.14874062213403 6.9742343422922799  -57.966819922902502 488.64874062213403 6.9742343422922799  
-57.627839614602003 488.14874062213403 6.7195400395030997  -57.627839614602003 488.64874062213403 6.7195400395030997  

7 4
8 4

0 2
1 2

9 0 0 0 0 3 1 4 2 2 2 -63.9816281230896 488.14874062213403 1.02679284379616  -63.9816281230896 488.64874062213403 1.02679284379616  
-63.703516900431197 488.14874062213403 1.3162731755747099  -63.703516900431197 488.64874062213403 1.3162731755747099  
-60.0460177192695 488.14874062213403 5.0510162978494604  -60.0460177192695 488.64874062213403 5.0510162978494604  
-58.4623533381219 488.14874062213403 6.7108205950144404  -58.4623533381219 488.64874062213403 6.7108205950144404  

8 4
9 4

0 2
1 2

9 0 0 0 0 3 1 4 2 2 2 -64.883697757907498 488.14874062213403 -0.058544747287612602  -64.883697757907498 488.64874062213403 -0.058544747287612602  
-64.643611445003302 488.14874062213403 0.25595709825398699  -64.643611445003302 488.64874062213403 0.25595709825398699  
-64.347701955027205 488.14874062213403 0.61445089912746198  -64.347701955027205 488.64874062213403 0.61445089912746198  
-63.9816281230896 488.14874062213403 1.02679284379616  -63.9816281230896 488.64874062213403 1.02679284379616  

0 4
1 4

0 2
1 2

9 0 0 0 0 3 1 4 2 2 2 -64.888986011562906 488.14874062213403 -5.1092324979935597  -64.888986011562906 488.64874062213403 -5.1092324979935597  
-65.909122544629994 488.14874062213403 -3.4801556864494501  -65.909122544629994 488.64874062213403 -3.4801556864494501  
-65.961865818768402 488.14874062213403 -1.8761664054217699  -65.961865818768402 488.64874062213403 -1.8761664054217699  
-64.883697757907498 488.14874062213403 -0.058544747287612602  -64.883697757907498 488.64874062213403 -0.058544747287612602  

1 4
2 4

0 2
1 2

9 0 0 0 0 3 1 4 2 2 2 -61.037639368846598 488.14874062213403 -5.0267629061435697  -61.037639368846598 488.64874062213403 -5.0267629061435697  
-60.892890736222498 488.14874062213403 -6.2669425644934904  -60.892890736222498 488.64874062213403 -6.2669425644934904  
-63.1555546072642 488.14874062213403 -7.8363799354583001  -63.1555546072642 488.64874062213403 -7.8363799354583001  
-64.888986011562906 488.14874062213403 -5.1092324979935597  -64.888986011562906 488.64874062213403 -5.1092324979935597  

2 4
3 4

0 2
1 2

9 0 0 0 0 3 1 4 2 2 2 -60.106701727909801 488.14874062213403 -2.44888038820767  -60.106701727909801 488.64874062213403 -2.44888038820767  
-60.970071875787298 488.14874062213403 -3.4483426533233201  -60.970071875787298 488.64874062213403 -3.4483426533233201  
-61.047857246302698 488.14874062213403 -3.90900680567387  -61.047857246302698 488.64874062213403 -3.90900680567387  
-61.037639368846598 488.14874062213403 -5.0267629061435697  -61.037639368846598 488.64874062213403 -5.0267629061435697  

3 4
4 4

0 2
1 2

9 0 0 0 0 3 1 4 2 2 2 -54.607630536596197 488.14874062213403 3.2381358775360498  -54.607630536596197 488.64874062213403 3.2381358775360498  
-55.568328448385003 488.14874062213403 2.2156747940044301  -55.568328448385003 488.64874062213403 2.2156747940044301  
-59.494222134767398 488.14874062213403 -1.7849908671591399  -59.494222134767398 488.64874062213403 -1.7849908671591399  
-60.106701727909801 488.14874062213403 -2.44888038820767  -60.106701727909801 488.64874062213403 -2.44888038820767  

4 4
5 4

0 2
1 2

9 0 0 0 0 3 1 4 2 2 2 -54.566943648868801 488.14874062213403 3.7425273817471201  -54.566943648868801 488.64874062213403 3.7425273817471201  
-54.4259864241657 488.14874062213403 3.5869087142059999  -54.4259864241657 488.64874062213403 3.5869087142059999  
-54.446819919823199 488.14874062213403 3.4046601459850199  -54.446819919823199 488.64874062213403 3.4046601459850199  
-54.607630536596197 488.14874062213403 3.2381358775360498  -54.607630536596197 488.64874062213403 3.2381358775360498  

5 4
6 4

0 2
1 2

1 -54.566943648868801 488.14874062213403 3.7425273817471201 0.69721582425011208 0 0.71686127975727409 0 -1 0 0.71686127975727409 0 -0.69721582425011208 
9 0 0 0 0 3 1 4 2 2 2 -65.423559845363002 488.14874062213403 1.4280405977120301  -65.423559845363002 488.64874062213403 1.4280405977120301  
-65.725041436583595 488.14874062213403 1.1554846517511199  -65.725041436583595 488.64874062213403 1.1554846517511199  
-66.061164790321399 488.14874062213403 1.1448146655384901  -66.061164790321399 488.64874062213403 1.1448146655384901  
-66.3003346667237 488.14874062213403 1.37598357106123  -66.3003346667237 488.64874062213403 1.37598357106123  

26 4
27 4

0 2
1 2

9 0 0 0 0 3 1 4 2 2 2 -59.470701637808503 488.14874062213403 7.6047326319613298  -59.470701637808503 488.64874062213403 7.6047326319613298  
-60.564233461572201 488.14874062213403 6.4699031513201204  -60.564233461572201 488.64874062213403 6.4699031513201204  
-64.295367132047005 488.14874062213403 2.5989750130602798  -64.295367132047005 488.64874062213403 2.5989750130602798  
-65.423559845363002 488.14874062213403 1.4280405977120301  -65.423559845363002 488.64874062213403 1.4280405977120301  

25 4
26 4

0 2
1 2

9 0 0 0 0 3 1 4 2 2 2 -59.436313777688099 488.14874062213403 8.4640134525316704  -59.436313777688099 488.64874062213403 8.4640134525316704  
-59.154500409519599 488.14874062213403 8.0867862541591098  -59.154500409519599 488.64874062213403 8.0867862541591098  
-59.360273880494198 488.14874062213403 7.7864568428586303  -59.360273880494198 488.64874062213403 7.7864568428586303  
-59.470701637808503 488.14874062213403 7.6047326319613298  -59.470701637808503 488.64874062213403 7.6047326319613298  

24 4
25 4

0 2
1 2

9 0 0 0 0 3 1 4 2 2 2 -61.270537654171399 488.14874062213403 10.260034353998  -61.270537654171399 488.64874062213403 10.260034353998  
-60.7873146279357 488.14874062213403 9.8529110786326406  -60.7873146279357 488.64874062213403 9.8529110786326406  
-60.227304052818802 488.14874062213403 9.2278638822063499  -60.227304052818802 488.64874062213403 9.2278638822063499  
-59.436313777688099 488.14874062213403 8.4640134525316704  -59.436313777688099 488.64874062213403 8.4640134525316704  

23 4
24 4

0 2
1 2

9 0 0 0 0 3 1 4 2 2 2 -61.893424899347302 488.14874062213403 10.7008461772767  -61.893424899347302 488.64874062213403 10.7008461772767  
-61.698625599568402 488.14874062213403 10.6129907179553  -61.698625599568402 488.64874062213403 10.6129907179553  
-61.481733047302598 488.14874062213403 10.4378151967049  -61.481733047302598 488.64874062213403 10.4378151967049  
-61.270537654171399 488.14874062213403 10.260034353998  -61.270537654171399 488.64874062213403 10.260034353998  

22 4
23 4

0 2
1 2

9 0 0 0 0 3 1 4 2 2 2 -62.5297828685447 488.14874062213403 10.932390947275101  -62.5297828685447 488.64874062213403 10.932390947275101  
-62.250668127727103 488.14874062213403 10.871274814287601  -62.250668127727103 488.64874062213403 10.871274814287601  
-62.229323407616597 488.14874062213403 10.8507650779803  -62.229323407616597 488.64874062213403 10.8507650779803  
-61.893424899347302 488.14874062213403 10.7008461772767  -61.893424899347302 488.64874062213403 10.7008461772767  

21 4
22 4

0 2
1 2

9 0 0 0 0 3 1 4 2 2 2 -64.606396882594296 488.14874062213403 10.8650288766376  -64.606396882594296 488.64874062213403 10.8650288766376  
-64.246093521228602 488.14874062213403 10.9439884326565  -64.246093521228602 488.64874062213403 10.9439884326565  
-63.497886472969 488.14874062213403 11.1656627087619  -63.497886472969 488.64874062213403 11.1656627087619  
-62.5297828685447 488.14874062213403 10.932390947275101  -62.5297828685447 488.64874062213403 10.932390947275101  

20 4
21 4

0 2
1 2

9 0 0 0 0 3 1 4 2 2 2 -64.587468140398897 488.14874062213403 10.528318799269  -64.587468140398897 488.64874062213403 10.528318799269  
-64.668482003170098 488.14874062213403 10.665354410348  -64.668482003170098 488.64874062213403 10.665354410348  
-64.681178146718906 488.14874062213403 10.8065060354926  -64.681178146718906 488.64874062213403 10.8065060354926  
-64.606396882594296 488.14874062213403 10.8650288766376  -64.606396882594296 488.64874062213403 10.8650288766376  

19 4
20 4

0 2
1 2

9 0 0 0 0 2 1 3 2 2 2 -61.4771370773407 488.14874062213403 7.5246043854343396  -61.4771370773407 488.64874062213403 7.5246043854343396  
-63.186980832678202 488.14874062213403 9.1755760660269896  -63.186980832678202 488.64874062213403 9.1755760660269896  
-64.587468140398897 488.14874062213403 10.528318799269  -64.587468140398897 488.64874062213403 10.528318799269  

18 3
19 3

0 2
1 2

9 0 0 0 0 2 1 3 2 2 2 -61.745068460522802 488.14874062213403 7.2979486727607004  -61.745068460522802 488.64874062213403 7.2979486727607004  
-61.4852324712826 488.14874062213403 7.2406724898690404  -61.4852324712826 488.64874062213403 7.2406724898690404  
-61.4771370773407 488.14874062213403 7.5246043854343396  -61.4771370773407 488.64874062213403 7.5246043854343396  

17 3
18 3

0 2
1 2

9 0 0 0 0 3 1 4 2 2 2 -64.958098391192905 488.14874062213403 10.400940850538801  -64.958098391192905 488.64874062213403 10.400940850538801  
-63.7608884285684 488.14874062213403 9.2449112488500909  -63.7608884285684 488.64874062213403 9.2449112488500909  
-62.4367163633571 488.14874062213403 8.0052714857018508  -62.4367163633571 488.64874062213403 8.0052714857018508  
-61.745068460522802 488.14874062213403 7.2979486727607004  -61.745068460522802 488.64874062213403 7.2979486727607004  

16 4
17 4

0 2
1 2

9 0 0 0 0 3 1 4 2 2 2 -65.569903122908102 488.14874062213403 10.470032182590201  -65.569903122908102 488.64874062213403 10.470032182590201  
-65.504563751813095 488.14874062213403 10.465325638816299  -65.504563751813095 488.64874062213403 10.465325638816299  
-65.238578907645405 488.14874062213403 10.671900357134099  -65.238578907645405 488.64874062213403 10.671900357134099  
-64.958098391192905 488.14874062213403 10.400940850538801  -64.958098391192905 488.64874062213403 10.400940850538801  

15 4
16 4

0 2
1 2

9 0 0 0 0 3 1 4 2 2 2 -67.013908886696896 488.14874062213403 9.4767230867294607  -67.013908886696896 488.64874062213403 9.4767230867294607  
-66.481415897635102 488.14874062213403 9.9675638500023904  -66.481415897635102 488.64874062213403 9.9675638500023904  
-65.635138114257401 488.14874062213403 10.474740548320201  -65.635138114257401 488.64874062213403 10.474740548320201  
-65.569903122908102 488.14874062213403 10.470032182590201  -65.569903122908102 488.64874062213403 10.470032182590201  

14 4
15 4

0 2
1 2

9 0 0 0 0 3 1 4 2 2 2 -66.727322124489106 488.14874062213403 8.9277177987531502  -66.727322124489106 488.64874062213403 8.9277177987531502  
-66.821471728020299 488.14874062213403 9.0396741765242208  -66.821471728020299 488.64874062213403 9.0396741765242208  
-67.151482320535607 488.14874062213403 9.3607219682952199  -67.151482320535607 488.64874062213403 9.3607219682952199  
-67.013908886696896 488.14874062213403 9.4767230867294607  -67.013908886696896 488.64874062213403 9.4767230867294607  

13 4
14 4

0 2
1 2

9 0 0 0 0 3 1 4 2 2 2 -63.275554412045203 488.14874062213403 5.5943844656038397  -63.275554412045203 488.64874062213403 5.5943844656038397  
-64.060705415531004 488.14874062213403 6.3526985965034699  -64.060705415531004 488.64874062213403 6.3526985965034699  
-66.6363090879872 488.14874062213403 8.8399301513471507  -66.6363090879872 488.64874062213403 8.8399301513471507  
-66.727322124489106 488.14874062213403 8.9277177987531502  -66.727322124489106 488.64874062213403 8.9277177987531502  

12 4
13 4

0 2
1 2

9 0 0 0 0 3 1 4 2 2 2 -63.530324072022701 488.14874062213403 5.3554291057942898  -63.530324072022701 488.64874062213403 5.3554291057942898  
-63.294997227547697 488.14874062213403 5.3384456182646698  -63.294997227547697 488.64874062213403 5.3384456182646698  
-63.270881537165302 488.14874062213403 5.5898719227860498  -63.270881537165302 488.64874062213403 5.5898719227860498  
-63.275554412045203 488.14874062213403 5.5943844656038397  -63.275554412045203 488.64874062213403 5.5943844656038397  

11 4
12 4

0 2
1 2

9 0 0 0 0 3 1 4 2 2 2 -66.880350554126593 488.14874062213403 8.5905120748692205  -66.880350554126593 488.64874062213403 8.5905120748692205  
-65.950340429362996 488.14874062213403 7.6923091166225399  -65.950340429362996 488.64874062213403 7.6923091166225399  
-64.017469456300404 488.14874062213403 5.8257573147855597  -64.017469456300404 488.64874062213403 5.8257573147855597  
-63.530324072022701 488.14874062213403 5.3554291057942898  -63.530324072022701 488.64874062213403 5.3554291057942898  

10 4
11 4

0 2
1 2

9 0 0 0 0 3 1 4 2 2 2 -67.586595237280406 488.14874062213403 8.8839015432784496  -67.586595237280406 488.64874062213403 8.8839015432784496  
-67.338029131659297 488.14874062213403 9.2330072152939007  -67.338029131659297 488.64874062213403 9.2330072152939007  
-67.126884021697705 488.14874062213403 8.8188377481572804  -67.126884021697705 488.64874062213403 8.8188377481572804  
-66.880350554126593 488.14874062213403 8.5905120748692205  -66.880350554126593 488.64874062213403 8.5905120748692205  

9 4
10 4

0 2
1 2

9 0 0 0 0 3 1 4 2 2 2 -68.5332499041521 488.14874062213403 7.3619719124133702  -68.5332499041521 488.64874062213403 7.3619719124133702  
-68.225569520239006 488.14874062213403 8.0689881021692997  -68.225569520239006 488.64874062213403 8.0689881021692997  
-68.068987458327001 488.14874062213403 8.2325150375489198  -68.068987458327001 488.64874062213403 8.2325150375489198  
-67.586595237280406 488.14874062213403 8.8839015432784496  -67.586595237280406 488.64874062213403 8.8839015432784496  

8 4
9 4

0 2
1 2

9 0 0 0 0 3 1 4 2 2 2 -68.298661764092898 488.14874062213403 6.7592267413618599  -68.298661764092898 488.64874062213403 6.7592267413618599  
-68.3202526310574 488.14874062213403 6.8536555577882998  -68.3202526310574 488.64874062213403 6.8536555577882998  
-68.662798993314098 488.14874062213403 6.9357997360738199  -68.662798993314098 488.64874062213403 6.9357997360738199  
-68.5332499041521 488.14874062213403 7.3619719124133702  -68.5332499041521 488.64874062213403 7.3619719124133702  

7 4
8 4

0 2
1 2

9 0 0 0 0 3 1 4 2 2 2 -65.160822638309199 488.14874062213403 3.72884547983162  -65.160822638309199 488.64874062213403 3.72884547983162  
-65.624070817721204 488.14874062213403 4.1759938060320696  -65.624070817721204 488.64874062213403 4.1759938060320696  
-68.169837277834901 488.14874062213403 6.6347197607563801  -68.169837277834901 488.64874062213403 6.6347197607563801  
-68.298661764092898 488.14874062213403 6.7592267413618599  -68.298661764092898 488.64874062213403 6.7592267413618599  

6 4
7 4

0 2
1 2

9 0 0 0 0 3 1 4 2 2 2 -65.374948110317803 488.14874062213403 3.4740338071127299  -65.374948110317803 488.64874062213403 3.4740338071127299  
-65.296579356848 488.14874062213403 3.44263986068461  -65.296579356848 488.64874062213403 3.44263986068461  
-65.100180160100507 488.14874062213403 3.6701865455690701  -65.100180160100507 488.64874062213403 3.6701865455690701  
-65.160822638309199 488.14874062213403 3.72884547983162  -65.160822638309199 488.64874062213403 3.72884547983162  

5.0530745328242297 4
6 4

0 2
1 2

9 0 0 0 0 3 1 4 2 2 2 -68.509694781747399 488.14874062213403 6.4970201477609102  -68.509694781747399 488.64874062213403 6.4970201477609102  
-68.319516209848899 488.14874062213403 6.3136627621338697  -68.319516209848899 488.64874062213403 6.3136627621338697  
-65.395889757455194 488.14874062213403 3.52307327300701  -65.395889757455194 488.64874062213403 3.52307327300701  
-65.374948110317803 488.14874062213403 3.4740338071127299  -65.374948110317803 488.64874062213403 3.4740338071127299  

4 4
4.9612342762520303 4

0 2
1 2

9 0 0 0 0 3 1 4 2 2 2 -68.850296697789304 488.14874062213403 6.3900045398559699  -68.850296697789304 488.64874062213403 6.3900045398559699  
-68.816196537101305 488.14874062213403 6.7932106929738998  -68.816196537101305 488.64874062213403 6.7932106929738998  
-68.470931580542995 488.14874062213403 6.5373731505406498  -68.470931580542995 488.64874062213403 6.5373731505406498  
-68.509694781747399 488.14874062213403 6.4970201477609102  -68.509694781747399 488.64874062213403 6.4970201477609102  

3 4
4 4

0 2
1 2

9 0 0 0 0 3 1 4 2 2 2 -68.869458640363305 488.14874062213403 4.5328150810819903  -68.869458640363305 488.64874062213403 4.5328150810819903  
-69.111507849692501 488.14874062213403 5.4373882181335498  -69.111507849692501 488.64874062213403 5.4373882181335498  
-68.9567037994304 488.14874062213403 5.8702659143928599  -68.9567037994304 488.64874062213403 5.8702659143928599  
-68.850296697789304 488.14874062213403 6.3900045398559699  -68.850296697789304 488.64874062213403 6.3900045398559699  

2 4
3 4

0 2
1 2

9 0 0 0 0 3 1 4 2 2 2 -68.248308381971199 488.14874062213403 3.2763099184977  -68.248308381971199 488.64874062213403 3.2763099184977  
-68.471173391509794 488.14874062213403 3.5244692743558801  -68.471173391509794 488.64874062213403 3.5244692743558801  
-68.862913012160305 488.14874062213403 4.2535240305629101  -68.862913012160305 488.64874062213403 4.2535240305629101  
-68.869458640363305 488.14874062213403 4.5328150810819903  -68.869458640363305 488.64874062213403 4.5328150810819903  

1 4
2 4

0 2
1 2

9 0 0 0 0 3 1 4 2 2 2 -66.3003346667237 488.14874062213403 1.37598357106123  -66.3003346667237 488.64874062213403 1.37598357106123  
-66.876901883931694 488.14874062213403 1.9326654403349199  -66.876901883931694 488.64874062213403 1.9326654403349199  
-67.360570178442103 488.14874062213403 2.4191337206858101  -67.360570178442103 488.64874062213403 2.4191337206858101  
-68.248308381971199 488.14874062213403 3.2763099184977  -68.248308381971199 488.64874062213403 3.2763099184977  

0 4
1 4

0 2
1 2

1 -45.266994042044303 488.14874062213403 5.6663436396713696 -1 0 0 0 0 1 0 1 -0 
1 -45.266994042044303 488.14874062213403 15.788294859183599 0 0 -1 0 -1 0 -1 -0 -0 
1 -46.486506237166203 488.14874062213403 15.788294859183599 1 0 0 -0 1 0 0 -0 1 
9 0 0 0 0 3 1 11 2 9 2 -46.486506237166203 488.14874062213403 7.2936302250372496  -46.486506237166203 488.64874062213403 7.2936302250372496  
-46.543192716408797 488.14874062213403 7.3458306673633196  -46.543192716408797 488.64874062213403 7.3458306673633196  
-46.668025710959199 488.14874062213403 7.4607846673202998  -46.668025710959199 488.64874062213403 7.4607846673202998  
-46.899258160412799 488.14874062213403 7.6161671128539901  -46.899258160412799 488.64874062213403 7.6161671128539901  
-47.1752131524688 488.14874062213403 7.7895866919844803  -47.1752131524688 488.64874062213403 7.7895866919844803  
-47.495050572769998 488.14874062213403 7.9599415729125598  -47.495050572769998 488.64874062213403 7.9599415729125598  
-47.830848553628499 488.14874062213403 8.1272472544895002  -47.830848553628499 488.64874062213403 8.1272472544895002  
-48.166830496227703 488.14874062213403 8.2662205166476195  -48.166830496227703 488.64874062213403 8.2662205166476195  
-48.486991064135402 488.14874062213403 8.3868123139707809  -48.486991064135402 488.64874062213403 8.3868123139707809  
-48.700163939342801 488.14874062213403 8.4436488634114504  -48.700163939342801 488.64874062213403 8.4436488634114504  
-48.8035794078979 488.14874062213403 8.4712216884518607  -48.8035794078979 488.64874062213403 8.4712216884518607  

0 4
0.088118195626006396 1
0.19405082801659401 1
0.318164819684222 1
0.46135316501415802 1
0.60869222891654995 1
0.74754305154723899 1
0.87752684956362204 1
1 4

0 2
1 2

1 -48.8035794078979 488.14874062213403 8.4712216884518607 1 0 0 -0 1 0 0 -0 1 
9 0 0 0 0 3 1 11 2 9 2 -48.8035794078979 488.14874062213403 7.2517094933299404  -48.8035794078979 488.64874062213403 7.2517094933299404  
-48.668882624243999 488.14874062213403 7.2124279140124399  -48.668882624243999 488.64874062213403 7.2124279140124399  
-48.392444633162 488.14874062213403 7.1318103923576404  -48.392444633162 488.64874062213403 7.1318103923576404  
-47.979479842213102 488.14874062213403 6.9684921744986603  -47.979479842213102 488.64874062213403 6.9684921744986603  
-47.549538252310199 488.14874062213403 6.7842772179955704  -47.549538252310199 488.64874062213403 6.7842772179955704  
-47.120518866574997 488.14874062213403 6.5656004895022297  -47.120518866574997 488.64874062213403 6.5656004895022297  
-46.708776647441702 488.14874062213403 6.3388895760916704  -46.708776647441702 488.64874062213403 6.3388895760916704  
-46.3375422584106 488.14874062213403 6.1121349845498401  -46.3375422584106 488.64874062213403 6.1121349845498401  
-46.017128122955299 488.14874062213403 5.8932626766123004  -46.017128122955299 488.64874062213403 5.8932626766123004  
-45.829417264152397 488.14874062213403 5.73874627860459  -45.829417264152397 488.64874062213403 5.73874627860459  
-45.741460505458903 488.14874062213403 5.6663436396713696  -45.741460505458903 488.64874062213403 5.6663436396713696  

0 4
0.121241716272439 1
0.248824178072417 1
0.383591751809784 1
0.52553870323291596 1
0.66490871822889797 1
0.78988709705480498 1
0.90154618640291395 1
1 4

0 2
1 2

1 -45.741460505458903 488.14874062213403 5.6663436396713696 0 0 1 1 0 -0 -0 1 0 
9 0 0 0 0 3 1 19 2 17 2 -41.730408676190599 488.14874062213403 15.292868029915301  -41.730408676190599 488.64874062213403 15.292868029915301  
-41.727485760112899 488.14874062213403 15.154926493628601  -41.727485760112899 488.64874062213403 15.154926493628601  
-41.721839625126101 488.14874062213403 14.8884677539822  -41.721839625126101 488.64874062213403 14.8884677539822  
-41.678735910571199 488.14874062213403 14.504949710729299  -41.678735910571199 488.64874062213403 14.504949710729299  
-41.604761430611703 488.14874062213403 14.1539177915139  -41.604761430611703 488.64874062213403 14.1539177915139  
-41.501217700965299 488.14874062213403 13.830474917445899  -41.501217700965299 488.64874062213403 13.830474917445899  
-41.359622711849802 488.14874062213403 13.526163339557799  -41.359622711849802 488.64874062213403 13.526163339557799  
-41.181273035269697 488.14874062213403 13.231572866475201  -41.181273035269697 488.64874062213403 13.231572866475201  
-40.9663937524804 488.14874062213403 12.9394439301039  -40.9663937524804 488.64874062213403 12.9394439301039  
-40.7545170359951 488.14874062213403 12.7045832983459  -40.7545170359951 488.64874062213403 12.7045832983459  
-40.565061900291496 488.14874062213403 12.510533105883001  -40.565061900291496 488.64874062213403 12.510533105883001  
-40.3981127743928 488.14874062213403 12.3598466974552  -40.3981127743928 488.64874062213403 12.3598466974552  
-40.215162515720003 488.14874062213403 12.1982467166163  -40.215162515720003 488.64874062213403 12.1982467166163  
-40.011008685072902 488.14874062213403 12.0322808577061  -40.011008685072902 488.64874062213403 12.0322808577061  
-39.790426110484397 488.14874062213403 11.856157714087701  -39.790426110484397 488.64874062213403 11.856157714087701  
-39.549204884124698 488.14874062213403 11.6750019842437  -39.549204884124698 488.64874062213403 11.6750019842437  
-39.2886756789404 488.14874062213403 11.4873311474842  -39.2886756789404 488.64874062213403 11.4873311474842  
-39.1079559751144 488.14874062213403 11.360387724909  -39.1079559751144 488.64874062213403 11.360387724909  
-39.015088554239398 488.14874062213403 11.295154615281101  -39.015088554239398 488.64874062213403 11.295154615281101  

0 4
0.081358462719604493 1
0.157158416669818 1
0.22726263074033301 1
0.292665763214009 1
0.35703913330865 1
0.42476416576315501 1
0.49550426326091601 1
0.57061493905500305 1
0.611150275168999 1
0.65543263209721503 1
0.70322609924134105 1
0.755132330953595 1
0.81060363101099697 1
0.86972663112515902 1
0.93305571268672205 1
1 4

0 2
1 2

9 0 0 0 0 3 1 19 2 17 2 -39.015088554239398 488.14874062213403 11.295154615281101  -39.015088554239398 488.64874062213403 11.295154615281101  
-38.919967931151298 488.14874062213403 11.228485835692499  -38.919967931151298 488.64874062213403 11.228485835692499  
-38.7361021155846 488.14874062213403 11.0996167310341  -38.7361021155846 488.64874062213403 11.0996167310341  
-38.477514977805399 488.14874062213403 10.9022025604162  -38.477514977805399 488.64874062213403 10.9022025604162  
-38.239323257796897 488.14874062213403 10.714399523362401  -38.239323257796897 488.64874062213403 10.714399523362401  
-38.0277757366093 488.14874062213403 10.5297578396708  -38.0277757366093 488.64874062213403 10.5297578396708  
-37.836394688845203 488.14874062213403 10.3544297586909  -37.836394688845203 488.64874062213403 10.3544297586909  
-37.6714475900419 488.14874062213403 10.1829259134462  -37.6714475900419 488.64874062213403 10.1829259134462  
-37.527141348482203 488.14874062213403 10.019176689041499  -37.527141348482203 488.64874062213403 10.019176689041499  
-37.404770845560797 488.14874062213403 9.8591679092856204  -37.404770845560797 488.64874062213403 9.8591679092856204  
-37.302205590266098 488.14874062213403 9.6981681468224394  -37.302205590266098 488.64874062213403 9.6981681468224394  
-37.214636626755798 488.14874062213403 9.5342893279196801  -37.214636626755798 488.64874062213403 9.5342893279196801  
-37.139813308097203 488.14874062213403 9.3656501562111902  -37.139813308097203 488.64874062213403 9.3656501562111902  
-37.077942462044099 488.14874062213403 9.1920346563117601  -37.077942462044099 488.64874062213403 9.1920346563117601  
-37.033525906602001 488.14874062213403 9.0116958852538591  -37.033525906602001 488.64874062213403 9.0116958852538591  
-36.997801686376803 488.14874062213403 8.8268435721978999  -36.997801686376803 488.64874062213403 8.8268435721978999  
-36.979736070076299 488.14874062213403 8.6360832941495005  -36.979736070076299 488.64874062213403 8.6360832941495005  
-36.976128809667799 488.14874062213403 8.5074550158099704  -36.976128809667799 488.64874062213403 8.5074550158099704  
-36.974311115215002 488.14874062213403 8.4426393713787302  -36.974311115215002 488.64874062213403 8.4426393713787302  

0 4
0.094946371017357298 1
0.18352899061692299 1
0.26591751175454198 1
0.34285033249918301 1
0.41302406155960197 1
0.47801987115271799 1
0.53726967090678701 1
0.591374949314313 1
0.64250848309247599 1
0.69314929246877 1
0.74312827715637297 1
0.79321503336467103 1
0.843588945081166 1
0.89481466600410997 1
0.94699722879241999 1
1 4

0 2
1 2

9 0 0 0 0 3 1 19 2 17 2 -36.974311115215002 488.14874062213403 8.4426393713787302  -36.974311115215002 488.64874062213403 8.4426393713787302  
-36.975520171615699 488.14874062213403 8.3790274910756501  -36.975520171615699 488.64874062213403 8.3790274910756501  
-36.977887609621199 488.14874062213403 8.2544698749471195  -36.977887609621199 488.64874062213403 8.2544698749471195  
-37.003823343645102 488.14874062213403 8.0734025900390503  -37.003823343645102 488.64874062213403 8.0734025900390503  
-37.042618980159503 488.14874062213403 7.90239424430521  -37.042618980159503 488.64874062213403 7.90239424430521  
-37.101041755928698 488.14874062213403 7.7431458550123002  -37.101041755928698 488.64874062213403 7.7431458550123002  
-37.173251628031601 488.14874062213403 7.5929596442780403  -37.173251628031601 488.64874062213403 7.5929596442780403  
-37.263374933586199 488.14874062213403 7.4539052395152803  -37.263374933586199 488.64874062213403 7.4539052395152803  
-37.368706648545803 488.14874062213403 7.32461216632095  -37.368706648545803 488.64874062213403 7.32461216632095  
-37.491548865846198 488.14874062213403 7.2090454358547298  -37.491548865846198 488.64874062213403 7.2090454358547298  
-37.626712208469101 488.14874062213403 7.1042162946081397  -37.626712208469101 488.64874062213403 7.1042162946081397  
-37.773792926793703 488.14874062213403 7.0120701618034502  -37.773792926793703 488.64874062213403 7.0120701618034502  
-37.933367645683802 488.14874062213403 6.9360034825773198  -37.933367645683802 488.64874062213403 6.9360034825773198  
-38.103714731449799 488.14874062213403 6.8731864058748302  -38.103714731449799 488.64874062213403 6.8731864058748302  
-38.285836744132197 488.14874062213403 6.8228734580685  -38.285836744132197 488.64874062213403 6.8228734580685  
-38.479975845250202 488.14874062213403 6.7900980242367304  -38.479975845250202 488.64874062213403 6.7900980242367304  
-38.685580886864301 488.14874062213403 6.7682622282227101  -38.685580886864301 488.64874062213403 6.7682622282227101  
-38.826385027285802 488.14874062213403 6.7653853042812697  -38.826385027285802 488.64874062213403 6.7653853042812697  
-38.898853798141801 488.14874062213403 6.7639046152811497  -38.898853798141801 488.64874062213403 6.7639046152811497  

0 4
0.066030844719485698 1
0.12929415967622501 1
0.18962713968533901 1
0.24785630263689101 1
0.30510155844685699 1
0.36238482319521598 1
0.41957682405436397 1
0.47791055459673198 1
0.53716607328740995 1
0.59703186811431397 1
0.65782128283272401 1
0.72044835239245497 1
0.78543257792968102 1
0.85377007647268299 1
0.924738698814767 1
1 4

0 2
1 2

9 0 0 0 0 3 1 11 2 9 2 -38.898853798141801 488.14874062213403 6.7639046152811497  -38.898853798141801 488.64874062213403 6.7639046152811497  
-39.003927085118903 488.14874062213403 6.7675049286593199  -39.003927085118903 488.64874062213403 6.7675049286593199  
-39.216341004808598 488.14874062213403 6.7747832455252404  -39.216341004808598 488.64874062213403 6.7747832455252404  
-39.534863901559 488.14874062213403 6.8372587363805302  -39.534863901559 488.64874062213403 6.8372587363805302  
-39.854943103891003 488.14874062213403 6.9369424653893104  -39.854943103891003 488.64874062213403 6.9369424653893104  
-40.173244310824103 488.14874062213403 7.0770200708255402  -40.173244310824103 488.64874062213403 7.0770200708255402  
-40.488193003533503 488.14874062213403 7.25032394254288  -40.488193003533503 488.64874062213403 7.25032394254288  
-40.793538167905503 488.14874062213403 7.4591842446033096  -40.793538167905503 488.64874062213403 7.4591842446033096  
-41.0889927365373 488.14874062213403 7.7020789417262598  -41.0889927365373 488.64874062213403 7.7020789417262598  
-41.271462652900098 488.14874062213403 7.8858497711778499  -41.271462652900098 488.64874062213403 7.8858497711778499  
-41.364555017653998 488.14874062213403 7.9796058347933503  -41.364555017653998 488.64874062213403 7.9796058347933503  

0 4
0.111554841178452 1
0.22551689165539801 1
0.343554219769936 1
0.467170028746272 1
0.59433257377544602 1
0.72498392980844495 1
0.85969250805955599 1
1 4

0 2
1 2

1 -41.364555017653998 488.14874062213403 7.9796058347933503 1 0 0 -0 1 0 0 -0 1 
9 0 0 0 0 3 1 11 2 9 2 -41.364555017653998 488.14874062213403 6.75628266406164  -41.364555017653998 488.64874062213403 6.75628266406164  
-41.280882288551702 488.14874062213403 6.67218493237334  -41.280882288551702 488.64874062213403 6.67218493237334  
-41.115316543241804 488.14874062213403 6.5057782216658504  -41.115316543241804 488.64874062213403 6.5057782216658504  
-40.844201385717902 488.14874062213403 6.2851717437077399  -40.844201385717902 488.64874062213403 6.2851717437077399  
-40.553256332076003 488.14874062213403 6.1001176174429999  -40.553256332076003 488.64874062213403 6.1001176174429999  
-40.246460897665997 488.14874062213403 5.9412052770464898  -40.246460897665997 488.64874062213403 5.9412052770464898  
-39.916312267792598 488.14874062213403 5.81616802681748  -39.916312267792598 488.64874062213403 5.81616802681748  
-39.559877125891298 488.14874062213403 5.7295908168389396  -39.559877125891298 488.64874062213403 5.7295908168389396  
-39.177483775145497 488.14874062213403 5.6748798652512802  -39.177483775145497 488.64874062213403 5.6748798652512802  
-38.913022251236903 488.14874062213403 5.66924429562164  -38.913022251236903 488.64874062213403 5.66924429562164  
-38.776902578629603 488.14874062213403 5.6663436396713696  -38.776902578629603 488.64874062213403 5.6663436396713696  

0 4
0.122881588571521 1
0.243149494643841 1
0.36127492563479902 1
0.47960921109553101 1
0.60063117782680597 1
0.72610307956526599 1
0.85902388148292896 1
1 4

0 2
1 2

9 0 0 0 0 3 1 19 2 17 2 -38.776902578629603 488.14874062213403 5.6663436396713696  -38.776902578629603 488.64874062213403 5.6663436396713696  
-38.666278945953103 488.14874062213403 5.6683797974818297  -38.666278945953103 488.64874062213403 5.6683797974818297  
-38.449562246288998 488.14874062213403 5.6723687227232098  -38.449562246288998 488.64874062213403 5.6723687227232098  
-38.133182303081597 488.14874062213403 5.7082246048335303  -38.133182303081597 488.64874062213403 5.7082246048335303  
-37.832291671829402 488.14874062213403 5.7613562202554398  -37.832291671829402 488.64874062213403 5.7613562202554398  
-37.549759170582 488.14874062213403 5.8428085595842303  -37.549759170582 488.64874062213403 5.8428085595842303  
-37.282105186546602 488.14874062213403 5.9430051230765697  -37.282105186546602 488.64874062213403 5.9430051230765697  
-37.032666174383003 488.14874062213403 6.0697607627655499  -37.032666174383003 488.64874062213403 6.0697607627655499  
-36.798292878214603 488.14874062213403 6.2166146204860704  -36.798292878214603 488.64874062213403 6.2166146204860704  
-36.583336182670898 488.14874062213403 6.3862445868937199  -36.583336182670898 488.64874062213403 6.3862445868937199  
-36.389156680451102 488.14874062213403 6.5745287663404799  -36.389156680451102 488.64874062213403 6.5745287663404799  
-36.217619725769097 488.14874062213403 6.7791443613656401  -36.217619725769097 488.64874062213403 6.7791443613656401  
-36.074169444550797 488.14874062213403 7.0015022364159698  -36.074169444550797 488.64874062213403 7.0015022364159698  
-35.957693926067599 488.14874062213403 7.2397844274523804  -35.957693926067599 488.64874062213403 7.2397844274523804  
-35.865069553487999 488.14874062213403 7.4930619375249998  -35.865069553487999 488.64874062213403 7.4930619375249998  
-35.801085521208101 488.14874062213403 7.7629331851392998  -35.801085521208101 488.64874062213403 7.7629331851392998  
-35.762421939356003 488.14874062213403 8.0489865267034002  -35.762421939356003 488.64874062213403 8.0489865267034002  
-35.757382501291303 488.14874062213403 8.2449793612542202  -35.757382501291303 488.64874062213403 8.2449793612542202  
-35.754798920093002 488.14874062213403 8.3454594933299102  -35.754798920093002 488.64874062213403 8.3454594933299102  

0 4
0.072853708443202603 1
0.142723709844846 1
0.209531835111436 1
0.273908006946812 1
0.336157393249846 1
0.39753857241228102 1
0.45790725651811098 1
0.51809729383580205 1
0.57757768208397697 1
0.63581604757219501 1
0.69361832272754897 1
0.75144482728932704 1
0.81021891501811605 1
0.87091158883001996 1
0.93381992441954897 1
1 4

0 2
1 2

9 0 0 0 0 3 1 19 2 17 2 -35.754798920093002 488.14874062213403 8.3454594933299102  -35.754798920093002 488.64874062213403 8.3454594933299102  
-35.7560075917063 488.14874062213403 8.4357217628099193  -35.7560075917063 488.64874062213403 8.4357217628099193  
-35.7583956204383 488.14874062213403 8.6140571274970092  -35.7583956204383 488.64874062213403 8.6140571274970092  
-35.784937803621602 488.14874062213403 8.8760267392570693  -35.784937803621602 488.64874062213403 8.8760267392570693  
-35.821797507881499 488.14874062213403 9.1296763467889299  -35.821797507881499 488.64874062213403 9.1296763467889299  
-35.877028952824702 488.14874062213403 9.3737343687001804  -35.877028952824702 488.64874062213403 9.3737343687001804  
-35.949855504180299 488.14874062213403 9.6084799767224904  -35.949855504180299 488.64874062213403 9.6084799767224904  
-36.0375107800213 488.14874062213403 9.8340124523019803  -36.0375107800213 488.64874062213403 9.8340124523019803  
-36.140670747549002 488.14874062213403 10.049947606943199  -36.140670747549002 488.64874062213403 10.049947606943199  
-36.260207885829701 488.14874062213403 10.2583822077496  -36.260207885829701 488.64874062213403 10.2583822077496  
-36.3995777034065 488.14874062213403 10.462426611291599  -36.3995777034065 488.64874062213403 10.462426611291599  
-36.5596608897878 488.14874062213403 10.6664310223955  -36.5596608897878 488.64874062213403 10.6664310223955  
-36.7440276300633 488.14874062213403 10.8696969352655  -36.7440276300633 488.64874062213403 10.8696969352655  
-36.948362095643198 488.14874062213403 11.0768068399046  -36.948362095643198 488.64874062213403 11.0768068399046  
-37.176890491946402 488.14874062213403 11.2832102444464  -37.176890491946402 488.64874062213403 11.2832102444464  
-37.427586474426299 488.14874062213403 11.4905559483838  -37.427586474426299 488.64874062213403 11.4905559483838  
-37.697988817443203 488.14874062213403 11.7018876946095  -37.697988817443203 488.64874062213403 11.7018876946095  
-37.890804618769998 488.14874062213403 11.8359736965936  -37.890804618769998 488.64874062213403 11.8359736965936  
-37.989936115215002 488.14874062213403 11.904910712842099  -37.989936115215002 488.64874062213403 11.904910712842099  

0 4
0.061423136907630599 1
0.12135654890745699 1
0.17908288559970201 1
0.23583094656470799 1
0.29149463448377999 1
0.34625591479353501 1
0.400407811521729 1
0.45425329830609101 1
0.50965945012896796 1
0.56847822251565305 1
0.63063508955860104 1
0.69637052906816599 1
0.76646638681270196 1
0.84015233423837599 1
0.91781825866366196 1
1 4

0 2
1 2

9 0 0 0 0 3 1 19 2 17 2 -37.989936115215002 488.14874062213403 11.904910712842099  -37.989936115215002 488.64874062213403 11.904910712842099  
-38.0898250194223 488.14874062213403 11.973903008665999  -38.0898250194223 488.64874062213403 11.973903008665999  
-38.281939571955697 488.14874062213403 12.106594663916701  -38.281939571955697 488.64874062213403 12.106594663916701  
-38.554910278567398 488.14874062213403 12.300812757628499  -38.554910278567398 488.64874062213403 12.300812757628499  
-38.8032543099918 488.14874062213403 12.477783267534701  -38.8032543099918 488.64874062213403 12.477783267534701  
-39.025373355668897 488.14874062213403 12.639834873131401  -39.025373355668897 488.64874062213403 12.639834873131401  
-39.220444150993202 488.14874062213403 12.7887964801841  -39.220444150993202 488.64874062213403 12.7887964801841  
-39.392535338627901 488.14874062213403 12.9193350651702  -39.392535338627901 488.64874062213403 12.9193350651702  
-39.537586700808902 488.14874062213403 13.0353895398604  -39.537586700808902 488.64874062213403 13.0353895398604  
-39.692270824661399 488.14874062213403 13.167076192924601  -39.692270824661399 488.64874062213403 13.167076192924601  
-39.853797323652003 488.14874062213403 13.3205091386542  -39.853797323652003 488.64874062213403 13.3205091386542  
-40.019110022082799 488.14874062213403 13.5008270485356  -40.019110022082799 488.64874062213403 13.5008270485356  
-40.152251473916998 488.14874062213403 13.678382383132  -40.152251473916998 488.64874062213403 13.678382383132  
-40.255138942625798 488.14874062213403 13.855894813806501  -40.255138942625798 488.64874062213403 13.855894813806501  
-40.329033950600703 488.14874062213403 14.0416793411857  -40.329033950600703 488.64874062213403 14.0416793411857  
-40.383006061436497 488.14874062213403 14.2409112424823  -40.383006061436497 488.64874062213403 14.2409112424823  
-40.412377722445001 488.14874062213403 14.459941665624999  -40.412377722445001 488.64874062213403 14.459941665624999  
-40.417022862306602 488.14874062213403 14.611892035859499  -40.417022862306602 488.64874062213403 14.611892035859499  
-40.4194330664345 488.14874062213403 14.690733883573801  -40.4194330664345 488.64874062213403 14.690733883573801  

0 4
0.094117563362147202 1
0.181014635352654 1
0.25972515726515299 1
0.33054119216379202 1
0.39416402987668803 1
0.45000889007670403 1
0.49799759811934702 1
0.53816322972876296 1
0.607477229205581 1
0.67057959466057104 1
0.727603929465932 1
0.779215356773026 1
0.82914315291103802 1
0.88217965014147004 1
0.938867052006082 1
1 4

0 2
1 2

1 -40.4194330664345 488.14874062213403 14.690733883573801 0 0 1 1 0 -0 -0 1 0 
1 -35.510896481068599 488.14874062213403 14.690733883573801 -1 0 0 0 0 1 0 1 -0 
1 -35.510896481068599 488.14874062213403 15.788294859183599 0 0 -1 0 -1 0 -1 -0 -0 
1 -41.730408676190599 488.14874062213403 15.788294859183599 1 0 0 -0 1 0 0 -0 1 
1 -47.582831954360898 488.14874062213403 8.0027877680178694 -2.7757066845886099e-14 1 -3.0142472428981798e-14 0 -3.0142472428981798e-14 -1 -1 -2.7757066845886099e-14 8.3666662211152651e-28 
1 -37.613824478994999 488.14874062213403 10.1167689932913 7.51733185393138e-14 -1 1.07254594177001e-13 -1 -7.51733185393138e-14 0 8.0626837728725277e-27 -1.07254594177001e-13 -1 
1 -65.885314149100196 488.14874062213403 1.2131152650802599 0 -1 0 0 0 -1 1 0 0 
1 -58.008761860256101 488.14874062213403 6.9574750702949197 0 -1 0 0 0 -1 1 0 0 
1 -52.0603896256806 488.14874062213403 -12.3063593539483 -0 1 0 1 0 0 0 0 -1 
1 -58.342483156145903 488.14874062213403 -5.7614219432637697 0 -1 0 0 0 -1 1 0 0 
1 -48.452993176595903 488.14874062213403 -15.7385816659274 0 -1 0 0 0 -1 1 0 0 
2 -89.769055381155695 496.14874062213403 71.911773809696996 1 0 -0 0 0 1 0 -1 0 2
5 -89.769055381155695 496.14874062213403 67.561773809696902 0 1 0 0 -0 1 1 0 -0 4.3499999999999899 2
2 -96.119055381155704 496.14874062213403 63.211773809697 -1 0 0 0 0 -1 -0 -1 -0 2
5 -96.119055381155704 496.14874062213403 67.561773809696902 0 1 0 0 -0 1 1 0 -0 4.3499999999999899 2
1 -89.769055381155695 498.14874062213403 67.561773809696902 -0 1 0 1 0 0 0 0 -1 
2 -75.809489098300702 381.64874062213403 113.87743460339099 0 1 0 0 0 -1 -1 0 0 40
2 -75.809489098300702 381.64874062213403 113.87743460339099 0 1 0 0 0 -1 -1 0 0 40
1 -111.92406311895699 366.64874062213403 40.919373626709799 -0 1 0 1 0 0 0 0 -1 
1 -9.8166013458256405 381.64874062213403 101.39406062481299 -0.73449433955241539 0 -0.67861481354702335 -0.67861481354702335 0 0.73449433955241539 0 1 0 
1 -111.92406311895699 381.64874062213403 40.919373626709799 -0 1 0 1 0 0 0 0 -1 
2 -92.944055381155707 381.64874062213403 94.911773809696996 0 1 0 0 0 -1 -1 0 0 12.5
2 -92.944055381155707 381.64874062213403 94.911773809696996 0 1 0 0 0 -1 -1 0 0 12.5
1 -101.824055381156 381.64874062213403 -75.388226190303001 0.90630778703664794 0 0.42261826174070394 0 -1 0 0.42261826174070394 0 -0.90630778703664794 
2 -111.92406311895699 381.64874062213403 40.919373626709799 0 1 0 0 0 -1 -1 0 0 40
1 -151.62249708222799 381.64874062213403 36.016890494274897 0.99246084908177579 0 0.12256207831087397 0 -1 0 0.12256207831087397 0 -0.99246084908177579 
2 -118.490409390834 381.64874062213403 94.091135122323294 0 1 0 0 0 -1 -1 0 0 40
1 -135.31398484448101 381.64874062213403 130.381179334965 0.42058938634116716 0 -0.90725110531603137 0 -1 0 -0.90725110531603137 -0 -0.42058938634116716 
2 -39.196374927922101 381.64874062213403 74.249468082931699 0 1 0 0 0 -1 -1 0 0 40
1 74.715944618844304 381.64874062213403 -75.388226190303001 -0.90630778703664794 0 -0.42261826174070394 -0.42261826174070394 0 0.90630778703664794 0 1 0 
1 -101.824055381156 381.64874062213403 -75.388226190303001 0 0 1 1 0 -0 -0 1 0 
2 -75.809489098300702 274.64874062213403 113.87743460339099 0 1 0 0 0 -1 -1 0 0 40
2 -75.809489098300702 274.64874062213403 113.87743460339099 0 1 0 0 0 -1 -1 0 0 40
1 -111.92406311895699 259.64874062213403 40.919373626709799 -0 1 0 1 0 0 0 0 -1 
1 -9.8166013458256405 274.64874062213403 101.39406062481299 -0.73449433955241539 0 -0.67861481354702335 -0.67861481354702335 0 0.73449433955241539 0 1 0 
1 -111.92406311895699 274.64874062213403 40.919373626709799 -0 1 0 1 0 0 0 0 -1 
2 -92.944055381155707 274.64874062213403 94.911773809696996 0 1 0 0 0 -1 -1 0 0 12.5
2 -92.944055381155707 274.64874062213403 94.911773809696996 0 1 0 0 0 -1 -1 0 0 12.5
1 -101.824055381156 274.64874062213403 -75.388226190303001 0.90630778703664794 0 0.42261826174070394 0 -1 0 0.42261826174070394 0 -0.90630778703664794 
2 -111.92406311895699 274.64874062213403 40.919373626709799 0 1 0 0 0 -1 -1 0 0 40
1 -151.62249708222799 274.64874062213403 36.016890494274897 0.99246084908177579 0 0.12256207831087397 0 -1 0 0.12256207831087397 0 -0.99246084908177579 
2 -118.490409390834 274.64874062213403 94.091135122323294 0 1 0 0 0 -1 -1 0 0 40
1 -135.31398484448101 274.64874062213403 130.381179334965 0.42058938634116716 0 -0.90725110531603137 0 -1 0 -0.90725110531603137 -0 -0.42058938634116716 
2 -39.196374927922101 274.64874062213403 74.249468082931699 0 1 0 0 0 -1 -1 0 0 40
1 74.715944618844304 274.64874062213403 -75.388226190303001 -0.90630778703664794 0 -0.42261826174070394 -0.42261826174070394 0 0.90630778703664794 0 1 0 
1 -101.824055381156 274.64874062213403 -75.388226190303001 0 0 1 1 0 -0 -0 1 0 
5 -12.9440553811557 374.14874062213403 -93.388226190303001 0 0 1 1 0 -0 -0 1 0 117 3
2 -12.9440553811557 374.14874062213403 -90.388226190303001 0 0 1 -1 0 0 0 -1 0 120
5 -12.9440553811557 374.14874062213403 -93.388226190303001 0 0 1 1 0 -0 -0 1 0 117 3
1 -12.9440553811557 374.14874062213403 -90.388226190303001 0 0 -1 0 -1 0 -1 -0 -0 
2 -12.9440553811557 374.14874062213403 -90.388226190303001 0 0 1 -1 0 0 0 -1 0 120
1 -12.9440553811557 374.14874062213403 -173.38822619030299 0 0 1 1 0 -0 -0 1 0 
2 -139.94405538115601 247.148740622134 -173.38822619030299 0 0 1 -1 0 0 0 -1 0 12.5
2 -139.94405538115601 247.148740622134 -173.38822619030299 0 0 1 -1 0 0 0 -1 0 12.5
1 -12.9440553811557 374.14874062213403 -191.38822619030299 0 0 1 1 0 -0 -0 1 0 
2 114.05594461884399 247.148740622134 -173.38822619030299 0 0 1 -1 0 0 0 -1 0 12.5
2 114.05594461884399 247.148740622134 -173.38822619030299 0 0 1 -1 0 0 0 -1 0 12.5
2 114.05594461884399 501.14874062213403 -173.38822619030299 0 0 1 -1 0 0 0 -1 0 12.5
2 114.05594461884399 501.14874062213403 -173.38822619030299 0 0 1 -1 0 0 0 -1 0 12.5
2 -139.94405538115601 501.14874062213403 -173.38822619030299 0 0 1 -1 0 0 0 -1 0 12.5
2 -139.94405538115601 501.14874062213403 -173.38822619030299 0 0 1 -1 0 0 0 -1 0 12.5
1 -166.544055381156 534.14874062213403 -173.38822619030299 0 -1 0 0 0 -1 1 0 0 
1 -172.94405538115601 527.74874062213405 -173.38822619030299 0.70710678118654757 -0.70710678118654757 0 0 0 -1 0.70710678118654757 0.70710678118654757 0 
1 -172.94405538115601 220.54874062213401 -173.38822619030299 1 0 0 -0 1 0 0 -0 1 
1 -172.94405538115601 220.54874062213401 -173.38822619030299 0.70710678118654757 0.70710678118654757 0 0 0 -1 -0.70710678118654757 0.70710678118654757 0 
1 -166.544055381156 214.148740622134 -173.38822619030299 -0 1 0 1 0 0 0 0 -1 
1 140.65594461884399 214.148740622134 -173.38822619030299 -0.70710678118654757 0.70710678118654757 0 0 0 1 0.70710678118654757 0.70710678118654757 -0 
1 147.05594461884399 220.54874062213401 -173.38822619030299 -1 0 0 0 0 1 0 1 -0 
1 140.65594461884399 534.14874062213403 -173.38822619030299 -0.70710678118654757 -0.70710678118654757 0 -0.70710678118654757 0.70710678118654757 0 -0 0 -1 
1 -141.544055381156 509.14874062213403 -75.388226190303001 0 -1 0 0 0 -1 1 0 0 
1 -147.94405538115601 502.74874062213399 -75.388226190303001 0.70710678118654757 -0.70710678118654757 0 0 0 -1 0.70710678118654757 0.70710678118654757 0 
1 -12.9440553811557 374.14874062213403 -75.388226190303001 0 0 -1 0 -1 0 -1 -0 -0 
1 115.655944618844 509.14874062213403 -75.388226190303001 -0.70710678118654757 -0.70710678118654757 0 -0.70710678118654757 0.70710678118654757 0 -0 0 -1 
1 -147.94405538115601 502.74874062213399 -75.388226190303001 1 1.07914368645525e-16 0 -1.07914368645525e-16 1 0 0 -0 1 
1 -147.94405538115601 245.54874062213401 -75.388226190303001 0.70710678118654757 0.70710678118654757 0 0 0 -1 -0.70710678118654757 0.70710678118654757 0 
1 -141.544055381156 239.148740622134 -75.388226190303001 -0 1 0 1 0 0 0 0 -1 
1 115.655944618844 239.148740622134 -75.388226190303001 -0.70710678118654757 0.70710678118654757 0 0 0 1 0.70710678118654757 0.70710678118654757 -0 
1 122.05594461884399 502.74874062213399 -75.388226190303001 -1 -2.1582873729104899e-16 0 -2.1582873729104899e-16 1 0 -0 0 -1 
3 -92.944055381155806 319.76874062213398 94.911773809697095 4.4832633749368201e-16 -1 -6.5048653129000696e-16 0.79023147839913599 -4.4342066015836915e-17 0.61280846154986801 -0.61280846154986801 -7.8877310645181826e-16 0.79023147839913599 152.40000000000001
0.085469676659670105
3 -92.944055381155806 319.928740622134 94.911773809697095 -4.8430620880693196e-16 1 6.2258487185358199e-16 0.79023147839913599 1.1887338785671765e-18 0.61280846154986801 0.61280846154986801 7.8877310645181786e-16 -0.79023147839913599 152.40000000000001
0.085469676659670105
3 -92.944055381155806 319.76874062213398 94.911773809697095 4.4832633749368201e-16 -1 -6.5048653129000696e-16 0.79023147839913599 -4.4342066015836915e-17 0.61280846154986801 -0.61280846154986801 -7.8877310645181826e-16 0.79023147839913599 152.40000000000001
0.085469676659670105
1 -9.6989177093822097 319.76874062213398 -12.4348643968515 -4.3332561260138498e-16 1 6.6211928877266696e-16 0.79023147839913599 -6.3324763241067118e-17 0.61280846154986801 0.61280846154986801 7.8877310645181786e-16 -0.79023147839913599 
3 -92.944055381155806 319.928740622134 94.911773809697095 -4.8430620880693196e-16 1 6.2258487185358199e-16 0.79023147839913599 1.1887338785671765e-18 0.61280846154986801 0.61280846154986801 7.8877310645181786e-16 -0.79023147839913599 152.40000000000001
0.085469676659670105
1 -9.6989177093822097 319.928740622134 -12.4348643968515 4.8430620880693196e-16 -1 -6.2258487185358199e-16 -0.79023147839913599 -1.1887338785671765e-18 -0.61280846154986801 0.61280846154986801 7.8877310645181786e-16 -0.79023147839913599 
5 -92.944055381155906 352.868740622134 94.911773809697095 -4.3332561260138498e-16 1 6.6211928877266696e-16 -0.79023147839913599 6.3324763241067118e-17 -0.61280846154986801 -0.61280846154986801 -7.8877310645181786e-16 0.79023147839913599 144.54572630684299 5
3 -92.944055381155806 319.76874062213398 94.911773809697095 4.4832633749368201e-16 -1 -6.5048653129000696e-16 0.79023147839913599 -4.4342066015836915e-17 0.61280846154986801 -0.61280846154986801 -7.8877310645181826e-16 0.79023147839913599 152.40000000000001
0.085469676659670105
5 -92.944055381155906 352.868740622134 94.911773809697095 -4.3332561260138498e-16 1 6.6211928877266696e-16 -0.79023147839913599 6.3324763241067118e-17 -0.61280846154986801 -0.61280846154986801 -7.8877310645181786e-16 0.79023147839913599 144.54572630684299 5
1 1.88372202674046 357.868740622134 168.448789195681 4.5881591070415803e-16 -1 -6.4235208031312403e-16 0.61280846154986801 7.8877310645181727e-16 -0.79023147839913599 0.79023147839913599 -3.1068014681250045e-17 0.61280846154986801 
3 -92.944055381155806 319.76874062213398 94.911773809697095 4.4832633749368201e-16 -1 -6.5048653129000696e-16 0.79023147839913599 -4.4342066015836915e-17 0.61280846154986801 -0.61280846154986801 -7.8877310645181826e-16 0.79023147839913599 152.40000000000001
0.085469676659670105
3 -92.944055381155906 334.89718319465698 94.911773809697095 4.8430620880693196e-16 -1 -6.2258487185358199e-16 0.79023147839913599 1.1887338785671765e-18 0.61280846154986801 -0.61280846154986801 -7.8877310645181786e-16 0.79023147839913599 52.787964808451498
0.087266462599721401
1 -81.090583205168798 361.04874062213401 104.10390073294499 4.5881591070415803e-16 -1 -6.4235208031312403e-16 0.61280846154986801 7.8877310645181727e-16 -0.79023147839913599 0.79023147839913599 -3.1068014681250045e-17 0.61280846154986801 
3 -92.944055381155906 334.89718319465698 94.911773809697095 4.8430620880693196e-16 -1 -6.2258487185358199e-16 0.79023147839913599 1.1887338785671765e-18 0.61280846154986801 -0.61280846154986801 -7.8877310645181786e-16 0.79023147839913599 52.787964808451498
0.087266462599721401
5 -92.944055381155906 335.76874062213398 94.911773809697095 -4.5881591070415803e-16 1 6.4235208031312502e-16 -0.79023147839913599 3.1068014681250636e-17 -0.61280846154986801 -0.61280846154986801 -7.8877310645181806e-16 0.79023147839913599 62.749911789368902 9.9999999999999805
5 -92.944055381155906 335.76874062213398 94.911773809697095 -4.5881591070415803e-16 1 6.4235208031312502e-16 -0.79023147839913599 3.1068014681250636e-17 -0.61280846154986801 -0.61280846154986801 -7.8877310645181806e-16 0.79023147839913599 62.749911789368902 9.9999999999999805
1 -43.3570998184274 325.76874062213398 133.36545071572999 4.5881591070415803e-16 -1 -6.4235208031312403e-16 0.61280846154986801 7.8877310645181727e-16 -0.79023147839913599 0.79023147839913599 -3.1068014681250045e-17 0.61280846154986801 
5 -92.944055381155906 335.76874062213398 94.911773809697095 -4.5881591070415803e-16 1 6.4235208031312502e-16 -0.79023147839913599 3.1068014681250636e-17 -0.61280846154986801 -0.61280846154986801 -7.8877310645181806e-16 0.79023147839913599 108.028302160644 9.9999999999999805
5 -92.944055381155906 335.76874062213398 94.911773809697095 -4.5881591070415803e-16 1 6.4235208031312502e-16 -0.79023147839913599 3.1068014681250636e-17 -0.61280846154986801 -0.61280846154986801 -7.8877310645181806e-16 0.79023147839913599 108.028302160644 9.9999999999999805
3 -92.944055381155906 357.868740622134 94.911773809697095 -4.8430620880693196e-16 1 6.2258487185358199e-16 -0.79023147839913599 -1.1887338785671765e-18 -0.61280846154986801 -0.61280846154986801 -7.8877310645181786e-16 0.79023147839913599 120
0.087266462599721401
3 -92.944055381155906 357.868740622134 94.911773809697095 -4.8430620880693196e-16 1 6.2258487185358199e-16 -0.79023147839913599 -1.1887338785671765e-18 -0.61280846154986801 -0.61280846154986801 -7.8877310645181786e-16 0.79023147839913599 120
0.087266462599721401
5 -92.944055381155806 286.82874062213398 94.911773809697095 4.8430620880693196e-16 -1 -6.2258487185358199e-16 -0.79023147839913599 -1.1887338785671765e-18 -0.61280846154986801 0.61280846154986801 7.8877310645181786e-16 -0.79023147839913599 144.54572630684299 5
3 -92.944055381155806 319.928740622134 94.911773809697095 -4.8430620880693196e-16 1 6.2258487185358199e-16 0.79023147839913599 1.1887338785671765e-18 0.61280846154986801 0.61280846154986801 7.8877310645181786e-16 -0.79023147839913599 152.40000000000001
0.085469676659670105
5 -92.944055381155806 286.82874062213398 94.911773809697095 4.8430620880693196e-16 -1 -6.2258487185358199e-16 -0.79023147839913599 -1.1887338785671765e-18 -0.61280846154986801 0.61280846154986801 7.8877310645181786e-16 -0.79023147839913599 144.54572630684299 5
1 1.8837220267404899 281.82874062213398 168.448789195681 -4.5881591070415803e-16 1 6.4235208031312403e-16 0.79023147839913599 -3.1068014681250045e-17 0.61280846154986801 0.61280846154986801 7.8877310645181727e-16 -0.79023147839913599 
2 -92.944055381155806 278.42548147794298 94.911773809697095 -4.5881591070415803e-16 1 6.4235208031312502e-16 -0.79023147839913599 3.1068014681250636e-17 -0.61280846154986801 -0.61280846154986801 -7.8877310645181806e-16 0.79023147839913599 15
2 -92.944055381155806 278.42548147794298 94.911773809697095 -4.5881591070415803e-16 1 6.4235208031312502e-16 -0.79023147839913599 3.1068014681250636e-17 -0.61280846154986801 -0.61280846154986801 -7.8877310645181806e-16 0.79023147839913599 15
1 -81.090583205168798 278.64874062213403 104.10390073294499 -4.5881591070415803e-16 1 6.4235208031312403e-16 0.79023147839913599 -3.1068014681250045e-17 0.61280846154986801 0.61280846154986801 7.8877310645181727e-16 -0.79023147839913599 
3 -92.944055381155806 304.80029804960998 94.911773809697095 -4.8430620880693196e-16 1 6.2258487185358199e-16 0.79023147839913599 1.1887338785671765e-18 0.61280846154986801 0.61280846154986801 7.8877310645181786e-16 -0.79023147839913599 52.787964808451498
0.087266462599721401
3 -92.944055381155806 304.80029804960998 94.911773809697095 -4.8430620880693196e-16 1 6.2258487185358199e-16 0.79023147839913599 1.1887338785671765e-18 0.61280846154986801 0.61280846154986801 7.8877310645181786e-16 -0.79023147839913599 52.787964808451498
0.087266462599721401
5 -92.944055381155806 303.928740622134 94.911773809697095 4.5881591070415803e-16 -1 -6.4235208031312502e-16 -0.79023147839913599 3.1068014681250636e-17 -0.61280846154986801 0.61280846154986801 7.8877310645181806e-16 -0.79023147839913599 62.749911789368902 9.9999999999999805
5 -92.944055381155806 303.928740622134 94.911773809697095 4.5881591070415803e-16 -1 -6.4235208031312502e-16 -0.79023147839913599 3.1068014681250636e-17 -0.61280846154986801 0.61280846154986801 7.8877310645181806e-16 -0.79023147839913599 62.749911789368902 9.9999999999999805
1 -43.3570998184274 313.928740622134 133.36545071572999 -4.5881591070415803e-16 1 6.4235208031312403e-16 0.79023147839913599 -3.1068014681250045e-17 0.61280846154986801 0.61280846154986801 7.8877310645181727e-16 -0.79023147839913599 
5 -92.944055381155806 303.928740622134 94.911773809697095 4.5881591070415803e-16 -1 -6.4235208031312502e-16 -0.79023147839913599 3.1068014681250636e-17 -0.61280846154986801 0.61280846154986801 7.8877310645181806e-16 -0.79023147839913599 108.028302160644 9.9999999999999805
5 -92.944055381155806 303.928740622134 94.911773809697095 4.5881591070415803e-16 -1 -6.4235208031312502e-16 -0.79023147839913599 3.1068014681250636e-17 -0.61280846154986801 0.61280846154986801 7.8877310645181806e-16 -0.79023147839913599 108.028302160644 9.9999999999999805
3 -92.944055381155806 281.82874062213398 94.911773809697095 4.5860308823752897e-16 -1 -6.4251711981347804e-16 -0.79023147839913599 3.1337331295997759e-17 -0.61280846154986801 0.61280846154986801 7.8877310645181806e-16 -0.79023147839913599 120
0.087266462599721401
3 -92.944055381155806 281.82874062213398 94.911773809697095 4.5860308823752897e-16 -1 -6.4251711981347804e-16 -0.79023147839913599 3.1337331295997759e-17 -0.61280846154986801 0.61280846154986801 7.8877310645181806e-16 -0.79023147839913599 120
0.087266462599721401
3 -92.944055381155806 319.928740622134 94.911773809697095 -4.8430620880693196e-16 1 6.2258487185358199e-16 0.79023147839913599 1.1887338785671765e-18 0.61280846154986801 0.61280846154986801 7.8877310645181786e-16 -0.79023147839913599 152.40000000000001
0.085469676659670105
3 -92.944055381155593 426.76874062213398 94.911773809696896 5.5629713414707798e-16 -1 -3.8161290630026698e-16 0.56564757293800316 -2.7848966842149995e-20 0.82464709011148918 -0.82464709011148918 -6.7460722716231225e-16 0.56564757293800316 152.40000000000001
0.085469676659670105
3 -92.944055381155593 426.928740622134 94.911773809696896 -5.8205152060127401e-16 1 3.4406606465689802e-16 0.56564757293800316 4.5502950927562336e-17 0.82464709011148918 0.82464709011148918 6.7460722716231255e-16 -0.56564757293800316 152.40000000000001
0.085469676659670105
3 -92.944055381155593 426.76874062213398 94.911773809696896 5.5629713414707798e-16 -1 -3.8161290630026698e-16 0.56564757293800316 -2.7848966842149995e-20 0.82464709011148918 -0.82464709011148918 -6.7460722716231225e-16 0.56564757293800316 152.40000000000001
0.085469676659670105
1 19.077668949052899 426.76874062213398 18.073066387415501 -5.4555961753380999e-16 1 3.97266932329521e-16 0.56564757293800316 -1.9010546192072502e-17 0.82464709011148918 0.82464709011148918 6.7460722716231294e-16 -0.56564757293800316 
3 -92.944055381155593 426.928740622134 94.911773809696896 -5.8205152060127401e-16 1 3.4406606465689802e-16 0.56564757293800316 4.5502950927562336e-17 0.82464709011148918 0.82464709011148918 6.7460722716231255e-16 -0.56564757293800316 152.40000000000001
0.085469676659670105
1 19.077668949052899 426.928740622134 18.073066387415501 5.8205152060127401e-16 -1 -3.4406606465689802e-16 -0.56564757293800316 -4.5502950927562336e-17 -0.82464709011148918 0.82464709011148918 6.7460722716231255e-16 -0.56564757293800316 
5 -92.944055381155593 459.868740622134 94.911773809696896 -5.4555961753380999e-16 1 3.97266932329521e-16 -0.56564757293800316 1.9010546192072502e-17 -0.82464709011148918 -0.82464709011148918 -6.7460722716231294e-16 0.56564757293800316 144.54572630684299 5
3 -92.944055381155593 426.76874062213398 94.911773809696896 5.5629713414707798e-16 -1 -3.8161290630026698e-16 0.56564757293800316 -2.7848966842149995e-20 0.82464709011148918 -0.82464709011148918 -6.7460722716231225e-16 0.56564757293800316 152.40000000000001
0.085469676659670105
5 -92.944055381155593 459.868740622134 94.911773809696896 -5.4555961753380999e-16 1 3.97266932329521e-16 -0.56564757293800316 1.9010546192072502e-17 -0.82464709011148918 -0.82464709011148918 -6.7460722716231294e-16 0.56564757293800316 144.54572630684299 5
1 -25.066346628595198 464.868740622134 193.86942462307599 5.6380556906754205e-16 -1 -3.7066649849321e-16 0.82464709011148918 6.7460722716231294e-16 -0.56564757293800316 0.56564757293800316 1.3246202367744523e-17 0.82464709011148918 
3 -92.944055381155593 426.76874062213398 94.911773809696896 5.5629713414707798e-16 -1 -3.8161290630026698e-16 0.56564757293800316 -2.7848966842149995e-20 0.82464709011148918 -0.82464709011148918 -6.7460722716231225e-16 0.56564757293800316 152.40000000000001
0.085469676659670105
3 -92.944055381155593 441.89718319465698 94.911773809696896 5.8205152060127401e-16 -1 -3.4406606465689802e-16 0.56564757293800316 4.5502950927562336e-17 0.82464709011148918 -0.82464709011148918 -6.7460722716231255e-16 0.56564757293800316 52.787964808451498
0.087266462599721401
1 -84.459341787085506 468.04874062213401 107.281480161369 5.6380556906754205e-16 -1 -3.7066649849321e-16 0.82464709011148918 6.7460722716231294e-16 -0.56564757293800316 0.56564757293800316 1.3246202367744523e-17 0.82464709011148918 
3 -92.944055381155593 441.89718319465698 94.911773809696896 5.8205152060127401e-16 -1 -3.4406606465689802e-16 0.56564757293800316 4.5502950927562336e-17 0.82464709011148918 -0.82464709011148918 -6.7460722716231255e-16 0.56564757293800316 52.787964808451498
0.087266462599721401
5 -92.944055381155593 442.76874062213398 94.911773809696896 -5.6380556906754205e-16 1 3.7066649849321e-16 -0.56564757293800316 -1.3246202367744523e-17 -0.82464709011148918 -0.82464709011148918 -6.7460722716231294e-16 0.56564757293800316 62.749911789369001 9.9999999999999805
5 -92.944055381155593 442.76874062213398 94.911773809696896 -5.6380556906754205e-16 1 3.7066649849321e-16 -0.56564757293800316 -1.3246202367744523e-17 -0.82464709011148918 -0.82464709011148918 -6.7460722716231294e-16 0.56564757293800316 62.749911789369001 9.9999999999999805
1 -57.449720075425198 432.76874062213398 146.65830597155301 5.6380556906754205e-16 -1 -3.7066649849321e-16 0.82464709011148918 6.7460722716231294e-16 -0.56564757293800316 0.56564757293800316 1.3246202367744523e-17 0.82464709011148918 
5 -92.944055381155593 442.76874062213398 94.911773809696896 -5.6380556906754205e-16 1 3.7066649849321e-16 -0.56564757293800316 -1.3246202367744523e-17 -0.82464709011148918 -0.82464709011148918 -6.7460722716231294e-16 0.56564757293800316 108.028302160644 9.9999999999999805
5 -92.944055381155593 442.76874062213398 94.911773809696896 -5.6380556906754205e-16 1 3.7066649849321e-16 -0.56564757293800316 -1.3246202367744523e-17 -0.82464709011148918 -0.82464709011148918 -6.7460722716231294e-16 0.56564757293800316 108.028302160644 9.9999999999999805
3 -92.944055381155593 464.868740622134 94.911773809696896 -5.8205152060127401e-16 1 3.4406606465689802e-16 -0.56564757293800316 -4.5502950927562336e-17 -0.82464709011148918 -0.82464709011148918 -6.7460722716231255e-16 0.56564757293800316 120
0.087266462599721401
3 -92.944055381155593 464.868740622134 94.911773809696896 -5.8205152060127401e-16 1 3.4406606465689802e-16 -0.56564757293800316 -4.5502950927562336e-17 -0.82464709011148918 -0.82464709011148918 -6.7460722716231255e-16 0.56564757293800316 120
0.087266462599721401
5 -92.944055381155493 393.82874062213398 94.911773809696896 5.8205152060127401e-16 -1 -3.4406606465689802e-16 -0.56564757293800316 -4.5502950927562336e-17 -0.82464709011148918 0.82464709011148918 6.7460722716231255e-16 -0.56564757293800316 144.54572630684299 5
3 -92.944055381155593 426.928740622134 94.911773809696896 -5.8205152060127401e-16 1 3.4406606465689802e-16 0.56564757293800316 4.5502950927562336e-17 0.82464709011148918 0.82464709011148918 6.7460722716231255e-16 -0.56564757293800316 152.40000000000001
0.085469676659670105
5 -92.944055381155493 393.82874062213398 94.911773809696896 5.8205152060127401e-16 -1 -3.4406606465689802e-16 -0.56564757293800316 -4.5502950927562336e-17 -0.82464709011148918 0.82464709011148918 6.7460722716231255e-16 -0.56564757293800316 144.54572630684299 5
1 -25.066346628595198 388.82874062213398 193.86942462307599 -5.6380556906754205e-16 1 3.7066649849321e-16 0.56564757293800316 1.3246202367744523e-17 0.82464709011148918 0.82464709011148918 6.7460722716231294e-16 -0.56564757293800316 
2 -92.944055381155493 385.42548147794298 94.911773809696896 -5.6380556906754205e-16 1 3.7066649849321e-16 -0.56564757293800316 -1.3246202367744523e-17 -0.82464709011148918 -0.82464709011148918 -6.7460722716231294e-16 0.56564757293800316 15
2 -92.944055381155493 385.42548147794298 94.911773809696896 -5.6380556906754205e-16 1 3.7066649849321e-16 -0.56564757293800316 -1.3246202367744523e-17 -0.82464709011148918 -0.82464709011148918 -6.7460722716231294e-16 0.56564757293800316 15
1 -84.459341787085506 385.64874062213403 107.281480161369 -5.6380556906754205e-16 1 3.7066649849321e-16 0.56564757293800316 1.3246202367744523e-17 0.82464709011148918 0.82464709011148918 6.7460722716231294e-16 -0.56564757293800316 
3 -92.944055381155593 411.80029804960998 94.911773809696896 -5.8205152060127401e-16 1 3.4406606465689802e-16 0.56564757293800316 4.5502950927562336e-17 0.82464709011148918 0.82464709011148918 6.7460722716231255e-16 -0.56564757293800316 52.787964808451498
0.087266462599721401
3 -92.944055381155593 411.80029804960998 94.911773809696896 -5.8205152060127401e-16 1 3.4406606465689802e-16 0.56564757293800316 4.5502950927562336e-17 0.82464709011148918 0.82464709011148918 6.7460722716231255e-16 -0.56564757293800316 52.787964808451498
0.087266462599721401
5 -92.944055381155593 410.928740622134 94.911773809696896 5.6380556906754205e-16 -1 -3.7066649849321e-16 -0.56564757293800316 -1.3246202367744523e-17 -0.82464709011148918 0.82464709011148918 6.7460722716231294e-16 -0.56564757293800316 62.749911789369001 9.9999999999999805
5 -92.944055381155593 410.928740622134 94.911773809696896 5.6380556906754205e-16 -1 -3.7066649849321e-16 -0.56564757293800316 -1.3246202367744523e-17 -0.82464709011148918 0.82464709011148918 6.7460722716231294e-16 -0.56564757293800316 62.749911789369001 9.9999999999999805
1 -57.449720075425198 420.928740622134 146.65830597155301 -5.6380556906754205e-16 1 3.7066649849321e-16 0.56564757293800316 1.3246202367744523e-17 0.82464709011148918 0.82464709011148918 6.7460722716231294e-16 -0.56564757293800316 
5 -92.944055381155593 410.928740622134 94.911773809696896 5.6380556906754205e-16 -1 -3.7066649849321e-16 -0.56564757293800316 -1.3246202367744523e-17 -0.82464709011148918 0.82464709011148918 6.7460722716231294e-16 -0.56564757293800316 108.028302160644 9.9999999999999805
5 -92.944055381155593 410.928740622134 94.911773809696896 5.6380556906754205e-16 -1 -3.7066649849321e-16 -0.56564757293800316 -1.3246202367744523e-17 -0.82464709011148918 0.82464709011148918 6.7460722716231294e-16 -0.56564757293800316 108.028302160644 9.9999999999999805
3 -92.944055381155493 388.82874062213398 94.911773809696896 5.6365323077805796e-16 -1 -3.7088858965587999e-16 -0.56564757293800316 -1.2976885752997055e-17 -0.82464709011148918 0.82464709011148918 6.7460722716231274e-16 -0.56564757293800316 120
0.087266462599721401
3 -92.944055381155493 388.82874062213398 94.911773809696896 5.6365323077805796e-16 -1 -3.7088858965587999e-16 -0.56564757293800316 -1.2976885752997055e-17 -0.82464709011148918 0.82464709011148918 6.7460722716231274e-16 -0.56564757293800316 120
0.087266462599721401
3 -92.944055381155593 426.928740622134 94.911773809696896 -5.8205152060127401e-16 1 3.4406606465689802e-16 0.56564757293800316 4.5502950927562336e-17 0.82464709011148918 0.82464709011148918 6.7460722716231255e-16 -0.56564757293800316 152.40000000000001
0.085469676659670105
5 -92.944055381155707 487.84874062213402 94.911773809696996 0 -1 0 0 0 -1 1 0 0 12.800000000000001 0.80000000000000004
5 -92.944055381155707 487.84874062213402 94.911773809696996 0 -1 0 0 0 -1 1 0 0 12.800000000000001 0.80000000000000004
1 -72.159445690329207 488.64874062213403 94.911773809696996 0 -1 0 1 0 0 -0 0 1 
2 -92.944055381155707 503.64874062213403 94.911773809696996 0 -1 0 0 0 1 -1 0 0 12
3 -92.944055381155707 231.04874062213401 94.911773809696996 -0 1 -0 0 0 1 1 0 -0 12
0.78539816339743695
1 -92.944055381155707 228.648740622134 94.911773809696996 0 1 0 0 -0 1 1 0 -0 
3 -92.944055381155707 231.04874062213401 94.911773809696996 -0 1 -0 0 0 1 1 0 -0 12
0.78539816339743695
2 -92.944055381155707 503.64874062213403 94.911773809696996 0 -1 0 0 0 1 -1 0 0 12
2 -92.944055381155707 503.64874062213403 94.911773809696996 0 -1 0 0 0 1 -1 0 0 18
2 -92.944055381155707 503.64874062213403 94.911773809696996 0 -1 0 0 0 1 -1 0 0 18
1 -74.944055381155707 489.44874062213398 94.911773809696996 0 -1 0 1 0 0 -0 0 1 
1 -74.944055381155707 489.44874062213398 94.911773809696996 0 -1 0 1 0 0 -0 0 1 
1 -74.944055381155707 489.44874062213398 94.911773809696996 0 -1 0 1 0 0 -0 0 1 
1 -82.551750535742499 488.64874062213403 76.911773809696996 -0.86602540378443804 0 0.500000000000001 0 1 0 -0.500000000000001 0 -0.86602540378443804 
3 -92.944055381155707 493.14318712266902 94.911773809696996 -0 1 -0 0 0 1 1 0 -0 25.7846096908265
1.0471975511966001
1 -82.551750535742499 488.64874062213403 76.911773809696996 -1.6692384430412899e-16 0 1 -1 0 -1.6692384430412899e-16 -0 -1 0 
3 -92.944055381155707 503.64874062213403 94.911773809696996 -0 -1 -0 0 0 -1 1 -0 0 18
1.0471975511966001
3 -92.944055381155707 503.64874062213403 94.911773809696996 -0 -1 -0 0 0 -1 1 -0 0 18
1.0471975511966001
1 -72.159445690329207 488.64874062213403 94.911773809696996 -0.86602540378443804 -0 -0.500000000000001 0.500000000000001 0 -0.86602540378443804 0 -1 0 
3 -92.944055381155707 493.14318712266902 94.911773809696996 -0 1 -0 0 0 1 1 0 -0 25.7846096908265
1.0471975511966001
3 -92.944055381155707 503.64874062213403 94.911773809696996 -0 -1 -0 0 0 -1 1 -0 0 18
1.0471975511966001
1 -82.551750535742499 488.64874062213403 112.911773809697 0 0 -1 -1 0 0 0 1 0 
3 -92.944055381155707 493.14318712266902 94.911773809696996 -0 1 -0 0 0 1 1 0 -0 25.7846096908265
1.0471975511966001
3 -92.944055381155707 503.64874062213403 94.911773809696996 -0 -1 -0 0 0 -1 1 -0 0 18
1.0471975511966001
1 -113.72866507198199 488.64874062213403 94.911773809696996 0.86602540378443804 0 -0.500000000000001 0 1 0 0.500000000000001 -0 0.86602540378443804 
3 -92.944055381155707 493.14318712266902 94.911773809696996 -0 1 -0 0 0 1 1 0 -0 25.7846096908265
1.0471975511966001
1 -74.944055381155707 489.44874062213398 94.911773809696996 0 -1 0 1 0 0 -0 0 1 
3 -92.944055381155707 503.64874062213403 94.911773809696996 -0 -1 -0 0 0 -1 1 -0 0 18
1.0471975511966001
1 -103.336360226569 488.64874062213403 76.911773809696996 0.86602540378443804 0 0.500000000000001 0 -1 0 0.500000000000001 0 -0.86602540378443804 
3 -92.944055381155707 493.14318712266902 94.911773809696996 -0 1 -0 0 0 1 1 0 -0 25.7846096908265
1.0471975511966001
1 -74.944055381155707 489.44874062213398 94.911773809696996 0 -1 0 1 0 0 -0 0 1 
3 -92.944055381155707 503.64874062213403 94.911773809696996 -0 -1 -0 0 0 -1 1 -0 0 18
1.0471975511966001
3 -92.944055381155707 493.14318712266902 94.911773809696996 -0 1 -0 0 0 1 1 0 -0 25.7846096908265
1.0471975511966001
1 -74.944055381155707 489.44874062213398 94.911773809696996 0 -1 0 1 0 0 -0 0 1 
1 -72.159445690329207 503.64874062213403 94.911773809696996 0 -1 0 1 0 0 -0 0 1 
3 -92.944055381155707 238.924555046357 94.911773809696996 0 -1 -0 1 0 0 0 -0 1 10.9175
1.0471975511966001
3 -92.944055381155707 238.924555046357 94.911773809696996 0 -1 -0 1 0 0 0 -0 1 10.9175
1.0471975511966001
1 -82.551750535742499 238.148740622134 76.911773809696996 0 -1 0 1 0 0 -0 0 1 
2 -92.944055381155707 259.64874062213403 94.911773809696996 -0 1 0 1 0 0 0 0 -1 10.9175
3 -92.944055381155707 259.64874062213403 94.911773809696996 -0 1 -0 -1 0 0 0 0 1 11.693314424223599
0.52359877559829704
3 -92.944055381155707 259.64874062213403 94.911773809696996 -0 1 -0 -1 0 0 0 0 1 11.693314424223599
0.52359877559829704
1 -82.551750535742499 259.64874062213403 76.911773809696996 0 -1 0 1 0 0 -0 0 1 
3 -92.944055381155707 238.148740622134 94.911773809696996 8.2286408558215596e-17 1 -0 -1 8.2286408558215596e-17 0 0 0 1 17.625
1.0471975511966001
3 -92.944055381155707 238.148740622134 94.911773809696996 8.2286408558215596e-17 1 -0 -1 8.2286408558215596e-17 0 0 0 1 17.625
1.0471975511966001
1 -72.159445690329207 259.64874062213403 94.911773809696996 0.86602540378443882 -0 0.49999999999999989 0 1 0 -0.49999999999999989 0 0.86602540378443882 
1 -82.551750535742499 259.64874062213403 112.911773809697 0 0 1 1 0 -0 -0 1 0 
1 -103.336360226569 259.64874062213403 112.911773809697 -0.86602540378443882 0 0.49999999999999989 0 -1 0 0.49999999999999989 0 0.86602540378443882 
3 -92.944055381155707 257.82453911660099 94.911773809696996 0 -1 -0 1 0 0 0 -0 1 20.7846096908265
1.0471975511966001
3 -92.944055381155707 257.82453911660099 94.911773809696996 0 -1 -0 1 0 0 0 -0 1 20.7846096908265
1.0471975511966001
2 -92.944055381155707 259.64874062213403 94.911773809696996 -0 1 0 1 0 0 0 0 -1 10.9175
1 -103.336360226569 259.64874062213403 76.911773809696996 0 0 -1 0 1 0 1 -0 0 
1 -113.72866507198199 259.64874062213403 94.911773809696996 -0.86602540378443849 0 -0.50000000000000033 -0.50000000000000033 0 0.86602540378443849 0 1 0 
1 -82.551750535742499 259.64874062213403 76.911773809696996 0.86602540378443882 0 -0.49999999999999989 0 1 0 0.49999999999999989 -0 0.86602540378443882 
Triangulations 0

TShapes 1873
Ve
1e-07
-75.8094890983007 473.648740622134 153.877434603391
0 0

0101101
*
Ve
1e-07
-75.8094890983007 488.648740622134 153.877434603391
0 0

0101101
*
Ed
 1e-07 1 1 0
1  1 0 -7.5 7.5
2  1 1 0 -7.5 7.5
2  2 2 0 -7.5 7.5
4 CN 1 0 2 0
0

0101000
+1873 0 -1872 0 *
Ve
1e-07
-46.4297155162039 473.648740622134 141.022027145272
0 0

0101101
*
Ed
 1e-07 1 1 0
1  2 0 3.14159265358979 3.96651389761365
2  3 1 0 3.14159265358979 3.96651389761365
4 C0 1 0 3 0
0

0101000
+1873 0 -1870 0 *
Ve
1e-07
-46.4297155162039 488.648740622134 141.022027145272
0 0

0101101
*
Ed
 1e-07 1 1 0
1  3 0 -0 15
2  4 1 0 -0 15
4 G1 1 0 4 0
0

0101000
+1868 0 -1870 0 *
Ed
 1e-07 1 1 0
1  4 0 3.14159265358979 3.96651389761365
2  5 1 0 3.14159265358979 3.96651389761365
4 C0 1 0 5 0
0

0101000
+1872 0 -1868 0 *
Wi

0101100
-1871 0 +1869 0 -1867 0 -1866 0 *
Fa
0  1e-07 1 0

0111000
+1865 0 *
Ve
1e-07
-92.9440553811557 488.648740622134 82.411773809697
0 0

0101101
*
Ve
1e-07
-92.9440553811557 473.648740622134 82.411773809697
0 0

0101101
*
Ed
 1e-07 1 1 0
1  5 0 -0 15
2  6 6 0 -0 15
2  7 7 0 -0 15
4 CN 6 0 7 0
0

0101000
+1863 0 -1862 0 *
Ve
1e-07
-92.9440553811557 473.648740622134 107.411773809697
0 0

0101101
*
Ed
 1e-07 1 1 0
1  6 0 3.14159265358979 6.28318530717959
2  8 6 0 3.14159265358979 6.28318530717959
4 C0 6 0 3 0
0

0101000
+1862 0 -1860 0 *
Ve
1e-07
-92.9440553811557 488.648740622134 107.411773809697
0 0

0101101
*
Ed
 1e-07 1 1 0
1  7 0 -0 15
2  9 6 0 -0 15
2  10 7 0 -0 15
4 CN 6 0 7 0
0

0101000
+1858 0 -1860 0 *
Ed
 1e-07 1 1 0
1  8 0 3.14159265358979 6.28318530717959
2  11 6 0 3.14159265358979 6.28318530717959
4 C0 6 0 5 0
0

0101000
+1863 0 -1858 0 *
Wi

0101100
+1861 0 +1859 0 -1857 0 -1856 0 *
Fa
0  1e-07 6 0

0111000
+1855 0 *
Ve
1e-07
-101.824055381156 488.648740622134 -75.388226190303
0 0

0101101
*
Ve
1e-07
-148.176374600423 488.648740622134 24.0146431570817
0 0

0101101
*
Ed
 1e-07 1 1 0
1  9 0 0 109.678931119418
4 C0 5 0 8 0
0

0101000
+1853 0 -1852 0 *
Ve
1e-07
-151.622497082228 488.648740622134 36.0168904942749
0 0

0101101
*
Ed
 1e-07 1 1 0
1  10 0 4.2760566673861 4.58951796555671
2  12 9 0 4.2760566673861 4.58951796555671
4 C0 5 0 9 0
0

0101000
+1852 0 -1850 0 *
Ve
1e-07
-158.188843354105 488.648740622134 89.1886519898883
0 0

0101101
*
Ed
 1e-07 1 1 0
1  11 0 0 53.5756766071002
4 C0 5 0 10 0
0

0101000
+1850 0 -1848 0 *
Ve
1e-07
-135.313984844481 488.648740622134 130.381179334965
0 0

0101101
*
Ed
 1e-07 1 1 0
1  12 0 4.58951796555671 5.84909044515287
2  13 11 0 4.58951796555671 5.84909044515287
4 C0 5 0 11 0
0

0101000
+1848 0 -1846 0 *
Ve
1e-07
-92.6330645519476 488.648740622134 150.167478816032
0 0

0101101
*
Ed
 1e-07 1 1 0
1  13 0 0 47.0442196680109
4 C0 5 0 12 0
0

0101000
+1846 0 -1844 0 *
Ed
 1e-07 1 1 0
1  14 0 2.70749779156308 3.14159265358979
2  14 2 0 2.70749779156308 3.14159265358979
4 C0 5 0 2 0
0

0101000
+1844 0 -1872 0 *
Ve
1e-07
-9.81660134582564 488.648740622134 101.394060624813
0 0

0101101
*
Ed
 1e-07 1 1 0
1  15 0 -53.9527187433569 0
4 C0 5 0 4 0
0

0101000
+1868 0 -1841 0 *
Ve
1e-07
-2.94406344645616 488.648740622134 91.1541985525598
0 0

0101101
*
Ed
 1e-07 1 1 0
1  16 0 3.96651389761363 4.2760566673861
2  15 13 0 3.96651389761363 4.2760566673861
4 C0 5 0 13 0
0

0101000
+1841 0 -1839 0 *
Ve
1e-07
74.7159446188443 488.648740622134 -75.388226190303
0 0

0101101
*
Ed
 1e-07 1 1 0
1  17 0 -183.759234031748 0
4 C0 5 0 14 0
0

0101000
+1839 0 -1837 0 *
Ed
 1e-07 1 1 0
1  18 0 -176.54 -0
4 C0 5 0 15 0
0

0101000
+1837 0 -1853 0 *
Wi

0101100
+1851 0 +1849 0 +1847 0 +1845 0 +1843 0 +1842 0 +1866 0 +1840 0 +1838 0 +1836 0 
+1835 0 *
Ve
1e-07
-89.7690553811557 488.648740622134 73.911773809697
0 0

0101101
*
Ve
1e-07
-89.7690553811557 488.648740622134 61.211773809697
0 0

0101101
*
Ed
 1e-07 1 1 0
1  19 0 0 3.14159265358979
2  16 16 0 0 3.14159265358979
4 C0 5 0 16 0
0

0101000
+1833 0 -1832 0 *
Ve
1e-07
-96.1190553811557 488.648740622134 73.911773809697
0 0

0101101
*
Ed
 1e-07 1 1 0
1  20 0 0 6.35000000000001
4 C0 5 0 17 0
0

0101000
+1830 0 -1833 0 *
Ve
1e-07
-96.1190553811557 488.648740622134 61.211773809697
0 0

0101101
*
Ed
 1e-07 1 1 0
1  21 0 3.14159265358979 6.28318530717959
2  17 18 0 3.14159265358979 6.28318530717959
4 C0 5 0 18 0
0

0101000
+1828 0 -1830 0 *
Ed
 1e-07 1 1 0
1  22 0 0 6.35000000000001
4 C0 5 0 19 0
0

0101000
+1828 0 -1832 0 *
Wi

0101100
-1831 0 -1829 0 -1827 0 +1826 0 *
Ve
1e-07
-47.2615325536614 488.648740622134 -16.9151632348557
0 0

0101101
*
Ve
1e-07
-49.6721469176924 488.648740622134 -14.5725852995319
0 0

0101101
*
Ed
 1e-07 1 1 0
1  23 0 5 6
2  18 20 0 5 6
4 C0 5 0 20 0
0

0101000
+1824 0 -1823 0 *
Ve
1e-07
-46.4791793354609 488.648740622134 -16.7415487157049
0 0

0101101
*
Ed
 1e-07 1 1 0
1  24 0 4 5
2  19 21 0 4 5
4 C0 5 0 21 0
0

0101000
+1821 0 -1824 0 *
Ve
1e-07
-44.7531467516696 488.648740622134 -12.2974224746985
0 0

0101101
*
Ed
 1e-07 1 1 0
1  25 0 3 4
2  20 22 0 3 4
4 C0 5 0 22 0
0

0101000
+1819 0 -1821 0 *
Ve
1e-07
-45.4385054140812 488.648740622134 -11.663286789992
0 0

0101101
*
Ed
 1e-07 1 1 0
1  26 0 2 3
2  21 23 0 2 3
4 C0 5 0 23 0
0

0101000
+1817 0 -1819 0 *
Ve
1e-07
-49.5454677738448 488.648740622134 -13.862359393689
0 0

0101101
*
Ed
 1e-07 1 1 0
1  27 0 1 2
2  22 24 0 1 2
4 C0 5 0 24 0
0

0101000
+1815 0 -1817 0 *
Ed
 1e-07 1 1 0
1  28 0 0 1
2  23 25 0 0 1
4 C0 5 0 25 0
0

0101000
+1823 0 -1815 0 *
Wi

0101100
-1822 0 -1820 0 -1818 0 -1816 0 -1814 0 -1813 0 *
Ve
1e-07
-58.2040080489988 488.648740622134 -6.19954327901766
0 0

0101101
*
Ve
1e-07
-58.1163674044936 488.648740622134 -5.45408121989107
0 0

0101101
*
Ed
 1e-07 1 1 0
1  29 0 0 1
2  24 26 0 0 1
4 C0 5 0 26 0
0

0101000
+1811 0 -1810 0 *
Ve
1e-07
-55.5445168375384 488.648740622134 -8.83889995986823
0 0

0101101
*
Ed
 1e-07 1 1 0
1  30 0 0 3.74687832636525
4 C0 5 0 27 0
0

0101000
+1808 0 -1811 0 *
Ve
1e-07
-54.9475150449208 488.648740622134 -8.92130112179706
0 0

0101101
*
Ed
 1e-07 1 1 0
1  31 0 8 9
2  25 28 0 8 9
4 C0 5 0 28 0
0

0101000
+1806 0 -1808 0 *
Ve
1e-07
-48.2485626943117 488.648740622134 -5.38677165463099
0 0

0101101
*
Ed
 1e-07 1 1 0
1  32 0 7 8
2  26 29 0 7 8
4 C0 5 0 29 0
0

0101000
+1804 0 -1806 0 *
Ve
1e-07
-47.943696878872 488.648740622134 -5.05088323817742
0 0

0101101
*
Ed
 1e-07 1 1 0
1  33 0 6 7
2  27 30 0 6 7
4 C0 5 0 30 0
0

0101000
+1802 0 -1804 0 *
Ve
1e-07
-47.4634793681981 488.648740622134 -3.73056989828905
0 0

0101101
*
Ed
 1e-07 1 1 0
1  34 0 5 6
2  28 31 0 5 6
4 C0 5 0 31 0
0

0101000
+1800 0 -1802 0 *
Ve
1e-07
-47.5535250076203 488.648740622134 -3.14190316478101
0 0

0101101
*
Ed
 1e-07 1 1 0
1  35 0 4 5
2  29 32 0 4 5
4 C0 5 0 32 0
0

0101000
+1798 0 -1800 0 *
Ve
1e-07
-49.4088390046051 488.648740622134 -1.3040681269776
0 0

0101101
*
Ed
 1e-07 1 1 0
1  36 0 3 4
2  30 33 0 3 4
4 C0 5 0 33 0
0

0101000
+1796 0 -1798 0 *
Ve
1e-07
-49.968708936774 488.648740622134 -1.21945265277961
0 0

0101101
*
Ed
 1e-07 1 1 0
1  37 0 2 3
2  31 34 0 2 3
4 C0 5 0 34 0
0

0101000
+1794 0 -1796 0 *
Ed
 1e-07 1 1 0
1  38 0 1 2
2  32 35 0 1 2
4 C0 5 0 35 0
0

0101000
+1810 0 -1794 0 *
Wi

0101100
-1809 0 -1807 0 -1805 0 -1803 0 -1801 0 -1799 0 -1797 0 -1795 0 -1793 0 -1792 0 
*
Ve
1e-07
-51.3662361991614 488.648740622134 -12.9987075813169
0 0

0101101
*
Ve
1e-07
-53.9340678170692 488.648740622134 -10.4662345756273
0 0

0101101
*
Ed
 1e-07 1 1 0
1  39 0 9 10
2  33 36 0 9 10
4 C0 5 0 36 0
0

0101000
+1790 0 -1789 0 *
Ve
1e-07
-50.7316696861082 488.648740622134 -13.0917294958935
0 0

0101101
*
Ed
 1e-07 1 1 0
1  40 0 8 9
2  34 37 0 8 9
4 C0 5 0 37 0
0

0101000
+1787 0 -1790 0 *
Ve
1e-07
-43.9189687362234 488.648740622134 -9.61358059538219
0 0

0101101
*
Ed
 1e-07 1 1 0
1  41 0 0 7.64921002500842
4 C0 5 0 38 0
0

0101000
+1785 0 -1787 0 *
Ve
1e-07
-43.650193862316 488.648740622134 -9.29168682691756
0 0

0101101
*
Ed
 1e-07 1 1 0
1  42 0 6 7
2  35 39 0 6 7
4 C0 5 0 39 0
0

0101000
+1783 0 -1785 0 *
Ve
1e-07
-43.1725082124208 488.648740622134 -7.92203101818899
0 0

0101101
*
Ed
 1e-07 1 1 0
1  43 0 5 6
2  36 40 0 5 6
4 C0 5 0 40 0
0

0101000
+1781 0 -1783 0 *
Ve
1e-07
-43.2973698988235 488.648740622134 -7.38450719071437
0 0

0101101
*
Ed
 1e-07 1 1 0
1  44 0 4 5
2  37 41 0 4 5
4 C0 5 0 41 0
0

0101000
+1779 0 -1781 0 *
Ve
1e-07
-45.0784074212267 488.648740622134 -5.54297418659911
0 0

0101101
*
Ed
 1e-07 1 1 0
1  45 0 3 4
2  38 42 0 3 4
4 C0 5 0 42 0
0

0101000
+1777 0 -1779 0 *
Ve
1e-07
-45.7269722261806 488.648740622134 -5.41365257099727
0 0

0101101
*
Ed
 1e-07 1 1 0
1  46 0 2 3
2  39 43 0 2 3
4 C0 5 0 43 0
0

0101000
+1775 0 -1777 0 *
Ve
1e-07
-53.8608448054028 488.648740622134 -9.68437572355009
0 0

0101101
*
Ed
 1e-07 1 1 0
1  47 0 1 2
2  40 44 0 1 2
4 C0 5 0 44 0
0

0101000
+1773 0 -1775 0 *
Ed
 1e-07 1 1 0
1  48 0 0 1
2  41 45 0 0 1
4 C0 5 0 45 0
0

0101000
+1789 0 -1773 0 *
Wi

0101100
-1788 0 -1786 0 -1784 0 -1782 0 -1780 0 -1778 0 -1776 0 -1774 0 -1772 0 -1771 0 
*
Ve
1e-07
-58.4623533381219 488.648740622134 6.71082059501444
0 0

0101101
*
Ve
1e-07
-57.627839614602 488.648740622134 6.7195400395031
0 0

0101101
*
Ed
 1e-07 1 1 0
1  49 0 7 8
2  42 46 0 7 8
4 C0 5 0 46 0
0

0101000
+1769 0 -1768 0 *
Ve
1e-07
-63.9816281230896 488.648740622134 1.02679284379616
0 0

0101101
*
Ed
 1e-07 1 1 0
1  50 0 8 9
2  43 47 0 8 9
4 C0 5 0 47 0
0

0101000
+1766 0 -1769 0 *
Ve
1e-07
-64.8836977579075 488.648740622134 -0.0585447472876126
0 0

0101101
*
Ed
 1e-07 1 1 0
1  51 0 0 1
2  44 48 0 0 1
4 C0 5 0 48 0
0

0101000
+1764 0 -1766 0 *
Ve
1e-07
-64.8889860115629 488.648740622134 -5.10923249799356
0 0

0101101
*
Ed
 1e-07 1 1 0
1  52 0 1 2
2  45 49 0 1 2
4 C0 5 0 49 0
0

0101000
+1762 0 -1764 0 *
Ve
1e-07
-61.0376393688466 488.648740622134 -5.02676290614357
0 0

0101101
*
Ed
 1e-07 1 1 0
1  53 0 2 3
2  46 50 0 2 3
4 C0 5 0 50 0
0

0101000
+1760 0 -1762 0 *
Ve
1e-07
-60.1067017279098 488.648740622134 -2.44888038820767
0 0

0101101
*
Ed
 1e-07 1 1 0
1  54 0 3 4
2  47 51 0 3 4
4 C0 5 0 51 0
0

0101000
+1758 0 -1760 0 *
Ve
1e-07
-54.6076305365962 488.648740622134 3.23813587753605
0 0

0101101
*
Ed
 1e-07 1 1 0
1  55 0 4 5
2  48 52 0 4 5
4 C0 5 0 52 0
0

0101000
+1756 0 -1758 0 *
Ve
1e-07
-54.5669436488688 488.648740622134 3.74252738174712
0 0

0101101
*
Ed
 1e-07 1 1 0
1  56 0 5 6
2  49 53 0 5 6
4 C0 5 0 53 0
0

0101000
+1754 0 -1756 0 *
Ed
 1e-07 1 1 0
1  57 0 -4.26985813317973 0
4 C0 5 0 54 0
0

0101000
+1768 0 -1754 0 *
Wi

0101100
-1767 0 -1765 0 -1763 0 -1761 0 -1759 0 -1757 0 -1755 0 -1753 0 -1752 0 *
Ve
1e-07
-65.423559845363 488.648740622134 1.42804059771203
0 0

0101101
*
Ve
1e-07
-66.3003346667237 488.648740622134 1.37598357106123
0 0

0101101
*
Ed
 1e-07 1 1 0
1  58 0 26 27
2  50 55 0 26 27
4 C0 5 0 55 0
0

0101000
+1750 0 -1749 0 *
Ve
1e-07
-59.4707016378085 488.648740622134 7.60473263196133
0 0

0101101
*
Ed
 1e-07 1 1 0
1  59 0 25 26
2  51 56 0 25 26
4 C0 5 0 56 0
0

0101000
+1747 0 -1750 0 *
Ve
1e-07
-59.4363137776881 488.648740622134 8.46401345253167
0 0

0101101
*
Ed
 1e-07 1 1 0
1  60 0 24 25
2  52 57 0 24 25
4 C0 5 0 57 0
0

0101000
+1745 0 -1747 0 *
Ve
1e-07
-61.2705376541714 488.648740622134 10.260034353998
0 0

0101101
*
Ed
 1e-07 1 1 0
1  61 0 23 24
2  53 58 0 23 24
4 C0 5 0 58 0
0

0101000
+1743 0 -1745 0 *
Ve
1e-07
-61.8934248993473 488.648740622134 10.7008461772767
0 0

0101101
*
Ed
 1e-07 1 1 0
1  62 0 22 23
2  54 59 0 22 23
4 C0 5 0 59 0
0

0101000
+1741 0 -1743 0 *
Ve
1e-07
-62.5297828685447 488.648740622134 10.9323909472751
0 0

0101101
*
Ed
 1e-07 1 1 0
1  63 0 21 22
2  55 60 0 21 22
4 C0 5 0 60 0
0

0101000
+1739 0 -1741 0 *
Ve
1e-07
-64.6063968825943 488.648740622134 10.8650288766376
0 0

0101101
*
Ed
 1e-07 1 1 0
1  64 0 20 21
2  56 61 0 20 21
4 C0 5 0 61 0
0

0101000
+1737 0 -1739 0 *
Ve
1e-07
-64.5874681403989 488.648740622134 10.528318799269
0 0

0101101
*
Ed
 1e-07 1 1 0
1  65 0 19 20
2  57 62 0 19 20
4 C0 5 0 62 0
0

0101000
+1735 0 -1737 0 *
Ve
1e-07
-61.4771370773407 488.648740622134 7.52460438543434
0 0

0101101
*
Ed
 1e-07 1 1 0
1  66 0 18 19
2  58 63 0 18 19
4 C0 5 0 63 0
0

0101000
+1733 0 -1735 0 *
Ve
1e-07
-61.7450684605228 488.648740622134 7.2979486727607
0 0

0101101
*
Ed
 1e-07 1 1 0
1  67 0 17 18
2  59 64 0 17 18
4 C0 5 0 64 0
0

0101000
+1731 0 -1733 0 *
Ve
1e-07
-64.9580983911929 488.648740622134 10.4009408505388
0 0

0101101
*
Ed
 1e-07 1 1 0
1  68 0 16 17
2  60 65 0 16 17
4 C0 5 0 65 0
0

0101000
+1729 0 -1731 0 *
Ve
1e-07
-65.5699031229081 488.648740622134 10.4700321825902
0 0

0101101
*
Ed
 1e-07 1 1 0
1  69 0 15 16
2  61 66 0 15 16
4 C0 5 0 66 0
0

0101000
+1727 0 -1729 0 *
Ve
1e-07
-67.0139088866969 488.648740622134 9.47672308672946
0 0

0101101
*
Ed
 1e-07 1 1 0
1  70 0 14 15
2  62 67 0 14 15
4 C0 5 0 67 0
0

0101000
+1725 0 -1727 0 *
Ve
1e-07
-66.7273221244891 488.648740622134 8.92771779875315
0 0

0101101
*
Ed
 1e-07 1 1 0
1  71 0 13 14
2  63 68 0 13 14
4 C0 5 0 68 0
0

0101000
+1723 0 -1725 0 *
Ve
1e-07
-63.2755544120452 488.648740622134 5.59438446560384
0 0

0101101
*
Ed
 1e-07 1 1 0
1  72 0 12 13
2  64 69 0 12 13
4 C0 5 0 69 0
0

0101000
+1721 0 -1723 0 *
Ve
1e-07
-63.5303240720227 488.648740622134 5.35542910579429
0 0

0101101
*
Ed
 1e-07 1 1 0
1  73 0 11 12
2  65 70 0 11 12
4 C0 5 0 70 0
0

0101000
+1719 0 -1721 0 *
Ve
1e-07
-66.8803505541266 488.648740622134 8.59051207486922
0 0

0101101
*
Ed
 1e-07 1 1 0
1  74 0 10 11
2  66 71 0 10 11
4 C0 5 0 71 0
0

0101000
+1717 0 -1719 0 *
Ve
1e-07
-67.5865952372804 488.648740622134 8.88390154327845
0 0

0101101
*
Ed
 1e-07 1 1 0
1  75 0 9 10
2  67 72 0 9 10
4 C0 5 0 72 0
0

0101000
+1715 0 -1717 0 *
Ve
1e-07
-68.5332499041521 488.648740622134 7.36197191241337
0 0

0101101
*
Ed
 1e-07 1 1 0
1  76 0 8 9
2  68 73 0 8 9
4 C0 5 0 73 0
0

0101000
+1713 0 -1715 0 *
Ve
1e-07
-68.2986617640929 488.648740622134 6.75922674136186
0 0

0101101
*
Ed
 1e-07 1 1 0
1  77 0 7 8
2  69 74 0 7 8
4 C0 5 0 74 0
0

0101000
+1711 0 -1713 0 *
Ve
1e-07
-65.1608226383092 488.648740622134 3.72884547983162
0 0

0101101
*
Ed
 1e-07 1 1 0
1  78 0 6 7
2  70 75 0 6 7
4 C0 5 0 75 0
0

0101000
+1709 0 -1711 0 *
Ve
1e-07
-65.3749481103178 488.648740622134 3.47403380711273
0 0

0101101
*
Ed
 1e-07 1 1 0
1  79 0 5.05307453282423 6
2  71 76 0 5.05307453282423 6
4 C0 5 0 76 0
0

0101000
+1707 0 -1709 0 *
Ve
1e-07
-68.5096947817474 488.648740622134 6.49702014776091
0 0

0101101
*
Ed
 1e-07 1 1 0
1  80 0 4 4.96123427625203
2  72 77 0 4 4.96123427625203
4 C0 5 0 77 0
0

0101000
+1705 0 -1707 0 *
Ve
1e-07
-68.8502966977893 488.648740622134 6.39000453985597
0 0

0101101
*
Ed
 1e-07 1 1 0
1  81 0 3 4
2  73 78 0 3 4
4 C0 5 0 78 0
0

0101000
+1703 0 -1705 0 *
Ve
1e-07
-68.8694586403633 488.648740622134 4.53281508108199
0 0

0101101
*
Ed
 1e-07 1 1 0
1  82 0 2 3
2  74 79 0 2 3
4 C0 5 0 79 0
0

0101000
+1701 0 -1703 0 *
Ve
1e-07
-68.2483083819712 488.648740622134 3.2763099184977
0 0

0101101
*
Ed
 1e-07 1 1 0
1  83 0 1 2
2  75 80 0 1 2
4 C0 5 0 80 0
0

0101000
+1699 0 -1701 0 *
Ed
 1e-07 1 1 0
1  84 0 0 1
2  76 81 0 0 1
4 C0 5 0 81 0
0

0101000
+1749 0 -1699 0 *
Wi

0101100
-1748 0 -1746 0 -1744 0 -1742 0 -1740 0 -1738 0 -1736 0 -1734 0 -1732 0 -1730 0 
-1728 0 -1726 0 -1724 0 -1722 0 -1720 0 -1718 0 -1716 0 -1714 0 -1712 0 -1710 0 
-1708 0 -1706 0 -1704 0 -1702 0 -1700 0 -1698 0 -1697 0 *
Ed
 1e-07 1 1 0
1  85 0 0 3.14159265358979
2  77 7 0 0 3.14159265358979
4 C0 5 0 7 0
0

0101000
+1858 0 -1863 0 *
Wi

0101100
-1856 0 -1695 0 *
Ve
1e-07
-45.2669940420443 488.648740622134 5.66634363967137
0 0

0101101
*
Ve
1e-07
-45.2669940420443 488.648740622134 15.7882948591836
0 0

0101101
*
Ed
 1e-07 1 1 0
1  86 0 0 10.1219512195122
4 C0 5 0 82 0
0

0101000
+1693 0 -1692 0 *
Ve
1e-07
-46.4865062371662 488.648740622134 15.7882948591836
0 0

0101101
*
Ed
 1e-07 1 1 0
1  87 0 0 1.2195121951219
4 C0 5 0 83 0
0

0101000
+1692 0 -1690 0 *
Ve
1e-07
-46.4865062371662 488.648740622134 7.29363022503725
0 0

0101101
*
Ed
 1e-07 1 1 0
1  88 0 0 8.49466463414635
4 C0 5 0 84 0
0

0101000
+1690 0 -1688 0 *
Ve
1e-07
-48.8035794078979 488.648740622134 8.47122168845186
0 0

0101101
*
Ed
 1e-07 1 1 0
1  89 0 0 1
2  78 85 0 0 1
4 C0 5 0 85 0
0

0101000
+1688 0 -1686 0 *
Ve
1e-07
-48.8035794078979 488.648740622134 7.25170949332991
0 0

0101101
*
Ed
 1e-07 1 1 0
1  90 0 0 1.21951219512195
4 C0 5 0 86 0
0

0101000
+1686 0 -1684 0 *
Ve
1e-07
-45.7414605054589 488.648740622134 5.66634363967137
0 0

0101101
*
Ed
 1e-07 1 1 0
1  91 0 0 1
2  79 87 0 0 1
4 C0 5 0 87 0
0

0101000
+1684 0 -1682 0 *
Ed
 1e-07 1 1 0
1  92 0 0 0.474466463414601
4 C0 5 0 88 0
0

0101000
+1682 0 -1693 0 *
Wi

0101100
+1691 0 +1689 0 +1687 0 +1685 0 +1683 0 +1681 0 +1680 0 *
Ve
1e-07
-41.7304086761906 488.648740622134 15.2928680299153
0 0

0101101
*
Ve
1e-07
-39.0150885542394 488.648740622134 11.2951546152811
0 0

0101101
*
Ed
 1e-07 1 1 0
1  93 0 0 1
2  80 89 0 0 1
4 C0 5 0 89 0
0

0101000
+1678 0 -1677 0 *
Ve
1e-07
-36.974311115215 488.648740622134 8.44263937137873
0 0

0101101
*
Ed
 1e-07 1 1 0
1  94 0 0 1
2  81 90 0 0 1
4 C0 5 0 90 0
0

0101000
+1677 0 -1675 0 *
Ve
1e-07
-38.8988537981418 488.648740622134 6.76390461528115
0 0

0101101
*
Ed
 1e-07 1 1 0
1  95 0 0 1
2  82 91 0 0 1
4 C0 5 0 91 0
0

0101000
+1675 0 -1673 0 *
Ve
1e-07
-41.364555017654 488.648740622134 7.97960583479335
0 0

0101101
*
Ed
 1e-07 1 1 0
1  96 0 0 1
2  83 92 0 0 1
4 C0 5 0 92 0
0

0101000
+1673 0 -1671 0 *
Ve
1e-07
-41.364555017654 488.648740622134 6.75628266406164
0 0

0101101
*
Ed
 1e-07 1 1 0
1  97 0 0 1.22332317073171
4 C0 5 0 93 0
0

0101000
+1671 0 -1669 0 *
Ve
1e-07
-38.7769025786296 488.648740622134 5.66634363967137
0 0

0101101
*
Ed
 1e-07 1 1 0
1  98 0 0 1
2  84 94 0 0 1
4 C0 5 0 94 0
0

0101000
+1669 0 -1667 0 *
Ve
1e-07
-35.754798920093 488.648740622134 8.34545949332991
0 0

0101101
*
Ed
 1e-07 1 1 0
1  99 0 0 1
2  85 95 0 0 1
4 C0 5 0 95 0
0

0101000
+1667 0 -1665 0 *
Ve
1e-07
-37.989936115215 488.648740622134 11.9049107128421
0 0

0101101
*
Ed
 1e-07 1 1 0
1  100 0 0 1
2  86 96 0 0 1
4 C0 5 0 96 0
0

0101000
+1665 0 -1663 0 *
Ve
1e-07
-40.4194330664345 488.648740622134 14.6907338835738
0 0

0101101
*
Ed
 1e-07 1 1 0
1  101 0 0 1
2  87 97 0 0 1
4 C0 5 0 97 0
0

0101000
+1663 0 -1661 0 *
Ve
1e-07
-35.5108964810686 488.648740622134 14.6907338835738
0 0

0101101
*
Ed
 1e-07 1 1 0
1  102 0 0 4.9085365853659
4 C0 5 0 98 0
0

0101000
+1661 0 -1659 0 *
Ve
1e-07
-35.5108964810686 488.648740622134 15.7882948591836
0 0

0101101
*
Ed
 1e-07 1 1 0
1  103 0 0 1.0975609756098
4 C0 5 0 99 0
0

0101000
+1659 0 -1657 0 *
Ve
1e-07
-41.7304086761906 488.648740622134 15.7882948591836
0 0

0101101
*
Ed
 1e-07 1 1 0
1  104 0 0 6.219512195122
4 C0 5 0 100 0
0

0101000
+1657 0 -1655 0 *
Ed
 1e-07 1 1 0
1  105 0 0 0.495426829268299
4 C0 5 0 101 0
0

0101000
+1655 0 -1678 0 *
Wi

0101100
+1676 0 +1674 0 +1672 0 +1670 0 +1668 0 +1666 0 +1664 0 +1662 0 +1660 0 +1658 0 
+1656 0 +1654 0 +1653 0 *
Fa
0  1e-07 5 0

0111000
+1834 0 +1825 0 +1812 0 +1791 0 +1770 0 +1751 0 +1696 0 +1694 0 +1679 0 +1652 0 
*
Ve
1e-07
-101.824055381156 473.648740622134 -75.388226190303
0 0

0101101
*
Ve
1e-07
-148.176374600423 473.648740622134 24.0146431570817
0 0

0101101
*
Ed
 1e-07 1 1 0
1  106 0 0 109.678931119418
4 C0 3 0 8 0
0

0101000
+1650 0 -1649 0 *
Ve
1e-07
74.7159446188443 473.648740622134 -75.388226190303
0 0

0101101
*
Ed
 1e-07 1 1 0
1  107 0 -176.54 -0
4 C0 3 0 15 0
0

0101000
+1647 0 -1650 0 *
Ve
1e-07
-2.94406344645616 473.648740622134 91.1541985525598
0 0

0101101
*
Ed
 1e-07 1 1 0
1  108 0 -183.759234031748 0
4 C0 3 0 14 0
0

0101000
+1645 0 -1647 0 *
Ve
1e-07
-9.81660134582564 473.648740622134 101.394060624813
0 0

0101101
*
Ed
 1e-07 1 1 0
1  109 0 3.96651389761363 4.2760566673861
2  88 13 0 3.96651389761363 4.2760566673861
4 C0 3 0 13 0
0

0101000
+1643 0 -1645 0 *
Ed
 1e-07 1 1 0
1  110 0 -53.9527187433569 0
4 C0 3 0 4 0
0

0101000
+1870 0 -1643 0 *
Ve
1e-07
-92.6330645519476 473.648740622134 150.167478816032
0 0

0101101
*
Ed
 1e-07 1 1 0
1  111 0 2.70749779156308 3.14159265358979
2  89 2 0 2.70749779156308 3.14159265358979
4 C0 3 0 2 0
0

0101000
+1640 0 -1873 0 *
Ve
1e-07
-135.313984844481 473.648740622134 130.381179334965
0 0

0101101
*
Ed
 1e-07 1 1 0
1  112 0 0 47.0442196680109
4 C0 3 0 12 0
0

0101000
+1638 0 -1640 0 *
Ve
1e-07
-158.188843354105 473.648740622134 89.1886519898883
0 0

0101101
*
Ed
 1e-07 1 1 0
1  113 0 4.58951796555671 5.84909044515287
2  90 11 0 4.58951796555671 5.84909044515287
4 C0 3 0 11 0
0

0101000
+1636 0 -1638 0 *
Ve
1e-07
-151.622497082228 473.648740622134 36.0168904942749
0 0

0101101
*
Ed
 1e-07 1 1 0
1  114 0 0 53.5756766071002
4 C0 3 0 10 0
0

0101000
+1634 0 -1636 0 *
Ed
 1e-07 1 1 0
1  115 0 4.2760566673861 4.58951796555671
2  91 9 0 4.2760566673861 4.58951796555671
4 C0 3 0 9 0
0

0101000
+1649 0 -1634 0 *
Wi

0101100
-1648 0 -1646 0 -1644 0 -1642 0 -1641 0 -1869 0 -1639 0 -1637 0 -1635 0 -1633 0 
-1632 0 *
Ed
 1e-07 1 1 0
1  116 0 0 3.14159265358979
2  92 7 0 0 3.14159265358979
4 C0 3 0 7 0
0

0101000
+1860 0 -1862 0 *
Wi

0101100
+1859 0 +1630 0 *
Fa
0  1e-07 3 0

0111000
-1631 0 -1629 0 *
Ed
 1e-07 1 1 0
1  117 0 -0 15
2  93 9 0 -0 15
4 G1 8 0 9 0
0

0101000
+1852 0 -1649 0 *
Ed
 1e-07 1 1 0
1  118 0 -0 15
4 C0 8 0 15 0
0

0101000
+1853 0 -1650 0 *
Wi

0101100
+1648 0 -1627 0 -1851 0 +1626 0 *
Fa
0  1e-07 8 0

0111000
-1625 0 *
Ed
 1e-07 1 1 0
1  119 0 -0 15
2  94 9 0 -0 15
4 G1 9 0 10 0
0

0101000
+1850 0 -1634 0 *
Wi

0101100
+1632 0 -1623 0 -1849 0 +1627 0 *
Fa
0  1e-07 9 0

0111000
+1622 0 *
Ed
 1e-07 1 1 0
1  120 0 -0 15
2  95 11 0 -0 15
4 G1 10 0 11 0
0

0101000
+1848 0 -1636 0 *
Wi

0101100
+1633 0 -1620 0 -1847 0 +1623 0 *
Fa
0  1e-07 10 0

0111000
-1619 0 *
Ed
 1e-07 1 1 0
1  121 0 -0 15
2  96 11 0 -0 15
4 G1 11 0 12 0
0

0101000
+1846 0 -1638 0 *
Wi

0101100
+1635 0 -1617 0 -1845 0 +1620 0 *
Fa
0  1e-07 11 0

0111000
+1616 0 *
Ed
 1e-07 1 1 0
1  122 0 -0 15
2  97 2 0 -0 15
4 G1 12 0 2 0
0

0101000
+1844 0 -1640 0 *
Wi

0101100
+1637 0 -1614 0 -1843 0 +1617 0 *
Fa
0  1e-07 12 0

0111000
-1613 0 *
Wi

0101100
+1871 0 -1842 0 +1614 0 +1639 0 *
Fa
0  1e-07 2 0

0111000
+1611 0 *
Ed
 1e-07 1 1 0
1  123 0 -0 15
2  98 13 0 -0 15
4 G1 4 0 13 0
0

0101000
+1841 0 -1643 0 *
Wi

0101100
+1641 0 -1609 0 -1840 0 +1867 0 *
Fa
0  1e-07 4 0

0111000
-1608 0 *
Ed
 1e-07 1 1 0
1  124 0 -0 15
2  99 13 0 -0 15
4 G1 13 0 14 0
0

0101000
+1839 0 -1645 0 *
Wi

0101100
+1642 0 -1606 0 -1838 0 +1609 0 *
Fa
0  1e-07 13 0

0111000
+1605 0 *
Ed
 1e-07 1 1 0
1  125 0 -0 15
4 C0 14 0 15 0
0

0101000
+1837 0 -1647 0 *
Wi

0101100
+1644 0 -1603 0 -1836 0 +1606 0 *
Fa
0  1e-07 14 0

0111000
-1602 0 *
Wi

0101100
+1646 0 -1626 0 -1835 0 +1603 0 *
Fa
0  1e-07 15 0

0111000
-1600 0 *
Wi

0101100
+1630 0 -1861 0 -1695 0 +1857 0 *
Fa
0  1e-07 7 0

0111000
+1598 0 *
Ve
1e-07
-45.2669940420443 488.148740622134 15.7882948591836
0 0

0101101
*
Ed
 1e-07 1 1 0
1  126 0 0 0.5
4 C0 83 0 82 0
0

0101000
+1596 0 -1692 0 *
Ve
1e-07
-46.4865062371662 488.148740622134 15.7882948591836
0 0

0101101
*
Ed
 1e-07 1 1 0
1  127 0 0 1.2195121951219
4 C0 83 0 102 0
0

0101000
+1596 0 -1594 0 *
Ed
 1e-07 1 1 0
1  128 0 0 0.5
4 C0 83 0 84 0
0

0101000
+1594 0 -1690 0 *
Wi

0101100
-1689 0 -1595 0 +1593 0 +1592 0 *
Fa
0  1e-07 83 0

0111000
+1591 0 *
Ve
1e-07
-46.4865062371662 488.148740622134 7.29363022503725
0 0

0101101
*
Ed
 1e-07 1 1 0
1  129 0 0 8.49466463414635
4 C0 84 0 102 0
0

0101000
+1594 0 -1589 0 *
Ed
 1e-07 1 1 0
1  130 0 0 0.5
2  100 85 0 0 0.5
4 C0 84 0 85 0
0

0101000
+1589 0 -1688 0 *
Wi

0101100
-1687 0 -1592 0 +1588 0 +1587 0 *
Fa
0  1e-07 84 0

0111000
+1586 0 *
Ve
1e-07
-48.8035794078979 488.148740622134 8.47122168845186
0 0

0101101
*
Ed
 1e-07 1 1 0
1  131 0 0 1
2  101 85 0 0 1
4 C0 85 0 102 0
0

0101000
+1589 0 -1584 0 *
Ed
 1e-07 1 1 0
1  132 0 0 0.5
2  102 85 0 0 0.5
4 C0 85 0 86 0
0

0101000
+1584 0 -1686 0 *
Wi

0101100
-1685 0 -1587 0 +1583 0 +1582 0 *
Fa
0  1e-07 85 0

0111000
+1581 0 *
Ve
1e-07
-48.8035794078979 488.148740622134 7.25170949332991
0 0

0101101
*
Ed
 1e-07 1 1 0
1  133 0 0 1.21951219512195
4 C0 86 0 102 0
0

0101000
+1584 0 -1579 0 *
Ed
 1e-07 1 1 0
1  134 0 0 0.5
2  103 87 0 0 0.5
4 C0 86 0 87 0
0

0101000
+1579 0 -1684 0 *
Wi

0101100
-1683 0 -1582 0 +1578 0 +1577 0 *
Fa
0  1e-07 86 0

0111000
+1576 0 *
Ve
1e-07
-45.7414605054589 488.148740622134 5.66634363967137
0 0

0101101
*
Ed
 1e-07 1 1 0
1  135 0 0 1
2  104 87 0 0 1
4 C0 87 0 102 0
0

0101000
+1579 0 -1574 0 *
Ed
 1e-07 1 1 0
1  136 0 0 0.5
2  105 87 0 0 0.5
4 C0 87 0 88 0
0

0101000
+1574 0 -1682 0 *
Wi

0101100
-1681 0 -1577 0 +1573 0 +1572 0 *
Fa
0  1e-07 87 0

0111000
+1571 0 *
Ve
1e-07
-45.2669940420443 488.148740622134 5.66634363967137
0 0

0101101
*
Ed
 1e-07 1 1 0
1  137 0 0 0.474466463414601
4 C0 88 0 102 0
0

0101000
+1574 0 -1569 0 *
Ed
 1e-07 1 1 0
1  138 0 0 0.5
4 C0 88 0 82 0
0

0101000
+1569 0 -1693 0 *
Wi

0101100
-1680 0 -1572 0 +1568 0 +1567 0 *
Fa
0  1e-07 88 0

0111000
+1566 0 *
Ed
 1e-07 1 1 0
1  139 0 0 10.1219512195122
4 C0 82 0 102 0
0

0101000
+1569 0 -1596 0 *
Wi

0101100
-1691 0 -1567 0 +1564 0 +1595 0 *
Fa
0  1e-07 82 0

0111000
+1563 0 *
Wi

0101100
-1593 0 -1564 0 -1568 0 -1573 0 -1578 0 -1583 0 -1588 0 *
Fa
0  1e-07 102 0

0111000
+1561 0 *
Ve
1e-07
-39.0150885542394 488.148740622134 11.2951546152811
0 0

0101101
*
Ed
 1e-07 1 1 0
1  140 0 0 0.5
2  106 90 0 0 0.5
2  107 89 0 0 0.5
4 G1 90 0 89 0
0

0101000
+1559 0 -1677 0 *
Ve
1e-07
-36.974311115215 488.148740622134 8.44263937137873
0 0

0101101
*
Ed
 1e-07 1 1 0
1  141 0 0 1
2  108 90 0 0 1
4 C0 90 0 103 0
0

0101000
+1559 0 -1557 0 *
Ed
 1e-07 1 1 0
1  142 0 0 0.5
2  109 90 0 0 0.5
2  110 91 0 0 0.5
4 C0 90 0 91 0
0

0101000
+1557 0 -1675 0 *
Wi

0101100
-1674 0 -1558 0 +1556 0 +1555 0 *
Fa
0  1e-07 90 0

0111000
+1554 0 *
Ve
1e-07
-38.8988537981418 488.148740622134 6.76390461528115
0 0

0101101
*
Ed
 1e-07 1 1 0
1  143 0 0 1
2  111 91 0 0 1
4 C0 91 0 103 0
0

0101000
+1557 0 -1552 0 *
Ed
 1e-07 1 1 0
1  144 0 0 0.5
2  112 91 0 0 0.5
2  113 92 0 0 0.5
4 C0 91 0 92 0
0

0101000
+1552 0 -1673 0 *
Wi

0101100
-1672 0 -1555 0 +1551 0 +1550 0 *
Fa
0  1e-07 91 0

0111000
+1549 0 *
Ve
1e-07
-41.364555017654 488.148740622134 7.97960583479335
0 0

0101101
*
Ed
 1e-07 1 1 0
1  145 0 0 1
2  114 92 0 0 1
4 C0 92 0 103 0
0

0101000
+1552 0 -1547 0 *
Ed
 1e-07 1 1 0
1  146 0 0 0.5
2  115 92 0 0 0.5
4 C0 92 0 93 0
0

0101000
+1547 0 -1671 0 *
Wi

0101100
-1670 0 -1550 0 +1546 0 +1545 0 *
Fa
0  1e-07 92 0

0111000
+1544 0 *
Ve
1e-07
-41.364555017654 488.148740622134 6.75628266406164
0 0

0101101
*
Ed
 1e-07 1 1 0
1  147 0 0 1.22332317073171
4 C0 93 0 103 0
0

0101000
+1547 0 -1542 0 *
Ed
 1e-07 1 1 0
1  148 0 0 0.5
2  116 94 0 0 0.5
4 C0 93 0 94 0
0

0101000
+1542 0 -1669 0 *
Wi

0101100
-1668 0 -1545 0 +1541 0 +1540 0 *
Fa
0  1e-07 93 0

0111000
+1539 0 *
Ve
1e-07
-38.7769025786296 488.148740622134 5.66634363967137
0 0

0101101
*
Ed
 1e-07 1 1 0
1  149 0 0 1
2  117 94 0 0 1
4 C0 94 0 103 0
0

0101000
+1542 0 -1537 0 *
Ed
 1e-07 1 1 0
1  150 0 0 0.5
2  118 94 0 0 0.5
2  119 95 0 0 0.5
4 C0 94 0 95 0
0

0101000
+1537 0 -1667 0 *
Wi

0101100
-1666 0 -1540 0 +1536 0 +1535 0 *
Fa
0  1e-07 94 0

0111000
+1534 0 *
Ve
1e-07
-35.754798920093 488.148740622134 8.34545949332991
0 0

0101101
*
Ed
 1e-07 1 1 0
1  151 0 0 1
2  120 95 0 0 1
4 C0 95 0 103 0
0

0101000
+1537 0 -1532 0 *
Ed
 1e-07 1 1 0
1  152 0 0 0.5
2  121 95 0 0 0.5
2  122 96 0 0 0.5
4 C0 95 0 96 0
0

0101000
+1532 0 -1665 0 *
Wi

0101100
-1664 0 -1535 0 +1531 0 +1530 0 *
Fa
0  1e-07 95 0

0111000
+1529 0 *
Ve
1e-07
-37.989936115215 488.148740622134 11.9049107128421
0 0

0101101
*
Ed
 1e-07 1 1 0
1  153 0 0 1
2  123 96 0 0 1
4 C0 96 0 103 0
0

0101000
+1532 0 -1527 0 *
Ed
 1e-07 1 1 0
1  154 0 0 0.5
2  124 96 0 0 0.5
2  125 97 0 0 0.5
4 G1 96 0 97 0
0

0101000
+1527 0 -1663 0 *
Wi

0101100
-1662 0 -1530 0 +1526 0 +1525 0 *
Fa
0  1e-07 96 0

0111000
+1524 0 *
Ve
1e-07
-40.4194330664345 488.148740622134 14.6907338835738
0 0

0101101
*
Ed
 1e-07 1 1 0
1  155 0 0 1
2  126 97 0 0 1
4 C0 97 0 103 0
0

0101000
+1527 0 -1522 0 *
Ed
 1e-07 1 1 0
1  156 0 0 0.5
2  127 97 0 0 0.5
4 C0 97 0 98 0
0

0101000
+1522 0 -1661 0 *
Wi

0101100
-1660 0 -1525 0 +1521 0 +1520 0 *
Fa
0  1e-07 97 0

0111000
+1519 0 *
Ve
1e-07
-35.5108964810686 488.148740622134 14.6907338835738
0 0

0101101
*
Ed
 1e-07 1 1 0
1  157 0 0 4.9085365853659
4 C0 98 0 103 0
0

0101000
+1522 0 -1517 0 *
Ed
 1e-07 1 1 0
1  158 0 0 0.5
4 C0 98 0 99 0
0

0101000
+1517 0 -1659 0 *
Wi

0101100
-1658 0 -1520 0 +1516 0 +1515 0 *
Fa
0  1e-07 98 0

0111000
+1514 0 *
Ve
1e-07
-35.5108964810686 488.148740622134 15.7882948591836
0 0

0101101
*
Ed
 1e-07 1 1 0
1  159 0 0 1.0975609756098
4 C0 99 0 103 0
0

0101000
+1517 0 -1512 0 *
Ed
 1e-07 1 1 0
1  160 0 0 0.5
4 C0 99 0 100 0
0

0101000
+1512 0 -1657 0 *
Wi

0101100
-1656 0 -1515 0 +1511 0 +1510 0 *
Fa
0  1e-07 99 0

0111000
+1509 0 *
Ve
1e-07
-41.7304086761906 488.148740622134 15.7882948591836
0 0

0101101
*
Ed
 1e-07 1 1 0
1  161 0 0 6.219512195122
4 C0 100 0 103 0
0

0101000
+1512 0 -1507 0 *
Ed
 1e-07 1 1 0
1  162 0 0 0.5
4 C0 100 0 101 0
0

0101000
+1507 0 -1655 0 *
Wi

0101100
-1654 0 -1510 0 +1506 0 +1505 0 *
Fa
0  1e-07 100 0

0111000
+1504 0 *
Ve
1e-07
-41.7304086761906 488.148740622134 15.2928680299153
0 0

0101101
*
Ed
 1e-07 1 1 0
1  163 0 0 0.495426829268299
4 C0 101 0 103 0
0

0101000
+1507 0 -1502 0 *
Ed
 1e-07 1 1 0
1  164 0 0 0.5
2  128 89 0 0 0.5
4 C0 101 0 89 0
0

0101000
+1502 0 -1678 0 *
Wi

0101100
-1653 0 -1505 0 +1501 0 +1500 0 *
Fa
0  1e-07 101 0

0111000
+1499 0 *
Ed
 1e-07 1 1 0
1  165 0 0 1
2  129 89 0 0 1
4 C0 89 0 103 0
0

0101000
+1502 0 -1559 0 *
Wi

0101100
-1676 0 -1500 0 +1497 0 +1558 0 *
Fa
0  1e-07 89 0

0111000
+1496 0 *
Wi

0101100
-1556 0 -1497 0 -1501 0 -1506 0 -1511 0 -1516 0 -1521 0 -1526 0 -1531 0 -1536 0 
-1541 0 -1546 0 -1551 0 *
Fa
0  1e-07 103 0

0111000
-1494 0 *
Ve
1e-07
-65.423559845363 488.148740622134 1.42804059771203
0 0

0101101
*
Ed
 1e-07 1 1 0
1  166 0 0 0.5
2  130 55 0 0 0.5
2  131 56 0 0 0.5
4 C0 55 0 56 0
0

0101000
+1492 0 -1750 0 *
Ve
1e-07
-66.3003346667237 488.148740622134 1.37598357106123
0 0

0101101
*
Ed
 1e-07 1 1 0
1  167 0 26 27
2  132 55 0 26 27
4 C0 55 0 104 0
0

0101000
+1492 0 -1490 0 *
Ed
 1e-07 1 1 0
1  168 0 0 0.5
2  133 55 0 0 0.5
2  134 81 0 0 0.5
4 G1 55 0 81 0
0

0101000
+1490 0 -1749 0 *
Wi

0101100
-1491 0 +1489 0 +1488 0 -1748 0 *
Fa
0  1e-07 55 0

0111000
+1487 0 *
Ve
1e-07
-59.4707016378085 488.148740622134 7.60473263196133
0 0

0101101
*
Ed
 1e-07 1 1 0
1  169 0 0 0.5
2  135 56 0 0 0.5
2  136 57 0 0 0.5
4 C0 56 0 57 0
0

0101000
+1485 0 -1747 0 *
Ed
 1e-07 1 1 0
1  170 0 25 26
2  137 56 0 25 26
4 C0 56 0 104 0
0

0101000
+1485 0 -1492 0 *
Wi

0101100
-1484 0 +1483 0 +1491 0 -1746 0 *
Fa
0  1e-07 56 0

0111000
+1482 0 *
Ve
1e-07
-59.4363137776881 488.148740622134 8.46401345253167
0 0

0101101
*
Ed
 1e-07 1 1 0
1  171 0 0 0.5
2  138 57 0 0 0.5
2  139 58 0 0 0.5
4 C0 57 0 58 0
0

0101000
+1480 0 -1745 0 *
Ed
 1e-07 1 1 0
1  172 0 24 25
2  140 57 0 24 25
4 C0 57 0 104 0
0

0101000
+1480 0 -1485 0 *
Wi

0101100
-1479 0 +1478 0 +1484 0 -1744 0 *
Fa
0  1e-07 57 0

0111000
+1477 0 *
Ve
1e-07
-61.2705376541714 488.148740622134 10.260034353998
0 0

0101101
*
Ed
 1e-07 1 1 0
1  173 0 0 0.5
2  141 58 0 0 0.5
2  142 59 0 0 0.5
4 G1 58 0 59 0
0

0101000
+1475 0 -1743 0 *
Ed
 1e-07 1 1 0
1  174 0 23 24
2  143 58 0 23 24
4 C0 58 0 104 0
0

0101000
+1475 0 -1480 0 *
Wi

0101100
-1474 0 +1473 0 +1479 0 -1742 0 *
Fa
0  1e-07 58 0

0111000
+1472 0 *
Ve
1e-07
-61.8934248993473 488.148740622134 10.7008461772767
0 0

0101101
*
Ed
 1e-07 1 1 0
1  175 0 0 0.5
2  144 59 0 0 0.5
2  145 60 0 0 0.5
4 G1 59 0 60 0
0

0101000
+1470 0 -1741 0 *
Ed
 1e-07 1 1 0
1  176 0 22 23
2  146 59 0 22 23
4 C0 59 0 104 0
0

0101000
+1470 0 -1475 0 *
Wi

0101100
-1469 0 +1468 0 +1474 0 -1740 0 *
Fa
0  1e-07 59 0

0111000
+1467 0 *
Ve
1e-07
-62.5297828685447 488.148740622134 10.9323909472751
0 0

0101101
*
Ed
 1e-07 1 1 0
1  177 0 0 0.5
2  147 60 0 0 0.5
2  148 61 0 0 0.5
4 C0 60 0 61 0
0

0101000
+1465 0 -1739 0 *
Ed
 1e-07 1 1 0
1  178 0 21 22
2  149 60 0 21 22
4 C0 60 0 104 0
0

0101000
+1465 0 -1470 0 *
Wi

0101100
-1464 0 +1463 0 +1469 0 -1738 0 *
Fa
0  1e-07 60 0

0111000
+1462 0 *
Ve
1e-07
-64.6063968825943 488.148740622134 10.8650288766376
0 0

0101101
*
Ed
 1e-07 1 1 0
1  179 0 0 0.5
2  150 61 0 0 0.5
2  151 62 0 0 0.5
4 C0 61 0 62 0
0

0101000
+1460 0 -1737 0 *
Ed
 1e-07 1 1 0
1  180 0 20 21
2  152 61 0 20 21
4 C0 61 0 104 0
0

0101000
+1460 0 -1465 0 *
Wi

0101100
-1459 0 +1458 0 +1464 0 -1736 0 *
Fa
0  1e-07 61 0

0111000
+1457 0 *
Ve
1e-07
-64.5874681403989 488.148740622134 10.528318799269
0 0

0101101
*
Ed
 1e-07 1 1 0
1  181 0 0 0.5
2  153 62 0 0 0.5
2  154 63 0 0 0.5
4 C0 62 0 63 0
0

0101000
+1455 0 -1735 0 *
Ed
 1e-07 1 1 0
1  182 0 19 20
2  155 62 0 19 20
4 C0 62 0 104 0
0

0101000
+1455 0 -1460 0 *
Wi

0101100
-1454 0 +1453 0 +1459 0 -1734 0 *
Fa
0  1e-07 62 0

0111000
+1452 0 *
Ve
1e-07
-61.4771370773407 488.148740622134 7.52460438543434
0 0

0101101
*
Ed
 1e-07 1 1 0
1  183 0 0 0.5
2  156 63 0 0 0.5
2  157 64 0 0 0.5
4 C0 63 0 64 0
0

0101000
+1450 0 -1733 0 *
Ed
 1e-07 1 1 0
1  184 0 18 19
2  158 63 0 18 19
4 C0 63 0 104 0
0

0101000
+1450 0 -1455 0 *
Wi

0101100
-1449 0 +1448 0 +1454 0 -1732 0 *
Fa
0  1e-07 63 0

0111000
+1447 0 *
Ve
1e-07
-61.7450684605228 488.148740622134 7.2979486727607
0 0

0101101
*
Ed
 1e-07 1 1 0
1  185 0 0 0.5
2  159 64 0 0 0.5
2  160 65 0 0 0.5
4 C0 64 0 65 0
0

0101000
+1445 0 -1731 0 *
Ed
 1e-07 1 1 0
1  186 0 17 18
2  161 64 0 17 18
4 C0 64 0 104 0
0

0101000
+1445 0 -1450 0 *
Wi

0101100
-1444 0 +1443 0 +1449 0 -1730 0 *
Fa
0  1e-07 64 0

0111000
+1442 0 *
Ve
1e-07
-64.9580983911929 488.148740622134 10.4009408505388
0 0

0101101
*
Ed
 1e-07 1 1 0
1  187 0 0 0.5
2  162 65 0 0 0.5
2  163 66 0 0 0.5
4 G1 65 0 66 0
0

0101000
+1440 0 -1729 0 *
Ed
 1e-07 1 1 0
1  188 0 16 17
2  164 65 0 16 17
4 C0 65 0 104 0
0

0101000
+1440 0 -1445 0 *
Wi

0101100
-1439 0 +1438 0 +1444 0 -1728 0 *
Fa
0  1e-07 65 0

0111000
+1437 0 *
Ve
1e-07
-65.5699031229081 488.148740622134 10.4700321825902
0 0

0101101
*
Ed
 1e-07 1 1 0
1  189 0 0 0.5
2  165 66 0 0 0.5
2  166 67 0 0 0.5
4 G1 66 0 67 0
0

0101000
+1435 0 -1727 0 *
Ed
 1e-07 1 1 0
1  190 0 15 16
2  167 66 0 15 16
4 C0 66 0 104 0
0

0101000
+1435 0 -1440 0 *
Wi

0101100
-1434 0 +1433 0 +1439 0 -1726 0 *
Fa
0  1e-07 66 0

0111000
+1432 0 *
Ve
1e-07
-67.0139088866969 488.148740622134 9.47672308672946
0 0

0101101
*
Ed
 1e-07 1 1 0
1  191 0 0 0.5
2  168 67 0 0 0.5
2  169 68 0 0 0.5
4 C0 67 0 68 0
0

0101000
+1430 0 -1725 0 *
Ed
 1e-07 1 1 0
1  192 0 14 15
2  170 67 0 14 15
4 C0 67 0 104 0
0

0101000
+1430 0 -1435 0 *
Wi

0101100
-1429 0 +1428 0 +1434 0 -1724 0 *
Fa
0  1e-07 67 0

0111000
+1427 0 *
Ve
1e-07
-66.7273221244891 488.148740622134 8.92771779875315
0 0

0101101
*
Ed
 1e-07 1 1 0
1  193 0 0 0.5
2  171 68 0 0 0.5
2  172 69 0 0 0.5
4 C0 68 0 69 0
0

0101000
+1425 0 -1723 0 *
Ed
 1e-07 1 1 0
1  194 0 13 14
2  173 68 0 13 14
4 C0 68 0 104 0
0

0101000
+1425 0 -1430 0 *
Wi

0101100
-1424 0 +1423 0 +1429 0 -1722 0 *
Fa
0  1e-07 68 0

0111000
+1422 0 *
Ve
1e-07
-63.2755544120452 488.148740622134 5.59438446560384
0 0

0101101
*
Ed
 1e-07 1 1 0
1  195 0 0 0.5
2  174 69 0 0 0.5
2  175 70 0 0 0.5
4 G1 69 0 70 0
0

0101000
+1420 0 -1721 0 *
Ed
 1e-07 1 1 0
1  196 0 12 13
2  176 69 0 12 13
4 C0 69 0 104 0
0

0101000
+1420 0 -1425 0 *
Wi

0101100
-1419 0 +1418 0 +1424 0 -1720 0 *
Fa
0  1e-07 69 0

0111000
+1417 0 *
Ve
1e-07
-63.5303240720227 488.148740622134 5.35542910579429
0 0

0101101
*
Ed
 1e-07 1 1 0
1  197 0 0 0.5
2  177 70 0 0 0.5
2  178 71 0 0 0.5
4 C0 70 0 71 0
0

0101000
+1415 0 -1719 0 *
Ed
 1e-07 1 1 0
1  198 0 11 12
2  179 70 0 11 12
4 C0 70 0 104 0
0

0101000
+1415 0 -1420 0 *
Wi

0101100
-1414 0 +1413 0 +1419 0 -1718 0 *
Fa
0  1e-07 70 0

0111000
+1412 0 *
Ve
1e-07
-66.8803505541266 488.148740622134 8.59051207486922
0 0

0101101
*
Ed
 1e-07 1 1 0
1  199 0 0 0.5
2  180 71 0 0 0.5
2  181 72 0 0 0.5
4 C0 71 0 72 0
0

0101000
+1410 0 -1717 0 *
Ed
 1e-07 1 1 0
1  200 0 10 11
2  182 71 0 10 11
4 C0 71 0 104 0
0

0101000
+1410 0 -1415 0 *
Wi

0101100
-1409 0 +1408 0 +1414 0 -1716 0 *
Fa
0  1e-07 71 0

0111000
+1407 0 *
Ve
1e-07
-67.5865952372804 488.148740622134 8.88390154327845
0 0

0101101
*
Ed
 1e-07 1 1 0
1  201 0 0 0.5
2  183 72 0 0 0.5
2  184 73 0 0 0.5
4 C0 72 0 73 0
0

0101000
+1405 0 -1715 0 *
Ed
 1e-07 1 1 0
1  202 0 9 10
2  185 72 0 9 10
4 C0 72 0 104 0
0

0101000
+1405 0 -1410 0 *
Wi

0101100
-1404 0 +1403 0 +1409 0 -1714 0 *
Fa
0  1e-07 72 0

0111000
+1402 0 *
Ve
1e-07
-68.5332499041521 488.148740622134 7.36197191241337
0 0

0101101
*
Ed
 1e-07 1 1 0
1  203 0 0 0.5
2  186 73 0 0 0.5
2  187 74 0 0 0.5
4 C0 73 0 74 0
0

0101000
+1400 0 -1713 0 *
Ed
 1e-07 1 1 0
1  204 0 8 9
2  188 73 0 8 9
4 C0 73 0 104 0
0

0101000
+1400 0 -1405 0 *
Wi

0101100
-1399 0 +1398 0 +1404 0 -1712 0 *
Fa
0  1e-07 73 0

0111000
+1397 0 *
Ve
1e-07
-68.2986617640929 488.148740622134 6.75922674136186
0 0

0101101
*
Ed
 1e-07 1 1 0
1  205 0 0 0.5
2  189 74 0 0 0.5
2  190 75 0 0 0.5
4 C0 74 0 75 0
0

0101000
+1395 0 -1711 0 *
Ed
 1e-07 1 1 0
1  206 0 7 8
2  191 74 0 7 8
4 C0 74 0 104 0
0

0101000
+1395 0 -1400 0 *
Wi

0101100
-1394 0 +1393 0 +1399 0 -1710 0 *
Fa
0  1e-07 74 0

0111000
+1392 0 *
Ve
1e-07
-65.1608226383092 488.148740622134 3.72884547983162
0 0

0101101
*
Ed
 1e-07 1 1 0
1  207 0 0 0.5
2  192 75 0 0 0.5
2  193 76 0 0 0.5
4 G1 75 0 76 0
0

0101000
+1390 0 -1709 0 *
Ed
 1e-07 1 1 0
1  208 0 6 7
2  194 75 0 6 7
4 C0 75 0 104 0
0

0101000
+1390 0 -1395 0 *
Wi

0101100
-1389 0 +1388 0 +1394 0 -1708 0 *
Fa
0  1e-07 75 0

0111000
+1387 0 *
Ve
1e-07
-65.3749481103178 488.148740622134 3.47403380711273
0 0

0101101
*
Ed
 1e-07 1 1 0
1  209 0 0 0.5
2  195 76 0 0 0.5
2  196 77 0 0 0.5
4 C0 76 0 77 0
0

0101000
+1385 0 -1707 0 *
Ed
 1e-07 1 1 0
1  210 0 5.05307453282423 6
2  197 76 0 5.05307453282423 6
4 C0 76 0 104 0
0

0101000
+1385 0 -1390 0 *
Wi

0101100
-1384 0 +1383 0 +1389 0 -1706 0 *
Fa
0  1e-07 76 0

0111000
+1382 0 *
Ve
1e-07
-68.5096947817474 488.148740622134 6.49702014776091
0 0

0101101
*
Ed
 1e-07 1 1 0
1  211 0 0 0.5
2  198 77 0 0 0.5
2  199 78 0 0 0.5
4 C0 77 0 78 0
0

0101000
+1380 0 -1705 0 *
Ed
 1e-07 1 1 0
1  212 0 4 4.96123427625203
2  200 77 0 4 4.96123427625203
4 C0 77 0 104 0
0

0101000
+1380 0 -1385 0 *
Wi

0101100
-1379 0 +1378 0 +1384 0 -1704 0 *
Fa
0  1e-07 77 0

0111000
+1377 0 *
Ve
1e-07
-68.8502966977893 488.148740622134 6.39000453985597
0 0

0101101
*
Ed
 1e-07 1 1 0
1  213 0 0 0.5
2  201 78 0 0 0.5
2  202 79 0 0 0.5
4 C0 78 0 79 0
0

0101000
+1375 0 -1703 0 *
Ed
 1e-07 1 1 0
1  214 0 3 4
2  203 78 0 3 4
4 C0 78 0 104 0
0

0101000
+1375 0 -1380 0 *
Wi

0101100
-1374 0 +1373 0 +1379 0 -1702 0 *
Fa
0  1e-07 78 0

0111000
+1372 0 *
Ve
1e-07
-68.8694586403633 488.148740622134 4.53281508108199
0 0

0101101
*
Ed
 1e-07 1 1 0
1  215 0 0 0.5
2  204 79 0 0 0.5
2  205 80 0 0 0.5
4 C0 79 0 80 0
0

0101000
+1370 0 -1701 0 *
Ed
 1e-07 1 1 0
1  216 0 2 3
2  206 79 0 2 3
4 C0 79 0 104 0
0

0101000
+1370 0 -1375 0 *
Wi

0101100
-1369 0 +1368 0 +1374 0 -1700 0 *
Fa
0  1e-07 79 0

0111000
+1367 0 *
Ve
1e-07
-68.2483083819712 488.148740622134 3.2763099184977
0 0

0101101
*
Ed
 1e-07 1 1 0
1  217 0 0 0.5
2  207 80 0 0 0.5
2  208 81 0 0 0.5
4 C0 80 0 81 0
0

0101000
+1365 0 -1699 0 *
Ed
 1e-07 1 1 0
1  218 0 1 2
2  209 80 0 1 2
4 C0 80 0 104 0
0

0101000
+1365 0 -1370 0 *
Wi

0101100
-1364 0 +1363 0 +1369 0 -1698 0 *
Fa
0  1e-07 80 0

0111000
+1362 0 *
Ed
 1e-07 1 1 0
1  219 0 0 1
2  210 81 0 0 1
4 C0 81 0 104 0
0

0101000
+1490 0 -1365 0 *
Wi

0101100
-1488 0 +1360 0 +1364 0 -1697 0 *
Fa
0  1e-07 81 0

0111000
+1359 0 *
Wi

0101100
+1489 0 +1360 0 +1363 0 +1368 0 +1373 0 +1378 0 +1383 0 +1388 0 +1393 0 +1398 0 
+1403 0 +1408 0 +1413 0 +1418 0 +1423 0 +1428 0 +1433 0 +1438 0 +1443 0 +1448 0 
+1453 0 +1458 0 +1463 0 +1468 0 +1473 0 +1478 0 +1483 0 *
Fa
0  1e-07 104 0

0111000
-1357 0 *
Ve
1e-07
-58.4623533381219 488.148740622134 6.71082059501444
0 0

0101101
*
Ed
 1e-07 1 1 0
1  220 0 0 0.5
2  211 46 0 0 0.5
2  212 47 0 0 0.5
4 C0 46 0 47 0
0

0101000
+1355 0 -1769 0 *
Ve
1e-07
-57.627839614602 488.148740622134 6.7195400395031
0 0

0101101
*
Ed
 1e-07 1 1 0
1  221 0 7 8
2  213 46 0 7 8
4 C0 46 0 105 0
0

0101000
+1355 0 -1353 0 *
Ed
 1e-07 1 1 0
1  222 0 0 0.5
2  214 46 0 0 0.5
4 C0 46 0 54 0
0

0101000
+1353 0 -1768 0 *
Wi

0101100
-1354 0 +1352 0 +1351 0 -1767 0 *
Fa
0  1e-07 46 0

0111000
+1350 0 *
Ve
1e-07
-63.9816281230896 488.148740622134 1.02679284379616
0 0

0101101
*
Ed
 1e-07 1 1 0
1  223 0 0 0.5
2  215 47 0 0 0.5
2  216 48 0 0 0.5
4 C0 47 0 48 0
0

0101000
+1348 0 -1766 0 *
Ed
 1e-07 1 1 0
1  224 0 8 9
2  217 47 0 8 9
4 C0 47 0 105 0
0

0101000
+1348 0 -1355 0 *
Wi

0101100
-1347 0 +1346 0 +1354 0 -1765 0 *
Fa
0  1e-07 47 0

0111000
+1345 0 *
Ve
1e-07
-64.8836977579075 488.148740622134 -0.0585447472876126
0 0

0101101
*
Ed
 1e-07 1 1 0
1  225 0 0 0.5
2  218 48 0 0 0.5
2  219 49 0 0 0.5
4 C0 48 0 49 0
0

0101000
+1343 0 -1764 0 *
Ed
 1e-07 1 1 0
1  226 0 0 1
2  220 48 0 0 1
4 C0 48 0 105 0
0

0101000
+1343 0 -1348 0 *
Wi

0101100
-1342 0 +1341 0 +1347 0 -1763 0 *
Fa
0  1e-07 48 0

0111000
+1340 0 *
Ve
1e-07
-64.8889860115629 488.148740622134 -5.10923249799356
0 0

0101101
*
Ed
 1e-07 1 1 0
1  227 0 0 0.5
2  221 49 0 0 0.5
2  222 50 0 0 0.5
4 G1 49 0 50 0
0

0101000
+1338 0 -1762 0 *
Ed
 1e-07 1 1 0
1  228 0 1 2
2  223 49 0 1 2
4 C0 49 0 105 0
0

0101000
+1338 0 -1343 0 *
Wi

0101100
-1337 0 +1336 0 +1342 0 -1761 0 *
Fa
0  1e-07 49 0

0111000
+1335 0 *
Ve
1e-07
-61.0376393688466 488.148740622134 -5.02676290614357
0 0

0101101
*
Ed
 1e-07 1 1 0
1  229 0 0 0.5
2  224 50 0 0 0.5
2  225 51 0 0 0.5
4 C0 50 0 51 0
0

0101000
+1333 0 -1760 0 *
Ed
 1e-07 1 1 0
1  230 0 2 3
2  226 50 0 2 3
4 C0 50 0 105 0
0

0101000
+1333 0 -1338 0 *
Wi

0101100
-1332 0 +1331 0 +1337 0 -1759 0 *
Fa
0  1e-07 50 0

0111000
+1330 0 *
Ve
1e-07
-60.1067017279098 488.148740622134 -2.44888038820767
0 0

0101101
*
Ed
 1e-07 1 1 0
1  231 0 0 0.5
2  227 51 0 0 0.5
2  228 52 0 0 0.5
4 C0 51 0 52 0
0

0101000
+1328 0 -1758 0 *
Ed
 1e-07 1 1 0
1  232 0 3 4
2  229 51 0 3 4
4 C0 51 0 105 0
0

0101000
+1328 0 -1333 0 *
Wi

0101100
-1327 0 +1326 0 +1332 0 -1757 0 *
Fa
0  1e-07 51 0

0111000
+1325 0 *
Ve
1e-07
-54.6076305365962 488.148740622134 3.23813587753605
0 0

0101101
*
Ed
 1e-07 1 1 0
1  233 0 0 0.5
2  230 52 0 0 0.5
2  231 53 0 0 0.5
4 C0 52 0 53 0
0

0101000
+1323 0 -1756 0 *
Ed
 1e-07 1 1 0
1  234 0 4 5
2  232 52 0 4 5
4 C0 52 0 105 0
0

0101000
+1323 0 -1328 0 *
Wi

0101100
-1322 0 +1321 0 +1327 0 -1755 0 *
Fa
0  1e-07 52 0

0111000
+1320 0 *
Ve
1e-07
-54.5669436488688 488.148740622134 3.74252738174712
0 0

0101101
*
Ed
 1e-07 1 1 0
1  235 0 0 0.5
2  233 53 0 0 0.5
4 C0 53 0 54 0
0

0101000
+1318 0 -1754 0 *
Ed
 1e-07 1 1 0
1  236 0 5 6
2  234 53 0 5 6
4 C0 53 0 105 0
0

0101000
+1318 0 -1323 0 *
Wi

0101100
-1317 0 +1316 0 +1322 0 -1753 0 *
Fa
0  1e-07 53 0

0111000
+1315 0 *
Ed
 1e-07 1 1 0
1  237 0 -4.26985813317973 0
4 C0 54 0 105 0
0

0101000
+1353 0 -1318 0 *
Wi

0101100
+1752 0 -1317 0 -1313 0 +1351 0 *
Fa
0  1e-07 54 0

0111000
-1312 0 *
Wi

0101100
+1352 0 +1313 0 +1316 0 +1321 0 +1326 0 +1331 0 +1336 0 +1341 0 +1346 0 *
Fa
0  1e-07 105 0

0111000
-1310 0 *
Ve
1e-07
-51.3662361991614 488.148740622134 -12.9987075813169
0 0

0101101
*
Ed
 1e-07 1 1 0
1  238 0 0 0.5
2  235 36 0 0 0.5
2  236 37 0 0 0.5
4 C0 36 0 37 0
0

0101000
+1308 0 -1790 0 *
Ve
1e-07
-53.9340678170692 488.148740622134 -10.4662345756273
0 0

0101101
*
Ed
 1e-07 1 1 0
1  239 0 9 10
2  237 36 0 9 10
4 C0 36 0 106 0
0

0101000
+1308 0 -1306 0 *
Ed
 1e-07 1 1 0
1  240 0 0 0.5
2  238 36 0 0 0.5
2  239 45 0 0 0.5
4 C0 36 0 45 0
0

0101000
+1306 0 -1789 0 *
Wi

0101100
-1307 0 +1305 0 +1304 0 -1788 0 *
Fa
0  1e-07 36 0

0111000
+1303 0 *
Ve
1e-07
-50.7316696861082 488.148740622134 -13.0917294958935
0 0

0101101
*
Ed
 1e-07 1 1 0
1  241 0 0 0.5
2  240 37 0 0 0.5
4 C0 37 0 38 0
0

0101000
+1301 0 -1787 0 *
Ed
 1e-07 1 1 0
1  242 0 8 9
2  241 37 0 8 9
4 C0 37 0 106 0
0

0101000
+1301 0 -1308 0 *
Wi

0101100
-1300 0 +1299 0 +1307 0 -1786 0 *
Fa
0  1e-07 37 0

0111000
+1298 0 *
Ve
1e-07
-43.9189687362234 488.148740622134 -9.61358059538219
0 0

0101101
*
Ed
 1e-07 1 1 0
1  243 0 0 7.64921002500842
4 C0 38 0 106 0
0

0101000
+1296 0 -1301 0 *
Ed
 1e-07 1 1 0
1  244 0 0 0.5
2  242 39 0 0 0.5
4 C0 38 0 39 0
0

0101000
+1296 0 -1785 0 *
Wi

0101100
+1784 0 -1300 0 -1295 0 +1294 0 *
Fa
0  1e-07 38 0

0111000
-1293 0 *
Ve
1e-07
-43.650193862316 488.148740622134 -9.29168682691756
0 0

0101101
*
Ed
 1e-07 1 1 0
1  245 0 0 0.5
2  243 39 0 0 0.5
2  244 40 0 0 0.5
4 C0 39 0 40 0
0

0101000
+1291 0 -1783 0 *
Ed
 1e-07 1 1 0
1  246 0 6 7
2  245 39 0 6 7
4 C0 39 0 106 0
0

0101000
+1291 0 -1296 0 *
Wi

0101100
-1290 0 +1289 0 +1294 0 -1782 0 *
Fa
0  1e-07 39 0

0111000
+1288 0 *
Ve
1e-07
-43.1725082124208 488.148740622134 -7.92203101818899
0 0

0101101
*
Ed
 1e-07 1 1 0
1  247 0 0 0.5
2  246 40 0 0 0.5
2  247 41 0 0 0.5
4 C0 40 0 41 0
0

0101000
+1286 0 -1781 0 *
Ed
 1e-07 1 1 0
1  248 0 5 6
2  248 40 0 5 6
4 C0 40 0 106 0
0

0101000
+1286 0 -1291 0 *
Wi

0101100
-1285 0 +1284 0 +1290 0 -1780 0 *
Fa
0  1e-07 40 0

0111000
+1283 0 *
Ve
1e-07
-43.2973698988235 488.148740622134 -7.38450719071437
0 0

0101101
*
Ed
 1e-07 1 1 0
1  249 0 0 0.5
2  249 41 0 0 0.5
2  250 42 0 0 0.5
4 C0 41 0 42 0
0

0101000
+1281 0 -1779 0 *
Ed
 1e-07 1 1 0
1  250 0 4 5
2  251 41 0 4 5
4 C0 41 0 106 0
0

0101000
+1281 0 -1286 0 *
Wi

0101100
-1280 0 +1279 0 +1285 0 -1778 0 *
Fa
0  1e-07 41 0

0111000
+1278 0 *
Ve
1e-07
-45.0784074212267 488.148740622134 -5.54297418659911
0 0

0101101
*
Ed
 1e-07 1 1 0
1  251 0 0 0.5
2  252 42 0 0 0.5
2  253 43 0 0 0.5
4 C0 42 0 43 0
0

0101000
+1276 0 -1777 0 *
Ed
 1e-07 1 1 0
1  252 0 3 4
2  254 42 0 3 4
4 C0 42 0 106 0
0

0101000
+1276 0 -1281 0 *
Wi

0101100
-1275 0 +1274 0 +1280 0 -1776 0 *
Fa
0  1e-07 42 0

0111000
+1273 0 *
Ve
1e-07
-45.7269722261806 488.148740622134 -5.41365257099727
0 0

0101101
*
Ed
 1e-07 1 1 0
1  253 0 0 0.5
2  255 43 0 0 0.5
2  256 44 0 0 0.5
4 C0 43 0 44 0
0

0101000
+1271 0 -1775 0 *
Ed
 1e-07 1 1 0
1  254 0 2 3
2  257 43 0 2 3
4 C0 43 0 106 0
0

0101000
+1271 0 -1276 0 *
Wi

0101100
-1270 0 +1269 0 +1275 0 -1774 0 *
Fa
0  1e-07 43 0

0111000
+1268 0 *
Ve
1e-07
-53.8608448054028 488.148740622134 -9.68437572355009
0 0

0101101
*
Ed
 1e-07 1 1 0
1  255 0 0 0.5
2  258 44 0 0 0.5
2  259 45 0 0 0.5
4 C0 44 0 45 0
0

0101000
+1266 0 -1773 0 *
Ed
 1e-07 1 1 0
1  256 0 1 2
2  260 44 0 1 2
4 C0 44 0 106 0
0

0101000
+1266 0 -1271 0 *
Wi

0101100
-1265 0 +1264 0 +1270 0 -1772 0 *
Fa
0  1e-07 44 0

0111000
+1263 0 *
Ed
 1e-07 1 1 0
1  257 0 0 1
2  261 45 0 0 1
4 C0 45 0 106 0
0

0101000
+1306 0 -1266 0 *
Wi

0101100
-1304 0 +1261 0 +1265 0 -1771 0 *
Fa
0  1e-07 45 0

0111000
+1260 0 *
Wi

0101100
+1305 0 +1261 0 +1264 0 +1269 0 +1274 0 +1279 0 +1284 0 +1289 0 +1295 0 +1299 0 
*
Fa
0  1e-07 106 0

0111000
+1258 0 *
Ve
1e-07
-58.2040080489988 488.148740622134 -6.19954327901766
0 0

0101101
*
Ed
 1e-07 1 1 0
1  258 0 0 0.5
2  262 26 0 0 0.5
4 C0 26 0 27 0
0

0101000
+1256 0 -1811 0 *
Ve
1e-07
-58.1163674044936 488.148740622134 -5.45408121989107
0 0

0101101
*
Ed
 1e-07 1 1 0
1  259 0 0 1
2  263 26 0 0 1
4 C0 26 0 107 0
0

0101000
+1256 0 -1254 0 *
Ed
 1e-07 1 1 0
1  260 0 0 0.5
2  264 26 0 0 0.5
2  265 35 0 0 0.5
4 C0 26 0 35 0
0

0101000
+1254 0 -1810 0 *
Wi

0101100
-1255 0 +1253 0 +1252 0 -1809 0 *
Fa
0  1e-07 26 0

0111000
+1251 0 *
Ve
1e-07
-55.5445168375384 488.148740622134 -8.83889995986823
0 0

0101101
*
Ed
 1e-07 1 1 0
1  261 0 0 3.74687832636525
4 C0 27 0 107 0
0

0101000
+1249 0 -1256 0 *
Ed
 1e-07 1 1 0
1  262 0 0 0.5
2  266 28 0 0 0.5
4 C0 27 0 28 0
0

0101000
+1249 0 -1808 0 *
Wi

0101100
+1807 0 -1255 0 -1248 0 +1247 0 *
Fa
0  1e-07 27 0

0111000
-1246 0 *
Ve
1e-07
-54.9475150449208 488.148740622134 -8.92130112179706
0 0

0101101
*
Ed
 1e-07 1 1 0
1  263 0 0 0.5
2  267 28 0 0 0.5
2  268 29 0 0 0.5
4 C0 28 0 29 0
0

0101000
+1244 0 -1806 0 *
Ed
 1e-07 1 1 0
1  264 0 8 9
2  269 28 0 8 9
4 C0 28 0 107 0
0

0101000
+1244 0 -1249 0 *
Wi

0101100
-1243 0 +1242 0 +1247 0 -1805 0 *
Fa
0  1e-07 28 0

0111000
+1241 0 *
Ve
1e-07
-48.2485626943117 488.148740622134 -5.38677165463099
0 0

0101101
*
Ed
 1e-07 1 1 0
1  265 0 0 0.5
2  270 29 0 0 0.5
2  271 30 0 0 0.5
4 C0 29 0 30 0
0

0101000
+1239 0 -1804 0 *
Ed
 1e-07 1 1 0
1  266 0 7 8
2  272 29 0 7 8
4 C0 29 0 107 0
0

0101000
+1239 0 -1244 0 *
Wi

0101100
-1238 0 +1237 0 +1243 0 -1803 0 *
Fa
0  1e-07 29 0

0111000
+1236 0 *
Ve
1e-07
-47.943696878872 488.148740622134 -5.05088323817742
0 0

0101101
*
Ed
 1e-07 1 1 0
1  267 0 0 0.5
2  273 30 0 0 0.5
2  274 31 0 0 0.5
4 C0 30 0 31 0
0

0101000
+1234 0 -1802 0 *
Ed
 1e-07 1 1 0
1  268 0 6 7
2  275 30 0 6 7
4 C0 30 0 107 0
0

0101000
+1234 0 -1239 0 *
Wi

0101100
-1233 0 +1232 0 +1238 0 -1801 0 *
Fa
0  1e-07 30 0

0111000
+1231 0 *
Ve
1e-07
-47.4634793681981 488.148740622134 -3.73056989828905
0 0

0101101
*
Ed
 1e-07 1 1 0
1  269 0 0 0.5
2  276 31 0 0 0.5
2  277 32 0 0 0.5
4 C0 31 0 32 0
0

0101000
+1229 0 -1800 0 *
Ed
 1e-07 1 1 0
1  270 0 5 6
2  278 31 0 5 6
4 C0 31 0 107 0
0

0101000
+1229 0 -1234 0 *
Wi

0101100
-1228 0 +1227 0 +1233 0 -1799 0 *
Fa
0  1e-07 31 0

0111000
+1226 0 *
Ve
1e-07
-47.5535250076203 488.148740622134 -3.14190316478101
0 0

0101101
*
Ed
 1e-07 1 1 0
1  271 0 0 0.5
2  279 32 0 0 0.5
2  280 33 0 0 0.5
4 C0 32 0 33 0
0

0101000
+1224 0 -1798 0 *
Ed
 1e-07 1 1 0
1  272 0 4 5
2  281 32 0 4 5
4 C0 32 0 107 0
0

0101000
+1224 0 -1229 0 *
Wi

0101100
-1223 0 +1222 0 +1228 0 -1797 0 *
Fa
0  1e-07 32 0

0111000
+1221 0 *
Ve
1e-07
-49.4088390046051 488.148740622134 -1.3040681269776
0 0

0101101
*
Ed
 1e-07 1 1 0
1  273 0 0 0.5
2  282 33 0 0 0.5
2  283 34 0 0 0.5
4 C0 33 0 34 0
0

0101000
+1219 0 -1796 0 *
Ed
 1e-07 1 1 0
1  274 0 3 4
2  284 33 0 3 4
4 C0 33 0 107 0
0

0101000
+1219 0 -1224 0 *
Wi

0101100
-1218 0 +1217 0 +1223 0 -1795 0 *
Fa
0  1e-07 33 0

0111000
+1216 0 *
Ve
1e-07
-49.968708936774 488.148740622134 -1.21945265277961
0 0

0101101
*
Ed
 1e-07 1 1 0
1  275 0 0 0.5
2  285 34 0 0 0.5
2  286 35 0 0 0.5
4 C0 34 0 35 0
0

0101000
+1214 0 -1794 0 *
Ed
 1e-07 1 1 0
1  276 0 2 3
2  287 34 0 2 3
4 C0 34 0 107 0
0

0101000
+1214 0 -1219 0 *
Wi

0101100
-1213 0 +1212 0 +1218 0 -1793 0 *
Fa
0  1e-07 34 0

0111000
+1211 0 *
Ed
 1e-07 1 1 0
1  277 0 1 2
2  288 35 0 1 2
4 C0 35 0 107 0
0

0101000
+1254 0 -1214 0 *
Wi

0101100
-1252 0 +1209 0 +1213 0 -1792 0 *
Fa
0  1e-07 35 0

0111000
+1208 0 *
Wi

0101100
+1253 0 +1209 0 +1212 0 +1217 0 +1222 0 +1227 0 +1232 0 +1237 0 +1242 0 +1248 0 
*
Fa
0  1e-07 107 0

0111000
-1206 0 *
Ve
1e-07
-47.2615325536614 488.148740622134 -16.9151632348557
0 0

0101101
*
Ed
 1e-07 1 1 0
1  278 0 0 0.5
2  289 20 0 0 0.5
2  290 21 0 0 0.5
4 C0 20 0 21 0
0

0101000
+1204 0 -1824 0 *
Ve
1e-07
-49.6721469176924 488.148740622134 -14.5725852995319
0 0

0101101
*
Ed
 1e-07 1 1 0
1  279 0 5 6
2  291 20 0 5 6
4 C0 20 0 108 0
0

0101000
+1204 0 -1202 0 *
Ed
 1e-07 1 1 0
1  280 0 0 0.5
2  292 20 0 0 0.5
2  293 25 0 0 0.5
4 C0 20 0 25 0
0

0101000
+1202 0 -1823 0 *
Wi

0101100
-1203 0 +1201 0 +1200 0 -1822 0 *
Fa
0  1e-07 20 0

0111000
+1199 0 *
Ve
1e-07
-46.4791793354609 488.148740622134 -16.7415487157049
0 0

0101101
*
Ed
 1e-07 1 1 0
1  281 0 0 0.5
2  294 21 0 0 0.5
2  295 22 0 0 0.5
4 G1 21 0 22 0
0

0101000
+1197 0 -1821 0 *
Ed
 1e-07 1 1 0
1  282 0 4 5
2  296 21 0 4 5
4 C0 21 0 108 0
0

0101000
+1197 0 -1204 0 *
Wi

0101100
-1196 0 +1195 0 +1203 0 -1820 0 *
Fa
0  1e-07 21 0

0111000
+1194 0 *
Ve
1e-07
-44.7531467516696 488.148740622134 -12.2974224746985
0 0

0101101
*
Ed
 1e-07 1 1 0
1  283 0 0 0.5
2  297 22 0 0 0.5
2  298 23 0 0 0.5
4 C0 22 0 23 0
0

0101000
+1192 0 -1819 0 *
Ed
 1e-07 1 1 0
1  284 0 3 4
2  299 22 0 3 4
4 C0 22 0 108 0
0

0101000
+1192 0 -1197 0 *
Wi

0101100
-1191 0 +1190 0 +1196 0 -1818 0 *
Fa
0  1e-07 22 0

0111000
+1189 0 *
Ve
1e-07
-45.4385054140812 488.148740622134 -11.663286789992
0 0

0101101
*
Ed
 1e-07 1 1 0
1  285 0 0 0.5
2  300 23 0 0 0.5
2  301 24 0 0 0.5
4 C0 23 0 24 0
0

0101000
+1187 0 -1817 0 *
Ed
 1e-07 1 1 0
1  286 0 2 3
2  302 23 0 2 3
4 C0 23 0 108 0
0

0101000
+1187 0 -1192 0 *
Wi

0101100
-1186 0 +1185 0 +1191 0 -1816 0 *
Fa
0  1e-07 23 0

0111000
+1184 0 *
Ve
1e-07
-49.5454677738448 488.148740622134 -13.862359393689
0 0

0101101
*
Ed
 1e-07 1 1 0
1  287 0 0 0.5
2  303 24 0 0 0.5
2  304 25 0 0 0.5
4 C0 24 0 25 0
0

0101000
+1182 0 -1815 0 *
Ed
 1e-07 1 1 0
1  288 0 1 2
2  305 24 0 1 2
4 C0 24 0 108 0
0

0101000
+1182 0 -1187 0 *
Wi

0101100
-1181 0 +1180 0 +1186 0 -1814 0 *
Fa
0  1e-07 24 0

0111000
+1179 0 *
Ed
 1e-07 1 1 0
1  289 0 0 1
2  306 25 0 0 1
4 C0 25 0 108 0
0

0101000
+1202 0 -1182 0 *
Wi

0101100
-1200 0 +1177 0 +1181 0 -1813 0 *
Fa
0  1e-07 25 0

0111000
+1176 0 *
Wi

0101100
+1201 0 +1177 0 +1180 0 +1185 0 +1190 0 +1195 0 *
Fa
0  1e-07 108 0

0111000
-1174 0 *
Ve
1e-07
-89.7690553811557 496.148740622134 73.911773809697
0 0

0101101
*
Ed
 1e-07 1 1 0
1  290 0 2 9.5
2  307 16 0 2 9.5
4 G1 17 0 16 0
0

0101000
+1172 0 -1833 0 *
Ve
1e-07
-96.1190553811557 496.148740622134 73.911773809697
0 0

0101101
*
Ed
 1e-07 1 1 0
1  291 0 -6.35000000000001 -0
2  308 109 0 -6.35000000000001 -0
4 G1 17 0 109 0
0

0101000
+1172 0 -1170 0 *
Ed
 1e-07 1 1 0
1  292 0 2 9.5
2  309 18 0 2 9.5
4 G1 17 0 18 0
0

0101000
+1170 0 -1830 0 *
Wi

0101100
-1171 0 +1169 0 +1168 0 +1829 0 *
Fa
0  1e-07 17 0

0111000
-1167 0 *
Ve
1e-07
-89.7690553811557 496.148740622134 61.211773809697
0 0

0101101
*
Ed
 1e-07 1 1 0
1  293 0 2 9.5
2  310 16 0 2 9.5
4 G1 16 0 19 0
0

0101000
+1165 0 -1832 0 *
Ed
 1e-07 1 1 0
1  294 0 3.14159265358979 6.28318530717959
2  311 16 0 3.14159265358979 6.28318530717959
2  312 110 0 3.14159265358979 6.28318530717959
4 G1 16 0 110 0
0

0101000
+1165 0 -1172 0 *
Wi

0101100
-1164 0 +1163 0 +1171 0 +1831 0 *
Fa
0  1e-07 16 0

0111000
+1162 0 *
Ve
1e-07
-96.1190553811557 496.148740622134 61.211773809697
0 0

0101101
*
Ed
 1e-07 1 1 0
1  295 0 2 9.5
2  313 18 0 2 9.5
4 G1 19 0 18 0
0

0101000
+1160 0 -1828 0 *
Ed
 1e-07 1 1 0
1  296 0 0 6.35000000000001
2  314 111 0 0 6.35000000000001
4 G1 19 0 111 0
0

0101000
+1160 0 -1165 0 *
Wi

0101100
-1159 0 +1158 0 +1164 0 -1826 0 *
Fa
0  1e-07 19 0

0111000
+1157 0 *
Ed
 1e-07 1 1 0
1  297 0 0 3.14159265358979
2  315 18 0 0 3.14159265358979
2  316 112 0 0 3.14159265358979
4 G1 18 0 112 0
0

0101000
+1170 0 -1160 0 *
Wi

0101100
-1168 0 +1155 0 +1159 0 +1827 0 *
Fa
0  1e-07 18 0

0111000
+1154 0 *
Ve
1e-07
-89.7690553811557 498.148740622134 63.211773809697
0 0

0101101
*
Ve
1e-07
-96.1190553811557 498.148740622134 63.211773809697
0 0

0101101
*
Ed
 1e-07 1 1 0
1  298 0 0 6.35000000000001
2  317 111 0 0 6.35000000000001
4 G1 113 0 111 0
0

0101000
+1152 0 -1151 0 *
Ve
1e-07
-96.1190553811557 498.148740622134 71.911773809697
0 0

0101101
*
Ed
 1e-07 1 1 0
1  299 0 3.14159265358979 6.28318530717959
2  318 112 0 3.14159265358979 6.28318530717959
4 G1 113 0 112 0
0

0101000
+1151 0 -1149 0 *
Ve
1e-07
-89.7690553811557 498.148740622134 71.911773809697
0 0

0101101
*
Ed
 1e-07 1 1 0
1  300 0 -6.35000000000001 0
2  319 109 0 -6.35000000000001 0
4 G1 113 0 109 0
0

0101000
+1149 0 -1147 0 *
Ed
 1e-07 1 1 0
1  301 0 0 3.14159265358979
2  320 110 0 0 3.14159265358979
4 G1 113 0 110 0
0

0101000
+1147 0 -1152 0 *
Wi

0101100
+1150 0 +1148 0 +1146 0 +1145 0 *
Fa
0  1e-07 113 0

0111000
+1144 0 *
Ed
 1e-07 1 1 0
1  302 0 0 1.5707963267949
2  321 110 0 0 1.5707963267949
2  322 109 0 0 1.5707963267949
4 G1 110 0 109 0
0

0101000
+1172 0 -1147 0 *
Ed
 1e-07 1 1 0
1  303 0 1.5707963267949 3.14159265358979
2  323 110 0 1.5707963267949 3.14159265358979
2  324 111 0 1.5707963267949 3.14159265358979
4 G1 110 0 111 0
0

0101000
+1152 0 -1165 0 *
Wi

0101100
-1142 0 -1163 0 -1141 0 -1145 0 *
Fa
0  1e-07 110 0

0111000
+1140 0 *
Ed
 1e-07 1 1 0
1  304 0 1.5707963267949 3.14159265358979
2  325 111 0 1.5707963267949 3.14159265358979
2  326 112 0 1.5707963267949 3.14159265358979
4 G1 111 0 112 0
0

0101000
+1151 0 -1160 0 *
Wi

0101100
+1141 0 -1158 0 -1138 0 -1150 0 *
Fa
0  1e-07 111 0

0111000
+1137 0 *
Ed
 1e-07 1 1 0
1  305 0 0 1.5707963267949
2  327 109 0 0 1.5707963267949
2  328 112 0 0 1.5707963267949
4 G1 109 0 112 0
0

0101000
+1170 0 -1149 0 *
Wi

0101100
+1142 0 -1146 0 -1135 0 -1169 0 *
Fa
0  1e-07 109 0

0111000
+1134 0 *
Wi

0101100
+1138 0 -1155 0 +1135 0 -1148 0 *
Fa
0  1e-07 112 0

0111000
+1132 0 *
Sh

0101100
+1864 0 -1854 0 +1651 0 -1628 0 -1624 0 +1621 0 -1618 0 +1615 0 -1612 0 +1610 0 
-1607 0 +1604 0 -1601 0 -1599 0 -1597 0 +1590 0 +1585 0 +1580 0 +1575 0 +1570 0 
+1565 0 +1562 0 +1560 0 +1553 0 +1548 0 +1543 0 +1538 0 +1533 0 +1528 0 +1523 0 
+1518 0 +1513 0 +1508 0 +1503 0 +1498 0 +1495 0 -1493 0 -1486 0 -1481 0 -1476 0 
-1471 0 -1466 0 -1461 0 -1456 0 -1451 0 -1446 0 -1441 0 -1436 0 -1431 0 -1426 0 
-1421 0 -1416 0 -1411 0 -1406 0 -1401 0 -1396 0 -1391 0 -1386 0 -1381 0 -1376 0 
-1371 0 -1366 0 -1361 0 -1358 0 -1356 0 -1349 0 -1344 0 -1339 0 -1334 0 -1329 0 
-1324 0 -1319 0 -1314 0 -1311 0 -1309 0 -1302 0 -1297 0 -1292 0 -1287 0 -1282 0 
-1277 0 -1272 0 -1267 0 -1262 0 -1259 0 +1257 0 -1250 0 -1245 0 -1240 0 -1235 0 
-1230 0 -1225 0 -1220 0 -1215 0 -1210 0 -1207 0 -1205 0 -1198 0 -1193 0 -1188 0 
-1183 0 -1178 0 -1175 0 -1173 0 -1166 0 +1161 0 +1156 0 +1153 0 +1143 0 +1139 0 
+1136 0 +1133 0 +1131 0 *
So

0100000
+1130 0 *
Ve
1e-07
-75.8094890983007 366.648740622134 153.877434603391
0 0

0101101
*
Ve
1e-07
-75.8094890983007 381.648740622134 153.877434603391
0 0

0101101
*
Ed
 1e-07 1 1 0
1  306 0 -7.5 7.5
2  329 114 0 -7.5 7.5
2  330 115 0 -7.5 7.5
4 CN 114 0 115 0
0

0101000
+1128 0 -1127 0 *
Ve
1e-07
-46.4297155162039 366.648740622134 141.022027145272
0 0

0101101
*
Ed
 1e-07 1 1 0
1  307 0 3.14159265358979 3.96651389761365
2  331 114 0 3.14159265358979 3.96651389761365
4 C0 114 0 116 0
0

0101000
+1128 0 -1125 0 *
Ve
1e-07
-46.4297155162039 381.648740622134 141.022027145272
0 0

0101101
*
Ed
 1e-07 1 1 0
1  308 0 -0 15
2  332 114 0 -0 15
4 G1 114 0 117 0
0

0101000
+1123 0 -1125 0 *
Ed
 1e-07 1 1 0
1  309 0 3.14159265358979 3.96651389761365
2  333 114 0 3.14159265358979 3.96651389761365
4 C0 114 0 118 0
0

0101000
+1127 0 -1123 0 *
Wi

0101100
-1126 0 +1124 0 -1122 0 -1121 0 *
Fa
0  1e-07 114 0

0111000
+1120 0 *
Ve
1e-07
-92.9440553811557 381.648740622134 82.411773809697
0 0

0101101
*
Ve
1e-07
-92.9440553811557 366.648740622134 82.411773809697
0 0

0101101
*
Ed
 1e-07 1 1 0
1  310 0 -0 15
2  334 119 0 -0 15
2  335 120 0 -0 15
4 CN 119 0 120 0
0

0101000
+1118 0 -1117 0 *
Ve
1e-07
-92.9440553811557 366.648740622134 107.411773809697
0 0

0101101
*
Ed
 1e-07 1 1 0
1  311 0 3.14159265358979 6.28318530717959
2  336 119 0 3.14159265358979 6.28318530717959
4 C0 119 0 116 0
0

0101000
+1117 0 -1115 0 *
Ve
1e-07
-92.9440553811557 381.648740622134 107.411773809697
0 0

0101101
*
Ed
 1e-07 1 1 0
1  312 0 -0 15
2  337 119 0 -0 15
2  338 120 0 -0 15
4 CN 119 0 120 0
0

0101000
+1113 0 -1115 0 *
Ed
 1e-07 1 1 0
1  313 0 3.14159265358979 6.28318530717959
2  339 119 0 3.14159265358979 6.28318530717959
4 C0 119 0 118 0
0

0101000
+1118 0 -1113 0 *
Wi

0101100
+1116 0 +1114 0 -1112 0 -1111 0 *
Fa
0  1e-07 119 0

0111000
+1110 0 *
Ve
1e-07
-101.824055381156 381.648740622134 -75.388226190303
0 0

0101101
*
Ve
1e-07
-148.176374600423 381.648740622134 24.0146431570817
0 0

0101101
*
Ed
 1e-07 1 1 0
1  314 0 0 109.678931119418
4 C0 118 0 121 0
0

0101000
+1108 0 -1107 0 *
Ve
1e-07
-151.622497082228 381.648740622134 36.0168904942749
0 0

0101101
*
Ed
 1e-07 1 1 0
1  315 0 4.2760566673861 4.58951796555671
2  340 122 0 4.2760566673861 4.58951796555671
4 C0 118 0 122 0
0

0101000
+1107 0 -1105 0 *
Ve
1e-07
-158.188843354105 381.648740622134 89.1886519898883
0 0

0101101
*
Ed
 1e-07 1 1 0
1  316 0 0 53.5756766071002
4 C0 118 0 123 0
0

0101000
+1105 0 -1103 0 *
Ve
1e-07
-135.313984844481 381.648740622134 130.381179334965
0 0

0101101
*
Ed
 1e-07 1 1 0
1  317 0 4.58951796555671 5.84909044515287
2  341 124 0 4.58951796555671 5.84909044515287
4 C0 118 0 124 0
0

0101000
+1103 0 -1101 0 *
Ve
1e-07
-92.6330645519476 381.648740622134 150.167478816032
0 0

0101101
*
Ed
 1e-07 1 1 0
1  318 0 0 47.0442196680109
4 C0 118 0 125 0
0

0101000
+1101 0 -1099 0 *
Ed
 1e-07 1 1 0
1  319 0 2.70749779156308 3.14159265358979
2  342 115 0 2.70749779156308 3.14159265358979
4 C0 118 0 115 0
0

0101000
+1099 0 -1127 0 *
Ve
1e-07
-9.81660134582564 381.648740622134 101.394060624813
0 0

0101101
*
Ed
 1e-07 1 1 0
1  320 0 -53.9527187433569 0
4 C0 118 0 117 0
0

0101000
+1123 0 -1096 0 *
Ve
1e-07
-2.94406344645616 381.648740622134 91.1541985525598
0 0

0101101
*
Ed
 1e-07 1 1 0
1  321 0 3.96651389761363 4.2760566673861
2  343 126 0 3.96651389761363 4.2760566673861
4 C0 118 0 126 0
0

0101000
+1096 0 -1094 0 *
Ve
1e-07
74.7159446188443 381.648740622134 -75.388226190303
0 0

0101101
*
Ed
 1e-07 1 1 0
1  322 0 -183.759234031748 0
4 C0 118 0 127 0
0

0101000
+1094 0 -1092 0 *
Ed
 1e-07 1 1 0
1  323 0 -176.54 -0
4 C0 118 0 128 0
0

0101000
+1092 0 -1108 0 *
Wi

0101100
+1106 0 +1104 0 +1102 0 +1100 0 +1098 0 +1097 0 +1121 0 +1095 0 +1093 0 +1091 0 
+1090 0 *
Ed
 1e-07 1 1 0
1  324 0 0 3.14159265358979
2  344 120 0 0 3.14159265358979
4 C0 118 0 120 0
0

0101000
+1113 0 -1118 0 *
Wi

0101100
-1111 0 -1088 0 *
Fa
0  1e-07 118 0

0111000
+1089 0 +1087 0 *
Ve
1e-07
-101.824055381156 366.648740622134 -75.388226190303
0 0

0101101
*
Ve
1e-07
-148.176374600423 366.648740622134 24.0146431570817
0 0

0101101
*
Ed
 1e-07 1 1 0
1  325 0 0 109.678931119418
4 C0 116 0 121 0
0

0101000
+1085 0 -1084 0 *
Ve
1e-07
74.7159446188443 366.648740622134 -75.388226190303
0 0

0101101
*
Ed
 1e-07 1 1 0
1  326 0 -176.54 -0
4 C0 116 0 128 0
0

0101000
+1082 0 -1085 0 *
Ve
1e-07
-2.94406344645616 366.648740622134 91.1541985525598
0 0

0101101
*
Ed
 1e-07 1 1 0
1  327 0 -183.759234031748 0
4 C0 116 0 127 0
0

0101000
+1080 0 -1082 0 *
Ve
1e-07
-9.81660134582564 366.648740622134 101.394060624813
0 0

0101101
*
Ed
 1e-07 1 1 0
1  328 0 3.96651389761363 4.2760566673861
2  345 126 0 3.96651389761363 4.2760566673861
4 C0 116 0 126 0
0

0101000
+1078 0 -1080 0 *
Ed
 1e-07 1 1 0
1  329 0 -53.9527187433569 0
4 C0 116 0 117 0
0

0101000
+1125 0 -1078 0 *
Ve
1e-07
-92.6330645519476 366.648740622134 150.167478816032
0 0

0101101
*
Ed
 1e-07 1 1 0
1  330 0 2.70749779156308 3.14159265358979
2  346 115 0 2.70749779156308 3.14159265358979
4 C0 116 0 115 0
0

0101000
+1075 0 -1128 0 *
Ve
1e-07
-135.313984844481 366.648740622134 130.381179334965
0 0

0101101
*
Ed
 1e-07 1 1 0
1  331 0 0 47.0442196680109
4 C0 116 0 125 0
0

0101000
+1073 0 -1075 0 *
Ve
1e-07
-158.188843354105 366.648740622134 89.1886519898883
0 0

0101101
*
Ed
 1e-07 1 1 0
1  332 0 4.58951796555671 5.84909044515287
2  347 124 0 4.58951796555671 5.84909044515287
4 C0 116 0 124 0
0

0101000
+1071 0 -1073 0 *
Ve
1e-07
-151.622497082228 366.648740622134 36.0168904942749
0 0

0101101
*
Ed
 1e-07 1 1 0
1  333 0 0 53.5756766071002
4 C0 116 0 123 0
0

0101000
+1069 0 -1071 0 *
Ed
 1e-07 1 1 0
1  334 0 4.2760566673861 4.58951796555671
2  348 122 0 4.2760566673861 4.58951796555671
4 C0 116 0 122 0
0

0101000
+1084 0 -1069 0 *
Wi

0101100
-1083 0 -1081 0 -1079 0 -1077 0 -1076 0 -1124 0 -1074 0 -1072 0 -1070 0 -1068 0 
-1067 0 *
Ed
 1e-07 1 1 0
1  335 0 0 3.14159265358979
2  349 120 0 0 3.14159265358979
4 C0 116 0 120 0
0

0101000
+1115 0 -1117 0 *
Wi

0101100
+1114 0 +1065 0 *
Fa
0  1e-07 116 0

0111000
-1066 0 -1064 0 *
Ed
 1e-07 1 1 0
1  336 0 -0 15
2  350 122 0 -0 15
4 G1 121 0 122 0
0

0101000
+1107 0 -1084 0 *
Ed
 1e-07 1 1 0
1  337 0 -0 15
4 C0 121 0 128 0
0

0101000
+1108 0 -1085 0 *
Wi

0101100
+1083 0 -1062 0 -1106 0 +1061 0 *
Fa
0  1e-07 121 0

0111000
-1060 0 *
Ed
 1e-07 1 1 0
1  338 0 -0 15
2  351 122 0 -0 15
4 G1 122 0 123 0
0

0101000
+1105 0 -1069 0 *
Wi

0101100
+1067 0 -1058 0 -1104 0 +1062 0 *
Fa
0  1e-07 122 0

0111000
+1057 0 *
Ed
 1e-07 1 1 0
1  339 0 -0 15
2  352 124 0 -0 15
4 G1 123 0 124 0
0

0101000
+1103 0 -1071 0 *
Wi

0101100
+1068 0 -1055 0 -1102 0 +1058 0 *
Fa
0  1e-07 123 0

0111000
-1054 0 *
Ed
 1e-07 1 1 0
1  340 0 -0 15
2  353 124 0 -0 15
4 G1 124 0 125 0
0

0101000
+1101 0 -1073 0 *
Wi

0101100
+1070 0 -1052 0 -1100 0 +1055 0 *
Fa
0  1e-07 124 0

0111000
+1051 0 *
Ed
 1e-07 1 1 0
1  341 0 -0 15
2  354 115 0 -0 15
4 G1 125 0 115 0
0

0101000
+1099 0 -1075 0 *
Wi

0101100
+1072 0 -1049 0 -1098 0 +1052 0 *
Fa
0  1e-07 125 0

0111000
-1048 0 *
Wi

0101100
+1126 0 -1097 0 +1049 0 +1074 0 *
Fa
0  1e-07 115 0

0111000
+1046 0 *
Ed
 1e-07 1 1 0
1  342 0 -0 15
2  355 126 0 -0 15
4 G1 117 0 126 0
0

0101000
+1096 0 -1078 0 *
Wi

0101100
+1076 0 -1044 0 -1095 0 +1122 0 *
Fa
0  1e-07 117 0

0111000
-1043 0 *
Ed
 1e-07 1 1 0
1  343 0 -0 15
2  356 126 0 -0 15
4 G1 126 0 127 0
0

0101000
+1094 0 -1080 0 *
Wi

0101100
+1077 0 -1041 0 -1093 0 +1044 0 *
Fa
0  1e-07 126 0

0111000
+1040 0 *
Ed
 1e-07 1 1 0
1  344 0 -0 15
4 C0 127 0 128 0
0

0101000
+1092 0 -1082 0 *
Wi

0101100
+1079 0 -1038 0 -1091 0 +1041 0 *
Fa
0  1e-07 127 0

0111000
-1037 0 *
Wi

0101100
+1081 0 -1061 0 -1090 0 +1038 0 *
Fa
0  1e-07 128 0

0111000
-1035 0 *
Wi

0101100
+1065 0 -1116 0 -1088 0 +1112 0 *
Fa
0  1e-07 120 0

0111000
+1033 0 *
Sh

0101100
+1119 0 -1109 0 +1086 0 -1063 0 -1059 0 +1056 0 -1053 0 +1050 0 -1047 0 +1045 0 
-1042 0 +1039 0 -1036 0 -1034 0 -1032 0 *
So

0100000
+1031 0 *
Ve
1e-07
-75.8094890983007 259.648740622134 153.877434603391
0 0

0101101
*
Ve
1e-07
-75.8094890983007 274.648740622134 153.877434603391
0 0

0101101
*
Ed
 1e-07 1 1 0
1  345 0 -7.5 7.5
2  357 129 0 -7.5 7.5
2  358 130 0 -7.5 7.5
4 CN 129 0 130 0
0

0101000
+1029 0 -1028 0 *
Ve
1e-07
-46.4297155162039 259.648740622134 141.022027145272
0 0

0101101
*
Ed
 1e-07 1 1 0
1  346 0 3.14159265358979 3.96651389761365
2  359 129 0 3.14159265358979 3.96651389761365
4 C0 129 0 131 0
0

0101000
+1029 0 -1026 0 *
Ve
1e-07
-46.4297155162039 274.648740622134 141.022027145272
0 0

0101101
*
Ed
 1e-07 1 1 0
1  347 0 -0 15
2  360 129 0 -0 15
4 G1 129 0 132 0
0

0101000
+1024 0 -1026 0 *
Ed
 1e-07 1 1 0
1  348 0 3.14159265358979 3.96651389761365
2  361 129 0 3.14159265358979 3.96651389761365
4 C0 129 0 133 0
0

0101000
+1028 0 -1024 0 *
Wi

0101100
-1027 0 +1025 0 -1023 0 -1022 0 *
Fa
0  1e-07 129 0

0111000
+1021 0 *
Ve
1e-07
-92.9440553811557 274.648740622134 82.411773809697
0 0

0101101
*
Ve
1e-07
-92.9440553811557 259.648740622134 82.411773809697
0 0

0101101
*
Ed
 1e-07 1 1 0
1  349 0 -0 15
2  362 134 0 -0 15
2  363 135 0 -0 15
4 CN 134 0 135 0
0

0101000
+1019 0 -1018 0 *
Ve
1e-07
-92.9440553811557 259.648740622134 107.411773809697
0 0

0101101
*
Ed
 1e-07 1 1 0
1  350 0 3.14159265358979 6.28318530717959
2  364 134 0 3.14159265358979 6.28318530717959
4 C0 134 0 131 0
0

0101000
+1018 0 -1016 0 *
Ve
1e-07
-92.9440553811557 274.648740622134 107.411773809697
0 0

0101101
*
Ed
 1e-07 1 1 0
1  351 0 -0 15
2  365 134 0 -0 15
2  366 135 0 -0 15
4 CN 134 0 135 0
0

0101000
+1014 0 -1016 0 *
Ed
 1e-07 1 1 0
1  352 0 3.14159265358979 6.28318530717959
2  367 134 0 3.14159265358979 6.28318530717959
4 C0 134 0 133 0
0

0101000
+1019 0 -1014 0 *
Wi

0101100
+1017 0 +1015 0 -1013 0 -1012 0 *
Fa
0  1e-07 134 0

0111000
+1011 0 *
Ve
1e-07
-101.824055381156 274.648740622134 -75.388226190303
0 0

0101101
*
Ve
1e-07
-148.176374600423 274.648740622134 24.0146431570817
0 0

0101101
*
Ed
 1e-07 1 1 0
1  353 0 0 109.678931119418
4 C0 133 0 136 0
0

0101000
+1009 0 -1008 0 *
Ve
1e-07
-151.622497082228 274.648740622134 36.0168904942749
0 0

0101101
*
Ed
 1e-07 1 1 0
1  354 0 4.2760566673861 4.58951796555671
2  368 137 0 4.2760566673861 4.58951796555671
4 C0 133 0 137 0
0

0101000
+1008 0 -1006 0 *
Ve
1e-07
-158.188843354105 274.648740622134 89.1886519898883
0 0

0101101
*
Ed
 1e-07 1 1 0
1  355 0 0 53.5756766071002
4 C0 133 0 138 0
0

0101000
+1006 0 -1004 0 *
Ve
1e-07
-135.313984844481 274.648740622134 130.381179334965
0 0

0101101
*
Ed
 1e-07 1 1 0
1  356 0 4.58951796555671 5.84909044515287
2  369 139 0 4.58951796555671 5.84909044515287
4 C0 133 0 139 0
0

0101000
+1004 0 -1002 0 *
Ve
1e-07
-92.6330645519476 274.648740622134 150.167478816032
0 0

0101101
*
Ed
 1e-07 1 1 0
1  357 0 0 47.0442196680109
4 C0 133 0 140 0
0

0101000
+1002 0 -1000 0 *
Ed
 1e-07 1 1 0
1  358 0 2.70749779156308 3.14159265358979
2  370 130 0 2.70749779156308 3.14159265358979
4 C0 133 0 130 0
0

0101000
+1000 0 -1028 0 *
Ve
1e-07
-9.81660134582564 274.648740622134 101.394060624813
0 0

0101101
*
Ed
 1e-07 1 1 0
1  359 0 -53.9527187433569 0
4 C0 133 0 132 0
0

0101000
+1024 0 -997 0 *
Ve
1e-07
-2.94406344645616 274.648740622134 91.1541985525598
0 0

0101101
*
Ed
 1e-07 1 1 0
1  360 0 3.96651389761363 4.2760566673861
2  371 141 0 3.96651389761363 4.2760566673861
4 C0 133 0 141 0
0

0101000
+997 0 -995 0 *
Ve
1e-07
74.7159446188443 274.648740622134 -75.388226190303
0 0

0101101
*
Ed
 1e-07 1 1 0
1  361 0 -183.759234031748 0
4 C0 133 0 142 0
0

0101000
+995 0 -993 0 *
Ed
 1e-07 1 1 0
1  362 0 -176.54 -0
4 C0 133 0 143 0
0

0101000
+993 0 -1009 0 *
Wi

0101100
+1007 0 +1005 0 +1003 0 +1001 0 +999 0 +998 0 +1022 0 +996 0 +994 0 +992 0 
+991 0 *
Ed
 1e-07 1 1 0
1  363 0 0 3.14159265358979
2  372 135 0 0 3.14159265358979
4 C0 133 0 135 0
0

0101000
+1014 0 -1019 0 *
Wi

0101100
-1012 0 -989 0 *
Fa
0  1e-07 133 0

0111000
+990 0 +988 0 *
Ve
1e-07
-101.824055381156 259.648740622134 -75.388226190303
0 0

0101101
*
Ve
1e-07
-148.176374600423 259.648740622134 24.0146431570817
0 0

0101101
*
Ed
 1e-07 1 1 0
1  364 0 0 109.678931119418
4 C0 131 0 136 0
0

0101000
+986 0 -985 0 *
Ve
1e-07
74.7159446188443 259.648740622134 -75.388226190303
0 0

0101101
*
Ed
 1e-07 1 1 0
1  365 0 -176.54 -0
4 C0 131 0 143 0
0

0101000
+983 0 -986 0 *
Ve
1e-07
-2.94406344645616 259.648740622134 91.1541985525598
0 0

0101101
*
Ed
 1e-07 1 1 0
1  366 0 -183.759234031748 0
4 C0 131 0 142 0
0

0101000
+981 0 -983 0 *
Ve
1e-07
-9.81660134582564 259.648740622134 101.394060624813
0 0

0101101
*
Ed
 1e-07 1 1 0
1  367 0 3.96651389761363 4.2760566673861
2  373 141 0 3.96651389761363 4.2760566673861
4 C0 131 0 141 0
0

0101000
+979 0 -981 0 *
Ed
 1e-07 1 1 0
1  368 0 -53.9527187433569 0
4 C0 131 0 132 0
0

0101000
+1026 0 -979 0 *
Ve
1e-07
-92.6330645519476 259.648740622134 150.167478816032
0 0

0101101
*
Ed
 1e-07 1 1 0
1  369 0 2.70749779156308 3.14159265358979
2  374 130 0 2.70749779156308 3.14159265358979
4 C0 131 0 130 0
0

0101000
+976 0 -1029 0 *
Ve
1e-07
-135.313984844481 259.648740622134 130.381179334965
0 0

0101101
*
Ed
 1e-07 1 1 0
1  370 0 0 47.0442196680109
4 C0 131 0 140 0
0

0101000
+974 0 -976 0 *
Ve
1e-07
-158.188843354105 259.648740622134 89.1886519898883
0 0

0101101
*
Ed
 1e-07 1 1 0
1  371 0 4.58951796555671 5.84909044515287
2  375 139 0 4.58951796555671 5.84909044515287
4 C0 131 0 139 0
0

0101000
+972 0 -974 0 *
Ve
1e-07
-151.622497082228 259.648740622134 36.0168904942749
0 0

0101101
*
Ed
 1e-07 1 1 0
1  372 0 0 53.5756766071002
4 C0 131 0 138 0
0

0101000
+970 0 -972 0 *
Ed
 1e-07 1 1 0
1  373 0 4.2760566673861 4.58951796555671
2  376 137 0 4.2760566673861 4.58951796555671
4 C0 131 0 137 0
0

0101000
+985 0 -970 0 *
Wi

0101100
-984 0 -982 0 -980 0 -978 0 -977 0 -1025 0 -975 0 -973 0 -971 0 -969 0 
-968 0 *
Ed
 1e-07 1 1 0
1  374 0 0 3.14159265358979
2  377 135 0 0 3.14159265358979
4 C0 131 0 135 0
0

0101000
+1016 0 -1018 0 *
Wi

0101100
+1015 0 +966 0 *
Fa
0  1e-07 131 0

0111000
-967 0 -965 0 *
Ed
 1e-07 1 1 0
1  375 0 -0 15
2  378 137 0 -0 15
4 G1 136 0 137 0
0

0101000
+1008 0 -985 0 *
Ed
 1e-07 1 1 0
1  376 0 -0 15
4 C0 136 0 143 0
0

0101000
+1009 0 -986 0 *
Wi

0101100
+984 0 -963 0 -1007 0 +962 0 *
Fa
0  1e-07 136 0

0111000
-961 0 *
Ed
 1e-07 1 1 0
1  377 0 -0 15
2  379 137 0 -0 15
4 G1 137 0 138 0
0

0101000
+1006 0 -970 0 *
Wi

0101100
+968 0 -959 0 -1005 0 +963 0 *
Fa
0  1e-07 137 0

0111000
+958 0 *
Ed
 1e-07 1 1 0
1  378 0 -0 15
2  380 139 0 -0 15
4 G1 138 0 139 0
0

0101000
+1004 0 -972 0 *
Wi

0101100
+969 0 -956 0 -1003 0 +959 0 *
Fa
0  1e-07 138 0

0111000
-955 0 *
Ed
 1e-07 1 1 0
1  379 0 -0 15
2  381 139 0 -0 15
4 G1 139 0 140 0
0

0101000
+1002 0 -974 0 *
Wi

0101100
+971 0 -953 0 -1001 0 +956 0 *
Fa
0  1e-07 139 0

0111000
+952 0 *
Ed
 1e-07 1 1 0
1  380 0 -0 15
2  382 130 0 -0 15
4 G1 140 0 130 0
0

0101000
+1000 0 -976 0 *
Wi

0101100
+973 0 -950 0 -999 0 +953 0 *
Fa
0  1e-07 140 0

0111000
-949 0 *
Wi

0101100
+1027 0 -998 0 +950 0 +975 0 *
Fa
0  1e-07 130 0

0111000
+947 0 *
Ed
 1e-07 1 1 0
1  381 0 -0 15
2  383 141 0 -0 15
4 G1 132 0 141 0
0

0101000
+997 0 -979 0 *
Wi

0101100
+977 0 -945 0 -996 0 +1023 0 *
Fa
0  1e-07 132 0

0111000
-944 0 *
Ed
 1e-07 1 1 0
1  382 0 -0 15
2  384 141 0 -0 15
4 G1 141 0 142 0
0

0101000
+995 0 -981 0 *
Wi

0101100
+978 0 -942 0 -994 0 +945 0 *
Fa
0  1e-07 141 0

0111000
+941 0 *
Ed
 1e-07 1 1 0
1  383 0 -0 15
4 C0 142 0 143 0
0

0101000
+993 0 -983 0 *
Wi

0101100
+980 0 -939 0 -992 0 +942 0 *
Fa
0  1e-07 142 0

0111000
-938 0 *
Wi

0101100
+982 0 -962 0 -991 0 +939 0 *
Fa
0  1e-07 143 0

0111000
-936 0 *
Wi

0101100
+966 0 -1017 0 -989 0 +1013 0 *
Fa
0  1e-07 135 0

0111000
+934 0 *
Sh

0101100
+1020 0 -1010 0 +987 0 -964 0 -960 0 +957 0 -954 0 +951 0 -948 0 +946 0 
-943 0 +940 0 -937 0 -935 0 -933 0 *
So

0100000
+932 0 *
Ve
1e-07
-132.944055381156 374.148740622134 -93.388226190303
0 0

0101101
*
Ve
1e-07
107.055944618844 374.148740622134 -93.388226190303
0 0

0101101
*
Ed
 1e-07 1 1 0
1  384 0 3.14159265358979 6.28318530717959
2  385 144 0 3.14159265358979 6.28318530717959
2  386 145 0 3.14159265358979 6.28318530717959
4 G1 144 0 145 0
0

0101000
+930 0 -929 0 *
Ve
1e-07
-129.944055381156 374.148740622134 -90.388226190303
0 0

0101101
*
Ed
 1e-07 1 1 0
1  385 0 0 1.5707963267949
2  387 144 0 0 1.5707963267949
2  388 146 0 0 1.5707963267949
4 CN 144 0 146 0
0

0101000
+930 0 -927 0 *
Ve
1e-07
104.055944618844 374.148740622134 -90.388226190303
0 0

0101101
*
Ed
 1e-07 1 1 0
1  386 0 0 3.14159265358979
2  389 144 0 0 3.14159265358979
4 C0 144 0 147 0
0

0101000
+925 0 -927 0 *
Ed
 1e-07 1 1 0
1  387 0 1.5707963267949 3.14159265358979
2  390 144 0 1.5707963267949 3.14159265358979
2  391 146 0 1.5707963267949 3.14159265358979
4 CN 144 0 146 0
0

0101000
+929 0 -925 0 *
Wi

0101100
-928 0 +926 0 -924 0 -923 0 *
Fa
0  1e-07 144 0

0111000
+922 0 *
Ve
1e-07
107.055944618844 374.148740622134 -173.388226190303
0 0

0101101
*
Ed
 1e-07 1 1 0
1  388 0 3 83
2  392 145 0 3 83
2  393 148 0 3 83
4 CN 145 0 148 0
0

0101000
+929 0 -920 0 *
Ve
1e-07
-132.944055381156 374.148740622134 -173.388226190303
0 0

0101101
*
Ed
 1e-07 1 1 0
1  389 0 0 3.14159265358979
2  394 145 0 0 3.14159265358979
4 C0 145 0 149 0
0

0101000
+920 0 -918 0 *
Ed
 1e-07 1 1 0
1  390 0 3 83
2  395 145 0 3 83
2  396 148 0 3 83
4 CN 145 0 148 0
0

0101000
+930 0 -918 0 *
Wi

0101100
+928 0 +919 0 +917 0 -916 0 *
Fa
0  1e-07 145 0

0111000
+915 0 *
Ve
1e-07
-152.444055381156 247.148740622134 -173.388226190303
0 0

0101101
*
Ve
1e-07
-152.444055381156 247.148740622134 -191.388226190303
0 0

0101101
*
Ed
 1e-07 1 1 0
1  391 0 -0 18
2  397 150 0 -0 18
2  398 151 0 -0 18
4 CN 150 0 151 0
0

0101000
+913 0 -912 0 *
Ve
1e-07
-127.444055381156 247.148740622134 -191.388226190303
0 0

0101101
*
Ed
 1e-07 1 1 0
1  392 0 3.14159265358979 6.28318530717959
2  399 150 0 3.14159265358979 6.28318530717959
4 C0 150 0 152 0
0

0101000
+912 0 -910 0 *
Ve
1e-07
-127.444055381156 247.148740622134 -173.388226190303
0 0

0101101
*
Ed
 1e-07 1 1 0
1  393 0 -0 18
2  400 150 0 -0 18
2  401 151 0 -0 18
4 CN 150 0 151 0
0

0101000
+908 0 -910 0 *
Ed
 1e-07 1 1 0
1  394 0 3.14159265358979 6.28318530717959
2  402 150 0 3.14159265358979 6.28318530717959
4 C0 150 0 149 0
0

0101000
+913 0 -908 0 *
Wi

0101100
+911 0 +909 0 -907 0 -906 0 *
Fa
0  1e-07 150 0

0111000
+905 0 *
Ve
1e-07
101.555944618844 247.148740622134 -173.388226190303
0 0

0101101
*
Ve
1e-07
101.555944618844 247.148740622134 -191.388226190303
0 0

0101101
*
Ed
 1e-07 1 1 0
1  395 0 -0 18
2  403 153 0 -0 18
2  404 154 0 -0 18
4 CN 153 0 154 0
0

0101000
+903 0 -902 0 *
Ve
1e-07
126.555944618844 247.148740622134 -191.388226190303
0 0

0101101
*
Ed
 1e-07 1 1 0
1  396 0 3.14159265358979 6.28318530717959
2  405 153 0 3.14159265358979 6.28318530717959
4 C0 153 0 152 0
0

0101000
+902 0 -900 0 *
Ve
1e-07
126.555944618844 247.148740622134 -173.388226190303
0 0

0101101
*
Ed
 1e-07 1 1 0
1  397 0 -0 18
2  406 153 0 -0 18
2  407 154 0 -0 18
4 CN 153 0 154 0
0

0101000
+898 0 -900 0 *
Ed
 1e-07 1 1 0
1  398 0 3.14159265358979 6.28318530717959
2  408 153 0 3.14159265358979 6.28318530717959
4 C0 153 0 149 0
0

0101000
+903 0 -898 0 *
Wi

0101100
+901 0 +899 0 -897 0 -896 0 *
Fa
0  1e-07 153 0

0111000
+895 0 *
Ve
1e-07
101.555944618844 501.148740622134 -173.388226190303
0 0

0101101
*
Ve
1e-07
101.555944618844 501.148740622134 -191.388226190303
0 0

0101101
*
Ed
 1e-07 1 1 0
1  399 0 -0 18
2  409 155 0 -0 18
2  410 156 0 -0 18
4 CN 155 0 156 0
0

0101000
+893 0 -892 0 *
Ve
1e-07
126.555944618844 501.148740622134 -191.388226190303
0 0

0101101
*
Ed
 1e-07 1 1 0
1  400 0 3.14159265358979 6.28318530717959
2  411 155 0 3.14159265358979 6.28318530717959
4 C0 155 0 152 0
0

0101000
+892 0 -890 0 *
Ve
1e-07
126.555944618844 501.148740622134 -173.388226190303
0 0

0101101
*
Ed
 1e-07 1 1 0
1  401 0 -0 18
2  412 155 0 -0 18
2  413 156 0 -0 18
4 CN 155 0 156 0
0

0101000
+888 0 -890 0 *
Ed
 1e-07 1 1 0
1  402 0 3.14159265358979 6.28318530717959
2  414 155 0 3.14159265358979 6.28318530717959
4 C0 155 0 149 0
0

0101000
+893 0 -888 0 *
Wi

0101100
+891 0 +889 0 -887 0 -886 0 *
Fa
0  1e-07 155 0

0111000
+885 0 *
Ve
1e-07
-152.444055381156 501.148740622134 -173.388226190303
0 0

0101101
*
Ve
1e-07
-152.444055381156 501.148740622134 -191.388226190303
0 0

0101101
*
Ed
 1e-07 1 1 0
1  403 0 -0 18
2  415 157 0 -0 18
2  416 158 0 -0 18
4 CN 157 0 158 0
0

0101000
+883 0 -882 0 *
Ve
1e-07
-127.444055381156 501.148740622134 -191.388226190303
0 0

0101101
*
Ed
 1e-07 1 1 0
1  404 0 3.14159265358979 6.28318530717959
2  417 157 0 3.14159265358979 6.28318530717959
4 C0 157 0 152 0
0

0101000
+882 0 -880 0 *
Ve
1e-07
-127.444055381156 501.148740622134 -173.388226190303
0 0

0101101
*
Ed
 1e-07 1 1 0
1  405 0 -0 18
2  418 157 0 -0 18
2  419 158 0 -0 18
4 CN 157 0 158 0
0

0101000
+878 0 -880 0 *
Ed
 1e-07 1 1 0
1  406 0 3.14159265358979 6.28318530717959
2  420 157 0 3.14159265358979 6.28318530717959
4 C0 157 0 149 0
0

0101000
+883 0 -878 0 *
Wi

0101100
+881 0 +879 0 -877 0 -876 0 *
Fa
0  1e-07 157 0

0111000
+875 0 *
Ve
1e-07
140.655944618844 534.148740622134 -173.388226190303
0 0

0101101
*
Ve
1e-07
-166.544055381156 534.148740622134 -173.388226190303
0 0

0101101
*
Ed
 1e-07 1 1 0
1  407 0 -307.2 -0
4 C0 149 0 159 0
0

0101000
+873 0 -872 0 *
Ve
1e-07
-172.944055381156 527.748740622134 -173.388226190303
0 0

0101101
*
Ed
 1e-07 1 1 0
1  408 0 -9.05096679918779 -0
4 C0 149 0 160 0
0

0101000
+872 0 -870 0 *
Ve
1e-07
-172.944055381156 220.548740622134 -173.388226190303
0 0

0101101
*
Ed
 1e-07 1 1 0
1  409 0 -307.2 -0
4 C0 149 0 161 0
0

0101000
+870 0 -868 0 *
Ve
1e-07
-166.544055381156 214.148740622134 -173.388226190303
0 0

0101101
*
Ed
 1e-07 1 1 0
1  410 0 0 9.05096679918782
4 C0 149 0 162 0
0

0101000
+868 0 -866 0 *
Ve
1e-07
140.655944618844 214.148740622134 -173.388226190303
0 0

0101101
*
Ed
 1e-07 1 1 0
1  411 0 0 307.2
4 C0 149 0 163 0
0

0101000
+866 0 -864 0 *
Ve
1e-07
147.055944618844 220.548740622134 -173.388226190303
0 0

0101101
*
Ed
 1e-07 1 1 0
1  412 0 0 9.05096679918782
4 C0 149 0 164 0
0

0101000
+864 0 -862 0 *
Ve
1e-07
147.055944618844 527.748740622134 -173.388226190303
0 0

0101101
*
Ed
 1e-07 1 1 0
1  413 0 0 307.2
4 C0 149 0 165 0
0

0101000
+862 0 -860 0 *
Ed
 1e-07 1 1 0
1  414 0 -9.05096679918779 0
4 C0 149 0 166 0
0

0101000
+860 0 -873 0 *
Wi

0101100
+871 0 +869 0 +867 0 +865 0 +863 0 +861 0 +859 0 +858 0 *
Ed
 1e-07 1 1 0
1  415 0 3.14159265358979 6.28318530717959
2  421 148 0 3.14159265358979 6.28318530717959
4 C0 149 0 148 0
0

0101000
+918 0 -920 0 *
Wi

0101100
-856 0 -917 0 *
Ed
 1e-07 1 1 0
1  416 0 0 3.14159265358979
2  422 154 0 0 3.14159265358979
4 C0 149 0 154 0
0

0101000
+898 0 -903 0 *
Wi

0101100
-896 0 -854 0 *
Ed
 1e-07 1 1 0
1  417 0 0 3.14159265358979
2  423 158 0 0 3.14159265358979
4 C0 149 0 158 0
0

0101000
+878 0 -883 0 *
Wi

0101100
-876 0 -852 0 *
Ed
 1e-07 1 1 0
1  418 0 0 3.14159265358979
2  424 156 0 0 3.14159265358979
4 C0 149 0 156 0
0

0101000
+888 0 -893 0 *
Wi

0101100
-886 0 -850 0 *
Ed
 1e-07 1 1 0
1  419 0 0 3.14159265358979
2  425 151 0 0 3.14159265358979
4 C0 149 0 151 0
0

0101000
+908 0 -913 0 *
Wi

0101100
-906 0 -848 0 *
Fa
0  1e-07 149 0

0111000
+857 0 +855 0 +853 0 +851 0 +849 0 +847 0 *
Ve
1e-07
140.655944618844 534.148740622134 -191.388226190303
0 0

0101101
*
Ve
1e-07
-166.544055381156 534.148740622134 -191.388226190303
0 0

0101101
*
Ed
 1e-07 1 1 0
1  420 0 -307.2 -0
4 C0 152 0 159 0
0

0101000
+845 0 -844 0 *
Ve
1e-07
147.055944618844 527.748740622134 -191.388226190303
0 0

0101101
*
Ed
 1e-07 1 1 0
1  421 0 -9.05096679918779 0
4 C0 152 0 166 0
0

0101000
+842 0 -845 0 *
Ve
1e-07
147.055944618844 220.548740622134 -191.388226190303
0 0

0101101
*
Ed
 1e-07 1 1 0
1  422 0 0 307.2
4 C0 152 0 165 0
0

0101000
+840 0 -842 0 *
Ve
1e-07
140.655944618844 214.148740622134 -191.388226190303
0 0

0101101
*
Ed
 1e-07 1 1 0
1  423 0 0 9.05096679918782
4 C0 152 0 164 0
0

0101000
+838 0 -840 0 *
Ve
1e-07
-166.544055381156 214.148740622134 -191.388226190303
0 0

0101101
*
Ed
 1e-07 1 1 0
1  424 0 0 307.2
4 C0 152 0 163 0
0

0101000
+836 0 -838 0 *
Ve
1e-07
-172.944055381156 220.548740622134 -191.388226190303
0 0

0101101
*
Ed
 1e-07 1 1 0
1  425 0 0 9.05096679918782
4 C0 152 0 162 0
0

0101000
+834 0 -836 0 *
Ve
1e-07
-172.944055381156 527.748740622134 -191.388226190303
0 0

0101101
*
Ed
 1e-07 1 1 0
1  426 0 -307.2 -0
4 C0 152 0 161 0
0

0101000
+832 0 -834 0 *
Ed
 1e-07 1 1 0
1  427 0 -9.05096679918779 -0
4 C0 152 0 160 0
0

0101000
+844 0 -832 0 *
Wi

0101100
-843 0 -841 0 -839 0 -837 0 -835 0 -833 0 -831 0 -830 0 *
Ed
 1e-07 1 1 0
1  428 0 0 3.14159265358979
2  426 158 0 0 3.14159265358979
4 C0 152 0 158 0
0

0101000
+880 0 -882 0 *
Wi

0101100
+879 0 +828 0 *
Ed
 1e-07 1 1 0
1  429 0 0 3.14159265358979
2  427 156 0 0 3.14159265358979
4 C0 152 0 156 0
0

0101000
+890 0 -892 0 *
Wi

0101100
+889 0 +826 0 *
Ed
 1e-07 1 1 0
1  430 0 0 3.14159265358979
2  428 154 0 0 3.14159265358979
4 C0 152 0 154 0
0

0101000
+900 0 -902 0 *
Wi

0101100
+899 0 +824 0 *
Ed
 1e-07 1 1 0
1  431 0 0 3.14159265358979
2  429 151 0 0 3.14159265358979
4 C0 152 0 151 0
0

0101000
+910 0 -912 0 *
Wi

0101100
+909 0 +822 0 *
Fa
0  1e-07 152 0

0111000
-829 0 -827 0 -825 0 -823 0 -821 0 *
Ed
 1e-07 1 1 0
1  432 0 -0 18
4 C0 159 0 160 0
0

0101000
+872 0 -844 0 *
Ed
 1e-07 1 1 0
1  433 0 -0 18
4 C0 159 0 166 0
0

0101000
+873 0 -845 0 *
Wi

0101100
+843 0 -819 0 -871 0 +818 0 *
Fa
0  1e-07 159 0

0111000
-817 0 *
Ed
 1e-07 1 1 0
1  434 0 -0 18
4 C0 160 0 161 0
0

0101000
+870 0 -832 0 *
Wi

0101100
+830 0 -815 0 -869 0 +819 0 *
Fa
0  1e-07 160 0

0111000
-814 0 *
Ed
 1e-07 1 1 0
1  435 0 -0 18
4 C0 161 0 162 0
0

0101000
+868 0 -834 0 *
Wi

0101100
+831 0 -812 0 -867 0 +815 0 *
Fa
0  1e-07 161 0

0111000
-811 0 *
Ed
 1e-07 1 1 0
1  436 0 -0 18
4 C0 162 0 163 0
0

0101000
+866 0 -836 0 *
Wi

0101100
+833 0 -809 0 -865 0 +812 0 *
Fa
0  1e-07 162 0

0111000
-808 0 *
Ed
 1e-07 1 1 0
1  437 0 -0 18
4 C0 163 0 164 0
0

0101000
+864 0 -838 0 *
Wi

0101100
+835 0 -806 0 -863 0 +809 0 *
Fa
0  1e-07 163 0

0111000
-805 0 *
Ed
 1e-07 1 1 0
1  438 0 -0 18
4 C0 164 0 165 0
0

0101000
+862 0 -840 0 *
Wi

0101100
+837 0 -803 0 -861 0 +806 0 *
Fa
0  1e-07 164 0

0111000
-802 0 *
Ed
 1e-07 1 1 0
1  439 0 -0 18
4 C0 165 0 166 0
0

0101000
+860 0 -842 0 *
Wi

0101100
+839 0 -800 0 -859 0 +803 0 *
Fa
0  1e-07 165 0

0111000
-799 0 *
Wi

0101100
+841 0 -818 0 -858 0 +800 0 *
Fa
0  1e-07 166 0

0111000
-797 0 *
Wi

0101100
+828 0 -881 0 -852 0 +877 0 *
Fa
0  1e-07 158 0

0111000
+795 0 *
Wi

0101100
+826 0 -891 0 -850 0 +887 0 *
Fa
0  1e-07 156 0

0111000
+793 0 *
Wi

0101100
+824 0 -901 0 -854 0 +897 0 *
Fa
0  1e-07 154 0

0111000
+791 0 *
Wi

0101100
+822 0 -911 0 -848 0 +907 0 *
Fa
0  1e-07 151 0

0111000
+789 0 *
Ed
 1e-07 1 1 0
1  440 0 0 3.14159265358979
2  430 148 0 0 3.14159265358979
2  431 146 0 0 3.14159265358979
4 G1 148 0 146 0
0

0101000
+929 0 -930 0 *
Wi

0101100
-919 0 +787 0 +916 0 +856 0 *
Fa
0  1e-07 148 0

0111000
+786 0 *
Ed
 1e-07 1 1 0
1  441 0 3.14159265358979 6.28318530717959
2  432 146 0 3.14159265358979 6.28318530717959
4 C0 146 0 147 0
0

0101000
+927 0 -925 0 *
Wi

0101100
-926 0 -787 0 +923 0 -784 0 *
Fa
0  1e-07 146 0

0111000
+783 0 *
Ve
1e-07
115.655944618844 509.148740622134 -90.388226190303
0 0

0101101
*
Ve
1e-07
-141.544055381156 509.148740622134 -90.388226190303
0 0

0101101
*
Ed
 1e-07 1 1 0
1  442 0 -257.2 -0
4 C0 167 0 147 0
0

0101000
+781 0 -780 0 *
Ve
1e-07
-141.544055381156 509.148740622134 -75.388226190303
0 0

0101101
*
Ed
 1e-07 1 1 0
1  443 0 -0 15
4 C0 167 0 168 0
0

0101000
+778 0 -780 0 *
Ve
1e-07
115.655944618844 509.148740622134 -75.388226190303
0 0

0101101
*
Ed
 1e-07 1 1 0
1  444 0 -257.2 -0
4 C0 167 0 169 0
0

0101000
+776 0 -778 0 *
Ed
 1e-07 1 1 0
1  445 0 -0 15
4 C0 167 0 170 0
0

0101000
+776 0 -781 0 *
Wi

0101100
+779 0 -777 0 -775 0 +774 0 *
Fa
0  1e-07 167 0

0111000
-773 0 *
Ve
1e-07
-147.944055381156 502.748740622134 -90.388226190303
0 0

0101101
*
Ed
 1e-07 1 1 0
1  446 0 -9.05096679918784 -0
4 C0 168 0 147 0
0

0101000
+780 0 -771 0 *
Ve
1e-07
-147.944055381156 502.748740622134 -75.388226190303
0 0

0101101
*
Ed
 1e-07 1 1 0
1  447 0 -0 15
4 C0 168 0 171 0
0

0101000
+769 0 -771 0 *
Ed
 1e-07 1 1 0
1  448 0 -9.05096679918784 -0
4 C0 168 0 169 0
0

0101000
+778 0 -769 0 *
Wi

0101100
+770 0 -768 0 -767 0 +777 0 *
Fa
0  1e-07 168 0

0111000
-766 0 *
Ve
1e-07
-147.944055381156 245.548740622134 -90.388226190303
0 0

0101101
*
Ed
 1e-07 1 1 0
1  449 0 0 257.2
4 C0 171 0 147 0
0

0101000
+771 0 -764 0 *
Ve
1e-07
-147.944055381156 245.548740622134 -75.388226190303
0 0

0101101
*
Ed
 1e-07 1 1 0
1  450 0 -0 15
4 C0 171 0 172 0
0

0101000
+762 0 -764 0 *
Ed
 1e-07 1 1 0
1  451 0 0 257.2
4 C0 171 0 169 0
0

0101000
+769 0 -762 0 *
Wi

0101100
+763 0 -761 0 -760 0 +768 0 *
Fa
0  1e-07 171 0

0111000
-759 0 *
Ve
1e-07
-141.544055381156 239.148740622134 -90.388226190303
0 0

0101101
*
Ed
 1e-07 1 1 0
1  452 0 0 9.05096679918782
4 C0 172 0 147 0
0

0101000
+764 0 -757 0 *
Ve
1e-07
-141.544055381156 239.148740622134 -75.388226190303
0 0

0101101
*
Ed
 1e-07 1 1 0
1  453 0 -0 15
4 C0 172 0 173 0
0

0101000
+755 0 -757 0 *
Ed
 1e-07 1 1 0
1  454 0 0 9.05096679918782
4 C0 172 0 169 0
0

0101000
+762 0 -755 0 *
Wi

0101100
+756 0 -754 0 -753 0 +761 0 *
Fa
0  1e-07 172 0

0111000
-752 0 *
Ve
1e-07
115.655944618844 239.148740622134 -90.388226190303
0 0

0101101
*
Ed
 1e-07 1 1 0
1  455 0 0 257.2
4 C0 173 0 147 0
0

0101000
+757 0 -750 0 *
Ve
1e-07
115.655944618844 239.148740622134 -75.388226190303
0 0

0101101
*
Ed
 1e-07 1 1 0
1  456 0 -0 15
4 C0 173 0 174 0
0

0101000
+748 0 -750 0 *
Ed
 1e-07 1 1 0
1  457 0 0 257.2
4 C0 173 0 169 0
0

0101000
+755 0 -748 0 *
Wi

0101100
+749 0 -747 0 -746 0 +754 0 *
Fa
0  1e-07 173 0

0111000
-745 0 *
Ve
1e-07
122.055944618844 245.548740622134 -90.388226190303
0 0

0101101
*
Ed
 1e-07 1 1 0
1  458 0 0 9.0509667991878
4 C0 174 0 147 0
0

0101000
+750 0 -743 0 *
Ve
1e-07
122.055944618844 245.548740622134 -75.388226190303
0 0

0101101
*
Ed
 1e-07 1 1 0
1  459 0 -0 15
4 C0 174 0 175 0
0

0101000
+741 0 -743 0 *
Ed
 1e-07 1 1 0
1  460 0 0 9.0509667991878
4 C0 174 0 169 0
0

0101000
+748 0 -741 0 *
Wi

0101100
+742 0 -740 0 -739 0 +747 0 *
Fa
0  1e-07 174 0

0111000
-738 0 *
Ve
1e-07
122.055944618844 502.748740622134 -90.388226190303
0 0

0101101
*
Ed
 1e-07 1 1 0
1  461 0 -257.2 0
4 C0 175 0 147 0
0

0101000
+743 0 -736 0 *
Ve
1e-07
122.055944618844 502.748740622134 -75.388226190303
0 0

0101101
*
Ed
 1e-07 1 1 0
1  462 0 -0 15
4 C0 175 0 170 0
0

0101000
+734 0 -736 0 *
Ed
 1e-07 1 1 0
1  463 0 -257.2 0
4 C0 175 0 169 0
0

0101000
+741 0 -734 0 *
Wi

0101100
+735 0 -733 0 -732 0 +740 0 *
Fa
0  1e-07 175 0

0111000
-731 0 *
Ed
 1e-07 1 1 0
1  464 0 -9.05096679918783 0
4 C0 170 0 147 0
0

0101000
+736 0 -781 0 *
Ed
 1e-07 1 1 0
1  465 0 -9.05096679918783 0
4 C0 170 0 169 0
0

0101000
+734 0 -776 0 *
Wi

0101100
+729 0 -774 0 -728 0 +733 0 *
Fa
0  1e-07 170 0

0111000
-727 0 *
Wi

0101100
+775 0 +767 0 +760 0 +753 0 +746 0 +739 0 +732 0 +728 0 *
Fa
0  1e-07 169 0

0111000
-725 0 *
Wi

0101100
-779 0 -729 0 -735 0 -742 0 -749 0 -756 0 -763 0 -770 0 *
Wi

0101100
+924 0 +784 0 *
Fa
0  1e-07 147 0

0111000
+723 0 +722 0 *
Sh

0101100
+921 0 +914 0 -904 0 -894 0 -884 0 -874 0 +846 0 -820 0 -816 0 -813 0 
-810 0 -807 0 -804 0 -801 0 -798 0 -796 0 -794 0 -792 0 -790 0 -788 0 
+785 0 +782 0 -772 0 -765 0 -758 0 -751 0 -744 0 -737 0 -730 0 -726 0 
-724 0 +721 0 *
So

0100000
+720 0 *
Ve
1e-07
27.4818054649259 319.848740622134 188.299582993668
0 0

0101101
*
Ve
1e-07
-213.369916227238 319.848740622134 1.52396462572617
0 0

0101101
*
Ed
 1e-07 1 1 0
1  466 0 3.14159265358979 6.28318530717959
2  433 176 0 3.14159265358979 6.28318530717959
2  434 177 0 3.14159265358979 6.28318530717959
4 C0 176 0 177 0
0

0101000
+718 0 -717 0 *
Ve
1e-07
-213.375332689184 319.768740622134 1.51976426949732
0 0

0101101
*
Ed
 1e-07 1 1 0
1  467 0 -0.0802930946748737 -0
2  435 176 0 -0.0802930946748737 -0
2  436 178 0 -0.0802930946748737 -0
4 CN 176 0 178 0
0

0101000
+717 0 -715 0 *
Ve
1e-07
27.4872219268725 319.768740622134 188.303783349897
0 0

0101101
*
Ed
 1e-07 1 1 0
1  468 0 3.14159265358979 6.28318530717959
2  437 176 0 3.14159265358979 6.28318530717959
4 C0 176 0 179 0
0

0101000
+713 0 -715 0 *
Ed
 1e-07 1 1 0
1  469 0 -0.0802930946749226 0
2  438 176 0 -0.0802930946749226 0
2  439 178 0 -0.0802930946749226 0
4 G2 176 0 178 0
0

0101000
+718 0 -713 0 *
Wi

0101100
+716 0 +714 0 -712 0 -711 0 *
Fa
0  1e-07 176 0

0111000
+710 0 *
Ed
 1e-07 1 1 0
1  470 0 0 3.14159265358979
2  440 180 0 0 3.14159265358979
2  441 178 0 0 3.14159265358979
4 C0 180 0 178 0
0

0101000
+717 0 -718 0 *
Ve
1e-07
-213.375332689184 319.928740622134 1.5197642694973
0 0

0101101
*
Ed
 1e-07 1 1 0
1  471 0 -0.0802930946748181 0
2  442 180 0 -0.0802930946748181 0
2  443 177 0 -0.0802930946748181 0
4 CN 180 0 177 0
0

0101000
+717 0 -707 0 *
Ve
1e-07
27.4872219268725 319.928740622134 188.303783349897
0 0

0101101
*
Ed
 1e-07 1 1 0
1  472 0 0 3.14159265358979
2  444 180 0 0 3.14159265358979
4 C0 180 0 181 0
0

0101000
+707 0 -705 0 *
Ed
 1e-07 1 1 0
1  473 0 -0.080293094674866 0
2  445 180 0 -0.080293094674866 0
2  446 177 0 -0.080293094674866 0
4 G2 180 0 177 0
0

0101000
+718 0 -705 0 *
Wi

0101100
-708 0 +706 0 +704 0 -703 0 *
Fa
0  1e-07 180 0

0111000
+702 0 *
Ve
1e-07
25.2172620578022 353.29556889411 186.543475575316
0 0

0101101
*
Ve
1e-07
-211.105372820114 353.29556889411 3.28007204407866
0 0

0101101
*
Ed
 1e-07 1 1 0
1  474 0 3.14159265358979 6.28318530717959
2  447 182 0 3.14159265358979 6.28318530717959
2  448 183 0 3.14159265358979 6.28318530717959
4 G1 182 0 183 0
0

0101000
+700 0 -699 0 *
Ve
1e-07
21.2805276145778 357.868740622134 183.490617971402
0 0

0101101
*
Ed
 1e-07 1 1 0
1  475 0 0.0854696766596522 1.5707963267949
2  449 182 0 0.0854696766596522 1.5707963267949
2  450 184 0 0.0854696766596522 1.5707963267949
4 CN 182 0 184 0
0

0101000
+700 0 -697 0 *
Ve
1e-07
-207.16863837689 357.868740622134 6.33292964799226
0 0

0101101
*
Ed
 1e-07 1 1 0
1  476 0 3.14159265358979 6.28318530717959
2  451 182 0 3.14159265358979 6.28318530717959
4 G1 182 0 185 0
0

0101000
+697 0 -695 0 *
Ed
 1e-07 1 1 0
1  477 0 0.0854696766596613 1.5707963267949
2  452 182 0 0.0854696766596613 1.5707963267949
2  453 184 0 0.0854696766596613 1.5707963267949
4 CN 182 0 184 0
0

0101000
+699 0 -695 0 *
Wi

0101100
-698 0 +696 0 +694 0 -693 0 *
Fa
0  1e-07 182 0

0111000
+692 0 *
Ve
1e-07
-213.364499765291 319.928740622134 1.52816498195506
0 0

0101101
*
Ed
 1e-07 1 1 0
1  478 0 -33.6496599573756 -0.160586189349762
2  454 183 0 -33.6496599573756 -0.160586189349762
2  455 186 0 -33.6496599573756 -0.160586189349762
4 CN 183 0 186 0
0

0101000
+699 0 -690 0 *
Ve
1e-07
27.4763890029793 319.928740622134 188.295382637439
0 0

0101101
*
Ed
 1e-07 1 1 0
1  479 0 0 3.14159265358979
2  456 183 0 0 3.14159265358979
4 C0 183 0 181 0
0

0101000
+690 0 -688 0 *
Ed
 1e-07 1 1 0
1  480 0 -33.6496599573756 -0.160586189349788
2  457 183 0 -33.6496599573756 -0.160586189349788
2  458 186 0 -33.6496599573756 -0.160586189349788
4 G2 183 0 186 0
0

0101000
+700 0 -688 0 *
Wi

0101100
+698 0 +689 0 +687 0 -686 0 *
Fa
0  1e-07 183 0

0111000
+685 0 *
Ve
1e-07
-53.0373657219995 361.048740622134 125.858601117965
0 0

0101101
*
Ve
1e-07
-132.850745040312 361.048740622134 63.9649465014288
0 0

0101101
*
Ed
 1e-07 1 1 0
1  481 0 3.14159265358979 6.28318530717959
2  459 187 0 3.14159265358979 6.28318530717959
4 C0 187 0 188 0
0

0101000
+683 0 -682 0 *
Ve
1e-07
-134.65876685342 334.897183194657 62.5628623070814
0 0

0101101
*
Ed
 1e-07 1 1 0
1  482 0 -26.2514521283555 -0
2  460 187 0 -26.2514521283555 -0
2  461 189 0 -26.2514521283555 -0
4 G2 187 0 189 0
0

0101000
+682 0 -680 0 *
Ve
1e-07
-51.2293439088917 334.897183194657 127.260685312313
0 0

0101101
*
Ed
 1e-07 1 1 0
1  483 0 3.14159265358979 6.28318530717959
2  462 187 0 3.14159265358979 6.28318530717959
2  463 190 0 3.14159265358979 6.28318530717959
4 G1 187 0 190 0
0

0101000
+678 0 -680 0 *
Ed
 1e-07 1 1 0
1  484 0 -26.2514521283555 0
2  464 187 0 -26.2514521283555 0
2  465 189 0 -26.2514521283555 0
4 G2 187 0 189 0
0

0101000
+683 0 -678 0 *
Wi

0101100
+681 0 +679 0 -677 0 -676 0 *
Fa
0  1e-07 187 0

0111000
+675 0 *
Ve
1e-07
-142.531010943884 325.768740622134 56.4580969036641
0 0

0101101
*
Ed
 1e-07 1 1 0
1  485 0 3.22885911618955 4.71238898038469
2  466 191 0 3.22885911618955 4.71238898038469
2  467 190 0 3.22885911618955 4.71238898038469
4 CN 191 0 190 0
0

0101000
+680 0 -673 0 *
Ve
1e-07
-43.3570998184274 325.768740622134 133.36545071573
0 0

0101101
*
Ed
 1e-07 1 1 0
1  486 0 0 3.14159265358979
2  468 191 0 0 3.14159265358979
4 G1 191 0 192 0
0

0101000
+673 0 -671 0 *
Ed
 1e-07 1 1 0
1  487 0 3.22885911618955 4.71238898038469
2  469 191 0 3.22885911618955 4.71238898038469
2  470 190 0 3.22885911618955 4.71238898038469
4 CN 191 0 190 0
0

0101000
+678 0 -671 0 *
Ed
 1e-07 1 1 0
1  488 0 0 3.14159265358979
2  471 191 0 0 3.14159265358979
2  472 189 0 0 3.14159265358979
4 G1 191 0 189 0
0

0101000
+680 0 -678 0 *
Wi

0101100
+672 0 +670 0 -669 0 -668 0 *
Fa
0  1e-07 191 0

0111000
+667 0 *
Ve
1e-07
-178.31142030651 325.768740622134 28.711116158789
0 0

0101101
*
Ve
1e-07
-186.183664396974 334.897183194657 22.6063507553716
0 0

0101101
*
Ed
 1e-07 1 1 0
1  489 0 4.71238898038468 6.19591884457983
2  473 193 0 4.71238898038468 6.19591884457983
2  474 194 0 4.71238898038468 6.19591884457983
4 CN 193 0 194 0
0

0101000
+665 0 -664 0 *
Ve
1e-07
0.295553634662213 334.897183194657 167.217196864023
0 0

0101101
*
Ed
 1e-07 1 1 0
1  490 0 0 3.14159265358979
2  475 193 0 0 3.14159265358979
2  476 195 0 0 3.14159265358979
4 G1 193 0 195 0
0

0101000
+664 0 -662 0 *
Ve
1e-07
-7.57669045580195 325.768740622134 161.112431460605
0 0

0101101
*
Ed
 1e-07 1 1 0
1  491 0 4.71238898038469 6.19591884457983
2  477 193 0 4.71238898038469 6.19591884457983
2  478 194 0 4.71238898038469 6.19591884457983
4 CN 193 0 194 0
0

0101000
+660 0 -662 0 *
Ed
 1e-07 1 1 0
1  492 0 0 3.14159265358979
2  479 193 0 0 3.14159265358979
4 G1 193 0 192 0
0

0101000
+665 0 -660 0 *
Wi

0101100
+663 0 +661 0 -659 0 -658 0 *
Fa
0  1e-07 193 0

0111000
+657 0 *
Ve
1e-07
-187.771832789052 357.868740622134 21.374758423713
0 0

0101101
*
Ed
 1e-07 1 1 0
1  493 0 -23.0593050449677 0
2  480 195 0 -23.0593050449677 0
2  481 196 0 -23.0593050449677 0
4 G2 195 0 196 0
0

0101000
+664 0 -655 0 *
Ve
1e-07
1.88372202674043 357.868740622134 168.448789195681
0 0

0101101
*
Ed
 1e-07 1 1 0
1  494 0 0 3.14159265358979
2  482 195 0 0 3.14159265358979
4 C0 195 0 185 0
0

0101000
+655 0 -653 0 *
Ed
 1e-07 1 1 0
1  495 0 -23.0593050449676 0
2  483 195 0 -23.0593050449676 0
2  484 196 0 -23.0593050449676 0
4 CN 195 0 196 0
0

0101000
+662 0 -653 0 *
Wi

0101100
+654 0 +652 0 -651 0 -661 0 *
Fa
0  1e-07 195 0

0111000
+650 0 *
Ve
1e-07
-211.105372820114 286.401912350158 3.28007204407859
0 0

0101101
*
Ve
1e-07
25.2172620578022 286.401912350158 186.543475575316
0 0

0101101
*
Ed
 1e-07 1 1 0
1  496 0 0 3.14159265358979
2  485 197 0 0 3.14159265358979
2  486 198 0 0 3.14159265358979
4 G1 197 0 198 0
0

0101000
+648 0 -647 0 *
Ve
1e-07
21.2805276145779 281.828740622134 183.490617971402
0 0

0101101
*
Ed
 1e-07 1 1 0
1  497 0 3.22706233024945 4.71238898038469
2  487 197 0 3.22706233024945 4.71238898038469
2  488 199 0 3.22706233024945 4.71238898038469
4 CN 197 0 199 0
0

0101000
+647 0 -645 0 *
Ve
1e-07
-207.16863837689 281.828740622134 6.33292964799222
0 0

0101101
*
Ed
 1e-07 1 1 0
1  498 0 0 3.14159265358979
2  489 197 0 0 3.14159265358979
4 G1 197 0 200 0
0

0101000
+643 0 -645 0 *
Ed
 1e-07 1 1 0
1  499 0 3.22706233024945 4.71238898038469
2  490 197 0 3.22706233024945 4.71238898038469
2  491 199 0 3.22706233024945 4.71238898038469
4 CN 197 0 199 0
0

0101000
+648 0 -643 0 *
Wi

0101100
+646 0 +644 0 -642 0 -641 0 *
Fa
0  1e-07 197 0

0111000
+640 0 *
Ve
1e-07
-104.797527557143 361.048740622134 85.7196468864491
0 0

0101101
*
Ve
1e-07
-104.797527557143 278.648740622134 85.7196468864491
0 0

0101101
*
Ed
 1e-07 1 1 0
1  500 0 -82.623259144191 -0.223259144191047
2  492 201 0 -82.623259144191 -0.223259144191047
2  493 202 0 -82.623259144191 -0.223259144191047
4 CN 201 0 202 0
0

0101000
+638 0 -637 0 *
Ve
1e-07
-81.0905832051688 278.648740622134 104.103900732945
0 0

0101101
*
Ed
 1e-07 1 1 0
1  501 0 3.14159265358979 6.28318530717959
2  494 201 0 3.14159265358979 6.28318530717959
4 C0 201 0 203 0
0

0101000
+635 0 -637 0 *
Ve
1e-07
-81.0905832051688 361.048740622134 104.103900732945
0 0

0101101
*
Ed
 1e-07 1 1 0
1  502 0 -82.623259144191 -0.223259144191047
2  495 201 0 -82.623259144191 -0.223259144191047
2  496 202 0 -82.623259144191 -0.223259144191047
4 CN 201 0 202 0
0

0101000
+633 0 -635 0 *
Ed
 1e-07 1 1 0
1  503 0 3.14159265358979 6.28318530717959
2  497 201 0 3.14159265358979 6.28318530717959
4 C0 201 0 188 0
0

0101000
+633 0 -638 0 *
Wi

0101100
+636 0 -634 0 -632 0 +631 0 *
Fa
0  1e-07 201 0

0111000
+630 0 *
Ve
1e-07
-132.850745040312 278.648740622134 63.9649465014288
0 0

0101101
*
Ve
1e-07
-53.0373657219994 278.648740622134 125.858601117965
0 0

0101101
*
Ed
 1e-07 1 1 0
1  504 0 0 3.14159265358979
2  498 204 0 0 3.14159265358979
4 C0 204 0 203 0
0

0101000
+628 0 -627 0 *
Ve
1e-07
-134.65876685342 304.80029804961 62.5628623070814
0 0

0101101
*
Ed
 1e-07 1 1 0
1  505 0 -26.2514521283545 0
2  499 204 0 -26.2514521283545 0
2  500 205 0 -26.2514521283545 0
4 CN 204 0 205 0
0

0101000
+628 0 -625 0 *
Ve
1e-07
-51.2293439088916 304.80029804961 127.260685312313
0 0

0101101
*
Ed
 1e-07 1 1 0
1  506 0 0 3.14159265358979
2  501 204 0 0 3.14159265358979
2  502 206 0 0 3.14159265358979
4 G1 204 0 206 0
0

0101000
+625 0 -623 0 *
Ed
 1e-07 1 1 0
1  507 0 -26.2514521283545 0
2  503 204 0 -26.2514521283545 0
2  504 205 0 -26.2514521283545 0
4 G2 204 0 205 0
0

0101000
+627 0 -623 0 *
Wi

0101100
-626 0 +624 0 +622 0 -621 0 *
Fa
0  1e-07 204 0

0111000
+620 0 *
Ve
1e-07
-142.531010943884 313.928740622134 56.458096903664
0 0

0101101
*
Ed
 1e-07 1 1 0
1  508 0 0.0872664625996574 1.5707963267949
2  505 207 0 0.0872664625996574 1.5707963267949
2  506 206 0 0.0872664625996574 1.5707963267949
4 CN 207 0 206 0
0

0101000
+625 0 -618 0 *
Ve
1e-07
-43.3570998184274 313.928740622134 133.36545071573
0 0

0101101
*
Ed
 1e-07 1 1 0
1  509 0 3.14159265358979 6.28318530717959
2  507 207 0 3.14159265358979 6.28318530717959
4 G1 207 0 208 0
0

0101000
+616 0 -618 0 *
Ed
 1e-07 1 1 0
1  510 0 0.0872664625996584 1.5707963267949
2  508 207 0 0.0872664625996584 1.5707963267949
2  509 206 0 0.0872664625996584 1.5707963267949
4 CN 207 0 206 0
0

0101000
+623 0 -616 0 *
Ed
 1e-07 1 1 0
1  511 0 3.14159265358979 6.28318530717959
2  510 207 0 3.14159265358979 6.28318530717959
2  511 205 0 3.14159265358979 6.28318530717959
4 G1 207 0 205 0
0

0101000
+623 0 -625 0 *
Wi

0101100
+617 0 -615 0 -614 0 +613 0 *
Fa
0  1e-07 207 0

0111000
+612 0 *
Ve
1e-07
-178.31142030651 313.928740622134 28.7111161587889
0 0

0101101
*
Ve
1e-07
-186.183664396974 304.80029804961 22.6063507553716
0 0

0101101
*
Ed
 1e-07 1 1 0
1  512 0 1.5707963267949 3.05432619099013
2  512 209 0 1.5707963267949 3.05432619099013
2  513 210 0 1.5707963267949 3.05432619099013
4 CN 209 0 210 0
0

0101000
+610 0 -609 0 *
Ve
1e-07
0.295553634662241 304.80029804961 167.217196864023
0 0

0101101
*
Ed
 1e-07 1 1 0
1  513 0 3.14159265358979 6.28318530717959
2  514 209 0 3.14159265358979 6.28318530717959
2  515 211 0 3.14159265358979 6.28318530717959
4 G1 209 0 211 0
0

0101000
+607 0 -609 0 *
Ve
1e-07
-7.57669045580192 313.928740622134 161.112431460605
0 0

0101101
*
Ed
 1e-07 1 1 0
1  514 0 1.5707963267949 3.05432619099014
2  516 209 0 1.5707963267949 3.05432619099014
2  517 210 0 1.5707963267949 3.05432619099014
4 CN 209 0 210 0
0

0101000
+605 0 -607 0 *
Ed
 1e-07 1 1 0
1  515 0 3.14159265358979 6.28318530717959
2  518 209 0 3.14159265358979 6.28318530717959
4 G1 209 0 208 0
0

0101000
+605 0 -610 0 *
Wi

0101100
+608 0 -606 0 -604 0 +603 0 *
Fa
0  1e-07 209 0

0111000
+602 0 *
Ve
1e-07
-187.771832789052 281.828740622134 21.374758423713
0 0

0101101
*
Ed
 1e-07 1 1 0
1  516 0 -23.0593050449666 -0
2  519 211 0 -23.0593050449666 -0
2  520 212 0 -23.0593050449666 -0
4 G2 211 0 212 0
0

0101000
+609 0 -600 0 *
Ve
1e-07
1.88372202674049 281.828740622134 168.448789195681
0 0

0101101
*
Ed
 1e-07 1 1 0
1  517 0 3.14159265358979 6.28318530717959
2  521 211 0 3.14159265358979 6.28318530717959
4 C0 211 0 200 0
0

0101000
+598 0 -600 0 *
Ed
 1e-07 1 1 0
1  518 0 -23.0593050449666 0
2  522 211 0 -23.0593050449666 0
2  523 212 0 -23.0593050449666 0
4 CN 211 0 212 0
0

0101000
+607 0 -598 0 *
Wi

0101100
+599 0 -597 0 -596 0 +606 0 *
Fa
0  1e-07 211 0

0111000
+595 0 *
Ve
1e-07
-213.364499765291 319.768740622134 1.52816498195503
0 0

0101101
*
Ed
 1e-07 1 1 0
1  519 0 -33.6496599573756 -0.160586189349761
2  524 198 0 -33.6496599573756 -0.160586189349761
2  525 213 0 -33.6496599573756 -0.160586189349761
4 CN 198 0 213 0
0

0101000
+648 0 -593 0 *
Ve
1e-07
27.4763890029793 319.768740622134 188.295382637439
0 0

0101101
*
Ed
 1e-07 1 1 0
1  520 0 0 3.14159265358979
2  526 198 0 0 3.14159265358979
4 C0 198 0 179 0
0

0101000
+591 0 -593 0 *
Ed
 1e-07 1 1 0
1  521 0 -33.6496599573756 -0.160586189349788
2  527 198 0 -33.6496599573756 -0.160586189349788
2  528 213 0 -33.6496599573756 -0.160586189349788
4 G2 198 0 213 0
0

0101000
+647 0 -591 0 *
Wi

0101100
-646 0 +592 0 -590 0 -589 0 *
Fa
0  1e-07 198 0

0111000
+588 0 *
Ed
 1e-07 1 1 0
1  522 0 3.14159265358979 6.28318530717959
2  529 213 0 3.14159265358979 6.28318530717959
2  530 199 0 3.14159265358979 6.28318530717959
4 G1 213 0 199 0
0

0101000
+647 0 -648 0 *
Ed
 1e-07 1 1 0
1  523 0 3.14159265358979 6.28318530717959
2  531 213 0 3.14159265358979 6.28318530717959
4 C0 213 0 179 0
0

0101000
+593 0 -591 0 *
Wi

0101100
-592 0 -586 0 +589 0 -585 0 *
Fa
0  1e-07 213 0

0111000
+584 0 *
Ed
 1e-07 1 1 0
1  524 0 3.14159265358979 6.28318530717959
2  532 199 0 3.14159265358979 6.28318530717959
4 G1 200 0 199 0
0

0101000
+645 0 -643 0 *
Wi

0101100
+642 0 +582 0 *
Ed
 1e-07 1 1 0
1  525 0 0 3.14159265358979
2  533 212 0 0 3.14159265358979
4 C0 200 0 212 0
0

0101000
+600 0 -598 0 *
Wi

0101100
-580 0 -597 0 *
Fa
0  1e-07 200 0

0111000
-581 0 -579 0 *
Ed
 1e-07 1 1 0
1  526 0 0 3.14159265358979
2  534 212 0 0 3.14159265358979
2  535 210 0 0 3.14159265358979
4 G1 212 0 210 0
0

0101000
+609 0 -607 0 *
Wi

0101100
-580 0 -599 0 +577 0 +596 0 *
Fa
0  1e-07 212 0

0111000
+576 0 *
Ed
 1e-07 1 1 0
1  527 0 0 3.14159265358979
2  536 210 0 0 3.14159265358979
4 G1 210 0 208 0
0

0101000
+610 0 -605 0 *
Wi

0101100
-577 0 -608 0 +574 0 +604 0 *
Fa
0  1e-07 210 0

0111000
+573 0 *
Wi

0101100
+574 0 +603 0 *
Ed
 1e-07 1 1 0
1  528 0 0 3.14159265358979
2  537 206 0 0 3.14159265358979
4 G1 208 0 206 0
0

0101000
+618 0 -616 0 *
Wi

0101100
-570 0 -615 0 *
Fa
0  1e-07 208 0

0111000
-571 0 -569 0 *
Wi

0101100
-570 0 -617 0 +622 0 +614 0 *
Fa
0  1e-07 206 0

0111000
+567 0 *
Ed
 1e-07 1 1 0
1  529 0 3.14159265358979 6.28318530717959
2  538 205 0 3.14159265358979 6.28318530717959
4 C0 205 0 203 0
0

0101000
+627 0 -628 0 *
Wi

0101100
-624 0 -565 0 +621 0 +613 0 *
Fa
0  1e-07 205 0

0111000
+564 0 *
Wi

0101100
+565 0 +626 0 *
Ed
 1e-07 1 1 0
1  530 0 0 3.14159265358979
2  539 202 0 0 3.14159265358979
4 C0 203 0 202 0
0

0101000
+637 0 -635 0 *
Wi

0101100
-561 0 -634 0 *
Fa
0  1e-07 203 0

0111000
-562 0 -560 0 *
Ed
 1e-07 1 1 0
1  531 0 0 3.14159265358979
2  540 202 0 0 3.14159265358979
4 C0 202 0 188 0
0

0101000
+638 0 -633 0 *
Wi

0101100
-561 0 -636 0 +558 0 +632 0 *
Fa
0  1e-07 202 0

0111000
+557 0 *
Wi

0101100
-644 0 +586 0 +641 0 -582 0 *
Fa
0  1e-07 199 0

0111000
+555 0 *
Ed
 1e-07 1 1 0
1  532 0 0 3.14159265358979
2  541 184 0 0 3.14159265358979
4 G1 185 0 184 0
0

0101000
+695 0 -697 0 *
Wi

0101100
-553 0 -694 0 *
Ed
 1e-07 1 1 0
1  533 0 3.14159265358979 6.28318530717959
2  542 196 0 3.14159265358979 6.28318530717959
4 C0 185 0 196 0
0

0101000
+653 0 -655 0 *
Wi

0101100
+652 0 +551 0 *
Fa
0  1e-07 185 0

0111000
-552 0 -550 0 *
Ed
 1e-07 1 1 0
1  534 0 3.14159265358979 6.28318530717959
2  543 196 0 3.14159265358979 6.28318530717959
2  544 194 0 3.14159265358979 6.28318530717959
4 G1 196 0 194 0
0

0101000
+662 0 -664 0 *
Wi

0101100
+551 0 -654 0 -548 0 +651 0 *
Fa
0  1e-07 196 0

0111000
+547 0 *
Ed
 1e-07 1 1 0
1  535 0 3.14159265358979 6.28318530717959
2  545 194 0 3.14159265358979 6.28318530717959
4 G1 194 0 192 0
0

0101000
+660 0 -665 0 *
Wi

0101100
+548 0 -663 0 -545 0 +659 0 *
Fa
0  1e-07 194 0

0111000
+544 0 *
Wi

0101100
-658 0 -545 0 *
Ed
 1e-07 1 1 0
1  536 0 3.14159265358979 6.28318530717959
2  546 190 0 3.14159265358979 6.28318530717959
4 G1 192 0 190 0
0

0101000
+671 0 -673 0 *
Wi

0101100
+670 0 +541 0 *
Fa
0  1e-07 192 0

0111000
-542 0 -540 0 *
Wi

0101100
+541 0 -672 0 -677 0 +669 0 *
Fa
0  1e-07 190 0

0111000
+538 0 *
Ed
 1e-07 1 1 0
1  537 0 0 3.14159265358979
2  547 189 0 0 3.14159265358979
4 C0 189 0 188 0
0

0101000
+682 0 -683 0 *
Wi

0101100
-679 0 +536 0 +676 0 -668 0 *
Fa
0  1e-07 189 0

0111000
+535 0 *
Wi

0101100
-681 0 -536 0 *
Wi

0101100
+558 0 +631 0 *
Fa
0  1e-07 188 0

0111000
-533 0 -532 0 *
Ed
 1e-07 1 1 0
1  538 0 0 3.14159265358979
2  548 186 0 0 3.14159265358979
2  549 184 0 0 3.14159265358979
4 G1 186 0 184 0
0

0101000
+699 0 -700 0 *
Ed
 1e-07 1 1 0
1  539 0 3.14159265358979 6.28318530717959
2  550 186 0 3.14159265358979 6.28318530717959
4 C0 186 0 181 0
0

0101000
+688 0 -690 0 *
Wi

0101100
-689 0 +530 0 +686 0 +529 0 *
Fa
0  1e-07 186 0

0111000
+528 0 *
Wi

0101100
-696 0 -530 0 +693 0 +553 0 *
Fa
0  1e-07 184 0

0111000
+526 0 *
Ed
 1e-07 1 1 0
1  540 0 3.14159265358979 6.28318530717959
2  551 177 0 3.14159265358979 6.28318530717959
4 C0 181 0 177 0
0

0101000
+705 0 -707 0 *
Wi

0101100
-524 0 -704 0 *
Wi

0101100
-529 0 -687 0 *
Fa
0  1e-07 181 0

0111000
-523 0 -522 0 *
Wi

0101100
-706 0 -716 0 +703 0 +524 0 *
Fa
0  1e-07 177 0

0111000
+520 0 *
Ed
 1e-07 1 1 0
1  541 0 0 3.14159265358979
2  552 178 0 0 3.14159265358979
4 C0 178 0 179 0
0

0101000
+715 0 -713 0 *
Wi

0101100
-714 0 +708 0 +711 0 -518 0 *
Fa
0  1e-07 178 0

0111000
+517 0 *
Wi

0101100
+712 0 +518 0 *
Wi

0101100
+590 0 +585 0 *
Fa
0  1e-07 179 0

0111000
-515 0 -514 0 *
Sh

0101100
+709 0 +701 0 +691 0 +684 0 +674 0 -666 0 -656 0 -649 0 +639 0 -629 0 
+619 0 -611 0 -601 0 -594 0 +587 0 +583 0 -578 0 -575 0 -572 0 -568 0 
-566 0 +563 0 -559 0 -556 0 +554 0 -549 0 -546 0 -543 0 -539 0 -537 0 
+534 0 -531 0 +527 0 +525 0 -521 0 +519 0 +516 0 -513 0 *
So

0100000
+512 0 *
Ve
1e-07
-6.74324236804755 426.848740622134 220.582337986758
0 0

0101101
*
Ve
1e-07
-179.144868394264 426.848740622134 -30.7587903673641
0 0

0101101
*
Ed
 1e-07 1 1 0
1  542 0 3.14159265358979 6.28318530717959
2  553 214 0 3.14159265358979 6.28318530717959
2  554 215 0 3.14159265358979 6.28318530717959
4 C0 214 0 215 0
0

0101000
+510 0 -509 0 *
Ve
1e-07
-179.148745496907 426.768740622134 -30.764442723294
0 0

0101101
*
Ed
 1e-07 1 1 0
1  543 0 -0.0802930946748798 -0
2  555 214 0 -0.0802930946748798 -0
2  556 216 0 -0.0802930946748798 -0
4 G2 214 0 216 0
0

0101000
+509 0 -507 0 *
Ve
1e-07
-6.73936526540388 426.768740622134 220.587990342688
0 0

0101101
*
Ed
 1e-07 1 1 0
1  544 0 3.14159265358979 6.28318530717959
2  557 214 0 3.14159265358979 6.28318530717959
4 C0 214 0 217 0
0

0101000
+505 0 -507 0 *
Ed
 1e-07 1 1 0
1  545 0 -0.0802930946749178 0
2  558 214 0 -0.0802930946749178 0
2  559 216 0 -0.0802930946749178 0
4 G2 214 0 216 0
0

0101000
+510 0 -505 0 *
Wi

0101100
+508 0 +506 0 -504 0 -503 0 *
Fa
0  1e-07 214 0

0111000
+502 0 *
Ed
 1e-07 1 1 0
1  546 0 0 3.14159265358979
2  560 218 0 0 3.14159265358979
2  561 216 0 0 3.14159265358979
4 C0 218 0 216 0
0

0101000
+509 0 -510 0 *
Ve
1e-07
-179.148745496907 426.928740622134 -30.764442723294
0 0

0101101
*
Ed
 1e-07 1 1 0
1  547 0 -0.0802930946748231 0
2  562 218 0 -0.0802930946748231 0
2  563 215 0 -0.0802930946748231 0
4 CN 218 0 215 0
0

0101000
+509 0 -499 0 *
Ve
1e-07
-6.73936526540388 426.928740622134 220.587990342688
0 0

0101101
*
Ed
 1e-07 1 1 0
1  548 0 0 3.14159265358979
2  564 218 0 0 3.14159265358979
4 C0 218 0 219 0
0

0101000
+499 0 -497 0 *
Ed
 1e-07 1 1 0
1  549 0 -0.0802930946748611 0
2  565 218 0 -0.0802930946748611 0
2  566 215 0 -0.0802930946748611 0
4 CN 218 0 215 0
0

0101000
+510 0 -497 0 *
Wi

0101100
-500 0 +498 0 +496 0 -495 0 *
Fa
0  1e-07 218 0

0111000
+494 0 *
Ve
1e-07
-8.36420219699188 460.29556889411 218.21917076024
0 0

0101101
*
Ve
1e-07
-177.523908565319 460.29556889411 -28.3956231408461
0 0

0101101
*
Ed
 1e-07 1 1 0
1  550 0 3.14159265358979 6.28318530717959
2  567 220 0 3.14159265358979 6.28318530717959
2  568 221 0 3.14159265358979 6.28318530717959
4 G1 220 0 221 0
0

0101000
+492 0 -491 0 *
Ve
1e-07
-11.1821161171288 464.868740622134 214.110986396687
0 0

0101101
*
Ed
 1e-07 1 1 0
1  551 0 0.0854696766596557 1.5707963267949
2  569 220 0 0.0854696766596557 1.5707963267949
2  570 222 0 0.0854696766596557 1.5707963267949
4 CN 220 0 222 0
0

0101000
+492 0 -489 0 *
Ve
1e-07
-174.705994645182 464.868740622134 -24.2874387772931
0 0

0101101
*
Ed
 1e-07 1 1 0
1  552 0 3.14159265358979 6.28318530717959
2  571 220 0 3.14159265358979 6.28318530717959
4 G1 220 0 223 0
0

0101000
+489 0 -487 0 *
Ed
 1e-07 1 1 0
1  553 0 0.0854696766596546 1.5707963267949
2  572 220 0 0.0854696766596546 1.5707963267949
2  573 222 0 0.0854696766596546 1.5707963267949
4 CN 220 0 222 0
0

0101000
+491 0 -487 0 *
Wi

0101100
-490 0 +488 0 +486 0 -485 0 *
Fa
0  1e-07 220 0

0111000
+484 0 *
Ve
1e-07
-179.14099129162 426.928740622134 -30.7531380114341
0 0

0101101
*
Ed
 1e-07 1 1 0
1  554 0 -33.6496599573757 -0.160586189349758
2  574 221 0 -33.6496599573757 -0.160586189349758
2  575 224 0 -33.6496599573757 -0.160586189349758
4 G2 221 0 224 0
0

0101000
+491 0 -482 0 *
Ve
1e-07
-6.74711947069123 426.928740622134 220.576685630828
0 0

0101101
*
Ed
 1e-07 1 1 0
1  555 0 0 3.14159265358979
2  576 221 0 0 3.14159265358979
4 C0 221 0 219 0
0

0101000
+482 0 -480 0 *
Ed
 1e-07 1 1 0
1  556 0 -33.6496599573757 -0.160586189349781
2  577 221 0 -33.6496599573757 -0.160586189349781
2  578 224 0 -33.6496599573757 -0.160586189349781
4 G2 221 0 224 0
0

0101000
+492 0 -480 0 *
Wi

0101100
+490 0 +481 0 +479 0 -478 0 *
Fa
0  1e-07 221 0

0111000
+477 0 *
Ve
1e-07
-64.3788529477864 468.048740622134 136.556451860327
0 0

0101101
*
Ve
1e-07
-121.509257814525 468.048740622134 53.2670957590667
0 0

0101101
*
Ed
 1e-07 1 1 0
1  557 0 3.14159265358979 6.28318530717959
2  579 225 0 3.14159265358979 6.28318530717959
4 C0 225 0 226 0
0

0101000
+475 0 -474 0 *
Ve
1e-07
-122.803439555393 441.897183194657 51.3803322374997
0 0

0101101
*
Ed
 1e-07 1 1 0
1  558 0 -26.2514521283555 -0
2  580 225 0 -26.2514521283555 -0
2  581 227 0 -26.2514521283555 -0
4 CN 225 0 227 0
0

0101000
+474 0 -472 0 *
Ve
1e-07
-63.0846712069183 441.897183194657 138.443215381894
0 0

0101101
*
Ed
 1e-07 1 1 0
1  559 0 3.14159265358979 6.28318530717959
2  582 225 0 3.14159265358979 6.28318530717959
2  583 228 0 3.14159265358979 6.28318530717959
4 G1 225 0 228 0
0

0101000
+470 0 -472 0 *
Ed
 1e-07 1 1 0
1  560 0 -26.2514521283555 -4.90410969390744e-15
2  584 225 0 -26.2514521283555 -4.90410969390744e-15
2  585 227 0 -26.2514521283555 -4.90410969390744e-15
4 G2 225 0 227 0
0

0101000
+475 0 -470 0 *
Wi

0101100
+473 0 +471 0 -469 0 -468 0 *
Fa
0  1e-07 225 0

0111000
+467 0 *
Ve
1e-07
-128.438390686886 432.768740622134 43.1652416478412
0 0

0101101
*
Ed
 1e-07 1 1 0
1  561 0 3.22885911618955 4.71238898038469
2  586 229 0 3.22885911618955 4.71238898038469
2  587 228 0 3.22885911618955 4.71238898038469
4 CN 229 0 228 0
0

0101000
+472 0 -465 0 *
Ve
1e-07
-57.4497200754252 432.768740622134 146.658305971553
0 0

0101101
*
Ed
 1e-07 1 1 0
1  562 0 0 3.14159265358979
2  588 229 0 0 3.14159265358979
4 G1 229 0 230 0
0

0101000
+465 0 -463 0 *
Ed
 1e-07 1 1 0
1  563 0 3.22885911618955 4.71238898038469
2  589 229 0 3.22885911618955 4.71238898038469
2  590 228 0 3.22885911618955 4.71238898038469
4 CN 229 0 228 0
0

0101000
+470 0 -463 0 *
Ed
 1e-07 1 1 0
1  564 0 0 3.14159265358979
2  591 229 0 0 3.14159265358979
2  592 227 0 0 3.14159265358979
4 G1 229 0 227 0
0

0101000
+472 0 -470 0 *
Wi

0101100
+464 0 +462 0 -461 0 -460 0 *
Fa
0  1e-07 229 0

0111000
+459 0 *
Ve
1e-07
-154.050002306937 432.768740622134 5.82654878323757
0 0

0101101
*
Ve
1e-07
-159.68495343843 441.897183194657 -2.38854180642093
0 0

0101101
*
Ed
 1e-07 1 1 0
1  565 0 4.71238898038469 6.19591884457983
2  593 231 0 4.71238898038469 6.19591884457983
2  594 232 0 4.71238898038469 6.19591884457983
4 CN 231 0 232 0
0

0101000
+457 0 -456 0 *
Ve
1e-07
-26.2031573238813 441.897183194657 192.212089425815
0 0

0101101
*
Ed
 1e-07 1 1 0
1  566 0 0 3.14159265358979
2  595 231 0 0 3.14159265358979
2  596 233 0 0 3.14159265358979
4 G1 231 0 233 0
0

0101000
+456 0 -454 0 *
Ve
1e-07
-31.8381084553743 432.768740622134 183.996998836156
0 0

0101101
*
Ed
 1e-07 1 1 0
1  567 0 4.71238898038469 6.19591884457983
2  597 231 0 4.71238898038469 6.19591884457983
2  598 232 0 4.71238898038469 6.19591884457983
4 CN 231 0 232 0
0

0101000
+452 0 -454 0 *
Ed
 1e-07 1 1 0
1  568 0 0 3.14159265358979
2  599 231 0 0 3.14159265358979
4 G1 231 0 230 0
0

0101000
+457 0 -452 0 *
Wi

0101100
+455 0 +453 0 -451 0 -450 0 *
Fa
0  1e-07 231 0

0111000
+449 0 *
Ve
1e-07
-160.821764133716 464.868740622134 -4.04587700368175
0 0

0101101
*
Ed
 1e-07 1 1 0
1  569 0 -23.0593050449677 0
2  600 233 0 -23.0593050449677 0
2  601 234 0 -23.0593050449677 0
4 G2 233 0 234 0
0

0101000
+456 0 -447 0 *
Ve
1e-07
-25.0663466285952 464.868740622134 193.869424623076
0 0

0101101
*
Ed
 1e-07 1 1 0
1  570 0 0 3.14159265358979
2  602 233 0 0 3.14159265358979
4 C0 233 0 223 0
0

0101000
+447 0 -445 0 *
Ed
 1e-07 1 1 0
1  571 0 -23.0593050449677 0
2  603 233 0 -23.0593050449677 0
2  604 234 0 -23.0593050449677 0
4 CN 233 0 234 0
0

0101000
+454 0 -445 0 *
Wi

0101100
+446 0 +444 0 -443 0 -453 0 *
Fa
0  1e-07 233 0

0111000
+442 0 *
Ve
1e-07
-177.523908565319 393.401912350158 -28.3956231408461
0 0

0101101
*
Ve
1e-07
-8.36420219699184 393.401912350158 218.21917076024
0 0

0101101
*
Ed
 1e-07 1 1 0
1  572 0 0 3.14159265358979
2  605 235 0 0 3.14159265358979
2  606 236 0 0 3.14159265358979
4 G1 235 0 236 0
0

0101000
+440 0 -439 0 *
Ve
1e-07
-11.1821161171287 388.828740622134 214.110986396687
0 0

0101101
*
Ed
 1e-07 1 1 0
1  573 0 3.22706233024945 4.71238898038469
2  607 235 0 3.22706233024945 4.71238898038469
2  608 237 0 3.22706233024945 4.71238898038469
4 CN 235 0 237 0
0

0101000
+439 0 -437 0 *
Ve
1e-07
-174.705994645182 388.828740622134 -24.2874387772932
0 0

0101101
*
Ed
 1e-07 1 1 0
1  574 0 0 3.14159265358979
2  609 235 0 0 3.14159265358979
4 G1 235 0 238 0
0

0101000
+435 0 -437 0 *
Ed
 1e-07 1 1 0
1  575 0 3.22706233024945 4.71238898038469
2  610 235 0 3.22706233024945 4.71238898038469
2  611 237 0 3.22706233024945 4.71238898038469
4 CN 235 0 237 0
0

0101000
+440 0 -435 0 *
Wi

0101100
+438 0 +436 0 -434 0 -433 0 *
Fa
0  1e-07 235 0

0111000
+432 0 *
Ve
1e-07
-101.428768975226 468.048740622134 82.5420674580246
0 0

0101101
*
Ve
1e-07
-101.428768975226 385.648740622134 82.5420674580245
0 0

0101101
*
Ed
 1e-07 1 1 0
1  576 0 -82.623259144191 -0.223259144191047
2  612 239 0 -82.623259144191 -0.223259144191047
2  613 240 0 -82.623259144191 -0.223259144191047
4 CN 239 0 240 0
0

0101000
+430 0 -429 0 *
Ve
1e-07
-84.4593417870855 385.648740622134 107.281480161369
0 0

0101101
*
Ed
 1e-07 1 1 0
1  577 0 3.14159265358979 6.28318530717959
2  614 239 0 3.14159265358979 6.28318530717959
4 C0 239 0 241 0
0

0101000
+427 0 -429 0 *
Ve
1e-07
-84.4593417870855 468.048740622134 107.281480161369
0 0

0101101
*
Ed
 1e-07 1 1 0
1  578 0 -82.623259144191 -0.223259144191047
2  615 239 0 -82.623259144191 -0.223259144191047
2  616 240 0 -82.623259144191 -0.223259144191047
4 CN 239 0 240 0
0

0101000
+425 0 -427 0 *
Ed
 1e-07 1 1 0
1  579 0 3.14159265358979 6.28318530717959
2  617 239 0 3.14159265358979 6.28318530717959
4 C0 239 0 226 0
0

0101000
+425 0 -430 0 *
Wi

0101100
+428 0 -426 0 -424 0 +423 0 *
Fa
0  1e-07 239 0

0111000
+422 0 *
Ve
1e-07
-121.509257814525 385.648740622134 53.2670957590667
0 0

0101101
*
Ve
1e-07
-64.3788529477864 385.648740622134 136.556451860327
0 0

0101101
*
Ed
 1e-07 1 1 0
1  580 0 0 3.14159265358979
2  618 242 0 0 3.14159265358979
4 C0 242 0 241 0
0

0101000
+420 0 -419 0 *
Ve
1e-07
-122.803439555393 411.80029804961 51.3803322374997
0 0

0101101
*
Ed
 1e-07 1 1 0
1  581 0 -26.2514521283544 0
2  619 242 0 -26.2514521283544 0
2  620 243 0 -26.2514521283544 0
4 CN 242 0 243 0
0

0101000
+420 0 -417 0 *
Ve
1e-07
-63.0846712069182 411.80029804961 138.443215381894
0 0

0101101
*
Ed
 1e-07 1 1 0
1  582 0 0 3.14159265358979
2  621 242 0 0 3.14159265358979
2  622 244 0 0 3.14159265358979
4 G1 242 0 244 0
0

0101000
+417 0 -415 0 *
Ed
 1e-07 1 1 0
1  583 0 -26.2514521283544 0
2  623 242 0 -26.2514521283544 0
2  624 243 0 -26.2514521283544 0
4 G2 242 0 243 0
0

0101000
+419 0 -415 0 *
Wi

0101100
-418 0 +416 0 +414 0 -413 0 *
Fa
0  1e-07 242 0

0111000
+412 0 *
Ve
1e-07
-128.438390686886 420.928740622134 43.1652416478412
0 0

0101101
*
Ed
 1e-07 1 1 0
1  584 0 0.0872664625996564 1.5707963267949
2  625 245 0 0.0872664625996564 1.5707963267949
2  626 244 0 0.0872664625996564 1.5707963267949
4 CN 245 0 244 0
0

0101000
+417 0 -410 0 *
Ve
1e-07
-57.4497200754252 420.928740622134 146.658305971553
0 0

0101101
*
Ed
 1e-07 1 1 0
1  585 0 3.14159265358979 6.28318530717959
2  627 245 0 3.14159265358979 6.28318530717959
4 G1 245 0 246 0
0

0101000
+408 0 -410 0 *
Ed
 1e-07 1 1 0
1  586 0 0.0872664625996528 1.5707963267949
2  628 245 0 0.0872664625996528 1.5707963267949
2  629 244 0 0.0872664625996528 1.5707963267949
4 CN 245 0 244 0
0

0101000
+415 0 -408 0 *
Ed
 1e-07 1 1 0
1  587 0 3.14159265358979 6.28318530717959
2  630 245 0 3.14159265358979 6.28318530717959
2  631 243 0 3.14159265358979 6.28318530717959
4 G1 245 0 243 0
0

0101000
+415 0 -417 0 *
Wi

0101100
+409 0 -407 0 -406 0 +405 0 *
Fa
0  1e-07 245 0

0111000
+404 0 *
Ve
1e-07
-154.050002306937 420.928740622134 5.82654878323756
0 0

0101101
*
Ve
1e-07
-159.68495343843 411.80029804961 -2.38854180642093
0 0

0101101
*
Ed
 1e-07 1 1 0
1  588 0 1.57079632679489 3.05432619099014
2  632 247 0 1.57079632679489 3.05432619099014
2  633 248 0 1.57079632679489 3.05432619099014
4 CN 247 0 248 0
0

0101000
+402 0 -401 0 *
Ve
1e-07
-26.2031573238813 411.80029804961 192.212089425815
0 0

0101101
*
Ed
 1e-07 1 1 0
1  589 0 3.14159265358979 6.28318530717959
2  634 247 0 3.14159265358979 6.28318530717959
2  635 249 0 3.14159265358979 6.28318530717959
4 G1 247 0 249 0
0

0101000
+399 0 -401 0 *
Ve
1e-07
-31.8381084553743 420.928740622134 183.996998836156
0 0

0101101
*
Ed
 1e-07 1 1 0
1  590 0 1.5707963267949 3.05432619099014
2  636 247 0 1.5707963267949 3.05432619099014
2  637 248 0 1.5707963267949 3.05432619099014
4 CN 247 0 248 0
0

0101000
+397 0 -399 0 *
Ed
 1e-07 1 1 0
1  591 0 3.14159265358979 6.28318530717959
2  638 247 0 3.14159265358979 6.28318530717959
4 G1 247 0 246 0
0

0101000
+397 0 -402 0 *
Wi

0101100
+400 0 -398 0 -396 0 +395 0 *
Fa
0  1e-07 247 0

0111000
+394 0 *
Ve
1e-07
-160.821764133716 388.828740622134 -4.04587700368177
0 0

0101101
*
Ed
 1e-07 1 1 0
1  592 0 -23.0593050449666 -0
2  639 249 0 -23.0593050449666 -0
2  640 250 0 -23.0593050449666 -0
4 G2 249 0 250 0
0

0101000
+401 0 -392 0 *
Ve
1e-07
-25.0663466285952 388.828740622134 193.869424623076
0 0

0101101
*
Ed
 1e-07 1 1 0
1  593 0 3.14159265358979 6.28318530717959
2  641 249 0 3.14159265358979 6.28318530717959
4 C0 249 0 238 0
0

0101000
+390 0 -392 0 *
Ed
 1e-07 1 1 0
1  594 0 -23.0593050449667 0
2  642 249 0 -23.0593050449667 0
2  643 250 0 -23.0593050449667 0
4 CN 249 0 250 0
0

0101000
+399 0 -390 0 *
Wi

0101100
+391 0 -389 0 -388 0 +398 0 *
Fa
0  1e-07 249 0

0111000
+387 0 *
Ve
1e-07
-179.14099129162 426.768740622134 -30.7531380114341
0 0

0101101
*
Ed
 1e-07 1 1 0
1  595 0 -33.6496599573756 -0.160586189349758
2  644 236 0 -33.6496599573756 -0.160586189349758
2  645 251 0 -33.6496599573756 -0.160586189349758
4 CN 236 0 251 0
0

0101000
+440 0 -385 0 *
Ve
1e-07
-6.74711947069123 426.768740622134 220.576685630828
0 0

0101101
*
Ed
 1e-07 1 1 0
1  596 0 0 3.14159265358979
2  646 236 0 0 3.14159265358979
4 C0 236 0 217 0
0

0101000
+383 0 -385 0 *
Ed
 1e-07 1 1 0
1  597 0 -33.6496599573757 -0.160586189349781
2  647 236 0 -33.6496599573757 -0.160586189349781
2  648 251 0 -33.6496599573757 -0.160586189349781
4 G2 236 0 251 0
0

0101000
+439 0 -383 0 *
Wi

0101100
-438 0 +384 0 -382 0 -381 0 *
Fa
0  1e-07 236 0

0111000
+380 0 *
Ed
 1e-07 1 1 0
1  598 0 3.14159265358979 6.28318530717959
2  649 251 0 3.14159265358979 6.28318530717959
2  650 237 0 3.14159265358979 6.28318530717959
4 G1 251 0 237 0
0

0101000
+439 0 -440 0 *
Ed
 1e-07 1 1 0
1  599 0 3.14159265358979 6.28318530717959
2  651 251 0 3.14159265358979 6.28318530717959
4 C0 251 0 217 0
0

0101000
+385 0 -383 0 *
Wi

0101100
-384 0 -378 0 +381 0 -377 0 *
Fa
0  1e-07 251 0

0111000
+376 0 *
Ed
 1e-07 1 1 0
1  600 0 3.14159265358979 6.28318530717959
2  652 237 0 3.14159265358979 6.28318530717959
4 G1 238 0 237 0
0

0101000
+437 0 -435 0 *
Wi

0101100
+434 0 +374 0 *
Ed
 1e-07 1 1 0
1  601 0 0 3.14159265358979
2  653 250 0 0 3.14159265358979
4 C0 238 0 250 0
0

0101000
+392 0 -390 0 *
Wi

0101100
-372 0 -389 0 *
Fa
0  1e-07 238 0

0111000
-373 0 -371 0 *
Ed
 1e-07 1 1 0
1  602 0 0 3.14159265358979
2  654 250 0 0 3.14159265358979
2  655 248 0 0 3.14159265358979
4 G1 250 0 248 0
0

0101000
+401 0 -399 0 *
Wi

0101100
-372 0 -391 0 +369 0 +388 0 *
Fa
0  1e-07 250 0

0111000
+368 0 *
Ed
 1e-07 1 1 0
1  603 0 0 3.14159265358979
2  656 248 0 0 3.14159265358979
4 G1 248 0 246 0
0

0101000
+402 0 -397 0 *
Wi

0101100
-369 0 -400 0 +366 0 +396 0 *
Fa
0  1e-07 248 0

0111000
+365 0 *
Wi

0101100
+366 0 +395 0 *
Ed
 1e-07 1 1 0
1  604 0 0 3.14159265358979
2  657 244 0 0 3.14159265358979
4 G1 246 0 244 0
0

0101000
+410 0 -408 0 *
Wi

0101100
-362 0 -407 0 *
Fa
0  1e-07 246 0

0111000
-363 0 -361 0 *
Wi

0101100
-362 0 -409 0 +414 0 +406 0 *
Fa
0  1e-07 244 0

0111000
+359 0 *
Ed
 1e-07 1 1 0
1  605 0 3.14159265358979 6.28318530717959
2  658 243 0 3.14159265358979 6.28318530717959
4 C0 243 0 241 0
0

0101000
+419 0 -420 0 *
Wi

0101100
-416 0 -357 0 +413 0 +405 0 *
Fa
0  1e-07 243 0

0111000
+356 0 *
Wi

0101100
+357 0 +418 0 *
Ed
 1e-07 1 1 0
1  606 0 0 3.14159265358979
2  659 240 0 0 3.14159265358979
4 C0 241 0 240 0
0

0101000
+429 0 -427 0 *
Wi

0101100
-353 0 -426 0 *
Fa
0  1e-07 241 0

0111000
-354 0 -352 0 *
Ed
 1e-07 1 1 0
1  607 0 0 3.14159265358979
2  660 240 0 0 3.14159265358979
4 C0 240 0 226 0
0

0101000
+430 0 -425 0 *
Wi

0101100
-353 0 -428 0 +350 0 +424 0 *
Fa
0  1e-07 240 0

0111000
+349 0 *
Wi

0101100
-436 0 +378 0 +433 0 -374 0 *
Fa
0  1e-07 237 0

0111000
+347 0 *
Ed
 1e-07 1 1 0
1  608 0 0 3.14159265358979
2  661 222 0 0 3.14159265358979
4 G1 223 0 222 0
0

0101000
+487 0 -489 0 *
Wi

0101100
-345 0 -486 0 *
Ed
 1e-07 1 1 0
1  609 0 3.14159265358979 6.28318530717959
2  662 234 0 3.14159265358979 6.28318530717959
4 C0 223 0 234 0
0

0101000
+445 0 -447 0 *
Wi

0101100
+444 0 +343 0 *
Fa
0  1e-07 223 0

0111000
-344 0 -342 0 *
Ed
 1e-07 1 1 0
1  610 0 3.14159265358979 6.28318530717959
2  663 234 0 3.14159265358979 6.28318530717959
2  664 232 0 3.14159265358979 6.28318530717959
4 G1 234 0 232 0
0

0101000
+454 0 -456 0 *
Wi

0101100
+343 0 -446 0 -340 0 +443 0 *
Fa
0  1e-07 234 0

0111000
+339 0 *
Ed
 1e-07 1 1 0
1  611 0 3.14159265358979 6.28318530717959
2  665 232 0 3.14159265358979 6.28318530717959
4 G1 232 0 230 0
0

0101000
+452 0 -457 0 *
Wi

0101100
+340 0 -455 0 -337 0 +451 0 *
Fa
0  1e-07 232 0

0111000
+336 0 *
Wi

0101100
-450 0 -337 0 *
Ed
 1e-07 1 1 0
1  612 0 3.14159265358979 6.28318530717959
2  666 228 0 3.14159265358979 6.28318530717959
4 G1 230 0 228 0
0

0101000
+463 0 -465 0 *
Wi

0101100
+462 0 +333 0 *
Fa
0  1e-07 230 0

0111000
-334 0 -332 0 *
Wi

0101100
+333 0 -464 0 -469 0 +461 0 *
Fa
0  1e-07 228 0

0111000
+330 0 *
Ed
 1e-07 1 1 0
1  613 0 0 3.14159265358979
2  667 227 0 0 3.14159265358979
4 C0 227 0 226 0
0

0101000
+474 0 -475 0 *
Wi

0101100
-471 0 +328 0 +468 0 -460 0 *
Fa
0  1e-07 227 0

0111000
+327 0 *
Wi

0101100
-473 0 -328 0 *
Wi

0101100
+350 0 +423 0 *
Fa
0  1e-07 226 0

0111000
-325 0 -324 0 *
Ed
 1e-07 1 1 0
1  614 0 0 3.14159265358979
2  668 224 0 0 3.14159265358979
2  669 222 0 0 3.14159265358979
4 G1 224 0 222 0
0

0101000
+491 0 -492 0 *
Ed
 1e-07 1 1 0
1  615 0 3.14159265358979 6.28318530717959
2  670 224 0 3.14159265358979 6.28318530717959
4 C0 224 0 219 0
0

0101000
+480 0 -482 0 *
Wi

0101100
-481 0 +322 0 +478 0 +321 0 *
Fa
0  1e-07 224 0

0111000
+320 0 *
Wi

0101100
-488 0 -322 0 +485 0 +345 0 *
Fa
0  1e-07 222 0

0111000
+318 0 *
Ed
 1e-07 1 1 0
1  616 0 3.14159265358979 6.28318530717959
2  671 215 0 3.14159265358979 6.28318530717959
4 C0 219 0 215 0
0

0101000
+497 0 -499 0 *
Wi

0101100
-316 0 -496 0 *
Wi

0101100
-321 0 -479 0 *
Fa
0  1e-07 219 0

0111000
-315 0 -314 0 *
Wi

0101100
-498 0 -508 0 +495 0 +316 0 *
Fa
0  1e-07 215 0

0111000
+312 0 *
Ed
 1e-07 1 1 0
1  617 0 0 3.14159265358979
2  672 216 0 0 3.14159265358979
4 C0 216 0 217 0
0

0101000
+507 0 -505 0 *
Wi

0101100
-506 0 +500 0 +503 0 -310 0 *
Fa
0  1e-07 216 0

0111000
+309 0 *
Wi

0101100
+504 0 +310 0 *
Wi

0101100
+382 0 +377 0 *
Fa
0  1e-07 217 0

0111000
-307 0 -306 0 *
Sh

0101100
+501 0 +493 0 +483 0 +476 0 +466 0 -458 0 -448 0 -441 0 +431 0 -421 0 
+411 0 -403 0 -393 0 -386 0 +379 0 +375 0 -370 0 -367 0 -364 0 -360 0 
-358 0 +355 0 -351 0 -348 0 +346 0 -341 0 -338 0 -335 0 -331 0 -329 0 
+326 0 -323 0 +319 0 +317 0 -313 0 +311 0 +308 0 -305 0 *
So

0100000
+304 0 *
Ve
1e-07
-92.9440553811557 487.848740622134 82.911773809697
0 0

0101101
*
Ve
1e-07
-92.9440553811557 488.648740622134 82.111773809697
0 0

0101101
*
Ed
 1e-07 1 1 0
1  618 0 3.14159265358979 4.71238898038469
2  673 252 0 3.14159265358979 4.71238898038469
2  674 253 0 3.14159265358979 4.71238898038469
4 CN 252 0 253 0
0

0101000
+302 0 -301 0 *
Ve
1e-07
-92.9440553811557 488.648740622134 107.711773809697
0 0

0101101
*
Ed
 1e-07 1 1 0
1  619 0 0 3.14159265358979
2  675 252 0 0 3.14159265358979
4 G1 252 0 254 0
0

0101000
+301 0 -299 0 *
Ve
1e-07
-92.9440553811557 487.848740622134 106.911773809697
0 0

0101101
*
Ed
 1e-07 1 1 0
1  620 0 3.14159265358979 4.71238898038469
2  676 252 0 3.14159265358979 4.71238898038469
2  677 253 0 3.14159265358979 4.71238898038469
4 CN 252 0 253 0
0

0101000
+297 0 -299 0 *
Ed
 1e-07 1 1 0
1  621 0 3.14159265358979 6.28318530717959
2  678 252 0 3.14159265358979 6.28318530717959
2  679 255 0 3.14159265358979 6.28318530717959
4 G1 252 0 255 0
0

0101000
+297 0 -302 0 *
Wi

0101100
+300 0 +298 0 -296 0 +295 0 *
Fa
0  1e-07 252 0

0111000
+294 0 *
Ve
1e-07
-92.9440553811557 228.648740622134 85.311773809697
0 0

0101101
*
Ve
1e-07
-92.9440553811557 228.648740622134 104.511773809697
0 0

0101101
*
Ed
 1e-07 1 1 0
1  622 0 3.14159265358979 6.28318530717959
2  680 256 0 3.14159265358979 6.28318530717959
4 C0 256 0 257 0
0

0101000
+292 0 -291 0 *
Ve
1e-07
-92.9440553811557 231.048740622134 82.911773809697
0 0

0101101
*
Ed
 1e-07 1 1 0
1  623 0 -3.39411254969544 0
2  681 256 0 -3.39411254969544 0
2  682 258 0 -3.39411254969544 0
4 CN 256 0 258 0
0

0101000
+292 0 -289 0 *
Ve
1e-07
-92.9440553811557 231.048740622134 106.911773809697
0 0

0101101
*
Ed
 1e-07 1 1 0
1  624 0 0 3.14159265358979
2  683 256 0 0 3.14159265358979
2  684 259 0 0 3.14159265358979
4 C0 256 0 259 0
0

0101000
+287 0 -289 0 *
Ed
 1e-07 1 1 0
1  625 0 -3.39411254969543 0
2  685 256 0 -3.39411254969543 0
2  686 258 0 -3.39411254969543 0
4 CN 256 0 258 0
0

0101000
+291 0 -287 0 *
Wi

0101100
-290 0 +288 0 -286 0 -285 0 *
Fa
0  1e-07 256 0

0111000
+284 0 *
Ed
 1e-07 1 1 0
1  626 0 -272.6 -15.8
2  687 259 0 -272.6 -15.8
2  688 255 0 -272.6 -15.8
4 CN 259 0 255 0
0

0101000
+289 0 -302 0 *
Ed
 1e-07 1 1 0
1  627 0 0 3.14159265358979
2  689 259 0 0 3.14159265358979
2  690 253 0 0 3.14159265358979
4 G1 259 0 253 0
0

0101000
+302 0 -297 0 *
Ed
 1e-07 1 1 0
1  628 0 -272.6 -15.8
2  691 259 0 -272.6 -15.8
2  692 255 0 -272.6 -15.8
4 CN 259 0 255 0
0

0101000
+287 0 -297 0 *
Wi

0101100
+286 0 +282 0 +281 0 -280 0 *
Fa
0  1e-07 259 0

0111000
+279 0 *
Ve
1e-07
-92.9440553811557 488.648740622134 76.911773809697
0 0

0101101
*
Ve
1e-07
-92.9440553811557 488.648740622134 112.911773809697
0 0

0101101
*
Ed
 1e-07 1 1 0
1  629 0 0 3.14159265358979
2  693 260 0 0 3.14159265358979
4 C0 260 0 254 0
0

0101000
+277 0 -276 0 *
Ve
1e-07
-92.9440553811557 489.448740622134 76.911773809697
0 0

0101101
*
Ed
 1e-07 1 1 0
1  630 0 -15 -14.2
2  694 260 0 -15 -14.2
2  695 261 0 -15 -14.2
4 CN 260 0 261 0
0

0101000
+277 0 -274 0 *
Ve
1e-07
-77.3555981130358 489.448740622134 85.911773809697
0 0

0101101
*
Ed
 1e-07 1 1 0
1  631 0 2.0943951023932 3.14159265358979
2  696 260 0 2.0943951023932 3.14159265358979
4 C0 260 0 262 0
0

0101000
+272 0 -274 0 *
Ve
1e-07
-77.3555981130358 489.448740622134 103.911773809697
0 0

0101101
*
Ed
 1e-07 1 1 0
1  632 0 1.0471975511966 2.0943951023932
2  697 260 0 1.0471975511966 2.0943951023932
4 C0 260 0 263 0
0

0101000
+270 0 -272 0 *
Ve
1e-07
-92.9440553811557 489.448740622134 112.911773809697
0 0

0101101
*
Ed
 1e-07 1 1 0
1  633 0 0 1.0471975511966
2  698 260 0 0 1.0471975511966
4 C0 260 0 264 0
0

0101000
+268 0 -270 0 *
Ed
 1e-07 1 1 0
1  634 0 -15 -14.2
2  699 260 0 -15 -14.2
2  700 261 0 -15 -14.2
4 CN 260 0 261 0
0

0101000
+276 0 -268 0 *
Wi

0101100
-275 0 +273 0 -271 0 -269 0 -267 0 -266 0 *
Fa
0  1e-07 260 0

0111000
+265 0 *
Ve
1.0673700432038e-05
-80.9543153587355 489.448740622134 79.6786126980709
0 0

0101101
*
Ed
 1e-07 1 1 0
1  635 0 3.194870354014 10.3923048454133
4 C0 265 0 262 0
0

0101000
+263 0 -272 0 *
Ve
2.16617288620257e-05
-82.5517505357425 490.25643577672 76.911773809697
0 0

0101101
*
Ed
 1.0673700432038e-05 1 1 0
1  636 0 2.3807283227783e-07 0.0032774907293577
2  701 266 0 2.3807283227783e-07 0.0032774907293577
4 C0 265 0 266 0
0

0101000
+261 0 -263 0 *
Ve
9.99784400754388e-05
-82.5517505357425 502.041045467547 76.911773809697
0 0

0101101
*
Ed
 1e-07 1 1 0
1  637 0 1.607695154586 13.392304845413
4 C0 265 0 267 0
0

0101000
+261 0 -259 0 *
Ve
0.000353461731672606
-77.3555981130358 503.648740622134 85.911773809697
0 0

0101101
*
Ed
 3.72295580665386e-05 1 1 0
1  638 0 0.0105155481973498 0.020991536010019
2  702 268 0 0.0105155481973498 0.020991536010019
4 C0 265 0 268 0
0

0101000
+257 0 -259 0 *
Ve
0.000353461731672606
-72.1594456903292 502.041045467547 94.911773809697
0 0

0101101
*
Ed
 0.000353461731672606 1 1 0
1  639 0 2.38072832279199e-07 0.0105155481973498
2  703 269 0 2.38072832279199e-07 0.0105155481973498
4 C0 265 0 269 0
0

0101000
+255 0 -257 0 *
Ve
1.26313561831968e-05
-72.1594456903292 490.25643577672 94.911773809697
0 0

0101101
*
Ed
 1e-07 1 1 0
1  640 0 1.607695154586 13.392304845413
4 C0 265 0 270 0
0

0101000
+253 0 -255 0 *
Ve
1.26313561831968e-05
-73.7568808673362 489.448740622134 92.1449349213231
0 0

0101101
*
Ed
 1.26313561831968e-05 1 1 0
1  641 0 0.0177207422366293 0.020991536010019
2  704 271 0 0.0177207422366293 0.020991536010019
4 C0 265 0 271 0
0

0101000
+251 0 -253 0 *
Ed
 1e-07 1 1 0
1  642 0 10.3923048454133 17.5897393368125
4 C0 265 0 263 0
0

0101000
+272 0 -251 0 *
Wi

0101100
-262 0 -260 0 +258 0 -256 0 -254 0 -252 0 -250 0 -249 0 *
Fa
0  1e-07 265 0

0111000
-248 0 *
Ve
1.06737004308121e-05
-73.7568808673362 489.448740622134 97.6786126980709
0 0

0101101
*
Ed
 1e-07 1 1 0
1  643 0 3.194870354014 10.3923048454132
4 C0 270 0 263 0
0

0101000
+246 0 -270 0 *
Ed
 1.06737004308121e-05 1 1 0
1  644 0 2.38072832279163e-07 0.00327749072935775
2  705 271 0 2.38072832279163e-07 0.00327749072935775
4 C0 270 0 271 0
0

0101000
+253 0 -246 0 *
Ve
0.00035346173178088
-77.3555981130358 503.648740622134 103.911773809697
0 0

0101101
*
Ed
 3.72295580147505e-05 1 1 0
1  645 0 0.0105155481973498 0.020991536010019
2  706 269 0 0.0105155481973498 0.020991536010019
4 C0 270 0 269 0
0

0101000
+243 0 -255 0 *
Ve
0.00035346173178088
-82.5517505357425 502.041045467547 112.911773809697
0 0

0101101
*
Ed
 0.00035346173178088 1 1 0
1  646 0 2.38072832276817e-07 0.0105155481973498
2  707 272 0 2.38072832276817e-07 0.0105155481973498
4 C0 270 0 272 0
0

0101000
+241 0 -243 0 *
Ve
2.16617287969096e-05
-82.5517505357425 490.25643577672 112.911773809697
0 0

0101101
*
Ed
 1e-07 1 1 0
1  647 0 1.607695154586 13.392304845413
4 C0 270 0 273 0
0

0101000
+239 0 -241 0 *
Ve
1.26313561178629e-05
-80.9543153587355 489.448740622134 110.144934921323
0 0

0101101
*
Ed
 1.26313561178629e-05 1 1 0
1  648 0 0.0177207422366294 0.020991536010019
2  708 274 0 0.0177207422366294 0.020991536010019
4 C0 270 0 274 0
0

0101000
+237 0 -239 0 *
Ed
 1e-07 1 1 0
1  649 0 10.3923048454132 17.5897393368125
4 C0 270 0 264 0
0

0101000
+270 0 -237 0 *
Wi

0101100
-245 0 -244 0 +252 0 -242 0 -240 0 -238 0 -236 0 -235 0 *
Fa
0  1e-07 270 0

0111000
-234 0 *
Ve
2.16617287969096e-05
-85.7466208897564 489.448740622134 112.911773809697
0 0

0101101
*
Ed
 1e-07 1 1 0
1  650 0 3.1948703540139 10.3923048454132
4 C0 273 0 264 0
0

0101000
+232 0 -268 0 *
Ed
 2.16617287969096e-05 1 1 0
1  651 0 0.0470886784011659 0.0503958548958393
2  709 274 0 0.0470886784011659 0.0503958548958393
4 C0 273 0 274 0
0

0101000
+239 0 -232 0 *
Ve
0.000381425057738197
-92.9440553811557 503.648740622134 112.911773809697
0 0

0101101
*
Ed
 9.99784396913018e-05 1 1 0
1  652 0 0.0295058347339325 0.0400308243595312
2  710 272 0 0.0295058347339325 0.0400308243595312
4 C0 273 0 272 0
0

0101000
+229 0 -241 0 *
Ve
0.000381425057738197
-103.336360226569 502.041045467547 112.911773809697
0 0

0101101
*
Ed
 0.000381425057738197 1 1 0
1  653 0 0.0189881362632323 0.0295058347339325
2  711 275 0 0.0189881362632323 0.0295058347339325
4 C0 273 0 275 0
0

0101000
+227 0 -229 0 *
Ve
1.0673700491116e-05
-103.336360226569 490.25643577672 112.911773809697
0 0

0101101
*
Ed
 1e-07 1 1 0
1  654 0 1.607695154586 13.392304845413
4 C0 273 0 276 0
0

0101000
+225 0 -227 0 *
Ve
8.29082233976297e-06
-100.141489872555 489.448740622134 112.911773809697
0 0

0101101
*
Ed
 8.29082233976297e-06 1 1 0
1  655 0 0.0648704739507682 0.0681442016712861
2  712 277 0 0.0648704739507682 0.0681442016712861
4 C0 273 0 277 0
0

0101000
+223 0 -225 0 *
Ed
 1e-07 1 1 0
1  656 0 10.3923048454132 17.5897393368125
4 C0 273 0 278 0
0

0101000
+268 0 -223 0 *
Wi

0101100
-231 0 -230 0 +238 0 -228 0 -226 0 -224 0 -222 0 -221 0 *
Fa
0  1e-07 273 0

0111000
-220 0 *
Ve
1.0673700491116e-05
-104.933795403576 489.448740622134 110.144934921323
0 0

0101101
*
Ve
1e-07
-108.532512649276 489.448740622134 103.911773809697
0 0

0101101
*
Ed
 1e-07 1 1 0
1  657 0 -17.5897393368123 -10.3923048454129
4 C0 276 0 278 0
0

0101000
+218 0 -217 0 *
Ed
 1.0673700491116e-05 1 1 0
1  658 0 2.38072832277583e-07 0.00327749072935776
2  713 277 0 2.38072832277583e-07 0.00327749072935776
4 C0 276 0 277 0
0

0101000
+225 0 -218 0 *
Ve
0.000353461731619516
-108.532512649276 503.648740622134 103.911773809697
0 0

0101101
*
Ed
 3.72295578283441e-05 1 1 0
1  659 0 0.0105155481973498 0.020991536010019
2  714 275 0 0.0105155481973498 0.020991536010019
4 C0 276 0 275 0
0

0101000
+214 0 -227 0 *
Ve
0.000353461731619516
-113.728665071982 502.041045467547 94.911773809697
0 0

0101101
*
Ed
 0.000353461731619516 1 1 0
1  660 0 2.38072832278366e-07 0.0105155481973498
2  715 279 0 2.38072832278366e-07 0.0105155481973498
4 C0 276 0 279 0
0

0101000
+212 0 -214 0 *
Ve
1.2631356119302e-05
-113.728665071982 490.25643577672 94.911773809697
0 0

0101101
*
Ed
 1e-07 1 1 0
1  661 0 1.607695154586 13.392304845413
4 C0 276 0 280 0
0

0101000
+210 0 -212 0 *
Ve
1.2631356119302e-05
-112.131229894975 489.448740622134 97.678612698071
0 0

0101101
*
Ed
 1.2631356119302e-05 1 1 0
1  662 0 0.0177207422366292 0.020991536010019
2  716 281 0 0.0177207422366292 0.020991536010019
4 C0 276 0 281 0
0

0101000
+208 0 -210 0 *
Ed
 1e-07 1 1 0
1  663 0 -10.3923048454129 -3.19487035401409
4 C0 276 0 282 0
0

0101000
+217 0 -208 0 *
Wi

0101100
-216 0 -215 0 +224 0 -213 0 -211 0 -209 0 -207 0 -206 0 *
Fa
0  1e-07 276 0

0111000
-205 0 *
Ve
1.06737004937804e-05
-112.131229894975 489.448740622134 92.144934921323
0 0

0101101
*
Ve
1e-07
-108.532512649276 489.448740622134 85.911773809697
0 0

0101101
*
Ed
 1e-07 1 1 0
1  664 0 -17.5897393368123 -10.3923048454134
4 C0 280 0 282 0
0

0101000
+203 0 -202 0 *
Ed
 1.06737004937804e-05 1 1 0
1  665 0 2.38072832278929e-07 0.00327749072935784
2  717 281 0 2.38072832278929e-07 0.00327749072935784
4 C0 280 0 281 0
0

0101000
+210 0 -203 0 *
Ve
0.000353461731659905
-108.532512649276 503.648740622134 85.911773809697
0 0

0101101
*
Ed
 3.72295578210331e-05 1 1 0
1  666 0 0.0105155481973498 0.020991536010019
2  718 279 0 0.0105155481973498 0.020991536010019
4 C0 280 0 279 0
0

0101000
+199 0 -212 0 *
Ve
0.000381425057825949
-103.336360226569 502.041045467547 76.911773809697
0 0

0101101
*
Ed
 0.000353461731659905 1 1 0
1  667 0 2.38072832277707e-07 0.0105155481973498
2  719 283 0 2.38072832277707e-07 0.0105155481973498
4 C0 280 0 283 0
0

0101000
+197 0 -199 0 *
Ve
1.26313561750272e-05
-103.336360226569 490.25643577672 76.911773809697
0 0

0101101
*
Ed
 1e-07 1 1 0
1  668 0 1.607695154586 13.392304845413
4 C0 280 0 267 0
0

0101000
+195 0 -197 0 *
Ve
1.26313561750272e-05
-104.933795403576 489.448740622134 79.6786126980709
0 0

0101101
*
Ed
 1.26313561750272e-05 1 1 0
1  669 0 0.0177207422366293 0.020991536010019
2  720 284 0 0.0177207422366293 0.020991536010019
4 C0 280 0 284 0
0

0101000
+193 0 -195 0 *
Ed
 1e-07 1 1 0
1  670 0 -10.3923048454134 -3.194870354014
4 C0 280 0 285 0
0

0101000
+202 0 -193 0 *
Wi

0101100
-201 0 -200 0 +209 0 -198 0 -196 0 -194 0 -192 0 -191 0 *
Fa
0  1e-07 280 0

0111000
-190 0 *
Ve
8.29082244836024e-06
-100.141489872555 489.448740622134 76.911773809697
0 0

0101101
*
Ed
 1e-07 1 1 0
1  671 0 -17.5897393368125 -10.3923048454132
4 C0 267 0 285 0
0

0101000
+188 0 -274 0 *
Ed
 8.29082244836024e-06 1 1 0
1  672 0 0.0189881362643264 0.0222598683628966
2  721 284 0 0.0189881362643264 0.0222598683628966
4 C0 267 0 284 0
0

0101000
+195 0 -188 0 *
Ve
0.000381425057825949
-92.9440553811557 503.648740622134 76.911773809697
0 0

0101101
*
Ed
 0.000381425057825949 1 1 0
1  673 0 0.0576200878383243 0.0681442016723011
2  722 283 0 0.0576200878383243 0.0681442016723011
4 C0 267 0 283 0
0

0101000
+185 0 -197 0 *
Ed
 9.99784400754388e-05 1 1 0
1  674 0 0.0470886784021628 0.0576200878383243
2  723 268 0 0.0470886784021628 0.0576200878383243
4 C0 267 0 268 0
0

0101000
+259 0 -185 0 *
Ve
2.16617288620257e-05
-85.7466208897564 489.448740622134 76.911773809697
0 0

0101101
*
Ed
 2.16617288620257e-05 1 1 0
1  675 0 0.0367256638778365 0.0400308243606203
2  724 266 0 0.0367256638778365 0.0400308243606203
4 C0 267 0 266 0
0

0101000
+182 0 -261 0 *
Ed
 1e-07 1 1 0
1  676 0 -10.3923048454132 -3.1948703540139
4 C0 267 0 262 0
0

0101000
+274 0 -182 0 *
Wi

0101100
-187 0 -186 0 +194 0 -184 0 -183 0 -258 0 -181 0 -180 0 *
Fa
0  1e-07 267 0

0111000
-179 0 *
Ed
 1e-07 1 1 0
1  677 0 0.380383501888094 0.666814049308506
2  725 284 0 0.380383501888094 0.666814049308506
4 C0 284 0 285 0
0

0101000
+188 0 -193 0 *
Wi

0101100
+186 0 +177 0 +192 0 *
Fa
0  1e-07 284 0

0111000
+176 0 *
Ed
 1e-07 1 1 0
1  678 0 1.42758105308468 1.71401160050511
2  726 281 0 1.42758105308468 1.71401160050511
4 C0 281 0 282 0
0

0101000
+203 0 -208 0 *
Wi

0101100
+200 0 +174 0 +207 0 *
Fa
0  1e-07 281 0

0111000
+173 0 *
Ed
 1e-07 1 1 0
1  679 0 2.47477860428128 2.7612091517017
2  727 277 0 2.47477860428128 2.7612091517017
4 C0 277 0 278 0
0

0101000
+218 0 -223 0 *
Wi

0101100
+215 0 +171 0 +222 0 *
Fa
0  1e-07 277 0

0111000
+170 0 *
Ed
 1e-07 1 1 0
1  680 0 3.52197615547789 3.8084067028983
2  728 274 0 3.52197615547789 3.8084067028983
4 C0 274 0 264 0
0

0101000
+232 0 -237 0 *
Wi

0101100
+230 0 +168 0 +236 0 *
Fa
0  1e-07 274 0

0111000
+167 0 *
Ed
 1e-07 1 1 0
1  681 0 4.56917370667449 4.8556042540949
2  729 271 0 4.56917370667449 4.8556042540949
4 C0 271 0 263 0
0

0101000
+246 0 -251 0 *
Wi

0101100
+244 0 +165 0 +250 0 *
Fa
0  1e-07 271 0

0111000
+164 0 *
Ed
 1e-07 1 1 0
1  682 0 5.61637125787108 5.90280180529149
2  730 266 0 5.61637125787108 5.90280180529149
4 C0 266 0 262 0
0

0101000
+263 0 -182 0 *
Wi

0101100
+260 0 +162 0 +181 0 *
Fa
0  1e-07 266 0

0111000
+161 0 *
Ed
 1e-07 1 1 0
1  683 0 5.23598775598298 6.28318530717959
2  731 283 0 5.23598775598298 6.28318530717959
4 C0 283 0 286 0
0

0101000
+199 0 -185 0 *
Wi

0101100
+196 0 +159 0 +184 0 *
Fa
0  1e-07 283 0

0111000
+158 0 *
Ed
 1e-07 1 1 0
1  684 0 4.1887902047864 5.23598775598298
2  732 279 0 4.1887902047864 5.23598775598298
4 C0 279 0 286 0
0

0101000
+214 0 -199 0 *
Wi

0101100
+211 0 +156 0 +198 0 *
Fa
0  1e-07 279 0

0111000
+155 0 *
Ed
 1e-07 1 1 0
1  685 0 3.14159265358979 4.1887902047864
2  733 275 0 3.14159265358979 4.1887902047864
4 C0 275 0 286 0
0

0101000
+229 0 -214 0 *
Wi

0101100
+226 0 +153 0 +213 0 *
Fa
0  1e-07 275 0

0111000
+152 0 *
Ed
 1e-07 1 1 0
1  686 0 0 1.0471975511966
2  734 272 0 0 1.0471975511966
4 C0 272 0 286 0
0

0101000
+229 0 -243 0 *
Wi

0101100
+228 0 +240 0 -150 0 *
Fa
0  1e-07 272 0

0111000
+149 0 *
Ed
 1e-07 1 1 0
1  687 0 1.0471975511966 2.0943951023932
2  735 269 0 1.0471975511966 2.0943951023932
4 C0 269 0 286 0
0

0101000
+257 0 -243 0 *
Wi

0101100
+242 0 +254 0 +147 0 *
Fa
0  1e-07 269 0

0111000
+146 0 *
Ed
 1e-07 1 1 0
1  688 0 0 1.0471975511966
2  736 268 0 0 1.0471975511966
4 C0 268 0 286 0
0

0101000
+185 0 -257 0 *
Wi

0101100
+256 0 +183 0 +144 0 *
Fa
0  1e-07 268 0

0111000
+143 0 *
Wi

0101100
-144 0 -159 0 -156 0 -153 0 +150 0 -147 0 *
Fa
0  1e-07 286 0

0111000
-141 0 *
Ed
 1e-07 1 1 0
1  689 0 5.23598775598298 6.28318530717959
2  737 261 0 5.23598775598298 6.28318530717959
4 C0 278 0 261 0
0

0101000
+217 0 -268 0 *
Wi

0101100
+221 0 -171 0 +216 0 +139 0 *
Fa
0  1e-07 278 0

0111000
+138 0 *
Wi

0101100
+245 0 +269 0 +249 0 -165 0 *
Fa
0  1e-07 263 0

0111000
+136 0 *
Ed
 1e-07 1 1 0
1  690 0 4.1887902047864 5.23598775598298
2  738 261 0 4.1887902047864 5.23598775598298
4 C0 282 0 261 0
0

0101000
+202 0 -217 0 *
Wi

0101100
+206 0 -174 0 +201 0 +134 0 *
Fa
0  1e-07 282 0

0111000
+133 0 *
Ed
 1e-07 1 1 0
1  691 0 3.14159265358979 4.1887902047864
2  739 261 0 3.14159265358979 4.1887902047864
4 C0 285 0 261 0
0

0101000
+274 0 -202 0 *
Wi

0101100
+191 0 -177 0 +187 0 +131 0 *
Fa
0  1e-07 285 0

0111000
+130 0 *
Wi

0101100
+262 0 +271 0 +180 0 -162 0 *
Fa
0  1e-07 262 0

0111000
+128 0 *
Ed
 1e-07 1 1 0
1  692 0 3.14159265358979 6.28318530717959
2  740 261 0 3.14159265358979 6.28318530717959
4 C0 261 0 254 0
0

0101000
+276 0 -277 0 *
Wi

0101100
-273 0 -126 0 +266 0 -139 0 -134 0 -131 0 *
Fa
0  1e-07 261 0

0111000
+125 0 *
Wi

0101100
+231 0 +267 0 +235 0 -168 0 *
Fa
0  1e-07 264 0

0111000
+123 0 *
Ed
 1e-07 1 1 0
1  693 0 0 3.14159265358979
2  741 258 0 0 3.14159265358979
4 C0 257 0 258 0
0

0101000
+291 0 -292 0 *
Wi

0101100
+121 0 +290 0 *
Fa
0  1e-07 257 0

0111000
-120 0 *
Ed
 1e-07 1 1 0
1  694 0 3.14159265358979 6.28318530717959
2  742 255 0 3.14159265358979 6.28318530717959
2  743 258 0 3.14159265358979 6.28318530717959
4 C0 255 0 258 0
0

0101000
+289 0 -287 0 *
Wi

0101100
-282 0 +118 0 +280 0 +295 0 *
Fa
0  1e-07 255 0

0111000
+117 0 *
Wi

0101100
+126 0 +275 0 *
Ed
 1e-07 1 1 0
1  695 0 3.14159265358979 6.28318530717959
2  744 253 0 3.14159265358979 6.28318530717959
4 G1 254 0 253 0
0

0101000
+299 0 -301 0 *
Wi

0101100
+298 0 +114 0 *
Fa
0  1e-07 254 0

0111000
+115 0 +113 0 *
Wi

0101100
-288 0 -121 0 +285 0 -118 0 *
Fa
0  1e-07 258 0

0111000
+111 0 *
Wi

0101100
+114 0 -300 0 +281 0 +296 0 *
Fa
0  1e-07 253 0

0111000
+109 0 *
Sh

0101100
-293 0 +283 0 +278 0 +264 0 -247 0 -233 0 -219 0 -204 0 -189 0 -178 0 
+175 0 +172 0 +169 0 +166 0 +163 0 +160 0 +157 0 +154 0 +151 0 +148 0 
+145 0 +142 0 -140 0 +137 0 +135 0 +132 0 +129 0 +127 0 +124 0 +122 0 
-119 0 +116 0 +112 0 +110 0 -108 0 *
So

0100000
+107 0 *
Ve
1e-07
-82.0265553811557 238.924555046357 94.911773809697
0 0

0101101
*
Ve
1e-07
-80.6828053811557 238.148740622134 94.911773809697
0 0

0101101
*
Ed
 1e-07 1 1 0
1  696 0 0 1.55162884844684
2  745 287 0 0 1.55162884844684
2  746 288 0 0 1.55162884844684
4 CN 287 0 288 0
0

0101000
+105 0 -104 0 *
Ve
1e-07
-105.205305381156 238.148740622134 94.911773809697
0 0

0101101
*
Ed
 1e-07 1 1 0
1  697 0 0 3.14159265358979
2  747 287 0 0 3.14159265358979
4 C0 287 0 289 0
0

0101000
+104 0 -102 0 *
Ve
1e-07
-103.861555381156 238.924555046357 94.911773809697
0 0

0101101
*
Ed
 1e-07 1 1 0
1  698 0 0 1.55162884844684
2  748 287 0 0 1.55162884844684
2  749 288 0 0 1.55162884844684
4 CN 287 0 288 0
0

0101000
+100 0 -102 0 *
Ed
 1e-07 1 1 0
1  699 0 3.14159265358979 6.28318530717959
2  750 287 0 3.14159265358979 6.28318530717959
2  751 290 0 3.14159265358979 6.28318530717959
4 C0 287 0 290 0
0

0101000
+100 0 -105 0 *
Wi

0101100
+103 0 +101 0 -99 0 +98 0 *
Fa
0  1e-07 287 0

0111000
+97 0 *
Ve
1e-07
-103.861555381156 258.304990622134 94.911773809697
0 0

0101101
*
Ve
1e-07
-104.637369805379 259.648740622134 94.911773809697
0 0

0101101
*
Ed
 1e-07 1 1 0
1  700 0 -1.55162884844684 0
2  752 291 0 -1.55162884844684 0
2  753 292 0 -1.55162884844684 0
4 CN 291 0 292 0
0

0101000
+95 0 -94 0 *
Ve
1e-07
-81.2507409569322 259.648740622134 94.911773809697
0 0

0101101
*
Ed
 1e-07 1 1 0
1  701 0 3.14159265358979 6.28318530717959
2  754 291 0 3.14159265358979 6.28318530717959
4 C0 291 0 293 0
0

0101000
+94 0 -92 0 *
Ve
1e-07
-82.0265553811557 258.304990622134 94.911773809697
0 0

0101101
*
Ed
 1e-07 1 1 0
1  702 0 -1.55162884844709 0
2  755 291 0 -1.55162884844709 0
2  756 292 0 -1.55162884844709 0
4 CN 291 0 292 0
0

0101000
+90 0 -92 0 *
Ed
 1e-07 1 1 0
1  703 0 0 3.14159265358979
2  757 291 0 0 3.14159265358979
2  758 290 0 0 3.14159265358979
4 C0 291 0 290 0
0

0101000
+90 0 -95 0 *
Wi

0101100
+93 0 +91 0 -89 0 +88 0 *
Fa
0  1e-07 291 0

0111000
+87 0 *
Ve
1e-07
-110.569055381156 238.148740622134 94.911773809697
0 0

0101101
*
Ve
1e-07
-75.3190553811557 238.148740622134 94.911773809697
0 0

0101101
*
Ed
 1e-07 1 1 0
1  704 0 0 3.14159265358979
2  759 294 0 0 3.14159265358979
4 C0 294 0 289 0
0

0101000
+85 0 -84 0 *
Ve
0.000343350129931589
-72.1594456903292 239.972942127667 94.911773809697
0 0

0101101
*
Ed
 1e-07 1 1 0
1  705 0 0 3.64840301106575
2  760 294 0 0 3.64840301106575
2  761 295 0 0 3.64840301106575
4 CN 294 0 295 0
0

0101000
+84 0 -82 0 *
Ve
0.000380558121018579
-82.5517505357425 239.972942127667 112.911773809697
0 0

0101101
*
Ed
 0.000343350129931589 1 1 0
1  706 0 2.38072832287677e-07 0.020991536010019
2  762 294 0 2.38072832287677e-07 0.020991536010019
4 C0 294 0 296 0
0

0101000
+82 0 -80 0 *
Ve
0.000380558121018579
-103.336360226569 239.972942127667 112.911773809697
0 0

0101101
*
Ed
 0.000380558121018579 1 1 0
1  707 0 0.00765358495066078 0.0286326894054225
2  763 294 0 0.00765358495066078 0.0286326894054225
4 C0 294 0 297 0
0

0101000
+80 0 -78 0 *
Ve
0.000343350129989988
-113.728665071982 239.972942127667 94.911773809697
0 0

0101101
*
Ed
 0.000343350129858807 1 1 0
1  708 0 2.38072832277707e-07 0.020991536010019
2  764 294 0 2.38072832277707e-07 0.020991536010019
4 C0 294 0 298 0
0

0101000
+78 0 -76 0 *
Ed
 1e-07 1 1 0
1  709 0 0 3.64840301106531
2  765 294 0 0 3.64840301106531
2  766 295 0 0 3.64840301106531
4 CN 294 0 295 0
0

0101000
+85 0 -76 0 *
Wi

0101100
+83 0 +81 0 +79 0 +77 0 +75 0 -74 0 *
Fa
0  1e-07 294 0

0111000
+73 0 *
Ve
1e-07
-110.569055381156 259.648740622134 94.911773809697
0 0

0101101
*
Ve
1e-07
-75.3190553811557 259.648740622134 94.911773809697
0 0

0101101
*
Ed
 1e-07 1 1 0
1  710 0 0 3.14159265358979
2  767 299 0 0 3.14159265358979
4 C0 299 0 293 0
0

0101000
+71 0 -70 0 *
Ve
0.000343350130232167
-113.728665071982 257.824539116601 94.911773809697
0 0

0101101
*
Ed
 1e-07 1 1 0
1  711 0 -3.64840301106532 0
2  768 299 0 -3.64840301106532 0
2  769 300 0 -3.64840301106532 0
4 CN 299 0 300 0
0

0101000
+71 0 -68 0 *
Ve
0.000380558121201351
-103.336360226569 257.824539116601 112.911773809697
0 0

0101101
*
Ed
 0.000343350130232167 1 1 0
1  712 0 2.38072832283883e-07 0.020991536010019
2  770 299 0 2.38072832283883e-07 0.020991536010019
4 C0 299 0 298 0
0

0101000
+68 0 -66 0 *
Ve
0.000380558121201351
-82.5517505357425 257.824539116601 112.911773809697
0 0

0101101
*
Ed
 0.000380558121201351 1 1 0
1  713 0 0.018507911288763 0.039540039074859
2  771 299 0 0.018507911288763 0.039540039074859
4 C0 299 0 297 0
0

0101000
+66 0 -64 0 *
Ve
0.000343350130108729
-72.1594456903292 257.824539116601 94.911773809697
0 0

0101101
*
Ed
 0.000343350130048394 1 1 0
1  714 0 2.38072832268813e-07 0.020991536010019
2  772 299 0 2.38072832268813e-07 0.020991536010019
4 C0 299 0 296 0
0

0101000
+64 0 -62 0 *
Ed
 1e-07 1 1 0
1  715 0 -3.64840301106576 0
2  773 299 0 -3.64840301106576 0
2  774 300 0 -3.64840301106576 0
4 CN 299 0 300 0
0

0101000
+70 0 -62 0 *
Wi

0101100
-69 0 +67 0 +65 0 +63 0 +61 0 -60 0 *
Fa
0  1e-07 299 0

0111000
+59 0 *
Ed
 1e-07 1 1 0
1  716 0 1.34375 20.724185575777
2  775 290 0 1.34375 20.724185575777
2  776 301 0 1.34375 20.724185575777
4 CN 290 0 301 0
0

0101000
+90 0 -105 0 *
Ed
 1e-07 1 1 0
1  717 0 1.34375 20.724185575777
2  777 290 0 1.34375 20.724185575777
2  778 301 0 1.34375 20.724185575777
4 CN 290 0 301 0
0

0101000
+95 0 -100 0 *
Wi

0101100
+57 0 -98 0 -56 0 -88 0 *
Fa
0  1e-07 290 0

0111000
+55 0 *
Ve
0.000380558121042078
-103.336360226569 239.972942127667 76.911773809697
0 0

0101101
*
Ve
0.000380558121042078
-82.5517505357425 239.972942127667 76.911773809697
0 0

0101101
*
Ed
 0.000380558121042078 1 1 0
1  718 0 0.018507911288763 0.039540039074859
2  779 295 0 0.018507911288763 0.039540039074859
4 C0 302 0 295 0
0

0101000
+53 0 -52 0 *
Ve
0.000380558121166157
-103.336360226569 257.824539116601 76.911773809697
0 0

0101101
*
Ed
 1e-07 1 1 0
1  719 0 1.82420150553304 19.675798494467
4 C0 302 0 303 0
0

0101000
+50 0 -53 0 *
Ve
0.000380558121166157
-82.5517505357425 257.824539116601 76.911773809697
0 0

0101101
*
Ed
 0.000380558121166157 1 1 0
1  720 0 0.00765358495066073 0.0286326894054225
2  780 300 0 0.00765358495066073 0.0286326894054225
4 C0 302 0 300 0
0

0101000
+48 0 -50 0 *
Ed
 1e-07 1 1 0
1  721 0 1.82420150553304 19.675798494467
4 C0 302 0 304 0
0

0101000
+48 0 -52 0 *
Wi

0101100
-51 0 -49 0 -47 0 +46 0 *
Fa
0  1e-07 302 0

0111000
+45 0 *
Ed
 0.000343350129989988 1 1 0
1  722 0 2.3807283227887e-07 0.020991536010019
2  781 295 0 2.3807283227887e-07 0.020991536010019
4 C0 303 0 295 0
0

0101000
+76 0 -53 0 *
Ed
 1e-07 1 1 0
1  723 0 1.82420150553304 19.675798494467
4 C0 303 0 298 0
0

0101000
+68 0 -76 0 *
Ed
 0.000343350130107618 1 1 0
1  724 0 2.38072832265839e-07 0.020991536010019
2  782 300 0 2.38072832265839e-07 0.020991536010019
4 C0 303 0 300 0
0

0101000
+50 0 -68 0 *
Wi

0101100
-43 0 -42 0 -41 0 +49 0 *
Fa
0  1e-07 303 0

0111000
+40 0 *
Ed
 1e-07 1 1 0
1  725 0 1.82420150553304 19.675798494467
4 C0 298 0 297 0
0

0101000
+66 0 -78 0 *
Wi

0101100
-75 0 -38 0 -65 0 +42 0 *
Fa
0  1e-07 298 0

0111000
+37 0 *
Ed
 1e-07 1 1 0
1  726 0 1.82420150553304 19.675798494467
4 C0 297 0 296 0
0

0101000
+64 0 -80 0 *
Wi

0101100
-77 0 -35 0 -63 0 +38 0 *
Fa
0  1e-07 297 0

0111000
+34 0 *
Ed
 1e-07 1 1 0
1  727 0 1.82420150553304 19.675798494467
4 C0 296 0 304 0
0

0101000
+62 0 -82 0 *
Wi

0101100
-79 0 -32 0 -61 0 +35 0 *
Fa
0  1e-07 296 0

0111000
+31 0 *
Ed
 0.000343350129898929 1 1 0
1  728 0 2.38072832276817e-07 0.020991536010019
2  783 295 0 2.38072832276817e-07 0.020991536010019
4 C0 304 0 295 0
0

0101000
+52 0 -82 0 *
Ed
 0.000343350130108729 1 1 0
1  729 0 2.3807283227763e-07 0.020991536010019
2  784 300 0 2.3807283227763e-07 0.020991536010019
4 C0 304 0 300 0
0

0101000
+62 0 -48 0 *
Wi

0101100
-29 0 -46 0 -28 0 +32 0 *
Fa
0  1e-07 304 0

0111000
+27 0 *
Ed
 1e-07 1 1 0
1  730 0 3.14159265358979 6.28318530717959
2  785 300 0 3.14159265358979 6.28318530717959
4 C0 293 0 300 0
0

0101000
+70 0 -71 0 *
Wi

0101100
+25 0 +69 0 *
Ed
 1e-07 1 1 0
1  731 0 0 3.14159265358979
2  786 292 0 0 3.14159265358979
4 C0 293 0 292 0
0

0101000
+92 0 -94 0 *
Wi

0101100
+91 0 +23 0 *
Fa
0  1e-07 293 0

0111000
-24 0 -22 0 *
Ed
 1e-07 1 1 0
1  732 0 3.14159265358979 6.28318530717959
2  787 295 0 3.14159265358979 6.28318530717959
4 C0 289 0 295 0
0

0101000
+84 0 -85 0 *
Wi

0101100
-83 0 -20 0 *
Ed
 1e-07 1 1 0
1  733 0 3.14159265358979 6.28318530717959
2  788 288 0 3.14159265358979 6.28318530717959
4 C0 289 0 288 0
0

0101000
+102 0 -104 0 *
Wi

0101100
+101 0 +18 0 *
Fa
0  1e-07 289 0

0111000
+19 0 +17 0 *
Ed
 1e-07 1 1 0
1  734 0 0 3.14159265358979
2  789 301 0 0 3.14159265358979
2  790 288 0 0 3.14159265358979
4 C0 301 0 288 0
0

0101000
+105 0 -100 0 *
Ed
 1e-07 1 1 0
1  735 0 3.14159265358979 6.28318530717959
2  791 301 0 3.14159265358979 6.28318530717959
2  792 292 0 3.14159265358979 6.28318530717959
4 C0 301 0 292 0
0

0101000
+95 0 -90 0 *
Wi

0101100
-15 0 -57 0 -14 0 +56 0 *
Fa
0  1e-07 301 0

0111000
+13 0 *
Wi

0101100
-67 0 -25 0 +60 0 +28 0 +47 0 +41 0 *
Fa
0  1e-07 300 0

0111000
+11 0 *
Wi

0101100
-81 0 +20 0 +74 0 +43 0 +51 0 +29 0 *
Fa
0  1e-07 295 0

0111000
+9 0 *
Wi

0101100
+23 0 -93 0 +14 0 +89 0 *
Fa
0  1e-07 292 0

0111000
+7 0 *
Wi

0101100
+18 0 -103 0 +15 0 +99 0 *
Fa
0  1e-07 288 0

0111000
+5 0 *
Sh

0101100
-96 0 -86 0 +72 0 +58 0 -54 0 +44 0 +39 0 +36 0 +33 0 +30 0 
+26 0 -21 0 +16 0 -12 0 +10 0 +8 0 -6 0 -4 0 *
So

0100000
+3 0 *
Co

1100000
+1129 0 +1030 0 +931 0 +719 0 +511 0 +303 0 +106 0 +2 0 *

+1 0 