DBRep_DrawableShape

CASCADE Topology V1, (c) Matra-Datavision
Locations 0
Curve2ds 584
1 3.1415926535897931 0 1 0 
1 3.1415926535897931 0 0 -1 
1 3.1415926535897931 0 0 -1 
1 3.1415926535897931 -12 1 0 
1 6.2831853071795862 0 0 -1 
1 0 0 0 -1 
1 6.2831853071795862 0 -1 0 
1 9.4247779607693793 -3.5 -1 0 
1 3.1415926535897931 0 0 1 
1 3.1415926535897931 0 0 1 
1 0 1.5707963267948966 1 0 
1 0 0 0 1 
1 6.2831853071795862 0 0 1 
1 0 0 0 -1 
1 6.2831853071795862 0 0 -1 
1 6.2831853071795862 -77.5 -1 0 
1 3.1415926535897931 0 0 -1 
1 3.1415926535897931 0 0 -1 
1 6.2831853071795862 -71.5 -1 0 
1 0 0 0 -1 
1 6.2831853071795862 0 0 -1 
1 6.2831853071795862 -8.5 -1 0 
1 3.1415926535897931 0 0 -1 
1 3.1415926535897931 0 0 -1 
1 6.2831853071795862 -2.5 -1 0 
1 2.8207803831168228 0 0 1 
1 5.9623730367066141 0 0 1 
1 4.7123889803846897 -24.999999999999986 -1 0 
1 2.8430604524049166 0 0 1 
1 -3.1415926535897931 -45 1 0 
1 2.8207803831168228 0 0 1 
1 5.9623730367066141 0 0 1 
7 0 0  3 25 23  2.8207803831168228 -87.298654550820061  2.8256203562984004 -87.017561056165675  2.8353059541787702 -86.453688482998714  2.849849788899617 -85.603080245155766  2.8644075484009019 -84.74792845591638  2.8789777072025124 -83.88849435572746  2.8935587329140593 -83.025042405462798  2.9081490859825081 -82.157840536673021  2.9227472209819809 -81.287159738588358  2.937351587502711 -80.413273815077261  2.9519606311578532 -79.53645908906617  2.9665727945671443 -78.656994114818716  2.9811865183533093 -77.775159382701261  2.9958002421394703 -76.891237021370927  3.0104124055487649 -76.005510496915448  3.0250214492039054 -75.118264309888758  3.0396258157246363 -74.22978369096387  3.0542239507241082 -73.340354295454802  3.068814303792557 -72.450261899077262  3.0833953295041039 -71.559792089318563  3.0979654883057148 -70.669229976668916  3.1125232478069993 -69.778859838400507  3.1270670825278466 -68.888965023932585  3.1367526804082155 -68.296206272591576  3.1415926535897931 -68 
 1.24998405632193 4 1.2645664322525196 1 1.2791488081831091 1 1.2937311841136987 1 1.3083135600442881 1 1.3228959359748778 1 1.3374783119054674 1 1.3520606878360568 1 1.3666430637666465 1 1.3812254396972359 1 1.3958078156278255 1 1.4103901915584149 1 1.4249725674890046 1 1.4395549434195942 1 1.4541373193501836 1 1.4687196952807733 1 1.4833020712113627 1 1.4978844471419523 1 1.512466823072542 1 1.5270491990031314 1 1.541631574933721 1 1.5562139508643105 1 1.5707963267949001 4
1 3.1415926535897931 0 0 -1 
1 3.1415926535897931 0 0 -1 
1 -3.1415926535897931 -6 1 0 
7 0 0  3 25 23  3.1415926535897931 -68  3.1718906247597118 -66.148886190074307  3.2352591331095324 -62.265409000505471  3.3393102578396281 -55.955431520811722  3.4530795869646584 -49.199993629118964  3.5771498396246786 -42.10729666541517  3.7119043265626859 -34.850819709220588  3.8574060762711531 -27.686876727001938  4.0132753331383206 -20.955098040306055  4.1785744304768135 -15.062074177467462  4.3517362374514539 -10.439682172901311  4.530572504515761 -7.4799971309274991  4.7123889803846897 -6.4600014345362826  4.8942054562536157 -7.4799971309275222  5.0730417233179255 -10.439682172901303  5.2462035302925658 -15.062074177467469  5.4115026276310569 -20.955098040306037  5.5673718844982263 -27.68687672700198  5.7128736342066944 -34.850819709220552  5.847628121144699 -42.107296665415113  5.9716983738047213 -49.199993629118993  6.0854677029297513 -55.9554315208117  6.1895188276598487 -62.265409000505485  6.2528873360096675 -66.148886190074307  6.2831853071795871 -68 
 1.5707963267949001 4 1.7135959928671634 1 1.8563956589394264 1 1.9991953250116896 1 2.1419949910839526 1 2.2847946571562159 1 2.4275943232284791 1 2.5703939893007424 1 2.7131936553730052 1 2.8559933214452684 1 2.9987929875175316 1 3.1415926535897949 1 3.2843923196620581 1 3.4271919857343214 1 3.5699916518065846 1 3.7127913178788474 1 3.8555909839511107 1 3.9983906500233739 1 4.1411903160956367 1 4.2839899821678999 1 4.4267896482401632 1 4.5695893143124264 1 4.7123889803846897 4
1 6.2831853071795871 0 0 -1 
1 0 0 0 -1 
1 3.1415926535897931 -6 1 0 
1 3.1415926535897931 0 0 -1 
1 3.1415926535897931 0 0 -1 
7 0 0  3 25 23  3.1415926535897931 -68  3.1569825758123993 -66.891963512685038  3.1879573419371936 -64.661710316512426  3.2349607023180749 -61.284773437422032  3.2824629777384806 -57.887012074533743  3.3304174701261422 -54.480037254551149  3.3787748433473825 -51.075904035732528  3.4274829562860001 -47.687075912193016  3.4764872693153364 -44.326264699870428  3.5257311493037244 -41.006289472569883  3.5751562485627368 -37.73992012217608  3.624702903869208 -34.539719372269417  3.674310561845163 -31.417884531819965  3.723918219821118 -28.386093815808067  3.7734648751275901 -25.455361075779209  3.8228899743866003 -22.635902750516458  3.8721338543749892 -19.937020469407251  3.9211381674043255 -17.367001795732047  3.9698462803429417 -14.933042407348397  4.0182036535641839 -12.641186699470772  4.0661581459518459 -10.496303781449818  4.1136604213722503 -8.5020375660304115  4.160663781753132 -6.6609581881472479  4.1916385478779254 -5.5363606261846474  4.207028470100532 -5 
 1.5707963267949001 4 1.6192252275453882 1 1.6676541282958766 1 1.7160830290463647 1 1.7645119297968528 1 1.8129408305473409 1 1.8613697312978292 1 1.9097986320483173 1 1.9582275327988055 1 2.0066564335492938 1 2.0550853342997817 1 2.10351423505027 1 2.1519431358007584 1 2.2003720365512462 1 2.2488009373017346 1 2.2972298380522229 1 2.3456587388027108 1 2.3940876395531991 1 2.4425165403036875 1 2.4909454410541754 1 2.5393743418046637 1 2.587803242555152 1 2.6362321433056399 4
1 3.1415926535897931 -5 1 0 
7 0 0  3 25 23  5.2177494906688473 -5  5.2331394128914539 -5.5363606261846661  5.2641141790162482 -6.660958188147271  5.3111175393971291 -8.5020375660304044  5.3586198148175344 -10.496303781449855  5.4065743072051946 -12.641186699470763  5.4549316804264372 -14.933042407348406  5.5036397933650552 -17.367001795732058  5.5526441063943892 -19.937020469407244  5.6018879863827786 -22.635902750516497  5.6513130856417906 -25.455361075779205  5.7008597409482613 -28.386093815808103  5.7504673989242168 -31.417884531819965  5.8000750569001722 -34.539719372269417  5.849621712206643 -37.739920122176095  5.899046811465654 -41.006289472569875  5.9482906914540434 -44.326264699870464  5.9972950044833793 -47.687075912193023  6.0460031174219955 -51.075904035732528  6.094360490643238 -54.480037254551178  6.1423149830309001 -57.887012074533722  6.1898172584513036 -61.284773437422039  6.2368206188321862 -64.661710316512412  6.2677953849569805 -66.891963512685038  6.2831853071795862 -68 
 3.6469531638739499 4 3.6953820646244382 1 3.7438109653749261 1 3.7922398661254144 1 3.8406687668759028 1 3.8890976676263906 1 3.937526568376879 1 3.9859554691273669 1 4.0343843698778556 1 4.0828132706283435 1 4.1312421713788314 1 4.1796710721293202 1 4.2280999728798081 1 4.276528873630296 1 4.3249577743807848 1 4.3733866751312727 1 4.4218155758817606 1 4.4702444766322493 1 4.5186733773827372 1 4.5671022781332251 1 4.615531178883713 1 4.6639600796342018 1 4.7123889803846897 4
1 6.2831853071795862 0 0 -1 
1 0 0 0 -1 
1 3.1415926535897931 -3.5 -1 0 
1 6.2831853071795862 0 -1 0 
7 0 0  3 25 23  0 -68  0.0045683531100277983 -68.32892134813352  0.013709808108255455 -68.98710624976421  0.027434960265758528 -69.975131400563043  0.041171808052048758 -70.963626031237425  0.054919068185322883 -71.952310075896804  0.068675452216042709 -72.940902652877597  0.082439666339584314 -73.929122148125103  0.096210412362543421 -74.91668652858759  0.10998638836814764 -75.903313596043347  0.1237662894692346 -76.888721258287248  0.13754880854339741 -77.872627796392138  0.15133263697721563 -78.854752133071145  0.16511646541103409 -79.834814100120042  0.17889898448519684 -80.81253470478606  0.19267888558628371 -81.787636394496971  0.206454861591888 -82.75984331917941  0.22022560761484711 -83.728881591654698  0.23398982173838853 -84.69447954180697  0.24774620576910852 -85.656367978180796  0.26149346590238248 -86.614280403666427  0.27523031368867268 -87.567953382034361  0.28895546584617571 -88.517126318745227  0.29809692084440326 -89.146737708104283  0.3026652739544311 -89.460707897715665 
 4.7123889803846897 4 4.7261464928371639 1 4.7399040052896382 1 4.7536615177421115 1 4.7674190301945858 1 4.78117654264706 1 4.7949340550995343 1 4.8086915675520086 1 4.8224490800044828 1 4.8362065924569562 1 4.8499641049094304 1 4.8637216173619047 1 4.8774791298143789 1 4.8912366422668532 1 4.9049941547193265 1 4.9187516671718008 1 4.932509179624275 1 4.9462666920767493 1 4.9600242045292235 1 4.9737817169816978 1 4.9875392294341712 1 5.0012967418866454 1 5.0150542543391197 4
1 0.3026652739544311 0 0 1 
1 3.4442579275442253 0 0 1 
1 6.2831853071795862 -5 -1 0 
7 0 0  3 47 45  0.51911082199532055 -5  0.52003240135857687 -4.999999999999992  0.52187186728799506 -5.0007546454197396  0.5246200855776616 -5.0041348837457651  0.52735742122253582 -5.0097477260303345  0.53008397157733156 -5.017577506647994  0.53279983360404182 -5.0276085576987573  0.53550510375811777 -5.0398252197683959  0.53819987819023218 -5.0542118017741009  0.5408842520131093 -5.0707527308218667  0.54355832199382659 -5.0894319929306242  0.54622217648044447 -5.1102352202791206  0.54887593296708115 -5.133141901493798  0.55151959787210303 -5.1581544532503312  0.55415302682052259 -5.1853068981483244  0.55677617955773184 -5.2146103425519827  0.55938900687757842 -5.2460819950300532  0.56199138868727516 -5.2797375715685533  0.56458349484729364 -5.3155926562802565  0.56716564532004077 -5.3537160598049267  0.56973179740609736 -5.3940129805759574  0.57227683023720077 -5.4364120089247514  0.57479575159666396 -5.4808375877627542  0.57728212715390759 -5.527207357784282  0.57973515873805093 -5.5754703159708221  0.58215897225090163 -5.6256742857844735  0.58455203477862672 -5.6778352384701352  0.58691432834675439 -5.7319776832463027  0.58924542762132803 -5.7881238296546673  0.59154501546859173 -5.8462965479699118  0.59381274313094212 -5.9065183652121833  0.59604827407593186 -5.9688125206862397  0.59825124853366995 -6.0331997478135415  0.60042138160456526 -6.0997100912637121  0.60255810639450424 -6.1683388565967476  0.60466190346734205 -6.2392109945639325  0.6067289258775278 -6.312314830233924  0.60875430188838286 -6.3875098683387197  0.61073335196330747 -6.4646874657267102  0.61266164519779009 -6.5437403911175096  0.61453355777206897 -6.6245239136290204  0.61635229467358277 -6.7071657397618001  0.61811650561129539 -6.7917039004597823  0.61982514311723313 -6.8781774908243056  0.62147707736444202 -6.9666253207187898  0.62253982521217799 -7.0269326247738348  0.62306137787253402 -7.0574282752855027 
 0 4 0.00010856559025401364 1 0.00021713118050802727 1 0.00032569677076204088 1 0.00043426236101605455 1 0.00054282795127006821 1 0.00065139354152408176 1 0.00075995913177809543 1 0.00086852472203210909 1 0.00097709031228612265 1 0.0010856559025401364 1 0.00119422149279415 1 0.0013027870830481635 1 0.0014113526733021773 1 0.0015199182635561909 1 0.0016284838538102046 1 0.0017370494440642182 1 0.0018456150343182317 1 0.0019541806245722453 1 0.0020627462148262591 1 0.0021713118050802728 1 0.0022798773953342862 1 0.0023884429855882999 1 0.0024970085758423137 1 0.0026055741660963271 1 0.0027141397563503408 1 0.0028227053466043546 1 0.0029312709368583684 1 0.0030398365271123817 1 0.0031484021173663955 1 0.0032569677076204093 1 0.0033655332978744226 1 0.0034740988881284364 1 0.0035826644783824501 1 0.0036912300686364635 1 0.0037997956588904772 1 0.0039083612491444906 1 0.0040169268393985044 1 0.0041254924296525181 1 0.0042340580199065319 1 0.0043426236101605457 1 0.0044511892004145594 1 0.0045597547906685723 1 0.0046683203809225861 1 0.0047768859711765999 4
7 0 0  3 47 45  4.7123889803846897 72.230426057751302  4.7043872670235647 72.212137930339722  4.6884285322148829 72.175546624613318  4.6646102520244579 72.120615909586974  4.6408975368648449 72.065642834382345  4.6172761412021481 72.010628795308904  4.593731894875912 71.95557518848571  4.5702507499521889 71.900483410743206  4.5468188300578687 71.845354856256293  4.5234224731648149 71.79019092911102  4.5000482871960381 71.734992996403733  4.4766831526409803 71.679762563279382  4.4533144185246627 71.624500619677278  4.4299293744187782 71.569210078311357  4.4065141084962693 71.513896819970725  4.3830549385083817 71.458564929330933  4.3595376879535319 71.403218562959452  4.3359486207937739 71.347863385969447  4.3122717158061947 71.292498957399104  4.288484687116382 71.237118436314461  4.2646291842736179 71.181859230110064  4.2407378583566926 71.126837808586089  4.2168427470180871 71.07216825054077  4.1929871187172969 71.017995136374807  4.1691683617999304 70.964343431080792  4.1453362423314823 70.911133546478368  4.1214855942755522 70.858405989332255  4.0975985617753858 70.80616908642439  4.0736601479935111 70.754439789523303  4.0496541068042067 70.703232730433513  4.025564162686222 70.652563195829345  4.0013735844217102 70.602446172869733  3.9770660284794133 70.552897191905217  3.9526229669286677 70.503929910035595  3.9280335288444999 70.45556493417206  3.9032581289409096 70.407796945230359  3.8783047302542224 70.360721465959912  3.8532097026803709 70.314459380479789  3.8280024337459295 70.269126599290033  3.8027101425133583 70.224833565996462  3.7773726449504887 70.181717565401527  3.7519310264390779 70.139716838914111  3.7263667604334141 70.098872073093389  3.70065874784154 70.059217140782437  3.67478580944461 70.020787741181167  3.6574125638547885 69.996008634912357  3.6486911579821171 69.983835096473911 
 0 4 0.00010856559025401364 1 0.00021713118050802727 1 0.00032569677076204088 1 0.00043426236101605455 1 0.00054282795127006821 1 0.00065139354152408176 1 0.00075995913177809543 1 0.00086852472203210909 1 0.00097709031228612265 1 0.0010856559025401364 1 0.00119422149279415 1 0.0013027870830481635 1 0.0014113526733021773 1 0.0015199182635561909 1 0.0016284838538102046 1 0.0017370494440642182 1 0.0018456150343182317 1 0.0019541806245722453 1 0.0020627462148262591 1 0.0021713118050802728 1 0.0022798773953342862 1 0.0023884429855882999 1 0.0024970085758423137 1 0.0026055741660963271 1 0.0027141397563503408 1 0.0028227053466043546 1 0.0029312709368583684 1 0.0030398365271123817 1 0.0031484021173663955 1 0.0032569677076204093 1 0.0033655332978744226 1 0.0034740988881284364 1 0.0035826644783824501 1 0.0036912300686364635 1 0.0037997956588904772 1 0.0039083612491444906 1 0.0040169268393985044 1 0.0041254924296525181 1 0.0042340580199065319 1 0.0043426236101605457 1 0.0044511892004145594 1 0.0045597547906685723 1 0.0046683203809225861 1 0.0047768859711765999 4
7 0 0  3 25 23  0.58830121434508897 -5  0.58882785697491669 -5.0315436250639163  0.58988114946541259 -5.0945980621211255  0.59146110792200146 -5.1890809212443205  0.59304108412781065 -5.2834646263695149  0.59462107611102899 -5.3777488209575122  0.59620108189974153 -5.4719331491280476  0.59778109952192615 -5.5660172557554786  0.5993611270054735 -5.6600007864492996  0.60094116237819883 -5.7538833875645379  0.60252120366786022 -5.8476647062048723  0.60410124890216998 -5.9413443902272451  0.60568129610881094 -6.0349220882463248  0.60726134331545256 -6.1283974496389604  0.60884138854976166 -6.2217701245482582  0.61042142983942294 -6.3150397638883495  0.61200146521214871 -6.4082060193484685  0.61358149269569573 -6.5012685433973321  0.61516151031788069 -6.5942269892873977  0.61674151610659345 -6.6870810110604113  0.61832150808981223 -6.7798302635451098  0.61990148429562086 -6.8724744023883551  0.6214814427522104 -6.9650130839573317  0.62253473524270653 -7.0266350051364066  0.62306137787253402 -7.0574282752855027 
 5.3006901947297802 4 5.3022702021628456 1 5.303850209595911 1 5.3054302170289764 1 5.3070102244620418 1 5.3085902318951073 1 5.3101702393281727 1 5.3117502467612381 1 5.3133302541943035 1 5.3149102616273689 1 5.3164902690604343 1 5.3180702764935006 1 5.319650283926566 1 5.3212302913596314 1 5.3228102987926968 1 5.3243903062257623 1 5.3259703136588277 1 5.3275503210918931 1 5.3291303285249585 1 5.3307103359580239 1 5.3322903433910893 1 5.3338703508241547 1 5.3354503582572201 4
1 -3.1415926535897931 -5 1 0 
7 0 0  3 25 23  2.5185312757172591 -7.0574282752855027  2.5190579183470874 -7.0266350051364252  2.5201112108375829 -6.9650130839573494  2.521691169294173 -6.8724744023883373  2.5232711454999812 -6.7798302635450796  2.5248511374832003 -6.6870810110603971  2.5264311432719131 -6.5942269892873888  2.5280111608940978 -6.5012685433973045  2.5295911883776445 -6.4082060193484125  2.5311712237503703 -6.3150397638883451  2.5327512650400315 -6.2217701245482537  2.5343313102743412 -6.1283974496389009  2.5359113574809817 -6.0349220882463328  2.5374914046876231 -5.9413443902272265  2.5390714499219329 -5.8476647062049079  2.5406514912115932 -5.7538833875645645  2.5422315265843194 -5.6600007864493271  2.5438115540678661 -5.5660172557555123  2.5453915716900521 -5.4719331491280618  2.5469715774787645 -5.3777488209575104  2.5485515694619836 -5.2834646263695229  2.5501315456677913 -5.1890809212443667  2.551711504124381 -5.0945980621211007  2.552764796614877 -5.0315436250638896  2.5532914392447044 -5 
 0.94773494892236299 4 0.94931495635542873 1 0.95089496378849447 1 0.95247497122156022 1 0.95405497865462585 1 0.9556349860876916 1 0.95721499352075734 1 0.95879500095382308 1 0.96037500838688883 1 0.96195501581995457 1 0.96353502325302032 1 0.96511503068608606 1 0.96669503811915169 1 0.96827504555221744 1 0.96985505298528318 1 0.97143506041834893 1 0.97301506785141467 1 0.97459507528448042 1 0.97617508271754616 1 0.97775509015061179 1 0.97933509758367754 1 0.98091510501674328 1 0.98249511244980903 4
7 0 0  3 25 23  2.5185312757172591 -7.0574282752855027  2.5195734689940119 -6.996490365075509  2.5217310384478688 -6.8775123877895847  2.5251795004702853 -6.7074428694054173  2.5288326138066011 -6.5454769656018703  2.5326829767681422 -6.3913129722879747  2.5367230770294409 -6.2446784209864781  2.5409458889208776 -6.1051917718921969  2.5453567386798874 -5.9728370825227302  2.5499117442730488 -5.8485974145249431  2.5545725546452855 -5.7332830526543717  2.5593428311067403 -5.6263601357122885  2.564216321293102 -5.5277400988194936  2.5692027944590921 -5.4371310203575369  2.5742954635346948 -5.3546262437651047  2.5794728138353236 -5.2804270337203594  2.5847169835603228 -5.2147107153025853  2.5900102724991751 -5.1576424507472218  2.5953307561806467 -5.1094599932637843  2.6006864934356924 -5.0697842362922181  2.6060782905766282 -5.038756858340788  2.6115066539480627 -5.0164653540807018  2.6169721780230737 -5.0030117416860742  2.6206410218930807 -5.0000000000000044  2.6224818315944729 -5 
 0 4 0.00021790948899388455 1 0.00043581897798776909 1 0.00065372846698165366 1 0.00087163795597553818 1 0.0010895474449694228 1 0.0013074569339633073 1 0.0015253664229571918 1 0.0017432759119510764 1 0.0019611854009449611 1 0.0021790948899388456 1 0.0023970043789327301 1 0.0026149138679266147 1 0.0028328233569204992 1 0.0030507328459143837 1 0.0032686423349082682 1 0.0034865518239021527 1 0.0037044613128960372 1 0.0039223708018899222 1 0.0041402802908838063 1 0.0043581897798776912 1 0.0045760992688715753 1 0.0047940087578654603 4
7 0 0  3 25 23  3.6486911579821171 5.0161649035260965  3.6661184455755467 4.9918391396924102  3.7006387185583098 4.9415847218032116  3.7515848501993698 4.8616385310971406  3.8018672139121592 4.7773720956417884  3.8516497356618249 4.6890289914058725  3.9010820301353895 4.5968555546452681  3.9503222163195781 4.5010878236215603  3.999530795124735 4.4016882347909316  4.0483997200657518 4.2997092567580637  4.0966786085077604 4.1960811012300478  4.1445910846736842 4.0907681255807615  4.1922212776780103 3.9839577727791826  4.2397952892925206 3.8755095656197023  4.2873673665124326 3.7656221556265455  4.3348626549994531 3.6547913129277729  4.3822337707624062 3.5434400450237589  4.4294340101756857 3.4319852913220124  4.4763805747905945 3.3209410262288874  4.5232656378192306 3.2101364946170392  4.5701913990436598 3.0995799446816452  4.6172663517056254 2.9892844864414041  4.6646012370824241 2.8792619267458113  4.6964059534310207 2.806103591113692  4.7123889803846897 2.769573942248698 
 0 4 0.00021790948899388455 1 0.00043581897798776909 1 0.00065372846698165366 1 0.00087163795597553818 1 0.0010895474449694228 1 0.0013074569339633073 1 0.0015253664229571918 1 0.0017432759119510764 1 0.0019611854009449611 1 0.0021790948899388456 1 0.0023970043789327301 1 0.0026149138679266147 1 0.0028328233569204992 1 0.0030507328459143837 1 0.0032686423349082682 1 0.0034865518239021527 1 0.0037044613128960372 1 0.0039223708018899222 1 0.0041402802908838063 1 0.0043581897798776912 1 0.0045760992688715753 1 0.0047940087578654603 4
1 6.2831853071795862 -5 -1 0 
1 2.8389273796353622 0 0 -1 
1 5.9805200332251536 0 0 -1 
1 4.7123889803846897 -25.000000000000519 -1 2.8430227801955246e-13 
1 2.8889123984477147 0 0 1 
1 -3.1415926535897931 -45 1 0 
1 2.8389273796353622 0 0 -1 
1 5.9805200332251536 0 0 -1 
7 0 0  3 25 23  2.8389273796353622 -89.460707897715665  2.8434957327453896 -89.146737708104283  2.8526371877436176 -88.517126318745227  2.8663623399011207 -87.567953382034347  2.8800991876874105 -86.614280403666427  2.8938464478206849 -85.656367978180768  2.9076028318514053 -84.694479541806984  2.9213670459749461 -83.728881591654741  2.935137791997906 -82.759843319179453  2.9489137680035094 -81.787636394497028  2.962693669104596 -80.812534704786088  2.9764761881787591 -79.834814100120056  2.9902600166125781 -78.854752133071202  3.0040438450463953 -77.872627796392194  3.0178263641205589 -76.888721258287276  3.031606265221646 -75.903313596043404  3.0453822412272498 -74.916686528587604  3.0591529872502092 -73.92912214812516  3.0729172013737509 -72.940902652877654  3.08667358540447 -71.952310075896847  3.1004208455377453 -70.963626031237496  3.1141576933240342 -69.975131400563072  3.1278828454815386 -68.987106249764196  3.1370243004797658 -68.328921348133505  3.1415926535897931 -68 
 1.2681310528404699 4 1.2818885652929439 1 1.2956460777454182 1 1.3094035901978922 1 1.3231611026503662 1 1.3369186151028405 1 1.3506761275553145 1 1.3644336400077886 1 1.3781911524602628 1 1.3919486649127368 1 1.4057061773652109 1 1.4194636898176851 1 1.4332212022701591 1 1.4469787147226332 1 1.4607362271751074 1 1.4744937396275815 1 1.4882512520800555 1 1.5020087645325297 1 1.5157662769850038 1 1.5295237894374778 1 1.5432813018899521 1 1.5570388143424261 1 1.5707963267949001 4
1 6.2831853071795862 -95 0 1 
1 6.2831853071795862 -95 0 1 
1 6.2831853071795862 0 -1 0 
1 6.2831853071795862 -77.5 -1 0 
1 -3.1415926535897931 37.5 1 0 
1 6.2831853071795862 -37.5 -1 0 
1 6.2831853071795862 -77.5 -1 0 
7 0 0  3 25 23  0 -68  0.0048399731815778196 -68.296206272591576  0.014525571061948133 -68.888965023932556  0.02906940578279334 -69.778859838400521  0.043627165284079936 -70.669229976668888  0.058197324085688791 -71.559792089318606  0.07277834979723688 -72.450261899077248  0.087368702865685113 -73.340354295454759  0.10196683786515659 -74.229783690963899  0.11657120438588878 -75.118264309888687  0.13118024804102812 -76.005510496915463  0.14579241145032251 -76.891237021370912  0.16040613523648514 -77.775159382701219  0.17501985902264747 -78.65699411481873  0.18963202243194222 -79.536459089066113  0.20424106608708129 -80.413273815077289  0.21884543260781372 -81.287159738588343  0.23344356760728519 -82.157840536673021  0.24803392067573354 -83.025042405462798  0.26261494638728156 -83.888494355727431  0.27718510518889061 -84.747928455916366  0.29174286469017707 -85.603080245155709  0.30628669941102266 -86.453688482998757  0.31597229729139287 -87.017561056165675  0.32081227047297062 -87.298654550820061 
 4.7123889803846897 4 4.7269713563152793 1 4.741553732245869 1 4.7561361081764586 1 4.7707184841070482 1 4.7853008600376379 1 4.7998832359682266 1 4.8144656118988163 1 4.8290479878294059 1 4.8436303637599956 1 4.8582127396905852 1 4.8727951156211748 1 4.8873774915517645 1 4.9019598674823541 1 4.9165422434129438 1 4.9311246193435334 1 4.9457069952741231 1 4.9602893712047118 1 4.9748717471353014 1 4.9894541230658911 1 5.0040364989964807 1 5.0186188749270704 1 5.03320125085766 4
1 0.32081227047297062 0 0 -1 
1 3.4624049240627652 0 0 -1 
1 -3.1415926535897931 -6 1 0 
1 6.2831853071795862 -91.033671005725509 0 -1 
1 -6.6613381477509392e-16 -31.5 1 0 
1 3.1415926535897931 31.5 -1 0 
1 -5.3290705182007514e-15 -71.5 1 0 
1 6.2831853071795853 -71.5 -1 0 
1 6.2831853071795862 -91.033671005725509 0 -1 
1 6.2831853071795862 -71.5 -1 0 
1 9.4247779607693793 -45 -1 0 
7 0 0  3 25 23  6.1766805461521104 -92.942571724714526  6.1734396730120427 -92.855563967716421  6.1669562365104715 -92.681593520269487  6.1572264687748719 -92.420810416056412  6.147492545264166 -92.160237243045216  6.1377549248417118 -91.899911376206816  6.1280140672927335 -91.639870175057439  6.118270433356745 -91.380150968143653  6.1085244845539224 -91.120791034648875  6.0987766830659593 -90.861827586772051  6.0890274916016986 -90.603297751923066  6.0792773732663514 -90.345238555013523  6.0695267914293591 -90.087686900790757  6.0597762095923704 -89.830679556250999  6.0500260912570232 -89.574253133146101  6.0402768997927634 -89.318444070596328  6.0305290983048012 -89.063288617849423  6.0207831495019759 -88.808822817115228  6.011039515565991 -88.555082486824688  6.0012986580170109 -88.30210320408591  5.9915610375945585 -88.04992029100238  5.9818271140838517 -87.798568787515805  5.9720973463482521 -87.548083475556311  5.9656139098466818 -87.381693633720985  5.9623730367066132 -87.298654550820061 
 1.67730108782237 4 1.6870423382517108 1 1.6967835886810518 1 1.7065248391103927 1 1.7162660895397337 1 1.7260073399690745 1 1.7357485903984153 1 1.7454898408277564 1 1.7552310912570972 1 1.7649723416864382 1 1.7747135921157791 1 1.7844548425451201 1 1.7941960929744609 1 1.8039373434038017 1 1.8136785938331428 1 1.8234198442624836 1 1.8331610946918246 1 1.8429023451211655 1 1.8526435955505063 1 1.8623848459798473 1 1.8721260964091881 1 1.8818673468385292 1 1.89160859726787 4
7 0 0  3 25 23  6.1766805461521104 -92.942571724714526  6.1778094783441633 -92.972880149021705  6.1801138027737759 -93.03293638871051  6.1837093258526323 -93.121343147621459  6.1874435362353948 -93.208076532196742  6.1913161037910776 -93.293140768259718  6.1953267105203214 -93.376540083355167  6.1994750551862161 -93.458278698605142  6.2037608428196771 -93.538360859100933  6.2081838228060091 -93.616790720480012  6.2127436473540945 -93.693572772225863  6.2174403994390772 -93.768710257891328  6.2222726220560167 -93.842211070905989  6.2272446723455293 -93.914065751123388  6.2323513427996051 -93.984131424060308  6.2375817021892663 -94.052283467965225  6.2429261744184465 -94.11838946416411  6.2483755894017259 -94.182329928941826  6.2539179164747667 -94.243941435669782  6.2595622154867403 -94.303382288197113  6.2653087295666161 -94.360634340774141  6.2711581173402084 -94.415692251854708  6.2771109508772716 -94.468547247838046  6.2811488897886294 -94.502310068704745  6.2831853071795862 -94.518821666092478 
 3.12731722069275e-18 4 0.0001026934792070121 1 0.00020538695841402105 1 0.00030808043762103004 1 0.00041077391682803902 1 0.00051346739603504794 1 0.00061616087524205693 1 0.00071885435444906591 1 0.00082154783365607489 1 0.00092424131286308387 1 0.0010269347920700926 1 0.0011296282712771016 1 0.0012323217504841106 1 0.0013350152296911196 1 0.0014377087088981286 1 0.0015404021881051375 1 0.0016430956673121465 1 0.0017457891465191555 1 0.0018484826257261645 1 0.0019511761049331735 1 0.0020538695841401822 1 0.0021565630633471914 1 0.0022592565425542002 4
7 0 0  3 25 23  0.50709850439234372 -31.584994092786602  0.51576642273285556 -31.583193952540675  0.53306451070431227 -31.579574002499957  0.55891586251796699 -31.574111116931753  0.58468882208801742 -31.5686413189521  0.61040105061274108 -31.563190656810175  0.63607029209815258 -31.557785178184893  0.66171433833358873 -31.552450932882778  0.68735092887966165 -31.54721396276997  0.71299776611590937 -31.542100339346771  0.73867214114336222 -31.537136023517121  0.76439200288369302 -31.532347388936241  0.79017164089975533 -31.527759268850566  0.81603746337662486 -31.523402245390507  0.84196814878850357 -31.519315250126397  0.86792976131593114 -31.515531404798775  0.89389044310316568 -31.512085584866938  0.91982165424037177 -31.509011460745128  0.94568007656146091 -31.506345769308844  0.97153366097859728 -31.504103039635361  0.99739727755403695 -31.502311007318049  1.0232892206138287 -31.500996355215051  1.0492270746321526 -31.500186048360888  1.0665615195900813 -31.5  1.0752423462399627 -31.5 
 3.12731722069275e-18 4 0.0001026934792070121 1 0.00020538695841402105 1 0.00030808043762103004 1 0.00041077391682803902 1 0.00051346739603504794 1 0.00061616087524205693 1 0.00071885435444906591 1 0.00082154783365607489 1 0.00092424131286308387 1 0.0010269347920700926 1 0.0011296282712771016 1 0.0012323217504841106 1 0.0013350152296911196 1 0.0014377087088981286 1 0.0015404021881051375 1 0.0016430956673121465 1 0.0017457891465191555 1 0.0018484826257261645 1 0.0019511761049331735 1 0.0020538695841401822 1 0.0021565630633471914 1 0.0022592565425542002 4
1 4.7123889803846897 -25 1 0 
1 3.1415926535897931 -6 1 0 
7 0 0  3 25 23  5.9805200332251536 -89.460707897715665  5.9825297879991783 -89.51250475629341  5.986549699850138 -89.616206371222518  5.9925806651164253 -89.772074133828156  5.9986126184969404 -89.928248898964995  6.0046454504646523 -90.084722274953478  6.0106790514083732 -90.241485836613606  6.0167133116298457 -90.398531121682623  6.0227481213596681 -90.555849633699225  6.0287833707681955 -90.713432843168292  6.0348189499778044 -90.871272189199274  6.0408547490748319 -91.02935908102917  6.04689065812157 -91.187684899587879  6.0529265671683126 -91.346240999062559  6.0589623662653374 -91.505018708471653  6.0649979454749516 -91.664009333245616  6.0710331948834764 -91.823204156813745  6.0770680046132988 -91.982594442195463  6.0831022648347712 -92.142171433603934  6.0891358657784913 -92.301926358024758  6.095168697746205 -92.461850426908697  6.1012006511267183 -92.621934837457204  6.1072316163930074 -92.782170775440221  6.1112515282439679 -92.889089866686518  6.1132612830179927 -92.942571724714526 
 4.4097237064302597 4 4.4157573996026613 1 4.4217910927750621 1 4.4278247859474638 1 4.4338584791198654 1 4.4398921722922662 1 4.4459258654646678 1 4.4519595586370695 1 4.4579932518094703 1 4.4640269449818719 1 4.4700606381542736 1 4.4760943313266743 1 4.482128024499076 1 4.4881617176714776 1 4.4941954108438793 1 4.5002291040162801 1 4.5062627971886817 1 4.5122964903610834 1 4.5183301835334841 1 4.5243638767058858 1 4.5303975698782875 1 4.5364312630506882 1 4.5424649562230899 4
7 0 0  3 25 23  6.2831853071795862 -94.883087327893719  6.2799287188976898 -94.871010391993678  6.2734671837785427 -94.84511319406522  6.2639276541336661 -94.801078637120213  6.2545386951175699 -94.751895772938212  6.2452982831925956 -94.697607733646223  6.2362041938657606 -94.638247699641951  6.2272553005547406 -94.57388597892853  6.2184264660672657 -94.504157440200871  6.2097512877185697 -94.429379077947999  6.2012553577882166 -94.349777735810932  6.1929656866331264 -94.265606937782962  6.1849121249203911 -94.177103637296625  6.1771121346978184 -94.084544389674662  6.1695557334378872 -93.987950250690659  6.1622457057128148 -93.887305479435184  6.1551812512555806 -93.782601087335266  6.1483636087985252 -93.673837873155591  6.1417899123449082 -93.560970733973235  6.1354861026791898 -93.4442542592124  6.1294635194347435 -93.323899264352633  6.1237345394492619 -93.200108848883104  6.118311334206517 -93.073088180496711  6.1149079257857171 -92.986390640207119  6.1132612830179927 -92.942571724714526 
 0 4 0.00014876424539770136 1 0.00029752849079540272 1 0.00044629273619310408 1 0.00059505698159080544 1 0.00074382122698850675 1 0.00089258547238620816 1 0.0010413497177839096 1 0.0011901139631816109 1 0.0013388782085793122 1 0.0014876424539770135 1 0.001636406699374715 1 0.0017851709447724163 1 0.0019339351901701176 1 0.0020826994355678191 1 0.0022314636809655205 1 0.0023802279263632218 1 0.0025289921717609231 1 0.0026777564171586244 1 0.0028265206625563257 1 0.002975284907954027 1 0.0031240491533517287 1 0.00327281339874943 4
7 0 0  3 25 23  1.3284260758471849 -37.5  1.3158461693303014 -37.5  1.2907698070531499 -37.500475488594248  1.2533511606046295 -37.502552903083057  1.2160736270631878 -37.505932297170276  1.178883573019903 -37.510551181204839  1.1417261778417003 -37.51634813395772  1.1045560387503839 -37.523257748163694  1.0671987717870437 -37.531270812400891  1.0297507287440837 -37.540273749597574  0.99227318268360676 -37.550167386079913  0.9548352676557873 -37.560847961343448  0.91751107430306611 -37.572215658808432  0.88034083816329534 -37.584159473026602  0.84324680489025827 -37.596590232339963  0.80618302445205381 -37.609429517197057  0.76909315549014434 -37.622596492789228  0.73192803065780099 -37.636009233230276  0.69462026316341474 -37.649592592201166  0.6572284639459739 -37.663222495913672  0.61976608947883993 -37.676794691549453  0.5822480178879299 -37.690204125573459  0.54468858363803108 -37.703345959075797  0.51963016361899206 -37.711858849933854  0.50709850439234372 -37.716035732462998 
 0 4 0.00014876424539770136 1 0.00029752849079540272 1 0.00044629273619310408 1 0.00059505698159080544 1 0.00074382122698850675 1 0.00089258547238620816 1 0.0010413497177839096 1 0.0011901139631816109 1 0.0013388782085793122 1 0.0014876424539770135 1 0.001636406699374715 1 0.0017851709447724163 1 0.0019339351901701176 1 0.0020826994355678191 1 0.0022314636809655205 1 0.0023802279263632218 1 0.0025289921717609231 1 0.0026777564171586244 1 0.0028265206625563257 1 0.002975284907954027 1 0.0031240491533517287 1 0.00327281339874943 4
1 9.4247779607693793 -45 -1 0 
1 6.2831853071795862 -5 -1 0 
1 4.7123889803846897 -25 1 0 
1 0 1.5707963267948966 1 0 
1 -3.1415926535897931 -12 1 0 
1 3.6486911579821517 0 0 -1 
1 3.6486911579821171 77.5 0 1 
1 3.1415926535897931 -77.5 0 1 
1 0 37.5 0 1 
1 4.7123889803846897 0 0 -1 
1 6.2831853071795862 -5 -1 0 
1 1.5707963267948966 0 0 -1 
1 1.5707963267948966 0 0 -1 
1 3.1415926535897931 -77.5 0 1 
1 0 37.5 0 1 
1 1.5707963267948966 0 0 -1 
1 1.5707963267948966 0 0 -1 
1 4.7123889803846897 0 0 -1 
1 -5.3290705182007514e-15 -2.5 1 0 
1 -7.1054273576010019e-15 75 1 0 
1 3.1415926535897931 -93.054939632735127 0 -1 
1 0 37.5 1 0 
1 3.1415926535897931 -37.5 -1 0 
1 6.2831853071795862 -2.5 -1 0 
1 1.5707963267948966 -40 0 1 
1 3.1415926535897931 -6 1 0 
1 6.2831853071795862 -8.5 -1 0 
1 -3.1415926535897931 -31.5 1 0 
1 6.2831853071795862 31.5 -1 0 
1 3.1415926535897931 -95 0 1 
1 0 -8.5 1 0 
1 6.2831853071795862 -8.5 -1 0 
7 0 0  3 25 23  3.4624049240627652 -87.298654550820061  3.4591640509226971 -87.381693633720971  3.4526806144211277 -87.548083475556311  3.4429508466855268 -87.798568787515819  3.4332169231748217 -88.04992029100238  3.4234793027523658 -88.302103204085896  3.4137384452033901 -88.555082486824688  3.4039948112674017 -88.808822817115256  3.3942488624645781 -89.063288617849409  3.3845010609766155 -89.318444070596342  3.3747518695123553 -89.574253133146087  3.3650017511770085 -89.830679556250999  3.3552511693400184 -90.087686900790743  3.3455005875030261 -90.345238555013538  3.3357504691676798 -90.603297751923066  3.32600127770342 -90.86182758677208  3.3162534762154565 -91.120791034648875  3.3065075274126339 -91.380150968143639  3.296763893476645 -91.639870175057439  3.2870230359276689 -91.899911376206845  3.2772854155052111 -92.16023724304516  3.267551491994507 -92.420810416056412  3.2578217242589065 -92.681593520269502  3.2513382877573362 -92.855563967716407  3.2480974146172685 -92.942571724714526 
 4.3915767099117202 4 4.4013179603410615 1 4.4110592107704019 1 4.4208004611997431 1 4.4305417116290835 1 4.4402829620584248 1 4.450024212487766 1 4.4597654629171064 1 4.4695067133464477 1 4.479247963775788 1 4.4889892142051293 1 4.4987304646344706 1 4.5084717150638109 1 4.5182129654931522 1 4.5279542159224926 1 4.5376954663518339 1 4.5474367167811742 1 4.5571779672105155 1 4.5669192176398568 1 4.5766604680691971 1 4.5864017184985384 1 4.5961429689278788 1 4.60588421935722 4
1 0.50709850439234372 40 0 1 
7 0 0  3 25 23  3.3115166777513871 -92.942571724714526  3.3135264325254115 -92.889089866686504  3.3175463443763715 -92.782170775440235  3.3235773096426597 -92.621934837457218  3.3296092630231739 -92.461850426908711  3.3356420949908849 -92.301926358024758  3.3416756959346081 -92.142171433603963  3.3477099561560792 -91.982594442195463  3.3537447658859034 -91.823204156813773  3.3597800152944277 -91.664009333245588  3.3658155945040407 -91.505018708471653  3.3718513936010668 -91.346240999062573  3.3778873026478058 -91.187684899587879  3.3839232116945483 -91.029359081029185  3.3899590107915718 -90.871272189199274  3.3959945900011848 -90.71343284316832  3.4020298394097108 -90.555849633699225  3.4080646491395332 -90.398531121682637  3.4140989093610048 -90.241485836613592  3.4201325103047284 -90.084722274953506  3.4261653422724381 -89.928248898965023  3.4321972956529527 -89.772074133828156  3.4382282609192418 -89.616206371222532  3.442248172770201 -89.512504756293382  3.4442579275442253 -89.460707897715665 
 1.7407203509564899 4 1.7467540441288918 1 1.7527877373012937 1 1.7588214304736953 1 1.7648551236460972 1 1.7708888168184991 1 1.776922509990901 1 1.7829562031633026 1 1.7889898963357045 1 1.7950235895081064 1 1.8010572826805082 1 1.8070909758529101 1 1.8131246690253118 1 1.8191583621977137 1 1.8251920553701155 1 1.8312257485425174 1 1.8372594417149191 1 1.8432931348873209 1 1.8493268280597228 1 1.8553605212321247 1 1.8613942144045263 1 1.8674279075769282 1 1.8734616007493301 4
1 0.50709850439234372 40 0 1 
1 2.2935305746083139 0 0 -1 
1 3.6486911579821517 0 0 -1 
1 3.6486911579821171 77.5 0 1 
7 0 0  3 25 23  3.1415926535897931 -94.518821666092478  3.1436293329561562 -94.502307945677387  3.1476654875790882 -94.468574883687907  3.1536085968063841 -94.415862972349387  3.1594410805022055 -94.361043288433265  3.1651634094054795 -94.304120375430188  3.1707760366859086 -94.245098785322341  3.176279394781675 -94.183983038411384  3.1816738978707946 -94.12077777322979  3.18695993419625 -94.055487187067186  3.192137893688499 -93.988117123953856  3.1972080648788768 -93.918667282200275  3.2021710196752049 -93.84716029625541  3.2070261777105049 -93.773533201734438  3.2117640446662721 -93.69786332701095  3.2163762990486964 -93.620312686527853  3.2208540866353701 -93.541023553265291  3.2251894043135851 -93.460132479983983  3.229371281519922 -93.377818641785808  3.2334103565728447 -93.293950055709416  3.2373054097304745 -93.208524668707142  3.2410560668202804 -93.1215347112106  3.2446617122914563 -93.032973945914904  3.2469684211352421 -92.972881797293283  3.2480974146172685 -92.942571724714526 
 0 4 0.00010267713652069183 1 0.00020535427304138365 1 0.0003080314095620755 1 0.0004107085460827673 1 0.0005133856826034591 1 0.00061606281912415101 1 0.0007187399556448428 1 0.0008214170921655346 1 0.0009240942286862264 1 0.0010267713652069182 1 0.0011294485017276101 1 0.001232125638248302 1 0.0013348027747689937 1 0.0014374799112896856 1 0.0015401570478103773 1 0.0016428341843310692 1 0.0017455113208517611 1 0.0018481884573724528 1 0.0019508655938931447 1 0.0020535427304138364 1 0.0021562198669345285 1 0.0022588970034552202 4
7 0 0  3 25 23  1.0752423462399627 31.5  1.0665603828142425 31.5  1.0492353983372786 31.50018440384224  1.0233473033246896 31.500987304595967  0.997541216025014 31.50228958374586  0.97179951244110718 31.504064324900156  0.94610450087768105 31.506284610915298  0.92043845913263367 31.50892352745235  0.89478373255032073 31.511954149705655  0.86912272230779053 31.515349591931997  0.84343824491762454 31.519082822604997  0.81771251403181389 31.523127354268432  0.79193126348110487 31.527454668968847  0.76606868877491807 31.532043826671178  0.74014609828364053 31.536864135321583  0.71419685784777198 31.541877387155441  0.688252417344273 31.547047187179501  0.66234089920899009 31.5523374050257  0.63650518104351794 31.55770903905395  0.61067725074133594 31.563143792145024  0.58484210384186219 31.568616135444881  0.55898131739876955 31.574100689674601  0.53307718923242942 31.579572035463077  0.51576687311469283 31.583193854643142  0.50709850439234372 31.584994092786602 
 0 4 0.00010267713652069183 1 0.00020535427304138365 1 0.0003080314095620755 1 0.0004107085460827673 1 0.0005133856826034591 1 0.00061606281912415101 1 0.0007187399556448428 1 0.0008214170921655346 1 0.0009240942286862264 1 0.0010267713652069182 1 0.0011294485017276101 1 0.001232125638248302 1 0.0013348027747689937 1 0.0014374799112896856 1 0.0015401570478103773 1 0.0016428341843310692 1 0.0017455113208517611 1 0.0018481884573724528 1 0.0019508655938931447 1 0.0020535427304138364 1 0.0021562198669345285 1 0.0022588970034552202 4
7 0 0  3 25 23  3.3115166777513871 -92.942571724714526  3.3098696098351077 -92.986401950468178  3.3064774442511067 -93.07286869287303  3.3010977667456842 -93.199020530865269  3.2954292840241965 -93.32165709276839  3.2894747467404262 -93.440810860689609  3.2832360979612649 -93.556516238577771  3.2767180416459101 -93.668800460433445  3.2698899401273893 -93.777942705897075  3.2627801786980473 -93.883539437429462  3.2554091532301093 -93.985283146340194  3.2477995045099712 -94.082849955478608  3.2399724203406031 -94.175885432686428  3.2319521189956317 -94.264173734296378  3.2237402892302489 -94.347820547266195  3.2153356217648685 -94.426790141650969  3.2067373193172974 -94.501087241953243  3.1979450345271996 -94.570696171788413  3.1889556102192476 -94.635642403873291  3.1797798518052618 -94.695681049756914  3.1704385689159351 -94.750677191833333  3.1609501841382976 -94.800491335119517  3.1513336842350008 -94.84498521155831  3.1448497356536191 -94.87100855236362  3.1415926535897931 -94.883087327893719 
 0 4 0.00014880733652477955 1 0.00029761467304955909 1 0.00044642200957433864 1 0.00059522934609911819 1 0.00074403668262389773 1 0.00089284401914867728 1 0.0010416513556734568 1 0.0011904586921982364 1 0.0013392660287230159 1 0.0014880733652477955 1 0.001636880701772575 1 0.0017856880382973546 1 0.0019344953748221341 1 0.0020833027113469136 1 0.0022321100478716934 1 0.0023809173843964727 1 0.0025297247209212521 1 0.0026785320574460318 1 0.0028273393939708116 1 0.0029761467304955909 1 0.0031249540670203703 1 0.00327376140354515 4
7 0 0  3 25 23  0.50709850439234372 37.716035732462998  0.5196334924760555 37.711857771823382  0.54462105243671932 37.703371102395238  0.581910217298648 37.690328423591758  0.61906260572648375 37.677052593870613  0.6561324785020366 37.663623298121891  0.69317555490865079 37.650119622691861  0.73023730383735141 37.636622886955259  0.76749815849147573 37.623171996658783  0.80486590069697084 37.609900123635242  0.84228410741517856 37.596927459124196  0.87968724423740219 37.584376735698036  0.91701031045453008 37.572373501191443  0.95420223280796923 37.561029501056943  0.99132443819345917 37.550406742944382  1.028426704155289 37.540581389787633  1.0655635618878241 37.531625554101588  1.1027851996978482 37.523613394792861  1.1401548068182776 37.516614935620346  1.1776601826955491 37.510737070631535  1.2152675457655213 37.506043750041144  1.2529499025942539 37.502604093568898  1.2906786144850684 37.5004858352941  1.3158443795789256 37.500000000000014  1.3284260758471849 37.5 
 0 4 0.00014880733652477955 1 0.00029761467304955909 1 0.00044642200957433864 1 0.00059522934609911819 1 0.00074403668262389773 1 0.00089284401914867728 1 0.0010416513556734568 1 0.0011904586921982364 1 0.0013392660287230159 1 0.0014880733652477955 1 0.001636880701772575 1 0.0017856880382973546 1 0.0019344953748221341 1 0.0020833027113469136 1 0.0022321100478716934 1 0.0023809173843964727 1 0.0025297247209212521 1 0.0026785320574460318 1 0.0028273393939708116 1 0.0029761467304955909 1 0.0031249540670203703 1 0.00327376140354515 4
1 -3.1415926535897931 0 1 0 
1 0 0 0 -1 
1 6.2831853071795862 0 0 -1 
1 6.2831853071795862 -56.5 -1 0 
1 3.1415926535897931 0 0 -1 
1 3.1415926535897931 0 0 -1 
1 -3.1415926535897931 -53.5 1 0 
1 3.1415926535897931 0 -1 0 
1 4.7123889803846932 34 0 1 
1 9.4247779607693793 0 -1 0 
1 3.1415926535897931 0 -1 0 
1 4.7123889803846932 0 0 1 
1 6.2831853071795862 -56.5 -1 0 
1 6.2831853071795862 -2 -1 0 
1 6.2831853071795862 -2 -1 0 
1 1.5707963267948966 0 0 -1 
1 0 0 0 1 
1 4.7123889803846897 0 0 -1 
1 3.1415926535897931 0 0 -1 
1 3.1415926535897931 0 0 1 
1 1.5707963267948966 0 0 1 
1 -3.1415926535897931 3 1 0 
1 4.7123889803846932 0 0 1 
1 -3.1415926535897931 3 1 0 
1 3.1415926535897931 3 1 0 
1 4.7123889803846897 34 0 1 
1 3.1415926535897931 -53.5 1 0 
1 1.5707963267948966 16 1 0 
1 1.5707963267949001 16 1 0 
1 7.8539816339744828 0 -1 0 
1 7.8539816339744828 0 -1 0 
1 6.2831853071795862 16 0 1 
1 6.2831853071795862 16 0 -1 
1 4.7123889803846897 -18 0 -1 
1 4.7123889803846897 0 0 -1 
1 3.1415926535897931 16 1 0 
1 3.1415926535897931 16 1 0 
1 9.4247779607693793 0 -1 0 
1 9.4247779607693793 0 -1 0 
1 6.2831853071795862 16 0 1 
1 6.2831853071795862 16 0 -1 
1 4.7123889803846897 34 0 -1 
1 4.7123889803846932 0 0 -1 
1 1.5707963267948966 16 1 0 
1 1.5707963267949001 16 1 0 
1 7.8539816339744828 0 -1 0 
1 7.8539816339744828 0 -1 0 
1 6.2831853071795862 16 0 1 
1 6.2831853071795862 16 0 -1 
1 1.5707963267948966 0 1.4802973661668753e-16 -1 
1 4.7123889803846897 0 0 1 
1 0 0 1 0 
1 0 0 1 0 
1 6.2831853071795862 -3 -1 0 
1 6.2831853071795898 -3 -1 0 
1 6.2831853071795862 7.1054273576010019e-14 0 -1 
1 0 7.1054273576010019e-14 0 1 
1 4.7123889803846932 18 1 0 
1 4.7123889803846932 18 1 0 
1 10.995574287564276 0 -1 0 
1 10.995574287564276 0 -1 0 
1 6.2831853071795862 18 0 1 
1 6.2831853071795862 18 0 -1 
1 1.5707963267948966 0 0 -1 
1 4.7123889803846897 0 0 1 
1 0 0 1 0 
1 0 0 1 0 
1 6.2831853071795862 -3.000000000000004 -1 0 
1 6.2831853071795933 -3.000000000000004 -1 0 
1 6.2831853071795862 -3.5527136788005009e-15 0 -1 
1 0 -3.5527136788005009e-15 0 1 
1 0 0 0 1 
1 3.1415926535897931 0 0 -1 
1 -3.1415926535897931 0 1 0 
1 -3.1415926535897931 0 1 0 
1 1.5707963267948966 0 0 -1 
1 1.5707963267948966 0 0 -1 
1 0 -6 1 0 
1 5.2247784406954327 0 0 -1 
1 0 0 1 0 
1 3.1415926535897931 0 0 -1 
1 3.1415926535897931 0 0 -1 
1 9.4247779607693793 -6 -1 0 
1 4.1999995200739466 0 0 -1 
1 9.4247779607693793 0 -1 0 
1 3.1415926535897931 0 0 -1 
1 3.1415926535897931 0 0 -1 
1 3.1415926535897931 -6 1 0 
1 5.2247784406954327 0 0 -1 
1 3.1415926535897931 0 1 0 
1 3.1415926535897931 0 0 -1 
1 3.1415926535897931 0 0 -1 
1 6.2831853071795862 -6 -1 0 
1 4.1999995200739466 0 0 -1 
1 6.2831853071795862 0 -1 0 
1 3.1415926535897931 0 0 -1 
1 3.1415926535897931 0 0 -1 
1 6.2831853071795862 1.5707963267948966 -1 0 
1 3.1415926535897931 0 0 1 
1 3.1415926535897931 0 0 1 
1 0 2.8017557441356722 1 0 
1 0 -1.5707963267948966 0 1 
1 6.2831853071795862 -1.5707963267948966 0 1 
1 3.1415926535897931 4.7123889803846897 -1 0 
1 3.1415926535897931 3.1415926535897931 0 1 
1 3.1415926535897931 3.1415926535897931 0 1 
1 3.1415926535897931 5.639684198386302 -1 0 
1 0 1.5707963267948966 0 1 
1 6.2831853071795862 1.5707963267948966 0 1 
1 6.2831853071795862 1.5707963267948966 -1 0 
1 3.1415926535897931 0 0 1 
1 3.1415926535897931 0 0 1 
1 6.2831853071795862 2.4980915447965089 -1 0 
1 0 -1.5707963267948966 0 1 
1 6.2831853071795862 -1.5707963267948966 0 1 
1 6.2831853071795862 0 -1 0 
1 9.4247779607693793 -2 -1 0 
1 3.1415926535897931 -3.1415926535897931 0 1 
1 3.1415926535897931 -3.1415926535897931 0 1 
1 0 1.5707963267948966 1 0 
1 0 -4.7123889803846897 0 1 
1 6.2831853071795862 -4.7123889803846897 0 1 
1 3.1415926535897931 0 0 -1 
1 3.1415926535897931 0 0 -1 
1 0 -6.5 1 0 
1 6.2831853071795862 0 0 -1 
1 0 0 0 -1 
1 5.2247784406954327 0 0 -1 
1 0 -6 1 0 
1 6.2831853071795862 0 0 -1 
1 0 0 0 -1 
1 0 0 1 0 
1 4.1999995200739466 0 0 -1 
1 9.4247779607693793 -6 -1 0 
1 6.2831853071795862 0 0 -1 
1 0 0 0 -1 
1 9.4247779607693793 0 -1 0 
1 5.2247784406954327 0 0 -1 
1 3.1415926535897931 -6 1 0 
1 6.2831853071795862 0 0 -1 
1 0 0 0 -1 
1 3.1415926535897931 0 1 0 
1 4.1999995200739466 0 0 -1 
1 6.2831853071795862 -6 -1 0 
1 6.2831853071795862 0 0 -1 
1 0 0 0 -1 
1 6.2831853071795862 0 -1 0 
1 0 0 0 -1 
1 6.2831853071795862 0 0 -1 
1 0 -10.5 1 0 
1 3.1415926535897931 0 0 -1 
1 3.1415926535897931 0 0 -1 
1 6.2831853071795862 0 -1 0 
1 0 2.8017557441356722 1 0 
1 9.4247779607693793 5.639684198386302 -1 0 
1 0 -10.5 1 0 
1 6.2831853071795862 0 -1 0 
1 0 0 1 0 
1 0 0 1 0 
1 0 0 1 0 
1 0 0 1 0 
1 0 0 1 0 
1 0 0 1 0 
1 3.1415926535897931 0 -1 0 
1 3.1415926535897931 0 -1 0 
1 6.2831853071795862 0 -1 0 
1 6.2831853071795862 0 -1 0 
1 -3.1415926535897931 0 1 0 
1 -3.1415926535897931 0 1 0 
1 0 -6.5 1 0 
1 6.2831853071795862 -6 -1 0 
1 6.2831853071795862 -6 -1 0 
1 6.2831853071795862 -6 -1 0 
1 6.2831853071795862 -6 -1 0 
1 6.2831853071795862 1.5707963267948966 -1 0 
1 -3.1415926535897931 -6 1 0 
1 -3.1415926535897931 -6 1 0 
1 6.2831853071795862 -6 -1 0 
1 6.2831853071795862 -6 -1 0 
1 3.1415926535897931 -6 -1 0 
1 3.1415926535897931 -6 -1 0 
1 0 -6 1 0 
1 0 -6 1 0 
1 3.1415926535897931 0 0 -1 
1 3.1415926535897931 0 0 1 
1 4.7123889803846897 0 0 1 
1 4.7123889803846897 0 0 -1 
1 6.2831853071795862 0 0 -1 
1 0 0 0 1 
1 1.5707963267948966 0 0 -1 
1 1.5707963267948966 0 0 1 
1 1.0584068664841533 0 0 -1 
1 1.0584068664841535 0 0 -1 
1 2.0831857871056401 0 0 -1 
1 2.0831857871056396 0 0 -1 
1 1.0584068664841535 0 0 -1 
1 1.0584068664841535 0 0 -1 
1 2.0831857871056396 0 0 -1 
1 2.0831857871056396 0 0 -1 
1 3.1415926535897931 -2 -1 0 
1 6.2831853071795862 0 -1 0 
1 0 1.5707963267948966 1 0 
1 6.2831853071795862 2.4980915447965089 -1 0 
1 9.4247779607693793 4.7123889803846897 -1 0 
1 6.2831853071795862 1.5707963267948966 -1 0 
1 0 4.934059327188784 1 0 
1 3.1415926535897327 0 1.1093332551278817e-14 1 
1 3.1415926535897327 0 1.1093332551278817e-14 1 
7 0 0  3 25 23  2.0943951023931957 5.1342197423738796  2.1074027935497686 5.1294140397299701  2.1340281361609423 5.1201519165164413  2.1757605561797275 5.1073576940463097  2.2192632142925968 5.0957131915486205  2.2644723687471946 5.0852704214131128  2.3112940482746289 5.0760807583114191  2.3595982648647862 5.0681931731118182  2.4092195030493708 5.061654190310545  2.4599580121024749 5.0565079451932595  2.5115818167715642 5.0527907979236124  2.5638319617809668 5.0505306451100536  2.616429520477686 5.0497455796608959  2.6690841057873578 5.050442916885415  2.7215050852644875 5.0526241034360702  2.7734091033967938 5.0562798933078987  2.8245311026837552 5.0613912777680881  2.874624071708479 5.0679288350558167  2.9234943759741276 5.0758603444633312  2.9707801518303034 5.0851098216748865  3.0163536227447492 5.0956182106338934  3.0601062744887408 5.107321493727726  3.1019696036790148 5.120154596440738  3.1286019301053596 5.129420184204629  3.1415926535897936 5.1342197423738805 
 2.3325440926950501e-07 4 0.00042072198642337542 1 0.00084121071843748128 1 0.0012616994504515873 1 0.0016821881824656932 1 0.0021026769144797987 1 0.0025231656464939048 1 0.0029436543785080109 1 0.0033641431105221166 1 0.0037846318425362223 1 0.004205120574550328 1 0.0046256093065644346 1 0.0050460980385785403 1 0.005466586770592646 1 0.0058870755026067525 1 0.0063075642346208582 1 0.0067280529666349639 1 0.0071485416986490696 1 0.0075690304306631753 1 0.0079895191626772818 1 0.0084100078946913875 1 0.008830496626705495 1 0.0092509853587196007 4
7 0 0  3 25 23  1.0471975511965979 5.1342197423738805  1.0601570700323619 5.1294318637615195  1.0867068294684208 5.1201934778999485  1.1283962290823757 5.1074057575939946  1.1719346510821993 5.0957450839392031  1.2172655237348342 5.0852705919129644  1.2643019342201156 5.0760411185196883  1.3129145436620671 5.0681136974389744  1.3629864878889995 5.061537790640025  1.4142831161257978 5.0563719661075384  1.46654444217252 5.052662439662309  1.5194646090517008 5.0504443333475502  1.5727579969408436 5.0497396533718018  1.6259675087450962 5.0505551453539494  1.6786683368927655 5.0528716568530578  1.7306107845865093 5.0566601962156783  1.7815272620499263 5.0618816875544113  1.8311927997630419 5.0684889598274099  1.8794156005578271 5.0764276687679031  1.9260396238849584 5.0856414841115809  1.9709460564919263 5.096071527622601  2.0140535881190584 5.1076573556328837  2.0553116566951339 5.1203384999353752  2.0815765375731421 5.1294839744035512  2.0943951023931957 5.1342197423738796 
 0.094693892820569503 4 0.095113866540076114 1 0.095533840259582725 1 0.09595381397908935 1 0.096373787698595961 1 0.096793761418102572 1 0.097213735137609184 1 0.097633708857115795 1 0.098053682576622406 1 0.098473656296129031 1 0.098893630015635642 1 0.099313603735142253 1 0.099733577454648864 1 0.10015355117415548 1 0.1005735248936621 1 0.10099349861316871 1 0.10141347233267532 1 0.10183344605218193 1 0.10225341977168854 1 0.10267339349119517 1 0.10309336721070178 1 0.10351334093020839 1 0.103933314649715 4
7 0 0  3 25 23  0 5.1342197423738805  0.013007691156572569 5.1294140397299675  0.039633033767745483 5.1201519165164404  0.081365453786529165 5.1073576940463088  0.12486811189940158 5.0957131915486187  0.17007726635399523 5.0852704214131101  0.21689894588143269 5.0760807583114165  0.26520316247159142 5.0681931731118146  0.31482440065617584 5.061654190310545  0.36556290970928146 5.0565079451932586  0.41718671437837207 5.0527907979236115  0.4694368593877713 5.0505306451100509  0.52203441808449147 5.049745579660895  0.57468900339415918 5.0504429168854132  0.62710998287129238 5.0526241034360702  0.67901400100359899 5.0562798933078987  0.73013600029056502 5.0613912777680881  0.78022896931529007 5.067928835055814  0.82909927358093771 5.0758603444633312  0.87638504943710893 5.0851098216748847  0.92195852035155335 5.0956182106338925  0.96571117209554247 5.1073214937277269  1.007574501285815 5.1201545964407371  1.0342068277121614 5.129420184204629  1.0471975511965979 5.1342197423738805 
 2.33254409274272e-07 4 0.00042072198642338046 1 0.00084121071843748659 1 0.0012616994504515929 1 0.0016821881824656991 1 0.0021026769144798052 1 0.0025231656464939113 1 0.0029436543785080174 1 0.0033641431105221236 1 0.0037846318425362297 1 0.0042051205745503367 1 0.0046256093065644424 1 0.0050460980385785489 1 0.0054665867705926546 1 0.0058870755026067612 1 0.0063075642346208669 1 0.0067280529666349734 1 0.00714854169864908 1 0.0075690304306631857 1 0.0079895191626772905 1 0.008410007894691398 1 0.0088304966267055036 1 0.0092509853587196093 4
1 0 0 0 1 
1 6.2831853071795862 0 0 1 
1 3.1415926535897931 0 1 0 
1 3.1415926535897936 0 0 -1 
1 3.1415926535897936 0 0 -1 
1 3.1415926535897931 -90.5 1 0 
1 6.2831853071795862 0 0 -1 
1 0 0 0 -1 
1 -3.1415926535897931 0 1 0 
1 -3.1415926535897931 -90.5 1 0 
7 0 0  3 25 23  5.2359877559829888 5.1342197423738813  5.2489954471395608 5.1294140397299701  5.2756207897507359 5.1201519165164422  5.3173532097695189 5.1073576940463061  5.3608558678823934 5.0957131915486205  5.4060650223369855 5.0852704214131101  5.4528867018644194 5.0760807583114183  5.5011909184545802 5.0681931731118146  5.5508121566391626 5.0616541903105459  5.601550665692268 5.0565079451932586  5.6531744703613596 5.0527907979236097  5.7054246153707568 5.0505306451100527  5.7580221740674808 5.0497455796608932  5.8106767593771478 5.0504429168854141  5.8630977388542798 5.0526241034360684  5.9150017569865874 5.0562798933078996  5.9661237562735474 5.0613912777680845  6.0162167252982748 5.0679288350558149  6.065087029563923 5.0758603444633303  6.1123728054200956 5.0851098216748838  6.1579462763345409 5.0956182106338925  6.2016989280785326 5.107321493727726  6.2435622572688079 5.120154596440738  6.2701945836951509 5.129420184204629  6.2831853071795871 5.1342197423738805 
 2.3325440927576101e-07 4 0.00042072198642338144 1 0.00084121071843748713 1 0.0012616994504515929 1 0.0016821881824656986 1 0.0021026769144798043 1 0.00252316564649391 1 0.0029436543785080157 1 0.0033641431105221214 1 0.0037846318425362271 1 0.0042051205745503323 1 0.004625609306564438 1 0.0050460980385785437 1 0.0054665867705926494 1 0.0058870755026067551 1 0.0063075642346208608 1 0.0067280529666349665 1 0.0071485416986490722 1 0.0075690304306631779 1 0.0079895191626772836 1 0.0084100078946913893 1 0.008830496626705495 1 0.0092509853587196007 4
7 0 0  3 25 23  3.1415926535897936 5.1342197423738805  3.1546003447463655 5.1294140397299692  3.1812256873575384 5.1201519165164431  3.2229581073763187 5.1073576940463061  3.2664607654891946 5.0957131915486205  3.3116699199437871 5.0852704214131101  3.3584915994712259 5.0760807583114174  3.4067958160613845 5.0681931731118164  3.4564170542459682 5.061654190310545  3.5071555632990759 5.0565079451932595  3.5587793679681621 5.0527907979236089  3.6110295129775642 5.0505306451100518  3.6636270716742829 5.049745579660895  3.7162816569839512 5.050442916885415  3.7687026364610823 5.0526241034360675  3.8206066545933925 5.0562798933079005  3.8717286538803561 5.0613912777680863  3.9218216229050817 5.0679288350558149  3.9706919271707304 5.0758603444633303  4.0179777030269017 5.0851098216748856  4.0635511739413479 5.0956182106338925  4.1073038256853369 5.1073214937277269  4.1491671548756095 5.1201545964407371  4.1757994813019543 5.129420184204629  4.1887902047863896 5.1342197423738805 
 2.33254409268039e-07 4 0.00042072198642337407 1 0.00084121071843748008 1 0.001261699450451586 1 0.0016821881824656921 1 0.0021026769144797982 1 0.0025231656464939039 1 0.0029436543785080101 1 0.0033641431105221162 1 0.0037846318425362223 1 0.004205120574550328 1 0.0046256093065644337 1 0.0050460980385785394 1 0.005466586770592646 1 0.0058870755026067517 1 0.0063075642346208582 1 0.0067280529666349639 1 0.0071485416986490696 1 0.0075690304306631762 1 0.0079895191626772836 1 0.0084100078946913893 1 0.008830496626705495 1 0.0092509853587196007 4
7 0 0  3 25 23  4.1887902047863896 5.1342197423738805  4.201749723678172 5.1294318637408134  4.2282994832314804 5.1201934778408278  4.2699888830372164 5.1074057574868981  4.3135273052416245 5.0957450837946254  4.3588581781203617 5.0852705917415699  4.4058945888147818 5.0760411183348291  4.4545071985836771 5.0681136972471315  4.5045791415960004 5.0615377906304166  4.5558757678691553 5.0563719662644679  4.6081370918074578 5.0526624398858573  4.6610572570550177 5.0504443335039753  4.7143506448156431 5.0497396533620256  4.767560157458 5.0505551452018604  4.8202609861843468 5.0528716565972678  4.8722034345124312 5.0566601958888038  4.9231199125691552 5.061881687188027  4.9727854508498686 5.0684889594502271  5.0210082521740143 5.0764276684058824  5.0676322759889816 5.0856414837877564  5.1125387090386702 5.0960715273569406  5.1556462410620734 5.1076573554423037  5.1969043099878229 5.1203384998338128  5.2231691910688154 5.1294839743687719  5.2359877559829888 5.1342197423738813 
 0.094693893178915398 4 0.095113866901887292 1 0.095533840624859173 1 0.095953814347831068 1 0.096373788070802963 1 0.096793761793774857 1 0.097213735516746738 1 0.097633709239718633 1 0.098053682962690528 1 0.098473656685662422 1 0.098893630408634303 1 0.099313604131606198 1 0.099733577854578093 1 0.10015355157754997 1 0.10057352530052187 1 0.10099349902349376 1 0.10141347274646566 1 0.10183344646943754 1 0.10225342019240943 1 0.10267339391538133 1 0.10309336763835322 1 0.1035133413613251 1 0.103933315084297 4
1 -4.4408920985006262e-16 4.934059327188784 1 0 
1 0 0 1 0 
1 0 3.1415926535897931 1 0 
1 3.1415926535897931 0 0 1 
1 3.1415926535897931 0 0 1 
1 0 1.5707963267948806 1 -1.130863886742584e-15 
1 0 0 0 1 
1 6.2831853071795862 0 0 1 
1 6.2831853071795862 0 0 1 
1 0 0 0 1 
1 6.2831853071795862 4.7123889803847057 -1 1.1308638867425836e-15 
1 3.1415926535897931 -1.3322676295501878e-15 0 1 
1 3.1415926535897931 -1.3322676295501878e-15 0 1 
1 0 3.1415926535897931 1 0 
1 -4.4408920985006262e-16 0 1 0 
1 0 4.712388980384695 1 0 
1 3.1415926535897931 5.3290705182007514e-15 0 1 
1 3.1415926535897931 5.3290705182007514e-15 0 1 
7 0 0  3 47 45  3.1415926535897931 5.1542339826118422  3.1364274006230075 5.154233929139953  3.1260993969725979 5.154557378955567  3.1106225691827629 5.1560175961604804  3.0951686142994865 5.1584574534719634  3.079745142197837 5.1618807595388905  3.0643596804156656 5.1662909265051837  3.0490196405051093 5.1716909620401044  3.0337323221262991 5.1780835231842959  3.0185048075624961 5.1854709856315875  3.0033442623578193 5.1938552477391848  2.9882567273384328 5.2032384350350132  2.973251545936499 5.2136201198685237  2.9583247664552204 5.2250074293405389  2.9434807464342003 5.2374209608231785  2.928736515820308 5.2508725906082301  2.9141051491503549 5.2653759091827919  2.8996001711131041 5.2809437072538294  2.8852343295550908 5.2975889149983306  2.8710198934901969 5.3153245632880655  2.85696851301282 5.3341640646665205  2.8430913366767765 5.3541210269497235  2.8293985674443016 5.3752104195983232  2.8159010370350188 5.3974445647670963  2.8026042976508041 5.4208482059826064  2.7895132127535232 5.4454913676727594  2.7766369226277572 5.4714368398317053  2.7639819204043721 5.4987573156506899  2.7515574125707345 5.5275237339457775  2.7393608652413595 5.5578336260456274  2.7274733136184364 5.5896019881011698  2.7159217551007906 5.6229219436465909  2.7047353735481501 5.6578799370793416  2.693942747557835 5.6945678398436215  2.6835634357429865 5.7331201696333283  2.6736450035135086 5.7735526490861773  2.6642806146178271 5.8158389090910179  2.6555317122985977 5.8600987415183763  2.6474636927293225 5.906452390497793  2.6401440522477344 5.9550105944344693  2.6336171667550281 6.0060641074161589  2.6281261857591041 6.058515501265453  2.6237025308223574 6.1127626824271619  2.6204285423751776 6.1689618618160473  2.6184458613191537 6.2258576604588436  2.6179939820934592 6.2640861123131755  2.6179938779914984 6.2831853071795862 
 1.3533246839069401e-14 4 0.00011438280143017249 1 0.00022876560284681175 1 0.00034314840426345099 1 0.00045753120568009021 1 0.00057191400709672943 1 0.00068629680851336875 1 0.00080067960993000797 1 0.00091506241134664719 1 0.0010294452127632865 1 0.0011438280141799256 1 0.001258210815596565 1 0.0013725936170132043 1 0.0014869764184298434 1 0.0016013592198464827 1 0.0017157420212631218 1 0.0018301248226797612 1 0.0019445076240964005 1 0.00205889042551304 1 0.0021732732269296789 1 0.0022876560283463182 1 0.0024020388297629576 1 0.0025164216311795969 1 0.0026308044325962362 1 0.0027451872340128755 1 0.0028595700354295144 1 0.0029739528368461538 1 0.0030883356382627931 1 0.0032027184396794324 1 0.0033171012410960717 1 0.0034314840425127106 1 0.00354586684392935 1 0.0036602496453459893 1 0.0037746324467626286 1 0.0038890152481792679 1 0.0040033980495959073 1 0.0041177808510125466 1 0.0042321636524291859 1 0.0043465464538458244 1 0.0044609292552624637 1 0.004575312056679103 1 0.0046896948580957424 1 0.0048040776595123817 1 0.004918460460929021 1 0.0050328432623456603 4
7 0 0  3 69 67  2.6179938779914984 6.2831853071795862  2.6179926384713288 6.2571865083064706  2.6171464167667651 6.2056012472726003  2.6135475468332698 6.1300200257541677  2.6078274382981137 6.0567588085467623  2.600171261379935 5.9864680695872377  2.5907884336668912 5.9198493859803198  2.5800259071261245 5.857201327640607  2.5681601128030382 5.7987468217276241  2.5551868306952574 5.7434715258172657  2.5412627759744399 5.6913581694711564  2.5267268841472332 5.6429814315246709  2.5115447716006796 5.5977406392055897  2.4957724561207528 5.5553525930886183  2.4794416038427491 5.5154667207809238  2.4625709686805459 5.4779864137831007  2.4452535524749162 5.4429108859770761  2.4275694785291204 5.4102129811498418  2.4096286497831634 5.3799022123631852  2.3914084786973833 5.3517227240151373  2.3729183319389135 5.3256241828247495  2.3541704054238766 5.3015394484162179  2.3351775941578392 5.2794109422260078  2.3159539518608492 5.259184193077945  2.2965148995741882 5.2408090890924139  2.2768757803865163 5.2242409386329509  2.2570572099419994 5.2094327959832922  2.2370620173104299 5.1963636993940749  2.2169093044550627 5.1850469861153217  2.1966221093297831 5.1754851296016264  2.176223448274953 5.1676799210322244  2.155737241270093 5.1616297151319888  2.1351878269514648 5.1573300862504556  2.1146001750993713 5.1547732263162862  2.0939986701015885 5.1539484138448879  2.0734108762916494 5.1548389215799837  2.0528574496522425 5.1574540958075197  2.03235578184746 5.1618034018409871  2.0119238341070615 5.1678942072549274  1.9915789555798693 5.1757327661974095  1.9713382425478592 5.1853243091154608  1.9512177768244068 5.1966727571995115  1.9312348395379102 5.2097820536135844  1.9113993823027187 5.2246506027405974  1.8917099227853531 5.2413174286326312  1.8721977407849688 5.2598270668187537  1.8528851795371664 5.2802240045637783  1.8337953653496337 5.3025552454265386  1.8149497170836264 5.3268703117875296  1.796367673145133 5.3532218657086013  1.7780698690019752 5.3816648964924072  1.7600654055028189 5.4122591469647583  1.742442240888453 5.4450190763228949  1.7252212844471662 5.4800897778118651  1.7084360573563571 5.517592768572273  1.6920830545727492 5.5577498294119936  1.6763335645919815 5.600340422389019  1.6612292015589059 5.6456309067727739  1.6468098916205387 5.6939145190155402  1.6330920957913451 5.7455354810623893  1.620177801835593 5.8008074378660774  1.6082958005951038 5.8596802866960687  1.597647920095234 5.9220964957608224  1.5883875230216427 5.9884601404954054  1.5808512976196964 6.0576974181447136  1.5752045095741207 6.1298046915786495  1.571633465442952 6.2055857416065985  1.5707938821548482 6.2572563055047716  1.570796326794897 6.2831853071795862 
 1.9697668334609501e-07 4 0.00015388808231088478 1 0.00030757918793842349 1 0.00046127029356596218 1 0.00061496139919350087 1 0.00076865250482103956 1 0.00092234361044857824 1 0.0010760347160761168 1 0.0012297258217036555 1 0.0013834169273311942 1 0.0015371080329587329 1 0.0016907991385862716 1 0.0018444902442138103 1 0.0019981813498413494 1 0.0021518724554688879 1 0.0023055635610964263 1 0.0024592546667239652 1 0.0026129457723515041 1 0.0027666368779790426 1 0.0029203279836065811 1 0.00307401908923412 1 0.0032277101948616589 1 0.0033814013004891974 1 0.0035350924061167358 1 0.0036887835117442747 1 0.0038424746173718136 1 0.0039961657229993525 1 0.0041498568286268906 1 0.0043035479342544295 1 0.0044572390398819684 1 0.0046109301455095064 1 0.0047646212511370453 1 0.0049183123567645842 1 0.0050720034623921231 1 0.005225694568019662 1 0.0053793856736472001 1 0.005533076779274739 1 0.0056867678849022779 1 0.0058404589905298159 1 0.0059941500961573548 1 0.0061478412017848937 1 0.0063015323074124326 1 0.0064552234130399715 1 0.0066089145186675096 1 0.0067626056242950485 1 0.0069162967299225874 1 0.0070699878355501254 1 0.0072236789411776643 1 0.0073773700468052032 1 0.0075310611524327421 1 0.007684752258060281 1 0.0078384433636878199 1 0.0079921344693153588 1 0.008145825574942896 1 0.0082995166805704349 1 0.0084532077861979738 1 0.0086068988918255127 1 0.0087605899974530516 1 0.0089142811030805905 1 0.0090679722087081294 1 0.0092216633143356666 1 0.0093753544199632055 1 0.0095290455255907444 1 0.0096827366312182833 1 0.0098364277368458222 1 0.0099901188424733611 1 0.0101438099481009 4
7 0 0  3 69 67  1.570796326794897 6.2831853071795862  1.5707950872747276 6.2571865083064706  1.5699488655701628 6.2056012472726021  1.5663499956366678 6.130020025754173  1.5606298871015092 6.0567588085467632  1.5529737101833283 5.9864680695872403  1.5435908824702838 5.919849385980303  1.532828355929525 5.8572013276405963  1.5209625616064371 5.7987468217276099  1.507989279498662 5.7434715258172497  1.4940652247778461 5.6913581694711386  1.4795293329506352 5.6429814315246389  1.4643472204040757 5.5977406392055586  1.4485749049241454 5.5553525930885836  1.4322440526461475 5.5154667207809114  1.415373417483947 5.4779864137830971  1.3980560012783205 5.4429108859770663  1.3803719273325212 5.4102129811498338  1.3624310985865657 5.3799022123631834  1.3442109275007819 5.3517227240151488  1.3257207807423135 5.3256241828247486  1.306972854227276 5.3015394484162268  1.2879800429612398 5.2794109422260052  1.2687564006642493 5.259184193077945  1.2493173483775879 5.2408090890924166  1.2296782291899169 5.2242409386329491  1.2098596587453954 5.2094327959833002  1.1898644661138291 5.1963636993940803  1.1697117532584582 5.1850469861153305  1.1494245581331788 5.1754851296016353  1.1290258970783467 5.1676799210322333  1.1085396900734861 5.1616297151319852  1.0879902757548581 5.157330086250461  1.0674026239027639 5.1547732263162809  1.0468011189049837 5.1539484138448897  1.0262133250950451 5.1548389215799792  1.0056598984556391 5.1574540958075232  0.98515823065085739 5.1618034018409835  0.96472628291045937 5.1678942072549239  0.94438140438326679 5.1757327661974006  0.92414069135125754 5.1853243091154493  0.90402022562780548 5.1966727571994911  0.88403728834130535 5.2097820536135684  0.86420183110611681 5.2246506027405779  0.84451237158874903 5.2413174286326116  0.82500018958836652 5.2598270668187439  0.8056876283405624 5.2802240045637738  0.78659781415303176 5.3025552454265439  0.76775216588702311 5.3268703117875384  0.74917012194852806 5.3532218657086172  0.73087231780537065 5.381664896492417  0.71286785430621025 5.4122591469647539  0.69524468969184661 5.4450190763228932  0.67802373325056098 5.4800897778118776  0.66123850615975766 5.5175927685722925  0.64488550337614836 5.5577498294120087  0.62913601339537939 5.6003404223890261  0.61403165036230201 5.6456309067727846  0.59961234042393585 5.6939145190155438  0.58589454459473933 5.7455354810623955  0.57298025063898916 5.8008074378660872  0.56109824939850239 5.8596802866960873  0.55045036889863452 5.9220964957608393  0.54118997182504314 5.9884601404954081  0.53365374642309837 6.0576974181447438  0.52800695837752087 6.1298046915786566  0.52443591424634473 6.2055857416066162  0.52359633095824321 6.2572563055047823  0.52359877559829626 6.2831853071795862 
 1.9697668334431301e-07 4 0.00015388808231088302 1 0.00030757918793842176 1 0.0004612702935659605 1 0.00061496139919349913 1 0.00076865250482103782 1 0.00092234361044857662 1 0.0010760347160761153 1 0.001229725821703654 1 0.0013834169273311927 1 0.0015371080329587314 1 0.0016907991385862701 1 0.001844490244213809 1 0.0019981813498413476 1 0.0021518724554688866 1 0.002305563561096425 1 0.0024592546667239639 1 0.0026129457723515028 1 0.0027666368779790413 1 0.0029203279836065802 1 0.0030740190892341187 1 0.0032277101948616576 1 0.0033814013004891961 1 0.003535092406116735 1 0.0036887835117442739 1 0.0038424746173718123 1 0.0039961657229993508 1 0.0041498568286268897 1 0.0043035479342544286 1 0.0044572390398819675 1 0.0046109301455095055 1 0.0047646212511370445 1 0.0049183123567645834 1 0.0050720034623921223 1 0.0052256945680196612 1 0.0053793856736471992 1 0.0055330767792747381 1 0.005686767884902277 1 0.0058404589905298159 1 0.005994150096157354 1 0.0061478412017848929 1 0.0063015323074124318 1 0.0064552234130399707 1 0.0066089145186675096 1 0.0067626056242950476 1 0.0069162967299225865 1 0.0070699878355501254 1 0.0072236789411776643 1 0.0073773700468052032 1 0.0075310611524327413 1 0.0076847522580602802 1 0.0078384433636878182 1 0.0079921344693153571 1 0.008145825574942896 1 0.0082995166805704349 1 0.0084532077861979738 1 0.0086068988918255127 1 0.0087605899974530516 1 0.0089142811030805905 1 0.0090679722087081294 1 0.0092216633143356666 1 0.0093753544199632055 1 0.0095290455255907444 1 0.0096827366312182833 1 0.0098364277368458222 1 0.0099901188424733611 1 0.0101438099481009 4
7 0 0  3 47 45  0.52359877559829626 6.2831853071795862  0.5235982607613523 6.2639476581571278  0.52313665005729038 6.2254136096033816  0.52111971638916221 6.1680608473836891  0.51783955551492211 6.1119944528850585  0.51334323059446219 6.0573052508130658  0.5077739595582258 6.0043554968968609  0.50128731657842529 5.9538751390484626  0.49388930005062565 5.9051074541729554  0.4857187300431996 5.8584000708302861  0.47692078418092704 5.8140747773313626  0.46756818882297929 5.7719514249978197  0.4576827009276353 5.7317715260963569  0.44730040721286707 5.6933464539773979  0.43646732227248231 5.6566511592358992  0.42523193580229557 5.6216474539314989  0.41364612004979845 5.5883134122423144  0.40176022904924991 5.556623377334585  0.38964257109330191 5.5265883221683429  0.37725663544525767 5.4979720793539464  0.36461080707904114 5.4707236372248715  0.35171139419381758 5.4447780536777737  0.33856906501638717 5.4200838779423286  0.3251831262071897 5.3965769619930741  0.31159807720953481 5.3742582461085746  0.29785528157318197 5.3531496730162234  0.28395210180031266 5.3332136512012331  0.26989826398677319 5.3144295742571446  0.25570074986262886 5.2967734939748476  0.24136783092226669 5.2802236517655192  0.22690798914191146 5.2647589827277015  0.21233013112732821 5.2503594912294123  0.19764372354698451 5.2370058418028105  0.18285793152879215 5.2246799382028151  0.16798480562761031 5.2133620964177583  0.15302725367607148 5.2030406516575454  0.13798434717810437 5.193717534198611  0.12286491811734619 5.1853867819336639  0.10767525033450781 5.1780442724395703  0.092423345187687578 5.1716854376795665  0.077114066887109756 5.1663045270809738  0.061791882030718767 5.1619077264967448  0.046434921684507975 5.1584862599893695  0.031030066017745491 5.1560379260067455  0.015561825053367366 5.154563531589746  0.0051976091231461163 5.1542343253387592  0 5.154233982611836 
 0.015158334229373601 4 0.015273433333374139 1 0.015388532437374678 1 0.015503631541375216 1 0.015618730645375755 1 0.015733829749376295 1 0.015848928853376833 1 0.015964027957377371 1 0.016079127061377908 1 0.01619422616537845 1 0.016309325269378987 1 0.016424424373379525 1 0.016539523477380063 1 0.016654622581380604 1 0.016769721685381142 1 0.01688482078938168 1 0.016999919893382218 1 0.017115018997382755 1 0.017230118101383297 1 0.017345217205383835 1 0.017460316309384372 1 0.017575415413384914 1 0.017690514517385451 1 0.017805613621385989 1 0.017920712725386527 1 0.018035811829387065 1 0.018150910933387606 1 0.018266010037388144 1 0.018381109141388682 1 0.018496208245389219 1 0.018611307349389761 1 0.018726406453390299 1 0.018841505557390836 1 0.018956604661391374 1 0.019071703765391912 1 0.019186802869392453 1 0.019301901973392991 1 0.019417001077393529 1 0.01953210018139407 1 0.019647199285394608 1 0.019762298389395146 1 0.019877397493395683 1 0.019992496597396221 1 0.020107595701396763 1 0.0202226948053973 4
1 0 1.9539925233402755e-14 0 1 
1 6.2831853071795862 1.9539925233402755e-14 0 1 
1 0 0 0 -1 
1 6.2831853071795862 0 0 -1 
1 -3.1415926535897931 -7.5 1 0 
1 3.1415926535897936 0 0 -1 
1 3.1415926535897936 0 0 -1 
1 -3.1415926535897931 0 1 0 
7 0 0  3 25 23  1.243420057225558 1.055277753717931  1.2493539663257485 1.0514209666840579  1.2611648167793337 1.0433546219196133  1.2786982117881083 1.0301839489518481  1.2960364440644343 1.0159296278051366  1.3131682977511707 1.0005779363155844  1.3300832838682928 0.98411402826107752  1.3467717361252862 0.96652164389346773  1.3632248342023714 0.94778297451853444  1.3794344417739683 0.92787860634934527  1.3953937202214355 0.90678734001772165  1.4110947897326882 0.88448682921037836  1.4265373931076406 0.86095153111043954  1.4416964725606509 0.83616112670846277  1.4565166074830436 0.8101234975293593  1.4709704328980544 0.78283912972442382  1.4850255887622563 0.75430985172203657  1.4986555751386899 0.72453006459331781  1.5118289615394815 0.69350758404225532  1.5245720120940891 0.66114663351985814  1.5368632837607425 0.62733023147153733  1.5486881064068674 0.59193528063306899  1.5600316211088467 0.55482613726172014  1.567264497570136 0.52884432131855696  1.570796326794897 0.51551857307693183 
 1.81367282050289e-06 4 0.00013889437976565233 1 0.00027597508671080176 1 0.00041305579365595119 1 0.00055013650060110062 1 0.0006872172075462501 1 0.00082429791449139948 1 0.00096137862143654885 1 0.0010984593283816983 1 0.0012355400353268478 1 0.0013726207422719973 1 0.0015097014492171466 1 0.001646782156162296 1 0.0017838628631074455 1 0.0019209435700525948 1 0.0020580242769977441 1 0.0021951049839428935 1 0.002332185690888043 1 0.0024692663978331925 1 0.002606347104778342 1 0.0027434278117234915 1 0.0028805085186686405 1 0.00301758922561379 4
7 0 0  3 25 23  0.52359877559829637 0.51551857307694215  0.52713156604368805 0.52884794888924047  0.53436587139492564 0.55483468601062058  0.54571000341174614 0.59194521159424229  0.55753387025176626 0.62733654678886397  0.56982257196200159 0.66114533926006891  0.58256135984754498 0.69349558762489383  0.59572884610287802 0.72450542426756925  0.60934891692293702 0.75426728056886028  0.62339308741385802 0.7827787742776624  0.63783736152470427 0.81004980567522933  0.65265162604910065 0.83608188093786096  0.66781302958004163 0.86088112440100528  0.68326264172442408 0.88443181706658602  0.69896896425129651 0.90674341279432658  0.71493346507353439 0.92784459331420543  0.7311478027466185 0.94775709083408644  0.74760526430558072 0.96650249280808598  0.76429768319864233 0.9841003271048635  0.78121625226087643 1.0005685830064204  0.79835130844832292 1.0159236752433571  0.81569237055125443 1.0301806033775687  0.83322823103743682 1.0433532354216493  0.84504048938661447 1.0514205457487771  0.85097504516763856 1.0552777537179399 
 2.9519504445265098e-07 4 0.00013650488826841934 1 0.000272714581492386 1 0.00040892427471635266 1 0.00054513396794031942 1 0.00068134366116428613 1 0.00081755335438825274 1 0.00095376304761221945 1 0.001089972740836186 1 0.0012261824340601528 1 0.0013623921272841195 1 0.0014986018205080862 1 0.0016348115137320527 1 0.0017710212069560194 1 0.0019072309001799861 1 0.0020434405934039532 1 0.0021796502866279197 1 0.0023158599798518862 1 0.0024520696730758532 1 0.0025882793662998197 1 0.0027244890595237866 1 0.0028606987527477531 1 0.00299690844597172 4
7 0 0  3 25 23  2.2906176084221594 1.055277753717931  2.2965515175223499 1.0514209666840606  2.3083623679759357 1.0433546219196188  2.3258957629847115 1.0301839489518529  2.3432339952610355 1.0159296278051426  2.3603658489477741 1.0005779363155907  2.3772808350648935 0.98411402826107508  2.3939692873218856 0.96652164389346873  2.4104223853989706 0.94778297451852866  2.4266319929705671 0.92787860634933361  2.4425912714180318 0.90678734001770545  2.4582923409292823 0.88448682921035504  2.4737349443042351 0.86095153111041223  2.4888940237572443 0.83616112670842813  2.5037141586796396 0.81012349752931923  2.5181679840946516 0.78283912972439806  2.5322231399588571 0.75430985172199827  2.5458531263352899 0.72453006459329605  2.5590265127360792 0.69350758404223001  2.5717695632906854 0.6611466335198477  2.5840608349573397 0.62733023147152589  2.5958856576034659 0.59193528063306533  2.6072291723054493 0.55482613726172247  2.6144620487667374 0.52884432131856307  2.617993877991498 0.51551857307693993 
 1.8136728205986401e-06 4 0.0001388943797657478 1 0.00027597508671089695 1 0.00041305579365604611 1 0.00055013650060119527 1 0.00068721720754634443 1 0.00082429791449149358 1 0.00096137862143664274 1 0.001098459328381792 1 0.0012355400353269411 1 0.0013726207422720903 1 0.0015097014492172396 1 0.0016467821561623886 1 0.0017838628631075377 1 0.001920943570052687 1 0.002058024276997836 1 0.0021951049839429851 1 0.0023321856908881341 1 0.0024692663978332832 1 0.0026063471047784326 1 0.0027434278117235817 1 0.0028805085186687307 1 0.0030175892256138798 4
7 0 0  3 25 23  1.570796326794897 0.51551857307693183  1.5743291172402885 0.52884794888923026  1.5815634225915263 0.55483468601061248  1.5929075546083482 0.59194521159423863  1.6047314214483663 0.62733654678885853  1.6170201231586019 0.66114533926006069  1.6297589110441451 0.69349558762488073  1.6429263972994794 0.72450542426755127  1.6565464681195385 0.75426728056884207  1.6705906386104614 0.78277877427765152  1.6850349127213065 0.81004980567522733  1.6998491772457067 0.83608188093785885  1.715010580776644 0.86088112440100584  1.7304601929210279 0.8844318170665908  1.7461665154478996 0.90674341279433479  1.7621310162701351 0.92784459331421976  1.7783453539432195 0.94775709083409676  1.7948028155021807 0.96650249280809919  1.8114952343952406 0.98410032710487416  1.8284138034574742 1.000568583006433  1.8455488596449205 1.0159236752433636  1.8628899217478507 1.0301806033775811  1.8804257822340347 1.0433532354216426  1.8922380405832127 1.0514205457487658  1.8981725963642362 1.0552777537179314 
 2.9519504443366299e-07 4 0.00013650488826839985 1 0.00027271458149236605 1 0.00040892427471633227 1 0.0005451339679402985 1 0.00068134366116426467 1 0.00081755335438823094 1 0.00095376304761219711 1 0.0010899727408361633 1 0.0012261824340601296 1 0.0013623921272840956 1 0.0014986018205080619 1 0.0016348115137320282 1 0.0017710212069559942 1 0.0019072309001799605 1 0.0020434405934039268 1 0.0021796502866278929 1 0.0023158599798518589 1 0.0024520696730758254 1 0.0025882793662997915 1 0.0027244890595237575 1 0.002860698752747724 1 0.0029969084459716901 4
7 0 0  3 25 23  3.337815159618756 1.0552777537179323  3.3436911723245903 1.0514586005380819  3.3553934282271127 1.0434642901415812  3.372787486059222 1.0303923916707589  3.3900120042224797 1.0162277814851923  3.4070574556049658 1.0009576840017074  3.4239154899398319 0.98456713965197062  3.44057618116467 0.96704594331219407  3.4570639639080958 0.94832984873951032  3.4733389702850461 0.92841969050318585  3.4893725572902241 0.90730936734687517  3.5051338090846254 0.88499925301699633  3.5206004509014104 0.8614766747334508  3.535728944309902 0.83677716537650615  3.5504910025100846 0.81090245157691965  3.5648825200127101 0.78380066092076384  3.5788942571462741 0.75542896860904396  3.5925201958306499 0.72573112383008531  3.6057530334182566 0.69466478321893865  3.6186366995162009 0.66197662924904765  3.6310910396747071 0.62772711747085397  3.6430583327477217 0.59193145529449431  3.6544793155591053 0.55461063321475634  3.661693482734389 0.52871700147090939  3.6651914291880887 0.51551857307694005 
 0.0014700022248071299 4 0.0016064262198096694 1 0.001742850214812209 1 0.0018792742098147487 1 0.0020156982048172879 1 0.0021521221998198276 1 0.0022885461948223672 1 0.0024249701898249069 1 0.0025613941848274466 1 0.0026978181798299862 1 0.0028342421748325255 1 0.0029706661698350647 1 0.0031070901648376044 1 0.003243514159840144 1 0.0033799381548426837 1 0.0035163621498452233 1 0.003652786144847763 1 0.0037892101398503027 1 0.0039256341348528423 1 0.0040620581298553811 1 0.0041984821248579208 1 0.0043349061198604604 1 0.0044713301148630001 4
7 0 0  3 25 23  2.617993877991498 0.51551857307693993  2.6214838586977209 0.52868825649490425  2.6287060213367641 0.55460588909568975  2.6401590173675089 0.59203906231213377  2.6521045187151207 0.62776589811480088  2.6644866616412552 0.66182079539872884  2.6773128120083989 0.69437260984108862  2.6905639158583146 0.72550518494529626  2.7042598947907828 0.7553549193555319  2.7183689814208791 0.78391586486432874  2.7328642256178424 0.81119977822977563  2.7477129001172975 0.8372098978793262  2.7628870141535469 0.86195050150403585  2.778331485513577 0.88542020012918765  2.794022070405132 0.90764314508005517  2.8099584163905993 0.92864684525146268  2.8261328485688693 0.948456171907753  2.8425387132156943 0.96709472186911127  2.8591681281278269 0.98458433259943456  2.8760125755642676 1.0009451962108822  2.8930627478025923 1.016195913200322  2.9103085719777084 1.030353607955687  2.9277392998667668 1.0434342187119103  2.9394752301486782 1.0514462989941575  2.9453701475608307 1.0552777537179321 
 0.019365723593035102 4 0.019502480682141492 1 0.019639237771247882 1 0.019775994860354276 1 0.019912751949460666 1 0.020049509038567056 1 0.020186266127673446 1 0.020323023216779836 1 0.020459780305886226 1 0.02059653739499262 1 0.02073329448409901 1 0.0208700515732054 1 0.021006808662311791 1 0.021143565751418181 1 0.021280322840524571 1 0.021417079929630965 1 0.021553837018737355 1 0.021690594107843745 1 0.021827351196950135 1 0.021964108286056525 1 0.022100865375162919 1 0.022237622464269309 1 0.022374379553375699 4
7 0 0  3 47 45  3.6651914291880887 6.2831853071795862  3.665190914351145 6.2639476581568845  3.6647293036470718 6.2254136096026675  3.6627123699788942 6.1680608473823071  3.6594322091045766 6.1119944528830432  3.6549358841840158 6.0573052508104501  3.6493666131476554 6.0043554968937256  3.6428799701677135 5.9538751390448352  3.6354819536397618 5.9051074541689239  3.6273113836321804 5.8584000708259172  3.6185134377697441 5.814074777326705  3.6091608424116242 5.7719514249928752  3.5992753545160912 5.731771526091145  3.5888930608011322 5.6933464539719587  3.578059975860552 5.6566511592302868  3.5668245893901718 5.6216474539257586  3.5552387736374782 5.5883134122364764  3.5433528826367349 5.5566233773286617  3.5312352246805832 5.5265883221623557  3.5188492890323366 5.4979720793479059  3.5062034606659118 5.4707236372187937  3.4933040477804753 5.4447780536716843  3.4801617186028282 5.4200838779362464  3.4667757797934078 5.3965769619870203  3.4531907307955327 5.374258246102559  3.4394479351589604 5.3531496730102788  3.4255447553858773 5.3332136511953845  3.4114909175721242 5.3144295742514229  3.3972934034477729 5.296773493969269  3.3829604845071994 5.2802236517601084  3.3685006427266404 5.2647589827224825  3.3539227847118496 5.2503594912243923  3.3392363771312987 5.2370058417980259  3.3244505851128983 5.2246799381982747  3.3095774592115044 5.213362096413479  3.2946199072597557 5.2030406516535486  3.2795770007615772 5.19371753419491  3.2644575717006066 5.1853867819302968  3.2492679039175583 5.1780442724364892  3.2340159987705497 5.1716854376770618  3.2187067204696937 5.1663045270781032  3.2033845356141613 5.1619077265100559  3.1880275752696936 5.1584862600218173  3.1726227196051564 5.1560379260515683  3.1571544786427879 5.154563531629317  3.1467902627130617 5.1542343253562182  3.1415926535897931 5.1542339826118422 
 0.015158334229508101 4 0.015273433333511074 1 0.015388532437514046 1 0.015503631541517019 1 0.015618730645519991 1 0.015733829749522966 1 0.015848928853525936 1 0.015964027957528909 1 0.016079127061531882 1 0.016194226165534856 1 0.016309325269537829 1 0.016424424373540799 1 0.016539523477543772 1 0.016654622581546746 1 0.016769721685549719 1 0.016884820789552692 1 0.016999919893555662 1 0.017115018997558636 1 0.017230118101561609 1 0.017345217205564582 1 0.017460316309567556 1 0.017575415413570529 1 0.017690514517573499 1 0.017805613621576472 1 0.017920712725579446 1 0.018035811829582419 1 0.018150910933585389 1 0.018266010037588362 1 0.018381109141591336 1 0.018496208245594309 1 0.018611307349597282 1 0.018726406453600256 1 0.018841505557603225 1 0.018956604661606199 1 0.019071703765609172 1 0.019186802869612146 1 0.019301901973615115 1 0.019417001077618089 1 0.019532100181621062 1 0.019647199285624035 1 0.019762298389627009 1 0.019877397493629982 1 0.019992496597632956 1 0.020107595701635925 1 0.020222694805638899 4
7 0 0  3 25 23  4.3850127108153512 1.0552777537179319  4.3909466199155407 1.0514209666840624  4.4027574703691261 1.0433546219196195  4.4202908653779005 1.0301839489518461  4.4376290976542263 1.0159296278051377  4.4547609513409636 1.0005779363155844  4.4716759374580866 0.98411402826107253  4.4883643897150778 0.96652164389346717  4.5048174877921632 0.94778297451853566  4.5210270953637623 0.92787860634933539  4.5369863738112288 0.90678734001771444  4.5526874433224798 0.88448682921037147  4.5681300466974335 0.86095153111042533  4.5832891261504454 0.83616112670843956  4.598109261072838 0.81012349752933577  4.6125630864878469 0.78283912972440761  4.6266182423520519 0.75430985172201204  4.6402482287284821 0.72453006459331004  4.6534216151292753 0.69350758404224577  4.6661646656838816 0.66114663351986158  4.6784559373505363 0.62733023147153721  4.6902807599966607 0.59193528063307022  4.7016242746986405 0.55482613726172081  4.7088571511599291 0.52884432131855752  4.7123889803846897 0.51551857307693238 
 1.81367282058632e-06 4 0.00013889437976573557 1 0.00027597508671088481 1 0.00041305579365603402 1 0.00055013650060118323 1 0.0006872172075463325 1 0.00082429791449148166 1 0.00096137862143663092 1 0.0010984593283817803 1 0.0012355400353269296 1 0.0013726207422720788 1 0.0015097014492172281 1 0.0016467821561623771 1 0.0017838628631075264 1 0.0019209435700526757 1 0.0020580242769978252 1 0.0021951049839429742 1 0.0023321856908881233 1 0.0024692663978332727 1 0.0026063471047784218 1 0.0027434278117235713 1 0.0028805085186687203 1 0.0030175892256138698 4
7 0 0  3 25 23  3.6651914291880887 0.51551857307694005  3.6687242196334817 0.52884794888923514  3.6759585249847224 0.55483468601061225  3.6873026570015432 0.59194521159423408  3.69912652384156 0.62733654678885498  3.7114152255517929 0.66114533926005969  3.7241540134373365 0.69349558762488195  3.7373214996926687 0.72450542426756404  3.7509415705127274 0.75426728056884795  3.7649857410036525 0.78277877427764941  3.7794300151145035 0.81004980567521312  3.7942442796389022 0.83608188093784253  3.8094056831698464 0.86088112440097764  3.8248552953142272 0.88443181706657215  3.8405616178410993 0.90674341279430859  3.8565261186633371 0.92784459331419067  3.8727404563364201 0.94775709083407766  3.8891979178953808 0.96650249280807421  3.9058903367884397 0.98410032710485829  3.9228089058506739 1.0005685830064179  3.9399439620381176 1.0159236752433511  3.9572850241410467 1.0301806033775709  3.9748208846272268 1.0433532354216402  3.9866331429764053 1.0514205457487678  3.9925676987574281 1.0552777537179341 
 2.9519504444231898e-07 4 0.00013650488826840858 1 0.00027271458149237483 1 0.00040892427471634106 1 0.00054513396794030728 1 0.00068134366116427356 1 0.00081755335438823973 1 0.000953763047612206 1 0.0010899727408361724 1 0.0012261824340601387 1 0.0013623921272841049 1 0.0014986018205080712 1 0.0016348115137320373 1 0.0017710212069560036 1 0.0019072309001799698 1 0.0020434405934039363 1 0.0021796502866279024 1 0.0023158599798518685 1 0.0024520696730758349 1 0.002588279366299801 1 0.0027244890595237675 1 0.0028606987527477336 1 0.0029969084459717001 4
7 0 0  3 69 67  4.7123889803846897 6.2831853071795862  4.7123877408645205 6.2571865083064715  4.7115415191599563 6.2056012472726039  4.7079426492264602 6.1300200257541686  4.7022225406913014 6.056758808546765  4.6945663637731219 5.9864680695872305  4.6851835360600784 5.9198493859803145  4.6744210095193157 5.8572013276406123  4.6625552151962308 5.798746821727609  4.6495819330884549 5.7434715258172497  4.6356578783676401 5.6913581694711395  4.6211219865404276 5.6429814315246567  4.6059398739938713 5.5977406392056022  4.5901675585139419 5.5553525930886369  4.5738367062359409 5.5154667207809318  4.5569660710737399 5.4779864137831007  4.5396486548681141 5.442910885977077  4.5219645809223152 5.4102129811498321  4.5040237521763586 5.3799022123631826  4.4858035810905736 5.3517227240151444  4.467313434332107 5.3256241828247433  4.4485655078170696 5.3015394484162242  4.4295726965510331 5.2794109422260123  4.4103490542540422 5.2591841930779397  4.3909100019673808 5.2408090890924104  4.3712708827797124 5.2242409386329527  4.3514523123351916 5.2094327959833109  4.3314571197036207 5.1963636993940767  4.3113044068482553 5.1850469861153323  4.2910172117229735 5.1754851296016513  4.2706185506681429 5.1676799210322431  4.2501323436632852 5.1616297151320127  4.2295829293446561 5.1573300862504778  4.2089952774925639 5.1547732263163084  4.1883937724947806 5.1539484138448941  4.1678059786848456 5.1548389215799855  4.147252552045436 5.1574540958075197  4.1267508842406544 5.1618034018409888  4.1063189365002524 5.1678942072549168  4.0859740579730612 5.1757327661974051  4.0657333449410498 5.1853243091154457  4.0456128792175967 5.1966727571994973  4.0256299419311015 5.2097820536135666  4.0057944846959099 5.224650602740577  3.9861050251785421 5.241317428632609  3.9665928431781605 5.2598270668187457  3.9472802819303596 5.2802240045637783  3.928190467742827 5.3025552454265457  3.9093448194768206 5.32687031178755  3.8907627755383247 5.3532218657086243  3.8724649713951678 5.3816648964924347  3.8544605078960106 5.4122591469647823  3.8368373432816441 5.4450190763229216  3.8196163868403583 5.480089777811874  3.8028311597495517 5.5175927685722899  3.786478156965944 5.5577498294119927  3.7707286669851734 5.6003404223890172  3.7556243039520982 5.6456309067727872  3.7412049940137266 5.6939145190155385  3.7274871981845346 5.7455354810623902  3.7145729042287843 5.800807437866081  3.7026909029882957 5.8596802866960758  3.6920430224884297 5.9220964957608428  3.682782625414839 5.9884601404954081  3.6752464000128913 6.0576974181447261  3.6695996119673211 6.129804691578661  3.6660285678361464 6.2055857416066065  3.6651889845480388 6.2572563055047761  3.6651914291880887 6.2831853071795862 
 1.96976683345772e-07 4 0.00015388808231088445 1 0.00030757918793842317 1 0.00046127029356596186 1 0.00061496139919350054 1 0.00076865250482103923 1 0.00092234361044857792 1 0.0010760347160761166 1 0.0012297258217036553 1 0.001383416927331194 1 0.0015371080329587327 1 0.0016907991385862714 1 0.00184449024421381 1 0.0019981813498413489 1 0.0021518724554688874 1 0.0023055635610964259 1 0.0024592546667239648 1 0.0026129457723515037 1 0.0027666368779790422 1 0.0029203279836065806 1 0.0030740190892341195 1 0.0032277101948616584 1 0.0033814013004891969 1 0.0035350924061167354 1 0.0036887835117442743 1 0.0038424746173718132 1 0.0039961657229993517 1 0.0041498568286268897 1 0.0043035479342544286 1 0.0044572390398819675 1 0.0046109301455095055 1 0.0047646212511370445 1 0.0049183123567645834 1 0.0050720034623921223 1 0.0052256945680196612 1 0.0053793856736471992 1 0.0055330767792747381 1 0.005686767884902277 1 0.005840458990529815 1 0.005994150096157354 1 0.0061478412017848929 1 0.0063015323074124318 1 0.0064552234130399707 1 0.0066089145186675087 1 0.0067626056242950476 1 0.0069162967299225865 1 0.0070699878355501245 1 0.0072236789411776635 1 0.0073773700468052024 1 0.0075310611524327413 1 0.0076847522580602802 1 0.0078384433636878199 1 0.0079921344693153588 1 0.008145825574942896 1 0.0082995166805704349 1 0.0084532077861979738 1 0.0086068988918255127 1 0.0087605899974530516 1 0.0089142811030805905 1 0.0090679722087081294 1 0.0092216633143356666 1 0.0093753544199632055 1 0.0095290455255907444 1 0.0096827366312182833 1 0.0098364277368458222 1 0.0099901188424733611 1 0.0101438099481009 4
7 0 0  3 25 23  5.4322102620119495 1.0552777537179419  5.4381441711121408 1.0514209666840697  5.4499550215657262 1.0433546219196255  5.4674884165745041 1.0301839489518578  5.4848266488508282 1.015929627805144  5.5019585025375699 1.0005779363155891  5.5188734886546849 0.98411402826107941  5.5355619409116814 0.96652164389346706  5.552015038988765 0.94778297451853755  5.5682246465603589 0.92787860634933683  5.5841839250078253 0.90678734001771399  5.5998849945190798 0.88448682921037225  5.6153275978940265 0.86095153111042311  5.6304866773470392 0.83616112670844644  5.6453068122694319 0.81012349752934176  5.6597606376844469 0.78283912972442216  5.6738157935486484 0.75430985172202436  5.687445779925083 0.72453006459331171  5.700619166325871 0.69350758404223922  5.7133622168804781 0.66114663351984759  5.7256534885471311 0.62733023147152722  5.7374783111932537 0.59193528063306289  5.748821825895237 0.55482613726171903  5.7560547023565283 0.52884432131856263  5.7595865315812906 0.51551857307694215 
 1.8136728205986401e-06 4 0.00013889437976574687 1 0.00027597508671089511 1 0.00041305579365604335 1 0.00055013650060119158 1 0.00068721720754633976 1 0.00082429791449148805 1 0.00096137862143663635 1 0.0010984593283817846 1 0.0012355400353269328 1 0.001372620742272081 1 0.0015097014492172294 1 0.0016467821561623776 1 0.0017838628631075258 1 0.0019209435700526742 1 0.0020580242769978221 1 0.0021951049839429703 1 0.0023321856908881185 1 0.0024692663978332667 1 0.0026063471047784149 1 0.002743427811723563 1 0.0028805085186687117 1 0.0030175892256138598 4
7 0 0  3 25 23  4.7123889803846897 0.51551857307693238  4.7159217708300805 0.52884794888923115  4.7231560761813185 0.5548346860106137  4.7345002081981367 0.59194521159423918  4.7463240750381539 0.62733654678885986  4.7586127767483877 0.66114533926006613  4.77135156463393 0.69349558762488228  4.7845190508892674 0.72450542426755349  4.7981391217093305 0.75426728056884262  4.8121832922002516 0.78277877427764286  4.8266275663110996 0.81004980567521245  4.8414418308354961 0.8360818809378362  4.8566032343664371 0.86088112440097708  4.8720528465108188 0.88443181706657104  4.8877591690376914 0.90674341279430548  4.903723669859926 0.92784459331419744  4.9199380075330117 0.94775709083407389  4.9363954690919716 0.96650249280808309  4.9530878879850322 0.98410032710486739  4.9700064570472664 1.0005685830064242  4.9871415132347128 1.0159236752433631  5.0044825753376418 1.0301806033775727  5.0220184358238278 1.0433532354216426  5.0338306941730053 1.0514205457487671  5.0397652499540291 1.0552777537179316 
 2.9519504444203798e-07 4 0.00013650488826840742 1 0.00027271458149237283 1 0.00040892427471633818 1 0.00054513396794030359 1 0.000681343661164269 1 0.0008175533543882343 1 0.00095376304761219971 1 0.001089972740836165 1 0.0012261824340601304 1 0.0013623921272840958 1 0.0014986018205080612 1 0.0016348115137320264 1 0.0017710212069559919 1 0.0019072309001799573 1 0.0020434405934039229 1 0.0021796502866278881 1 0.0023158599798518533 1 0.0024520696730758189 1 0.0025882793662997841 1 0.0027244890595237497 1 0.0028606987527477149 1 0.0029969084459716801 4
7 0 0  3 69 67  5.7595865315812906 6.2831853071795862  5.7595852920611215 6.2571865083064715  5.7587390703565564 6.2056012472726012  5.7551402004230603 6.1300200257541668  5.7494200918879024 6.0567588085467658  5.7417639149697184 5.9864680695872288  5.7323810872566749 5.919849385980319  5.7216185607159176 5.8572013276405981  5.7097527663928291 5.7987468217276117  5.6967794842850514 5.7434715258172613  5.682855429564234 5.6913581694711599  5.6683195377370268 5.6429814315246487  5.6531374251904722 5.5977406392055657  5.6373651097105402 5.5553525930885845  5.6210342574325436 5.5154667207809096  5.6041636222703399 5.4779864137831051  5.5868462060647079 5.4429108859770716  5.5691621321189144 5.4102129811498463  5.5512213033729569 5.3799022123631879  5.5330011322871737 5.3517227240151408  5.5145109855287062 5.3256241828247415  5.4957630590136679 5.3015394484162188  5.4767702477476305 5.2794109422259998  5.4575466054506423 5.2591841930779486  5.4381075531639791 5.2408090890924157  5.418468433976309 5.2242409386329483  5.3986498635317908 5.209432795983294  5.3786546709002234 5.1963636993940634  5.3585019580448527 5.1850469861153154  5.3382147629195735 5.1754851296016149  5.317816101864743 5.1676799210322129  5.2973298948598817 5.1616297151319754  5.276780480541257 5.1573300862504414  5.2561928286891595 5.1547732263162827  5.2355913236913807 5.1539484138448861  5.2150035298814421 5.1548389215799757  5.1944501032420325 5.1574540958075179  5.1739484354372527 5.1618034018409924  5.1535164876968542 5.1678942072549292  5.1331716091696622 5.1757327661974042  5.1129308961376498 5.1853243091154662  5.0928104304142003 5.1966727571995062  5.0728274931277024 5.2097820536135817  5.0529920358925109 5.2246506027405948  5.033302576375144 5.2413174286326258  5.0137903943747615 5.2598270668187501  4.9944778331269584 5.2802240045637756  4.9753880189394248 5.302555245426535  4.9565423706734162 5.3268703117875287  4.9379603267349204 5.3532218657086039  4.9196625225917616 5.3816648964924019  4.9016580590926013 5.4122591469647521  4.8840348944782388 5.4450190763228843  4.8668139380369553 5.4800897778118607  4.8500287109461508 5.5175927685722836  4.8336757081625406 5.5577498294119838  4.8179262181817757 5.6003404223890234  4.8028218551486974 5.645630906772773  4.7884025452103307 5.693914519015534  4.7746847493811391 5.7455354810623946  4.7617704554253839 5.800807437866073  4.7498884541848989 5.8596802866960775  4.7392405736850236 5.9220964957608153  4.7299801766114369 5.9884601404954116  4.7224439512094873 6.057697418144711  4.716797163163915 6.1298046915786548  4.7132261190327398 6.2055857416066003  4.7123865357446366 6.2572563055047716  4.7123889803846897 6.2831853071795862 
 1.9697668334793299e-07 4 0.0001538880823108866 1 0.00030757918793842523 1 0.00046127029356596386 1 0.0006149613991935026 1 0.00076865250482104129 1 0.00092234361044857987 1 0.0010760347160761186 1 0.0012297258217036572 1 0.0013834169273311959 1 0.0015371080329587346 1 0.0016907991385862733 1 0.0018444902442138118 1 0.0019981813498413507 1 0.0021518724554688892 1 0.0023055635610964281 1 0.0024592546667239665 1 0.002612945772351505 1 0.0027666368779790439 1 0.0029203279836065824 1 0.0030740190892341213 1 0.0032277101948616597 1 0.0033814013004891987 1 0.0035350924061167371 1 0.0036887835117442756 1 0.0038424746173718145 1 0.0039961657229993534 1 0.0041498568286268914 1 0.0043035479342544303 1 0.0044572390398819692 1 0.0046109301455095082 1 0.0047646212511370462 1 0.0049183123567645851 1 0.005072003462392124 1 0.005225694568019662 1 0.0053793856736472009 1 0.0055330767792747398 1 0.0056867678849022787 1 0.0058404589905298168 1 0.0059941500961573557 1 0.0061478412017848946 1 0.0063015323074124326 1 0.0064552234130399715 1 0.0066089145186675104 1 0.0067626056242950493 1 0.0069162967299225874 1 0.0070699878355501263 1 0.0072236789411776652 1 0.0073773700468052032 1 0.0075310611524327421 1 0.007684752258060281 1 0.0078384433636878199 1 0.0079921344693153588 1 0.0081458255749428977 1 0.0082995166805704349 1 0.0084532077861979738 1 0.0086068988918255127 1 0.0087605899974530516 1 0.0089142811030805905 1 0.0090679722087081294 1 0.0092216633143356683 1 0.0093753544199632055 1 0.0095290455255907444 1 0.0096827366312182833 1 0.0098364277368458222 1 0.0099901188424733611 1 0.0101438099481009 4
7 0 0  3 25 23  0.19622250602896327 1.0552777537179365  0.20209851873479714 1.0514586005380846  0.21380077463732083 1.0434642901415836  0.23119483246942985 1.0303923916707656  0.24841935063268605 1.0162277814851957  0.2654648020151737 1.0009576840017145  0.2823228363500393 0.98456713965197129  0.29898352757487895 0.96704594331219751  0.31547131031830383 0.94832984873951454  0.3317463166952534 0.92841969050319106  0.34777990370043332 0.90730936734687739  0.36354115549483268 0.884999253017002  0.37900779731161854 0.86147667473345468  0.39413629072011042 0.83677716537651281  0.40889834892029253 0.81090245157692187  0.42328986642291894 0.78380066092077461  0.4373016035564829 0.75542896860904607  0.45092754224085568 0.72573112383009464  0.46416037982846636 0.69466478321894387  0.4770440459264077 0.66197662924905576  0.48949838608491014 0.6277271174708613  0.50146567915792761 0.59193145529450486  0.51288666196930877 0.55461063321476556  0.52010082914459488 0.5287170014709146  0.52359877559829637 0.51551857307694215 
 0.0014700022248071501 4 0.0016064262198096898 1 0.0017428502148122292 1 0.0018792742098147686 1 0.0020156982048173083 1 0.002152122199819848 1 0.0022885461948223872 1 0.0024249701898249269 1 0.0025613941848274665 1 0.0026978181798300062 1 0.0028342421748325458 1 0.0029706661698350851 1 0.0031070901648376247 1 0.0032435141598401644 1 0.0033799381548427036 1 0.0035163621498452433 1 0.003652786144847783 1 0.0037892101398503226 1 0.0039256341348528623 1 0.0040620581298554011 1 0.0041984821248579416 1 0.0043349061198604804 1 0.0044713301148630201 4
7 0 0  3 25 23  5.7595865315812906 0.51551857307694215  5.7630765122875127 0.52868825649490525  5.770298674926555 0.55460588909569097  5.7817516709573029 0.59203906231213865  5.7936971723049089 0.62776589811479844  5.806079315231047 0.66182079539873528  5.8189054655981955 0.69437260984110971  5.832156569448113 0.72550518494530869  5.8458525483805834 0.75535491935554933  5.8599616350106754 0.78391586486433962  5.8744568792076421 0.81119977822979472  5.8893055537070929 0.83720989787933753  5.9044796677433418 0.86195050150403885  5.9199241391033732 0.88542020012919975  5.9356147239949237 0.90764314508005606  5.9515510699803933 0.92864684525147034  5.9677255021586593 0.94845617190775333  5.9841313668054834 0.9670947218691115  6.0007607817176174 0.98458433259943745  6.0176052291540536 1.0009451962108791  6.0346554013923823 1.0161959132003249  6.0519012255674962 1.0303536079556872  6.0693319534565564 1.0434342187119123  6.0810678837384708 1.0514462989941606  6.0869628011506238 1.0552777537179359 
 0.019365723593035102 4 0.019502480682141492 1 0.019639237771247882 1 0.019775994860354276 1 0.019912751949460666 1 0.020049509038567056 1 0.020186266127673446 1 0.020323023216779836 1 0.020459780305886226 1 0.02059653739499262 1 0.02073329448409901 1 0.0208700515732054 1 0.021006808662311791 1 0.021143565751418181 1 0.021280322840524571 1 0.021417079929630965 1 0.021553837018737355 1 0.021690594107843745 1 0.021827351196950135 1 0.021964108286056525 1 0.022100865375162919 1 0.022237622464269309 1 0.022374379553375699 4
7 0 0  3 47 45  6.2831853071795862 5.154233982611836  6.2780200542128641 5.1542339291312258  6.2676920505624745 5.1545573789325889  6.2522152227724748 5.1560175961243955  6.2367612678889923 5.1584574534297909  6.2213377957871927 5.1618807594962988  6.205952334004996 5.166290926466468  6.1906122940945734 5.1716909620081735  6.17532497571605 5.1780835231607041  6.1600974611526542 5.1854709856165435  6.1449369159484295 5.1938552477316176  6.1298493809294587 5.2032384350328265  6.114844199527707 5.2136201198678691  6.099917420046431 5.225007429339307  6.0850734000254247 5.2374209608219449  6.0703291694115302 5.2508725906068721  6.0556978027415482 5.2653759091813468  6.0411928247042637 5.2809437072523107  6.0268269831462007 5.2975889149967497  6.0126125470812495 5.3153245632864365  5.9985611666038166 5.3341640646648498  5.9846839902676994 5.3541210269480173  5.970991221035165 5.3752104195966046  5.9574936906258174 5.3974445647653528  5.9441969512415422 5.4208482059808532  5.931105866344204 5.4454913676710062  5.9182295762183799 5.4714368398299618  5.905574573994941 5.4987573156489518  5.8931500661612439 5.527523733944065  5.8809535188318129 5.5578336260439238  5.8690659672088366 5.5896019880994894  5.8575144086911255 5.6229219436449283  5.8463280271384326 5.6578799370777197  5.8355354011480634 5.6945678398420387  5.8251560893331655 5.7331201696318015  5.8152376571036379 5.7735526490847224  5.8058732682079075 5.8158389090896447  5.7971243658886245 5.8600987415170884  5.7890563463193079 5.9064523904966366  5.7817367058376741 5.9550105944334257  5.77520982034493 6.006064107415269  5.7697188393489709 6.0585155012646892  5.7652951844121914 6.1127626824265766  5.7620211959649863 6.1689618618156601  5.760038514908949 6.225857660458642  5.7595866356832506 6.2640861123131044  5.7595865315812906 6.2831853071795871 
 1.09110284001117e-17 4 0.00011438280141600088 1 0.00022876560283199086 1 0.00034314840424798078 1 0.00045753120566397078 1 0.00057191400707996083 1 0.00068629680849595072 1 0.00080067960991194072 1 0.00091506241132793072 1 0.0010294452127439205 1 0.0011438280141599106 1 0.0012582108155759005 1 0.0013725936169918904 1 0.0014869764184078805 1 0.0016013592198238704 1 0.0017157420212398605 1 0.0018301248226558504 1 0.0019445076240718403 1 0.0020588904254878302 1 0.0021732732269038203 1 0.0022876560283198104 1 0.0024020388297358 1 0.0025164216311517901 1 0.0026308044325677802 1 0.0027451872339837699 1 0.00285957003539976 1 0.0029739528368157501 1 0.0030883356382317402 1 0.0032027184396477299 1 0.00331710124106372 1 0.0034314840424797101 1 0.0035458668438956998 1 0.0036602496453116899 1 0.00377463244672768 1 0.0038890152481436697 1 0.0040033980495596602 1 0.0041177808509756499 1 0.0042321636523916404 1 0.0043465464538076301 1 0.0044609292552236198 1 0.0045753120566396103 1 0.0046896948580556 1 0.0048040776594715897 1 0.0049184604608875802 1 0.0050328432623035699 4
1 -8.3266726846886741e-17 1.0552777537179345 1 -1.6956376008646735e-15 
1 2.2204460492503131e-16 1.0552777537179348 1 -1.0173825605187992e-15 
1 0 1.0552777537179325 1 3.39127520172937e-16 
1 0 1.055277753717931 1 6.7825504034587262e-16 
1 0 1.0552777537179343 1 0 
1 0 1.0552777537179399 1 -1.0173825605188055e-15 
1 6.2831853071795862 4.7123889803847128 -1 -1.130863886742584e-15 
1 -4.4408920985006262e-16 4.712388980384695 1 0 
1 3.1415926535897931 -7.5 1 0 
1 -4.4408920985006262e-16 1.5707963267948735 1 1.1308638867425836e-15 
1 3.1415926535897931 0 1 0 
1 0 0 0 -1 
1 6.2831853071795862 0 0 -1 
1 6.2831853071795862 -62 -1 0 
1 3.1415926535897931 0 0 -1 
1 3.1415926535897931 0 0 -1 
1 6.2831853071795862 0 -1 0 
1 -3.1415926535897931 0.56253624454385642 1 0 
1 -3.1415926535897931 1.4033482475752073 1 0 
1 3.1415926535897931 -3.1415926535897931 0 1 
1 3.1415926535897931 -3.1415926535897931 0 1 
1 -3.1415926535897931 1.5707963267948966 1 0 
1 0 -4.7123889803846897 0 1 
1 6.2831853071795862 -4.7123889803846897 0 1 
1 3.1415926535897931 4.7123889803846897 -1 0 
1 3.1415926535897931 3.1415926535897931 0 1 
1 3.1415926535897931 3.1415926535897931 0 1 
1 -3.1415926535897931 5.7206490626357294 1 0 
1 6.2831853071795862 1.4033482475752073 -1 0 
1 0 1.5707963267948966 0 1 
1 6.2831853071795862 1.5707963267948966 0 1 
1 6.2831853071795862 0 -1 0 
1 9.4247779607693793 -23.664319132398465 -1 0 
1 3.1415926535897931 0 0 1 
1 3.1415926535897931 0 0 1 
1 0 -1.5707963267948966 0 1 
1 6.2831853071795862 -1.5707963267948966 0 1 
1 6.2831853071795862 0 -1 0 
1 0 -24.335680867601535 1 0 
1 3.1415926535897931 -3.1415926535897931 0 1 
1 3.1415926535897931 -3.1415926535897931 0 1 
1 0 -4.7123889803846897 0 1 
1 6.2831853071795862 -4.7123889803846897 0 1 
1 3.1415926535897931 0 0 -1 
1 3.1415926535897931 0 0 -1 
1 6.2831853071795862 0 0 -1 
1 0 0 0 -1 
1 3.1415926535897931 -23.664319132398465 -1 0 
1 6.2831853071795862 0 -1 0 
1 0 -24.335680867601535 1 0 
1 6.2831853071795862 0 -1 0 
1 3.1415926535897931 1.5707963267948966 1 0 
1 6.2831853071795862 0 -1 0 
1 9.4247779607693793 4.7123889803846897 -1 0 
1 6.2831853071795862 -62 -1 0 
1 3.1415926535897931 1.4033482475752077 1 0 
1 3.1415926535897931 0.56253624454385642 1 0 
1 6.2831853071795862 1.4033482475752073 -1 0 
1 3.1415926535897931 5.7206490626357294 1 0 
1 0 0 0 -1 
1 6.2831853071795862 0 0 -1 
1 6.2831853071795862 -26 -1 0 
1 3.1415926535897931 0 0 -1 
1 3.1415926535897931 0 0 -1 
1 6.2831853071795862 -23 -1 0 
1 4.712388980384695 34.193495504995312 0 -1 
1 4.7123889803847012 -36.999999999999901 0 1 
1 6.2831853071795862 -39.999999999999893 0 -1 
1 4.7123889803846897 -52.999999999999993 -1 0 
1 0 0 0 1 
1 10.995574287564276 68.334666688000695 -1 0 
1 0.87266462599717054 0 0 -1 
1 0.87266462599717054 0 0 1 
1 2.4434609527920679 0 0 -1 
1 3.8397243543875512 0 0 -1 
1 5.4105206811824154 26 0 1 
1 0.87266462599716521 0 0 1 
1 1.5707963267948966 0 0 -1 
1 4.7123889803846897 0 0 -1 
1 5.5199457090684678 26 0 1 
1 0.76323959811111874 0 0 1 
1 1.9581913678511715 0 0 -1 
1 1.9581913678511726 0 0 1 
1 4.7123889803846897 21 0 -1 
1 -1.5707963267948966 -45 1 0 
1 3.1415926535897931 0 0 -1 
1 -1.5707963267948988 41.665333311999305 1 0 
1 4.7123889803846888 -23.97424986691664 0 1 
1 3.1415926535897931 24 0 1 
1 3.1415926535897931 -23 -1 0 
1 3.1415926535897931 -26 -1 0 
1 3.1415926535897931 -23 -1 0 
1 3.1415926535897931 -26 -1 0 
1 3.1415926535897931 -23 -1 0 
1 3.1415926535897931 -26 -1 0 
1 3.1415926535897927 -23 -1 0 
1 3.1415926535897927 -26 -1 0 
1 3.1415926535897891 -23 -1 0 
1 3.1415926535897891 -26 -1 0 
7 0 0  3 25 23  4.712388980384695 35.637405316496022  4.6972335145276176 35.599517864727602  4.666736915387121 35.523274125377817  4.6204768131866327 35.40786585898956  4.5737421452762934 35.291770757431323  4.5265776129688984 35.175372740482437  4.4790303465926158 35.059069890314504  4.4311500566232045 34.943273303879025  4.3829886563342244 34.828401973579901  4.3345999796160193 34.714878291277707  4.2860394317760155 34.603123069590197  4.2373636229443052 34.493550518762852  4.1886299780532363 34.386563215077125  4.1398963331621621 34.282547209866799  4.0912205243304651 34.18186739687134  4.0426599764904481 34.084863255182476  3.9942712997722447 33.991845073996004  3.9461098994832646 33.903090736166071  3.8982296095138476 33.818843165913187  3.8506823431375774 33.739308342101268  3.8035178108301713 33.664654432651716  3.7567831429198462 33.595010053581746  3.7105230407193388 33.530469072113689  3.6800264415788431 33.490872445013721  3.6648709757217754 33.471941351374525 
 4.7123889803846897 4 4.760003435142095 1 4.8076178898995003 1 4.8552323446569057 1 4.9028467994143119 1 4.9504612541717172 1 4.9980757089291226 1 5.0456901636865279 1 5.0933046184439332 1 5.1409190732013386 1 5.1885335279587439 1 5.2361479827161492 1 5.2837624374735555 1 5.3313768922309608 1 5.3789913469883661 1 5.4266058017457715 1 5.4742202565031768 1 5.5218347112605821 1 5.5694491660179875 1 5.6170636207753937 1 5.664678075532799 1 5.7122925302902043 1 5.7599069850476097 4
7 0 0  3 25 23  0.52327832213197589 31.16504965861618  0.53297986091286431 31.152929903210104  0.55242945969087009 31.12801917420316  0.58173157828784594 31.088667035711943  0.61114969175131595 31.047354252338476  0.64067166272444387 31.004113957448695  0.67028511861451578 30.958984314396805  0.69997744114167437 30.912009153560199  0.72973580796005277 30.863237665814033  0.75954722206550196 30.812724300560504  0.78939854597054915 30.7605285615412  0.81927653583366356 30.706714784105216  0.84916787655460824 30.651351873584019  0.87905921727556557 30.594513012869037  0.90893720713867332 30.536275340202884  0.93878853104372484 30.476719600581884  0.96859994514917358 30.415929773961604  0.99835831196754998 30.353992683870963  1.02805063449471 30.290997590247436  1.0576640903847836 30.227035770366371  1.0871860613579114 30.162200092220328  1.1166041748213891 30.096584583252536  1.1459062934183593 30.030284002823304  1.165355892196366 29.985690271676692  1.1750574309772579 29.963310898497184 
 3.6648709757217701 4 3.6944972988511009 1 3.7241236219804321 1 3.7537499451097629 1 3.7833762682390937 1 3.8130025913684249 1 3.8426289144977557 1 3.8722552376270865 1 3.9018815607564177 1 3.9315078838857485 1 3.9611342070150792 1 3.99076053014441 1 4.0203868532737408 1 4.0500131764030725 1 4.0796394995324032 1 4.109265822661734 1 4.1388921457910648 1 4.1685184689203956 1 4.1981447920497263 1 4.227771115179058 1 4.2573974383083888 1 4.2870237614377196 1 4.3166500845670503 4
1 4.7123889803846897 26 0 1 
1 4.7123889803846897 0 0 -1 
1 7.8539816339744828 -39.999999999999886 -1 -4.5234555469703682e-15 
7 0 0  3 25 23  5.7599069850476079 -26.606797679545526  5.7447515191905358 -26.625728773184715  5.7142549200500383 -26.665325400284662  5.6679948178495421 -26.729866381752757  5.6212601499392161 -26.79951076082272  5.5740956176318139 -26.874164670272265  5.5265483512555358 -26.953699494084148  5.4786680612861272 -27.037947064337082  5.4305066609971409 -27.126701402167008  5.3821179842789366 -27.219719583353466  5.3335574364389311 -27.31672372504234  5.2848816276072208 -27.417403538037771  5.2361479827161519 -27.521419543248122  5.1874143378250839 -27.628406846933832  5.1387385289933736 -27.737979397761201  5.0901779811533707 -27.849734619448682  5.041789304435162 -27.963258301750908  4.9936279041461793 -28.078129632050018  4.9457476141767716 -28.193926218485519  4.8982003478004872 -28.310229068653435  4.851035815493093 -28.426627085602338  4.8043011475827555 -28.54272218716056  4.7580410453822619 -28.658130453548811  4.7275444462417653 -28.734374192898599  4.7123889803846906 -28.772261644667029 
 3.6648709757217701 4 3.7124854304791755 1 3.7600998852365808 1 3.8077143399939866 1 3.8553287947513919 1 3.9029432495087972 1 3.9505577042662026 1 3.9981721590236083 1 4.0457866137810132 1 4.0934010685384195 1 4.1410155232958248 1 4.1886299780532301 1 4.2362444328106355 1 4.2838588875680408 1 4.3314733423254461 1 4.3790877970828515 1 4.4267022518402568 1 4.4743167065976621 1 4.5219311613550683 1 4.5695456161124737 1 4.617160070869879 1 4.6647745256272843 1 4.7123889803846897 4
1 1.5707963267948966 24 1 0 
1 3.1415926535897931 6.6653333119992979 0 -1 
1 1.5707963267948966 0 0 -1 
1 0 4.7123889803846852 1 9.5781624067275294e-16 
1 1.5707963267948943 41.665333311999305 0 1 
1 6.2831853071795862 26 -1 0 
1 6.283185307179588 26 -1 0 
1 3.1415926535897931 15.334666688000702 0 1 
1 6.2831853071795862 4.7123889803846897 -1 0 
1 6.2831853071795862 -23 -1 0 
1 9.4247779607693811 13 -1 0 
1 5.639684198386302 0 0 -1 
1 2.4980915447965089 0 0 -1 
1 6.2831853071795862 23 -1 0 
1 0 6.2831853071795862 1 0 
7 0 0  3 25 23  4.7123889803846897 12.613559896324297  4.7139318385530116 12.625090392615016  4.7170219302955809 12.647635033341519  4.721670263788817 12.679905352102766  4.7263318621086263 12.710631441760999  4.7310067967026974 12.73981571557975  4.7356951406517389 12.76746058668113  4.7403969688879188 12.793568468714835  4.7451123581487336 12.818141773361674  4.7498413869000959 12.841182919650524  4.7545841356436513 12.862694299186661  4.7593406857146219 12.882678405922062  4.7641111237296894 12.901137351844987  4.7688955249407687 12.918074674452289  4.7736941356029003 12.933475468663586  4.7785072175002803 12.947323403889676  4.7833350312621148 12.959602531505304  4.7881778407731082 12.97029680053835  4.7930359119283823 12.979390187440398  4.7979095129075233 12.986866661314853  4.8027989140188101 12.99271019323413  4.8077043877344483 12.996904753742999  4.812626208381932 12.999434313527633  4.8159185048005773 13  4.817567469718508 13 
 0 4 9.7173526279470916e-05 1 0.00019434705255894183 1 0.00029152057883841272 1 0.00038869410511788367 1 0.00048586763139735461 1 0.00058304115767682544 1 0.00068021468395629639 1 0.00077738821023576733 1 0.00087456173651523827 1 0.00097173526279470922 1 0.0010689087890741801 1 0.0011660823153536509 1 0.0012632558416331219 1 0.0013604293679125928 1 0.0014576028941920638 1 0.0015547764204715347 1 0.0016519499467510055 1 0.0017491234730304765 1 0.0018462969993099474 1 0.0019434705255894184 1 0.0020406440518688893 1 0.0021378175781483601 4
7 0 0  3 25 23  1.1750574309772579 29.963310898497184  1.1810396873214304 29.94951115688114  1.1929906030080959 29.92200019209519  1.2108822465695719 29.881002988912698  1.2287452091002415 29.840278718388106  1.2465855818836344 29.799831069170835  1.2644094682002442 29.759663729954916  1.2822229759673771 29.71978038926795  1.3000322045558868 29.680184736258916  1.3178432328800727 29.64088045775738  1.3356621088184883 29.601871249249402  1.3534948322707656 29.563160773914486  1.3713473622109882 29.524752815501561  1.3892255336380612 29.486650707788876  1.4071351516987323 29.448857107340995  1.4250822538460068 29.411375120692757  1.4430730272636874 29.374207733809975  1.4611138158617443 29.337357964964706  1.4792111027086967 29.300828823772733  1.4973714985949391 29.264623322169051  1.5156017276433491 29.22874447146749  1.5339086151225265 29.193195283148114  1.5522990654005147 29.157978768646526  1.5646197368469055 29.134724882489046  1.570796326794891 29.123154388861884 
 0 4 9.7173526279470916e-05 1 0.00019434705255894183 1 0.00029152057883841272 1 0.00038869410511788367 1 0.00048586763139735461 1 0.00058304115767682544 1 0.00068021468395629639 1 0.00077738821023576733 1 0.00087456173651523827 1 0.00097173526279470922 1 0.0010689087890741801 1 0.0011660823153536509 1 0.0012632558416331219 1 0.0013604293679125928 1 0.0014576028941920638 1 0.0015547764204715347 1 0.0016519499467510055 1 0.0017491234730304765 1 0.0018462969993099474 1 0.0019434705255894184 1 0.0020406440518688893 1 0.0021378175781483601 4
1 -1.1102230246251565e-15 23 1 0 
1 6.2831853071795871 3.1415926535897931 -1 -9.5781624067275294e-16 
7 0 0  3 25 23  1.587184502713118 10.498612267447903  1.5869361997960463 10.490851135983688  1.5864395932040958 10.475331622560601  1.5856946812494159 10.452060620375802  1.5849497674346458 10.428797905579939  1.5842048519664547 10.405543497593413  1.5834599350515151 10.382297415824338  1.5827150168964983 10.359059679666785  1.5819700977080837 10.335830308501182  1.5812251776929473 10.31260932169396  1.5804802570577694 10.289396738597921  1.5797353360092277 10.26619257855174  1.5789904147540059 10.242996860880204  1.578245493498784 10.219809604894115  1.5775005724502433 10.19663082989001  1.5767556518150645 10.17346055515049  1.5760107317999288 10.150298799943887  1.5752658126115138 10.127145583524166  1.5745208944564983 10.104000925131233  1.5737759775415581 10.080864843990406  1.5730310620733678 10.057737359312812  1.5722861482585981 10.03461849029468  1.5715412363039183 10.011508256119203  1.5710446297119682 9.9961072026727802  1.5707963267948966 9.9884081214786988 
 5.15964841346727 4 5.160393330554462 1 5.161138247641655 1 5.161883164728847 1 5.162628081816039 1 5.1633729989032311 1 5.164117915990424 1 5.1648628330776161 1 5.1656077501648081 1 5.1663526672520002 1 5.1670975843391931 1 5.1678425014263851 1 5.1685874185135772 1 5.1693323356007701 1 5.1700772526879621 1 5.1708221697751542 1 5.1715670868623462 1 5.1723120039495392 1 5.1730569210367312 1 5.1738018381239232 1 5.1745467552111153 1 5.1752916722983082 1 5.1760365893855003 4
7 0 0  3 47 45  1.8167794867855225 13  1.8146944595920229 12.999999999999998  1.8105332079821952 12.999023574395641  1.8043173200319216 12.994649182308276  1.7981270008121888 12.987384560724683  1.7919618361231608 12.977249230146089  1.7858214175457341 12.964262724754905  1.7797053378349454 12.948444527692166  1.773613210847641 12.929814312583224  1.7675445971546162 12.908391042157703  1.76149928235028 12.884196332243516  1.7554762388585847 12.857241897171182  1.7494775010284509 12.827576404163031  1.7434937035481846 12.795110610370676  1.7375272916251676 12.759813632280261  1.7315920852238866 12.721792382495094  1.7256990216476418 12.681117219565317  1.7198592615059329 12.637866922136217  1.7140859976609601 12.592123142525987  1.7083788999373155 12.543954883158953  1.702736851406371 12.493363174338434  1.6971595506494641 12.440360780856411  1.6916464927538175 12.384957345390427  1.6861972439414099 12.327163264587316  1.6808113627621515 12.266989041330996  1.6754890989348477 12.204419272830808  1.6702307643593053 12.139438829511709  1.6650365126414248 12.072030499745217  1.6599071322481744 12.002185126900915  1.6548410937973841 11.92986341641004  1.6498538268772294 11.855221744705462  1.6449520023080291 11.778381354935908  1.640143102837619 11.699461545779515  1.6354336646223815 11.618574857450211  1.6308332794220735 11.53586280848941  1.6263403344463601 11.451357762592959  1.6219470789061003 11.364951539215006  1.617656975785702 11.276645196077382  1.613470496949976 11.186410520596329  1.6093889291303327 11.094227143142824  1.6054133538982778 11.000072592574485  1.601544920784773 10.903924960847711  1.5977847737944104 10.805762189036903  1.5941340711506751 10.705562258645996  1.5905939786682082 10.603303140342339  1.5883084431036854 10.53374291858791  1.587184502713118 10.498612267447903 
 6.5052130349130305e-19 4 0.00012324435102749996 1 0.00024648870205499926 1 0.00036973305308249859 1 0.00049297740410999787 1 0.00061622175513749715 1 0.00073946610616499654 1 0.00086271045719249582 1 0.00098595480821999509 1 0.0011091991592474945 1 0.0012324435102749937 1 0.001355687861302493 1 0.0014789322123299924 1 0.0016021765633574916 1 0.001725420914384991 1 0.0018486652654124901 1 0.0019719096164399898 1 0.0020951539674674891 1 0.0022183983184949885 1 0.0023416426695224875 1 0.0024648870205499869 1 0.0025881313715774863 1 0.0027113757226049856 1 0.002834620073632485 1 0.0029578644246599844 1 0.0030811087756874834 1 0.0032043531267149828 1 0.0033275974777424821 1 0.0034508418287699815 1 0.0035740861797974809 1 0.0036973305308249799 1 0.0038205748818524793 1 0.0039438192328799786 1 0.004067063583907478 1 0.0041903079349349774 1 0.0043135522859624768 1 0.0044367966369899762 1 0.0045600409880174756 1 0.0046832853390449741 1 0.0048065296900724735 1 0.0049297740410999729 1 0.0050530183921274723 1 0.0051762627431549716 1 0.005299507094182471 1 0.0054227514452099704 4
7 0 0  3 47 45  1.5707963267949079 31.602856550872943  1.5789396512879093 31.593851326180701  1.5951806636904 31.575624894440679  1.6194202412092165 31.547645051059309  1.6435528441327958 31.519032763782786  1.667593446566604 31.489795782453864  1.6915569482659649 31.459941864467947  1.7154581481232714 31.42947873904334  1.7393116054849362 31.398414240554203  1.7631319093487079 31.366755810928261  1.7869324397411277 31.33451235672311  1.8107297610611568 31.301687318423333  1.8345270011784642 31.268304536175755  1.8583756588124318 31.234311717551147  1.8822817469131354 31.199731372780697  1.9062022507185759 31.164661925229655  1.9301064284184191 31.129182166647688  1.9539623175471419 31.093373502112609  1.9777307256122632 31.057326515005283  2.0014223167107628 31.021071709678679  2.0250546584176754 30.984623238058528  2.0486416509256271 30.948000926674034  2.072198023214201 30.911223038800063  2.0957380926049596 30.87430841612554  2.1192759238387784 30.837275149937366  2.1428258694073334 30.800144575628035  2.1664023823798462 30.762939021142092  2.1900208105693935 30.725679388484902  2.2136938208832433 30.688391290866488  2.2374445936012184 30.651082922617551  2.2612226713892358 30.613885070846194  2.2850085332856667 30.576876501000058  2.3087801182967111 30.540139889560333  2.3325188733280142 30.503751416319091  2.3561941445287906 30.467809336791291  2.3798204594630352 30.432330100289512  2.4034474196951585 30.397282253184635  2.4270801409297666 30.362716099839961  2.450736194111824 30.32866003763079  2.4744302800201901 30.295148333892122  2.4981782670423942 30.262213683108026  2.5219960392016976 30.229889201206731  2.5458997333682287 30.198207891190648  2.569905599467754 30.167202786321337  2.5940299658674859 30.13690691174963  2.6102027510076979 30.117204500456552  2.6183143314578152 30.107482508867136 
 6.5052130349130305e-19 4 0.00012324435102749996 1 0.00024648870205499926 1 0.00036973305308249859 1 0.00049297740410999787 1 0.00061622175513749715 1 0.00073946610616499654 1 0.00086271045719249582 1 0.00098595480821999509 1 0.0011091991592474945 1 0.0012324435102749937 1 0.001355687861302493 1 0.0014789322123299924 1 0.0016021765633574916 1 0.001725420914384991 1 0.0018486652654124901 1 0.0019719096164399898 1 0.0020951539674674891 1 0.0022183983184949885 1 0.0023416426695224875 1 0.0024648870205499869 1 0.0025881313715774863 1 0.0027113757226049856 1 0.002834620073632485 1 0.0029578644246599844 1 0.0030811087756874834 1 0.0032043531267149828 1 0.0033275974777424821 1 0.0034508418287699815 1 0.0035740861797974809 1 0.0036973305308249799 1 0.0038205748818524793 1 0.0039438192328799786 1 0.004067063583907478 1 0.0041903079349349774 1 0.0043135522859624768 1 0.0044367966369899762 1 0.0045600409880174756 1 0.0046832853390449741 1 0.0048065296900724735 1 0.0049297740410999729 1 0.0050530183921274723 1 0.0051762627431549716 1 0.005299507094182471 1 0.0054227514452099704 4
1 3.1415926535897931 13 -1 0 
1 6.2831853071795862 23 -1 0 
1 6.283185307179588 23 -1 0 
7 0 0  3 25 23  3.6648709757217754 36.826043317624212  3.6800264415788515 36.844974411263401  3.7105230407193495 36.884571038363354  3.7567831429198373 36.949112019831446  3.8035178108301766 37.018756398901417  3.8506823431375699 37.09341030835094  3.8982296095138533 37.172945132162859  3.9461098994832637 37.257192702415779  3.9942712997722447 37.345947040245683  4.0426599764904516 37.438965221432163  4.0912205243304607 37.53596936312104  4.1398963331621657 37.63664917611645  4.1886299780532426 37.740665181326818  4.2373636229443044 37.847652485012524  4.2860394317760147 37.957225035839897  4.3345999796160148 38.068980257527372  4.382988656334228 38.182503939829601  4.431150056623208 38.297375270128676  4.4790303465926185 38.413171856564205  4.5265776129688993 38.529474706732131  4.5737421452762934 38.645872723681023  4.6204768131866327 38.761967825239218  4.6667369153871192 38.877376091627525  4.6972335145276167 38.953619830977296  4.712388980384695 38.991507282745708 
 0.523278322131976 4 0.57089277688938167 1 0.61850723164678723 1 0.66612168640419289 1 0.71373614116159856 1 0.76135059591900422 1 0.80896505067640989 1 0.85657950543381545 1 0.90419396019122111 1 0.95180841494862678 1 0.99942286970603234 1 1.0470373244634379 1 1.0946517792208437 1 1.1422662339782494 1 1.1898806887356548 1 1.2374951434930606 1 1.2851095982504663 1 1.3327240530078719 1 1.3803385077652774 1 1.4279529625226832 1 1.4755674172800888 1 1.5231818720374943 1 1.5707963267949001 4
1 1.5707963267949081 -36.999999999999915 1 4.5234555469703682e-15 
1 4.7123889803846897 25.334666688000702 0 -1 
1 4.7123889803846897 0 0 1 
7 0 0  3 25 23  1.4533646873631358 32.64659247149693  1.4397750933213544 32.6803319846031  1.412464150848517 32.747977739798102  1.3711334886350515 32.849677084557349  1.3294689329089044 32.951341203253826  1.2875031475139094 33.052691778527411  1.2452701548957814 33.153445110289461  1.2028054120152192 33.253313215770945  1.1601455888789167 33.352006707061697  1.117328406279309 33.449237336935916  1.0743924396186086 33.544720718986817  1.0313769166259357 33.63817902284228  0.98832150474755254 33.729343631637292  0.94526609286915564 33.817957698587364  0.90225056987650187 33.903778554636176  0.85931460321579045 33.986579919617597  0.81649742061619057 34.066153873217509  0.77383759747988035 34.142312556448893  0.731372854599323 34.214889551243118  0.68913986198120081 34.283741008750823  0.64717407658620318 34.348746177644514  0.6055095208600586 34.40980858991837  0.56417885864659023 34.466853208429981  0.53686791617375462 34.502175801243808  0.52327832213197589 34.51915162486587 
 1.6882279662266599 4 1.7305046191917126 1 1.7727812721567655 1 1.8150579251218182 1 1.8573345780868709 1 1.8996112310519235 1 1.9418878840169764 1 1.9841645369820291 1 2.0264411899470818 1 2.0687178429121347 1 2.1109944958771871 1 2.15327114884224 1 2.1955478018072929 1 2.2378244547723454 1 2.2801011077373983 1 2.3223777607024507 1 2.3646544136675036 1 2.4069310666325565 1 2.4492077195976094 1 2.4914843725626619 1 2.5337610255277148 1 2.5760376784927672 1 2.6183143314578201 4
7 0 0  3 25 23  4.7123889803846906 -25.418159678417346  4.7275444462417671 -25.38027222664893  4.7580410453822637 -25.304028487299146  4.8043011475827564 -25.18862022091087  4.8510358154930913 -25.072525119352651  4.8982003478004907 -24.956127102403759  4.9457476141767698 -24.839824252235839  4.9936279041461802 -24.724027665800328  5.041789304435162 -24.609156335501243  5.0901779811533716 -24.495632653199003  5.1387385289933736 -24.383877431511522  5.1874143378250865 -24.274304880684159  5.2361479827161519 -24.167317576998439  5.2848816276072199 -24.063301571788102  5.3335574364389284 -23.962621758792658  5.3821179842789375 -23.865617617103794  5.4305066609971409 -23.772599435917318  5.4786680612861236 -23.68384509808741  5.5265483512555376 -23.599597527834476  5.5740956176318139 -23.520062704022571  5.6212601499392107 -23.445408794573051  5.6679948178495438 -23.37576441550307  5.714254920050041 -23.311223434034982  5.7447515191905367 -23.271626806935032  5.7599069850476079 -23.252695713295843 
 1.5707963267949001 4 1.6184107815523057 1 1.666025236309711 1 1.7136396910671166 1 1.7612541458245219 1 1.8088686005819274 1 1.8564830553393328 1 1.9040975100967383 1 1.9517119648541437 1 1.9993264196115492 1 2.0469408743689548 1 2.0945553291263601 1 2.1421697838837654 1 2.1897842386411712 1 2.2373986933985766 1 2.2850131481559819 1 2.3326276029133872 1 2.3802420576707926 1 2.4278565124281983 1 2.4754709671856037 1 2.523085421943009 1 2.5706998767004148 1 2.6183143314578201 4
1 1.5707963267948966 0 0 -1 
1 0 0 0 -1 
1 7.8539816339744828 21 -1 0 
1 1.5707963267948979 -3.334666688000695 2.0301221021717148e-16 1 
1 6.2831853071795862 4.712388980384687 -1 1.9156324813455059e-15 
1 1.1102230246251565e-16 4.7123889803846879 1 9.5781624067275334e-16 
1 6.2831853071795862 68.334666688000695 0 1 
1 6.2831853071795862 -26 -1 0 
1 -1.7763568394002505e-15 22 1 0 
1 6.283185307179588 6.2831853071795862 -1 0 
7 0 0  3 25 23  4.7505607909252223 13  4.749980730840119 12.999999999999998  4.7488207805161977 12.999951769818875  4.7470813582550555 12.999735060395857  4.7453424329018903 12.999374313213499  4.743603998149247 12.998869854663864  4.7418660476959582 12.998222011138957  4.7401285752481082 12.997431109030831  4.73839157451894 12.996497474731505  4.7366550392290447 12.995421434632984  4.734918963106451 12.994203315127336  4.7331833398868008 12.992843442606551  4.7314481633134235 12.991342143462669  4.729713427137499 12.989699744087741  4.7279791251181642 12.987916570873773  4.7262452510226343 12.985992950212754  4.7245117986263567 12.983929208496777  4.7227787617130907 12.98172567211787  4.7210461340750651 12.979382667467991  4.7193139095131063 12.976900520939278  4.7175820818366692 12.974279558923609  4.7158506448642976 12.971520107813157  4.714119592422553 12.96862249399987  4.7129658097078471 12.966598860583819  4.7123889803846897 12.965564125556 
 0 4 2.953611314568291e-05 1 5.907222629136582e-05 1 8.860833943704873e-05 1 0.00011814445258273164 1 0.00014768056572841455 1 0.00017721667887409746 1 0.00020675279201978037 1 0.00023628890516546328 1 0.00026582501831114619 1 0.0002953611314568291 1 0.00032489724460251201 1 0.00035443335774819492 1 0.00038396947089387783 1 0.00041350558403956074 1 0.00044304169718524365 1 0.00047257781033092656 1 0.00050211392347660941 1 0.00053165003662229238 1 0.00056118614976797534 1 0.0005907222629136582 1 0.00062025837605934105 1 0.00064979448920502402 4
7 0 0  3 25 23  1.5707963267948895 32.367533098314006  1.5689999594452175 32.371603276394374  1.5654091665178409 32.379758063486278  1.5600286418002234 32.392033509173729  1.5546536209399042 32.40435219216689  1.5492839437286661 32.416714084721868  1.5439194503946514 32.429119159094824  1.538559981685601 32.441567387541795  1.5332053788833166 32.45405874231902  1.5278554838361063 32.466593195682478  1.5225101389858444 32.479170719888401  1.5171691873961122 32.491791287192832  1.5118324727795465 32.504454869851919  1.5064998395249998 32.517161440121797  1.5011711327243384 32.529910970258591  1.4958461981989721 32.542703432518323  1.490524882526038 32.55553879915724  1.4852070330644824 32.568417042431371  1.4798924979801329 32.581338134596862  1.4745811262734669 32.594302047909856  1.4692727677960775 32.607308754626416  1.4639672733080296 32.620358227002718  1.4586644943819391 32.633450437294847  1.4551310207123311 32.642207050937571  1.4533646873631358 32.64659247149693 
 0 4 2.953611314568291e-05 1 5.907222629136582e-05 1 8.860833943704873e-05 1 0.00011814445258273164 1 0.00014768056572841455 1 0.00017721667887409746 1 0.00020675279201978037 1 0.00023628890516546328 1 0.00026582501831114619 1 0.0002953611314568291 1 0.00032489724460251201 1 0.00035443335774819492 1 0.00038396947089387783 1 0.00041350558403956074 1 0.00044304169718524365 1 0.00047257781033092656 1 0.00050211392347660941 1 0.00053165003662229238 1 0.00056118614976797534 1 0.0005907222629136582 1 0.00062025837605934105 1 0.00064979448920502402 4
1 9.4247779607693793 13 -1 0 
1 5.639684198386302 0 0 -1 
1 2.4980915447965089 0 0 -1 
1 3.1415926535897931 13 -1 0 
1 6.2831853071795862 22 -1 0 
1 0 3.14159265358979 1 4.7890812033637647e-16 
7 0 0  3 25 23  1.6488779573194177 10.498612267447903  1.6476952028217571 10.454921452634393  1.6453296118916139 10.367599720760172  1.6417810020166512 10.236799319864819  1.6382321909836097 10.106183622045632  1.6346832011248336 9.9757551247038361  1.6311340547785971 9.84551631929763  1.6275847742893108 9.7154696903864153  1.6240353820063906 9.5856177156864941  1.6204859002834975 9.4559628658566304  1.6169363514776649 9.3265076043567809  1.6133867579484622 9.1972543872877885  1.6098371420571556 9.0682056632374088  1.6062875261658471 8.939363873125254  1.6027379326366453 8.8107314500489515  1.599188383830813 8.6823108191311551  1.5956389021079198 8.5541043973671016  1.5920895098250003 8.4261145934718673  1.5885402293357136 8.2983438077352236  1.5849910829894787 8.1707944318492487  1.5814420931307029 8.0434688488435615  1.5778932820976621 7.9163694326217238  1.574344672222699 7.7894985489905091  1.5719790812925569 7.7050718837446084  1.5707963267948966 7.6628974248789987 
 5.0979549588609796 4 5.1015041238848218 1 5.1050532889086631 1 5.1086024539325052 1 5.1121516189563474 1 5.1157007839801887 1 5.1192499490040309 1 5.1227991140278721 1 5.1263482790517143 1 5.1298974440755565 1 5.1334466090993978 1 5.1369957741232399 1 5.1405449391470821 1 5.1440941041709234 1 5.1476432691947656 1 5.1511924342186077 1 5.154741599242449 1 5.1582907642662912 1 5.1618399292901325 1 5.1653890943139746 1 5.1689382593378168 1 5.1724874243616581 1 5.1760365893855003 4
7 0 0  3 47 45  1.6488779573194177 10.498612267447903  1.6498265320364705 10.533652489374731  1.651756496646557 10.603058489164315  1.6547490883717082 10.705160726022999  1.657838521739273 10.805272768526958  1.66102400215557 10.903411188281668  1.6643047395873951 10.999592545250023  1.6676799543379985 11.093833442830627  1.6711488586231982 11.186150322322197  1.6747107250849436 11.276560229986913  1.6783646316887455 11.365077954333143  1.6821104140880301 11.451726709921074  1.6859451116825284 11.536498264857281  1.6898762313846705 11.619501747011196  1.6939038622940878 11.70067817425095  1.6980176624469128 11.779851895727829  1.7022100165326279 11.856876288385514  1.7064728764166448 11.931605286715298  1.7107972494929455 12.003861567225263  1.7151801765952055 12.07367727817452  1.719622098180541 12.141071250625565  1.7241226076553173 12.206054075838559  1.7286815341798694 12.2686385491133  1.7332986533121728 12.328836889393367  1.7379737619337123 12.386661417007538  1.7427072792817258 12.442099603673977  1.7474995938712095 12.495138539507659  1.7523512503883671 12.545766871742746  1.7572622492024865 12.593967400739714  1.7622346609131867 12.639744757234643  1.7672569886413234 12.682934517341726  1.7723207830761272 12.723488061312937  1.7774175901205258 12.76134388787219  1.7825396199934818 12.796452610599495  1.7876764557198908 12.828729265178334  1.7928275632519499 12.858219084022403  1.7980010032479825 12.885006497647261  1.8031949622973267 12.909045953877893  1.8084102776472306 12.930326729296336  1.813647081143108 12.9488287681472  1.8189056984069265 12.964534515267466  1.8241864078342582 12.977425745462332  1.8294895050626221 12.987484413071725  1.8348152857193778 12.994692424328234  1.8401640495628768 12.999031698359245  1.8437454170230521 13.000000000000004  1.8455400324613345 13 
 1.16691587357124e-17 4 0.00012200110644819801 1 0.00024400221289638436 1 0.00036600331934457064 1 0.00048800442579275701 1 0.00061000553224094343 1 0.00073200663868912969 1 0.00085400774513731605 1 0.00097600885158550242 1 0.0010980099580336887 1 0.0012200110644818751 1 0.0013420121709300614 1 0.0014640132773782477 1 0.0015860143838264341 1 0.0017080154902746204 1 0.0018300165967228069 1 0.0019520177031709931 1 0.0020740188096191794 1 0.0021960199160673656 1 0.0023180210225155523 1 0.0024400221289637386 1 0.0025620232354119248 1 0.0026840243418601111 1 0.0028060254483082974 1 0.0029280265547564836 1 0.0030500276612046703 1 0.0031720287676528566 1 0.0032940298741010428 1 0.0034160309805492291 1 0.0035380320869974153 1 0.003660033193445602 1 0.0037820342998937883 1 0.0039040354063419745 1 0.0040260365127901604 1 0.0041480376192383466 1 0.0042700387256865329 1 0.0043920398321347191 1 0.0045140409385829054 1 0.0046360420450310925 1 0.0047580431514792788 1 0.004880044257927465 1 0.0050020453643756513 1 0.0051240464708238375 1 0.0052460475772720238 1 0.0053680486837202101 4
7 0 0  3 47 45  2.6183143314578152 33.386238773167108  2.6102236287123501 33.394443867479559  2.5940869045672028 33.411081590465137  2.5700003364140076 33.436693623617479  2.5460167768992945 33.462933950466393  2.5221206586833191 33.489775418027278  2.4982964600684507 33.517190865914188  2.4745287299415772 33.545153161353433  2.4508022315861613 33.573635068523757  2.4271016755346362 33.602609736181876  2.4034129666786153 33.632048877820147  2.3797187978393199 33.661929563410482  2.3560153388254181 33.692208872270932  2.3322501954902193 33.722918489855324  2.3084166163022313 33.754033131271896  2.2845570255956429 33.785453119156358  2.2607014399255174 33.817098018976864  2.236881215920409 33.848884817344128  2.2131343576535349 33.880721573466332  2.1894532446973871 33.912573570551174  2.1658202966212383 33.944426192866636  2.1422218463823479 33.976258684107499  2.1186432855420683 34.008051968335174  2.0950704042246788 34.039786388717779  2.0714891882841071 34.071442931629996  2.0478856674366828 34.103005338834073  2.0242457459587651 34.134456567499001  2.0005544287694752 34.165780650541102  1.976799254258216 34.196958102480458  1.952957640212398 34.227982435674896  1.9290747371455903 34.25875567059736  1.9051754070768319 34.289218735200635  1.8812857112210786 34.319309564494048  1.8574283016971707 34.348971180314081  1.8336388464791262 34.378129250131764  1.8099038860520937 34.406773772053192  1.7861719770447904 34.434948382063574  1.7624401520661535 34.462632421720166  1.7386920029167305 34.489822460220239  1.7149143298099156 34.516510450628893  1.6910927393064945 34.542689582900081  1.6672128840191323 34.568352715564309  1.6432601916094547 34.593492795956969  1.6192200025983969 34.618102747617634  1.5950775942311031 34.642175500464141  1.5789047080088916 34.657861155286085  1.5707963267949088 34.665612092376662 
 1.16691587357124e-17 4 0.00012200110644819801 1 0.00024400221289638436 1 0.00036600331934457064 1 0.00048800442579275701 1 0.00061000553224094343 1 0.00073200663868912969 1 0.00085400774513731605 1 0.00097600885158550242 1 0.0010980099580336887 1 0.0012200110644818751 1 0.0013420121709300614 1 0.0014640132773782477 1 0.0015860143838264341 1 0.0017080154902746204 1 0.0018300165967228069 1 0.0019520177031709931 1 0.0020740188096191794 1 0.0021960199160673656 1 0.0023180210225155523 1 0.0024400221289637386 1 0.0025620232354119248 1 0.0026840243418601111 1 0.0028060254483082974 1 0.0029280265547564836 1 0.0030500276612046703 1 0.0031720287676528566 1 0.0032940298741010428 1 0.0034160309805492291 1 0.0035380320869974153 1 0.003660033193445602 1 0.0037820342998937883 1 0.0039040354063419745 1 0.0040260365127901604 1 0.0041480376192383466 1 0.0042700387256865329 1 0.0043920398321347191 1 0.0045140409385829054 1 0.0046360420450310925 1 0.0047580431514792788 1 0.004880044257927465 1 0.0050020453643756513 1 0.0051240464708238375 1 0.0052460475772720238 1 0.0053680486837202101 4
1 3.1415926535897931 25.334666688000702 1 0 
1 1.5707963267948966 7.8539816339744828 0 -1 
1 0.64350110879328448 9.4247779607693793 0 -1 
1 3.7850937623830774 -3.9968028886505635e-15 0 1 
1 4.7123889803846897 1.5707963267948921 0 1 
1 -1.5707963267948966 -9.9999999999999982 1 0 
1 3.1415926535897931 -10 1 0 
1 1.5707963267948966 4.7123889803846897 0 1 
1 0.64350110879328459 0 -7.0678992921411486e-17 1 
1 3.7850937623830774 9.4247779607693793 0 -1 
1 4.7123889803846897 9.4247779607693793 0 -1 
1 -3.1415926535897931 6.6653333119992997 1 0 
1 0.52327832213197589 30.443495504995358 0 -1 
1 3.6648709757217754 37.547597471245034 0 1 
1 1.5707963267948997 30.731181973491768 2.174949341363505e-16 -1 
1 1.5707963267948888 33.797597471245091 -4.7907854590060981e-16 1 
1 5.7599069850476088 -27.328351833166352 0 -1 
1 2.6183143314578152 33.916511897402707 0 1 
Curves 640
2 0 107 0 0 1 0 0 -0 1 1 0 -0 12.5
1 1.5308084989341899e-15 107 12.5 -0 -1 -0 
2 0 95 0 0 1 0 0 -0 1 1 0 -0 12.5
1 0 107 -12.5 -0 -1 -0 
2 0 91.5 0 0 -1 0 0 0 1 -1 0 0 40
2 4.46996081688784e-15 91.5 -36.5 1 -0 1.22464679914735e-16 1.22464679914735e-16 0 -1 0 1 0 3.5
2 0 95 0 0 1 0 0 -0 1 1 0 -0 36.5
2 0 91.5 36.5 -1 0 0 0 0 1 0 1 -0 3.5
1 -25.75 13.5 -40 -0 -0 1 
2 -31 13.5 37.5 0 0 1 1 0 -0 -0 1 0 5.25
1 -36.25 13.5 -40 -0 -0 1 
2 -31 13.5 31.5 0 0 1 1 0 -0 -0 1 0 5.25
1 -25.75 13.5 -40 -0 -0 1 
2 -31 13.5 -31.5 0 0 1 1 0 -0 -0 1 0 5.25
1 -36.25 13.5 -40 -0 -0 1 
2 -31 13.5 -37.5 0 0 1 1 0 -0 -0 1 0 5.25
1 -10.7214747504556 95 32.265306122448997 0 1 0 
2 0 70 0 -8.16340459283203e-16 -1 0 1 -8.16340459283203e-16 0 0 0 1 34
1 -10 95 32.496153618543801 0 1 0 
2 0 50 0 -0 1 0 0 0 1 1 0 -0 34
1 -10.7214747504556 95 32.265306122448997 0 1 0 
7 1 0  3 4 2  -10.7214747504556 7.7013454491799402 32.265306122448997  1 -7.2562266718646198 13.938791990643701 33.416777292060097  0.99144166481358298 -3.6515517387302499 20.427206870285499 34  0.99144166481358298 4.1637991171009998e-15 27 34  1
 1.24998405632193 4 1.5707963267949001 4
1 4.1637991171009998e-15 95 34 -0 -1 -0 
2 0 89 0 0 1 0 0 -0 1 1 0 -0 34
7 1 0  3 4 2  4.1637991171009998e-15 27 34  1 68 149.40000000000001 34  0.33333333333333298 68 149.40000000000001 -34  0.33333333333333298 0 27 -34  1
 1.5707963267949001 4 4.7123889803846897 4
1 0 95 -34 -0 -1 -0 
2 0 89 0 0 1 0 0 -0 1 1 0 -0 34
1 4.8985871965894099e-15 95 40 -0 -1 -0 
7 1 0  3 4 2  4.8985871965894099e-15 27 40  1 14.9218554551433 53.859339819257897 40  0.90761992811873005 27.7759877909645 76.996778023736098 32.4215402542875  0.90761992811873005 35 90 19.364916731037098  1
 1.5707963267949001 4 2.6362321433056399 4
2 0 90 0 -0 1 0 0 0 1 1 0 -0 40
7 1 0  3 4 2  35 90 -19.364916731037098  1 27.7759877909645 76.996778023736098 -32.4215402542875  0.90761992811873005 14.9218554551433 53.859339819257897 -40  0.90761992811873005 0 27 -40  1
 3.6469531638739499 4 4.7123889803846897 4
1 0 95 -40 -0 -1 -0 
2 0 91.5 0 0 -1 0 0 0 1 -1 0 0 40
7 1 0  3 4 2  0 27 -40  1 -4.0510171674332502 19.7081690986202 -40  0.99238070214944096 -8.0557354752719004 12.4996761445106 -39.3892861834698  0.99238070214944096 -11.922615498730901 5.5392921022843398 -38.181818181818201  1
 4.7123889803846897 4 5.0150542543391197 4
1 -11.922615498730901 95 -38.181818181818201 0 1 0 
2 0 90 0 0 -1 0 0 0 -1 1 0 0 40
7 0 0  3 14 7  -19.844331831711301 90 -34.730426057751302  -20.196407128782599 90 -34.529256656223801  -20.5376692592476 89.954343951810998 -34.327176675075897  -21.034795530358601 89.822588704218305 -34.023155442537004  -21.198018075826202 89.767981294572394 -33.921676827826403  -21.519439516196201 89.636504328215906 -33.718686986051601  -21.678053978519198 89.559213293261806 -33.616881921658603  -22.133155197569899 89.299004746041007 -33.320482270243197  -22.413711789217899 89.086953548279894 -33.131891132229498  -22.797988012594899 88.7034540978064 -32.867551081873799  -22.9201939863391 88.563904395778806 -32.782366477660098  -23.144660352045801 88.267678416978896 -32.624278404823997  -23.247779781856298 88.110297802528706 -32.550789557885402  -23.340960936197501 87.942571724714497 -32.483835096473904 
 0 4 0.0011942214927941699 2 0.00179133223919126 2 0.0023884429855882999 2 0.00358266447838249 2 0.0041797752247795398 2 0.0047768859711765999 4
7 1 0  3 4 2  -22.197945227705599 90 -33.275384711040999  1 -22.583517244109501 89.305970370472906 -33.018170359477701  0.99989931345384298 -22.964560846237699 88.620091886642101 -32.754293919147898  0.99989931345384298 -23.340960936197501 87.942571724714497 -32.483835096473904  1
 5.3006901947297802 4 5.3354503582572201 4
2 0 90 0 0 1 0 0 -0 1 1 0 -0 40
7 1 0  3 4 2  -23.340960936197501 87.942571724714497 32.483835096473904  1 -22.964560846237699 88.620091886642101 32.754293919147898  0.99989931345384298 -22.583517244109501 89.305970370472906 33.018170359477701  0.99989931345384298 -22.197945227705599 90 33.275384711040999  1
 0.94773494892236299 4 0.98249511244980903 4
7 0 0  3 12 6  -23.340960936197501 87.942571724714497 32.483835096473904  -23.154761766111399 88.277730230869494 32.617626797559197  -22.931458863473299 88.569059804469106 32.775662302457498  -22.548910109884801 88.952602535819196 33.038925740697302  -22.412455898079301 89.071850144618494 33.131717267062101  -22.1301864018995 89.287307928260006 33.3209201293283  -21.9838504711764 89.384212747053198 33.417704282767502  -21.529700051505099 89.644348730219704 33.713537043306403  -21.2035127751119 89.777726756272799 33.919953907208402  -20.537826081869898 89.954447876374104 34.3271019298504  -20.195958509681301 90 34.529512988993801  -19.844331831711301 90 34.730426057751302 
 0 4 0.0011985021894664 2 0.0017977532841995799 2 0.0023970043789327301 2 0.0035955065683991099 2 0.0047940087578654603 4
2 0 90 0 0 -1 0 0 0 -1 1 0 0 40
1 -11.922615498730901 95 38.181818181818201 -0 -1 -0 
2 0 70 0 -6.9388939039072303e-16 -1 0 1 -6.9388939039072303e-16 0 0 0 1 40
1 -10 95 38.729833462074197 0 1 0 
2 0 50 0 -0 1 0 0 0 1 1 0 -0 40
1 -11.922615498730901 95 38.181818181818201 -0 -1 -0 
7 1 0  3 4 2  -11.922615498730901 5.5392921022843398 38.181818181818201  1 -8.0557354752719004 12.4996761445106 39.3892861834698  0.99238070214944096 -4.0510171674332502 19.7081690986201 40  0.99238070214944096 4.8985871965894099e-15 27 40  1
 1.2681310528404699 4 1.5707963267949001 4
1 -16.393596310755001 0 37.5 -0 1 -0 
1 0 50 37.5 -1 -0 0 
1 -30 -5.2041704279304197e-15 37.5 -1.7347234759768101e-16 1 0 
1 4.8572257327350599e-14 70 37.5 1 -6.9388939039072303e-16 0 
1 -16.393596310755001 0 37.5 -0 1 -0 
1 -13.638757979696599 90 37.5 -1 0 0 
2 -19.844331831711301 86 37.5 0 0 1 1 0 -0 -0 1 0 4
1 -55.170127957020298 30.650071087233499 37.5 0.48564293117863189 0.87415727612153782 -0 
2 -46 38.9197972970804 37.5 0 0 1 1 0 -0 -0 1 0 4
1 -50 90 37.5 1.5419764230905001e-16 -1 0 
2 -46 4 37.5 0 0 1 1 0 -0 -0 1 0 4
1 -50 0 37.5 1 0 0 
2 -17.353613395994198 4 37.5 0 0 1 1 0 -0 -0 1 0 4
2 -31 13.5 37.5 0 0 1 1 0 -0 -0 1 0 5.25
7 1 0  3 4 2  0 27 -34  1 -3.6515517387302499 20.427206870285499 -34  0.99144166481358298 -7.2562266718646198 13.938791990643701 -33.416777292060097  0.99144166481358298 -10.7214747504556 7.7013454491799402 -32.265306122448997  1
 4.7123889803846897 4 5.03320125085766 4
1 -10.7214747504556 95 -32.265306122448997 -0 -1 -0 
2 0 89 0 0 1 0 0 -0 1 1 0 -0 34
1 0 50 31.5 -1 -0 0 
1 -15.4515371403625 3.9663289942744901 31.5 -0 -1 0 
2 -17.353613395994198 4 31.5 0 0 -1 1 8.6736173798840296e-16 0 8.6736173798840296e-16 -1 0 4
1 0 0 31.5 1 0 0 
2 -46 4 31.5 0 0 -1 1 0 0 0 -1 0 4
1 -50 90 31.5 1.5419764230905001e-16 -1 0 
2 -46 38.9197972970804 31.5 0 0 -1 1 5.20417042793043e-15 0 5.20417042793043e-15 -1 0 4
1 -55.170127957020298 30.650071087233499 31.5 0.48564293117863189 0.87415727612153782 -0 
2 -19.552193916640999 93 31.5 0 0 1 1 0 -0 -0 1 0 4
1 -71 89 31.5 1 -0 -0 
1 -15.4515371403625 3.9663289942744901 31.5 -0 -1 0 
1 4.8572257327350599e-14 70 31.5 1 -6.9388939039072303e-16 0 
1 -30 -5.2041704279304197e-15 31.5 -1.7347234759768101e-16 1 0 
2 -31 13.5 31.5 0 0 1 1 0 -0 -0 1 0 5.25
2 -15.4515371403625 50 46.5 0 -1 0 0 0 1 -1 0 0 15
7 1 0  3 4 2  -13.8569842915081 2.0574282752854698 31.584994092786602  1 -12.7894743491961 3.9789461714470198 31.699120834021802  0.99617635162194595 -11.740292800853 5.8674729584646004 31.9267619300837  0.99617635162194595 -10.7214747504556 7.7013454491799402 32.265306122448997  1
 1.67730108782237 4 1.89160859726787 4
7 0 0  3 8 4  -13.8569842915081 2.0574282752854698 31.584994092786602  -14.0422024400519 1.7240356079065 31.565192550081399  -14.269700020371999 1.4245597807454899 31.544200999743101  -14.673291038404599 1.0248150364675901 31.5195961775607  -14.8187606479307 0.899920839106782 31.512577736193201  -15.123446520630599 0.67399263888356198 31.502813972338998  -15.2835325635124 0.57199211954014795 31.5  -15.4515371403625 0.48117833390751602 31.5 
 3.12731722069275e-18 4 0.0011296282712771001 2 0.00169444240691565 2 0.0022592565425542002 4
2 -15.4515371403625 70 46.5 9.2518585385429699e-16 1 0 1 -9.2518585385429699e-16 0 0 0 -1 15
2 -15.4515371403625 89 46.5 0 1 0 0 -0 1 1 0 -0 15
7 1 0  3 4 2  -11.922615498730901 5.5392921022843398 38.181818181818201  1 -12.5566188548485 4.3980860612727 37.983844942201898  0.99853218565315405 -13.202356275090599 3.2357587048369001 37.828355896698397  0.99853218565315405 -13.8569842915081 2.0574282752854698 37.716035732462998  1
 4.4097237064302597 4 4.5424649562230899 4
7 0 0  3 10 5  -16.393596310755001 0.116912672106274 37.5  -16.124927256726199 0.18333581955647699 37.5  -15.867979912895301 0.27612645307503603 37.507191730458302  -15.376402017732699 0.51216740578543096 37.532505614660202  -15.139374531704201 0.65758592186193898 37.550939205629298  -14.705627498287001 0.98955878592333102 37.593684150905297  -14.5077101043934 1.17587594752781 37.617927102636102  -14.149706822306699 1.58964216847828 37.667683239984797  -13.9908754221798 1.81642424007627 37.693062878552702  -13.8569842915081 2.0574282752854698 37.716035732462998 
 0 4 0.00081820334968735295 2 0.00163640669937471 2 0.0024546100490620698 2 0.00327281339874943 4
2 -16.393596310755001 50 52.5 0 -1 0 0 0 1 -1 0 0 15
2 -16.393596310755001 90 52.5 0 -1 0 0 0 -1 1 0 0 15
2 -16.393596310755001 70 52.5 9.2518585385429699e-16 1 0 1 -9.2518585385429699e-16 0 0 0 -1 15
2 0 95 0 0 1 0 0 -0 1 1 0 -0 36.5
2 0 95 0 0 1 0 0 -0 1 1 0 -0 12.5
1 -55.170127957020298 30.650071087233499 -37.5 0.48564293117863189 0.87415727612153782 -0 
1 -49.496629104486097 40.862369021794997 -40 0 0 1 
1 -55.170127957020298 30.650071087233499 -31.5 0.48564293117863189 0.87415727612153782 -0 
1 -22.197945227705599 90 -40 -0 -0 1 
1 -23.340960936197501 87.942571724714497 -40 -0 -0 -1 
1 -50 38.9197972970804 37.5 -0 -0 -1 
1 -50 4 37.5 0 -0 1 
1 -13.638757979696599 90 -37.5 -1 0 0 
1 -19.844331831711301 90 37.5 0 0 1 
2 -16.393596310755001 90 -52.5 0 -1 0 0 0 -1 1 0 0 15
1 -50 0 -37.5 1 0 0 
1 -17.353613395994198 0 0 0 -0 1 
1 0 0 -31.5 1 0 0 
1 -46 0 0 -0 0 -1 
1 -50 90 -31.5 1.5419764230905001e-16 -1 0 
1 -50 38.9197972970804 37.5 -0 -0 -1 
1 -50 90 -37.5 1.5419764230905001e-16 -1 0 
1 -50 4 37.5 0 -0 1 
1 -17.353613395994198 0 0 0 -0 1 
1 -46 0 0 -0 0 -1 
1 -19.844331831711301 90 37.5 0 0 1 
2 -46 38.9197972970804 -37.5 0 0 -1 1 5.20417042793043e-15 0 5.20417042793043e-15 -1 0 4
2 -19.844331831711301 86 -37.5 0 0 -1 1 6.93889390390723e-15 0 6.93889390390723e-15 -1 0 4
1 -16.393596310755001 1.9450603672648701 -37.5 -0 -1 0 
2 -17.353613395994198 4 -37.5 0 0 -1 1 0 0 0 -1 0 4
2 -46 4 -37.5 0 0 -1 1 0 0 0 -1 0 4
2 -31 13.5 -37.5 0 0 1 1 0 -0 -0 1 0 5.25
1 -19.552193916640999 89 0 -0 -0 -1 
1 -71 89 -31.5 1 -0 -0 
2 -15.4515371403625 89 -46.5 0 1 0 0 -0 1 1 0 -0 15
2 -46 38.9197972970804 -31.5 0 0 1 1 0 -0 -0 1 0 4
2 -46 4 -31.5 0 0 1 1 0 -0 -0 1 0 4
2 -17.353613395994198 4 -31.5 0 0 1 1 0 -0 -0 1 0 4
1 -15.4515371403625 0 -31.5 -0 1 -0 
2 -19.552193916640999 93 -31.5 0 0 -1 1 0 0 0 -1 0 4
2 -31 13.5 -31.5 0 0 1 1 0 -0 -0 1 0 5.25
1 35 90 -40 -0 -0 1 
7 1 0  3 4 2  -10.7214747504556 7.7013454491799402 -32.265306122448997  1 -11.740292800853 5.8674729584646004 -31.9267619300837  0.99617635162194595 -12.7894743491961 3.9789461714470198 -31.699120834021802  0.99617635162194595 -13.8569842915081 2.0574282752854698 -31.584994092786602  1
 4.3915767099117202 4 4.60588421935722 4
1 -13.8569842915081 2.0574282752854698 -40 -0 -0 -1 
7 1 0  3 4 2  -13.8569842915081 2.0574282752854698 -37.716035732462998  1 -13.202356275090599 3.2357587048368899 -37.828355896698397  0.99853218565315405 -12.5566188548485 4.3980860612726902 -37.983844942201898  0.99853218565315405 -11.922615498730901 5.5392921022843398 -38.181818181818201  1
 1.7407203509564899 4 1.8734616007493301 4
1 -13.8569842915081 2.0574282752854698 -40 -0 -0 -1 
1 -22.197945227705599 90 -40 -0 -0 1 
1 -22.197945227705599 90 -40 -0 -0 1 
1 -49.496629104486097 40.862369021794997 -40 0 0 1 
1 -23.340960936197501 87.942571724714497 -40 -0 -0 -1 
7 0 0  3 8 4  -15.4515371403625 0.48117833390751702 -31.5  -15.1154847832942 0.66282925847350804 -31.5  -14.8132006108198 0.88717026427483603 -31.511156432552699  -14.408929162182799 1.2862044506235 -31.535669247927402  -14.2824744807172 1.4301727777863 -31.545184049427899  -14.0532955405119 1.73200347404491 -31.564868663245299  -13.9495984021653 1.89072287610234 -31.575092782997601  -13.8569842915081 2.0574282752854698 -31.584994092786602 
 0 4 0.0011294485017276101 2 0.00169417275259142 2 0.0022588970034552202 4
7 0 0  3 10 5  -13.8569842915081 2.0574282752854698 -37.716035732462998  -13.9909099813108 1.81636203364046 -37.693056948945099  -14.147065489350201 1.5933507042799799 -37.668100619018901  -14.502190906006399 1.1816139203820599 -37.618645035684501  -14.7038966004197 0.99107293501628002 -37.593880371787201  -15.1376230126543 0.65873859147679703 -37.551086375386397  -15.3693531994961 0.51606377173023898 -37.532968843139997  -15.8630393279957 0.27799931248427501 -37.507348303604701  -16.124886331471998 0.183345937521875 -37.5  -16.393596310755001 0.116912672106274 -37.5 
 0 4 0.00081844035088628805 2 0.00163688070177258 2 0.0024553210526588598 2 0.00327376140354515 4
2 0 107 0 0 1 0 0 -0 1 1 0 -0 12.5
1 -10 70 89 0 0 -1 
1 -10 50 89 0 0 -1 
1 -30 50 89 0 0 -1 
1 -30 70 89 0 0 -1 
1 -25.75 13.5 -16 0 0 1 
2 -31 13.5 40.5 0 0 1 1 0 -0 -0 1 0 5.25
1 -36.25 13.5 -16 0 0 1 
2 -31 13.5 37.5 0 0 -1 -1 0 0 0 1 0 5.25
1 -45 1.5 40.5 1 0 0 
2 -16 6.5 40.5 0 0 1 -1 0 0 0 -1 0 5
1 -11 1.5 40.5 0 1 0 
1 -45 65.5 40.5 -1 -0 -0 
1 -45 65.5 40.5 -1 -0 -0 
2 -40 60.5 40.5 0 0 1 -1 0 0 0 -1 0 5
1 -45 1.5 40.5 -0 -1 -0 
2 -40 6.5 40.5 0 0 1 -1 0 0 0 -1 0 5
1 -45 1.5 40.5 1 0 0 
1 -19 1.5 40.5 -1 0 0 
2 -31 13.5 40.5 0 0 1 1 0 -0 -0 1 0 5.25
1 -40 50.5 40.5 9.6373526443155903e-17 -1 0 
1 -40 50.5 40.5 -1 -0 -0 
1 -32 50.5 40.5 -1.92747052886312e-16 1 0 
2 -36 45.5 40.5 0 0 -1 -1 0 0 0 1 0 4
2 -36 45.5 40.5 0 0 -1 -1 0 0 0 1 0 4
1 -45 1.5 37.5 1 0 0 
1 -16 1.5 40.5 0 0 1 
1 -19 1.5 40.5 0 9.9579925010296604e-17 -1 
1 -11 6.5 40.5 0 0 -1 
1 -11 1.5 37.5 0 1 0 
1 -11 65.5 40.5 0 0 1 
1 -45 65.5 37.5 -1 0 0 
1 -40 65.5 40.5 0 0 1 
1 -27 65.5 37.5 0 0 1 
1 -45 1.5 37.5 -0 -1 -0 
1 -45 6.5 40.5 0 0 1 
1 -45 60.5 40.5 0 0 -1 
1 -40 1.5 40.5 0 0 -1 
1 -45 1.5 37.5 1 0 0 
1 -37 1.5 40.5 0 9.9579925010296604e-17 -1 
2 -16 6.5 37.5 0 0 -1 -1 0 0 0 1 0 5
1 -19 1.5 37.5 -1 0 0 
2 -40 6.5 37.5 0 0 -1 -1 0 0 0 1 0 5
2 -40 60.5 37.5 0 0 -1 -1 0 0 0 1 0 5
1 -45 65.5 37.5 -1 0 0 
2 -31 13.5 37.5 0 0 -1 -1 0 0 0 1 0 5.25
1 -27 69 37 7.1279076653776904e-31 1 4.7241690433830298e-15 
2 -27 65.5 37 -1 -0 -0 0 0 -1 0 -1 0 0.5
2 -27 65.5 37 -1 -0 -0 0 0 -1 0 -1 0 3.5
2 -11 65.5 37 1 0 0 0 0 -1 -0 1 0 0.5
1 -11 66 37 0 1 4.7241690433830298e-15 
2 -11 65.5 37 1 0 0 0 0 -1 -0 1 0 3.5
1 -27 69 37 -1 8.4976942090432375e-31 -4.0975634720197099e-30 
1 -27 66 37 1 -8.4976942090432375e-31 4.0975634720197099e-30 
1 -11 66 31.5 0 4.6259292692714798e-15 -1 
1 -11 69 31.5 0 -1 -3.4914813388431298e-15 
1 -11 69 37.500000000000298 0 4.6259292692714798e-15 -1 
1 -27 69 37.500000000000298 5.7824115865893399e-16 -4.6259292692714798e-15 1 
1 -27 69 31.5 -3.50324616081204e-46 -1 -3.4914813388431298e-15 
1 -27 66 37.5 5.7824115865893399e-16 -4.6259292692714798e-15 1 
1 -45 69 31.5 -1 8.4976942090430501e-31 2.9669540754069201e-45 
1 -27 66 31.5 -1 8.4976942090430501e-31 2.9669540754069201e-45 
1 -11 69.500000000000099 28 0 6.9829626776862699e-15 -1 
2 -11 69.5 31.5 1 0 -0 0 0 1 0 -1 0 0.499999999999999
2 -11 69.5 31.5 1 0 -0 0 0 1 0 -1 0 3.5
2 -27 69.5 31.5 -1 0 0 0 0 1 0 1 -0 0.499999999999999
1 -27 69.5 31 0 6.9829626776862699e-15 -1 
2 -27 69.5 31.5 -1 0 0 0 0 1 0 1 -0 3.5
1 -11 69.500000000000099 28 1 0 0 
1 -11 69.5 31 -1 0 0 
1 -11 1.50000000000001 27.999999999999901 0 -1 -1.15648231731787e-15 
1 -11 81 28 0 -1.1344479304283399e-15 1 
1 -11 69 31 -0 -1 -1.15648231731787e-15 
1 -27 81 31 0 1 1.15648231731787e-15 
1 -27 81 28 0 -1.1344479304283399e-15 1 
1 -27 1.50000000000001 27.999999999999901 0 1 1.15648231731787e-15 
1 -45 81 28 1 0 0 
1 -11 81 31 1 0 0 
1 -27 84.5 27.5 0 1 4.7241690433830298e-15 
2 -27 81 27.5 -1 -0 -0 0 0 -1 0 -1 0 0.5
2 -27 81 27.5 -1 -0 -0 0 0 -1 0 -1 0 3.5
2 -11 81 27.5 1 0 0 0 0 -1 -0 1 0 0.5
1 -11 81.5 27.5 0 1 4.7241690433830298e-15 
2 -11 81 27.5 1 0 0 0 0 -1 -0 1 0 3.5
1 -27 84.5 27.5 -1 -0 -0 
1 -27 81.5 27.5 1 0 0 
1 -27 84.5 37.500000000000398 0 -4.7310640253912901e-15 1 
1 -27 84.500000000000199 -11 0 -1 -4.6479636561609998e-15 
1 -27 81.5 28 0 -4.7310640253912901e-15 1 
1 -11 81.500000000000298 -16 0 4.7310640253912901e-15 -1 
1 -11 84.500000000000199 -11 0 1 4.6479636561609998e-15 
1 -11 84.5 37.500000000000398 0 4.7310640253912901e-15 -1 
2 -16 84.500000000000199 -11 0 1 5.5511151231257898e-15 0 5.5511151231257898e-15 -1 -1 0 0 5
1 -45 84.500000000000298 -16 -1 0 0 
2 -22 84.500000000000199 -11 0 1 5.5511151231257898e-15 0 5.5511151231257898e-15 -1 -1 0 0 5
1 -27 81.500000000000298 -16 -1 -0 -0 
2 -16 81.500000000000199 -11 0 -1 -5.5511151231257898e-15 0 5.5511151231257898e-15 -1 1 0 0 5
2 -22 81.500000000000199 -11 0 -1 -5.5511151231257898e-15 0 5.5511151231257898e-15 -1 1 0 0 5
1 -16 84.500000000000298 -16 0 -1 -4.6479636561609998e-15 
1 -22 84.500000000000298 -16 0 1 4.6479636561609998e-15 
1 -37 -2.5 41.5 0 -1 -3.4914813388431298e-15 
2 -37 1.5 41.5 -1 0 0 0 0 -1 -0 -1 -0 1
2 -37 1.5 41.5 -1 0 0 0 0 -1 -0 -1 -0 4
2 -19 1.5 41.5 1 0 0 0 0 -1 -0 1 0 1
1 -19 0.500000000000001 41.5 -0 -1 -3.4914813388431298e-15 
2 -19 1.5 41.5 1 0 0 0 0 -1 -0 1 0 4
1 -37 -2.5 41.5 -1 1.6824318456739099e-31 -4.8186763221577699e-17 
1 -37 0.500000000000001 41.5 1 -1.6824318456739099e-31 4.8186763221577699e-17 
1 -37 -2.49999999999998 37.5 0 3.4914813388431298e-15 -1 
1 -37 -2.50000000000002 46.5 0 1 3.4914813388431298e-15 
1 -37 0.500000000000005 40.5 0 3.4914813388431298e-15 -1 
1 -19 0.49999999999998002 47.5 -4.9563527885051603e-16 -3.4914813388431298e-15 1 
1 -19 -2.50000000000002 46.5 -0 -1 -3.4914813388431298e-15 
1 -19 -2.49999999999998 37.5 -4.9563527885051603e-16 -3.4914813388431298e-15 1 
2 -20 -2.50000000000002 46.5 0 -1 -3.4694469519536099e-15 0 -3.4694469519536099e-15 1 -1 -0 0 1
1 -45 -2.50000000000002 47.5 -1 0 0 
2 -36 -2.50000000000002 46.5 0 -1 -3.4694469519536099e-15 0 -3.4694469519536099e-15 1 -1 -0 0 1
1 -37 0.49999999999998002 47.5 -1 -0 -0 
2 -20 0.49999999999998401 46.5 0 1 3.4694469519536099e-15 0 -3.4694469519536099e-15 1 1 0 -0 1
2 -36 0.49999999999998401 46.5 0 1 3.4694469519536099e-15 0 -3.4694469519536099e-15 1 1 0 -0 1
1 -20 -2.50000000000002 47.5 0 1 3.4914813388431298e-15 
1 -36 -2.50000000000002 47.5 -0 -1 -3.4914813388431298e-15 
1 -40 45.5 42.5 0 0 1 
1 -40 50.5 42.5 9.6373526443155903e-17 -1 0 
1 -40 50.5 42.5 -0 -0 -1 
1 -32 50.5 42.5 -1.92747052886312e-16 1 0 
1 -32 45.5 42.5 0 0 -1 
1 -32 50.5 42.5 -0 -0 -1 
1 -40 50.5 42.5 -1 -0 -0 
2 -36 45.5 42.5 0 0 1 1 0 -0 -0 1 0 4
2 -36 45.5 42.5 0 0 1 1 0 -0 -0 1 0 4
1 -36 41.5 42.5 0 0 -1 
2 -46 107.5 33.5 0 -1 0 1 0 0 -0 0 1 5.5
1 -43.303563182020902 101.5 28.706334545815 0 1 0 
2 -46 101.5 33.5 0 -1 0 1 0 0 -0 0 1 5.5
1 -51.5 101.5 33.5 -0 1 0 
2 38 107.5 38 0 1 0 -1 0 0 0 -0 1 5.5
1 35.303563182020902 101.5 33.206334545814997 0 1 0 
2 38 101.5 38 0 1 0 -1 0 0 0 -0 1 5.5
1 32.5 101.5 38 -0 1 0 
2 38 107.5 -38 0 -1 0 -1 0 0 -0 -0 -1 5.5
1 40.696436817979098 101.5 -42.793665454185003 0 1 0 
2 38 101.5 -38 0 -1 0 -1 0 0 -0 -0 -1 5.5
1 32.5 101.5 -38 -0 1 0 
2 -46 107.5 -33.5 -0 1 0 1 0 0 0 0 -1 5.5
1 -48.696436817979098 101.5 -38.293665454185003 0 1 0 
2 -46 101.5 -33.5 -0 1 0 1 0 0 0 0 -1 5.5
1 -51.5 101.5 -33.5 -0 1 0 
2 0 107.5 0 0 -1 0 1 0 0 -0 0 1 42.828427124746199
2 -42.828427124746199 104.5 -5.24496961908361e-15 1.22464679914735e-16 0 -1 -1 0 -1.22464679914735e-16 0 1 0 3
2 0 105.5 0 -0 1 0 1 0 0 0 0 -1 40
2 42.828427124746199 104.5 0 0 0 1 0 -1 0 1 0 -0 3
2 0 107.5 0 -0 1 0 1 0 0 0 0 -1 35
2 35 102.5 -4.2862637970157397e-15 -1.22464679914735e-16 0 -1 -1 0 1.22464679914735e-16 0 1 0 5
2 0 105.5 0 -0 1 0 1 0 0 0 0 -1 39
2 -35 102.5 0 0 0 1 0 -1 0 1 0 -0 5
2 0 107.5 0 0 -1 0 1 0 0 -0 0 1 31.5
2 -31.5 102.5 -3.8576374173141603e-15 1.22464679914735e-16 0 -1 -1 0 -1.22464679914735e-16 0 1 0 5
2 0 105.5 0 0 -1 0 1 0 0 -0 0 1 27.5
2 31.5 102.5 0 0 0 1 0 -1 0 1 0 -0 5
2 0 97 0 0 1 0 -1 0 0 0 -0 1 40
2 38 97 -4.6536578367599404e-15 -1.22464679914735e-16 0 -1 -1 0 1.22464679914735e-16 0 1 0 2
2 0 95 0 0 -1 0 -1 0 0 -0 -0 -1 38
2 -38 97 0 0 0 1 0 -1 0 1 0 -0 2
1 -40 95 -4.8985871965894099e-15 0 1 0 
2 0 101.5 0 0 -1 0 1 0 0 -0 0 1 40
1 40 95 0 0 1 0 
1 -35.303563182020902 101.5 33.206334545814997 0 1 0 
2 -38 107.5 38 0 -1 0 1 0 0 -0 0 1 5.5
1 -32.5 101.5 38 0 1 0 
2 -38 101.5 38 0 -1 0 1 0 0 -0 0 1 5.5
1 43.303563182020902 101.5 28.706334545815 0 1 0 
2 46 107.5 33.5 0 1 0 -1 0 0 0 -0 1 5.5
1 51.5 101.5 33.5 0 1 0 
2 46 101.5 33.5 0 1 0 -1 0 0 0 -0 1 5.5
1 48.696436817979098 101.5 -38.293665454185003 0 1 0 
2 46 107.5 -33.5 0 -1 0 -1 0 0 -0 -0 -1 5.5
1 51.5 101.5 -33.5 0 1 0 
2 46 101.5 -33.5 0 -1 0 -1 0 0 -0 -0 -1 5.5
1 -40.696436817979098 101.5 -42.793665454185003 0 1 0 
2 -38 107.5 -38 -0 1 0 1 0 0 0 0 -1 5.5
1 -32.5 101.5 -38 0 1 0 
2 -38 101.5 -38 -0 1 0 1 0 0 0 0 -1 5.5
1 12.5 95 0 0 1 0 
2 0 105.5 0 0 -1 0 1 0 0 -0 0 1 12.5
1 -12.5 95 -1.5308084989341899e-15 0 1 0 
2 0 95 0 -0 1 0 1 0 0 0 0 -1 12.5
2 0 105.5 0 -0 1 0 1 0 0 0 0 -1 40
2 0 105.5 0 -0 1 0 1 0 0 0 0 -1 39
2 0 105.5 0 0 -1 0 1 0 0 -0 0 1 12.5
2 0 95 0 -0 1 0 1 0 0 0 0 -1 12.5
1 -57.5 101.5 -50 -1 0 0 
2 53.5 101.5 -46 0 -1 0 1 0 0 -0 0 1 4
1 57.5 101.5 -50 -6.9388939039072296e-17 0 -1 
2 53.5 101.5 46 0 -1 0 1 0 0 -0 0 1 4
1 -57.5 101.5 50 1 0 0 
2 -53.5 101.5 46 0 -1 0 1 0 0 -0 0 1 4
1 -57.5 101.5 -50 -6.9388939039072296e-17 0 1 
2 -53.5 101.5 -46 0 -1 0 1 0 0 -0 0 1 4
2 -46 101.5 33.5 0 -1 0 1 0 0 -0 0 1 5.5
1 -48.696436817979098 101.5 38.293665454185003 -0.87157553712454927 0 -0.49026123963255908 
2 -38 101.5 38 0 -1 0 1 0 0 -0 0 1 5.5
1 -43.303563182020902 101.5 28.706334545815 0.87157553712454927 0 0.49026123963255908 
1 48.696436817979098 101.5 38.293665454185003 0.87157553712454927 0 -0.49026123963255908 
2 46 101.5 33.5 0 1 0 -1 0 0 0 -0 1 5.5
1 43.303563182020902 101.5 28.706334545815 -0.87157553712454927 0 0.49026123963255908 
2 38 101.5 38 0 1 0 -1 0 0 0 -0 1 5.5
1 -48.696436817979098 101.5 -38.293665454185003 -0.87157553712454927 0 0.49026123963255908 
2 -46 101.5 -33.5 -0 1 0 1 0 0 0 0 -1 5.5
1 -43.303563182020902 101.5 -28.706334545815 0.87157553712454927 0 -0.49026123963255908 
2 -38 101.5 -38 -0 1 0 1 0 0 0 0 -1 5.5
1 48.696436817979098 101.5 -38.293665454185003 0.87157553712454927 0 0.49026123963255908 
2 38 101.5 -38 0 -1 0 -1 0 0 -0 -0 -1 5.5
1 43.303563182020902 101.5 -28.706334545815 -0.87157553712454927 0 -0.49026123963255908 
2 46 101.5 -33.5 0 -1 0 -1 0 0 -0 -0 -1 5.5
2 0 101.5 0 0 -1 0 1 0 0 -0 0 1 40
1 57.5 107.5 -50 -6.9388939039072296e-17 0 -1 
2 53.5 107.5 -46 -0 1 0 1 0 0 0 0 -1 4
1 -57.5 107.5 -50 -1 0 0 
2 -53.5 107.5 -46 -0 1 0 1 0 0 0 0 -1 4
1 -57.5 107.5 -50 -6.9388939039072296e-17 0 1 
2 -53.5 107.5 46 -0 1 0 1 0 0 0 0 -1 4
1 -57.5 107.5 50 1 0 0 
2 53.5 107.5 46 -0 1 0 1 0 0 0 0 -1 4
2 0 107.5 0 0 -1 0 1 0 0 -0 0 1 42.828427124746199
1 48.696436817979098 107.5 -38.293665454185003 0.87157553712454927 0 0.49026123963255908 
2 46 107.5 -33.5 0 -1 0 -1 0 0 -0 -0 -1 5.5
1 43.303563182020902 107.5 -28.706334545815 -0.87157553712454927 0 -0.49026123963255908 
2 38 107.5 -38 0 -1 0 -1 0 0 -0 -0 -1 5.5
1 -48.696436817979098 107.5 -38.293665454185003 -0.87157553712454927 0 0.49026123963255908 
2 -38 107.5 -38 -0 1 0 1 0 0 0 0 -1 5.5
1 -43.303563182020902 107.5 -28.706334545815 0.87157553712454927 0 -0.49026123963255908 
2 -46 107.5 -33.5 -0 1 0 1 0 0 0 0 -1 5.5
2 46 107.5 33.5 0 1 0 -1 0 0 0 -0 1 5.5
1 48.696436817979098 107.5 38.293665454185003 0.87157553712454927 0 -0.49026123963255908 
2 38 107.5 38 0 1 0 -1 0 0 0 -0 1 5.5
1 43.303563182020902 107.5 28.706334545815 -0.87157553712454927 0 0.49026123963255908 
1 -48.696436817979098 107.5 38.293665454185003 -0.87157553712454927 0 -0.49026123963255908 
2 -46 107.5 33.5 0 -1 0 1 0 0 -0 0 1 5.5
1 -43.303563182020902 107.5 28.706334545815 0.87157553712454927 0 0.49026123963255908 
2 -38 107.5 38 0 -1 0 1 0 0 -0 0 1 5.5
1 -57.5 101.5 46 0 1 0 
1 -57.5 101.5 -46 -0 -1 0 
1 53.5 101.5 -50 -0 -1 0 
1 -53.5 101.5 -50 0 1 0 
1 57.5 101.5 -46 0 1 0 
1 57.5 101.5 46 -0 -1 0 
1 53.5 101.5 50 0 1 0 
1 -53.5 101.5 50 -0 -1 0 
1 -43.303563182020902 101.5 -28.706334545815 0 1 0 
1 -35.303563182020902 101.5 -33.206334545814997 0 1 0 
1 43.303563182020902 101.5 -28.706334545815 0 1 0 
1 35.303563182020902 101.5 -33.206334545814997 0 1 0 
1 48.696436817979098 101.5 38.293665454185003 0 1 0 
1 40.696436817979098 101.5 42.793665454185003 0 1 0 
1 -48.696436817979098 101.5 38.293665454185003 0 1 0 
1 -40.696436817979098 101.5 42.793665454185003 0 1 0 
2 0 97 0 0 1 0 -1 0 0 0 -0 1 40
2 0 95 0 0 -1 0 -1 0 0 -0 -0 -1 38
2 0 105.5 0 0 -1 0 1 0 0 -0 0 1 27.5
2 0 107.5 0 -0 1 0 1 0 0 0 0 -1 35
2 0 107.5 0 0 -1 0 1 0 0 -0 0 1 31.5
2 -31 13.5 48 -0 0 -1 -0.86602540378443849 -0.50000000000000033 0 -0.50000000000000033 0.86602540378443849 0 6.2376043070340099
2 -28.611239828826701 14.8791513278564 32.562095046036198 -0.50000000000000033 0.86602540378443849 0 0.86602540378443849 0.50000000000000033 0 0 0 -1 15.825120832034999
7 0 0  3 10 5  -31 22.737604307034001 47  -30.3390081972424 22.355980511779801 47.171261391085402  -29.675872038988899 21.9731186723028 47.293359601518802  -28.345972016556001 21.2053005363558 47.454384383107197  -27.679215699683098 20.820348597325399 47.4934839897481  -26.3423289939184 20.0484966978761 47.494326574190801  -25.672200185341499 19.661597649852499 47.456105783532699  -24.328220369119101 18.885650541171099 47.2943261388343  -23.660143364255799 18.499936102573798 47.171041562704097  -23 18.118802153516999 47 
 2.3325440926950501e-07 4 0.0023129212804868498 2 0.0046256093065644302 2 0.0069382973326420098 2 0.0092509853587196007 4
7 0 0  3 10 5  -39 18.118802153516999 47  -38.341453973926903 18.499013878944101 47.170627696211199  -37.677274280619102 18.882478203665599 47.293305859039997  -36.339097073196903 19.655075174594302 47.455100286755197  -35.663256211463299 20.0452720780455 47.494437641472601  -34.309755759047199 20.826715928596201 47.4933690583659  -33.6389857961153 21.213985147259201 47.4531768698183  -32.309780642510702 21.9814021005011 47.290994902029396  -31.651380728805201 22.3615294679134 47.168771184870998  -31 22.737604307034001 47 
 0.094693892820569503 4 0.097003748277855906 2 0.099313603735142295 2 0.101623459192429 2 0.103933314649715 4
7 0 0  3 10 5  -39 8.8811978464829906 47  -39 9.6444454369914396 47.171261391085402  -39 10.4101691159455 47.293359601518802  -39 11.9458053878394 47.454384383107197  -39 12.715709265900299 47.4934839897481  -39 14.2594130647988 47.494326574190801  -39 15.033211160846101 47.456105783532699  -39 16.585105378208901 47.2943261388343  -39 17.3565342554033 47.171041562704097  -39 18.118802153516999 47 
 2.33254409274272e-07 4 0.0023129212804868602 2 0.0046256093065644398 2 0.0069382973326420298 2 0.0092509853587196093 4
2 -33.388760171173303 12.1208486721436 32.562095046036198 0.50000000000000033 -0.86602540378443849 0 -0.86602540378443849 -0.50000000000000033 0 0 -0 -1 15.825120832034999
2 -31 13.5 -47 -0 0 -1 -0.86602540378443849 -0.50000000000000033 0 -0.50000000000000033 0.86602540378443849 0 5
1 -35.330127018922198 11 -47 -0 0 1 
2 -31 13.5 43.5 -0 0 -1 -0.86602540378443849 -0.50000000000000033 0 -0.50000000000000033 0.86602540378443849 0 5
1 -26.669872981077798 16 -47 -0 0 1 
2 -31 13.5 -47 -0 0 -1 -0.86602540378443849 -0.50000000000000033 0 -0.50000000000000033 0.86602540378443849 0 5
2 -31 13.5 43.5 -0 0 -1 -0.86602540378443849 -0.50000000000000033 0 -0.50000000000000033 0.86602540378443849 0 5
1 -31 4.2623956929659803 43.5 -0.86602540378443915 0.49999999999999906 0 
1 -39 8.8811978464829906 43.5 -6.82121026329696e-16 1 0 
1 -39 18.118802153516999 43.5 0.86602540378443837 0.50000000000000033 -0 
1 -31 22.737604307034001 43.5 0.86602540378443871 -0.49999999999999983 -0 
1 -23 18.118802153516999 43.5 6.82121026329696e-16 -1 0 
1 -23 8.8811978464829906 43.5 -0.86602540378443837 -0.50000000000000033 0 
1 -31 4.2623956929659803 43.5 -0 0 1 
7 0 0  3 10 5  -31 4.2623956929659803 47  -31.6609918027576 4.6440194882202102 47.171261391085402  -32.324127961011101 5.0268813276972297 47.293359601518802  -33.654027983444003 5.7946994636441804 47.454384383107197  -34.320784300316902 6.1796514026746303 47.4934839897481  -35.6576710060816 6.9515033021238999 47.494326574190801  -36.327799814658498 7.33840235014753 47.456105783532699  -37.671779630880899 8.1143494588289204 47.2943261388343  -38.339856635744198 8.5000638974261609 47.171041562704097  -39 8.8811978464829906 47 
 2.3325440927576101e-07 4 0.0023129212804868602 2 0.0046256093065644398 2 0.0069382973326420202 2 0.0092509853587196007 4
1 -39 8.8811978464829906 43.5 -0 0 1 
1 -39 18.118802153516999 43.5 -0 0 1 
1 -31 22.737604307034001 43.5 -0 0 1 
1 -23 18.118802153516999 43.5 -0 0 1 
7 0 0  3 10 5  -23 18.118802153516999 47  -23 17.355554563008599 47.171261391085402  -23 16.5898308840545 47.293359601518802  -23 15.0541946121606 47.454384383107197  -23 14.284290734099701 47.4934839897481  -23 12.7405869352012 47.494326574190801  -23 11.966788839153899 47.456105783532699  -23 10.414894621791101 47.2943261388343  -23 9.6434657445966607 47.171041562704097  -23 8.8811978464829995 47 
 2.33254409268039e-07 4 0.0023129212804868498 2 0.0046256093065644398 2 0.0069382973326420202 2 0.0092509853587196007 4
1 -23 8.8811978464829906 43.5 -0 0 1 
7 0 0  3 10 5  -23 8.8811978464829995 47  -23.658546028921201 8.5009861194115803 47.170627696949197  -24.322725725095001 8.1175217930353494 47.293305860095899  -25.6609029382732 7.3449248187835101 47.455100287776901  -26.336743742052199 6.9547279487923701 47.494437639985698  -27.690244210479499 6.1732840889975904 47.493369059913498  -28.361014180614699 5.7860148661756696 47.453176871945701  -29.6902193470664 5.0185979055165504 47.290994904013097  -30.348619266408601 4.6384705348499002 47.168771186111002  -31 4.2623956929659803 47 
 0.094693893178915398 4 0.097003748655260694 2 0.099313604131606004 2 0.10162345960795099 2 0.103933315084297 4
2 -31 13.5 48 -0 0 -1 -0.86602540378443849 -0.50000000000000033 0 -0.50000000000000033 0.86602540378443849 0 6.2376043070340099
2 -31 13.5 -44.5 0 0 -1 -3.88578058618804e-16 1 0 1 3.88578058618804e-16 0 6.2000000000000099
2 -31 7.7999999999999901 -44.5 1 5.1104273853354004e-16 0 5.1104273853354004e-16 -1 0 0 0 -1 0.5
2 -31 13.5 -45 0 0 -1 -3.88578058618804e-16 1 0 1 3.88578058618804e-16 0 5.7000000000000099
2 -31 19.199999999999999 -44.5 -1 -3.8857805861880499e-16 -0 -3.8857805861880499e-16 1 0 0 0 -1 0.5
2 -31 20.199999999999999 -44.5 -1 -3.8857805861880499e-16 -0 -3.8857805861880499e-16 1 0 0 0 -1 0.5
2 -31 13.5 -44 0 0 1 -3.88578058618804e-16 1 0 -1 -3.88578058618804e-16 0 6.7000000000000099
2 -31 6.7999999999999901 -44.5 1 5.1104273853354102e-16 0 5.1104273853354102e-16 -1 0 0 0 -1 0.5
2 -31 13.5 -44.5 0 0 -1 -3.88578058618804e-16 1 0 1 3.88578058618804e-16 0 6.2000000000000099
2 -31 13.5 -37.5 0 0 -1 -3.88578058618804e-16 1 0 1 3.88578058618804e-16 0 6.5447839840064699
2 -31 6.9552160159935301 -39.5 1 5.1104273853354004e-16 0 5.1104273853354004e-16 -1 0 0 0 -1 2
7 0 0  3 16 8  -31 6.0999999999999899 -37.6920714709956  -30.579548738875399 6.09999999969728 -37.692071470803903  -30.1602111210834 6.0999999999999899 -37.7078173467889  -29.324734761309699 6.0999999999999899 -37.784538212322701  -28.906096102322302 6.0999999999999899 -37.845585798665397  -28.298695151006701 6.0999999999999801 -38.004425486788001  -28.099412859425399 6.0999999999999899 -38.068731450401202  -27.710790209027099 6.0999999999999899 -38.232805015137799  -27.523758198381699 6.0999999999999899 -38.3315078798732  -27.181305040966599 6.0999999999999899 -38.578589725844701  -27.0275724648919 6.0999999999999899 -38.725556519552001  -26.854718382175399 6.0999999999999899 -38.993307726484097  -26.808616335882899 6.0999999999999899 -39.0878469841387  -26.744445096490701 6.0999999999999899 -39.289799930363401  -26.7276080079968 6.0999999999999899 -39.394931215490303  -26.7276080079968 6.0999999999999899 -39.5 
 1.3533246839069401e-14 4 0.0012582108155965699 2 0.0025164216311795999 2 0.0031455270389711102 2 0.0037746324467626299 2 0.0044037378545541501 2 0.0047182905584499 2 0.0050328432623456603 4
7 0 0  3 30 15  -26.7276080079968 6.0999999999999899 -39.5  -26.7276080079968 6.0999999999999899 -39.285434953927798  -26.6919874998467 6.1616965299073501 -39.078481778305601  -26.6049548572853 6.3124414887407596 -38.810928828039103  -26.5706028567791 6.3719408989591004 -38.728760487131296  -26.4958977681721 6.5013339080102703 -38.579949828663402  -26.455165463904098 6.5718843285117901 -38.512337755148202  -26.3252447726545 6.79691356671053 -38.326293113892397  -26.232064959411598 6.9583057374871604 -38.228939355652201  -26.037874409254702 7.2946536367086097 -38.066046815300098  -25.936359823063398 7.4704820577012203 -38.000957976433703  -25.6316501746673 7.9982546502797804 -37.843086793744  -25.425289454481799 8.3556819023275093 -37.7836397938974  -25.009546822294801 9.0757692641478709 -37.707705717072699  -24.7995099038055 9.4395638784365694 -37.6919936010231  -24.380397431540899 10.1654879744846 -37.692149884772903  -24.1714829758773 10.5273384261295 -37.707887794244598  -23.755489953007 11.247859477335 -37.784160218838899  -23.547374081706302 11.608326740289399 -37.844299102257501  -23.2414348790034 12.1382289833979 -38.003954848206497  -23.1411335132413 12.311956044966401 -38.068701933287699  -22.946551263959901 12.648982386972801 -38.233037864914003  -22.853798092044102 12.8096355932941 -38.330960997850397  -22.682834005949498 13.105754076679499 -38.577296044653401  -22.605000140266 13.2405662865929 -38.726270637235302  -22.519009702356001 13.389506094018101 -38.992518781915003  -22.496070907516401 13.4292372521447 -39.0864172529947  -22.4640148606086 13.4847599540789 -39.286646035106699  -22.4552160159922 13.500000000002199 -39.393198332197599  -22.4552160159935 13.5 -39.5 
 1.9697668334609501e-07 4 0.00063417278739694703 2 0.00095116069275374699 2 0.00126814859811055 2 0.0019021244088241499 2 0.0025361002195377499 2 0.0038040518409649402 2 0.0050720034623921301 2 0.0063399550838193399 2 0.0076079067052465298 2 0.0082418825159601295 2 0.0088758583266737301 2 0.0095098341373873203 2 0.0098268220427441197 2 0.0101438099481009 4
7 0 0  3 30 15  -22.4552160159935 13.5 -39.5  -22.4552160159935 13.5 -39.285434953927798  -22.490836524143599 13.561696529907399 -39.078481778305601  -22.577869166705099 13.712441488740801 -38.810928828039103  -22.612221167211299 13.7719408989591 -38.728760487131296  -22.6869262558182 13.901333908010299 -38.579949828663402  -22.727658560086201 13.9718843285118 -38.512337755148202  -22.8575792513358 14.196913566710499 -38.326293113892397  -22.950759064578801 14.3583057374872 -38.228939355652102  -23.144949614735602 14.694653636708599 -38.066046815300098  -23.246464200926901 14.870482057701199 -38.000957976433703  -23.551173849323 15.398254650279799 -37.843086793744  -23.757534569508501 15.755681902327501 -37.7836397938974  -24.173277201695502 16.4757692641479 -37.707705717072699  -24.383314120184899 16.8395638784366 -37.6919936010231  -24.8024265924494 17.565487974484601 -37.692149884772903  -25.011341048113 17.927338426129499 -37.707887794244598  -25.427334070983299 18.647859477335 -37.784160218838899  -25.635449942284001 19.008326740289402 -37.844299102257501  -25.941389144986999 19.5382289833979 -38.003954848206497  -26.041690510749 19.711956044966399 -38.068701933287699  -26.236272760030399 20.048982386972799 -38.233037864914003  -26.329025931946202 20.209635593294099 -38.330960997850397  -26.499990018040801 20.505754076679501 -38.577296044653401  -26.577823883724299 20.6405662865929 -38.726270637235302  -26.663814321634302 20.789506094018101 -38.992518781915003  -26.686753116473898 20.829237252144701 -39.0864172529947  -26.718809163381799 20.884759954078898 -39.286646035106699  -26.7276080079981 20.900000000002301 -39.393198332197599  -26.7276080079968 20.899999999999999 -39.5 
 1.9697668334431301e-07 4 0.000634172787396939 2 0.00095116069275373604 2 0.00126814859811053 2 0.00190212440882413 2 0.0025361002195377299 2 0.0038040518409649198 2 0.0050720034623921101 2 0.0063399550838193 2 0.0076079067052464899 2 0.0082418825159600896 2 0.0088758583266736798 2 0.0095098341373872804 2 0.0098268220427440798 2 0.0101438099481009 4
7 0 0  3 20 10  -26.7276080079968 20.899999999999999 -39.5  -26.727608007995698 20.899999999999999 -39.394194770465397  -26.744865861476701 20.899999999999999 -39.287905931870903  -26.809279925655598 20.899999999999999 -39.086338116186099  -26.856755950318501 20.899999999999999 -38.989688571497901  -26.971423739695201 20.899999999999999 -38.813008341450399  -27.039971673172001 20.899999999999999 -38.730593939669298  -27.189542449881401 20.899999999999999 -38.581240486468701  -27.270361422058901 20.899999999999999 -38.514106514137303  -27.526597170348001 20.899999999999999 -38.329929905534101  -27.7157690418919 20.899999999999999 -38.230446299695899  -28.101938288873701 20.899999999999999 -38.067926963366403  -28.301485240331299 20.899999999999999 -38.003523557926698  -28.9130825326673 20.899999999999999 -37.844108766943201  -29.328901164437699 20.899999999999999 -37.7840520876141  -29.953339213157999 20.899999999999999 -37.726866437598098  -30.1620559320728 20.899999999999999 -37.713627766641501  -30.5803790018713 20.899999999999999 -37.696227858785797  -30.788457867653001 20.899999999999999 -37.6920714709956  -31 20.899999999999999 -37.6920714709956 
 0.015158334229373601 4 0.0154748567653751 2 0.015791379301376599 2 0.016107901837378001 2 0.016424424373379501 2 0.0170574694453825 2 0.0176905145173855 2 0.018956604661391398 2 0.019589649733394301 2 0.0202226948053973 4
2 -31 20.0447839840065 -39.5 -1 -3.88578058618804e-16 -0 -3.88578058618804e-16 1 0 0 0 -1 2
1 -31 8.4999999999999893 -45 0 0 1 
2 -31 13.5 -37.5 0 0 -1 -3.88578058618804e-16 1 0 1 3.88578058618804e-16 0 5
1 -31 18.5 -45 0 0 1 
2 -31 13.5 -45 0 0 -1 -3.88578058618804e-16 1 0 1 3.88578058618804e-16 0 5
7 0 0  3 8 4  -23.8559248664038 15.926098895521999 -44  -23.604874515554101 15.491266932592399 -43.944531559981698  -23.357252353956198 15.0623727676247 -43.856906617710301  -22.9963024274826 14.4371891559841 -43.627135434679701  -22.878417490366701 14.233006455452299 -43.533732995813899  -22.6562584491362 13.8482157086803 -43.3046769595081  -22.551048725300699 13.6659871215469 -43.169128545956198  -22.4552160159935 13.5 -43 
 1.81367282050289e-06 4 0.00150970144921715 2 0.00226364533741547 2 0.00301758922561379 4
1 -26.7276080079968 20.899999999999999 -44 0.50000000000000033 -0.86602540378443837 0 
7 0 0  3 8 4  -26.7276080079968 20.899999999999999 -43  -26.631749210587898 20.733967692535298 -43.169174587049604  -26.526552050113601 20.551760865781901 -43.304684817444503  -26.304492018081 20.167141607971001 -43.533650942177303  -26.186762251574901 19.963227670819201 -43.626963040363201  -25.825655064684501 19.337771676146801 -43.856891885202899  -25.5779768739853 18.908780465929201 -43.944525513687402  -25.326899157586499 18.473901104477999 -44 
 2.9519504445265098e-07 4 0.00074944850777626895 2 0.0014986018205080901 2 0.00299690844597172 4
1 -26.7276080079968 20.899999999999999 -45 0 0 1 
1 -22.4552160159935 13.5 -45 0 0 1 
7 0 0  3 8 4  -25.326899157586499 8.5260988955219599 -44  -25.577949508436198 8.0912669325923403 -43.944531559981698  -25.825571670034101 7.6623727676246904 -43.856906617710301  -26.186521596507699 7.0371891559841204 -43.627135434679602  -26.304406533623698 6.8330064554522796 -43.5337329958138  -26.5265655748541 6.4482157086803102 -43.3046769595081  -26.6317752986897 6.2659871215469103 -43.169128545956198  -26.7276080079968 6.0999999999999899 -43 
 1.8136728205986401e-06 4 0.00150970144921724 2 0.0022636453374155598 2 0.0030175892256138798 4
1 -22.4552160159935 13.5 -44 -0.49999999999999983 -0.86602540378443871 -0 
7 0 0  3 8 4  -22.4552160159935 13.5 -43  -22.551074813402501 13.3339676925353 -43.169174587049604  -22.656271973876699 13.151760865781901 -43.304684817444503  -22.8783320059093 12.767141607971 -43.533650942177303  -22.996061772415501 12.563227670819201 -43.626963040363201  -23.357168959305898 11.9377716761468 -43.856891885202899  -23.604847150005 11.508780465929201 -43.944525513687402  -23.8559248664038 11.073901104478001 -44 
 2.9519504443366299e-07 4 0.00074944850777624802 2 0.0014986018205080599 2 0.0029969084459716901 4
1 -26.7276080079968 6.0999999999999899 -45 0 0 1 
7 0 0  3 10 5  -32.470974291182699 6.0999999999999899 -44  -32.719575700503498 6.0999999999999899 -43.972536321270397  -32.967199771488502 6.0999999999999899 -43.936614639275597  -33.459710443634698 6.0999999999999899 -43.841080882861199  -33.706151659825998 6.0999999999999801 -43.781058068058002  -34.187169738768098 6.0999999999999899 -43.628253875892398  -34.420510310456201 6.0999999999999801 -43.5361649148604  -34.866617072112398 6.0999999999999801 -43.306963766463198  -35.082556289929101 6.0999999999999801 -43.1675139756275  -35.2723919920032 6.0999999999999899 -43 
 0.0014700022248071299 4 0.0022203341973211 2 0.0029706661698350599 2 0.0037209981423490298 2 0.0044713301148630001 4
1 -26.7276080079968 6.0999999999999899 -44 -1 4.9960036108132005e-16 0 
7 0 0  3 10 5  -26.7276080079968 6.0999999999999899 -43  -26.822311774613102 6.0999999999999899 -43.0835680763917  -26.9244499864304 6.0999999999999899 -43.160863947688803  -27.134935304990599 6.0999999999999899 -43.300634473516801  -27.243747111759401 6.0999999999999899 -43.363624319657497  -27.578820613847 6.0999999999999899 -43.535905510458399  -27.815190342151698 6.0999999999999899 -43.629129567046903  -28.5371172712691 6.0999999999999899 -43.858082989101597  -29.030223944581699 6.0999999999999899 -43.944896002640803  -29.529025708817301 6.0999999999999899 -44 
 0.019365723593035102 4 0.019741805588077699 2 0.0201178875831203 2 0.0208700515732054 2 0.022374379553375699 4
7 0 0  3 20 10  -35.2723919920032 6.0999999999999899 -39.5  -35.272391992004302 6.0999999999999899 -39.394194770464097  -35.255134138522898 6.0999999999999801 -39.287905931868401  -35.190720074342501 6.0999999999999899 -39.086338116181402  -35.1432440496786 6.0999999999999801 -38.989688571492302  -35.028576260299403 6.0999999999999801 -38.813008341443201  -34.960028326821302 6.0999999999999801 -38.730593939661603  -34.810457550109199 6.0999999999999801 -38.581240486460302  -34.729638577930302 6.0999999999999899 -38.514106514128599  -34.473402829636697 6.0999999999999801 -38.3299299055248  -34.284230958089999 6.0999999999999899 -38.230446299686903  -33.898061711102599 6.0999999999999801 -38.067926963357898  -33.698514759642201 6.0999999999999899 -38.003523557918598  -33.086917467297503 6.0999999999999899 -37.8441087669365  -32.6710988355225 6.0999999999999899 -37.7840520876087  -32.046660786794597 6.0999999999999801 -37.726866437594602  -31.837944067877199 6.0999999999999801 -37.713627766638602  -31.4196209980737 6.0999999999999899 -37.696227858784297  -31.211542132352999 6.09999999969728 -37.692071470803903  -31 6.0999999999999899 -37.6920714709956 
 0.015158334229508101 4 0.015474856765516199 2 0.0157913793015244 2 0.0161079018375326 2 0.016424424373540799 2 0.0170574694455571 2 0.017690514517573499 2 0.018956604661606199 2 0.0195896497336225 2 0.020222694805638899 4
1 -35.2723919920032 6.0999999999999899 -45 0 0 1 
7 0 0  3 8 4  -38.144075133596203 11.073901104478001 -44  -38.395125484445899 11.508733067407601 -43.944531559981698  -38.642747646043802 11.9376272323753 -43.856906617710301  -39.003697572517403 12.5628108440159 -43.627135434679602  -39.121582509633399 12.766993544547701 -43.533732995813899  -39.343741550863797 13.1517842913197 -43.3046769595081  -39.448951274699297 13.3340128784531 -43.169128545956198  -39.5447839840065 13.5 -43 
 1.81367282058632e-06 4 0.00150970144921723 2 0.0022636453374155498 2 0.0030175892256138698 4
1 -35.2723919920032 6.0999999999999899 -44 -0.50000000000000033 0.86602540378443837 0 
7 0 0  3 8 4  -35.2723919920032 6.0999999999999899 -43  -35.368250789412201 6.2660323074647097 -43.169174587049604  -35.473447949886399 6.4482391342180501 -43.304684817444503  -35.695507981919 6.8328583920289603 -43.533650942177303  -35.813237748425202 7.0367723291807698 -43.626963040363201  -36.174344935315602 7.6622283238532303 -43.856891885202899  -36.4220231260147 8.0912195340708202 -43.944525513687402  -36.673100842413497 8.5260988955219705 -44 
 2.9519504444231898e-07 4 0.00074944850777625702 2 0.0014986018205080699 2 0.0029969084459717001 4
7 0 0  3 30 15  -39.5447839840065 13.5 -39.5  -39.5447839840065 13.5 -39.285434953927798  -39.509163475856397 13.438303470092601 -39.078481778305601  -39.422130833294901 13.287558511259199 -38.810928828039103  -39.387778832788797 13.2280591010409 -38.728760487131296  -39.3130737441818 13.098666091989701 -38.579949828663402  -39.272341439913802 13.0281156714882 -38.512337755148202  -39.1424207486642 12.803086433289501 -38.326293113892397  -39.049240935421302 12.6416942625128 -38.228939355652201  -38.855050385264398 12.305346363291401 -38.066046815300098  -38.753535799073099 12.129517942298801 -38.000957976433703  -38.448826150677 11.601745349720201 -37.843086793744  -38.242465430491499 11.244318097672499 -37.7836397938974  -37.826722798304502 10.5242307358521 -37.707705717072699  -37.616685879815201 10.1604361215634 -37.6919936010231  -37.1975734075506 9.4345120255154296 -37.692149884772903  -36.988658951886997 9.0726615738704695 -37.707887794244598  -36.572665929016701 8.3521405226649996 -37.784160218838899  -36.364550057716002 7.9916732597106099 -37.844299102257501  -36.0586108550131 7.4617710166020403 -38.003954848206497  -35.958309489251 7.2880439550336096 -38.068701933287699  -35.763727239969597 6.9510176130272203 -38.233037864914003  -35.670974068053802 6.7903644067058604 -38.330960997850397  -35.500009981959202 6.4942459233205003 -38.577296044653401  -35.422176116275701 6.3594337134070997 -38.726270637235302  -35.336185678365702 6.2104939059819202 -38.992518781915003  -35.313246883526098 6.1707627478553198 -39.0864172529947  -35.2811908366183 6.1152400459210998 -39.286646035106699  -35.2723919920019 6.0999999999977401 -39.393198332197599  -35.2723919920032 6.0999999999999899 -39.5 
 1.96976683345772e-07 4 0.00063417278739694204 2 0.00095116069275374005 2 0.00126814859811054 2 0.00190212440882414 2 0.0025361002195377299 2 0.0038040518409649302 2 0.0050720034623921197 2 0.0063399550838193104 2 0.0076079067052465098 2 0.0082418825159601104 2 0.0088758583266737006 2 0.0095098341373872994 2 0.0098268220427441006 2 0.0101438099481009 4
1 -39.5447839840065 13.5 -45 0 0 1 
7 0 0  3 8 4  -36.673100842413497 18.473901104477999 -44  -36.422050491563802 18.908733067407699 -43.944531559981698  -36.174428329965899 19.337627232375301 -43.856906617710301  -35.813478403492297 19.962810844015898 -43.627135434679701  -35.695593466376302 20.166993544547701 -43.533732995813899  -35.473434425145904 20.551784291319699 -43.3046769595081  -35.368224701310403 20.7340128784531 -43.169128545956198  -35.2723919920032 20.899999999999999 -43 
 1.8136728205986401e-06 4 0.00150970144921723 2 0.0022636453374155398 2 0.0030175892256138598 4
1 -39.5447839840065 13.5 -44 0.49999999999999983 0.86602540378443871 0 
7 0 0  3 8 4  -39.5447839840065 13.5 -43  -39.448925186597499 13.6660323074647 -43.169174587049604  -39.343728026123301 13.848239134218 -43.304684817444503  -39.1216679940907 14.232858392029 -43.533650942177303  -39.003938227584598 14.436772329180799 -43.626963040363201  -38.642831040694197 15.0622283238532 -43.856891885202899  -38.395152849995 15.491219534070799 -43.944525513687402  -38.144075133596203 15.926098895521999 -44 
 2.9519504444203798e-07 4 0.00074944850777625203 2 0.0014986018205080599 2 0.0029969084459716801 4
7 0 0  3 30 15  -35.2723919920032 20.899999999999999 -39.5  -35.2723919920032 20.899999999999999 -39.285434953927798  -35.308012500153303 20.838303470092601 -39.078481778305601  -35.3950451427148 20.687558511259201 -38.810928828039103  -35.429397143220903 20.6280591010409 -38.728760487131296  -35.5041022318279 20.498666091989701 -38.579949828663402  -35.544834536095898 20.4281156714882 -38.512337755148202  -35.6747552273455 20.203086433289499 -38.326293113892397  -35.767935040588398 20.041694262512799 -38.228939355652102  -35.962125590745302 19.705346363291401 -38.066046815300098  -36.063640176936602 19.529517942298799 -38.000957976433703  -36.3683498253327 19.001745349720199 -37.843086793744  -36.574710545518201 18.6443180976725 -37.7836397938974  -36.990453177705199 17.924230735852099 -37.707705717072699  -37.2004900961945 17.560436121563399 -37.6919936010231  -37.619602568459101 16.834512025515401 -37.692149884772903  -37.828517024122696 16.4726615738705 -37.707887794244598  -38.244510046993 15.752140522665 -37.784160218838899  -38.452625918293698 15.391673259710601 -37.844299102257501  -38.7585651209966 14.861771016602001 -38.003954848206497  -38.8588664867587 14.688043955033599 -38.068701933287699  -39.053448736040103 14.351017613027199 -38.233037864914003  -39.146201907955898 14.1903644067059 -38.330960997850397  -39.317165994050498 13.894245923320501 -38.577296044653401  -39.394999859734 13.7594337134071 -38.726270637235302  -39.480990297643999 13.610493905981899 -38.992518781915003  -39.503929092483602 13.5707627478553 -39.0864172529947  -39.535985139391499 13.5152400459211 -39.286646035106699  -39.5447839840078 13.4999999999977 -39.393198332197599  -39.5447839840065 13.5 -39.5 
 1.9697668334793299e-07 4 0.00063417278739694703 2 0.00095116069275374699 2 0.00126814859811055 2 0.0019021244088241499 2 0.0025361002195377399 2 0.0038040518409649402 2 0.0050720034623921301 2 0.0063399550838193304 2 0.0076079067052465298 2 0.0082418825159601295 2 0.0088758583266737301 2 0.0095098341373873203 2 0.0098268220427441197 2 0.0101438099481009 4
1 -35.2723919920032 20.899999999999999 -45 0 0 1 
7 0 0  3 10 5  -29.529025708817301 20.899999999999999 -44  -29.280424299496499 20.899999999999999 -43.972536321270397  -29.032800228511501 20.899999999999999 -43.936614639275597  -28.540289556365298 20.899999999999999 -43.841080882861199  -28.293848340174002 20.899999999999999 -43.781058068058002  -27.812830261231898 20.899999999999999 -43.628253875892398  -27.579489689543799 20.899999999999999 -43.5361649148604  -27.133382927887599 20.899999999999999 -43.306963766463198  -26.917443710071002 20.899999999999999 -43.1675139756275  -26.7276080079968 20.899999999999999 -43 
 0.0014700022248071501 4 0.00222033419732112 2 0.0029706661698350799 2 0.0037209981423490502 2 0.0044713301148630201 4
1 -35.2723919920032 20.899999999999999 -44 1 -4.9960036108132005e-16 0 
7 0 0  3 10 5  -35.2723919920032 20.899999999999999 -43  -35.177688225386902 20.899999999999999 -43.0835680763917  -35.075550013569597 20.899999999999999 -43.160863947688803  -34.865064695009501 20.899999999999999 -43.300634473516801  -34.756252888240603 20.899999999999999 -43.363624319657497  -34.421179386153 20.899999999999999 -43.535905510458399  -34.184809657848298 20.899999999999999 -43.629129567046903  -33.462882728730897 20.899999999999999 -43.858082989101597  -32.9697760554184 20.899999999999999 -43.944896002640803  -32.470974291182699 20.899999999999999 -44 
 0.019365723593035102 4 0.019741805588077699 2 0.020117887583120199 2 0.0208700515732054 2 0.022374379553375699 4
7 0 0  3 16 8  -31 20.899999999999999 -37.6920714709956  -31.420451261119201 20.899999999999999 -37.6920714709956  -31.839788878907498 20.899999999999999 -37.707817346788502  -32.6752652386783 20.899999999999999 -37.784538212321202  -33.093903897667801 20.899999999999999 -37.8455857986635  -33.701304848985799 20.899999999999999 -38.0044254867856  -33.900587140567801 20.899999999999999 -38.068731450398801  -34.289209790967703 20.899999999999999 -38.232805015135199  -34.476241801614002 20.899999999999999 -38.3315078798705  -34.818694959030601 20.899999999999999 -38.5785897258422  -34.972427535106199 20.899999999999999 -38.725556519549698  -35.145281617823699 20.899999999999999 -38.993307726482499  -35.191383664116501 20.899999999999999 -39.0878469841373  -35.2555549035092 20.899999999999999 -39.289799930362697  -35.2723919920032 20.899999999999999 -39.394931215489898  -35.2723919920032 20.899999999999999 -39.5 
 1.09110284001117e-17 4 0.0012582108155759001 2 0.0025164216311517901 2 0.0031455270389397398 2 0.00377463244672768 2 0.0044037378545156297 2 0.0047182905584095998 2 0.0050328432623035699 4
2 -31 13.5 -44 0 0 -1 -3.88578058618804e-16 1 0 1 3.88578058618804e-16 0 7.5447839840064699
2 -31 13.5 -44 0 0 -1 -3.88578058618804e-16 1 0 1 3.88578058618804e-16 0 7.5447839840064699
2 -31 13.5 -44 0 0 -1 -3.88578058618804e-16 1 0 1 3.88578058618804e-16 0 7.5447839840064699
2 -31 13.5 -44 0 0 -1 -3.88578058618804e-16 1 0 1 3.88578058618804e-16 0 7.5447839840064699
2 -31 13.5 -44 0 0 -1 -3.88578058618804e-16 1 0 1 3.88578058618804e-16 0 7.5447839840064699
2 -31 13.5 -44 0 0 -1 -3.88578058618804e-16 1 0 1 3.88578058618804e-16 0 7.5447839840064699
2 -31 13.5 -44 0 0 1 -3.88578058618804e-16 1 0 -1 -3.88578058618804e-16 0 6.7000000000000099
2 -31 13.5 -37.5 0 0 -1 -3.88578058618804e-16 1 0 1 3.88578058618804e-16 0 6.5447839840064699
2 -31 13.5 -37.5 0 0 -1 -3.88578058618804e-16 1 0 1 3.88578058618804e-16 0 5
2 -31 13.5 -45 0 0 -1 -3.88578058618804e-16 1 0 1 3.88578058618804e-16 0 5.7000000000000099
2 -31 13.5 -45 0 0 -1 -3.88578058618804e-16 1 0 1 3.88578058618804e-16 0 5
1 -25.75 13.5 -31 0 0 1 
2 -31 13.5 31 0 0 1 1 0 -0 -0 1 0 5.25
1 -36.25 13.5 -31 0 0 1 
2 -31 13.5 -31 0 0 1 1 0 -0 -0 1 0 5.25
2 -31 13.5 -24 0 0 -1 1 0 0 0 -1 0 30
2 -13.688577540449501 13.5 -16 -1.22464679914735e-16 1 0 -1 -1.22464679914735e-16 0 0 0 1 15
2 -31 13.5 -31 0 0 -1 1 0 0 0 -1 0 17.311422459550499
2 -48.311422459550499 13.5 -16 0 -1 0 0 0 -1 1 0 0 15
2 -31 13.5 31 0 0 1 1 0 -0 -0 1 0 17.311422459550499
2 -13.688577540449501 13.5 16 -1.22464679914735e-16 1 0 -1 -1.22464679914735e-16 0 0 0 1 15
2 -31 13.5 24 0 0 -1 1 0 0 0 -1 0 30
2 -48.311422459550499 13.5 16 0 -1 0 0 0 -1 1 0 0 15
2 -31 13.5 0.33568086760153398 0 0 -1 1 0 0 0 -1 0 50
2 -57 13.5 0.33568086760153398 1.22464679914735e-16 1 0 -1 1.22464679914735e-16 0 0 -0 1 24
2 -5 13.5 0.33568086760153398 0 -1 0 0 0 -1 1 0 0 24
2 -31 13.5 -0.33568086760153398 0 0 1 -1 0 0 0 -1 0 50
2 -5 13.5 -0.33568086760153398 -1.22464679914735e-16 1 0 -1 -1.22464679914735e-16 0 0 0 1 24
2 -57 13.5 -0.33568086760153398 0 -1 0 0 0 -1 1 0 0 24
1 19 13.5 24 -0 -0 -1 
1 -81 13.5 24 -0 -0 -1 
2 -31 13.5 0.33568086760153398 0 0 -1 1 0 0 0 -1 0 50
2 -31 13.5 -0.33568086760153398 0 0 1 -1 0 0 0 -1 0 50
2 -31 13.5 -31 0 0 -1 1 0 0 0 -1 0 17.311422459550499
2 -31 13.5 -31 0 0 1 1 0 -0 -0 1 0 5.25
2 -31 13.5 31 0 0 1 1 0 -0 -0 1 0 17.311422459550499
2 -31 13.5 31 0 0 1 1 0 -0 -0 1 0 5.25
2 -31 13.5 -24 0 0 -1 1 0 0 0 -1 0 30
2 -31 13.5 24 0 0 -1 1 0 0 0 -1 0 30
1 -25.75 13.5 17.5 0 0 1 
2 -31 13.5 43.5 0 0 1 1 0 -0 -0 1 0 5.25
1 -36.25 13.5 17.5 0 0 1 
2 -31 13.5 40.5 0 0 1 1 0 -0 -0 1 0 5.25
1 -34.334666688000702 35.5 66.5 -1 0 0 
1 -56.376591419019398 39.791472196757802 66.5 0.44721359549995793 0.89442719099991586 0 
1 -34.334666688000702 38.5 66.5 -1 0 0 
1 -82.334666688000695 35.5 66.5 -1.5419764230905e-15 -1 0 
1 -87.334666688000695 35.5 66.5 0 0 -1 
1 -87.334666688000695 38.5 61.5 1.5419764230905e-15 1 0 
1 -87.334666688000695 38.5 66.5 -0 -0 -1 
2 -87.334666688000695 35.5 43.5 -1 0 0 0 1 0 0 0 -1 3
1 -87.334666688000695 38.5 40.5 -1.5419764230905e-15 -1 0 
1 -87.334666688000695 30.432615316309999 66.5 0 0 1 
1 -87.334666688000695 38.5 43.5 -1.5419764230905e-15 -1 0 
2 -87.334666688000695 34.5 44.5 1 0 0 -0 1 0 0 -0 1 1
1 -87.334666688000695 29.5 43.5 0.76604444311897901 -0.64278760968653814 0 
1 -86.620241907373796 28.900526430071999 66.5 0 0 -1 
1 -87.334666688000695 29.5 40.5 0.76604444311897901 -0.64278760968653814 0 
1 -65.885422280669303 11.501946928776899 66.5 0 0 1 
1 -64.353333394431303 10.2163717094039 43.5 0.64278760968653814 0.76604444311897901 0 
1 -63.067758175058202 11.7484605956418 66.5 0 0 -1 
1 -64.353333394431303 10.2163717094039 40.5 0.64278760968653814 0.76604444311897901 0 
1 -62.424970565371702 12.514505038760801 66.5 0 0 1 
1 -61.1393953459987 14.046593924998801 43.5 0.76604444311897946 -0.64278760968653759 0 
1 -59.6073064597607 12.7610187056257 40.5 0 0 -1 
1 -61.1393953459987 14.046593924998801 40.5 0.76604444311897901 -0.64278760968653814 0 
1 -55.225076207620702 9.08389091732111 66.5 0 0 1 
1 -49.648728699213898 4.4047797797007 43.5 1 0 0 
1 -42.369324013889901 4.4047797797007 66.5 0 0 -1 
1 -49.648728699213898 4.4047797797007 40.5 1 0 0 
1 -25.503236956419901 4.4047797797007 66.5 0 0 1 
1 -24.648728699213901 4.4047797797007 43.5 0.69126600326375998 -0.72260038246028302 0 
1 -24.058036191499301 3.7873117862282202 40.5 0 0 -1 
1 -24.648728699213901 4.4047797797007 40.5 0.69126600326375998 -0.72260038246028302 0 
1 -19.940726868708801 -0.51663094682781097 66.5 0 0 1 
1 -19 -1.5 43.5 0.925896295822207 0.37777777777777799 0 
1 -17.739970548232598 -0.98589153194470402 66.5 0 0 -1 
1 -19 -1.5 40.5 0.925896295822207 0.37777777777777799 0 
1 21.420888867554901 14.992250418420101 66.5 0 0 1 
1 22.665333311999301 22.5 66.5 -0 -0 -1 
1 22.665333311999301 19.5 61.5 -0 -1 -0 
1 22.665333311999301 19.5 66.5 0 0 -1 
2 22.665333311999301 18.5 44.5 -1 0 0 0 0 1 0 1 -0 1
1 22.665333311999301 15.5 43.5 0 1 0 
1 22.665333311999301 16.8440430100645 66.5 0 0 -1 
1 22.665333311999301 15.5 40.5 0 1 0 
2 22.665333311999301 19.5 43.5 1 0 -0 0 0 1 0 -1 0 3
1 -22.334666688000699 22.5 66.5 1 1.5419764230905001e-16 0 
1 -4.8090031944935197 18.208527803242202 66.5 -0.44721359549995793 -0.89442719099991586 0 
1 -22.334666688000699 19.5 66.5 1 1.5419764230905001e-16 0 
1 17.665333311999301 22.5 66.5 0 1 0 
2 -42.369324013889901 24.4047797797007 43.5 0 0 -1 1 0 0 0 -1 0 20
2 -42.369324013889901 24.4047797797007 40.5 0 0 -1 1 0 0 0 -1 0 20
2 20.665333311999301 16.8440430100645 43.5 0 0 -1 1 0 0 0 -1 0 2
2 20.665333311999301 16.8440430100645 40.5 0 0 -1 1 0 0 0 -1 0 2
2 -18.495526103788201 0.86590105969970999 43.5 0 0 -1 1 0 0 0 -1 0 2
2 -18.495526103788201 0.86590105969970999 40.5 0 0 -1 1 0 0 0 -1 0 2
2 -64.599847061296202 13.034035815014899 43.5 0 0 -1 1 -8.6736173798840296e-16 0 -8.6736173798840296e-16 -1 -0 2
2 -64.599847061296202 13.034035815014899 40.5 0 0 -1 1 -8.6736173798840296e-16 0 -8.6736173798840296e-16 -1 -0 2
2 -85.334666688000695 30.432615316309999 43.5 0 0 -1 1 -3.4694469519536099e-15 0 -3.4694469519536099e-15 -1 -0 2
2 -85.334666688000695 30.432615316309999 40.5 0 0 -1 1 -3.4694469519536099e-15 0 -3.4694469519536099e-15 -1 -0 2
7 1 0  3 4 2  -57.022327517398303 38.5 66.5  1 -54.975495427785802 38.5 66.5  0.91063018620109104 -53.203050842262797 38.5 65.5843748390012  0.91063018620109104 -52.180202888560402 38.5 63.998612267447903  1
 4.7123889803846897 4 5.7599069850476097 4
1 -48.076396338721104 38.5 57.636314915162899 0.54204279753432805 0 -0.84035088245396605 
7 1 0  3 4 2  -47.021836246823099 38.5 56.001387732552097  1 -46.403917808214402 38.5 55.043403773478303  0.96491087264552899 -45.4756215150881 38.5 54.312784435522303  0.96491087264552899 -44.334666688000702 38.5 53.886440103675703  1
 3.6648709757217701 4 4.3166500845670503 4
1 -44.334666688000702 38.5 40.5 0 0 -1 
1 -34.334666688000702 38.5 43.5 -1 0 0 
2 -82.334666688000695 38.5 61.5 0 1 0 0 0 -1 -1 0 0 5
1 -10.7229893711093 22.5 59.010240438453401 -0.54204279753432805 -8.3581721410394902e-17 -0.84035088245396605 
7 1 0  3 4 2  -7.5053917249525401 22.5 63.998612267447903  1 -6.4825437712501897 22.5 65.5843748390012  0.91063018620109104 -4.7100991857271399 22.5 66.5  0.91063018620109104 -2.6632670961146299 22.5 66.5  1
 3.6648709757217701 4 4.7123889803846897 4
2 17.665333311999301 22.5 61.5 0 1 0 -1 0 0 0 -0 1 5
1 -12.3346666880007 22.5 43.5 -1 -1.5419764230905001e-16 -0 
1 -12.3346666880007 22.5 66.5 0 0 1 
2 -12.3346666880007 42.5 40.5 0 0 1 1 0 -0 -0 1 0 23
1 22.665333311999301 19.5 40.5 1 1.5419764230905001e-16 0 
2 -25.503236956419901 2.4047797797007 40.5 0 0 1 1 0 -0 -0 1 0 2
2 -60.892881679133801 11.2289298193877 40.5 0 0 1 1 0 -0 -0 1 0 2
1 -19 35.5 40.5 1 0 0 
2 -44.334666688000702 18.5 40.5 0 0 -1 1 -8.16340459283203e-16 0 -8.16340459283203e-16 -1 -0 17
2 -31 13.5 40.5 0 0 1 1 0 -0 -0 1 0 5.25
2 -44.334666688000702 18.5 53.5 0 0 1 -1 1.7347234759768101e-15 0 -1.7347234759768101e-15 -1 0 20
1 -28.334666688000699 30.5 66.5 0 0 1 
2 -44.334666688000702 18.5 43.5 0 0 1 1 0 -0 -0 1 0 20
7 0 0  3 6 3  -44.334666688000702 38.5 53.886440103675703  -43.995237924421197 38.5 53.759604644477797  -43.6505142208417 38.491365048805697 53.664008472485598  -42.950762774829101 38.455138462863097 53.534224031596302  -42.595740798274797 38.427562332219203 53.5  -42.2349732185316 38.389476798907197 53.5 
 0 4 0.0010689087890741801 2 0.0021378175781483601 4
2 -12.3346666880007 42.5 43.5 0 0 -1 1 1.0408340855860799e-15 0 1.0408340855860799e-15 -1 0 20
7 1 0  3 4 2  -12.662415535194601 22.502685662990601 56.001387732552097  1 -12.553174477644699 22.500895241033199 56.172136446250001  0.99997761909939997 -12.4439224167539 22.5 56.342208301267597  0.99997761909939997 -12.3346666880007 22.5 56.511591878521301  1
 5.15964841346727 4 5.1760365893855003 4
7 0 0  3 14 7  -17.2048668402076 23.1020323106403 53.5  -16.759968561630199 22.990332791456499 53.5  -16.321570262397401 22.896492537710099 53.559073750831999  -15.6732454041019 22.779398630105302 53.729798593535499  -15.4572611664364 22.744134803241099 53.801257490058802  -15.038427914364799 22.6824703562711 53.968958847869601  -14.8350980163898 22.655925251562898 54.0650956991024  -14.440452926931201 22.610175371173401 54.2813711525407  -14.249136284741001 22.5909745368674 54.401507932933001  -13.8791047286118 22.558856605820701 54.666640431962101  -13.7013789178839 22.546056388049401 54.811189647565399  -13.2023682484314 22.516052293030501 55.270928777868797  -12.909649048105001 22.506737732057399 55.614950570011999  -12.662415535194601 22.502685662990601 56.001387732552097 
 6.5052130349130305e-19 4 0.00135568786130249 2 0.0020335317919537399 2 0.00271137572260499 2 0.0033892196532562301 2 0.0040670635839074798 2 0.0054227514452099704 4
2 -12.3346666880007 42.5 53.5 0 0 1 -1 0 0 0 -1 0 20
2 -25.503236956419901 2.4047797797007 43.5 0 0 1 1 0 -0 -0 1 0 2
2 -60.892881679133801 11.2289298193877 43.5 0 0 1 1 0 -0 -0 1 0 2
1 -49.135680747182903 35.5 56.9530557003092 0.54204279753432805 0 -0.84035088245396605 
7 1 0  3 4 2  -53.680202888560402 35.5 63.998612267447903  1 -54.703050842262797 35.5 65.5843748390012  0.91063018620109104 -56.475495427785802 35.5 66.5  0.91063018620109104 -58.522327517398303 35.5 66.5  1
 0.523278322131976 4 1.5707963267949001 4
2 -82.334666688000695 35.5 61.5 0 -1 0 0 0 -1 1 0 0 5
1 -44.334666688000702 35.5 44.5 1 0 0 
1 -44.334666688000702 35.5 66.5 0 0 -1 
7 1 0  3 4 2  -44.334666688000702 35.5 53.534435874444  1 -46.120938407031304 35.5 53.722922449458999  0.92920146713593499 -47.623005758018301 35.5 54.607894455121802  0.92920146713593499 -48.521836246823099 35.5 56.001387732552097  1
 1.6882279662266599 4 2.6183143314578201 4
7 1 0  3 4 2  -4.1632670961146303 19.5 66.5  1 -6.2100991857271399 19.5 66.5  0.91063018620109104 -7.9825437712501799 19.5 65.5843748390012  0.91063018620109104 -9.0053917249525401 19.5 63.998612267447903  1
 1.5707963267949001 4 2.6183143314578201 4
1 -11.782273779571 19.5 59.6934996533071 -0.54204279753432805 -8.3581721410394902e-17 -0.84035088245396605 
1 -12.3346666880007 19.5 66.5 0 0 1 
1 -22.334666688000699 19.5 44.5 1 1.5419764230905001e-16 0 
2 17.665333311999301 19.5 61.5 -0 -1 -0 -1 0 0 0 0 -1 5
1 -19 18.5 43.5 -1 -1.5419764230905001e-16 -0 
2 -12.3346666880007 42.5 43.5 0 0 -1 1 0 0 0 -1 0 24
2 -44.334666688000702 18.5 43.5 0 0 1 1 0 -0 -0 1 0 16
1 -87.334666688000695 34.5 43.5 -1 0 0 
2 -31 13.5 43.5 0 0 1 1 0 -0 -0 1 0 5.25
2 -44.334666688000702 18.5 44.5 0 0 -1 1 1.8367660333872102e-15 0 1.8367660333872102e-15 -1 0 17
7 0 0  3 4 2  -43.685903486349197 35.487616263272002 53.5  -43.902687925536902 35.495895339315197 53.5  -44.118932521425798 35.5 53.511671703832  -44.334666688000702 35.5 53.534435874444 
 0 4 0.00064979448920502402 4
2 -44.334666688000702 18.5 53.5 0 0 1 -1 -8.16340459283203e-16 0 8.16340459283203e-16 -1 0 17
1 -30.734666688000701 28.699999999999999 66.5 0 0 1 
2 -12.3346666880007 42.5 53.5 0 0 1 -1 0 0 0 -1 0 23
2 -12.3346666880007 42.5 44.5 0 0 1 1 0 -0 -0 1 0 23
7 1 0  3 4 2  -14.1287199129202 19.570076907539399 56.001387732552097  1 -13.5317663290996 19.523370841502398 56.963074180972697  0.99949200277629402 -12.9334446417037 19.5 57.908792884304603  0.99949200277629402 -12.3346666880007 19.5 58.837102575121001  1
 5.0979549588609796 4 5.1760365893855003 4
7 0 0  3 14 7  -14.1287199129202 19.570076907539399 56.001387732552097  -14.367977986074701 19.588796626572101 55.615945291357001  -14.6524749706567 19.614745135745501 55.271306714533097  -15.1401731809745 19.671160461444 54.8100412636431  -15.3143910158407 19.693104430779599 54.664832401845601  -15.6755832018998 19.7432093778054 54.399901877637198  -15.8626818394628 19.771350892009501 54.279746397514998  -16.2493414965748 19.834746806483299 54.063371094586898  -16.448903182539699 19.869997730868601 53.967151441115298  -16.860700365913001 19.948748066231602 53.7993461711458  -17.0721999308522 19.992161504519601 53.728311685699801  -17.707449011624298 20.132137563773 53.558582250932801  -18.137563776369898 20.2394399063195 53.5  -18.574572758060899 20.362620474933699 53.5 
 1.16691587357124e-17 4 0.0013420121709300601 2 0.0020130182563950902 2 0.0026840243418601098 2 0.0033550304273251398 2 0.0040260365127901604 2 0.0053680486837202101 4
2 -44.334666688000702 34.5 44.5 -1 0 0 0 0 1 0 1 -0 1
2 -31.534666688000701 28.100000000000001 44.5 -0.59999999999999998 0.80000000000000004 0 -0.80000000000000004 -0.59999999999999998 0 0 0 1 1
2 -12.3346666880007 18.5 44.5 -1 0 0 0 0 1 0 1 -0 1
2 -44.334666688000702 35.5 43.5 1 0 0 0 0 -1 -0 1 0 3
2 -30.734666688000701 28.699999999999999 43.5 0.59999999999999887 -0.80000000000000082 0 0.80000000000000082 0.59999999999999887 0 -0 0 1 3
2 -12.3346666880007 19.5 43.5 1 2.8912057932946798e-16 0 -2.8912057932946798e-16 1 0 0 -0 1 3
1 -46.699147419434397 39.145377654777398 56.001387732552097 0.44721359549995793 0.89442719099991586 0 
1 -54.002891715949097 34.854622345222602 63.998612267447903 -0.44721359549995793 -0.89442719099991586 0 
1 -16.815042118351101 23.881681754353401 53.5 0.44721359549995793 0.89442719099991586 0 
1 -44.325447716364103 34.208527803242198 53.5 -0.44721359549995793 -0.89442719099991586 0 
1 -7.1827028975638498 23.145377654777398 63.998612267447903 0.44721359549995793 0.89442719099991586 0 
1 -14.365865263406601 19.095786206566601 56.001387732552097 -0.44721359549995793 -0.89442719099991586 0 
Polygon3D 0
PolygonOnTriangulations 0
Surfaces 252
2 0 107 0 0 1 0 0 0 -1 -1 0 0 12.5
1 0 107 0 -0 1 0 1 0 0 0 0 -1 
2 0 107 0 0 1 0 0 0 -1 -1 0 0 12.5
1 0 95 0 -0 1 0 1 0 0 0 0 -1 
5 0 91.5 0 0 1 0 0 -0 1 1 0 -0 36.5 3.5
2 0 95 0 0 1 0 0 0 -1 -1 0 0 40
5 0 91.5 0 0 1 0 0 -0 1 1 0 -0 36.5 3.5
2 -31 13.5 -40 0 0 -1 1 0 0 0 -1 0 5.25
2 -31 13.5 -40 0 0 -1 1 0 0 0 -1 0 5.25
1 0 0 37.5 0 0 1 1 0 -0 -0 1 0 
1 0 0 31.5 0 0 1 1 0 -0 -0 1 0 
2 -31 13.5 -40 0 0 -1 1 0 0 0 -1 0 5.25
2 -31 13.5 -40 0 0 -1 1 0 0 0 -1 0 5.25
1 0 0 -31.5 0 0 1 1 0 -0 -0 1 0 
1 0 0 -37.5 0 0 1 1 0 -0 -0 1 0 
2 0 95 0 0 1 0 0 0 -1 -1 0 0 34
2 -15.4515371403625 95 46.5 0 1 0 0 0 -1 -1 0 0 15
1 -30 70 89 -6.9388939039072303e-16 -1 0 -1 6.9388939039072303e-16 0 -0 0 -1 
1 -10 70 89 -1 -1.7347234759768101e-16 0 -1.7347234759768101e-16 1 0 -0 0 -1 
1 -30 50 89 0 1 0 1 0 -0 -0 0 -1 
2 -15.4515371403625 95 46.5 0 1 0 0 0 -1 -1 0 0 15
1 -15 0 -40 -0.87415727612153793 0.48564293117863194 0 0 0 1 0.48564293117863194 0.87415727612153793 -0 
2 0 95 0 0 1 0 0 0 -1 -1 0 0 34
1 0 89 0 -0 1 0 1 0 0 0 0 -1 
2 0 95 0 0 1 0 0 0 -1 -1 0 0 34
2 0 95 0 0 1 0 0 0 -1 -1 0 0 40
1 35 90 -40 0 1 0 1 0 -0 -0 0 -1 
2 -16.393596310755001 95 -52.5 0 1 0 0 0 -1 -1 0 0 15
1 -13.638757979696599 90 37.5 0 -1 0 0 0 -1 1 0 0 
2 -19.844331831711301 86 37.5 0 0 -1 1 0 0 0 -1 0 4
1 -50 39.956301409870001 -40 0.87415727612153793 -0.48564293117863194 0 0 0 -1 0.48564293117863194 0.87415727612153793 0 
1 -22.197945227705599 90 -40 -0 1 0 1 0 0 0 0 -1 
1 -50 39.956301409870001 -40 0.87415727612153793 -0.48564293117863194 0 0 0 -1 0.48564293117863194 0.87415727612153793 0 
2 -19.844331831711301 86 37.5 0 0 -1 1 0 0 0 -1 0 4
1 -13.638757979696599 90 37.5 0 -1 0 0 0 -1 1 0 0 
2 -16.393596310755001 95 52.5 0 1 0 0 0 -1 -1 0 0 15
2 -16.393596310755001 95 52.5 0 1 0 0 0 -1 -1 0 0 15
1 -30 70 89 1 1.7347234759768101e-16 0 -1.7347234759768101e-16 1 0 0 -0 1 
2 -46 38.9197972970804 -40 0 0 -1 1 0 0 0 -1 0 4
1 -50 90 37.5 1 1.5419764230905001e-16 -0 -1.5419764230905001e-16 1 0 0 0 1 
2 -46 4 0 0 0 1 -1 0 0 0 -1 0 4
1 0 0 0 -0 1 0 1 0 0 0 0 -1 
2 -17.353613395994198 4 0 0 0 -1 1 0 0 0 -1 0 4
2 -15.4515371403625 95 -46.5 0 1 0 0 0 -1 -1 0 0 15
2 -19.552193916640999 93 -40 0 0 -1 1 0 0 0 -1 0 4
2 -46 38.9197972970804 -40 0 0 -1 1 0 0 0 -1 0 4
1 0 0 0 -0 1 0 1 0 0 0 0 -1 
2 -17.353613395994198 4 0 0 0 -1 1 0 0 0 -1 0 4
2 -46 4 0 0 0 1 -1 0 0 0 -1 0 4
1 -50 90 37.5 1 1.5419764230905001e-16 -0 -1.5419764230905001e-16 1 0 0 0 1 
2 -31 13.5 -16 0 0 -1 1 0 0 0 -1 0 5.25
2 -31 13.5 -16 0 0 -1 1 0 0 0 -1 0 5.25
1 -45 1.5 40.5 0 0 -1 0 -1 0 -1 -0 -0 
1 -45 1.5 37.5 0 0 -1 0 -1 0 -1 -0 -0 
1 -45 1.5 40.5 -0 1 0 1 0 0 0 0 -1 
2 -16 6.5 40.5 0 0 -1 1 0 0 0 -1 0 5
1 -11 1.5 40.5 -1 0 0 0 0 1 0 1 -0 
2 -11 65.5 37 -1 0 0 0 1 4.6156035342954301e-15 0 4.6156035342954301e-15 -1 3.5
1 -45 65.5 40.5 0 -1 0 0 0 -1 1 0 0 
2 -40 60.5 40.5 0 0 -1 1 0 0 0 -1 0 5
1 -45 1.5 40.5 1 0 0 -0 1 0 0 -0 1 
2 -40 6.5 40.5 0 0 -1 1 0 0 0 -1 0 5
1 -45 1.5 40.5 -0 1 0 1 0 0 0 0 -1 
2 -19 1.5 41.5 -1 -0 0 0 -1 -3.4694469519536099e-15 0 -3.4694469519536099e-15 1 1
1 -40 50.5 42.5 1 9.6373526443155903e-17 0 -9.6373526443155903e-17 1 0 0 -0 1 
1 -40 50.5 42.5 0 -1 0 0 0 -1 1 0 0 
1 -32 50.5 42.5 -1 -1.92747052886312e-16 0 -1.92747052886312e-16 1 0 -0 0 -1 
2 -36 45.5 42.5 0 0 1 -1 0 0 0 -1 0 4
2 -36 45.5 42.5 0 0 1 -1 0 0 0 -1 0 4
1 -19 1.5 41.5 -1 0 0 0 0 1 0 1 -0 
1 -11 65.5 37 -1 0 0 0 0 1 0 1 -0 
1 -27 65.5 37 -1 0 0 0 0 1 0 1 -0 
1 -37 1.5 41.5 -1 0 0 0 0 1 0 1 -0 
2 -19 1.5 41.5 -1 -0 0 0 -1 -3.4694469519536099e-15 0 -3.4694469519536099e-15 1 4
2 -11 65.5 37 -1 0 0 0 1 4.5536491244391099e-15 0 4.5536491244391099e-15 -1 0.5
1 -27 69 37.5 1 2.0189182148087e-30 -5.7824115865893399e-16 -5.7824115865893399e-16 0 -1 -2.0189182148087e-30 1 1.1674216077686093e-45 
1 -11 69 31.5 -1 0 0 0 0 1 0 1 -0 
1 -45 69 37.500000000000298 -8.4976942090430501e-31 -1 -4.6259292692714798e-15 0 4.6259292692714798e-15 -1 1 -8.4976942090430501e-31 -3.9309732362931001e-45 
1 -45 66 37.500000000000298 -8.4976942090430501e-31 -1 -4.6259292692714798e-15 0 4.6259292692714798e-15 -1 1 -8.4976942090430501e-31 -3.9309732362931001e-45 
1 -11 69.5 31.5 1 0 0 -0 1 0 0 -0 1 
1 -27 69.5 31.5 1 0 0 -0 1 0 0 -0 1 
2 -27 69.5 31.5 1 0 0 0 0 -1 -0 1 0 0.499999999999999
2 -27 69.5 31.5 1 0 0 0 0 -1 -0 1 0 3.5
1 -11 69 28 -1 0 0 0 0 1 0 1 -0 
1 -27 81 28 1 0 0 -0 1 0 0 -0 1 
1 -45 1.50000000000001 27.999999999999901 0 -1.15648231731787e-15 1 0 -1 -1.15648231731787e-15 1 0 0 
1 -45 1.50000000000001 30.999999999999901 0 -1.15648231731787e-15 1 0 -1 -1.15648231731787e-15 1 0 0 
1 -11 81 27.5 -1 0 0 0 0 1 0 1 -0 
1 -27 81 27.5 -1 0 0 0 0 1 0 1 -0 
2 -11 81 27.5 -1 0 0 0 1 3.4694469519536099e-15 0 3.4694469519536099e-15 -1 0.5
2 -11 81 27.5 -1 0 0 0 1 4.9563527885051603e-15 0 4.9563527885051603e-15 -1 3.5
1 -27 84.5 28 1 0 0 -0 1 0 0 -0 1 
1 -11 84.500000000000298 -16 -1 0 0 0 0 1 0 1 -0 
1 -45 84.5 37.500000000000398 0 -1 -4.7310640253912901e-15 0 4.7310640253912901e-15 -1 1 0 0 
1 -45 81.5 37.500000000000398 0 -1 -4.7310640253912901e-15 0 4.7310640253912901e-15 -1 1 0 0 
2 -22 84.500000000000199 -11 0 1 5.5511151231257898e-15 0 5.5511151231257898e-15 -1 -1 0 0 5
2 -16 84.500000000000199 -11 0 1 5.5511151231257898e-15 0 5.5511151231257898e-15 -1 -1 0 0 5
1 -27 84.500000000000298 -16 0 -4.6479636561609998e-15 1 0 -1 -4.6479636561609998e-15 1 0 0 
1 -37 -2.5 40.5 1 0 0 -0 1 0 0 -0 1 
1 -19 -2.50000000000002 47.5 -1 1.7305013269788899e-30 -4.9563527885051603e-16 -4.9563527885051603e-16 0 1 1.7305013269788899e-30 1 8.576975077483701e-46 
1 -45 -2.49999999999998 37.5 0 1 3.4914813388431298e-15 0 3.4914813388431298e-15 -1 -1 0 0 
1 -45 0.50000000000001499 37.5 0 1 3.4914813388431298e-15 0 3.4914813388431298e-15 -1 -1 0 0 
2 -36 -2.50000000000002 46.5 0 -1 -3.4694469519536099e-15 0 -3.4694469519536099e-15 1 -1 -0 0 1
2 -20 -2.50000000000002 46.5 0 -1 -3.4694469519536099e-15 0 -3.4694469519536099e-15 1 -1 -0 0 1
1 -37 -2.50000000000002 47.5 0 3.4914813388431298e-15 -1 -1 0 0 0 1 3.4914813388431298e-15 
1 -45 1.5 42.5 0 0 1 1 0 -0 -0 1 0 
2 -46 101.5 33.5 0 -1 0 1 0 0 -0 0 1 5.5
1 0 107.5 0 -0 1 0 1 0 0 0 0 -1 
1 -43.303563182020902 101.5 28.706334545815 -0.49026123963255913 0 0.87157553712454927 -0.87157553712454927 0 -0.49026123963255913 -0 -1 0 
1 0 101.5 0 -0 1 0 1 0 0 0 0 -1 
2 -46 101.5 33.5 0 -1 0 1 0 0 -0 0 1 5.5
2 38 101.5 38 0 -1 0 1 0 0 -0 0 1 5.5
1 43.303563182020902 101.5 28.706334545815 -0.49026123963255913 0 -0.87157553712454927 0 1 0 0.87157553712454927 0 -0.49026123963255913 
2 38 101.5 38 0 -1 0 1 0 0 -0 0 1 5.5
2 38 101.5 -38 0 -1 0 1 0 0 -0 0 1 5.5
1 48.696436817979098 101.5 -38.293665454185003 -0.49026123963255913 0 0.87157553712454927 -0.87157553712454927 0 -0.49026123963255913 -0 -1 0 
2 38 101.5 -38 0 -1 0 1 0 0 -0 0 1 5.5
2 -46 101.5 -33.5 0 -1 0 1 0 0 -0 0 1 5.5
1 -48.696436817979098 101.5 -38.293665454185003 -0.49026123963255913 0 -0.87157553712454927 0 1 0 0.87157553712454927 0 -0.49026123963255913 
2 -46 101.5 -33.5 0 -1 0 1 0 0 -0 0 1 5.5
5 0 104.5 0 -0 1 0 1 0 0 0 0 -1 42.828427124746199 3
5 0 104.5 0 -0 1 0 1 0 0 0 0 -1 42.828427124746199 3
1 0 105.5 0 -0 1 0 1 0 0 0 0 -1 
5 0 102.5 0 0 -1 0 -1 0 0 -0 -0 -1 35 5
1 0 107.5 0 -0 1 0 1 0 0 0 0 -1 
5 0 102.5 0 0 -1 0 -1 0 0 -0 -0 -1 35 5
5 0 102.5 0 -0 1 0 1 0 0 0 0 -1 31.5 5
5 0 102.5 0 -0 1 0 1 0 0 0 0 -1 31.5 5
1 0 105.5 0 -0 1 0 1 0 0 0 0 -1 
5 0 97 0 0 -1 0 -1 0 0 -0 -0 -1 38 2
2 0 95 0 0 -1 0 1 0 0 -0 0 1 40
5 0 97 0 0 -1 0 -1 0 0 -0 -0 -1 38 2
1 0 95 0 0 -1 0 0 0 1 -1 0 0 
2 0 95 0 0 -1 0 1 0 0 -0 0 1 40
2 -38 101.5 38 0 -1 0 1 0 0 -0 0 1 5.5
2 -38 101.5 38 0 -1 0 1 0 0 -0 0 1 5.5
2 46 101.5 33.5 0 -1 0 1 0 0 -0 0 1 5.5
2 46 101.5 33.5 0 -1 0 1 0 0 -0 0 1 5.5
2 46 101.5 -33.5 0 -1 0 1 0 0 -0 0 1 5.5
2 46 101.5 -33.5 0 -1 0 1 0 0 -0 0 1 5.5
2 -38 101.5 -38 0 -1 0 1 0 0 -0 0 1 5.5
2 -38 101.5 -38 0 -1 0 1 0 0 -0 0 1 5.5
2 0 95 0 0 -1 0 1 0 0 -0 0 1 12.5
2 0 95 0 0 -1 0 1 0 0 -0 0 1 12.5
1 -57.5 101.5 -50 0 0 -1 1 0 0 0 -1 0 
2 53.5 101.5 -46 0 -1 0 1 0 0 -0 0 1 4
1 57.5 101.5 -50 1 0 -6.9388939039072296e-17 -6.9388939039072296e-17 0 -1 0 1 0 
2 53.5 101.5 46 0 -1 0 1 0 0 -0 0 1 4
1 -57.5 101.5 50 0 0 1 0 -1 0 1 0 -0 
2 -53.5 101.5 46 0 -1 0 1 0 0 -0 0 1 4
1 -57.5 101.5 -50 -1 0 -6.9388939039072296e-17 0 1 0 6.9388939039072296e-17 0 -1 
2 -53.5 101.5 -46 0 -1 0 1 0 0 -0 0 1 4
1 -48.696436817979098 101.5 38.293665454185003 0.49026123963255913 0 -0.87157553712454927 0 -1 0 -0.87157553712454927 -0 -0.49026123963255913 
1 48.696436817979098 101.5 38.293665454185003 0.49026123963255913 0 0.87157553712454927 0 -1 0 0.87157553712454927 0 -0.49026123963255913 
1 -43.303563182020902 101.5 -28.706334545815 0.49026123963255913 0 0.87157553712454927 0 -1 0 0.87157553712454927 0 -0.49026123963255913 
1 43.303563182020902 101.5 -28.706334545815 0.49026123963255913 0 -0.87157553712454927 0 -1 0 -0.87157553712454927 -0 -0.49026123963255913 
5 -31 13.5 32.562095046036198 -0 0 -1 -0.86602540378443849 -0.50000000000000033 0 -0.50000000000000033 0.86602540378443849 0 2.7583026557127401 15.825120832034999
1 -31 13.5 48 -0 0 -1 -0.86602540378443849 -0.50000000000000033 0 -0.50000000000000033 0.86602540378443849 0 
5 -31 13.5 32.562095046036198 -0 0 -1 -0.86602540378443849 -0.50000000000000033 0 -0.50000000000000033 0.86602540378443849 0 2.7583026557127401 15.825120832034999
1 -31 22.737604307034001 43.5 -0.49999999999999989 -0.86602540378443882 0 0 0 1 -0.86602540378443882 0.49999999999999989 0 
1 -39 18.118802153516999 43.5 0.49999999999999989 -0.86602540378443882 0 0 0 1 -0.86602540378443882 -0.49999999999999989 0 
1 -39 8.8811978464829906 43.5 1 6.6613381477509402e-16 -0 -6.6613381477509402e-16 1 0 0 0 1 
2 -31 13.5 -47 0 0 -1 0.86602540378443849 0.50000000000000033 0 0.50000000000000033 -0.86602540378443849 0 5
1 -31 13.5 -47 -0 0 -1 -0.86602540378443849 -0.50000000000000033 0 -0.50000000000000033 0.86602540378443849 0 
2 -31 13.5 -47 0 0 -1 0.86602540378443849 0.50000000000000033 0 0.50000000000000033 -0.86602540378443849 0 5
1 -31 13.5 43.5 -0 0 -1 -0.86602540378443849 -0.50000000000000033 0 -0.50000000000000033 0.86602540378443849 0 
1 -31 4.2623956929659803 43.5 0.49999999999999989 0.86602540378443882 0 0 0 -1 -0.86602540378443882 0.49999999999999989 0 
1 -23 18.118802153516999 43.5 -1 -6.6613381477509402e-16 0 0 0 1 -6.6613381477509402e-16 1 0 
1 -23 8.8811978464829906 43.5 -0.49999999999999989 0.86602540378443882 0 -0.86602540378443882 -0.49999999999999989 0 0 0 1 
5 -31 13.5 -44.5 0 0 -1 -3.88578058618804e-16 1 0 1 3.88578058618804e-16 0 5.7000000000000002 0.5
5 -31 13.5 -44.5 0 0 -1 -3.88578058618804e-16 1 0 1 3.88578058618804e-16 0 6.7000000000000002 0.5
5 -31 13.5 -44.5 0 0 -1 -3.88578058618804e-16 1 0 1 3.88578058618804e-16 0 5.7000000000000002 0.5
1 -31 13.5 -45 0 0 -1 1 0 0 0 -1 0 
5 -31 13.5 -44.5 0 0 -1 -3.88578058618804e-16 1 0 1 3.88578058618804e-16 0 6.7000000000000002 0.5
1 -31 13.5 -44 0 0 -1 1 0 0 0 -1 0 
5 -31 13.5 -39.5 0 0 -1 -3.88578058618804e-16 1 0 1 3.88578058618804e-16 0 6.5447839840064601 2
1 -31 13.5 -37.5 0 0 -1 1 0 0 0 -1 0 
5 -31 13.5 -39.5 0 0 -1 -3.88578058618804e-16 1 0 1 3.88578058618804e-16 0 6.5447839840064601 2
1 -26.7276080079968 6.0999999999999899 -45 4.9960036108132005e-16 1 0 1 -4.9960036108132005e-16 0 0 0 -1 
1 -22.4552160159935 13.5 -45 -0.86602540378443882 0.49999999999999989 0 0 0 -1 -0.49999999999999989 -0.86602540378443882 -0 
1 -26.7276080079968 20.899999999999999 -45 -0.86602540378443882 -0.49999999999999989 -0 -0.49999999999999989 0.86602540378443882 0 0 0 -1 
1 -35.2723919920032 20.899999999999999 -45 -4.9960036108132005e-16 -1 -0 -1 4.9960036108132005e-16 0 0 0 -1 
2 -31 13.5 -45 0 0 -1 3.88578058618804e-16 -1 0 -1 -3.88578058618804e-16 -0 5
2 -31 13.5 -45 0 0 -1 3.88578058618804e-16 -1 0 -1 -3.88578058618804e-16 -0 5
5 -31 13.5 -41.692521789935 0 0 -1 -3.88578058618804e-16 1 0 1 3.88578058618804e-16 0 6.2373057739414204 2.6521604325002399
5 -31 13.5 -41.692521789935 0 0 -1 -3.88578058618804e-16 1 0 1 3.88578058618804e-16 0 6.2373057739414204 2.6521604325002399
5 -31 13.5 -41.692521789935 0 0 -1 -3.88578058618804e-16 1 0 1 3.88578058618804e-16 0 6.2373057739414204 2.6521604325002399
5 -31 13.5 -41.692521789935 0 0 -1 -3.88578058618804e-16 1 0 1 3.88578058618804e-16 0 6.2373057739414204 2.6521604325002399
1 -35.2723919920032 6.0999999999999899 -45 0.86602540378443882 0.49999999999999989 -0 0 0 1 0.49999999999999989 -0.86602540378443882 0 
5 -31 13.5 -41.692521789935 0 0 -1 -3.88578058618804e-16 1 0 1 3.88578058618804e-16 0 6.2373057739414204 2.6521604325002399
1 -39.5447839840065 13.5 -45 0.86602540378443882 -0.49999999999999989 0 0 0 1 -0.49999999999999989 -0.86602540378443882 0 
5 -31 13.5 -41.692521789935 0 0 -1 -3.88578058618804e-16 1 0 1 3.88578058618804e-16 0 6.2373057739414204 2.6521604325002399
2 -31 13.5 -31 0 0 -1 1 0 0 0 -1 0 5.25
2 -31 13.5 -31 0 0 -1 1 0 0 0 -1 0 5.25
1 -31 13.5 31 0 0 1 1 0 -0 -0 1 0 
1 -31 13.5 -31 0 0 1 1 0 -0 -0 1 0 
5 -31 13.5 -16 0 0 -1 -1 0 0 0 1 0 17.311422459550499 15
5 -31 13.5 -0.33568086760153398 0 0 -1 -1 0 0 0 1 0 26 24
5 -31 13.5 -16 0 0 -1 -1 0 0 0 1 0 17.311422459550499 15
5 -31 13.5 16 0 0 -1 -1 0 0 0 1 0 17.311422459550499 15
5 -31 13.5 16 0 0 -1 -1 0 0 0 1 0 17.311422459550499 15
5 -31 13.5 0.33568086760153398 0 0 1 1 0 -0 -0 1 0 26 24
2 -31 13.5 24 0 0 1 -1 0 0 0 -1 0 50
5 -31 13.5 0.33568086760153398 0 0 1 1 0 -0 -0 1 0 26 24
5 -31 13.5 -0.33568086760153398 0 0 -1 -1 0 0 0 1 0 26 24
2 -31 13.5 24 0 0 1 -1 0 0 0 -1 0 50
2 -31 13.5 17.5 0 0 -1 1 0 0 0 -1 0 5.25
2 -31 13.5 17.5 0 0 -1 1 0 0 0 -1 0 5.25
1 -19 -1.5 43.5 0 0 1 1 0 -0 -0 1 0 
1 -19 -1.5 40.5 0 0 1 1 0 -0 -0 1 0 
1 -19 -1.5 66.5 0 0 1 1 0 -0 -0 1 0 
1 -34.334666688000702 35.5 66.5 0 -1 0 0 0 -1 1 0 0 
2 -41.0847953515188 70.375064331759006 61.5 -0.44721359549995715 -0.8944271909999163 0 -0.8944271909999163 0.44721359549995715 0 -0 0 -1 5
1 -34.334666688000702 38.5 66.5 0 -1 0 0 0 -1 1 0 0 
2 -82.334666688000695 -1.4999999999999001 61.5 -1.5419764230904899e-15 -1 0 -1 1.5419764230904899e-15 0 -0 0 -1 5
1 -87.334666688000695 38.5 66.5 1 -1.5419764230905e-15 0 -1.5419764230905e-15 -1 0 0 -0 -1 
2 -34.334666688000702 35.5 43.5 1 0 -0 0 0 1 0 -1 0 3
2 -85.334666688000695 30.432615316309999 66.5 0 0 1 -1 0 0 0 -1 0 2
2 -19 34.5 44.5 -1 0 0 0 0 -1 -0 -1 -0 1
1 -87.334666688000695 29.5 66.5 0.64278760968653814 0.76604444311897912 0 0 0 -1 -0.76604444311897912 0.64278760968653814 0 
2 -64.599847061296202 13.034035815014899 66.5 0 0 1 -1 0 0 0 -1 0 2
1 -64.353333394431303 10.2163717094039 66.5 -0.76604444311897912 0.64278760968653814 0 0 0 1 0.64278760968653814 0.76604444311897912 -0 
2 -60.892881679133801 11.2289298193877 66.5 0 0 -1 1 0 0 0 -1 0 2
1 -61.1393953459987 14.046593924998801 66.5 0.64278760968653759 0.76604444311897946 0 0 0 -1 -0.76604444311897946 0.64278760968653759 0 
2 -42.369324013889901 24.4047797797007 66.5 0 0 1 -1 0 0 0 -1 0 20
1 -49.648728699213898 4.4047797797007 66.5 -0 1 0 1 0 0 0 0 -1 
2 -25.503236956419901 2.4047797797007 66.5 0 0 -1 1 0 0 0 -1 0 2
1 -24.648728699213901 4.4047797797007 66.5 0.72260038246028302 0.69126600326375998 0 0 0 -1 -0.69126600326375998 0.72260038246028302 0 
2 -18.495526103788201 0.86590105969970999 66.5 0 0 1 -1 0 0 0 -1 0 2
1 -19 -1.5 66.5 -0.37777777777777799 0.925896295822207 0 0 0 1 0.925896295822207 0.37777777777777799 -0 
2 20.665333311999301 16.8440430100645 66.5 0 0 1 -1 0 0 0 -1 0 2
1 22.665333311999301 15.5 66.5 -1 0 0 0 0 1 0 1 -0 
1 -22.334666688000699 22.5 66.5 -1.5419764230905001e-16 1 0 1 1.5419764230905001e-16 0 0 0 -1 
2 17.665333311999301 -1.5 61.5 0 1 0 0 0 -1 -1 0 0 5
1 -22.334666688000699 19.5 66.5 -1.5419764230905001e-16 1 0 1 1.5419764230905001e-16 0 0 0 -1 
2 -22.334666688000699 18.5 44.5 -1 0 0 0 1 0 0 0 -1 1
2 -19 19.5 43.5 1 1.5419764230905001e-16 0 1.5419764230905001e-16 -1 0 0 0 -1 3
1 -19 -1.5 66.5 0 0 1 1 0 -0 -0 1 0 
2 -15.530613676891701 -3.2346931615541501 61.5 -0.44721359549995798 -0.89442719099991597 0 -0.89442719099991597 0.44721359549995798 0 -0 0 -1 5
1 -31.793647025503802 65.729490168751596 53.5 -0.77473994061406581 0.38736997030703291 -0.49972245348957689 -0.54204279753432771 -1.6653345369377348e-16 0.84035088245396639 0.32552669638368176 0.92192434944757173 0.20997110238601366 
2 -29.210702631988301 64.438017971993801 58.5 -0.44721359549995676 -0.89442719099991652 0 -0.89442719099991652 0.44721359549995676 0 -0 0 -1 5
2 -44.334666688000702 18.5 66.5 0 0 -1 1 0 0 0 -1 0 20
1 6.2195085919925797 46.722912360003399 66.5 0.77473994061406581 -0.38736997030703291 -0.49972245348957689 -1.9428902930940235e-16 -0.79034990388555393 0.61265571851415512 -0.63228002057420252 -0.47464885497852427 -0.61231563760062679 
2 -12.3346666880007 42.5 66.5 0 0 -1 1 0 0 0 -1 0 20
5 -12.3346666880007 42.5 43.5 0 0 1 1 0 -0 -0 1 0 23 3
5 -44.334666688000702 18.5 43.5 0 0 1 1 0 -0 -0 1 0 17 3
1 -0.48869534050678698 50.077014326253099 53.5 0 0 -1 0 -1 0 -1 -0 -0 
2 -3.0716397340223698 51.368486523010901 58.5 -0.44721359549995798 -0.89442719099991597 0 -0.89442719099991597 0.44721359549995798 0 -0 0 -1 5
2 -44.334666688000702 18.5 66.5 0 0 -1 1 0 0 0 -1 0 17
2 -12.3346666880007 42.5 66.5 0 0 -1 1 0 0 0 -1 0 23
5 -12.3346666880007 42.5 44.5 0 0 1 1 0 -0 -0 1 0 24 1
5 -44.334666688000702 18.5 44.5 0 0 1 1 0 -0 -0 1 0 16 1
Triangulations 0

TShapes 1597
Ve
1e-07
1.53080849893419e-15 107 12.5
0 0

0101101
*
Ve
1e-07
0 107 -12.5
0 0

0101101
*
Ed
 1e-07 1 1 0
1  1 0 0 3.14159265358979
2  1 1 0 0 3.14159265358979
4 C0 1 0 2 0
0

0101000
+1597 0 -1596 0 *
Ve
1e-07
1.53080849893419e-15 95 12.5
0 0

0101101
*
Ed
 1e-07 1 1 0
1  2 0 -0 12
2  2 1 0 -0 12
2  3 3 0 -0 12
4 CN 1 0 3 0
0

0101000
+1597 0 -1594 0 *
Ve
1e-07
0 95 -12.5
0 0

0101101
*
Ed
 1e-07 1 1 0
1  3 0 0 3.14159265358979
2  4 1 0 0 3.14159265358979
4 C0 1 0 4 0
0

0101000
+1594 0 -1592 0 *
Ed
 1e-07 1 1 0
1  4 0 -0 12
2  5 1 0 -0 12
2  6 3 0 -0 12
4 CN 1 0 3 0
0

0101000
+1596 0 -1592 0 *
Wi

0101100
-1595 0 +1593 0 +1591 0 -1590 0 *
Fa
0  1e-07 1 0

0111000
+1589 0 *
Ve
1e-07
0 91.5 -40
0 0

0101101
*
Ve
1e-07
4.89858719658941e-15 91.5 40
0 0

0101101
*
Ed
 1e-07 1 1 0
1  5 0 3.14159265358979 6.28318530717959
2  7 5 0 3.14159265358979 6.28318530717959
2  8 6 0 3.14159265358979 6.28318530717959
4 G1 5 0 6 0
0

0101000
+1587 0 -1586 0 *
Ve
1e-07
4.68427400673863e-15 95 -36.5
0 0

0101101
*
Ed
 1e-07 1 1 0
1  6 0 0 1.5707963267949
2  9 5 0 0 1.5707963267949
2  10 7 0 0 1.5707963267949
4 CN 5 0 7 0
0

0101000
+1587 0 -1584 0 *
Ve
1e-07
0 95 36.5
0 0

0101101
*
Ed
 1e-07 1 1 0
1  7 0 0 3.14159265358979
2  11 5 0 0 3.14159265358979
4 G1 5 0 4 0
0

0101000
+1582 0 -1584 0 *
Ed
 1e-07 1 1 0
1  8 0 0 1.5707963267949
2  12 5 0 0 1.5707963267949
2  13 7 0 0 1.5707963267949
4 CN 5 0 7 0
0

0101000
+1586 0 -1582 0 *
Wi

0101100
-1585 0 +1583 0 -1581 0 -1580 0 *
Fa
0  1e-07 5 0

0111000
+1579 0 *
Ve
1e-07
-25.75 13.5 31.5
0 0

0101101
*
Ve
1e-07
-25.75 13.5 37.5
0 0

0101101
*
Ed
 1e-07 1 1 0
1  9 0 71.5 77.5
2  14 8 0 71.5 77.5
2  15 9 0 71.5 77.5
4 CN 8 0 9 0
0

0101000
+1577 0 -1576 0 *
Ve
1e-07
-36.25 13.5 37.5
0 0

0101101
*
Ed
 1e-07 1 1 0
1  10 0 3.14159265358979 6.28318530717959
2  16 8 0 3.14159265358979 6.28318530717959
4 C0 8 0 10 0
0

0101000
+1574 0 -1576 0 *
Ve
1e-07
-36.25 13.5 31.5
0 0

0101101
*
Ed
 1e-07 1 1 0
1  11 0 71.5 77.5
2  17 8 0 71.5 77.5
2  18 9 0 71.5 77.5
4 CN 8 0 9 0
0

0101000
+1572 0 -1574 0 *
Ed
 1e-07 1 1 0
1  12 0 3.14159265358979 6.28318530717959
2  19 8 0 3.14159265358979 6.28318530717959
4 C0 8 0 11 0
0

0101000
+1572 0 -1577 0 *
Wi

0101100
+1575 0 -1573 0 -1571 0 +1570 0 *
Fa
0  1e-07 8 0

0111000
+1569 0 *
Ve
1e-07
-25.75 13.5 -37.5
0 0

0101101
*
Ve
1e-07
-25.75 13.5 -31.5
0 0

0101101
*
Ed
 1e-07 1 1 0
1  13 0 2.5 8.5
2  20 12 0 2.5 8.5
2  21 13 0 2.5 8.5
4 CN 12 0 13 0
0

0101000
+1567 0 -1566 0 *
Ve
1e-07
-36.25 13.5 -31.5
0 0

0101101
*
Ed
 1e-07 1 1 0
1  14 0 3.14159265358979 6.28318530717959
2  22 12 0 3.14159265358979 6.28318530717959
4 C0 12 0 14 0
0

0101000
+1564 0 -1566 0 *
Ve
1e-07
-36.25 13.5 -37.5
0 0

0101101
*
Ed
 1e-07 1 1 0
1  15 0 2.5 8.5
2  23 12 0 2.5 8.5
2  24 13 0 2.5 8.5
4 CN 12 0 13 0
0

0101000
+1562 0 -1564 0 *
Ed
 1e-07 1 1 0
1  16 0 3.14159265358979 6.28318530717959
2  25 12 0 3.14159265358979 6.28318530717959
4 C0 12 0 15 0
0

0101000
+1562 0 -1567 0 *
Wi

0101100
+1565 0 -1563 0 -1561 0 +1560 0 *
Fa
0  1e-07 12 0

0111000
+1559 0 *
Ve
1e-07
-10.7214747504556 70 32.265306122449
0 0

0101101
*
Ve
1e-07
-10.7214747504556 89 32.265306122449
0 0

0101101
*
Ed
 1e-07 1 1 0
1  17 0 -25 -6
2  26 16 0 -25 -6
2  27 17 0 -25 -6
4 G1 16 0 17 0
0

0101000
+1557 0 -1556 0 *
Ve
1e-07
-10 70 32.4961536185438
0 0

0101101
*
Ed
 1e-07 1 1 0
1  18 0 1.86932852797977 1.89160859726787
2  28 16 0 1.86932852797977 1.89160859726787
4 C0 16 0 18 0
0

0101000
+1554 0 -1557 0 *
Ve
1e-07
-10 50 32.4961536185438
0 0

0101101
*
Ed
 1e-07 1 1 0
1  19 0 -45 -25
2  29 16 0 -45 -25
4 C0 16 0 19 0
0

0101000
+1552 0 -1554 0 *
Ve
1e-07
-10.7214747504556 50 32.265306122449
0 0

0101101
*
Ed
 1e-07 1 1 0
1  20 0 5.96237303670662 5.98465310599471
2  30 16 0 5.96237303670662 5.98465310599471
4 C0 16 0 20 0
0

0101000
+1550 0 -1552 0 *
Ve
1e-07
-10.7214747504556 7.70134544917994 32.265306122449
0 0

0101101
*
Ed
 1e-07 1 1 0
1  21 0 -87.2986545508201 -45
2  31 16 0 -87.2986545508201 -45
2  32 21 0 -87.2986545508201 -45
4 G1 16 0 21 0
0

0101000
+1548 0 -1550 0 *
Ve
1e-07
4.163799117101e-15 27 34
0 0

0101101
*
Ed
 1e-07 1 1 0
1  22 0 1.24998405632193 1.5707963267949
2  33 16 0 1.24998405632193 1.5707963267949
4 C0 16 0 22 0
0

0101000
+1548 0 -1546 0 *
Ve
1e-07
4.163799117101e-15 89 34
0 0

0101101
*
Ed
 1e-07 1 1 0
1  23 0 6 68
2  34 16 0 6 68
2  35 23 0 6 68
4 CN 16 0 23 0
0

0101000
+1544 0 -1546 0 *
Ed
 1e-07 1 1 0
1  24 0 5.96237303670662 6.28318530717959
2  36 16 0 5.96237303670662 6.28318530717959
4 C0 16 0 24 0
0

0101000
+1556 0 -1544 0 *
Wi

0101100
-1555 0 -1553 0 -1551 0 -1549 0 -1547 0 +1545 0 -1543 0 -1542 0 *
Fa
0  1e-07 16 0

0111000
+1541 0 *
Ve
1e-07
0 27 -34
0 0

0101101
*
Ed
 1e-07 1 1 0
1  25 0 1.5707963267949 4.71238898038469
2  37 23 0 1.5707963267949 4.71238898038469
4 C0 23 0 22 0
0

0101000
+1546 0 -1539 0 *
Ve
1e-07
0 89 -34
0 0

0101101
*
Ed
 1e-07 1 1 0
1  26 0 6 68
2  38 23 0 6 68
2  39 25 0 6 68
4 CN 23 0 25 0
0

0101000
+1537 0 -1539 0 *
Ed
 1e-07 1 1 0
1  27 0 0 3.14159265358979
2  40 23 0 0 3.14159265358979
4 C0 23 0 24 0
0

0101000
+1544 0 -1537 0 *
Wi

0101100
+1538 0 -1536 0 -1535 0 +1543 0 *
Fa
0  1e-07 23 0

0111000
+1534 0 *
Ve
1e-07
4.89858719658941e-15 27 40
0 0

0101101
*
Ed
 1e-07 1 1 0
1  28 0 3.5 68
2  41 6 0 3.5 68
2  42 26 0 3.5 68
4 CN 6 0 26 0
0

0101000
+1586 0 -1532 0 *
Ve
1e-07
35 90 19.3649167310371
0 0

0101101
*
Ed
 1e-07 1 1 0
1  29 0 1.5707963267949 2.63623214330564
2  43 6 0 1.5707963267949 2.63623214330564
4 C0 6 0 22 0
0

0101000
+1532 0 -1530 0 *
Ve
1e-07
35 90 -19.3649167310371
0 0

0101101
*
Ed
 1e-07 1 1 0
1  30 0 1.06543581651074 2.07615683707905
2  44 6 0 1.06543581651074 2.07615683707905
4 C0 6 0 27 0
0

0101000
+1530 0 -1528 0 *
Ve
1e-07
0 27 -40
0 0

0101101
*
Ed
 1e-07 1 1 0
1  31 0 3.64695316387395 4.71238898038469
2  45 6 0 3.64695316387395 4.71238898038469
4 C0 6 0 22 0
0

0101000
+1528 0 -1526 0 *
Ed
 1e-07 1 1 0
1  32 0 3.5 68
2  46 6 0 3.5 68
2  47 26 0 3.5 68
4 CN 6 0 26 0
0

0101000
+1587 0 -1526 0 *
Wi

0101100
+1585 0 +1531 0 +1529 0 +1527 0 +1525 0 -1524 0 *
Fa
0  1e-07 6 0

0111000
+1523 0 *
Ed
 1e-07 1 1 0
1  33 0 0 3.14159265358979
2  48 26 0 0 3.14159265358979
2  49 7 0 0 3.14159265358979
4 G1 26 0 7 0
0

0101000
+1586 0 -1587 0 *
Ve
1e-07
-11.9226154987309 5.53929210228434 -38.1818181818182
0 0

0101101
*
Ed
 1e-07 1 1 0
1  34 0 4.71238898038469 5.01505425433912
2  50 26 0 4.71238898038469 5.01505425433912
4 C0 26 0 22 0
0

0101000
+1526 0 -1520 0 *
Ve
1e-07
-11.9226154987309 90 -38.1818181818182
0 0

0101101
*
Ed
 1e-07 1 1 0
1  35 0 -89.4607078977157 -5
2  51 26 0 -89.4607078977157 -5
2  52 28 0 -89.4607078977157 -5
4 G1 26 0 28 0
0

0101000
+1520 0 -1518 0 *
Ve
0.000185746152233296
-19.8443318317113 90 -34.7304260577513
0 0

0101101
*
Ed
 1e-07 1 1 0
1  36 0 5.76407448518427 5.98052003322516
2  53 26 0 5.76407448518427 5.98052003322516
4 C0 26 0 29 0
0

0101000
+1516 0 -1518 0 *
Ve
0.000185746152233296
-23.3409609361975 87.9425717247145 -32.4838350964739
0 0

0101101
*
Ed
 0.000185746152233296 1 1 0
1  37 0 0 0.0047768859711766
2  54 26 0 0 0.0047768859711766
2  55 30 0 0 0.0047768859711766
4 C0 26 0 30 0
0

0101000
+1516 0 -1514 0 *
Ve
1e-07
-22.1979452277056 90 -33.275384711041
0 0

0101101
*
Ed
 1e-07 1 1 0
1  38 0 5.30069019472978 5.33545035825722
2  56 26 0 5.30069019472978 5.33545035825722
4 C0 26 0 31 0
0

0101000
+1512 0 -1514 0 *
Ve
1e-07
-22.1979452277056 90 33.275384711041
0 0

0101101
*
Ed
 1e-07 1 1 0
1  39 0 3.72989386793488 5.6948840928345
2  57 26 0 3.72989386793488 5.6948840928345
4 C0 26 0 32 0
0

0101000
+1512 0 -1510 0 *
Ve
0.000246221714467012
-23.3409609361975 87.9425717247145 32.4838350964739
0 0

0101101
*
Ed
 1e-07 1 1 0
1  40 0 0.947734948922363 0.982495112449809
2  58 26 0 0.947734948922363 0.982495112449809
4 C0 26 0 33 0
0

0101000
+1508 0 -1510 0 *
Ve
0.000246221714467012
-19.8443318317113 90 34.7304260577513
0 0

0101101
*
Ed
 0.000246221714467012 1 1 0
1  41 0 0 0.00479400875786546
2  59 26 0 0 0.00479400875786546
2  60 34 0 0 0.00479400875786546
4 C0 26 0 34 0
0

0101000
+1508 0 -1506 0 *
Ve
1e-07
-11.9226154987309 90 38.1818181818182
0 0

0101101
*
Ed
 1e-07 1 1 0
1  42 0 3.44425792754422 3.66070347558511
2  61 26 0 3.44425792754422 3.66070347558511
4 C0 26 0 35 0
0

0101000
+1504 0 -1506 0 *
Ve
1e-07
-11.9226154987309 70 38.1818181818182
0 0

0101101
*
Ed
 1e-07 1 1 0
1  43 0 5 25
2  62 26 0 5 25
2  63 36 0 5 25
4 G1 26 0 36 0
0

0101000
+1504 0 -1502 0 *
Ve
1e-07
-10 70 38.7298334620742
0 0

0101101
*
Ed
 1e-07 1 1 0
1  44 0 1.82347658193698 1.87346160074933
2  64 26 0 1.82347658193698 1.87346160074933
4 C0 26 0 18 0
0

0101000
+1500 0 -1502 0 *
Ve
1e-07
-10 50 38.7298334620742
0 0

0101101
*
Ed
 1e-07 1 1 0
1  45 0 -45 -25
2  65 26 0 -45 -25
4 C0 26 0 19 0
0

0101000
+1498 0 -1500 0 *
Ve
1e-07
-11.9226154987309 50 38.1818181818182
0 0

0101101
*
Ed
 1e-07 1 1 0
1  46 0 5.98052003322516 6.03050505203751
2  66 26 0 5.98052003322516 6.03050505203751
4 C0 26 0 20 0
0

0101000
+1496 0 -1498 0 *
Ve
1e-07
-11.9226154987309 5.53929210228434 38.1818181818182
0 0

0101101
*
Ed
 1e-07 1 1 0
1  47 0 45 89.4607078977157
2  67 26 0 45 89.4607078977157
2  68 37 0 45 89.4607078977157
4 G1 26 0 37 0
0

0101000
+1496 0 -1494 0 *
Ed
 1e-07 1 1 0
1  48 0 1.26813105284047 1.5707963267949
2  69 26 0 1.26813105284047 1.5707963267949
4 C0 26 0 22 0
0

0101000
+1494 0 -1532 0 *
Wi

0101100
-1531 0 +1521 0 +1524 0 +1519 0 +1517 0 -1515 0 +1513 0 -1511 0 +1509 0 -1507 0 
+1505 0 -1503 0 +1501 0 -1499 0 -1497 0 -1495 0 +1493 0 +1492 0 *
Fa
0  1e-07 26 0

0111000
+1491 0 *
Ve
0.000113344178996691
-16.393596310755 0.116912672106274 37.5
0 0

0101101
*
Ve
1e-07
-16.393596310755 50 37.5
0 0

0101101
*
Ed
 1e-07 1 1 0
1  49 0 0.116912672106274 50
2  70 37 0 0.116912672106274 50
4 G1 10 0 37 0
0

0101000
+1489 0 -1488 0 *
Ve
1e-07
-30 50 37.5
0 0

0101101
*
Ed
 1e-07 1 1 0
1  50 0 16.393596310755 30
4 C0 10 0 20 0
0

0101000
+1488 0 -1486 0 *
Ve
1e-07
-30 70 37.5
0 0

0101101
*
Ed
 1e-07 1 1 0
1  51 0 50 70
4 C0 10 0 38 0
0

0101000
+1486 0 -1484 0 *
Ve
1e-07
-16.393596310755 70 37.5
0 0

0101101
*
Ed
 1e-07 1 1 0
1  52 0 -30 -16.3935963107551
4 C0 10 0 18 0
0

0101000
+1484 0 -1482 0 *
Ve
1e-07
-16.393596310755 90 37.5
0 0

0101101
*
Ed
 1e-07 1 1 0
1  53 0 70 90
2  71 36 0 70 90
4 G1 10 0 36 0
0

0101000
+1482 0 -1480 0 *
Ve
1e-07
-19.8443318317113 90 37.5
0 0

0101101
*
Ed
 1e-07 1 1 0
1  54 0 2.7548383310584 6.2055738520147
4 C0 10 0 35 0
0

0101000
+1480 0 -1478 0 *
Ve
1e-07
-23.3409609361975 87.9425717247145 37.5
0 0

0101101
*
Ed
 1e-07 1 1 0
1  55 0 1.5707963267949 2.63449414919747
2  72 34 0 1.5707963267949 2.63449414919747
4 C0 10 0 34 0
0

0101000
+1478 0 -1476 0 *
Ve
1e-07
-49.4966291044862 40.862369021795 37.5
0 0

0101101
*
Ed
 1e-07 1 1 0
1  56 0 11.6824491582011 65.5402662684185
4 C0 10 0 33 0
0

0101000
+1474 0 -1476 0 *
Ve
1e-07
-50 38.9197972970804 37.5
0 0

0101101
*
Ed
 1e-07 1 1 0
1  57 0 2.63449414919745 3.14159265358979
2  73 39 0 2.63449414919745 3.14159265358979
4 C0 10 0 39 0
0

0101000
+1474 0 -1472 0 *
Ve
1e-07
-50 4.00000000000003 37.5
0 0

0101101
*
Ed
 1e-07 1 1 0
1  58 0 51.0802027029196 86
4 C0 10 0 40 0
0

0101000
+1472 0 -1470 0 *
Ve
1e-07
-46 0 37.5
0 0

0101101
*
Ed
 1e-07 1 1 0
1  59 0 3.14159265358979 4.71238898038469
2  74 41 0 3.14159265358979 4.71238898038469
4 C0 10 0 41 0
0

0101000
+1470 0 -1468 0 *
Ve
1e-07
-17.3536133959942 0 37.5
0 0

0101101
*
Ed
 1e-07 1 1 0
1  60 0 4 32.6463866040058
4 C0 10 0 42 0
0

0101000
+1468 0 -1466 0 *
Ed
 1e-07 1 1 0
1  61 0 4.71238898038469 4.9547592313324
2  75 43 0 4.71238898038469 4.9547592313324
4 C0 10 0 43 0
0

0101000
+1466 0 -1489 0 *
Wi

0101100
+1487 0 +1485 0 +1483 0 +1481 0 +1479 0 +1477 0 +1475 0 -1473 0 +1471 0 +1469 0 
+1467 0 +1465 0 +1464 0 *
Ed
 1e-07 1 1 0
1  62 0 0 3.14159265358979
2  76 9 0 0 3.14159265358979
4 C0 10 0 9 0
0

0101000
+1576 0 -1574 0 *
Wi

0101100
-1462 0 -1573 0 *
Fa
0  1e-07 10 0

0111000
+1463 0 +1461 0 *
Ve
1e-07
-10.7214747504556 7.70134544917994 -32.265306122449
0 0

0101101
*
Ed
 1e-07 1 1 0
1  63 0 4.71238898038469 5.03320125085766
2  77 25 0 4.71238898038469 5.03320125085766
4 C0 25 0 22 0
0

0101000
+1539 0 -1459 0 *
Ve
1e-07
-10.7214747504556 89 -32.265306122449
0 0

0101101
*
Ed
 1e-07 1 1 0
1  64 0 6 87.2986545508201
2  78 25 0 6 87.2986545508201
2  79 44 0 6 87.2986545508201
4 G1 25 0 44 0
0

0101000
+1457 0 -1459 0 *
Ed
 1e-07 1 1 0
1  65 0 3.14159265358979 3.46240492406276
2  80 25 0 3.14159265358979 3.46240492406276
4 C0 25 0 24 0
0

0101000
+1537 0 -1457 0 *
Wi

0101100
+1458 0 -1456 0 -1455 0 +1536 0 *
Fa
0  1e-07 25 0

0111000
+1454 0 *
Ve
1e-07
-15.4515371403625 50 31.5
0 0

0101101
*
Ve
1e-07
-30 50 31.5
0 0

0101101
*
Ed
 1e-07 1 1 0
1  66 0 15.4515371403625 30
4 C0 11 0 20 0
0

0101000
+1452 0 -1451 0 *
Ve
0.000204479376559177
-15.4515371403625 0.481178333907516 31.5
0 0

0101101
*
Ed
 1e-07 1 1 0
1  67 0 -46.0336710057255 3.48515066036697
2  81 21 0 -46.0336710057255 3.48515066036697
4 G1 11 0 21 0
0

0101000
+1452 0 -1449 0 *
Ve
1e-07
-17.3536133959942 0 31.5
0 0

0101101
*
Ed
 1e-07 1 1 0
1  68 0 1.07524234623996 1.5707963267949
2  82 43 0 1.07524234623996 1.5707963267949
4 C0 11 0 43 0
0

0101000
+1449 0 -1447 0 *
Ve
1e-07
-46 0 31.5
0 0

0101101
*
Ed
 1e-07 1 1 0
1  69 0 -46 -17.3536133959942
4 C0 11 0 42 0
0

0101000
+1445 0 -1447 0 *
Ve
1e-07
-50 4 31.5
0 0

0101101
*
Ed
 1e-07 1 1 0
1  70 0 1.5707963267949 3.14159265358979
2  83 41 0 1.5707963267949 3.14159265358979
4 C0 11 0 41 0
0

0101000
+1445 0 -1443 0 *
Ve
1e-07
-50 38.9197972970804 31.5
0 0

0101101
*
Ed
 1e-07 1 1 0
1  71 0 51.0802027029196 86
4 C0 11 0 40 0
0

0101000
+1441 0 -1443 0 *
Ve
1e-07
-49.4966291044862 40.862369021795 31.5
0 0

0101101
*
Ed
 1e-07 1 1 0
1  72 0 3.14159265358979 3.64869115798214
2  84 39 0 3.14159265358979 3.64869115798214
4 C0 11 0 39 0
0

0101000
+1441 0 -1439 0 *
Ve
1e-07
-22.1979452277056 90 31.5
0 0

0101101
*
Ed
 1e-07 1 1 0
1  73 0 11.6824491582011 67.8938796644127
4 C0 11 0 33 0
0

0101000
+1439 0 -1437 0 *
Ve
1e-07
-19.552193916641 89 31.5
0 0

0101101
*
Ed
 1e-07 1 1 0
1  74 0 3.98965473257127 4.71238898038469
2  85 45 0 3.98965473257127 4.71238898038469
4 C0 11 0 45 0
0

0101000
+1437 0 -1435 0 *
Ve
1e-07
-15.4515371403625 89 31.5
0 0

0101101
*
Ed
 1e-07 1 1 0
1  75 0 51.447806083359 55.5484628596375
4 C0 11 0 24 0
0

0101000
+1435 0 -1433 0 *
Ve
1e-07
-15.4515371403625 70 31.5
0 0

0101101
*
Ed
 1e-07 1 1 0
1  76 0 -85.0336710057255 -66.0336710057255
2  86 17 0 -85.0336710057255 -66.0336710057255
4 G1 11 0 17 0
0

0101000
+1433 0 -1431 0 *
Ve
1e-07
-30 70 31.5
0 0

0101101
*
Ed
 1e-07 1 1 0
1  77 0 -30 -15.4515371403625
4 C0 11 0 18 0
0

0101000
+1429 0 -1431 0 *
Ed
 1e-07 1 1 0
1  78 0 50 70
4 C0 11 0 38 0
0

0101000
+1451 0 -1429 0 *
Wi

0101100
-1450 0 +1448 0 +1446 0 -1444 0 +1442 0 -1440 0 +1438 0 +1436 0 +1434 0 +1432 0 
+1430 0 -1428 0 -1427 0 *
Ed
 1e-07 1 1 0
1  79 0 0 3.14159265358979
2  87 9 0 0 3.14159265358979
4 C0 11 0 9 0
0

0101000
+1577 0 -1572 0 *
Wi

0101100
+1425 0 +1570 0 *
Fa
0  1e-07 11 0

0111000
-1426 0 -1424 0 *
Ed
 1e-07 1 1 0
1  80 0 3.14159265358979 3.46240492406277
2  88 21 0 3.14159265358979 3.46240492406277
4 C0 21 0 20 0
0

0101000
+1452 0 -1550 0 *
Ve
0.000204479376559177
-13.8569842915081 2.05742827528547 31.5849940927866
0 0

0101101
*
Ed
 1e-07 1 1 0
1  81 0 1.67730108782237 1.89160859726787
2  89 21 0 1.67730108782237 1.89160859726787
4 C0 21 0 22 0
0

0101000
+1421 0 -1548 0 *
Ed
 0.000204479376559177 1 1 0
1  82 0 3.12731722069275e-18 0.0022592565425542
2  90 21 0 3.12731722069275e-18 0.0022592565425542
2  91 43 0 3.12731722069275e-18 0.0022592565425542
4 C0 21 0 43 0
0

0101000
+1421 0 -1449 0 *
Wi

0101100
-1448 0 +1422 0 -1547 0 -1420 0 +1419 0 *
Fa
0  1e-07 21 0

0111000
+1418 0 *
Ed
 1e-07 1 1 0
1  83 0 1.24998405632192 1.5707963267949
2  92 17 0 1.24998405632192 1.5707963267949
4 C0 17 0 18 0
0

0101000
+1557 0 -1431 0 *
Ed
 1e-07 1 1 0
1  84 0 2.82078038311682 3.14159265358979
2  93 17 0 2.82078038311682 3.14159265358979
4 C0 17 0 24 0
0

0101000
+1556 0 -1433 0 *
Wi

0101100
-1555 0 +1416 0 -1430 0 -1415 0 *
Fa
0  1e-07 17 0

0111000
+1414 0 *
Ve
0.000113344178996691
-13.8569842915081 2.05742827528547 37.716035732463
0 0

0101101
*
Ed
 1e-07 1 1 0
1  85 0 4.40972370643026 4.54246495622309
2  94 37 0 4.40972370643026 4.54246495622309
4 C0 37 0 22 0
0

0101000
+1494 0 -1412 0 *
Ed
 0.000113344178996691 1 1 0
1  86 0 0 0.00327281339874943
2  95 37 0 0 0.00327281339874943
2  96 43 0 0 0.00327281339874943
4 C0 37 0 43 0
0

0101000
+1489 0 -1412 0 *
Ed
 1e-07 1 1 0
1  87 0 3.14159265358979 3.44425792754423
2  97 37 0 3.14159265358979 3.44425792754423
4 C0 37 0 20 0
0

0101000
+1488 0 -1496 0 *
Wi

0101100
+1493 0 +1411 0 -1410 0 +1487 0 +1409 0 *
Fa
0  1e-07 37 0

0111000
+1408 0 *
Ed
 1e-07 1 1 0
1  88 0 0 0.302665273954432
2  98 36 0 0 0.302665273954432
4 C0 36 0 35 0
0

0101000
+1480 0 -1504 0 *
Ed
 1e-07 1 1 0
1  89 0 1.26813105284046 1.5707963267949
2  99 36 0 1.26813105284046 1.5707963267949
4 C0 36 0 18 0
0

0101000
+1502 0 -1482 0 *
Wi

0101100
+1479 0 +1406 0 +1501 0 +1405 0 *
Fa
0  1e-07 36 0

0111000
+1404 0 *
Ed
 1e-07 1 1 0
1  90 0 3.14159265358979 6.28318530717959
2  100 7 0 3.14159265358979 6.28318530717959
4 G1 4 0 7 0
0

0101000
+1584 0 -1582 0 *
Wi

0101100
+1581 0 +1402 0 *
Ed
 1e-07 1 1 0
1  91 0 3.14159265358979 6.28318530717959
2  101 3 0 3.14159265358979 6.28318530717959
4 C0 4 0 3 0
0

0101000
+1592 0 -1594 0 *
Wi

0101100
-1400 0 -1591 0 *
Fa
0  1e-07 4 0

0111000
+1401 0 +1399 0 *
Ve
1e-07
-49.4966291044862 40.862369021795 -37.5
0 0

0101101
*
Ve
1e-07
-23.3409609361975 87.9425717247145 -37.5
0 0

0101101
*
Ed
 1e-07 1 1 0
1  92 0 11.6824491582011 65.5402662684185
4 C0 31 0 15 0
0

0101000
+1397 0 -1396 0 *
Ve
1e-07
-49.4966291044862 40.862369021795 -31.5
0 0

0101101
*
Ed
 1e-07 1 1 0
1  93 0 2.5 8.5
2  102 46 0 2.5 8.5
4 G1 31 0 46 0
0

0101000
+1397 0 -1394 0 *
Ve
1e-07
-22.1979452277056 90 -31.5
0 0

0101101
*
Ed
 1e-07 1 1 0
1  94 0 11.6824491582011 67.8938796644127
4 C0 31 0 14 0
0

0101000
+1394 0 -1392 0 *
Ed
 1e-07 1 1 0
1  95 0 6.724615288959 8.5
4 C0 31 0 32 0
0

0101000
+1512 0 -1392 0 *
Ed
 1e-07 1 1 0
1  96 0 -7.5161649035261 -2.5
2  103 30 0 -7.5161649035261 -2.5
4 G1 31 0 30 0
0

0101000
+1514 0 -1396 0 *
Wi

0101100
-1395 0 +1393 0 +1391 0 -1390 0 +1511 0 +1389 0 *
Fa
0  1e-07 31 0

0111000
-1388 0 *
Ed
 1e-07 1 1 0
1  97 0 -0 6
2  104 39 0 -0 6
4 G1 40 0 39 0
0

0101000
+1472 0 -1441 0 *
Ed
 1e-07 1 1 0
1  98 0 -6 0
2  105 41 0 -6 0
4 G1 40 0 41 0
0

0101000
+1443 0 -1470 0 *
Wi

0101100
-1469 0 +1386 0 +1440 0 +1385 0 *
Fa
0  1e-07 40 0

0111000
-1384 0 *
Ve
1e-07
-16.393596310755 90 -37.5
0 0

0101101
*
Ve
1e-07
-19.8443318317113 90 -37.5
0 0

0101101
*
Ed
 1e-07 1 1 0
1  99 0 2.7548383310584 6.2055738520147
4 C0 29 0 15 0
0

0101000
+1382 0 -1381 0 *
Ed
 1e-07 1 1 0
1  100 0 -75 -72.2304260577513
2  106 30 0 -75 -72.2304260577513
4 G1 29 0 30 0
0

0101000
+1381 0 -1516 0 *
Ed
 1e-07 1 1 0
1  101 0 2.83892737963536 3.14159265358979
2  107 28 0 2.83892737963536 3.14159265358979
4 C0 29 0 28 0
0

0101000
+1518 0 -1382 0 *
Wi

0101100
+1380 0 +1379 0 +1515 0 +1378 0 *
Fa
0  1e-07 29 0

0111000
-1377 0 *
Ve
1e-07
-46 0 -37.5
0 0

0101101
*
Ve
1e-07
-17.3536133959942 0 -37.5
0 0

0101101
*
Ed
 1e-07 1 1 0
1  102 0 4 32.6463866040058
4 C0 47 0 15 0
0

0101000
+1375 0 -1374 0 *
Ve
1e-07
-17.3536133959942 0 -31.5
0 0

0101101
*
Ed
 1e-07 1 1 0
1  103 0 -37.5 -31.5
2  108 48 0 -37.5 -31.5
4 G1 47 0 48 0
0

0101000
+1374 0 -1372 0 *
Ve
1e-07
-46 0 -31.5
0 0

0101101
*
Ed
 1e-07 1 1 0
1  104 0 -46 -17.3536133959942
4 C0 47 0 14 0
0

0101000
+1370 0 -1372 0 *
Ed
 1e-07 1 1 0
1  105 0 31.5 37.5
2  109 49 0 31.5 37.5
4 G1 47 0 49 0
0

0101000
+1370 0 -1375 0 *
Wi

0101100
+1373 0 +1371 0 -1369 0 +1368 0 *
Fa
0  1e-07 47 0

0111000
-1367 0 *
Ve
1e-07
-50 38.9197972970804 -31.5
0 0

0101101
*
Ve
1e-07
-50 4 -31.5
0 0

0101101
*
Ed
 1e-07 1 1 0
1  106 0 51.0802027029196 86
4 C0 50 0 14 0
0

0101000
+1365 0 -1364 0 *
Ve
1e-07
-50 38.9197972970804 -37.5
0 0

0101101
*
Ed
 1e-07 1 1 0
1  107 0 69 75
2  110 46 0 69 75
4 G1 50 0 46 0
0

0101000
+1365 0 -1362 0 *
Ve
1e-07
-50 4.00000000000003 -37.5
0 0

0101101
*
Ed
 1e-07 1 1 0
1  108 0 51.0802027029196 86
4 C0 50 0 15 0
0

0101000
+1362 0 -1360 0 *
Ed
 1e-07 1 1 0
1  109 0 -75 -69
2  111 49 0 -75 -69
4 G1 50 0 49 0
0

0101000
+1360 0 -1364 0 *
Wi

0101100
-1363 0 +1361 0 +1359 0 +1358 0 *
Fa
0  1e-07 50 0

0111000
-1357 0 *
Ed
 1e-07 1 1 0
1  110 0 31.5 37.5
2  112 43 0 31.5 37.5
4 G1 42 0 43 0
0

0101000
+1447 0 -1466 0 *
Ed
 1e-07 1 1 0
1  111 0 -37.5 -31.5
2  113 41 0 -37.5 -31.5
4 G1 42 0 41 0
0

0101000
+1468 0 -1445 0 *
Wi

0101100
+1444 0 +1355 0 -1465 0 +1354 0 *
Fa
0  1e-07 42 0

0111000
-1353 0 *
Ed
 1e-07 1 1 0
1  112 0 -2.7695739422487 0
2  114 34 0 -2.7695739422487 0
4 G1 35 0 34 0
0

0101000
+1506 0 -1478 0 *
Wi

0101100
+1503 0 +1351 0 -1477 0 +1406 0 *
Fa
0  1e-07 35 0

0111000
-1350 0 *
Ed
 1e-07 1 1 0
1  113 0 3.14159265358979 3.64869115798214
2  115 46 0 3.14159265358979 3.64869115798214
4 C0 15 0 46 0
0

0101000
+1362 0 -1397 0 *
Ed
 1e-07 1 1 0
1  114 0 3.64869115798212 4.7123889803847
2  116 30 0 3.64869115798212 4.7123889803847
4 C0 15 0 30 0
0

0101000
+1396 0 -1381 0 *
Ve
0.000106582173700498
-16.393596310755 0.116912672106274 -37.5
0 0

0101101
*
Ed
 1e-07 1 1 0
1  115 0 -88.0549396327351 1.8281476951586
2  117 28 0 -88.0549396327351 1.8281476951586
4 G1 15 0 28 0
0

0101000
+1382 0 -1346 0 *
Ed
 1e-07 1 1 0
1  116 0 1.32842607584718 1.5707963267949
2  118 48 0 1.32842607584718 1.5707963267949
4 C0 15 0 48 0
0

0101000
+1346 0 -1374 0 *
Ed
 1e-07 1 1 0
1  117 0 1.5707963267949 3.14159265358979
2  119 49 0 1.5707963267949 3.14159265358979
4 C0 15 0 49 0
0

0101000
+1375 0 -1360 0 *
Wi

0101100
-1359 0 +1348 0 +1395 0 +1347 0 -1380 0 +1345 0 +1344 0 -1373 0 +1343 0 *
Ed
 1e-07 1 1 0
1  118 0 0 3.14159265358979
2  120 13 0 0 3.14159265358979
4 C0 15 0 13 0
0

0101000
+1567 0 -1562 0 *
Wi

0101100
+1341 0 +1560 0 *
Fa
0  1e-07 15 0

0111000
-1342 0 -1340 0 *
Ve
1e-07
-19.552193916641 89 -31.5
0 0

0101101
*
Ed
 1e-07 1 1 0
1  119 0 -31.5 31.5
2  121 45 0 -31.5 31.5
4 G1 24 0 45 0
0

0101000
+1435 0 -1338 0 *
Ve
1e-07
-15.4515371403625 89 -31.5
0 0

0101101
*
Ed
 1e-07 1 1 0
1  120 0 51.447806083359 55.5484628596375
4 C0 24 0 14 0
0

0101000
+1338 0 -1336 0 *
Ed
 1e-07 1 1 0
1  121 0 0 0.320812270472972
2  122 44 0 0 0.320812270472972
4 C0 24 0 44 0
0

0101000
+1336 0 -1457 0 *
Wi

0101100
-1432 0 +1337 0 +1335 0 +1334 0 -1455 0 -1535 0 -1542 0 +1415 0 *
Fa
0  1e-07 24 0

0111000
-1333 0 *
Ed
 1e-07 1 1 0
1  122 0 2.63449414919745 3.14159265358979
2  123 46 0 2.63449414919745 3.14159265358979
4 C0 14 0 46 0
0

0101000
+1394 0 -1365 0 *
Ed
 1e-07 1 1 0
1  123 0 3.14159265358979 4.71238898038469
2  124 49 0 3.14159265358979 4.71238898038469
4 C0 14 0 49 0
0

0101000
+1364 0 -1370 0 *
Ve
0.000203285617925416
-15.4515371403625 0.481178333907517 -31.5
0 0

0101101
*
Ed
 1e-07 1 1 0
1  124 0 4.71238898038469 5.20794296093962
2  125 48 0 4.71238898038469 5.20794296093962
4 C0 14 0 48 0
0

0101000
+1372 0 -1329 0 *
Ed
 1e-07 1 1 0
1  125 0 0.481178333907517 89
2  126 44 0 0.481178333907517 89
4 G1 14 0 44 0
0

0101000
+1329 0 -1336 0 *
Ed
 1e-07 1 1 0
1  126 0 1.5707963267949 2.29353057460831
2  127 45 0 1.5707963267949 2.29353057460831
4 C0 14 0 45 0
0

0101000
+1338 0 -1392 0 *
Wi

0101100
-1391 0 +1331 0 +1363 0 +1330 0 +1369 0 +1328 0 +1327 0 -1335 0 +1326 0 *
Ed
 1e-07 1 1 0
1  127 0 0 3.14159265358979
2  128 13 0 0 3.14159265358979
4 C0 14 0 13 0
0

0101000
+1566 0 -1564 0 *
Wi

0101100
-1324 0 -1563 0 *
Fa
0  1e-07 14 0

0111000
+1325 0 +1323 0 *
Ed
 1e-07 1 1 0
1  128 0 20.6350832689629 59.3649167310371
4 C0 27 0 22 0
0

0101000
+1528 0 -1530 0 *
Wi

0101100
-1321 0 -1527 0 *
Fa
0  1e-07 27 0

0111000
-1320 0 *
Ve
0.000203285617925416
-13.8569842915081 2.05742827528547 -31.5849940927866
0 0

0101101
*
Ed
 1e-07 1 1 0
1  129 0 4.39157670991172 4.60588421935722
2  129 44 0 4.39157670991172 4.60588421935722
4 C0 22 0 44 0
0

0101000
+1459 0 -1318 0 *
Ve
0.000106582173700498
-13.8569842915081 2.05742827528547 -37.716035732463
0 0

0101101
*
Ed
 1e-07 1 1 0
1  130 0 -8.4150059072134 -2.283964267537
2  130 48 0 -8.4150059072134 -2.283964267537
4 G1 22 0 48 0
0

0101000
+1318 0 -1316 0 *
Ed
 1e-07 1 1 0
1  131 0 1.74072035095649 1.87346160074933
2  131 28 0 1.74072035095649 1.87346160074933
4 C0 22 0 28 0
0

0101000
+1316 0 -1520 0 *
Ed
 1e-07 1 1 0
1  132 0 -77.716035732463 -71.5849940927866
2  132 43 0 -77.716035732463 -71.5849940927866
4 G1 22 0 43 0
0

0101000
+1412 0 -1421 0 *
Wi

0101100
+1317 0 +1315 0 +1314 0 -1519 0 -1525 0 +1321 0 -1529 0 -1492 0 +1411 0 +1313 0 
+1420 0 +1545 0 +1538 0 +1458 0 *
Fa
0  1e-07 22 0

0111000
-1312 0 *
Ed
 1e-07 1 1 0
1  133 0 8.5 71.5
2  133 45 0 8.5 71.5
4 C0 32 0 45 0
0

0101000
+1392 0 -1437 0 *
Ed
 1e-07 1 1 0
1  134 0 71.5 73.275384711041
4 C0 32 0 33 0
0

0101000
+1437 0 -1510 0 *
Wi

0101100
+1390 0 +1310 0 +1309 0 -1509 0 *
Fa
0  1e-07 32 0

0111000
-1308 0 *
Ed
 1e-07 1 1 0
1  135 0 71.5 77.5
2  134 39 0 71.5 77.5
4 G1 33 0 39 0
0

0101000
+1439 0 -1474 0 *
Ed
 1e-07 1 1 0
1  136 0 -77.5 -72.4838350964739
2  135 34 0 -77.5 -72.4838350964739
4 G1 33 0 34 0
0

0101000
+1476 0 -1508 0 *
Wi

0101100
-1436 0 +1306 0 +1473 0 +1305 0 +1507 0 -1309 0 *
Fa
0  1e-07 33 0

0111000
-1304 0 *
Wi

0101100
-1324 0 -1565 0 +1341 0 +1561 0 *
Fa
0  1e-07 13 0

0111000
+1302 0 *
Wi

0101100
-1462 0 -1575 0 +1425 0 +1571 0 *
Fa
0  1e-07 9 0

0111000
+1300 0 *
Ed
 0.000203285617925416 1 1 0
1  137 0 0 0.00225889700345522
2  136 44 0 0 0.00225889700345522
2  137 48 0 0 0.00225889700345522
4 C0 44 0 48 0
0

0101000
+1329 0 -1318 0 *
Wi

0101100
-1327 0 +1298 0 -1317 0 -1456 0 -1334 0 *
Fa
0  1e-07 44 0

0111000
+1297 0 *
Ed
 0.000106582173700498 1 1 0
1  138 0 0 0.00327376140354515
2  138 28 0 0 0.00327376140354515
2  139 48 0 0 0.00327376140354515
4 C0 28 0 48 0
0

0101000
+1316 0 -1346 0 *
Wi

0101100
+1517 0 +1378 0 +1345 0 -1295 0 +1314 0 *
Fa
0  1e-07 28 0

0111000
+1294 0 *
Wi

0101100
-1583 0 -1521 0 +1580 0 -1402 0 *
Fa
0  1e-07 7 0

0111000
+1292 0 *
Wi

0101100
-1438 0 -1386 0 -1471 0 -1306 0 *
Fa
0  1e-07 39 0

0111000
+1290 0 *
Wi

0101100
-1348 0 -1361 0 -1331 0 -1393 0 *
Fa
0  1e-07 46 0

0111000
+1288 0 *
Wi

0101100
-1434 0 -1310 0 -1326 0 -1337 0 *
Fa
0  1e-07 45 0

0111000
+1286 0 *
Wi

0101100
-1505 0 -1305 0 -1475 0 -1351 0 *
Fa
0  1e-07 34 0

0111000
+1284 0 *
Wi

0101100
-1347 0 -1389 0 -1513 0 -1379 0 *
Fa
0  1e-07 30 0

0111000
+1282 0 *
Wi

0101100
-1295 0 -1315 0 -1298 0 -1328 0 -1371 0 -1344 0 *
Fa
0  1e-07 48 0

0111000
+1280 0 *
Wi

0101100
-1419 0 -1313 0 -1410 0 -1464 0 -1355 0 -1446 0 *
Fa
0  1e-07 43 0

0111000
+1278 0 *
Wi

0101100
-1330 0 -1358 0 -1343 0 -1368 0 *
Fa
0  1e-07 49 0

0111000
+1276 0 *
Wi

0101100
-1467 0 -1385 0 -1442 0 -1354 0 *
Fa
0  1e-07 41 0

0111000
+1274 0 *
Ed
 1e-07 1 1 0
1  139 0 3.14159265358979 6.28318530717959
2  140 3 0 3.14159265358979 6.28318530717959
4 C0 3 0 2 0
0

0101000
+1596 0 -1597 0 *
Wi

0101100
-1593 0 -1272 0 +1590 0 +1400 0 *
Fa
0  1e-07 3 0

0111000
+1271 0 *
Wi

0101100
+1272 0 +1595 0 *
Fa
0  1e-07 2 0

0111000
+1269 0 *
Ed
 1e-07 1 1 0
1  140 0 50.2701665379258 56.5038463814562
4 C0 19 0 18 0
0

0101000
+1500 0 -1554 0 *
Ed
 1e-07 1 1 0
1  141 0 50.2701665379258 56.5038463814562
4 C0 19 0 20 0
0

0101000
+1498 0 -1552 0 *
Wi

0101100
+1497 0 +1267 0 -1551 0 -1266 0 *
Fa
0  1e-07 19 0

0111000
+1265 0 *
Ed
 1e-07 1 1 0
1  142 0 51.5 57.5
4 C0 38 0 20 0
0

0101000
+1486 0 -1451 0 *
Ed
 1e-07 1 1 0
1  143 0 51.5 57.5
4 C0 38 0 18 0
0

0101000
+1484 0 -1429 0 *
Wi

0101100
+1263 0 +1427 0 -1262 0 -1483 0 *
Fa
0  1e-07 38 0

0111000
+1261 0 *
Wi

0101100
-1422 0 +1450 0 -1263 0 -1485 0 +1409 0 +1495 0 +1266 0 -1549 0 *
Fa
0  1e-07 20 0

0111000
+1259 0 *
Wi

0101100
-1267 0 +1499 0 +1405 0 -1481 0 +1262 0 +1428 0 -1416 0 -1553 0 *
Fa
0  1e-07 18 0

0111000
+1257 0 *
Sh

0101100
+1588 0 +1578 0 -1568 0 -1558 0 -1540 0 -1533 0 +1522 0 +1490 0 +1460 0 -1453 0 
-1423 0 +1417 0 +1413 0 -1407 0 -1403 0 +1398 0 -1387 0 -1383 0 -1376 0 -1366 0 
-1356 0 -1352 0 -1349 0 -1339 0 -1332 0 +1322 0 -1319 0 -1311 0 -1307 0 -1303 0 
-1301 0 -1299 0 +1296 0 -1293 0 +1291 0 +1289 0 +1287 0 +1285 0 +1283 0 +1281 0 
+1279 0 +1277 0 +1275 0 +1273 0 +1270 0 +1268 0 +1264 0 +1260 0 +1258 0 +1256 0 
*
So

0100000
+1255 0 *
Ve
1e-07
-25.75 13.5 37.5
0 0

0101101
*
Ve
1e-07
-25.75 13.5 40.5
0 0

0101101
*
Ed
 1e-07 1 1 0
1  144 0 53.5 56.5
2  141 51 0 53.5 56.5
2  142 52 0 53.5 56.5
4 CN 51 0 52 0
0

0101000
+1253 0 -1252 0 *
Ve
1e-07
-36.25 13.5 40.5
0 0

0101101
*
Ed
 1e-07 1 1 0
1  145 0 3.14159265358979 6.28318530717959
2  143 51 0 3.14159265358979 6.28318530717959
4 C0 51 0 53 0
0

0101000
+1250 0 -1252 0 *
Ve
1e-07
-36.25 13.5 37.5
0 0

0101101
*
Ed
 1e-07 1 1 0
1  146 0 53.5 56.5
2  144 51 0 53.5 56.5
2  145 52 0 53.5 56.5
4 CN 51 0 52 0
0

0101000
+1248 0 -1250 0 *
Ed
 1e-07 1 1 0
1  147 0 3.14159265358979 6.28318530717959
2  146 51 0 3.14159265358979 6.28318530717959
4 C0 51 0 54 0
0

0101000
+1253 0 -1248 0 *
Wi

0101100
+1251 0 -1249 0 -1247 0 -1246 0 *
Fa
0  1e-07 51 0

0111000
+1245 0 *
Ve
1e-07
-19 1.5 40.5
0 0

0101101
*
Ve
1e-07
-16 1.5 40.5
0 0

0101101
*
Ed
 1e-07 1 1 0
1  148 0 26 29
4 C0 53 0 55 0
0

0101000
+1243 0 -1242 0 *
Ve
1e-07
-11 6.5 40.5
0 0

0101101
*
Ed
 1e-07 1 1 0
1  149 0 1.5707963267949 3.14159265358979
2  147 56 0 1.5707963267949 3.14159265358979
4 C0 53 0 56 0
0

0101000
+1242 0 -1240 0 *
Ve
1e-07
-11 65.5 40.5
0 0

0101101
*
Ed
 1e-07 1 1 0
1  150 0 5 64
4 C0 53 0 57 0
0

0101000
+1240 0 -1238 0 *
Ve
1e-07
-27 65.5 40.5
0 0

0101101
*
Ed
 1e-07 1 1 0
1  151 0 -34 -18
2  148 58 0 -34 -18
4 G1 53 0 58 0
0

0101000
+1238 0 -1236 0 *
Ve
1e-07
-40 65.5 40.5
0 0

0101101
*
Ed
 1e-07 1 1 0
1  152 0 -18 -5
4 C0 53 0 59 0
0

0101000
+1236 0 -1234 0 *
Ve
1e-07
-45 60.5 40.5
0 0

0101101
*
Ed
 1e-07 1 1 0
1  153 0 4.71238898038469 6.28318530717959
2  149 60 0 4.71238898038469 6.28318530717959
4 C0 53 0 60 0
0

0101000
+1234 0 -1232 0 *
Ve
1e-07
-45 6.5 40.5
0 0

0101101
*
Ed
 1e-07 1 1 0
1  154 0 -59 -5
4 C0 53 0 61 0
0

0101000
+1232 0 -1230 0 *
Ve
1e-07
-40 1.5 40.5
0 0

0101101
*
Ed
 1e-07 1 1 0
1  155 0 0 1.5707963267949
2  150 62 0 0 1.5707963267949
4 C0 53 0 62 0
0

0101000
+1230 0 -1228 0 *
Ve
1e-07
-37 1.5 40.5
0 0

0101101
*
Ed
 1e-07 1 1 0
1  156 0 5 8
4 C0 53 0 63 0
0

0101000
+1228 0 -1226 0 *
Ed
 1e-07 1 1 0
1  157 0 0 18
2  151 64 0 0 18
4 C1 53 0 64 0
0

0101000
+1243 0 -1226 0 *
Wi

0101100
+1241 0 +1239 0 +1237 0 +1235 0 +1233 0 +1231 0 +1229 0 +1227 0 +1225 0 -1224 0 
*
Ed
 1e-07 1 1 0
1  158 0 0 3.14159265358979
2  152 52 0 0 3.14159265358979
4 C0 53 0 52 0
0

0101000
+1252 0 -1250 0 *
Wi

0101100
-1222 0 -1249 0 *
Ve
1e-07
-40 50.5 40.5
0 0

0101101
*
Ve
1e-07
-40 45.5 40.5
0 0

0101101
*
Ed
 1e-07 1 1 0
1  159 0 0 5
4 C0 53 0 65 0
0

0101000
+1220 0 -1219 0 *
Ve
1e-07
-32 50.5 40.5
0 0

0101101
*
Ed
 1e-07 1 1 0
1  160 0 -8 -0
4 C0 53 0 66 0
0

0101000
+1217 0 -1220 0 *
Ve
1e-07
-32 45.5 40.5
0 0

0101101
*
Ed
 1e-07 1 1 0
1  161 0 -5 0
4 C0 53 0 67 0
0

0101000
+1215 0 -1217 0 *
Ve
1e-07
-36 41.5 40.5
0 0

0101101
*
Ed
 1e-07 1 1 0
1  162 0 3.14159265358979 4.71238898038469
2  153 68 0 3.14159265358979 4.71238898038469
4 C0 53 0 68 0
0

0101000
+1215 0 -1213 0 *
Ed
 1e-07 1 1 0
1  163 0 4.71238898038469 6.28318530717959
2  154 69 0 4.71238898038469 6.28318530717959
4 C0 53 0 69 0
0

0101000
+1213 0 -1219 0 *
Wi

0101100
-1218 0 -1216 0 -1214 0 +1212 0 +1211 0 *
Fa
0  1e-07 53 0

0111000
-1223 0 -1221 0 -1210 0 *
Ve
1e-07
-19 1.5 37.5
0 0

0101101
*
Ve
1e-07
-16 1.5 37.5
0 0

0101101
*
Ed
 1e-07 1 1 0
1  164 0 26 29
4 C0 55 0 54 0
0

0101000
+1208 0 -1207 0 *
Ed
 1e-07 1 1 0
1  165 0 -3 0
2  155 56 0 -3 0
4 G1 55 0 56 0
0

0101000
+1207 0 -1242 0 *
Ed
 1e-07 1 1 0
1  166 0 0 3
4 C0 55 0 70 0
0

0101000
+1243 0 -1208 0 *
Wi

0101100
+1206 0 +1205 0 -1241 0 +1204 0 *
Fa
0  1e-07 55 0

0111000
-1203 0 *
Ve
1e-07
-11 6.5 37.5
0 0

0101101
*
Ed
 1e-07 1 1 0
1  167 0 0 3
2  156 56 0 0 3
4 G1 57 0 56 0
0

0101000
+1240 0 -1201 0 *
Ve
1e-07
-11 65.5 37.5
0 0

0101101
*
Ed
 1e-07 1 1 0
1  168 0 5 64
4 C0 57 0 54 0
0

0101000
+1201 0 -1199 0 *
Ed
 1e-07 1 1 0
1  169 0 -3 0
4 CN 57 0 71 0
0

0101000
+1199 0 -1238 0 *
Wi

0101100
-1237 0 +1200 0 +1198 0 +1197 0 *
Fa
0  1e-07 57 0

0111000
-1196 0 *
Ve
1e-07
-27 65.5 37.5
0 0

0101101
*
Ve
1e-07
-40 65.5 37.5
0 0

0101101
*
Ed
 1e-07 1 1 0
1  170 0 -18 -5
4 C0 59 0 54 0
0

0101000
+1194 0 -1193 0 *
Ed
 1e-07 1 1 0
1  171 0 -3 0
2  157 60 0 -3 0
4 G1 59 0 60 0
0

0101000
+1193 0 -1234 0 *
Ed
 1e-07 1 1 0
1  172 0 0 3
4 C0 59 0 72 0
0

0101000
+1194 0 -1236 0 *
Wi

0101100
+1192 0 +1191 0 -1233 0 -1190 0 *
Fa
0  1e-07 59 0

0111000
-1189 0 *
Ve
1e-07
-45 60.5 37.5
0 0

0101101
*
Ve
1e-07
-45 6.5 37.5
0 0

0101101
*
Ed
 1e-07 1 1 0
1  173 0 -59 -5
4 C0 61 0 54 0
0

0101000
+1187 0 -1186 0 *
Ed
 1e-07 1 1 0
1  174 0 -3 0
2  158 62 0 -3 0
4 G1 61 0 62 0
0

0101000
+1186 0 -1230 0 *
Ed
 1e-07 1 1 0
1  175 0 0 3
2  159 60 0 0 3
4 G1 61 0 60 0
0

0101000
+1232 0 -1187 0 *
Wi

0101100
+1185 0 +1184 0 -1229 0 +1183 0 *
Fa
0  1e-07 61 0

0111000
-1182 0 *
Ve
1e-07
-40 1.5 37.5
0 0

0101101
*
Ed
 1e-07 1 1 0
1  176 0 0 3
2  160 62 0 0 3
4 G1 63 0 62 0
0

0101000
+1228 0 -1180 0 *
Ve
1e-07
-37 1.5 37.5
0 0

0101101
*
Ed
 1e-07 1 1 0
1  177 0 5 8
4 C0 63 0 54 0
0

0101000
+1180 0 -1178 0 *
Ed
 1e-07 1 1 0
1  178 0 0 3
4 C0 63 0 73 0
0

0101000
+1226 0 -1178 0 *
Wi

0101100
-1225 0 +1179 0 +1177 0 -1176 0 *
Fa
0  1e-07 63 0

0111000
-1175 0 *
Ed
 1e-07 1 1 0
1  179 0 3.14159265358979 4.71238898038469
2  161 56 0 3.14159265358979 4.71238898038469
4 C0 54 0 56 0
0

0101000
+1201 0 -1207 0 *
Ed
 1e-07 1 1 0
1  180 0 0 18
2  162 74 0 0 18
4 G1 54 0 74 0
0

0101000
+1208 0 -1178 0 *
Ed
 1e-07 1 1 0
1  181 0 4.71238898038469 6.28318530717959
2  163 62 0 4.71238898038469 6.28318530717959
4 C0 54 0 62 0
0

0101000
+1180 0 -1186 0 *
Ed
 1e-07 1 1 0
1  182 0 0 1.5707963267949
2  164 60 0 0 1.5707963267949
4 C0 54 0 60 0
0

0101000
+1187 0 -1193 0 *
Ed
 1e-07 1 1 0
1  183 0 -34 -18
2  165 75 0 -34 -18
4 G1 54 0 75 0
0

0101000
+1199 0 -1194 0 *
Wi

0101100
-1198 0 +1173 0 -1206 0 +1172 0 -1177 0 +1171 0 -1185 0 +1170 0 -1192 0 -1169 0 
*
Ed
 1e-07 1 1 0
1  184 0 0 3.14159265358979
2  166 52 0 0 3.14159265358979
4 C0 54 0 52 0
0

0101000
+1248 0 -1253 0 *
Wi

0101100
-1246 0 -1167 0 *
Fa
0  1e-07 54 0

0111000
+1168 0 +1166 0 *
Ve
1e-07
-27 66 37
0 0

0101101
*
Ve
1e-07
-27 69 37
0 0

0101101
*
Ed
 1e-07 1 1 0
1  185 0 -3 0
4 G2 72 0 76 0
0

0101000
+1164 0 -1163 0 *
Ed
 1e-07 1 1 0
1  186 0 3.14159265358979 4.71238898038469
2  167 75 0 3.14159265358979 4.71238898038469
4 C0 72 0 75 0
0

0101000
+1194 0 -1164 0 *
Ed
 1e-07 1 1 0
1  187 0 3.14159265358979 4.71238898038469
2  168 58 0 3.14159265358979 4.71238898038469
4 C0 72 0 58 0
0

0101000
+1236 0 -1163 0 *
Wi

0101100
-1162 0 -1161 0 +1190 0 +1160 0 *
Fa
0  1e-07 72 0

0111000
+1159 0 *
Ve
1e-07
-11 66 37
0 0

0101101
*
Ed
 1e-07 1 1 0
1  188 0 1.5707963267949 3.14159265358979
2  169 75 0 1.5707963267949 3.14159265358979
4 C0 71 0 75 0
0

0101000
+1157 0 -1199 0 *
Ve
1e-07
-11 69 37
0 0

0101101
*
Ed
 1e-07 1 1 0
1  189 0 0 3
4 CN 71 0 77 0
0

0101000
+1157 0 -1155 0 *
Ed
 1e-07 1 1 0
1  190 0 1.5707963267949 3.14159265358979
2  170 58 0 1.5707963267949 3.14159265358979
4 C0 71 0 58 0
0

0101000
+1155 0 -1238 0 *
Wi

0101100
-1156 0 +1154 0 +1153 0 -1197 0 *
Fa
0  1e-07 71 0

0111000
-1152 0 *
Ed
 1e-07 1 1 0
1  191 0 -16 0
2  171 58 0 -16 0
4 G1 58 0 78 0
0

0101000
+1155 0 -1163 0 *
Wi

0101100
-1235 0 -1153 0 +1150 0 -1160 0 *
Fa
0  1e-07 58 0

0111000
+1149 0 *
Ed
 1e-07 1 1 0
1  192 0 0 16
2  172 75 0 0 16
4 G1 75 0 79 0
0

0101000
+1164 0 -1157 0 *
Wi

0101100
-1156 0 -1147 0 -1161 0 -1169 0 *
Fa
0  1e-07 75 0

0111000
+1146 0 *
Ve
1e-07
-11 66 31.5
0 0

0101101
*
Ed
 1e-07 1 1 0
1  193 0 -5.5 0
4 C0 77 0 79 0
0

0101000
+1157 0 -1144 0 *
Ve
1e-07
-11 69 31.5
0 0

0101101
*
Ed
 1e-07 1 1 0
1  194 0 0 3
4 G2 77 0 80 0
0

0101000
+1142 0 -1144 0 *
Ed
 1e-07 1 1 0
1  195 0 0.500000000000298 6.0000000000003
4 C0 77 0 78 0
0

0101000
+1155 0 -1142 0 *
Wi

0101100
-1154 0 +1143 0 -1141 0 -1140 0 *
Fa
0  1e-07 77 0

0111000
-1139 0 *
Ve
1e-07
-27 69 31.5
0 0

0101101
*
Ed
 1e-07 1 1 0
1  196 0 -6.0000000000003 -0.500000000000298
4 C0 76 0 78 0
0

0101000
+1137 0 -1163 0 *
Ve
1e-07
-27 66 31.5
0 0

0101101
*
Ed
 1e-07 1 1 0
1  197 0 -0 3
4 G2 76 0 81 0
0

0101000
+1137 0 -1135 0 *
Ed
 1e-07 1 1 0
1  198 0 -6 -0.5
4 C0 76 0 79 0
0

0101000
+1135 0 -1164 0 *
Wi

0101100
+1162 0 -1136 0 +1134 0 +1133 0 *
Fa
0  1e-07 76 0

0111000
-1132 0 *
Ed
 1e-07 1 1 0
1  199 0 -34 -18
2  173 82 0 -34 -18
4 G1 78 0 82 0
0

0101000
+1142 0 -1137 0 *
Wi

0101100
-1150 0 +1140 0 +1130 0 +1136 0 *
Fa
0  1e-07 78 0

0111000
-1129 0 *
Ed
 1e-07 1 1 0
1  200 0 -16 0
2  174 83 0 -16 0
4 G1 79 0 83 0
0

0101000
+1144 0 -1135 0 *
Wi

0101100
-1143 0 -1147 0 -1133 0 -1127 0 *
Fa
0  1e-07 79 0

0111000
+1126 0 *
Ve
1e-07
-11 69.5 31
0 0

0101101
*
Ve
1e-07
-11 69.5 28
0 0

0101101
*
Ed
 1e-07 1 1 0
1  201 0 -3 -6.94637076659943e-28
4 G2 80 0 84 0
0

0101000
+1124 0 -1123 0 *
Ed
 1e-07 1 1 0
1  202 0 1.5707963267949 3.14159265358979
2  175 82 0 1.5707963267949 3.14159265358979
4 C0 80 0 82 0
0

0101000
+1142 0 -1124 0 *
Ed
 1e-07 1 1 0
1  203 0 1.5707963267949 3.14159265358979
2  176 83 0 1.5707963267949 3.14159265358979
4 C0 80 0 83 0
0

0101000
+1144 0 -1123 0 *
Wi

0101100
-1122 0 -1121 0 +1141 0 +1120 0 *
Fa
0  1e-07 80 0

0111000
+1119 0 *
Ve
1e-07
-27 69.5 31
0 0

0101101
*
Ed
 1e-07 1 1 0
1  204 0 3.14159265358979 4.71238898038469
2  177 82 0 3.14159265358979 4.71238898038469
4 C0 81 0 82 0
0

0101000
+1117 0 -1137 0 *
Ve
1e-07
-27 69.5000000000001 28
0 0

0101101
*
Ed
 1e-07 1 1 0
1  205 0 0 3
4 CN 81 0 85 0
0

0101000
+1117 0 -1115 0 *
Ed
 1e-07 1 1 0
1  206 0 3.14159265358979 4.71238898038469
2  178 83 0 3.14159265358979 4.71238898038469
4 C0 81 0 83 0
0

0101000
+1115 0 -1135 0 *
Wi

0101100
-1116 0 +1114 0 +1113 0 -1134 0 *
Fa
0  1e-07 81 0

0111000
-1112 0 *
Ed
 1e-07 1 1 0
1  207 0 -16 0
2  179 83 0 -16 0
4 G1 83 0 86 0
0

0101000
+1115 0 -1123 0 *
Wi

0101100
+1127 0 -1113 0 +1110 0 -1120 0 *
Fa
0  1e-07 83 0

0111000
+1109 0 *
Ed
 1e-07 1 1 0
1  208 0 0 16
2  180 82 0 0 16
4 G1 82 0 87 0
0

0101000
+1124 0 -1117 0 *
Wi

0101100
-1116 0 -1107 0 -1121 0 +1130 0 *
Fa
0  1e-07 82 0

0111000
+1106 0 *
Ve
1e-07
-11 81 28
0 0

0101101
*
Ed
 1e-07 1 1 0
1  209 0 -79.5 -68
4 C0 84 0 86 0
0

0101000
+1104 0 -1123 0 *
Ve
1e-07
-11 81 31
0 0

0101101
*
Ed
 1e-07 1 1 0
1  210 0 0 3
4 CN 84 0 88 0
0

0101000
+1104 0 -1102 0 *
Ed
 1e-07 1 1 0
1  211 0 -12 -0.5
4 C0 84 0 87 0
0

0101000
+1102 0 -1124 0 *
Wi

0101100
+1122 0 -1103 0 +1101 0 +1100 0 *
Fa
0  1e-07 84 0

0111000
-1099 0 *
Ve
1e-07
-27 81 31
0 0

0101101
*
Ed
 1e-07 1 1 0
1  212 0 -11.5 0
4 C0 85 0 87 0
0

0101000
+1117 0 -1097 0 *
Ve
1e-07
-27 81 28
0 0

0101101
*
Ed
 1e-07 1 1 0
1  213 0 0 3
4 G2 85 0 89 0
0

0101000
+1095 0 -1097 0 *
Ed
 1e-07 1 1 0
1  214 0 68.0000000000001 79.5
4 C0 85 0 86 0
0

0101000
+1115 0 -1095 0 *
Wi

0101100
-1114 0 +1096 0 -1094 0 -1093 0 *
Fa
0  1e-07 85 0

0111000
-1092 0 *
Ed
 1e-07 1 1 0
1  215 0 18 34
2  181 90 0 18 34
4 G1 86 0 90 0
0

0101000
+1095 0 -1104 0 *
Wi

0101100
-1110 0 +1093 0 +1090 0 +1103 0 *
Fa
0  1e-07 86 0

0111000
-1089 0 *
Ed
 1e-07 1 1 0
1  216 0 -16 0
2  182 91 0 -16 0
4 G1 87 0 91 0
0

0101000
+1097 0 -1102 0 *
Wi

0101100
-1096 0 -1107 0 -1100 0 -1087 0 *
Fa
0  1e-07 87 0

0111000
+1086 0 *
Ve
1e-07
-27 81.5 27.5
0 0

0101101
*
Ve
1e-07
-27 84.5 27.5
0 0

0101101
*
Ed
 1e-07 1 1 0
1  217 0 -3 0
4 G2 89 0 92 0
0

0101000
+1084 0 -1083 0 *
Ed
 1e-07 1 1 0
1  218 0 3.14159265358979 4.71238898038469
2  183 90 0 3.14159265358979 4.71238898038469
4 C0 89 0 90 0
0

0101000
+1095 0 -1084 0 *
Ed
 1e-07 1 1 0
1  219 0 3.14159265358979 4.71238898038469
2  184 91 0 3.14159265358979 4.71238898038469
4 C0 89 0 91 0
0

0101000
+1097 0 -1083 0 *
Wi

0101100
-1082 0 -1081 0 +1094 0 +1080 0 *
Fa
0  1e-07 89 0

0111000
+1079 0 *
Ve
1e-07
-11 81.5 27.5
0 0

0101101
*
Ed
 1e-07 1 1 0
1  220 0 1.5707963267949 3.14159265358979
2  185 90 0 1.5707963267949 3.14159265358979
4 C0 88 0 90 0
0

0101000
+1077 0 -1104 0 *
Ve
1e-07
-11 84.5 27.5
0 0

0101101
*
Ed
 1e-07 1 1 0
1  221 0 0 3
4 CN 88 0 93 0
0

0101000
+1077 0 -1075 0 *
Ed
 1e-07 1 1 0
1  222 0 1.5707963267949 3.14159265358979
2  186 91 0 1.5707963267949 3.14159265358979
4 C0 88 0 91 0
0

0101000
+1075 0 -1102 0 *
Wi

0101100
-1076 0 +1074 0 +1073 0 -1101 0 *
Fa
0  1e-07 88 0

0111000
-1072 0 *
Ed
 1e-07 1 1 0
1  223 0 -16 -0
2  187 91 0 -16 -0
4 G1 91 0 94 0
0

0101000
+1075 0 -1083 0 *
Wi

0101100
+1087 0 -1073 0 +1070 0 -1080 0 *
Fa
0  1e-07 91 0

0111000
+1069 0 *
Ed
 1e-07 1 1 0
1  224 0 0 16
2  188 90 0 0 16
4 G1 90 0 95 0
0

0101000
+1084 0 -1077 0 *
Wi

0101100
-1076 0 -1067 0 -1081 0 +1090 0 *
Fa
0  1e-07 90 0

0111000
+1066 0 *
Ve
1e-07
-27 84.5000000000002 -11
0 0

0101101
*
Ed
 1e-07 1 1 0
1  225 0 -48.5000000000004 -10.0000000000004
4 C0 92 0 94 0
0

0101000
+1064 0 -1083 0 *
Ve
1e-07
-27 81.5000000000002 -11
0 0

0101101
*
Ed
 1e-07 1 1 0
1  226 0 0 3
2  189 96 0 0 3
4 G1 92 0 96 0
0

0101000
+1064 0 -1062 0 *
Ed
 1e-07 1 1 0
1  227 0 -39 -0.5
4 C0 92 0 95 0
0

0101000
+1062 0 -1084 0 *
Wi

0101100
-1063 0 +1061 0 +1060 0 +1082 0 *
Fa
0  1e-07 92 0

0111000
-1059 0 *
Ve
1e-07
-11 81.5000000000002 -11
0 0

0101101
*
Ed
 1e-07 1 1 0
1  228 0 -43.5 -5
4 C0 93 0 95 0
0

0101000
+1077 0 -1057 0 *
Ve
1e-07
-11 84.5000000000002 -11
0 0

0101101
*
Ed
 1e-07 1 1 0
1  229 0 -3 0
2  190 97 0 -3 0
4 G1 93 0 97 0
0

0101000
+1057 0 -1055 0 *
Ed
 1e-07 1 1 0
1  230 0 10.0000000000004 48.5000000000004
4 C0 93 0 94 0
0

0101000
+1075 0 -1055 0 *
Wi

0101100
+1056 0 +1054 0 -1053 0 -1074 0 *
Fa
0  1e-07 93 0

0111000
-1052 0 *
Ve
1e-07
-16 84.5000000000003 -16
0 0

0101101
*
Ed
 1e-07 1 1 0
1  231 0 4.71238898038469 6.28318530717959
2  191 97 0 4.71238898038469 6.28318530717959
4 C0 94 0 97 0
0

0101000
+1055 0 -1050 0 *
Ve
1e-07
-22 84.5000000000003 -16
0 0

0101101
*
Ed
 1e-07 1 1 0
1  232 0 -29 -23
4 C0 94 0 98 0
0

0101000
+1050 0 -1048 0 *
Ed
 1e-07 1 1 0
1  233 0 0 1.5707963267949
2  192 96 0 0 1.5707963267949
4 C0 94 0 96 0
0

0101000
+1048 0 -1064 0 *
Wi

0101100
+1053 0 +1049 0 +1047 0 +1046 0 +1063 0 -1070 0 *
Fa
0  1e-07 94 0

0111000
-1045 0 *
Ve
1e-07
-16 81.5000000000003 -16
0 0

0101101
*
Ve
1e-07
-22 81.5000000000003 -16
0 0

0101101
*
Ed
 1e-07 1 1 0
1  234 0 -11 -5
4 C0 95 0 98 0
0

0101000
+1043 0 -1042 0 *
Ed
 1e-07 1 1 0
1  235 0 0 1.5707963267949
2  193 97 0 0 1.5707963267949
4 C0 95 0 97 0
0

0101000
+1043 0 -1057 0 *
Ed
 1e-07 1 1 0
1  236 0 4.71238898038469 6.28318530717959
2  194 96 0 4.71238898038469 6.28318530717959
4 C0 95 0 96 0
0

0101000
+1062 0 -1042 0 *
Wi

0101100
-1041 0 +1040 0 -1056 0 -1067 0 -1060 0 +1039 0 *
Fa
0  1e-07 95 0

0111000
+1038 0 *
Ed
 1e-07 1 1 0
1  237 0 0 3
2  195 97 0 0 3
4 G1 98 0 97 0
0

0101000
+1050 0 -1043 0 *
Ed
 1e-07 1 1 0
1  238 0 -3 0
2  196 96 0 -3 0
4 G1 98 0 96 0
0

0101000
+1042 0 -1048 0 *
Wi

0101100
-1047 0 +1036 0 +1041 0 +1035 0 *
Fa
0  1e-07 98 0

0111000
-1034 0 *
Ve
1e-07
-37 0.500000000000001 41.5
0 0

0101101
*
Ve
1e-07
-37 -2.5 41.5
0 0

0101101
*
Ed
 1e-07 1 1 0
1  239 0 -3 0
4 G2 73 0 99 0
0

0101000
+1032 0 -1031 0 *
Ed
 1e-07 1 1 0
1  240 0 0 1.5707963267949
2  197 64 0 0 1.5707963267949
4 C0 73 0 64 0
0

0101000
+1226 0 -1032 0 *
Ed
 1e-07 1 1 0
1  241 0 0 1.5707963267949
2  198 74 0 0 1.5707963267949
4 C0 73 0 74 0
0

0101000
+1178 0 -1031 0 *
Wi

0101100
-1030 0 -1029 0 +1176 0 +1028 0 *
Fa
0  1e-07 73 0

0111000
+1027 0 *
Ve
1e-07
-19 0.500000000000001 41.5
0 0

0101101
*
Ed
 1e-07 1 1 0
1  242 0 4.71238898038469 6.28318530717959
2  199 64 0 4.71238898038469 6.28318530717959
4 C0 70 0 64 0
0

0101000
+1025 0 -1243 0 *
Ve
1e-07
-19 -2.5 41.5
0 0

0101101
*
Ed
 1e-07 1 1 0
1  243 0 -0 3
4 CN 70 0 100 0
0

0101000
+1025 0 -1023 0 *
Ed
 1e-07 1 1 0
1  244 0 4.71238898038469 6.28318530717959
2  200 74 0 4.71238898038469 6.28318530717959
4 C0 70 0 74 0
0

0101000
+1023 0 -1208 0 *
Wi

0101100
-1024 0 +1022 0 +1021 0 -1204 0 *
Fa
0  1e-07 70 0

0111000
-1020 0 *
Ed
 1e-07 1 1 0
1  245 0 -18 0
2  201 74 0 -18 0
4 G1 74 0 101 0
0

0101000
+1023 0 -1031 0 *
Wi

0101100
-1172 0 -1021 0 +1018 0 -1028 0 *
Fa
0  1e-07 74 0

0111000
+1017 0 *
Ed
 1e-07 1 1 0
1  246 0 0 18
2  202 64 0 0 18
4 C1 64 0 102 0
0

0101000
+1032 0 -1025 0 *
Wi

0101100
-1024 0 -1015 0 -1029 0 -1224 0 *
Fa
0  1e-07 64 0

0111000
+1014 0 *
Ve
1e-07
-37 -2.50000000000002 46.5
0 0

0101101
*
Ed
 1e-07 1 1 0
1  247 0 -9 -4
4 C0 99 0 101 0
0

0101000
+1012 0 -1031 0 *
Ve
1e-07
-37 0.499999999999984 46.5
0 0

0101101
*
Ed
 1e-07 1 1 0
1  248 0 0 3
2  203 103 0 0 3
4 C1 99 0 103 0
0

0101000
+1012 0 -1010 0 *
Ed
 1e-07 1 1 0
1  249 0 -6 -1
4 C0 99 0 102 0
0

0101000
+1010 0 -1032 0 *
Wi

0101100
-1011 0 +1009 0 +1008 0 +1030 0 *
Fa
0  1e-07 99 0

0111000
-1007 0 *
Ve
1e-07
-19 0.499999999999983 46.5
0 0

0101101
*
Ed
 1e-07 1 1 0
1  250 0 -6 -1
4 C0 100 0 102 0
0

0101000
+1025 0 -1005 0 *
Ve
1e-07
-19 -2.50000000000002 46.5
0 0

0101101
*
Ed
 1e-07 1 1 0
1  251 0 -3 -0
2  204 104 0 -3 -0
4 C1 100 0 104 0
0

0101000
+1005 0 -1003 0 *
Ed
 1e-07 1 1 0
1  252 0 4 9
4 C0 100 0 101 0
0

0101000
+1023 0 -1003 0 *
Wi

0101100
+1004 0 +1002 0 -1001 0 -1022 0 *
Fa
0  1e-07 100 0

0111000
-1000 0 *
Ve
1e-07
-20 -2.50000000000002 47.5
0 0

0101101
*
Ed
 1e-07 1 1 0
1  253 0 4.71238898038469 6.28318530717959
2  205 104 0 4.71238898038469 6.28318530717959
4 C0 101 0 104 0
0

0101000
+1003 0 -998 0 *
Ve
1e-07
-36 -2.50000000000002 47.5
0 0

0101101
*
Ed
 1e-07 1 1 0
1  254 0 -25 -9
4 C0 101 0 105 0
0

0101000
+998 0 -996 0 *
Ed
 1e-07 1 1 0
1  255 0 0 1.5707963267949
2  206 103 0 0 1.5707963267949
4 C0 101 0 103 0
0

0101000
+996 0 -1012 0 *
Wi

0101100
+1001 0 +997 0 +995 0 +994 0 +1011 0 -1018 0 *
Fa
0  1e-07 101 0

0111000
-993 0 *
Ve
1e-07
-20 0.49999999999998 47.5
0 0

0101101
*
Ve
1e-07
-36 0.49999999999998 47.5
0 0

0101101
*
Ed
 1e-07 1 1 0
1  256 0 -17 -1
4 C0 102 0 105 0
0

0101000
+991 0 -990 0 *
Ed
 1e-07 1 1 0
1  257 0 0 1.5707963267949
2  207 104 0 0 1.5707963267949
4 C0 102 0 104 0
0

0101000
+991 0 -1005 0 *
Ed
 1e-07 1 1 0
1  258 0 4.71238898038469 6.28318530717959
2  208 103 0 4.71238898038469 6.28318530717959
4 C0 102 0 103 0
0

0101000
+1010 0 -990 0 *
Wi

0101100
-989 0 +988 0 -1004 0 -1015 0 -1008 0 +987 0 *
Fa
0  1e-07 102 0

0111000
+986 0 *
Ed
 1e-07 1 1 0
1  259 0 0 3
2  209 104 0 0 3
4 C1 105 0 104 0
0

0101000
+998 0 -991 0 *
Ed
 1e-07 1 1 0
1  260 0 -3 -0
2  210 103 0 -3 -0
4 C1 105 0 103 0
0

0101000
+990 0 -996 0 *
Wi

0101100
-995 0 +984 0 +989 0 +983 0 *
Fa
0  1e-07 105 0

0111000
-982 0 *
Wi

0101100
-1222 0 -1251 0 -1167 0 +1247 0 *
Fa
0  1e-07 52 0

0111000
+980 0 *
Wi

0101100
-1049 0 -1054 0 -1040 0 -1036 0 *
Fa
0  1e-07 97 0

0111000
+978 0 *
Wi

0101100
-1046 0 -1035 0 -1039 0 -1061 0 *
Fa
0  1e-07 96 0

0111000
+976 0 *
Wi

0101100
-1173 0 -1200 0 -1239 0 -1205 0 *
Fa
0  1e-07 56 0

0111000
+974 0 *
Wi

0101100
-1171 0 -1179 0 -1227 0 -1184 0 *
Fa
0  1e-07 62 0

0111000
+972 0 *
Wi

0101100
-1170 0 -1183 0 -1231 0 -1191 0 *
Fa
0  1e-07 60 0

0111000
+970 0 *
Wi

0101100
-997 0 -1002 0 -988 0 -984 0 *
Fa
0  1e-07 104 0

0111000
+968 0 *
Wi

0101100
-994 0 -983 0 -987 0 -1009 0 *
Fa
0  1e-07 103 0

0111000
+966 0 *
Ve
1e-07
-40 45.5 42.5
0 0

0101101
*
Ed
 1e-07 1 1 0
1  261 0 -2 0
2  211 69 0 -2 0
4 G1 65 0 69 0
0

0101000
+1219 0 -964 0 *
Ve
1e-07
-40 50.5 42.5
0 0

0101101
*
Ed
 1e-07 1 1 0
1  262 0 0 5
4 C0 65 0 106 0
0

0101000
+962 0 -964 0 *
Ed
 1e-07 1 1 0
1  263 0 -0 2
4 C0 65 0 66 0
0

0101000
+962 0 -1220 0 *
Wi

0101100
+1218 0 +963 0 -961 0 +960 0 *
Fa
0  1e-07 65 0

0111000
-959 0 *
Ve
1e-07
-32 45.5 42.5
0 0

0101101
*
Ve
1e-07
-32 50.5 42.5
0 0

0101101
*
Ed
 1e-07 1 1 0
1  264 0 -5 0
4 C0 67 0 106 0
0

0101000
+957 0 -956 0 *
Ed
 1e-07 1 1 0
1  265 0 0 2
2  212 68 0 0 2
4 G1 67 0 68 0
0

0101000
+957 0 -1215 0 *
Ed
 1e-07 1 1 0
1  266 0 -0 2
4 C0 67 0 66 0
0

0101000
+956 0 -1217 0 *
Wi

0101100
-955 0 +954 0 +1214 0 -953 0 *
Fa
0  1e-07 67 0

0111000
-952 0 *
Ed
 1e-07 1 1 0
1  267 0 -8 -0
4 C0 66 0 106 0
0

0101000
+956 0 -962 0 *
Wi

0101100
+1216 0 -960 0 -950 0 +953 0 *
Fa
0  1e-07 66 0

0111000
-949 0 *
Ve
1e-07
-36 41.5 42.5
0 0

0101101
*
Ed
 1e-07 1 1 0
1  268 0 3.14159265358979 4.71238898038469
2  213 69 0 3.14159265358979 4.71238898038469
4 C0 106 0 69 0
0

0101000
+964 0 -947 0 *
Ed
 1e-07 1 1 0
1  269 0 4.71238898038469 6.28318530717959
2  214 68 0 4.71238898038469 6.28318530717959
4 C0 106 0 68 0
0

0101000
+947 0 -957 0 *
Wi

0101100
+946 0 +945 0 +955 0 +950 0 +961 0 *
Fa
0  1e-07 106 0

0111000
+944 0 *
Ed
 1e-07 1 1 0
1  270 0 0 2
2  215 69 0 0 2
2  216 68 0 0 2
4 CN 69 0 68 0
0

0101000
+947 0 -1213 0 *
Wi

0101100
-942 0 -946 0 -963 0 -1211 0 *
Fa
0  1e-07 69 0

0111000
+941 0 *
Wi

0101100
-945 0 +942 0 -1212 0 -954 0 *
Fa
0  1e-07 68 0

0111000
+939 0 *
Sh

0101100
-1244 0 -1209 0 -1202 0 -1195 0 -1188 0 -1181 0 -1174 0 +1165 0 +1158 0 -1151 0 
+1148 0 -1145 0 -1138 0 -1131 0 -1128 0 +1125 0 +1118 0 -1111 0 +1108 0 -1105 0 
-1098 0 -1091 0 -1088 0 +1085 0 +1078 0 -1071 0 +1068 0 -1065 0 -1058 0 -1051 0 
-1044 0 +1037 0 -1033 0 +1026 0 -1019 0 +1016 0 -1013 0 -1006 0 -999 0 -992 0 
+985 0 -981 0 -979 0 +977 0 +975 0 +973 0 +971 0 +969 0 +967 0 +965 0 
-958 0 -951 0 -948 0 +943 0 +940 0 +938 0 *
So

0100000
+937 0 *
Ve
1e-07
-51.5 107.5 33.5
0 0

0101101
*
Ve
1e-07
-43.3035631820209 107.5 28.706334545815
0 0

0101101
*
Ed
 1e-07 1 1 0
1  271 0 3.14159265358979 5.22477844069543
2  217 107 0 3.14159265358979 5.22477844069543
4 C0 107 0 108 0
0

0101000
+935 0 -934 0 *
Ve
1e-07
-43.3035631820209 101.5 28.706334545815
0 0

0101101
*
Ed
 1e-07 1 1 0
1  272 0 0 6
2  218 107 0 0 6
4 G1 107 0 109 0
0

0101000
+932 0 -934 0 *
Ve
1e-07
-51.5 101.5 33.5
0 0

0101101
*
Ed
 1e-07 1 1 0
1  273 0 3.14159265358979 5.22477844069543
2  219 107 0 3.14159265358979 5.22477844069543
4 C0 107 0 110 0
0

0101000
+930 0 -932 0 *
Ed
 1e-07 1 1 0
1  274 0 0 6
2  220 107 0 0 6
2  221 111 0 0 6
4 CN 107 0 111 0
0

0101000
+930 0 -935 0 *
Wi

0101100
+933 0 -931 0 -929 0 +928 0 *
Fa
0  1e-07 107 0

0111000
+927 0 *
Ve
1e-07
35.3035631820209 107.5 33.206334545815
0 0

0101101
*
Ve
1e-07
32.5 107.5 38
0 0

0101101
*
Ed
 1e-07 1 1 0
1  275 0 5.22477844069543 6.28318530717959
2  222 112 0 5.22477844069543 6.28318530717959
4 C0 112 0 108 0
0

0101000
+925 0 -924 0 *
Ve
1e-07
35.3035631820209 101.5 33.206334545815
0 0

0101101
*
Ed
 1e-07 1 1 0
1  276 0 0 6
2  223 112 0 0 6
4 G1 112 0 113 0
0

0101000
+922 0 -925 0 *
Ve
1e-07
32.5 101.5 38
0 0

0101101
*
Ed
 1e-07 1 1 0
1  277 0 5.22477844069543 6.28318530717959
2  224 112 0 5.22477844069543 6.28318530717959
4 C0 112 0 110 0
0

0101000
+922 0 -920 0 *
Ed
 1e-07 1 1 0
1  278 0 0 6
2  225 112 0 0 6
2  226 114 0 0 6
4 CN 112 0 114 0
0

0101000
+920 0 -924 0 *
Wi

0101100
-923 0 -921 0 +919 0 +918 0 *
Fa
0  1e-07 112 0

0111000
+917 0 *
Ve
1e-07
32.5 107.5 -38
0 0

0101101
*
Ve
1e-07
40.6964368179791 107.5 -42.793665454185
0 0

0101101
*
Ed
 1e-07 1 1 0
1  279 0 0 2.08318578710564
2  227 115 0 0 2.08318578710564
4 C0 115 0 108 0
0

0101000
+915 0 -914 0 *
Ve
1e-07
40.6964368179791 101.5 -42.793665454185
0 0

0101101
*
Ed
 1e-07 1 1 0
1  280 0 0 6
2  228 115 0 0 6
4 G1 115 0 116 0
0

0101000
+912 0 -914 0 *
Ve
1e-07
32.5 101.5 -38
0 0

0101101
*
Ed
 1e-07 1 1 0
1  281 0 0 2.08318578710564
2  229 115 0 0 2.08318578710564
4 C0 115 0 110 0
0

0101000
+910 0 -912 0 *
Ed
 1e-07 1 1 0
1  282 0 0 6
2  230 115 0 0 6
2  231 117 0 0 6
4 CN 115 0 117 0
0

0101000
+910 0 -915 0 *
Wi

0101100
+913 0 -911 0 -909 0 +908 0 *
Fa
0  1e-07 115 0

0111000
+907 0 *
Ve
1e-07
-48.6964368179791 107.5 -38.293665454185
0 0

0101101
*
Ve
1e-07
-51.5 107.5 -33.5
0 0

0101101
*
Ed
 1e-07 1 1 0
1  283 0 2.08318578710564 3.14159265358979
2  232 118 0 2.08318578710564 3.14159265358979
4 C0 118 0 108 0
0

0101000
+905 0 -904 0 *
Ve
1e-07
-48.6964368179791 101.5 -38.293665454185
0 0

0101101
*
Ed
 1e-07 1 1 0
1  284 0 0 6
2  233 118 0 0 6
4 G1 118 0 119 0
0

0101000
+902 0 -905 0 *
Ve
1e-07
-51.5 101.5 -33.5
0 0

0101101
*
Ed
 1e-07 1 1 0
1  285 0 2.08318578710564 3.14159265358979
2  234 118 0 2.08318578710564 3.14159265358979
4 C0 118 0 110 0
0

0101000
+902 0 -900 0 *
Ed
 1e-07 1 1 0
1  286 0 0 6
2  235 118 0 0 6
2  236 120 0 0 6
4 CN 118 0 120 0
0

0101000
+900 0 -904 0 *
Wi

0101100
-903 0 -901 0 +899 0 +898 0 *
Fa
0  1e-07 118 0

0111000
+897 0 *
Ve
1e-07
-42.8284271247462 107.5 -5.24496961908361e-15
0 0

0101101
*
Ve
1e-07
42.8284271247462 107.5 0
0 0

0101101
*
Ed
 1e-07 1 1 0
1  287 0 3.14159265358979 6.28318530717959
2  237 121 0 3.14159265358979 6.28318530717959
4 G1 121 0 108 0
0

0101000
+895 0 -894 0 *
Ve
1e-07
-40 105.5 -5.07177840783651e-15
0 0

0101101
*
Ed
 1e-07 1 1 0
1  288 0 1.5707963267949 2.80175574413567
2  238 121 0 1.5707963267949 2.80175574413567
2  239 122 0 1.5707963267949 2.80175574413567
4 CN 121 0 122 0
0

0101000
+895 0 -892 0 *
Ve
1e-07
40 105.5 0
0 0

0101101
*
Ed
 1e-07 1 1 0
1  289 0 0 3.14159265358979
2  240 121 0 0 3.14159265358979
4 C0 121 0 123 0
0

0101000
+890 0 -892 0 *
Ed
 1e-07 1 1 0
1  290 0 3.14159265358979 4.37255207093057
2  241 121 0 3.14159265358979 4.37255207093057
2  242 122 0 3.14159265358979 4.37255207093057
4 CN 121 0 122 0
0

0101000
+894 0 -890 0 *
Wi

0101100
-893 0 +891 0 -889 0 -888 0 *
Fa
0  1e-07 121 0

0111000
+887 0 *
Ve
1e-07
35 107.5 -4.53119315684521e-15
0 0

0101101
*
Ve
1e-07
-35 107.5 0
0 0

0101101
*
Ed
 1e-07 1 1 0
1  291 0 0 3.14159265358979
2  243 124 0 0 3.14159265358979
4 G1 124 0 125 0
0

0101000
+885 0 -884 0 *
Ve
1e-07
39 105.5 -4.77612251667468e-15
0 0

0101101
*
Ed
 1e-07 1 1 0
1  292 0 1.5707963267949 2.49809154479651
2  244 124 0 1.5707963267949 2.49809154479651
2  245 126 0 1.5707963267949 2.49809154479651
4 CN 124 0 126 0
0

0101000
+885 0 -882 0 *
Ve
1e-07
-39 105.5 0
0 0

0101101
*
Ed
 1e-07 1 1 0
1  293 0 0 3.14159265358979
2  246 124 0 0 3.14159265358979
4 C0 124 0 123 0
0

0101000
+882 0 -880 0 *
Ed
 1e-07 1 1 0
1  294 0 3.14159265358979 4.06888787159141
2  247 124 0 3.14159265358979 4.06888787159141
2  248 126 0 3.14159265358979 4.06888787159141
4 CN 124 0 126 0
0

0101000
+884 0 -880 0 *
Wi

0101100
-883 0 +881 0 +879 0 -878 0 *
Fa
0  1e-07 124 0

0111000
+877 0 *
Ve
1e-07
-31.5 107.5 -3.85763741731416e-15
0 0

0101101
*
Ve
1e-07
31.5 107.5 0
0 0

0101101
*
Ed
 1e-07 1 1 0
1  295 0 3.14159265358979 6.28318530717959
2  249 127 0 3.14159265358979 6.28318530717959
4 G1 127 0 125 0
0

0101000
+875 0 -874 0 *
Ve
1e-07
-27.5 105.5 -3.61270805748469e-15
0 0

0101101
*
Ed
 1e-07 1 1 0
1  296 0 1.5707963267949 2.49809154479651
2  250 127 0 1.5707963267949 2.49809154479651
2  251 128 0 1.5707963267949 2.49809154479651
4 CN 127 0 128 0
0

0101000
+875 0 -872 0 *
Ve
1e-07
27.5 105.5 0
0 0

0101101
*
Ed
 1e-07 1 1 0
1  297 0 3.14159265358979 6.28318530717959
2  252 127 0 3.14159265358979 6.28318530717959
4 C0 127 0 129 0
0

0101000
+872 0 -870 0 *
Ed
 1e-07 1 1 0
1  298 0 3.14159265358979 4.06888787159141
2  253 127 0 3.14159265358979 4.06888787159141
2  254 128 0 3.14159265358979 4.06888787159141
4 CN 127 0 128 0
0

0101000
+874 0 -870 0 *
Wi

0101100
-873 0 +871 0 +869 0 -868 0 *
Fa
0  1e-07 127 0

0111000
+867 0 *
Ve
1e-07
40 97 0
0 0

0101101
*
Ve
1e-07
-40 97 -4.89858719658941e-15
0 0

0101101
*
Ed
 1e-07 1 1 0
1  299 0 3.14159265358979 6.28318530717959
2  255 130 0 3.14159265358979 6.28318530717959
2  256 131 0 3.14159265358979 6.28318530717959
4 G1 130 0 131 0
0

0101000
+865 0 -864 0 *
Ve
1e-07
38 95 -4.77612251667468e-15
0 0

0101101
*
Ed
 1e-07 1 1 0
1  300 0 3.14159265358979 4.71238898038469
2  257 130 0 3.14159265358979 4.71238898038469
2  258 132 0 3.14159265358979 4.71238898038469
4 CN 130 0 132 0
0

0101000
+865 0 -862 0 *
Ve
1e-07
-38 95 0
0 0

0101101
*
Ed
 1e-07 1 1 0
1  301 0 0 3.14159265358979
2  259 130 0 0 3.14159265358979
4 G1 130 0 133 0
0

0101000
+860 0 -862 0 *
Ed
 1e-07 1 1 0
1  302 0 4.71238898038469 6.28318530717959
2  260 130 0 4.71238898038469 6.28318530717959
2  261 132 0 4.71238898038469 6.28318530717959
4 CN 130 0 132 0
0

0101000
+864 0 -860 0 *
Wi

0101100
-863 0 +861 0 -859 0 -858 0 *
Fa
0  1e-07 130 0

0111000
+857 0 *
Ve
1e-07
-40 101.5 -4.89858719658941e-15
0 0

0101101
*
Ed
 1e-07 1 1 0
1  303 0 2 6.5
2  262 131 0 2 6.5
2  263 134 0 2 6.5
4 CN 131 0 134 0
0

0101000
+864 0 -855 0 *
Ve
1e-07
40 101.5 0
0 0

0101101
*
Ed
 1e-07 1 1 0
1  304 0 3.14159265358979 6.28318530717959
2  264 131 0 3.14159265358979 6.28318530717959
4 C0 131 0 110 0
0

0101000
+855 0 -853 0 *
Ed
 1e-07 1 1 0
1  305 0 2 6.5
2  265 131 0 2 6.5
2  266 134 0 2 6.5
4 CN 131 0 134 0
0

0101000
+865 0 -853 0 *
Wi

0101100
+863 0 +854 0 +852 0 -851 0 *
Fa
0  1e-07 131 0

0111000
+850 0 *
Ve
1e-07
-35.3035631820209 101.5 33.206334545815
0 0

0101101
*
Ve
1e-07
-35.3035631820209 107.5 33.206334545815
0 0

0101101
*
Ed
 1e-07 1 1 0
1  306 0 0 6
2  267 135 0 0 6
4 G1 135 0 109 0
0

0101000
+848 0 -847 0 *
Ve
1e-07
-32.5 107.5 38
0 0

0101101
*
Ed
 1e-07 1 1 0
1  307 0 5.22477844069543 6.28318530717959
2  268 135 0 5.22477844069543 6.28318530717959
4 C0 135 0 108 0
0

0101000
+847 0 -845 0 *
Ve
1e-07
-32.5 101.5 38
0 0

0101101
*
Ed
 1e-07 1 1 0
1  308 0 0 6
2  269 135 0 0 6
2  270 136 0 0 6
4 CN 135 0 136 0
0

0101000
+843 0 -845 0 *
Ed
 1e-07 1 1 0
1  309 0 5.22477844069543 6.28318530717959
2  271 135 0 5.22477844069543 6.28318530717959
4 C0 135 0 110 0
0

0101000
+848 0 -843 0 *
Wi

0101100
+846 0 +844 0 -842 0 -841 0 *
Fa
0  1e-07 135 0

0111000
+840 0 *
Ve
1e-07
43.3035631820209 101.5 28.706334545815
0 0

0101101
*
Ve
1e-07
43.3035631820209 107.5 28.706334545815
0 0

0101101
*
Ed
 1e-07 1 1 0
1  310 0 0 6
2  272 137 0 0 6
4 G1 137 0 113 0
0

0101000
+838 0 -837 0 *
Ve
1e-07
51.5 107.5 33.5
0 0

0101101
*
Ed
 1e-07 1 1 0
1  311 0 3.14159265358979 5.22477844069543
2  273 137 0 3.14159265358979 5.22477844069543
4 C0 137 0 108 0
0

0101000
+835 0 -837 0 *
Ve
1e-07
51.5 101.5 33.5
0 0

0101101
*
Ed
 1e-07 1 1 0
1  312 0 0 6
2  274 137 0 0 6
2  275 138 0 0 6
4 CN 137 0 138 0
0

0101000
+833 0 -835 0 *
Ed
 1e-07 1 1 0
1  313 0 3.14159265358979 5.22477844069543
2  276 137 0 3.14159265358979 5.22477844069543
4 C0 137 0 110 0
0

0101000
+833 0 -838 0 *
Wi

0101100
+836 0 -834 0 -832 0 +831 0 *
Fa
0  1e-07 137 0

0111000
+830 0 *
Ve
1e-07
48.6964368179791 101.5 -38.293665454185
0 0

0101101
*
Ve
1e-07
48.6964368179791 107.5 -38.293665454185
0 0

0101101
*
Ed
 1e-07 1 1 0
1  314 0 0 6
2  277 139 0 0 6
4 G1 139 0 116 0
0

0101000
+828 0 -827 0 *
Ve
1e-07
51.5 107.5 -33.5
0 0

0101101
*
Ed
 1e-07 1 1 0
1  315 0 2.08318578710564 3.14159265358979
2  278 139 0 2.08318578710564 3.14159265358979
4 C0 139 0 108 0
0

0101000
+827 0 -825 0 *
Ve
1e-07
51.5 101.5 -33.5
0 0

0101101
*
Ed
 1e-07 1 1 0
1  316 0 0 6
2  279 139 0 0 6
2  280 140 0 0 6
4 CN 139 0 140 0
0

0101000
+823 0 -825 0 *
Ed
 1e-07 1 1 0
1  317 0 2.08318578710564 3.14159265358979
2  281 139 0 2.08318578710564 3.14159265358979
4 C0 139 0 110 0
0

0101000
+828 0 -823 0 *
Wi

0101100
+826 0 +824 0 -822 0 -821 0 *
Fa
0  1e-07 139 0

0111000
+820 0 *
Ve
1e-07
-40.6964368179791 101.5 -42.793665454185
0 0

0101101
*
Ve
1e-07
-40.6964368179791 107.5 -42.793665454185
0 0

0101101
*
Ed
 1e-07 1 1 0
1  318 0 0 6
2  282 141 0 0 6
4 G1 141 0 119 0
0

0101000
+818 0 -817 0 *
Ve
1e-07
-32.5 107.5 -38
0 0

0101101
*
Ed
 1e-07 1 1 0
1  319 0 0 2.08318578710564
2  283 141 0 0 2.08318578710564
4 C0 141 0 108 0
0

0101000
+815 0 -817 0 *
Ve
1e-07
-32.5 101.5 -38
0 0

0101101
*
Ed
 1e-07 1 1 0
1  320 0 0 6
2  284 141 0 0 6
2  285 142 0 0 6
4 CN 141 0 142 0
0

0101000
+813 0 -815 0 *
Ed
 1e-07 1 1 0
1  321 0 0 2.08318578710564
2  286 141 0 0 2.08318578710564
4 C0 141 0 110 0
0

0101000
+813 0 -818 0 *
Wi

0101100
+816 0 -814 0 -812 0 +811 0 *
Fa
0  1e-07 141 0

0111000
+810 0 *
Ve
1e-07
12.5 95 0
0 0

0101101
*
Ve
1e-07
12.5 105.5 0
0 0

0101101
*
Ed
 1e-07 1 1 0
1  322 0 0 10.5
2  287 143 0 0 10.5
2  288 144 0 0 10.5
4 CN 143 0 144 0
0

0101000
+808 0 -807 0 *
Ve
1e-07
-12.5 105.5 -1.53080849893419e-15
0 0

0101101
*
Ed
 1e-07 1 1 0
1  323 0 0 3.14159265358979
2  289 143 0 0 3.14159265358979
4 C0 143 0 129 0
0

0101000
+807 0 -805 0 *
Ve
1e-07
-12.5 95 -1.53080849893419e-15
0 0

0101101
*
Ed
 1e-07 1 1 0
1  324 0 0 10.5
2  290 143 0 0 10.5
2  291 144 0 0 10.5
4 CN 143 0 144 0
0

0101000
+803 0 -805 0 *
Ed
 1e-07 1 1 0
1  325 0 3.14159265358979 6.28318530717959
2  292 143 0 3.14159265358979 6.28318530717959
4 C0 143 0 133 0
0

0101000
+803 0 -808 0 *
Wi

0101100
+806 0 +804 0 -802 0 +801 0 *
Fa
0  1e-07 143 0

0111000
+800 0 *
Ed
 1e-07 1 1 0
1  326 0 3.14159265358979 6.28318530717959
2  293 122 0 3.14159265358979 6.28318530717959
4 C0 123 0 122 0
0

0101000
+892 0 -890 0 *
Wi

0101100
+889 0 +798 0 *
Ed
 1e-07 1 1 0
1  327 0 3.14159265358979 6.28318530717959
2  294 126 0 3.14159265358979 6.28318530717959
4 C0 123 0 126 0
0

0101000
+880 0 -882 0 *
Wi

0101100
-796 0 -879 0 *
Fa
0  1e-07 123 0

0111000
+797 0 +795 0 *
Ed
 1e-07 1 1 0
1  328 0 3.14159265358979 6.28318530717959
2  295 144 0 3.14159265358979 6.28318530717959
4 C0 144 0 129 0
0

0101000
+805 0 -807 0 *
Ed
 1e-07 1 1 0
1  329 0 0 3.14159265358979
2  296 144 0 0 3.14159265358979
4 C0 144 0 133 0
0

0101000
+808 0 -803 0 *
Wi

0101100
+793 0 -806 0 +792 0 +802 0 *
Fa
0  1e-07 144 0

0111000
+791 0 *
Ve
1e-07
53.5 101.5 -50
0 0

0101101
*
Ve
1e-07
-53.5 101.5 -50
0 0

0101101
*
Ed
 1e-07 1 1 0
1  330 0 -111 -4
4 C0 110 0 145 0
0

0101000
+789 0 -788 0 *
Ve
1e-07
57.5 101.5 -46
0 0

0101101
*
Ed
 1e-07 1 1 0
1  331 0 4.71238898038469 6.28318530717959
2  297 146 0 4.71238898038469 6.28318530717959
4 C0 110 0 146 0
0

0101000
+789 0 -786 0 *
Ve
1e-07
57.5 101.5 46
0 0

0101101
*
Ed
 1e-07 1 1 0
1  332 0 -96 -4
4 C0 110 0 147 0
0

0101000
+784 0 -786 0 *
Ve
1e-07
53.5 101.5 50
0 0

0101101
*
Ed
 1e-07 1 1 0
1  333 0 0 1.5707963267949
2  298 148 0 0 1.5707963267949
4 C0 110 0 148 0
0

0101000
+784 0 -782 0 *
Ve
1e-07
-53.5 101.5 50
0 0

0101101
*
Ed
 1e-07 1 1 0
1  334 0 4 111
4 C0 110 0 149 0
0

0101000
+780 0 -782 0 *
Ve
1e-07
-57.5 101.5 46
0 0

0101101
*
Ed
 1e-07 1 1 0
1  335 0 1.5707963267949 3.14159265358979
2  299 150 0 1.5707963267949 3.14159265358979
4 C0 110 0 150 0
0

0101000
+780 0 -778 0 *
Ve
1e-07
-57.5 101.5 -46
0 0

0101101
*
Ed
 1e-07 1 1 0
1  336 0 4 96
4 C0 110 0 151 0
0

0101000
+776 0 -778 0 *
Ed
 1e-07 1 1 0
1  337 0 3.14159265358979 4.71238898038469
2  300 152 0 3.14159265358979 4.71238898038469
4 C0 110 0 152 0
0

0101000
+776 0 -788 0 *
Wi

0101100
-787 0 +785 0 -783 0 +781 0 -779 0 +777 0 -775 0 +774 0 *
Ve
1e-07
-48.6964368179791 101.5 38.293665454185
0 0

0101101
*
Ed
 1e-07 1 1 0
1  338 0 2.08318578710564 3.14159265358979
2  301 111 0 2.08318578710564 3.14159265358979
4 C0 110 0 111 0
0

0101000
+772 0 -930 0 *
Ve
1e-07
-40.6964368179791 101.5 42.793665454185
0 0

0101101
*
Ed
 1e-07 1 1 0
1  339 0 -9.17877987534291 0
4 C0 110 0 153 0
0

0101000
+770 0 -772 0 *
Ed
 1e-07 1 1 0
1  340 0 0 2.08318578710564
2  302 136 0 0 2.08318578710564
4 C0 110 0 136 0
0

0101000
+843 0 -770 0 *
Ed
 1e-07 1 1 0
1  341 0 0 9.17877987534291
4 C0 110 0 109 0
0

0101000
+932 0 -848 0 *
Wi

0101100
-771 0 -769 0 -768 0 -841 0 -767 0 -929 0 *
Ve
1e-07
40.6964368179791 101.5 42.793665454185
0 0

0101101
*
Ve
1e-07
48.6964368179791 101.5 38.293665454185
0 0

0101101
*
Ed
 1e-07 1 1 0
1  342 0 -9.17877987534291 0
4 C0 110 0 154 0
0

0101000
+765 0 -764 0 *
Ed
 1e-07 1 1 0
1  343 0 2.08318578710564 3.14159265358979
2  303 138 0 2.08318578710564 3.14159265358979
4 C0 110 0 138 0
0

0101000
+764 0 -833 0 *
Ed
 1e-07 1 1 0
1  344 0 0 9.17877987534291
4 C0 110 0 113 0
0

0101000
+838 0 -922 0 *
Ed
 1e-07 1 1 0
1  345 0 0 2.08318578710564
2  304 114 0 0 2.08318578710564
4 C0 110 0 114 0
0

0101000
+920 0 -765 0 *
Wi

0101100
+763 0 +762 0 +831 0 +761 0 +919 0 +760 0 *
Ed
 1e-07 1 1 0
1  346 0 -9.17877987534291 0
4 C0 110 0 119 0
0

0101000
+818 0 -902 0 *
Ve
1e-07
-43.3035631820209 101.5 -28.706334545815
0 0

0101101
*
Ed
 1e-07 1 1 0
1  347 0 3.14159265358979 5.22477844069543
2  305 120 0 3.14159265358979 5.22477844069543
4 C0 110 0 120 0
0

0101000
+900 0 -757 0 *
Ve
1e-07
-35.3035631820209 101.5 -33.206334545815
0 0

0101101
*
Ed
 1e-07 1 1 0
1  348 0 0 9.17877987534291
4 C0 110 0 155 0
0

0101000
+757 0 -755 0 *
Ed
 1e-07 1 1 0
1  349 0 5.22477844069543 6.28318530717959
2  306 142 0 5.22477844069543 6.28318530717959
4 C0 110 0 142 0
0

0101000
+755 0 -813 0 *
Wi

0101100
+758 0 +899 0 +756 0 +754 0 +753 0 +811 0 *
Ed
 1e-07 1 1 0
1  350 0 -9.17877987534291 0
4 C0 110 0 116 0
0

0101000
+912 0 -828 0 *
Ve
1e-07
35.3035631820209 101.5 -33.206334545815
0 0

0101101
*
Ed
 1e-07 1 1 0
1  351 0 5.22477844069543 6.28318530717959
2  307 117 0 5.22477844069543 6.28318530717959
4 C0 110 0 117 0
0

0101000
+750 0 -910 0 *
Ve
1e-07
43.3035631820209 101.5 -28.706334545815
0 0

0101101
*
Ed
 1e-07 1 1 0
1  352 0 0 9.17877987534291
4 C0 110 0 156 0
0

0101000
+748 0 -750 0 *
Ed
 1e-07 1 1 0
1  353 0 3.14159265358979 5.22477844069543
2  308 140 0 3.14159265358979 5.22477844069543
4 C0 110 0 140 0
0

0101000
+823 0 -748 0 *
Wi

0101100
-821 0 -751 0 -909 0 -749 0 -747 0 -746 0 *
Ed
 1e-07 1 1 0
1  354 0 0 3.14159265358979
2  309 134 0 0 3.14159265358979
4 C0 110 0 134 0
0

0101000
+853 0 -855 0 *
Wi

0101100
-744 0 -852 0 *
Fa
0  1e-07 110 0

0111000
-773 0 -766 0 -759 0 -752 0 -745 0 -743 0 *
Ve
1e-07
57.5 107.5 46
0 0

0101101
*
Ve
1e-07
57.5 107.5 -46
0 0

0101101
*
Ed
 1e-07 1 1 0
1  355 0 -96 -4
4 C0 108 0 147 0
0

0101000
+741 0 -740 0 *
Ve
1e-07
53.5 107.5 -50
0 0

0101101
*
Ed
 1e-07 1 1 0
1  356 0 0 1.5707963267949
2  310 146 0 0 1.5707963267949
4 C0 108 0 146 0
0

0101000
+740 0 -738 0 *
Ve
1e-07
-53.5 107.5 -50
0 0

0101101
*
Ed
 1e-07 1 1 0
1  357 0 -111 -4
4 C0 108 0 145 0
0

0101000
+738 0 -736 0 *
Ve
1e-07
-57.5 107.5 -46
0 0

0101101
*
Ed
 1e-07 1 1 0
1  358 0 1.5707963267949 3.14159265358979
2  311 152 0 1.5707963267949 3.14159265358979
4 C0 108 0 152 0
0

0101000
+736 0 -734 0 *
Ve
1e-07
-57.5 107.5 46
0 0

0101101
*
Ed
 1e-07 1 1 0
1  359 0 4 96
4 C0 108 0 151 0
0

0101000
+734 0 -732 0 *
Ve
1e-07
-53.5 107.5 50
0 0

0101101
*
Ed
 1e-07 1 1 0
1  360 0 3.14159265358979 4.71238898038469
2  312 150 0 3.14159265358979 4.71238898038469
4 C0 108 0 150 0
0

0101000
+732 0 -730 0 *
Ve
1e-07
53.5 107.5 50
0 0

0101101
*
Ed
 1e-07 1 1 0
1  361 0 4 111
4 C0 108 0 149 0
0

0101000
+730 0 -728 0 *
Ed
 1e-07 1 1 0
1  362 0 4.71238898038469 6.28318530717959
2  313 148 0 4.71238898038469 6.28318530717959
4 C0 108 0 148 0
0

0101000
+728 0 -741 0 *
Wi

0101100
+739 0 +737 0 +735 0 +733 0 +731 0 +729 0 +727 0 +726 0 *
Ed
 1e-07 1 1 0
1  363 0 0 3.14159265358979
2  314 122 0 0 3.14159265358979
4 G1 108 0 122 0
0

0101000
+894 0 -895 0 *
Wi

0101100
+724 0 +893 0 *
Ed
 1e-07 1 1 0
1  364 0 -9.17877987534291 0
4 C0 108 0 116 0
0

0101000
+914 0 -827 0 *
Ve
1e-07
43.3035631820209 107.5 -28.706334545815
0 0

0101101
*
Ed
 1e-07 1 1 0
1  365 0 3.14159265358979 5.22477844069543
2  315 140 0 3.14159265358979 5.22477844069543
4 C0 108 0 140 0
0

0101000
+825 0 -721 0 *
Ve
1e-07
35.3035631820209 107.5 -33.206334545815
0 0

0101101
*
Ed
 1e-07 1 1 0
1  366 0 0 9.17877987534291
4 C0 108 0 156 0
0

0101000
+721 0 -719 0 *
Ed
 1e-07 1 1 0
1  367 0 5.22477844069543 6.28318530717959
2  316 117 0 5.22477844069543 6.28318530717959
4 C0 108 0 117 0
0

0101000
+719 0 -915 0 *
Wi

0101100
+722 0 +824 0 +720 0 +718 0 +717 0 +913 0 *
Ed
 1e-07 1 1 0
1  368 0 -9.17877987534291 0
4 C0 108 0 119 0
0

0101000
+817 0 -905 0 *
Ve
1e-07
-35.3035631820209 107.5 -33.206334545815
0 0

0101101
*
Ed
 1e-07 1 1 0
1  369 0 5.22477844069543 6.28318530717959
2  317 142 0 5.22477844069543 6.28318530717959
4 C0 108 0 142 0
0

0101000
+714 0 -815 0 *
Ve
1e-07
-43.3035631820209 107.5 -28.706334545815
0 0

0101101
*
Ed
 1e-07 1 1 0
1  370 0 0 9.17877987534291
4 C0 108 0 155 0
0

0101000
+712 0 -714 0 *
Ed
 1e-07 1 1 0
1  371 0 3.14159265358979 5.22477844069543
2  318 120 0 3.14159265358979 5.22477844069543
4 C0 108 0 120 0
0

0101000
+904 0 -712 0 *
Wi

0101100
-903 0 -715 0 -814 0 -713 0 -711 0 -710 0 *
Ve
1e-07
48.6964368179791 107.5 38.293665454185
0 0

0101101
*
Ed
 1e-07 1 1 0
1  372 0 2.08318578710564 3.14159265358979
2  319 138 0 2.08318578710564 3.14159265358979
4 C0 108 0 138 0
0

0101000
+708 0 -835 0 *
Ve
1e-07
40.6964368179791 107.5 42.793665454185
0 0

0101101
*
Ed
 1e-07 1 1 0
1  373 0 -9.17877987534291 0
4 C0 108 0 154 0
0

0101000
+706 0 -708 0 *
Ed
 1e-07 1 1 0
1  374 0 0 2.08318578710564
2  320 114 0 0 2.08318578710564
4 C0 108 0 114 0
0

0101000
+924 0 -706 0 *
Ed
 1e-07 1 1 0
1  375 0 0 9.17877987534291
4 C0 108 0 113 0
0

0101000
+837 0 -925 0 *
Wi

0101100
-707 0 -705 0 -704 0 -923 0 -703 0 -834 0 *
Ve
1e-07
-40.6964368179791 107.5 42.793665454185
0 0

0101101
*
Ve
1e-07
-48.6964368179791 107.5 38.293665454185
0 0

0101101
*
Ed
 1e-07 1 1 0
1  376 0 -9.17877987534291 0
4 C0 108 0 153 0
0

0101000
+701 0 -700 0 *
Ed
 1e-07 1 1 0
1  377 0 2.08318578710564 3.14159265358979
2  321 111 0 2.08318578710564 3.14159265358979
4 C0 108 0 111 0
0

0101000
+700 0 -935 0 *
Ed
 1e-07 1 1 0
1  378 0 0 9.17877987534291
4 C0 108 0 109 0
0

0101000
+934 0 -847 0 *
Ed
 1e-07 1 1 0
1  379 0 0 2.08318578710564
2  322 136 0 0 2.08318578710564
4 C0 108 0 136 0
0

0101000
+845 0 -701 0 *
Wi

0101100
+699 0 +698 0 +933 0 +697 0 +844 0 +696 0 *
Fa
0  1e-07 108 0

0111000
+725 0 +723 0 +716 0 +709 0 +702 0 +695 0 *
Ed
 1e-07 1 1 0
1  380 0 0 6
2  323 150 0 0 6
4 G1 151 0 150 0
0

0101000
+778 0 -732 0 *
Ed
 1e-07 1 1 0
1  381 0 -6 0
2  324 152 0 -6 0
4 G1 151 0 152 0
0

0101000
+734 0 -776 0 *
Wi

0101100
+775 0 +693 0 -731 0 +692 0 *
Fa
0  1e-07 151 0

0111000
+691 0 *
Ed
 1e-07 1 1 0
1  382 0 -6 0
2  325 146 0 -6 0
4 G1 145 0 146 0
0

0101000
+738 0 -789 0 *
Ed
 1e-07 1 1 0
1  383 0 0 6
2  326 152 0 0 6
4 G1 145 0 152 0
0

0101000
+788 0 -736 0 *
Wi

0101100
-735 0 +689 0 +787 0 +688 0 *
Fa
0  1e-07 145 0

0111000
+687 0 *
Ed
 1e-07 1 1 0
1  384 0 0 6
2  327 146 0 0 6
4 G1 147 0 146 0
0

0101000
+786 0 -740 0 *
Ed
 1e-07 1 1 0
1  385 0 -6 0
2  328 148 0 -6 0
4 G1 147 0 148 0
0

0101000
+741 0 -784 0 *
Wi

0101100
+783 0 +685 0 -739 0 +684 0 *
Fa
0  1e-07 147 0

0111000
+683 0 *
Ed
 1e-07 1 1 0
1  386 0 0 6
2  329 148 0 0 6
4 G1 149 0 148 0
0

0101000
+782 0 -728 0 *
Ed
 1e-07 1 1 0
1  387 0 -6 0
2  330 150 0 -6 0
4 G1 149 0 150 0
0

0101000
+730 0 -780 0 *
Wi

0101100
+779 0 +681 0 -727 0 +680 0 *
Fa
0  1e-07 149 0

0111000
+679 0 *
Ed
 1e-07 1 1 0
1  388 0 0 6
2  331 120 0 0 6
4 G1 120 0 155 0
0

0101000
+757 0 -712 0 *
Wi

0101100
+756 0 +677 0 -710 0 -898 0 *
Fa
0  1e-07 120 0

0111000
+676 0 *
Wi

0101100
+715 0 -901 0 -758 0 +816 0 *
Fa
0  1e-07 119 0

0111000
-674 0 *
Ed
 1e-07 1 1 0
1  389 0 0 6
2  332 142 0 0 6
4 G1 142 0 155 0
0

0101000
+755 0 -714 0 *
Wi

0101100
-713 0 -672 0 +753 0 +812 0 *
Fa
0  1e-07 142 0

0111000
+671 0 *
Wi

0101100
+711 0 -672 0 -754 0 +677 0 *
Fa
0  1e-07 155 0

0111000
-669 0 *
Ed
 1e-07 1 1 0
1  390 0 0 6
2  333 140 0 0 6
4 G1 140 0 156 0
0

0101000
+748 0 -721 0 *
Wi

0101100
+720 0 -667 0 -746 0 +822 0 *
Fa
0  1e-07 140 0

0111000
+666 0 *
Ed
 1e-07 1 1 0
1  391 0 0 6
2  334 117 0 0 6
4 G1 156 0 117 0
0

0101000
+750 0 -719 0 *
Wi

0101100
-718 0 -667 0 +747 0 +664 0 *
Fa
0  1e-07 156 0

0111000
+663 0 *
Wi

0101100
-749 0 +664 0 +717 0 -908 0 *
Fa
0  1e-07 117 0

0111000
+661 0 *
Wi

0101100
-722 0 -911 0 +751 0 +826 0 *
Fa
0  1e-07 116 0

0111000
+659 0 *
Ed
 1e-07 1 1 0
1  392 0 0 6
2  335 138 0 0 6
4 G1 138 0 154 0
0

0101000
+764 0 -708 0 *
Wi

0101100
-707 0 -657 0 +762 0 +832 0 *
Fa
0  1e-07 138 0

0111000
+656 0 *
Ed
 1e-07 1 1 0
1  393 0 0 6
2  336 114 0 0 6
4 G1 154 0 114 0
0

0101000
+765 0 -706 0 *
Wi

0101100
+705 0 -657 0 -763 0 +654 0 *
Fa
0  1e-07 154 0

0111000
-653 0 *
Wi

0101100
+760 0 +654 0 -704 0 -918 0 *
Fa
0  1e-07 114 0

0111000
+651 0 *
Wi

0101100
+703 0 -921 0 -761 0 +836 0 *
Fa
0  1e-07 113 0

0111000
-649 0 *
Ed
 1e-07 1 1 0
1  394 0 0 6
2  337 111 0 0 6
4 G1 111 0 153 0
0

0101000
+772 0 -700 0 *
Wi

0101100
-771 0 +647 0 +698 0 -928 0 *
Fa
0  1e-07 111 0

0111000
+646 0 *
Wi

0101100
-697 0 -931 0 +767 0 +846 0 *
Fa
0  1e-07 109 0

0111000
+644 0 *
Ed
 1e-07 1 1 0
1  395 0 0 6
2  338 136 0 0 6
4 G1 136 0 153 0
0

0101000
+770 0 -701 0 *
Wi

0101100
+696 0 -642 0 -768 0 +842 0 *
Fa
0  1e-07 136 0

0111000
+641 0 *
Wi

0101100
-699 0 -642 0 +769 0 +647 0 *
Fa
0  1e-07 153 0

0111000
+639 0 *
Wi

0101100
-785 0 -689 0 -737 0 -685 0 *
Fa
0  1e-07 146 0

0111000
+637 0 *
Wi

0101100
-781 0 -684 0 -726 0 -681 0 *
Fa
0  1e-07 148 0

0111000
+635 0 *
Wi

0101100
-777 0 -680 0 -729 0 -693 0 *
Fa
0  1e-07 150 0

0111000
+633 0 *
Wi

0101100
-774 0 -692 0 -733 0 -688 0 *
Fa
0  1e-07 152 0

0111000
+631 0 *
Ed
 1e-07 1 1 0
1  396 0 0 3.14159265358979
2  339 134 0 0 3.14159265358979
2  340 132 0 0 3.14159265358979
4 G1 134 0 132 0
0

0101000
+864 0 -865 0 *
Wi

0101100
-854 0 +629 0 +851 0 +744 0 *
Fa
0  1e-07 134 0

0111000
+628 0 *
Ed
 1e-07 1 1 0
1  397 0 3.14159265358979 6.28318530717959
2  341 132 0 3.14159265358979 6.28318530717959
4 G1 133 0 132 0
0

0101000
+862 0 -860 0 *
Wi

0101100
+859 0 +626 0 *
Wi

0101100
+792 0 +801 0 *
Fa
0  1e-07 133 0

0111000
+625 0 +624 0 *
Ed
 1e-07 1 1 0
1  398 0 0 3.14159265358979
2  342 128 0 0 3.14159265358979
4 C0 129 0 128 0
0

0101000
+870 0 -872 0 *
Wi

0101100
-622 0 -869 0 *
Wi

0101100
+804 0 +793 0 *
Fa
0  1e-07 129 0

0111000
+621 0 +620 0 *
Wi

0101100
-861 0 -629 0 +858 0 -626 0 *
Fa
0  1e-07 132 0

0111000
+618 0 *
Ed
 1e-07 1 1 0
1  399 0 3.14159265358979 6.28318530717959
2  343 126 0 3.14159265358979 6.28318530717959
4 G1 125 0 126 0
0

0101000
+884 0 -885 0 *
Wi

0101100
+616 0 +883 0 *
Ed
 1e-07 1 1 0
1  400 0 0 3.14159265358979
2  344 128 0 0 3.14159265358979
4 G1 125 0 128 0
0

0101000
+874 0 -875 0 *
Wi

0101100
+614 0 +873 0 *
Fa
0  1e-07 125 0

0111000
+615 0 +613 0 *
Wi

0101100
-871 0 -614 0 +868 0 +622 0 *
Fa
0  1e-07 128 0

0111000
+611 0 *
Wi

0101100
-881 0 -616 0 +878 0 +796 0 *
Fa
0  1e-07 126 0

0111000
+609 0 *
Wi

0101100
-891 0 -724 0 +888 0 -798 0 *
Fa
0  1e-07 122 0

0111000
+607 0 *
Sh

0101100
-926 0 -916 0 -906 0 -896 0 +886 0 +876 0 +866 0 +856 0 +849 0 -839 0 
-829 0 -819 0 -809 0 -799 0 +794 0 -790 0 -742 0 +694 0 +690 0 +686 0 
+682 0 +678 0 -675 0 -673 0 -670 0 -668 0 -665 0 +662 0 -660 0 +658 0 
-655 0 -652 0 -650 0 -648 0 -645 0 +643 0 -640 0 +638 0 +636 0 +634 0 
+632 0 +630 0 +627 0 +623 0 +619 0 +617 0 +612 0 +610 0 +608 0 +606 0 
*
So

0100000
+605 0 *
Ve
1e-07
-36.4019237886467 10.381197846483 48
0 0

0101101
*
Ve
1e-07
-25.5980762113533 16.618802153517 48
0 0

0101101
*
Ed
 1e-07 1 1 0
1  401 0 0 3.14159265358979
2  345 157 0 0 3.14159265358979
4 C0 157 0 158 0
0

0101000
+603 0 -602 0 *
Ve
9.67271359441329e-05
-23 18.118802153517 47
0 0

0101101
*
Ed
 1e-07 1 1 0
1  402 0 4.93405932718878 5.13421974237388
2  346 157 0 4.93405932718878 5.13421974237388
2  347 159 0 4.93405932718878 5.13421974237388
4 CN 157 0 159 0
0

0101000
+602 0 -600 0 *
Ve
9.67271359441329e-05
-31 22.737604307034 47
0 0

0101101
*
Ed
 9.67271359441329e-05 1 1 0
1  403 0 2.33254409269505e-07 0.0092509853587196
2  348 157 0 2.33254409269505e-07 0.0092509853587196
4 C0 157 0 160 0
0

0101000
+598 0 -600 0 *
Ve
9.67271359326717e-05
-39 18.118802153517 47
0 0

0101101
*
Ed
 8.74133977430999e-05 1 1 0
1  404 0 0.0946938928205695 0.103933314649715
2  349 157 0 0.0946938928205695 0.103933314649715
4 C0 157 0 161 0
0

0101000
+596 0 -598 0 *
Ve
9.67271359327267e-05
-39 8.88119784648299 47
0 0

0101101
*
Ed
 9.67271359326717e-05 1 1 0
1  405 0 2.33254409274272e-07 0.00925098535871961
2  350 157 0 2.33254409274272e-07 0.00925098535871961
4 C0 157 0 162 0
0

0101000
+594 0 -596 0 *
Ed
 1e-07 1 1 0
1  406 0 4.93405932718878 5.13421974237388
2  351 157 0 4.93405932718878 5.13421974237388
2  352 159 0 4.93405932718878 5.13421974237388
4 CN 157 0 159 0
0

0101000
+603 0 -594 0 *
Wi

0101100
+601 0 +599 0 -597 0 -595 0 -593 0 -592 0 *
Fa
0  1e-07 157 0

0111000
+591 0 *
Ve
1e-07
-35.3301270189222 11 -47
0 0

0101101
*
Ve
1e-07
-26.6698729810778 16 -47
0 0

0101101
*
Ed
 1e-07 1 1 0
1  407 0 0 3.14159265358979
2  353 163 0 0 3.14159265358979
4 C0 163 0 164 0
0

0101000
+589 0 -588 0 *
Ve
1e-07
-35.3301270189222 11 43.5
0 0

0101101
*
Ed
 1e-07 1 1 0
1  408 0 0 90.5
2  354 163 0 0 90.5
2  355 165 0 0 90.5
4 CN 163 0 165 0
0

0101000
+589 0 -586 0 *
Ve
1e-07
-26.6698729810778 16 43.5
0 0

0101101
*
Ed
 1e-07 1 1 0
1  409 0 0 3.14159265358979
2  356 163 0 0 3.14159265358979
4 C0 163 0 166 0
0

0101000
+586 0 -584 0 *
Ed
 1e-07 1 1 0
1  410 0 0 90.5
2  357 163 0 0 90.5
2  358 165 0 0 90.5
4 CN 163 0 165 0
0

0101000
+588 0 -584 0 *
Wi

0101100
-587 0 +585 0 +583 0 -582 0 *
Fa
0  1e-07 163 0

0111000
+581 0 *
Ed
 1e-07 1 1 0
1  411 0 3.14159265358979 6.28318530717959
2  359 165 0 3.14159265358979 6.28318530717959
4 C0 165 0 164 0
0

0101000
+588 0 -589 0 *
Ed
 1e-07 1 1 0
1  412 0 3.14159265358979 6.28318530717959
2  360 165 0 3.14159265358979 6.28318530717959
4 C0 165 0 166 0
0

0101000
+584 0 -586 0 *
Wi

0101100
-585 0 -579 0 +582 0 +578 0 *
Fa
0  1e-07 165 0

0111000
+577 0 *
Wi

0101100
+579 0 +587 0 *
Fa
0  1e-07 164 0

0111000
+575 0 *
Ve
1e-07
-31 4.26239569296598 43.5
0 0

0101101
*
Ve
1e-07
-39 8.88119784648299 43.5
0 0

0101101
*
Ed
 1e-07 1 1 0
1  413 0 0 9.23760430703401
4 C0 166 0 167 0
0

0101000
+573 0 -572 0 *
Ve
1e-07
-39 18.118802153517 43.5
0 0

0101101
*
Ed
 1e-07 1 1 0
1  414 0 0 9.23760430703401
4 C0 166 0 162 0
0

0101000
+572 0 -570 0 *
Ve
1e-07
-31 22.737604307034 43.5
0 0

0101101
*
Ed
 1e-07 1 1 0
1  415 0 0 9.23760430703401
4 C0 166 0 161 0
0

0101000
+570 0 -568 0 *
Ve
1e-07
-23 18.118802153517 43.5
0 0

0101101
*
Ed
 1e-07 1 1 0
1  416 0 0 9.23760430703401
4 C0 166 0 160 0
0

0101000
+568 0 -566 0 *
Ve
1e-07
-23 8.88119784648299 43.5
0 0

0101101
*
Ed
 1e-07 1 1 0
1  417 0 0 9.23760430703401
4 C0 166 0 168 0
0

0101000
+566 0 -564 0 *
Ed
 1e-07 1 1 0
1  418 0 0 9.23760430703401
4 C0 166 0 169 0
0

0101000
+564 0 -573 0 *
Wi

0101100
+571 0 +569 0 +567 0 +565 0 +563 0 +562 0 *
Wi

0101100
-578 0 -583 0 *
Fa
0  1e-07 166 0

0111000
+561 0 +560 0 *
Ve
9.67271359327267e-05
-31 4.26239569296598 47
0 0

0101101
*
Ed
 1e-07 1 1 0
1  419 0 0 3.5
4 C0 167 0 169 0
0

0101000
+573 0 -558 0 *
Ed
 9.67271359327267e-05 1 1 0
1  420 0 2.33254409275761e-07 0.0092509853587196
2  361 159 0 2.33254409275761e-07 0.0092509853587196
4 C0 167 0 159 0
0

0101000
+558 0 -594 0 *
Ed
 1e-07 1 1 0
1  421 0 0 3.5
4 C0 167 0 162 0
0

0101000
+572 0 -594 0 *
Wi

0101100
+557 0 +556 0 -555 0 -571 0 *
Fa
0  1e-07 167 0

0111000
-554 0 *
Ed
 1e-07 1 1 0
1  422 0 0 3.5
4 C0 162 0 161 0
0

0101000
+570 0 -596 0 *
Wi

0101100
+555 0 +593 0 -552 0 -569 0 *
Fa
0  1e-07 162 0

0111000
-551 0 *
Ed
 1e-07 1 1 0
1  423 0 0 3.5
4 C0 161 0 160 0
0

0101000
+568 0 -598 0 *
Wi

0101100
+552 0 +595 0 -549 0 -567 0 *
Fa
0  1e-07 161 0

0111000
-548 0 *
Ed
 1e-07 1 1 0
1  424 0 0 3.5
4 C0 160 0 168 0
0

0101000
+566 0 -600 0 *
Wi

0101100
+549 0 +597 0 -546 0 -565 0 *
Fa
0  1e-07 160 0

0111000
-545 0 *
Ve
9.67271359394533e-05
-23 8.881197846483 47
0 0

0101101
*
Ed
 9.67271359394533e-05 1 1 0
1  425 0 2.33254409268039e-07 0.0092509853587196
2  362 159 0 2.33254409268039e-07 0.0092509853587196
4 C0 168 0 159 0
0

0101000
+600 0 -543 0 *
Ed
 1e-07 1 1 0
1  426 0 0 3.5
4 C0 168 0 169 0
0

0101000
+564 0 -543 0 *
Wi

0101100
+546 0 +542 0 -541 0 -563 0 *
Fa
0  1e-07 168 0

0111000
-540 0 *
Ed
 8.74134017881868e-05 1 1 0
1  427 0 0.0946938931789154 0.103933315084297
2  363 159 0 0.0946938931789154 0.103933315084297
4 C0 169 0 159 0
0

0101000
+543 0 -558 0 *
Wi

0101100
+541 0 +538 0 -557 0 -562 0 *
Fa
0  1e-07 169 0

0111000
-537 0 *
Ed
 1e-07 1 1 0
1  428 0 3.14159265358979 6.28318530717959
2  364 159 0 3.14159265358979 6.28318530717959
4 C0 159 0 158 0
0

0101000
+602 0 -603 0 *
Wi

0101100
-599 0 +535 0 +592 0 -556 0 -538 0 -542 0 *
Fa
0  1e-07 159 0

0111000
+534 0 *
Wi

0101100
-601 0 -535 0 *
Fa
0  1e-07 158 0

0111000
-532 0 *
Sh

0101100
+590 0 +580 0 +576 0 +574 0 +559 0 -553 0 -550 0 -547 0 -544 0 -539 0 
-536 0 +533 0 -531 0 *
So

0100000
+530 0 *
Ve
1e-07
-31 19.7 -44.5
0 0

0101101
*
Ve
1e-07
-31 7.3 -44.5
0 0

0101101
*
Ed
 1e-07 1 1 0
1  429 0 0 3.14159265358979
2  365 170 0 0 3.14159265358979
2  366 171 0 0 3.14159265358979
4 C1 170 0 171 0
0

0101000
+528 0 -527 0 *
Ve
1e-07
-31 7.8 -45
0 0

0101101
*
Ed
 1e-07 1 1 0
1  430 0 0 1.57079632679492
2  367 170 0 0 1.57079632679492
2  368 172 0 0 1.57079632679492
4 CN 170 0 172 0
0

0101000
+527 0 -525 0 *
Ve
1e-07
-31 19.2 -45
0 0

0101101
*
Ed
 1e-07 1 1 0
1  431 0 0 3.14159265358979
2  369 170 0 0 3.14159265358979
4 G1 170 0 173 0
0

0101000
+523 0 -525 0 *
Ed
 1e-07 1 1 0
1  432 0 0 1.5707963267949
2  370 170 0 0 1.5707963267949
2  371 172 0 0 1.5707963267949
4 CN 170 0 172 0
0

0101000
+528 0 -523 0 *
Wi

0101100
+526 0 +524 0 -522 0 -521 0 *
Fa
0  1e-07 170 0

0111000
+520 0 *
Ve
1e-07
-31 20.2 -44
0 0

0101101
*
Ed
 1e-07 1 1 0
1  433 0 3.14159265358979 4.71238898038469
2  372 174 0 3.14159265358979 4.71238898038469
2  373 171 0 3.14159265358979 4.71238898038469
4 CN 174 0 171 0
0

0101000
+528 0 -518 0 *
Ve
1e-07
-31 6.79999999999999 -44
0 0

0101101
*
Ed
 1e-07 1 1 0
1  434 0 0 3.14159265358979
2  374 174 0 0 3.14159265358979
4 G1 174 0 175 0
0

0101000
+518 0 -516 0 *
Ed
 1e-07 1 1 0
1  435 0 3.14159265358979 4.71238898038469
2  375 174 0 3.14159265358979 4.71238898038469
2  376 171 0 3.14159265358979 4.71238898038469
4 CN 174 0 171 0
0

0101000
+527 0 -516 0 *
Ed
 1e-07 1 1 0
1  436 0 3.14159265358979 6.28318530717959
2  377 174 0 3.14159265358979 6.28318530717959
2  378 172 0 3.14159265358979 6.28318530717959
4 C1 174 0 172 0
0

0101000
+527 0 -528 0 *
Wi

0101100
+517 0 +515 0 -514 0 +513 0 *
Fa
0  1e-07 174 0

0111000
+512 0 *
Ve
1e-07
-31 20.0447839840065 -37.5
0 0

0101101
*
Ve
1e-07
-31 6.95521601599353 -37.5
0 0

0101101
*
Ed
 1e-07 1 1 0
1  437 0 0 3.14159265358979
2  379 176 0 0 3.14159265358979
4 G1 176 0 177 0
0

0101000
+510 0 -509 0 *
Ve
0.000318704130340336
-31 6.09999999999999 -37.6920714709956
0 0

0101101
*
Ed
 1e-07 1 1 0
1  438 0 4.71238898038469 5.15423398261184
2  380 176 0 4.71238898038469 5.15423398261184
2  381 178 0 4.71238898038469 5.15423398261184
4 CN 176 0 178 0
0

0101000
+509 0 -507 0 *
Ve
0.000341445192357129
-26.7276080079968 6.09999999999999 -39.5
0 0

0101101
*
Ed
 0.000240492235453401 1 1 0
1  439 0 1.35332468390694e-14 0.00503284326234566
2  382 176 0 1.35332468390694e-14 0.00503284326234566
4 C0 176 0 179 0
0

0101000
+507 0 -505 0 *
Ve
0.000341445192360132
-22.4552160159935 13.5 -39.5
0 0

0101101
*
Ed
 0.000341445192357129 1 1 0
1  440 0 1.96976683346095e-07 0.0101438099481009
2  383 176 0 1.96976683346095e-07 0.0101438099481009
4 C0 176 0 180 0
0

0101000
+505 0 -503 0 *
Ve
0.000341445192360132
-26.7276080079968 20.9 -39.5
0 0

0101101
*
Ed
 0.000341445192360132 1 1 0
1  441 0 1.96976683344313e-07 0.0101438099481009
2  384 176 0 1.96976683344313e-07 0.0101438099481009
4 C0 176 0 181 0
0

0101000
+503 0 -501 0 *
Ve
0.00031870413030759
-31 20.9 -37.6920714709956
0 0

0101101
*
Ed
 0.00031870413030759 1 1 0
1  442 0 0.0151583342293736 0.0202226948053973
2  385 176 0 0.0151583342293736 0.0202226948053973
4 C0 176 0 182 0
0

0101000
+501 0 -499 0 *
Ed
 1e-07 1 1 0
1  443 0 4.71238898038469 5.15423398261182
2  386 176 0 4.71238898038469 5.15423398261182
2  387 178 0 4.71238898038469 5.15423398261182
4 CN 176 0 178 0
0

0101000
+510 0 -499 0 *
Wi

0101100
+508 0 +506 0 +504 0 +502 0 +500 0 +498 0 -497 0 *
Fa
0  1e-07 176 0

0111000
+496 0 *
Ve
1e-07
-31 8.5 -45
0 0

0101101
*
Ve
1e-07
-31 8.5 -37.5
0 0

0101101
*
Ed
 1e-07 1 1 0
1  444 0 0 7.5
2  388 183 0 0 7.5
2  389 184 0 0 7.5
4 CN 183 0 184 0
0

0101000
+494 0 -493 0 *
Ve
1e-07
-31 18.5 -37.5
0 0

0101101
*
Ed
 1e-07 1 1 0
1  445 0 3.14159265358979 6.28318530717959
2  390 183 0 3.14159265358979 6.28318530717959
4 C0 183 0 177 0
0

0101000
+493 0 -491 0 *
Ve
1e-07
-31 18.5 -45
0 0

0101101
*
Ed
 1e-07 1 1 0
1  446 0 0 7.5
2  391 183 0 0 7.5
2  392 184 0 0 7.5
4 CN 183 0 184 0
0

0101000
+489 0 -491 0 *
Ed
 1e-07 1 1 0
1  447 0 3.14159265358979 6.28318530717959
2  393 183 0 3.14159265358979 6.28318530717959
4 C0 183 0 173 0
0

0101000
+494 0 -489 0 *
Wi

0101100
+492 0 +490 0 -488 0 -487 0 *
Fa
0  1e-07 183 0

0111000
+486 0 *
Ve
0.000457823009994907
-23.8559248664038 15.926098895522 -44
0 0

0101101
*
Ve
0.000459918652709847
-22.4552160159935 13.5 -43
0 0

0101101
*
Ed
 0.000457823009994907 1 1 0
1  448 0 1.81367282050289e-06 0.00301758922561379
2  394 185 0 1.81367282050289e-06 0.00301758922561379
4 C0 181 0 185 0
0

0101000
+484 0 -483 0 *
Ve
0.000459918652726997
-25.3268991575865 18.473901104478 -44
0 0

0101101
*
Ed
 1e-07 1 1 0
1  449 0 2.80141770082057 5.74336628318592
4 C0 181 0 175 0
0

0101000
+481 0 -484 0 *
Ve
0.000459918652726997
-26.7276080079968 20.9 -43
0 0

0101101
*
Ed
 0.000459918652726997 1 1 0
1  450 0 2.95195044452651e-07 0.00299690844597172
2  395 186 0 2.95195044452651e-07 0.00299690844597172
4 C0 181 0 186 0
0

0101000
+479 0 -481 0 *
Ed
 1e-07 1 1 0
1  451 0 2 5.5
4 C0 181 0 182 0
0

0101000
+479 0 -501 0 *
Ed
 1e-07 1 1 0
1  452 0 2 5.5
4 C0 181 0 180 0
0

0101000
+483 0 -503 0 *
Wi

0101100
-482 0 -480 0 -478 0 +477 0 -500 0 -476 0 *
Fa
0  1e-07 181 0

0111000
-475 0 *
Ve
0.000457823009987234
-25.3268991575865 8.52609889552196 -44
0 0

0101101
*
Ve
0.000478409407222273
-26.7276080079968 6.09999999999999 -43
0 0

0101101
*
Ed
 0.000457823009987234 1 1 0
1  453 0 1.81367282059864e-06 0.00301758922561388
2  396 187 0 1.81367282059864e-06 0.00301758922561388
4 C0 180 0 187 0
0

0101000
+473 0 -472 0 *
Ve
0.000459918652709847
-23.8559248664038 11.073901104478 -44
0 0

0101101
*
Ed
 1e-07 1 1 0
1  454 0 2.80141770082057 5.74336628318596
4 C0 180 0 175 0
0

0101000
+470 0 -473 0 *
Ed
 0.000459918652709847 1 1 0
1  455 0 2.95195044433663e-07 0.00299690844597169
2  397 185 0 2.95195044433663e-07 0.00299690844597169
4 C0 180 0 185 0
0

0101000
+483 0 -470 0 *
Ed
 1e-07 1 1 0
1  456 0 2 5.5
4 C0 180 0 179 0
0

0101000
+472 0 -505 0 *
Wi

0101100
-471 0 -469 0 -468 0 +476 0 -502 0 -467 0 *
Fa
0  1e-07 180 0

0111000
-466 0 *
Ve
5.49403896145526e-05
-32.4709742911827 6.09999999999999 -44
0 0

0101101
*
Ve
0.000459918652748763
-35.2723919920032 6.09999999999999 -43
0 0

0101101
*
Ed
 5.49403896145526e-05 1 1 0
1  457 0 0.00147000222480713 0.004471330114863
2  398 188 0 0.00147000222480713 0.004471330114863
4 C0 179 0 188 0
0

0101000
+464 0 -463 0 *
Ve
0.000478409407222273
-29.5290257088173 6.09999999999999 -44
0 0

0101101
*
Ed
 1e-07 1 1 0
1  458 0 2.8014177008205 5.7433662831859
4 C0 179 0 175 0
0

0101000
+461 0 -464 0 *
Ed
 0.000478409407222273 1 1 0
1  459 0 0.0193657235930351 0.0223743795533757
2  399 187 0 0.0193657235930351 0.0223743795533757
4 C0 179 0 187 0
0

0101000
+472 0 -461 0 *
Ve
0.000341445192362959
-35.2723919920032 6.09999999999999 -39.5
0 0

0101101
*
Ed
 0.000318704130340336 1 1 0
1  460 0 0.0151583342295081 0.0202226948056389
2  400 178 0 0.0151583342295081 0.0202226948056389
4 C0 179 0 178 0
0

0101000
+458 0 -507 0 *
Ed
 1e-07 1 1 0
1  461 0 2 5.5
4 C0 179 0 189 0
0

0101000
+463 0 -458 0 *
Wi

0101100
-462 0 -460 0 -459 0 +467 0 -504 0 -457 0 -456 0 *
Fa
0  1e-07 179 0

0111000
-455 0 *
Ve
0.000457823009989907
-38.1440751335962 11.073901104478 -44
0 0

0101101
*
Ve
0.000459918652736158
-39.5447839840065 13.5 -43
0 0

0101101
*
Ed
 0.000457823009989907 1 1 0
1  462 0 1.81367282058632e-06 0.00301758922561387
2  401 190 0 1.81367282058632e-06 0.00301758922561387
4 C0 189 0 190 0
0

0101000
+453 0 -452 0 *
Ve
0.000459918652748763
-36.6731008424135 8.52609889552197 -44
0 0

0101101
*
Ed
 1e-07 1 1 0
1  463 0 2.80141770082055 5.74336628318594
4 C0 189 0 175 0
0

0101000
+450 0 -453 0 *
Ed
 0.000459918652748763 1 1 0
1  464 0 2.95195044442319e-07 0.0029969084459717
2  402 188 0 2.95195044442319e-07 0.0029969084459717
4 C0 189 0 188 0
0

0101000
+463 0 -450 0 *
Ve
0.000341445192362959
-39.5447839840065 13.5 -39.5
0 0

0101101
*
Ed
 0.000341445192362959 1 1 0
1  465 0 1.96976683345772e-07 0.0101438099481009
2  403 178 0 1.96976683345772e-07 0.0101438099481009
4 C0 189 0 178 0
0

0101000
+447 0 -458 0 *
Ed
 1e-07 1 1 0
1  466 0 2 5.5
4 C0 189 0 191 0
0

0101000
+452 0 -447 0 *
Wi

0101100
-451 0 -449 0 -448 0 +456 0 -446 0 -445 0 *
Fa
0  1e-07 189 0

0111000
-444 0 *
Ve
0.000457823009997199
-36.6731008424135 18.473901104478 -44
0 0

0101101
*
Ve
0.000478409407210094
-35.2723919920032 20.9 -43
0 0

0101101
*
Ed
 0.000457823009997199 1 1 0
1  467 0 1.81367282059864e-06 0.00301758922561386
2  404 192 0 1.81367282059864e-06 0.00301758922561386
4 C0 191 0 192 0
0

0101000
+442 0 -441 0 *
Ve
0.000459918652736158
-38.1440751335962 15.926098895522 -44
0 0

0101101
*
Ed
 1e-07 1 1 0
1  468 0 2.80141770082057 5.74336628318593
4 C0 191 0 175 0
0

0101000
+439 0 -442 0 *
Ed
 0.000459918652736158 1 1 0
1  469 0 2.95195044442038e-07 0.00299690844597168
2  405 190 0 2.95195044442038e-07 0.00299690844597168
4 C0 191 0 190 0
0

0101000
+452 0 -439 0 *
Ve
0.000341445192359111
-35.2723919920032 20.9 -39.5
0 0

0101101
*
Ed
 0.000341445192359111 1 1 0
1  470 0 1.96976683347933e-07 0.0101438099481009
2  406 178 0 1.96976683347933e-07 0.0101438099481009
4 C0 191 0 178 0
0

0101000
+436 0 -447 0 *
Ed
 1e-07 1 1 0
1  471 0 2 5.5
4 C0 191 0 182 0
0

0101000
+441 0 -436 0 *
Wi

0101100
-440 0 -438 0 -437 0 +445 0 -435 0 -434 0 *
Fa
0  1e-07 191 0

0111000
-433 0 *
Ve
5.49403896025685e-05
-29.5290257088173 20.9 -44
0 0

0101101
*
Ed
 5.49403896025685e-05 1 1 0
1  472 0 0.00147000222480715 0.00447133011486302
2  407 186 0 0.00147000222480715 0.00447133011486302
4 C0 182 0 186 0
0

0101000
+431 0 -479 0 *
Ve
0.000478409407210094
-32.4709742911827 20.9 -44
0 0

0101101
*
Ed
 1e-07 1 1 0
1  473 0 2.8014177008205 5.7433662831859
4 C0 182 0 175 0
0

0101000
+429 0 -431 0 *
Ed
 0.000478409407210094 1 1 0
1  474 0 0.0193657235930351 0.0223743795533757
2  408 192 0 0.0193657235930351 0.0223743795533757
4 C0 182 0 192 0
0

0101000
+441 0 -429 0 *
Ed
 0.000240492235431662 1 1 0
1  475 0 1.09110284001117e-17 0.00503284326230357
2  409 178 0 1.09110284001117e-17 0.00503284326230357
4 C0 182 0 178 0
0

0101000
+499 0 -436 0 *
Wi

0101100
-430 0 -428 0 -427 0 +434 0 -426 0 -498 0 -477 0 *
Fa
0  1e-07 182 0

0111000
-425 0 *
Ed
 1e-07 1 1 0
1  476 0 0.196222506028963 0.850975045167638
2  410 186 0 0.196222506028963 0.850975045167638
4 C0 175 0 186 0
0

0101000
+431 0 -481 0 *
Ed
 1e-07 1 1 0
1  477 0 1.24342005722556 1.89817259636424
2  411 185 0 1.24342005722556 1.89817259636424
4 C0 175 0 185 0
0

0101000
+484 0 -470 0 *
Ed
 1e-07 1 1 0
1  478 0 2.29061760842216 2.94537014756083
2  412 187 0 2.29061760842216 2.94537014756083
4 C0 175 0 187 0
0

0101000
+473 0 -461 0 *
Ed
 1e-07 1 1 0
1  479 0 3.33781515961876 3.99256769875743
2  413 188 0 3.33781515961876 3.99256769875743
4 C0 175 0 188 0
0

0101000
+464 0 -450 0 *
Ed
 1e-07 1 1 0
1  480 0 4.38501271081535 5.03976524995403
2  414 190 0 4.38501271081535 5.03976524995403
4 C0 175 0 190 0
0

0101000
+453 0 -439 0 *
Ed
 1e-07 1 1 0
1  481 0 5.43221026201195 6.08696280115062
2  415 192 0 5.43221026201195 6.08696280115062
4 C0 175 0 192 0
0

0101000
+442 0 -429 0 *
Wi

0101100
+428 0 +423 0 +480 0 +422 0 +469 0 +421 0 +460 0 +420 0 +449 0 +419 0 
+438 0 +418 0 *
Ed
 1e-07 1 1 0
1  482 0 3.14159265358979 6.28318530717959
2  416 171 0 3.14159265358979 6.28318530717959
4 G1 175 0 171 0
0

0101000
+516 0 -518 0 *
Wi

0101100
+515 0 +416 0 *
Fa
0  1e-07 175 0

0111000
+417 0 +415 0 *
Ed
 1e-07 1 1 0
1  483 0 3.14159265358979 6.28318530717959
2  417 178 0 3.14159265358979 6.28318530717959
4 G1 177 0 178 0
0

0101000
+509 0 -510 0 *
Wi

0101100
-508 0 -413 0 *
Ed
 1e-07 1 1 0
1  484 0 0 3.14159265358979
2  418 184 0 0 3.14159265358979
4 C0 177 0 184 0
0

0101000
+491 0 -493 0 *
Wi

0101100
+490 0 +411 0 *
Fa
0  1e-07 177 0

0111000
-412 0 -410 0 *
Ed
 1e-07 1 1 0
1  485 0 3.14159265358979 6.28318530717959
2  419 172 0 3.14159265358979 6.28318530717959
4 G1 173 0 172 0
0

0101000
+525 0 -523 0 *
Wi

0101100
+522 0 +408 0 *
Ed
 1e-07 1 1 0
1  486 0 0 3.14159265358979
2  420 184 0 0 3.14159265358979
4 C0 173 0 184 0
0

0101000
+489 0 -494 0 *
Wi

0101100
-487 0 -406 0 *
Fa
0  1e-07 173 0

0111000
+407 0 +405 0 *
Wi

0101100
+411 0 -492 0 -406 0 +488 0 *
Fa
0  1e-07 184 0

0111000
+403 0 *
Wi

0101100
-506 0 +413 0 +497 0 +426 0 +435 0 +446 0 +457 0 *
Fa
0  1e-07 178 0

0111000
+401 0 *
Wi

0101100
+440 0 +427 0 -418 0 *
Fa
0  1e-07 192 0

0111000
+399 0 *
Wi

0101100
+451 0 +437 0 -419 0 *
Fa
0  1e-07 190 0

0111000
+397 0 *
Wi

0101100
+462 0 +448 0 -420 0 *
Fa
0  1e-07 188 0

0111000
+395 0 *
Wi

0101100
+471 0 +459 0 -421 0 *
Fa
0  1e-07 187 0

0111000
+393 0 *
Wi

0101100
+482 0 +468 0 -422 0 *
Fa
0  1e-07 185 0

0111000
+391 0 *
Wi

0101100
+478 0 -423 0 +430 0 *
Fa
0  1e-07 186 0

0111000
+389 0 *
Wi

0101100
+416 0 -517 0 +526 0 +514 0 *
Fa
0  1e-07 171 0

0111000
+387 0 *
Wi

0101100
-524 0 +513 0 +521 0 -408 0 *
Fa
0  1e-07 172 0

0111000
+385 0 *
Sh

0101100
+519 0 -511 0 +495 0 -485 0 -474 0 -465 0 -454 0 -443 0 -432 0 -424 0 
+414 0 -409 0 +404 0 -402 0 +400 0 +398 0 +396 0 +394 0 +392 0 +390 0 
+388 0 -386 0 +384 0 *
So

0100000
+383 0 *
Ve
1e-07
-25.75 13.5 -31
0 0

0101101
*
Ve
1e-07
-25.75 13.5 31
0 0

0101101
*
Ed
 1e-07 1 1 0
1  487 0 0 62
2  421 193 0 0 62
2  422 194 0 0 62
4 CN 193 0 194 0
0

0101000
+381 0 -380 0 *
Ve
1e-07
-36.25 13.5 31
0 0

0101101
*
Ed
 1e-07 1 1 0
1  488 0 3.14159265358979 6.28318530717959
2  423 193 0 3.14159265358979 6.28318530717959
4 C0 193 0 195 0
0

0101000
+378 0 -380 0 *
Ve
1e-07
-36.25 13.5 -31
0 0

0101101
*
Ed
 1e-07 1 1 0
1  489 0 0 62
2  424 193 0 0 62
2  425 194 0 0 62
4 CN 193 0 194 0
0

0101000
+376 0 -378 0 *
Ed
 1e-07 1 1 0
1  490 0 3.14159265358979 6.28318530717959
2  426 193 0 3.14159265358979 6.28318530717959
4 C0 193 0 196 0
0

0101000
+376 0 -381 0 *
Wi

0101100
+379 0 -377 0 -375 0 +374 0 *
Fa
0  1e-07 193 0

0111000
+373 0 *
Ve
1e-07
-61 13.5 -24
0 0

0101101
*
Ve
1e-07
-1.00000000000001 13.5 -24
0 0

0101101
*
Ed
 1e-07 1 1 0
1  491 0 3.14159265358979 6.28318530717959
2  427 197 0 3.14159265358979 6.28318530717959
2  428 198 0 3.14159265358979 6.28318530717959
4 C0 197 0 198 0
0

0101000
+371 0 -370 0 *
Ve
1e-07
-13.6885775404495 13.5 -31
0 0

0101101
*
Ed
 1e-07 1 1 0
1  492 0 3.70412889813365 4.71238898038469
2  429 197 0 3.70412889813365 4.71238898038469
2  430 199 0 3.70412889813365 4.71238898038469
4 CN 197 0 199 0
0

0101000
+370 0 -368 0 *
Ve
1e-07
-48.3114224595505 13.5 -31
0 0

0101101
*
Ed
 1e-07 1 1 0
1  493 0 3.14159265358979 6.28318530717959
2  431 197 0 3.14159265358979 6.28318530717959
4 G1 197 0 196 0
0

0101000
+366 0 -368 0 *
Ed
 1e-07 1 1 0
1  494 0 5.27492522492855 6.28318530717959
2  432 197 0 5.27492522492855 6.28318530717959
2  433 199 0 5.27492522492855 6.28318530717959
4 CN 197 0 199 0
0

0101000
+371 0 -366 0 *
Wi

0101100
+369 0 +367 0 -365 0 -364 0 *
Fa
0  1e-07 197 0

0111000
+363 0 *
Ve
1e-07
-13.6885775404495 13.5 31
0 0

0101101
*
Ve
1e-07
-48.3114224595505 13.5 31
0 0

0101101
*
Ed
 1e-07 1 1 0
1  495 0 0 3.14159265358979
2  434 200 0 0 3.14159265358979
4 G1 200 0 195 0
0

0101000
+361 0 -360 0 *
Ve
1e-07
-1.00000000000001 13.5 24
0 0

0101101
*
Ed
 1e-07 1 1 0
1  496 0 1.5707963267949 2.57905640904594
2  435 200 0 1.5707963267949 2.57905640904594
2  436 201 0 1.5707963267949 2.57905640904594
4 CN 200 0 201 0
0

0101000
+361 0 -358 0 *
Ve
1e-07
-61 13.5 24
0 0

0101101
*
Ed
 1e-07 1 1 0
1  497 0 3.14159265358979 6.28318530717959
2  437 200 0 3.14159265358979 6.28318530717959
2  438 202 0 3.14159265358979 6.28318530717959
4 C0 200 0 202 0
0

0101000
+356 0 -358 0 *
Ed
 1e-07 1 1 0
1  498 0 3.14159265358979 4.14985273584083
2  439 200 0 3.14159265358979 4.14985273584083
2  440 201 0 3.14159265358979 4.14985273584083
4 CN 200 0 201 0
0

0101000
+360 0 -356 0 *
Wi

0101100
-359 0 +357 0 -355 0 -354 0 *
Fa
0  1e-07 200 0

0111000
+353 0 *
Ve
1e-07
-81 13.5 0.335680867601534
0 0

0101101
*
Ve
1e-07
19 13.5 0.335680867601534
0 0

0101101
*
Ed
 1e-07 1 1 0
1  499 0 3.14159265358979 6.28318530717959
2  441 202 0 3.14159265358979 6.28318530717959
2  442 203 0 3.14159265358979 6.28318530717959
4 G1 202 0 203 0
0

0101000
+351 0 -350 0 *
Ed
 1e-07 1 1 0
1  500 0 0 1.40334824757521
2  443 202 0 0 1.40334824757521
2  444 204 0 0 1.40334824757521
4 CN 202 0 204 0
0

0101000
+351 0 -356 0 *
Ed
 1e-07 1 1 0
1  501 0 1.5707963267949 2.9741445743701
2  445 202 0 1.5707963267949 2.9741445743701
2  446 204 0 1.5707963267949 2.9741445743701
4 CN 202 0 204 0
0

0101000
+350 0 -358 0 *
Wi

0101100
-349 0 +348 0 +355 0 -347 0 *
Fa
0  1e-07 202 0

0111000
+346 0 *
Ve
1e-07
19 13.5 -0.335680867601534
0 0

0101101
*
Ve
1e-07
-81 13.5 -0.335680867601534
0 0

0101101
*
Ed
 1e-07 1 1 0
1  502 0 3.14159265358979 6.28318530717959
2  447 198 0 3.14159265358979 6.28318530717959
2  448 203 0 3.14159265358979 6.28318530717959
4 G1 198 0 203 0
0

0101000
+344 0 -343 0 *
Ed
 1e-07 1 1 0
1  503 0 3.14159265358979 4.544940901165
2  449 198 0 3.14159265358979 4.544940901165
2  450 205 0 3.14159265358979 4.544940901165
4 CN 198 0 205 0
0

0101000
+344 0 -370 0 *
Ed
 1e-07 1 1 0
1  504 0 4.71238898038469 6.1157372279599
2  451 198 0 4.71238898038469 6.1157372279599
2  452 205 0 4.71238898038469 6.1157372279599
4 CN 198 0 205 0
0

0101000
+343 0 -371 0 *
Wi

0101100
-342 0 +341 0 -369 0 -340 0 *
Fa
0  1e-07 198 0

0111000
+339 0 *
Ed
 1e-07 1 1 0
1  505 0 23.6643191323985 24.3356808676015
2  453 203 0 23.6643191323985 24.3356808676015
2  454 206 0 23.6643191323985 24.3356808676015
4 CN 203 0 206 0
0

0101000
+350 0 -344 0 *
Ed
 1e-07 1 1 0
1  506 0 23.6643191323985 24.3356808676015
2  455 203 0 23.6643191323985 24.3356808676015
2  456 206 0 23.6643191323985 24.3356808676015
4 CN 203 0 206 0
0

0101000
+351 0 -343 0 *
Wi

0101100
+349 0 +337 0 +342 0 -336 0 *
Fa
0  1e-07 203 0

0111000
+335 0 *
Ed
 1e-07 1 1 0
1  507 0 0 3.14159265358979
2  457 206 0 0 3.14159265358979
2  458 204 0 0 3.14159265358979
4 G1 206 0 204 0
0

0101000
+350 0 -351 0 *
Ed
 1e-07 1 1 0
1  508 0 0 3.14159265358979
2  459 206 0 0 3.14159265358979
2  460 205 0 0 3.14159265358979
4 G1 206 0 205 0
0

0101000
+343 0 -344 0 *
Wi

0101100
-337 0 +333 0 +336 0 +332 0 *
Fa
0  1e-07 206 0

0111000
+331 0 *
Ed
 1e-07 1 1 0
1  509 0 0 3.14159265358979
2  461 199 0 0 3.14159265358979
4 G1 196 0 199 0
0

0101000
+368 0 -366 0 *
Wi

0101100
+365 0 +329 0 *
Ed
 1e-07 1 1 0
1  510 0 0 3.14159265358979
2  462 194 0 0 3.14159265358979
4 C0 196 0 194 0
0

0101000
+381 0 -376 0 *
Wi

0101100
+327 0 +374 0 *
Fa
0  1e-07 196 0

0111000
-328 0 -326 0 *
Ed
 1e-07 1 1 0
1  511 0 3.14159265358979 6.28318530717959
2  463 201 0 3.14159265358979 6.28318530717959
4 G1 195 0 201 0
0

0101000
+360 0 -361 0 *
Wi

0101100
+324 0 +359 0 *
Ed
 1e-07 1 1 0
1  512 0 0 3.14159265358979
2  464 194 0 0 3.14159265358979
4 C0 195 0 194 0
0

0101000
+380 0 -378 0 *
Wi

0101100
-322 0 -377 0 *
Fa
0  1e-07 195 0

0111000
+323 0 +321 0 *
Ed
 1e-07 1 1 0
1  513 0 0 3.14159265358979
2  465 205 0 0 3.14159265358979
2  466 199 0 0 3.14159265358979
4 C0 205 0 199 0
0

0101000
+370 0 -371 0 *
Wi

0101100
-341 0 -332 0 +340 0 -319 0 *
Fa
0  1e-07 205 0

0111000
+318 0 *
Ed
 1e-07 1 1 0
1  514 0 0 3.14159265358979
2  467 204 0 0 3.14159265358979
2  468 201 0 0 3.14159265358979
4 C0 204 0 201 0
0

0101000
+358 0 -356 0 *
Wi

0101100
-348 0 -333 0 +347 0 +316 0 *
Fa
0  1e-07 204 0

0111000
+315 0 *
Wi

0101100
-357 0 -324 0 +354 0 -316 0 *
Fa
0  1e-07 201 0

0111000
+313 0 *
Wi

0101100
-367 0 +319 0 +364 0 -329 0 *
Fa
0  1e-07 199 0

0111000
+311 0 *
Wi

0101100
-322 0 -379 0 +327 0 +375 0 *
Fa
0  1e-07 194 0

0111000
+309 0 *
Sh

0101100
-372 0 +362 0 +352 0 +345 0 +338 0 +334 0 +330 0 -325 0 +320 0 +317 0 
+314 0 +312 0 +310 0 -308 0 *
So

0100000
+307 0 *
Ve
1e-07
-25.75 13.5 40.5
0 0

0101101
*
Ve
1e-07
-25.75 13.5 43.5
0 0

0101101
*
Ed
 1e-07 1 1 0
1  515 0 23 26
2  469 207 0 23 26
2  470 208 0 23 26
4 CN 207 0 208 0
0

0101000
+305 0 -304 0 *
Ve
1e-07
-36.25 13.5 43.5
0 0

0101101
*
Ed
 1e-07 1 1 0
1  516 0 3.14159265358979 6.28318530717959
2  471 207 0 3.14159265358979 6.28318530717959
4 C0 207 0 209 0
0

0101000
+302 0 -304 0 *
Ve
1e-07
-36.25 13.5 40.5
0 0

0101101
*
Ed
 1e-07 1 1 0
1  517 0 23 26
2  472 207 0 23 26
2  473 208 0 23 26
4 CN 207 0 208 0
0

0101000
+300 0 -302 0 *
Ed
 1e-07 1 1 0
1  518 0 3.14159265358979 6.28318530717959
2  474 207 0 3.14159265358979 6.28318530717959
4 C0 207 0 210 0
0

0101000
+300 0 -305 0 *
Wi

0101100
+303 0 -301 0 -299 0 +298 0 *
Fa
0  1e-07 207 0

0111000
+297 0 *
Ve
1e-07
-58.5223275173983 35.5 66.5
0 0

0101101
*
Ve
1e-07
-82.3346666880007 35.5 66.5
0 0

0101101
*
Ed
 1e-07 1 1 0
1  519 0 24.1876608293976 48
4 C0 211 0 212 0
0

0101000
+295 0 -294 0 *
Ve
1e-07
-57.0223275173983 38.5 66.5
0 0

0101101
*
Ed
 1e-07 1 1 0
1  520 0 -4.7980117777504 -1.44390981150072
2  475 213 0 -4.7980117777504 -1.44390981150072
4 G1 211 0 213 0
0

0101000
+295 0 -292 0 *
Ve
1e-07
-82.3346666880007 38.5 66.5
0 0

0101101
*
Ed
 1e-07 1 1 0
1  521 0 22.6876608293976 48
4 C0 211 0 214 0
0

0101000
+292 0 -290 0 *
Ed
 1e-07 1 1 0
1  522 0 -3 0
2  476 215 0 -3 0
4 G1 211 0 215 0
0

0101000
+290 0 -294 0 *
Wi

0101100
-293 0 +291 0 +289 0 +288 0 *
Fa
0  1e-07 211 0

0111000
+287 0 *
Ve
1e-07
-87.3346666880007 35.5 61.5
0 0

0101101
*
Ve
1e-07
-87.3346666880007 35.5 44.5
0 0

0101101
*
Ed
 1e-07 1 1 0
1  523 0 5 22
4 C0 216 0 212 0
0

0101000
+285 0 -284 0 *
Ve
1e-07
-87.3346666880007 38.5 61.5
0 0

0101101
*
Ed
 1e-07 1 1 0
1  524 0 -3 0
2  477 215 0 -3 0
4 G1 216 0 215 0
0

0101000
+285 0 -282 0 *
Ve
1e-07
-87.3346666880007 38.5 43.5
0 0

0101101
*
Ed
 1e-07 1 1 0
1  525 0 5 23
4 C0 216 0 214 0
0

0101000
+282 0 -280 0 *
Ve
1e-07
-87.3346666880007 35.5 40.5
0 0

0101101
*
Ed
 1e-07 1 1 0
1  526 0 0 1.5707963267949
2  478 217 0 0 1.5707963267949
4 C0 216 0 217 0
0

0101000
+280 0 -278 0 *
Ve
1e-07
-87.3346666880007 30.43261531631 40.5
0 0

0101101
*
Ed
 1e-07 1 1 0
1  527 0 3 8.06738468369
4 C0 216 0 210 0
0

0101000
+278 0 -276 0 *
Ve
1e-07
-87.3346666880007 30.43261531631 43.5
0 0

0101101
*
Ed
 1e-07 1 1 0
1  528 0 -26 -23
2  479 218 0 -26 -23
4 G1 216 0 218 0
0

0101000
+276 0 -274 0 *
Ve
1e-07
-87.3346666880007 34.5 43.5
0 0

0101101
*
Ed
 1e-07 1 1 0
1  529 0 4 8.06738468369
4 C0 216 0 209 0
0

0101000
+272 0 -274 0 *
Ed
 1e-07 1 1 0
1  530 0 4.71238898038469 6.28318530717959
2  480 219 0 4.71238898038469 6.28318530717959
4 C0 216 0 219 0
0

0101000
+272 0 -284 0 *
Wi

0101100
-283 0 +281 0 +279 0 +277 0 +275 0 +273 0 -271 0 +270 0 *
Fa
0  1e-07 216 0

0111000
-269 0 *
Ve
1e-07
-86.6202419073738 28.900526430072 43.5
0 0

0101101
*
Ve
1e-07
-65.8854222806693 11.5019469287769 43.5
0 0

0101101
*
Ed
 1e-07 1 1 0
1  531 0 0.932615316310008 28
4 C0 220 0 209 0
0

0101000
+267 0 -266 0 *
Ve
1e-07
-86.6202419073738 28.900526430072 40.5
0 0

0101101
*
Ed
 1e-07 1 1 0
1  532 0 23 26
2  481 218 0 23 26
4 G1 220 0 218 0
0

0101000
+267 0 -264 0 *
Ve
1e-07
-65.8854222806693 11.5019469287769 40.5
0 0

0101101
*
Ed
 1e-07 1 1 0
1  533 0 0.932615316310008 28
4 C0 220 0 210 0
0

0101000
+264 0 -262 0 *
Ed
 1e-07 1 1 0
1  534 0 -26 -23
2  482 221 0 -26 -23
4 G1 220 0 221 0
0

0101000
+262 0 -266 0 *
Wi

0101100
-265 0 +263 0 +261 0 +260 0 *
Fa
0  1e-07 220 0

0111000
-259 0 *
Ve
1e-07
-63.0677581750582 11.7484605956418 43.5
0 0

0101101
*
Ve
1e-07
-62.4249705653717 12.5145050387608 43.5
0 0

0101101
*
Ed
 1e-07 1 1 0
1  535 0 1.99999999999997 2.99999999999996
4 C0 222 0 209 0
0

0101000
+257 0 -256 0 *
Ve
1e-07
-63.0677581750582 11.7484605956418 40.5
0 0

0101101
*
Ed
 1e-07 1 1 0
1  536 0 23 26
2  483 221 0 23 26
4 G1 222 0 221 0
0

0101000
+257 0 -254 0 *
Ve
1e-07
-62.4249705653717 12.5145050387608 40.5
0 0

0101101
*
Ed
 1e-07 1 1 0
1  537 0 1.99999999999997 2.99999999999996
4 C0 222 0 210 0
0

0101000
+254 0 -252 0 *
Ed
 1e-07 1 1 0
1  538 0 -26 -23
2  484 223 0 -26 -23
4 G1 222 0 223 0
0

0101000
+252 0 -256 0 *
Wi

0101100
-255 0 +253 0 +251 0 +250 0 *
Fa
0  1e-07 222 0

0111000
-249 0 *
Ve
1e-07
-59.6073064597607 12.7610187056257 43.5
0 0

0101101
*
Ve
1e-07
-55.2250762076207 9.08389091732111 43.5
0 0

0101101
*
Ed
 1e-07 1 1 0
1  539 0 2.00000000000005 7.72059531467603
4 C0 224 0 209 0
0

0101000
+247 0 -246 0 *
Ve
1e-07
-59.6073064597607 12.7610187056257 40.5
0 0

0101101
*
Ed
 1e-07 1 1 0
1  540 0 -3 0
2  485 223 0 -3 0
4 G1 224 0 223 0
0

0101000
+247 0 -244 0 *
Ve
1e-07
-55.2250762076207 9.08389091732111 40.5
0 0

0101101
*
Ed
 1e-07 1 1 0
1  541 0 2.00000000000005 7.72059531467603
4 C0 224 0 210 0
0

0101000
+244 0 -242 0 *
Ed
 1e-07 1 1 0
1  542 0 -26 -23
2  486 225 0 -26 -23
4 G1 224 0 225 0
0

0101000
+242 0 -246 0 *
Wi

0101100
-245 0 +243 0 +241 0 +240 0 *
Fa
0  1e-07 224 0

0111000
-239 0 *
Ve
1e-07
-42.3693240138899 4.4047797797007 43.5
0 0

0101101
*
Ve
1e-07
-25.5032369564199 4.4047797797007 43.5
0 0

0101101
*
Ed
 1e-07 1 1 0
1  543 0 7.279404685324 24.145491742794
4 C0 226 0 209 0
0

0101000
+237 0 -236 0 *
Ve
1e-07
-42.3693240138899 4.4047797797007 40.5
0 0

0101101
*
Ed
 1e-07 1 1 0
1  544 0 23 26
2  487 225 0 23 26
4 G1 226 0 225 0
0

0101000
+237 0 -234 0 *
Ve
1e-07
-25.5032369564199 4.4047797797007 40.5
0 0

0101101
*
Ed
 1e-07 1 1 0
1  545 0 7.279404685324 24.145491742794
4 C0 226 0 210 0
0

0101000
+234 0 -232 0 *
Ed
 1e-07 1 1 0
1  546 0 -26 -23
2  488 227 0 -26 -23
4 G1 226 0 227 0
0

0101000
+232 0 -236 0 *
Wi

0101100
-235 0 +233 0 +231 0 +230 0 *
Fa
0  1e-07 226 0

0111000
-229 0 *
Ve
1e-07
-24.0580361914993 3.78731178622822 43.5
0 0

0101101
*
Ve
1e-07
-19.9407268687088 -0.516630946827811 43.5
0 0

0101101
*
Ed
 1e-07 1 1 0
1  547 0 0.854508257205917 6.81069488196537
4 C0 228 0 209 0
0

0101000
+227 0 -226 0 *
Ve
1e-07
-24.0580361914993 3.78731178622822 40.5
0 0

0101101
*
Ed
 1e-07 1 1 0
1  548 0 -3 0
2  489 227 0 -3 0
4 G1 228 0 227 0
0

0101000
+227 0 -224 0 *
Ve
1e-07
-19.9407268687088 -0.51663094682781 40.5
0 0

0101101
*
Ed
 1e-07 1 1 0
1  549 0 0.854508257205917 6.81069488196537
4 C0 228 0 210 0
0

0101000
+224 0 -222 0 *
Ed
 1e-07 1 1 0
1  550 0 -26 -23
2  490 229 0 -26 -23
4 G1 228 0 229 0
0

0101000
+222 0 -226 0 *
Wi

0101100
-225 0 +223 0 +221 0 +220 0 *
Fa
0  1e-07 228 0

0111000
-219 0 *
Ve
1e-07
-17.7399705482326 -0.985891531944704 43.5
0 0

0101101
*
Ve
1e-07
21.4208888675549 14.9922504184201 43.5
0 0

0101101
*
Ed
 1e-07 1 1 0
1  551 0 1.36087535661699 43.6559569899355
4 C0 230 0 209 0
0

0101000
+217 0 -216 0 *
Ve
1e-07
-17.7399705482326 -0.985891531944704 40.5
0 0

0101101
*
Ed
 1e-07 1 1 0
1  552 0 23 26
2  491 229 0 23 26
4 G1 230 0 229 0
0

0101000
+217 0 -214 0 *
Ve
1e-07
21.4208888675549 14.9922504184201 40.5
0 0

0101101
*
Ed
 1e-07 1 1 0
1  553 0 1.36087535661699 43.6559569899355
4 C0 230 0 210 0
0

0101000
+214 0 -212 0 *
Ed
 1e-07 1 1 0
1  554 0 -26 -23
2  492 231 0 -26 -23
4 G1 230 0 231 0
0

0101000
+212 0 -216 0 *
Wi

0101100
-215 0 +213 0 +211 0 +210 0 *
Fa
0  1e-07 230 0

0111000
-209 0 *
Ve
1e-07
22.6653333119993 22.5 61.5
0 0

0101101
*
Ve
1e-07
22.6653333119993 22.5 43.5
0 0

0101101
*
Ed
 1e-07 1 1 0
1  555 0 5 23
4 C0 232 0 233 0
0

0101000
+207 0 -206 0 *
Ve
1e-07
22.6653333119993 19.5 61.5
0 0

0101101
*
Ed
 1e-07 1 1 0
1  556 0 -3 -0
2  493 234 0 -3 -0
4 G1 232 0 234 0
0

0101000
+207 0 -204 0 *
Ve
1e-07
22.6653333119993 19.5 44.5
0 0

0101101
*
Ed
 1e-07 1 1 0
1  557 0 5 22
4 C0 232 0 235 0
0

0101000
+204 0 -202 0 *
Ve
1e-07
22.6653333119993 18.5 43.5
0 0

0101101
*
Ed
 1e-07 1 1 0
1  558 0 1.5707963267949 3.14159265358979
2  494 236 0 1.5707963267949 3.14159265358979
4 C0 232 0 236 0
0

0101000
+202 0 -200 0 *
Ve
1e-07
22.6653333119993 16.8440430100645 43.5
0 0

0101101
*
Ed
 1e-07 1 1 0
1  559 0 1.3440430100645 3
4 C0 232 0 209 0
0

0101000
+198 0 -200 0 *
Ve
1e-07
22.6653333119993 16.8440430100645 40.5
0 0

0101101
*
Ed
 1e-07 1 1 0
1  560 0 23 26
2  495 231 0 23 26
4 G1 232 0 231 0
0

0101000
+198 0 -196 0 *
Ve
1e-07
22.6653333119993 19.5 40.5
0 0

0101101
*
Ed
 1e-07 1 1 0
1  561 0 1.3440430100645 4
4 C0 232 0 210 0
0

0101000
+196 0 -194 0 *
Ed
 1e-07 1 1 0
1  562 0 3.14159265358979 4.71238898038469
2  496 237 0 3.14159265358979 4.71238898038469
4 C0 232 0 237 0
0

0101000
+194 0 -206 0 *
Wi

0101100
-205 0 +203 0 +201 0 +199 0 -197 0 +195 0 +193 0 +192 0 *
Fa
0  1e-07 232 0

0111000
-191 0 *
Ve
1e-07
-2.66326709611463 22.5 66.5
0 0

0101101
*
Ve
1e-07
17.6653333119993 22.5 66.5
0 0

0101101
*
Ed
 1e-07 1 1 0
1  563 0 19.6713995918861 40
4 C0 238 0 233 0
0

0101000
+189 0 -188 0 *
Ve
1e-07
-4.16326709611463 19.5 66.5
0 0

0101101
*
Ed
 1e-07 1 1 0
1  564 0 -4.79801177775039 -1.44390981150071
2  497 239 0 -4.79801177775039 -1.44390981150071
4 G1 238 0 239 0
0

0101000
+189 0 -186 0 *
Ve
1e-07
17.6653333119993 19.5 66.5
0 0

0101101
*
Ed
 1e-07 1 1 0
1  565 0 18.1713995918861 40
4 C0 238 0 235 0
0

0101000
+186 0 -184 0 *
Ed
 1e-07 1 1 0
1  566 0 -3 0
2  498 234 0 -3 0
4 G1 238 0 234 0
0

0101000
+184 0 -188 0 *
Wi

0101100
-187 0 +185 0 +183 0 +182 0 *
Fa
0  1e-07 238 0

0111000
+181 0 *
Ed
 1e-07 1 1 0
1  567 0 1.5707963267949 2.26892802759263
2  499 225 0 1.5707963267949 2.26892802759263
4 C0 225 0 209 0
0

0101000
+237 0 -246 0 *
Ed
 1e-07 1 1 0
1  568 0 1.5707963267949 2.26892802759263
2  500 225 0 1.5707963267949 2.26892802759263
4 C0 225 0 210 0
0

0101000
+234 0 -242 0 *
Wi

0101100
-233 0 +179 0 -240 0 -178 0 *
Fa
0  1e-07 225 0

0111000
+177 0 *
Ed
 1e-07 1 1 0
1  569 0 0 1.18340128573862
2  501 231 0 0 1.18340128573862
4 C0 231 0 209 0
0

0101000
+198 0 -216 0 *
Ed
 1e-07 1 1 0
1  570 0 0 1.18340128573862
2  502 231 0 0 1.18340128573862
4 C0 231 0 210 0
0

0101000
+196 0 -212 0 *
Wi

0101100
-195 0 +175 0 -210 0 -174 0 *
Fa
0  1e-07 231 0

0111000
+173 0 *
Ed
 1e-07 1 1 0
1  571 0 1.18340128573862 2.37835305547867
2  503 229 0 1.18340128573862 2.37835305547867
4 C0 229 0 209 0
0

0101000
+217 0 -226 0 *
Ed
 1e-07 1 1 0
1  572 0 1.18340128573862 2.37835305547867
2  504 229 0 1.18340128573862 2.37835305547867
4 C0 229 0 210 0
0

0101000
+214 0 -222 0 *
Wi

0101100
-213 0 +171 0 -220 0 -170 0 *
Fa
0  1e-07 229 0

0111000
+169 0 *
Ed
 1e-07 1 1 0
1  573 0 0.698131700797725 2.26892802759262
2  505 221 0 0.698131700797725 2.26892802759262
4 C0 221 0 209 0
0

0101000
+257 0 -266 0 *
Ed
 1e-07 1 1 0
1  574 0 0.698131700797725 2.26892802759262
2  506 221 0 0.698131700797725 2.26892802759262
4 C0 221 0 210 0
0

0101000
+254 0 -262 0 *
Wi

0101100
-253 0 +167 0 -260 0 -166 0 *
Fa
0  1e-07 221 0

0111000
+165 0 *
Ed
 1e-07 1 1 0
1  575 0 2.26892802759262 3.14159265358979
2  507 218 0 2.26892802759262 3.14159265358979
4 C0 218 0 209 0
0

0101000
+267 0 -274 0 *
Ed
 1e-07 1 1 0
1  576 0 2.26892802759262 3.14159265358979
2  508 218 0 2.26892802759262 3.14159265358979
4 C0 218 0 210 0
0

0101000
+264 0 -276 0 *
Wi

0101100
-263 0 +163 0 -273 0 -162 0 *
Fa
0  1e-07 218 0

0111000
+161 0 *
Ve
1e-07
-52.1802028885604 38.5 63.9986122674479
0 0

0101101
*
Ed
 1e-07 1 1 0
1  577 0 4.71238898038469 5.75990698504761
2  509 213 0 4.71238898038469 5.75990698504761
4 C0 214 0 213 0
0

0101000
+292 0 -159 0 *
Ve
1e-07
-47.0218362468231 38.5 56.0013877325521
0 0

0101101
*
Ed
 1e-07 1 1 0
1  578 0 -7.57100097724183 1.94552920303542
4 C0 214 0 240 0
0

0101000
+159 0 -157 0 *
Ve
7.1171071156206e-05
-44.3346666880007 38.5 53.8864401036757
0 0

0101101
*
Ed
 1e-07 1 1 0
1  579 0 3.66487097572177 4.31665008456705
2  510 241 0 3.66487097572177 4.31665008456705
4 C0 214 0 241 0
0

0101000
+157 0 -155 0 *
Ve
1e-07
-44.3346666880007 38.5 43.5
0 0

0101101
*
Ed
 1e-07 1 1 0
1  580 0 -13.3864401036757 -3
2  511 242 0 -13.3864401036757 -3
4 G1 214 0 242 0
0

0101000
+155 0 -153 0 *
Ed
 1e-07 1 1 0
1  581 0 10 53
2  512 217 0 10 53
4 G1 214 0 217 0
0

0101000
+153 0 -280 0 *
Ed
 1e-07 1 1 0
1  582 0 1.5707963267949 3.14159265358979
2  513 215 0 1.5707963267949 3.14159265358979
4 C0 214 0 215 0
0

0101000
+282 0 -290 0 *
Wi

0101100
-289 0 +158 0 +156 0 +154 0 +152 0 +151 0 -279 0 +150 0 *
Fa
0  1e-07 214 0

0111000
-149 0 *
Ve
1e-07
-7.50539172495254 22.5 63.9986122674479
0 0

0101101
*
Ve
1e-07
-12.3346666880007 22.5 56.5115918785213
0 0

0101101
*
Ed
 1e-07 1 1 0
1  583 0 -5.93605829796671 2.97333960385171
4 C0 233 0 243 0
0

0101000
+147 0 -146 0 *
Ed
 1e-07 1 1 0
1  584 0 3.66487097572177 4.71238898038469
2  514 239 0 3.66487097572177 4.71238898038469
4 C0 233 0 239 0
0

0101000
+147 0 -189 0 *
Ed
 1e-07 1 1 0
1  585 0 1.5707963267949 3.14159265358979
2  515 234 0 1.5707963267949 3.14159265358979
4 C0 233 0 234 0
0

0101000
+188 0 -207 0 *
Ve
1e-07
-12.3346666880007 22.5 43.5
0 0

0101101
*
Ed
 1e-07 1 1 0
1  586 0 -35 -0
2  516 237 0 -35 -0
4 G1 233 0 237 0
0

0101000
+206 0 -142 0 *
Ed
 1e-07 1 1 0
1  587 0 -23 -9.9884081214787
2  517 244 0 -23 -9.9884081214787
4 G1 233 0 244 0
0

0101000
+142 0 -146 0 *
Wi

0101100
-145 0 +144 0 +187 0 +143 0 +205 0 +141 0 +140 0 *
Fa
0  1e-07 233 0

0111000
+139 0 *
Ve
1e-07
-30.7346666880007 28.7 40.5
0 0

0101101
*
Ve
1e-07
-12.3346666880007 19.5 40.5
0 0

0101101
*
Ed
 1e-07 1 1 0
1  588 0 3.78509376238308 4.71238898038469
2  518 245 0 3.78509376238308 4.71238898038469
4 G1 210 0 245 0
0

0101000
+137 0 -136 0 *
Ed
 1e-07 1 1 0
1  589 0 -35 0
2  519 237 0 -35 0
4 G1 210 0 237 0
0

0101000
+136 0 -194 0 *
Ed
 1e-07 1 1 0
1  590 0 0.763239598111119 1.5707963267949
2  520 227 0 0.763239598111119 1.5707963267949
4 C0 210 0 227 0
0

0101000
+224 0 -232 0 *
Ed
 1e-07 1 1 0
1  591 0 0.872664625997171 2.44346095279204
2  521 223 0 0.872664625997171 2.44346095279204
4 C0 210 0 223 0
0

0101000
+244 0 -252 0 *
Ve
1e-07
-44.3346666880007 35.5 40.5
0 0

0101101
*
Ed
 1e-07 1 1 0
1  592 0 -68.3346666880007 -25.3346666880007
2  522 217 0 -68.3346666880007 -25.3346666880007
4 G1 210 0 217 0
0

0101000
+278 0 -131 0 *
Ed
 1e-07 1 1 0
1  593 0 4.71238898038469 5.6396841983863
2  523 246 0 4.71238898038469 5.6396841983863
4 G1 210 0 246 0
0

0101000
+131 0 -137 0 *
Wi

0101100
+135 0 +134 0 -193 0 +174 0 -211 0 +170 0 -221 0 +133 0 -231 0 +178 0 
-241 0 +132 0 -251 0 +166 0 -261 0 +162 0 -275 0 +130 0 +129 0 *
Ed
 1e-07 1 1 0
1  594 0 0 3.14159265358979
2  524 208 0 0 3.14159265358979
4 C0 210 0 208 0
0

0101000
+305 0 -300 0 *
Wi

0101100
+127 0 +298 0 *
Fa
0  1e-07 210 0

0111000
-128 0 -126 0 *
Ve
1e-07
-28.3346666880007 30.5 53.5
0 0

0101101
*
Ve
7.1171071156206e-05
-42.2349732185316 38.3894767989072 53.5
0 0

0101101
*
Ed
 1e-07 1 1 0
1  595 0 3.78509376238308 4.60721049105087
2  525 242 0 3.78509376238308 4.60721049105087
4 C0 242 0 247 0
0

0101000
+124 0 -123 0 *
Ve
1e-07
-28.3346666880007 30.5 43.5
0 0

0101101
*
Ed
 1e-07 1 1 0
1  596 0 -23 -13
2  526 242 0 -23 -13
2  527 244 0 -23 -13
4 C1 242 0 244 0
0

0101000
+121 0 -124 0 *
Ed
 1e-07 1 1 0
1  597 0 0.643501108793284 1.5707963267949
2  528 242 0 0.643501108793284 1.5707963267949
2  529 246 0 0.643501108793284 1.5707963267949
4 G1 242 0 246 0
0

0101000
+121 0 -153 0 *
Ed
 7.1171071156206e-05 1 1 0
1  598 0 0 0.00213781757814836
2  530 242 0 0 0.00213781757814836
2  531 241 0 0 0.00213781757814836
4 C0 242 0 241 0
0

0101000
+155 0 -123 0 *
Wi

0101100
-122 0 -120 0 +119 0 -152 0 +118 0 *
Fa
0  1e-07 242 0

0111000
+117 0 *
Ed
 1e-07 1 1 0
1  599 0 1.5707963267949 2.49809154479651
2  532 244 0 1.5707963267949 2.49809154479651
2  533 245 0 1.5707963267949 2.49809154479651
4 G1 244 0 245 0
0

0101000
+142 0 -121 0 *
Ve
0.00022208903120244
-12.6624155351946 22.5026856629906 56.0013877325521
0 0

0101101
*
Ed
 1e-07 1 1 0
1  600 0 5.15964841346727 5.1760365893855
2  534 244 0 5.15964841346727 5.1760365893855
4 C0 244 0 243 0
0

0101000
+114 0 -146 0 *
Ve
0.00022208903120244
-17.2048668402076 23.1020323106403 53.5
0 0

0101101
*
Ed
 0.00022208903120244 1 1 0
1  601 0 6.50521303491303e-19 0.00542275144520997
2  535 244 0 6.50521303491303e-19 0.00542275144520997
2  536 248 0 6.50521303491303e-19 0.00542275144520997
4 C0 244 0 248 0
0

0101000
+112 0 -114 0 *
Ed
 1e-07 1 1 0
1  602 0 0.643501108793284 1.32481316680427
2  537 244 0 0.643501108793284 1.32481316680427
4 C0 244 0 247 0
0

0101000
+124 0 -112 0 *
Wi

0101100
-115 0 +140 0 -113 0 -111 0 -110 0 -120 0 *
Fa
0  1e-07 244 0

0111000
+109 0 *
Ed
 1e-07 1 1 0
1  603 0 0.763239598111119 1.5707963267949
2  538 227 0 0.763239598111119 1.5707963267949
4 C0 227 0 209 0
0

0101000
+227 0 -236 0 *
Wi

0101100
+133 0 +230 0 -107 0 +223 0 *
Fa
0  1e-07 227 0

0111000
+106 0 *
Ed
 1e-07 1 1 0
1  604 0 0.872664625997171 2.44346095279204
2  539 223 0 0.872664625997171 2.44346095279204
4 C0 223 0 209 0
0

0101000
+247 0 -256 0 *
Wi

0101100
+132 0 +250 0 -104 0 +243 0 *
Fa
0  1e-07 223 0

0111000
+103 0 *
Ve
1e-07
-53.6802028885604 35.5 63.9986122674479
0 0

0101101
*
Ve
1e-07
-48.5218362468231 35.5 56.0013877325521
0 0

0101101
*
Ed
 1e-07 1 1 0
1  605 0 -8.3840651735433 1.13246500673394
4 C0 212 0 240 0
0

0101000
+101 0 -100 0 *
Ed
 1e-07 1 1 0
1  606 0 0.523278322131976 1.5707963267949
2  540 213 0 0.523278322131976 1.5707963267949
4 C0 212 0 213 0
0

0101000
+101 0 -295 0 *
Ed
 1e-07 1 1 0
1  607 0 3.14159265358979 4.71238898038469
2  541 215 0 3.14159265358979 4.71238898038469
4 C0 212 0 215 0
0

0101000
+294 0 -285 0 *
Ve
1e-07
-44.3346666880007 35.5 44.5
0 0

0101101
*
Ed
 1e-07 1 1 0
1  608 0 -43 0
2  542 219 0 -43 0
4 C1 212 0 219 0
0

0101000
+284 0 -96 0 *
Ve
7.7621206498381e-06
-44.3346666880007 35.5 53.534435874444
0 0

0101101
*
Ed
 1e-07 1 1 0
1  609 0 12.965564125556 22
2  543 249 0 12.965564125556 22
4 G1 212 0 249 0
0

0101000
+94 0 -96 0 *
Ed
 1e-07 1 1 0
1  610 0 1.68822796622666 2.61831433145782
2  544 241 0 1.68822796622666 2.61831433145782
4 C0 212 0 241 0
0

0101000
+94 0 -100 0 *
Wi

0101100
-99 0 +98 0 +293 0 +97 0 +283 0 +95 0 -93 0 +92 0 *
Fa
0  1e-07 212 0

0111000
+91 0 *
Ve
1e-07
-9.00539172495254 19.5 63.9986122674479
0 0

0101101
*
Ed
 1e-07 1 1 0
1  611 0 1.5707963267949 2.61831433145782
2  545 239 0 1.5707963267949 2.61831433145782
4 C0 235 0 239 0
0

0101000
+186 0 -89 0 *
Ve
1e-07
-12.3346666880007 19.5 58.837102575121
0 0

0101101
*
Ed
 1e-07 1 1 0
1  612 0 -5.12299410166519 1.01909463780804
4 C0 235 0 243 0
0

0101000
+89 0 -87 0 *
Ve
1e-07
-12.3346666880007 19.5 44.5
0 0

0101101
*
Ed
 1e-07 1 1 0
1  613 0 -22 -7.662897424879
2  546 250 0 -22 -7.662897424879
4 G1 235 0 250 0
0

0101000
+85 0 -87 0 *
Ed
 1e-07 1 1 0
1  614 0 10 45
2  547 236 0 10 45
4 C1 235 0 236 0
0

0101000
+85 0 -202 0 *
Ed
 1e-07 1 1 0
1  615 0 3.14159265358979 4.71238898038469
2  548 234 0 3.14159265358979 4.71238898038469
4 C0 235 0 234 0
0

0101000
+204 0 -184 0 *
Wi

0101100
-183 0 +88 0 +86 0 -84 0 +83 0 -201 0 +82 0 *
Fa
0  1e-07 235 0

0111000
-81 0 *
Ve
1e-07
-12.3346666880007 18.5 43.5
0 0

0101101
*
Ed
 1e-07 1 1 0
1  616 0 -41.6653333119993 -6.6653333119993
2  549 236 0 -41.6653333119993 -6.6653333119993
4 C1 209 0 236 0
0

0101000
+200 0 -79 0 *
Ve
1e-07
-31.5346666880007 28.1 43.5
0 0

0101101
*
Ed
 1e-07 1 1 0
1  617 0 1.5707963267949 2.49809154479651
2  550 251 0 1.5707963267949 2.49809154479651
4 C1 209 0 251 0
0

0101000
+79 0 -77 0 *
Ve
1e-07
-44.3346666880007 34.5 43.5
0 0

0101101
*
Ed
 1e-07 1 1 0
1  618 0 0.643501108793284 1.5707963267949
2  551 252 0 0.643501108793284 1.5707963267949
4 C1 209 0 252 0
0

0101000
+77 0 -75 0 *
Ed
 1e-07 1 1 0
1  619 0 -43 0
2  552 219 0 -43 0
4 C1 209 0 219 0
0

0101000
+75 0 -272 0 *
Wi

0101100
+197 0 +78 0 +76 0 +74 0 +73 0 +271 0 -163 0 +265 0 -167 0 +255 0 
-104 0 +245 0 -179 0 +235 0 -107 0 +225 0 -171 0 +215 0 -175 0 *
Ed
 1e-07 1 1 0
1  620 0 0 3.14159265358979
2  553 208 0 0 3.14159265358979
4 C0 209 0 208 0
0

0101000
+304 0 -302 0 *
Wi

0101100
-71 0 -301 0 *
Fa
0  1e-07 209 0

0111000
+72 0 +70 0 *
Ve
1e-07
-30.7346666880007 28.7 44.5
0 0

0101101
*
Ed
 1e-07 1 1 0
1  621 0 4.71238898038469 5.6396841983863
2  554 249 0 4.71238898038469 5.6396841983863
2  555 252 0 4.71238898038469 5.6396841983863
4 C1 249 0 252 0
0

0101000
+96 0 -68 0 *
Ve
7.7621206498381e-06
-43.6859034863492 35.487616263272 53.5
0 0

0101101
*
Ed
 7.7621206498381e-06 1 1 0
1  622 0 0 0.000649794489205024
2  556 249 0 0 0.000649794489205024
2  557 241 0 0 0.000649794489205024
4 C0 249 0 241 0
0

0101000
+66 0 -94 0 *
Ve
1e-07
-30.7346666880007 28.7 53.5
0 0

0101101
*
Ed
 1e-07 1 1 0
1  623 0 3.78509376238308 4.67421716984416
2  558 249 0 3.78509376238308 4.67421716984416
4 C0 249 0 247 0
0

0101000
+64 0 -66 0 *
Ed
 1e-07 1 1 0
1  624 0 -22 -13
2  559 249 0 -22 -13
2  560 250 0 -22 -13
4 G1 249 0 250 0
0

0101000
+68 0 -64 0 *
Wi

0101100
-67 0 -93 0 -65 0 -63 0 -62 0 *
Fa
0  1e-07 249 0

0111000
+61 0 *
Ve
0.000210128651860958
-18.5745727580609 20.3626204749337 53.5
0 0

0101101
*
Ed
 1e-07 1 1 0
1  625 0 0.643501108793284 1.29605262112846
2  561 250 0 0.643501108793284 1.29605262112846
4 C0 250 0 247 0
0

0101000
+64 0 -59 0 *
Ed
 1e-07 1 1 0
1  626 0 3.78509376238308 4.71238898038469
2  562 250 0 3.78509376238308 4.71238898038469
2  563 251 0 3.78509376238308 4.71238898038469
4 C1 250 0 251 0
0

0101000
+68 0 -85 0 *
Ve
0.000210128651860958
-14.1287199129202 19.5700769075394 56.0013877325521
0 0

0101101
*
Ed
 1e-07 1 1 0
1  627 0 5.09795495886098 5.1760365893855
2  564 250 0 5.09795495886098 5.1760365893855
4 C0 250 0 243 0
0

0101000
+56 0 -87 0 *
Ed
 0.000210128651860958 1 1 0
1  628 0 1.16691587357124e-17 0.00536804868372021
2  565 250 0 1.16691587357124e-17 0.00536804868372021
2  566 248 0 1.16691587357124e-17 0.00536804868372021
4 C0 250 0 248 0
0

0101000
+56 0 -59 0 *
Wi

0101100
-58 0 -62 0 +57 0 +84 0 -55 0 +54 0 *
Fa
0  1e-07 250 0

0111000
+53 0 *
Ed
 1e-07 1 1 0
1  629 0 1.5707963267949 3.14159265358979
2  567 219 0 1.5707963267949 3.14159265358979
2  568 252 0 1.5707963267949 3.14159265358979
4 G1 219 0 252 0
0

0101000
+96 0 -75 0 *
Wi

0101100
+95 0 +51 0 +73 0 +270 0 *
Fa
0  1e-07 219 0

0111000
+50 0 *
Ed
 1e-07 1 1 0
1  630 0 3.14159265358979 4.71238898038469
2  569 252 0 3.14159265358979 4.71238898038469
2  570 251 0 3.14159265358979 4.71238898038469
4 G1 252 0 251 0
0

0101000
+68 0 -77 0 *
Wi

0101100
+67 0 +48 0 +74 0 -51 0 *
Fa
0  1e-07 252 0

0111000
+47 0 *
Ed
 1e-07 1 1 0
1  631 0 1.5707963267949 3.14159265358979
2  571 251 0 1.5707963267949 3.14159265358979
2  572 236 0 1.5707963267949 3.14159265358979
4 G1 251 0 236 0
0

0101000
+85 0 -79 0 *
Wi

0101100
+57 0 +45 0 +76 0 -48 0 *
Fa
0  1e-07 251 0

0111000
+44 0 *
Wi

0101100
+83 0 +199 0 +78 0 -45 0 *
Fa
0  1e-07 236 0

0111000
+42 0 *
Ed
 1e-07 1 1 0
1  632 0 0 1.5707963267949
2  573 217 0 0 1.5707963267949
2  574 246 0 0 1.5707963267949
4 G1 217 0 246 0
0

0101000
+131 0 -153 0 *
Wi

0101100
-277 0 -151 0 -40 0 -130 0 *
Fa
0  1e-07 217 0

0111000
+39 0 *
Ed
 1e-07 1 1 0
1  633 0 4.71238898038469 6.28318530717959
2  575 246 0 4.71238898038469 6.28318530717959
2  576 245 0 4.71238898038469 6.28318530717959
4 G1 246 0 245 0
0

0101000
+137 0 -121 0 *
Wi

0101100
+40 0 -119 0 -37 0 -129 0 *
Fa
0  1e-07 246 0

0111000
+36 0 *
Ed
 1e-07 1 1 0
1  634 0 4.71238898038469 6.28318530717959
2  577 245 0 4.71238898038469 6.28318530717959
2  578 237 0 4.71238898038469 6.28318530717959
4 G1 245 0 237 0
0

0101000
+136 0 -142 0 *
Wi

0101100
+37 0 -115 0 -34 0 -135 0 *
Fa
0  1e-07 245 0

0111000
+33 0 *
Wi

0101100
+34 0 -141 0 -192 0 -134 0 *
Fa
0  1e-07 237 0

0111000
+31 0 *
Ed
 1e-07 1 1 0
1  635 0 -4.07565611987051 -0.721554153620829
2  579 241 0 -4.07565611987051 -0.721554153620829
4 G1 240 0 241 0
0

0101000
+100 0 -157 0 *
Ed
 1e-07 1 1 0
1  636 0 -4.07565611987051 -0.721554153620826
2  580 213 0 -4.07565611987051 -0.721554153620826
4 G1 240 0 213 0
0

0101000
+159 0 -101 0 *
Wi

0101100
+99 0 +29 0 -156 0 +28 0 *
Fa
0  1e-07 240 0

0111000
-27 0 *
Ed
 1e-07 1 1 0
1  637 0 -3.93443011888489 -0.871674577381172
2  581 248 0 -3.93443011888489 -0.871674577381172
4 G1 247 0 248 0
0

0101000
+59 0 -112 0 *
Ed
 1e-07 1 1 0
1  638 0 -4.67444308238321 -1.43006437293108
2  582 241 0 -4.67444308238321 -1.43006437293108
4 G1 247 0 241 0
0

0101000
+123 0 -66 0 *
Wi

0101100
+58 0 +25 0 -110 0 +122 0 +24 0 -63 0 *
Fa
0  1e-07 247 0

0111000
-23 0 *
Ed
 1e-07 1 1 0
1  639 0 -4.07565611987051 -0.721554153620823
2  583 239 0 -4.07565611987051 -0.721554153620823
4 G1 243 0 239 0
0

0101000
+89 0 -147 0 *
Ed
 1e-07 1 1 0
1  640 0 -3.80902938853557 -0.530273124235602
2  584 248 0 -3.80902938853557 -0.530273124235602
4 G1 243 0 248 0
0

0101000
+114 0 -56 0 *
Wi

0101100
-86 0 +21 0 +145 0 -113 0 +20 0 +55 0 *
Fa
0  1e-07 243 0

0111000
-19 0 *
Wi

0101100
-144 0 -21 0 -88 0 -185 0 *
Fa
0  1e-07 239 0

0111000
+17 0 *
Wi

0101100
+20 0 +54 0 +25 0 +111 0 *
Fa
0  1e-07 248 0

0111000
+15 0 *
Wi

0101100
+118 0 +24 0 +65 0 +92 0 +29 0 +154 0 *
Fa
0  1e-07 241 0

0111000
+13 0 *
Wi

0101100
-158 0 -291 0 -98 0 -28 0 *
Fa
0  1e-07 213 0

0111000
+11 0 *
Wi

0101100
-82 0 -203 0 -143 0 -182 0 *
Fa
0  1e-07 234 0

0111000
+9 0 *
Wi

0101100
-150 0 -281 0 -97 0 -288 0 *
Fa
0  1e-07 215 0

0111000
+7 0 *
Wi

0101100
-71 0 -303 0 +127 0 +299 0 *
Fa
0  1e-07 208 0

0111000
+5 0 *
Sh

0101100
-296 0 +286 0 -268 0 -258 0 -248 0 -238 0 -228 0 -218 0 -208 0 -190 0 
+180 0 +176 0 +172 0 +168 0 +164 0 +160 0 -148 0 +138 0 -125 0 +116 0 
-108 0 -105 0 -102 0 +90 0 -80 0 +69 0 -60 0 +52 0 -49 0 -46 0 
-43 0 -41 0 +38 0 +35 0 +32 0 +30 0 -26 0 -22 0 -18 0 +16 0 
-14 0 -12 0 +10 0 +8 0 +6 0 -4 0 *
So

0100000
+3 0 *
Co

1100000
+1254 0 +936 0 +604 0 +529 0 +382 0 +306 0 +2 0 *

+1 0 