DBRep_DrawableShape

CASCADE Topology V1, (c) Matra-Datavision
Locations 0
Curve2ds 694
1 3.1415926535897931 0 1 0 
1 3.1415926535897931 0 0 -1 
1 3.1415926535897931 0 0 -1 
1 3.1415926535897931 -15 1 0 
1 6.2831853071795862 0 0 -1 
1 0 0 0 -1 
7 0 0  3 25 23  0.70165883375737303 0  0.70165883375737303 0.016752364285527802  0.70165883375737292 0.049788053747813012  0.70165883375737303 0.098093585293447055  0.70165883375737292 0.14531524098202958  0.70165883375737326 0.19159960521151312  0.70165883375737303 0.23708437623673279  0.70165883375737315 0.28189832667706938  0.70165883375737281 0.32616332680748522  0.70165883375737326 0.36999560231726186  0.70165883375737303 0.41350703022235397  0.70165883375737315 0.45680629691546715  0.70165883375737292 0.50000000000000666  0.70165883375737315 0.54319370308452652  0.70165883375737292 0.58649296977763832  0.70165883375737315 0.63000439768276051  0.70165883375737303 0.67383667319251583  0.70165883375737292 0.71810167332293662  0.70165883375737315 0.76291562376324906  0.70165883375737281 0.80840039478850612  0.70165883375737303 0.85468475901796981  0.70165883375737315 0.90190641470655308  0.70165883375737315 0.95021194625219507  0.70165883375737303 0.98324763571447815  0.70165883375737303 1 
 4.7457104341844989 4 4.8155956556842758 1 4.8854808771840519 1 4.9553660986838288 1 5.0252513201836058 1 5.0951365416833827 1 5.1650217631831588 1 5.2349069846829357 1 5.3047922061827126 1 5.3746774276824896 1 5.4445626491822656 1 5.5144478706820426 1 5.5843330921818195 1 5.6542183136815964 1 5.7241035351813725 1 5.7939887566811494 1 5.8638739781809264 1 5.9337591996807024 1 6.0036444211804794 1 6.0735296426802563 1 6.1434148641800332 1 6.2133000856798102 1 6.2831853071795862 4
7 0 0  3 25 23  0 0  0 0.016752364285527802  0 0.049788053747813012  0 0.098093585293447055  0 0.14531524098202958  0 0.19159960521151312  0 0.23708437623673279  0 0.28189832667706938  0 0.32616332680748522  0 0.36999560231726186  0 0.41350703022235397  0 0.45680629691546715  0 0.50000000000000666  0 0.54319370308452652  0 0.58649296977763832  0 0.63000439768276051  0 0.67383667319251583  0 0.71810167332293662  0 0.76291562376324906  0 0.80840039478850612  0 0.85468475901796981  0 0.90190641470655308  0 0.95021194625219507  -0 0.98324763571447815  0 1 
 4.7457104341844989 4 4.8155956556842758 1 4.8854808771840519 1 4.9553660986838288 1 5.0252513201836058 1 5.0951365416833827 1 5.1650217631831588 1 5.2349069846829357 1 5.3047922061827126 1 5.3746774276824896 1 5.4445626491822656 1 5.5144478706820426 1 5.5843330921818195 1 5.6542183136815964 1 5.7241035351813725 1 5.7939887566811494 1 5.8638739781809264 1 5.9337591996807024 1 6.0036444211804794 1 6.0735296426802563 1 6.1434148641800332 1 6.2133000856798102 1 6.2831853071795862 4
7 0 0  3 25 23  0.70165883375737303 1  0.69124448241696967 0.9999999513757315  0.67035791697697589 0.99999942030959144  0.63886908534950448 0.99999824462960452  0.6072357530071022 0.999997887118516  0.5754728299036721 0.99999858295424737  0.5435955825600548 0.99999994906021206  0.51161988069375464 1.0000000662628132  0.47956152868177843 0.99999861072028495  0.44743689125151831 0.99999768027141789  0.41526231225036631 0.99999792222273587  0.3830542472698315 0.99999921762662825  0.35082941715083232 1.0000003925673  0.31860458539895031 0.99999921210411025  0.28639651857683024 0.99999782670740056  0.25422193921627595 0.99999750288447575  0.2220973031015632 0.99999845613182847  0.19003895316208264 1.000000066497029  0.15806325111175551 0.99999995082516779  0.12618600267505772 0.99999833057764786  0.094423079572429167 0.99999743015411136  0.062789748348998559 0.99999779648440823  0.031300918023772314 0.99999924857779499  0.010414352166387831 0.99999992482038957  -0 1 
 5.5815264734222101 4 5.6134200567748183 1 5.6453136401274264 1 5.6772072234800346 1 5.7091008068326428 1 5.7409943901852509 1 5.7728879735378591 1 5.8047815568904673 1 5.8366751402430754 1 5.8685687235956836 1 5.9004623069482918 1 5.9323558903008999 1 5.9642494736535081 1 5.9961430570061163 1 6.0280366403587244 1 6.0599302237113326 1 6.0918238070639408 1 6.1237173904165489 1 6.1556109737691571 1 6.1875045571217653 1 6.2193981404743734 1 6.2512917238269816 1 6.2831853071795898 4
7 0 0  3 25 23  0.86913749303752508 -4.4652128903224053  0.87955190457542398 -4.4743116995003263  0.90043854083383956 -4.49222279217223  0.93192738549017351 -4.5181770067798057  0.96356073987089552 -4.5431651939377087  0.99532363285981251 -4.5671363955497775  1.0272007544460502 -4.5900417779453866  1.0591764400887307 -4.6118351500395125  1.0912347299718983 -4.6324731867370348  1.1233594110973282 -4.6519157105369349  1.1555340664813967 -4.6701259326081761  1.1877421245199422 -4.6870706759132652  1.2199669099162103 -4.7027205708009152  1.2521916953124796 -4.7170502225340289  1.2843997533510252 -4.7300383482599626  1.3165744087350935 -4.741667882081896  1.3486990898605231 -4.7519260468309703  1.3807573797436909 -4.7608043930002015  1.4127330653863708 -4.7682988007975187  1.4446101869726096 -4.7744094603607046  1.476373079961526 -4.7791407762549083  1.5080064343422483 -4.7825014017886032  1.5394952789985825 -4.7845036426316616  1.5603819152569975 -4.7849445985177601  1.5707963267948966 -4.784944287190001 
 5.5815264734222101 4 5.6134200567748183 1 5.6453136401274264 1 5.6772072234800346 1 5.7091008068326428 1 5.7409943901852509 1 5.7728879735378591 1 5.8047815568904673 1 5.8366751402430754 1 5.8685687235956836 1 5.9004623069482918 1 5.9323558903008999 1 5.9642494736535081 1 5.9961430570061163 1 6.0280366403587244 1 6.0599302237113326 1 6.0918238070639408 1 6.1237173904165489 1 6.1556109737691571 1 6.1875045571217653 1 6.2193981404743734 1 6.2512917238269816 1 6.2831853071795898 4
7 0 0  3 25 23  -0 0  0 0.016729441035323259  0 0.049726447075290538  0 0.097992603135526199  -0 0.14519054421681335  0 0.19146438809036409  0 0.23694961998061717  0 0.2817730510107529  -0 0.3260547794849315  0 0.36990941161367219  0 0.41344732055208061  0 0.45677577267951525  -0 0.49999999999999961  0 0.5432242273204696  0 0.58655267944792278  0 0.63009058838632648  -0 0.67394522051507155  0 0.71822694898924244  0 0.76305038001939329  0 0.80853561190961287  0 0.85480945578319778  0 0.9020073968644553  0 0.95027355292470905  -0 0.9832705589646793  0 1 
 4.7560222116845106 4 4.8254387160251957 1 4.8948552203658808 1 4.964271724706566 1 5.033688229047252 1 5.1031047333879371 1 5.1725212377286223 1 5.2419377420693074 1 5.3113542464099925 1 5.3807707507506777 1 5.4501872550913628 1 5.519603759432048 1 5.589020263772734 1 5.6584367681134191 1 5.7278532724541042 1 5.7972697767947894 1 5.8666862811354745 1 5.9361027854761605 1 6.0055192898168457 1 6.0749357941575308 1 6.144352298498216 1 6.2137688028389011 1 6.2831853071795862 4
7 0 0  3 25 23  6.2831853071795898 0  6.2831853071795898 0.016729441035323259  6.2831853071795898 0.049726447075290538  6.2831853071795898 0.097992603135526199  6.2831853071795907 0.14519054421681335  6.2831853071795889 0.19146438809036409  6.2831853071795907 0.23694961998061717  6.283185307179588 0.2817730510107529  6.2831853071795889 0.3260547794849315  6.2831853071795898 0.36990941161367219  6.2831853071795898 0.41344732055208061  6.283185307179588 0.45677577267951525  6.2831853071795907 0.49999999999999961  6.2831853071795889 0.5432242273204696  6.2831853071795907 0.58655267944792278  6.2831853071795889 0.63009058838632648  6.2831853071795907 0.67394522051507155  6.2831853071795898 0.71822694898924244  6.2831853071795889 0.76305038001939329  6.2831853071795889 0.80853561190961287  6.2831853071795889 0.85480945578319778  6.2831853071795889 0.9020073968644553  6.2831853071795907 0.95027355292470905  6.2831853071795898 0.9832705589646793  6.2831853071795898 1 
 4.7560222116845106 4 4.8254387160251957 1 4.8948552203658808 1 4.964271724706566 1 5.033688229047252 1 5.1031047333879371 1 5.1725212377286223 1 5.2419377420693074 1 5.3113542464099925 1 5.3807707507506777 1 5.4501872550913628 1 5.519603759432048 1 5.589020263772734 1 5.6584367681134191 1 5.7278532724541042 1 5.7972697767947894 1 5.8666862811354745 1 5.9361027854761605 1 6.0055192898168457 1 6.0749357941575308 1 6.144352298498216 1 6.2137688028389011 1 6.2831853071795862 4
7 0 0  3 25 23  -0 0  0.010414352166105409 -1.7235039958315243e-07  0.03130091802533231 -3.3065310247395817e-07  0.06278974835661183 -2.5911872752553613e-07  0.094423079588111899 -2.7091657618907423e-07  0.12618600269024707 -2.6096552461962811e-07  0.15806325111227004 -2.5710538150409803e-07  0.19003895316116004 -2.5290683532300099e-07  0.22209730312280271 -2.4610773246003916e-07  0.25422193925630171 -2.520631623912887e-07  0.28639651861668497 -2.1150921575580917e-07  0.31860458541631648 -3.4604753914596381e-07  0.35082941714204241 1.7155776982539889e-07  0.383054247287622 -3.4018364867315489e-07  0.41526231230413369 -1.9975658193104609e-07  0.44743689131642023 -2.3437470565978299e-07  0.47956152872458574 -2.2240161019692809e-07  0.51161988069188391 -2.2311108521544575e-07  0.54359558256201213 -2.2098854030012089e-07  0.57547282990115423 -2.1876542402636813e-07  0.60723575297395749 -2.2098661391419095e-07  0.63886908526975184 -2.0670399359088984e-07  0.67035791687336643 -2.551292684079023e-07  0.69124448236399716 -1.3192914605816111e-07  0.70165883375737303 0 
 0 4 0.031893583352607863 1 0.063787166705215725 1 0.095680750057823588 1 0.12757433341043145 1 0.15946791676303931 1 0.19136150011564718 1 0.22325508346825504 1 0.2551486668208629 1 0.28704225017347074 1 0.31893583352607863 1 0.35082941687868652 1 0.38272300023129435 1 0.41461658358390219 1 0.44651016693651008 1 0.47840375028911797 1 0.5102973336417258 1 0.54219091699433364 1 0.57408450034694147 1 0.60597808369954942 1 0.63787166705215725 1 0.66976525040476509 1 0.70165883375737303 4
1 6.2831853071795862 0 -1 0 
1 9.4247779607693793 -3.5 -1 0 
1 3.1415926535897931 0 0 1 
1 3.1415926535897931 0 0 1 
1 0 1.5707963267948966 1 0 
1 0 0 0 1 
1 6.2831853071795862 0 0 1 
1 0 0 0 -1 
1 6.2831853071795862 0 0 -1 
1 6.2831853071795862 -53 -1 0 
1 3.1415926535897931 0 0 -1 
1 3.1415926535897931 0 0 -1 
1 6.2831853071795862 -50 -1 0 
1 0 0 0 -1 
1 6.2831853071795862 0 0 -1 
1 6.2831853071795862 -10 -1 0 
1 3.1415926535897931 0 0 -1 
1 3.1415926535897931 0 0 -1 
1 6.2831853071795862 -7 -1 0 
1 0 0 0 -1 
1 6.2831853071795871 0 0 -1 
7 0 0  3 25 23  0 -63  0.0087477157773391979 -63.259806325679754  0.026277062911685734 -63.78042948870894  0.052664076800308601 -64.563582000486363  0.079135399936829873 -65.348144005677753  0.10568210473761035 -66.13328800161851  0.13229512519896303 -66.918177333754173  0.15896525103034218 -67.701967085702847  0.18568315249220954 -68.483807544247625  0.21243939783286453 -69.262847061679224  0.23922447341502673 -70.038235139567291  0.2660288037018666 -70.809125484787089  0.29284277172857492 -71.574679075527413  0.31965673975528375 -72.334067197898904  0.3464610700421239 -73.08647443427661  0.37324614562428571 -73.831101580326688  0.40000239096494095 -74.567168466448166  0.42672029242680842 -75.293916672723142  0.45339041825818721 -76.010612080231382  0.48000343871954054 -76.716547380735449  0.50655014352032057 -77.411044005394288  0.53302146665684225 -78.093455409708312  0.5594084805454651 -78.763164418467895  0.57693782767981172 -79.200789342134541  0.58568554345715096 -79.417292712259226 
 4.7123889803846897 4 4.7390110505418326 1 4.7656331206989764 1 4.7922551908561193 1 4.8188772610132622 1 4.845499331170406 1 4.8721214013275489 1 4.8987434714846918 1 4.9253655416418356 1 4.9519876117989785 1 4.9786096819561214 1 5.0052317521132643 1 5.0318538222704081 1 5.058475892427551 1 5.0850979625846939 1 5.1117200327418377 1 5.1383421028989806 1 5.1649641730561235 1 5.1915862432132673 1 5.2182083133704102 1 5.2448303835275532 1 5.2714524536846969 1 5.2980745238418399 4
1 0.58568554345715096 0 0 -1 
1 3.7272781970469442 0 0 -1 
7 0 0  3 25 23  0.75008116536504943 -8.2388825606752931  0.74752233004060664 -8.2366756086256085  0.74241486042004157 -8.234771694026195  0.73478142259234414 -8.2388148845045297  0.7271729097514712 -8.2491275478097741  0.71958649825188592 -8.265075486389863  0.71201933837823173 -8.2860416181267897  0.70446871664116151 -8.3113450071679065  0.69692843817387173 -8.3407169312828469  0.68940128162156544 -8.3738235241151369  0.68188868169484007 -8.4103212676612724  0.67439267231477718 -8.4498687345187307  0.66691426679093702 -8.4921257865277155  0.65945798743049289 -8.5367450379569547  0.65202400376246938 -8.5834926656190351  0.6446089938291969 -8.6321425790688195  0.63721062671388007 -8.6824657005203232  0.62982612698959117 -8.7342371688094147  0.62245354234674832 -8.7872182436244284  0.61508100282051104 -8.8412962145771576  0.6077141062554996 -8.8962215954774475  0.60035610499417391 -8.9517609247135894  0.59301088539179103 -9.0076764454263358  0.58812507229426914 -9.0450465199213941  0.58568554345715096 -9.0637153338655025 
 4.9065389333867997e-18 4 0.00020538549697742559 1 0.0004107709939548463 1 0.00061615649093226693 1 0.00082154198790968761 1 0.0010269274848871085 1 0.0012323129818645291 1 0.0014376984788419497 1 0.0016430839758193704 1 0.0018484694727967912 1 0.0020538549697742118 1 0.0022592404667516322 1 0.002464625963729053 1 0.0026700114607064738 1 0.0028753969576838941 1 0.0030807824546613149 1 0.0032861679516387357 1 0.0034915534486161565 1 0.0036969389455935773 1 0.0039023244425709976 1 0.0041077099395484193 1 0.0043130954365258392 1 0.00451848093350326 4
7 0 0  3 25 23  4.4041469098690147 1.0000002327813804  4.4002445216143267 0.97899336210257892  4.3924044604136334 0.93858890450977661  4.3805388850483808 0.88203426235382942  4.368568164597642 0.82868825144532365  4.3564927496486856 0.77794407953478029  4.3443131431253494 0.72931882115126512  4.332030044540268 0.68247907632984528  4.3196392177722638 0.63705919600449512  4.307151377207453 0.59279513376008786  4.2945753712107795 0.54946179231537173  4.2819213983038704 0.50687189094013108  4.2691981962375491 0.46486690369866285  4.2564209348067896 0.42332772988432771  4.2435978640671879 0.38208859905533338  4.2307311785490747 0.34098710535736371  4.2178248587087985 0.29987719841368632  4.2048821449934044 0.25861995357162626  4.19190776821402 0.21709400619568742  4.1788889732623558 0.17509671252207984  4.1658439251540846 0.13252512708269454  4.1527868073650041 0.089261534418210636  4.1397330058155024 0.045188042376537702  4.1310427626372679 0.015180722581427426  4.1267032465726423 1.1749821126057468e-08 
 4.9065389333867997e-18 4 0.00020538549697742559 1 0.0004107709939548463 1 0.00061615649093226693 1 0.00082154198790968761 1 0.0010269274848871085 1 0.0012323129818645291 1 0.0014376984788419497 1 0.0016430839758193704 1 0.0018484694727967912 1 0.0020538549697742118 1 0.0022592404667516322 1 0.002464625963729053 1 0.0026700114607064738 1 0.0028753969576838941 1 0.0030807824546613149 1 0.0032861679516387357 1 0.0034915534486161565 1 0.0036969389455935773 1 0.0039023244425709976 1 0.0041077099395484193 1 0.0043130954365258392 1 0.00451848093350326 4
7 0 0  3 25 23  0.75008116536504943 -8.2388825606752931  0.77225004164309263 -8.2580022212502904  0.81723628618755684 -8.295618544635353  0.88656283477403919 -8.349508150211209  0.95764709699943651 -8.4002038489830841  1.0303687135072055 -8.4470226074822143  1.1045867001737624 -8.4892882189302465  1.18013713685754 -8.5263489364403959  1.2568351360617906 -8.5576008644053587  1.3344766248542195 -8.582510526716133  1.4128411315136435 -8.6006365778514979  1.4916951891147334 -8.6116487279048943  1.5707963267948966 -8.6153425203614145  1.6498974644750592 -8.6116487279048943  1.7287515220761491 -8.6006365778514997  1.8071160287355736 -8.5825105267161312  1.8847575175280029 -8.5576008644053623  1.9614555167322536 -8.5263489364403959  2.0370059534160316 -8.4892882189302536  2.1112239400825894 -8.4470226074821912  2.1839455565903583 -8.4002038489830912  2.2550298188157556 -8.3495081502112054  2.3243563674022383 -8.295618544635353  2.3693426119467031 -8.2580022212502904  2.3915114882247468 -8.2388825606752931 
 5.46247014574974 4 5.5370806149706349 1 5.6116910841915297 1 5.6863015534124246 1 5.7609120226333204 1 5.8355224918542152 1 5.9101329610751101 1 5.984743430296005 1 6.0593538995168998 1 6.1339643687377947 1 6.2085748379586896 1 6.2831853071795845 1 6.3577957764004802 1 6.4324062456213751 1 6.50701671484227 1 6.5816271840631648 1 6.6562376532840597 1 6.7308481225049555 1 6.8054585917258503 1 6.8800690609467452 1 6.9546795301676401 1 7.0292899993885349 1 7.1039004686094298 4
7 0 0  3 25 23  2.555907110132642 -9.0637153338655025  2.5534604412481792 -9.0449918847792699  2.5485666839709142 -9.0075448016335642  2.5412229165857756 -8.9515841650606145  2.5338741476239042 -8.8960440593833265  2.5265184970492673 -8.8411350284551169  2.5191540792865723 -8.7870676120307927  2.5117790039481545 -8.7340523651566908  2.5043913740700776 -8.6822997858113524  2.4969892980079358 -8.6320205849533416  2.489570849238965 -8.5834246786882993  2.4821342209540931 -8.5367249495539781  2.4746771536794956 -8.4921232092129486  2.4671990761066827 -8.4498625863953709  2.4597030971507632 -8.4103171655295643  2.452190608489778 -8.3738199159407358  2.4446635423059329 -8.3407141709551986  2.4371233602410252 -8.3113429229974152  2.4295728333007847 -8.2860401640986883  2.4220057689194894 -8.2650745749131111  2.4144194531739962 -8.2491270781650528  2.4068110365863835 -8.2388147329300327  2.3991776955691404 -8.23477171637475  2.3940702909315532 -8.2366756367577718  2.3915114882247468 -8.2388825606752931 
 -1.9653007435772501e-05 4 0.0001863335596389385 1 0.00039232012671364949 1 0.00059830669378836048 1 0.00080429326086307147 1 0.0010102798279377823 1 0.0012162663950124933 1 0.0014222529620872043 1 0.0016282395291619153 1 0.0018342260962366263 1 0.0020402126633113373 1 0.0022461992303860483 1 0.0024521857974607593 1 0.0026581723645354703 1 0.0028641589316101813 1 0.0030701454986848922 1 0.0032761320657596032 1 0.0034821186328343142 1 0.0036881051999090252 1 0.0038940917669837362 1 0.0041000783340584476 1 0.0043060649011331586 1 0.0045120514682078696 4
7 0 0  3 25 23  2.1564820606069435 1.174981890233519e-08  2.1521298437084004 0.01522494285281191  2.1434255142026521 0.045291461928709281  2.130374412261423 0.089390359786912899  2.1173337860969554 0.13264068634062418  2.1043087051126577 0.1751836881831505  2.0913042116439673 0.21715736934067315  2.0783253086525675 0.25869795385414901  2.0653769416214769 0.29994275463736836  2.0524640061099864 0.34103226823024146  2.039591262581983 0.3821128385567531  2.0267636013160244 0.42333700653728884  2.013985004997068 0.46487196995345853  2.0012623759418857 0.50687749413886451  1.9886084653935496 0.54946666472014638  1.9760326581457974 0.59279961620302235  1.9635449783556911 0.63706319422873425  1.9511543201920969 0.68248260734939492  1.9388713847300072 0.72932186582410707  1.9266919395275341 0.7779466158574474  1.9146166831379869 0.82869024761474175  1.902646118676107 0.88203567337088618  1.8907806966185776 0.93858966656776677  1.8829407358215562 0.97899362940300416  1.8790383973105589 1.0000002327813804 
 -1.9653007435772501e-05 4 0.0001863335596389385 1 0.00039232012671364949 1 0.00059830669378836048 1 0.00080429326086307147 1 0.0010102798279377823 1 0.0012162663950124933 1 0.0014222529620872043 1 0.0016282395291619153 1 0.0018342260962366263 1 0.0020402126633113373 1 0.0022461992303860483 1 0.0024521857974607593 1 0.0026581723645354703 1 0.0028641589316101813 1 0.0030701454986848922 1 0.0032761320657596032 1 0.0034821186328343142 1 0.0036881051999090252 1 0.0038940917669837362 1 0.0041000783340584476 1 0.0043060649011331586 1 0.0045120514682078696 4
1 2.555907110132642 0 0 1 
1 5.6974997637224352 0 0 1 
7 0 0  3 25 23  2.555907110132642 -79.417292712259226  2.5646548259099817 -79.200789342134541  2.582184173044328 -78.763164418467895  2.6085711869329518 -78.093455409708312  2.6350425100694719 -77.411044005394245  2.661589214870252 -76.716547380735435  2.6882022353316057 -76.010612080231382  2.714872361162985 -75.293916672723128  2.7415902626248521 -74.567168466448138  2.7683465079655081 -73.831101580326688  2.7951315835476693 -73.08647443427661  2.8219359138345088 -72.334067197898875  2.848749881861218 -71.574679075527428  2.8755638498879259 -70.809125484787074  2.9023681801747663 -70.038235139567291  2.9291532557569293 -69.262847061679224  2.9559095010975827 -68.483807544247597  2.9826274025594515 -67.701967085702876  3.0092975283908294 -66.91817733375413  3.0359105488521823 -66.133288001618482  3.0624572536529633 -65.348144005677753  3.0889285767894843 -64.563582000486363  3.1153155906781076 -63.78042948870894  3.1328449378124539 -63.259806325679747  3.1415926535897931 -63 
 0.98511078333774604 4 1.0117328534948895 1 1.0383549236520329 1 1.0649769938091762 1 1.0915990639663196 1 1.1182211341234629 1 1.1448432042806063 1 1.1714652744377496 1 1.198087344594893 1 1.2247094147520363 1 1.2513314849091797 1 1.277953555066323 1 1.3045756252234664 1 1.3311976953806097 1 1.3578197655377533 1 1.3844418356948966 1 1.41106390585204 1 1.4376859760091834 1 1.4643080461663267 1 1.4909301163234701 1 1.5175521864806134 1 1.5441742566377568 1 1.5707963267949001 4
1 3.1415926535897931 0 0 -1 
1 3.1415926535897931 0 0 -1 
1 -3.1415926535897931 -3 1 0 
1 3.1415926535897931 0 0 -1 
1 3.1415926535897931 0 0 -1 
7 0 0  3 25 23  3.1415926535897931 -63  3.1718906247597127 -62.001850396608695  3.2352591331095315 -59.907818578703932  3.3393102578396281 -56.505379741614163  3.4530795869646589 -52.862741662760214  3.577149839624679 -49.038248201939552  3.7119043265626854 -45.125442000069924  3.8574060762711544 -41.262531568481435  4.0132753331383206 -37.632650904086603  4.1785744304768135 -34.455039997654019  4.3517362374514548 -31.962573720682059  4.5305725045157628 -30.366665119617775  4.7123889803846897 -29.816667440191136  4.8942054562536175 -30.366665119617778  5.0730417233179246 -31.962573720682062  5.2462035302925658 -34.455039997654019  5.4115026276310587 -37.632650904086596  5.5673718844982245 -41.26253156848145  5.7128736342066944 -45.125442000069924  5.8476281211446999 -49.038248201939503  5.9716983738047205 -52.86274166276025  6.0854677029297521 -56.505379741614156  6.189518827659847 -59.907818578703946  6.2528873360096666 -62.001850396608702  6.2831853071795862 -63 
 1.5707963267949001 4 1.7135959928671634 1 1.8563956589394264 1 1.9991953250116896 1 2.1419949910839526 1 2.2847946571562159 1 2.4275943232284791 1 2.5703939893007424 1 2.7131936553730052 1 2.8559933214452684 1 2.9987929875175316 1 3.1415926535897949 1 3.2843923196620581 1 3.4271919857343214 1 3.5699916518065846 1 3.7127913178788474 1 3.8555909839511107 1 3.9983906500233739 1 4.1411903160956367 1 4.2839899821678999 1 4.4267896482401632 1 4.5695893143124264 1 4.7123889803846897 4
1 6.2831853071795862 0 0 -1 
1 0 0 0 -1 
1 0 1.5707963267948966 1 0 
1 -3.1415926535897931 -15 1 0 
1 3.1415926535897931 -85 1 0 
1 1.5707963267948966 0 0 -1 
1 9.4247779607693936 -85 -1 0 
1 1.5707963267948966 0 0 -1 
1 3.1415926535897931 -3.5 -1 0 
1 6.2831853071795862 0 -1 0 
7 0 0  3 25 23  0 -63  0.0084510982911034458 -63.278885467261603  0.025383827306539361 -63.837666972849412  0.050866606943381895 -64.67805622900616  0.076425219968124666 -65.519852887776253  0.10205160904424017 -66.362229433098378  0.12773760077395968 -67.204349834873014  0.15347490084677506 -68.045370381017236  0.17925511494827245 -68.884442905407312  0.2050697634117904 -69.720717449451442  0.23091029809782285 -70.553345127272522  0.25676811912849551 -71.381480963618202  0.28263459200949892 -72.204286741246349  0.30850106489050239 -73.020933822645233  0.33435888592117469 -73.830605930061921  0.36019942060720739 -74.63250186386307  0.38601406907072555 -75.425838137994702  0.411794283172223 -76.209851523754239  0.43753158324503877 -76.983801449386917  0.46321757497475857 -77.746972371485853  0.48884396405087421 -78.498675611293095  0.51440257707561754 -79.238252480419675  0.5398853567124603 -79.965071826968355  0.55681808572789659 -80.440722332864212  0.56526918401900017 -80.676223830017776 
 4.7123889803846897 4 4.7380830342037354 1 4.7637770880227803 1 4.7894711418418261 1 4.8151651956608719 1 4.8408592494799167 1 4.8665533032989625 1 4.8922473571180083 1 4.9179414109370532 1 4.9436354647560989 1 4.9693295185751447 1 4.9950235723941905 1 5.0207176262132354 1 5.0464116800322811 1 5.0721057338513269 1 5.0977997876703718 1 5.1234938414894176 1 5.1491878953084633 1 5.1748819491275082 1 5.200576002946554 1 5.2262700567655997 1 5.2519641105846446 1 5.2776581644036904 4
1 0.56526918401900017 0 0 1 
1 3.7068618376087885 0 0 1 
7 0 0  3 25 23  0.56526918401900017 -8.0667062881633029  0.56954730889580119 -7.9875113096300838  0.57810692640511818 -7.8291561085446286  0.5909679520963026 -7.5924979553889314  0.60386201355856728 -7.3574855955061107  0.61680075649245947 -7.1248874987485031  0.6297953805067551 -6.8954820704889226  0.64285888590149454 -6.6700106489673034  0.65598673291323295 -6.4494965869096808  0.66919624728240379 -6.2347853281772698  0.68250223370003904 -6.026736357329991  0.69592031332038362 -5.8262088540294021  0.70946604572135297 -5.6340491768314616  0.72315494855919427 -5.4511552736133133  0.73701065234956609 -5.2787098752504464  0.7510442355661765 -5.1179206958208487  0.76532167238022786 -4.9696647280021997  0.77980259127983076 -4.8361271473372192  0.79444471992793653 -4.7195326717014421  0.80915871092533254 -4.6216065738419756  0.82397074136387005 -4.5445582140844945  0.8388908444442934 -4.4905432741138931  0.85393357760905531 -4.4617318237043202  0.86405285268942145 -4.4607706471771786  0.86913749303752508 -4.4652128903224053 
 -1.9119723856740201e-05 4 0.00043331286349512527 1 0.00088574545084699067 1 0.0013381780381988562 1 0.0017906106255507217 1 0.0022430432129025867 1 0.0026954758002544522 1 0.0031479083876063177 1 0.0036003409749581832 1 0.0040527735623100492 1 0.0045052061496619143 1 0.0049576387370137802 1 0.0054100713243656453 1 0.0058625039117175112 1 0.0063149364990693763 1 0.0067673690864212422 1 0.0072198016737731073 1 0.0076722342611249723 1 0.0081246668484768383 1 0.0085770994358287042 1 0.0090295320231805684 1 0.0094819646105324343 1 0.0099343971978843003 4
7 0 0  3 25 23  0.0101982566324261 1.0000085425327949  0.010044230675764987 1.0000100524455982  0.0097362434970669383 1.0000093781579906  0.0092743790496302176 1.0000033529754053  0.0088125533542468618 1.0000027063929882  0.008350687740891519 1.0000026975920235  0.0078887075259356249 0.99999904524663796  0.0074265219540395012 1.0000020358783437  0.0069642094474643952 1.0000009747250245  0.0065017338063261152 1.0000009627794046  0.0060390747659354333 1.0000009673746901  0.0055762070670315154 1.0000000746738265  0.0051131071353329987 0.99999964838692412  0.0046497500703357227 1.0000008793375244  0.0041861049377738676 1.0000000653383552  0.0037221309422446162 0.99999972319240871  0.0032577583073207985 1.0000002829873798  0.0027930697992156195 1.0000000593149918  0.0023280274070190507 1.0000003942095725  0.0018629078605651652 1.0000002690014393  0.0013975982902573257 1.0000002760066429  0.00093206059569843033 1.0000002359055433  0.00046623247790990833 1.000000269775859  0.00015545434205966864 1.0000001364864681  0 1 
 -1.9119723856740201e-05 4 0.00043331286349512527 1 0.00088574545084699067 1 0.0013381780381988562 1 0.0017906106255507217 1 0.0022430432129025867 1 0.0026954758002544522 1 0.0031479083876063177 1 0.0036003409749581832 1 0.0040527735623100492 1 0.0045052061496619143 1 0.0049576387370137802 1 0.0054100713243656453 1 0.0058625039117175112 1 0.0063149364990693763 1 0.0067673690864212422 1 0.0072198016737731073 1 0.0076722342611249723 1 0.0081246668484768383 1 0.0085770994358287042 1 0.0090295320231805684 1 0.0094819646105324343 1 0.0099343971978843003 4
7 0 0  3 25 23  1.5707963267948966 -4.784944287190001  1.5812107383327956 -4.7849445985177672  1.602097374591211 -4.7845036426316652  1.6335862192475445 -4.7825014017885765  1.6652195736282669 -4.7791407762549296  1.696982466617184 -4.7744094603606504  1.7288595882034221 -4.768298800797548  1.7608352738461017 -4.7608043930001411  1.7928935637292702 -4.7519260468310094  1.8250182448546997 -4.7416678820818872  1.8571929002387682 -4.7300383482599599  1.8894009582773135 -4.7170502225340529  1.9216257436735824 -4.7027205708009081  1.9538505290698511 -4.6870706759132688  1.9860585871083967 -4.670125932608169  2.0182332424924643 -4.6519157105369553  2.0503579236178946 -4.6324731867370401  2.0824162135010624 -4.6118351500394734  2.1143918991437429 -4.5900417779453715  2.1462690207299806 -4.5671363955497988  2.1780319137188977 -4.5431651939377264  2.2096652680996201 -4.5181770067797951  2.2411541127559547 -4.4922227921722513  2.262040749014369 -4.4743116995003414  2.2724551605522683 -4.4652128903224053 
 0 4 0.031893583352607863 1 0.063787166705215725 1 0.095680750057823588 1 0.12757433341043145 1 0.15946791676303931 1 0.19136150011564718 1 0.22325508346825504 1 0.2551486668208629 1 0.28704225017347074 1 0.31893583352607863 1 0.35082941687868652 1 0.38272300023129435 1 0.41461658358390219 1 0.44651016693651008 1 0.47840375028911797 1 0.5102973336417258 1 0.54219091699433364 1 0.57408450034694147 1 0.60597808369954942 1 0.63787166705215725 1 0.66976525040476509 1 0.70165883375737303 4
7 0 0  3 25 23  6.2831853071795898 1  6.2727709550132058 0.99999992482037137  6.2518843891558218 0.999999248577771  6.2203955588305915 0.99999779648442544  6.1887622276071541 0.99999743015407838  6.1569993045045175 0.99999833057766974  6.1251220560678235 0.99999995082514392  6.0931463540175095 1.0000000664970405  6.0610880040780639 0.99999845613181171  6.0289633679633861 0.99999750288449107  5.9967887886028466 0.99999782670740822  5.9645807217807141 0.99999921210416032  5.9323558900287479 1.0000003925672847  5.900131059909679 0.99999921762660615  5.8679229949291631 0.99999792222275941  5.8357484159280553 0.99999768027148228  5.8036237784978386 0.99999861072039287  5.7715654264858705 1.0000000662629704  5.7395897246194973 0.99999994906017875  5.7077124772758765 0.99999858295421196  5.6759495541724654 0.99999788711851889  5.6443162218300946 0.99999824462973674  5.6128273902026367 0.99999942030967837  5.591940824762629 0.99999995137576225  5.5815264734222101 1 
 0 4 0.031893583352607863 1 0.063787166705215725 1 0.095680750057823588 1 0.12757433341043145 1 0.15946791676303931 1 0.19136150011564718 1 0.22325508346825504 1 0.2551486668208629 1 0.28704225017347074 1 0.31893583352607863 1 0.35082941687868652 1 0.38272300023129435 1 0.41461658358390219 1 0.44651016693651008 1 0.47840375028911797 1 0.5102973336417258 1 0.54219091699433364 1 0.57408450034694147 1 0.60597808369954942 1 0.63787166705215725 1 0.66976525040476509 1 0.70165883375737303 4
7 0 0  3 47 45  2.2724551605522683 -4.4652128903224053  2.2749975028406664 -4.4629917529135179  2.2800696816645249 -4.4610109202413355  2.2876421628799899 -4.4651531145364753  2.2951805898067743 -4.4761378684172337  2.3026866864504973 -4.4936943002113408  2.3101621713871476 -4.517551520648091  2.3176087502008644 -4.5474386688055901  2.3250281370353436 -4.5830847779646087  2.3324219707245399 -4.6242192762467216  2.3397921236486483 -4.6705701182076211  2.3471395452472192 -4.7218707578257959  2.3544685742980245 -4.7778341249541949  2.3617708415779841 -4.8382497465251895  2.3690309642058334 -4.902905000573953  2.3762462974411891 -4.9715113737642724  2.383410554319711 -5.0437984069077118  2.3905191737097016 -5.1194993155961148  2.3975642458810316 -5.1983145621522686  2.4045610045310823 -5.280179416709097  2.4115112336019253 -5.3649474029322057  2.418417749528738 -5.4524739166537506  2.4252830890636816 -5.5426130735412587  2.4321098024298773 -5.6352222377545749  2.4389005859168216 -5.7301470596488118  2.445657537898287 -5.8272711891668481  2.4523825717964414 -5.9264899560884539  2.4590776459777968 -6.0276955605889029  2.4657447011927269 -6.1307810414236092  2.4723856756782525 -6.2356392126326678  2.4790025022460824 -6.3421629485371751  2.4855970999259491 -6.4502451070493567  2.4921714055402524 -6.5597785514358051  2.4987272511147389 -6.6706561399551649  2.505266818109332 -6.7827707455426145  2.5117909386078483 -6.8960151874359221  2.5182990947620607 -7.0102742590169651  2.5247921295404097 -7.125433281248811  2.5312704358899509 -7.2413759018242745  2.5377348243931723 -7.357991933935863  2.5441848623938359 -7.475148202047686  2.5506327123706303 -7.5929475158707618  2.5570736392794751 -7.7111811279587643  2.5635050297364761 -7.8296793132048697  2.5699236976878228 -7.9482618869059491  2.5741923050221467 -8.0272549492380829  2.5763234695707933 -8.0667062881633029 
 0 4 0.00022538135212641296 1 0.00045076270425282593 1 0.00067614405637923889 1 0.00090152540850565186 1 0.0011269067606320647 1 0.0013522881127584778 1 0.0015776694648848909 1 0.0018030508170113037 1 0.0020284321691377166 1 0.0022538135212641294 1 0.0024791948733905427 1 0.0027045762255169556 1 0.0029299575776433684 1 0.0031553389297697817 1 0.0033807202818961946 1 0.0036061016340226074 1 0.0038314829861490203 1 0.0040568643382754331 1 0.0042822456904018464 1 0.0045076270425282589 1 0.0047330083946546721 1 0.0049583897467810854 1 0.0051837710989074979 1 0.0054091524510339111 1 0.0056345338031603244 1 0.0058599151552867369 1 0.0060852965074131501 1 0.0063106778595395634 1 0.0065360592116659759 1 0.0067614405637923891 1 0.0069868219159188016 1 0.0072122032680452149 1 0.0074375846201716281 1 0.0076629659722980406 1 0.007888347324424453 1 0.0081137286765508663 1 0.0083391100286772796 1 0.0085644913808036929 1 0.0087898727329301062 1 0.0090152540850565177 1 0.009240635437182931 1 0.0094660167893093443 1 0.0096913981414357576 1 0.0099167794935621709 4
7 0 0  3 47 45  0 0  7.772737738337128e-05 -1.3409906010458593e-07  0.00023315006562770388 -2.6173827792203264e-07  0.00046619350306285922 -2.2029878653223238e-07  0.00069915164180470635 -2.4191802471907958e-07  0.00093203085748375797 -2.4742773495824522e-07  0.0011648379243838474 -2.5777730367171098e-07  0.0013975798904191322 -2.6860928585926915e-07  0.0016302638669981712 -2.7672184268279666e-07  0.0018628968172958507 -2.9965286208365061e-07  0.0020954856013904993 -2.7089288273184561e-07  0.0023280362279843826 -4.394642929205598e-07  0.0025605562422855322 1.2358922445649517e-07  0.0027930480540749019 -1.3324588051627438e-07  0.0030254358731289436 -5.0506262172905436e-07  0.0032577432063642144 -4.2045350851547682e-08  0.0034899642782374356 -2.4121289420241169e-07  0.0037221078077713824 9.2440008323538119e-08  0.0039541502457236541 6.3155351597388095e-07  0.0041860926058287142 -3.9155580556883908e-07  0.0044179586659070158 7.7764077310708012e-08  0.0046497471278465364 -8.339574230116483e-07  0.0048814634596461015 2.6961784745432961e-08  0.0051131112996841673 -1.8834663530773852e-07  0.0053446950020764892 1.181215340992272e-06  0.0055762176656661087 -3.0857164386661311e-07  0.0058076821783016345 -8.6138568486347722e-07  0.0060390915650961269 -7.8825580104835341e-07  0.0062704488556170673 -8.9261497351907379e-07  0.0065017570939474136 -9.6204827583623535e-07  0.0067330192414964051 -1.0525102362283655e-06  0.0069642384950541541 -1.1650129937503946e-06  0.0071954170376993826 -1.1851119188057862e-06  0.0074265606633066054 -1.57726856612398e-06  0.0076576614874951333 -6.6946687146746859e-07  0.007888762833856592 4.3271908282739813e-06  0.0081198653696455247 2.0325527763743972e-05  0.0083509392926223898 4.1381922223055025e-05  0.0085819599330907419 6.446115863834777e-05  0.0088129120654394134 8.5413999620686888e-05  0.0090437370685664611 9.4161044862486822e-05  0.0092748304367180519 0.00010200021221735442  0.0095059808127735384 9.7602883348563342e-05  0.0097370530873353324 8.1872397229173659e-05  0.0099678916272352876 3.7745705898783998e-05  0.010121527865381516 3.3086296157136536e-05  0.010198256632426199 4.3935302018437073e-05 
 0 4 0.00022538135212641296 1 0.00045076270425282593 1 0.00067614405637923889 1 0.00090152540850565186 1 0.0011269067606320647 1 0.0013522881127584778 1 0.0015776694648848909 1 0.0018030508170113037 1 0.0020284321691377166 1 0.0022538135212641294 1 0.0024791948733905427 1 0.0027045762255169556 1 0.0029299575776433684 1 0.0031553389297697817 1 0.0033807202818961946 1 0.0036061016340226074 1 0.0038314829861490203 1 0.0040568643382754331 1 0.0042822456904018464 1 0.0045076270425282589 1 0.0047330083946546721 1 0.0049583897467810854 1 0.0051837710989074979 1 0.0054091524510339111 1 0.0056345338031603244 1 0.0058599151552867369 1 0.0060852965074131501 1 0.0063106778595395634 1 0.0065360592116659759 1 0.0067614405637923891 1 0.0069868219159188016 1 0.0072122032680452149 1 0.0074375846201716281 1 0.0076629659722980406 1 0.007888347324424453 1 0.0081137286765508663 1 0.0083391100286772796 1 0.0085644913808036929 1 0.0087898727329301062 1 0.0090152540850565177 1 0.009240635437182931 1 0.0094660167893093443 1 0.0096913981414357576 1 0.0099167794935621709 4
1 2.5763234695707933 0 0 -1 
1 5.7179161231605908 0 0 -1 
7 0 0  3 25 23  2.5763234695707933 -80.676223830017776  2.5847745678618965 -80.440722332864226  2.601707296877334 -79.965071826968398  2.6271900765141751 -79.238252480419646  2.6527486895389192 -78.498675611293109  2.6783750786150344 -77.746972371485811  2.7040610703447543 -76.983801449386931  2.7297983704175701 -76.209851523754253  2.7555785845190677 -75.425838137994688  2.7813932329825861 -74.632501863863055  2.807233767668619 -73.830605930061921  2.8330915886992911 -73.020933822645233  2.8589580615802941 -72.204286741246349  2.8848245344612975 -71.381480963618188  2.9106823554919705 -70.553345127272536  2.9365228901780021 -69.720717449451399  2.9623375386415223 -68.88444290540734  2.9881177527430167 -68.045370381017236  3.0138550528158343 -67.204349834873014  3.0395410445455529 -66.362229433098349  3.0651674336216677 -65.519852887776267  3.0907260466464117 -64.678056229006174  3.1162088262832537 -63.837666972849398  3.1331415552986899 -63.278885467261603  3.1415926535897931 -63 
 1.0055271427759001 4 1.0312211965949456 1 1.0569152504139909 1 1.0826093042330365 1 1.1083033580520818 1 1.1339974118711273 1 1.1596914656901727 1 1.1853855195092182 1 1.2110795733282638 1 1.2367736271473091 1 1.2624676809663546 1 1.2881617347854002 1 1.3138557886044455 1 1.3395498424234911 1 1.3652438962425364 1 1.3909379500615819 1 1.4166320038806273 1 1.4423260576996728 1 1.4680201115187184 1 1.4937141653377637 1 1.5194082191568092 1 1.5451022729758548 1 1.5707963267949001 4
1 9.4247779607693793 -85 -1 0 
1 1.5707963267948966 0 0 -1 
1 3.1415926535897931 -85 1 0 
1 1.5707963267948966 0 0 -1 
1 -3.1415926535897931 23 1 0 
1 6.2831853071795862 -85 0 1 
1 4.7123889803846897 3.5527136788005009e-15 0 1 
1 6.2831853071795862 -53 -1 0 
1 3.1415926535897931 -23 -1 0 
1 1.5707963267949157 20.612596038128384 0 -1 
1 3.1415926535897931 -84.187496312684047 0 -1 
1 6.2831853071795862 -7 -1 0 
1 0 23 0 1 
7 0 0  3 25 23  4.7123889803846799 44.662402700778493  4.7338149239541565 44.659596702581631  4.7772431639916482 44.653907561754515  4.8440210178818415 44.64519793086307  4.9123481203870352 44.636365018987448  4.9821126075387561 44.627471527233887  5.0531857828508775 44.618585774738094  5.1254203621279446 44.609781438163651  5.1986522381475195 44.601135710141683  5.2727020214415443 44.592727473258961  5.3473773447151292 44.584635153279066  5.4224756072745732 44.576934469242644  5.4977871437821282 44.569696176978681  5.5730986802896716 44.562983949048572  5.6481969428491334 44.556852519499351  5.7228722661227129 44.551346206380011  5.7969220494167333 44.546497895180345  5.8701539254363153 44.542328527278094  5.9423885047133806 44.538847103758556  6.0134616800255047 44.53605115090776  6.0832261671772256 44.533927656796884  6.1515532696824078 44.532454109944084  6.2183311235726313 44.531600586463192  6.2617593636101221 44.53141944668085  6.2831853071795871 44.531419872052936 
 4.7123889803846897 4 4.7837888134208217 1 4.8551886464569529 1 4.926588479493085 1 4.997988312529217 1 5.0693881455653491 1 5.1407879786014803 1 5.2121878116376124 1 5.2835876446737444 1 5.3549874777098765 1 5.4263873107460077 1 5.4977871437821397 1 5.5691869768182718 1 5.640586809854403 1 5.711986642890535 1 5.7833864759266671 1 5.8547863089627992 1 5.9261861419989312 1 5.9975859750350624 1 6.0689858080711945 1 6.1403856411073265 1 6.2117854741434577 1 6.2831853071795898 4
7 0 0  3 25 23  0 44.531419872052936  0.021425943569464128 44.531419446680836  0.064854183606956897 44.531600586463163  0.13163203749717983 44.532454109944098  0.19995914000235726 44.533927656796905  0.26972362715407838 44.53605115090776  0.34079680246620392 44.53884710375857  0.41303138174327075 44.542328527278073  0.48626325776285312 44.546497895180352  0.56031304105687185 44.551346206380025  0.63498836433045291 44.556852519499337  0.71008662688991453 44.562983949048586  0.78539816339746049 44.569696176978688  0.86070969990500423 44.576934469242651  0.93580796246446052 44.584635153279081  1.0104832857380404 44.592727473258975  1.0845330690320647 44.601135710141662  1.1577649450516441 44.609781438163644  1.229999524328705 44.618585774738101  1.3010726996408397 44.627471527233872  1.3708371867925448 44.636365018987455  1.4391642892977285 44.645197930863098  1.5059421431879529 44.653907561754522  1.5493703832254442 44.659596702581638  1.5707963267949061 44.662402700778493 
 -8.8817841970012504e-16 4 0.071399833036130969 1 0.14279966607226283 1 0.2141994991083947 1 0.28559933214452654 1 0.35699916518065838 1 0.42839899821679028 1 0.49979883125292213 1 0.57119866428905397 1 0.64259849732518581 1 0.71399833036131766 1 0.7853981633974495 1 0.85679799643358145 1 0.9281978294697133 1 0.99959766250584514 1 1.070997495541977 1 1.1423973285781088 1 1.2137971616142407 1 1.2851969946503725 1 1.3565968276865044 1 1.4279966607226362 1 1.499396493758768 1 1.5707963267949001 4
1 0 23 0 1 
7 0 0  3 25 23  1.5707963267949392 -0.17464377163410205  1.5922222703643998 -0.1737084389018059  1.635650510401895 -0.17181205862610402  1.7024283642921387 -0.16890884832897846  1.7707554667972665 -0.16596454437041003  1.8405199539490322 -0.16300004711921856  1.9115931292611172 -0.16003812962063318  1.9838277085381486 -0.15710335076246693  2.057059584557817 -0.15422144142184521  2.1311093678517743 -0.15141869579425513  2.205784691125376 -0.14872125580096043  2.2808829536848121 -0.14615436112215283  2.356194490192383 -0.14374159703415776  2.4315060266999229 -0.14150418772411302  2.5066042892593741 -0.13946037787439242  2.5812796125329323 -0.13762494016793669  2.6553293958269695 -0.13600883643472803  2.7285612718465293 -0.13461904713396189  2.8007958511236071 -0.13345857262745031  2.8718690264357192 -0.13252658834384151  2.941633513587445 -0.13181875697356227  3.0099606160926147 -0.13132757468930203  3.0767384699828408 -0.13104306686233974  3.1201667100203316 -0.13098268693489168  3.1415926535897931 -0.13098282872558542 
 1.5707963267949001 4 1.6421961598310315 1 1.7135959928671629 1 1.7849958259032941 1 1.8563956589394255 1 1.9277954919755569 1 1.9991953250116883 1 2.0705951580478197 1 2.1419949910839509 1 2.2133948241200825 1 2.2847946571562137 1 2.3561944901923448 1 2.4275943232284765 1 2.4989941562646076 1 2.5703939893007393 1 2.6417938223368704 1 2.7131936553730016 1 2.7845934884091332 1 2.8559933214452649 1 2.927393154481396 1 2.9987929875175272 1 3.0701928205536584 1 3.14159265358979 4
7 0 0  3 25 23  3.1415926535897931 -0.13098282872558542  3.163018597159255 -0.13098268693488813  3.2064468371967463 -0.13104306686233716  3.2732246910869693 -0.13132757468931661  3.3415517935921359 -0.13181875697354919  3.4113162807438631 -0.13252658834387929  3.4823894560559725 -0.13345857262744018  3.5546240353330583 -0.13461904713396469  3.6278559113526163 -0.13600883643472705  3.7019056946466535 -0.13762494016793769  3.7765810179202113 -0.13946037787438934  3.8516792804796669 -0.14150418772412446  3.9269908169872068 -0.14374159703415773  4.0023023534947582 -0.14615436112214147  4.0774006160542084 -0.14872125580096329  4.1520759393278057 -0.15141869579425482  4.2261257226217781 -0.15422144142184369  4.2993575986414108 -0.15710335076247342  4.3715921779184219 -0.1600381296206515  4.4426653532306117 -0.16300004711922414  4.5124298403823024 -0.16596454437041216  4.5807569428874535 -0.1689088483289643  4.6475347967776885 -0.1718120586261157  4.6909630368151856 -0.17370843890181656  4.712388980384647 -0.17464377163410205 
 3.14159265358979 4 3.2129924866259216 1 3.2843923196620537 1 3.3557921526981853 1 3.4271919857343174 1 3.498591818770449 1 3.5699916518065811 1 3.6413914848427127 1 3.7127913178788443 1 3.7841911509149764 1 3.855590983951108 1 3.9269908169872396 1 3.9983906500233717 1 4.0697904830595037 1 4.1411903160956349 1 4.212590149131767 1 4.2839899821678991 1 4.3553898152040311 1 4.4267896482401623 1 4.4981894812762944 1 4.5695893143124255 1 4.6409891473485576 1 4.7123889803846897 4
7 0 0  3 25 23  1.5707963267949001 1  1.571302661934884 1.0000000233083723  1.5723153397661453 1.0000000393621458  1.5738343772938517 1.0000000185808322  1.5753534337283668 1.0000001070268569  1.5768725071989693 1.0000000833712313  1.5783915958399068 1.0000000897532466  1.5799106977848527 1.0000000880867959  1.5814298111661362 1.0000000885770195  1.5829489341406358 1.0000000884894593  1.5844680648264451 1.0000000885568108  1.5859872014003202 1.0000000885827491  1.5875063419837045 1.0000000886198792  1.5890254847472309 1.0000000886541047  1.5905446278147244 1.0000000886892042  1.5920637693984201 1.000000088724164  1.5935829076025292 1.0000000887592564  1.5951020406159169 1.0000000887944078  1.5966211665954142 1.0000000888296385  1.5981402837109349 1.0000000888649432  1.5996593901273393 1.0000000889003229  1.6011784840317493 1.000000088935777  1.6026975635423011 1.0000000889713063  1.6037102724523515 1.0000000889950422  1.6042166239183258 1.0000000890069227 
 1.5707963267949001 4 1.5723154785004587 1 1.5738346302060173 1 1.5753537819115759 1 1.5768729336171345 1 1.5783920853226932 1 1.579911237028252 1 1.5814303887338106 1 1.5829495404393692 1 1.5844686921449278 1 1.5859878438504864 1 1.587506995556045 1 1.5890261472616036 1 1.5905452989671622 1 1.5920644506727208 1 1.5935836023782795 1 1.5951027540838381 1 1.5966219057893969 1 1.5981410574949555 1 1.5996602092005141 1 1.6011793609060727 1 1.6026985126116313 1 1.6042176643171899 4
7 0 0  3 25 23  5.5815264734222101 0  5.5919408248160396 -1.3192914605825966e-07  5.6128273903068502 -2.5512926840826022e-07  5.6443162219096674 -2.0670399359083433e-07  5.6759495542056566 -2.2098661391597033e-07  5.7077124772784185 -2.1876542402115051e-07  5.7395897246174998 -2.2098854032044929e-07  5.7715654264879621 -2.2311108513975322e-07  5.8036237784556999 -2.2240161047901301e-07  5.8357484158632928 -2.3437470460705953e-07  5.8679229948755589 -1.9975658586009113e-07  5.9001310598912351 -3.4018363401045119e-07  5.9323558900375115 1.7155771510286202e-07  5.9645807217640936 -3.4604752461790299e-07  5.9967887885627391 -2.1150921964796741e-07  6.0289633679233834 -2.5206316134747512e-07  6.0610880040567956 -2.4610773273883222e-07  6.0931463540184447 -2.5290683524766726e-07  6.125122056067287 -2.57105381524584e-07  6.1569993044893971 -2.609655246148087e-07  6.1887622275912131 -2.7091657619093209e-07  6.2203955588230464 -2.591187275254599e-07  6.2518843891542586 -3.3065310247422367e-07  6.272770955013474 -1.7235039958320235e-07  6.2831853071795898 0 
 5.5815264734222101 4 5.6134200567748183 1 5.6453136401274264 1 5.6772072234800346 1 5.7091008068326428 1 5.7409943901852509 1 5.7728879735378591 1 5.8047815568904673 1 5.8366751402430754 1 5.8685687235956836 1 5.9004623069482918 1 5.9323558903008999 1 5.9642494736535081 1 5.9961430570061163 1 6.0280366403587244 1 6.0599302237113326 1 6.0918238070639408 1 6.1237173904165489 1 6.1556109737691571 1 6.1875045571217653 1 6.2193981404743734 1 6.2512917238269816 1 6.2831853071795898 4
7 0 0  3 25 23  4.6789686832612798 1.0000000890069227  4.6794750347169174 1.0000000889950422  4.680487743631244 1.0000000889713063  4.6820068231845724 1.0000000889357772  4.6835259170354693 1.0000000889003229  4.6850450234990815 1.0000000888649432  4.6865641405769161 1.0000000888296388  4.6880832665623142 1.000000088794408  4.6896023995897833 1.0000000887592564  4.6911215377956541 1.0000000887241638  4.6926406793486963 1.0000000886892044  4.6941598224368013 1.0000000886541043  4.6956789651943049 1.0000000886198825  4.6971981057811663 1.0000000885827367  4.6987172423471577 1.0000000885568585  4.700236373041351 1.0000000884892815  4.7017554960098673 1.0000000885776834  4.7032746093952742 1.0000000880843176  4.7047937113411322 1.0000000897624952  4.7063127999802354 1.0000000833367144  4.7078318734513278 1.0000001071556752  4.7093509298857139 1.0000000181000748  4.7108699674134513 1.0000000394381423  4.7118826452447049 1.0000000234515583  4.7123889803846897 1 
 4.6789676428623999 4 4.6804867945679582 1 4.6820059462735175 1 4.6835250979790759 1 4.6850442496846343 1 4.6865634013901927 1 4.6880825530957519 1 4.6896017048013103 1 4.6911208565068687 1 4.6926400082124271 1 4.6941591599179864 1 4.6956783116235448 1 4.6971974633291032 1 4.6987166150346624 1 4.7002357667402208 1 4.7017549184457792 1 4.7032740701513376 1 4.7047932218568969 1 4.7063123735624552 1 4.7078315252680136 1 4.709350676973572 1 4.7108698286791313 1 4.7123889803846897 4
1 0 44.531419872052936 0 1 
1 6.2831853071795862 44.531419872052936 0 -1 
7 0 0  3 25 23  3.1415926535897931 -63  3.1718906247597118 -62.101665356947827  3.2352591331095324 -60.217036720833519  3.3393102578396281 -57.154841767452744  3.4530795869646584 -53.876467496484189  3.5771498396246786 -50.434423381745596  3.7119043265626859 -46.912897800062929  3.8574060762711531 -43.436278411633296  4.0132753331383206 -40.169385813677941  4.1785744304768135 -37.309535997888624  4.3517362374514539 -35.066316348613846  4.530572504515761 -33.629998607655992  4.7123889803846888 -33.135000696172021  4.8942054562536166 -33.629998607656013  5.0730417233179228 -35.066316348613853  5.2462035302925667 -37.309535997888624  5.4115026276310569 -40.169385813677934  5.5673718844982263 -43.436278411633303  5.7128736342066944 -46.912897800062929  5.847628121144699 -50.43442338174556  5.9716983738047213 -53.87646749648421  6.0854677029297513 -57.154841767452744  6.1895188276598487 -60.217036720833526  6.2528873360096675 -62.101665356947819  6.2831853071795871 -63 
 1.5707963267949001 4 1.7135959928671634 1 1.8563956589394264 1 1.9991953250116896 1 2.1419949910839526 1 2.2847946571562159 1 2.4275943232284791 1 2.5703939893007424 1 2.7131936553730052 1 2.8559933214452684 1 2.9987929875175316 1 3.1415926535897949 1 3.2843923196620581 1 3.4271919857343214 1 3.5699916518065846 1 3.7127913178788474 1 3.8555909839511107 1 3.9983906500233739 1 4.1411903160956367 1 4.2839899821678999 1 4.4267896482401632 1 4.5695893143124264 1 4.7123889803846897 4
1 3.1415926535897931 -3 1 0 
1 3.1415926535897931 20 -1 0 
1 4.7123889803847323 24.676254632015532 5.728511583642283e-16 1 
1 6.2831853071795862 -82.952192861938755 0 -1 
1 6.2831853071795862 -50 -1 0 
1 -3.1415926535897931 -20 1 0 
1 3.1415926535897931 -85 0 1 
1 1.570796326794871 44.531419872052901 5.728511583642285e-16 -1 
1 6.2831853071795862 -10 -1 0 
1 3.1415926535897931 -5.9480198544292762e-14 0 1 
7 0 0  3 25 23  4.7123889803846897 1  4.7077373805347245 1.0000001620873271  4.6984290664618458 1.0000003135114723  4.6844526714496322 1.0000002535976422  4.6704637759492087 1.000000271920261  4.6564637886796918 1.0000002644682564  4.6424541103234045 1.000000263337073  4.6284361329714478 1.0000002606231777  4.6144112422500454 1.000000258440584  4.6003808180846244 1.0000002562193422  4.586346235951309 1.0000002541087509  4.5723088687306337 1.0000002520659581  4.5582700872796504 1.0000002500982998  4.54423126234951 1.0000002482052908  4.5301937656291535 1.0000002463682793  4.5161589710806336 1.0000002446497906  4.5021282564062286 1.0000002428064743  4.4881030040430119 1.000000241737915  4.4740846033544166 1.0000002380784208  4.4600744490763766 1.0000002443810185  4.4460739523778425 1.0000002137896651  4.4320845061410017 1.0000003211663691  4.4181076198810363 0.99999991391046583  4.4087988214270801 1.000000003262884  4.4041469098690147 1.0000002327813804 
 1.5707963267949001 4 1.5848073255235877 1 1.5988183242522755 1 1.6128293229809634 1 1.626840321709651 1 1.6408513204383386 1 1.6548623191670264 1 1.6688733178957142 1 1.6828843166244019 1 1.6968953153530895 1 1.7109063140817773 1 1.7249173128104651 1 1.7389283115391527 1 1.7529393102678403 1 1.7669503089965282 1 1.780961307725216 1 1.7949723064539036 1 1.8089833051825912 1 1.822994303911279 1 1.8370053026399669 1 1.8510163013686545 1 1.8650273000973421 1 1.8790382988260299 4
7 0 0  3 25 23  1.8790383973105589 1.0000002327813804  1.8743864857530212 1.0000000032629506  1.8650776872989332 0.99999991391055842  1.8511008010364778 1.0000003211663446  1.8371113548098277 1.000000213789672  1.8231108581011637 1.0000002443810168  1.8091007038253561 1.0000002380784216  1.795082303137977 1.0000002417379146  1.7810570507676844 1.0000002428064745  1.7670263361204468 1.0000002446497906  1.7529915415609314 1.0000002463682796  1.7389540448292766 1.000000248205291  1.7249152199002209 1.0000002500982998  1.7108764384486186 1.0000002520659586  1.69683907122931 1.0000002541087512  1.6828044890911269 1.000000256219342  1.6687740649439298 1.000000258440584  1.6547491741542848 1.0000002606231777  1.6407311969052905 1.000000263337073  1.6267215184866468 1.0000002644682566  1.6127215312340757 1.0000002719202612  1.5987326357282379 1.000000253597642  1.5847562407207634 1.0000003135114726  1.5754479266468444 1.0000001620873271  1.5707963267949001 1 
 4.4041470083535597 4 4.4181580070822477 1 4.4321690058109349 1 4.4461800045396229 1 4.460191003268311 1 4.4742020019969981 1 4.4882130007256862 1 4.5022239994543733 1 4.5162349981830614 1 4.5302459969117495 1 4.5442569956404366 1 4.5582679943691247 1 4.5722789930978127 1 4.5862899918264999 1 4.6003009905551879 1 4.614311989283876 1 4.6283229880125631 1 4.6423339867412512 1 4.6563449854699384 1 4.6703559841986264 1 4.6843669829273145 1 4.6983779816560016 1 4.7123889803846897 4
1 3.1415926535897931 -0.13098282872558542 0 -1 
7 0 0  3 25 23  5.7179161231605908 -80.676223830017776  5.7210099502157163 -80.719331135224436  5.7271990743527343 -80.805820087149172  5.7364867723274102 -80.936360578458618  5.7457780841348924 -81.067692262903023  5.7550726105270504 -81.199798952309635  5.7643699515253619 -81.332664258424188  5.773669706395288 -81.466271569838611  5.7829714737839444 -81.600604066862033  5.792274851814506 -81.735644726412929  5.801579438192678 -81.871376329765553  5.8108848303103109 -82.007781469703858  5.8201906253500075 -82.144842557998544  5.8294964203897068 -82.282541832952845  5.8388018125073362 -82.420861367077805  5.8481063988855118 -82.559783074869742  5.8574097769160698 -82.699288720694597  5.866711544304728 -82.839359926746184  5.8760112991746531 -82.979978181161812  5.8853086401729673 -83.121124845950689  5.8946031665651262 -83.262781165987008  5.9038944783726084 -83.404928274355186  5.9131821763472878 -83.547547211607352  5.919371300484304 -83.642928332770452  5.9224651275394304 -83.690691175985236 
 4.1471197963656898 4 4.1564174783829095 1 4.1657151604001301 1 4.1750128424173498 1 4.1843105244345695 1 4.1936082064517901 1 4.2029058884690098 1 4.2122035704862304 1 4.2215012525034501 1 4.2307989345206698 1 4.2400966165378904 1 4.2493942985551101 1 4.2586919805723298 1 4.2679896625895504 1 4.2772873446067701 1 4.2865850266239898 1 4.2958827086412104 1 4.3051803906584301 1 4.3144780726756506 1 4.3237757546928703 1 4.33307343671009 1 4.3423711187273106 1 4.3516688007445303 4
1 0.73781506012046105 30 0 1 
7 0 0  3 25 23  5.9850095479760617 -83.690691175985236  5.980668327939485 -83.622221774752703  5.9719818152376813 -83.485492881566501  5.9589409247431151 -83.281083316380119  5.945890007204313 -83.077411651875479  5.9328301641814489 -82.87453173647765  5.9197625012336426 -82.672497177171635  5.9066881280630854 -82.471361270517306  5.8936081577662174 -82.271176962117764  5.8805237063184483 -82.071996798832757  5.8674358919914313 -81.873872883412147  5.8543458347844899 -81.676856829063368  5.841254655849248 -81.480999714723794  5.8281634769140096 -81.286352040933991  5.8150734197070664 -81.09296368644614  5.8019856053800503 -80.900883865613309  5.7889011539322812 -80.710161086713541  5.7758211836354132 -80.520843111003288  5.7627468104648534 -80.3329769136148  5.749679147517047 -80.146608642474646  5.7366193044941856 -79.961783589835449  5.7235683869553826 -79.778546122274165  5.7105274964608137 -79.596939771531893  5.7018409837590127 -79.476984411312813  5.6974997637224352 -79.417292712259226 
 1.86897208599842 4 1.8820407125554033 1 1.8951093391123863 1 1.9081779656693696 1 1.9212465922263526 1 1.9343152187833359 1 1.9473838453403192 1 1.9604524718973022 1 1.9735210984542855 1 1.9865897250112685 1 1.9996583515682518 1 2.0127269781252348 1 2.0257956046822181 1 2.0388642312392014 1 2.0519328577961846 1 2.0650014843531674 1 2.0780701109101507 1 2.091138737467134 1 2.1042073640241172 1 2.1172759905811005 1 2.1303446171380838 1 2.1434132436950666 1 2.1564818702520498 4
7 0 0  3 25 23  3.7272781970469442 -79.417292712259226  3.7229369770103671 -79.476984411312799  3.7142504643085656 -79.596939771531908  3.701209573813995 -79.778546122274136  3.6881586562751951 -79.961783589835449  3.6750988132523306 -80.146608642474632  3.6620311503045264 -80.332976913614814  3.6489567771339653 -80.520843111003273  3.6358768068370981 -80.710161086713541  3.6227923553893291 -80.900883865613295  3.6097045410623121 -81.092963686446126  3.5966144838553711 -81.286352040933977  3.58352330492013 -81.480999714723808  3.5704321259848881 -81.676856829063354  3.5573420687779489 -81.873872883412147  3.5442542544509292 -82.071996798832743  3.531169803003162 -82.271176962117764  3.5180898327062944 -82.471361270517306  3.5050154595357355 -82.672497177171635  3.4919477965879291 -82.874531736477664  3.4788879535650659 -83.077411651875479  3.4658370360262638 -83.281083316380105  3.4527961455316958 -83.485492881566515  3.4441096328298944 -83.622221774752717  3.4397684127933172 -83.690691175985251 
 4.1267034369275404 4 4.1397720634845232 1 4.1528406900415069 1 4.1659093165984897 1 4.1789779431554734 1 4.1920465697124563 1 4.2051151962694391 1 4.2181838228264228 1 4.2312524493834056 1 4.2443210759403893 1 4.2573897024973721 1 4.270458329054355 1 4.2835269556113387 1 4.2965955821683215 1 4.3096642087253052 1 4.322732835282288 1 4.3358014618392717 1 4.3488700883962546 1 4.3619387149532374 1 4.3750073415102211 1 4.3880759680672039 1 4.4011445946241876 1 4.4142132211811704 4
1 0.73781506012046105 30 0 1 
7 0 0  3 25 23  3.5023128332299494 -83.690691175985251  3.5054066602850749 -83.642928332770452  3.5115957844220929 -83.547547211607366  3.5208834823967692 -83.404928274355171  3.5301747942042541 -83.262781165987036  3.5394693205964107 -83.121124845950661  3.5487666615947231 -82.979978181161869  3.5580664164646505 -82.839359926746184  3.5673681838533056 -82.699288720694611  3.5766715618838663 -82.55978307486977  3.5859761482620409 -82.420861367077805  3.5952815403796716 -82.282541832952845  3.6045873354193692 -82.144842557998544  3.6138931304590658 -82.007781469703872  3.6231985225766983 -81.871376329765525  3.6325031089548721 -81.735644726412914  3.6418064869854319 -81.600604066862047  3.6511082543740851 -81.466271569838611  3.6604080092440161 -81.332664258424188  3.6697053502423254 -81.199798952309649  3.6789998766344838 -81.067692262902995  3.6882911884419682 -80.936360578458647  3.697578886416645 -80.805820087149158  3.7037680105536626 -80.719331135224451  3.7068618376087885 -80.676223830017776 
 1.9315165064350499 4 1.9408141884522703 1 1.9501118704694909 1 1.9594095524867112 1 1.9687072345039318 1 1.9780049165211522 1 1.9873025985383725 1 1.9966002805555931 1 2.0058979625728135 1 2.0151956445900341 1 2.0244933266072547 1 2.0337910086244748 1 2.0430886906416954 1 2.052386372658916 1 2.0616840546761361 1 2.0709817366933567 1 2.0802794187105773 1 2.0895771007277975 1 2.098874782745018 1 2.1081724647622386 1 2.1174701467794592 1 2.1267678287966794 1 2.1360655108138999 4
7 0 0  3 25 23  3.2382024665784161 -85  3.2416515736117901 -85  3.2485262336065635 -84.998034122806132  3.2587693942748284 -84.98925142464752  3.2689456029848465 -84.97469789830842  3.2790565814446189 -84.954439030569333  3.2891043916279314 -84.928531272863495  3.2990896435644479 -84.897064785420966  3.3090425249802653 -84.859780121318209  3.3189242646467974 -84.816886939256719  3.3287054385930155 -84.768534665068714  3.3383550522547076 -84.714893182460315  3.3478386334583954 -84.656110776510673  3.3571369588373376 -84.592401668933505  3.36626286215294 -84.523809538442606  3.3752135185924921 -84.450314228363467  3.3839905692557188 -84.371909826286057  3.3925929525447667 -84.288597278131022  3.4010254531132849 -84.200335852231376  3.409250064165966 -84.107390390040749  3.417255070039682 -84.009887279935853  3.4250264664526542 -83.907960298254821  3.4325507552772714 -83.801741241057528  3.4373930335474281 -83.728155372056236  3.4397684127933172 -83.690691175985251 
 0 4 0.00015292456271595727 1 0.00030584912543191455 1 0.0004587736881478718 1 0.0006116982508638291 1 0.0007646228135797864 1 0.00091754737629574359 1 0.001070471939011701 1 0.0012233965017276582 1 0.0013763210644436154 1 0.0015292456271595728 1 0.00168217018987553 1 0.0018350947525914872 1 0.0019880193153074444 1 0.002140943878023402 1 0.0022938684407393592 1 0.0024467930034553164 1 0.0025997175661712736 1 0.0027526421288872308 1 0.0029055666916031884 1 0.0030584912543191456 1 0.0032114158170351028 1 0.00336434037975106 4
7 0 0  3 25 23  1.5707963267948966 20.069946490803702  1.5579225120183235 20.074936987667375  1.5322756101310706 20.085415765504791  1.4940485589359969 20.102598842719782  1.4560054823448365 20.121218521039051  1.4180886131707773 20.141246027299477  1.3802395431503998 20.162654311055014  1.3424091083827592 20.185409894800191  1.3044236031608796 20.209591019433624  1.2663802834472593 20.235038426371627  1.2283418332186353 20.261625800711791  1.1903780886971438 20.289218628609067  1.1525680579145849 20.31768224830779  1.1149421983360079 20.346890788637293  1.0774073286452346 20.376782872398621  1.0399170352452647 20.40728720438527  1.0024102611934158 20.438336583280428  0.9648354911582665 20.469857350215882  0.92711839686511255 20.501797582639515  0.88935507835739158 20.533951107412292  0.85154116110199374 20.566183267730501  0.81368029783057105 20.598355395894561  0.77577375206003785 20.630329899290398  0.75047283168672907 20.651422563668699  0.73781506012046105 20.6618900114929 
 0 4 0.00015292456271595727 1 0.00030584912543191455 1 0.0004587736881478718 1 0.0006116982508638291 1 0.0007646228135797864 1 0.00091754737629574359 1 0.001070471939011701 1 0.0012233965017276582 1 0.0013763210644436154 1 0.0015292456271595728 1 0.00168217018987553 1 0.0018350947525914872 1 0.0019880193153074444 1 0.002140943878023402 1 0.0022938684407393592 1 0.0024467930034553164 1 0.0025997175661712736 1 0.0027526421288872308 1 0.0029055666916031884 1 0.0030584912543191456 1 0.0032114158170351028 1 0.00336434037975106 4
7 0 0  3 25 23  3.7272781970469442 -9.0637153338655025  3.7185304812696049 -9.0688077197416135  3.7010011341352587 -9.079101116001576  3.6746141202466358 -9.0948533728617633  3.6481427971101152 -9.1109044033608697  3.6215960923093342 -9.1272396908918001  3.5949830718479823 -9.1438440280513742  3.5683129460166039 -9.1607014541901162  3.5415950445547351 -9.1777953326779418  3.5148387992140822 -9.1951083962694344  3.4880537236319187 -9.2126228061344637  3.4612493933450796 -9.2303202118671628  3.4344354253183709 -9.2481818153453386  3.4076214572916625 -9.2661884370927918  3.3808171270048226 -9.2843205848915122  3.35403205142266 -9.3025585240702764  3.327275806082004 -9.3208823489290218  3.3005579046201388 -9.3392720548544865  3.2738877787887581 -9.3577076102010448  3.2472747583274058 -9.3761690288245738  3.2207280535266243 -9.3946364374072928  3.1942567303901028 -9.4130901569584982  3.1678697165014786 -9.4315107237492413  3.1503403693671328 -9.443756325471993  3.1415926535897931 -9.4498672421872953 
 4.1267034369275404 4 4.1533255070846833 1 4.1799475772418271 1 4.20656964739897 1 4.2331917175561129 1 4.2598137877132558 1 4.2864358578703996 1 4.3130579280275425 1 4.3396799981846854 1 4.3663020683418283 1 4.3929241384989721 1 4.419546208656115 1 4.4461682788132579 1 4.4727903489704017 1 4.4994124191275446 1 4.5260344892846875 1 4.5526565594418305 1 4.5792786295989742 1 4.6059006997561172 1 4.6325227699132601 1 4.6591448400704039 1 4.6857669102275468 1 4.7123889803846897 4
7 0 0  3 25 23  4.1267032465726423 1.1749814244910323e-08  4.1354505290834789 8.5590132002857072e-08  4.1529792825364185 5.8332347794390855e-07  4.179365930833784 1.8667486012130265e-06  4.2058370490709267 3.0997664215236832e-06  4.2323835925778592 3.9537923629530817e-06  4.2589964819562267 4.2509363353068915e-06  4.2856665747353819 3.9673617217952655e-06  4.3123846289922891 3.2011055568643662e-06  4.3391412802099047 2.1441430685876362e-06  4.3659269663907221 1.0515108017283252e-06  4.3927320423574558 2.0166263230448999e-07  4.4195461869670867 -1.1696517840472701e-07  4.4463604727864237 2.7545876407050487e-07  4.4731655326005324 8.5841880787736238e-07  4.4999511977108098 1.3436715617596901e-06  4.5267078127841724 1.5775706801916349e-06  4.5534258392489724 1.5290689189511519e-06  4.5800959171142317 1.2516919674670686e-06  4.6067088042964448 8.5028875920898264e-07  4.6332553499600095 4.4705893493533929e-07  4.6597264591890291 1.4472414389225832e-07  4.6861130654635694 7.2700253241373169e-09  4.7036417484296082 -8.2652635961740328e-09  4.7123889803846897 0 
 4.1267034369275404 4 4.1533255070846833 1 4.1799475772418271 1 4.20656964739897 1 4.2331917175561129 1 4.2598137877132558 1 4.2864358578703996 1 4.3130579280275425 1 4.3396799981846854 1 4.3663020683418283 1 4.3929241384989721 1 4.419546208656115 1 4.4461682788132579 1 4.4727903489704017 1 4.4994124191275446 1 4.5260344892846875 1 4.5526565594418305 1 4.5792786295989742 1 4.6059006997561172 1 4.6325227699132601 1 4.6591448400704039 1 4.6857669102275468 1 4.7123889803846897 4
7 0 0  3 25 23  5.9850095479760617 -83.690691175985236  5.9873860326378727 -83.728172800999971  5.9922155319612846 -83.801598859347067  5.9996872678164657 -83.907173769671004  6.0073844188097745 -84.008231818864573  6.0153048033185055 -84.104820609238644  6.0234471265436742 -84.196986679909571  6.0318071430168789 -84.284780536527649  6.0404206396437505 -84.368372769717013  6.0492533851328369 -84.447459881683969  6.0582806665433671 -84.521806970211273  6.067475206288818 -84.591170148882881  6.0768109660999361 -84.655272872501044  6.0862601484299841 -84.713978215193862  6.0958226192167126 -84.767378153074716  6.1054999416765749 -84.815422971385686  6.1152935190839823 -84.858102864559768  6.1252040947070805 -84.895390081137919  6.135235604073447 -84.92728874403835  6.1453764388088272 -84.953580538924228  6.1556024599474863 -84.974187153701195  6.1658923462989144 -84.989018441749351  6.1762240467863707 -84.997987428589681  6.1831252118440965 -84.999999999999972  6.1865754941909632 -85 
 2.1684043449710098e-19 4 0.0001530040288577152 1 0.00030600805771543017 1 0.00045901208657314515 1 0.00061201611543086013 1 0.00076502014428857516 1 0.00091802417314629009 1 0.001071028202004005 1 0.00122403223086172 1 0.0013770362597194351 1 0.0015300402885771501 1 0.0016830443174348649 1 0.00183604834629258 1 0.0019890523751502952 1 0.00214205640400801 1 0.0022950604328657253 1 0.0024480644617234401 1 0.0026010684905811549 1 0.0027540725194388702 1 0.002907076548296585 1 0.0030600805771543002 1 0.003213084606012015 1 0.0033660886348697299 4
7 0 0  3 25 23  0.73781506012045917 -20.6618900114929  0.75047879549790086 -20.651417694044412  0.77571899176767234 -20.630377600524554  0.81337690967571008 -20.598616345325485  0.85089222025357703 -20.566739066269211  0.88832356494065923 -20.534831449023322  0.92573105039245818 -20.502976970720727  0.96316417265880727 -20.471267348027375  1.0008102144572613 -20.439678385450357  1.0385790557753323 -20.408400427391982  1.076417303966301 -20.377595073685054  1.1142620998611097 -20.347430074395632  1.1520526614642916 -20.318077323226174  1.1897373369736779 -20.289685989100267  1.2273762731690994 -20.262286310257537  1.2650232749804358 -20.235932025116064  1.3027358302170877 -20.210670014559319  1.3405678719434875 -20.18655108943069  1.3785857950930906 -20.163617198268632  1.4167902034539217 -20.141973775928477  1.4551424855201396 -20.121687872688298  1.4936135795398258 -20.102829653686648  1.5321724589442669 -20.085468449151104  1.5579182611990929 -20.074938692445642  1.5707963267948966 -20.069946490803702 
 2.1684043449710098e-19 4 0.0001530040288577152 1 0.00030600805771543017 1 0.00045901208657314515 1 0.00061201611543086013 1 0.00076502014428857516 1 0.00091802417314629009 1 0.001071028202004005 1 0.00122403223086172 1 0.0013770362597194351 1 0.0015300402885771501 1 0.0016830443174348649 1 0.00183604834629258 1 0.0019890523751502952 1 0.00214205640400801 1 0.0022950604328657253 1 0.0024480644617234401 1 0.0026010684905811549 1 0.0027540725194388702 1 0.002907076548296585 1 0.0030600805771543002 1 0.003213084606012015 1 0.0033660886348697299 4
7 0 0  3 25 23  6.2831853071795862 -9.4498672421872953  6.2744375914022488 -9.4437563254720143  6.2569082442678994 -9.4315107237492661  6.2305212303792752 -9.4130901569584662  6.2040499072427533 -9.394636437407307  6.1775032024419749 -9.3761690288245436  6.1508901819806212 -9.357707610201059  6.1242200561492393 -9.3392720548544634  6.0975021546873744 -9.3208823489290076  6.0707459093467184 -9.3025585240702817  6.0439608337645563 -9.2843205848914998  6.0171565034777181 -9.2661884370927456  5.9903425354510063 -9.248181815345351  5.9635285674242988 -9.2303202118671468  5.9367242371374607 -9.2126228061344939  5.9099391615552967 -9.1951083962694202  5.8831829162146461 -9.1777953326779578  5.8564650147527741 -9.1607014541900718  5.8297948889213984 -9.1438440280513635  5.8031818684600447 -9.127239690891793  5.7766351636592637 -9.1109044033608235  5.7501638405227444 -9.0948533728617758  5.7237768266341202 -9.0791011160015724  5.7062474794997753 -9.0688077197416099  5.6974997637224352 -9.0637153338655025 
 1.5707963267949001 4 1.5974183969520432 1 1.6240404671091864 1 1.6506625372663297 1 1.6772846074234729 1 1.703906677580616 1 1.7305287477377591 1 1.7571508178949022 1 1.7837728880520456 1 1.8103949582091887 1 1.8370170283663319 1 1.863639098523475 1 1.8902611686806181 1 1.9168832388377615 1 1.9435053089949044 1 1.9701273791520477 1 1.9967494493091908 1 2.023371519466334 1 2.0499935896234773 1 2.0766156597806202 1 2.1032377299377636 1 2.1298598000949065 1 2.1564818702520498 4
7 0 0  3 25 23  1.5707963267949001 0  1.5795435587499773 -8.265314798860735e-09  1.5970722417160077 7.2699421719098998e-09  1.6234588479905478 1.4472411736982935e-07  1.6499299572195678 4.4705885218245582e-07  1.6764765028831385 8.5028867705443673e-07  1.7030893900653585 1.2516918730214086e-06  1.7297594679306254 1.5290688736567084e-06  1.7564774943954302 1.5775706089541018e-06  1.7832341094687998 1.3436715301785831e-06  1.8100197745790751 8.5841879451631836e-07  1.8368248343931795 2.7545876449590684e-07  1.8636391202125 -1.1696518022614368e-07  1.890453264822114 2.0166266796609659e-07  1.9172583407888419 1.0515107735495417e-06  1.9440440269696562 2.1441430014644777e-06  1.9708006781872764 3.20110545092783e-06  1.9975187324441894 3.9673615962549759e-06  2.0241888252233537 4.2509361323962162e-06  2.0508017146017283 3.9537921754670822e-06  2.0773482581086662 3.0997662248669868e-06  2.1038193763458133 1.8667484304827961e-06  2.1302060246431753 5.8332334225169718e-07  2.1477347780961091 8.5590079065710178e-08  2.1564820606069435 1.1749825818772244e-08 
 1.5707963267949001 4 1.5974183969520432 1 1.6240404671091864 1 1.6506625372663297 1 1.6772846074234729 1 1.703906677580616 1 1.7305287477377591 1 1.7571508178949022 1 1.7837728880520456 1 1.8103949582091887 1 1.8370170283663319 1 1.863639098523475 1 1.8902611686806181 1 1.9168832388377615 1 1.9435053089949044 1 1.9701273791520477 1 1.9967494493091908 1 2.023371519466334 1 2.0499935896234773 1 2.0766156597806202 1 2.1032377299377636 1 2.1298598000949065 1 2.1564818702520498 4
7 0 0  3 25 23  3.1415926535897931 -8.4876666151528042  3.1500437518808972 -8.481024941081472  3.1669764808963339 -8.4677175261284852  3.1924592605331736 -8.4477036057644348  3.218017873557919 -8.4276561680231517  3.2436442626340338 -8.4075949202488367  3.2693302543637541 -8.3875397725485019  3.2950675544365677 -8.3675108179756972  3.3208477685380666 -8.3475282556574193  3.3466624170015833 -8.3276123274083567  3.3725029516876179 -8.307783249496282  3.3983607727182878 -8.2880611450574477  3.424227245599293 -8.2684659762855315  3.4500937184802947 -8.2490174772324263  3.4759515395109681 -8.2297350876016093  3.501792074197001 -8.2106378880102007  3.5276067226605163 -8.1917445372253646  3.5533869367620166 -8.1730732115843701  3.5791242368348293 -8.1546415478477634  3.6048102285645496 -8.1364665867245556  3.6304366176406653 -8.1185647291405516  3.6559952306654084 -8.1009516617990425  3.6814780103022495 -8.0836424156202558  3.6984107393176853 -8.0723147703935378  3.7068618376087885 -8.0667062881633029 
 1.5707963267949001 4 1.5964903806139457 1 1.622184434432991 1 1.6478784882520365 1 1.6735725420710819 1 1.6992665958901274 1 1.7249606497091727 1 1.7506547035282183 1 1.7763487573472636 1 1.8020428111663092 1 1.8277368649853547 1 1.8534309188044 1 1.8791249726234454 1 1.9048190264424909 1 1.9305130802615365 1 1.9562071340805818 1 1.9819011878996273 1 2.0075952417186729 1 2.0332892955377182 1 2.0589833493567635 1 2.0846774031758093 1 2.1103714569948546 1 2.1360655108138999 4
7 0 0  3 25 23  4.7123889803846897 0  4.7039382877380325 -2.614480511186925e-09  4.6870061153940883 2.2969372812409223e-09  4.6615236770475619 4.5662134004867116e-08  4.6359652432685765 1.4095104326761204e-07  4.6103389876862995 2.6786882637616813e-07  4.584653107740345 3.9402357151613668e-07  4.5589158477771177 4.8102597167882037e-07  4.5331355286760795 4.9604206883216183e-07  4.5073205701277077 4.2237497347719108e-07  4.4814795413500521 2.6982160897414382e-07  4.4556211092131885 8.6605278257558714e-08  4.4297543702152948 -3.6771177122064911e-08  4.4038877494589199 6.3394031390921691e-08  4.3780293037552012 3.3075647357716486e-07  4.3521882574196251 6.7477195154304117e-07  4.326373268873283 1.0078575771237702e-06  4.300592926968771 1.2496628795431878e-06  4.2748556551415744 1.3396029406679417e-06  4.2491697740276324 1.2466104207561435e-06  4.2235435207900123 9.7793980489089397e-07  4.1979850796199178 5.8939754012747559e-07  4.1725026055277592 1.8434420539399902e-07  4.1555703730263929 2.7102273064486528e-08  4.147119637221242 3.7089674372769682e-09 
 1.5707963267949001 4 1.5964903806139457 1 1.622184434432991 1 1.6478784882520365 1 1.6735725420710819 1 1.6992665958901274 1 1.7249606497091727 1 1.7506547035282183 1 1.7763487573472636 1 1.8020428111663092 1 1.8277368649853547 1 1.8534309188044 1 1.8791249726234454 1 1.9048190264424909 1 1.9305130802615365 1 1.9562071340805818 1 1.9819011878996273 1 2.0075952417186729 1 2.0332892955377182 1 2.0589833493567635 1 2.0846774031758093 1 2.1103714569948546 1 2.1360655108138999 4
7 0 0  3 25 23  3.5023128332299494 -83.690691175985251  3.4998824354297358 -83.728211815409452  3.494945880345953 -83.801694799199566  3.4873162359059813 -83.907300721045402  3.4794642131071072 -84.008344345854184  3.4713923615360001 -84.104882191294323  3.4631023102123111 -84.196969806102743  3.4545987553644162 -84.284666353876517  3.4458459971354087 -84.368152531413941  3.4368771677802141 -84.447137009660935  3.4277160150653159 -84.521397294063505  3.4183890830346453 -84.590699510126854  3.4089206050355809 -84.654786468619349  3.3993406174631509 -84.713505619197221  3.3896524386106641 -84.76692133792865  3.3798536164656143 -84.814991332009228  3.3699430297747157 -84.857703728318427  3.3599196124290218 -84.895031643872912  3.3497803602166911 -84.926977815456155  3.3395268678482215 -84.953344305875063  3.3291854455886942 -84.974034105165572  3.3187781433783936 -84.988943664433705  3.3083281267174769 -84.997971187488019  3.3013481543243945 -85  3.2978586586066374 -85 
 4.2102796594050698e-18 4 0.00015473078297613719 1 0.00030946156595227021 1 0.0004641923489284032 1 0.00061892313190453619 1 0.00077365391488066918 1 0.00092838469785680216 1 0.001083115480832935 1 0.001237846263809068 1 0.001392577046785201 1 0.001547307829761334 1 0.001702038612737467 1 0.0018567693957136 1 0.0020115001786897334 1 0.0021662309616658662 1 0.002320961744641999 1 0.0024756925276181322 1 0.0026304233105942654 1 0.0027851540935703981 1 0.0029398848765465309 1 0.0030946156595226641 1 0.0032493464424987973 1 0.0034040772254749301 4
7 0 0  3 25 23  0.73781506012046105 23.965356796043  0.75049196945585728 23.952489765095841  0.77575213689973055 23.926602365492382  0.81342248947831353 23.887399534491447  0.85093436757706964 23.847913011765353  0.8883479037548575 23.808231682998418  0.92572463692932305 23.768441292281043  0.96311510058108341 23.728639304265702  1.0007068226625868 23.688767939034022  1.038416907722195 23.649043119594296  1.0761985979829436 23.609643999956294  1.1139947769358838 23.570759273867413  1.1517548980758225 23.532576245123064  1.1894202070723245 23.495278237588934  1.227037676498292 23.458907933565822  1.2646652716662017 23.423512919988138  1.3023597221516581 23.389138937278709  1.3401766522578475 23.35583420727329  1.3781793396665665 23.323638872667427  1.4164069270199655 23.292638874098273  1.4548133221840172 23.262931062265508  1.4933676506337963 23.234608249269058  1.5320358205432185 23.207764329720096  1.557870347610304 23.190916714429704  1.5707963267948966 23.182770603959401 
 4.2102796594050698e-18 4 0.00015473078297613719 1 0.00030946156595227021 1 0.0004641923489284032 1 0.00061892313190453619 1 0.00077365391488066918 1 0.00092838469785680216 1 0.001083115480832935 1 0.001237846263809068 1 0.001392577046785201 1 0.001547307829761334 1 0.001702038612737467 1 0.0018567693957136 1 0.0020115001786897334 1 0.0021662309616658662 1 0.002320961744641999 1 0.0024756925276181322 1 0.0026304233105942654 1 0.0027851540935703981 1 0.0029398848765465309 1 0.0030946156595226641 1 0.0032493464424987973 1 0.0034040772254749301 4
7 0 0  3 25 23  5.7179161231605908 -8.0667062881633029  5.7263672214516941 -8.0723147703935485  5.7432999504671312 -8.0836424156202735  5.7687827301039727 -8.1009516617990514  5.794341343128715 -8.1185647291405818  5.8199677322048302 -8.1364665867245929  5.8456537239345492 -8.1546415478477545  5.871391024007365 -8.1730732115843701  5.8971712381088617 -8.1917445372253717  5.9229858865723788 -8.2106378880101847  5.9488264212584125 -8.2297350876015845  5.9746842422890847 -8.2490174772324583  6.0005507151700872 -8.2684659762855244  6.0264171880510897 -8.288061145057446  6.0522750090817636 -8.3077832494963069  6.0781155437677929 -8.3276123274083531  6.1039301922313163 -8.3475282556574122  6.1297104063328076 -8.3675108179757238  6.1554477064056261 -8.3875397725484948  6.1811336981353469 -8.4075949202488438  6.2067600872114603 -8.427656168023141  6.2323187002362062 -8.4477036057644685  6.2578014798730459 -8.4677175261284567  6.2747342088884821 -8.4810249410814524  6.2831853071795871 -8.4876666151528042 
 4.1471197963656898 4 4.1728138501847356 1 4.1985079040037805 1 4.2242019578228263 1 4.249896011641872 1 4.2755900654609169 1 4.3012841192799627 1 4.3269781730990076 1 4.3526722269180533 1 4.3783662807370991 1 4.404060334556144 1 4.4297543883751898 1 4.4554484421942355 1 4.4811424960132804 1 4.5068365498323262 1 4.5325306036513719 1 4.5582246574704168 1 4.5839187112894626 1 4.6096127651085075 1 4.6353068189275533 1 4.661000872746599 1 4.6866949265656439 1 4.7123889803846897 4
7 0 0  3 25 23  2.1360656699583491 3.7089685507707928e-09  2.1276149341531996 2.7102284853735639e-08  2.110682701651835 1.8434423557639227e-07  2.0852002275596826 5.8939758905037269e-07  2.0596417863895815 9.7793987987259377e-07  2.0340155331519574 1.2466104887868008e-06  2.0083296520380065 1.3396030289859379e-06  1.9825923802108065 1.249662956068162e-06  1.9568120383062872 1.0078576436133909e-06  1.9309970497599427 6.747720114441955e-07  1.9051560034243697 3.3075651043759408e-07  1.8792975577206532 6.3394062732184298e-08  1.8534309369642918 -3.6771230583844835e-08  1.8275641979664092 8.6605476453563544e-08  1.8017057658295497 2.6982249074944146e-07  1.7758647370518903 4.2237680726847113e-07  1.7500497785035141 4.9604494803437502e-07  1.7242694594024668 4.8102980114915883e-07  1.6985321994392359 3.9402819474834556e-07  1.6728463194932712 2.6787383796787302e-07  1.6472200639109977 1.4095596612331891e-07  1.6216616301320064 4.5666306245890612e-08  1.5961791917854953 2.2995748901912022e-09  1.5792470194415558 -2.6134832845864378e-09  1.5707963267949001 0 
 4.1471197963656898 4 4.1728138501847356 1 4.1985079040037805 1 4.2242019578228263 1 4.249896011641872 1 4.2755900654609169 1 4.3012841192799627 1 4.3269781730990076 1 4.3526722269180533 1 4.3783662807370991 1 4.404060334556144 1 4.4297543883751898 1 4.4554484421942355 1 4.4811424960132804 1 4.5068365498323262 1 4.5325306036513719 1 4.5582246574704168 1 4.5839187112894626 1 4.6096127651085075 1 4.6353068189275533 1 4.661000872746599 1 4.6866949265656439 1 4.7123889803846897 4
7 0 0  3 25 23  6.1269193021627419 -85  6.1234310743721885 -85  6.1164784510857722 -84.998020013472512  6.1061190234633962 -84.989184214994125  6.0958270651525277 -84.974556028008166  6.0856007076236569 -84.954211370199104  6.0754376971201713 -84.928216919947474  6.0653374052984281 -84.896673825344976  6.0552684522656097 -84.859333674973428  6.0452688308140274 -84.816401741528779  6.0353671202598917 -84.768025300474605  6.0255936933076724 -84.714372464906518  6.0159815749020744 -84.655585994624175  6.006551619501308 -84.591889224979042  5.9972933451757688 -84.523338544002996  5.9882088341902122 -84.449911549577649  5.9792965917882928 -84.37160494397591  5.970557375507739 -84.288417802055505  5.9619870204778822 -84.200320603943979  5.9536155334260261 -84.107474849000354  5.9454575077393432 -84.010021409704393  5.9375284854140871 -83.908095034753856  5.9298438646331748 -83.801832114272798  5.9248940967819115 -83.728189769065978  5.9224651275394304 -83.690691175985236 
 0 4 0.00015464307916956591 1 0.00030928615833913182 1 0.00046392923750869774 1 0.00061857231667826365 1 0.00077321539584782962 1 0.00092785847501739547 1 0.0010825015541869613 1 0.0012371446333565273 1 0.0013917877125260933 1 0.0015464307916956592 1 0.001701073870865225 1 0.0018557169500347909 1 0.0020103600292043569 1 0.0021650031083739227 1 0.0023196461875434888 1 0.0024742892667130546 1 0.0026289323458826203 1 0.0027835754250521865 1 0.0029382185042217523 1 0.0030928615833913185 1 0.0032475046625608842 1 0.00340214774173045 4
7 0 0  3 25 23  1.5707963267948966 -23.182770603959401  1.5578748973111014 -23.19091374698046  1.5321414525866788 -23.207684207864578  1.4938094645710867 -23.234264719827543  1.4556850590944546 -23.262242519861008  1.4177095046823787 -23.291589475768308  1.3798234810571424 -23.322279682551283  1.3419776730961144 -23.354278926048146  1.3039961508799474 -23.387694668554662  1.2659708075533134 -23.422336392366432  1.2279593289396471 -23.458054837564564  1.1900272951938398 -23.494690479604529  1.152246424689644 -23.532083594658797  1.1146520134515185 -23.57008552065756  1.0771594647964235 -23.608637391004301  1.0397189525274562 -23.647667964855476  1.0022696015402621 -23.687110794363349  0.96475803692855977 -23.72689263394377  0.92711304372162806 -23.766962635962781  0.88939018277452897 -23.807121226098019  0.85159385804097554 -23.847209710509727  0.81373052811287572 -23.88707009514172  0.77580571212141269 -23.926544198366884  0.75048443255947717 -23.952497325494278  0.73781506012045917 -23.965356796043 
 0 4 0.00015464307916956591 1 0.00030928615833913182 1 0.00046392923750869774 1 0.00061857231667826365 1 0.00077321539584782962 1 0.00092785847501739547 1 0.0010825015541869613 1 0.0012371446333565273 1 0.0013917877125260933 1 0.0015464307916956592 1 0.001701073870865225 1 0.0018557169500347909 1 0.0020103600292043569 1 0.0021650031083739227 1 0.0023196461875434888 1 0.0024742892667130546 1 0.0026289323458826203 1 0.0027835754250521865 1 0.0029382185042217523 1 0.0030928615833913185 1 0.0032475046625608842 1 0.00340214774173045 4
1 6.2831853071795862 20.743578866853909 -1 4.5234555469702657e-15 
7 0 0  3 25 23  1.5707963267949001 1  1.5707963267949003 0.98317219866294547  1.5707963267949003 0.9500092970111913  1.5707963267948997 0.90157447409594738  1.5707963267949003 0.85427508692464071  1.5707963267949003 0.80795636277702931  1.5707963267949001 0.76247327557704747  1.5707963267948999 0.71769057746054588  1.5707963267949006 0.67348056378566556  1.5707963267948999 0.62972168940937201  1.5707963267949001 0.58629714770795305  1.5707963267949001 0.54309360511474536  1.5707963267949001 0.49999999999999162  1.5707963267949003 0.45690639488525331  1.5707963267949001 0.41370285229203974  1.5707963267948997 0.37027831059062022  1.5707963267949003 0.32651943621432966  1.5707963267949001 0.28230942253945018  1.5707963267949003 0.23752672442294379  1.5707963267949001 0.19204363722296902  1.5707963267949001 0.14572491307535182  1.5707963267949001 0.098425525904056302  1.5707963267949006 0.04999070298880972  1.5707963267949001 0.016827801337054443  1.5707963267949001 0 
 0 4 0.071399833036131663 1 0.14279966607226333 1 0.21419949910839498 1 0.28559933214452665 1 0.35699916518065833 1 0.42839899821678995 1 0.49979883125292163 1 0.5711986642890533 1 0.64259849732518493 1 0.71399833036131666 1 0.78539816339744828 1 0.8567979964335799 1 0.92819782946971163 1 0.99959766250584325 1 1.070997495541975 1 1.1423973285781066 1 1.2137971616142382 1 1.2851969946503699 1 1.3565968276865017 1 1.4279966607226333 1 1.4993964937587649 1 1.5707963267948966 4
7 0 0  3 25 23  2.1360656699583491 3.7089672481440137e-09  2.1271642238347899 0.014701627434354173  2.1093636989006481 0.043734752727381414  2.0826995195700024 0.086337367713444288  2.056101414871621 0.12815927555355255  2.0295989898619617 0.16935608904806415  2.0032220806588321 0.21007805626981504  1.9769990105543984 0.25047387214346312  1.9509694489648843 0.29067949323141751  1.9251599405255759 0.33082287937063881  1.8995994015045816 0.37104937241036234  1.8743156163732484 0.41152090090378157  1.8493400028567384 0.45240499620626146  1.824690512248029 0.49392409625605926  1.8003897969405809 0.53625505964283171  1.7764727098258863 0.57957982553116738  1.7529693075450448 0.62414424773301458  1.729914346557895 0.67023177200353257  1.7073242583603727 0.71823418685189222  1.6853684011724133 0.76821216824835858  1.6640512895148611 0.82062998103908447  1.6433953663583738 0.87606172592993603  1.6234105690795131 0.93519385923148612  1.6105386245180171 0.97776887502925525  1.6042166239183258 1.0000000890069227 
 -2.0605666672561601e-05 4 0.00041972336246684885 1 0.00086005239160625929 1 0.0013003814207456696 1 0.0017407104498850801 1 0.0021810394790244903 1 0.0026213685081639009 1 0.0030616975373033116 1 0.0035020265664427218 1 0.003942355595582132 1 0.0043826846247215423 1 0.0048230136538609534 1 0.0052633426830003636 1 0.0057036717121397738 1 0.0061440007412791849 1 0.0065843297704185951 1 0.0070246587995580053 1 0.0074649878286974156 1 0.0079053168578368267 1 0.0083456458869762377 1 0.0087859749161156471 1 0.0092263039452550582 1 0.0096666329743944693 4
7 0 0  3 25 23  0.010198256632426199 0.99994280139616321  0.010050009558238666 0.9999534715747892  0.0097535962906730878 0.99994784285620675  0.0093089125513336219 0.99990915101807165  0.0088638581143390231 0.99992943297494596  0.0084181274473808451 0.99996293697399163  0.007971388998845759 1.0000031016083151  0.0075233776601233921 0.99998769864709947  0.0070735442092100462 0.99994318928638815  0.0066217316667021532 0.99994871962624521  0.0061678315820299827 0.9999768687353624  0.0057116908527157324 1.000002595908245  0.0052532379660230766 1.0000167688065271  0.0047920821229812845 0.99993415405307418  0.0043282699824584219 0.99984375038695095  0.0038617900001913447 0.99984181776156489  0.0033936844966982 0.99992991938706033  0.0029235053122772282 1.000007498038151  0.0024487815987185332 0.99999841105480702  0.0019693954306607571 1.0000008080456815  0.001484784777685075 1.0000001370114677  0.00099510546190140388 1.0000002768823519  0.00050044219362667495 1.0000002599263111  0.00016736045863030143 1.0000001368516427  0 1 
 -2.0605666672561601e-05 4 0.00041972336246684885 1 0.00086005239160625929 1 0.0013003814207456696 1 0.0017407104498850801 1 0.0021810394790244903 1 0.0026213685081639009 1 0.0030616975373033116 1 0.0035020265664427218 1 0.003942355595582132 1 0.0043826846247215423 1 0.0048230136538609534 1 0.0052633426830003636 1 0.0057036717121397738 1 0.0061440007412791849 1 0.0065843297704185951 1 0.0070246587995580053 1 0.0074649878286974156 1 0.0079053168578368267 1 0.0083456458869762377 1 0.0087859749161156471 1 0.0092263039452550582 1 0.0096666329743944693 4
1 6.2831853071796102 20.743578866853937 -1 -4.5234555469702665e-15 
7 0 0  3 25 23  4.7123889803846897 0  4.7123889803846897 0.016827801337050387  4.7123889803846897 0.049990702988801955  4.7123889803846888 0.098425525904050418  4.7123889803846897 0.14572491307535862  4.7123889803846888 0.19204363722296741  4.7123889803846897 0.23752672442294664  4.7123889803846897 0.28230942253945429  4.7123889803846888 0.32651943621432344  4.7123889803846897 0.37027831059062777  4.7123889803846897 0.41370285229203835  4.7123889803846897 0.45690639488525514  4.7123889803846888 0.49999999999999362  4.7123889803846906 0.5430936051147498  4.7123889803846897 0.58629714770795127  4.7123889803846897 0.62972168940937046  4.7123889803846888 0.67348056378566568  4.7123889803846897 0.71769057746054477  4.7123889803846897 0.76247327557704958  4.7123889803846888 0.8079563627770282  4.7123889803846906 0.85427508692464427  4.7123889803846888 0.9015744740959466  4.7123889803846906 0.9500092970111903  4.7123889803846897 0.98317219866294492  4.7123889803846897 1 
 4.7123889803846897 4 4.7837888134208217 1 4.8551886464569529 1 4.926588479493085 1 4.9979883125292162 1 5.0693881455653482 1 5.1407879786014794 1 5.2121878116376115 1 5.2835876446737426 1 5.3549874777098747 1 5.4263873107460068 1 5.497787143782138 1 5.5691869768182691 1 5.6405868098544012 1 5.7119866428905333 1 5.7833864759266644 1 5.8547863089627965 1 5.9261861419989277 1 5.9975859750350597 1 6.0689858080711918 1 6.140385641107323 1 6.2117854741434542 1 6.2831853071795862 4
7 0 0  3 25 23  4.6789686832612798 1.0000000890069227  4.6726466492650411 0.97776875790191664  4.6597746354883745 0.93519352699760172  4.639789727270756 0.87606111568413003  4.6191336861878947 0.82062912277280964  4.5978164498211829 0.76821108380644698  4.5758604616205272 0.71823289137874924  4.5532702360869894 0.67023027537552193  4.5302151364067083 0.62414256472351437  4.506711593336413 0.57957796385270488  4.4827943632314389 0.53625302261744212  4.4584935022741981 0.4939218830750205  4.4338438632649684 0.45240260358021861  4.4088680969627356 0.41151832120748477  4.3835841635944961 0.37104660809853773  4.3580234534452531 0.33081988828235054  4.3322138548455795 0.29067639040741799  4.3061838990124741 0.25047017743808708  4.2799615698646294 0.21007550205848596  4.2535655298444714 0.16932326303928605  4.2270404896296681 0.12809065610574555  4.2004281452080825 0.086245564769875702  4.1737714657036262 0.043653389460285907  4.1559990636792339 0.014665555806009839  4.147119637221242 3.708965322166681e-09 
 4.9065389333867997e-18 4 0.00043924044198180741 1 0.00087848088396360983 1 0.0013177213259454124 1 0.0017569617679272149 1 0.0021962022099090172 1 0.0026354426518908195 1 0.0030746830938726223 1 0.0035139235358544246 1 0.0039531639778362278 1 0.0043924044198180301 1 0.0048316448617998324 1 0.0052708853037816347 1 0.005710125745763437 1 0.0061493661877452402 1 0.0065886066297270425 1 0.0070278470717088449 1 0.0074670875136906472 1 0.0079063279556724503 1 0.0083455683976542527 1 0.008784808839636055 1 0.0092240492816178573 1 0.0096632897235996596 4
7 0 0  3 25 23  0 0  0.00016736134308076376 -1.3685166964427121e-07  0.00050044482895487388 -2.5992574831779729e-07  0.00099511067030815838 -2.7688483737737435e-07  0.0014847925068347534 -1.3700336366021257e-07  0.0019694056288719793 -8.0807779686156006e-07  0.0024487941928002395 1.5890622059878689e-06  0.0029235203259212043 -7.4984789262594329e-06  0.003393701888515534 7.0082728898579404e-05  0.0038618098226554797 0.00015818614420198853  0.0043282921157647859 0.00015625359573570881  0.0047921065584439395 6.5848692757477966e-05  0.0052532646796304774 -1.6768821128251232e-05  0.0057117198637571401 -2.5986257554992289e-06  0.0061678627748755323 2.313150790341993e-05  0.0066217653840056944 5.1279372026352204e-05  0.0070735791075321654 5.6833135502277784e-05  0.0075234186945944441 1.2249398849604842e-05  0.0079714176293103275 -2.8969345257249886e-06  0.0084184810315738531 2.7204963113796959e-05  0.0088645888920599117 5.3334015603718812e-05  0.0093098766453318608 7.2805172773829089e-05  0.0097544318359047491 4.4496257516124644e-05  0.010050375858599143 4.026646199539286e-05  0.0101982566324261 4.815696117889243e-05 
 4.9065389333867997e-18 4 0.00043924044198180741 1 0.00087848088396360983 1 0.0013177213259454124 1 0.0017569617679272149 1 0.0021962022099090172 1 0.0026354426518908195 1 0.0030746830938726223 1 0.0035139235358544246 1 0.0039531639778362278 1 0.0043924044198180301 1 0.0048316448617998324 1 0.0052708853037816347 1 0.005710125745763437 1 0.0061493661877452402 1 0.0065886066297270425 1 0.0070278470717088449 1 0.0074670875136906472 1 0.0079063279556724503 1 0.0083455683976542527 1 0.008784808839636055 1 0.0092240492816178573 1 0.0096632897235996596 4
7 0 0  3 25 23  0 1  0 0.98324763571447993  0 0.95021194625220151  0 0.90190641470656652  0 0.8546847590179798  0 0.808400394788511  0 0.76291562376327593  0 0.71810167332296138  0 0.67383667319252782  0 0.63000439768276661  0 0.58649296977766696  0 0.54319370308455961  0 0.50000000000000899  0 0.45680629691549007  0 0.41350703022237073  0 0.36999560231726719  0 0.32616332680750937  0 0.28189832667707543  0 0.23708437623675072  0 0.19159960521152375  0 0.14531524098205476  0 0.098093585293429195  0 0.049788053747808043  -0 0.016752364285527895  0 0 
 4.7457104341845717 4 4.8155956556843451 1 4.8854808771841185 1 4.9553660986838919 1 5.0252513201836653 1 5.0951365416834387 1 5.165021763183212 1 5.2349069846829854 1 5.3047922061827588 1 5.3746774276825322 1 5.4445626491823056 1 5.514447870682079 1 5.5843330921818524 1 5.6542183136816258 1 5.7241035351813991 1 5.7939887566811725 1 5.8638739781809459 1 5.9337591996807193 1 6.0036444211804927 1 6.0735296426802661 1 6.1434148641800395 1 6.2133000856798128 1 6.2831853071795862 4
7 0 0  3 25 23  5.5815264734222101 0  5.5815264734222092 0.016752364285526171  5.581526473422211 0.049788053747807759  5.5815264734222092 0.098093585293435967  5.5815264734222101 0.1453152409820252  5.581526473422211 0.19159960521150068  5.5815264734222083 0.23708437623672515  5.5815264734222101 0.28189832667706588  5.5815264734222092 0.32616332680747312  5.5815264734222119 0.36999560231725143  5.5815264734222083 0.41350703022233609  5.5815264734222092 0.45680629691546037  5.5815264734222092 0.50000000000000788  5.5815264734222092 0.54319370308451309  5.5815264734222101 0.58649296977764898  5.5815264734222101 0.63000439768273953  5.5815264734222101 0.67383667319249552  5.5815264734222101 0.71810167332295471  5.5815264734222101 0.76291562376324618  5.5815264734222101 0.80840039478848957  5.5815264734222101 0.85468475901797258  5.5815264734222092 0.9019064147065593  5.5815264734222128 0.95021194625217498  5.5815264734222092 0.98324763571446283  5.5815264734222101 1 
 4.7457104341845717 4 4.8155956556843451 1 4.8854808771841185 1 4.9553660986838919 1 5.0252513201836653 1 5.0951365416834387 1 5.165021763183212 1 5.2349069846829854 1 5.3047922061827588 1 5.3746774276825322 1 5.4445626491823056 1 5.514447870682079 1 5.5843330921818524 1 5.6542183136816258 1 5.7241035351813991 1 5.7939887566811725 1 5.8638739781809459 1 5.9337591996807193 1 6.0036444211804927 1 6.0735296426802661 1 6.1434148641800395 1 6.2133000856798128 1 6.2831853071795862 4
1 0.010198256632426199 4.3935302018437073e-05 0 1 
1 0.0101982566324261 4.815696117889243e-05 0 1 
1 6.2831853071795862 24.632593689106958 -1 2.2617277734852086e-15 
7 0 0  3 25 23  4.7123889803846897 1  4.7123889803846906 0.98317219866294481  4.7123889803846888 0.95000929701119363  4.7123889803846897 0.90157447409595903  4.7123889803846906 0.85427508692465182  4.7123889803846879 0.80795636277703253  4.7123889803846906 0.7624732755770659  4.7123889803846897 0.71769057746055887  4.7123889803846888 0.67348056378568333  4.7123889803846906 0.62972168940937856  4.7123889803846888 0.58629714770798025  4.7123889803846897 0.54309360511476779  4.7123889803846888 0.50000000000000699  4.7123889803846906 0.45690639488527213  4.7123889803846879 0.41370285229205861  4.7123889803846915 0.37027831059063576  4.7123889803846888 0.32651943621434187  4.7123889803846897 0.28230942253945457  4.7123889803846897 0.23752672442297904  4.7123889803846888 0.19204363722294823  4.7123889803846906 0.14572491307537799  4.7123889803846888 0.098425525904046685  4.7123889803846906 0.049990702988808935  4.7123889803846897 0.016827801337055009  4.7123889803846897 0 
 3.1415926535897931 4 3.2129924866259247 1 3.2843923196620564 1 3.355792152698188 1 3.4271919857343196 1 3.4985918187704517 1 3.5699916518065828 1 3.6413914848427149 1 3.7127913178788465 1 3.7841911509149782 1 3.8555909839511098 1 3.9269908169872414 1 3.998390650023373 1 4.0697904830595046 1 4.1411903160956367 1 4.2125901491317679 1 4.2839899821678999 1 4.3553898152040311 1 4.4267896482401632 1 4.4981894812762953 1 4.5695893143124264 1 4.6409891473485576 1 4.7123889803846897 4
1 6.2831853071795578 24.632593689106972 -1 -2.2617277734852086e-15 
7 0 0  3 25 23  1.5707963267949001 0  1.5707963267949001 0.016827801337053364  1.5707963267949001 0.049990702988809893  1.5707963267949006 0.098425525904063796  1.5707963267948997 0.14572491307535054  1.5707963267949006 0.19204363722297926  1.5707963267949001 0.23752672442297212  1.5707963267948997 0.28230942253946889  1.5707963267948999 0.32651943621433599  1.5707963267949003 0.3702783105906321  1.5707963267948997 0.41370285229205889  1.5707963267948999 0.45690639488527773  1.5707963267949001 0.50000000000001554  1.5707963267948997 0.54309360511477056  1.5707963267949001 0.58629714770796348  1.5707963267948999 0.62972168940939532  1.5707963267948999 0.67348056378568311  1.5707963267949003 0.71769057746055898  1.5707963267949003 0.76247327557706879  1.5707963267949001 0.80795636277703498  1.5707963267949001 0.85427508692465515  1.5707963267948999 0.90157447409595137  1.5707963267949001 0.95000929701119297  1.5707963267949001 0.98317219866294581  1.5707963267949001 1 
 1.5707963267948966 4 1.6421961598310282 1 1.7135959928671598 1 1.7849958259032914 1 1.8563956589394233 1 1.9277954919755549 1 1.9991953250116865 1 2.0705951580478184 1 2.14199499108395 1 2.2133948241200816 1 2.2847946571562132 1 2.3561944901923448 1 2.4275943232284765 1 2.4989941562646081 1 2.5703939893007397 1 2.6417938223368713 1 2.7131936553730034 1 2.7845934884091346 1 2.8559933214452666 1 2.9273931544813983 1 2.9987929875175299 1 3.0701928205536615 1 3.1415926535897931 4
1 -3.1415926535897931 0 1 0 
1 1.5707963267948966 6.2831853071795862 1 0 
1 1.5707963267948966 0 1 0 
1 3.1415926535897931 3.1415926535897958 0 1 
1 3.1415926535897931 3.1415926535897958 0 1 
1 6.2831853071795862 6.1610122595399766 -1 0 
1 6.2831853071795862 -2.2605887727235183 -1 0 
1 6.2831853071795862 1.5707963267948992 0 1 
1 0 1.5707963267948992 0 1 
1 -4.7123889803846897 6.2831853071795862 1 0 
1 -4.7123889803846897 0 1 0 
1 6.2831853071795862 6.1610122595399766 -1 0 
1 6.2831853071795862 -2.2605887727235183 -1 0 
1 0 -14.5 1 0 
1 3.9269908169872414 0 0 -1 
1 -4.4408920985006262e-16 -10.5 1 0 
1 3.1415926535897931 -12.5 0 -1 
1 3.1415926535897931 -12.5 0 -1 
1 9.4247779607693793 -14.5 -1 0 
1 5.497787143782138 0 0 -1 
1 6.2831853071795871 -10.5 -1 0 
1 3.1415926535897931 -12.5 0 -1 
1 3.1415926535897931 -12.5 0 -1 
1 3.1415926535897931 -14.5 1 0 
1 3.9269908169872414 0 0 -1 
1 0 -10.5 1 0 
1 3.1415926535897931 -12.5 0 -1 
1 3.1415926535897931 -12.5 0 -1 
1 6.2831853071795862 -14.5 -1 0 
1 5.497787143782138 0 0 -1 
1 6.2831853071795862 -10.5 -1 0 
1 3.1415926535897931 -12.5 0 -1 
1 3.1415926535897931 -12.5 0 -1 
1 0 1.5707963267948966 1 0 
1 3.1415926535897931 0 0 1 
1 3.1415926535897931 0 0 1 
1 0 3.1415926535897931 1 0 
1 0 3.1415926535897931 1 0 
1 0 -1.5707963267948966 0 1 
1 6.2831853071795862 -1.5707963267948966 0 1 
1 0 1.5707963267948966 1 0 
1 0 3.1415926535897931 1 0 
1 0 3.1415926535897931 1 0 
1 6.2831853071795862 -1.5707963267948966 0 1 
1 0 -1.5707963267948966 0 1 
1 9.4247779607693793 3.2637657012292083 -1 0 
1 0 -10.856549202775016 1 0 
1 3.1415926535897931 0 0 1 
1 3.1415926535897931 0 0 1 
1 6.2831853071795862 1.5707963267948966 -1 0 
1 3.1415926535897931 -3.1415926535897931 0 1 
1 3.1415926535897931 -3.1415926535897931 0 1 
1 0 3.1415926535897931 1 0 
1 3.1415926535897931 -2 1 0 
1 0 1.5707963267948966 0 1 
1 6.2831853071795862 1.5707963267948966 0 1 
1 3.1415926535897931 -3.1415926535897931 0 1 
1 3.1415926535897931 -3.1415926535897931 0 1 
1 0 1.5707963267948966 1 0 
1 0 -4.7123889803846897 0 1 
1 6.2831853071795862 -4.7123889803846897 0 1 
1 0 0 0 -1 
1 6.2831853071795862 0 0 -1 
7 0 0  3 91 89  2.0838159579413746 -11  2.0759430073415936 -11.003349544992048  2.0602100907751342 -11.010007924705336  2.036636541981466 -11.01987661245064  2.0130756926731568 -11.029629668189816  1.9895144118253736 -11.039270338833909  1.965939445701447 -11.048801882093413  1.9423381584070063 -11.058227515388221  1.9186958225043813 -11.067550251095682  1.8950042609452551 -11.076770652825946  1.8712297109383023 -11.085898677909586  1.8473628332932364 -11.094934877499515  1.8235007554448397 -11.103839853276625  1.7997183637048335 -11.112585198310194  1.7760064954725772 -11.121174958959081  1.7523509007184881 -11.129612098107636  1.7287385221046123 -11.137899869052715  1.7051558743603881 -11.146041446915806  1.6815895241994183 -11.154040029107119  1.6580260614443896 -11.161898802057623  1.634451999698876 -11.169620973826204  1.6108544648629028 -11.177209676939574  1.5872188022755584 -11.184668324425418  1.5635377233205661 -11.191999282839214  1.5397773795562786 -11.199208824124479  1.5159540042359361 -11.206288051283293  1.4921107751692648 -11.213224259046791  1.4682849838409058 -11.220005448709525  1.4445117819633999 -11.226620603583072  1.4208405516672509 -11.233054072347587  1.3972139747632342 -11.239324080598173  1.3736205273153752 -11.245432568406033  1.3500464918073398 -11.251382449727336  1.3264787868392889 -11.257176373148482  1.3029042414699428 -11.262817074850233  1.2793099313858793 -11.268307206005183  1.2556825351136409 -11.273647776369755  1.2320089341482598 -11.278839756644167  1.2082738864922418 -11.283884464160018  1.1844690729733576 -11.288781868779065  1.1605595187474724 -11.293536983611984  1.1367418935191631 -11.298109705556618  1.1129868626410018 -11.30250637291952  1.0892907166598316 -11.30672797527461  1.0656426454638643 -11.310777021207988  1.042035715724891 -11.314655291989389  1.0184558086082816 -11.318365959142401  0.9948845053243307 -11.321911133094069  0.97131008912672967 -11.32529164207514  0.94771913740249036 -11.328508663428266  0.92409788349572719 -11.331563260244847  0.90043544037768031 -11.334456603510032  0.87666891445279682 -11.337191987028513  0.85284636463184804 -11.339764069502017  0.82900099965336549 -11.342168691720795  0.80516902559185521 -11.344401801452277  0.78138959471930136 -11.346457736467087  0.75768574606729178 -11.34833716754556  0.73403211037617566 -11.35004539364499  0.710419061212755 -11.351581353849468  0.6868325153921141 -11.352945691262695  0.66325940487752066 -11.354138592782647  0.63968625831204473 -11.35516036611117  0.6160996680378199 -11.356011291940177  0.59248610323165807 -11.356691638197296  0.56883245306246977 -11.357201750877547  0.54512430593201844 -11.35754167647001  0.5213525589609751 -11.357712581420868  0.49748897729078218 -11.357711451853691  0.47359938309057342 -11.357535965192566  0.44979588726499137 -11.357187712276176  0.42607849231363476 -11.356668256998491  0.40241322364873527 -11.355978704897032  0.37879185079184763 -11.355119986106137  0.35519956374627415 -11.354093076224023  0.33162369126050689 -11.352897190012413  0.30805093149823098 -11.351531839826349  0.28446817084308729 -11.349996430096246  0.26086210472229299 -11.348290499358068  0.23722019812989509 -11.34641315764941  0.21352667976328635 -11.344361621411091  0.18977606177961337 -11.342135059921455  0.165914011301485 -11.339725914701857  0.14202512333020423 -11.337143145385362  0.11821190040554157 -11.334397336515764  0.094477705239084886 -11.331492008158017  0.070801892378237585 -11.328425820364524  0.047172692726270449 -11.325198568311146  0.023576095258669584 -11.32180974291391  0.0078580194870094128 -11.319442525641191  0 -11.318231841824101 
 0.0097050885779195392 4 0.010002142930867319 1 0.010299197283815099 1 0.01059625163676288 1 0.01089330598971066 1 0.01119036034265844 1 0.01148741469560622 1 0.011784469048554002 1 0.012081523401501782 1 0.012378577754449562 1 0.012675632107397342 1 0.012972686460345122 1 0.013269740813292902 1 0.013566795166240682 1 0.013863849519188464 1 0.014160903872136244 1 0.014457958225084024 1 0.014755012578031804 1 0.015052066930979584 1 0.015349121283927365 1 0.015646175636875145 1 0.015943229989822925 1 0.016240284342770705 1 0.016537338695718485 1 0.016834393048666265 1 0.017131447401614045 1 0.017428501754561825 1 0.017725556107509609 1 0.018022610460457389 1 0.018319664813405169 1 0.018616719166352949 1 0.018913773519300729 1 0.019210827872248509 1 0.019507882225196289 1 0.019804936578144069 1 0.02010199093109185 1 0.02039904528403963 1 0.02069609963698741 1 0.02099315398993519 1 0.02129020834288297 1 0.02158726269583075 1 0.02188431704877853 1 0.02218137140172631 1 0.02247842575467409 1 0.02277548010762187 1 0.023072534460569651 1 0.023369588813517431 1 0.023666643166465211 1 0.023963697519412991 1 0.024260751872360771 1 0.024557806225308551 1 0.024854860578256331 1 0.025151914931204111 1 0.025448969284151891 1 0.025746023637099675 1 0.026043077990047455 1 0.026340132342995235 1 0.026637186695943015 1 0.026934241048890795 1 0.027231295401838575 1 0.027528349754786356 1 0.027825404107734136 1 0.028122458460681916 1 0.028419512813629696 1 0.028716567166577476 1 0.029013621519525256 1 0.029310675872473036 1 0.029607730225420816 1 0.029904784578368596 1 0.030201838931316376 1 0.030498893284264156 1 0.030795947637211937 1 0.031093001990159717 1 0.0313900563431075 1 0.031687110696055273 1 0.03198416504900306 1 0.032281219401950841 1 0.032578273754898621 1 0.032875328107846401 1 0.033172382460794181 1 0.033469436813741961 1 0.033766491166689741 1 0.034063545519637521 1 0.034360599872585301 1 0.034657654225533081 1 0.034954708578480861 1 0.035251762931428642 1 0.035548817284376422 1 0.035845871637324202 4
7 0 0  3 91 89  1.0646686224473583 2.9402347327994618  1.0725413849978247 2.9395509726903057  1.0882726429906544 2.9381912245926753  1.111839874430244 2.9361748241193153  1.1353905999710507 2.9341817391015721  1.1589379556971782 2.9322114036717846  1.1824951901580358 2.9302629219599581  1.2060749164991886 2.9283344659554795  1.2296918565565791 2.9264262444381153  1.2533541741901155 2.9245382211488842  1.277095584832681 2.9226689303961333  1.3009253762163557 2.9208172967503301  1.3247465682846575 2.9189912122571275  1.3484844429106431 2.9171957151314745  1.3721481841178322 2.9154276849761183  1.3957521117361442 2.9136899415737934  1.4193093222999587 2.9119831071278295  1.4428333312590096 2.9103077603132315  1.4663375878268372 2.9086638386634021  1.4898355059365302 2.907050762756759  1.5133405637810897 2.9054674322805174  1.5368656162254708 2.9039120202688462  1.5604252881505445 2.9023827099118154  1.5840268299395015 2.9008748692893014  1.6077040400284934 2.8993915370132246  1.6314407756881859 2.8979365261099792  1.6551940014642164 2.8965075536260696  1.6789266204498063 2.8951070918976809  1.7026036978357928 2.8937386798554381  1.7261761893615355 2.8924112509313562  1.749701214878342 2.8911161119012392  1.7731903312661521 2.8898543047354384  1.7966572663426197 2.8886255948876562  1.820115104922706 2.8874293498829808  1.8435770115924115 2.8862643099810357  1.8670558967997188 2.8851285708074399  1.890565082821305 2.8840232771142267  1.9141176813800258 2.8829490743211896  1.9377289067450749 2.8819058638385742  1.9614070825764776 2.88089331294863  1.9851870269720777 2.8799088951112588  2.0088732112879697 2.8789614147427285  2.0324949153276215 2.878050408952828  2.0560559181868046 2.8771759175132483  2.0795670574727501 2.8763373359426216  2.1030353113153755 2.8755339768176857  2.1264747948038121 2.8747640163415942  2.1499039038816528 2.8740280045434727  2.1733343672465075 2.873326679912787  2.1967796024685415 2.8726599200566127  2.2202533638161928 2.8720271905585366  2.243766539551137 2.8714267308038415  2.2673817141470418 2.8708631125917954  2.2910511797836182 2.8703315677988379  2.3147420178286633 2.8698316115895559  2.3384183445113114 2.8693640407308911  2.3620413714805064 2.8689353482924447  2.3855882994944748 2.86854317461402  2.4090844143071388 2.8681816579941057  2.4325393826296531 2.8678556807691695  2.4559672855437773 2.8675664628742554  2.4793811929495577 2.8673154108690286  2.5027945713919286 2.8671030815625667  2.5262208219661653 2.8669294381736168  2.5496734669494661 2.8667938291065034  2.573165611595873 2.8666947915752172  2.5967116543911706 2.8666308410744969  2.6203207238359938 2.866597499988806  2.6440209539112076 2.8665983902028915  2.6677470647213561 2.8666345915184031  2.6913878039983108 2.8667061659565856  2.7149432565612313 2.8668141582008233  2.738447252199733 2.8669575117507557  2.7619080516865995 2.8671359865698864  2.7853404517900637 2.8673483129071764  2.8087571217227527 2.8675961800840599  2.8321713583614252 2.8678800250036955  2.8555962734054523 2.8681998841964056  2.8790451720616379 2.8685548616272909  2.9025305972981936 2.8689444248662137  2.9260683038344961 2.8693706046552196  2.9496638381902232 2.8698327413603333  2.973371270742335 2.8703343770795033  2.9971066686270333 2.8708693421994322  3.0207682565518934 2.8714390389598998  3.0443527691135581 2.8720409189483398  3.067880787263324 2.8726764645827969  3.0913640756048806 2.873346140276988  3.114816630392073 2.8740499120750802  3.1304399226816355 2.8745412123837273  3.1382508608274966 2.8747922814796549 
 0.0097050885779195392 4 0.010002142930867319 1 0.010299197283815099 1 0.01059625163676288 1 0.01089330598971066 1 0.01119036034265844 1 0.01148741469560622 1 0.011784469048554002 1 0.012081523401501782 1 0.012378577754449562 1 0.012675632107397342 1 0.012972686460345122 1 0.013269740813292902 1 0.013566795166240682 1 0.013863849519188464 1 0.014160903872136244 1 0.014457958225084024 1 0.014755012578031804 1 0.015052066930979584 1 0.015349121283927365 1 0.015646175636875145 1 0.015943229989822925 1 0.016240284342770705 1 0.016537338695718485 1 0.016834393048666265 1 0.017131447401614045 1 0.017428501754561825 1 0.017725556107509609 1 0.018022610460457389 1 0.018319664813405169 1 0.018616719166352949 1 0.018913773519300729 1 0.019210827872248509 1 0.019507882225196289 1 0.019804936578144069 1 0.02010199093109185 1 0.02039904528403963 1 0.02069609963698741 1 0.02099315398993519 1 0.02129020834288297 1 0.02158726269583075 1 0.02188431704877853 1 0.02218137140172631 1 0.02247842575467409 1 0.02277548010762187 1 0.023072534460569651 1 0.023369588813517431 1 0.023666643166465211 1 0.023963697519412991 1 0.024260751872360771 1 0.024557806225308551 1 0.024854860578256331 1 0.025151914931204111 1 0.025448969284151891 1 0.025746023637099675 1 0.026043077990047455 1 0.026340132342995235 1 0.026637186695943015 1 0.026934241048890795 1 0.027231295401838575 1 0.027528349754786356 1 0.027825404107734136 1 0.028122458460681916 1 0.028419512813629696 1 0.028716567166577476 1 0.029013621519525256 1 0.029310675872473036 1 0.029607730225420816 1 0.029904784578368596 1 0.030201838931316376 1 0.030498893284264156 1 0.030795947637211937 1 0.031093001990159717 1 0.0313900563431075 1 0.031687110696055273 1 0.03198416504900306 1 0.032281219401950841 1 0.032578273754898621 1 0.032875328107846401 1 0.033172382460794181 1 0.033469436813741961 1 0.033766491166689741 1 0.034063545519637521 1 0.034360599872585301 1 0.034657654225533081 1 0.034954708578480861 1 0.035251762931428642 1 0.035548817284376422 1 0.035845871637324202 4
1 -3.1415926535897931 -11 1 0 
1 3.1415926535897931 0 0 -1 
1 3.1415926535897931 0 0 -1 
1 -3.1415926535897931 -2 1 0 
1 0 3.1415926535897931 1 0 
1 0 -10.856549202775016 1 0 
1 3.1415926535897931 3.2637657012292083 -1 0 
1 3.1415926535897931 5.3290705182007514e-15 0 1 
1 3.1415926535897931 5.3290705182007514e-15 0 1 
1 0 5.3290705182007514e-15 0 1 
1 6.2831853071795862 5.3290705182007514e-15 0 1 
1 3.9269908169872414 0 0 -1 
1 -4.4408920985006262e-16 -14.5 1 0 
1 6.2831853071795862 0 0 -1 
1 0 0 0 -1 
1 -4.4408920985006262e-16 -10.5 1 0 
1 5.497787143782138 0 0 -1 
1 9.4247779607693793 -14.5 -1 0 
1 6.2831853071795862 0 0 -1 
1 0 0 0 -1 
1 6.2831853071795862 -10.5 -1 0 
1 3.9269908169872414 0 0 -1 
1 3.1415926535897931 -14.5 1 0 
1 6.2831853071795862 0 0 -1 
1 0 0 0 -1 
1 0 -10.5 1 0 
1 5.497787143782138 0 0 -1 
1 6.2831853071795862 -14.5 -1 0 
1 6.2831853071795862 0 0 -1 
1 0 0 0 -1 
1 6.2831853071795862 -10.5 -1 0 
1 0 1.5707963267948966 1 0 
1 3.1415926535897931 5.773159728050814e-15 0 1 
1 3.1415926535897931 5.773159728050814e-15 0 1 
7 0 0  1 2 2  3.1382508608274966 2.8747922814796549  3.1415926535897931 2.8749000200696893 
 0.035845871637324202 2 0.035888235647367199 2
7 0 0  1 2 2  6.2831853071795862 -11.318231841824101  6.279823390297592 -11.317712200502399 
 0.035845871637324202 2 0.035888235647367199 2
1 3.1415926535897949 2.940234732799464 -1 0 
1 0 1.570796326794891 0 1 
1 6.2831853071795862 1.570796326794891 0 1 
1 0 1.5707963267948966 1 0 
1 9.4247779607693793 2.940234732799464 -1 0 
7 0 0  3 47 45  3.1415926535897931 2.8749000200696893  3.1495506758306462 2.875157347454194  3.1654657542812674 2.8756832578744898  3.189349467357141 2.8765071634184602  3.2132581454274884 2.8773676472279224  3.2372060917321979 2.8782653187818346  3.2612069664018173 2.8792002003625736  3.2852772511026762 2.8801715594449742  3.3094612710319673 2.8811833902699098  3.3336606351404021 2.8822280620383998  3.3577879368182955 2.8833057449585846  3.3818389362977945 2.8844136922898254  3.4058331676843339 2.8855531787001243  3.4297838532040505 2.886722753061282  3.453705272195128 2.8879235401685013  3.4776112874030818 2.889156994210313  3.5015157017064875 2.89042361532535  3.525433082000951 2.8917235413444069  3.5493748247967134 2.8930555633620778  3.5733918847659312 2.8944250420513331  3.5974666954586212 2.8958289095226122  3.6215924596764864 2.8972663179052578  3.6457539698450909 2.8987360231662609  3.6699595945936951 2.9002409580445958  3.6941330553892624 2.901772386752091  3.7182212535456536 2.9033242770076439  3.7422560469707373 2.9049022959317483  3.7662467250452032 2.9065081276169895  3.7902087533115552 2.9081436992928023  3.8141560193547286 2.9098100802159097  3.8381028120178233 2.9115077855309117  3.8620633713963732 2.9132367932816372  3.8860514250556584 2.9149963103540619  3.9100822086148947 2.9167858362855359  3.9341645600872694 2.9186012931861849  3.9583302297675527 2.9204495991859147  3.9825598944498948 2.9223312184135621  4.0068108500184021 2.9242374827188802  4.0310451737722763 2.926165100756402  4.0552274866427451 2.9281120455710457  4.0793072890396918 2.9300789591535947  4.1033469282253954 2.9320653425623378  4.1273582496358419 2.9340730320231314  4.1513557777144152 2.9361029546069597  4.1753533109549412 2.9381556502436634  4.1913609212710625 2.9395391885200666  4.1993693492382125 2.9402347327994613 
 0.035888235647367199 4 0.036190890294696507 1 0.036493544942025814 1 0.036796199589355129 1 0.037098854236684436 1 0.037401508884013744 1 0.037704163531343052 1 0.038006818178672359 1 0.038309472826001674 1 0.038612127473330982 1 0.038914782120660289 1 0.039217436767989597 1 0.039520091415318905 1 0.039822746062648219 1 0.040125400709977527 1 0.040428055357306834 1 0.040730710004636142 1 0.041033364651965457 1 0.041336019299294764 1 0.041638673946624072 1 0.041941328593953379 1 0.042243983241282687 1 0.042546637888612002 1 0.042849292535941309 1 0.043151947183270617 1 0.043454601830599925 1 0.043757256477929232 1 0.044059911125258547 1 0.044362565772587854 1 0.044665220419917162 1 0.04496787506724647 1 0.045270529714575777 1 0.045573184361905092 1 0.0458758390092344 1 0.046178493656563707 1 0.046481148303893015 1 0.046783802951222322 1 0.047086457598551637 1 0.047389112245880945 1 0.047691766893210252 1 0.04799442154053956 1 0.048297076187868868 1 0.048599730835198182 1 0.04890238548252749 1 0.049205040129856797 4
7 0 0  3 47 45  6.279823390297592 -11.317712200502399  6.271817490373345 -11.316470778690643  6.2558073019322959 -11.313931692363747  6.2317828585316137 -11.309951804556603  6.2077353812168026 -11.305798134180504  6.1836505705603892 -11.301468136142653  6.1595147820686211 -11.296959342757807  6.1353115434848222 -11.292268997551972  6.1109963800586895 -11.287386256333837  6.0866683389887912 -11.28233167978216  6.0624153285683251 -11.277123490287311  6.0382416696741101 -11.271765988618007  6.0141277715432109 -11.266256751024017  5.9900604090955767 -11.26059548791158  5.96602528245612 -11.254780177053071  5.9420085121253967 -11.248808393280658  5.9179962902456742 -11.242677897417083  5.8939740510088914 -11.236386109263091  5.8699304264608321 -11.229931626716972  5.8458143028834035 -11.223299854259054  5.8216434213654411 -11.216496155114823  5.7974246875106425 -11.209522764283326  5.7731734411132027 -11.202384678908738  5.748881330528401 -11.195078975780989  5.7246249956675825 -11.187631650962253  5.7004577575913862 -11.180062486051966  5.6763476301529279 -11.172362396522431  5.6522853024818556 -11.164530032192076  5.6282552729968716 -11.156561971621723  5.6042436370441351 -11.148455344056533  5.5802360998729768 -11.140207147262014  5.5562184286340788 -11.131814354238074  5.5321769196043151 -11.123274168526466  5.5080963647771775 -11.114582896266949  5.4839680076455304 -11.105740202666013  5.4597600472216659 -11.096733214064603  5.4354918792601463 -11.087568944294386  5.4112063764868088 -11.078266825429317  5.3869415364728486 -11.068843352659488  5.3627327712739339 -11.059314350467121  5.3386305442547934 -11.049701263051011  5.3145724830713537 -11.039984375198843  5.2905467127842378 -11.030161074209762  5.2665386936559209 -11.020228005428237  5.2425346243345023 -11.010182013073273  5.2265253040454365 -11.003407262904849  5.2185166847322266 -11 
 0.035888235647367199 4 0.036190890294696507 1 0.036493544942025814 1 0.036796199589355129 1 0.037098854236684436 1 0.037401508884013744 1 0.037704163531343052 1 0.038006818178672359 1 0.038309472826001674 1 0.038612127473330982 1 0.038914782120660289 1 0.039217436767989597 1 0.039520091415318905 1 0.039822746062648219 1 0.040125400709977527 1 0.040428055357306834 1 0.040730710004636142 1 0.041033364651965457 1 0.041336019299294764 1 0.041638673946624072 1 0.041941328593953379 1 0.042243983241282687 1 0.042546637888612002 1 0.042849292535941309 1 0.043151947183270617 1 0.043454601830599925 1 0.043757256477929232 1 0.044059911125258547 1 0.044362565772587854 1 0.044665220419917162 1 0.04496787506724647 1 0.045270529714575777 1 0.045573184361905092 1 0.0458758390092344 1 0.046178493656563707 1 0.046481148303893015 1 0.046783802951222322 1 0.047086457598551637 1 0.047389112245880945 1 0.047691766893210252 1 0.04799442154053956 1 0.048297076187868868 1 0.048599730835198182 1 0.04890238548252749 1 0.049205040129856797 4
1 3.1415926535897931 0 0 1 
1 0 0 0 1 
1 6.2831853071795862 4.7123889803846879 -1 1.8245208461865799e-15 
1 0 0 0 1 
1 0 0 0 1 
1 3.1415926535897931 0 0 1 
1 6.2831853071795862 4.7123889803846968 -1 -1.2163472307910532e-15 
1 3.1415926535897931 0 0 1 
1 0 0 1 0 
1 0 0 1 0 
1 0 0 1 0 
1 0 0 1 0 
1 -4.4408920985006262e-16 -10.5 1 0 
1 0 -10.5 1 0 
1 6.2831853071795862 -10.5 -1 0 
1 6.2831853071795862 -10.5 -1 0 
1 0 3.5 1 0 
1 -4.4408920985006262e-16 3.5 1 0 
1 6.2831853071795862 -10.5 -1 0 
1 6.2831853071795862 -10.5 -1 0 
1 -5.5511151231257827e-16 -10.5 1 0 
1 0 -10.5 1 0 
1 6.2831853071795862 -4 -1 0 
1 6.2831853071795862 -4 -1 0 
1 6.2831853071795862 -4 -1 0 
1 6.2831853071795862 -4 -1 0 
1 -3.1415926535897931 -14.5 1 0 
1 -3.1415926535897936 -14.5 1 0 
1 6.2831853071795862 -14.5 -1 0 
1 6.2831853071795862 -14.5 -1 0 
1 0 1.5707963267948966 1 0 
1 3.1415926535897931 -29.764702249476631 0 1 
1 3.1415926535897931 3.7499999999999987 0 1 
1 6.2831853071795853 40.000000000000028 0 1 
1 -4.4408920985006262e-16 1.5707963267949154 1 -3.0847544510365091e-15 
1 6.2831853071795862 -29.764702249476667 0 1 
1 6.2831853071795862 3.7500000000000013 0 1 
1 3.1415926535897931 39.999999999999972 0 1 
1 3.1415926535897931 -14.5 -1 0 
1 3.1415926535897931 -14.5 -1 0 
1 0 -14.5 1 0 
1 0 -14.5 1 0 
1 3.1415926535897931 0 0 -1 
1 3.1415926535897931 0 0 1 
1 4.7123889803846897 0 0 1 
1 4.7123889803846897 0 0 -1 
1 6.2831853071795862 0 0 -1 
1 0 0 0 1 
1 1.5707963267948966 0 0 -1 
1 1.5707963267948966 0 0 1 
1 0 -3.7499999999999987 0 1 
1 0 -39.999999999999972 0 1 
1 6.2831853071795862 4.7123889803846897 -1 9.1604331326669508e-16 
1 0 -39.999999999999957 0 1 
1 3.1415926535897931 3.7499999999999987 0 1 
1 3.1415926535897931 39.999999999999972 0 1 
1 6.2831853071795862 4.7123889803846932 -1 -6.1069554217779672e-16 
1 3.1415926535897931 39.999999999999964 0 1 
7 0 0  3 25 23  1.5707963267948966 -80  1.5493703832254484 -80.000000974262264  1.5059421431879947 -79.999586095951656  1.4391642892978278 -79.997631205782014  1.3708371867925817 -79.994256228617814  1.3010726996408863 -79.989392627491995  1.2299995243287392 -79.982988842634029  1.1577649450516987 -79.975015071827457  1.0845330690322497 -79.965465649335599  1.0104832857380985 -79.954361191033257  0.93580796246459019 -79.941749660561157  0.86070969990499779 -79.927706378073921  0.78539816339752455 -79.912332848592072  0.71008662689000746 -79.895754433693497  0.63498836433052419 -79.878116967520313  0.56031304105688307 -79.859582507563999  0.48626325776294516 -79.840324478940317  0.41303138174320769 -79.820522506179245  0.34079680246625216 -79.800357260108157  0.26972362715406184 -79.780005540919674  0.19995914000236376 -79.759636095916647  0.13163203749717151 -79.739405401645669  0.064854183606962823 -79.719457067250673  0.0214259435694692 -79.706426792483057  0 -79.699999999999989 
 3.14159265358979 4 3.2129924866259216 1 3.2843923196620537 1 3.3557921526981853 1 3.4271919857343174 1 3.498591818770449 1 3.5699916518065811 1 3.6413914848427127 1 3.7127913178788443 1 3.7841911509149764 1 3.855590983951108 1 3.9269908169872396 1 3.9983906500233717 1 4.0697904830595037 1 4.1411903160956349 1 4.212590149131767 1 4.2839899821678991 1 4.3553898152040311 1 4.4267896482401623 1 4.4981894812762944 1 4.5695893143124255 1 4.6409891473485576 1 4.7123889803846897 4
7 0 0  3 25 23  4.7123889803846897 7.5  4.6909630368152433 7.5000009742622717  4.6475347967777889 7.4995860959516616  4.5807569428876214 7.4976312057819978  4.512429840382377 7.494256228617842  4.4426653532306846 7.4893926274920064  4.3715921779185232 7.4829888426340494  4.2993575986414898 7.4750150718274657  4.2261257226220597 7.465465649335612  4.152075939327859 7.4543611910333052  4.0774006160543799 7.4417496605611264  4.0023023534947413 7.4277063780739674  3.9269908169873311 7.4123328485920581  3.8516792804796842 7.3957544336935692  3.7765810179203014 7.3781169675203282  3.7019056946465696 7.3595825075640322  3.6278559113527074 7.3403244789403441  3.5546240353329339 7.3205225061792749  3.4823894560559814 7.3003572601081981  3.4113162807437307 7.2800055409197384  3.3415517935921155 7.2596360959166484  3.2732246910869134 7.2394054016457172  3.2064468371967561 7.2194570672506613  3.1630185971592701 7.2064267924830521  3.1415926535897931 7.2000000000000002 
 3.14159265358979 4 3.2129924866259216 1 3.2843923196620537 1 3.3557921526981853 1 3.4271919857343174 1 3.498591818770449 1 3.5699916518065811 1 3.6413914848427127 1 3.7127913178788443 1 3.7841911509149764 1 3.855590983951108 1 3.9269908169872396 1 3.9983906500233717 1 4.0697904830595037 1 4.1411903160956349 1 4.212590149131767 1 4.2839899821678991 1 4.3553898152040311 1 4.4267896482401623 1 4.4981894812762944 1 4.5695893143124255 1 4.6409891473485576 1 4.7123889803846897 4
1 1.5707963267948966 0 0 -1 
1 4.7123889803846897 -39.999999999999972 0 1 
7 0 0  3 25 23  0 -69.498940658945699  0.020839117941306759 -69.504503209085343  0.062540614668464181 -69.515632705952456  0.12523454633828582 -69.532294680521687  0.18813452648637904 -69.548878924697263  0.25133131452386592 -69.565339975902631  0.31493370308544355 -69.581632382385934  0.37907076366062592 -69.597710652010832  0.44389147340776669 -69.613529443354196  0.50956133317473751 -69.629042852524435  0.57627011739388889 -69.644207074790799  0.644193600191872 -69.658970471247784  0.71362235463874579 -69.673310640527262  0.78446056829808908 -69.687096065287534  0.85644731367105364 -69.700133129200182  0.92975437237064962 -69.712336978446288  1.0045048337663021 -69.723594758792984  1.0808695038937242 -69.733796855153273  1.1591705489169872 -69.742848696271139  1.2390557345706863 -69.750508970917267  1.3203087506753339 -69.756674204359115  1.4027448256875514 -69.761225795729274  1.4862097541319619 -69.764049198588552  1.5425019500737873 -69.764702249476599  1.5707963267948966 -69.764702249476599 
 -3.4759050751423502e-06 4 2.1627404641718029e-05 1 4.6730714358578409e-05 1 7.1834024075438803e-05 1 9.6937333792299177e-05 1 0.00012204064350915955 1 0.00014714395322601995 1 0.00017224726294288033 1 0.0001973505726597407 1 0.00022245388237660107 1 0.00024755719209346145 1 0.00027266050181032185 1 0.00029776381152718225 1 0.00032286712124404259 1 0.000347970430960903 1 0.00037307374067776334 1 0.00039817705039462374 1 0.00042328036011148414 1 0.00044838366982834449 1 0.00047348697954520489 1 0.00049859028926206518 1 0.00052369359897892558 1 0.00054879690869578598 4
7 0 0  3 25 23  6.166760853696224 4.7123889803847732  6.1665735536139277 4.7332273479653217  6.1661989170789244 4.7749266562631041  6.1656383910980761 4.8376164136580675  6.1650808348596051 4.9005126441319584  6.1645277788268302 4.9637069167419625  6.1639807463385869 5.0273084838970181  6.1634412545405901 5.0914464957635017  6.1629108084564033 5.1562696685059759  6.1623909252103592 5.2219429595200069  6.1618830448089703 5.2886553489112993  6.1613888648398376 5.3565817898869623  6.1609090932430002 5.4260115938054581  6.1604481051738844 5.4968493042445621  6.1600123676327438 5.5688358570995637  6.1596046765245207 5.6421429256108562  6.1592287620023622 5.7168936090231242  6.1588882383786174 5.7932584923105672  6.1585862137461218 5.8715595309142703  6.1583307129846867 5.9514450505136871  6.1581251306213032 6.0326981464405263  6.1579733802422227 6.1151340446330389  6.1578792500847008 6.1985987651528207  6.1578574778830877 6.2548909069167031  6.1578574760115208 6.2831853071795853 
 -3.4759050751423502e-06 4 2.1627404641718029e-05 1 4.6730714358578409e-05 1 7.1834024075438803e-05 1 9.6937333792299177e-05 1 0.00012204064350915955 1 0.00014714395322601995 1 0.00017224726294288033 1 0.0001973505726597407 1 0.00022245388237660107 1 0.00024755719209346145 1 0.00027266050181032185 1 0.00029776381152718225 1 0.00032286712124404259 1 0.000347970430960903 1 0.00037307374067776334 1 0.00039817705039462374 1 0.00042328036011148414 1 0.00044838366982834449 1 0.00047348697954520489 1 0.00049859028926206518 1 0.00052369359897892558 1 0.00054879690869578598 4
7 0 0  3 25 23  4.7123889803846897 0  4.6909630368152433 -9.7426227225949836e-07  4.6475347967777889 0.00041390404833585126  4.5807569428876214 0.0023687942180008132  4.512429840382377 0.0057437713821535414  4.4426653532306846 0.010607372507988773  4.3715921779185232 0.017011157365945846  4.2993575986414898 0.024984928172529782  4.2261257226220597 0.034534350664381368  4.152075939327859 0.045638808966687761  4.0774006160543799 0.058250339438869522  4.0023023534947413 0.07229362192602469  3.9269908169873311 0.08766715140793678  3.8516792804796842 0.10424556630642565  3.7765810179203014 0.12188303247966722  3.7019056946465696 0.14041749243595963  3.6278559113527074 0.15967552105965191  3.5546240353329339 0.17947749382071901  3.4823894560559814 0.19964273989179998  3.4113162807437307 0.21999445908025805  3.3415517935921155 0.24036390408334873  3.2732246910869134 0.26059459835428062  3.2064468371967561 0.28054293274933734  3.1630185971592701 0.29357320751694949  3.1415926535897931 0.30000000000000027 
 3.14159265358979 4 3.2129924866259216 1 3.2843923196620537 1 3.3557921526981853 1 3.4271919857343174 1 3.498591818770449 1 3.5699916518065811 1 3.6413914848427127 1 3.7127913178788443 1 3.7841911509149764 1 3.855590983951108 1 3.9269908169872396 1 3.9983906500233717 1 4.0697904830595037 1 4.1411903160956349 1 4.212590149131767 1 4.2839899821678991 1 4.3553898152040311 1 4.4267896482401623 1 4.4981894812762944 1 4.5695893143124255 1 4.6409891473485576 1 4.7123889803846897 4
7 0 0  3 25 23  4.7123889803846897 80  4.6909630368152424 80.000000974262264  4.647534796777788 79.999586095951656  4.5807569428876214 79.997631205782014  4.5124298403823762 79.994256228617814  4.4426653532306828 79.989392627491995  4.3715921779185392 79.982988842634029  4.2993575986414978 79.975015071827457  4.2261257226220508 79.965465649335599  4.1520759393279034 79.954361191033257  4.0774006160543967 79.941749660561157  4.0023023534948079 79.927706378073921  3.9269908169873302 79.912332848592072  3.8516792804798192 79.895754433693497  3.7765810179203321 79.878116967520313  3.7019056946466953 79.859582507563999  3.6278559113527513 79.840324478940317  3.5546240353330214 79.820522506179245  3.4823894560560555 79.800357260108157  3.4113162807438662 79.780005540919674  3.3415517935921675 79.759636095916647  3.2732246910869698 79.739405401645669  3.2064468371967587 79.719457067250673  3.1630185971592635 79.706426792483057  3.1415926535897931 79.699999999999989 
 3.14159265358979 4 3.2129924866259216 1 3.2843923196620537 1 3.3557921526981853 1 3.4271919857343174 1 3.498591818770449 1 3.5699916518065811 1 3.6413914848427127 1 3.7127913178788443 1 3.7841911509149764 1 3.855590983951108 1 3.9269908169872396 1 3.9983906500233717 1 4.0697904830595037 1 4.1411903160956349 1 4.212590149131767 1 4.2839899821678991 1 4.3553898152040311 1 4.4267896482401623 1 4.4981894812762944 1 4.5695893143124255 1 4.6409891473485576 1 4.7123889803846897 4
1 4.7123889803846897 0 0 -1 
1 1.5707963267948966 3.7499999999999987 0 1 
1 -4.4408920985006262e-16 6.2831853071795862 1 0 
1 -4.4408920985006262e-16 3.1415926535896532 1 2.2581299435256759e-14 
7 0 0  3 25 23  3.2580171070731558 4.712388980384584  3.2582044071554517 4.7332273479651876  3.2585790436904549 4.774926656263017  3.2591395696713019 4.8376164136579503  3.2596971259097733 4.9005126441319957  3.2602501819425473 4.9637069167419918  3.2607972144307928 5.0273084838970199  3.2613367062287897 5.091446495763523  3.2618671523129756 5.1562696685060327  3.2623870355590183 5.2219429595201019  3.2628949159604077 5.288655348911159  3.2633890959295409 5.3565817898869685  3.2638688675263801 5.4260115938052786  3.2643298555954954 5.4968493042444688  3.2647655931366346 5.5688358570994865  3.2651732842448595 5.6421429256109557  3.2655491987670175 5.7168936090229918  3.2658897223907606 5.7932584923107386  3.2661917470232584 5.871559530914344  3.2664472477846913 5.9514450505135761  3.2666528301480775 6.0326981464406337  3.2668045805271531 6.1151340446331695  3.266898710684679 6.1985987651529442  3.2669204828862912 6.2548909069167573  3.2669204847578586 6.2831853071795871 
 -3.4759050751469699e-06 4 2.1627404641713618e-05 1 4.6730714358574201e-05 1 7.1834024075434792e-05 1 9.6937333792295382e-05 1 0.00012204064350915596 1 0.00014714395322601654 1 0.00017224726294287713 1 0.00019735057265973772 1 0.00022245388237659831 1 0.0002475571920934589 1 0.00027266050181031952 1 0.00029776381152718008 1 0.0003228671212440407 1 0.00034797043096090126 1 0.00037307374067776188 1 0.00039817705039462244 1 0.000423280360111483 1 0.00044838366982834362 1 0.00047348697954520419 1 0.00049859028926206475 1 0.00052369359897892537 1 0.00054879690869578598 4
7 0 0  3 25 23  0 -10.501059341054297  0.020839117941279961 -10.49549679091464  0.06254061466838709 -10.484367294047512  0.12523454633815256 -10.467705319478274  0.1881345264862751 -10.451121075302662  0.25133131452374524 -10.434660024097292  0.31493370308532703 -10.418367617613992  0.37907076366052872 -10.402289347989106  0.44389147340769508 -10.386470556645724  0.50956133317472041 -10.370957147475464  0.57627011739378098 -10.355792925209183  0.64419360019187 -10.341029528752124  0.71362235463865642 -10.326689359472706  0.78446056829806299 -10.312903934712436  0.85644731367104743 -10.299866870799766  0.92975437237069536 -10.287663021553648  1.0045048337661469 -10.276405241206913  1.080869503893827 -10.26620314484663  1.159170548917013 -10.257151303728763  1.2390557345705333 -10.249491029082598  1.3203087506754227 -10.243325795640816  1.4027448256876447 -10.238774204270568  1.4862097541320749 -10.235950801411361  1.5425019500738395 -10.2352977505233  1.5707963267948966 -10.235297750523298 
 -3.4759050751469699e-06 4 2.1627404641713618e-05 1 4.6730714358574201e-05 1 7.1834024075434792e-05 1 9.6937333792295382e-05 1 0.00012204064350915596 1 0.00014714395322601654 1 0.00017224726294287713 1 0.00019735057265973772 1 0.00022245388237659831 1 0.0002475571920934589 1 0.00027266050181031952 1 0.00029776381152718008 1 0.0003228671212440407 1 0.00034797043096090126 1 0.00037307374067776188 1 0.00039817705039462244 1 0.000423280360111483 1 0.00044838366982834362 1 0.00047348697954520419 1 0.00049859028926206475 1 0.00052369359897892537 1 0.00054879690869578598 4
7 0 0  3 25 23  4.7123889803846897 69.764702249476599  4.6840942210573706 69.764702249476585  4.627801271648698 69.764049180870686  4.5443352458206716 69.761225703023598  4.4618981025551543 69.756673993063984  4.3806440480731288 69.750508602006391  4.3007578591720366 69.742848136162991  4.2224558424286274 69.733796072467385  4.1460903064938854 69.723593746342246  4.0713389867175955 69.71233570587863  3.9980312645328007 69.700131642235064  3.9260432185228455 69.68709412490189  3.8552060365161527 69.673309066974468  3.7857694451122934 69.658966128796379  3.7178205725738032 69.644194602664882  3.6510758844509574 69.629019680108669  3.5853640561595883 69.613494446373196  3.5205017039936224 69.597664512605107  3.4563301054022135 69.581577492629748  3.3927075448425081 69.565280463656308  3.3295123658099537 69.548820646680014  3.2666430909756259 69.532245224167937  3.2040160152609172 69.515601388914078  3.1623872783101965 69.504491350259585  3.1415926535897931 69.498940658945699 
 0 4 2.5049791857571366e-05 1 5.0099583715142732e-05 1 7.5149375572714091e-05 1 0.00010019916743028546 1 0.00012524895928785684 1 0.00015029875114542818 1 0.00017534854300299955 1 0.00020039833486057093 1 0.0002254481267181423 1 0.00025049791857571367 1 0.00027554771043328502 1 0.00030059750229085636 1 0.00032564729414842776 1 0.00035069708600599911 1 0.00037574687786357051 1 0.00040079666972114185 1 0.0004258464615787132 1 0.0004508962534362846 1 0.00047594604529385595 1 0.00050099583715142735 1 0.00052604562900899869 1 0.00055109542086657004 4
7 0 0  3 25 23  0.12532783116806542 6.2831853071795862  0.12532782929640407 6.2548905243091752  0.12530605650403948 6.1985976290816014  0.12521192384614649 6.1151318111898973  0.12506016951251553 6.0326948447535198  0.12485458189135588 5.9514407104430447  0.1245990747484861 5.8715541875824533  0.12429704268197284 5.7932521772450407  0.1239565113770475 5.7168864281986336  0.12358058815507025 5.642134886213614  0.12317288985470527 5.5688271549241781  0.12273713716599573 5.4968392987947894  0.12227616119067507 5.4260026298656925  0.12179629747573753 5.3565649522119188  0.12130184667354843 5.2886130133263611  0.12079360909370486 5.2218645935687036  0.1202733302887679 5.1561492199722103  0.11974251046261201 5.0912843326320365  0.11920272401374719 5.0271117702409587  0.11865553439370427 4.9634900833864242  0.11810251724540254 4.9002975271915048  0.11754525477911806 4.8374321389992252  0.11698533658783422 4.7748093645253489  0.11661135428543686 4.7331828552607789  0.11642445348336242 4.7123889803847732 
 0 4 2.5049791857571366e-05 1 5.0099583715142732e-05 1 7.5149375572714091e-05 1 0.00010019916743028546 1 0.00012524895928785684 1 0.00015029875114542818 1 0.00017534854300299955 1 0.00020039833486057093 1 0.0002254481267181423 1 0.00025049791857571367 1 0.00027554771043328502 1 0.00030059750229085636 1 0.00032564729414842776 1 0.00035069708600599911 1 0.00037574687786357051 1 0.00040079666972114185 1 0.0004258464615787132 1 0.0004508962534362846 1 0.00047594604529385595 1 0.00050099583715142735 1 0.00052604562900899869 1 0.00055109542086657004 4
1 4.7123889803846897 0 0 -1 
1 1.5707963267948966 39.999999999999964 0 1 
1 1.5707963267948966 0 0 -1 
1 4.7123889803846897 -39.999999999999964 0 1 
7 0 0  3 25 23  0 -0.29999999999999716  0.021425943569465714 -0.29357320751694027  0.064854183606959215 -0.28054293274932091  0.13163203749717994 -0.26059459835426374  0.19995914000235465 -0.24036390408332853  0.26972362715407988 -0.21999445908024659  0.34079680246619087 -0.1996427398917987  0.41303138174322651 -0.17947749382071221  0.48626325776293888 -0.15967552105964308  0.56031304105688906 -0.14041749243594565  0.6349883643305021 -0.12188303247966197  0.71008662688991897 -0.10424556630641622  0.78539816339751567 -0.087667151407929064  0.86070969990511703 -0.072293621926003263  0.93580796246455811 -0.058250339438859149  1.0104832857381065 -0.045638808966694644  1.0845330690322497 -0.034534350664364222  1.1577649450516907 -0.024984928172540888  1.2299995243287629 -0.017011157365931874  1.3010726996408006 -0.010607372507993498  1.3708371867926257 -0.005743771382143428  1.4391642892977425 -0.0023687942180098658  1.5059421431880087 -0.00041390404833375593  1.5493703832254722 9.7426227520333702e-07  1.5707963267948966 0 
 1.5707963267949001 4 1.6421961598310315 1 1.7135959928671629 1 1.7849958259032941 1 1.8563956589394255 1 1.9277954919755569 1 1.9991953250116883 1 2.0705951580478197 1 2.1419949910839509 1 2.2133948241200825 1 2.2847946571562137 1 2.3561944901923448 1 2.4275943232284765 1 2.4989941562646076 1 2.5703939893007393 1 2.6417938223368704 1 2.7131936553730016 1 2.7845934884091332 1 2.8559933214452649 1 2.927393154481396 1 2.9987929875175272 1 3.0701928205536584 1 3.14159265358979 4
7 0 0  3 25 23  0 -7.2000000000000002  0.02142594356948448 -7.2064267924830521  0.064854183607003707 -7.2194570672506639  0.13163203749723532 -7.2394054016457181  0.19995914000242335 -7.2596360959166466  0.26972362715411552 -7.2800055409197384  0.34079680246620209 -7.3003572601081936  0.41303138174325443 -7.3205225061792749  0.4862632577629703 -7.3403244789403423  0.5603130410569398 -7.3595825075640349  0.63498836433052297 -7.3781169675203282  0.71008662688995627 -7.3957544336935657  0.78539816339754132 -7.412332848592059  0.86070969990517221 -7.4277063780739683  0.93580796246458497 -7.4417496605611211  1.0104832857381023 -7.4543611910333079  1.0845330690322788 -7.4654656493356129  1.1577649450516809 -7.4750150718274622  1.2299995243287809 -7.4829888426340503  1.3010726996407977 -7.4893926274920046  1.370837186792631 -7.4942562286178447  1.4391642892977385 -7.4976312057819952  1.5059421431880096 -7.4995860959516634  1.549370383225473 -7.5000009742622717  1.5707963267948966 -7.5 
 1.5707963267949001 4 1.6421961598310315 1 1.7135959928671629 1 1.7849958259032941 1 1.8563956589394255 1 1.9277954919755569 1 1.9991953250116883 1 2.0705951580478197 1 2.1419949910839509 1 2.2133948241200825 1 2.2847946571562137 1 2.3561944901923448 1 2.4275943232284765 1 2.4989941562646076 1 2.5703939893007393 1 2.6417938223368704 1 2.7131936553730016 1 2.7845934884091332 1 2.8559933214452649 1 2.927393154481396 1 2.9987929875175272 1 3.0701928205536584 1 3.14159265358979 4
7 0 0  3 25 23  3.0162648224217277 6.2831853071795862  3.0162648242933892 6.254890524309169  3.0162865970857542 6.1985976290816032  3.0163807297436462 6.1151318111899586  3.016532484077278 6.0326948447533297  3.0167380716984376 5.9514407104430527  3.0169935788413067 5.8715541875823822  3.0172956109078197 5.7932521772448897  3.0176361422127456 5.716886428198511  3.0180120654347227 5.6421348862134391  3.0184197637350874 5.5688271549242234  3.0188555164237969 5.4968392987944448  3.0193164923991174 5.4260026298656596  3.0197963561140555 5.3565649522117083  3.0202908069162446 5.2886130133262634  3.0207990444960884 5.2218645935686379  3.0213193233010256 5.1561492199722014  3.0218501431271814 5.0912843326320614  3.0223899295760481 5.0271117702409969  3.0229371191960901 4.9634900833865085  3.0234901363443911 4.9002975271916034  3.0240473988106764 4.837432138999235  3.0246073170019607 4.7748093645252876  3.0249812993043563 4.7331828552606341  3.0251682001064304 4.7123889803845795 
 0 4 2.5049791857571454e-05 1 5.0099583715142908e-05 1 7.5149375572714362e-05 1 0.00010019916743028582 1 0.00012524895928785727 1 0.00015029875114542872 1 0.00017534854300300018 1 0.00020039833486057163 1 0.00022544812671814309 1 0.00025049791857571454 1 0.00027554771043328599 1 0.00030059750229085745 1 0.0003256472941484289 1 0.00035069708600600036 1 0.00037574687786357181 1 0.00040079666972114326 1 0.00042584646157871472 1 0.00045089625343628617 1 0.00047594604529385763 1 0.00050099583715142908 1 0.00052604562900900053 1 0.00055109542086657199 4
7 0 0  3 25 23  4.7123889803846897 10.235297750523298  4.6840942210573608 10.2352977505233  4.62780127164869 10.235950819129222  4.5443352458207142 10.238774296976294  4.4618981025549953 10.243326006936014  4.380644048073167 10.24949139799357  4.3007578591720401 10.257151863837002  4.2224558424285723 10.266203927532592  4.1460903064938455 10.276406253657749  4.0713389867175644 10.287664294121367  3.9980312645329561 10.299868357764925  3.9260432185226795 10.312905875098114  3.8552060365162455 10.326690933025503  3.7857694451122605 10.341033871203626  3.7178205725737916 10.355805397335081  3.6510758844509139 10.370980319891286  3.5853640561595199 10.386505553626728  3.5205017039935318 10.402335487394824  3.456330105402075 10.418422507370167  3.3927075448423643 10.434719536343602  3.3295123658098333 10.45117935331988  3.2666430909754878 10.467754775832008  3.2040160152608439 10.484398611085853  3.1623872783101725 10.49550864974039  3.1415926535897931 10.501059341054297 
 0 4 2.5049791857571454e-05 1 5.0099583715142908e-05 1 7.5149375572714362e-05 1 0.00010019916743028582 1 0.00012524895928785727 1 0.00015029875114542872 1 0.00017534854300300018 1 0.00020039833486057163 1 0.00022544812671814309 1 0.00025049791857571454 1 0.00027554771043328599 1 0.00030059750229085745 1 0.0003256472941484289 1 0.00035069708600600036 1 0.00037574687786357181 1 0.00040079666972114326 1 0.00042584646157871472 1 0.00045089625343628617 1 0.00047594604529385763 1 0.00050099583715142908 1 0.00052604562900900053 1 0.00055109542086657199 4
1 0 6.2831853071795862 1 0 
1 0 3.1415926535897927 1 0 
1 1.5707963267948966 0 0 -1 
1 4.7123889803846897 -3.7499999999999987 0 1 
7 0 0  3 25 23  0 -0.30000000000000027  0.02142594356948448 -0.29357320751694838  0.064854183607003707 -0.28054293274933606  0.13163203749723532 -0.26059459835428128  0.19995914000242335 -0.24036390408334987  0.26972362715411552 -0.21999445908025581  0.34079680246620209 -0.19964273989180195  0.41303138174325443 -0.17947749382071918  0.4862632577629703 -0.15967552105965183  0.5603130410569398 -0.14041749243595963  0.63498836433052297 -0.12188303247966654  0.71008662688995627 -0.10424556630642653  0.78539816339754132 -0.0876671514079366  0.86070969990517221 -0.072293621926024079  0.93580796246458497 -0.05825033943886964  1.0104832857381023 -0.045638808966687865  1.0845330690322788 -0.03453435066438082  1.1577649450516809 -0.024984928172531898  1.2299995243287809 -0.017011157365945898  1.3010726996407977 -0.01060737250798903  1.370837186792631 -0.0057437713821526072  1.4391642892977385 -0.0023687942180016046  1.5059421431880096 -0.00041390404833630673  1.549370383225473 9.7426227209497238e-07  1.5707963267948966 0 
 1.5707963267949001 4 1.6421961598310315 1 1.7135959928671629 1 1.7849958259032941 1 1.8563956589394255 1 1.9277954919755569 1 1.9991953250116883 1 2.0705951580478197 1 2.1419949910839509 1 2.2133948241200825 1 2.2847946571562137 1 2.3561944901923448 1 2.4275943232284765 1 2.4989941562646076 1 2.5703939893007393 1 2.6417938223368704 1 2.7131936553730016 1 2.7845934884091332 1 2.8559933214452649 1 2.927393154481396 1 2.9987929875175272 1 3.0701928205536584 1 3.14159265358979 4
7 0 0  3 25 23  3.1415926535897931 0.29999999999999716  3.1630185971592604 0.29357320751694027  3.2064468371967569 0.28054293274932091  3.2732246910869809 0.26059459835426374  3.3415517935921568 0.24036390408332853  3.4113162807438888 0.21999445908024659  3.4823894560559947 0.1996427398917987  3.5546240353330347 0.17947749382071221  3.6278559113527455 0.15967552105964308  3.7019056946467024 0.14041749243594565  3.7765810179203125 0.12188303247966197  3.8516792804797308 0.10424556630641622  3.9269908169873231 0.087667151407929064  4.002302353494926 0.072293621926003263  4.0774006160543639 0.058250339438859149  4.1520759393279123 0.045638808966694644  4.2261257226220508 0.034534350664364222  4.2993575986414889 0.024984928172540888  4.3715921779185622 0.017011157365931874  4.4426653532305975 0.010607372507993498  4.5124298403824197 0.005743771382143428  4.580756942887537 0.0023687942180098658  4.6475347967778013 0.00041390404833375593  4.6909630368152655 -9.7426227520333702e-07  4.7123889803846897 0 
 1.5707963267949001 4 1.6421961598310315 1 1.7135959928671629 1 1.7849958259032941 1 1.8563956589394255 1 1.9277954919755569 1 1.9991953250116883 1 2.0705951580478197 1 2.1419949910839509 1 2.2133948241200825 1 2.2847946571562137 1 2.3561944901923448 1 2.4275943232284765 1 2.4989941562646076 1 2.5703939893007393 1 2.6417938223368704 1 2.7131936553730016 1 2.7845934884091332 1 2.8559933214452649 1 2.927393154481396 1 2.9987929875175272 1 3.0701928205536584 1 3.14159265358979 4
1 4.7123889803846897 0 0 -1 
1 1.5707963267948966 39.999999999999972 0 1 
7 0 0  3 25 23  0.12532783116806542 3.1415926535897927  0.12532783035031889 3.113361172582132  0.12534240608326941 3.0574492402768905  0.12540518377700932 2.9750270270271546  0.12550606083031246 2.8938088982744552  0.12564221104149664 2.8136729420691085  0.12581080389234819 2.7345674150491317  0.12600900476601684 2.6565118309393867  0.12623397992843932 2.579581642054114  0.12648288830613721 2.5038933751411006  0.12675292022633528 2.4295933603721869  0.12704116041838537 2.3568252956765354  0.12734510591227771 2.285778035754559  0.12766073899162261 2.216438454204551  0.12798578532391394 2.1484547794735613  0.12831949369849177 2.0816651847223242  0.12866070810205657 2.0158696733128068  0.12900838455665359 1.9508961337945683  0.12936145284971715 1.8865859357208823  0.12971885377675732 1.8227998830848708  0.13007952928548977 1.7594175596758506  0.13044242534641801 1.696338370983834  0.13080649086189214 1.6334789210725877  0.13104928331491997 1.5916799473341414  0.13117052545811911 1.5707963267950753 
 0 4 1.6662525798998e-05 1 3.3325051597996001e-05 1 4.9987577396994001e-05 1 6.6650103195992002e-05 1 8.3312628994990009e-05 1 9.9975154793988002e-05 1 0.000116637680592986 1 0.000133300206391984 1 0.00014996273219098201 1 0.00016662525798998002 1 0.000183287783788978 1 0.000199950309587976 1 0.00021661283538697401 1 0.00023327536118597199 1 0.00024993788698497 1 0.00026660041278396801 1 0.00028326293858296601 1 0.00029992546438196402 1 0.00031658799018096203 1 0.00033325051597996003 1 0.00034991304177895799 1 0.00036657556757795599 4
7 0 0  3 25 23  1.5707963267948966 -29.764702249476628  1.5990278312885171 -29.764702249476628  1.6549397132936778 -29.765139621571063  1.7373616680482853 -29.767023332022408  1.8185794104163153 -29.770050231161129  1.8987150951572485 -29.774135854135515  1.9778206153316376 -29.779195740660061  2.0558764770630447 -29.785145413413805  2.1328071045253125 -29.791900458651472  2.208495768022904 -29.799376225360501  2.2827959264062661 -29.807488948021678  2.3555638783291668 -29.816151556409885  2.4266107562715282 -29.825289313630062  2.4959510859938212 -29.834781454172919  2.563936849594231 -29.844559915335903  2.6307289973703427 -29.85460266303085  2.696526945988257 -29.864875329839396  2.7615022485442573 -29.875346853049184  2.8258131510706197 -29.88598528445447  2.8895986613596305 -29.89675891311677  2.9529792421437113 -29.90763596452199  3.0160557963463952 -29.918584681191362  3.0789122677018819 -29.929573301080104  3.1207096203173608 -29.936904475941787  3.1415926535897931 -29.940566126912127 
 0 4 1.6662525798998e-05 1 3.3325051597996001e-05 1 4.9987577396994001e-05 1 6.6650103195992002e-05 1 8.3312628994990009e-05 1 9.9975154793988002e-05 1 0.000116637680592986 1 0.000133300206391984 1 0.00014996273219098201 1 0.00016662525798998002 1 0.000183287783788978 1 0.000199950309587976 1 0.00021661283538697401 1 0.00023327536118597199 1 0.00024993788698497 1 0.00026660041278396801 1 0.00028326293858296601 1 0.00029992546438196402 1 0.00031658799018096203 1 0.00033325051597996003 1 0.00034991304177895799 1 0.00036657556757795599 4
7 0 0  3 25 23  3.0104221281316743 1.5707963267948608  3.0105436517718851 1.5917285043292388  3.010786906828419 1.6336069036568839  3.0111514054249011 1.6965394185834921  3.0115145140377497 1.7596523072077839  3.0118752220469585 1.8230366661780466  3.0122325160386771 1.8868010638270685  3.0125853786762886 1.951073985201812  3.0129327917747681 2.0160025137913427  3.0132737256634656 2.0817526280925271  3.0136071793345671 2.148503350893197  3.0139320313038906 2.2164594774316146  3.0142475969807974 2.2857904131504192  3.014551549434219 2.3568385274122714  3.0148397769577375 2.4296048803739181  3.0151098019171214 2.5039038511154583  3.0153587024047974 2.5795908758892496  3.0155836706785712 2.6565198560824803  3.0157818653002186 2.7345742002316391  3.0159504527861549 2.8136784674211892  3.0160865986051921 2.8938131308315693  3.0161874723687898 2.9750299224632548  3.0162502479928541 3.0574507377085758  3.016264823239422 3.1133616831065729  3.0162648224217281 3.1415926535897754 
 -2.8406776999421999e-06 4 1.3860533133287491e-05 1 3.0561743966517183e-05 1 4.7262954799746878e-05 1 6.3964165632976558e-05 1 8.0665376466206246e-05 1 9.7366587299435947e-05 1 0.00011406779813266563 1 0.00013076900896589534 1 0.00014747021979912502 1 0.00016417143063235471 1 0.0001808726414655844 1 0.00019757385229881411 1 0.0002142750631320438 1 0.00023097627396527349 1 0.00024767748479850312 1 0.00026437869563173284 1 0.00028107990646496255 1 0.00029778111729819221 1 0.00031448232813142192 1 0.00033118353896465159 1 0.0003478847497978813 1 0.00036458596063111101 4
7 0 0  3 25 23  3.1415926535897931 29.94056612691217  3.1206610639495471 29.936895974764099  3.0787842588578318 29.929550842151546  3.0158546344224715 29.91854918469155  2.9527442847875429 29.907594094719855  2.889361593183073 29.896716099590805  2.8255977008572115 29.885945721738054  2.7613240832129353 29.875313501952938  2.6963938415659623 29.864849912516824  2.630641369519128 29.854585681393406  2.5638881820628439 29.844550582326828  2.4959300424086313 29.834777950257248  2.4265983843369523 29.825287829560171  2.3555506451063066 29.816149865673896  2.2827844067193852 29.80748763803026  2.2084852918471709 29.799375124998207  2.1327978706365576 29.791899595511445  2.0558684518682657 29.785144757307567  1.9778138301474018 29.779195272343802  1.8987095698268746 29.774135546894968  1.8185751778859682 29.770050055745916  1.7373587726266666 29.767023255323785  1.654938215863806 29.765139606976437  1.5990273207626209 29.764702249476681  1.5707963267948966 29.76470224947667 
 -2.8406776999421999e-06 4 1.3860533133287491e-05 1 3.0561743966517183e-05 1 4.7262954799746878e-05 1 6.3964165632976558e-05 1 8.0665376466206246e-05 1 9.7366587299435947e-05 1 0.00011406779813266563 1 0.00013076900896589534 1 0.00014747021979912502 1 0.00016417143063235471 1 0.0001808726414655844 1 0.00019757385229881411 1 0.0002142750631320438 1 0.00023097627396527349 1 0.00024767748479850312 1 0.00026437869563173284 1 0.00028107990646496255 1 0.00029778111729819221 1 0.00031448232813142192 1 0.00033118353896465159 1 0.0003478847497978813 1 0.00036458596063111101 4
7 0 0  3 25 23  3.1415926535897931 40.199999999999967  3.1201667100203276 40.195715471677943  3.0767384699828386 40.187028621832873  3.0099606160926191 40.173729732236161  2.941633513587433 40.160242602722228  2.8718690264356628 40.146662972720165  2.8007958511235271 40.133095159927862  2.7285612718463765 40.119651662547128  2.6553293958268456 40.106450347373098  2.5812796125327289 40.093611661623967  2.5066042892590668 40.081255354986446  2.4315060266994988 40.069497044204283  2.3561944901919141 40.058444767605287  2.2808829536843711 40.048195747950693  2.2057846911248475 40.038833559625907  2.1311093678509971 40.03042587264445  2.0570595845572868 40.023022900442918  1.9838277085372884 40.016656618781639  1.9115931292604702 40.011340771577267  1.8405199539481361 40.007071581671958  1.7707554667968932 40.003829180921386  1.7024283642917653 40.001579196145293  1.635650510401645 40.000275936032189  1.5922222703642668 39.999999350491784  1.5707963267948966 39.999999999999964 
 1.5707963267949001 4 1.6421961598310315 1 1.7135959928671629 1 1.7849958259032941 1 1.8563956589394255 1 1.9277954919755569 1 1.9991953250116883 1 2.0705951580478197 1 2.1419949910839509 1 2.2133948241200825 1 2.2847946571562137 1 2.3561944901923448 1 2.4275943232284765 1 2.4989941562646076 1 2.5703939893007393 1 2.6417938223368704 1 2.7131936553730016 1 2.7845934884091332 1 2.8559933214452649 1 2.927393154481396 1 2.9987929875175272 1 3.0701928205536584 1 3.14159265358979 4
7 0 0  3 25 23  6.2831853071795862 -3.9499999999999984  6.2617593636101585 -3.945715471677965  6.2183311235726926 -3.9370286218328907  6.1515532696824433 -3.9237297322361866  6.0832261671773544 -3.9102426027222328  6.0134616800255953 -3.8966629727201711  5.9423885047134544 -3.8830951599278682  5.8701539254362682 -3.8696516625471444  5.7969220494167812 -3.8564503473731038  5.7228722661226508 -3.8436116616239739  5.6481969428489389 -3.8312553549864479  5.5730986802894327 -3.8194970442042835  5.49778714378178 -3.8084447676052928  5.4224756072743112 -3.7981957479506834  5.3473773447147064 -3.7888335596259144  5.272702021440832 -3.7804258726444591  5.1986522381471456 -3.7730229004429225  5.12542036212706 -3.7666566187816852  5.0531857828502824 -3.761340771577296  4.9821126075379309 -3.7570715816719931  4.9123481203866755 -3.753829180921433  4.8440210178815537 -3.7515791961453333  4.7772431639914368 -3.7502759360322222  4.7338149239540614 -3.7499993504918163  4.7123889803846897 -3.7499999999999987 
 1.5707963267949001 4 1.6421961598310315 1 1.7135959928671629 1 1.7849958259032941 1 1.8563956589394255 1 1.9277954919755569 1 1.9991953250116883 1 2.0705951580478197 1 2.1419949910839509 1 2.2133948241200825 1 2.2847946571562137 1 2.3561944901923448 1 2.4275943232284765 1 2.4989941562646076 1 2.5703939893007393 1 2.6417938223368704 1 2.7131936553730016 1 2.7845934884091332 1 2.8559933214452649 1 2.927393154481396 1 2.9987929875175272 1 3.0701928205536584 1 3.14159265358979 4
7 0 0  3 25 23  1.5707963267948966 -40.000000000000036  1.5922222703642239 -39.999999350491855  1.635650510401554 -40.00027593603226  1.7024283642917277 -40.001579196145379  1.7707554667967158 -40.003829180921457  1.8405199539484696 -40.007071581672044  1.9115931292605408 -40.011340771577316  1.9838277085374796 -40.016656618781724  2.0570595845572384 -40.023022900442946  2.1311093678509989 -40.030425872644486  2.2057846911248875 -40.038833559625957  2.2808829536842135 -40.0481957479507  2.3561944901918594 -40.05844476760533  2.4315060266995716 -40.069497044204304  2.5066042892591285 -40.081255354986475  2.5812796125326565 -40.093611661623989  2.6553293958268513 -40.106450347373155  2.7285612718464294 -40.119651662547142  2.8007958511235214 -40.133095159927912  2.8718690264356601 -40.146662972720179  2.9416335135874356 -40.160242602722263  3.0099606160926178 -40.173729732236225  3.0767384699828386 -40.187028621832923  3.1201667100203281 -40.195715471677993  3.1415926535897931 -40.200000000000031 
 3.14159265358979 4 3.2129924866259216 1 3.2843923196620537 1 3.3557921526981853 1 3.4271919857343174 1 3.498591818770449 1 3.5699916518065811 1 3.6413914848427127 1 3.7127913178788443 1 3.7841911509149764 1 3.855590983951108 1 3.9269908169872396 1 3.9983906500233717 1 4.0697904830595037 1 4.1411903160956349 1 4.212590149131767 1 4.2839899821678991 1 4.3553898152040311 1 4.4267896482401623 1 4.4981894812762944 1 4.5695893143124255 1 4.6409891473485576 1 4.7123889803846897 4
7 0 0  3 25 23  1.5707963267948966 3.7499999999999987  1.5922222703642241 3.7499993504918172  1.6356505104015551 3.7502759360322226  1.7024283642917324 3.7515791961453337  1.7707554667967176 3.753829180921433  1.840519953948492 3.7570715816719908  1.9115931292605315 3.7613407715772973  1.9838277085374816 3.7666566187816857  2.0570595845572353 3.7730229004429217  2.1311093678509896 3.7804258726444591  2.2057846911248853 3.7888335596259153  2.2808829536841833 3.7981957479506838  2.3561944901918781 3.8084447676052924  2.431506026699509 3.8194970442042866  2.5066042892590894 3.8312553549864461  2.5812796125326085 3.8436116616239748  2.6553293958269153 3.8564503473731033  2.7285612718462646 3.8696516625471475  2.800795851123576 3.8830951599278691  2.8718690264355531 3.8966629727201703  2.9416335135874143 3.9102426027222346  3.0099606160926582 3.9237297322361853  3.0767384699828066 3.9370286218328907  3.1201667100202966 3.9457154716779654  3.1415926535897931 3.9499999999999984 
 3.14159265358979 4 3.2129924866259216 1 3.2843923196620537 1 3.3557921526981853 1 3.4271919857343174 1 3.498591818770449 1 3.5699916518065811 1 3.6413914848427127 1 3.7127913178788443 1 3.7841911509149764 1 3.855590983951108 1 3.9269908169872396 1 3.9983906500233717 1 4.0697904830595037 1 4.1411903160956349 1 4.212590149131767 1 4.2839899821678991 1 4.3553898152040311 1 4.4267896482401623 1 4.4981894812762944 1 4.5695893143124255 1 4.6409891473485576 1 4.7123889803846897 4
7 0 0  3 25 23  6.2831853071795862 3.9500000000000015  6.2617593636101585 3.9457154716779681  6.2183311235726926 3.9370286218328929  6.1515532696824433 3.9237297322361888  6.0832261671773544 3.9102426027222328  6.0134616800255953 3.8966629727201711  5.9423885047134544 3.8830951599278656  5.8701539254362682 3.8696516625471431  5.7969220494167812 3.8564503473730998  5.7228722661226508 3.8436116616239704  5.6481969428489389 3.831255354986443  5.5730986802894327 3.8194970442042808  5.49778714378178 3.8084447676052888  5.4224756072743112 3.7981957479506798  5.3473773447147064 3.7888335596259095  5.272702021440832 3.7804258726444555  5.1986522381471456 3.7730229004429181  5.12542036212706 3.7666566187816826  5.0531857828502824 3.7613407715772937  4.9821126075379309 3.7570715816719917  4.9123481203866755 3.753829180921433  4.8440210178815537 3.7515791961453346  4.7772431639914368 3.7502759360322231  4.7338149239540614 3.749999350491819  4.7123889803846897 3.7500000000000013 
 1.5707963267949001 4 1.6421961598310315 1 1.7135959928671629 1 1.7849958259032941 1 1.8563956589394255 1 1.9277954919755569 1 1.9991953250116883 1 2.0705951580478197 1 2.1419949910839509 1 2.2133948241200825 1 2.2847946571562137 1 2.3561944901923448 1 2.4275943232284765 1 2.4989941562646076 1 2.5703939893007393 1 2.6417938223368704 1 2.7131936553730016 1 2.7845934884091332 1 2.8559933214452649 1 2.927393154481396 1 2.9987929875175272 1 3.0701928205536584 1 3.14159265358979 4
7 0 0  3 25 23  6.2831853071795862 -40.199999999999967  6.2617593636101185 -40.195715471677943  6.2183311235726269 -40.187028621832873  6.1515532696824069 -40.173729732236161  6.0832261671772079 -40.160242602722228  6.0134616800254426 -40.146662972720165  5.9423885047132909 -40.133095159927862  5.8701539254361483 -40.119651662547128  5.7969220494166054 -40.106450347373098  5.7228722661224918 -40.093611661623967  5.6481969428488306 -40.081255354986446  5.5730986802892684 -40.069497044204283  5.4977871437816788 -40.058444767605287  5.4224756072741425 -40.048195747950693  5.3473773447146158 -40.038833559625907  5.2727020214407743 -40.03042587264445  5.198652238147063 -40.023022900442918  5.1254203621270706 -40.016656618781639  5.0531857828502549 -40.011340771577267  4.982112607537923 -40.007071581671958  4.9123481203866826 -40.003829180921386  4.8440210178815573 -40.001579196145293  4.7772431639914368 -40.000275936032189  4.7338149239540606 -39.999999350491784  4.7123889803846897 -39.999999999999964 
 1.5707963267949001 4 1.6421961598310315 1 1.7135959928671629 1 1.7849958259032941 1 1.8563956589394255 1 1.9277954919755569 1 1.9991953250116883 1 2.0705951580478197 1 2.1419949910839509 1 2.2133948241200825 1 2.2847946571562137 1 2.3561944901923448 1 2.4275943232284765 1 2.4989941562646076 1 2.5703939893007393 1 2.6417938223368704 1 2.7131936553730016 1 2.7845934884091332 1 2.8559933214452649 1 2.927393154481396 1 2.9987929875175272 1 3.0701928205536584 1 3.14159265358979 4
7 0 0  3 25 23  1.5707963267948966 -3.7500000000000013  1.5922222703642241 -3.749999350491819  1.6356505104015551 -3.7502759360322249  1.7024283642917324 -3.7515791961453351  1.7707554667967176 -3.7538291809214313  1.840519953948492 -3.7570715816719917  1.9115931292605315 -3.7613407715772937  1.9838277085374816 -3.7666566187816848  2.0570595845572353 -3.7730229004429181  2.1311093678509896 -3.7804258726444546  2.2057846911248853 -3.7888335596259117  2.2808829536841833 -3.798195747950678  2.3561944901918781 -3.8084447676052884  2.431506026699509 -3.8194970442042817  2.5066042892590894 -3.8312553549864425  2.5812796125326085 -3.8436116616239704  2.6553293958269153 -3.8564503473731007  2.7285612718462646 -3.8696516625471431  2.800795851123576 -3.8830951599278682  2.8718690264355531 -3.8966629727201685  2.9416335135874143 -3.9102426027222346  3.0099606160926582 -3.9237297322361879  3.0767384699828066 -3.9370286218328916  3.1201667100202966 -3.9457154716779672  3.1415926535897931 -3.9500000000000015 
 3.14159265358979 4 3.2129924866259216 1 3.2843923196620537 1 3.3557921526981853 1 3.4271919857343174 1 3.498591818770449 1 3.5699916518065811 1 3.6413914848427127 1 3.7127913178788443 1 3.7841911509149764 1 3.855590983951108 1 3.9269908169872396 1 3.9983906500233717 1 4.0697904830595037 1 4.1411903160956349 1 4.212590149131767 1 4.2839899821678991 1 4.3553898152040311 1 4.4267896482401623 1 4.4981894812762944 1 4.5695893143124255 1 4.6409891473485576 1 4.7123889803846897 4
7 0 0  3 25 23  4.7123889803846897 40.000000000000036  4.7338149239540179 39.999999350491855  4.7772431639913471 40.00027593603226  4.84402101788152 40.001579196145379  4.9123481203865023 40.003829180921457  4.9821126075382596 40.007071581672044  5.0531857828503224 40.011340771577316  5.125420362127266 40.016656618781724  5.1986522381470133 40.023022900442946  5.2727020214407769 40.030425872644486  5.3473773447146575 40.038833559625957  5.422475607273979 40.0481957479507  5.4977871437816264 40.05844476760533  5.573098680289335 40.069497044204304  5.6481969428488954 40.081255354986475  5.7228722661224189 40.093611661623989  5.7969220494166143 40.106450347373155  5.8701539254361927 40.119651662547142  5.9423885047132909 40.133095159927912  6.0134616800254337 40.146662972720179  6.0832261671772159 40.160242602722263  6.151553269682406 40.173729732236225  6.2183311235726206 40.187028621832923  6.261759363610115 40.195715471677993  6.2831853071795871 40.200000000000031 
 3.14159265358979 4 3.2129924866259216 1 3.2843923196620537 1 3.3557921526981853 1 3.4271919857343174 1 3.498591818770449 1 3.5699916518065811 1 3.6413914848427127 1 3.7127913178788443 1 3.7841911509149764 1 3.855590983951108 1 3.9269908169872396 1 3.9983906500233717 1 4.0697904830595037 1 4.1411903160956349 1 4.212590149131767 1 4.2839899821678991 1 4.3553898152040311 1 4.4267896482401623 1 4.4981894812762944 1 4.5695893143124255 1 4.6409891473485576 1 4.7123889803846897 4
7 0 0  3 25 23  6.2831853071795862 -29.94056612691217  6.2622537175393793 -29.936895974764099  6.2203769124477173 -29.929550842151549  6.1574472880123849 -29.918549184691546  6.0943369383775101 -29.907594094719858  6.0309542467730068 -29.896716099590797  5.9671903544471521 -29.88594572173805  5.9029167368028004 -29.875313501952938  5.8379864951559481 -29.864849912516839  5.7722340231089149 -29.854585681393402  5.7054808356526934 -29.844550582326825  5.6375226959982587 -29.834777950257244  5.5681910379267592 -29.82528782956016  5.4971432986960691 -29.816149865673907  5.4243770603091548 -29.80748763803026  5.3500779454369551 -29.799375124998214  5.2743905242262956 -29.791899595511438  5.1974611054581921 -29.785144757307567  5.1194064837370217 -29.779195272343799  5.0403022234167816 -29.774135546894975  4.9601678314758582 -29.770050055745909  4.8789514262163474 -29.767023255323799  4.7965308694535214 -29.765139606976415  4.740619974352386 -29.764702249476667  4.7123889803846897 -29.76470224947667 
 -2.84067769994612e-06 4 1.3860533133283794e-05 1 3.0561743966513707e-05 1 4.7262954799743618e-05 1 6.3964165632973536e-05 1 8.0665376466203454e-05 1 9.7366587299433358e-05 1 0.00011406779813266328 1 0.00013076900896589319 1 0.0001474702197991231 1 0.00016417143063235303 1 0.00018087264146558293 1 0.00019757385229881284 1 0.00021427506313204277 1 0.00023097627396527267 1 0.00024767748479850258 1 0.00026437869563173251 1 0.00028107990646496244 1 0.00029778111729819232 1 0.00031448232813142225 1 0.00033118353896465218 1 0.00034788474979788206 1 0.00036458596063111199 4
7 0 0  3 25 23  3.2727631790479119 1.5707963267948715  3.2726416554077016 1.5917285043292386  3.2723984003511672 1.6336069036568683  3.2720339017546869 1.6965394185834688  3.2716707931418361 1.7596523072077548  3.27131008513263 1.8230366661780557  3.27095279114091 1.8868010638270556  3.2705999285032985 1.9510739852018071  3.270252515404819 2.0160025137911557  3.2699115815161202 2.0817526280925782  3.2695781278450213 2.1485033508931637  3.2692532758756943 2.2164594774317874  3.2689377101987898 2.2857904131504188  3.2686337577453664 2.3568385274122443  3.2683455302218491 2.4296048803739034  3.2680755052624639 2.503903851115465  3.2678266047747893 2.5795908758892954  3.2676016365010154 2.6565198560823391  3.2674034418793676 2.7345742002318176  3.2672348543934309 2.8136784674210449  3.2670987085743937 2.8938131308314841  3.2669978348107964 2.9750299224633521  3.2669350591867321 3.0574507377086704  3.2669204839401642 3.1133616831065876  3.2669204847578581 3.1415926535897252 
 -2.84067769994612e-06 4 1.3860533133283794e-05 1 3.0561743966513707e-05 1 4.7262954799743618e-05 1 6.3964165632973536e-05 1 8.0665376466203454e-05 1 9.7366587299433358e-05 1 0.00011406779813266328 1 0.00013076900896589319 1 0.0001474702197991231 1 0.00016417143063235303 1 0.00018087264146558293 1 0.00019757385229881284 1 0.00021427506313204277 1 0.00023097627396527267 1 0.00024767748479850258 1 0.00026437869563173251 1 0.00028107990646496244 1 0.00029778111729819232 1 0.00031448232813142225 1 0.00033118353896465218 1 0.00034788474979788206 1 0.00036458596063111199 4
7 0 0  3 25 23  4.7123889803846897 29.764702249476628  4.7406204848783098 29.764702249476628  4.7965323668834694 29.765139621571063  4.8789543216380773 29.767023332022408  4.9601720640061062 29.770050231161129  5.0403077487470354 29.774135854135515  5.11941326892142 29.779195740660061  5.1974691306528262 29.785145413413805  5.2743997581150834 29.791900458651472  5.3500884216126714 29.799376225360501  5.4243885799960294 29.807488948021678  5.4971565319189235 29.816151556409885  5.5682034098612858 29.825289313630062  5.6375437395835704 29.834781454172919  5.7055295031839925 29.844559915335903  5.7723216509600945 29.85460266303085  5.8381195995780164 29.864875329839396  5.9030949021340202 29.875346853049184  5.9674058046603919 29.88598528445447  6.0311913149494094 29.89675891311677  6.0945718957335009 29.90763596452199  6.1576484499361772 29.918584681191362  6.2205049212916785 29.929573301080104  6.2623022739071557 29.936904475941787  6.2831853071795853 29.940566126912127 
 0 4 1.6662525798998e-05 1 3.3325051597996001e-05 1 4.9987577396994001e-05 1 6.6650103195992002e-05 1 8.3312628994990009e-05 1 9.9975154793988002e-05 1 0.000116637680592986 1 0.000133300206391984 1 0.00014996273219098201 1 0.00016662525798998002 1 0.000183287783788978 1 0.000199950309587976 1 0.00021661283538697401 1 0.00023327536118597199 1 0.00024993788698497 1 0.00026660041278396801 1 0.00028326293858296601 1 0.00029992546438196402 1 0.00031658799018096203 1 0.00033325051597996003 1 0.00034991304177895799 1 0.00036657556757795599 4
7 0 0  3 25 23  6.1578574760115208 3.1415926535897629  6.1578574768292684 3.1133611725821209  6.1578429010963172 3.0574492402768954  6.157780123402576 2.9750270270271524  6.1576792463492751 2.8938088982744552  6.1575430961380899 2.8136729420691089  6.1573745032872385 2.734567415049129  6.1571763024135695 2.656511830939392  6.1569513272511474 2.5795816420541122  6.156702418873448 2.5038933751411077  6.1564323869532522 2.4295933603721802  6.1561441467612017 2.3568252956765323  6.1558402012673081 2.2857780357545598  6.1555245681879658 2.2164384542045692  6.155199521855673 2.14845477947356  6.1548658134810941 2.0816651847223264  6.1545245990775301 2.0158696733128059  6.1541769226229324 1.9508961337945734  6.15382385432987 1.8865859357208794  6.1534664534028281 1.8227998830848586  6.1531057778940976 1.7594175596758503  6.1527428818331682 1.6963383709838311  6.1523788163176949 1.6334789210725851  6.1521360238646672 1.5916799473341381  6.1520147817214674 1.5707963267950722 
 0 4 1.6662525798998e-05 1 3.3325051597996001e-05 1 4.9987577396994001e-05 1 6.6650103195992002e-05 1 8.3312628994990009e-05 1 9.9975154793988002e-05 1 0.000116637680592986 1 0.000133300206391984 1 0.00014996273219098201 1 0.00016662525798998002 1 0.000183287783788978 1 0.000199950309587976 1 0.00021661283538697401 1 0.00023327536118597199 1 0.00024993788698497 1 0.00026660041278396801 1 0.00028326293858296601 1 0.00029992546438196402 1 0.00031658799018096203 1 0.00033325051597996003 1 0.00034991304177895799 1 0.00036657556757795599 4
1 3.2580171070731554 0 0 -1 
1 4.7123889803846897 0 0 -1 
1 1.5707963267948966 0 0 -1 
1 6.1667608536962231 0 0 -1 
1 6.2831853071795862 3.7999999999999972 -1 0 
1 0 6.2831853071795853 1 0 
1 4.7123889803846897 0 0 -1 
1 1.5707963267948966 0 0 -1 
1 3.0251682001064308 0 0 -1 
1 6.2831853071795862 3.7999999999999972 -1 0 
1 -4.4408920985006262e-16 6.2831853071795862 1 0 
1 0.11642445348336264 0 0 -1 
1 4.7123889803846897 0 0 -1 
1 1.5707963267948966 0 0 -1 
1 2.3561944901923448 0 0 -1 
1 2.3561944901923448 0 0 -1 
1 0.78539816339744828 0 0 -1 
1 0.78539816339744828 0 0 -1 
1 2.3561944901923448 0 0 -1 
1 2.3561944901923448 0 0 -1 
1 0.78539816339744828 0 0 -1 
1 0.78539816339744828 0 0 -1 
1 0 1.5707963267948966 1 0 
1 6.2831853071795862 1.5707963267948966 -1 0 
1 3.1415926535897931 -11 1 0 
7 0 0  3 25 23  4.7123889803846897 -39.700000000000031  4.6909630368152646 -39.700000649508212  4.6475347967778005 -39.699724063967807  4.5807569428875441 -39.698420803854688  4.51242984038225 -39.696170819078603  4.4426653532305718 -39.692928418328023  4.3715921779185569 -39.688659228422729  4.2993575986413894 -39.683343381218329  4.2261257226218047 -39.676977099557106  4.1520759393277293 -39.669574127355538  4.0774006160543426 -39.661166440374124  4.0023023534946036 -39.65180425204931  3.9269908169873067 -39.641555232394715  3.8516792804797646 -39.630502955795706  3.7765810179202286 -39.61874464501355  3.7019056946466096 -39.606388338376028  3.6278559113526714 -39.593549652626876  3.5546240353329699 -39.580348337452868  3.4823894560560356 -39.566904840072127  3.41131628074384 -39.553337027279824  3.3415517935921533 -39.539757397277782  3.2732246910869813 -39.52627026776382  3.2064468371967458 -39.512971378167137  3.1630185971592519 -39.504284528322067  3.1415926535897931 -39.500000000000036 
 3.14159265358979 4 3.2129924866259216 1 3.2843923196620537 1 3.3557921526981853 1 3.4271919857343174 1 3.498591818770449 1 3.5699916518065811 1 3.6413914848427127 1 3.7127913178788443 1 3.7841911509149764 1 3.855590983951108 1 3.9269908169872396 1 3.9983906500233717 1 4.0697904830595037 1 4.1411903160956349 1 4.212590149131767 1 4.2839899821678991 1 4.3553898152040311 1 4.4267896482401623 1 4.4981894812762944 1 4.5695893143124255 1 4.6409891473485576 1 4.7123889803846897 4
7 0 0  3 25 23  1.5707963267948966 3.4500000000000015  1.549370383225471 3.4500006495081839  1.505942143188006 3.4497240639677784  1.4391642892977434 3.448420803854666  1.3708371867924642 3.4461708190785654  1.3010726996407618 3.4429284183280084  1.2299995243287438 3.4386592284227033  1.1577649450515637 3.4333433812183132  1.0845330690319912 3.4269770995570803  1.0104832857378476 3.4195741273555398  0.93580796246451159 3.4111664403740884  0.86070969990468582 3.4018042520493168  0.78539816339743396 3.3915552323947078  0.71008662688981483 3.3805029557957149  0.63498836433026573 3.368744645013555  0.56031304105668844 3.3563883383760245  0.48626325776263379 3.3435496526268986  0.41303138174307141 3.3303483374528522  0.34079680246606703 3.3169048400721333  0.26972362715386455 3.3033370272798268  0.19995914000225237 3.2897573972777683  0.13163203749709843 3.2762702677638122  0.064854183606894239 3.2629713781671104  0.021425943569434419 3.2542845283220356  0 3.2500000000000013 
 3.14159265358979 4 3.2129924866259216 1 3.2843923196620537 1 3.3557921526981853 1 3.4271919857343174 1 3.498591818770449 1 3.5699916518065811 1 3.6413914848427127 1 3.7127913178788443 1 3.7841911509149764 1 3.855590983951108 1 3.9269908169872396 1 3.9983906500233717 1 4.0697904830595037 1 4.1411903160956349 1 4.212590149131767 1 4.2839899821678991 1 4.3553898152040311 1 4.4267896482401623 1 4.4981894812762944 1 4.5695893143124255 1 4.6409891473485576 1 4.7123889803846897 4
7 0 0  3 25 23  3.1415926535897931 -29.320428032346328  3.1624177196241798 -29.324156479716706  3.2040872203244608 -29.331616403688997  3.2667234672517442 -29.34278529441319  3.3295578961876555 -29.353903107377267  3.3926836567409508 -29.364939758645122  3.45621210731094 -29.375865169518597  3.5202752744562993 -29.386649241758004  3.5850243999896905 -29.397261950051853  3.6506300509458147 -29.407672996917288  3.7172763555132682 -29.417853100628822  3.7851726287793039 -29.427769188602799  3.8544953500618693 -29.437402335930908  3.9255835163536559 -29.446680817861566  3.9984260834046008 -29.455476997190896  4.072835332883769 -29.463716036558203  4.1486622781418694 -29.471308950927472  4.2257578204703563 -29.478170546120847  4.3040032542081921 -29.484214612203129  4.3833224871456888 -29.489355211410505  4.463696973242552 -29.493506333050853  4.5451812402340961 -29.496581985973712  4.6279016083927438 -29.498496173790603  4.6840379282304738 -29.498940658945731  4.7123889803846897 -29.498940658945727 
 -2.8370971973039499e-06 4 1.3932206767510003e-05 1 3.0701510732323956e-05 1 4.7470814697137909e-05 1 6.4240118661951868e-05 1 8.1009422626765828e-05 1 9.7778726591579774e-05 1 0.00011454803055639372 1 0.00013131733452120768 1 0.00014808663848602164 1 0.0001648559424508356 1 0.00018162524641564953 1 0.00019839455038046349 1 0.00021516385434527745 1 0.00023193315831009139 1 0.00024870246227490532 1 0.00026547176623971928 1 0.00028224107020453324 1 0.0002990103741693472 1 0.00031577967813416116 1 0.00033254898209897512 1 0.00034931828606378902 1 0.00036608759002860298 4
7 0 0  3 25 23  3.0311990756423568 4.7123889803847225  3.0310726827803127 4.7332134288709939  3.0308198452564823 4.7748812749968073  3.0304414565123334 4.8375145506625712  3.0300649595837768 4.9003463854381906  3.029691374078729 4.9634704543019685  3.0293217164035395 5.0269984060286683  3.0289570002462485 5.091062301776212  3.0285982336592809 5.1558131903838271  3.0282464308628074 5.2214212565893394  3.0279025687025132 5.2880700797970146  3.0275677499047471 5.3559684056717742  3.0272425946226038 5.4252918651833708  3.0269295121553279 5.4963796397445606  3.0266328078204117 5.5692220770543308  3.0263549892249775 5.6436314713557785  3.0260990389350368 5.7194588284871051  3.0258678071502154 5.7965548307085335  3.0256641762978886 5.8748005587546519  3.0254910190564197 5.9541197899009308  3.025351211855408 6.034493997253783  3.0252476341540646 6.1159778638341757  3.0251831702499459 6.1986979631793728  3.0251682009599947 6.2548342305485178  3.0251682001064304 6.2831853071795853 
 -2.8370971973039499e-06 4 1.3932206767510003e-05 1 3.0701510732323956e-05 1 4.7470814697137909e-05 1 6.4240118661951868e-05 1 8.1009422626765828e-05 1 9.7778726591579774e-05 1 0.00011454803055639372 1 0.00013131733452120768 1 0.00014808663848602164 1 0.0001648559424508356 1 0.00018162524641564953 1 0.00019839455038046349 1 0.00021516385434527745 1 0.00023193315831009139 1 0.00024870246227490532 1 0.00026547176623971928 1 0.00028224107020453324 1 0.0002990103741693472 1 0.00031577967813416116 1 0.00033254898209897512 1 0.00034931828606378902 1 0.00036608759002860298 4
7 0 0  3 25 23  0.11039357794743612 4.7123889803849393  0.11051997080947984 4.7332134288711751  0.11077280833331087 4.7748812749969831  0.11115119707745938 4.8375145506628243  0.11152769400601541 4.9003463854383948  0.11190127951106477 4.9634704543021586  0.1122709371862526 5.0269984060288531  0.11263565334354436 5.0910623017765007  0.11299441993051279 5.1558131903839985  0.11334622272698405 5.2214212565894167  0.11369008488728051 5.2880700797971221  0.11402490368504674 5.3559684056716916  0.11435005896718914 5.4252918651833442  0.11466314143446563 5.4963796397444264  0.11495984576938147 5.5692220770542882  0.11523766436481674 5.6436314713555289  0.11549361465475623 5.719458828487026  0.11572484643957748 5.7965548307083612  0.11592847729190475 5.8748005587547123  0.11610163453337373 5.9541197899006928  0.1162414417343851 6.0344939972536844  0.11634501943572854 6.1159778638344084  0.11640948333984746 6.198697963179117  0.11642445262979882 6.2548342305482976  0.11642445348336274 6.2831853071795871 
 -2.8370971973032999e-06 4 1.3932206767510762e-05 1 3.0701510732324823e-05 1 4.7470814697138884e-05 1 6.4240118661952953e-05 1 8.1009422626767021e-05 1 9.7778726591581062e-05 1 0.00011454803055639513 1 0.0001313173345212092 1 0.00014808663848602327 1 0.00016485594245083733 1 0.00018162524641565138 1 0.00019839455038046544 1 0.00021516385434527951 1 0.00023193315831009355 1 0.00024870246227490759 1 0.00026547176623972166 1 0.00028224107020453573 1 0.0002990103741693498 1 0.00031577967813416387 1 0.00033254898209897794 1 0.00034931828606379195 1 0.00036608759002860602 4
7 0 0  3 25 23  3.1415926535897931 29.320428032346371  3.1624177196241612 29.324156479716752  3.2040872203244293 29.33161640368904  3.2667234672517242 29.342785294413233  3.3295578961876626 29.35390310737731  3.3926836567409011 29.364939758645168  3.4562121073109093 29.375865169518644  3.5202752744563601 29.386649241758054  3.5850243999897153 29.397261950051881  3.6506300509457974 29.407672996917313  3.7172763555132811 29.417853100628843  3.7851726287792253 29.427769188602799  3.8544953500619132 29.437402335930887  3.925583516353556 29.446680817861566  3.9984260834046541 29.455476997190861  4.0728353328836588 29.463716036558157  4.1486622781419129 29.47130895092743  4.2257578204703101 29.478170546120804  4.3040032542083342 29.484214612203083  4.3833224871455574 29.489355211410423  4.4636969732425138 29.493506333050799  4.5451812402343741 29.496581985973659  4.6279016083925129 29.498496173790546  4.6840379282302624 29.498940658945667  4.7123889803846897 29.498940658945671 
 -2.8370971973032999e-06 4 1.3932206767510762e-05 1 3.0701510732324823e-05 1 4.7470814697138884e-05 1 6.4240118661952953e-05 1 8.1009422626767021e-05 1 9.7778726591581062e-05 1 0.00011454803055639513 1 0.0001313173345212092 1 0.00014808663848602327 1 0.00016485594245083733 1 0.00018162524641565138 1 0.00019839455038046544 1 0.00021516385434527951 1 0.00023193315831009355 1 0.00024870246227490759 1 0.00026547176623972166 1 0.00028224107020453573 1 0.0002990103741693498 1 0.00031577967813416387 1 0.00033254898209897794 1 0.00034931828606379195 1 0.00036608759002860602 4
7 0 0  3 25 23  1.5707963267948966 -3.4499999999999984  1.549370383225471 -3.4500006495081799  1.505942143188006 -3.4497240639677744  1.4391642892977434 -3.4484208038546647  1.3708371867924642 -3.4461708190785618  1.3010726996407618 -3.4429284183280049  1.2299995243287438 -3.4386592284227002  1.1577649450515637 -3.4333433812183118  1.0845330690319912 -3.4269770995570754  1.0104832857378476 -3.4195741273555385  0.93580796246451159 -3.4111664403740827  0.86070969990468582 -3.4018042520493124  0.78539816339743396 -3.3915552323947056  0.71008662688981483 -3.3805029557957122  0.63498836433026573 -3.3687446450135514  0.56031304105668844 -3.3563883383760218  0.48626325776263379 -3.3435496526268946  0.41303138174307141 -3.33034833745285  0.34079680246606703 -3.3169048400721302  0.26972362715386455 -3.3033370272798246  0.19995914000225237 -3.2897573972777638  0.13163203749709843 -3.2762702677638109  0.064854183606894239 -3.2629713781671064  0.021425943569434419 -3.2542845283220321  0 -3.2499999999999987 
 3.14159265358979 4 3.2129924866259216 1 3.2843923196620537 1 3.3557921526981853 1 3.4271919857343174 1 3.498591818770449 1 3.5699916518065811 1 3.6413914848427127 1 3.7127913178788443 1 3.7841911509149764 1 3.855590983951108 1 3.9269908169872396 1 3.9983906500233717 1 4.0697904830595037 1 4.1411903160956349 1 4.212590149131767 1 4.2839899821678991 1 4.3553898152040311 1 4.4267896482401623 1 4.4981894812762944 1 4.5695893143124255 1 4.6409891473485576 1 4.7123889803846897 4
7 0 0  3 25 23  1.5707963267948966 39.700000000000031  1.5493703832254704 39.700000649508212  1.5059421431880071 39.699724063967807  1.4391642892977516 39.698420803854688  1.370837186792456 39.696170819078603  1.3010726996407789 39.692928418328023  1.2299995243287649 39.688659228422729  1.157764945051597 39.683343381218329  1.0845330690320083 39.676977099557106  1.0104832857379404 39.669574127355538  0.93580796246454123 39.661166440374124  0.86070969990480573 39.65180425204931  0.78539816339751545 39.641555232394715  0.71008662688997193 39.630502955795706  0.63498836433043415 39.61874464501355  0.56031304105681201 39.606388338376028  0.4862632577628736 39.593549652626876  0.41303138174317805 39.580348337452868  0.34079680246624233 39.566904840072127  0.26972362715404857 39.553337027279824  0.19995914000235515 39.539757397277782  0.13163203749719515 39.52627026776382  0.064854183606945989 39.512971378167137  0.021425943569453057 39.504284528322067  0 39.500000000000036 
 3.14159265358979 4 3.2129924866259216 1 3.2843923196620537 1 3.3557921526981853 1 3.4271919857343174 1 3.498591818770449 1 3.5699916518065811 1 3.6413914848427127 1 3.7127913178788443 1 3.7841911509149764 1 3.855590983951108 1 3.9269908169872396 1 3.9983906500233717 1 4.0697904830595037 1 4.1411903160956349 1 4.212590149131767 1 4.2839899821678991 1 4.3553898152040311 1 4.4267896482401623 1 4.4981894812762944 1 4.5695893143124255 1 4.6409891473485576 1 4.7123889803846897 4
7 0 0  3 25 23  3.1415926535897931 39.499999999999964  3.1630185971592484 39.504284528321996  3.2064468371967423 39.512971378167066  3.2732246910869964 39.526270267763792  3.3415517935921004 39.539757397277725  3.41131628074384 39.553337027279795  3.4823894560560031 39.566904840072105  3.5546240353329304 39.580348337452811  3.6278559113526891 39.593549652626855  3.7019056946465767 39.606388338376007  3.7765810179203418 39.618744645013521  3.851679280479587 39.630502955795691  3.9269908169873373 39.641555232394673  4.0023023534946756 39.651804252049295  4.0774006160543239 39.66116644037406  4.1520759393277267 39.669574127355524  4.2261257226218358 39.676977099557057  4.2993575986412704 39.683343381218258  4.3715921779185978 39.688659228422665  4.4426653532305247 39.692928418327973  4.5124298403823975 39.696170819078532  4.5807569428874206 39.698420803854638  4.647534796777725 39.699724063967736  4.6909630368152371 39.700000649508148  4.7123889803846897 39.699999999999967 
 1.5707963267949001 4 1.6421961598310315 1 1.7135959928671629 1 1.7849958259032941 1 1.8563956589394255 1 1.9277954919755569 1 1.9991953250116883 1 2.0705951580478197 1 2.1419949910839509 1 2.2133948241200825 1 2.2847946571562137 1 2.3561944901923448 1 2.4275943232284765 1 2.4989941562646076 1 2.5703939893007393 1 2.6417938223368704 1 2.7131936553730016 1 2.7845934884091332 1 2.8559933214452649 1 2.927393154481396 1 2.9987929875175272 1 3.0701928205536584 1 3.14159265358979 4
7 0 0  3 25 23  3.1415926535897931 -3.2500000000000013  3.1630185971592217 -3.2542845283220356  3.2064468371967121 -3.2629713781671099  3.273224691087024 -3.2762702677638136  3.3415517935921266 -3.2897573972777656  3.4113162807438653 -3.303337027279829  3.4823894560560658 -3.3169048400721315  3.5546240353328948 -3.3303483374528522  3.6278559113527065 -3.3435496526268982  3.7019056946466495 -3.3563883383760245  3.7765810179203703 -3.3687446450135559  3.851679280479646 -3.3805029557957136  3.926990816987336 -3.3915552323947096  4.0023023534947617 -3.4018042520493141  4.077400616054355 -3.4111664403740871  4.1520759393277817 -3.4195741273555407  4.2261257226218518 -3.4269770995570807  4.2993575986412456 -3.4333433812183118  4.3715921779186075 -3.4386592284227033  4.4426653532305274 -3.4429284183280076  4.5124298403824072 -3.4461708190785667  4.5807569428874269 -3.4484208038546664  4.647534796777725 -3.4497240639677766  4.6909630368152353 -3.4500006495081834  4.7123889803846897 -3.4500000000000015 
 1.5707963267949001 4 1.6421961598310315 1 1.7135959928671629 1 1.7849958259032941 1 1.8563956589394255 1 1.9277954919755569 1 1.9991953250116883 1 2.0705951580478197 1 2.1419949910839509 1 2.2133948241200825 1 2.2847946571562137 1 2.3561944901923448 1 2.4275943232284765 1 2.4989941562646076 1 2.5703939893007393 1 2.6417938223368704 1 2.7131936553730016 1 2.7845934884091332 1 2.8559933214452649 1 2.927393154481396 1 2.9987929875175272 1 3.0701928205536584 1 3.14159265358979 4
7 0 0  3 25 23  1.5707963267948966 29.498940658945727  1.5424447966451735 29.49894065894572  1.4863075409493924 29.498496157704249  1.4035858169129976 29.496581902732537  1.322100226606316 29.49350614488953  1.2417244444102451 29.489354885732041  1.1624039447202279 29.484214121919091  1.084157276323509 29.478169868382569  1.0070605586482353 29.471308071860346  0.93123245267167531 29.463714933593455  0.85682229309287317 29.455475705004609  0.7839782596987821 29.446679182286562  0.71289115338846265 29.437400932369925  0.64356057677991896 29.427765894464191  0.57563861888817047 29.417844268947427  0.5089559806153785 29.407656883918804  0.44330786199791922 29.397237796739685  0.37851662872119335 29.386617520001376  0.31441859753041768 29.375827516113411  0.25086990163364453 29.364898992982294  0.18774604592741281 29.353863226708544  0.12494310399640834 29.342751475119631  0.062375095134709728 29.331595000941064  0.020779743588539099 29.324148377366729  0 29.320428032346328 
 0 4 1.6732862316008592e-05 1 3.3465724632017184e-05 1 5.0198586948025776e-05 1 6.6931449264034368e-05 1 8.3664311580042966e-05 1 0.00010039717389605155 1 0.00011713003621206014 1 0.00013386289852806874 1 0.00015059576084407733 1 0.00016732862316008593 1 0.0001840614854760945 1 0.0002007943477921031 1 0.0002175272101081117 1 0.00023426007242412027 1 0.0002509929347401289 1 0.00026772579705613747 1 0.00028445865937214604 1 0.00030119152168815467 1 0.00031792438400416324 1 0.00033465724632017186 1 0.00035139010863618044 1 0.00036812297095218901 4
7 0 0  3 25 23  3.2580171070731554 6.2831853071795862  3.2580171062195364 6.2548337525523925  3.2580021363880407 6.1986965493269999  3.257937670222979 6.115975094101965  3.2578340889888198 6.0344899041844808  3.2576942771560908 5.9541144006795141  3.2575211143682261 5.8747939027079079  3.257317477196378 5.7965469399178033  3.2570862386196815 5.7194497623398464  3.2568302807729252 5.6436212443731169  3.2565524557791732 5.569210940540267  3.2562557398597494 5.4963670351874461  3.2559426651368577 5.4252803274852202  3.2556174462759375 5.3559489872120594  3.2552824410930068 5.2880249020452998  3.2549383335300108 5.2213396579353226  3.254586259358204 5.1556890455444666  3.2542272368605603 5.0908959996525676  3.2538623196094636 5.0267972315184979  3.2534925557390442 4.9632490707915951  3.2531189989977674 4.9001269809985262  3.2527427060387231 4.8373267276457081  3.2523647368313306 4.7747617773069795  3.2521123497446447 4.7331681070245457  3.251986231537229 4.7123889803847145 
 0 4 1.6732862316008592e-05 1 3.3465724632017184e-05 1 5.0198586948025776e-05 1 6.6931449264034368e-05 1 8.3664311580042966e-05 1 0.00010039717389605155 1 0.00011713003621206014 1 0.00013386289852806874 1 0.00015059576084407733 1 0.00016732862316008593 1 0.0001840614854760945 1 0.0002007943477921031 1 0.0002175272101081117 1 0.00023426007242412027 1 0.0002509929347401289 1 0.00026772579705613747 1 0.00028445865937214604 1 0.00030119152168815467 1 0.00031792438400416324 1 0.00033465724632017186 1 0.00035139010863618044 1 0.00036812297095218901 4
7 0 0  3 25 23  3.1415926535897931 3.2499999999999987  3.1630185971592217 3.254284528322033  3.2064468371967121 3.2629713781671064  3.273224691087024 3.2762702677638109  3.3415517935921266 3.2897573972777625  3.4113162807438653 3.3033370272798255  3.4823894560560658 3.3169048400721284  3.5546240353328948 3.3303483374528486  3.6278559113527065 3.3435496526268942  3.7019056946466495 3.3563883383760222  3.7765810179203703 3.3687446450135519  3.851679280479646 3.3805029557957105  3.926990816987336 3.391555232394706  4.0023023534947617 3.4018042520493128  4.077400616054355 3.4111664403740813  4.1520759393277817 3.4195741273555393  4.2261257226218518 3.4269770995570759  4.2993575986412456 3.4333433812183101  4.3715921779186075 3.4386592284226993  4.4426653532305274 3.4429284183280053  4.5124298403824072 3.4461708190785623  4.5807569428874269 3.4484208038546642  4.647534796777725 3.4497240639677731  4.6909630368152353 3.4500006495081799  4.7123889803846897 3.4499999999999984 
 1.5707963267949001 4 1.6421961598310315 1 1.7135959928671629 1 1.7849958259032941 1 1.8563956589394255 1 1.9277954919755569 1 1.9991953250116883 1 2.0705951580478197 1 2.1419949910839509 1 2.2133948241200825 1 2.2847946571562137 1 2.3561944901923448 1 2.4275943232284765 1 2.4989941562646076 1 2.5703939893007393 1 2.6417938223368704 1 2.7131936553730016 1 2.7845934884091332 1 2.8559933214452649 1 2.927393154481396 1 2.9987929875175272 1 3.0701928205536584 1 3.14159265358979 4
7 0 0  3 25 23  0 -39.499999999999964  0.021425943569454028 -39.504284528321996  0.064854183606948099 -39.512971378167066  0.13163203749719976 -39.526270267763792  0.19995914000230949 -39.539757397277725  0.2697236271540428 -39.553337027279795  0.34079680246621208 -39.566904840072105  0.41303138174313525 -39.580348337452811  0.48626325776289087 -39.593549652626855  0.5603130410567857 -39.606388338376007  0.63498836433054751 -39.618744645013521  0.71008662688979585 -39.630502955795691  0.78539816339753954 -39.641555232394673  0.86070969990488755 -39.651804252049295  0.93580796246452103 -39.66116644037406  1.010483285737938 -39.669574127355524  1.0845330690320383 -39.676977099557057  1.1577649450514795 -39.683343381218258  1.2299995243288038 -39.688659228422665  1.301072699640732 -39.692928418327973  1.3708371867926037 -39.696170819078532  1.4391642892976269 -39.698420803854638  1.5059421431879334 -39.699724063967736  1.5493703832254431 -39.700000649508148  1.5707963267948966 -39.699999999999967 
 1.5707963267949001 4 1.6421961598310315 1 1.7135959928671629 1 1.7849958259032941 1 1.8563956589394255 1 1.9277954919755569 1 1.9991953250116883 1 2.0705951580478197 1 2.1419949910839509 1 2.2133948241200825 1 2.2847946571562137 1 2.3561944901923448 1 2.4275943232284765 1 2.4989941562646076 1 2.5703939893007393 1 2.6417938223368704 1 2.7131936553730016 1 2.7845934884091332 1 2.8559933214452649 1 2.927393154481396 1 2.9987929875175272 1 3.0701928205536584 1 3.14159265358979 4
7 0 0  3 25 23  6.166760853696224 6.2831853071795862  6.1667608545498425 6.2548337525523534  6.1667758243813395 6.1986965493269617  6.166840290546399 6.1159750941020343  6.1669438717805587 6.0344899041843929  6.1670836836132894 5.9541144006794831  6.167256846401151 5.8747939027078866  6.1674604835730014 5.7965469399178016  6.1676917221496996 5.7194497623398766  6.1679476799964519 5.6436212443732003  6.1682255049902057 5.5692109405403309  6.1685222209096322 5.496367035187677  6.1688352956325208 5.4252803274853667  6.1691605144934414 5.3559489872122192  6.1694955196763726 5.2880249020454677  6.1698396272393703 5.2213396579353963  6.1701917014111736 5.1556890455445554  6.1705507239088195 5.0908959996526697  6.1709156411599144 5.0267972315183709  6.1712854050303338 4.9632490707916803  6.1716589617716116 4.900126980998472  6.1720352547306554 4.8373267276457845  6.1724132239380483 4.7747617773070319  6.1726656110247333 4.7331681070246843  6.1727917292321504 4.7123889803849384 
 0 4 1.67328623160085e-05 1 3.3465724632017001e-05 1 5.0198586948025498e-05 1 6.6931449264034002e-05 1 8.3664311580042505e-05 1 0.000100397173896051 1 0.0001171300362120595 1 0.000133862898528068 1 0.00015059576084407649 1 0.00016732862316008501 1 0.0001840614854760935 1 0.00020079434779210199 1 0.00021752721010811051 1 0.000234260072424119 1 0.00025099293474012749 1 0.00026772579705613601 1 0.00028445865937214452 1 0.00030119152168815299 1 0.0003179243840041615 1 0.00033465724632017002 1 0.00035139010863617848 1 0.000368122970952187 4
7 0 0  3 25 23  1.5707963267948966 -29.498940658945671  1.5424447966451384 -29.498940658945678  1.4863075409493738 -29.498496157704192  1.403585816913115 -29.496581902732476  1.3221002266062856 -29.493506144889484  1.2417244444102531 -29.489354885732034  1.1624039447202268 -29.484214121919074  1.0841572763235061 -29.478169868382569  1.0070605586482344 -29.47130807186036  0.93123245267168109 -29.463714933593476  0.85682229309285141 -29.455475705004638  0.78397825969887125 -29.446679182286605  0.712891153388438 -29.437400932369972  0.64356057677992906 -29.427765894464233  0.5756386188881869 -29.417844268947473  0.50895598061541458 -29.407656883918825  0.44330786199796879 -29.397237796739706  0.37851662872129488 -29.386617520001383  0.31441859753043194 -29.3758275161134  0.25086990163378042 -29.364898992982297  0.18774604592751212 -29.353863226708533  0.12494310399650373 -29.342751475119645  0.062375095134770811 -29.331595000941078  0.020779743588563132 -29.324148377366761  0 -29.320428032346371 
 0 4 1.67328623160085e-05 1 3.3465724632017001e-05 1 5.0198586948025498e-05 1 6.6931449264034002e-05 1 8.3664311580042505e-05 1 0.000100397173896051 1 0.0001171300362120595 1 0.000133862898528068 1 0.00015059576084407649 1 0.00016732862316008501 1 0.0001840614854760935 1 0.00020079434779210199 1 0.00021752721010811051 1 0.000234260072424119 1 0.00025099293474012749 1 0.00026772579705613601 1 0.00028445865937214452 1 0.00030119152168815299 1 0.0003179243840041615 1 0.00033465724632017002 1 0.00035139010863617848 1 0.000368122970952187 4
1 0 4.9340593271887849 1 0 
1 3.1415926535897554 8.8817841970012523e-16 6.6559995307673204e-15 1 
1 3.1415926535897554 8.8817841970012523e-16 6.6559995307673204e-15 1 
7 0 0  3 25 23  2.0943951023931953 5.1342197423738813  2.1074027935497668 5.1294140397299701  2.1340281361609406 5.120151916516444  2.1757605561797284 5.1073576940463097  2.219263214292599 5.0957131915486187  2.2644723687471933 5.0852704214131128  2.3112940482746298 5.07608075831142  2.3595982648647857 5.0681931731118164  2.4092195030493708 5.0616541903105485  2.4599580121024744 5.0565079451932577  2.5115818167715656 5.0527907979236124  2.5638319617809646 5.0505306451100527  2.6164295204776855 5.0497455796608959  2.6690841057873547 5.0504429168854177  2.7215050852644875 5.052624103436071  2.7734091033967907 5.0562798933079023  2.8245311026837534 5.0613912777680872  2.8746240717084781 5.0679288350558176  2.9234943759741259 5.0758603444633312  2.9707801518303003 5.0851098216748865  3.0163536227447461 5.0956182106338934  3.0601062744887355 5.1073214937277287  3.1019696036790103 5.120154596440738  3.1286019301053578 5.1294201842046299  3.1415926535897936 5.1342197423738813 
 2.3325440927143799e-07 4 0.00042072198642337732 1 0.00084121071843748312 1 0.001261699450451589 1 0.0016821881824656949 1 0.0021026769144798008 1 0.0025231656464939065 1 0.0029436543785080127 1 0.0033641431105221184 1 0.0037846318425362241 1 0.0042051205745503297 1 0.0046256093065644354 1 0.0050460980385785411 1 0.0054665867705926468 1 0.0058870755026067534 1 0.0063075642346208591 1 0.0067280529666349648 1 0.0071485416986490705 1 0.0075690304306631762 1 0.0079895191626772836 1 0.0084100078946913893 1 0.008830496626705495 1 0.0092509853587196007 4
7 0 0  3 25 23  1.0471975511965972 5.1342197423738813  1.0601570700323613 5.1294318637615204  1.0867068294684206 5.1201934778999494  1.1283962290823759 5.1074057575939955  1.1719346510821993 5.095745083939204  1.2172655237348329 5.085270591912967  1.2643019342201156 5.076041118519691  1.3129145436620668 5.0681136974389736  1.3629864878889992 5.0615377906400285  1.4142831161257978 5.0563719661075375  1.4665444421725176 5.0526624396623117  1.519464609051699 5.0504443333475528  1.5727579969408327 5.0497396533718044  1.62596750874509 5.050555145353953  1.6786683368927595 5.0528716568530614  1.7306107845865077 5.0566601962156827  1.7815272620499252 5.0618816875544166  1.8311927997630451 5.0684889598274143  1.8794156005578264 5.0764276687679057  1.9260396238849591 5.0856414841115818  1.9709460564919259 5.096071527622601  2.0140535881190567 5.1076573556328837  2.0553116566951339 5.1203384999353769  2.0815765375731421 5.129483974403553  2.0943951023931953 5.1342197423738813 
 0.094693892820569503 4 0.095113866540076114 1 0.095533840259582725 1 0.09595381397908935 1 0.096373787698595961 1 0.096793761418102572 1 0.097213735137609184 1 0.097633708857115795 1 0.098053682576622406 1 0.098473656296129031 1 0.098893630015635642 1 0.099313603735142253 1 0.099733577454648864 1 0.10015355117415548 1 0.1005735248936621 1 0.10099349861316871 1 0.10141347233267532 1 0.10183344605218193 1 0.10225341977168854 1 0.10267339349119517 1 0.10309336721070178 1 0.10351334093020839 1 0.103933314649715 4
7 0 0  3 25 23  0 5.1342197423738813  0.013007691156571662 5.1294140397299692  0.039633033767743617 5.120151916516444  0.081365453786527431 5.107357694046307  0.12486811189940035 5.0957131915486213  0.17007726635399437 5.0852704214131101  0.21689894588143219 5.0760807583114174  0.26520316247159176 5.0681931731118182  0.31482440065617556 5.0616541903105468  0.36556290970928085 5.0565079451932569  0.41718671437837124 5.0527907979236115  0.46943685938777113 5.0505306451100509  0.52203441808448925 5.0497455796608941  0.57468900339415874 5.0504429168854159  0.62710998287129127 5.0526241034360684  0.6790140010035991 5.0562798933078987  0.73013600029056369 5.0613912777680881  0.78022896931529084 5.0679288350558158  0.82909927358093782 5.0758603444633321  0.87638504943711071 5.0851098216748856  0.92195852035155845 5.0956182106338943  0.96571117209554691 5.1073214937277287  1.0075745012858188 5.1201545964407371  1.034206827712163 5.1294201842046299  1.0471975511965972 5.1342197423738813 
 2.3325440926734499e-07 4 0.00042072198642337385 1 0.00084121071843748041 1 0.0012616994504515869 1 0.0016821881824656934 1 0.0021026769144797995 1 0.0025231656464939061 1 0.0029436543785080127 1 0.0033641431105221192 1 0.0037846318425362258 1 0.0042051205745503323 1 0.0046256093065644389 1 0.0050460980385785455 1 0.005466586770592652 1 0.0058870755026067586 1 0.0063075642346208651 1 0.0067280529666349717 1 0.0071485416986490783 1 0.0075690304306631848 1 0.0079895191626772905 1 0.0084100078946913962 1 0.0088304966267055036 1 0.0092509853587196093 4
1 0 0 0 1 
1 6.2831853071795862 0 0 1 
1 3.1415926535897931 0 1 0 
1 3.1415926535897944 0 0 -1 
1 3.1415926535897944 0 0 -1 
1 3.1415926535897931 -55.5 1 0 
1 6.2831853071795862 0 0 -1 
1 0 0 0 -1 
1 -3.1415926535897931 0 1 0 
1 -3.1415926535897931 -55.5 1 0 
7 0 0  3 25 23  5.2359877559829879 5.1342197423738805  5.2489954471395608 5.1294140397299683  5.275620789750735 5.1201519165164404  5.3173532097695206 5.1073576940463079  5.3608558678823908 5.0957131915486205  5.4060650223369873 5.0852704214131101  5.4528867018644203 5.0760807583114174  5.5011909184545766 5.0681931731118164  5.5508121566391635 5.061654190310545  5.6015506656922671 5.0565079451932577  5.6531744703613596 5.0527907979236124  5.7054246153707595 5.0505306451100518  5.7580221740674817 5.0497455796608959  5.8106767593771513 5.0504429168854141  5.8630977388542824 5.052624103436071  5.9150017569865865 5.0562798933078987  5.9661237562735492 5.0613912777680881  6.0162167252982721 5.067928835055814  6.065087029563923 5.0758603444633312  6.1123728054200948 5.0851098216748856  6.1579462763345436 5.0956182106338925  6.20169892807853 5.1073214937277269  6.2435622572688088 5.120154596440738  6.2701945836951518 5.1294201842046299  6.2831853071795871 5.1342197423738813 
 2.3325440927381601e-07 4 0.00042072198642337998 1 0.00084121071843748616 1 0.0012616994504515925 1 0.0016821881824656986 1 0.0021026769144798048 1 0.0025231656464939109 1 0.002943654378508017 1 0.0033641431105221231 1 0.0037846318425362293 1 0.0042051205745503358 1 0.0046256093065644415 1 0.0050460980385785481 1 0.0054665867705926538 1 0.0058870755026067603 1 0.006307564234620866 1 0.0067280529666349726 1 0.0071485416986490791 1 0.0075690304306631848 1 0.0079895191626772905 1 0.008410007894691398 1 0.0088304966267055036 1 0.0092509853587196093 4
7 0 0  3 25 23  3.1415926535897936 5.1342197423738813  3.1546003447463646 5.1294140397299701  3.1812256873575375 5.120151916516444  3.2229581073763187 5.107357694046307  3.2664607654891946 5.0957131915486205  3.3116699199437862 5.0852704214131101  3.358491599471225 5.0760807583114191  3.4067958160613845 5.0681931731118173  3.4564170542459673 5.0616541903105468  3.5071555632990759 5.0565079451932595  3.5587793679681612 5.0527907979236097  3.6110295129775656 5.0505306451100527  3.6636270716742807 5.0497455796608959  3.7162816569839525 5.0504429168854159  3.7687026364610823 5.0526241034360666  3.8206066545933925 5.0562798933079023  3.8717286538803548 5.0613912777680872  3.9218216229050813 5.067928835055814  3.9706919271707304 5.0758603444633321  4.0179777030269017 5.0851098216748865  4.0635511739413452 5.0956182106338925  4.1073038256853343 5.1073214937277269  4.1491671548756068 5.1201545964407371  4.1757994813019526 5.129420184204629  4.1887902047863896 5.1342197423738813 
 2.33254409268039e-07 4 0.00042072198642337407 1 0.00084121071843748008 1 0.001261699450451586 1 0.0016821881824656921 1 0.0021026769144797982 1 0.0025231656464939039 1 0.0029436543785080101 1 0.0033641431105221162 1 0.0037846318425362223 1 0.004205120574550328 1 0.0046256093065644337 1 0.0050460980385785394 1 0.005466586770592646 1 0.0058870755026067517 1 0.0063075642346208582 1 0.0067280529666349639 1 0.0071485416986490696 1 0.0075690304306631762 1 0.0079895191626772836 1 0.0084100078946913893 1 0.008830496626705495 1 0.0092509853587196007 4
7 0 0  3 25 23  4.1887902047863896 5.1342197423738813  4.201749723678172 5.1294318637408143  4.2282994832314786 5.1201934778408296  4.2699888830372128 5.1074057574869007  4.3135273052416228 5.0957450837946254  4.3588581781203581 5.0852705917415699  4.4058945888147827 5.0760411183348291  4.4545071985836753 5.0681136972471315  4.5045791415959977 5.0615377906304166  4.5558757678691526 5.0563719662644679  4.608137091807456 5.0526624398858573  4.6610572570550151 5.0504443335039753  4.7143506448156423 5.0497396533620238  4.7675601574580018 5.0505551452018604  4.8202609861843451 5.0528716565972678  4.8722034345124303 5.0566601958888029  4.9231199125691525 5.0618816871880279  4.9727854508498694 5.068488959450228  5.0210082521740125 5.0764276684058833  5.0676322759889807 5.0856414837877573  5.1125387090386702 5.0960715273569415  5.1556462410620734 5.1076573554423046  5.1969043099878229 5.120338499833812  5.2231691910688145 5.129483974368771  5.2359877559829879 5.1342197423738805 
 0.094693893178915398 4 0.095113866901887292 1 0.095533840624859173 1 0.095953814347831068 1 0.096373788070802963 1 0.096793761793774857 1 0.097213735516746738 1 0.097633709239718633 1 0.098053682962690528 1 0.098473656685662422 1 0.098893630408634303 1 0.099313604131606198 1 0.099733577854578093 1 0.10015355157754997 1 0.10057352530052187 1 0.10099349902349376 1 0.10141347274646566 1 0.10183344646943754 1 0.10225342019240943 1 0.10267339391538133 1 0.10309336763835322 1 0.1035133413613251 1 0.103933315084297 4
1 0 4.9340593271887849 1 0 
1 0 0 1 0 
1 0 3.1415926535897931 1 -4.2407395752846889e-16 
1 3.1415926535897931 0 0 1 
1 3.1415926535897931 0 0 1 
1 0 1.5707963267948699 1 2.2617277734851671e-15 
1 0 0 0 1 
1 6.2831853071795862 0 0 1 
1 6.2831853071795862 0 0 1 
1 0 0 0 1 
1 6.2831853071795862 4.7123889803847021 -1 0 
1 3.1415926535897936 -3.1086244689504383e-15 0 1 
1 3.1415926535897936 -3.1086244689504383e-15 0 1 
1 0 3.1415926535897976 1 -1.8376538159566985e-15 
1 0 0 1 0 
1 0 4.7123889803846932 1 5.6543194337129189e-16 
1 3.141592653589818 -8.8817841970012523e-15 -4.0203166957787213e-15 1 
1 3.1415926535898127 -8.8817841970012523e-15 -3.015237521834041e-15 1 
7 0 0  3 47 45  3.1415926535897949 5.1542339826118386  3.1364274006230097 5.1542339291399468  3.1260993969726023 5.154557378955559  3.110622569182766 5.156017596160468  3.0951686142994905 5.1584574534719483  3.0797451421978419 5.1618807595388807  3.0643596804156719 5.1662909265051686  3.0490196405051169 5.1716909620400955  3.0337323221262995 5.1780835231842861  3.0185048075625041 5.1854709856315733  3.003344262357821 5.1938552477391795  2.9882567273384399 5.2032384350350078  2.973251545936499 5.2136201198685175  2.9583247664552221 5.2250074293405318  2.9434807464342008 5.2374209608231714  2.9287365158203063 5.2508725906082327  2.9141051491503536 5.2653759091827927  2.8996001711131001 5.2809437072538303  2.8852343295550842 5.2975889149983377  2.8710198934901925 5.315324563288061  2.8569685130128111 5.3341640646665311  2.8430913366767694 5.3541210269497181  2.8293985674442972 5.3752104195983277  2.8159010370350135 5.3974445647670901  2.8026042976507988 5.4208482059826064  2.7895132127535209 5.4454913676727523  2.7766369226277554 5.471436839831707  2.763981920404369 5.4987573156506997  2.7515574125707367 5.5275237339457908  2.739360865241359 5.5578336260456433  2.7274733136184413 5.5896019881011894  2.715921755100787 5.6229219436466114  2.7047353735481501 5.6578799370793567  2.6939427475578324 5.6945678398436366  2.6835634357429843 5.7331201696333354  2.6736450035135118 5.7735526490861862  2.6642806146178302 5.8158389090910267  2.6555317122985986 5.8600987415183727  2.6474636927293282 5.9064523904978055  2.6401440522477397 5.9550105944344649  2.6336171667550374 6.0060641074161616  2.6281261857591058 6.058515501265453  2.62370253082236 6.1127626824271646  2.6204285423751763 6.1689618618160464  2.6184458613191524 6.2258576604588454  2.6179939820934539 6.2640861123131755  2.6179938779914913 6.2831853071795862 
 1.35388541935844e-14 4 0.00011438280143017798 1 0.00022876560284681711 1 0.00034314840426345625 1 0.00045753120568009536 1 0.00057191400709673452 1 0.00068629680851337363 1 0.00080067960993001274 1 0.00091506241134665185 1 0.0010294452127632911 1 0.0011438280141799302 1 0.0012582108155965693 1 0.0013725936170132084 1 0.0014869764184298475 1 0.0016013592198464866 1 0.0017157420212631257 1 0.0018301248226797648 1 0.0019445076240964039 1 0.0020588904255130431 1 0.0021732732269296819 1 0.0022876560283463213 1 0.0024020388297629602 1 0.0025164216311795995 1 0.0026308044325962384 1 0.0027451872340128777 1 0.0028595700354295166 1 0.0029739528368461559 1 0.0030883356382627948 1 0.0032027184396794342 1 0.003317101241096073 1 0.0034314840425127124 1 0.0035458668439293513 1 0.0036602496453459906 1 0.0037746324467626299 1 0.0038890152481792688 1 0.0040033980495959081 1 0.0041177808510125475 1 0.0042321636524291859 1 0.0043465464538458252 1 0.0044609292552624646 1 0.0045753120566791039 1 0.0046896948580957424 1 0.0048040776595123817 1 0.004918460460929021 1 0.0050328432623456603 4
7 0 0  3 69 67  2.6179938779914922 6.2831853071795862  2.617992638471323 6.2571865083064733  2.6171464167667602 6.2056012472726039  2.613547546833269 6.1300200257541713  2.6078274382981128 6.0567588085467694  2.6001712613799355 5.9864680695872323  2.590788433666888 5.9198493859803225  2.58002590712612 5.8572013276406016  2.5681601128030374 5.7987468217276108  2.5551868306952565 5.7434715258172515  2.5412627759744444 5.6913581694711475  2.5267268841472346 5.6429814315246638  2.5115447716006774 5.5977406392055915  2.4957724561207457 5.5553525930886165  2.4794416038427407 5.5154667207809194  2.4625709686805397 5.4779864137830891  2.4452535524749113 5.4429108859770663  2.427569478529116 5.4102129811498232  2.4096286497831585 5.3799022123631772  2.3914084786973762 5.3517227240151355  2.3729183319389082 5.325624182824737  2.3541704054238708 5.3015394484162135  2.335177594157833 5.2794109422259998  2.3159539518608452 5.2591841930779379  2.296514899574182 5.2408090890924095  2.2768757803865127 5.2242409386329456  2.2570572099419932 5.2094327959832931  2.2370620173104232 5.1963636993940714  2.2169093044550556 5.1850469861153199  2.1966221093297764 5.1754851296016291  2.1762234482749472 5.1676799210322315  2.1557372412700881 5.1616297151319923  2.1351878269514604 5.1573300862504672  2.1146001750993673 5.1547732263162889  2.0939986701015876 5.1539484138448941  2.0734108762916486 5.1548389215799837  2.0528574496522412 5.1574540958075197  2.0323557818474582 5.1618034018409862  2.0119238341070593 5.1678942072549257  1.9915789555798671 5.1757327661974051  1.9713382425478561 5.1853243091154493  1.9512177768244043 5.1966727571995035  1.9312348395379089 5.2097820536135702  1.9113993823027193 5.2246506027405824  1.8917099227853524 5.2413174286326143  1.8721977407849688 5.2598270668187448  1.8528851795371644 5.2802240045637756  1.8337953653496322 5.3025552454265394  1.8149497170836206 5.3268703117875402  1.7963676731451261 5.3532218657086181  1.7780698690019678 5.3816648964924223  1.7600654055028095 5.4122591469647698  1.7424422408884477 5.4450190763229074  1.7252212844471644 5.4800897778118713  1.708436057356358 5.5175927685722828  1.6920830545727503 5.5577498294119918  1.6763335645919801 5.600340422389019  1.6612292015589039 5.6456309067727766  1.6468098916205345 5.6939145190155438  1.6330920957913462 5.7455354810623804  1.6201778018355943 5.8008074378660757  1.6082958005951078 5.8596802866960616  1.5976479200952358 5.9220964957608242  1.5883875230216449 5.988460140495393  1.5808512976196978 6.057697418144719  1.5752045095741236 6.1298046915786477  1.5716334654429513 6.2055857416066003  1.5707938821548442 6.2572563055047743  1.5707963267948908 6.2831853071795862 
 1.9697668334609501e-07 4 0.00015388808231088478 1 0.00030757918793842349 1 0.00046127029356596218 1 0.00061496139919350087 1 0.00076865250482103956 1 0.00092234361044857824 1 0.0010760347160761168 1 0.0012297258217036555 1 0.0013834169273311942 1 0.0015371080329587329 1 0.0016907991385862716 1 0.0018444902442138103 1 0.0019981813498413494 1 0.0021518724554688879 1 0.0023055635610964263 1 0.0024592546667239652 1 0.0026129457723515041 1 0.0027666368779790426 1 0.0029203279836065811 1 0.00307401908923412 1 0.0032277101948616589 1 0.0033814013004891974 1 0.0035350924061167358 1 0.0036887835117442747 1 0.0038424746173718136 1 0.0039961657229993525 1 0.0041498568286268906 1 0.0043035479342544295 1 0.0044572390398819684 1 0.0046109301455095064 1 0.0047646212511370453 1 0.0049183123567645842 1 0.0050720034623921231 1 0.005225694568019662 1 0.0053793856736472001 1 0.005533076779274739 1 0.0056867678849022779 1 0.0058404589905298159 1 0.0059941500961573548 1 0.0061478412017848937 1 0.0063015323074124326 1 0.0064552234130399715 1 0.0066089145186675096 1 0.0067626056242950485 1 0.0069162967299225874 1 0.0070699878355501254 1 0.0072236789411776643 1 0.0073773700468052032 1 0.0075310611524327421 1 0.007684752258060281 1 0.0078384433636878199 1 0.0079921344693153588 1 0.008145825574942896 1 0.0082995166805704349 1 0.0084532077861979738 1 0.0086068988918255127 1 0.0087605899974530516 1 0.0089142811030805905 1 0.0090679722087081294 1 0.0092216633143356666 1 0.0093753544199632055 1 0.0095290455255907444 1 0.0096827366312182833 1 0.0098364277368458222 1 0.0099901188424733611 1 0.0101438099481009 4
7 0 0  3 69 67  1.5707963267948908 6.2831853071795862  1.5707950872747238 6.2571865083064724  1.5699488655701632 6.2056012472726065  1.5663499956366711 6.130020025754173  1.5606298871015123 6.0567588085467579  1.5529737101833299 5.9864680695872261  1.5435908824702826 5.919849385980319  1.5328283559295197 5.8572013276406087  1.5209625616064397 5.7987468217276126  1.5079892794986587 5.743471525817256  1.4940652247778385 5.6913581694711377  1.4795293329506292 5.6429814315246416  1.4643472204040713 5.5977406392055666  1.4485749049241454 5.5553525930885925  1.4322440526461475 5.515466720780914  1.4153734174839472 5.4779864137830971  1.3980560012783199 5.4429108859770805  1.3803719273325197 5.4102129811498338  1.3624310985865664 5.3799022123631834  1.344210927500783 5.3517227240151373  1.3257207807423146 5.3256241828247388  1.3069728542272772 5.3015394484162162  1.2879800429612409 5.2794109422259989  1.2687564006642491 5.2591841930779406  1.2493173483775879 5.2408090890924131  1.2296782291899162 5.2242409386329429  1.2098596587453976 5.2094327959832878  1.18986446611383 5.1963636993940678  1.1697117532584609 5.1850469861153163  1.1494245581331783 5.1754851296016335  1.1290258970783469 5.1676799210322288  1.1085396900734863 5.161629715132003  1.0879902757548585 5.1573300862504707  1.0674026239027645 5.154773226316304  1.046801118904984 5.1539484138449012  1.0262133250950465 5.1548389215799908  1.0056598984556391 5.1574540958075241  0.98515823065086006 5.1618034018409933  0.96472628291046059 5.1678942072549292  0.94438140438327045 5.1757327661974086  0.92414069135125643 5.185324309115467  0.90402022562780759 5.1966727571995097  0.88403728834131112 5.2097820536135879  0.86420183110611748 5.2246506027405974  0.84451237158875281 5.2413174286326303  0.82500018958836829 5.2598270668187572  0.8056876283405654 5.28022400456378  0.78659781415303243 5.3025552454265368  0.76775216588702444 5.326870311787534  0.74917012194852672 5.3532218657086013  0.73087231780536766 5.3816648964924134  0.71286785430620703 5.4122591469647521  0.69524468969184594 5.4450190763229021  0.67802373325056053 5.4800897778118705  0.66123850615975543 5.517592768572297  0.64488550337614958 5.5577498294120042  0.62913601339537939 5.6003404223890279  0.614031650362308 5.6456309067727846  0.59961234042393641 5.693914519015558  0.58589454459474521 5.7455354810624071  0.57298025063899116 5.8008074378660899  0.56109824939850506 5.8596802866960873  0.55045036889863219 5.9220964957608437  0.54118997182504325 5.9884601404954081  0.53365374642309749 6.0576974181447403  0.52800695837752321 6.1298046915786646  0.52443591424634717 6.2055857416066154  0.52359633095824654 6.2572563055047796  0.52359877559830004 6.2831853071795862 
 1.9697668334431301e-07 4 0.00015388808231088302 1 0.00030757918793842176 1 0.0004612702935659605 1 0.00061496139919349913 1 0.00076865250482103782 1 0.00092234361044857662 1 0.0010760347160761153 1 0.001229725821703654 1 0.0013834169273311927 1 0.0015371080329587314 1 0.0016907991385862701 1 0.001844490244213809 1 0.0019981813498413476 1 0.0021518724554688866 1 0.002305563561096425 1 0.0024592546667239639 1 0.0026129457723515028 1 0.0027666368779790413 1 0.0029203279836065802 1 0.0030740190892341187 1 0.0032277101948616576 1 0.0033814013004891961 1 0.003535092406116735 1 0.0036887835117442739 1 0.0038424746173718123 1 0.0039961657229993508 1 0.0041498568286268897 1 0.0043035479342544286 1 0.0044572390398819675 1 0.0046109301455095055 1 0.0047646212511370445 1 0.0049183123567645834 1 0.0050720034623921223 1 0.0052256945680196612 1 0.0053793856736471992 1 0.0055330767792747381 1 0.005686767884902277 1 0.0058404589905298159 1 0.005994150096157354 1 0.0061478412017848929 1 0.0063015323074124318 1 0.0064552234130399707 1 0.0066089145186675096 1 0.0067626056242950476 1 0.0069162967299225865 1 0.0070699878355501254 1 0.0072236789411776643 1 0.0073773700468052032 1 0.0075310611524327413 1 0.0076847522580602802 1 0.0078384433636878182 1 0.0079921344693153571 1 0.008145825574942896 1 0.0082995166805704349 1 0.0084532077861979738 1 0.0086068988918255127 1 0.0087605899974530516 1 0.0089142811030805905 1 0.0090679722087081294 1 0.0092216633143356666 1 0.0093753544199632055 1 0.0095290455255907444 1 0.0096827366312182833 1 0.0098364277368458222 1 0.0099901188424733611 1 0.0101438099481009 4
7 0 0  3 47 45  0.52359877559830004 6.2831853071795862  0.52359826076135463 6.2639476581571278  0.52313665005729115 6.2254136096033825  0.52111971638916266 6.1680608473836873  0.51783955551491856 6.1119944528850603  0.51334323059445774 6.0573052508130534  0.50777395955822557 6.0043554968968618  0.50128731657842007 5.9538751390484714  0.49388930005062448 5.9051074541729873  0.48571873004320271 5.8584000708303252  0.4769207841809287 5.8140747773313981  0.46756818882298978 5.7719514249978285  0.45768270092763602 5.7317715260963755  0.44730040721286585 5.693346453977413  0.43646732227247603 5.6566511592359223  0.42523193580229218 5.6216474539315318  0.4136461200497964 5.588313412242341  0.40176022904925079 5.5566233773346099  0.38964257109330153 5.5265883221683607  0.37725663544526167 5.4979720793539499  0.36461080707904553 5.4707236372248707  0.35171139419382119 5.4447780536777763  0.33856906501639361 5.4200838779423242  0.32518312620719159 5.3965769619930866  0.31159807720953842 5.3742582461085719  0.29785528157318358 5.3531496730162234  0.28395210180031788 5.3332136512012331  0.26989826398677652 5.3144295742571446  0.25570074986263353 5.2967734939748468  0.24136783092227074 5.280223651765521  0.22690798914191668 5.2647589827277006  0.21233013112733479 5.2503594912294158  0.1976437235469892 5.2370058418028176  0.18285793152879906 5.2246799382028222  0.16798480562761633 5.2133620964177707  0.15302725367607711 5.2030406516575667  0.13798434717810834 5.1937175341986217  0.12286491811734641 5.1853867819336941  0.10767525033450885 5.178044272439589  0.092423345187687578 5.1716854376795878  0.077114066887105731 5.1663045270809933  0.061791882030715124 5.1619077264967492  0.046434921684502715 5.1584862599893793  0.03103006601774384 5.1560379260067455  0.015561825053367569 5.1545635315897576  0.0051976091231465509 5.1542343253387788  0 5.1542339826118591 
 0.015158334229373601 4 0.015273433333374139 1 0.015388532437374678 1 0.015503631541375216 1 0.015618730645375755 1 0.015733829749376295 1 0.015848928853376833 1 0.015964027957377371 1 0.016079127061377908 1 0.01619422616537845 1 0.016309325269378987 1 0.016424424373379525 1 0.016539523477380063 1 0.016654622581380604 1 0.016769721685381142 1 0.01688482078938168 1 0.016999919893382218 1 0.017115018997382755 1 0.017230118101383297 1 0.017345217205383835 1 0.017460316309384372 1 0.017575415413384914 1 0.017690514517385451 1 0.017805613621385989 1 0.017920712725386527 1 0.018035811829387065 1 0.018150910933387606 1 0.018266010037388144 1 0.018381109141388682 1 0.018496208245389219 1 0.018611307349389761 1 0.018726406453390299 1 0.018841505557390836 1 0.018956604661391374 1 0.019071703765391912 1 0.019186802869392453 1 0.019301901973392991 1 0.019417001077393529 1 0.01953210018139407 1 0.019647199285394608 1 0.019762298389395146 1 0.019877397493395683 1 0.019992496597396221 1 0.020107595701396763 1 0.0202226948053973 4
1 0 7.1054273576010019e-15 0 1 
1 6.2831853071795862 7.1054273576010019e-15 0 1 
1 0 0 0 -1 
1 6.2831853071795862 0 0 -1 
1 -3.1415926535897931 -7.5 1 0 
1 3.1415926535897953 0 0 -1 
1 3.1415926535897953 0 0 -1 
1 -3.1415926535897931 0 1 0 
7 0 0  3 25 23  1.2434200572255585 1.0552777537179399  1.2493539663257485 1.0514209666840699  1.2611648167793339 1.0433546219196288  1.2786982117881107 1.0301839489518629  1.2960364440644356 1.0159296278051555  1.3131682977511727 1.0005779363155993  1.330083283868293 0.98411402826108674  1.3467717361252876 0.96652164389347595  1.3632248342023714 0.94778297451854099  1.3794344417739683 0.92787860634934094  1.3953937202214344 0.90678734001771488  1.4110947897326869 0.88448682921037014  1.4265373931076386 0.8609515311104261  1.4416964725606478 0.83616112670844722  1.4565166074830398 0.81012349752933965  1.4709704328980506 0.7828391297244085  1.4850255887622532 0.75430985172201792  1.4986555751386859 0.72453006459330282  1.5118289615394784 0.693507584042239  1.5245720120940853 0.66114663351984992  1.5368632837607374 0.62733023147152267  1.5486881064068632 0.59193528063306  1.5600316211088416 0.55482613726171237  1.5672644975701295 0.52884432131855408  1.5707963267948908 0.51551857307693283 
 1.81367282050289e-06 4 0.00013889437976565233 1 0.00027597508671080176 1 0.00041305579365595119 1 0.00055013650060110062 1 0.0006872172075462501 1 0.00082429791449139948 1 0.00096137862143654885 1 0.0010984593283816983 1 0.0012355400353268478 1 0.0013726207422719973 1 0.0015097014492171466 1 0.001646782156162296 1 0.0017838628631074455 1 0.0019209435700525948 1 0.0020580242769977441 1 0.0021951049839428935 1 0.002332185690888043 1 0.0024692663978331925 1 0.002606347104778342 1 0.0027434278117234915 1 0.0028805085186686405 1 0.00301758922561379 4
7 0 0  3 25 23  0.52359877559830015 0.51551857307693139  0.5271315660436916 0.5288479488892307  0.53436587139492853 0.55483468601061425  0.54571000341174836 0.59194521159424029  0.55753387025176104 0.62733654678886352  0.56982257196199926 0.66114533926005836  0.58256135984753887 0.6934955876248825  0.59572884610287757 0.72450542426755238  0.60934891692293736 0.75426728056883796  0.62339308741386368 0.78277877427764098  0.63783736152470849 0.81004980567521245  0.65265162604910854 0.83608188093784575  0.66781302958004696 0.86088112440099285  0.68326264172442819 0.88443181706658958  0.69896896425130195 0.90674341279433457  0.71493346507353472 0.92784459331422253  0.73114780274662239 0.94775709083410398  0.74760526430558283 0.96650249280810274  0.76429768319864433 0.98410032710488404  0.7812162522608771 1.0005685830064421  0.79835130844832514 1.0159236752433654  0.81569237055125388 1.0301806033775844  0.83322823103743771 1.0433532354216428  0.8450404893866158 1.0514205457487658  0.85097504516763978 1.0552777537179316 
 2.9519504445265098e-07 4 0.00013650488826841934 1 0.000272714581492386 1 0.00040892427471635266 1 0.00054513396794031942 1 0.00068134366116428613 1 0.00081755335438825274 1 0.00095376304761221945 1 0.001089972740836186 1 0.0012261824340601528 1 0.0013623921272841195 1 0.0014986018205080862 1 0.0016348115137320527 1 0.0017710212069560194 1 0.0019072309001799861 1 0.0020434405934039532 1 0.0021796502866279197 1 0.0023158599798518862 1 0.0024520696730758532 1 0.0025882793662998197 1 0.0027244890595237866 1 0.0028606987527477531 1 0.00299690844597172 4
7 0 0  3 25 23  2.2906176084221594 1.0552777537179361  2.2965515175223485 1.0514209666840655  2.3083623679759326 1.0433546219196226  2.3258957629847097 1.0301839489518549  2.3432339952610319 1.0159296278051475  2.360365848947771 1.000577936315592  2.3772808350648904 0.98411402826108285  2.3939692873218847 0.96652164389347095  2.4104223853989697 0.94778297451853699  2.4266319929705675 0.9278786063493355  2.4425912714180344 0.90678734001771122  2.4582923409292872 0.88448682921036659  2.4737349443042405 0.86095153111041456  2.488894023757251 0.83616112670843346  2.5037141586796441 0.81012349752933088  2.5181679840946525 0.78283912972441017  2.532223139958854 0.75430985172202103  2.5458531263352873 0.72453006459331559  2.5590265127360756 0.69350758404224844  2.5717695632906818 0.66114663351985992  2.584060834957338 0.62733023147153133  2.5958856576034632 0.5919352806330701  2.6072291723054439 0.55482613726172036  2.614462048766732 0.52884432131856185  2.6179938779914926 0.51551857307694149 
 1.81367282060188e-06 4 0.00013889437976575089 1 0.00027597508671089988 1 0.00041305579365604888 1 0.00055013650060119787 1 0.00068721720754634692 1 0.00082429791449149586 1 0.0009613786214366448 1 0.0010984593283817937 1 0.0012355400353269428 1 0.0013726207422720918 1 0.0015097014492172407 1 0.0016467821561623897 1 0.0017838628631075388 1 0.0019209435700526876 1 0.0020580242769978369 1 0.0021951049839429859 1 0.002332185690888135 1 0.002469266397833284 1 0.0026063471047784331 1 0.0027434278117235821 1 0.0028805085186687307 1 0.0030175892256138798 4
7 0 0  3 25 23  1.5707963267948908 0.51551857307693283  1.5743291172402831 0.52884794888923159  1.5815634225915225 0.55483468601061303  1.5929075546083449 0.59194521159423608  1.6047314214483648 0.62733654678885342  1.6170201231586006 0.66114533926005747  1.6297589110441433 0.69349558762487806  1.6429263972994781 0.72450542426754483  1.6565464681195381 0.75426728056883219  1.6705906386104596 0.78277877427764309  1.6850349127213053 0.81004980567521678  1.6998491772457056 0.83608188093785074  1.7150105807766436 0.86088112440099207  1.7304601929210273 0.88443181706657936  1.7461665154478998 0.90674341279432036  1.762131016270136 0.92784459331420532  1.7783453539432192 0.9477570908340841  1.7948028155021816 0.96650249280808398  1.8114952343952406 0.98410032710486761  1.8284138034574737 1.0005685830064253  1.8455488596449199 1.0159236752433574  1.8628899217478498 1.0301806033775727  1.8804257822340333 1.0433532354216473  1.8922380405832109 1.0514205457487726  1.8981725963642342 1.0552777537179356 
 2.9519504443322899e-07 4 0.00013650488826839945 1 0.00027271458149236567 1 0.00040892427471633189 1 0.00054513396794029817 1 0.00068134366116426445 1 0.00081755335438823062 1 0.00095376304761219679 1 0.0010899727408361631 1 0.0012261824340601293 1 0.0013623921272840956 1 0.0014986018205080617 1 0.001634811513732028 1 0.0017710212069559942 1 0.0019072309001799603 1 0.0020434405934039268 1 0.0021796502866278929 1 0.0023158599798518589 1 0.0024520696730758254 1 0.0025882793662997915 1 0.002724489059523758 1 0.002860698752747724 1 0.0029969084459716901 4
7 0 0  3 25 23  3.3378151596187533 1.0552777537179314  3.343691172324589 1.051458600538083  3.3553934282271127 1.0434642901415836  3.3727874860592242 1.0303923916707582  3.3900120042224757 1.0162277814851806  3.4070574556049609 1.0009576840016932  3.4239154899398234 0.98456713965194631  3.4405761811646633 0.96704594331217264  3.4570639639080918 0.94832984873949422  3.4733389702850417 0.92841969050317608  3.4893725572902206 0.90730936734686751  3.5051338090846214 0.88499925301700266  3.5206004509014117 0.86147667473345435  3.5357289443099016 0.83677716537650804  3.5504910025100851 0.81090245157692675  3.5648825200127061 0.78380066092076894  3.5788942571462732 0.75542896860905095  3.5925201958306405 0.72573112383009664  3.6057530334182526 0.69466478321894454  3.6186366995161983 0.66197662924905054  3.6310910396747014 0.62772711747084642  3.6430583327477217 0.59193145529448665  3.6544793155591058 0.55461063321474668  3.6616934827343908 0.52871700147090483  3.6651914291880927 0.51551857307694082 
 0.0014700022248071299 4 0.0016064262198096694 1 0.001742850214812209 1 0.0018792742098147487 1 0.0020156982048172879 1 0.0021521221998198276 1 0.0022885461948223672 1 0.0024249701898249069 1 0.0025613941848274466 1 0.0026978181798299862 1 0.0028342421748325255 1 0.0029706661698350647 1 0.0031070901648376044 1 0.003243514159840144 1 0.0033799381548426837 1 0.0035163621498452233 1 0.003652786144847763 1 0.0037892101398503027 1 0.0039256341348528423 1 0.0040620581298553811 1 0.0041984821248579208 1 0.0043349061198604604 1 0.0044713301148630001 4
7 0 0  3 25 23  2.6179938779914926 0.51551857307694149  2.6214838586977174 0.52868825649490592  2.6287060213367632 0.55460588909568997  2.6401590173675138 0.59203906231212988  2.6521045187151193 0.62776589811480465  2.6644866616412521 0.66182079539872563  2.6773128120083927 0.69437260984108862  2.690563915858315 0.72550518494529359  2.7042598947907828 0.75535491935553623  2.7183689814208791 0.78391586486433118  2.7328642256178415 0.81119977822977252  2.7477129001172949 0.83720989787932609  2.7628870141535451 0.86195050150402619  2.7783314855135766 0.88542020012919109  2.7940220704051297 0.90764314508005151  2.8099584163906015 0.92864684525146268  2.8261328485688675 0.948456171907751  2.8425387132156947 0.96709472186911061  2.8591681281278252 0.98458433259943268  2.8760125755642671 1.0009451962108826  2.8930627478025919 1.016195913200326  2.9103085719777071 1.030353607955691  2.9277392998667686 1.043434218711919  2.9394752301486808 1.0514462989941677  2.9453701475608334 1.0552777537179423 
 0.019365723593035102 4 0.019502480682141492 1 0.019639237771247882 1 0.019775994860354276 1 0.019912751949460666 1 0.020049509038567056 1 0.020186266127673446 1 0.020323023216779836 1 0.020459780305886226 1 0.02059653739499262 1 0.02073329448409901 1 0.0208700515732054 1 0.021006808662311791 1 0.021143565751418181 1 0.021280322840524571 1 0.021417079929630965 1 0.021553837018737355 1 0.021690594107843745 1 0.021827351196950135 1 0.021964108286056525 1 0.022100865375162919 1 0.022237622464269309 1 0.022374379553375699 4
7 0 0  3 47 45  3.6651914291880932 6.2831853071795862  3.6651909143511463 6.2639476581568889  3.6647293036470696 6.2254136096026844  3.6627123699788942 6.1680608473823444  3.6594322091045801 6.1119944528830654  3.6549358841840132 6.057305250810475  3.6493666131476514 6.0043554968937327  3.6428799701677135 5.9538751390448317  3.6354819536397618 5.9051074541689204  3.6273113836321804 5.8584000708259074  3.6185134377697463 5.8140747773267014  3.6091608424116255 5.7719514249928672  3.5992753545160907 5.7317715260911442  3.58889306080113 5.6933464539719489  3.5780599758605498 5.6566511592302815  3.5668245893901687 5.6216474539257577  3.5552387736374769 5.5883134122364728  3.54335288263673 5.5566233773286591  3.5312352246805792 5.5265883221623531  3.5188492890323313 5.4979720793478952  3.5062034606659074 5.4707236372187946  3.4933040477804749 5.4447780536716834  3.4801617186028277 5.4200838779362446  3.4667757797934078 5.3965769619870159  3.4531907307955296 5.3742582461025528  3.43944793515896 5.3531496730102788  3.4255447553858787 5.3332136511953863  3.4114909175721233 5.3144295742514185  3.3972934034477751 5.2967734939692654  3.3829604845072003 5.2802236517601049  3.3685006427266391 5.2647589827224719  3.3539227847118522 5.2503594912243914  3.3392363771312987 5.2370058417980161  3.3244505851128983 5.2246799381982685  3.3095774592115044 5.213362096413471  3.2946199072597535 5.2030406516535388  3.279577000761575 5.1937175341949136  3.2644575717006079 5.1853867819302977  3.249267903917556 5.1780442724365079  3.2340159987705484 5.171685437677076  3.218706720469692 5.16630452707812  3.2033845356141639 5.1619077265100541  3.1880275752696905 5.1584862600218262  3.1726227196051524 5.1560379260515683  3.1571544786427856 5.1545635316293197  3.1467902627130617 5.1542343253562199  3.1415926535897944 5.1542339826118386 
 0.015158334229508101 4 0.015273433333511074 1 0.015388532437514046 1 0.015503631541517019 1 0.015618730645519991 1 0.015733829749522966 1 0.015848928853525936 1 0.015964027957528909 1 0.016079127061531882 1 0.016194226165534856 1 0.016309325269537829 1 0.016424424373540799 1 0.016539523477543772 1 0.016654622581546746 1 0.016769721685549719 1 0.016884820789552692 1 0.016999919893555662 1 0.017115018997558636 1 0.017230118101561609 1 0.017345217205564582 1 0.017460316309567556 1 0.017575415413570529 1 0.017690514517573499 1 0.017805613621576472 1 0.017920712725579446 1 0.018035811829582419 1 0.018150910933585389 1 0.018266010037588362 1 0.018381109141591336 1 0.018496208245594309 1 0.018611307349597282 1 0.018726406453600256 1 0.018841505557603225 1 0.018956604661606199 1 0.019071703765609172 1 0.019186802869612146 1 0.019301901973615115 1 0.019417001077618089 1 0.019532100181621062 1 0.019647199285624035 1 0.019762298389627009 1 0.019877397493629982 1 0.019992496597632956 1 0.020107595701635925 1 0.020222694805638899 4
7 0 0  3 25 23  4.3850127108153529 1.055277753717941  4.3909466199155442 1.051420966684069  4.4027574703691306 1.0433546219196235  4.4202908653779076 1.0301839489518516  4.4376290976542307 1.0159296278051442  4.4547609513409698 1.00057793631559  4.4716759374580892 0.98411402826107564  4.4883643897150849 0.96652164389346684  4.5048174877921676 0.9477829745185341  4.5210270953637641 0.92787860634933161  4.5369863738112324 0.90678734001771011  4.5526874433224798 0.8844868292103657  4.5681300466974344 0.86095153111041223  4.5832891261504454 0.83616112670843246  4.598109261072838 0.81012349752932922  4.6125630864878469 0.78283912972441161  4.6266182423520501 0.75430985172202003  4.6402482287284839 0.72453006459330538  4.6534216151292744 0.693507584042239  4.6661646656838807 0.66114663351985281  4.6784559373505381 0.627330231471528  4.6902807599966616 0.59193528063307166  4.7016242746986459 0.55482613726172036  4.7088571511599326 0.52884432131856141  4.7123889803846932 0.51551857307694171 
 1.81367282058521e-06 4 0.00013889437976573451 1 0.00027597508671088378 1 0.0004130557936560331 1 0.00055013650060118237 1 0.00068721720754633163 1 0.00082429791449148101 1 0.00096137862143663027 1 0.0010984593283817796 1 0.0012355400353269289 1 0.0013726207422720782 1 0.0015097014492172274 1 0.0016467821561623769 1 0.0017838628631075262 1 0.0019209435700526755 1 0.0020580242769978243 1 0.0021951049839429738 1 0.0023321856908881233 1 0.0024692663978332723 1 0.0026063471047784218 1 0.0027434278117235708 1 0.0028805085186687203 1 0.0030175892256138698 4
7 0 0  3 25 23  3.6651914291880927 0.51551857307694082  3.6687242196334844 0.52884794888923914  3.675958524984722 0.55483468601061869  3.6873026570015446 0.59194521159423863  3.6991265238415614 0.62733654678886275  3.7114152255517965 0.66114533926006203  3.7241540134373405 0.6934955876248895  3.7373214996926771 0.72450542426756148  3.7509415705127318 0.75426728056884829  3.7649857410036573 0.78277877427765286  3.7794300151145035 0.81004980567522689  3.7942442796389004 0.8360818809378503  3.8094056831698393 0.86088112440099351  3.8248552953142241 0.88443181706658436  3.8405616178410926 0.90674341279432225  3.8565261186633304 0.92784459331420921  3.872740456336413 0.94775709083408988  3.8891979178953768 0.96650249280808798  3.9058903367884343 0.98410032710487494  3.9228089058506708 1.0005685830064299  3.9399439620381154 1.0159236752433591  3.9572850241410462 1.0301806033775791  3.9748208846272295 1.0433532354216453  3.9866331429764088 1.0514205457487698  3.992567698757433 1.055277753717935 
 2.9519504444086198e-07 4 0.0001365048882684072 1 0.00027271458149237353 1 0.00040892427471633986 1 0.00054513396794030619 1 0.00068134366116427247 1 0.00081755335438823886 1 0.00095376304761220524 1 0.0010899727408361715 1 0.0012261824340601378 1 0.0013623921272841041 1 0.0014986018205080706 1 0.0016348115137320368 1 0.0017710212069560031 1 0.0019072309001799696 1 0.0020434405934039355 1 0.002179650286627902 1 0.0023158599798518685 1 0.0024520696730758345 1 0.002588279366299801 1 0.0027244890595237671 1 0.0028606987527477336 1 0.0029969084459717001 4
7 0 0  3 69 67  4.7123889803846941 6.2831853071795862  4.7123877408645241 6.2571865083064697  4.7115415191599581 6.2056012472726012  4.7079426492264655 6.1300200257541722  4.7022225406913041 6.056758808546757  4.6945663637731299 5.9864680695872323  4.6851835360600838 5.9198493859803083  4.674421009519321 5.8572013276406016  4.6625552151962326 5.7987468217276064  4.6495819330884567 5.7434715258172497  4.6356578783676401 5.6913581694711537  4.6211219865404285 5.6429814315246585  4.6059398739938704 5.5977406392055942  4.5901675585139454 5.5553525930886165  4.57383670623594 5.5154667207809212  4.5569660710737425 5.4779864137831007  4.5396486548681132 5.4429108859770778  4.5219645809223179 5.4102129811498338  4.5040237521763604 5.3799022123631817  4.4858035810905772 5.3517227240151444  4.4673134343321079 5.325624182824737  4.4485655078170732 5.3015394484162188  4.429572696551034 5.2794109422259989  4.410349054254044 5.2591841930779353  4.3909100019673835 5.2408090890924157  4.3712708827797133 5.2242409386329447  4.3514523123351925 5.2094327959832931  4.3314571197036242 5.1963636993940723  4.3113044068482571 5.1850469861153128  4.2910172117229708 5.1754851296016176  4.2706185506681438 5.1676799210322253  4.2501323436632825 5.1616297151319825  4.2295829293446561 5.1573300862504556  4.2089952774925612 5.1547732263162835  4.1883937724947806 5.1539484138448799  4.1678059786848456 5.1548389215799801  4.1472525520454342 5.157454095807509  4.1267508842406571 5.1618034018409817  4.1063189365002533 5.1678942072549177  4.0859740579730639 5.175732766197398  4.0657333449410551 5.1853243091154502  4.0456128792176029 5.1966727571994999  4.025629941931105 5.2097820536135737  4.0057944846959153 5.2246506027405797  3.9861050251785475 5.2413174286326143  3.9665928431781641 5.2598270668187439  3.9472802819303601 5.2802240045637712  3.9281904677428265 5.3025552454265323  3.9093448194768192 5.3268703117875331  3.8907627755383261 5.3532218657086128  3.8724649713951687 5.3816648964924179  3.8544605078960128 5.4122591469647707  3.8368373432816458 5.4450190763229109  3.8196163868403596 5.4800897778118687  3.8028311597495517 5.5175927685722836  3.786478156965944 5.5577498294119909  3.7707286669851761 5.6003404223890145  3.7556243039520991 5.6456309067727739  3.7412049940137337 5.6939145190155402  3.7274871981845403 5.7455354810623902  3.7145729042287843 5.8008074378660757  3.7026909029883002 5.8596802866960687  3.6920430224884275 5.9220964957608349  3.6827826254148368 5.9884601404953965  3.6752464000128899 6.0576974181447243  3.6695996119673158 6.1298046915786566  3.6660285678361406 6.2055857416066011  3.6651889845480397 6.2572563055047734  3.6651914291880932 6.2831853071795862 
 1.96976683345772e-07 4 0.00015388808231088445 1 0.00030757918793842317 1 0.00046127029356596186 1 0.00061496139919350054 1 0.00076865250482103923 1 0.00092234361044857792 1 0.0010760347160761166 1 0.0012297258217036553 1 0.001383416927331194 1 0.0015371080329587327 1 0.0016907991385862714 1 0.00184449024421381 1 0.0019981813498413489 1 0.0021518724554688874 1 0.0023055635610964259 1 0.0024592546667239648 1 0.0026129457723515037 1 0.0027666368779790422 1 0.0029203279836065806 1 0.0030740190892341195 1 0.0032277101948616584 1 0.0033814013004891969 1 0.0035350924061167354 1 0.0036887835117442743 1 0.0038424746173718132 1 0.0039961657229993517 1 0.0041498568286268897 1 0.0043035479342544286 1 0.0044572390398819675 1 0.0046109301455095055 1 0.0047646212511370445 1 0.0049183123567645834 1 0.0050720034623921223 1 0.0052256945680196612 1 0.0053793856736471992 1 0.0055330767792747381 1 0.005686767884902277 1 0.005840458990529815 1 0.005994150096157354 1 0.0061478412017848929 1 0.0063015323074124318 1 0.0064552234130399707 1 0.0066089145186675087 1 0.0067626056242950476 1 0.0069162967299225865 1 0.0070699878355501245 1 0.0072236789411776635 1 0.0073773700468052024 1 0.0075310611524327413 1 0.0076847522580602802 1 0.0078384433636878199 1 0.0079921344693153588 1 0.008145825574942896 1 0.0082995166805704349 1 0.0084532077861979738 1 0.0086068988918255127 1 0.0087605899974530516 1 0.0089142811030805905 1 0.0090679722087081294 1 0.0092216633143356666 1 0.0093753544199632055 1 0.0095290455255907444 1 0.0096827366312182833 1 0.0098364277368458222 1 0.0099901188424733611 1 0.0101438099481009 4
7 0 0  3 25 23  5.4322102620119512 1.0552777537179359  5.4381441711121434 1.0514209666840637  5.4499550215657298 1.0433546219196188  5.4674884165745068 1.0301839489518518  5.4848266488508317 1.0159296278051402  5.5019585025375681 1.0005779363155984  5.5188734886546884 0.98411402826107686  5.5355619409116814 0.96652164389346906  5.552015038988765 0.94778297451854221  5.5682246465603642 0.92787860634933683  5.584183925007828 0.90678734001772354  5.5998849945190807 0.88448682921037403  5.6153275978940327 0.86095153111043699  5.6304866773470437 0.83616112670845111  5.6453068122694381 0.81012349752934465  5.6597606376844478 0.7828391297244176  5.6738157935486502 0.75430985172202114  5.6874457799250839 0.72453006459331459  5.7006191663258736 0.69350758404224055  5.7133622168804825 0.66114663351985126  5.7256534885471364 0.62733023147152345  5.737478311193259 0.59193528063306911  5.748821825895237 0.55482613726172036  5.7560547023565247 0.52884432131856252  5.7595865315812853 0.51551857307694249 
 1.8136728205986401e-06 4 0.00013889437976574687 1 0.00027597508671089511 1 0.00041305579365604335 1 0.00055013650060119158 1 0.00068721720754633976 1 0.00082429791449148805 1 0.00096137862143663635 1 0.0010984593283817846 1 0.0012355400353269328 1 0.001372620742272081 1 0.0015097014492172294 1 0.0016467821561623776 1 0.0017838628631075258 1 0.0019209435700526742 1 0.0020580242769978221 1 0.0021951049839429703 1 0.0023321856908881185 1 0.0024692663978332667 1 0.0026063471047784149 1 0.002743427811723563 1 0.0028805085186687117 1 0.0030175892256138598 4
7 0 0  3 25 23  4.7123889803846932 0.51551857307694171  4.715921770830084 0.52884794888923847  4.7231560761813212 0.55483468601061614  4.7345002081981393 0.59194521159423519  4.7463240750381592 0.62733654678886253  4.7586127767483921 0.66114533926006214  4.7713515646339379 0.69349558762488261  4.7845190508892701 0.72450542426756748  4.7981391217093314 0.75426728056884851  4.8121832922002552 0.78277877427765408  4.8266275663110969 0.81004980567522289  4.8414418308354961 0.83608188093785685  4.8566032343664371 0.86088112440098929  4.8720528465108215 0.88443181706658036  4.8877591690376923 0.90674341279431769  4.9037236698599287 0.92784459331420532  4.9199380075330126 0.94775709083408421  4.9363954690919742 0.96650249280808243  4.953087887985034 0.98410032710486939  4.9700064570472664 1.0005685830064219  4.9871415132347137 1.0159236752433565  5.0044825753376401 1.0301806033775751  5.0220184358238278 1.0433532354216464  5.0338306941730036 1.0514205457487713  5.0397652499540273 1.0552777537179354 
 2.9519504444203798e-07 4 0.00013650488826840742 1 0.00027271458149237283 1 0.00040892427471633818 1 0.00054513396794030359 1 0.000681343661164269 1 0.0008175533543882343 1 0.00095376304761219971 1 0.001089972740836165 1 0.0012261824340601304 1 0.0013623921272840958 1 0.0014986018205080612 1 0.0016348115137320264 1 0.0017710212069559919 1 0.0019072309001799573 1 0.0020434405934039229 1 0.0021796502866278881 1 0.0023158599798518533 1 0.0024520696730758189 1 0.0025882793662997841 1 0.0027244890595237497 1 0.0028606987527477149 1 0.0029969084459716801 4
7 0 0  3 69 67  5.7595865315812853 6.2831853071795862  5.7595852920611197 6.2571865083064724  5.7587390703565582 6.2056012472726056  5.7551402004230674 6.1300200257541739  5.749420091887905 6.0567588085467703  5.7417639149697282 5.9864680695872288  5.7323810872566803 5.9198493859803216  5.721618560715914 5.8572013276406016  5.70975276639283 5.798746821727609  5.6967794842850497 5.7434715258172524  5.6828554295642384 5.6913581694711466  5.6683195377370268 5.6429814315246505  5.6531374251904722 5.5977406392055702  5.6373651097105428 5.5553525930885952  5.6210342574325418 5.5154667207809167  5.6041636222703399 5.4779864137830998  5.5868462060647088 5.4429108859770645  5.5691621321189109 5.4102129811498303  5.5512213033729578 5.3799022123631834  5.5330011322871773 5.3517227240151408  5.5145109855287098 5.3256241828247477  5.4957630590136715 5.301539448416217  5.4767702477476323 5.2794109422260025  5.4575466054506441 5.2591841930779442  5.4381075531639809 5.2408090890924139  5.4184684339763107 5.2242409386329438  5.3986498635317934 5.2094327959832993  5.3786546709002252 5.1963636993940732  5.3585019580448598 5.1850469861153199  5.3382147629195753 5.1754851296016335  5.3178161018647438 5.1676799210322306  5.2973298948598853 5.1616297151319852  5.2767804805412553 5.1573300862504672  5.2561928286891604 5.1547732263162915  5.2355913236913798 5.153948413844895  5.2150035298814439 5.1548389215799855  5.1944501032420325 5.1574540958075197  5.1739484354372527 5.1618034018409871  5.1535164876968542 5.1678942072549274  5.1331716091696586 5.175732766197398  5.1129308961376507 5.1853243091154519  5.0928104304141986 5.1966727571995035  5.0728274931277015 5.2097820536135719  5.0529920358925118 5.2246506027405841  5.0333025763751493 5.2413174286326143  5.0137903943747659 5.259827066818743  4.9944778331269628 5.2802240045637712  4.9753880189394293 5.3025552454265359  4.9565423706734224 5.3268703117875358  4.9379603267349266 5.3532218657086093  4.9196625225917661 5.3816648964924179  4.9016580590926058 5.412259146964769  4.8840348944782397 5.4450190763229056  4.8668139380369579 5.4800897778118758  4.8500287109461508 5.5175927685722721  4.8336757081625414 5.5577498294119936  4.817926218181773 5.6003404223890207  4.8028218551486965 5.6456309067727775  4.788402545210328 5.6939145190155429  4.7746847493811373 5.7455354810623804  4.7617704554253866 5.8008074378660739  4.7498884541849007 5.8596802866960713  4.7392405736850263 5.9220964957608162  4.7299801766114387 5.9884601404953983  4.72244395120949 6.0576974181447163  4.716797163163915 6.1298046915786477  4.7132261190327451 6.2055857416066003  4.7123865357446428 6.2572563055047743  4.7123889803846941 6.2831853071795862 
 1.9697668334793299e-07 4 0.0001538880823108866 1 0.00030757918793842523 1 0.00046127029356596386 1 0.0006149613991935026 1 0.00076865250482104129 1 0.00092234361044857987 1 0.0010760347160761186 1 0.0012297258217036572 1 0.0013834169273311959 1 0.0015371080329587346 1 0.0016907991385862733 1 0.0018444902442138118 1 0.0019981813498413507 1 0.0021518724554688892 1 0.0023055635610964281 1 0.0024592546667239665 1 0.002612945772351505 1 0.0027666368779790439 1 0.0029203279836065824 1 0.0030740190892341213 1 0.0032277101948616597 1 0.0033814013004891987 1 0.0035350924061167371 1 0.0036887835117442756 1 0.0038424746173718145 1 0.0039961657229993534 1 0.0041498568286268914 1 0.0043035479342544303 1 0.0044572390398819692 1 0.0046109301455095082 1 0.0047646212511370462 1 0.0049183123567645851 1 0.005072003462392124 1 0.005225694568019662 1 0.0053793856736472009 1 0.0055330767792747398 1 0.0056867678849022787 1 0.0058404589905298168 1 0.0059941500961573557 1 0.0061478412017848946 1 0.0063015323074124326 1 0.0064552234130399715 1 0.0066089145186675104 1 0.0067626056242950493 1 0.0069162967299225874 1 0.0070699878355501263 1 0.0072236789411776652 1 0.0073773700468052032 1 0.0075310611524327421 1 0.007684752258060281 1 0.0078384433636878199 1 0.0079921344693153588 1 0.0081458255749428977 1 0.0082995166805704349 1 0.0084532077861979738 1 0.0086068988918255127 1 0.0087605899974530516 1 0.0089142811030805905 1 0.0090679722087081294 1 0.0092216633143356683 1 0.0093753544199632055 1 0.0095290455255907444 1 0.0096827366312182833 1 0.0098364277368458222 1 0.0099901188424733611 1 0.0101438099481009 4
7 0 0  3 25 23  0.19622250602896091 1.055277753717931  0.20209851873479659 1.0514586005380835  0.21380077463732225 1.0434642901415851  0.23119483246943043 1.0303923916707578  0.24841935063268408 1.0162277814851797  0.26546480201516598 1.0009576840016872  0.28232283635003147 0.98456713965194542  0.29898352757487312 0.96704594331217375  0.31547131031829739 0.94832984873948711  0.33174631669525073 0.92841969050317164  0.3477799037004311 0.90730936734685985  0.36354115549482896 0.88499925301699445  0.3790077973116191 0.86147667473344292  0.39413629072010964 0.83677716537650781  0.40889834892028964 0.81090245157691787  0.4232898664229155 0.78380066092076006  0.43730160355647596 0.7554289686090383  0.45092754224084874 0.72573112383008276  0.46416037982846059 0.69466478321892866  0.47704404592640332 0.66197662924904432  0.48949838608491025 0.62772711747084908  0.50146567915792872 0.59193145529449731  0.51288666196931243 0.55461063321475246  0.52010082914459888 0.52871700147090162  0.52359877559830015 0.51551857307693139 
 0.0014700022248071601 4 0.0016064262198096986 1 0.0017428502148122372 1 0.001879274209814776 1 0.0020156982048173144 1 0.0021521221998198532 1 0.0022885461948223915 1 0.0024249701898249303 1 0.0025613941848274691 1 0.0026978181798300075 1 0.0028342421748325458 1 0.0029706661698350846 1 0.0031070901648376234 1 0.0032435141598401622 1 0.0033799381548427006 1 0.003516362149845239 1 0.0036527861448477777 1 0.0037892101398503165 1 0.0039256341348528553 1 0.0040620581298553941 1 0.0041984821248579321 1 0.0043349061198604709 1 0.0044713301148630097 4
7 0 0  3 25 23  5.7595865315812853 0.51551857307694249  5.7630765122875101 0.52868825649490758  5.7702986749265568 0.55460588909569175  5.7817516709573082 0.59203906231212999  5.7936971723049098 0.62776589811479566  5.8060793152310435 0.66182079539872685  5.8189054655981893 0.6943726098411046  5.8321565694481086 0.7255051849452927  5.8458525483805817 0.75535491935553756  5.8599616350106771 0.78391586486432729  5.8744568792076413 0.81119977822977651  5.889305553707092 0.83720989787932709  5.9044796677433382 0.86195050150403296  5.9199241391033723 0.88542020012919387  5.9356147239949246 0.9076431450800525  5.9515510699803942 0.92864684525146524  5.9677255021586593 0.94845617190775233  5.9841313668054879 0.96709472186910705  6.0007607817176183 0.98458433259943834  6.0176052291540554 1.0009451962108626  6.0346554013923841 1.0161959132003242  6.0519012255674944 1.0303536079556754  6.0693319534565529 1.0434342187119028  6.0810678837384655 1.0514462989941469  6.0869628011506176 1.0552777537179177 
 0.019365723593035102 4 0.019502480682141492 1 0.019639237771247882 1 0.019775994860354276 1 0.019912751949460666 1 0.020049509038567056 1 0.020186266127673446 1 0.020323023216779836 1 0.020459780305886226 1 0.02059653739499262 1 0.02073329448409901 1 0.0208700515732054 1 0.021006808662311791 1 0.021143565751418181 1 0.021280322840524571 1 0.021417079929630965 1 0.021553837018737355 1 0.021690594107843745 1 0.021827351196950135 1 0.021964108286056525 1 0.022100865375162919 1 0.022237622464269309 1 0.022374379553375699 4
7 0 0  3 47 45  6.2831853071795862 5.1542339826118591  6.2780200542128641 5.154233929131248  6.2676920505624736 5.1545573789326058  6.2522152227724774 5.1560175961244026  6.2367612678889879 5.158457453429798  6.2213377957871918 5.1618807594962997  6.2059523340049969 5.1662909264664698  6.1906122940945716 5.1716909620081797  6.1753249757160535 5.1780835231606961  6.1600974611526578 5.185470985616532  6.1449369159484322 5.1938552477316122  6.1298493809294641 5.2032384350328105  6.1148441995277114 5.2136201198678647  6.0999174200464328 5.2250074293392945  6.0850734000254345 5.2374209608219511  6.0703291694115293 5.2508725906068623  6.0556978027415536 5.265375909181353  6.0411928247042646 5.2809437072523187  6.0268269831462016 5.2975889149967745  6.0126125470812539 5.3153245632864312  5.9985611666038157 5.3341640646648703  5.9846839902677074 5.3541210269480315  5.9709912210351686 5.3752104195966277  5.9574936906258218 5.3974445647653688  5.9441969512415467 5.4208482059808762  5.9311058663442093 5.445491367671023  5.9182295762183834 5.4714368398299689  5.9055745739949446 5.4987573156489704  5.8931500661612475 5.5275237339440668  5.8809535188318174 5.5578336260439283  5.8690659672088374 5.5896019880994858  5.8575144086911344 5.6229219436449336  5.846328027138437 5.6578799370777206  5.8355354011480669 5.6945678398420414  5.8251560893331664 5.733120169631805  5.8152376571036362 5.7735526490847207  5.8058732682079048 5.8158389090896483  5.7971243658886253 5.8600987415171009  5.7890563463193097 5.9064523904966375  5.781736705837675 5.9550105944334275  5.7752098203449309 6.0060641074152707  5.76971883934897 6.0585155012647007  5.7652951844121931 6.1127626824265766  5.7620211959649934 6.1689618618156583  5.7600385149089517 6.2258576604586331  5.7595866356832506 6.2640861123131018  5.7595865315812853 6.2831853071795862 
 8.9851792195813004e-18 4 0.00011438280141599901 1 0.00022876560283198902 1 0.0003431484042479791 1 0.0004575312056639691 1 0.0005719140070799591 1 0.0006862968084959492 1 0.0008006796099119392 1 0.0009150624113279292 1 0.0010294452127439192 1 0.0011438280141599091 1 0.0012582108155758992 1 0.0013725936169918893 1 0.0014869764184078792 1 0.0016013592198238693 1 0.0017157420212398592 1 0.0018301248226558493 1 0.0019445076240718394 1 0.0020588904254878297 1 0.0021732732269038194 1 0.0022876560283198095 1 0.0024020388297357996 1 0.0025164216311517897 1 0.0026308044325677798 1 0.0027451872339837699 1 0.0028595700353997596 1 0.0029739528368157497 1 0.0030883356382317398 1 0.0032027184396477299 1 0.00331710124106372 1 0.0034314840424797097 1 0.0035458668438956998 1 0.0036602496453116899 1 0.00377463244672768 1 0.0038890152481436701 1 0.0040033980495596594 1 0.0041177808509756499 1 0.0042321636523916396 1 0.0043465464538076292 1 0.0044609292552236198 1 0.0045753120566396095 1 0.0046896948580556 1 0.0048040776594715897 1 0.0049184604608875793 1 0.0050328432623035699 4
1 3.8857805861880479e-16 1.0552777537179312 1 -1.3565100806917328e-15 
1 0 1.0552777537179299 1 3.3912752017293468e-16 
1 0 1.0552777537179325 1 -6.7825504034587075e-16 
1 0 1.0552777537179245 1 1.6956376008646642e-15 
1 -8.8817841970012523e-16 1.0552777537179232 1 1.695637600864678e-15 
1 0 1.0552777537179363 1 -6.7825504034587952e-16 
1 6.2831853071795862 4.7123889803847021 -1 0 
1 0 4.7123889803846968 1 -5.6543194337129189e-16 
1 3.1415926535897936 -7.5 1 0 
1 4.4408920985006262e-16 1.5707963267948841 1 -2.2617277734851679e-15 
1 3.1415926535897936 0 1 0 
1 0 0 0 -1 
1 6.2831853071795862 0 0 -1 
1 6.2831853071795862 -38 -1 0 
1 3.1415926535897931 0 0 -1 
1 3.1415926535897931 0 0 -1 
1 6.2831853071795862 0 -1 0 
1 3.1415926535897931 4.9906886393898029 -1 0 
1 3.1415926535897931 -3.7715070637716921 -1 0 
1 3.1415926535897931 -8.8817841970012523e-16 0 1 
1 3.1415926535897931 -8.8817841970012523e-16 0 1 
1 0 6.2831853071795862 1 0 
1 3.1415926535897931 -30.2284929362282 1 0 
1 0 4.7123889803846897 0 1 
1 6.2831853071795862 4.7123889803846897 0 1 
1 0 -14.560219778560942 1 0 
1 3.1415926535897931 -5.3290705182007514e-15 0 1 
1 3.1415926535897931 -5.3290705182007514e-15 0 1 
1 0 -9.5923269327613525e-14 0 1 
1 6.2831853071795862 -9.5923269327613525e-14 0 1 
1 -3.1415926535897931 -20.22820370188948 1 0 
1 3.1415926535897931 -7.1054273576010019e-15 0 1 
1 3.1415926535897931 -7.1054273576010019e-15 0 1 
7 0 0  3 25 23  2.9751372015972457 -15.171152776417147  2.9781717308847102 -15.112631602609742  2.9841877502764449 -14.995038104405038  2.9930553556232655 -14.817036211046203  3.0017692305865404 -14.637464906433678  3.0103320701039462 -14.456364923584944  3.0187465639949367 -14.27377603227751  3.0270153931314834 -14.089736917286547  3.0351412253411141 -13.90428523471822  3.0431267118544114 -13.717457621603584  3.0509744840514221 -13.529289718825831  3.0586871505455684 -13.339816191127273  3.0662672945683034 -13.149070748408285  3.0737174716387852 -12.957086167058275  3.081040207498404 -12.763894311541922  3.0882379962912578 -12.569526156060897  3.0953132989758978 -12.374011806292735  3.1022685419404668 -12.177380520936406  3.1091061158467981 -11.979660733747336  3.1158283745337529 -11.780880073246159  3.1224376345425595 -11.58106539036719  3.1289361730974026 -11.380242755520436  3.1353262325648599 -11.178437568660543  3.1395154117807436 -11.043262020422826  3.1415926535897931 -10.975518673304324 
 2.5118271358544201e-07 4 0.00025313001373288382 1 0.00050600884475218212 1 0.00075888767577148052 1 0.0010117665067907789 1 0.0012646453378100772 1 0.0015175241688293757 1 0.001770402999848674 1 0.0020232818308679721 1 0.0022761606618872704 1 0.0025290394929065687 1 0.002781918323925867 1 0.0030347971549451657 1 0.003287675985964464 1 0.0035405548169837623 1 0.0037934336480030606 1 0.0040463124790223589 1 0.0042991913100416572 1 0.0045520701410609555 1 0.0048049489720802538 1 0.0050578278030995521 1 0.0053107066341188504 1 0.0055635854651381496 4
1 3.1415926535897931 -15.171152776417118 -1 0 
1 5.5511151231257827e-17 -75.3260146480891 1 0 
7 0 0  3 25 23  2.3546310654944911 -9.2799286451600516  2.3606658158613332 -9.4127583605358129  2.37292042270892 -9.6755857493658386  2.3918701619106368 -10.060911769221232  2.4114006078939911 -10.436909783863737  2.4315233530909208 -10.803145866163424  2.4522488798800728 -11.159172892106856  2.4735862220816731 -11.504529277151947  2.4955427413250373 -11.838740436132383  2.5181238519962519 -12.161319844998678  2.541332742617203 -12.471770573137301  2.5651700853946093 -12.76958708306265  2.589633742111678 -13.054257377065014  2.6147184716105234 -13.325265488318973  2.6404156464342736 -13.582094327179769  2.6667129869481951 -13.824228880006718  2.6935943226939543 -14.051159744923831  2.7210393901501 -14.262386990267171  2.7490236814463409 -14.457424255704746  2.7775183401032804 -14.635803196676083  2.8064901681751508 -14.7970776299771  2.8359015509784986 -14.940829441982046  2.8657110629675677 -15.066668165951812  2.8858183116848588 -15.138392040278754  2.8959229559487958 -15.171152776417115 
 0.0083573239245464601 4 0.0089711576761775068 1 0.0095849914278085535 1 0.010198825179439602 1 0.010812658931070649 1 0.011426492682701695 1 0.012040326434332744 1 0.012654160185963791 1 0.013267993937594837 1 0.013881827689225884 1 0.014495661440856931 1 0.015109495192487979 1 0.015723328944119028 1 0.016337162695750071 1 0.016950996447381121 1 0.017564830199012168 1 0.018178663950643215 1 0.018792497702274261 1 0.019406331453905308 1 0.020020165205536358 1 0.020633998957167402 1 0.021247832708798452 1 0.021861666460429498 4
7 0 0  3 25 23  2.3546310654944911 -9.2799286451600516  2.3537897447637861 -9.1397640539883884  2.3521341276774823 -8.8593807687694373  2.3497282481832151 -8.4386506447528102  2.3473963034936833 -8.0177726086918302  2.34513497746959 -7.5967533437621633  2.3429411275330572 -7.1755991802632355  2.3408117990347432 -6.7543160666247415  2.3387442047241853 -6.3329096114414334  2.3367357149648891 -5.9113851035750482  2.334783846331475 -5.4897475355135228  2.3328862517825302 -5.0680016234881853  2.3310407114470735 -4.6461518263142425  2.3292451241872616 -4.2242023626275911  2.3274974998079974 -3.802157226785428  2.3257959518724935 -3.3800202035170086  2.3241386910615596 -2.9577948814542188  2.3225240190467114 -2.5354846656052903  2.3209503227709063 -2.1130927889885007  2.3194160693319095 -1.6906223230361155  2.3179198005598201 -1.2680761885983214  2.3164601305156074 -0.84545716105808821  2.3150357337197107 -0.42276789408120696  2.314108824222405 -0.1409298785299922  2.3136508307451482 7.0252677522100477e-15 
 2.49967020246386e-07 4 0.00042576569337061975 1 0.00085128141972099305 1 0.0012767971460713665 1 0.0017023128724217398 1 0.0021278285987721131 1 0.0025533443251224866 1 0.0029788600514728597 1 0.0034043757778232332 1 0.0038298915041736067 1 0.0042554072305239802 1 0.0046809229568743537 1 0.0051064386832247273 1 0.0055319544095751008 1 0.0059574701359254734 1 0.006382985862275847 1 0.0068085015886262205 1 0.007234017314976594 1 0.0076595330413269675 1 0.0080850487676773393 1 0.0085105644940277128 1 0.0089360802203780863 1 0.0093615959467284598 4
1 -3.1415926535897931 0 1 0 
1 -3.1415926535897931 -6.9701113873385996 1 0 
7 0 0  3 25 23  2.0845788842805493 -1.4050535504420095e-14  2.0844971762322908 -0.025142782446021847  2.0843334118986281 -0.07542765408153998  2.0840867139449331 -0.15085286828103736  2.0838389578187448 -0.22627597578769082  2.0835901367221341 -0.30169696300415411  2.0833402438048458 -0.37711581622802792  2.0830892721564798 -0.45253252163584762  2.0828372148077845 -0.52794706528583213  2.0825840647295175 -0.60335943311550633  2.082329814831934 -0.6787696109407132  2.0820744579641053 -0.75417758445423766  2.0818179869132658 -0.82958333922440131  2.0815603944041512 -0.90498686069380829  2.0813016730983138 -0.98038813417796378  2.0810418155934465 -1.0557871448638105  2.0807808144226896 -1.1311838778084098  2.0805186620539153 -1.2065783179374638  2.0802553508890691 -1.2819704500439997  2.0799908732632648 -1.3573602587864753  2.0797252214447139 -1.4327477286886803  2.0794583876315778 -1.5081328441334179  2.0791903639601461 -1.5835155893788608  2.0790108829672658 -1.6337691621197201  2.0789209415124774 -1.6588955481545067 
 2.4999771101158598e-07 4 7.6164691543588789e-05 1 0.00015207938537616599 1 0.00022799407920874319 1 0.00030390877304132039 1 0.00037982346687389756 1 0.00045573816070647479 1 0.00053165285453905201 1 0.00060756754837162918 1 0.00068348224220420636 1 0.00075939693603678353 1 0.00083531162986936081 1 0.00091122632370193798 1 0.00098714101753451526 1 0.0010630557113670924 1 0.0011389704051996696 1 0.0012148850990322468 1 0.001290799792864824 1 0.0013667144866974011 1 0.0014426291805299783 1 0.0015185438743625555 1 0.0015944585681951329 1 0.00167037326202771 4
7 0 0  3 25 23  1.7185001401613245 -15.171152776417143  1.7274348184740449 -14.998839515718069  1.7448445798852563 -14.649458317023541  1.7696485930532113 -14.112104148853772  1.793210533162571 -13.562479606848157  1.8155975589160702 -13.001490516440519  1.8368750168005608 -12.429978754159656  1.8571059044917779 -11.848716889444296  1.8763505694721887 -11.258415669256054  1.8946665058784826 -10.659727976802614  1.9121082552716326 -10.053253599483988  1.9287273676382095 -9.4395433320941162  1.9445724598009035 -8.8191036419360529  1.9596891578166478 -8.1923982580991961  1.974120149495628 -7.5598506154766847  1.9879055613216592 -6.921851860622624  2.0010829581300009 -6.2787615993554473  2.0136875066253292 -5.630911187266995  2.0257521015277891 -4.9786060535615633  2.0373074983287576 -4.3221279614185546  2.0483824587431614 -3.6617371914850843  2.0590038264305988 -2.9976738921895696  2.0691968465218324 -2.3301617288687129  2.075721982354664 -1.8829886770088728  2.0789209415124774 -1.6588955481545067 
 2.4594924252584298e-07 4 0.00074481003480633831 1 0.0014893741203701508 1 0.0022339382059339634 1 0.0029785022914977761 1 0.0037230663770615887 1 0.0044676304626254009 1 0.0052121945481892135 1 0.0059567586337530261 1 0.0067013227193168387 1 0.0074458868048806514 1 0.0081904508904444631 1 0.0089350149760082757 1 0.0096795790615720884 1 0.010424143147135901 1 0.011168707232699714 1 0.011913271318263526 1 0.012657835403827339 1 0.013402399489391151 1 0.014146963574954964 1 0.014891527660518777 1 0.015636091746082586 1 0.016380655831646398 4
1 3.1415926535897931 -15.171152776417186 -1 4.4849428909130577e-14 
1 0 -75.3260146480891 1 0 
7 0 0  3 25 23  1.0979940040585694 -9.2799286451600089  1.104028795622354 -9.4127592676614658  1.1162834848007717 -9.6755883727720597  1.1352333462228623 -10.060916669240964  1.1547639121105635 -10.436916658105741  1.1748867736927222 -10.803154410064106  1.1956124120328953 -11.159182800758879  1.2169498595075012 -11.504540247550265  1.2389064761773929 -11.838752169580243  1.2614876747373538 -12.161332049749403  1.2846966419014685 -12.471782967254301  1.3085340479619136 -12.769599397498714  1.3329977526946666 -13.054269358950549  1.3580825128606075 -13.325276904443268  1.3837796988712308 -13.582104967641978  1.4100770289384914 -13.824238562005039  1.4369583304627653 -14.051168316642347  1.4644033378317993 -14.262394334812267  1.4923875411772691 -14.457430295031507  1.5208820821609637 -14.635807895447689  1.5498537611618357 -14.797080999257327  1.5792649620643533 -14.940831542792836  1.609074258135579 -15.06666911222022  1.6291813397406474 -15.13839233057239  1.6392858945128757 -15.171152776417136 
 0.0085460064489794006 4 0.0091598391360474922 1 0.009773671823115582 1 0.010387504510183674 1 0.011001337197251763 1 0.011615169884319855 1 0.012229002571387947 1 0.012842835258456038 1 0.013456667945524128 1 0.014070500632592218 1 0.014684333319660309 1 0.015298166006728401 1 0.015911998693796493 1 0.016525831380864581 1 0.017139664067932672 1 0.017753496755000764 1 0.018367329442068855 1 0.018981162129136947 1 0.019594994816205039 1 0.02020882750327313 1 0.020822660190341218 1 0.02143649287740931 1 0.022050325564477401 4
7 0 0  3 25 23  1.0979940040585694 -9.2799286451600089  1.0971526833278649 -9.1397640539883511  1.0954970662415604 -8.8593807687694035  1.0930911867472939 -8.4386506447527605  1.0907592420577628 -8.0177726086917911  1.0884979160336694 -7.5967533437621171  1.0863040660971357 -7.1755991802631902  1.0841747375988227 -6.7543160666246971  1.0821071432882641 -6.3329096114414067  1.0800986535289685 -5.9113851035750153  1.0781467848955542 -5.4897475355134899  1.0762491903466092 -5.0680016234881631  1.0744036500111529 -4.6461518263142212  1.0726080627513404 -4.224202362627584  1.0708604383720759 -3.8021572267854054  1.0691588904365732 -3.3800202035170051  1.0675016296256379 -2.9577948814541908  1.0658869576107899 -2.5354846656052841  1.0643132613349851 -2.1130927889884692  1.0627790078959898 -1.6906223230361221  1.0612827391238993 -1.2680761885982814  1.0598230690796882 -0.84545716105807756  1.0583986722837904 -0.42276789408116816  1.0574717627864856 -0.1409298785299474  1.0570137693092287 4.9176874265470337e-14 
 2.4996702024739402e-07 4 0.0004257656933706198 1 0.00085128141972099229 1 0.0012767971460713647 1 0.0017023128724217372 1 0.0021278285987721096 1 0.0025533443251224818 1 0.002978860051472854 1 0.0034043757778232267 1 0.0038298915041735993 1 0.0042554072305239724 1 0.0046809229568743442 1 0.0051064386832247169 1 0.0055319544095750895 1 0.0059574701359254613 1 0.0063829858622758339 1 0.0068085015886262066 1 0.0072340173149765792 1 0.0076595330413269519 1 0.0080850487676773237 1 0.0085105644940276972 1 0.008936080220378069 1 0.0093615959467284408 4
1 -3.1415926535897931 0 1 0 
1 -3.1415926535897931 -6.9701113873385996 1 0 
7 0 0  3 25 23  0.82794182284462903 -1.4050535504420095e-14  0.82748382936737164 -0.14092987853000929  0.82655691987006741 -0.42276789408122556  0.82513252307416973 -0.84545716105812052  0.82367285302995819 -1.2680761885983431  0.82217658425786733 -1.6906223230361306  0.82064233081887272 -2.1130927889885429  0.81906863454306733 -2.5354846656053169  0.81745396252821922 -2.9577948814542374  0.81579670171728469 -3.3800202035170335  0.8140951537817811 -3.8021572267854378  0.81234752940251731 -4.2242023626276124  0.81055194214270487 -4.6461518263142532  0.80870640180724906 -5.0680016234882128  0.80680880725830273 -5.4897475355135246  0.80485693862488938 -5.9113851035750544  0.80284844886559381 -6.3329096114414511  0.80078085455503467 -6.7543160666247504  0.79865152605672141 -7.1755991802632231  0.79645767612018836 -7.5967533437621668  0.79419635009609324 -8.0177726086918071  0.79186440540656311 -8.4386506447528014  0.78945852591229604 -8.8593807687694266  0.78780290882599113 -9.1397640539883707  0.7869615880952866 -9.2799286451600302 
 2.4999769624441702e-07 4 0.0004257657240466179 1 0.00085128145039699136 1 0.0012767971767473647 1 0.0017023129030977382 1 0.0021278286294481117 1 0.0025533443557984852 1 0.0029788600821488587 1 0.0034043758084992323 1 0.0038298915348496058 1 0.0042554072611999784 1 0.0046809229875503519 1 0.0051064387139007255 1 0.005531954440251099 1 0.0059574701666014725 1 0.006382985892951846 1 0.0068085016193022195 1 0.0072340173456525931 1 0.0076595330720029666 1 0.0080850487983533392 1 0.0085105645247037127 1 0.0089360802510540863 1 0.0093615959774044598 4
7 0 0  3 25 23  0.3141592653589686 -14.898184755325589  0.32296468169253045 -14.856407358916181  0.34046537652055192 -14.768084763808345  0.36635965575189655 -14.621601202222051  0.391869738299642 -14.461414715348845  0.41697198511923184 -14.287846526893512  0.44164529323682278 -14.101230569035401  0.46587142988713387 -13.901913330661948  0.48963489299464757 -13.690250674379005  0.51292285732097231 -13.466605591122761  0.53572506249060436 -13.231345864456131  0.55803368766985195 -12.984841947851104  0.57984320707572246 -12.727464994126059  0.60115023378251053 -12.459585066787715  0.62195335531080487 -12.181569532491777  0.64225296503785634 -11.89378163622345  0.66205109268152296 -11.596579256305782  0.68135123686982446 -11.290313830374503  0.70015820160533604 -10.975329454254418  0.71847794055033742 -10.651962104691695  0.73631740298074688 -10.320539119825709  0.75368441083439019 -9.9813783835402905  0.77058746167744663 -9.6347892236723265  0.78155305599202285 -9.3989747176288905  0.7869615880952866 -9.2799286451600302 
 0.0074896249588416904 4 0.0080394957680210866 1 0.0085893665772004829 1 0.0091392373863798775 1 0.0096891081955592737 1 0.01023897900473867 1 0.010788849813918066 1 0.011338720623097463 1 0.011888591432276857 1 0.012438462241456255 1 0.01298833305063565 1 0.013538203859815046 1 0.014088074668994442 1 0.014637945478173837 1 0.015187816287353235 1 0.015737687096532629 1 0.016287557905712027 1 0.016837428714891422 1 0.017387299524070816 1 0.017937170333250214 1 0.018487041142429609 1 0.019036911951609004 1 0.019586782760788402 4
7 0 0  3 25 23  0 -12.090313034078372  0.0041128650400550871 -12.147986920960212  0.012400131077564021 -12.262157581970982  0.02501568329156225 -12.429801441735169  0.037816026679290196 -12.593752616332457  0.050800974700145878 -12.753929712073811  0.063970110574868205 -12.910250922307629  0.077322744637754806 -13.062634062064319  0.090857908636225365 -13.210996719336631  0.104574340517955 -13.3552563865577  0.1184704723050452 -13.495330608774443  0.13254441783951673 -13.631137138575635  0.14679396143092355 -13.762594100169629  0.1612165473057918 -13.889620161586492  0.175809270069721 -14.012134714757623  0.19056886630483388 -14.130058062950031  0.20549170748256601 -14.243311614730104  0.22057379423594936 -14.351818084480325  0.23581075251446423 -14.455501695740347  0.25119783034455584 -14.554288397149797  0.26672990060508539 -14.64810604983678  0.28240145023256757 -14.736884734696345  0.29820662949676968 -14.820556619919254  0.30882826783043438 -14.872890520847349  0.3141592653589686 -14.898184755325589 
 0.0135349012502314 4 0.013867715470554945 1 0.014200529690878491 1 0.014533343911202036 1 0.014866158131525583 1 0.015198972351849128 1 0.015531786572172673 1 0.015864600792496217 1 0.016197415012819766 1 0.016530229233143311 1 0.016863043453466856 1 0.0171958576737904 1 0.017528671894113945 1 0.01786148611443749 1 0.018194300334761035 1 0.018527114555084583 1 0.018859928775408128 1 0.019192742995731673 1 0.019525557216055221 1 0.019858371436378766 1 0.020191185656702311 1 0.020523999877025856 1 0.020856814097349401 4
1 0 3.5527136788005009e-15 0 1 
1 6.2831853071795862 3.5527136788005009e-15 0 1 
1 2.3136508307451482 0 0 -1 
1 2.0845788842805493 0 0 1 
1 -3.1415926535897931 0 1 0 
1 1.0570137693092287 0 0 -1 
1 0.82794182284462903 0 0 1 
1 -3.1415926535897931 0 1 0 
1 0 0 0 -1 
1 6.2831853071795862 0 0 -1 
1 -3.1415926535897931 -10 1 0 
1 3.1415926535897931 0 0 -1 
1 3.1415926535897931 0 0 -1 
1 -3.1415926535897931 0 1 0 
1 3.1415926535897931 4.9906886393898029 -1 0 
1 3.1415926535897931 10.788712714789249 -1 0 
1 3.1415926535897931 3.1415926535897931 0 1 
1 3.1415926535897931 3.1415926535897931 0 1 
1 0 6.2831853071795862 1 0 
1 6.2831853071795862 -7.7715070637718 -1 0 
1 0 1.5707963267948952 0 1 
1 6.2831853071795862 1.5707963267948952 0 1 
1 3.1415926535897931 0 -1 0 
1 3.1415926535897931 -6.8320385625556079e-15 0 1 
1 3.1415926535897931 -6.8320385625556079e-15 0 1 
1 0 0 0 1 
1 6.2831853071795862 0 0 1 
1 3.1415926535897931 -20.22820370188948 -1 0 
1 3.1415926535897931 -7.1054273576010019e-15 0 1 
1 3.1415926535897931 -7.1054273576010019e-15 0 1 
7 0 0  3 25 23  2.9829495962124586 -9.2799286451600267  2.9850845681826437 -9.3269210190708502  2.9893776493895379 -9.4205506692768726  2.9958872739185387 -9.5599120306611045  3.0024674964883915 -9.6981725526120375  3.0091188970104152 -9.8353141751281186  3.0158420440124329 -9.9713186202117559  3.0226374922299644 -10.106167362320175  3.0295057818739246 -10.239841638375298  3.0364474374009385 -10.372322447621592  3.043462966368899 -10.50359055467473  3.0505528582218862 -10.633626492208249  3.0577175830466778 -10.7624105642535  3.0649575902901152 -10.889922849874784  3.0722733074412174 -11.016143207307243  3.0796651386773735 -11.141051278555226  3.0871334634786294 -11.264626494485261  3.0946786352010127 -11.386848080388518  3.102300979648684 -11.507695062191344  3.1100007935036018 -11.62714627273227  3.1177783431482524 -11.745180360361411  3.1256338618921227 -11.861775791525609  3.1335675530366758 -11.976910878531367  3.1389088983745279 -12.05267943694655  3.1415926535897931 -12.090313034078173 
 0.0097164881481506104 4 0.0099336339536312285 1 0.010150779759111845 1 0.010367925564592463 1 0.010585071370073081 1 0.010802217175553699 1 0.011019362981034316 1 0.011236508786514934 1 0.011453654591995552 1 0.011670800397476169 1 0.011887946202956787 1 0.012105092008437405 1 0.012322237813918023 1 0.012539383619398641 1 0.012756529424879258 1 0.012973675230359876 1 0.013190821035840494 1 0.01340796684132111 1 0.013625112646801728 1 0.013842258452282347 1 0.014059404257762965 1 0.014276550063243583 1 0.014493695868724199 4
7 0 0  3 25 23  2.9419693614631166 -7.0252677522100477e-15  2.9424273549403734 -0.14092987852999439  2.9433542644376778 -0.42276789408120802  2.9447786612335767 -0.84545716105812008  2.9462383312777876 -1.2680761885983216  2.9477346000498774 -1.6906223230361324  2.9492688534888734 -2.113092788988514  2.9508425497646784 -2.5354846656053045  2.9524572217795262 -2.9577948814542334  2.9541144825904611 -3.3800202035170197  2.9558160305259653 -3.8021572267854324  2.9575636549052273 -4.2242023626276062  2.9593592421650405 -4.6461518263142407  2.9612047825004968 -5.0680016234881853  2.963102377049442 -5.4897475355135112  2.9650542456828561 -5.9113851035750455  2.9670627354421515 -6.3329096114414147  2.9691303297527099 -6.7543160666247362  2.9712596582510242 -7.1755991802632035  2.9734535081875566 -7.5967533437621473  2.9757148342116513 -8.0177726086918018  2.9780467789011813 -8.4386506447527889  2.9804526583954503 -8.8593807687694195  2.9821082754817536 -9.1397640539883636  2.9829495962124586 -9.2799286451600267 
 2.12660742374461e-07 4 0.00042572838709274745 1 0.00085124411344312037 1 0.0012767598397934933 1 0.0017022755661438664 1 0.0021277912924942393 1 0.002553307018844612 1 0.002978822745194985 1 0.0034043384715453581 1 0.0038298541978957312 1 0.0042553699242461043 1 0.0046808856505964769 1 0.0051064013769468496 1 0.0055319171032972231 1 0.0059574328296475958 1 0.0063829485559979693 1 0.0068084642823483419 1 0.0072339800086987146 1 0.0076594957350490881 1 0.0080850114613994616 1 0.0085105271877498351 1 0.0089360429141002069 1 0.0093615586404505804 4
1 3.1415926535897931 0 -1 0 
1 6.2831853071795862 -6.9701113873385996 -1 0 
7 0 0  3 25 23  2.7072394722304458 -1.6588955481545629  2.7073294136852337 -1.6337691621197794  2.7075088946781141 -1.5835155893789179  2.7077769183495457 -1.5081328441334649  2.7080437521626797 -1.4327477286887291  2.7083094039812341 -1.3573602587865248  2.7085738816070348 -1.2819704500440487  2.7088371927718846 -1.2065783179375125  2.7090993451406566 -1.1311838778084606  2.7093603463114144 -1.0557871448638536  2.7096202038162804 -0.98038813417799375  2.7098789251221183 -0.90498686069385625  2.7101365176312333 -0.82958333922443139  2.7103929886820723 -0.75417758445427319  2.7106483455499015 -0.67876961094075117  2.7109025954474837 -0.60335943311553031  2.7111557455257516 -0.52794706528586399  2.7114078028744459 -0.45253252163586483  2.7116587745228133 -0.37711581622805973  2.7119086674401012 -0.30169696300417814  2.7121574885367123 -0.22627597578769029  2.7124052446629001 -0.15085286828105718  2.7126519426165965 -0.075427654081545212  2.7128157069502596 -0.025142782446025618  2.7128974149985177 -2.1075803256630142e-14 
 2.1265761430931801e-07 4 7.6127351446887527e-05 1 0.00015204204527946574 1 0.00022795673911204397 1 0.0003038714329446222 1 0.0003797861267772004 1 0.00045570082060977866 1 0.00053161551444235681 1 0.00060753020827493506 1 0.00068344490210751332 1 0.00075935959594009147 1 0.00083527428977266973 1 0.00091118898360524798 1 0.00098710367743782613 1 0.0010630183712704042 1 0.0011389330651029824 1 0.0012148477589355607 1 0.0012907624527681389 1 0.0013666771466007172 1 0.0014425918404332952 1 0.0015185065342658735 1 0.0015944212280984517 1 0.00167033592193103 4
7 0 0  3 25 23  2.3468186708792933 -15.171152776417047  2.3557533491958225 -14.998839515644423  2.373163110613735 -14.649458316809236  2.3979671237893534 -14.112104148449166  2.4215290639043592 -13.562479606275563  2.4439160896617986 -13.001490515722903  2.4651935475488118 -12.429978753320386  2.4854244352413777 -11.848716888506662  2.504669100222181 -11.258415668242876  2.5229850366280981 -10.659727975736011  2.5404267860202636 -10.053253598385069  2.557045898385387 -9.4395433309828025  2.572890990546282 -8.8191036408307362  2.5880076885599683 -8.1923982570172686  2.6024386802366801 -7.55985061443553  2.6162240920602904 -6.9218518596389664  2.6294014888661015 -6.2787615984454783  2.6420060373588288 -5.6309111864462142  2.6540706322586516 -4.9786060528447802  2.6656260290569724 -4.3221279608198584  2.6767009894687432 -3.6617371910177425  2.6873223571535836 -2.9976738918660932  2.69751537724227 -2.3301617287007796  2.7040405130734464 -1.8829886769518294  2.7072394722304458 -1.6588955481545629 
 2.0107181651471199e-07 4 0.00074476515738032762 1 0.0014893292429441407 1 0.0022338933285079533 1 0.0029784574140717664 1 0.0037230214996355794 1 0.004467585585199392 1 0.0052121496707632055 1 0.0059567137563270181 1 0.0067012778418908308 1 0.0074458419274546443 1 0.0081904060130184569 1 0.0089349700985822695 1 0.0096795341841460821 1 0.010424098269709896 1 0.011168662355273709 1 0.011913226440837522 1 0.012657790526401334 1 0.013402354611965147 1 0.014146918697528961 1 0.014891482783092774 1 0.015636046868656588 1 0.016380610954220401 4
1 0 -15.171152776417118 1 0 
1 6.2831853071795862 -57.3260146480891 -1 0 
7 0 0  3 25 23  1.7263125347765385 -9.2799286451600267  1.7323478754386226 -9.412771358391895  1.7446036619600949 -9.6756233388082453  1.7635551523539281 -10.060981978044509  1.7830873163086305 -10.437008278577963  1.803211729020092 -10.80326828233366  1.8239388540268098 -11.159314860549379  1.8452777044651334 -11.504686456108537  1.8672356194952606 -11.838908545734752  1.8898179892748006 -12.161494705111931  1.913027976429035 -12.471948144324937  1.936866225739601 -12.769763510693975  1.9613305702377228 -13.054429038411302  1.986415738954223 -13.325429042414784  2.0121130739000881 -13.582246767112325  2.0384102645988715 -13.824367587181161  2.0652911099238183 -14.051282544726634  2.0927353164094757 -14.262492208434582  2.1207183475713034 -14.457510774546227  2.1492113203110605 -14.635870510333469  2.1781810126937526 -14.797125897292684  2.2075897895311662 -14.94085953742684  2.237396208280888 -15.06668172181203  2.2575010629912704 -15.138396198912492  2.2676044252308394 -15.171152776417086 
 0.011026641316492799 4 0.011640457139418917 1 0.012254272962345035 1 0.012868088785271153 1 0.013481904608197271 1 0.01409572043112339 1 0.014709536254049509 1 0.015323352076975626 1 0.015937167899901745 1 0.016550983722827862 1 0.017164799545753982 1 0.017778615368680098 1 0.018392431191606218 1 0.019006247014532338 1 0.019620062837458454 1 0.02023387866038457 1 0.02084769448331069 1 0.02146151030623681 1 0.022075326129162926 1 0.022689141952089042 1 0.023302957775015162 1 0.023916773597941282 1 0.024530589420867398 4
7 0 0  3 25 23  1.6853323000271967 -2.1075803256630142e-14  1.6857902934932676 -0.14092987509702315  1.6867172029824087 -0.42276788828469847  1.6881415998056284 -0.84545716350472766  1.6896012699138192 -1.2680762093573668  1.6910975387831235 -1.6906223704586389  1.6926317923487608 -2.1130928697082125  1.6942054887763607 -2.535484784539372  1.6958201609633743 -2.9577950418044354  1.6974774219614996 -3.3800204067707318  1.6991789700932567 -3.8021574727169769  1.7009265946711918 -4.2242026492994622  1.702722182124689 -4.6461521500787155  1.7045677226406089 -5.068001978988951  1.7064653173476372 -5.4897479156875564  1.7084171861065689 -5.9113854996545436  1.7104256759475098 -6.3329100129562548  1.7124932702832683 -6.7543164614047049  1.7146225987363799 -7.1755995544410931  1.7168164485418007 -7.5967536817765913  1.7190777743316634 -8.017772893290827  1.7214097186646604 -8.4386508569977945  1.7238155976590348 -8.8593808880388245  1.7254712143002449 -9.1397640964088271  1.7263125347765385 -9.2799286451600267 
 0.0107461260814277 4 0.011171641797412405 1 0.011597157513397108 1 0.012022673229381813 1 0.012448188945366517 1 0.012873704661351222 1 0.013299220377335927 1 0.01372473609332063 1 0.014150251809305335 1 0.014575767525290041 1 0.015001283241274744 1 0.015426798957259449 1 0.015852314673244154 1 0.016277830389228858 1 0.016703346105213561 1 0.017128861821198268 1 0.017554377537182971 1 0.017979893253167675 1 0.018405408969152381 1 0.018830924685137085 1 0.019256440401121788 1 0.019681956117106492 1 0.020107471833091198 4
1 3.1415926535897931 -4.4661160210145182e-14 -1 3.0668389825271339e-14 
1 6.2831853071795862 -6.9701113873385996 -1 0 
7 0 0  3 25 23  1.450602410794525 -1.6588955481544996  1.4506923522495245 -1.6337691620604722  1.4508718332426886 -1.5835155892019894  1.4511398569142098 -1.5081328437858939  1.4514066907272127 -1.4327477281694037  1.4516723425454134 -1.3573602581227742  1.4519368201710698 -1.2819704491604038  1.4522001313348039 -1.2065783171457847  1.4524622837029084 -1.1311838770667493  1.4527232848731746 -1.055787144183165  1.452983142377765 -0.98038813355489185  1.4532418636834949 -0.90498686012848062  1.4534994561926498 -0.82958333871571044  1.4537559272436453 -0.75417758400121759  1.4540112841117245 -0.67876961054208396  1.4542655340096244 -0.60335943276979431  1.4545186840882489 -0.52794706499132882  1.4547707414373183 -0.45253252139074446  1.4550217130860494 -0.37711581603021599  1.4552716060036699 -0.3016969628513812  1.4555204271005582 -0.22627597567743321  1.4557681832269418 -0.15085286821067032  1.4560148811807303 -0.075427654048158252  1.4561786455143733 -0.025142782435259591  1.4562603535625966 -2.1075803256630142e-14 
 0.0064194323943884196 4 0.0064953470860843326 1 0.0065712617777802457 1 0.0066471764694761588 1 0.0067230911611720727 1 0.0067990058528679858 1 0.0068749205445638988 1 0.0069508352362598119 1 0.007026749927955725 1 0.007102664619651638 1 0.0071785793113475511 1 0.007254494003043465 1 0.0073304086947393781 1 0.0074063233864352911 1 0.0074822380781312042 1 0.0075581527698271173 1 0.0076340674615230303 1 0.0077099821532189434 1 0.0077858968449148573 1 0.0078618115366107695 1 0.0079377262283066834 1 0.0080136409200025974 1 0.0080895556116985096 4
7 0 0  3 25 23  1.0901816094433738 -15.171152776417062  1.0991162877589398 -14.998839515663029  1.1165260491751585 -14.649458316863408  1.1413300623488387 -14.112104148551483  1.1648920024624161 -13.562479606420341  1.1872790282188603 -13.001490515904356  1.2085564861052343 -12.429978753532611  1.2287873737974593 -11.848716888743754  1.2480320387781634 -11.258415668499064  1.2663479751841746 -10.659727976005723  1.2837897245765904 -10.053253598662952  1.3004088369420814 -9.4395433312638009  1.3162539291034314 -8.8191036411102424  1.3313706271176373 -8.1923982572908205  1.3458016187949235 -7.5598506146987816  1.3595870306191453 -6.9218518598876733  1.3727644274255968 -6.2787615986755689  1.3853689759189822 -5.6309111866537371  1.3974335708194723 -4.9786060530260157  1.4089889676184622 -4.3221279609712147  1.4200639280308989 -3.661737191135896  1.4306852957163951 -2.9976738919478465  1.4408783158057252 -2.3301617287432044  1.44740345163732 -1.8829886769662105  1.450602410794525 -1.6588955481544996 
 2.1241948222358501e-07 4 0.00074477650504603619 1 0.0014893405906098488 1 0.0022339046761736614 1 0.0029784687617374741 1 0.0037230328473012867 1 0.0044675969328650993 1 0.0052121610184289119 1 0.0059567251039927245 1 0.0067012891895565372 1 0.0074458532751203498 1 0.0081904173606841633 1 0.0089349814462479759 1 0.0096795455318117885 1 0.010424109617375601 1 0.011168673702939414 1 0.011913237788503226 1 0.012657801874067039 1 0.013402365959630852 1 0.014146930045194664 1 0.014891494130758477 1 0.015636058216322288 1 0.0163806223018861 4
1 0 -15.171152776417118 1 0 
1 6.2831853071795862 -57.3260146480891 -1 0 
7 0 0  3 25 23  0.46967547334063386 -9.2799286451600018  0.47571037393058285 -9.4127616683355555  0.48796528099379544 -9.6755953155010861  0.50691546586464975 -10.0609296368744  0.52644634907005472 -10.436934850344132  0.54656951865504333 -10.803177020868024  0.56729545220301392 -11.159209023188243  0.58863317826958916 -11.504569279707754  0.61059005276499678 -11.83878322097824  0.63317148390831524 -12.161364348300983  0.65638065362970133 -12.471815766841235  0.68021822715495073 -12.769631986120155  0.70468205894843317 -13.054301067423992  0.72976690026361102 -13.325307115616724  0.75546411587126949 -13.582133126054881  0.78176141828531864 -13.824264183914766  0.808642629239959 -14.051191000309101  0.83608747759044377 -14.262413770914835  0.86407144818145865 -14.45744627705653  0.89256567775630635 -14.635820329901247  0.92153696226112802 -14.797089915435242  0.95094768179122124 -14.940837102192939  0.98075640647250628 -15.066671616339571  1.0008630458456129 -15.138393098779442  1.0109673637949368 -15.17115277641709 
 0.0090428833761735591 4 0.0096567131107207476 1 0.010270542845267936 1 0.010884372579815123 1 0.011498202314362311 1 0.0121120320489095 1 0.012725861783456688 1 0.013339691518003877 1 0.013953521252551063 1 0.014567350987098254 1 0.01518118072164544 1 0.01579501045619263 1 0.016408840190739817 1 0.017022669925287004 1 0.017636499659834194 1 0.018250329394381381 1 0.018864159128928568 1 0.019477988863475758 1 0.020091818598022948 1 0.020705648332570131 1 0.021319478067117321 1 0.021933307801664512 1 0.022547137536211698 4
7 0 0  3 25 23  0.42869523859129083 2.1075803256630142e-14  0.42915323206854783 -0.14092987852995736  0.43008014156585234 -0.42276789408117527  0.43150453836175068 -0.84545716105812174  0.43296420840596228 -1.2680761885983061  0.43446047717805253 -1.6906223230361084  0.43599473061704846 -2.1130927889885012  0.43756842689285352 -2.5354846656052934  0.43918309890770124 -2.9577948814542063  0.44084035971863655 -3.3800202035170139  0.44254190765413914 -3.8021572267853974  0.44428953203340338 -4.2242023626275795  0.4460851192932162 -4.6461518263142114  0.44793065962867201 -5.0680016234881737  0.44982825417761818 -5.489747535513513  0.45178012281103097 -5.9113851035750047  0.45378861257032715 -6.3329096114413774  0.45585620688088641 -6.7543160666247148  0.45798553537919912 -7.1755991802631849  0.46017938531573271 -7.5967533437621384  0.46244071133982684 -8.0177726086917787  0.46477265602935769 -8.4386506447527729  0.46717853552362471 -8.8593807687694142  0.46883415260992928 -9.1397640539883529  0.46967547334063386 -9.2799286451600018 
 2.1266074238203199e-07 4 0.00042572838709275466 1 0.00085124411344312731 1 0.0012767598397935001 1 0.0017022755661438727 1 0.0021277912924942454 1 0.002553307018844618 1 0.0029788227451949907 1 0.0034043384715453633 1 0.003829854197895736 1 0.0042553699242461086 1 0.0046808856505964813 1 0.0051064013769468539 1 0.0055319171032972266 1 0.0059574328296475992 1 0.0063829485559979719 1 0.0068084642823483445 1 0.0072339800086987172 1 0.0076594957350490898 1 0.0080850114613994616 1 0.0085105271877498351 1 0.0089360429141002087 1 0.0093615586404505804 4
1 3.1415926535897931 0 -1 0 
1 6.2831853071795862 -6.9701113873385996 -1 0 
7 0 0  3 25 23  0.19396534935862 -1.6588955481544856  0.19405529081340783 -1.6337691621196964  0.19423477180628806 -1.583515589378838  0.19450279547772034 -1.5081328441334059  0.19476962929085534 -1.432747728688665  0.19503528110940802 -1.3573602587864615  0.1952997587352113 -1.2819704500439859  0.19556306990005864 -1.206578317937449  0.19582522226883198 -1.1311838778083978  0.1960862234395887 -1.0557871448637886  0.19634608094445538 -0.98038813417798021  0.19660480225029306 -0.90498686069380718  0.19686239475940792 -0.82958333922438898  0.19711886581024657 -0.75417758445420302  0.19737422267807558 -0.67876961094073707  0.19762847257565908 -0.60335943311548168  0.19788162265392598 -0.52794706528582303  0.19813368000262094 -0.45253252163582403  0.19838465165098737 -0.3771158162280111  0.19863454456827509 -0.30169696300411836  0.19888336566488674 -0.22627597578764108  0.19913112179107381 -0.15085286828097663  0.19937781974476923 -0.075427654081495293  0.19954158407843256 -0.025142782445970981  0.19962329212669094 4.9176874265470337e-14 
 2.1265761430905299e-07 4 7.6127351446886822e-05 1 0.00015204204527946458 1 0.00022795673911204235 1 0.00030387143294462014 1 0.00037978612677719791 1 0.00045570082060977568 1 0.00053161551444235334 1 0.00060753020827493116 1 0.00068344490210750898 1 0.0007593595959400867 1 0.00083527428977266441 1 0.00091118898360524224 1 0.00098710367743782006 1 0.0010630183712703977 1 0.0011389330651029755 1 0.0012148477589355533 1 0.0012907624527681311 1 0.001366677146600709 1 0.0014425918404332866 1 0.0015185065342658644 1 0.0015944212280984422 1 0.00167033592193102 4
7 0 0  3 25 23  0 -10.975518673304837  0.0040388345315775023 -10.843800950108051  0.011985483635629493 -10.579191523879105  0.023527167990382694 -10.178912976988217  0.034705552748032852 -9.7754309773460673  0.045534860663970451 -9.3688944998174186  0.056028818350337961 -8.9594452844897621  0.066200594203722235 -8.5472171555116674  0.076062828648237102 -8.1323367658419148  0.085627642094197182 -7.7149239318807163  0.094906650748812924 -7.2950920502757404  0.1039109817204249 -6.8729484655627209  0.11265128930225485 -6.4485948245851823  0.12113777158877051 -6.0221274089443719  0.12938018736912038 -5.5936374488182432  0.13738787307266651 -5.1632114182452131  0.1451697596548511 -4.7309313131254465  0.15273438922277793 -4.2968749119624388  0.16008993160852689 -3.8611160231867845  0.16724419969414459 -3.4237247088498726  0.17420466762013251 -2.9847675267920057  0.18097847620328783 -2.5443076380688732  0.18757248387117209 -2.1024053552285857  0.19185292487186281 -1.8068797763782443  0.19396534935862 -1.6588955481544856 
 0.0055635854651375901 4 0.0060552707196821313 1 0.0065469559742266726 1 0.0070386412287712138 1 0.0075303264833157559 1 0.0080220117378602962 1 0.0085136969924048383 1 0.0090053822469493804 1 0.0094970675014939207 1 0.0099887527560384611 1 0.010480438010583003 1 0.010972123265127545 1 0.011463808519672086 1 0.011955493774216628 1 0.01244717902876117 1 0.01293886428330571 1 0.01343054953785025 1 0.013922234792394794 1 0.014413920046939335 1 0.014905605301483875 1 0.015397290556028415 1 0.015888975810572959 1 0.016380661065117499 4
1 0 3.5527136788005009e-15 0 1 
1 6.2831853071795862 3.5527136788005009e-15 0 1 
1 2.3136508307451642 0 0 -1 
1 6.2831853071795862 -6.9701113873385996 -1 0 
1 9.4247779607693793 0 -1 0 
1 2.0845788842805644 0 0 1 
1 6.2831853071795862 0 -1 0 
1 1.0570137693092441 0 0 -1 
1 6.2831853071795862 -6.9701113873385996 -1 0 
1 9.4247779607693793 0 -1 0 
1 0.82794182284464513 0 0 1 
1 6.2831853071795862 0 -1 0 
1 0 0 0 -1 
1 6.2831853071795862 0 0 -1 
1 6.2831853071795862 -10 -1 0 
1 3.1415926535897931 0 0 -1 
1 3.1415926535897931 0 0 -1 
1 6.2831853071795862 0 -1 0 
1 3.1415926535897931 0 0 -1 
1 3.1415926535897931 0 0 -1 
1 6.2831853071795862 0 0 -1 
1 0 0 0 -1 
1 -2.1760371282653068e-14 -75.3260146480891 1 0 
1 9.4247779607694007 -15.171152776416765 -1 -8.9698857818271201e-14 
1 3.9363666363003071 0 0 -1 
1 3.1415926535897931 -84.568542494923818 1 0 
1 4.0155808819487468 0 0 1 
1 3.1415926535897927 0 1 0 
1 -3.1415926535897931 -84.568542494923818 1 0 
1 1.4230925134284689 0 0 -1 
1 1.5023067590769177 0 0 1 
1 -3.1415926535897931 -84.568542494923818 1 0 
1 3.1415926535897931 0 1 0 
1 3.1415926535897936 -84.568542494923818 1 0 
1 3.1415926535897931 0 1 0 
1 0.16645545199254755 0 0 -1 
1 0.24566969764099747 0 0 1 
1 6.2831853071795862 -7.7715070637718 -1 0 
1 0 6.2831853071795862 1 0 
1 -3.1415926535897931 -30.2284929362282 1 0 
1 0 6.2831853071795862 1 0 
1 -3.1415926535897931 -66.568542494923804 1 0 
1 6.2831853071795862 0 -1 0 
1 3.1415926535897936 -66.568542494923804 1 0 
1 6.2831853071795862 0 -1 0 
1 0.4618630787254065 0 0 1 
1 6.2831853071795862 -57.3260146480891 -1 0 
1 0 -15.171152776416974 1 -2.4052958402547358e-14 
1 0.16645545199253192 0 0 -1 
1 5.2722179433846499 0 0 1 
1 5.1930036977362128 0 0 -1 
1 -3.1415926535897931 -66.568542494923804 1 0 
1 1.5023067590769077 0 0 1 
1 6.2831853071795862 -57.3260146480891 -1 0 
1 0 -15.171152776417118 1 0 
1 1.4230925134284487 0 0 -1 
1 -3.1415926535897931 -66.568542494923804 1 0 
1 6.2831853071795862 0 -1 0 
1 2.7589438205128256 0 0 1 
1 6.2831853071795862 -57.3260146480891 -1 0 
1 -4.4408920985006262e-16 -15.171152776416957 1 -4.4849428909128816e-14 
1 2.6797295748643717 0 0 -1 
1 3.1415926535897931 -66.568542494923804 1 0 
1 6.2831853071795862 0 -1 0 
1 6.2831853071795862 -10 -1 0 
1 6.0835620150529097 0 0 -1 
1 5.8544900685883086 0 0 1 
1 4.8269249536169898 0 0 -1 
1 4.5978530071523895 0 0 1 
1 3.5702878921810837 0 0 -1 
1 3.3412159457164838 0 0 1 
1 4.0155808819487468 0 0 1 
1 3.9363666363002894 0 0 -1 
1 9.4247779607693793 0 -1 0 
7 0 0  3 25 23  3.9638765336663648 -1.6588955481545486  3.9639664751211519 -1.6337691621197661  3.9641459561140331 -1.5835155893789046  3.9644139797854647 -1.5081328441334472  3.9646808135986005 -1.4327477286887285  3.9649464654171531 -1.357360258786505  3.9652109430429561 -1.2819704500440428  3.9654742542078032 -1.2065783179375158  3.965736406576577 -1.1311838778084522  3.965997407747333 -1.0557871448638416  3.9662572652522012 -0.98038813417800841  3.9665159865580377 -0.90498686069385126  3.9667735790671537 -0.82958333922443783  3.9670300501179918 -0.75417758445425853  3.9672854069858214 -0.6787696109407575  3.9675396568834049 -0.60335943311552387  3.9677928069616715 -0.52794706528584445  3.9680448643103667 -0.45253252163586488  3.9682958359587333 -0.37711581622803042  3.968545728876022 -0.30169696300416859  3.9687945499726327 -0.22627597578767691  3.9690423060988209 -0.15085286828103608  3.9692890040525159 -0.075427654081516859  3.9694527683861791 -0.025142782445992624  3.969534476434438 1.4050535504420095e-14 
 2.4999401890919002e-07 4 7.6164687851486962e-05 1 0.00015207938168406473 1 0.0002279940755166425 1 0.00030390876934922027 1 0.00037982346318179804 1 0.0004557381570143758 1 0.00053165285084695352 1 0.00060756754467953134 1 0.00068348223851210916 1 0.00075939693234468688 1 0.00083531162617726459 1 0.00091122632000984242 1 0.00098714101384242024 1 0.0010630557076749978 1 0.0011389704015075757 1 0.0012148850953401535 1 0.0012907997891727313 1 0.0013667144830053091 1 0.0014426291768378867 1 0.0015185438706704646 1 0.0015944585645030424 1 0.00167037325833562 4
7 0 0  3 25 23  4.1986064228990365 -1.4050535504420095e-14  4.1990644163762934 -0.14092987853001285  4.199991325873599 -0.42276789408123305  4.2014157226694948 -0.84545716105813096  4.2028753927137084 -1.2680761885983356  4.204371661485796 -1.6906223230361488  4.2059059149247933 -2.1130927889885189  4.207479611200597 -2.5354846656053116  4.2090942832154443 -2.9577948814542419  4.2107515440263823 -3.3800202035170219  4.2124530919618834 -3.8021572267854391  4.2142007163411481 -4.2242023626275946  4.21599630360096 -4.6461518263142434  4.2178418439364167 -5.0680016234881826  4.2197394384853615 -5.4897475355135192  4.2216913071187765 -5.9113851035750438  4.2236997968780718 -6.3329096114414183  4.2257673911886311 -6.7543160666247291  4.227896719686945 -7.1755991802632124  4.2300905696234778 -7.5967533437621473  4.2323518956475734 -8.0177726086918053  4.2346838403371017 -8.4386506447527907  4.2370897198313706 -8.8593807687694248  4.2387453369176749 -9.139764053988376  4.2395866576483794 -9.2799286451600373 
 2.4999769625198499e-07 4 0.00042576572404662413 1 0.00085128145039699635 1 0.0012767971767473683 1 0.0017023129030977406 1 0.0021278286294481126 1 0.0025533443557984848 1 0.002978860082148857 1 0.0034043758084992292 1 0.0038298915348496014 1 0.0042554072611999732 1 0.0046809229875503459 1 0.0051064387139007177 1 0.0055319544402510903 1 0.0059574701666014621 1 0.0063829858929518347 1 0.0068085016193022065 1 0.0072340173456525783 1 0.007659533072002951 1 0.0080850487983533236 1 0.0085105645247036954 1 0.0089360802510540689 1 0.0093615959774044407 4
7 0 0  3 25 23  5.2205135951022852 -1.6588955481545768  5.2206035365570731 -1.6337691621197883  5.2207830175499526 -1.5835155893789234  5.2210510412213873 -1.5081328441334749  5.2213178750345222 -1.4327477286887258  5.2215835268530748 -1.357360258786529  5.2218480044788755 -1.281970450044035  5.2221113156437271 -1.2065783179375216  5.2223734680124991 -1.1311838778084384  5.2226344691832569 -1.0557871448638483  5.222894326688122 -0.98038813417799531  5.223153047993959 -0.90498686069385492  5.2234106405030767 -0.82958333922443594  5.2236671115539144 -0.75417758445426286  5.2239224684217422 -0.67876961094074595  5.2241767183193257 -0.60335943311551854  5.2244298683975927 -0.52794706528583812  5.2246819257462862 -0.45253252163585356  5.2249328973946545 -0.3771158162280398  5.2251827903119406 -0.30169696300414239  5.2254316114085544 -0.22627597578764155  5.2256793675347399 -0.15085286828103536  5.2259260654884372 -0.075427654081467524  5.2260898298220999 -0.025142782445941456  5.226171537870357 4.9176874265470337e-14 
 2.49994018911965e-07 4 7.6164687851489144e-05 1 0.00015207938168406633 1 0.00022799407551664353 1 0.0003039087693492207 1 0.00037982346318179787 1 0.0004557381570143751 1 0.00053165285084695233 1 0.0006075675446795295 1 0.00068348223851210667 1 0.00075939693234468384 1 0.00083531162617726102 1 0.0009112263200098383 1 0.00098714101384241547 1 0.0010630557076749926 1 0.0011389704015075698 1 0.001214885095340147 1 0.0012907997891727242 1 0.0013667144830053013 1 0.0014426291768378785 1 0.0015185438706704557 1 0.0015944585645030328 1 0.00167037325833561 4
7 0 0  3 25 23  5.4552434843349573 -1.4050535504420095e-14  5.4553251923832162 -0.025142782446015605  5.4554889567168789 -0.075427654081536538  5.4557356546705726 -0.15085286828105882  5.4559834107967626 -0.22627597578769276  5.456232231893372 -0.30169696300416704  5.4564821248106616 -0.37711581622805868  5.4567330964590237 -0.45253252163588004  5.4569851538077243 -0.52794706528583979  5.4572383038859886 -0.60335943311552798  5.4574925537835739 -0.6787696109407455  5.4577479106514009 -0.75417758445425576  5.4580043817022394 -0.82958333922442251  5.4582619742113554 -0.90498686069383105  5.4585206955171932 -0.98038813417797754  5.4587805530220592 -1.0557871448638165  5.4590415541928161 -1.131183877808414  5.4593037065615899 -1.2065783179374829  5.4595670177264388 -1.2819704500440021  5.4598314953522404 -1.3573602587864868  5.4600971471707958 -1.4327477286886687  5.4603639809839279 -1.508132844133411  5.4606320046553618 -1.5835155893788617  5.4608114856482421 -1.6337691621197223  5.4609014271030301 -1.6588955481545067 
 2.4999771100627799e-07 4 7.6164691543583721e-05 1 0.00015207938537616116 1 0.00022799407920873861 1 0.00030390877304131605 1 0.00037982346687389349 1 0.00045573816070647094 1 0.00053165285453904843 1 0.00060756754837162582 1 0.00068348224220420321 1 0.00075939693603678071 1 0.00083531162986935821 1 0.0009112263237019356 1 0.00098714101753451309 1 0.0010630557113670907 1 0.0011389704051996681 1 0.0012148850990322455 1 0.0012907997928648229 1 0.0013667144866974003 1 0.0014426291805299779 1 0.0015185438743625553 1 0.0015944585681951326 1 0.00167037326202771 4
7 0 0  3 25 23  5.4609014271030301 -1.6588955481545067  5.4641003862601973 -1.8829886769636817  5.4706255220917201 -2.3301617287357601  5.4808185421809359 -2.997673891933518  5.491439909866318 -3.6617371911151708  5.5025148702786373 -4.3221279609446714  5.5140702670775088 -4.9786060529942224  5.5261348619778818 -5.630911186617336  5.5387394104711527 -6.2787615986352128  5.5519168072774914 -6.9218518598440664  5.5657022191016052 -7.5598506146526008  5.5801332107787918 -8.1923982572428482  5.5952499087929075 -8.8191036410612114  5.611095000954176 -9.4395433312145212  5.6277141133196027 -10.053253598614212  5.6451558627119729 -10.659727975958404  5.6634717991179695 -11.258415668454145  5.6827164640986902 -11.84871688870216  5.7029473517909759 -12.429978753495401  5.7242248096774615 -13.001490515872542  5.7466118354340807 -13.562479606394952  5.770173775547911 -14.112104148533557  5.7949777887219307 -14.649458316853915  5.812387550138447 -14.998839515659776  5.8213222284541821 -15.171152776417076 
 2.1125518181855701e-07 4 0.00074477534074563129 1 0.001489339426309444 1 0.0022339035118732566 1 0.0029784675974370693 1 0.0037230316830008819 1 0.0044675957685646949 1 0.0052121598541285076 1 0.0059567239396923202 1 0.0067012880252561328 1 0.0074458521108199454 1 0.0081904161963837589 1 0.0089349802819475715 1 0.0096795443675113842 1 0.010424108453075197 1 0.011168672538639009 1 0.011913236624202822 1 0.012657800709766635 1 0.013402364795330447 1 0.01414692888089426 1 0.014891492966458073 1 0.015636057052021889 1 0.016380621137585701 4
7 0 0  3 25 23  4.8600927937511322 -15.171152776417133  4.8690274720638529 -14.998839515718066  4.8864372334750632 -14.649458317023541  4.9112412466430202 -14.112104148853772  4.9348031867523776 -13.562479606848166  4.9571902125058784 -13.001490516440516  4.978467670390371 -12.429978754159661  4.9986985580815846 -11.848716889444285  5.017943223061998 -11.258415669256053  5.0362591594682913 -10.659727976802614  5.0537009088614422 -10.053253599483979  5.0703200212280191 -9.4395433320941056  5.0861651133907131 -8.8191036419360493  5.1012818114064578 -8.1923982580991979  5.1157128030854375 -7.5598506154766847  5.129498214911469 -6.9218518606226285  5.1426756117198087 -6.2787615993554589  5.1552801602151384 -5.6309111872670057  5.1673447551175986 -4.9786060535615784  5.1789001519185653 -4.322127961418575  5.1899751123329692 -3.6617371914851216  5.2005964800204056 -2.9976738921896073  5.2107895001116411 -2.330161728868771  5.2173146359444713 -1.8829886770089403  5.2205135951022852 -1.6588955481545768 
 2.4594924252725001e-07 4 0.0007448100348063395 1 0.0014893741203701519 1 0.0022339382059339643 1 0.0029785022914977765 1 0.0037230663770615887 1 0.0044676304626254009 1 0.0052121945481892126 1 0.0059567586337530253 1 0.0067013227193168379 1 0.0074458868048806496 1 0.0081904508904444631 1 0.0089350149760082757 1 0.0096795790615720884 1 0.010424143147135899 1 0.011168707232699712 1 0.011913271318263524 1 0.012657835403827337 1 0.01340239948939115 1 0.014146963574954961 1 0.014891527660518773 1 0.015636091746082586 1 0.016380655831646398 4
7 0 0  3 25 23  4.2395866576483794 -9.2799286451600373  4.2456214492121642 -9.4127592676614977  4.2578761383905821 -9.6755883727720917  4.2768259998126696 -10.06091666924099  4.2963565657003731 -10.43691665810575  4.3164794272825286 -10.803154410064124  4.3372050656227037 -11.159182800758881  4.3585425130973103 -11.504540247550283  4.3804991297672009 -11.838752169580239  4.4030803283271611 -12.16133204974941  4.4262892954912756 -12.471782967254295  4.4501267015517199 -12.769599397498711  4.4745904062844746 -13.054269358950544  4.4996751664504133 -13.325276904443266  4.5253723524610363 -13.582104967641964  4.5516696825282992 -13.824238562005025  4.5785509840525718 -14.051168316642345  4.6059959914216053 -14.262394334812255  4.6339801947670747 -14.4574302950315  4.6624747357507683 -14.635807895447677  4.6914464147516401 -14.797080999257313  4.7208576156541566 -14.940831542792834  4.7506669117253804 -15.066669112220199  4.7707739933304509 -15.138392330572385  4.7808785481026783 -15.171152776417129 
 0.0085460064489794405 4 0.0091598391360475304 1 0.0097736718231156185 1 0.010387504510183708 1 0.011001337197251796 1 0.011615169884319886 1 0.012229002571387974 1 0.012842835258456064 1 0.013456667945524154 1 0.014070500632592242 1 0.01468433331966033 1 0.01529816600672842 1 0.01591199869379651 1 0.016525831380864598 1 0.017139664067932686 1 0.017753496755000778 1 0.018367329442068866 1 0.018981162129136954 1 0.019594994816205046 1 0.020208827503273134 1 0.020822660190341222 1 0.021436492877409313 1 0.022050325564477401 4
7 0 0  3 25 23  3.6034557323152128 -15.171152776417136  3.6123904106309483 -14.998839515659844  3.6298001720474633 -14.649458316853975  3.6546041852214848 -14.112104148533582  3.6781661253353137 -13.562479606395  3.7005531510919316 -13.001490515872568  3.7218306089784177 -12.429978753495419  3.7420614966707033 -11.848716888702192  3.7613061616514236 -11.258415668454159  3.7796220980574202 -10.659727975958438  3.7970638474497904 -10.053253598614226  3.8136829598152167 -9.4395433312145371  3.8295280519764869 -8.8191036410612327  3.8446447499906022 -8.1923982572428624  3.8590757416677888 -7.5598506146526327  3.8728611534919013 -6.9218518598440752  3.8860385502982413 -6.2787615986352252  3.8986430987915104 -5.630911186617352  3.9107076936918839 -4.97860605299425  3.9222630904907563 -4.3221279609446821  3.933338050903076 -3.6617371911151899  3.9439594185884572 -2.9976738919335277  3.9541524386776752 -2.3301617287357899  3.9606775745091962 -1.8829886769637214  3.9638765336663648 -1.6588955481545486 
 2.10428728006631e-07 4 0.00074477451429181998 1 0.0014893385998556335 1 0.0022339026854194467 1 0.0029784667709832602 1 0.0037230308565470737 1 0.0044675949421108868 1 0.0052121590276747003 1 0.0059567231132385138 1 0.0067012871988023272 1 0.0074458512843661407 1 0.0081904153699299542 1 0.0089349794554937668 1 0.0096795435410575812 1 0.010424107626621394 1 0.011168671712185208 1 0.011913235797749021 1 0.012657799883312833 1 0.013402363968876648 1 0.01414692805444046 1 0.014891492140004275 1 0.015636056225568087 1 0.0163806203111319 4
7 0 0  3 25 23  3.1415926535897931 -12.090313034078173  3.1464952637399808 -12.159061546834348  3.1563879187227255 -12.294885156771564  3.1714891437757151 -12.493463386275666  3.1868527410619265 -12.686747940847608  3.2024781713066743 -12.87460075894648  3.2183644148337978 -13.056883093008105  3.234509879675457 -13.233455649037925  3.2509123858332822 -13.404178958963206  3.2675691306571557 -13.568913723212413  3.2844766613542387 -13.727521193295999  3.3016308482409094 -13.879863574676003  3.3190268610599394 -14.025804453703197  3.3366591483696659 -14.165209245601126  3.354521420645391 -14.297945661709491  3.3726066375459465 -14.423884193478717  3.3909069998874761 -14.542898609699543  3.4094139466061018 -14.6548664655307  3.4281181577817521 -14.759669611943343  3.4470095616568579 -14.85719472938014  3.4660773550336006 -14.947333776308486  3.4853100033812674 -15.02998473856228  3.5046953472786986 -15.105051215870269  3.5177120112004139 -15.149981260888527  3.5242414866667606 -15.171152776417161 
 0.014493695868724199 4 0.014890375451541146 1 0.01528705503435809 1 0.015683734617175035 1 0.016080414199991983 1 0.016477093782808927 1 0.016873773365625871 1 0.017270452948442819 1 0.017667132531259764 1 0.018063812114076708 1 0.018460491696893656 1 0.018857171279710601 1 0.019253850862527545 1 0.01965053044534449 1 0.020047210028161438 1 0.020443889610978382 1 0.020840569193795327 1 0.021237248776612275 1 0.021633928359429219 1 0.022030607942246164 1 0.022427287525063108 1 0.022823967107880053 1 0.023220646690697001 4
7 0 0  3 25 23  6.1167298551870539 -15.171152776417101  6.119764384474518 -15.112631602609699  6.125780403866254 -14.99503810440501  6.1346480092130715 -14.817036211046206  6.1433618841763478 -14.637464906433687  6.1519247236937495 -14.456364923584976  6.1603392175847409 -14.273776032277576  6.1686080467212854 -14.089736917286626  6.1767338789309161 -13.904285234718296  6.1847193654442121 -13.717457621603691  6.1925671376412241 -13.529289718825973  6.2002798041353664 -13.339816191127417  6.207859948158104 -13.149070748408462  6.2153101252285845 -12.957086167058458  6.2226328610882007 -12.763894311542145  6.2298306498810545 -12.569526156061158  6.2369059525656949 -12.374011806293016  6.243861195530263 -12.177380520936699  6.2506987694365934 -11.979660733747661  6.2574210281235469 -11.780880073246529  6.2640302881323544 -11.581065390367584  6.2705288266871939 -11.380242755520859  6.2769188861546548 -11.178437568661018  6.281108065370538 -11.043262020423329  6.2831853071795853 -10.975518673304837 
 2.5118271362004199e-07 4 0.00025313001373289141 1 0.00050600884475216271 1 0.00075888767577143401 1 0.0010117665067907054 1 0.0012646453378099768 1 0.001517524168829248 1 0.0017704029998485194 1 0.0020232818308677908 1 0.0022761606618870622 1 0.0025290394929063337 1 0.0027819183239256051 1 0.003034797154944876 1 0.0032876759859641475 1 0.0035405548169834189 1 0.0037934336480026903 1 0.0040463124790219617 1 0.0042991913100412331 1 0.0045520701410605045 1 0.0048049489720797759 1 0.0050578278030990473 1 0.0053107066341183187 1 0.0055635854651375901 4
1 9.4247779607693793 -20.22820370188948 -1 0 
1 6.2831853071795862 -38 -1 0 
1 9.4247779607693793 10.788712714789249 -1 0 
1 9.4247779607693793 4.9906886393898029 -1 0 
1 3.1415926535897931 0 1 0 
1 3.1415926535897931 -10 1 0 
1 6.0835620150528955 0 0 -1 
1 3.1415926535897931 -6.9701113873385996 1 0 
1 3.1415926535897931 -7.0252677522100477e-15 1 0 
1 5.8544900685882952 0 0 1 
1 4.8269249536169898 0 0 -1 
1 3.1415926535897931 -6.9701113873385996 1 0 
1 3.1415926535897931 5.1686427962355227e-14 1 -3.0668389825271339e-14 
1 4.5978530071523895 0 0 1 
1 3.5702878921810712 0 0 -1 
1 3.1415926535897931 -6.9701113873385996 1 0 
1 3.1415926535897931 1.3147392693355023e-14 1 -3.0668389825271515e-14 
1 3.3412159457164696 0 0 1 
1 0 -14.560219778560942 1 0 
1 2.9309887850104133e-14 -75.3260146480891 1 0 
1 9.4247779607693509 -15.171152776416882 -1 -4.4849428909129063e-14 
1 5.1930036977362128 0 0 -1 
1 5.2722179433846632 0 0 1 
7 0 0  3 25 23  4.8679051883663318 -9.2799286451600267  4.8670638675913835 -9.1397640466150474  4.8654082504238696 -8.8593807473908797  4.8630023708278145 -8.4386506045624898  4.8606704260546376 -8.0177725518577923  4.8584090999634073 -7.5967532724240643  4.8562152499747153 -7.1755990965319434  4.8540859214378553 -6.7543159725822113  4.8520183271010948 -6.3329095091403094  4.850009837326791 -5.911384995038599  4.8480579686885168 -5.4897474227353387  4.8461603741438894 -5.0680015084320083  4.8443148338210547 -4.6461517109138653  4.8425192465813556 -4.2242022487866047  4.8407716222289654 -3.8021571163772547  4.8390700743264095 -3.3800200983845543  4.8374128135538816 -2.9577947834099385  4.8357981415823295 -2.5354845764310237  4.8342244453541801 -2.1130927104353505  4.8326901919667273 -1.6906222568244667  4.8311939232496179 -1.2680761364175774  4.8297342532634291 -0.84545712456683808  4.828309856528211 -0.42276787490690315  4.8273829470729126 -0.14092987196463699  4.8269249536169898 -2.1075803256630142e-14 
 0.0178557752646816 4 0.018281287775135178 1 0.018706800285588753 1 0.019132312796042331 1 0.019557825306495909 1 0.019983337816949488 1 0.020408850327403062 1 0.02083436283785664 1 0.021259875348310218 1 0.021685387858763797 1 0.022110900369217371 1 0.022536412879670949 1 0.022961925390124528 1 0.023387437900578102 1 0.02381295041103168 1 0.024238462921485258 1 0.024663975431938837 1 0.025089487942392415 1 0.025515000452845989 1 0.025940512963299567 1 0.026366025473753142 1 0.02679153798420672 1 0.027217050494660298 4
7 0 0  3 25 23  4.5978530071523895 -2.1075803256630142e-14  4.597771299104167 -0.025142782435258852  4.597607534770523 -0.075427654048157988  4.5973608368167334 -0.15085286821067018  4.5971130806903524 -0.2262759756774311  4.5968642595934623 -0.3016969628513555  4.5966143666758432 -0.37711581603023164  4.5963633950271099 -0.45253252139070949  4.5961113376780434 -0.52794706499132826  4.5958581875994167 -0.60335943276974657  4.5956039377015179 -0.67876961054206653  4.5953485808334387 -0.75417758400116186  4.5950921097824429 -0.82958333871569812  4.594834517273287 -0.90498686012842  4.5945757959675575 -0.98038813355486065  4.5943159384629686 -1.0557871441831432  4.5940549372927011 -1.1311838770667422  4.593792784924597 -1.2065783171457976  4.5935294737608636 -1.2819704491604083  4.5932649961352068 -1.3573602581228277  4.5929993443170058 -1.4327477281694019  4.5927325105040024 -1.5081328437858943  4.5924644868324815 -1.583515589201997  4.5922850058393188 -1.6337691620604828  4.5921950643843186 -1.6588955481545067 
 0.0055271367105962799 4 0.0056030514036978646 1 0.0056789660967994501 1 0.0057548807899010348 1 0.0058307954830026203 1 0.0059067101761042049 1 0.0059826248692057896 1 0.0060585395623073751 1 0.0061344542554089597 1 0.0062103689485105452 1 0.0062862836416121299 1 0.0063621983347137145 1 0.0064381130278153001 1 0.0065140277209168847 1 0.0065899424140184702 1 0.0066658571071200549 1 0.0067417718002216395 1 0.006817686493323225 1 0.0068936011864248097 1 0.0069695158795263952 1 0.0070454305726279799 1 0.0071213452657295645 1 0.00719725995883115 4
7 0 0  3 25 23  3.6112681269304114 -9.2799286451600942  3.6104268061997074 -9.1397640539884346  3.6087711891134022 -8.8593807687694834  3.6063653096191359 -8.438650644752844  3.6040333649296041 -8.0177726086918533  3.6017720389055108 -7.5967533437621846  3.599578188968978 -7.1755991802632559  3.5974488604706636 -6.7543160666247637  3.5953812661601043 -6.3329096114414503  3.5933727764008103 -5.9113851035750669  3.5914209077673966 -5.4897475355135326  3.589523313218451 -5.0680016234881977  3.5876777728829934 -4.6461518263142532  3.5858821856231815 -4.2242023626276044  3.5841345612439173 -3.8021572267854373  3.5824330133084143 -3.3800202035170184  3.5807757524974804 -2.957794881454233  3.5791610804826317 -2.5354846656053067  3.5775873842068271 -2.1130927889885123  3.5760531307678307 -1.6906223230361386  3.5745568619957404 -1.2680761885983416  3.5730971919515273 -0.84545716105811897  3.571672795155632 -0.42276789408123466  3.5707458856583258 -0.14092987853001954  3.5702878921810686 -2.1075803256630142e-14 
 2.1263464792037e-07 4 0.00042572836099829392 1 0.00085124408734866749 1 0.0012767598136990412 1 0.0017022755400494147 1 0.0021277912663997885 1 0.002553306992750162 1 0.0029788227191005355 1 0.003404338445450909 1 0.0038298541718012826 1 0.0042553698981516565 1 0.00468088562450203 1 0.0051064013508524035 1 0.0055319170772027771 1 0.0059574328035531506 1 0.0063829485299035241 1 0.0068084642562538976 1 0.0072339799826042711 1 0.0076594957089546447 1 0.008085011435305019 1 0.0085105271616553926 1 0.0089360428880057661 1 0.0093615586143561396 4
7 0 0  3 25 23  3.3412159457164696 -7.0252677522100477e-15  3.3411342376682112 -0.025142782446001804  3.3409704733345476 -0.075427654081519829  3.3407237753808534 -0.15085286828105515  3.3404760192546652 -0.22627597578768194  3.3402271981580536 -0.30169696300417204  3.3399773052407657 -0.37711581622804979  3.3397263335923988 -0.45253252163586788  3.3394742762437057 -0.52794706528585522  3.3392211261654374 -0.60335943311552076  3.338966876267853 -0.67876961094075905  3.3387115194000252 -0.75417758445425076  3.3384550483491862 -0.82958333922442862  3.3381974558400707 -0.90498686069384726  3.3379387345342346 -0.98038813417799164  3.3376788770293664 -1.0557871448638279  3.3374178758586099 -1.1311838778084404  3.3371557234898379 -1.2065783179374934  3.3368924123249886 -1.281970450044019  3.3366279346991869 -1.3573602587864937  3.3363622828806334 -1.4327477286887143  3.336095449067499 -1.5081328441334323  3.335827425396066 -1.5835155893788939  3.3356479444031852 -1.6337691621197465  3.3355580029483978 -1.6588955481545207 
 2.1266075493008599e-07 4 7.6127354587507358e-05 1 0.00015204204842008461 1 0.00022795674225266186 1 0.00030387143608523915 1 0.00037978612991781643 1 0.00045570082375039365 1 0.00053161551758297099 1 0.00060753021141554827 1 0.00068344490524812555 1 0.00075935959908070283 1 0.00083527429291328011 1 0.00091118898674585728 1 0.00098710368057843456 1 0.0010630183744110117 1 0.0011389330682435891 1 0.0012148477620761663 1 0.0012907624559087435 1 0.0013666771497413209 1 0.001442591843573898 1 0.0015185065374064754 1 0.0015944212312390526 1 0.00167033592507163 4
7 0 0  3 25 23  6.1245422498022366 -9.2799286451599805  6.123700929071533 -9.1397640539883174  6.1220453119852278 -8.8593807687693769  6.1196394324909589 -8.4386506447527676  6.1173074878014306 -8.0177726086917751  6.1150461617773351 -7.5967533437621322  6.1128523118408014 -7.1755991802632009  6.1107229833424892 -6.7543160666247211  6.1086553890319291 -6.3329096114414032  6.1066468992726355 -5.9113851035750464  6.1046950306392187 -5.4897475355135157  6.1027974360902766 -5.0680016234881773  6.1009518957548172 -4.6461518263142425  6.0991563084950053 -4.2242023626275422  6.0974086841157433 -3.8021572267854302  6.0957071361802386 -3.3800202035170064  6.094049875369306 -2.9577948814542041  6.0924352033544542 -2.5354846656053134  6.0908615070786505 -2.113092788988463  6.0893272536396568 -1.6906223230361155  6.0878309848675647 -1.2680761885982712  6.0863713148233556 -0.84545716105808955  6.0849469180274571 -0.42276789408116605  6.0840200085301523 -0.14092987852994349  6.0835620150528955 4.9176874265470337e-14 
 2.1263464791632701e-07 4 0.0004257283609982892 1 0.00085124408734866207 1 0.0012767598136990349 1 0.0017022755400494078 1 0.0021277912663997802 1 0.0025533069927501533 1 0.0029788227191005264 1 0.0034043384454508991 1 0.0038298541718012717 1 0.0042553698981516444 1 0.0046808856245020179 1 0.0051064013508523905 1 0.0055319170772027632 1 0.0059574328035531367 1 0.0063829485299035094 1 0.006808464256253882 1 0.0072339799826042547 1 0.0076594957089546273 1 0.0080850114353050017 1 0.0085105271616553735 1 0.008936042888005747 1 0.0093615586143561205 4
7 0 0  3 25 23  5.8544900685882952 2.1075803256630142e-14  5.8544083605400354 -0.025142782445975006  5.8542445962063745 -0.075427654081498208  5.853997898252679 -0.15085286828104308  5.8537501421264917 -0.22627597578766762  5.8535013210298787 -0.30169696300415705  5.8532514281125918 -0.37711581622803964  5.8530004564642253 -0.45253252163583951  5.8527483991155291 -0.52794706528585289  5.852495249037263 -0.60335943311551521  5.8522409991396787 -0.67876961094074206  5.8519856422718508 -0.75417758445423944  5.8517291712210113 -0.82958333922444838  5.8514715787118972 -0.90498686069386369  5.8512128574060576 -0.98038813417794879  5.8509529999011916 -1.0557871448638141  5.8506919987304338 -1.131183877808414  5.8504298463616617 -1.2065783179375278  5.8501665351968128 -1.2819704500439886  5.8499020575710103 -1.3573602587864981  5.8496364057524568 -1.4327477286886829  5.8493695719393237 -1.5081328441334279  5.8491015482678899 -1.5835155893788588  5.8489220672750113 -1.6337691621197179  5.8488321258202225 -1.6588955481545067 
 2.12660754937407e-07 4 7.6127354587514351e-05 1 0.00015204204842009128 1 0.00022795674225266821 1 0.00030387143608524516 1 0.00037978612991782212 1 0.00045570082375039902 1 0.00053161551758297597 1 0.00060753021141555293 1 0.00068344490524812989 1 0.00075935959908070684 1 0.0008352742929132838 1 0.00091118898674586064 1 0.0009871036805784376 1 0.0010630183744110146 1 0.0011389330682435915 1 0.0012148477620761685 1 0.0012907624559087454 1 0.0013666771497413224 1 0.0014425918435738993 1 0.0015185065374064763 1 0.0015944212312390532 1 0.00167033592507163 4
7 0 0  3 25 23  6.1245422498022366 -9.2799286451599805  6.1266771141138587 -9.3269186492941287  6.1309699862496396 -9.4205437853739902  6.1374793172069895 -9.5598990510721116  6.1440592675222812 -9.6981541523463246  6.1507104184411832 -9.8352910277049705  6.1574333398603329 -9.9712913969768699  6.1642285879234038 -10.106136731647851  6.1710967042874758 -10.239808264870231  6.1780382148935935 -10.372286991289354  6.1850536288220095 -10.503553670068934  6.1921434370768207 -10.633588827551751  6.1993081113420363 -10.76237276053458  6.2065481026984228 -10.889885539917469  6.2138638403049251 -11.016107014815832  6.2212557300440752 -11.141016817133526  6.2287241531353548 -11.26459436662982  6.2362694647074095 -11.386818876456404  6.2438919923689813 -11.507669359343272  6.2515920346372011 -11.627124633847718  6.2593698597586016 -11.74516333293988  6.267225702934538 -11.861763906523098  6.2751597693815606 -11.976904649324521  6.2805014001322226 -12.05267730771854  6.2831853071795862 -12.090313034078372 
 0.0087569131188995602 4 0.0089740943975964611 1 0.0091912756762933638 1 0.0094084569549902665 1 0.0096256382336871674 1 0.0098428195123840684 1 0.010060000791080971 1 0.010277182069777874 1 0.010494363348474775 1 0.010711544627171676 1 0.010928725905868578 1 0.011145907184565481 1 0.011363088463262382 1 0.011580269741959283 1 0.011797451020656186 1 0.012014632299353088 1 0.012231813578049989 1 0.01244899485674689 1 0.012666176135443793 1 0.012883357414140695 1 0.013100538692837596 1 0.013317719971534497 1 0.0135349012502314 4
7 0 0  3 25 23  3.1415926535897931 -10.975518673304324  3.1456314881213698 -10.843800950107545  3.1535781372254217 -10.579191523878615  3.1651198215801744 -10.178912976987746  3.1762982063378229 -9.775430977345609  3.1871275142537612 -9.3688944998170083  3.1976214719401259 -8.9594452844893482  3.2077932477935098 -8.5472171555113068  3.2176554822380248 -8.1323367658415737  3.2272202956839835 -7.7149239318803779  3.236499304338599 -7.2950920502754375  3.2455036353102087 -6.8729484655624349  3.2542439428920393 -6.4485948245849212  3.2627304251785545 -6.022127408944133  3.2709728409589029 -5.5936374488180078  3.2789805266624485 -5.1632114182450417  3.2867624132446327 -4.7309313131252573  3.2943270428125588 -4.2968749119623109  3.3016825851983072 -3.8611160231866566  3.3088368532839252 -3.4237247088498108  3.3157973212099119 -2.9847675267919351  3.322571129793066 -2.5443076380688399  3.3291651374609503 -2.1024053552285857  3.333445578461641 -1.8068797763782682  3.3355580029483978 -1.6588955481545207 
 0.0055635854651381496 4 0.0060552707196826656 1 0.0065469559742271817 1 0.0070386412287716978 1 0.0075303264833162138 1 0.0080220117378607299 1 0.0085136969924052459 1 0.009005382246949762 1 0.0094970675014942781 1 0.0099887527560387941 1 0.01048043801058331 1 0.010972123265127826 1 0.011463808519672341 1 0.011955493774216857 1 0.012447179028761373 1 0.012938864283305889 1 0.013430549537850405 1 0.013922234792394921 1 0.014413920046939437 1 0.014905605301483953 1 0.015397290556028469 1 0.015888975810572983 1 0.016380661065117499 4
7 0 0  3 25 23  3.6112681269304114 -9.2799286451600942  3.6173030275203608 -9.4127616683356532  3.6295579345835733 -9.6755953155011731  3.6485081194544291 -10.060929636874473  3.6680390026598344 -10.436934850344198  3.6881621722448226 -10.803177020868098  3.7088881057927945 -11.159209023188284  3.7302258318593702 -11.504569279707827  3.7521827063547772 -11.83878322097828  3.7747641374980971 -12.161364348301023  3.7979733072194812 -12.471815766841267  3.8218108807447315 -12.769631986120203  3.8462747125382144 -13.054301067424021  3.8713595538533911 -13.325307115616738  3.8970567694610505 -13.582133126054915  3.9233540718750994 -13.824264183914789  3.9502352828297393 -14.051191000309119  3.9776801311802239 -14.262413770914845  4.005664101771238 -14.457446277056555  4.0341583313460854 -14.635820329901275  4.0631296158509089 -14.79708991543529  4.0925403353810017 -14.94083710219299  4.1223490600622839 -15.066671616339622  4.1424556994353914 -15.138393098779504  4.1525600173847161 -15.171152776417157 
 0.00904288337617358 4 0.0096567131107207667 1 0.010270542845267953 1 0.010884372579815142 1 0.011498202314362329 1 0.012112032048909515 1 0.012725861783456704 1 0.013339691518003891 1 0.013953521252551077 1 0.014567350987098264 1 0.015181180721645451 1 0.015795010456192637 1 0.016408840190739828 1 0.017022669925287011 1 0.017636499659834201 1 0.018250329394381388 1 0.018864159128928575 1 0.019477988863475761 1 0.020091818598022948 1 0.020705648332570138 1 0.021319478067117321 1 0.021933307801664512 1 0.022547137536211698 4
7 0 0  3 25 23  4.2317742630331665 -15.171152776417062  4.2407089413487329 -14.998839515663029  4.2581187027649516 -14.649458316863408  4.2829227159386312 -14.112104148551483  4.3064846560522101 -13.562479606420347  4.3288716818086517 -13.001490515904358  4.3501491396950289 -12.429978753532613  4.3703800273872497 -11.848716888743748  4.3896246923679572 -11.258415668499069  4.4079406287739671 -10.659727976005724  4.4253823781663835 -10.05325359866295  4.4420014905318741 -9.4395433312638009  4.4578465826932252 -8.8191036411102424  4.4729632807074298 -8.1923982572908187  4.4873942723847167 -7.5598506146987852  4.5011796842089371 -6.9218518598876679  4.5143570810153903 -6.278761598675576  4.5269616295087749 -5.6309111866537345  4.5390262244092643 -4.9786060530260157  4.5505816212082548 -4.3221279609712147  4.5616565816206931 -3.6617371911358929  4.572277949306188 -2.9976738919478558  4.5824709693955175 -2.330161728743211  4.5889961052271131 -1.8829886769662167  4.5921950643843186 -1.6588955481545067 
 2.1241948222358501e-07 4 0.00074477650504603619 1 0.0014893405906098488 1 0.0022339046761736614 1 0.0029784687617374741 1 0.0037230328473012867 1 0.0044675969328650993 1 0.0052121610184289119 1 0.0059567251039927245 1 0.0067012891895565372 1 0.0074458532751203498 1 0.0081904173606841633 1 0.0089349814462479759 1 0.0096795455318117885 1 0.010424109617375601 1 0.011168673702939414 1 0.011913237788503226 1 0.012657801874067039 1 0.013402365959630852 1 0.014146930045194664 1 0.014891494130758477 1 0.015636058216322288 1 0.0163806223018861 4
7 0 0  3 25 23  4.8679051883663318 -9.2799286451600267  4.8739405290284159 -9.4127713583918986  4.8861963155498875 -9.6756233388082507  4.905147805943721 -10.060981978044513  4.924679969898424 -10.437008278577972  4.9448043826098855 -10.803268282333661  4.9655315076166024 -11.159314860549392  4.9868703580549267 -11.504686456108541  5.0088282730850535 -11.838908545734766  5.0314106428645928 -12.161494705111931  5.0546206300188299 -12.471948144324946  5.0784588793293937 -12.769763510693981  5.1029232238275162 -13.054429038411302  5.1280083925440172 -13.325429042414799  5.1537057274898794 -13.582246767112339  5.1800029181886664 -13.824367587181149  5.2068837635136109 -14.051282544726648  5.2343279699992706 -14.262492208434578  5.2623110011610956 -14.457510774546218  5.2908039739008537 -14.635870510333469  5.3197736662835462 -14.797125897292675  5.3491824431209585 -14.940859537426851  5.3789888618706811 -15.066681721812026  5.3990937165810635 -15.13839619891249  5.4091970788206325 -15.171152776417086 
 0.011026641316492799 4 0.011640457139418917 1 0.012254272962345035 1 0.012868088785271153 1 0.013481904608197271 1 0.01409572043112339 1 0.014709536254049509 1 0.015323352076975626 1 0.015937167899901745 1 0.016550983722827862 1 0.017164799545753982 1 0.017778615368680098 1 0.018392431191606218 1 0.019006247014532338 1 0.019620062837458454 1 0.02023387866038457 1 0.02084769448331069 1 0.02146151030623681 1 0.022075326129162926 1 0.022689141952089042 1 0.023302957775015162 1 0.023916773597941282 1 0.024530589420867398 4
7 0 0  3 25 23  5.4884113244690722 -15.171152776417044  5.4973460027856031 -14.998839515644413  5.5147557642035148 -14.649458316809229  5.5395597773791314 -14.112104148449198  5.5631217174941376 -13.562479606275557  5.5855087432515802 -13.001490515722912  5.6067862011385889 -12.429978753320398  5.627017088831157 -11.848716888506674  5.6462617538119586 -11.25841566824287  5.6645776902178779 -10.659727975736011  5.6820194396100421 -10.053253598385067  5.698638551975165 -9.4395433309828096  5.7144836441360605 -8.8191036408307717  5.7296003421497481 -8.1923982570172864  5.7440313338264612 -7.5598506144355255  5.7578167456500697 -6.9218518596389922  5.7709941424558826 -6.2787615984455005  5.7835986909486072 -5.6309111864462285  5.7956632858484332 -4.9786060528447846  5.807218682646754 -4.3221279608198504  5.8182936430585226 -3.6617371910177492  5.8289150107433629 -2.9976738918660755  5.8391080308320493 -2.3301617287007179  5.8456331666632231 -1.8829886769517623  5.8488321258202225 -1.6588955481545067 
 2.0107181651471199e-07 4 0.00074476515738032762 1 0.0014893292429441407 1 0.0022338933285079533 1 0.0029784574140717664 1 0.0037230214996355794 1 0.004467585585199392 1 0.0052121496707632055 1 0.0059567137563270181 1 0.0067012778418908308 1 0.0074458419274546443 1 0.0081904060130184569 1 0.0089349700985822695 1 0.0096795341841460821 1 0.010424098269709896 1 0.011168662355273709 1 0.011913226440837522 1 0.012657790526401334 1 0.013402354611965147 1 0.014146918697528961 1 0.014891482783092774 1 0.015636046868656588 1 0.016380610954220401 4
1 3.1415926535897931 -20.22820370188948 1 0 
1 6.2831853071795862 0 -1 0 
1 9.4247779607693793 -3.7715070637716921 -1 0 
1 9.4247779607693793 4.9906886393898029 -1 0 
Curves 648
2 0 100 0 0 1 0 0 -0 1 1 0 -0 12.5
1 1.5308084989341899e-15 100 12.5 -0 -1 -0 
2 0 85 0 0 1 0 0 -0 1 1 0 -0 12.5
1 0 100 -12.5 -0 -1 -0 
2 -23.676947047671799 80.534787109677595 -20.010051936507899 -0.64522935928433234 -0.028171322218613615 0.76346935139662631 0.76377248540877185 1.0408340855860843e-17 0.64548554633896149 -0.018184181313372738 0.99960310954120934 0.021516480788161867 1
7 1 0  3 4 2  -22.913174562263102 80.534787109677595 -19.3645663901689  1 -27.537737263503701 80.326143915999396 -13.892540303313  0.95939198969226303 -30 80.215055712809999 -7.1644713463686402  0.95939198969226303 -30 80.215055712809999 0  1
 5.5815264734222101 4 6.2831853071795898 4
2 -31 80.215055712809999 0 0 -0 1 1 0 0 -0 1 0 1
7 1 0  3 4 2  -30.9563806126347 79.216007491228098 0  1 -30.9563806126347 79.216007491228098 -7.4032870579142598  0.95939198969226303 -28.412042451588501 79.327095694417494 -14.3556249800901  0.95939198969226303 -23.633327660306499 79.535738888095807 -20.010051936507899  1
 0 4 0.70165883375737303 4
2 0 81.5 0 0 -1 0 0 0 1 -1 0 0 30
2 3.2453140177404901e-15 81.5 -26.5 1 -0 1.22464679914735e-16 1.22464679914735e-16 0 -1 0 1 0 3.5
2 0 85 0 0 1 0 0 -0 1 1 0 -0 26.5
2 0 81.5 26.5 -1 0 0 0 0 1 0 1 -0 3.5
1 -30.5 14.5 -30 -0 -0 1 
2 -35.5 14.5 23 0 0 1 1 0 -0 -0 1 0 5
1 -40.5 14.5 -30 -0 -0 1 
2 -35.5 14.5 20 0 0 1 1 0 -0 -0 1 0 5
1 -30.5 14.5 -30 -0 -0 1 
2 -35.5 14.5 -20 0 0 1 1 0 -0 -0 1 0 5
1 -40.5 14.5 -30 -0 -0 1 
2 -35.5 14.5 -23 0 0 1 1 0 -0 -0 1 0 5
1 0 85 -27 -0 -1 -0 
7 1 0  3 4 2  0 22 -27  1 -5.34793719190451 16.117269088905001 -27  0.97161807183755899 -10.468197230012199 10.484983046986599 -25.456183511322401  0.97161807183755899 -14.9248115565993 5.5827072877407797 -22.5  1
 4.7123889803846897 4 5.2980745238418399 4
1 -14.9248115565993 85 -22.5 -0 -1 -0 
7 0 0  3 10 5  -18.405849930448301 76.761117439324707 -19.754105607134399  -18.127838612674399 76.773255675597994 -20.013142118109801  -17.847427156279998 76.747430873827398 -20.263490630497  -17.279657470606701 76.654825942517505 -20.749774609124501  -16.9917732937229 76.587119577367204 -20.986097590678899  -16.410859147987999 76.427841449770597 -21.4434221563553  -16.118320039442501 76.336316444305297 -21.664093963532501  -15.526841727675199 76.142132235632204 -22.091862622205099  -15.226703250637801 76.0389631428272 -22.299747704709901  -14.9248115565993 75.936284666134497 -22.5 
 4.9065389333867997e-18 4 0.00112962023337582 2 0.00225924046675163 2 0.00338886070012745 2 0.00451848093350326 4
7 1 0  3 4 2  -18.405849930448301 76.761117439324707 -19.754105607134399  1 -30.636355909397899 76.227122016035494 -8.3583551692762494  0.78779876371477198 -30.636355909397899 76.227122016035494 8.3583551692762406  0.78779876371477198 -18.405849930448198 76.761117439324707 19.754105607134399  1
 5.46247014574974 4 7.1039004686094298 4
7 0 0  3 8 4  -14.9248115565993 75.936284666134497 22.5  -15.530361944514 76.142242606083101 22.0983233143265  -16.120431905359101 76.348211736381998 21.672061940612799  -16.991791700883599 76.587124038608707 20.986082606981501  -17.279672032168499 76.654828854713301 20.749762397946  -17.847434306912199 76.747431502934802 20.2634842455826  -18.1278421565037 76.773255520871004 20.013138816153599  -18.405849930448198 76.761117439324707 19.754105607134399 
 -1.9653007435772501e-05 4 0.00224619923038605 2 0.00337912534929696 2 0.0045120514682078696 4
1 -14.9248115565993 85 22.5 0 1 0 
7 1 0  3 4 2  -14.9248115565993 5.5827072877407797 22.5  1 -10.468197230012199 10.484983046986599 25.456183511322401  0.97161807183755899 -5.34793719190451 16.117269088905001 27  0.97161807183755899 3.3065463576978502e-15 22 27  1
 0.98511078333774604 4 1.5707963267949001 4
1 3.3065463576978502e-15 85 27 -0 -1 -0 
2 0 82 0 0 1 0 0 -0 1 1 0 -0 27
1 3.67394039744206e-15 85 30 -0 -1 -0 
7 1 0  3 4 2  3.67394039744206e-15 22 30  1 60 88 30  0.33333333333333298 60 88 -30  0.33333333333333298 0 22 -30  1
 1.5707963267949001 4 4.7123889803846897 4
1 0 85 -30 -0 -1 -0 
2 0 85 0 0 1 0 0 -0 1 1 0 -0 26.5
2 0 85 0 0 1 0 0 -0 1 1 0 -0 12.5
2 -24.103941586387901 0 -38 0 1 0 0 -0 1 1 0 -0 15
1 -21.769479544479498 0 0 0 -0 1 
2 -23.2163735324878 0 -35 0 -1 0 1.34151948808873e-14 0 1 -1 0 1.34151948808873e-14 15
1 0 0 -20 1 0 0 
1 -44 0 0 -0 0 -1 
1 -48 0 -23 1 0 0 
2 0 81.5 0 0 -1 0 0 0 1 -1 0 0 30
7 1 0  3 4 2  0 22 -30  1 -5.72927662233558 15.6977957154309 -30  0.97354934626168599 -11.231238576508501 9.6456375658406195 -28.402181089711899  0.97354934626168599 -16.0692943909253 4.3237761699822199 -25.3333333333333  1
 4.7123889803846897 4 5.2776581644036904 4
1 -16.0692943909253 85 -25.3333333333333 0 1 0 
7 0 0  3 12 6  -16.0692943909253 76.933293711836697 -25.3333333333333  -16.6653789871397 77.368866093769498 -24.955228378393901  -17.249534350083401 77.803913112589299 -24.555444247702098  -18.405327167846899 78.630221807509699 -23.7014811634469  -18.975178421776999 79.020590327339505 -23.2487319220036  -19.827519106684999 79.536314627588098 -22.5168763176402  -20.111219333847199 79.696511378453394 -22.2640748923316  -20.6796020622748 79.985433654166997 -21.737162474698  -20.965785061276701 80.114774293263807 -21.461543502738401  -21.8181017821945 80.434736599158697 -20.606271027144601  -22.371633408757599 80.5592194469763 -20.005346396956  -22.913174562263102 80.534787109677595 -19.3645663901689 
 -1.9119723856740201e-05 4 0.0024692595065785201 2 0.0049576387370137802 2 0.0062018283522314102 2 0.0074460179674490402 2 0.0099343971978843003 4
7 1 0  3 4 2  -30 80.215055712809999 0  1 -30 80.215055712809999 7.1644713463686402  0.95939198969226303 -27.537737263503701 80.326143915999396 13.892540303313  0.95939198969226303 -22.913174562263102 80.534787109677595 19.3645663901689  1
 0 4 0.70165883375737303 4
7 0 0  3 14 7  -22.913174562263102 80.534787109677595 19.3645663901689  -22.371629547642399 80.5592196211756 20.005350965630701  -21.818093886334399 80.434734881880701 20.606279604877201  -20.9657707784949 80.114768308017702 21.461557507795899  -20.6795858306225 79.985426091749503 21.737177960055199  -20.111199093073601 79.6965004010369 22.264093218273  -19.827496846930998 79.536301818119995 22.516895957921498  -18.9751500163975 79.020571821655807 23.248755257752801  -18.405294550138802 78.630199237415596 23.701506636183701  -17.538443238998902 78.010461803901805 24.341981838544299  -17.247641374786699 77.798186768602307 24.548823634891001  -16.662256084914301 77.368625167262707 24.949851643065401  -16.366236644930499 77.150276075925404 25.144978629515599  -16.0692943909253 76.933293711836697 25.3333333333333 
 0 4 0.00247919487339057 2 0.0037187923100858501 2 0.0049583897467810802 2 0.0074375846201716498 2 0.0086771820568669108 2 0.0099167794935621709 4
1 -16.0692943909253 85 25.3333333333333 -0 -1 -0 
7 1 0  3 4 2  -16.0692943909253 4.3237761699822199 25.3333333333333  1 -11.231238576508501 9.6456375658406106 28.402181089711899  0.97354934626168599 -5.72927662233558 15.6977957154309 30  0.97354934626168599 3.67394039744206e-15 22 30  1
 1.0055271427759001 4 1.5707963267949001 4
2 -23.2163735324878 0 35 0 -1 0 0 0 1 -1 0 0 15
1 -21.769479544479498 0 0 0 -0 1 
2 -24.103941586387901 0 38 0 1 0 0 -0 1 1 0 -0 15
1 -48 0 23 1 0 0 
1 -44 0 0 -0 0 -1 
1 0 0 20 1 0 0 
1 -48 80 23 8.6736173798840305e-17 -1 0 
2 -44 4 23 0 0 1 1 0 -0 -0 1 0 4
1 -24.103941586387901 0 23 -0 1 -0 
1 -3.3801060102145 77.417155586784105 23 -0.99904822158185747 -0.043619387365342779 0 
2 -35.5 14.5 23 0 0 1 1 0 -0 -0 1 0 5
2 -44 4 -23 0 0 -1 1 0 0 0 -1 0 4
1 -48 80 -23 8.6736173798840305e-17 -1 0 
1 -23.9730834242919 76.5180467755916 -23 0.99904822158185747 0.043619387365342779 -0 
1 -24.103941586387901 0.81250368731596001 -23 -0 -1 0 
2 -35.5 14.5 -23 0 0 1 1 0 -0 -0 1 0 5
1 -48 80 20 8.6736173798840305e-17 -1 0 
1 -48 4 23 0 -0 1 
7 1 0  3 4 2  -48 75.469008942711895 23  1 -48 77.228042465736607 23  0.80473785412436505 -48 78.471866998201804 21.757359312880698  0.80473785412436505 -48 78.471866998201804 20  1
 4.7123889803846897 4 6.2831853071795898 4
1 -48 78.471866998201804 23 0 0 -1 
7 1 0  3 4 2  -48 78.471866998201804 -20  1 -48 78.471866998201804 -21.757359312880698  0.80473785412436405 -48 77.228042465736607 -23  0.80473785412436405 -48 75.469008942711895 -23  1
 -8.8817841970012504e-16 4 1.5707963267949001 4
1 -48 4 23 0 -0 1 
1 -48 80 -20 8.6736173798840305e-17 -1 0 
7 1 0  3 4 2  -48 74.468056257548596 -20  1 -48 75.054400765223505 -20  0.80473785412436505 -48 75.469008942711895 -19.585786437626901  0.80473785412436505 -48 75.469008942711895 -19  1
 1.5707963267949001 4 3.14159265358979 4
1 -48 75.469008942711895 23 -0 -0 -1 
7 1 0  3 4 2  -48 75.469008942711895 19  1 -48 75.469008942711895 19.585786437626901  0.80473785412436505 -48 75.054400765223505 20  0.80473785412436505 -48 74.468056257548596 20  1
 3.14159265358979 4 4.7123889803846897 4
7 1 0  3 4 2  -24.234799748483901 79.509478049592801 20  1 -24.0342623899956 79.518233699752798 20  0.99990692001590298 -23.833753030528499 79.526988127449101 20.003350957409701  0.99990692001590298 -23.633327660306499 79.535738888095807 20.010051936507899  1
 1.5707963267949001 4 1.6042176643171899 4
7 1 0  3 4 2  -23.633327660306499 79.535738888095807 20.010051936507899  1 -28.412042451588501 79.327095694417494 14.3556249800902  0.95939198969226303 -30.9563806126347 79.216007491228098 7.4032870579142598  0.95939198969226303 -30.9563806126347 79.216007491228098 0  1
 5.5815264734222101 4 6.2831853071795898 4
7 1 0  3 4 2  -23.633327660306499 79.535738888095807 -20.010051936507899  1 -23.833753030528499 79.526988127449101 -20.003350957409701  0.99990692001590298 -24.0342623899956 79.518233699752798 -20  0.99990692001590298 -24.234799748483901 79.509478049592801 -20  1
 4.6789676428623999 4 4.7123889803846897 4
1 -48 78.471866998201804 -20 -0.99904822158185747 -0.043619387365342779 0 
1 -48 78.471866998201804 20 0.99904822158185747 0.043619387365342779 -0 
7 1 0  3 4 2  3.3065463576978502e-15 22 27  1 54 81.400000000000006 27  0.33333333333333298 54 81.400000000000006 -27  0.33333333333333298 0 22 -27  1
 1.5707963267949001 4 4.7123889803846897 4
2 0 82 0 0 1 0 0 -0 1 1 0 -0 27
2 -44 4 20 0 0 -1 1 0 0 0 -1 0 4
1 -23.172754145122401 75.552037221394102 20 0.99904822158185747 0.043619387365342779 -0 
1 -23.2163735324878 2.0478071380612399 20 -0 -1 0 
2 -35.5 14.5 20 0 0 1 1 0 -0 -0 1 0 5
2 -44 4 -20 0 0 1 1 0 -0 -0 1 0 4
1 -23.2163735324878 0 -20 -0 1 -0 
1 -3.3364866228491601 76.418107365202204 -20 -0.99904822158185747 -0.043619387365342779 0 
2 -35.5 14.5 -20 0 0 1 1 0 -0 -0 1 0 5
1 -47.869141837904003 75.474722333456299 -19 0.99904822158185747 0.043619387365342779 0 
7 1 0  3 4 2  -23.259992919853101 76.549180979394507 -19  1 -21.609493831839401 76.621243325846905 -19  0.99209790088115402 -19.978558354909399 76.692451506592604 -19.253370696065598  0.99209790088115402 -18.405849930448301 76.761117439324707 -19.754105607134399  1
 1.5707963267949001 4 1.8790382988260299 4
7 1 0  3 4 2  -18.405849930448198 76.761117439324707 19.754105607134399  1 -19.978558354909399 76.692451506592604 19.253370696065598  0.99209790088115402 -21.609493831839401 76.621243325846905 19  0.99209790088115402 -23.259992919853101 76.549180979394507 19  1
 4.4041470083535597 4 4.7123889803846897 4
1 -48 75.469008942711895 19 -0.99904822158185747 -0.043619387365342779 0 
7 1 0  3 4 2  -16.0692943909253 4.3237761699822199 25.3333333333333  1 -16.934454805932099 3.3720997134746402 24.784549751591701  0.99651634692846902 -17.851123113621298 2.3637645750165999 24.3269635007467  0.99651634692846902 -18.8097192508957 1.3093088240147599 23.965356796043  1
 4.1471197963656898 4 4.3516688007445303 4
1 -18.8097192508957 1.3093088240147499 -30 -0 -0 -1 
7 1 0  3 4 2  -18.8097192508957 1.3093088240147599 20.6618900114929  1 -17.430849533469299 2.82606551318379 21.085669864550599  0.99312336498367504 -16.126913610610998 4.2603950283279204 21.702615705425501  0.99312336498367504 -14.9248115565993 5.5827072877407797 22.5  1
 1.86897208599842 4 2.1564818702520498 4
7 1 0  3 4 2  -14.9248115565993 5.5827072877407797 -22.5  1 -16.126913610610998 4.2603950283279204 -21.702615705425501  0.99312336498367504 -17.430849533469299 2.82606551318379 -21.085669864550599  0.99312336498367504 -18.8097192508957 1.3093088240147499 -20.6618900114929  1
 4.1267034369275404 4 4.4142132211811704 4
1 -18.8097192508957 1.3093088240147499 -30 -0 -0 -1 
7 1 0  3 4 2  -18.8097192508957 1.3093088240147499 -23.965356796043  1 -17.851123113621298 2.3637645750165901 -24.3269635007467  0.99651634692846902 -16.934454805932202 3.3720997134746402 -24.784549751591701  0.99651634692846902 -16.0692943909253 4.3237761699822199 -25.3333333333333  1
 1.9315165064350499 4 2.1360655108138999 4
7 0 0  3 10 5  -21.769479544479498 0 -20.069946490803702  -21.486254842418401 1.1434944787933099e-17 -20.097394223553898  -21.209131591483001 0.029733600549608101 -20.132370885293501  -20.666267615791199 0.145142213851191 -20.215806565259399  -20.397728381743899 0.23240514769861101 -20.264943373669499  -19.8923185787507 0.457015533155892 -20.370669429823  -19.653975611720799 0.59395692456271698 -20.427317994934199  -19.205355711772899 0.91750826573730804 -20.544361798642001  -18.997040231250601 1.1032557456243399 -20.6043190484598  -18.8097192508957 1.3093088240147499 -20.6618900114929 
 0 4 0.00084108509493776499 2 0.00168217018987553 2 0.00252325528481329 2 0.00336434037975106 4
7 1 0  3 4 2  -14.9248115565993 75.936284666134497 -22.5  1 -17.400708404703199 75.820978009139907 -20.857675827043099  0.97161807183755899 -20.245297314763 75.688500746206202 -20  0.97161807183755899 -23.2163735324878 75.550132757812705 -20  1
 4.1267034369275404 4 4.7123889803846897 4
7 0 0  3 10 5  -18.8097192508957 1.3093088240147599 20.6618900114929  -18.997127375969299 1.10315988643373 20.604292265526201  -19.202261524180798 0.92026093868794001 20.545250779264698  -19.647197747498598 0.59833555098074798 20.4290064008858  -19.890141860541199 0.45815430642485899 20.371161958661698  -20.395784355316 0.23309907554814399 20.265313160138501  -20.658287827866001 0.14734055165298099 20.2171626806612  -21.203504979429901 0.030440245099604499 20.1331092063493  -21.486158091467601 -3.9895251815677502e-16 20.097403599834401  -21.769479544479498 0 20.069946490803702 
 2.1684043449710098e-19 4 0.00084152215871743398 2 0.0016830443174348699 2 0.0025245664761523001 2 0.0033660886348697299 4
7 1 0  3 4 2  -23.2163735324878 75.550132757812705 20  1 -20.245297314763 75.688500746206202 20  0.97161807183755899 -17.400708404703199 75.820978009139907 20.857675827043099  0.97161807183755899 -14.9248115565993 75.936284666134497 22.5  1
 1.5707963267949001 4 2.1564818702520498 4
7 1 0  3 4 2  -24.103941586387901 76.512333384847196 -23  1 -21.239303275220099 76.662420756556202 -23  0.97354934626168599 -18.4883222981336 76.8065532646158 -23.798909455143999  0.97354934626168599 -16.0692943909253 76.933293711836697 -25.3333333333333  1
 1.5707963267949001 4 2.1360655108138999 4
7 0 0  3 10 5  -18.8097192508957 1.3093088240147499 -23.965356796043  -18.9973224480167 1.1029453071816699 -23.8945881258336  -19.202426697322799 0.92015097179062699 -23.8215003243048  -19.646849951373198 0.59857765528496698 -23.675579054687802  -19.889239961861499 0.45864550550427002 -23.601913138239599  -20.394523608747999 0.233570826561915 -23.463534359076601  -20.656847255752101 0.147763220378231 -23.398792017994001  -21.201831799698301 0.0306858458879498 -23.280778123688101  -21.4851033929449 -7.2844833463869805e-17 -23.227574211546099  -21.769479544479498 0 -23.182770603959401 
 4.2102796594050698e-18 4 0.00085101930636873697 2 0.00170203861273747 2 0.0025530579191062001 2 0.0034040772254749301 4
7 1 0  3 4 2  -16.0692943909253 76.933293711836697 25.3333333333333  1 -18.4883222981336 76.8065532646158 23.798909455143999  0.97354934626168599 -21.239303275220099 76.662420756556202 23  0.97354934626168599 -24.103941586387901 76.512333384847196 23  1
 4.1471197963656898 4 4.7123889803846897 4
7 0 0  3 10 5  -21.769479544479498 0 23.182770603959401  -21.485206984935498 7.6232965252887e-18 23.227557890575198  -21.2075648807816 0.029946997628852699 23.279668249697  -20.6645248760579 0.14563311143733099 23.397001076749302  -20.396329425950999 0.232929943924191 23.463076865198701  -19.891369164873002 0.45753483328171302 23.601293261100398  -19.653418346804401 0.59434460112698595 23.673508444667799  -19.205641594577099 0.91731632261441198 23.820360562366101  -18.997212216299399 1.1030665620707001 23.894629708025001  -18.8097192508957 1.3093088240147599 23.965356796043 
 0 4 0.00085053693543261195 2 0.00170107387086522 2 0.0025516108062978399 2 0.00340214774173045 4
2 -24.103941586387901 76.512333384847196 20 0.99904822158185747 0.043619387365342918 -0 -0.043619387365342918 0.99904822158185747 0 0 0 1 3
7 0 0  3 12 6  -16.0692943909253 76.933293711836697 25.3333333333333  -16.700006434897102 77.239612617808405 24.9332636947615  -17.330520149104299 77.545079356988893 24.531836043370401  -18.5948400093286 78.130940492651007 23.716897713235301  -19.228017762933298 78.411498568035 23.303797885956499  -20.4962139267674 78.913851241919602 22.446449214422302  -21.1322775053297 79.137006550176395 22.001503487807099  -22.084274148534 79.3801212781526 21.287685429731699  -22.3988698211067 79.444954351702506 21.043671786133  -23.021346352624398 79.529288235694594 20.539815478504298  -23.3292107112559 79.549016920845801 20.2799902227943  -23.633327660306499 79.535738888095807 20.010051936507899 
 -2.0605666672561601e-05 4 0.0024012039935942002 2 0.0048230136538609603 2 0.0072448233141277204 2 0.0084557281442611005 2 0.0096666329743944693 4
2 -24.103941586387901 76.512333384847196 -20 0.99904822158185747 0.043619387365342918 0 -0.043619387365342918 0.99904822158185747 0 0 -0 1 3
7 0 0  3 12 6  -23.633327660306499 79.535738888095807 -20.010051936507899  -23.329209104628202 79.549016990992698 -20.279991648858601  -23.021343099462701 79.529288032176197 -20.5398182242131  -22.3988632087733 79.444953218627703 -21.043677025931402  -22.084265823928501 79.380119484371093 -21.287691843628402  -21.132263978564499 79.137002431578694 -22.001513286300298  -20.496197158868799 78.913845244734105 -22.446460877914099  -19.227994332104799 78.411488641844699 -23.303813398317399  -18.594813262458398 78.130928525090994 -23.716915128442398  -17.330486782188501 77.545063468974007 -24.531857375492599  -16.698447180360599 77.238855332254701 -24.934252752136899  -16.0692943909253 76.933293711836697 -25.3333333333333 
 4.9065389333867997e-18 4 0.00120791121544997 2 0.0024158224308999301 2 0.0048316448617998298 2 0.0072474672926997503 2 0.0096632897235996596 4
2 -23.676947047671899 80.534787109677595 20.010051936507899 0.645229359284334 0.028171322218613695 0.76346935139662486 0.76377248540877041 3.4694469519536142e-18 -0.64548554633896316 -0.018184181313372835 0.99960310954120946 -0.021516480788161894 1
2 -23.2163735324878 75.550132757812705 -19 -0.99904822158185747 -0.043619387365343119 0 0.043619387365343119 -0.99904822158185747 0 0 0 1 0.999999999999995
2 -23.2163735324878 75.550132757812705 19 -0.99904822158185747 -0.043619387365343119 0 0.043619387365343119 -0.99904822158185747 0 0 0 1 0.999999999999995
2 0 100 0 0 1 0 0 -0 1 1 0 -0 12.5
2 0 87 0 0 -1 0 0 0 -1 1 0 0 29.739411227276499
2 27.739411227276499 87 -3.3970981169716299e-15 -1.22464679914735e-16 0 -1 -1 0 1.22464679914735e-16 0 1 0 2
2 0 87.243738686810303 0 0 1 0 -1 0 0 0 -0 1 29.724503530559101
2 -27.739411227276499 87 0 0 0 1 0 -1 0 1 0 -0 2
2 0 87 0 0 -1 0 0 0 -1 1 0 0 29.739411227276499
2 0 87.243738686810303 0 0 1 0 -1 0 0 0 -0 1 29.724503530559101
2 -40 100.5 30 0 -1 0 1 0 0 -0 0 1 5.5
1 -43.889087296526 86 26.110912703474 0 1 0 
2 -40 96.5 30 0 -1 0 1 0 -6.3080853671883902e-16 6.3080853671883902e-16 0 1 5.5
1 -45.5 98.5 30 -0 1 0 
2 36.5 100.5 26.5 0 1 0 -1 0 0 0 -0 1 5.5
1 40.389087296526 86 22.610912703474 0 1 0 
2 36.5 96.5 26.5 -0 1 0 1 0 0 0 0 -1 5.5
1 31 98.5 26.5 -0 1 0 
2 36.5 100.5 -26.5 0 -1 0 -1 0 0 -0 -0 -1 5.5
1 32.610912703474 86 -30.389087296526 0 1 0 
2 36.5 96.5 -26.5 0 -1 0 1 0 0 -0 0 1 5.5
1 31 98.5 -26.5 -0 1 0 
2 -40 100.5 -30 -0 1 0 1 0 0 0 0 -1 5.5
1 -36.110912703474 86 -33.889087296526 0 1 0 
2 -40 96.5 -30 -0 1 0 1 0 0 0 0 -1 5.5
1 -45.5 98.5 -30 -0 1 0 
2 0 96 0 -0 1 0 1 0 0 0 0 -1 28.875428707340401
2 -28.875428707340401 95.799999999999997 -3.5362201340451999e-15 1.22464679914737e-16 0 -1 -1 0 -1.22464679914737e-16 0 1 0 0.19999999999999901
2 0 95.799999999999997 0 -0 1 0 1 0 0 0 0 -1 28.675428707340402
2 28.875428707340401 95.799999999999997 0 0 0 1 0 -1 0 1 0 -0 0.20000000000000001
2 0 96 0 -0 1 0 1 0 0 0 0 -1 28.875428707340401
2 0 95.799999999999997 0 -0 1 0 1 0 0 0 0 -1 28.675428707340402
2 28.875428707340401 95.799999999999997 0 0 0 1 0 -1 0 1 0 -0 0.20000000000000001
2 0 95.775626131319001 0 0 -1 0 -1 0 0 -0 -0 -1 28.676919477012099
2 -28.875428707340401 95.799999999999997 -3.5362201340451999e-15 1.22464679914737e-16 0 -1 -1 0 -1.22464679914737e-16 0 1 0 0.19999999999999901
2 0 85 0 0 1 0 -1 0 0 0 -0 1 14.6010205144336
2 14.6010205144336 87 -1.7881093037285999e-15 -1.22464679914735e-16 0 -1 -1 0 1.22464679914735e-16 0 1 0 2
2 0 87 0 0 -1 0 -1 0 0 -0 -0 -1 12.6010205144336
2 -14.6010205144336 87 0 0 0 1 0 -1 0 1 0 -0 2
2 27.739411227276499 87 -3.3970981169716299e-15 -1.22464679914735e-16 0 -1 -1 0 1.22464679914735e-16 0 1 0 2
2 0 85 0 0 -1 0 -1 0 0 -0 -0 -1 27.739411227276499
2 -27.739411227276499 87 0 0 0 1 0 -1 0 1 0 -0 2
1 12.6010205144336 85 0 0 1 0 
7 0 0  3 36 18  -6.1847117141510601 96 10.9788459784269  -5.7093144914289304 96.018422497456299 11.246651427016101  -5.2187487501167702 96.036229251717401 11.4824956861437  -4.4601965138249096 96.062150914541704 11.7884136755857  -4.2035500798171697 96.0706596031619 11.8823868431558  -3.6825281732740298 96.087431052731702 12.054042335124601  -3.4171507295352699 96.095723696110895 12.131962847714499  -2.08495760579186 96.1361714563199 12.4759868568146  -1.00410288968582 96.165324035096205 12.6086554666709  0.63949865478504597 96.205306552428596 12.5967032908211  1.1931907974037099 96.2180341198289 12.556318218684201  2.2765995654748301 96.241626495702505 12.405721498822601  2.8101111704860799 96.252588694924896 12.2957654886892  3.86093147531435 96.272995264593305 12.007322011433599  4.3782421514775596 96.282439262926403 11.828842856095701  5.3960068734265398 96.299866084937406 11.4005981190951  5.8861146388383796 96.307671253132796 11.1551074904751  6.8272996943564497 96.321583462969798 10.6052226543831  7.2788826660741197 96.3276985825145 10.300606123405201  8.1436728841349204 96.338307861428703 9.6314698427712404  8.5595691922933295 96.342822993845004 9.2639217851418998  9.7182646058233999 96.353638969743102 8.0959289418326303  10.379028608687101 96.357369901855506 7.2299484222328596  11.0640237297073 96.357762410787601 6.0372811640533204  11.193975207624501 96.357620828071703 5.7927582125613499  11.4357073452293 96.356903785657096 5.2995967933775603  11.5480069258864 96.356329392898701 5.0501200573666498  11.859691378222999 96.353968116065502 4.2931658032642099  12.033966005013299 96.351546458179598 3.7771994096391501  12.2451000859741 96.346619667204706 2.9862527833152201  12.3070724615523 96.344760862307197 2.7197622768994401  12.4138805607849 96.340595835836396 2.1809880419917702  12.4588078048703 96.338279945397503 1.9077396020224899  12.565868303971101 96.330730349428407 1.0896095553062199  12.6010205144336 96.324890602818002 0.54460361678370905  12.6010205144336 96.318231841824101 -2.10782830734899e-15 
 0.0097050885779195392 4 0.0113388875191323 2 0.012155786989738701 2 0.012972686460345099 2 0.016240284342770701 2 0.017874083283983499 2 0.0195078822251963 2 0.021141681166409101 2 0.022775480107621902 2 0.024409279048834699 2 0.0260430779900475 2 0.029310675872473001 2 0.030127575343079398 2 0.030944474813685799 2 0.0325782737548986 2 0.033395173225504997 2 0.034212072696111401 2 0.035845871637324202 4
2 0 96 0 0 -1 0 -1 0 0 -0 -0 -1 12.6010205144336
1 -12.6010205144336 85 -1.54317994389913e-15 0 1 0 
2 0 87 0 0 -1 0 -1 0 0 -0 -0 -1 12.6010205144336
2 0 95.775626131319001 0 0 -1 0 -1 0 0 -0 -0 -1 28.676919477012099
1 30 85 -3.67394039744206e-15 0.121869343405148 -0.99254615164132198 -1.49246901315304e-17 
1 -30 85 0 -0.121869343405148 -0.99254615164132198 -0 
1 -40.389087296526 86 22.610912703474 0 1 0 
2 -36.5 100.5 26.5 0 -1 0 1 0 0 -0 0 1 5.5
1 -31 86 26.5 0 1 0 
2 -36.5 96.5 26.5 0 -1 0 1 0 0 -0 0 1 5.5
1 43.889087296526 86 26.110912703474 0 1 0 
2 40 100.5 30 0 1 0 -1 0 0 0 -0 1 5.5
1 45.5 86 30 0 1 0 
2 40 96.5 30 -0 1 0 1 0 0 0 0 -1 5.5
1 36.110912703474 86 -33.889087296526 0 1 0 
2 40 100.5 -30 0 -1 0 -1 0 0 -0 -0 -1 5.5
1 45.5 86 -30 0 1 0 
2 40 96.5 -30 0 -1 0 1 0 0 -0 0 1 5.5
1 -32.610912703474 86 -30.389087296526 0 1 0 
2 -36.5 100.5 -26.5 -0 1 0 1 0 0 0 0 -1 5.5
1 -31 86 -26.5 0 1 0 
2 -36.5 96.5 -26.5 -0 1 0 1 0 0 0 0 -1 5.5
2 -0.075811685983371097 100 -0.042363503795578301 0 1 0 -1 0 0 0 -0 1 17.5
2 17.4241883140166 95 -0.042363503795576199 -1.21972744404619e-16 0 1 1 0 1.21972744404619e-16 0 1 -0 5
7 0 0  3 4 2  12.6010205144336 96.318231841824101 -2.10782830734899e-15  12.6010205144336 96.318059181767595 -0.0141214396146765  12.600996776535601 96.317885968216004 -0.028242607540631501  12.6009493030773 96.317712200502399 -0.0423635037955781 
 0.035845871637324202 4 0.035888235647367199 4
2 -0.075811685983371097 96 -0.042363503795578301 0 -1 0 1 0 -1.7762052345372e-15 1.7762052345372e-15 0 1 12.6010205144336
2 -17.5758116859834 95 -0.042363503795578301 0 0 -1 0 1 0 1 -0 0 5
2 -0.075811685983371097 100 -0.042363503795578301 0 1 0 -1 0 0 0 -0 1 17.5
2 -0.075811685983371097 96 -0.042363503795578301 0 -1 0 1 0 0 -0 0 1 12.6010205144336
7 0 0  3 18 9  12.6009493030773 96.317712200502399 -0.0423635037955781  12.599083937987601 96.310884380537701 -0.59721305166054095  12.560735665110499 96.303205887182799 -1.15164503956967  12.447207514834099 96.290306958198897 -1.9826510719305499  12.399760621128801 96.2857575506291 -2.2605896072193001  12.2869413533531 96.276279066936794 -2.8098756223054302  12.221653131344601 96.271351288610006 -3.0812896532715999  11.9997491197168 96.2559916630928 -3.8860612204877598  11.8172048240826 96.244986648802197 -4.4099885579040201  11.3832762705983 96.221317040083704 -5.4328031698561503  11.1305196164656 96.208588483599101 -5.9339802303129101  10.273270452555799 96.167989149299302 -7.3827578463732397  9.5864731238037706 96.138428982044402 -8.2541957462323499  8.3860156885628996 96.089354739226707 -9.4218938100412206  7.9552656479105801 96.072129066366699 -9.7882367299963793  7.0607959808676002 96.036878278951903 -10.4518414610938  6.5943550905715496 96.018739945976606 -10.7521286296013  6.10890002816768 96 -11.021209482222501 
 0.035888235647367199 4 0.037552836207678401 2 0.038385136487834003 2 0.039217436767989597 2 0.040882037328300799 2 0.042546637888612002 2 0.0458758390092344 2 0.047540439569545602 2 0.049205040129856797 4
1 39.424188314016597 96 -0.042363503795578301 -0 -0 1 
1 -0.075811685983371097 96 3.2076364962044202 -1 -0 0 
2 -0.075811685983371097 96 -0.042363503795578301 0 -1 0 1 0 0 -0 0 1 29.5
1 -0.075811685983371097 96 3.2076364962044202 -1 -0 0 
1 -39.575811685983403 96 -0.042363503795578301 0 0 -1 
1 -0.075811685983371097 96 -3.2923635037955798 1 0 0 
2 -0.075811685983371097 96 -0.042363503795578301 0 -1 0 1 0 0 -0 0 1 29.5
1 -0.075811685983371097 96 -3.2923635037955798 1 0 0 
1 -50.5 96.5 -41 -1 0 0 
2 46.5 96.5 -37 0 -1 0 1 0 0 -0 0 1 4
1 50.5 96.5 -41 -8.4620657364722298e-17 0 -1 
2 46.5 96.5 37 0 -1 0 1 0 0 -0 0 1 4
1 -50.5 96.5 41 1 0 0 
2 -46.5 96.5 37 0 -1 0 1 0 0 -0 0 1 4
1 -50.5 96.5 -41 -8.4620657364722298e-17 0 1 
2 -46.5 96.5 -37 0 -1 0 1 0 0 -0 0 1 4
1 1.1109127034738999 96.5 1.1109127034738999 0.70710678118654891 0 -0.70710678118654602 
2 36.5 96.5 -26.5 0 -1 0 1 0 0 -0 0 1 5.5
1 8.8890872965259895 96.5 8.8890872965259895 -0.70710678118654802 0 0.70710678118654702 
2 40 96.5 -30 0 -1 0 1 0 0 -0 0 1 5.5
1 -1.1109127034738999 96.5 1.1109127034738999 -0.70710678118654891 0 -0.70710678118654602 
2 -40 96.5 -30 -0 1 0 1 0 0 0 0 -1 5.5
1 -8.8890872965259895 96.5 8.8890872965259895 0.70710678118654802 0 0.70710678118654702 
2 -36.5 96.5 -26.5 -0 1 0 1 0 0 0 0 -1 5.5
2 -0.075811685983371097 96.5 -0.042363503795578301 0 -1 0 1 0 0 -0 0 1 29.699999999999999
1 0 96.5 3.4076364962044199 -1 -0 0 
1 39.6241883140166 96.5 0 -0 -0 1 
1 0 96.5 -3.49236350379558 1 0 0 
2 -0.075811685983371097 96.5 -0.042363503795578301 0 -1 0 1 0 0 -0 0 1 29.699999999999999
1 0 96.5 -3.49236350379558 1 0 0 
1 -39.775811685983399 96.5 0 0 0 -1 
1 0 96.5 3.4076364962044199 -1 -0 0 
1 1.1109127034738999 96.5 -1.1109127034738999 0.70710678118654891 0 0.70710678118654602 
2 40 96.5 30 -0 1 0 1 0 0 0 0 -1 5.5
1 8.8890872965259895 96.5 -8.8890872965259895 -0.70710678118654802 0 -0.70710678118654702 
2 36.5 96.5 26.5 -0 1 0 1 0 0 0 0 -1 5.5
2 -40 96.5 30 0 -1 0 1 0 -6.3080853671883902e-16 6.3080853671883902e-16 0 1 5.5
1 -1.1109127034738999 96.5 -1.1109127034738999 -0.70710678118654891 0 0.70710678118654602 
2 -36.5 96.5 26.5 0 -1 0 1 0 0 -0 0 1 5.5
1 -8.8890872965259895 96.5 -8.8890872965259895 0.70710678118654802 0 -0.70710678118654702 
1 50.5 100.5 -41 -8.4620657364722298e-17 0 -1 
2 46.5 100.5 -37 -0 1 0 1 0 0 0 0 -1 4
1 -50.5 100.5 -41 -1 0 0 
2 -46.5 100.5 -37 -0 1 0 1 0 0 0 0 -1 4
1 -50.5 100.5 -41 -8.4620657364722298e-17 0 1 
2 -46.5 100.5 37 -0 1 0 1 0 0 0 0 -1 4
1 -50.5 100.5 41 1 0 0 
2 46.5 100.5 37 -0 1 0 1 0 0 0 0 -1 4
1 36.110912703474 100.5 -33.889087296526 0.70710678118654891 0 -0.70710678118654602 
2 40 100.5 -30 0 -1 0 -1 0 0 -0 -0 -1 5.5
1 43.889087296526 100.5 -26.110912703474 -0.70710678118654802 0 0.70710678118654702 
2 36.5 100.5 -26.5 0 -1 0 -1 0 0 -0 -0 -1 5.5
1 -36.110912703474 100.5 -33.889087296526 -0.70710678118654891 0 -0.70710678118654602 
2 -36.5 100.5 -26.5 -0 1 0 1 0 0 0 0 -1 5.5
1 -43.889087296526 100.5 -26.110912703474 0.70710678118654802 0 0.70710678118654702 
2 -40 100.5 -30 -0 1 0 1 0 0 0 0 -1 5.5
2 -0.075811685983371097 100.5 -0.042363503795578301 0 1 0 -1 0 0 0 -0 1 30.199999999999999
1 -29.840513935459999 100.5 3.9076364962044199 1 0 0 
1 -40.275811685983399 100.5 3.7076364962044202 0 0 1 
1 -40.075811685983403 100.5 -3.99236350379558 -1 0 0 
2 -0.075811685983371097 100.5 -0.042363503795578301 0 1 0 -1 0 0 0 -0 1 30.199999999999999
1 29.688890563493299 100.5 -3.99236350379558 -1 0 0 
1 40.1241883140166 100.5 -3.7923635037955798 0 0 -1 
1 39.924188314016597 100.5 3.9076364962044199 1 0 0 
2 40 100.5 30 0 1 0 -1 0 0 0 -0 1 5.5
1 36.110912703474 100.5 33.889087296526 0.70710678118654891 0 0.70710678118654602 
2 36.5 100.5 26.5 0 1 0 -1 0 0 0 -0 1 5.5
1 43.889087296526 100.5 26.110912703474 -0.70710678118654802 0 -0.70710678118654702 
1 -36.110912703474 100.5 33.889087296526 -0.70710678118654891 0 0.70710678118654602 
2 -40 100.5 30 0 -1 0 1 0 0 -0 0 1 5.5
1 -43.889087296526 100.5 26.110912703474 0.70710678118654802 0 -0.70710678118654702 
2 -36.5 100.5 26.5 0 -1 0 1 0 0 -0 0 1 5.5
1 -50.5 96.5 37 0 1 0 
1 -50.5 96.5 -37 -0 -1 0 
1 46.5 96.5 -41 -0 -1 0 
1 -46.5 96.5 -41 0 1 0 
1 50.5 96.5 -37 0 1 0 
1 50.5 96.5 37 -0 -1 0 
1 46.5 96.5 41 0 1 0 
1 -46.5 96.5 41 -0 -1 0 
1 39.6241883140166 100 -0.042363503795578301 -0 -0 1 
1 -0.075811685983371097 100 -3.49236350379558 1 0 0 
2 -0.075811685983371097 100 -0.042363503795578301 -0 -1 -0 -1 0 0 0 0 -1 29.699999999999999
1 -0.075811685983371097 100 -3.49236350379558 1 0 0 
1 -39.775811685983399 100 -0.042363503795578301 0 0 -1 
1 -0.075811685983371097 100 3.4076364962044199 -1 -0 0 
2 -0.075811685983371097 100 -0.042363503795578301 -0 -1 -0 -1 0 0 0 0 -1 29.699999999999999
1 -0.075811685983371097 100 3.4076364962044199 -1 -0 0 
7 1 0  3 4 2  -40.075811685983403 100.3 -3.7923635037955798  1 -40.075811685983403 100.12426406871199 -3.7923635037955701  0.80473785412436505 -39.951547617271402 100 -3.6680994350836502  0.80473785412436505 -39.775811685983399 100 -3.49236350379558  1
 3.14159265358979 4 4.7123889803846897 4
1 39.924188314016597 100.3 -3.7923635037955798 -1 0 0 
7 0 0  3 8 4  -29.574752344929099 100 -3.49236350379558  -29.635940396465202 100 -3.5611274425502901  -29.697394440164999 100.022684702101 -3.6304206208491299  -29.774847583553701 100.09852877355399 -3.7179742979058501  -29.797526426312299 100.130563516981 -3.74365022832384  -29.830636409745502 100.208074611679 -3.7811600804442498  -29.840513935459999 100.253302685422 -3.7923635037955798  -29.840513935459999 100.3 -3.7923635037955798 
 -3.4759050751423502e-06 4 0.00027266050181032201 2 0.000410728705253056 2 0.00054879690869578598 4
7 1 0  3 4 2  -40.075811685983403 100.3 3.7076364962044202  1 -40.075811685983403 100.12426406871199 3.7076364962044202  0.80473785412436505 -39.951547617271402 100 3.5833724274924998  0.80473785412436505 -39.775811685983399 100 3.4076364962044199  1
 3.14159265358979 4 4.7123889803846897 4
1 -40.075811685983403 100.3 3.7076364962044202 0 0 1 
2 -0.075811685983371097 100.3 -0.042363503795578301 0 1 0 -1 0 0 0 -0 1 30
7 0 0  3 8 4  29.423128972962299 100 -3.49236350379558  29.484317024498498 100 -3.5611274425502  29.545771068198299 100.022684702101 -3.6304206208491299  29.623224211586901 100.09852877355399 -3.7179742979058501  29.645903054345599 100.130563516981 -3.74365022832384  29.679013037778802 100.208074611679 -3.78116008044426  29.688890563493299 100.253302685422 -3.7923635037955798  29.688890563493299 100.3 -3.7923635037955798 
 -3.4759050751469699e-06 4 0.00027266050181032 2 0.000410728705253054 2 0.00054879690869578598 4
7 0 0  3 8 4  -29.840513935459999 100.3 3.7076364962044202  -29.840513935459999 100.253302053521 3.7076364962044202  -29.8306361417348 100.20807340753301 3.6964327688035099  -29.797525350199098 100.130561574531 3.6589220020424702  -29.774846038315701 100.09852672482199 3.6332455415032099  -29.6973912421169 100.02268264175 3.5456900022812401  -29.635809949381901 100 3.47625383680773  -29.574752344929099 100 3.4076364962044199 
 0 4 0.000137773855216644 2 0.00027554771043328502 2 0.00055109542086657004 4
1 39.924188314016597 100.3 3.7076364962044202 1 0 0 
1 39.924188314016597 100.3 -3.7923635037955798 -1 0 0 
7 1 0  3 4 2  39.6241883140166 100 -3.49236350379558  1 39.799924245304702 100 -3.6680994350836502  0.80473785412436505 39.924188314016597 100.12426406871199 -3.7923635037955701  0.80473785412436505 39.924188314016597 100.3 -3.7923635037955798  1
 1.5707963267949001 4 3.14159265358979 4
7 0 0  3 8 4  29.688890563493299 100.3 3.7076364962044202  29.688890563493299 100.253302053521 3.7076364962044202  29.679012769768001 100.20807340753301 3.6964327688035099  29.645901978232299 100.130561574531 3.6589220020424702  29.623222666348902 100.09852672482199 3.6332455415032099  29.545767870150101 100.02268264175 3.5456900022812401  29.484186577415301 100 3.4762538368076399  29.423128972962299 100 3.4076364962044199 
 0 4 0.000137773855216643 2 0.00027554771043328599 2 0.00055109542086657199 4
2 -0.075811685983371097 100.3 -0.042363503795578301 0 1 0 -1 0 0 0 -0 1 30
1 39.924188314016597 100.3 3.7076364962044202 0 0 -1 
7 1 0  3 4 2  39.6241883140166 100 3.4076364962044199  1 39.799924245304702 100 3.5833724274924998  0.80473785412436505 39.924188314016597 100.12426406871199 3.7076364962044202  0.80473785412436505 39.924188314016597 100.3 3.7076364962044202  1
 1.5707963267949001 4 3.14159265358979 4
1 39.924188314016597 100.3 3.7076364962044202 1 0 0 
7 0 0  3 6 3  -29.840513935459999 100.3 3.7076364962044202  -29.840513935459999 100.362125635838 3.7076364962044202  -29.8669749465828 100.41724125621499 3.7376315399657498  -29.935345180418299 100.484726187417 3.8153140558818399  -29.976099652221698 100.5 3.8616969450307099  -30.016377812895499 100.5 3.9076364962044199 
 0 4 0.000183287783788978 2 0.00036657556757795599 4
7 0 0  3 6 3  29.864754440928799 100.5 3.9076364962044199  29.824382767300001 100.5 3.8615902881449999  29.783718981164899 100.48472434608399 3.8153108410922498  29.715350691592299 100.41723943522901 3.73763053908687  29.688890563493299 100.362124512023 3.7076364962044202  29.688890563493299 100.3 3.7076364962044202 
 -2.8406776999421999e-06 4 0.00018087264146558499 2 0.00036458596063111101 4
7 1 0  3 4 2  40.1241883140166 100.5 3.9076364962044199  1 40.007031026491298 100.5 3.7904792086790402  0.80473785412436505 39.924188314016597 100.417157287525 3.7076364962044202  0.80473785412436505 39.924188314016597 100.3 3.7076364962044202  1
 1.5707963267949001 4 3.14159265358979 4
7 1 0  3 4 2  -40.075811685983403 100.3 3.7076364962044202  1 -40.075811685983403 100.417157287525 3.7076364962044202  0.80473785412436505 -40.158654398457998 100.5 3.7904792086790402  0.80473785412436505 -40.275811685983399 100.5 3.9076364962044199  1
 3.14159265358979 4 4.7123889803846897 4
7 1 0  3 4 2  40.1241883140166 100.5 -3.99236350379558  1 40.007031026491298 100.5 -3.8752062162701901  0.80473785412436505 39.924188314016597 100.417157287525 -3.7923635037955701  0.80473785412436505 39.924188314016597 100.3 -3.7923635037955798  1
 1.5707963267949001 4 3.14159265358979 4
7 1 0  3 4 2  -40.075811685983403 100.3 -3.7923635037955798  1 -40.075811685983403 100.417157287525 -3.7923635037955701  0.80473785412436505 -40.158654398457998 100.5 -3.8752062162701901  0.80473785412436505 -40.275811685983399 100.5 -3.99236350379558  1
 3.14159265358979 4 4.7123889803846897 4
7 0 0  3 6 3  29.864754440928799 100.5 -3.99236350379558  29.824382767300001 100.5 -3.9463172957362298  29.783718981164899 100.48472434608399 -3.90003784868341  29.715350691592299 100.41723943522901 -3.82235754667802  29.688890563493299 100.362124512023 -3.7923635037955798  29.688890563493299 100.3 -3.7923635037955798 
 -2.84067769994612e-06 4 0.00018087264146558299 2 0.00036458596063111199 4
7 0 0  3 6 3  -29.840513935459999 100.3 -3.7923635037955798  -29.840513935459999 100.362125635838 -3.7923635037955798  -29.8669749465828 100.41724125621499 -3.8223585475569002  -29.935345180418299 100.484726187417 -3.9000410634729898  -29.976099652221698 100.5 -3.9464239526218701  -30.016377812895499 100.5 -3.99236350379558 
 0 4 0.000183287783788978 2 0.00036657556757795599 4
1 -29.574752344929099 100 -3.49236350379558 0 1 0 
1 -0.075811685983371097 96.200000000000003 -3.49236350379558 -1 -0 0 
1 -39.775811685983399 100 -3.49236350379558 0 1 0 
1 -39.775811685983399 96.200000000000003 -0.042363503795578301 -0 -0 1 
1 -39.775811685983399 100 3.4076364962044199 0 1 0 
1 29.423128972962299 100 -3.49236350379558 0 1 0 
2 -0.075811685983371097 96.200000000000003 -0.042363503795578301 -0 1 0 1 0 0 0 0 -1 29.699999999999999
1 39.6241883140166 100 -3.49236350379558 0 1 0 
1 -0.075811685983371097 96.200000000000003 -3.49236350379558 -1 -0 0 
1 -0.075811685983371097 96.200000000000003 3.4076364962044199 1 0 0 
1 -29.574752344929099 100 3.4076364962044199 0 1 0 
2 -0.075811685983371097 96.200000000000003 -0.042363503795578301 -0 1 0 1 0 0 0 0 -1 29.699999999999999
1 29.423128972962299 100 3.4076364962044199 0 1 0 
1 39.6241883140166 100 3.4076364962044199 0 1 0 
1 39.6241883140166 96.200000000000003 -0.042363503795578301 0 0 -1 
1 -0.075811685983371097 96.200000000000003 3.4076364962044199 1 0 0 
1 -43.889087296526 86 -26.110912703474 0 1 0 
1 -40.389087296526 86 -22.610912703474 0 1 0 
1 43.889087296526 86 -26.110912703474 0 1 0 
1 40.389087296526 86 -22.610912703474 0 1 0 
1 36.110912703474 86 33.889087296526 0 1 0 
1 32.610912703474 86 30.389087296526 0 1 0 
1 -36.110912703474 86 33.889087296526 0 1 0 
1 -32.610912703474 86 30.389087296526 0 1 0 
2 0 85 0 0 -1 0 -1 0 0 -0 -0 -1 27.739411227276499
2 0 85 0 0 1 0 -1 0 0 0 -0 1 14.6010205144336
2 0 96 0 0 -1 0 -1 0 0 -0 -0 -1 12.6010205144336
7 1 0  3 4 2  -39.775811685983399 96.200000000000003 -3.49236350379558  1 -39.775811685983399 96.082842712474601 -3.49236350379558  0.80473785412436505 -39.692968973508698 96 -3.40952079132096  0.80473785412436505 -39.575811685983403 96 -3.2923635037955798  1
 3.14159265358979 4 4.7123889803846897 4
7 0 0  3 6 3  -29.396239718329699 96 -3.2923635037955798  -29.437252639403901 96 -3.3381751306974201  -29.4784488283081 96.015075211991899 -3.3842942925772701  -29.547860993721301 96.082415135023595 -3.4621346635204899  -29.574752344929099 96.137611087362799 -3.49236350379558  -29.574752344929099 96.200000000000003 -3.49236350379558 
 -2.8370971973039499e-06 4 0.00018162524641564999 2 0.00036608759002860298 4
7 0 0  3 6 3  29.244616346362999 96 -3.2923635037955798  29.285629267437201 96 -3.3381751306974099  29.3268254563414 96.015075211991899 -3.3842942925772701  29.396237621754501 96.082415135023595 -3.4621346635204899  29.423128972962299 96.137611087362799 -3.49236350379558  29.423128972962299 96.200000000000003 -3.49236350379558 
 -2.8370971973032999e-06 4 0.000181625246415651 2 0.00036608759002860602 4
7 1 0  3 4 2  -39.775811685983399 96.200000000000003 3.4076364962044199  1 -39.775811685983399 96.082842712474601 3.4076364962044199  0.80473785412436505 -39.692968973508698 96 3.3247937837297998  0.80473785412436505 -39.575811685983403 96 3.2076364962044202  1
 3.14159265358979 4 4.7123889803846897 4
7 1 0  3 4 2  39.424188314016597 96 -3.2923635037955798  1 39.541345601541998 96 -3.40952079132096  0.80473785412436505 39.6241883140166 96.082842712474601 -3.49236350379558  0.80473785412436505 39.6241883140166 96.200000000000003 -3.49236350379558  1
 1.5707963267949001 4 3.14159265358979 4
7 0 0  3 6 3  -29.574752344929099 96.200000000000003 3.4076364962044199  -29.574752344929099 96.137610034354594 3.4076364962044199  -29.547860020452699 96.082413302215997 3.3774065621605498  -29.4784462869242 96.015073635118497 3.2995644373442801  -29.437163513554101 96 3.2533485691103299  -29.396239718329699 96 3.2076364962044202 
 0 4 0.00018406148547609499 2 0.00036812297095218901 4
7 1 0  3 4 2  39.424188314016597 96 3.2076364962044202  1 39.541345601541998 96 3.3247937837297998  0.80473785412436505 39.6241883140166 96.082842712474601 3.4076364962044199  0.80473785412436505 39.6241883140166 96.200000000000003 3.4076364962044199  1
 1.5707963267949001 4 3.14159265358979 4
7 0 0  3 6 3  29.423128972962299 96.200000000000003 3.4076364962044199  29.423128972962299 96.137610034354594 3.4076364962044199  29.396236648485999 96.082413302215997 3.3774065621605498  29.3268229149575 96.015073635118497 3.2995644373442801  29.285540141587301 96 3.2533485691103801  29.244616346362999 96 3.2076364962044202 
 0 4 0.00018406148547609399 2 0.000368122970952187 4
2 -35.5 14.5 27.5 -0 0 -1 -0.86602540378443882 -0.49999999999999989 0 -0.49999999999999989 0.86602540378443882 0 6.2376043070340197
2 -33.111239828826697 15.8791513278564 12.0620950460362 -0.50000000000000033 0.86602540378443849 0 0.86602540378443849 0.50000000000000033 -0 -0 0 -1 15.825120832034999
7 0 0  3 10 5  -35.5 23.737604307034001 26.5  -34.8390081972424 23.355980511779801 26.671261391085402  -34.175872038988899 22.9731186723028 26.793359601518802  -32.845972016555997 22.2053005363558 26.9543843831072  -32.179215699683098 21.820348597325399 26.9934839897481  -30.8423289939184 21.0484966978761 26.994326574190801  -30.172200185341499 20.661597649852499 26.956105783532699  -28.828220369119101 19.885650541171099 26.7943261388343  -28.160143364255799 19.499936102573901 26.671041562704101  -27.5 19.118802153516999 26.5 
 2.3325440927143799e-07 4 0.0023129212804868498 2 0.0046256093065644398 2 0.0069382973326420202 2 0.0092509853587196007 4
7 0 0  3 10 5  -43.5 19.118802153516999 26.5  -42.841453973926903 19.499013878944101 26.670627696211199  -42.177274280619102 19.882478203665599 26.793305859039901  -40.839097073196903 20.655075174594302 26.955100286755201  -40.163256211463299 21.0452720780455 26.994437641472601  -38.809755759047299 21.826715928596201 26.993369058365801  -38.1389857961153 22.213985147259301 26.9531768698183  -36.809780642510702 22.9814021005011 26.7909949020294  -36.151380728805201 23.3615294679134 26.668771184871002  -35.5 23.737604307034001 26.5 
 0.094693892820569503 4 0.097003748277855906 2 0.099313603735142295 2 0.101623459192429 2 0.103933314649715 4
7 0 0  3 10 5  -43.5 9.8811978464829995 26.5  -43.5 10.644445436991401 26.671261391085402  -43.5 11.4101691159455 26.793359601518802  -43.5 12.9458053878394 26.9543843831072  -43.5 13.715709265900299 26.9934839897481  -43.5 15.2594130647988 26.994326574190801  -43.5 16.033211160846101 26.956105783532699  -43.5 17.585105378208901 26.7943261388343  -43.5 18.3565342554034 26.671041562704101  -43.5 19.118802153516999 26.5 
 2.3325440926734499e-07 4 0.0023129212804868498 2 0.0046256093065644398 2 0.0069382973326420202 2 0.0092509853587196093 4
2 -37.888760171173303 13.1208486721436 12.0620950460362 0.50000000000000033 -0.86602540378443849 0 -0.86602540378443849 -0.50000000000000033 0 0 -0 -1 15.825120832034999
2 -35.5 14.5 -32.5 -0 0 -1 -0.86602540378443849 -0.50000000000000033 0 -0.50000000000000033 0.86602540378443849 0 5
1 -39.830127018922198 12 -32.5 -0 0 1 
2 -35.5 14.5 23 -0 0 -1 -0.86602540378443849 -0.50000000000000033 0 -0.50000000000000033 0.86602540378443849 0 5
1 -31.169872981077798 17 -32.5 -0 0 1 
2 -35.5 14.5 -32.5 -0 0 -1 -0.86602540378443849 -0.50000000000000033 0 -0.50000000000000033 0.86602540378443849 0 5
2 -35.5 14.5 23 -0 0 -1 -0.86602540378443849 -0.50000000000000033 0 -0.50000000000000033 0.86602540378443849 0 5
1 -35.5 5.2623956929659998 23 -0.86602540378443871 0.49999999999999983 0 
1 -43.5 9.8811978464829995 23 -2.8421709430403998e-16 1 0 
1 -43.5 19.118802153516999 23 0.86602540378443871 0.49999999999999983 -0 
1 -35.5 23.737604307034001 23 0.86602540378443871 -0.49999999999999983 -0 
1 -27.5 19.118802153516999 23 2.8421709430403998e-16 -1 0 
1 -27.5 9.8811978464829995 23 -0.86602540378443871 -0.49999999999999983 0 
1 -35.5 5.2623956929659998 23 -0 0 1 
7 0 0  3 10 5  -35.5 5.2623956929659998 26.5  -36.1609918027576 5.6440194882202199 26.671261391085402  -36.824127961011101 6.0268813276972404 26.793359601518802  -38.154027983444003 6.7946994636441902 26.9543843831072  -38.820784300316902 7.1796514026746401 26.9934839897481  -40.1576710060816 7.9515033021238999 26.994326574190801  -40.827799814658498 8.3384023501475308 26.956105783532699  -42.171779630880899 9.1143494588289293 26.7943261388343  -42.839856635744198 9.5000638974261609 26.671041562704101  -43.5 9.8811978464829995 26.5 
 2.3325440927381601e-07 4 0.0023129212804868602 2 0.0046256093065644398 2 0.0069382973326420202 2 0.0092509853587196093 4
1 -43.5 9.8811978464829995 23 -0 0 1 
1 -43.5 19.118802153516999 23 -0 0 1 
1 -35.5 23.737604307034001 23 -0 0 1 
1 -27.5 19.118802153516999 23 -0 0 1 
7 0 0  3 10 5  -27.5 19.118802153516999 26.5  -27.5 18.355554563008599 26.671261391085402  -27.5 17.5898308840545 26.793359601518802  -27.5 16.0541946121606 26.9543843831072  -27.5 15.284290734099701 26.9934839897481  -27.5 13.7405869352012 26.994326574190801  -27.5 12.966788839153899 26.956105783532699  -27.5 11.414894621791101 26.7943261388343  -27.5 10.6434657445967 26.671041562704101  -27.5 9.8811978464830101 26.5 
 2.33254409268039e-07 4 0.0023129212804868498 2 0.0046256093065644398 2 0.0069382973326420202 2 0.0092509853587196007 4
1 -27.5 9.8811978464829995 23 -0 0 1 
7 0 0  3 10 5  -27.5 9.8811978464830101 26.5  -28.158546028921201 9.5009861194115999 26.670627696949101  -28.822725725095001 9.1175217930353707 26.793305860095899  -30.1609029382732 8.3449248187835199 26.955100287776901  -30.836743742052199 7.9547279487923896 26.994437639985701  -32.190244210479499 7.1732840889976002 26.993369059913501  -32.861014180614703 6.7860148661756901 26.953176871945701  -34.190219347066403 6.0185979055165602 26.790994904013001  -34.848619266408598 5.63847053484991 26.668771186111002  -35.5 5.2623956929659998 26.5 
 0.094693893178915398 4 0.097003748655260694 2 0.099313604131606004 2 0.10162345960795099 2 0.103933315084297 4
2 -35.5 14.5 27.5 -0 0 -1 -0.86602540378443882 -0.49999999999999989 0 -0.49999999999999989 0.86602540378443882 0 6.2376043070340197
2 -35.5 14.5 -30 0 0 -1 -0.500000000000001 0.86602540378443804 0 0.86602540378443804 0.500000000000001 0 6.2000000000000099
2 -32.649999999999999 9.5636551984287106 -30 0.86602540378443804 0.500000000000001 0 0.500000000000001 -0.86602540378443804 0 0 0 -1 0.5
2 -35.5 14.5 -30.5 0 0 -1 -0.500000000000001 0.86602540378443804 0 0.86602540378443804 0.500000000000001 0 5.7000000000000099
2 -38.350000000000001 19.436344801571298 -30 -0.86602540378443804 -0.500000000000001 -0 -0.500000000000001 0.86602540378443804 0 0 0 -1 0.5
2 -38.850000000000001 20.3023702053558 -30 -0.86602540378443804 -0.500000000000001 -0 -0.500000000000001 0.86602540378443804 0 0 0 -1 0.5
2 -35.5 14.5 -29.5 0 0 1 -0.500000000000001 0.86602540378443804 0 -0.86602540378443804 -0.500000000000001 0 6.7000000000000099
2 -32.149999999999999 8.6976297946442696 -30 0.86602540378443804 0.500000000000001 0 0.500000000000001 -0.86602540378443804 0 0 0 -1 0.5
2 -35.5 14.5 -30 0 0 -1 -0.500000000000001 0.86602540378443804 0 0.86602540378443804 0.500000000000001 0 6.2000000000000099
2 -35.5 14.5 -23 0 0 -1 -0.500000000000001 0.86602540378443804 0 0.86602540378443804 0.500000000000001 0 6.5447839840064699
2 -32.2276080079968 8.8320508075688799 -25 0.86602540378443804 0.500000000000001 0 0.500000000000001 -0.86602540378443804 0 0 0 -1 2
7 0 0  3 16 8  -31.800000000000001 8.0914120119951498 -23.1920714709956  -31.4358785266616 8.3016376422953009 -23.192071470803899  -31.0727214970426 8.5113064514534393 -23.2078173467889  -30.349177745217201 8.9290446313403002 -23.284538212322701  -29.986626031527798 9.1383639608340292 -23.3455857986654  -29.460601377405698 9.4420644364918296 -23.504425486788001  -29.288017850371901 9.5417055822824395 -23.568731450401199  -28.951460762640998 9.7360169074816003 -23.732805015137899  -28.789486290101099 9.8295329128043107 -23.8315078798732  -28.492913156173501 10.000759491511801 -24.078589725844701  -28.359776839903599 10.0776257795492 -24.225556519552001  -28.210080813123302 10.164052820907401 -24.493307726484101  -28.1701552698675 10.1871038440537 -24.5878469841387  -28.114581346361501 10.2191894637498 -24.789799930363401  -28.100000000000001 10.2276080079968 -24.894931215490299  -28.100000000000001 10.2276080079968 -25 
 1.35388541935844e-14 4 0.0012582108155965699 2 0.0025164216311795999 2 0.0031455270389711102 2 0.0037746324467626299 2 0.0044037378545541397 2 0.0047182905584499 2 0.0050328432623456603 4
7 0 0  3 30 15  -28.100000000000001 10.2276080079968 -25  -28.100000000000001 10.2276080079968 -24.785434953927801  -28.100000000000001 10.298849024296899 -24.578481778305601  -28.100000000000001 10.472914309419799 -24.310928828039099  -28.100000000000001 10.541618310432201 -24.2287604871313  -28.100000000000001 10.691028487646101 -24.079949828663398  -28.100000000000001 10.772493096182099 -24.012337755148199  -28.100000000000001 11.0323344786812 -23.826293113892401  -28.100000000000001 11.2186941051672 -23.728939355652201  -28.100000000000001 11.607075205480999 -23.566046815300101  -28.100000000000001 11.8101043778635 -23.5009579764337  -28.100000000000001 12.4195236746558 -23.343086793744  -28.100000000000001 12.8322451150267 -23.2836397938974  -28.100000000000001 13.6637303794008 -23.207705717072699  -28.100000000000001 14.0838042163794 -23.1919936010231  -28.100000000000001 14.922029160908499 -23.192149884772899  -28.100000000000001 15.3398580722357 -23.207887794244598  -28.100000000000001 16.1718441179762 -23.284160218838899  -28.100000000000001 16.588075860577799 -23.344299102257501  -28.100000000000001 17.1999542659836 -23.503954848206501  -28.100000000000001 17.400556997507699 -23.568701933287699  -28.100000000000001 17.789721496070499 -23.733037864913999  -28.100000000000001 17.9752278399021 -23.830960997850401  -28.100000000000001 18.3171560120912 -24.077296044653401  -28.100000000000001 18.472823743458299 -24.226270637235299  -28.100000000000001 18.6448046192783 -24.492518781914999  -28.100000000000001 18.690682208957501 -24.5864172529947  -28.100000000000001 18.754794302773199 -24.786646035106699  -28.100000000000001 18.772391992005801 -24.893198332197599  -28.100000000000001 18.7723919920033 -25 
 1.9697668334609501e-07 4 0.00063417278739694302 2 0.00095116069275374201 2 0.00126814859811054 2 0.00190212440882414 2 0.0025361002195377299 2 0.0038040518409649302 2 0.0050720034623921301 2 0.00633995508381932 2 0.0076079067052465203 2 0.0082418825159601208 2 0.0088758583266737197 2 0.0095098341373873203 2 0.0098268220427441197 2 0.0101438099481009 4
7 0 0  3 30 15  -28.100000000000001 18.7723919920033 -25  -28.100000000000001 18.7723919920032 -24.785434953927801  -28.161696529907399 18.8080125001533 -24.578481778305601  -28.312441488740799 18.8950451427148 -24.310928828039099  -28.3719408989591 18.929397143220999 -24.2287604871313  -28.501333908010299 19.0041022318279 -24.079949828663398  -28.5718843285118 19.044834536095902 -24.012337755148199  -28.7969135667106 19.1747552273455 -23.826293113892401  -28.958305737487201 19.267935040588501 -23.728939355652098  -29.294653636708599 19.462125590745298 -23.566046815300101  -29.470482057701201 19.563640176936602 -23.5009579764337  -29.998254650279801 19.8683498253327 -23.343086793744  -30.3556819023275 20.074710545518201 -23.2836397938974  -31.075769264147901 20.490453177705199 -23.207705717072699  -31.439563878436601 20.700490096194599 -23.1919936010231  -32.165487974484599 21.119602568459101 -23.192149884772899  -32.527338426129504 21.3285170241227 -23.207887794244598  -33.247859477334998 21.744510046993 -23.284160218838899  -33.608326740289399 21.952625918293698 -23.344299102257501  -34.138228983398001 22.2585651209966 -23.503954848206501  -34.311956044966401 22.3588664867587 -23.568701933287699  -34.648982386972797 22.553448736040099 -23.733037864913999  -34.809635593294097 22.646201907955898 -23.830960997850401  -35.105754076679503 22.817165994050502 -24.077296044653401  -35.240566286592902 22.894999859734 -24.226270637235299  -35.389506094018103 22.980990297643999 -24.492518781914999  -35.429237252144702 23.003929092483599 -24.5864172529947  -35.484759954078903 23.035985139391499 -24.786646035106699  -35.500000000002302 23.0447839840078 -24.893198332197599  -35.5 23.0447839840065 -25 
 1.9697668334431301e-07 4 0.00063417278739693998 2 0.00095116069275373702 2 0.00126814859811054 2 0.00190212440882413 2 0.0025361002195377299 2 0.0038040518409649198 2 0.0050720034623921101 2 0.0063399550838193104 2 0.0076079067052465003 2 0.0082418825159600896 2 0.0088758583266736902 2 0.0095098341373872804 2 0.0098268220427440798 2 0.0101438099481009 4
7 0 0  3 20 10  -35.5 23.0447839840065 -25  -35.499999999999098 23.044783984007001 -24.894194770465401  -35.5149457395284 23.036155057266502 -24.787905931870899  -35.570729955468401 23.003948025176999 -24.586338116186099  -35.611845398897103 22.9802100128456 -24.489688571497901  -35.711150617493203 22.922876118157198 -24.313008341450399  -35.770514869261 22.888602151418901 -24.230593939669301  -35.900046961555098 22.813816763064199 -24.081240486468701  -35.970038244568499 22.773407276975401 -24.0141065141373  -36.191944911944702 22.645289402830901 -23.829929905534101  -36.355772558383102 22.550703467058899 -23.730446299695998  -36.690204936429602 22.357618843568002 -23.5679269633664  -36.863017665639603 22.257845367839199 -23.503523557926702  -37.392676457688403 21.952046721671199 -23.344108766943201  -37.752785956168402 21.744137405785999 -23.2840520876141  -38.293565169449799 21.431918381425898 -23.226866437598101  -38.474319150224602 21.327560021968502 -23.213627766641501  -38.836597555659203 21.1183984870692 -23.1962278587858  -39.016799139416797 21.0143590541783 -23.1920714709956  -39.200000000000003 20.9085879880049 -23.1920714709956 
 0.015158334229373601 4 0.0154748567653751 2 0.015791379301376599 2 0.016107901837378098 2 0.016424424373379501 2 0.0170574694453825 2 0.0176905145173855 2 0.018956604661391398 2 0.019589649733394301 2 0.0202226948053973 4
2 -38.7723919920033 20.167949192431099 -25 -0.86602540378443804 -0.500000000000001 -0 -0.500000000000001 0.86602540378443804 0 0 0 -1 2
1 -33 10.1698729810778 -30.5 0 0 1 
2 -35.5 14.5 -23 0 0 -1 -0.500000000000001 0.86602540378443804 0 0.86602540378443804 0.500000000000001 0 5.0000000000000098
1 -38 18.830127018922202 -30.5 0 0 1 
2 -35.5 14.5 -30.5 0 0 -1 -0.500000000000001 0.86602540378443804 0 0.86602540378443804 0.500000000000001 0 5.0000000000000098
7 0 0  3 8 4  -30.526098895522001 20.173100842413501 -29.5  -30.091266932592401 19.922050491563802 -29.444531559981701  -29.662372767624699 19.674428329965899 -29.356906617710301  -29.037189155984102 19.313478403492301 -29.127135434679701  -28.833006455452299 19.195593466376401 -29.033732995813899  -28.448215708680301 18.9734344251459 -28.8046769595081  -28.2659871215469 18.8682247013104 -28.669128545956202  -28.100000000000001 18.7723919920033 -28.5 
 1.81367282050289e-06 4 0.00150970144921715 2 0.00226364533741547 2 0.00301758922561379 4
1 -35.5 23.0447839840065 -29.5 0.86602540378443915 -0.49999999999999906 0 
7 0 0  3 8 4  -35.5 23.0447839840065 -28.5  -35.333967692535303 22.948925186597499 -28.6691745870496  -35.151760865782002 22.843728026123301 -28.8046848174445  -34.767141607970999 22.6216679940907 -29.033650942177299  -34.563227670819202 22.503938227584602 -29.126963040363201  -33.937771676146802 22.142831040694102 -29.356891885203002  -33.508780465929199 21.895152849995 -29.444525513687399  -33.073901104477997 21.6440751335962 -29.5 
 2.9519504445265098e-07 4 0.00074944850777627003 2 0.0014986018205080901 2 0.00299690844597172 4
1 -35.5 23.0447839840065 -30.5 0 0 1 
1 -28.100000000000001 18.7723919920033 -30.5 0 0 1 
7 0 0  3 8 4  -28.100000000000001 13.029025708817301 -29.5  -28.100000000000001 12.526925007118001 -29.444531559981701  -28.100000000000001 12.031680683922101 -29.356906617710301  -28.100000000000001 11.3097808309748 -29.127135434679602  -28.100000000000001 11.074010956743001 -29.033732995813899  -28.100000000000001 10.6296928742821 -28.8046769595081  -28.100000000000001 10.419273426610999 -28.669128545956202  -28.100000000000001 10.2276080079968 -28.5 
 1.81367282060188e-06 4 0.00150970144921724 2 0.0022636453374155598 2 0.0030175892256138798 4
1 -28.100000000000001 18.7723919920033 -29.5 6.2527760746888803e-16 -1 -0 
7 0 0  3 8 4  -28.100000000000001 18.7723919920033 -28.5  -28.100000000000001 18.580674397185401 -28.6691745870496  -28.100000000000001 18.370280076236899 -28.8046848174445  -28.100000000000001 17.9261600121716 -29.0336509421772  -28.100000000000001 17.6907004791594 -29.126963040363201  -28.100000000000001 16.968486105378599 -29.356891885202899  -28.100000000000001 16.473129723980399 -29.444525513687399  -28.100000000000001 15.970974291182699 -29.5 
 2.9519504443322899e-07 4 0.00074944850777624705 2 0.0014986018205080599 2 0.0029969084459716901 4
1 -28.100000000000001 10.2276080079968 -30.5 0 0 1 
7 0 0  3 10 5  -33.073901104477997 7.3559248664038002 -29.5  -33.2891962403665 7.2316241617434001 -29.4725363212704  -33.5036449764279 7.1078121262509102 -29.436614639275501  -33.930171730141502 6.8615567901778096 -29.3410808828611  -34.1435960839027 6.7383361820821497 -29.281058068058002  -34.560169959946201 6.4978271426110998 -29.128253875892401  -34.762248822761599 6.3811568567670598 -29.0361649148604  -35.148588611155901 6.1581034759389599 -28.806963766463198  -35.335597459458498 6.0501338670306204 -28.667513975627401  -35.5 5.9552160159935497 -28.5 
 0.0014700022248071299 4 0.0022203341973211 2 0.0029706661698350699 2 0.0037209981423490298 2 0.0044713301148630001 4
1 -28.100000000000001 10.2276080079968 -29.5 -0.86602540378443871 -0.49999999999999983 0 
7 0 0  3 10 5  -28.100000000000001 10.2276080079968 -28.5  -28.182015867723798 10.180256124688601 -28.5835680763917  -28.270470153854699 10.1291870187799 -28.660863947688799  -28.452755786851501 10.0239443594999 -28.800634473516801  -28.546989575744899 9.9695384561154707 -28.8636243196575  -28.8371717406879 9.8020017050716497 -29.035905510458399  -29.041873930085298 9.6838168409193095 -29.129129567046899  -29.667080990377102 9.3228533763605892 -29.3580829891016  -30.094123896241399 9.0763000397043196 -29.4448960026408  -30.526098895522001 8.8268991575865101 -29.5 
 0.019365723593035102 4 0.019741805588077699 2 0.0201178875831203 2 0.0208700515732054 2 0.022374379553375699 4
7 0 0  3 20 10  -35.5 5.9552160159935497 -25  -35.500000000000902 5.9552160159930096 -24.8941947704641  -35.485054260471202 5.9638449427336999 -24.787905931868401  -35.42927004453 5.9960519748239296 -24.586338116181398  -35.388154601100297 6.01978998715588 -24.489688571492302  -35.2888493825022 6.0771238818454396 -24.313008341443201  -35.229485130733202 6.1113978485845299 -24.230593939661599  -35.099953038436801 6.1861832369405496 -24.081240486460299  -35.0299617554221 6.22659272303002 -24.014106514128599  -34.808055088042103 6.3547105971768101 -23.8299299055248  -34.644227441601203 6.4492965329501502 -23.7304462996869  -34.309795063549799 6.64238115644386 -23.567926963357898  -34.136982334337397 6.7421546321740502 -23.503523557918601  -33.607323542281101 7.0479532783464096 -23.3441087669365  -33.247214043797101 7.2558625942338999 -23.2840520876087  -32.706434830509103 7.5680816185978701 -23.226866437594602  -32.525680849732097 7.6724399780565502 -23.213627766638702  -32.163402444293197 7.8816015129582899 -23.196227858784301  -31.983200860437002 7.9856409455565203 -23.192071470803899  -31.800000000000001 8.0914120119951498 -23.1920714709956 
 0.015158334229508101 4 0.0154748567655163 2 0.0157913793015244 2 0.0161079018375326 2 0.016424424373540799 2 0.0170574694455571 2 0.017690514517573499 2 0.018956604661606199 2 0.0195896497336225 2 0.020222694805638899 4
1 -35.5 5.9552160159935497 -30.5 0 0 1 
7 0 0  3 8 4  -40.473901104478003 8.8268991575865101 -29.5  -40.908733067407702 9.0779495084361805 -29.444531559981701  -41.337627232375297 9.32557167003411 -29.356906617710301  -41.962810844015898 9.68652159650774 -29.127135434679602  -42.166993544547701 9.8044065336236592 -29.033732995813899  -42.551784291319699 10.0265655748541 -28.8046769595081  -42.7340128784531 10.1317752986897 -28.669128545956202  -42.899999999999999 10.2276080079968 -28.5 
 1.81367282058521e-06 4 0.00150970144921723 2 0.0022636453374155498 2 0.0030175892256138698 4
1 -35.5 5.9552160159935497 -29.5 -0.86602540378443915 0.49999999999999906 0 
7 0 0  3 8 4  -35.5 5.9552160159935497 -28.5  -35.666032307464697 6.0510748134024803 -28.6691745870496  -35.848239134218097 6.1562719738767102 -28.8046848174445  -36.232858392029001 6.3783320059093498 -29.033650942177299  -36.436772329180798 6.4960617724154597 -29.126963040363201  -37.062228323853198 6.85716895930587 -29.356891885202899  -37.491219534070801 7.1048471500049803 -29.444525513687399  -37.926098895522003 7.3559248664038099 -29.5 
 2.9519504444086198e-07 4 0.00074944850777625604 2 0.0014986018205080699 2 0.0029969084459717001 4
7 0 0  3 30 15  -42.899999999999999 10.2276080079968 -25  -42.899999999999999 10.2276080079968 -24.785434953927801  -42.838303470092598 10.1919874998467 -24.578481778305601  -42.687558511259198 10.1049548572853 -24.310928828039099  -42.628059101040897 10.0706028567791 -24.2287604871313  -42.498666091989698 9.9958977681721208 -24.079949828663398  -42.4281156714882 9.9551654639041303 -24.012337755148199  -42.203086433289499 9.8252447726545409 -23.826293113892401  -42.041694262512799 9.7320649594115594 -23.728939355652201  -41.705346363291397 9.5378744092546892 -23.566046815300101  -41.529517942298803 9.4363598230634196 -23.5009579764337  -41.001745349720203 9.1316501746672891 -23.343086793744  -40.644318097672503 8.9252894544818204 -23.2836397938974  -39.924230735852099 8.5095468222947908 -23.207705717072699  -39.560436121563399 8.29950990380547 -23.1919936010231  -38.834512025515401 7.8803974315409304 -23.192149884772899  -38.472661573870496 7.6714829758773204 -23.207887794244598  -37.752140522665002 7.25548995300705 -23.284160218838899  -37.391673259710601 7.0473740817062902 -23.344299102257501  -36.861771016602098 6.7414348790033696 -23.503954848206501  -36.688043955033599 6.6411335132413098 -23.568701933287699  -36.351017613027203 6.4465512639599298 -23.733037864913999  -36.190364406705903 6.3537980920441202 -23.830960997850401  -35.894245923320497 6.1828340059495597 -24.077296044653401  -35.759433713407098 6.1050001402660099 -24.226270637235299  -35.610493905981897 6.0190097023560298 -24.492518781914999  -35.570762747855298 5.9960709075164198 -24.5864172529947  -35.515240045921097 5.9640148606085504 -24.786646035106699  -35.499999999997698 5.9552160159922503 -24.893198332197599  -35.5 5.9552160159935497 -25 
 1.96976683345772e-07 4 0.00063417278739694302 2 0.00095116069275374201 2 0.00126814859811054 2 0.00190212440882414 2 0.0025361002195377399 2 0.0038040518409649302 2 0.0050720034623921197 2 0.00633995508381932 2 0.0076079067052465098 2 0.0082418825159601104 2 0.0088758583266737093 2 0.0095098341373872994 2 0.0098268220427441006 2 0.0101438099481009 4
1 -42.899999999999999 10.2276080079968 -30.5 0 0 1 
7 0 0  3 8 4  -42.899999999999999 15.970974291182699 -29.5  -42.899999999999999 16.473074992882101 -29.444531559981701  -42.899999999999999 16.968319316077899 -29.356906617710301  -42.899999999999999 17.690219169025202 -29.127135434679701  -42.899999999999999 17.925989043257001 -29.033732995813899  -42.899999999999999 18.370307125718 -28.8046769595081  -42.899999999999999 18.580726573389001 -28.669128545956202  -42.899999999999999 18.7723919920032 -28.5 
 1.8136728205986401e-06 4 0.00150970144921723 2 0.0022636453374155398 2 0.0030175892256138598 4
1 -42.899999999999999 10.2276080079968 -29.5 -6.2527760746888803e-16 1 0 
7 0 0  3 8 4  -42.899999999999999 10.2276080079968 -28.5  -42.899999999999999 10.419325602814601 -28.6691745870496  -42.899999999999999 10.629719923763099 -28.8046848174445  -42.899999999999999 11.0738399878284 -29.033650942177299  -42.899999999999999 11.3092995208406 -29.126963040363201  -42.899999999999999 12.0315138946214 -29.356891885202899  -42.899999999999999 12.526870276019601 -29.444525513687399  -42.899999999999999 13.029025708817301 -29.5 
 2.9519504444203798e-07 4 0.00074944850777625203 2 0.0014986018205080599 2 0.0029969084459716801 4
7 0 0  3 30 15  -42.899999999999999 18.7723919920032 -25  -42.899999999999999 18.7723919920033 -24.785434953927801  -42.899999999999999 18.701150975703101 -24.578481778305601  -42.899999999999999 18.527085690580201 -24.310928828039099  -42.899999999999999 18.458381689567801 -24.2287604871313  -42.899999999999999 18.308971512353899 -24.079949828663398  -42.899999999999999 18.227506903817901 -24.012337755148199  -42.899999999999999 17.9676655213188 -23.826293113892401  -42.899999999999999 17.781305894832801 -23.728939355652098  -42.899999999999999 17.3929247945191 -23.566046815300101  -42.899999999999999 17.1898956221365 -23.5009579764337  -42.899999999999999 16.5804763253443 -23.343086793744  -42.899999999999999 16.167754884973299 -23.2836397938974  -42.899999999999999 15.3362696205993 -23.207705717072699  -42.899999999999999 14.9161957836206 -23.1919936010231  -42.899999999999999 14.077970839091501 -23.192149884772899  -42.899999999999999 13.6601419277643 -23.207887794244598  -42.899999999999999 12.8281558820238 -23.284160218838899  -42.899999999999999 12.4119241394223 -23.344299102257501  -42.899999999999999 11.8000457340164 -23.503954848206501  -42.899999999999999 11.599443002492301 -23.568701933287699  -42.899999999999999 11.2102785039295 -23.733037864913999  -42.899999999999999 11.0247721600979 -23.830960997850401  -42.899999999999999 10.6828439879088 -24.077296044653401  -42.899999999999999 10.527176256541701 -24.226270637235299  -42.899999999999999 10.3551953807217 -24.492518781914999  -42.899999999999999 10.309317791042499 -24.5864172529947  -42.899999999999999 10.245205697226799 -24.786646035106699  -42.899999999999999 10.227608007994199 -24.893198332197599  -42.899999999999999 10.2276080079968 -25 
 1.9697668334793299e-07 4 0.00063417278739694605 2 0.00095116069275374602 2 0.00126814859811055 2 0.00190212440882414 2 0.0025361002195377399 2 0.0038040518409649402 2 0.0050720034623921301 2 0.0063399550838193304 2 0.0076079067052465203 2 0.0082418825159601208 2 0.0088758583266737197 2 0.0095098341373873203 2 0.0098268220427441197 2 0.0101438099481009 4
1 -42.899999999999999 18.7723919920033 -30.5 0 0 1 
7 0 0  3 10 5  -37.926098895522003 21.6440751335962 -29.5  -37.7108037596335 21.768375838256599 -29.4725363212704  -37.4963550235721 21.892187873749101 -29.436614639275501  -37.069828269858498 22.138443209822199 -29.3410808828611  -36.8564039160973 22.261663817917899 -29.281058068058002  -36.439830040053799 22.502172857388899 -29.128253875892401  -36.237751177238401 22.618843143233001 -29.0361649148604  -35.851411388844099 22.841896524061099 -28.806963766463198  -35.664402540541502 22.949866132969401 -28.6675139756275  -35.5 23.0447839840065 -28.5 
 0.0014700022248071601 4 0.00222033419732112 2 0.0029706661698350898 2 0.0037209981423490502 2 0.0044713301148630097 4
1 -42.899999999999999 18.7723919920033 -29.5 0.86602540378443871 0.49999999999999983 0 
7 0 0  3 10 5  -42.899999999999999 18.7723919920032 -28.5  -42.817984132276202 18.819743875311399 -28.5835680763917  -42.729529846145297 18.870812981220102 -28.660863947688799  -42.547244213148602 18.9760556405001 -28.800634473516801  -42.453010424255098 19.030461543884499 -28.8636243196575  -42.162828259312199 19.1979982949284 -29.035905510458399  -41.958126069914698 19.316183159080701 -29.129129567046899  -41.332919009622898 19.677146623639398 -29.3580829891016  -40.905876103758601 19.9236999602957 -29.4448960026408  -40.473901104478102 20.173100842413501 -29.5 
 0.019365723593035102 4 0.019741805588077699 2 0.020117887583120199 2 0.0208700515732054 2 0.022374379553375699 4
7 0 0  3 16 8  -39.200000000000003 20.9085879880049 -23.1920714709956  -39.564121473182503 20.698362357445198 -23.1920714709956  -39.927278502949498 20.488693548551101 -23.207817346788499  -40.6508222547724 20.0709553686657 -23.284538212321198  -41.013373968463597 19.861636039171 -23.3455857986635  -41.539398622587797 19.557935563512 -23.5044254867856  -41.711982149622202 19.458294417721 -23.568731450398801  -42.048539237354497 19.263983092520998 -23.732805015135199  -42.210513709895103 19.170467087197899 -23.8315078798705  -42.507086843824098 18.9992405084895 -24.0785897258422  -42.640223160094799 18.9223742204518 -24.225556519549698  -42.789919186875998 18.835947179093001 -24.493307726482499  -42.829844730132002 18.8128961559466 -24.5878469841373  -42.885418653638403 18.7808105362503 -24.789799930362701  -42.899999999999999 18.7723919920033 -24.894931215489901  -42.899999999999999 18.7723919920032 -25 
 8.9851792195813004e-18 4 0.0012582108155759001 2 0.0025164216311517901 2 0.0031455270389397398 2 0.00377463244672768 2 0.0044037378545156297 2 0.0047182905584095998 2 0.0050328432623035699 4
2 -35.5 14.5 -29.5 0 0 -1 -0.500000000000001 0.86602540378443804 0 0.86602540378443804 0.500000000000001 0 7.5447839840064796
2 -35.5 14.5 -29.5 0 0 -1 -0.500000000000001 0.86602540378443804 0 0.86602540378443804 0.500000000000001 0 7.5447839840064796
2 -35.5 14.5 -29.5 0 0 -1 -0.500000000000001 0.86602540378443804 0 0.86602540378443804 0.500000000000001 0 7.5447839840064796
2 -35.5 14.5 -29.5 0 0 -1 -0.500000000000001 0.86602540378443804 0 0.86602540378443804 0.500000000000001 0 7.5447839840064796
2 -35.5 14.5 -29.5 0 0 -1 -0.500000000000001 0.86602540378443804 0 0.86602540378443804 0.500000000000001 0 7.5447839840064796
2 -35.5 14.5 -29.5 0 0 -1 -0.500000000000001 0.86602540378443804 0 0.86602540378443804 0.500000000000001 0 7.5447839840064796
2 -35.5 14.5 -29.5 0 0 1 -0.500000000000001 0.86602540378443804 0 -0.86602540378443804 -0.500000000000001 0 6.7000000000000099
2 -35.5 14.5 -23 0 0 -1 -0.500000000000001 0.86602540378443804 0 0.86602540378443804 0.500000000000001 0 6.5447839840064699
2 -35.5 14.5 -23 0 0 -1 -0.500000000000001 0.86602540378443804 0 0.86602540378443804 0.500000000000001 0 5.0000000000000098
2 -35.5 14.5 -30.5 0 0 -1 -0.500000000000001 0.86602540378443804 0 0.86602540378443804 0.500000000000001 0 5.7000000000000099
2 -35.5 14.5 -30.5 0 0 -1 -0.500000000000001 0.86602540378443804 0 0.86602540378443804 0.500000000000001 0 5.0000000000000098
1 -30.25 14.5 -19 0 0 1 
2 -35.5 14.5 19 0 0 1 1 0 -0 -0 1 0 5.25
1 -40.75 14.5 -19 0 0 1 
2 -35.5 14.5 -19 0 0 1 1 0 -0 -0 1 0 5.25
2 -35.5 14.5 -16.036112674432299 0 0 -1 -1 0 0 0 1 0 46.373605639486897
2 -80.5 14.5 -11.2284929362282 1.22464679914735e-16 1 0 -1 1.22464679914735e-16 0 0 -0 1 5
2 -35.5 14.5 -11.2284929362282 0 0 1 1 0 -0 -0 1 0 50
2 9.5 14.5 -11.2284929362282 0 -1 0 0 0 -1 1 0 0 5
2 -35.5 14.5 -19 0 0 1 1 0 -0 -0 1 0 36
1 -85.499999999999901 14.5 -15 -0.96152394764082227 1.1775272247818604e-16 0.27472112789738107 
1 14.499999999999799 14.5 -15 0.96152394764082227 0 0.27472112789738107 
2 -35.5 14.5 -19 0 0 1 1 0 -0 -0 1 0 15
1 -0.50000000000000699 14.5 -15.9701113873386 0.98871853846972302 -1.2108309933945999e-16 0.149785352041829 
7 0 0  3 4 2  -15.7764350147293 11.1862431785355 -18.242527846834701  -14.299864735400501 12.2920706398157 -18.049684628059801  -12.8252403278576 13.3964408061151 -17.837316653223201  -11.3516987816166 14.5 -17.614083315661201 
 2.5118271358544201e-07 4 0.0055635854651381496 4
2 -35.5 14.5 -18.242527846834701 0 0 -1 1 0 0 0 -1 0 20
7 0 0  3 4 2  -17.267707097349 -3.78939185312769 -17.360108766377  -16.879354621396502 0.67748251201374998 -17.797823814108  -16.4904997427798 5.1501355697628304 -18.134561320101799  -16.1005066392914 9.6358806194930704 -18.242527846834701 
 0.0083573239245464601 4 0.021861666460429498 4
7 0 0  3 4 2  -17.267707097349 -3.78939185312769 -17.360108766377  -15.453757081751 -6.2860798592352003 -16.898227634309801  -13.6399682250723 -8.7825460491197909 -16.434514512580598  -11.826240692500701 -11.2789278336123 -15.9701113873386 
 2.49967020246386e-07 4 0.0093615959467284598 4
2 -35.5 14.5 -15.9701113873386 0 0 1 1 0 -0 -0 1 0 35
7 0 0  3 4 2  -18.298376647500302 -15.981209851952 -15.9701113873386  -18.621957097773699 -15.5358395703777 -16.052963838809799  -18.945539766257699 -15.090466235698599 -16.135791220347802  -19.269124994650699 -14.645089377606901 -16.218589641019602 
 2.4999771101158598e-07 4 0.00167037326202771 4
7 0 0  3 6 3  -32.5566532483641 -5.28223217687108 -18.242527846834701  -30.336627585451101 -6.8465399146938797 -17.9586287670408  -28.120808411640699 -8.4078836131535102 -17.633401448693402  -23.692680869758799 -11.528097173542299 -16.948453577007601  -21.480465808075198 -13.0869012885267 -16.587816299874302  -19.269124994650699 -14.645089377606901 -16.218589641019602 
 2.4594924252584298e-07 4 0.0081904508904444701 2 0.016380655831646398 4
2 -35.5 14.5 -18.242527846834701 0 0 -1 1 0 0 0 -1 0 20
7 0 0  3 4 2  -47.260156947651801 -8.4916738714672704 -17.360108766377  -42.891869633269401 -7.4806720305615499 -17.797826802886899  -38.517952019464602 -6.46836710616535 -18.1345622760224  -34.131279302145799 -5.4531101247716496 -18.242527846834701 
 0.0085460064489794006 4 0.022050325564477401 4
7 0 0  3 4 2  -47.260156947651801 -8.4916738714672704 -17.360108766377  -49.074106963249797 -10.9883618775748 -16.898227634309801  -50.887895819928502 -13.484828067459301 -16.434514512580598  -52.701623352500199 -15.9812098519518 -15.9701113873386 
 2.4996702024739402e-07 4 0.0093615959467284408 4
2 -35.5 14.5 -15.9701113873386 0 0 1 1 0 -0 -0 1 0 35
7 0 0  3 4 2  -59.173759307499701 -11.278927833611901 -15.9701113873386  -57.360031774927997 -8.7825460491194693 -16.434514512580598  -55.546242918249298 -6.2860798592349001 -16.898227634309801  -53.732292902651302 -3.78939185312742 -17.360108766377 
 2.4999769624441702e-07 4 0.0093615959774044598 4
7 0 0  3 4 2  -54.777809583265999 8.2362599661696301 -18.201641235699299  -54.428725049312398 4.2210499378038104 -18.0639677913471  -54.080345369175703 0.213947218239396 -17.752401365063299  -53.732292902651302 -3.78939185312742 -17.360108766377 
 0.0074896249588416904 4 0.019586782760788402 4
7 0 0  3 4 2  -58.546083367304597 14.5 -17.781063181444001  -57.291570844757601 12.4147108833484 -17.9711148417693  -56.0357006439191 10.3271649922811 -18.118288954012002  -54.777809583265999 8.2362599661696301 -18.201641235699299 
 0.0135349012502314 4 0.020856814097349401 4
1 -70.5 14.5 -15.9701113873386 -0.98871853846972302 0 0.149785352041829 
1 -11.826240692500701 -11.2789278336123 -9 -0 -0 -1 
1 -18.298376647500302 -15.981209851952 -9 0 0 1 
2 -35.5 14.5 -9 0 0 1 1 0 -0 -0 1 0 35
1 -52.701623352500199 -15.9812098519518 -9 -0 -0 -1 
1 -59.173759307499701 -11.278927833611901 -9 0 0 1 
2 -35.5 14.5 -9 0 0 1 1 0 -0 -0 1 0 35
1 -70.5 14.5 -9 -0 -0 -1 
2 -35.5 14.5 -19 0 0 1 1 0 -0 -0 1 0 35
1 -0.5 14.5 -9 -0 -0 -1 
2 -35.5 14.5 -9 0 0 1 1 0 -0 -0 1 0 35
2 -35.5 14.5 16.036112674432299 0 0 1 1 0 -0 -0 1 0 46.373605639486897
2 9.5 14.5 11.2284929362282 -1.22464679914735e-16 1 0 -1 -1.22464679914735e-16 0 0 0 1 5
2 -35.5 14.5 11.2284929362282 0 0 -1 -1 0 0 0 1 0 50
2 -80.5 14.5 11.2284929362282 0 -1 0 0 0 -1 1 0 0 5
2 -35.5 14.5 19 0 0 1 1 0 -0 -0 1 0 36
1 0.49999999999999301 14.5 19 0.96152394764082227 1.1775272247818604e-16 -0.27472112789738107 
1 -71.5 14.5 19 -0.96152394764082227 0 -0.27472112789738107 
2 -35.5 14.5 19 0 0 1 1 0 -0 -0 1 0 15
1 -0.50000000000000699 14.5 15.9701113873386 0.98871853846972302 1.2108309933945999e-16 -0.149785352041829 
7 0 0  3 4 2  -9.9995303906669797 18.579755942307798 17.360108766377  -10.817240387691699 17.220533354468799 17.514961757322499  -11.635318136213201 15.860699478834601 17.657050068302301  -12.453916632695201 14.5 17.781063181444001 
 0.0097164881481506104 4 0.014493695868724199 4
7 0 0  3 4 2  -1.1950527989816599 21.4405041268876 15.9701113873386  -4.1297255930141299 20.486971134107598 16.434514512580598  -7.0644976115359999 19.5334059013367 16.898227634309801  -9.9995303906669797 18.579755942307798 17.360108766377 
 2.12660742374461e-07 4 0.0093615586404505804 4
2 -35.5 14.5 15.9701113873386 0 0 1 1 0 -0 -0 1 0 35
7 0 0  3 4 2  -5.2378925741934204 28.5386036491136 16.218589641019602  -4.7143206763961096 28.708722471102 16.135791220347802  -4.1907529206187002 28.878839947266599 16.052963838809799  -3.66718875398122 29.0489562572488 15.9701113873386 
 2.1265761430931801e-07 4 0.00167033592193103 4
7 0 0  3 6 3  -21.4910781265976 28.774106204765001 18.242527846834701  -18.7755626178547 28.734759404708001 17.958628766919698  -16.065192449806499 28.6954871587056 17.633401448520299  -10.648746500589199 28.617004890754199 16.9484535768505  -7.9427848509786401 28.577796522528601 16.587816299780201  -5.2378925741934204 28.5386036491136 16.218589641019602 
 2.0107181651471199e-07 4 0.0081904060130184708 2 0.016380610954220401 4
2 -35.5 14.5 18.242527846834701 0 0 -1 -1 0 0 0 1 0 20
7 0 0  3 4 2  -31.5 40.013101709617999 17.360108766377  -28.559965753200999 36.627261063824697 17.797866639174799  -25.61632921631 33.237271901657998 18.134575014259202  -22.664537826174701 29.8378913408689 18.242527846834701 
 0.011026641316492799 4 0.024530589420867398 4
7 0 0  3 4 2  -31.5 49.270677301427398 15.9701113873386  -31.5 46.1849797931701 16.434514501267799  -31.5 43.099176869791499 16.898227774095499  -31.5 40.013101709617999 17.360108766377 
 0.0107461260814277 4 0.020107471833091198 4
2 -35.5 14.5 15.9701113873386 0 0 1 1 0 -0 -0 1 0 35
7 0 0  3 7 3  -39.5 47.619141569007603 16.218589641019602  -39.5 47.747337691796503 16.1993087570653  -39.5 47.875533577910502 16.180026299428999  -39.5 48.003729235242297 16.1607423209643  -39.5 48.426047651413498 16.097214589899099  -39.5 48.848363587943098 16.033670372972299  -39.5 49.270677301427398 15.9701113873386 
 0.0064194323943884196 4 0.0068083462360424198 3 0.0080895556116985096 4
7 0 0  3 6 3  -44.746486788578601 32.234217830754297 18.242527846834701  -43.869925317393303 34.804667720275603 17.958628766950302  -42.9950247489706 37.370247138685698 17.633401448564001  -41.246609829181999 42.497340999348999 16.948453576890198  -40.373132319189999 45.058747407073199 16.587816299804  -39.5 47.619141569007603 16.218589641019602 
 2.1241948222358501e-07 4 0.0081904173606841806 2 0.0163806223018861 4
2 -35.5 14.5 18.242527846834701 0 0 -1 -1 0 0 0 1 0 20
7 0 0  3 4 2  -58.528333654333302 26.188208072669401 17.360108766377  -54.399988409519999 27.937936880734998 17.797834712577998  -50.266374287979602 29.689898812449201 18.134564805685699  -46.120825563591303 31.446919022281499 18.242527846834701 
 0.0090428833761735591 4 0.022547137536211698 4
7 0 0  3 4 2  -67.332811246018593 29.048956257249301 15.9701113873386  -64.3981384519861 28.0954232644693 16.434514512580598  -61.463366433464302 27.141858031698298 16.898227634309801  -58.528333654333302 26.188208072669401 17.360108766377 
 2.1266074238203199e-07 4 0.0093615586404505804 4
2 -35.5 14.5 15.9701113873386 0 0 1 1 0 -0 -0 1 0 35
7 0 0  3 4 2  -68.234243380806106 20.930151518752901 16.218589641019602  -68.757815278603402 21.1002703407413 16.135791220347802  -69.281383034380795 21.270387816905799 16.052963838809799  -69.804947201018294 21.440504126888101 15.9701113873386 
 2.1265761430905299e-07 4 0.00167033592193102 4
7 0 0  3 4 2  -59.648301218382898 14.5 17.614083315661301  -62.513383468743903 16.645706625434698 17.180039311425901  -65.374503589756898 18.7884459478569 16.706239548580001  -68.234243380806106 20.930151518752901 16.218589641019602 
 0.0055635854651375901 4 0.016380661065117499 4
1 -70.5 14.5 15.9701113873386 -0.98871853846972302 0 -0.149785352041829 
1 -59.173759307499701 -11.278927833611901 9 0 0 1 
2 -35.5 14.5 15.9701113873386 0 0 1 1 0 -0 -0 1 0 35
1 -52.701623352500199 -15.9812098519518 9 0 0 -1 
2 -35.5 14.5 9 0 0 1 1 0 -0 -0 1 0 35
1 -18.298376647500302 -15.981209851952 9 0 0 1 
2 -35.5 14.5 15.9701113873386 0 0 1 1 0 -0 -0 1 0 35
1 -11.826240692500701 -11.2789278336123 9 0 0 -1 
2 -35.5 14.5 9 0 0 1 1 0 -0 -0 1 0 35
1 -0.5 14.5 9 0 0 1 
2 -35.5 14.5 19 0 0 1 1 0 -0 -0 1 0 35
1 -70.5 14.5 9 0 0 1 
2 -35.5 14.5 9 0 0 1 1 0 -0 -0 1 0 35
1 14.5 14.5 19 -0 -0 -1 
1 -85.5 14.5 19 -0 -0 -1 
2 -35.5 14.5 -18.242527846834701 0 0 -1 1 2.1316282072802999e-14 0 2.1316282072802999e-14 -1 0 20
1 -49.508921873402201 28.7741062047652 -93.568542494923804 0 0 1 
2 -35.5 14.5 -8.9999999999999893 0 0 -1 -1 0 0 0 1 0 20
1 -48.335462173825299 29.8378913408689 -93.568542494923804 0 0 -1 
1 -52.421709615791301 4.31987847804937 -9 0.51550428423184524 -0.85688700126598538 0 
1 -55.173675950200902 12.7895599603228 -9 0.086613815608591299 -0.99624196204823701 0 
1 -59.658823585776702 -11.946561536498701 -9 -0.58778525229248024 -0.80901699437494223 0 
2 -35.5 14.5 -9 0 0 1 1 0 -0 -0 1 0 35
1 -70.589797689998804 21.695517509355899 -9 0.95105651629515009 -0.30901699437495805 0 
1 -53.186687630777101 -16.648843554838599 -9 0.58778525229248024 0.80901699437494223 0 
1 -31.0472249350297 -4.7393327520375097 -9 0.97424755078336156 0.22548106304659188 0 
2 -35.5 14.5 -8.9999999999999893 0 0 -1 -1 0 0 0 1 0 20
1 -43.837964025547201 2.6669740131039701 -9 0.81744797519160783 -0.57600243736909684 0 
1 -17.813312369223301 -16.648843554838798 -9 0.58778525229246814 -0.80901699437495111 0 
1 -32.5566532483641 -5.28223217687108 -93.568542494923804 0 0 1 
1 -34.131279302145799 -5.4531101247716496 -93.568542494923804 0 0 -1 
1 -11.3411764142237 -11.9465615364991 -9 -0.58778525229246881 0.80901699437495056 0 
1 -15.8263240497991 12.789559960322499 -9 0.086613815608605885 0.99624196204823579 0 
2 -35.5 14.5 -8.9999999999999893 0 0 -1 -1 0 0 0 1 0 20
1 -26.822696110053599 2.91351885603761 -9 0.8004161878133661 0.59944468158981812 0 
1 -0.41020231000108298 21.695517509355401 -9 0.95105651629515431 0.30901699437494512 0 
2 -35.5 14.5 -9 0 0 1 1 0 -0 -0 1 0 35
1 -2.8823382650006502 29.303969639716701 -9 -0.95105651629515431 -0.30901699437494512 0 
1 -27.793774644094899 32.682222671798101 -9 -0.92071726884192706 0.39023033051809608 0 
2 -35.5 14.5 -8.9999999999999893 0 0 -1 -1 0 0 0 1 0 20
1 -21.7991672397544 19.172186829917599 -9 -0.32276356597733308 0.94647962496695914 0 
1 -31.5 50.095917942265402 -9 1.0842021724855e-16 1 0 
2 -35.5 14.5 -9 0 0 1 1 0 -0 -0 1 0 35
1 -15.7764350147293 11.1862431785355 -93.568542494923804 0 0 1 
1 -16.1005066392914 9.6358806194930704 -93.568542494923804 0 0 -1 
2 -35.5 14.5 11.2284929362282 0 0 -1 -1 0 0 0 1 0 50
2 -35.5 14.5 -11.2284929362282 0 0 1 1 0 -0 -0 1 0 50
1 -59.658823585776702 -11.946561536498701 9 -0.58778525229248024 -0.80901699437494223 0 
1 -49.330449054708403 18.773268894299999 9 0.29520555511017604 0.95543376548669912 0 
2 -35.5 14.5 9 0 0 1 1 0 -0 -0 1 0 20
1 -44.1773038899466 2.9135188560377201 9 -0.80041618781335711 0.59944468158983011 0 
1 -70.589797689998804 21.695517509355899 9 0.95105651629515009 -0.30901699437495805 0 
2 -35.5 14.5 9 0 0 1 1 0 -0 -0 1 0 35
2 -35.5 14.5 9 0 0 1 1 0 -0 -0 1 0 20
1 -49.200832760245603 19.172186829917599 9 0.32276356597733308 0.94647962496695914 0 
1 -39.5 50.095917942265402 9 1.0842021724855e-16 -1 0 
2 -35.5 14.5 9 0 0 1 1 0 -0 -0 1 0 35
1 -68.117661734999203 29.303969639717099 9 -0.95105651629515009 0.30901699437495805 0 
1 -43.206225355904898 32.682222671798201 9 0.92071726884193261 0.39023033051808287 0 
1 -53.404476652083098 5.5876649628164499 75.568542494923804 0 0 1 
2 -35.5 14.5 18.242527846834701 0 0 -1 -1 0 0 0 1 0 20
1 -55.223564985270798 11.186243178535801 75.568542494923804 -0 -0 -1 
1 -46.120825563591303 31.446919022281499 75.568542494923804 0 0 1 
1 -44.746486788578601 32.234217830754297 75.568542494923804 -0 -0 -1 
2 -35.5 14.5 9 0 0 1 1 0 -0 -0 1 0 20
1 -27.162035974453001 2.66697401310384 9 -0.81744797519161649 -0.57600243736908463 0 
1 -53.186687630777101 -16.648843554838599 9 0.58778525229248024 0.80901699437494223 0 
1 -17.813312369223301 -16.648843554838798 9 0.58778525229246814 -0.80901699437495111 0 
1 -39.952775064970602 -4.7393327520374404 9 -0.97424755078335834 0.22548106304660609 0 
1 -36.8687206978544 -5.4531101247716398 75.568542494923804 0 0 1 
2 -35.5 14.5 18.242527846834701 0 0 -1 -1 0 0 0 1 0 20
1 -38.443346751636298 -5.2822321768710303 75.568542494923804 -0 -0 -1 
2 -35.5 14.5 9 0 0 1 1 0 -0 -0 1 0 20
1 -21.669550945291601 18.7732688942998 9 0.29520555511016205 -0.95543376548670333 0 
1 -11.3411764142237 -11.9465615364991 9 -0.58778525229246881 0.80901699437495056 0 
2 -35.5 14.5 9 0 0 1 1 0 -0 -0 1 0 35
1 -0.41020231000108298 21.695517509355401 9 0.95105651629515431 0.30901699437494512 0 
1 -18.578290384208898 4.3198784780491302 9 -0.5155042842318579 -0.85688700126597783 0 
1 -16.946422551670899 7.0324191421282798 75.568542494923804 0 0 1 
2 -35.5 14.5 18.242527846834701 0 0 -1 -1 0 0 0 1 0 20
1 -17.595523347916998 5.5876649628161603 75.568542494923804 -0 -0 -1 
2 -35.5 14.5 9 0 0 1 1 0 -0 -0 1 0 20
1 -35.2902764300634 28.974051406641099 9 0.99989504191747514 -0.014488103700988703 0 
1 -2.8823382650006502 29.303969639716701 9 -0.95105651629515431 -0.30901699437494512 0 
2 -35.5 14.5 9 0 0 1 1 0 -0 -0 1 0 35
1 -31.5 50.095917942265402 9 1.0842021724855e-16 1 0 
1 -20.589033244714699 27.447671641867601 9 0.65564838178188722 -0.75506635434694924 0 
2 -35.5 14.5 19 0 0 1 1 0 -0 -0 1 0 35
1 -1.19505279898165 21.4405041268876 9 0 0 1 
1 -3.6671887539812098 29.0489562572489 9 0 0 -1 
1 -31.5 49.270677301427398 9 0 0 1 
1 -39.5 49.270677301427398 9 0 0 -1 
1 -67.332811246018593 29.048956257249301 9 0 0 1 
1 -69.804947201018294 21.440504126888101 9 0 0 -1 
1 -22.664537826174701 29.8378913408689 75.568542494923804 0 0 1 
1 -21.4910781265976 28.774106204764902 75.568542494923804 -0 -0 -1 
2 -35.5 14.5 19 0 0 1 1 0 -0 -0 1 0 36
1 -39.5 47.619141569007603 19 -8.4843480745073095e-32 7.8254298781353301e-16 1 
1 -31.5 40.013101709617999 8.9999999999999893 -1.9619812601531901e-31 -1.8096083091730002e-15 -1 
1 -5.2378925741934204 28.5386036491136 19 7.4424260784114e-16 2.41819082063327e-16 1 
1 -9.9995303906669903 18.579755942307798 8.9999999999999893 -1.7210397743808399e-15 -5.5919972069656689e-16 -1 
1 -12.7969890396511 -9.9428073592671105 19 4.5996722752168003e-16 -6.3309057597009804e-16 1 
7 0 0  3 4 2  -12.7969890396511 -9.9428073592671105 16.218589641019602  -12.4734038112581 -10.3881842173588 16.135791220347802  -12.149821142774099 -10.833557552037901 16.052963838809799  -11.826240692500701 -11.2789278336123 15.9701113873386 
 2.4999401890919002e-07 4 0.00167037325833562 4
7 0 0  3 4 2  -18.298376647500302 -15.981209851952 15.9701113873386  -20.112104180071899 -13.4848280674595 16.434514512580598  -21.925893036750601 -10.988361877575 16.898227634309801  -23.739843052348601 -8.4916738714674391 17.360108766377 
 2.4999769625198499e-07 4 0.0093615959774044407 4
1 -23.739843052348601 -8.4916738714674391 8.9999999999999893 -1.0636610765577999e-15 1.46400387528308e-15 -1 
1 -51.730875005349702 -14.645089377606601 19 -4.59967227521689e-16 -6.3309057597009203e-16 1 
7 0 0  3 4 2  -51.730875005349702 -14.645089377606601 16.218589641019602  -52.054460233742802 -15.090466235698299 16.135791220347802  -52.378042902226703 -15.5358395703774 16.052963838809799  -52.701623352500199 -15.9812098519518 15.9701113873386 
 2.49994018911965e-07 4 0.00167037325833561 4
7 0 0  3 4 2  -59.173759307499701 -11.278927833611901 15.9701113873386  -58.850178857226197 -10.8335575520376 16.052963838809799  -58.526596188742303 -10.3881842173585 16.135791220347802  -58.203010960349303 -9.9428073592667907 16.218589641019602 
 2.4999771100627799e-07 4 0.00167037326202771 4
1 -58.203010960349303 -9.9428073592667801 8.9999999999999893 9.1993445504337801e-16 1.2661811519401801e-15 -1 
1 -68.234243380806106 20.930151518752901 19 -7.4424260784113705e-16 2.41819082063338e-16 1 
1 -58.528333654333302 26.188208072669401 8.9999999999999893 1.7210397743808301e-15 -5.5919972069659203e-16 -1 
7 0 0  3 6 3  -58.203010960349303 -9.9428073592667907 16.218589641019602  -57.404427916480202 -7.3581906694728696 16.587816299799901  -56.605529154686899 -4.7725521575620604 16.948453576883299  -55.006396379600297 0.40304641220035198 17.633401448556398  -54.206196062112603 2.9928974134648798 17.958628766944901  -53.404476652083197 5.5876649628164596 18.242527846834701 
 2.1125518181855701e-07 4 0.0081904161963837797 2 0.016380621137585701 4
7 0 0  3 6 3  -38.443346751636199 -5.2822321768710401 18.242527846834701  -40.663372414549201 -6.84653991469379 17.9586287670408  -42.879191588359703 -8.4078836131534 17.633401448693402  -47.307319130241602 -11.528097173542101 16.948453577007601  -49.519534191925203 -13.0869012885265 16.587816299874302  -51.730875005349702 -14.645089377606601 16.218589641019602 
 2.4594924252725001e-07 4 0.0081904508904444701 2 0.016380655831646398 4
7 0 0  3 4 2  -23.739843052348601 -8.4916738714674391 17.360108766377  -28.108130366730901 -7.4806720305616503 17.797826802886899  -32.482047980535697 -6.4683671061653998 18.1345622760224  -36.8687206978544 -5.4531101247716398 18.242527846834701 
 0.0085460064489794405 4 0.022050325564477401 4
7 0 0  3 6 3  -17.595523347916998 5.5876649628162003 18.242527846834701  -16.793803937887599 2.9928974134646 17.958628766944901  -15.993603620399901 0.40304641220006099 17.633401448556398  -14.3944708453134 -4.7725521575623597 16.948453576883299  -13.5955720835201 -7.3581906694731902 16.587816299799901  -12.7969890396511 -9.9428073592671105 16.218589641019602 
 2.10428728006631e-07 4 0.0081904153699299594 2 0.0163806203111319 4
7 0 0  3 4 2  -12.453916632695201 14.5 17.781063181444001  -13.949323414144899 12.0142890722265 18.007608980364498  -15.4464989884969 9.5256380027463905 18.172759854928898  -16.946422551670899 7.0324191421282798 18.242527846834701 
 0.014493695868724199 4 0.023220646690697001 4
7 0 0  3 4 2  -55.223564985270798 11.186243178535801 18.242527846834701  -56.700135264599403 12.292070639815901 18.049684628059801  -58.174759672142201 13.3964408061152 17.837316653223201  -59.648301218382898 14.5 17.614083315661301 
 2.5118271362004199e-07 4 0.0055635854651375901 4
2 -35.5 14.5 19 0 0 1 1 0 -0 -0 1 0 15
2 -35.5 14.5 19 0 0 1 1 0 -0 -0 1 0 5.25
2 -35.5 14.5 16.036112674432299 0 0 1 1 0 -0 -0 1 0 46.373605639486897
1 -39.5 50.095917942265402 -9 1.0842021724855e-16 -1 0 
1 -50.410966755285301 27.447671641867601 -9 -0.65564838178188667 -0.75506635434694969 0 
1 -35.709723569936401 28.974051406641099 -9 -0.99989504191747536 -0.014488103700974805 0 
1 -68.117661734999203 29.303969639717099 -9 -0.95105651629515009 0.30901699437495805 0 
2 -35.5 14.5 -9 0 0 1 1 0 -0 -0 1 0 35
2 -35.5 14.5 -19 0 0 1 1 0 -0 -0 1 0 35
1 -69.804947201018294 21.440504126888101 -9 -0 -0 -1 
2 -35.5 14.5 -15.9701113873386 0 0 1 1 0 -0 -0 1 0 35
1 -67.332811246018593 29.048956257249301 -9 0 0 1 
1 -39.5 49.270677301427398 -9 -0 -0 -1 
2 -35.5 14.5 -15.9701113873386 0 0 1 1 0 -0 -0 1 0 35
1 -31.5 49.270677301427398 -9 0 0 1 
1 -3.6671887539812098 29.0489562572489 -9 -0 -0 -1 
2 -35.5 14.5 -15.9701113873386 0 0 1 1 0 -0 -0 1 0 35
1 -1.19505279898165 21.4405041268876 -9 0 0 1 
2 -35.5 14.5 -19 0 0 1 1 0 -0 -0 1 0 36
2 -35.5 14.5 -18.242527846834701 0 0 -1 1 -2.9309887850104101e-14 0 -2.9309887850104101e-14 -1 -0 20
1 -26.253513211421399 32.234217830754297 -93.568542494923804 0 0 1 
1 -24.879174436408501 31.4469190222813 -93.568542494923804 0 0 -1 
7 0 0  3 4 2  -39.5 40.013101709617999 -17.360108766377  -39.5 43.099177966116599 -16.8982276100127  -39.5 46.1849798617529 -16.434514490945901  -39.5 49.270677301427398 -15.9701113873386 
 0.0178557752646816 4 0.027217050494660298 4
1 -39.5 40.013101709617999 -8.9999999999999893 0 0 1 
7 0 0  3 7 3  -31.5 49.270677301427398 -15.9701113873386  -31.5 48.848363587943098 -16.033670372972299  -31.5 48.426047651413597 -16.097214589899099  -31.5 48.003729235242297 -16.1607423209643  -31.5 47.875533577910502 -16.180026299428999  -31.5 47.747337691796503 -16.1993087570653  -31.5 47.619141569007603 -16.218589641019602 
 0.0055271367105962799 4 0.00680834610997582 3 0.00719725995883115 4
1 -31.5 47.619141569007603 -19 0 0 -1 
7 0 0  3 4 2  -12.4716663456666 26.188208072668999 -17.360108766377  -9.5366335665355706 27.1418580316979 -16.898227634309801  -6.60186154801369 28.095423264468899 -16.434514512580598  -3.66718875398122 29.0489562572488 -15.9701113873386 
 2.1263464792037e-07 4 0.0093615586143561396 4
1 -12.4716663456666 26.188208072668999 -8.9999999999999893 0 0 1 
7 0 0  3 4 2  -1.1950527989816599 21.4405041268876 -15.9701113873386  -1.7186169656191299 21.270387816905298 -16.052963838809799  -2.2421847213965398 21.100270340740799 -16.135791220347802  -2.7657566191938399 20.9301515187524 -16.218589641019602 
 2.1266075493008599e-07 4 0.00167033592507163 4
1 -2.7657566191938399 20.9301515187524 -19 0 0 -1 
1 -17.267707097349 -3.7893918531276798 -9 0 0 1 
1 -19.269124994650699 -14.645089377606901 -19 0 0 -1 
1 -47.260156947651801 -8.4916738714672704 -9 0 0 1 
1 -53.732292902651302 -3.78939185312742 -19 0 0 -1 
7 0 0  3 4 2  -61.000469609333003 18.5797559423082 -17.360108766377  -63.935502388463902 19.533405901337101 -16.898227634309801  -66.8702744069858 20.486971134108099 -16.434514512580598  -69.804947201018294 21.440504126888101 -15.9701113873386 
 2.1263464791632701e-07 4 0.0093615586143561205 4
1 -61.000469609333003 18.5797559423082 -9 0 0 1 
7 0 0  3 4 2  -67.332811246018593 29.048956257249301 -15.9701113873386  -66.809247079381095 28.878839947267 -16.052963838809799  -66.285679323603702 28.708722471102501 -16.135791220347802  -65.762107425806406 28.538603649114101 -16.218589641019602 
 2.12660754937407e-07 4 0.00167033592507163 4
1 -65.762107425806406 28.538603649114101 -19 0 0 -1 
7 0 0  3 4 2  -61.000469609333003 18.5797559423082 -17.360108766377  -60.182800847525101 17.2206018969087 -17.514953948445701  -59.364728176180698 15.8607764607139 -17.657043052232599  -58.546083367304597 14.5 -17.781063181444001 
 0.0087569131188995602 4 0.0135349012502314 4
1 -54.777809583265999 8.2362599661696301 -93.568542494923804 0 0 -1 
7 0 0  3 4 2  -11.3516987816166 14.5 -17.614083315661201  -8.4866165312557609 16.645706625434599 -17.180039311425901  -5.6254964102428504 18.788445947856601 -16.706239548580001  -2.7657566191938399 20.9301515187524 -16.218589641019602 
 0.0055635854651381496 4 0.016380661065117499 4
7 0 0  3 4 2  -12.4716663456666 26.188208072668999 -17.360108766377  -16.600011590479902 27.937936880734799 -17.797834712577998  -20.733625712020199 29.689898812449002 -18.134564805685699  -24.879174436408501 31.4469190222813 -18.242527846834701 
 0.00904288337617358 4 0.022547137536211698 4
7 0 0  3 6 3  -26.253513211421399 32.234217830754297 -18.242527846834701  -27.130074682606701 34.804667720275603 -17.958628766950302  -28.0049752510294 37.370247138685698 -17.633401448564001  -29.753390170818001 42.497340999348999 -16.948453576890198  -30.626867680810001 45.058747407073199 -16.587816299804  -31.5 47.619141569007603 -16.218589641019602 
 2.1241948222358501e-07 4 0.0081904173606841806 2 0.0163806223018861 4
7 0 0  3 4 2  -39.5 40.013101709617999 -17.360108766377  -42.440034246799001 36.627261063824697 -17.797866639174899  -45.38367078369 33.237271901657998 -18.134575014259202  -48.335462173825299 29.8378913408689 -18.242527846834701 
 0.011026641316492799 4 0.024530589420867398 4
7 0 0  3 6 3  -49.508921873402201 28.7741062047652 -18.242527846834701  -52.224437382145098 28.7347594047082 -17.958628766919698  -54.934807550193298 28.695487158705902 -17.633401448520299  -60.351253499410603 28.617004890754501 -16.9484535768505  -63.057215149021197 28.577796522528899 -16.587816299780201  -65.762107425806406 28.538603649114101 -16.218589641019602 
 2.0107181651471199e-07 4 0.0081904060130184794 2 0.016380610954220401 4
2 -35.5 14.5 -19 0 0 1 1 0 -0 -0 1 0 15
2 -35.5 14.5 -19 0 0 1 1 0 -0 -0 1 0 5.25
2 -35.5 14.5 -16.036112674432299 0 0 -1 -1 0 0 0 1 0 46.373605639486897
Polygon3D 0
PolygonOnTriangulations 0
Surfaces 250
2 0 100 0 0 1 0 0 0 -1 -1 0 0 12.5
1 0 100 0 -0 1 0 1 0 0 0 0 -1 
2 0 100 0 0 1 0 0 0 -1 -1 0 0 12.5
1 0 85 0 -0 1 0 1 0 0 0 0 -1 
9 1 1 0 0 3 2 10 3 5 2 -30.9563806126347 79.216007491228098 0  1 -30 79.257763970555203 0  0.72236396205975795 -30 80.215055712809999 0  1 
-30.956380612635801 79.216007491228098 -1.8126317576326401  1 -30.000000000012601 79.257763970529993 -1.7566037383969599  0.72236403171206698 -30 80.215055712784803 -1.75415976545069  1 
-30.796994224041399 79.222966451240893 -3.6252087464385401  1 -29.845256846586501 79.264520202543807 -3.51352275020569  0.72228635800872698 -29.845755107811101 80.222014672819697 -3.50826652881182  1 
-30.164330508347401 79.250589145612096 -7.1948140685653597  1 -29.231319625863701 79.291325280483306 -6.9725788122323902  0.72197817119407104 -29.233499899078701 80.249637367196996 -6.9627232921597004  1 
-29.691063149874001 79.271252444730905 -8.9517730530248691  1 -28.771881226908899 79.311384794195703 -8.6753413782287208  0.721747591881999 -28.7754992295866 80.270300666310405 -8.6630061803447695  1 
-28.445153116775799 79.325650051555101 -12.356189849241201  1 -27.562990242671798 79.364166114433601 -11.9737043229353  0.72114009783450805 -27.5697798427171 80.324698273139305 -11.957603079912699  1 
-27.672530073445898 79.359383502139806 -14.003594019010899  1 -26.813078410850999 79.396907972121895 -13.569818062314001  0.72076319000878497 -26.822080123365598 80.358431723726099 -13.5518651796861  1 
-25.8516125704339 79.438886477279894 -17.138335631995901  1 -25.046603360863799 79.474033938410798 -16.605920446157299  0.71987394069560795 -25.0599018946446 80.437934698857305 -16.585486095481802  1 
-24.8033553530957 79.484654375799494 -18.625613564512999  1 -24.029429352385701 79.518444714771206 -18.046221263382701  0.71936166942556601 -24.045459432310398 80.483702597149502 -18.024787313330101  1 
-23.633327660306499 79.535738888095807 -20.010051936507899  1 -22.895586428866999 79.567949365882896 -19.3853775956775  0.71878901212387702 -22.913174562263102 80.534787109677595 -19.3645663901689  1 

-0 4
0.17541470843934301 2
0.35082941687868602 2
0.52624412531803 2
0.70165883375737303 4

0 3
1 3

9 1 1 0 0 3 2 12 3 6 2 -23.633327660306499 79.535738888095807 -20.010051936507899  1 -22.895586428866999 79.567949365882896 -19.3853775956775  0.71878901212387702 -22.913174562263102 80.534787109677595 -19.3645663901689  1 
-23.0717844277188 79.560256395114493 -20.508485246893699  1 -22.454274721092698 79.686037264864197 -19.9064437987163  0.755796664302263 -22.3748886824878 80.559072571280396 -20.001494585677399  1 
-22.4832804264014 79.475000957014302 -20.9848823532054  1 -21.944867057340801 79.684292260367997 -20.471943388545  0.79293018095923196 -21.8235140181418 80.436015131244005 -20.600444951175  1 
-21.557574996598799 79.248346113167401 -21.6840200554904  1 -21.1085784438209 79.511748929104897 -21.321473100568699  0.84483765398775301 -20.974043911571101 80.118244067701298 -21.453449747467001  1 
-21.243333744077301 79.155919825277294 -21.913328217310099  1 -20.8278654612715 79.4310434971527 -21.596056078583999  0.86141172756739603 -20.688489875636598 79.989598733296603 -21.7286989428639  1 
-20.613719665733601 78.948256651297697 -22.360786506215899  1 -20.2634590522641 79.231387222135695 -22.126262627776899  0.89208928313858304 -20.120711137813 79.701677857472205 -22.2554926791707  1 
-20.296764358980798 78.832597403055999 -22.580137291133902  1 -19.9772117218712 79.112994954967604 -22.3851355435588  0.90628340780427696 -19.837031640294601 79.541812673203296 -22.508502695039201  1 
-19.339329144965301 78.459060805160306 -23.230318341089099  1 -19.122957487809 78.719843791155398 -23.1277137764245  0.9448800531846 -18.984126000194902 79.026507131883903 -23.241450718302101  1 
-18.692164283485099 78.174837702524897 -23.653670685634498  1 -18.526273559801002 78.395165552821595 -23.6087861194383  0.96526734684675197 -18.413069075264399 78.635632536219802 -23.695534019114898  1 
-17.384931595414301 77.571362591626198 -24.4972053975224  1 -17.320259602765901 77.694173507416394 -24.5063643481677  0.99286498636723797 -17.2539517694394 77.8071941328881 -24.552405046335998  1 
-16.7266900465427 77.252573921454598 -24.916337899592602  1 -16.6969167090284 77.3113764138146 -24.9352235521201  1.00003299072309 -16.6672871642613 77.370260390619293 -24.954017994449799  1 
-16.0692943909253 76.933293711836598 -25.3333333333333  1 -16.0692943909253 76.933293711836598 -25.3333333333333  1 -16.0692943909253 76.933293711836598 -25.3333333333333  1 

0 4
0.0025495641581065398 2
0.0038243462371598002 2
0.0050991283162130701 2
0.00764869247431961 2
0.0101982566324261 4

0 3
1 3

2 0 85 0 0 1 0 0 0 -1 -1 0 0 30
9 1 1 0 0 3 2 10 3 5 2 -23.633327660306499 79.535738888095807 20.010051936507899  1 -22.895586428866999 79.567949365882896 19.3853775956775  0.71878901212387702 -22.913174562263102 80.534787109677595 19.3645663901689  1 
-24.8033553530924 79.484654375799707 18.6256135645115  1 -24.0294293523825 79.518444714771306 18.046221263383401  0.71936166942587199 -24.0454594323088 80.483702597149104 18.024787313332101  1 
-25.8516125704339 79.438886477279894 17.138335631994199  1 -25.046603360866602 79.474033938411097 16.605920446157601  0.71987394069520105 -25.059901894646298 80.437934698857504 16.585486095478799  1 
-27.672530073445898 79.359383502139806 14.0035940190128  1 -26.813078410847101 79.396907972121696 13.5698180623155  0.72076319000918898 -26.822080123363801 80.358431723725801 13.5518651796892  1 
-28.445153116775799 79.325650051555101 12.3561898492379  1 -27.562990242674701 79.364166114433701 11.973704322934401  0.72114009783420596 -27.5697798427191 80.324698273139305 11.9576030799074  1 
-29.691063149874001 79.271252444730905 8.9517730530279405  1 -28.771881226905499 79.311384794195803 8.6753413782309092  0.72174759188230098 -28.7754992295847 80.270300666310405 8.6630061803498695  1 
-30.164330508349899 79.250589145611997 7.1948140685669397  1 -29.2313196258666 79.291325280495897 6.9725788122317001  0.72197817119497598 -29.233499899078499 80.249637367196996 6.9627232921606801  1 
-30.796994224038801 79.222966451241007 3.6252087464371199  1 -29.845256846584199 79.264520202531202 3.5135227502022  0.72228635800782204 -29.8457551078113 80.222014672819697 3.50826652881099  1 
-30.956380612635801 79.216007491228098 1.8126317576336699  1 -30.000000000012601 79.257763970529993 1.7566037383962601  0.72236403171274699 -30 80.215055712784803 1.7541597654512799  1 
-30.9563806126347 79.216007491228098 5.5067062021407802e-14  1 -30 79.257763970555203 5.3364950254507099e-14  0.72236396205975795 -30 80.215055712809999 5.3290705182007501e-14  1 

5.5815264734222101 4
5.7569411818615599 2
5.9323558903008999 2
6.10777059874024 2
6.2831853071795898 4

0 3
1 3

1 -48 78.471866998201804 23 0.043619387365342821 -0.99904822158185747 0 0 0 -1 0.99904822158185747 0.043619387365342821 0 
5 0 81.5 0 0 1 0 0 -0 1 1 0 -0 26.5 3.5
2 0 85 0 0 1 0 0 0 -1 -1 0 0 30
5 0 81.5 0 0 1 0 0 -0 1 1 0 -0 26.5 3.5
2 -35.5 14.5 -30 0 0 -1 1 0 0 0 -1 0 5
2 -35.5 14.5 -30 0 0 -1 1 0 0 0 -1 0 5
1 0 0 23 0 0 1 1 0 -0 -0 1 0 
1 0 0 20 0 0 1 1 0 -0 -0 1 0 
2 -35.5 14.5 -30 0 0 -1 1 0 0 0 -1 0 5
2 -35.5 14.5 -30 0 0 -1 1 0 0 0 -1 0 5
1 0 0 -20 0 0 1 1 0 -0 -0 1 0 
1 0 0 -23 0 0 1 1 0 -0 -0 1 0 
2 0 85 0 0 1 0 0 0 -1 -1 0 0 27
2 0 85 0 0 1 0 0 0 -1 -1 0 0 27
1 -32.161133201434197 -13.3772465215777 -30 -0.7399400733959437 0.67267279399631263 0 0 0 1 0.67267279399631263 0.7399400733959437 -0 
2 -23.2163735324878 85 -35 0 1 0 0 0 -1 -1 0 0 15
9 1 1 0 0 3 2 6 3 3 2 -14.880936427411401 75.9383280042791 -22.5292146090427  1 -14.910372732753 76.913733269691306 -22.509539467174001  0.71562528975122597 -14.3688600077716 76.937376225861001 -21.697828916312201  1 
-16.105636559573998 75.881291670916994 -21.710628561397101  1 -16.141187584096301 76.859994732750195 -21.691055960495301  0.71438150242146004 -15.675206877896599 76.880339889745699 -20.824670423730002  1 
-17.451479407854201 75.8186135186196 -21.073919352500202  1 -17.491263615530801 76.801049140210907 -21.057626357765699  0.71301059751794105 -17.110772520243302 76.817661740193799 -20.1455139760013  1 
-20.2705594039837 75.687324248454203 -20.218528300970501  1 -20.315375493798602 76.677745752715197 -20.209168220108801  0.71013042986995401 -20.117791182782799 76.686372470043807 -19.2330968543674  1 
-21.743289947759099 75.618736723990096 -20  1 -21.789881980222098 76.613367409188996 -19.995725519607099  0.70862133525211202 -21.688703762808998 76.617784945573007 -19.0000000000027  1 
-23.2163735324878 75.550132757812705 -20  1 -23.259992919853101 76.549180979394507 -20  0.70710678118654802 -23.259992919853101 76.549180979394507 -19  1 

4.1231893236667903 4
4.4177891520257404 2
4.7123889803846897 4

0 3
1 3

1 -47.869141837904003 75.474722333456299 23 0.043619387365342821 -0.99904822158185747 0 0 0 -1 0.99904822158185747 0.043619387365342821 0 
9 1 1 0 0 3 2 6 3 3 2 -23.2163735324878 75.550132757812705 20  1 -23.259992919853101 76.549180979394507 20  0.70710678118654802 -23.259992919853101 76.549180979394507 19  1 
-21.743289947758399 75.618736723990395 20  1 -21.789881980220098 76.613367409189294 19.995725519606999  0.70862133525211202 -21.688703762806998 76.617784945573106 19.0000000000027  1 
-20.270559403984699 75.687324248454203 20.218528300970199  1 -20.315375493801302 76.677745752715197 20.209168220111501  0.71013042986995401 -20.117791182785499 76.686372470043693 19.233096854370199  1 
-17.451479407853299 75.8186135186196 21.0739193525005  1 -17.491263615528101 76.801049140210907 21.057626357762999  0.71301059751794105 -17.110772520240602 76.817661740193898 20.1455139759986  1 
-16.105636559574599 75.881291670917705 21.7106285613966  1 -16.141187584095999 76.859994732751204 21.6910559604936  0.71438150242145804 -15.675206877899599 76.880339889745599 20.824670423733501  1 
-14.880936427411401 75.9383280042791 22.529214609042601  1 -14.910372732753 76.913733269691306 22.509539467173902  0.71562528975122697 -14.3688600077716 76.937376225861001 21.697828916312201  1 

1.5707963267949001 4
1.8653961551538401 2
2.1599959835127902 4

0 3
1 3

2 -23.2163735324878 85 35 0 1 0 0 0 -1 -1 0 0 15
1 0 82 0 -0 1 0 1 0 0 0 0 -1 
1 0 0 0 -0 1 0 1 0 0 0 0 -1 
2 -24.103941586387901 85 -38 0 1 0 0 0 -1 -1 0 0 15
2 -21.769479544479498 4 0 0 0 -1 1 0 0 0 -1 0 4
2 -44 4 0 0 0 1 -1 0 0 0 -1 0 4
9 1 1 0 0 3 2 12 3 6 2 -22.913174562263102 80.534787109677595 19.3645663901689  1 -22.895586428866999 79.567949365882896 19.385377595677401  0.71878901212387603 -23.633327660306499 79.535738888095807 20.010051936507899  1 
-22.374888682487299 80.559072571280396 20.0014945856779  1 -22.454274721089 79.686037264863302 19.9064437987122  0.75579666430247605 -23.071784427713201 79.560256395114706 20.508485246887599  1 
-21.8235140181426 80.436015131244005 20.6004449511742  1 -21.944867057339401 79.684292260368096 20.471943388544702  0.79293018095894596 -22.483280426402899 79.475000957013606 20.984882353206601  1 
-20.974043911570799 80.118244067701298 21.453449747467399  1 -21.108578443821699 79.511748929104897 21.3214731005686  0.84483765398789401 -21.557574996598099 79.248346113167798 21.6840200554898  1 
-20.688489875637 79.989598733296603 21.728698942863598  1 -20.827865461271401 79.4310434971527 21.5960560785825  0.86141172756751305 -21.2433337440774 79.155919825277607 21.913328217309601  1 
-20.120711137812599 79.701677857472205 22.255492679171098  1 -20.2634590522641 79.231387222135695 22.126262627778399  0.89208928313846403 -20.613719665733601 78.948256651297299 22.3607865062163  1 
-19.8370316402942 79.541812673200297 22.5085026950395  1 -19.977211721869601 79.112994954967604 22.385135543559599  0.90628340780455896 -20.296764358980699 78.832597403055701 22.580137291134299  1 
-18.984126000195602 79.026507131889701 23.2414507183015  1 -19.122957487811501 78.719843791155199 23.127713776423299  0.94488005318403501 -19.3393291449656 78.459060805161002 23.230318341088399  1 
-18.413069075264399 78.635632536219802 23.695534019114898  1 -18.526273559801002 78.395165552821595 23.608786119438399  0.96526734684684701 -18.692164283483802 78.174837702525096 23.653670685634999  1 
-17.2539517694394 77.8071941328881 24.552405046335998  1 -17.320259602765798 77.694173507416394 24.5063643481677  0.99286498636714304 -17.384931595415601 77.571362591625999 24.497205397521899  1 
-16.667287164259299 77.370260390623102 24.9540179944511  1 -16.696916708933902 77.311376413819701 24.935223551976101  1.00003299072316 -16.726690046540501 77.252573921458705 24.916337899594001  1 
-16.0692943909253 76.933293711836598 25.3333333333333  1 -16.0692943909253 76.933293711836598 25.3333333333333  1 -16.0692943909253 76.933293711836598 25.3333333333333  1 

0 4
0.0025495641581065398 2
0.0038243462371598102 2
0.0050991283162130797 2
0.00764869247431961 2
0.010198256632426199 4

0 3
1 3

2 -24.103941586387901 85 38 0 1 0 0 0 -1 -1 0 0 15
1 0 0 0 -0 1 0 1 0 0 0 0 -1 
2 -21.769479544479498 4 0 0 0 -1 1 0 0 0 -1 0 4
2 -44 4 0 0 0 1 -1 0 0 0 -1 0 4
1 -48 80 23 1 8.6736173798840305e-17 -0 -8.6736173798840305e-17 1 0 0 0 1 
2 -3.3801060102145 77.417155586784105 20 -0.99904822158185747 -0.043619387365342724 0 -0.043619387365342724 0.99904822158185747 0 -0 0 -1 3
2 -3.3801060102145 77.417155586784105 -20 -0.99904822158185747 -0.043619387365342724 0 -0.043619387365342724 0.99904822158185747 0 -0 0 -1 3
2 -47.8255224505386 74.475674111874397 -19 0.99904822158185747 0.043619387365343119 0 0.043619387365343119 -0.99904822158185747 0 0 0 -1 0.999999999999995
2 -47.8255224505386 74.475674111874397 19 0.99904822158185747 0.043619387365343119 0 0.043619387365343119 -0.99904822158185747 0 0 0 -1 0.999999999999995
9 1 1 0 0 3 2 6 3 3 2 -24.103941586387901 76.512333384847196 23  1 -24.234799748483901 79.509478049592801 23  0.70710678118654802 -24.234799748483901 79.509478049592801 20  1 
-22.682218848400598 76.586821891185295 23  1 -22.815497843096399 79.571446109023995 22.987622893910999  0.70856852387895597 -22.528732462900098 79.583966555946802 20  1 
-21.2607918534802 76.661294902641302 23.203460066723  1 -21.3896543025777 79.633699782462799 23.1780766490537  0.71002522920417699 -20.823020068995302 79.658439567395405 20.244152080067099  1 
-18.5316473658138 76.804283328656595 24.0010489135739  1 -18.646369531346298 79.753474182261598 23.955293083049401  0.71281410371804399 -17.5480466837944 79.801427993393602 21.201258696289099  1 
-17.224355827416801 76.872776426138998 24.5950533928252  1 -17.328525293559 79.811012504292506 24.540619857213802  0.71414613117385894 -15.979297031672701 79.869921082392594 21.914063947428399  1 
-16.0263802267445 76.935542119283298 25.3606565644731  1 -16.1171589468569 79.863901901184505 25.302641629947601  0.71536327083782203 -14.541726116911899 79.932686784028903 22.8327878773677  1 

1.5707963267949001 4
1.8551267263564499 2
2.13945712591801 4

0 3
1 3

9 1 1 0 0 3 2 6 3 3 2 -16.0263802267445 76.935542119283298 -25.3606565644731  1 -16.1171589468569 79.863901901184505 -25.302641629947601  0.71536327083782203 -14.541726116911899 79.932686784028903 -22.8327878773677  1 
-17.224355827416399 76.872776426139595 -24.595053392825498  1 -17.328525293568401 79.811012504293601 -24.540619857230201  0.71414613117385495 -15.9792970316797 79.869921082392295 -21.914063947439502  1 
-18.5316473658145 76.804283328656894 -24.001048913573602  1 -18.646369531346799 79.753474182261797 -23.955293083048002  0.71281410371804999 -17.5480466837937 79.801427993393602 -21.201258696288001  1 
-21.2607918534794 76.661294902641004 -23.203460066723199  1 -21.389654302577199 79.6336997824626 -23.1780766490552  0.71002522920417099 -20.823020068995898 79.658439567395405 -20.244152080068201  1 
-22.6822188484036 76.586821891232603 -23  1 -22.8154978430988 79.571446109071104 -22.987622893910999  0.70856852387895997 -22.528732462899601 79.583966555946802 -20  1 
-24.103941586387801 76.512333384847196 -23  1 -24.234799748483901 79.509478049592801 -23  0.70710678118654802 -24.234799748483901 79.509478049592801 -20  1 

4.1437281812615803 4
4.4280585808231301 2
4.7123889803846897 4

0 3
1 3

5 0 87 0 0 -1 0 -1 0 0 -0 -0 -1 27.739411227276499 2
5 0 87 0 0 -1 0 -1 0 0 -0 -0 -1 27.739411227276499 2
5 0 87 0 0 -1 0 -1 0 0 -0 -0 -1 27.739411227276499 2
3 0 85 0 -0 -1 -0 -1 0 0 0 0 -1 30
0.122173047639604
5 0 87 0 0 -1 0 -1 0 0 -0 -0 -1 27.739411227276499 2
3 0 85 0 -0 -1 -0 -1 0 0 0 0 -1 30
0.122173047639604
2 -40 86 30 0 -1 0 1 0 0 -0 0 1 5.5
1 0 100.5 0 -0 1 0 1 0 0 0 0 -1 
1 -43.889087296526 86 26.110912703474 0.70710678118654702 0 0.70710678118654802 0 -1 0 0.70710678118654802 0 -0.70710678118654702 
1 0 96.5 0 -0 1 0 1 0 0 0 0 -1 
2 -40 86 30 0 -1 0 1 0 0 -0 0 1 5.5
2 36.5 86 26.5 0 -1 0 1 0 0 -0 0 1 5.5
1 43.889087296526 86 26.110912703474 0.70710678118654702 0 -0.70710678118654802 0 -1 0 -0.70710678118654802 -0 -0.70710678118654702 
2 36.5 86 26.5 0 -1 0 1 0 0 -0 0 1 5.5
2 36.5 86 -26.5 0 -1 0 1 0 0 -0 0 1 5.5
1 36.110912703474 86 -33.889087296526 0.70710678118654602 0 0.70710678118654902 0 -1 0 0.70710678118654902 0 -0.70710678118654602 
2 36.5 86 -26.5 0 -1 0 1 0 0 -0 0 1 5.5
2 -40 86 -30 0 -1 0 1 0 0 -0 0 1 5.5
1 -36.110912703474 86 -33.889087296526 0.70710678118654602 0 -0.70710678118654902 0 -1 0 -0.70710678118654902 -0 -0.70710678118654602 
2 -40 86 -30 0 -1 0 1 0 0 -0 0 1 5.5
5 0 95.799999999999997 0 -0 1 0 1 0 0 0 0 -1 28.875428707340401 0.20000000000000001
1 -0.075811685983371097 96 -0.042363503795578301 -0 1 0 1 0 0 0 0 -1 
5 0 95.799999999999997 0 -0 1 0 1 0 0 0 0 -1 28.875428707340401 0.20000000000000001
5 0 95.799999999999997 0 -0 1 0 1 0 0 0 0 -1 28.875428707340401 0.20000000000000001
5 0 95.799999999999997 0 -0 1 0 1 0 0 0 0 -1 28.875428707340401 0.20000000000000001
5 0 87 0 0 -1 0 -1 0 0 -0 -0 -1 14.6010205144336 2
1 0 85 0 0 -1 0 0 0 1 -1 0 0 
5 0 87 0 0 -1 0 -1 0 0 -0 -0 -1 14.6010205144336 2
2 0 85 0 0 -1 0 1 0 0 -0 0 1 12.6010205144336
2 0 85 0 0 -1 0 1 0 0 -0 0 1 12.6010205144336
5 -0.075811685983371097 95 -0.042363503795578301 0 1 0 -1 0 0 0 -0 1 17.5 5
1 0 96 0 0 -1 0 0 0 1 -1 0 0 
2 -36.5 86 26.5 0 -1 0 1 0 0 -0 0 1 5.5
2 -36.5 86 26.5 0 -1 0 1 0 0 -0 0 1 5.5
2 40 86 30 0 -1 0 1 0 0 -0 0 1 5.5
2 40 86 30 0 -1 0 1 0 0 -0 0 1 5.5
2 40 86 -30 0 -1 0 1 0 0 -0 0 1 5.5
2 40 86 -30 0 -1 0 1 0 0 -0 0 1 5.5
2 -36.5 86 -26.5 0 -1 0 1 0 0 -0 0 1 5.5
2 -36.5 86 -26.5 0 -1 0 1 0 0 -0 0 1 5.5
1 -0.075811685983371097 100 -0.042363503795578301 -0 1 0 1 0 0 0 0 -1 
5 -0.075811685983371097 95 -0.042363503795578301 0 1 0 -1 0 0 0 -0 1 17.5 5
2 39.424188314016597 96.200000000000003 -0.042363503795578301 0 -0 1 0 1 0 -1 0 0 0.20000000000000001
2 -0.075811685983371097 96.200000000000003 3.2076364962044202 -1 0 0 0 -1 0 0 0 1 0.20000000000000001
5 -0.075811685983371097 96.200000000000003 -0.042363503795578301 -0 1 0 1 0 0 0 0 -1 29.5 0.20000000000000001
2 -0.075811685983371097 96.200000000000003 3.2076364962044202 -1 0 0 0 -1 0 0 0 1 0.20000000000000001
2 -39.575811685983403 96.200000000000003 -0.042363503795578301 0 0 -1 0 -1 0 -1 -0 -0 0.20000000000000001
2 -0.075811685983371097 96.200000000000003 -3.2923635037955798 1 0 0 -0 1 0 0 -0 1 0.20000000000000001
5 -0.075811685983371097 96.200000000000003 -0.042363503795578301 -0 1 0 1 0 0 0 0 -1 29.5 0.20000000000000001
2 -0.075811685983371097 96.200000000000003 -3.2923635037955798 1 0 0 -0 1 0 0 -0 1 0.20000000000000001
1 -50.5 96.5 -41 0 0 -1 1 0 0 0 -1 0 
2 46.5 96.5 -37 0 -1 0 1 0 0 -0 0 1 4
1 50.5 96.5 -41 1 0 -8.4620657364722298e-17 -8.4620657364722298e-17 0 -1 0 1 0 
2 46.5 96.5 37 0 -1 0 1 0 0 -0 0 1 4
1 -50.5 96.5 41 0 0 1 0 -1 0 1 0 -0 
2 -46.5 96.5 37 0 -1 0 1 0 0 -0 0 1 4
1 -50.5 96.5 -41 -1 0 -8.4620657364722298e-17 0 1 0 8.4620657364722298e-17 0 -1 
2 -46.5 96.5 -37 0 -1 0 1 0 0 -0 0 1 4
1 43.889087296526 86 -26.110912703474 -0.70710678118654702 0 -0.70710678118654802 0 1 0 0.70710678118654802 0 -0.70710678118654702 
1 -43.889087296526 86 -26.110912703474 -0.70710678118654702 0 0.70710678118654802 -0.70710678118654802 0 -0.70710678118654702 -0 -1 0 
2 -0.075811685983371097 100 -0.042363503795578301 0 -1 0 1 0 0 -0 0 1 29.699999999999999
1 -0.075811685983371097 100 3.4076364962044199 0 0 1 0 -1 0 1 0 -0 
1 39.6241883140166 100 -0.042363503795578301 1 0 0 0 0 -1 -0 1 0 
1 -0.075811685983371097 100 -3.49236350379558 0 0 -1 1 0 0 0 -1 0 
2 -0.075811685983371097 100 -0.042363503795578301 0 -1 0 1 0 0 -0 0 1 29.699999999999999
1 -0.075811685983371097 100 -3.49236350379558 0 0 -1 1 0 0 0 -1 0 
1 -39.775811685983399 100 -0.042363503795578301 -1 0 0 0 1 0 0 0 -1 
1 -0.075811685983371097 100 3.4076364962044199 0 0 1 0 -1 0 1 0 -0 
1 36.110912703474 86 33.889087296526 -0.70710678118654602 0 0.70710678118654902 -0.70710678118654902 0 -0.70710678118654602 -0 -1 0 
1 -36.110912703474 86 33.889087296526 -0.70710678118654602 0 -0.70710678118654902 0 1 0 0.70710678118654902 0 -0.70710678118654602 
5 -0.075811685983371097 100.3 -0.042363503795578301 0 1 0 -1 0 0 0 -0 1 30.199999999999999 0.20000000000000001
2 -0.075811685983371097 100.3 3.9076364962044199 1 0 0 0 -1 0 0 0 -1 0.20000000000000001
2 -40.275811685983399 100.3 -0.042363503795578301 -0 0 1 0 -1 0 1 0 0 0.20000000000000001
2 -0.075811685983371097 100.3 -3.99236350379558 -1 0 0 0 1 0 0 0 -1 0.20000000000000001
5 -0.075811685983371097 100.3 -0.042363503795578301 0 1 0 -1 0 0 0 -0 1 30.199999999999999 0.20000000000000001
2 -0.075811685983371097 100.3 -3.99236350379558 -1 0 0 0 1 0 0 0 -1 0.20000000000000001
2 40.1241883140166 100.3 -0.042363503795578301 0 0 -1 0 1 0 1 -0 0 0.20000000000000001
2 -0.075811685983371097 100.3 3.9076364962044199 1 0 0 0 -1 0 0 0 -1 0.20000000000000001
2 39.6241883140166 100.3 3.7076364962044202 -0 0 1 0 -1 0 1 0 0 0.29999999999999999
2 39.924188314016597 100.3 -3.49236350379558 1 0 0 0 -1 0 0 0 -1 0.29999999999999999
5 -0.075811685983371097 100.3 -0.042363503795578301 0 1 0 -1 0 0 0 -0 1 29.699999999999999 0.29999999999999999
2 39.924188314016597 100.3 -3.49236350379558 1 0 0 0 -1 0 0 0 -1 0.29999999999999999
2 -39.775811685983399 100.3 3.7076364962044202 0 0 -1 0 1 0 1 -0 0 0.29999999999999999
2 39.924188314016597 100.3 3.4076364962044199 -1 0 0 0 1 0 0 0 -1 0.29999999999999999
5 -0.075811685983371097 100.3 -0.042363503795578301 0 1 0 -1 0 0 0 -0 1 29.699999999999999 0.29999999999999999
2 39.924188314016597 100.3 3.4076364962044199 -1 0 0 0 1 0 0 0 -1 0.29999999999999999
5 -35.5 14.5 12.0620950460362 -0 0 -1 -0.86602540378443882 -0.49999999999999989 0 -0.49999999999999989 0.86602540378443882 0 2.7583026557127299 15.825120832034999
1 -35.5 14.5 27.5 -0 0 -1 -0.86602540378443849 -0.50000000000000033 0 -0.50000000000000033 0.86602540378443849 0 
5 -35.5 14.5 12.0620950460362 -0 0 -1 -0.86602540378443882 -0.49999999999999989 0 -0.49999999999999989 0.86602540378443882 0 2.7583026557127299 15.825120832034999
1 -35.5 23.737604307034001 23 -0.49999999999999989 -0.86602540378443882 0 0 0 1 -0.86602540378443882 0.49999999999999989 0 
1 -43.5 19.118802153516999 23 0.49999999999999989 -0.86602540378443882 0 0 0 1 -0.86602540378443882 -0.49999999999999989 0 
1 -43.5 9.8811978464829995 23 1 3.3306690738754701e-16 -0 -3.3306690738754701e-16 1 0 0 0 1 
2 -35.5 14.5 -32.5 0 0 -1 0.86602540378443849 0.50000000000000033 0 0.50000000000000033 -0.86602540378443849 0 5
1 -35.5 14.5 -32.5 -0 0 -1 -0.86602540378443849 -0.50000000000000033 0 -0.50000000000000033 0.86602540378443849 0 
2 -35.5 14.5 -32.5 0 0 -1 0.86602540378443849 0.50000000000000033 0 0.50000000000000033 -0.86602540378443849 0 5
1 -35.5 14.5 23 -0 0 -1 -0.86602540378443849 -0.50000000000000033 0 -0.50000000000000033 0.86602540378443849 0 
1 -35.5 5.2623956929659998 23 0.49999999999999989 0.86602540378443882 0 0 0 -1 -0.86602540378443882 0.49999999999999989 0 
1 -27.5 19.118802153516999 23 -1 -3.3306690738754701e-16 0 0 0 1 -3.3306690738754701e-16 1 0 
1 -27.5 9.8811978464829995 23 -0.49999999999999989 0.86602540378443882 0 -0.86602540378443882 -0.49999999999999989 0 0 0 1 
5 -35.5 14.5 -30 0 0 -1 -0.500000000000001 0.86602540378443804 0 0.86602540378443804 0.500000000000001 0 5.7000000000000002 0.5
5 -35.5 14.5 -30 0 0 -1 -0.500000000000001 0.86602540378443804 0 0.86602540378443804 0.500000000000001 0 6.7000000000000002 0.5
5 -35.5 14.5 -30 0 0 -1 -0.500000000000001 0.86602540378443804 0 0.86602540378443804 0.500000000000001 0 5.7000000000000002 0.5
1 -35.5 14.5 -30.5 0 0 -1 0.86602540378443882 0.49999999999999989 0 0.49999999999999989 -0.86602540378443882 0 
5 -35.5 14.5 -30 0 0 -1 -0.500000000000001 0.86602540378443804 0 0.86602540378443804 0.500000000000001 0 6.7000000000000002 0.5
1 -35.5 14.5 -29.5 0 0 -1 0.86602540378443882 0.49999999999999989 0 0.49999999999999989 -0.86602540378443882 0 
5 -35.5 14.5 -25 0 0 -1 -0.500000000000001 0.86602540378443804 0 0.86602540378443804 0.500000000000001 0 6.5447839840064601 2
1 -35.5 14.5 -23 0 0 -1 0.86602540378443882 0.49999999999999989 0 0.49999999999999989 -0.86602540378443882 0 
5 -35.5 14.5 -25 0 0 -1 -0.500000000000001 0.86602540378443804 0 0.86602540378443804 0.500000000000001 0 6.5447839840064601 2
1 -28.100000000000001 10.2276080079968 -30.5 -0.49999999999999989 0.86602540378443882 0 0.86602540378443882 0.49999999999999989 0 0 0 -1 
1 -28.100000000000001 18.7723919920033 -30.5 -1 -7.2164496600635205e-16 -0 0 0 -1 7.2164496600635205e-16 -1 0 
1 -35.5 23.0447839840065 -30.5 -0.49999999999999989 -0.86602540378443882 -0 -0.86602540378443882 0.49999999999999989 0 0 0 -1 
1 -42.899999999999999 18.7723919920033 -30.5 0.49999999999999989 -0.86602540378443882 -0 -0.86602540378443882 -0.49999999999999989 0 -0 0 -1 
2 -35.5 14.5 -30.5 0 0 -1 0.500000000000001 -0.86602540378443804 0 -0.86602540378443804 -0.500000000000001 -0 5.0000000000000098
2 -35.5 14.5 -30.5 0 0 -1 0.500000000000001 -0.86602540378443804 0 -0.86602540378443804 -0.500000000000001 -0 5.0000000000000098
5 -35.5 14.5 -27.192521789935 0 0 -1 -0.500000000000001 0.86602540378443804 0 0.86602540378443804 0.500000000000001 0 6.2373057739414204 2.6521604325002399
5 -35.5 14.5 -27.192521789935 0 0 -1 -0.500000000000001 0.86602540378443804 0 0.86602540378443804 0.500000000000001 0 6.2373057739414204 2.6521604325002399
5 -35.5 14.5 -27.192521789935 0 0 -1 -0.500000000000001 0.86602540378443804 0 0.86602540378443804 0.500000000000001 0 6.2373057739414204 2.6521604325002399
5 -35.5 14.5 -27.192521789935 0 0 -1 -0.500000000000001 0.86602540378443804 0 0.86602540378443804 0.500000000000001 0 6.2373057739414204 2.6521604325002399
1 -35.5 5.9552160159935497 -30.5 0.49999999999999989 0.86602540378443882 -0 0 0 1 0.86602540378443882 -0.49999999999999989 0 
5 -35.5 14.5 -27.192521789935 0 0 -1 -0.500000000000001 0.86602540378443804 0 0.86602540378443804 0.500000000000001 0 6.2373057739414204 2.6521604325002399
1 -42.899999999999999 10.2276080079968 -30.5 1 7.2164496600635205e-16 -0 0 0 1 7.2164496600635205e-16 -1 0 
5 -35.5 14.5 -27.192521789935 0 0 -1 -0.500000000000001 0.86602540378443804 0 0.86602540378443804 0.500000000000001 0 6.2373057739414204 2.6521604325002399
2 -35.5 14.5 -19 0 0 -1 1 0 0 0 -1 0 5.25
2 -35.5 14.5 -19 0 0 -1 1 0 0 0 -1 0 5.25
1 -35.5 14.5 19 0 0 1 1 0 -0 -0 1 0 
1 -35.5 14.5 -19 0 0 1 1 0 -0 -0 1 0 
5 -35.5 14.5 -11.2284929362282 0 0 1 1 0 -0 -0 1 0 45 5
3 -35.5 14.5 -15 -0 -0 1 1 0 0 -0 1 0 49.999999999999901
1.29249666778978
5 -35.5 14.5 -11.2284929362282 0 0 1 1 0 -0 -0 1 0 45 5
2 -35.5 14.5 19 0 0 1 -1 0 0 0 -1 0 50
1 -35.5 14.5 -19 0 0 1 1 0 -0 -0 1 0 
3 -35.5 14.5 -15 -0 -0 1 1 0 0 -0 1 0 49.999999999999901
1.29249666778978
3 -35.5 14.5 -15.9701113873386 0 -0 1 -1 0 0 -0 -1 0 35
1.42044515472119
3 -35.5 14.5 -15.9701113873386 0 -0 1 -1 0 0 -0 -1 0 35
1.42044515472119
1 -15.7764350147293 11.1862431785355 -93.568542494923804 -0.59944468158981812 0.8004161878133661 0 0 0 1 0.8004161878133661 0.59944468158981812 -0 
2 -35.5 14.5 -93.568542494923804 0 0 -1 1 0 0 0 -1 0 20
1 -17.267707097349 -3.7893918531276798 -93.568542494923804 -0.99624196204823579 0.086613815608605982 0 0 0 1 0.086613815608605982 0.99624196204823579 -0 
1 -11.3411764142237 -11.9465615364991 -19 0.80901699437495067 0.58778525229246881 0 0 0 -1 -0.58778525229246881 0.80901699437495067 0 
2 -35.5 14.5 -9 0 0 1 -1 0 0 0 -1 0 35
1 -17.813312369223301 -16.648843554838798 -19 -0.80901699437495111 -0.58778525229246814 0 -0.58778525229246814 0.80901699437495111 0 -0 0 -1 
1 -32.5566532483641 -5.28223217687108 -93.568542494923804 0.57600243736909695 0.81744797519160795 0 0 0 -1 -0.81744797519160795 0.57600243736909695 0 
2 -35.5 14.5 -93.568542494923804 0 0 -1 1 0 0 0 -1 0 20
1 -47.260156947651801 -8.4916738714672704 -93.568542494923804 -0.22548106304659193 0.97424755078336178 0 0 0 1 0.97424755078336178 0.22548106304659193 -0 
1 -53.186687630777101 -16.648843554838599 -19 0.80901699437494223 -0.58778525229248024 0 0 0 -1 0.58778525229248024 0.80901699437494223 0 
1 -59.658823585776702 -11.946561536498701 -19 -0.80901699437494223 0.58778525229248024 0 0 0 1 0.58778525229248024 0.80901699437494223 -0 
1 -54.899493360708703 9.6358806194933493 -93.568542494923804 0.99624196204823712 0.086613815608591313 0 0 0 -1 -0.086613815608591313 0.99624196204823712 0 
1 -61.000469609333003 18.5797559423082 -93.568542494923804 0.85688700126598549 0.51550428423184536 0 0 0 -1 -0.51550428423184536 0.85688700126598549 0 
1 -35.5 14.5 -9 0 0 -1 0 -1 0 -1 -0 -0 
1 -35.5 14.5 -9 0 0 -1 0 -1 0 -1 -0 -0 
2 -35.5 14.5 -9 0 0 1 -1 0 0 0 -1 0 35
1 -35.5 14.5 -9 0 0 -1 0 -1 0 -1 -0 -0 
5 -35.5 14.5 11.2284929362282 0 0 -1 -1 0 0 0 1 0 45 5
3 -35.5 14.5 19 -0 -0 -1 -1 0 0 0 1 -0 36
1.29249666778978
5 -35.5 14.5 11.2284929362282 0 0 -1 -1 0 0 0 1 0 45 5
1 -35.5 14.5 19 0 0 1 1 0 -0 -0 1 0 
3 -35.5 14.5 19 -0 -0 -1 -1 0 0 0 1 -0 36
1.29249666778978
3 -35.5 14.5 15.9701113873386 -0 -0 -1 -1 0 0 0 1 -0 35
1.42044515472119
3 -35.5 14.5 15.9701113873386 -0 -0 -1 -1 0 0 0 1 -0 35
1.42044515472119
1 -9.9995303906669903 18.579755942307798 75.568542494923804 -0.85688700126597817 0.51550428423185712 0 0 0 1 0.51550428423185723 0.85688700126597828 -0 
1 -0.41020231000108298 21.695517509355401 19 -0.3090169943749449 0.95105651629515453 0 0 0 1 0.95105651629515453 0.3090169943749449 -0 
2 -35.5 14.5 9 0 0 -1 1 0 0 0 -1 0 35
1 -2.8823382650006502 29.303969639716701 19 0.30901699437494518 -0.95105651629515442 0 0 0 -1 0.95105651629515442 0.30901699437494518 0 
1 -21.491078126597699 28.774106204765001 75.568542494923804 -0.014488103700988703 -0.99989504191747525 0 -0.99989504191747525 0.014488103700988703 0 -0 0 -1 
2 -35.5 14.5 75.568542494923804 0 0 1 -1 0 0 0 -1 0 20
1 -31.5 40.013101709617999 75.568542494923804 -0.75506635434694924 -0.65564838178188722 0 -0.65564838178188722 0.75506635434694924 0 -0 0 -1 
1 -31.5 50.095917942265402 19 -1 1.0842021724855e-16 0 0 0 1 1.0842021724855e-16 1 -0 
1 -39.5 50.095917942265402 19 1 1.0842021724855e-16 0 -1.0842021724855e-16 1 0 0 -0 1 
1 -44.746486788578601 32.234217830754197 75.568542494923804 0.94647962496695925 -0.32276356597733308 0 0 0 -1 0.32276356597733308 0.94647962496695925 0 
2 -35.5 14.5 75.568542494923804 0 0 1 -1 0 0 0 -1 0 20
1 -58.528333654333302 26.188208072669401 75.568542494923804 0.39023033051808287 -0.92071726884193272 0 0 0 -1 0.92071726884193272 0.39023033051808287 0 
1 -68.117661734999203 29.303969639717099 19 -0.30901699437495805 -0.9510565162951502 0 -0.9510565162951502 0.30901699437495805 0 -0 0 -1 
1 -70.589797689998804 21.695517509355899 19 0.30901699437495805 0.9510565162951502 0 0 0 -1 -0.9510565162951502 0.30901699437495805 0 
1 -55.223564985270798 11.186243178535801 75.568542494923804 0.59944468158983011 0.80041618781335711 0 0 0 -1 -0.80041618781335711 0.59944468158983011 0 
2 -35.5 14.5 9 0 0 -1 1 0 0 0 -1 0 35
1 -59.658823585776702 -11.946561536498701 19 0.80901699437494223 -0.58778525229248024 0 0 0 -1 0.58778525229248024 0.80901699437494223 0 
1 -53.186687630777101 -16.648843554838599 19 -0.80901699437494223 0.58778525229248024 0 0 0 1 0.58778525229248024 0.80901699437494223 -0 
1 -35.5 14.5 9 0 0 1 1 0 -0 -0 1 0 
1 -17.813312369223301 -16.648843554838798 19 0.80901699437495111 0.58778525229246814 0 0 0 -1 -0.58778525229246814 0.80901699437495111 0 
1 -11.3411764142237 -11.9465615364991 19 -0.80901699437495067 -0.58778525229246881 0 -0.58778525229246881 0.80901699437495067 0 -0 0 -1 
1 -35.5 14.5 9 0 0 1 1 0 -0 -0 1 0 
1 -35.5 14.5 9 0 0 1 1 0 -0 -0 1 0 
2 -35.5 14.5 19 0 0 1 -1 0 0 0 -1 0 50
2 -35.5 14.5 -93.568542494923804 0 0 -1 1 0 0 0 -1 0 20
1 -49.508921873402201 28.7741062047652 -93.568542494923804 0.014488103700974805 -0.99989504191747536 0 0 0 -1 0.99989504191747536 0.014488103700974805 0 
1 -35.5 14.5 -9 0 0 -1 0 -1 0 -1 -0 -0 
1 -39.5 40.013101709617999 -93.568542494923804 0.75506635434694969 -0.65564838178188667 0 0 0 -1 0.65564838178188667 0.75506635434694969 0 
1 -70.589797689998804 21.695517509355899 -19 -0.30901699437495805 -0.9510565162951502 0 -0.9510565162951502 0.30901699437495805 0 -0 0 -1 
1 -0.41020231000108298 21.695517509355401 -19 0.3090169943749449 -0.95105651629515453 0 0 0 -1 0.95105651629515453 0.3090169943749449 0 
1 -35.5 14.5 -9 0 0 -1 0 -1 0 -1 -0 -0 
1 -2.8823382650006502 29.303969639716701 -19 -0.30901699437494518 0.95105651629515442 0 0 0 1 0.95105651629515442 0.30901699437494518 -0 
1 -12.4716663456666 26.188208072668999 -93.568542494923804 -0.39023033051809614 -0.92071726884192717 -0 -0.92071726884192717 0.39023033051809614 0 0 0 -1 
2 -35.5 14.5 -93.568542494923804 0 0 -1 1 0 0 0 -1 0 20
1 -26.253513211421399 32.234217830754297 -93.568542494923804 -0.94647962496695925 -0.32276356597733308 -0 -0.32276356597733308 0.94647962496695925 0 0 0 -1 
1 -31.5 50.095917942265402 -19 1 -1.0842021724855e-16 0 -1.0842021724855e-16 -1 0 0 -0 -1 
1 -58.203010960349303 -9.9428073592667801 75.568542494923804 0.95543376548669912 -0.29520555511017604 0 0 0 -1 0.29520555511017604 0.95543376548669912 0 
2 -35.5 14.5 75.568542494923804 0 0 1 -1 0 0 0 -1 0 20
1 -35.5 14.5 9 0 0 1 1 0 -0 -0 1 0 
2 -35.5 14.5 75.568542494923804 0 0 1 -1 0 0 0 -1 0 20
1 -38.443346751636199 -5.2822321768710401 75.568542494923804 -0.57600243736908463 0.81744797519161649 0 0 0 1 0.8174479751916166 0.57600243736908474 -0 
1 -23.739843052348601 -8.4916738714674391 75.568542494923804 0.22548106304660612 0.97424755078335845 0 0 0 -1 -0.97424755078335845 0.22548106304660612 0 
2 -35.5 14.5 75.568542494923804 0 0 1 -1 0 0 0 -1 0 20
1 -17.595523347916998 5.5876649628162003 75.568542494923804 -0.95543376548670356 -0.29520555511016189 0 -0.29520555511016189 0.95543376548670356 0 -0 0 -1 
1 -35.5 14.5 9 0 0 1 1 0 -0 -0 1 0 
1 -39.5 50.095917942265402 -19 -1 -1.0842021724855e-16 0 -1.0842021724855e-16 1 0 -0 0 -1 
1 -68.117661734999203 29.303969639717099 -19 0.30901699437495805 0.9510565162951502 0 0 0 -1 -0.9510565162951502 0.30901699437495805 0 
Triangulations 0

TShapes 1603
Ve
1e-07
1.53080849893419e-15 100 12.5
0 0

0101101
*
Ve
1e-07
0 100 -12.5
0 0

0101101
*
Ed
 1e-07 1 1 0
1  1 0 0 3.14159265358979
2  1 1 0 0 3.14159265358979
4 C0 1 0 2 0
0

0101000
+1603 0 -1602 0 *
Ve
1e-07
1.53080849893419e-15 85 12.5
0 0

0101101
*
Ed
 1e-07 1 1 0
1  2 0 -0 15
2  2 1 0 -0 15
2  3 3 0 -0 15
4 CN 1 0 3 0
0

0101000
+1603 0 -1600 0 *
Ve
1e-07
0 85 -12.5
0 0

0101101
*
Ed
 1e-07 1 1 0
1  3 0 0 3.14159265358979
2  4 1 0 0 3.14159265358979
4 C0 1 0 4 0
0

0101000
+1600 0 -1598 0 *
Ed
 1e-07 1 1 0
1  4 0 -0 15
2  5 1 0 -0 15
2  6 3 0 -0 15
4 CN 1 0 3 0
0

0101000
+1602 0 -1598 0 *
Wi

0101100
-1601 0 +1599 0 +1597 0 -1596 0 *
Fa
0  1e-07 1 0

0111000
+1595 0 *
Ve
0.000587685958288543
-23.6333276603065 79.5357388880958 -20.0100519365079
0 0

0101101
*
Ve
7.26499794577593e-05
-22.9131745622631 80.5347871096776 -19.3645663901689
0 0

0101101
*
Ed
 1e-07 1 1 0
1  5 0 4.7457104341845 6.28318530717959
2  7 5 0 4.7457104341845 6.28318530717959
2  8 6 0 4.7457104341845 6.28318530717959
4 C0 5 0 6 0
0

0101000
+1593 0 -1592 0 *
Ve
7.26499794577593e-05
-30 80.21505571281 0
0 0

0101101
*
Ed
 7.26499794577593e-05 1 1 0
1  6 0 5.58152647342221 6.28318530717959
2  9 5 0 5.58152647342221 6.28318530717959
2  10 7 0 5.58152647342221 6.28318530717959
4 C0 5 0 7 0
0

0101000
+1592 0 -1590 0 *
Ve
7.48121232826827e-05
-30.9563806126347 79.2160074912281 0
0 0

0101101
*
Ed
 1e-07 1 1 0
1  7 0 4.75602221168451 6.28318530717959
2  11 5 0 4.75602221168451 6.28318530717959
2  12 8 0 4.75602221168451 6.28318530717959
4 G2 5 0 8 0
0

0101000
+1588 0 -1590 0 *
Ed
 7.48121216482268e-05 1 1 0
1  8 0 0 0.701658833757373
2  13 5 0 0 0.701658833757373
4 G1 5 0 9 0
0

0101000
+1588 0 -1593 0 *
Wi

0101100
+1591 0 +1589 0 -1587 0 +1586 0 *
Fa
0  1e-07 5 0

0101000
+1585 0 *
Ve
1e-07
0 81.5 -30
0 0

0101101
*
Ve
1e-07
3.67394039744206e-15 81.5 30
0 0

0101101
*
Ed
 1e-07 1 1 0
1  9 0 3.14159265358979 6.28318530717959
2  14 10 0 3.14159265358979 6.28318530717959
2  15 11 0 3.14159265358979 6.28318530717959
4 G1 10 0 11 0
0

0101000
+1583 0 -1582 0 *
Ve
1e-07
3.45962720759127e-15 85 -26.5
0 0

0101101
*
Ed
 1e-07 1 1 0
1  10 0 0 1.5707963267949
2  16 10 0 0 1.5707963267949
2  17 12 0 0 1.5707963267949
4 CN 10 0 12 0
0

0101000
+1583 0 -1580 0 *
Ve
1e-07
0 85 26.5
0 0

0101101
*
Ed
 1e-07 1 1 0
1  11 0 0 3.14159265358979
2  18 10 0 0 3.14159265358979
4 G1 10 0 4 0
0

0101000
+1578 0 -1580 0 *
Ed
 1e-07 1 1 0
1  12 0 0 1.5707963267949
2  19 10 0 0 1.5707963267949
2  20 12 0 0 1.5707963267949
4 CN 10 0 12 0
0

0101000
+1582 0 -1578 0 *
Wi

0101100
-1581 0 +1579 0 -1577 0 -1576 0 *
Fa
0  1e-07 10 0

0111000
+1575 0 *
Ve
1e-07
-30.5 14.5 20
0 0

0101101
*
Ve
1e-07
-30.5 14.5 23
0 0

0101101
*
Ed
 1e-07 1 1 0
1  13 0 50 53
2  21 13 0 50 53
2  22 14 0 50 53
4 CN 13 0 14 0
0

0101000
+1573 0 -1572 0 *
Ve
1e-07
-40.5 14.5 23
0 0

0101101
*
Ed
 1e-07 1 1 0
1  14 0 3.14159265358979 6.28318530717959
2  23 13 0 3.14159265358979 6.28318530717959
4 C0 13 0 15 0
0

0101000
+1570 0 -1572 0 *
Ve
1e-07
-40.5 14.5 20
0 0

0101101
*
Ed
 1e-07 1 1 0
1  15 0 50 53
2  24 13 0 50 53
2  25 14 0 50 53
4 CN 13 0 14 0
0

0101000
+1568 0 -1570 0 *
Ed
 1e-07 1 1 0
1  16 0 3.14159265358979 6.28318530717959
2  26 13 0 3.14159265358979 6.28318530717959
4 C0 13 0 16 0
0

0101000
+1568 0 -1573 0 *
Wi

0101100
+1571 0 -1569 0 -1567 0 +1566 0 *
Fa
0  1e-07 13 0

0111000
+1565 0 *
Ve
1e-07
-30.5 14.5 -23
0 0

0101101
*
Ve
1e-07
-30.5 14.5 -20
0 0

0101101
*
Ed
 1e-07 1 1 0
1  17 0 7 10
2  27 17 0 7 10
2  28 18 0 7 10
4 CN 17 0 18 0
0

0101000
+1563 0 -1562 0 *
Ve
1e-07
-40.5 14.5 -20
0 0

0101101
*
Ed
 1e-07 1 1 0
1  18 0 3.14159265358979 6.28318530717959
2  29 17 0 3.14159265358979 6.28318530717959
4 C0 17 0 19 0
0

0101000
+1560 0 -1562 0 *
Ve
1e-07
-40.5 14.5 -23
0 0

0101101
*
Ed
 1e-07 1 1 0
1  19 0 7 10
2  30 17 0 7 10
2  31 18 0 7 10
4 CN 17 0 18 0
0

0101000
+1558 0 -1560 0 *
Ed
 1e-07 1 1 0
1  20 0 3.14159265358979 6.28318530717959
2  32 17 0 3.14159265358979 6.28318530717959
4 C0 17 0 20 0
0

0101000
+1558 0 -1563 0 *
Wi

0101100
+1561 0 -1559 0 -1557 0 +1556 0 *
Fa
0  1e-07 17 0

0111000
+1555 0 *
Ve
1e-07
0 82 -27
0 0

0101101
*
Ve
1e-07
0 22 -27
0 0

0101101
*
Ed
 1e-07 1 1 0
1  21 0 3 63
2  33 21 0 3 63
2  34 22 0 3 63
4 CN 21 0 22 0
0

0101000
+1553 0 -1552 0 *
Ve
1e-07
-14.9248115565993 5.58270728774078 -22.5
0 0

0101101
*
Ed
 1e-07 1 1 0
1  22 0 4.71238898038469 5.29807452384184
2  35 21 0 4.71238898038469 5.29807452384184
4 C0 21 0 23 0
0

0101000
+1552 0 -1550 0 *
Ve
0.000285674529618099
-14.9248115565993 75.9362846661345 -22.5
0 0

0101101
*
Ed
 1e-07 1 1 0
1  23 0 9.0637153338655 79.4172927122592
2  36 21 0 9.0637153338655 79.4172927122592
2  37 24 0 9.0637153338655 79.4172927122592
4 G1 21 0 24 0
0

0101000
+1548 0 -1550 0 *
Ve
0.000306770149252711
-18.4058499304483 76.7611174393247 -19.7541056071344
0 0

0101101
*
Ed
 0.000223475013427447 1 1 0
1  24 0 4.9065389333868e-18 0.00451848093350326
2  38 21 0 4.9065389333868e-18 0.00451848093350326
2  39 25 0 4.9065389333868e-18 0.00451848093350326
4 C0 21 0 25 0
0

0101000
+1546 0 -1548 0 *
Ve
0.000306770150402827
-18.4058499304482 76.7611174393247 19.7541056071344
0 0

0101101
*
Ed
 1e-07 1 1 0
1  25 0 5.46247014574974 7.10390046860943
2  40 21 0 5.46247014574974 7.10390046860943
4 C0 21 0 26 0
0

0101000
+1546 0 -1544 0 *
Ve
0.000285674529483055
-14.9248115565993 75.9362846661345 22.5
0 0

0101101
*
Ed
 0.000223473298058067 1 1 0
1  26 0 -1.96530074357725e-05 0.00451205146820787
2  41 21 0 -1.96530074357725e-05 0.00451205146820787
2  42 27 0 -1.96530074357725e-05 0.00451205146820787
4 C0 21 0 27 0
0

0101000
+1542 0 -1544 0 *
Ve
1e-07
-14.9248115565993 5.58270728774078 22.5
0 0

0101101
*
Ed
 1e-07 1 1 0
1  27 0 -79.4172927122592 -9.0637153338655
2  43 21 0 -79.4172927122592 -9.0637153338655
2  44 28 0 -79.4172927122592 -9.0637153338655
4 G1 21 0 28 0
0

0101000
+1540 0 -1542 0 *
Ve
1e-07
3.30654635769785e-15 22 27
0 0

0101101
*
Ed
 1e-07 1 1 0
1  28 0 0.985110783337746 1.5707963267949
2  45 21 0 0.985110783337746 1.5707963267949
4 C0 21 0 23 0
0

0101000
+1540 0 -1538 0 *
Ve
1e-07
3.30654635769785e-15 82 27
0 0

0101101
*
Ed
 1e-07 1 1 0
1  29 0 3 63
2  46 21 0 3 63
2  47 22 0 3 63
4 CN 21 0 22 0
0

0101000
+1536 0 -1538 0 *
Ed
 1e-07 1 1 0
1  30 0 3.14159265358979 6.28318530717959
2  48 21 0 3.14159265358979 6.28318530717959
4 C0 21 0 29 0
0

0101000
+1553 0 -1536 0 *
Wi

0101100
+1551 0 +1549 0 -1547 0 -1545 0 +1543 0 -1541 0 -1539 0 +1537 0 -1535 0 -1534 0 
*
Fa
0  1e-07 21 0

0101000
+1533 0 *
Ve
1e-07
3.67394039744206e-15 22 30
0 0

0101101
*
Ed
 1e-07 1 1 0
1  31 0 3.5 63
2  49 11 0 3.5 63
2  50 7 0 3.5 63
4 CN 11 0 7 0
0

0101000
+1582 0 -1531 0 *
Ve
1e-07
0 22 -30
0 0

0101101
*
Ed
 1e-07 1 1 0
1  32 0 1.5707963267949 4.71238898038469
2  51 11 0 1.5707963267949 4.71238898038469
4 C0 11 0 23 0
0

0101000
+1531 0 -1529 0 *
Ed
 1e-07 1 1 0
1  33 0 3.5 63
2  52 11 0 3.5 63
2  53 7 0 3.5 63
4 CN 11 0 7 0
0

0101000
+1583 0 -1529 0 *
Wi

0101100
+1581 0 +1530 0 +1528 0 -1527 0 *
Fa
0  1e-07 11 0

0111000
+1526 0 *
Ed
 1e-07 1 1 0
1  34 0 3.14159265358979 6.28318530717959
2  54 12 0 3.14159265358979 6.28318530717959
4 G1 4 0 12 0
0

0101000
+1580 0 -1578 0 *
Wi

0101100
+1577 0 +1524 0 *
Ed
 1e-07 1 1 0
1  35 0 3.14159265358979 6.28318530717959
2  55 3 0 3.14159265358979 6.28318530717959
4 C0 4 0 3 0
0

0101000
+1598 0 -1600 0 *
Wi

0101100
-1522 0 -1597 0 *
Fa
0  1e-07 4 0

0111000
+1523 0 +1521 0 *
Ve
1e-07
-24.1039415863879 0 -23
0 0

0101101
*
Ve
9.4707984729441e-05
-21.7694795444795 0 -23.1827706039594
0 0

0101101
*
Ed
 1e-07 1 1 0
1  36 0 0 0.156266005016844
2  56 31 0 0 0.156266005016844
4 C0 30 0 31 0
0

0101000
+1519 0 -1518 0 *
Ve
0.00011789668920056
-21.7694795444795 0 -20.0699464908037
0 0

0101101
*
Ed
 1e-07 1 1 0
1  37 0 -23.1827706039594 -20.0699464908037
2  57 32 0 -23.1827706039594 -20.0699464908037
4 G1 30 0 32 0
0

0101000
+1518 0 -1516 0 *
Ve
1e-07
-23.2163735324878 0 -20
0 0

0101101
*
Ed
 1e-07 1 1 0
1  38 0 6.18657549419098 6.28318530717959
2  58 24 0 6.18657549419098 6.28318530717959
4 C0 30 0 24 0
0

0101000
+1516 0 -1514 0 *
Ve
1e-07
-44 0 -20
0 0

0101101
*
Ed
 1e-07 1 1 0
1  39 0 -44 -23.2163735324878
4 C0 30 0 19 0
0

0101000
+1512 0 -1514 0 *
Ve
1e-07
-44 0 -23
0 0

0101101
*
Ed
 1e-07 1 1 0
1  40 0 20 23
2  59 33 0 20 23
4 G1 30 0 33 0
0

0101000
+1512 0 -1510 0 *
Ed
 1e-07 1 1 0
1  41 0 4 23.8960584136121
4 C0 30 0 20 0
0

0101000
+1510 0 -1519 0 *
Wi

0101100
+1517 0 +1515 0 +1513 0 -1511 0 +1509 0 +1508 0 *
Fa
0  1e-07 30 0

0111000
-1507 0 *
Ed
 1e-07 1 1 0
1  42 0 0 3.14159265358979
2  60 7 0 0 3.14159265358979
2  61 12 0 0 3.14159265358979
4 G1 7 0 12 0
0

0101000
+1582 0 -1583 0 *
Ve
1e-07
-16.0692943909253 4.32377616998222 -25.3333333333333
0 0

0101101
*
Ed
 1e-07 1 1 0
1  43 0 4.71238898038469 5.27765816440369
2  62 7 0 4.71238898038469 5.27765816440369
4 C0 7 0 23 0
0

0101000
+1529 0 -1504 0 *
Ve
0.000587685958288543
-16.0692943909253 76.9332937118367 -25.3333333333333
0 0

0101101
*
Ed
 1e-07 1 1 0
1  44 0 -80.6762238300178 -8.0667062881633
2  63 7 0 -80.6762238300178 -8.0667062881633
2  64 31 0 -80.6762238300178 -8.0667062881633
4 G1 7 0 31 0
0

0101000
+1504 0 -1502 0 *
Ed
 5.75827190783802e-05 1 1 0
1  45 0 -1.91197238567402e-05 0.0099343971978843
2  65 7 0 -1.91197238567402e-05 0.0099343971978843
2  66 6 0 -1.91197238567402e-05 0.0099343971978843
4 C0 7 0 6 0
0

0101000
+1502 0 -1592 0 *
Ve
7.26499793772894e-05
-22.9131745622631 80.5347871096776 19.3645663901689
0 0

0101101
*
Ed
 7.26499793772894e-05 1 1 0
1  46 0 0 0.701658833757373
2  67 7 0 0 0.701658833757373
2  68 8 0 0 0.701658833757373
4 C0 7 0 8 0
0

0101000
+1590 0 -1499 0 *
Ve
0.000587689031651253
-16.0692943909253 76.9332937118367 25.3333333333333
0 0

0101101
*
Ed
 5.75839874115747e-05 1 1 0
1  47 0 0 0.00991677949356217
2  69 7 0 0 0.00991677949356217
2  70 34 0 0 0.00991677949356217
4 C0 7 0 34 0
0

0101000
+1499 0 -1497 0 *
Ve
1e-07
-16.0692943909253 4.32377616998222 25.3333333333333
0 0

0101101
*
Ed
 1e-07 1 1 0
1  48 0 8.0667062881633 80.6762238300178
2  71 7 0 8.0667062881633 80.6762238300178
2  72 35 0 8.0667062881633 80.6762238300178
4 G1 7 0 35 0
0

0101000
+1497 0 -1495 0 *
Ed
 1e-07 1 1 0
1  49 0 1.0055271427759 1.5707963267949
2  73 7 0 1.0055271427759 1.5707963267949
4 C0 7 0 23 0
0

0101000
+1495 0 -1531 0 *
Wi

0101100
-1530 0 +1505 0 +1527 0 +1503 0 +1501 0 +1500 0 +1589 0 +1498 0 +1496 0 +1494 0 
+1493 0 *
Fa
0  1e-07 7 0

0101000
+1492 0 *
Ve
1e-07
-23.2163735324878 0 20
0 0

0101101
*
Ve
0.000104199222870009
-21.7694795444795 0 20.0699464908037
0 0

0101101
*
Ed
 1e-07 1 1 0
1  50 0 3.14159265358979 3.23820246657842
2  74 28 0 3.14159265358979 3.23820246657842
4 C0 36 0 28 0
0

0101000
+1490 0 -1489 0 *
Ve
0.000110897663932003
-21.7694795444795 0 23.1827706039594
0 0

0101101
*
Ed
 1e-07 1 1 0
1  51 0 20.0699464908037 23.1827706039594
2  75 37 0 20.0699464908037 23.1827706039594
4 G1 36 0 37 0
0

0101000
+1489 0 -1487 0 *
Ve
1e-07
-24.1039415863879 0 23
0 0

0101101
*
Ed
 1e-07 1 1 0
1  52 0 2.98532664857295 3.14159265358979
2  76 35 0 2.98532664857295 3.14159265358979
4 C0 36 0 35 0
0

0101000
+1487 0 -1485 0 *
Ve
1e-07
-44 0 23
0 0

0101101
*
Ed
 1e-07 1 1 0
1  53 0 4 23.8960584136121
4 C0 36 0 15 0
0

0101000
+1483 0 -1485 0 *
Ve
1e-07
-44 0 20
0 0

0101101
*
Ed
 1e-07 1 1 0
1  54 0 -23 -20
2  77 38 0 -23 -20
4 G1 36 0 38 0
0

0101000
+1483 0 -1481 0 *
Ed
 1e-07 1 1 0
1  55 0 -44 -23.2163735324878
4 C0 36 0 16 0
0

0101000
+1481 0 -1490 0 *
Wi

0101100
+1488 0 +1486 0 +1484 0 -1482 0 +1480 0 +1479 0 *
Fa
0  1e-07 36 0

0111000
-1478 0 *
Ve
1e-07
-48 75.4690089427119 23
0 0

0101101
*
Ve
1e-07
-48 4 23
0 0

0101101
*
Ed
 1e-07 1 1 0
1  56 0 4.53099105728811 76
4 C0 15 0 39 0
0

0101000
+1476 0 -1475 0 *
Ed
 1e-07 1 1 0
1  57 0 3.14159265358979 4.71238898038469
2  78 38 0 3.14159265358979 4.71238898038469
4 C0 15 0 38 0
0

0101000
+1475 0 -1483 0 *
Ve
0.000248207812858474
-24.1039415863879 76.5123333848472 23
0 0

0101101
*
Ed
 1e-07 1 1 0
1  58 0 0 76.5123333848472
2  79 35 0 0 76.5123333848472
4 G1 15 0 35 0
0

0101000
+1485 0 -1472 0 *
Ed
 1e-07 1 1 0
1  59 0 20.7435788668539 44.6624027007785
2  80 40 0 20.7435788668539 44.6624027007785
4 G1 15 0 40 0
0

0101000
+1472 0 -1476 0 *
Wi

0101100
+1474 0 +1473 0 +1482 0 +1471 0 +1470 0 *
Ed
 1e-07 1 1 0
1  60 0 0 3.14159265358979
2  81 14 0 0 3.14159265358979
4 C0 15 0 14 0
0

0101000
+1572 0 -1570 0 *
Wi

0101100
-1468 0 -1569 0 *
Fa
0  1e-07 15 0

0101000
+1469 0 +1467 0 *
Ve
1e-07
-48 4 -23
0 0

0101101
*
Ed
 1e-07 1 1 0
1  61 0 1.5707963267949 3.14159265358979
2  82 33 0 1.5707963267949 3.14159265358979
4 C0 20 0 33 0
0

0101000
+1510 0 -1465 0 *
Ve
1e-07
-48 75.4690089427119 -23
0 0

0101101
*
Ed
 1e-07 1 1 0
1  62 0 4.53099105728811 76
4 C0 20 0 39 0
0

0101000
+1463 0 -1465 0 *
Ve
0.000248207812901815
-24.1039415863879 76.5123333848472 -23
0 0

0101101
*
Ed
 1e-07 1 1 0
1  63 0 -24.0498066626501 -0.130982828725529
2  83 41 0 -24.0498066626501 -0.130982828725529
4 G1 20 0 41 0
0

0101000
+1463 0 -1461 0 *
Ed
 1e-07 1 1 0
1  64 0 -75.6998296975312 0.812503687315953
2  84 31 0 -75.6998296975312 0.812503687315953
4 G1 20 0 31 0
0

0101000
+1461 0 -1519 0 *
Wi

0101100
-1508 0 +1464 0 -1462 0 +1460 0 +1459 0 *
Ed
 1e-07 1 1 0
1  65 0 0 3.14159265358979
2  85 18 0 0 3.14159265358979
4 C0 20 0 18 0
0

0101000
+1563 0 -1558 0 *
Wi

0101100
+1457 0 +1556 0 *
Fa
0  1e-07 20 0

0101000
-1458 0 -1456 0 *
Ve
1e-07
-48 74.4680562575486 20
0 0

0101101
*
Ve
1e-07
-48 4 20
0 0

0101101
*
Ed
 1e-07 1 1 0
1  66 0 5.5319437424514 76
4 C0 39 0 16 0
0

0101000
+1454 0 -1453 0 *
Ed
 1e-07 1 1 0
1  67 0 -3 0
2  86 38 0 -3 0
4 G1 39 0 38 0
0

0101000
+1453 0 -1475 0 *
Ve
1e-07
-48 78.4718669982018 20
0 0

0101101
*
Ed
 1e-07 1 1 0
1  68 0 4.71238898038469 6.28318530717959
2  87 40 0 4.71238898038469 6.28318530717959
4 C0 39 0 40 0
0

0101000
+1476 0 -1450 0 *
Ve
1e-07
-48 78.4718669982018 -20
0 0

0101101
*
Ed
 1e-07 1 1 0
1  69 0 3 43
4 C0 39 0 9 0
0

0101000
+1450 0 -1448 0 *
Ed
 1e-07 1 1 0
1  70 0 -8.88178419700125e-16 1.5707963267949
2  88 41 0 -8.88178419700125e-16 1.5707963267949
4 C0 39 0 41 0
0

0101000
+1448 0 -1463 0 *
Ve
1e-07
-48 4 -20
0 0

0101101
*
Ed
 1e-07 1 1 0
1  71 0 -46 -43
2  89 33 0 -46 -43
4 G1 39 0 33 0
0

0101000
+1465 0 -1445 0 *
Ve
1e-07
-48 74.4680562575486 -20
0 0

0101101
*
Ed
 1e-07 1 1 0
1  72 0 5.5319437424514 76
4 C0 39 0 19 0
0

0101000
+1443 0 -1445 0 *
Ve
1e-07
-48 75.4690089427119 -19
0 0

0101101
*
Ed
 1e-07 1 1 0
1  73 0 1.5707963267949 3.14159265358979
2  90 42 0 1.5707963267949 3.14159265358979
4 C0 39 0 42 0
0

0101000
+1443 0 -1441 0 *
Ve
1e-07
-48 75.4690089427119 19
0 0

0101101
*
Ed
 1e-07 1 1 0
1  74 0 4 42
4 C0 39 0 26 0
0

0101000
+1439 0 -1441 0 *
Ed
 1e-07 1 1 0
1  75 0 3.14159265358979 4.71238898038469
2  91 43 0 3.14159265358979 4.71238898038469
4 C0 39 0 43 0
0

0101000
+1439 0 -1454 0 *
Wi

0101100
+1452 0 +1451 0 -1474 0 +1449 0 +1447 0 +1446 0 +1462 0 +1444 0 -1442 0 +1440 0 
-1438 0 +1437 0 *
Fa
0  1e-07 39 0

0111000
-1436 0 *
Ve
5.13032325342043e-05
-24.2347997484839 79.5094780495928 20
0 0

0101101
*
Ve
0.000587689031651253
-23.6333276603065 79.5357388880958 20.0100519365079
0 0

0101101
*
Ed
 5.13032325342043e-05 1 1 0
1  76 0 1.5707963267949 1.60421766431719
2  92 44 0 1.5707963267949 1.60421766431719
4 G1 9 0 44 0
0

0101000
+1434 0 -1433 0 *
Ed
 7.48121232826827e-05 1 1 0
1  77 0 5.58152647342221 6.28318530717959
2  93 8 0 5.58152647342221 6.28318530717959
4 G1 9 0 8 0
0

0101000
+1433 0 -1588 0 *
Ve
5.13032325798311e-05
-24.2347997484839 79.5094780495928 -20
0 0

0101101
*
Ed
 5.13032325798311e-05 1 1 0
1  78 0 4.6789676428624 4.71238898038469
2  94 45 0 4.6789676428624 4.71238898038469
4 G1 9 0 45 0
0

0101000
+1593 0 -1430 0 *
Ed
 1e-07 1 1 0
1  79 0 -23.7878410051991 0
2  95 41 0 -23.7878410051991 0
4 G1 9 0 41 0
0

0101000
+1430 0 -1448 0 *
Ed
 1e-07 1 1 0
1  80 0 0 23.7878410051991
2  96 40 0 0 23.7878410051991
4 G1 9 0 40 0
0

0101000
+1450 0 -1434 0 *
Wi

0101100
+1432 0 +1431 0 +1586 0 +1429 0 +1428 0 -1447 0 +1427 0 *
Fa
0  1e-07 9 0

0101000
-1426 0 *
Ed
 1e-07 1 1 0
1  81 0 1.5707963267949 4.71238898038469
2  97 22 0 1.5707963267949 4.71238898038469
4 C0 22 0 23 0
0

0101000
+1538 0 -1552 0 *
Ed
 1e-07 1 1 0
1  82 0 0 3.14159265358979
2  98 22 0 0 3.14159265358979
4 C0 22 0 29 0
0

0101000
+1536 0 -1553 0 *
Wi

0101100
+1424 0 -1551 0 -1423 0 +1535 0 *
Fa
0  1e-07 22 0

0111000
+1422 0 *
Wi

0101100
-1534 0 -1423 0 *
Fa
0  1e-07 29 0

0111000
-1420 0 *
Ed
 1e-07 1 1 0
1  83 0 1.5707963267949 3.14159265358979
2  99 38 0 1.5707963267949 3.14159265358979
4 C0 16 0 38 0
0

0101000
+1481 0 -1453 0 *
Ve
0.000285674529483055
-23.2163735324878 75.5501327578127 20
0 0

0101101
*
Ed
 1e-07 1 1 0
1  84 0 -24.8508984036496 -0.0436609429085735
2  100 43 0 -24.8508984036496 -0.0436609429085735
4 C1 16 0 43 0
0

0101000
+1454 0 -1417 0 *
Ed
 1e-07 1 1 0
1  85 0 -73.5023256197515 2.04780713806124
2  101 28 0 -73.5023256197515 2.04780713806124
4 G1 16 0 28 0
0

0101000
+1417 0 -1490 0 *
Wi

0101100
-1479 0 +1418 0 -1452 0 +1416 0 +1415 0 *
Ed
 1e-07 1 1 0
1  86 0 0 3.14159265358979
2  102 14 0 0 3.14159265358979
4 C0 16 0 14 0
0

0101000
+1573 0 -1568 0 *
Wi

0101100
+1413 0 +1566 0 *
Fa
0  1e-07 16 0

0101000
-1414 0 -1412 0 *
Ed
 1e-07 1 1 0
1  87 0 3.14159265358979 4.71238898038469
2  103 33 0 3.14159265358979 4.71238898038469
4 C0 19 0 33 0
0

0101000
+1445 0 -1512 0 *
Ve
0.000285674529618099
-23.2163735324878 75.5501327578127 -20
0 0

0101101
*
Ed
 1e-07 1 1 0
1  88 0 0 75.5501327578127
2  104 24 0 0 75.5501327578127
4 G1 19 0 24 0
0

0101000
+1514 0 -1409 0 *
Ed
 1e-07 1 1 0
1  89 0 19.8988261829459 44.706063643687
2  105 42 0 19.8988261829459 44.706063643687
4 C1 19 0 42 0
0

0101000
+1409 0 -1443 0 *
Wi

0101100
+1442 0 +1410 0 +1511 0 +1408 0 +1407 0 *
Ed
 1e-07 1 1 0
1  90 0 0 3.14159265358979
2  106 18 0 0 3.14159265358979
4 C0 19 0 18 0
0

0101000
+1562 0 -1560 0 *
Wi

0101100
-1405 0 -1559 0 *
Fa
0  1e-07 19 0

0101000
+1406 0 +1404 0 *
Ve
0.000306770149252711
-23.2599929198531 76.5491809793945 -19
0 0

0101101
*
Ed
 1e-07 1 1 0
1  91 0 -0.130982828725526 24.6325936891071
2  107 42 0 -0.130982828725526 24.6325936891071
4 C1 26 0 42 0
0

0101000
+1441 0 -1402 0 *
Ed
 0.000306770149252711 1 1 0
1  92 0 1.5707963267949 1.87903829882603
2  108 25 0 1.5707963267949 1.87903829882603
4 G1 26 0 25 0
0

0101000
+1402 0 -1546 0 *
Ve
0.000306770150402827
-23.2599929198531 76.5491809793945 19
0 0

0101101
*
Ed
 0.000306770150402827 1 1 0
1  93 0 4.40414700835356 4.71238898038469
2  109 27 0 4.40414700835356 4.71238898038469
4 G1 26 0 27 0
0

0101000
+1544 0 -1399 0 *
Ed
 1e-07 1 1 0
1  94 0 -24.7635765178326 0
2  110 43 0 -24.7635765178326 0
4 C1 26 0 43 0
0

0101000
+1399 0 -1439 0 *
Wi

0101100
+1401 0 +1400 0 +1543 0 +1398 0 +1397 0 +1438 0 *
Fa
0  1e-07 26 0

0101000
+1396 0 *
Ve
0.000110897663932003
-18.8097192508957 1.30930882401476 23.965356796043
0 0

0101101
*
Ed
 1e-07 1 1 0
1  95 0 4.14711979636569 4.35166880074453
2  111 35 0 4.14711979636569 4.35166880074453
4 C0 23 0 35 0
0

0101000
+1495 0 -1394 0 *
Ve
0.000104199222870009
-18.8097192508957 1.30930882401476 20.6618900114929
0 0

0101101
*
Ed
 1e-07 1 1 0
1  96 0 -53.965356796043 -50.6618900114929
2  112 37 0 -53.965356796043 -50.6618900114929
4 G1 23 0 37 0
0

0101000
+1394 0 -1392 0 *
Ed
 1e-07 1 1 0
1  97 0 1.86897208599842 2.15648187025205
2  113 28 0 1.86897208599842 2.15648187025205
4 C0 23 0 28 0
0

0101000
+1392 0 -1540 0 *
Ve
0.00011789668920056
-18.8097192508957 1.30930882401475 -20.6618900114929
0 0

0101101
*
Ed
 1e-07 1 1 0
1  98 0 4.12670343692754 4.41421322118117
2  114 24 0 4.12670343692754 4.41421322118117
4 C0 23 0 24 0
0

0101000
+1550 0 -1389 0 *
Ve
9.4707984729441e-05
-18.8097192508957 1.30930882401475 -23.965356796043
0 0

0101101
*
Ed
 1e-07 1 1 0
1  99 0 -9.3381099885071 -6.034643203957
2  115 32 0 -9.3381099885071 -6.034643203957
4 G1 23 0 32 0
0

0101000
+1389 0 -1387 0 *
Ed
 1e-07 1 1 0
1  100 0 1.93151650643505 2.1360655108139
2  116 31 0 1.93151650643505 2.1360655108139
4 C0 23 0 31 0
0

0101000
+1387 0 -1504 0 *
Wi

0101100
+1393 0 +1391 0 +1390 0 +1537 0 +1424 0 +1549 0 +1388 0 +1386 0 +1385 0 -1503 0 
-1528 0 -1493 0 *
Fa
0  1e-07 23 0

0111000
-1384 0 *
Wi

0101100
-1405 0 -1561 0 +1457 0 +1557 0 *
Fa
0  1e-07 18 0

0111000
+1382 0 *
Wi

0101100
-1468 0 -1571 0 +1413 0 +1567 0 *
Fa
0  1e-07 14 0

0111000
+1380 0 *
Ed
 0.00011789668920056 1 1 0
1  101 0 0 0.00336434037975106
2  117 24 0 0 0.00336434037975106
2  118 32 0 0 0.00336434037975106
4 C0 24 0 32 0
0

0101000
+1516 0 -1389 0 *
Ed
 0.000285674529618099 1 1 0
1  102 0 4.12670343692754 4.71238898038469
2  119 24 0 4.12670343692754 4.71238898038469
2  120 25 0 4.12670343692754 4.71238898038469
4 C0 24 0 25 0
0

0101000
+1548 0 -1409 0 *
Wi

0101100
-1513 0 +1378 0 -1388 0 -1547 0 +1377 0 -1408 0 *
Fa
0  1e-07 24 0

0101000
+1376 0 *
Ed
 0.000104199222870009 1 1 0
1  103 0 2.16840434497101e-19 0.00336608863486973
2  121 28 0 2.16840434497101e-19 0.00336608863486973
2  122 37 0 2.16840434497101e-19 0.00336608863486973
4 C0 28 0 37 0
0

0101000
+1392 0 -1489 0 *
Ed
 0.000285674529483055 1 1 0
1  104 0 1.5707963267949 2.15648187025205
2  123 28 0 1.5707963267949 2.15648187025205
2  124 27 0 1.5707963267949 2.15648187025205
4 C0 28 0 27 0
0

0101000
+1417 0 -1542 0 *
Wi

0101100
-1390 0 +1374 0 -1488 0 -1415 0 +1373 0 -1539 0 *
Fa
0  1e-07 28 0

0101000
+1372 0 *
Ed
 0.000248207812901815 1 1 0
1  105 0 1.5707963267949 2.1360655108139
2  125 31 0 1.5707963267949 2.1360655108139
2  126 45 0 1.5707963267949 2.1360655108139
4 C0 31 0 45 0
0

0101000
+1461 0 -1502 0 *
Ed
 9.4707984729441e-05 1 1 0
1  106 0 4.21027965940507e-18 0.00340407722547493
2  127 31 0 4.21027965940507e-18 0.00340407722547493
2  128 32 0 4.21027965940507e-18 0.00340407722547493
4 C0 31 0 32 0
0

0101000
+1387 0 -1518 0 *
Wi

0101100
+1501 0 -1370 0 +1459 0 +1517 0 -1369 0 +1385 0 *
Fa
0  1e-07 31 0

0101000
+1368 0 *
Ed
 0.000248207812858474 1 1 0
1  107 0 4.14711979636569 4.71238898038469
2  129 35 0 4.14711979636569 4.71238898038469
2  130 44 0 4.14711979636569 4.71238898038469
4 C0 35 0 44 0
0

0101000
+1497 0 -1472 0 *
Ed
 0.000110897663932003 1 1 0
1  108 0 0 0.00340214774173045
2  131 35 0 0 0.00340214774173045
2  132 37 0 0 0.00340214774173045
4 C0 35 0 37 0
0

0101000
+1487 0 -1394 0 *
Wi

0101100
+1471 0 -1366 0 +1494 0 +1393 0 -1365 0 +1484 0 *
Fa
0  1e-07 35 0

0101000
+1364 0 *
Wi

0101100
-1579 0 -1505 0 +1576 0 -1524 0 *
Fa
0  1e-07 12 0

0111000
+1362 0 *
Ed
 1e-07 1 1 0
1  109 0 0 1.5707963267949
2  133 40 0 0 1.5707963267949
2  134 44 0 0 1.5707963267949
4 G1 40 0 44 0
0

0101000
+1434 0 -1472 0 *
Wi

0101100
-1449 0 -1470 0 -1360 0 -1427 0 *
Fa
0  1e-07 40 0

0101000
+1359 0 *
Ed
 0.000587689031651253 1 1 0
1  110 0 -2.06056666725616e-05 0.00966663297439447
2  135 44 0 -2.06056666725616e-05 0.00966663297439447
2  136 34 0 -2.06056666725616e-05 0.00966663297439447
4 C0 44 0 34 0
0

0101000
+1497 0 -1433 0 *
Wi

0101100
-1366 0 +1357 0 -1432 0 +1360 0 *
Fa
0  1e-07 44 0

0111000
+1356 0 *
Ed
 1e-07 1 1 0
1  111 0 4.71238898038469 6.28318530717959
2  137 41 0 4.71238898038469 6.28318530717959
2  138 45 0 4.71238898038469 6.28318530717959
4 G1 41 0 45 0
0

0101000
+1461 0 -1430 0 *
Wi

0101100
-1446 0 -1428 0 -1354 0 -1460 0 *
Fa
0  1e-07 41 0

0101000
+1353 0 *
Ed
 0.000587685958288543 1 1 0
1  112 0 4.9065389333868e-18 0.00966328972359966
2  139 45 0 4.9065389333868e-18 0.00966328972359966
2  140 6 0 4.9065389333868e-18 0.00966328972359966
4 C0 45 0 6 0
0

0101000
+1593 0 -1502 0 *
Wi

0101100
-1429 0 +1351 0 -1370 0 +1354 0 *
Fa
0  1e-07 45 0

0111000
+1350 0 *
Ed
 1e-07 1 1 0
1  113 0 4.74571043418457 6.28318530717959
2  141 34 0 4.74571043418457 6.28318530717959
2  142 8 0 4.74571043418457 6.28318530717959
4 C0 34 0 8 0
0

0101000
+1433 0 -1499 0 *
Ed
 1e-07 1 1 1
2  143 34 0 0 0.999898866094145
0

0101000
+1497 0 -1497 0 *
Wi

0101100
+1348 0 +1496 0 +1347 0 +1357 0 *
Fa
0  1e-07 34 0

0111000
+1346 0 *
Wi

0101100
+1498 0 -1348 0 +1431 0 +1587 0 *
Fa
0  1e-07 8 0

0111000
+1344 0 *
Ed
 1e-07 1 1 1
2  144 6 0 0 0.999960385571616
0

0101000
+1502 0 -1502 0 *
Wi

0101100
-1591 0 +1351 0 +1342 0 +1500 0 *
Fa
0  1e-07 6 0

0111000
+1341 0 *
Ed
 1e-07 1 1 0
1  114 0 3.14159265358979 4.71238898038469
2  145 42 0 3.14159265358979 4.71238898038469
2  146 25 0 3.14159265358979 4.71238898038469
4 G1 42 0 25 0
0

0101000
+1402 0 -1409 0 *
Wi

0101100
+1401 0 +1339 0 +1407 0 +1440 0 *
Fa
0  1e-07 42 0

0101000
+1338 0 *
Wi

0101100
+1400 0 +1545 0 +1377 0 -1339 0 *
Fa
0  1e-07 25 0

0111000
+1336 0 *
Ed
 1e-07 1 1 0
1  115 0 1.5707963267949 3.14159265358979
2  147 43 0 1.5707963267949 3.14159265358979
2  148 27 0 1.5707963267949 3.14159265358979
4 G1 43 0 27 0
0

0101000
+1417 0 -1399 0 *
Wi

0101100
+1416 0 +1334 0 +1397 0 +1437 0 *
Fa
0  1e-07 43 0

0101000
+1333 0 *
Wi

0101100
+1398 0 -1334 0 +1373 0 +1541 0 *
Fa
0  1e-07 27 0

0111000
+1331 0 *
Wi

0101100
-1374 0 -1391 0 -1365 0 -1486 0 *
Fa
0  1e-07 37 0

0111000
+1329 0 *
Wi

0101100
-1473 0 -1451 0 -1418 0 -1480 0 *
Fa
0  1e-07 38 0

0111000
+1327 0 *
Wi

0101100
-1369 0 -1386 0 -1378 0 -1515 0 *
Fa
0  1e-07 32 0

0111000
+1325 0 *
Wi

0101100
-1410 0 -1444 0 -1464 0 -1509 0 *
Fa
0  1e-07 33 0

0111000
+1323 0 *
Ed
 1e-07 1 1 0
1  116 0 3.14159265358979 6.28318530717959
2  149 3 0 3.14159265358979 6.28318530717959
4 C0 3 0 2 0
0

0101000
+1602 0 -1603 0 *
Wi

0101100
-1599 0 -1321 0 +1596 0 +1522 0 *
Fa
0  1e-07 3 0

0111000
+1320 0 *
Wi

0101100
+1321 0 +1601 0 *
Fa
0  1e-07 2 0

0111000
+1318 0 *
Sh

0101100
+1594 0 -1584 0 +1574 0 -1564 0 -1554 0 -1532 0 +1525 0 +1520 0 -1506 0 +1491 0 
-1477 0 +1466 0 -1455 0 -1435 0 -1425 0 -1421 0 -1419 0 -1411 0 +1403 0 +1395 0 
-1383 0 -1381 0 -1379 0 +1375 0 +1371 0 -1367 0 -1363 0 +1361 0 +1358 0 +1355 0 
+1352 0 +1349 0 -1345 0 -1343 0 -1340 0 -1337 0 -1335 0 -1332 0 -1330 0 +1328 0 
+1326 0 +1324 0 +1322 0 +1319 0 +1317 0 *
So

0100000
+1316 0 *
Ve
1e-07
29.7394112272765 87 -3.71983525771554e-15
0 0

0101101
*
Ve
1e-07
-29.7394112272765 87 0
0 0

0101101
*
Ed
 1e-07 1 1 0
1  117 0 1.5707963267949 4.71238898038469
2  150 46 0 1.5707963267949 4.71238898038469
2  151 47 0 1.5707963267949 4.71238898038469
4 CN 46 0 47 0
0

0101000
+1314 0 -1313 0 *
Ve
1e-07
29.7245035305591 87.2437386868103 -3.64020181049434e-15
0 0

0101101
*
Ed
 1e-07 1 1 0
1  118 0 3.01941960595018 3.14159265358979
2  152 46 0 3.01941960595018 3.14159265358979
2  153 48 0 3.01941960595018 3.14159265358979
4 CN 46 0 48 0
0

0101000
+1311 0 -1314 0 *
Ve
1e-07
-29.7245035305591 87.2437386868103 0
0 0

0101101
*
Ed
 1e-07 1 1 0
1  119 0 0 3.14159265358979
2  154 46 0 0 3.14159265358979
2  155 49 0 0 3.14159265358979
4 G1 46 0 49 0
0

0101000
+1309 0 -1311 0 *
Ed
 1e-07 1 1 0
1  120 0 4.59021593274508 4.71238898038469
2  156 46 0 4.59021593274508 4.71238898038469
2  157 48 0 4.59021593274508 4.71238898038469
4 CN 46 0 48 0
0

0101000
+1309 0 -1313 0 *
Wi

0101100
-1312 0 -1310 0 -1308 0 +1307 0 *
Fa
0  1e-07 46 0

0111000
+1306 0 *
Ed
 1e-07 1 1 0
1  121 0 4.71238898038469 7.85398163397448
2  158 48 0 4.71238898038469 7.85398163397448
2  159 50 0 4.71238898038469 7.85398163397448
4 CN 48 0 50 0
0

0101000
+1313 0 -1314 0 *
Ed
 1e-07 1 1 0
1  122 0 3.14159265358979 6.28318530717959
2  160 48 0 3.14159265358979 6.28318530717959
2  161 51 0 3.14159265358979 6.28318530717959
4 G1 48 0 51 0
0

0101000
+1311 0 -1309 0 *
Wi

0101100
-1304 0 -1307 0 -1303 0 +1310 0 *
Fa
0  1e-07 48 0

0111000
+1302 0 *
Ve
1e-07
-45.5 100.5 30
0 0

0101101
*
Ve
1e-07
-43.889087296526 100.5 26.110912703474
0 0

0101101
*
Ed
 1e-07 1 1 0
1  123 0 3.14159265358979 3.92699081698724
2  162 52 0 3.14159265358979 3.92699081698724
4 C0 52 0 53 0
0

0101000
+1300 0 -1299 0 *
Ve
1e-07
-43.889087296526 96.5 26.110912703474
0 0

0101101
*
Ed
 1e-07 1 1 0
1  124 0 10.5 14.5
2  163 52 0 10.5 14.5
4 G1 52 0 54 0
0

0101000
+1297 0 -1299 0 *
Ve
1e-07
-45.5 96.5 30
0 0

0101101
*
Ed
 1e-07 1 1 0
1  125 0 3.14159265358979 3.92699081698724
2  164 52 0 3.14159265358979 3.92699081698724
4 C0 52 0 55 0
0

0101000
+1295 0 -1297 0 *
Ed
 1e-07 1 1 0
1  126 0 -2 2
2  165 52 0 -2 2
2  166 56 0 -2 2
4 CN 52 0 56 0
0

0101000
+1295 0 -1300 0 *
Wi

0101100
+1298 0 -1296 0 -1294 0 +1293 0 *
Fa
0  1e-07 52 0

0111000
+1292 0 *
Ve
1e-07
40.389087296526 100.5 22.610912703474
0 0

0101101
*
Ve
1e-07
31 100.5 26.5
0 0

0101101
*
Ed
 1e-07 1 1 0
1  127 0 3.92699081698724 6.28318530717959
2  167 57 0 3.92699081698724 6.28318530717959
4 C0 57 0 53 0
0

0101000
+1290 0 -1289 0 *
Ve
1e-07
40.389087296526 96.5 22.610912703474
0 0

0101101
*
Ed
 1e-07 1 1 0
1  128 0 10.5 14.5
2  168 57 0 10.5 14.5
4 G1 57 0 58 0
0

0101000
+1287 0 -1290 0 *
Ve
1e-07
31 96.5 26.5
0 0

0101101
*
Ed
 1e-07 1 1 0
1  129 0 0.785398163397448 3.14159265358979
2  169 57 0 0.785398163397448 3.14159265358979
4 C0 57 0 55 0
0

0101000
+1287 0 -1285 0 *
Ed
 1e-07 1 1 0
1  130 0 -2 2
2  170 57 0 -2 2
2  171 59 0 -2 2
4 CN 57 0 59 0
0

0101000
+1285 0 -1289 0 *
Wi

0101100
-1288 0 -1286 0 +1284 0 +1283 0 *
Fa
0  1e-07 57 0

0111000
+1282 0 *
Ve
1e-07
31 100.5 -26.5
0 0

0101101
*
Ve
1e-07
32.610912703474 100.5 -30.389087296526
0 0

0101101
*
Ed
 1e-07 1 1 0
1  131 0 0 0.785398163397448
2  172 60 0 0 0.785398163397448
4 C0 60 0 53 0
0

0101000
+1280 0 -1279 0 *
Ve
1e-07
32.610912703474 96.5 -30.389087296526
0 0

0101101
*
Ed
 1e-07 1 1 0
1  132 0 10.5 14.5
2  173 60 0 10.5 14.5
4 G1 60 0 61 0
0

0101000
+1277 0 -1279 0 *
Ve
1e-07
31 96.5 -26.5
0 0

0101101
*
Ed
 1e-07 1 1 0
1  133 0 3.14159265358979 3.92699081698724
2  174 60 0 3.14159265358979 3.92699081698724
4 C0 60 0 55 0
0

0101000
+1275 0 -1277 0 *
Ed
 1e-07 1 1 0
1  134 0 -2 2
2  175 60 0 -2 2
2  176 62 0 -2 2
4 CN 60 0 62 0
0

0101000
+1275 0 -1280 0 *
Wi

0101100
+1278 0 -1276 0 -1274 0 +1273 0 *
Fa
0  1e-07 60 0

0111000
+1272 0 *
Ve
1e-07
-36.110912703474 100.5 -33.889087296526
0 0

0101101
*
Ve
1e-07
-45.5 100.5 -30
0 0

0101101
*
Ed
 1e-07 1 1 0
1  135 0 0.785398163397448 3.14159265358979
2  177 63 0 0.785398163397448 3.14159265358979
4 C0 63 0 53 0
0

0101000
+1270 0 -1269 0 *
Ve
1e-07
-36.110912703474 96.5 -33.889087296526
0 0

0101101
*
Ed
 1e-07 1 1 0
1  136 0 10.5 14.5
2  178 63 0 10.5 14.5
4 G1 63 0 64 0
0

0101000
+1267 0 -1270 0 *
Ve
1e-07
-45.5 96.5 -30
0 0

0101101
*
Ed
 1e-07 1 1 0
1  137 0 0.785398163397448 3.14159265358979
2  179 63 0 0.785398163397448 3.14159265358979
4 C0 63 0 55 0
0

0101000
+1267 0 -1265 0 *
Ed
 1e-07 1 1 0
1  138 0 -2 2
2  180 63 0 -2 2
2  181 65 0 -2 2
4 CN 63 0 65 0
0

0101000
+1265 0 -1269 0 *
Wi

0101100
-1268 0 -1266 0 +1264 0 +1263 0 *
Fa
0  1e-07 63 0

0111000
+1262 0 *
Ve
1e-07
28.8754287073404 96 0
0 0

0101101
*
Ve
1e-07
-28.8754287073404 96 -3.5362201340452e-15
0 0

0101101
*
Ed
 1e-07 1 1 0
1  139 0 0 3.14159265358979
2  182 66 0 0 3.14159265358979
4 G1 66 0 67 0
0

0101000
+1260 0 -1259 0 *
Ve
1e-07
-28.6754287073404 95.8 -3.51172719806225e-15
0 0

0101101
*
Ed
 1e-07 1 1 0
1  140 0 1.5707963267949 3.14159265358979
2  183 66 0 1.5707963267949 3.14159265358979
2  184 68 0 1.5707963267949 3.14159265358979
4 CN 66 0 68 0
0

0101000
+1259 0 -1257 0 *
Ve
1e-07
28.6754287073404 95.8 0
0 0

0101101
*
Ed
 1e-07 1 1 0
1  141 0 0 3.14159265358979
2  185 66 0 0 3.14159265358979
2  186 69 0 0 3.14159265358979
4 CN 66 0 69 0
0

0101000
+1255 0 -1257 0 *
Ed
 1e-07 1 1 0
1  142 0 3.14159265358979 4.71238898038469
2  187 66 0 3.14159265358979 4.71238898038469
2  188 68 0 3.14159265358979 4.71238898038469
4 CN 66 0 68 0
0

0101000
+1260 0 -1255 0 *
Wi

0101100
+1258 0 +1256 0 -1254 0 -1253 0 *
Fa
0  1e-07 66 0

0111000
+1252 0 *
Ed
 1e-07 1 1 0
1  143 0 3.14159265358979 6.28318530717959
2  189 68 0 3.14159265358979 6.28318530717959
4 G1 68 0 67 0
0

0101000
+1259 0 -1260 0 *
Ed
 1e-07 1 1 0
1  144 0 3.14159265358979 6.28318530717959
2  190 68 0 3.14159265358979 6.28318530717959
2  191 70 0 3.14159265358979 6.28318530717959
4 CN 68 0 70 0
0

0101000
+1257 0 -1255 0 *
Wi

0101100
+1250 0 +1253 0 -1249 0 -1256 0 *
Fa
0  1e-07 68 0

0111000
+1248 0 *
Ve
1e-07
28.6769194770121 95.775626131319 -3.57605578759364e-15
0 0

0101101
*
Ed
 1e-07 1 1 0
1  145 0 4.71238898038469 4.8345620280241
2  192 70 0 4.71238898038469 4.8345620280241
2  193 69 0 4.71238898038469 4.8345620280241
4 CN 70 0 69 0
0

0101000
+1255 0 -1246 0 *
Ve
1e-07
-28.6769194770121 95.775626131319 0
0 0

0101101
*
Ed
 1e-07 1 1 0
1  146 0 3.14159265358979 6.28318530717959
2  194 70 0 3.14159265358979 6.28318530717959
2  195 49 0 3.14159265358979 6.28318530717959
4 G1 70 0 49 0
0

0101000
+1246 0 -1244 0 *
Ed
 1e-07 1 1 0
1  147 0 3.14159265358979 3.26376570122921
2  196 70 0 3.14159265358979 3.26376570122921
2  197 69 0 3.14159265358979 3.26376570122921
4 CN 70 0 69 0
0

0101000
+1257 0 -1244 0 *
Wi

0101100
+1245 0 +1243 0 -1242 0 +1249 0 *
Fa
0  1e-07 70 0

0111000
+1241 0 *
Ve
1e-07
14.6010205144336 85 -1.7881093037286e-15
0 0

0101101
*
Ve
1e-07
-14.6010205144336 85 0
0 0

0101101
*
Ed
 1e-07 1 1 0
1  148 0 3.14159265358979 6.28318530717959
2  198 71 0 3.14159265358979 6.28318530717959
4 G1 71 0 72 0
0

0101000
+1239 0 -1238 0 *
Ve
1e-07
12.6010205144336 87 0
0 0

0101101
*
Ed
 1e-07 1 1 0
1  149 0 4.71238898038469 6.28318530717959
2  199 71 0 4.71238898038469 6.28318530717959
2  200 73 0 4.71238898038469 6.28318530717959
4 CN 71 0 73 0
0

0101000
+1239 0 -1236 0 *
Ve
1e-07
-12.6010205144336 87 -1.54317994389913e-15
0 0

0101101
*
Ed
 1e-07 1 1 0
1  150 0 0 3.14159265358979
2  201 71 0 0 3.14159265358979
2  202 74 0 0 3.14159265358979
4 G1 71 0 74 0
0

0101000
+1234 0 -1236 0 *
Ed
 1e-07 1 1 0
1  151 0 0 1.5707963267949
2  203 71 0 0 1.5707963267949
2  204 73 0 0 1.5707963267949
4 CN 71 0 73 0
0

0101000
+1238 0 -1234 0 *
Wi

0101100
-1237 0 +1235 0 -1233 0 -1232 0 *
Fa
0  1e-07 71 0

0111000
+1231 0 *
Ve
1e-07
27.7394112272765 85 -3.51864996373299e-15
0 0

0101101
*
Ed
 1e-07 1 1 0
1  152 0 3.14159265358979 4.71238898038469
2  205 50 0 3.14159265358979 4.71238898038469
2  206 47 0 3.14159265358979 4.71238898038469
4 CN 50 0 47 0
0

0101000
+1314 0 -1229 0 *
Ve
1e-07
-27.7394112272765 85 0
0 0

0101101
*
Ed
 1e-07 1 1 0
1  153 0 0 3.14159265358979
2  207 50 0 0 3.14159265358979
4 G1 50 0 72 0
0

0101000
+1227 0 -1229 0 *
Ed
 1e-07 1 1 0
1  154 0 4.71238898038469 6.28318530717959
2  208 50 0 4.71238898038469 6.28318530717959
2  209 47 0 4.71238898038469 6.28318530717959
4 CN 50 0 47 0
0

0101000
+1313 0 -1227 0 *
Wi

0101100
+1304 0 +1228 0 -1226 0 -1225 0 *
Fa
0  1e-07 50 0

0111000
+1224 0 *
Ve
0.000445623297985461
12.6010205144336 96.3182318418241 -2.10782830734899e-15
0 0

0101101
*
Ed
 1e-07 1 1 0
1  155 0 2 11.3182318418241
2  210 75 0 2 11.3182318418241
2  211 74 0 2 11.3182318418241
4 CN 75 0 74 0
0

0101000
+1236 0 -1222 0 *
Ve
0.000445623297985461
-6.18471171415106 96 10.9788459784269
0 0

0101101
*
Ed
 0.000445623297985461 1 1 0
1  156 0 0.00970508857791954 0.0358458716373242
2  212 75 0 0.00970508857791954 0.0358458716373242
2  213 76 0 0.00970508857791954 0.0358458716373242
4 C0 75 0 76 0
0

0101000
+1220 0 -1222 0 *
Ve
1e-07
-12.6010205144336 96 -1.54317994389913e-15
0 0

0101101
*
Ed
 1e-07 1 1 0
1  157 0 5.22540861153117 6.28318530717959
2  214 75 0 5.22540861153117 6.28318530717959
4 C0 75 0 77 0
0

0101000
+1220 0 -1218 0 *
Ed
 1e-07 1 1 0
1  158 0 2 11
2  215 75 0 2 11
2  216 74 0 2 11
4 CN 75 0 74 0
0

0101000
+1234 0 -1218 0 *
Ed
 1e-07 1 1 0
1  159 0 3.14159265358979 6.28318530717959
2  217 75 0 3.14159265358979 6.28318530717959
2  218 73 0 3.14159265358979 6.28318530717959
4 G1 75 0 73 0
0

0101000
+1236 0 -1234 0 *
Wi

0101100
+1221 0 -1219 0 +1217 0 -1216 0 -1215 0 *
Fa
0  1e-07 75 0

0111000
+1214 0 *
Ed
 1e-07 1 1 0
1  160 0 0 3.14159265358979
2  219 51 0 0 3.14159265358979
2  220 69 0 0 3.14159265358979
4 G1 51 0 69 0
0

0101000
+1244 0 -1246 0 *
Ed
 1e-07 1 1 0
1  161 0 -10.856549202775 -2.26058877272352
2  221 51 0 -10.856549202775 -2.26058877272352
2  222 49 0 -10.856549202775 -2.26058877272352
4 CN 51 0 49 0
0

0101000
+1246 0 -1311 0 *
Ed
 1e-07 1 1 0
1  162 0 -10.856549202775 -2.26058877272352
2  223 51 0 -10.856549202775 -2.26058877272352
2  224 49 0 -10.856549202775 -2.26058877272352
4 CN 51 0 49 0
0

0101000
+1244 0 -1309 0 *
Wi

0101100
+1212 0 +1211 0 +1303 0 -1210 0 *
Fa
0  1e-07 51 0

0111000
+1209 0 *
Ve
1e-07
-40.389087296526 96.5 22.610912703474
0 0

0101101
*
Ve
1e-07
-40.389087296526 100.5 22.610912703474
0 0

0101101
*
Ed
 1e-07 1 1 0
1  163 0 10.5 14.5
2  225 78 0 10.5 14.5
4 G1 78 0 54 0
0

0101000
+1207 0 -1206 0 *
Ve
1e-07
-31 100.5 26.5
0 0

0101101
*
Ed
 1e-07 1 1 0
1  164 0 3.92699081698724 6.28318530717959
2  226 78 0 3.92699081698724 6.28318530717959
4 C0 78 0 53 0
0

0101000
+1206 0 -1204 0 *
Ve
1e-07
-31 96.5 26.5
0 0

0101101
*
Ed
 1e-07 1 1 0
1  165 0 10.5 14.5
2  227 78 0 10.5 14.5
2  228 79 0 10.5 14.5
4 CN 78 0 79 0
0

0101000
+1202 0 -1204 0 *
Ed
 1e-07 1 1 0
1  166 0 3.92699081698724 6.28318530717959
2  229 78 0 3.92699081698724 6.28318530717959
4 C0 78 0 55 0
0

0101000
+1207 0 -1202 0 *
Wi

0101100
+1205 0 +1203 0 -1201 0 -1200 0 *
Fa
0  1e-07 78 0

0111000
+1199 0 *
Ve
1e-07
43.889087296526 96.5 26.110912703474
0 0

0101101
*
Ve
1e-07
43.889087296526 100.5 26.110912703474
0 0

0101101
*
Ed
 1e-07 1 1 0
1  167 0 10.5 14.5
2  230 80 0 10.5 14.5
4 G1 80 0 58 0
0

0101000
+1197 0 -1196 0 *
Ve
1e-07
45.5 100.5 30
0 0

0101101
*
Ed
 1e-07 1 1 0
1  168 0 3.14159265358979 3.92699081698724
2  231 80 0 3.14159265358979 3.92699081698724
4 C0 80 0 53 0
0

0101000
+1194 0 -1196 0 *
Ve
1e-07
45.5 96.5 30
0 0

0101101
*
Ed
 1e-07 1 1 0
1  169 0 10.5 14.5
2  232 80 0 10.5 14.5
2  233 81 0 10.5 14.5
4 CN 80 0 81 0
0

0101000
+1192 0 -1194 0 *
Ed
 1e-07 1 1 0
1  170 0 0 0.785398163397448
2  234 80 0 0 0.785398163397448
4 C0 80 0 55 0
0

0101000
+1192 0 -1197 0 *
Wi

0101100
+1195 0 -1193 0 -1191 0 +1190 0 *
Fa
0  1e-07 80 0

0111000
+1189 0 *
Ve
1e-07
36.110912703474 96.5 -33.889087296526
0 0

0101101
*
Ve
1e-07
36.110912703474 100.5 -33.889087296526
0 0

0101101
*
Ed
 1e-07 1 1 0
1  171 0 10.5 14.5
2  235 82 0 10.5 14.5
4 G1 82 0 61 0
0

0101000
+1187 0 -1186 0 *
Ve
1e-07
45.5 100.5 -30
0 0

0101101
*
Ed
 1e-07 1 1 0
1  172 0 0.785398163397448 3.14159265358979
2  236 82 0 0.785398163397448 3.14159265358979
4 C0 82 0 53 0
0

0101000
+1186 0 -1184 0 *
Ve
1e-07
45.5 96.5 -30
0 0

0101101
*
Ed
 1e-07 1 1 0
1  173 0 10.5 14.5
2  237 82 0 10.5 14.5
2  238 83 0 10.5 14.5
4 CN 82 0 83 0
0

0101000
+1182 0 -1184 0 *
Ed
 1e-07 1 1 0
1  174 0 3.92699081698724 6.28318530717959
2  239 82 0 3.92699081698724 6.28318530717959
4 C0 82 0 55 0
0

0101000
+1187 0 -1182 0 *
Wi

0101100
+1185 0 +1183 0 -1181 0 -1180 0 *
Fa
0  1e-07 82 0

0111000
+1179 0 *
Ve
1e-07
-32.610912703474 96.5 -30.389087296526
0 0

0101101
*
Ve
1e-07
-32.610912703474 100.5 -30.389087296526
0 0

0101101
*
Ed
 1e-07 1 1 0
1  175 0 10.5 14.5
2  240 84 0 10.5 14.5
4 G1 84 0 64 0
0

0101000
+1177 0 -1176 0 *
Ve
1e-07
-31 100.5 -26.5
0 0

0101101
*
Ed
 1e-07 1 1 0
1  176 0 0 0.785398163397448
2  241 84 0 0 0.785398163397448
4 C0 84 0 53 0
0

0101000
+1174 0 -1176 0 *
Ve
1e-07
-31 96.5 -26.5
0 0

0101101
*
Ed
 1e-07 1 1 0
1  177 0 10.5 14.5
2  242 84 0 10.5 14.5
2  243 85 0 10.5 14.5
4 CN 84 0 85 0
0

0101000
+1172 0 -1174 0 *
Ed
 1e-07 1 1 0
1  178 0 0 0.785398163397448
2  244 84 0 0 0.785398163397448
4 C0 84 0 55 0
0

0101000
+1172 0 -1177 0 *
Wi

0101100
+1175 0 -1173 0 -1171 0 +1170 0 *
Fa
0  1e-07 84 0

0111000
+1169 0 *
Ve
1e-07
-17.5758116859834 100 -0.0423635037955783
0 0

0101101
*
Ve
1e-07
17.4241883140166 100 -0.0423635037955762
0 0

0101101
*
Ed
 1e-07 1 1 0
1  179 0 0 3.14159265358979
2  245 76 0 0 3.14159265358979
4 G1 76 0 86 0
0

0101000
+1167 0 -1166 0 *
Ve
0.000480199083804549
12.6009493030773 96.3177122005024 -0.0423635037955781
0 0

0101101
*
Ed
 1e-07 1 1 0
1  180 0 1.5707963267949 2.87490002006969
2  246 76 0 1.5707963267949 2.87490002006969
2  247 87 0 1.5707963267949 2.87490002006969
4 CN 76 0 87 0
0

0101000
+1166 0 -1164 0 *
Ed
 4.50284148589014e-07 1 1 0
1  181 0 0.0358458716373242 0.0358882356473672
2  248 76 0 0.0358458716373242 0.0358882356473672
2  249 74 0 0.0358458716373242 0.0358882356473672
4 C0 76 0 74 0
0

0101000
+1222 0 -1164 0 *
Ve
1e-07
-12.676832200417 96 -0.0423635037955783
0 0

0101101
*
Ed
 1e-07 1 1 0
1  182 0 2.07692403114244 3.14159265358979
2  250 76 0 2.07692403114244 3.14159265358979
4 C0 76 0 77 0
0

0101000
+1220 0 -1161 0 *
Ed
 1e-07 1 1 0
1  183 0 0 1.36943840600457
2  251 76 0 0 1.36943840600457
2  252 87 0 0 1.36943840600457
4 CN 76 0 87 0
0

0101000
+1167 0 -1161 0 *
Wi

0101100
+1165 0 +1163 0 -1162 0 -1219 0 +1160 0 -1159 0 *
Fa
0  1e-07 76 0

0111000
+1158 0 *
Ed
 1e-07 1 1 0
1  184 0 3.14159265358979 6.28318530717959
2  253 87 0 3.14159265358979 6.28318530717959
4 G1 87 0 86 0
0

0101000
+1166 0 -1167 0 *
Ve
0.000480199083804549
6.10890002816768 96 -11.0212094822225
0 0

0101101
*
Ed
 1e-07 1 1 0
1  185 0 3.14159265358979 5.22540861153117
2  254 87 0 3.14159265358979 5.22540861153117
4 C0 87 0 77 0
0

0101000
+1161 0 -1155 0 *
Ed
 0.000480199083804549 1 1 0
1  186 0 0.0358882356473672 0.0492050401298568
2  255 87 0 0.0358882356473672 0.0492050401298568
2  256 74 0 0.0358882356473672 0.0492050401298568
4 C0 87 0 74 0
0

0101000
+1164 0 -1155 0 *
Wi

0101100
-1163 0 +1156 0 +1159 0 +1154 0 -1153 0 *
Fa
0  1e-07 87 0

0111000
+1152 0 *
Ve
1e-07
39.4241883140166 96 -3.29236350379558
0 0

0101101
*
Ve
1e-07
39.4241883140166 96 3.20763649620442
0 0

0101101
*
Ed
 1e-07 1 1 0
1  187 0 -3.25 3.25
2  257 88 0 -3.25 3.25
4 G1 67 0 88 0
0

0101000
+1150 0 -1149 0 *
Ve
0.00032413666275473
29.244616346363 96 3.20763649620442
0 0

0101101
*
Ed
 1e-07 1 1 0
1  188 0 -39.5 -29.3204280323464
2  258 89 0 -39.5 -29.3204280323464
4 G1 67 0 89 0
0

0101000
+1149 0 -1147 0 *
Ve
0.000324136662755123
-29.3962397183297 96 3.20763649620442
0 0

0101101
*
Ed
 1e-07 1 1 0
1  189 0 0.110393577947436 3.03119907564236
2  259 90 0 0.110393577947436 3.03119907564236
4 G1 67 0 90 0
0

0101000
+1147 0 -1145 0 *
Ve
1e-07
-39.5758116859834 96 3.20763649620442
0 0

0101101
*
Ed
 1e-07 1 1 0
1  190 0 29.3204280323463 39.5
2  260 91 0 29.3204280323463 39.5
4 G1 67 0 91 0
0

0101000
+1145 0 -1143 0 *
Ve
1e-07
-39.5758116859834 96 -3.29236350379558
0 0

0101101
*
Ed
 1e-07 1 1 0
1  191 0 -3.25 3.25
2  261 92 0 -3.25 3.25
4 G1 67 0 92 0
0

0101000
+1143 0 -1141 0 *
Ve
0.000324105053895915
-29.3962397183297 96 -3.29236350379558
0 0

0101101
*
Ed
 1e-07 1 1 0
1  192 0 -39.5 -29.3204280323463
2  262 93 0 -39.5 -29.3204280323463
4 G1 67 0 93 0
0

0101000
+1141 0 -1139 0 *
Ve
0.000324105053889271
29.244616346363 96 -3.29236350379558
0 0

0101101
*
Ed
 1e-07 1 1 0
1  193 0 3.25198623153723 6.17279172923215
2  263 94 0 3.25198623153723 6.17279172923215
4 G1 67 0 94 0
0

0101000
+1139 0 -1137 0 *
Ed
 1e-07 1 1 0
1  194 0 29.3204280323464 39.5
2  264 95 0 29.3204280323464 39.5
4 G1 67 0 95 0
0

0101000
+1137 0 -1150 0 *
Wi

0101100
+1148 0 +1146 0 +1144 0 +1142 0 +1140 0 +1138 0 +1136 0 +1135 0 *
Wi

0101100
+1258 0 +1250 0 *
Fa
0  1e-07 67 0

0111000
-1134 0 -1133 0 *
Ve
1e-07
46.5 96.5 -41
0 0

0101101
*
Ve
1e-07
-46.5 96.5 -41
0 0

0101101
*
Ed
 1e-07 1 1 0
1  195 0 -97 -4
4 C0 55 0 96 0
0

0101000
+1131 0 -1130 0 *
Ve
1e-07
50.5 96.5 -37
0 0

0101101
*
Ed
 1e-07 1 1 0
1  196 0 4.71238898038469 6.28318530717959
2  265 97 0 4.71238898038469 6.28318530717959
4 C0 55 0 97 0
0

0101000
+1131 0 -1128 0 *
Ve
1e-07
50.5 96.5 37
0 0

0101101
*
Ed
 1e-07 1 1 0
1  197 0 -78 -4
4 C0 55 0 98 0
0

0101000
+1126 0 -1128 0 *
Ve
1e-07
46.5 96.5 41
0 0

0101101
*
Ed
 1e-07 1 1 0
1  198 0 0 1.5707963267949
2  266 99 0 0 1.5707963267949
4 C0 55 0 99 0
0

0101000
+1126 0 -1124 0 *
Ve
1e-07
-46.5 96.5 41
0 0

0101101
*
Ed
 1e-07 1 1 0
1  199 0 4 97
4 C0 55 0 100 0
0

0101000
+1122 0 -1124 0 *
Ve
1e-07
-50.5 96.5 37
0 0

0101101
*
Ed
 1e-07 1 1 0
1  200 0 1.5707963267949 3.14159265358979
2  267 101 0 1.5707963267949 3.14159265358979
4 C0 55 0 101 0
0

0101000
+1122 0 -1120 0 *
Ve
1e-07
-50.5 96.5 -37
0 0

0101101
*
Ed
 1e-07 1 1 0
1  201 0 4 78
4 C0 55 0 102 0
0

0101000
+1118 0 -1120 0 *
Ed
 1e-07 1 1 0
1  202 0 3.14159265358979 4.71238898038469
2  268 103 0 3.14159265358979 4.71238898038469
4 C0 55 0 103 0
0

0101000
+1118 0 -1130 0 *
Wi

0101100
-1129 0 +1127 0 -1125 0 +1123 0 -1121 0 +1119 0 -1117 0 +1116 0 *
Ed
 1e-07 1 1 0
1  203 0 44.5477272147525 49.4974746830583
4 C0 55 0 61 0
0

0101000
+1277 0 -1187 0 *
Ve
1e-07
40.389087296526 96.5 -22.610912703474
0 0

0101101
*
Ed
 1e-07 1 1 0
1  204 0 0.785398163397448 3.14159265358979
2  269 62 0 0.785398163397448 3.14159265358979
4 C0 55 0 62 0
0

0101000
+1113 0 -1275 0 *
Ve
1e-07
43.889087296526 96.5 -26.110912703474
0 0

0101101
*
Ed
 1e-07 1 1 0
1  205 0 -49.4974746830583 -44.5477272147525
4 C0 55 0 104 0
0

0101000
+1111 0 -1113 0 *
Ed
 1e-07 1 1 0
1  206 0 0 0.785398163397448
2  270 83 0 0 0.785398163397448
4 C0 55 0 83 0
0

0101000
+1182 0 -1111 0 *
Wi

0101100
-1180 0 -1114 0 -1274 0 -1112 0 -1110 0 -1109 0 *
Ed
 1e-07 1 1 0
1  207 0 44.5477272147525 49.4974746830583
4 C0 55 0 64 0
0

0101000
+1177 0 -1267 0 *
Ve
1e-07
-43.889087296526 96.5 -26.110912703474
0 0

0101101
*
Ed
 1e-07 1 1 0
1  208 0 3.14159265358979 3.92699081698724
2  271 65 0 3.14159265358979 3.92699081698724
4 C0 55 0 65 0
0

0101000
+1265 0 -1106 0 *
Ve
1e-07
-40.389087296526 96.5 -22.610912703474
0 0

0101101
*
Ed
 1e-07 1 1 0
1  209 0 -49.4974746830583 -44.5477272147525
4 C0 55 0 105 0
0

0101000
+1106 0 -1104 0 *
Ed
 1e-07 1 1 0
1  210 0 3.92699081698724 6.28318530717959
2  272 85 0 3.92699081698724 6.28318530717959
4 C0 55 0 85 0
0

0101000
+1104 0 -1172 0 *
Wi

0101100
+1107 0 +1264 0 +1105 0 +1103 0 +1102 0 +1170 0 *
Ve
1e-07
29.4231289729623 96.5 3.40763649620442
0 0

0101101
*
Ve
1e-07
-29.5747523449291 96.5 3.40763649620442
0 0

0101101
*
Ed
 1e-07 1 1 0
1  211 0 0.116424453483363 3.02516820010643
2  273 106 0 0.116424453483363 3.02516820010643
4 C0 55 0 106 0
0

0101000
+1100 0 -1099 0 *
Ve
1e-07
39.6241883140166 96.5 3.40763649620442
0 0

0101101
*
Ed
 1e-07 1 1 0
1  212 0 -39.6241883140166 -29.4231289729623
4 C0 55 0 107 0
0

0101000
+1097 0 -1100 0 *
Ve
1e-07
39.6241883140166 96.5 -3.49236350379558
0 0

0101101
*
Ed
 1e-07 1 1 0
1  213 0 -3.49236350379558 3.40763649620442
4 C0 55 0 108 0
0

0101000
+1095 0 -1097 0 *
Ve
1e-07
29.4231289729623 96.5 -3.49236350379558
0 0

0101101
*
Ed
 1e-07 1 1 0
1  214 0 29.4231289729623 39.6241883140166
4 C0 55 0 109 0
0

0101000
+1093 0 -1095 0 *
Ve
1e-07
-29.5747523449291 96.5 -3.49236350379558
0 0

0101101
*
Ed
 1e-07 1 1 0
1  215 0 3.25801710707316 6.16676085369622
2  274 110 0 3.25801710707316 6.16676085369622
4 C0 55 0 110 0
0

0101000
+1091 0 -1093 0 *
Ve
1e-07
-39.7758116859834 96.5 -3.49236350379558
0 0

0101101
*
Ed
 1e-07 1 1 0
1  216 0 -39.7758116859834 -29.5747523449291
4 C0 55 0 111 0
0

0101000
+1089 0 -1091 0 *
Ve
1e-07
-39.7758116859834 96.5 3.40763649620442
0 0

0101101
*
Ed
 1e-07 1 1 0
1  217 0 -3.40763649620442 3.49236350379558
4 C0 55 0 112 0
0

0101000
+1087 0 -1089 0 *
Ed
 1e-07 1 1 0
1  218 0 29.5747523449291 39.7758116859834
4 C0 55 0 113 0
0

0101000
+1099 0 -1087 0 *
Wi

0101100
-1098 0 -1096 0 -1094 0 -1092 0 -1090 0 -1088 0 -1086 0 -1085 0 *
Ve
1e-07
32.610912703474 96.5 30.389087296526
0 0

0101101
*
Ve
1e-07
36.110912703474 96.5 33.889087296526
0 0

0101101
*
Ed
 1e-07 1 1 0
1  219 0 44.5477272147525 49.4974746830583
4 C0 55 0 114 0
0

0101000
+1083 0 -1082 0 *
Ed
 1e-07 1 1 0
1  220 0 3.92699081698724 6.28318530717959
2  275 81 0 3.92699081698724 6.28318530717959
4 C0 55 0 81 0
0

0101000
+1082 0 -1192 0 *
Ed
 1e-07 1 1 0
1  221 0 -49.4974746830583 -44.5477272147525
4 C0 55 0 58 0
0

0101000
+1197 0 -1287 0 *
Ed
 1e-07 1 1 0
1  222 0 3.14159265358979 3.92699081698724
2  276 59 0 3.14159265358979 3.92699081698724
4 C0 55 0 59 0
0

0101000
+1285 0 -1083 0 *
Wi

0101100
+1081 0 +1080 0 +1190 0 +1079 0 +1284 0 +1078 0 *
Ve
1e-07
-36.110912703474 96.5 33.889087296526
0 0

0101101
*
Ed
 1e-07 1 1 0
1  223 0 0.785398163397449 3.14159265358979
2  277 56 0 0.785398163397449 3.14159265358979
4 C0 55 0 56 0
0

0101000
+1076 0 -1295 0 *
Ve
1e-07
-32.610912703474 96.5 30.389087296526
0 0

0101101
*
Ed
 1e-07 1 1 0
1  224 0 44.5477272147525 49.4974746830583
4 C0 55 0 115 0
0

0101000
+1074 0 -1076 0 *
Ed
 1e-07 1 1 0
1  225 0 0 0.785398163397448
2  278 79 0 0 0.785398163397448
4 C0 55 0 79 0
0

0101000
+1202 0 -1074 0 *
Ed
 1e-07 1 1 0
1  226 0 -49.4974746830583 -44.5477272147525
4 C0 55 0 54 0
0

0101000
+1297 0 -1207 0 *
Wi

0101100
-1075 0 -1073 0 -1072 0 -1200 0 -1071 0 -1294 0 *
Fa
0  1e-07 55 0

0111000
-1115 0 -1108 0 -1101 0 -1084 0 -1077 0 -1070 0 *
Ve
1e-07
50.5 100.5 37
0 0

0101101
*
Ve
1e-07
50.5 100.5 -37
0 0

0101101
*
Ed
 1e-07 1 1 0
1  227 0 -78 -4
4 C0 53 0 98 0
0

0101000
+1068 0 -1067 0 *
Ve
1e-07
46.5 100.5 -41
0 0

0101101
*
Ed
 1e-07 1 1 0
1  228 0 0 1.5707963267949
2  279 97 0 0 1.5707963267949
4 C0 53 0 97 0
0

0101000
+1067 0 -1065 0 *
Ve
1e-07
-46.5 100.5 -41
0 0

0101101
*
Ed
 1e-07 1 1 0
1  229 0 -97 -4
4 C0 53 0 96 0
0

0101000
+1065 0 -1063 0 *
Ve
1e-07
-50.5 100.5 -37
0 0

0101101
*
Ed
 1e-07 1 1 0
1  230 0 1.5707963267949 3.14159265358979
2  280 103 0 1.5707963267949 3.14159265358979
4 C0 53 0 103 0
0

0101000
+1063 0 -1061 0 *
Ve
1e-07
-50.5 100.5 37
0 0

0101101
*
Ed
 1e-07 1 1 0
1  231 0 4 78
4 C0 53 0 102 0
0

0101000
+1061 0 -1059 0 *
Ve
1e-07
-46.5 100.5 41
0 0

0101101
*
Ed
 1e-07 1 1 0
1  232 0 3.14159265358979 4.71238898038469
2  281 101 0 3.14159265358979 4.71238898038469
4 C0 53 0 101 0
0

0101000
+1059 0 -1057 0 *
Ve
1e-07
46.5 100.5 41
0 0

0101101
*
Ed
 1e-07 1 1 0
1  233 0 4 97
4 C0 53 0 100 0
0

0101000
+1057 0 -1055 0 *
Ed
 1e-07 1 1 0
1  234 0 4.71238898038469 6.28318530717959
2  282 99 0 4.71238898038469 6.28318530717959
4 C0 53 0 99 0
0

0101000
+1055 0 -1068 0 *
Wi

0101100
+1066 0 +1064 0 +1062 0 +1060 0 +1058 0 +1056 0 +1054 0 +1053 0 *
Ed
 1e-07 1 1 0
1  235 0 -4.94974746830583 0
4 C0 53 0 61 0
0

0101000
+1279 0 -1186 0 *
Ve
1e-07
43.889087296526 100.5 -26.110912703474
0 0

0101101
*
Ed
 1e-07 1 1 0
1  236 0 3.14159265358979 3.92699081698724
2  283 83 0 3.14159265358979 3.92699081698724
4 C0 53 0 83 0
0

0101000
+1184 0 -1050 0 *
Ve
1e-07
40.389087296526 100.5 -22.610912703474
0 0

0101101
*
Ed
 1e-07 1 1 0
1  237 0 0 4.94974746830583
4 C0 53 0 104 0
0

0101000
+1050 0 -1048 0 *
Ed
 1e-07 1 1 0
1  238 0 3.92699081698724 6.28318530717959
2  284 62 0 3.92699081698724 6.28318530717959
4 C0 53 0 62 0
0

0101000
+1048 0 -1280 0 *
Wi

0101100
+1051 0 +1183 0 +1049 0 +1047 0 +1046 0 +1278 0 *
Ed
 1e-07 1 1 0
1  239 0 -4.94974746830583 0
4 C0 53 0 64 0
0

0101000
+1176 0 -1270 0 *
Ve
1e-07
-40.389087296526 100.5 -22.610912703474
0 0

0101101
*
Ed
 1e-07 1 1 0
1  240 0 3.92699081698724 6.28318530717959
2  285 85 0 3.92699081698724 6.28318530717959
4 C0 53 0 85 0
0

0101000
+1043 0 -1174 0 *
Ve
1e-07
-43.889087296526 100.5 -26.110912703474
0 0

0101101
*
Ed
 1e-07 1 1 0
1  241 0 0 4.94974746830583
4 C0 53 0 105 0
0

0101000
+1041 0 -1043 0 *
Ed
 1e-07 1 1 0
1  242 0 3.14159265358979 3.92699081698724
2  286 65 0 3.14159265358979 3.92699081698724
4 C0 53 0 65 0
0

0101000
+1269 0 -1041 0 *
Wi

0101100
-1268 0 -1044 0 -1173 0 -1042 0 -1040 0 -1039 0 *
Ve
0.000322744794451825
-30.0163778128955 100.5 3.90763649620442
0 0

0101101
*
Ve
0.000322742891929201
29.8647544409288 100.5 3.90763649620442
0 0

0101101
*
Ed
 1e-07 1 1 0
1  243 0 0.131170525458119 3.01042212813167
2  287 116 0 0.131170525458119 3.01042212813167
4 G1 53 0 116 0
0

0101000
+1037 0 -1036 0 *
Ve
1e-07
-40.2758116859834 100.5 3.90763649620442
0 0

0101101
*
Ed
 1e-07 1 1 0
1  244 0 -10.4352977505234 -0.1758638774355
2  288 117 0 -10.4352977505234 -0.1758638774355
4 G1 53 0 117 0
0

0101000
+1034 0 -1037 0 *
Ve
1e-07
-40.2758116859834 100.5 -3.99236350379558
0 0

0101101
*
Ed
 1e-07 1 1 0
1  245 0 -7.7 0.2
2  289 118 0 -7.7 0.2
4 G1 53 0 118 0
0

0101000
+1032 0 -1034 0 *
Ve
0.000322744794450887
-30.0163778128955 100.5 -3.99236350379558
0 0

0101101
*
Ed
 1e-07 1 1 0
1  246 0 -10.0594338730879 0.199999999999996
2  290 119 0 -10.0594338730879 0.199999999999996
4 G1 53 0 119 0
0

0101000
+1030 0 -1032 0 *
Ve
0.000322742891926963
29.8647544409288 100.5 -3.99236350379558
0 0

0101101
*
Ed
 1e-07 1 1 0
1  247 0 3.27276317904791 6.15201478172147
2  291 120 0 3.27276317904791 6.15201478172147
4 G1 53 0 120 0
0

0101000
+1028 0 -1030 0 *
Ve
1e-07
40.1241883140166 100.5 -3.99236350379558
0 0

0101101
*
Ed
 1e-07 1 1 0
1  248 0 -10.4352977505233 -0.1758638774355
2  292 121 0 -10.4352977505233 -0.1758638774355
4 G1 53 0 121 0
0

0101000
+1026 0 -1028 0 *
Ve
1e-07
40.1241883140166 100.5 3.90763649620442
0 0

0101101
*
Ed
 1e-07 1 1 0
1  249 0 -7.7 0.2
2  293 122 0 -7.7 0.2
4 G1 53 0 122 0
0

0101000
+1024 0 -1026 0 *
Ed
 1e-07 1 1 0
1  250 0 -10.0594338730878 0.200000000000003
2  294 123 0 -10.0594338730878 0.200000000000003
4 G1 53 0 123 0
0

0101000
+1036 0 -1024 0 *
Wi

0101100
-1035 0 -1033 0 -1031 0 -1029 0 -1027 0 -1025 0 -1023 0 -1022 0 *
Ve
1e-07
36.110912703474 100.5 33.889087296526
0 0

0101101
*
Ed
 1e-07 1 1 0
1  251 0 0.785398163397448 3.14159265358979
2  295 81 0 0.785398163397448 3.14159265358979
4 C0 53 0 81 0
0

0101000
+1020 0 -1194 0 *
Ve
1e-07
32.610912703474 100.5 30.389087296526
0 0

0101101
*
Ed
 1e-07 1 1 0
1  252 0 -4.94974746830583 0
4 C0 53 0 114 0
0

0101000
+1018 0 -1020 0 *
Ed
 1e-07 1 1 0
1  253 0 0 0.785398163397448
2  296 59 0 0 0.785398163397448
4 C0 53 0 59 0
0

0101000
+1289 0 -1018 0 *
Ed
 1e-07 1 1 0
1  254 0 0 4.94974746830583
4 C0 53 0 58 0
0

0101000
+1196 0 -1290 0 *
Wi

0101100
-1019 0 -1017 0 -1016 0 -1288 0 -1015 0 -1193 0 *
Ve
1e-07
-32.610912703474 100.5 30.389087296526
0 0

0101101
*
Ve
1e-07
-36.110912703474 100.5 33.889087296526
0 0

0101101
*
Ed
 1e-07 1 1 0
1  255 0 -4.94974746830583 0
4 C0 53 0 115 0
0

0101000
+1013 0 -1012 0 *
Ed
 1e-07 1 1 0
1  256 0 0.785398163397448 3.14159265358979
2  297 56 0 0.785398163397448 3.14159265358979
4 C0 53 0 56 0
0

0101000
+1012 0 -1300 0 *
Ed
 1e-07 1 1 0
1  257 0 0 4.94974746830583
4 C0 53 0 54 0
0

0101000
+1299 0 -1206 0 *
Ed
 1e-07 1 1 0
1  258 0 0 0.785398163397448
2  298 79 0 0 0.785398163397448
4 C0 53 0 79 0
0

0101000
+1204 0 -1013 0 *
Wi

0101100
+1011 0 +1010 0 +1298 0 +1009 0 +1203 0 +1008 0 *
Fa
0  1e-07 53 0

0111000
+1052 0 +1045 0 +1038 0 +1021 0 +1014 0 +1007 0 *
Ed
 1e-07 1 1 0
1  259 0 0 4
2  299 101 0 0 4
4 G1 102 0 101 0
0

0101000
+1120 0 -1059 0 *
Ed
 1e-07 1 1 0
1  260 0 -4 0
2  300 103 0 -4 0
4 G1 102 0 103 0
0

0101000
+1061 0 -1118 0 *
Wi

0101100
+1117 0 +1005 0 -1058 0 +1004 0 *
Fa
0  1e-07 102 0

0111000
+1003 0 *
Ed
 1e-07 1 1 0
1  261 0 -4 0
2  301 97 0 -4 0
4 G1 96 0 97 0
0

0101000
+1065 0 -1131 0 *
Ed
 1e-07 1 1 0
1  262 0 0 4
2  302 103 0 0 4
4 G1 96 0 103 0
0

0101000
+1130 0 -1063 0 *
Wi

0101100
-1062 0 +1001 0 +1129 0 +1000 0 *
Fa
0  1e-07 96 0

0111000
+999 0 *
Ed
 1e-07 1 1 0
1  263 0 0 4
2  303 97 0 0 4
4 G1 98 0 97 0
0

0101000
+1128 0 -1067 0 *
Ed
 1e-07 1 1 0
1  264 0 -4 0
2  304 99 0 -4 0
4 G1 98 0 99 0
0

0101000
+1068 0 -1126 0 *
Wi

0101100
+1125 0 +997 0 -1066 0 +996 0 *
Fa
0  1e-07 98 0

0111000
+995 0 *
Ed
 1e-07 1 1 0
1  265 0 0 4
2  305 99 0 0 4
4 G1 100 0 99 0
0

0101000
+1124 0 -1055 0 *
Ed
 1e-07 1 1 0
1  266 0 -4 0
2  306 101 0 -4 0
4 G1 100 0 101 0
0

0101000
+1057 0 -1122 0 *
Wi

0101100
+1121 0 +993 0 -1054 0 +992 0 *
Fa
0  1e-07 100 0

0111000
+991 0 *
Ve
1e-07
39.6241883140166 100 -3.49236350379558
0 0

0101101
*
Ve
1e-07
39.6241883140166 100 3.40763649620442
0 0

0101101
*
Ed
 1e-07 1 1 0
1  267 0 -3.45 3.45
2  307 124 0 -3.45 3.45
4 G1 86 0 124 0
0

0101000
+989 0 -988 0 *
Ve
0.000236485803044353
29.4231289729623 100 -3.49236350379558
0 0

0101101
*
Ed
 1e-07 1 1 0
1  268 0 29.4989406589457 39.7
2  308 125 0 29.4989406589457 39.7
4 G1 86 0 125 0
0

0101000
+986 0 -989 0 *
Ve
0.000236485803059034
-29.5747523449291 100 -3.49236350379558
0 0

0101101
*
Ed
 1e-07 1 1 0
1  269 0 0.116424453483363 3.02516820010643
2  309 126 0 0.116424453483363 3.02516820010643
4 G1 86 0 126 0
0

0101000
+984 0 -986 0 *
Ve
1e-07
-39.7758116859834 100 -3.49236350379558
0 0

0101101
*
Ed
 1e-07 1 1 0
1  270 0 -39.7 -29.4989406589457
2  310 127 0 -39.7 -29.4989406589457
4 G1 86 0 127 0
0

0101000
+982 0 -984 0 *
Ve
1e-07
-39.7758116859834 100 3.40763649620442
0 0

0101101
*
Ed
 1e-07 1 1 0
1  271 0 -3.45 3.45
2  311 128 0 -3.45 3.45
4 G1 86 0 128 0
0

0101000
+980 0 -982 0 *
Ve
0.000218544203199561
-29.5747523449291 100 3.40763649620442
0 0

0101101
*
Ed
 1e-07 1 1 0
1  272 0 29.4989406589457 39.7
2  312 129 0 29.4989406589457 39.7
4 G1 86 0 129 0
0

0101000
+978 0 -980 0 *
Ve
0.000218544203198082
29.4231289729623 100 3.40763649620442
0 0

0101101
*
Ed
 1e-07 1 1 0
1  273 0 3.25801710707316 6.16676085369622
2  313 130 0 3.25801710707316 6.16676085369622
4 G1 86 0 130 0
0

0101000
+976 0 -978 0 *
Ed
 1e-07 1 1 0
1  274 0 -39.7 -29.4989406589457
2  314 131 0 -39.7 -29.4989406589457
4 G1 86 0 131 0
0

0101000
+988 0 -976 0 *
Wi

0101100
-987 0 -985 0 -983 0 -981 0 -979 0 -977 0 -975 0 -974 0 *
Wi

0101100
-1165 0 -1156 0 *
Fa
0  1e-07 86 0

0111000
+973 0 +972 0 *
Ve
1e-07
-40.0758116859834 100.3 -3.79236350379558
0 0

0101101
*
Ed
 1e-07 1 1 0
1  275 0 3.14159265358979 4.71238898038469
2  315 127 0 3.14159265358979 4.71238898038469
2  316 128 0 3.14159265358979 4.71238898038469
4 C0 127 0 128 0
0

0101000
+970 0 -982 0 *
Ve
0.000322744794450887
-29.84051393546 100.3 -3.79236350379558
0 0

0101101
*
Ed
 1e-07 1 1 0
1  276 0 69.7647022494766 80
2  317 127 0 69.7647022494766 80
2  318 119 0 69.7647022494766 80
4 G1 127 0 119 0
0

0101000
+968 0 -970 0 *
Ed
 0.000236485803059034 1 1 0
1  277 0 -3.47590507514235e-06 0.000548796908695786
2  319 127 0 -3.47590507514235e-06 0.000548796908695786
2  320 126 0 -3.47590507514235e-06 0.000548796908695786
4 C0 127 0 126 0
0

0101000
+984 0 -968 0 *
Wi

0101100
-981 0 -969 0 -967 0 -966 0 *
Fa
0  1e-07 127 0

0111000
+965 0 *
Ve
1e-07
-40.0758116859834 100.3 3.70763649620442
0 0

0101101
*
Ed
 1e-07 1 1 0
1  278 0 3.14159265358979 4.71238898038469
2  321 128 0 3.14159265358979 4.71238898038469
2  322 129 0 3.14159265358979 4.71238898038469
4 C0 128 0 129 0
0

0101000
+963 0 -980 0 *
Ed
 1e-07 1 1 0
1  279 0 -7.5 0
2  323 128 0 -7.5 0
2  324 118 0 -7.5 0
4 G1 128 0 118 0
0

0101000
+970 0 -963 0 *
Wi

0101100
-979 0 -962 0 -961 0 +969 0 *
Fa
0  1e-07 128 0

0111000
+960 0 *
Ve
0.000322742891926963
29.6888905634933 100.3 -3.79236350379558
0 0

0101101
*
Ed
 1e-07 1 1 0
1  280 0 3.26692048475786 6.15785747601152
2  325 126 0 3.26692048475786 6.15785747601152
2  326 120 0 3.26692048475786 6.15785747601152
4 G1 126 0 120 0
0

0101000
+958 0 -968 0 *
Ed
 0.000236485803044353 1 1 0
1  281 0 -3.47590507514697e-06 0.000548796908695786
2  327 126 0 -3.47590507514697e-06 0.000548796908695786
2  328 125 0 -3.47590507514697e-06 0.000548796908695786
4 C0 126 0 125 0
0

0101000
+986 0 -958 0 *
Wi

0101100
-957 0 -956 0 -983 0 +966 0 *
Fa
0  1e-07 126 0

0111000
+955 0 *
Ve
0.000322744794451825
-29.84051393546 100.3 3.70763649620442
0 0

0101101
*
Ed
 0.000218544203199561 1 1 0
1  282 0 0 0.00055109542086657
2  329 129 0 0 0.00055109542086657
2  330 130 0 0 0.00055109542086657
4 C0 129 0 130 0
0

0101000
+953 0 -978 0 *
Ed
 1e-07 1 1 0
1  283 0 -80 -69.7647022494766
2  331 129 0 -80 -69.7647022494766
2  332 117 0 -80 -69.7647022494766
4 G1 129 0 117 0
0

0101000
+963 0 -953 0 *
Wi

0101100
-977 0 -952 0 -951 0 +962 0 *
Fa
0  1e-07 129 0

0111000
+950 0 *
Ve
1e-07
39.9241883140166 100.3 -3.79236350379558
0 0

0101101
*
Ed
 1e-07 1 1 0
1  284 0 0 10.2352977505233
2  333 125 0 0 10.2352977505233
2  334 121 0 0 10.2352977505233
4 G1 125 0 121 0
0

0101000
+948 0 -958 0 *
Ed
 1e-07 1 1 0
1  285 0 1.5707963267949 3.14159265358979
2  335 125 0 1.5707963267949 3.14159265358979
2  336 124 0 1.5707963267949 3.14159265358979
4 C0 125 0 124 0
0

0101000
+989 0 -948 0 *
Wi

0101100
-947 0 -946 0 -985 0 +956 0 *
Fa
0  1e-07 125 0

0111000
+945 0 *
Ve
0.000322742891929201
29.6888905634933 100.3 3.70763649620442
0 0

0101101
*
Ed
 0.000218544203198082 1 1 0
1  286 0 0 0.000551095420866572
2  337 130 0 0 0.000551095420866572
2  338 131 0 0 0.000551095420866572
4 C0 130 0 131 0
0

0101000
+943 0 -976 0 *
Ed
 1e-07 1 1 0
1  287 0 0.125327831168065 3.01626482242173
2  339 130 0 0.125327831168065 3.01626482242173
2  340 116 0 0.125327831168065 3.01626482242173
4 G1 130 0 116 0
0

0101000
+953 0 -943 0 *
Wi

0101100
-975 0 -942 0 -941 0 +952 0 *
Fa
0  1e-07 130 0

0111000
+940 0 *
Ve
1e-07
39.9241883140166 100.3 3.70763649620442
0 0

0101101
*
Ed
 1e-07 1 1 0
1  288 0 0 7.5
2  341 124 0 0 7.5
2  342 122 0 0 7.5
4 G1 124 0 122 0
0

0101000
+938 0 -948 0 *
Ed
 1e-07 1 1 0
1  289 0 1.5707963267949 3.14159265358979
2  343 124 0 1.5707963267949 3.14159265358979
2  344 131 0 1.5707963267949 3.14159265358979
4 C0 124 0 131 0
0

0101000
+988 0 -938 0 *
Wi

0101100
-937 0 -936 0 -987 0 +946 0 *
Fa
0  1e-07 124 0

0111000
+935 0 *
Ed
 1e-07 1 1 0
1  290 0 -10.2352977505233 0
2  345 131 0 -10.2352977505233 0
2  346 123 0 -10.2352977505233 0
4 G1 131 0 123 0
0

0101000
+943 0 -938 0 *
Wi

0101100
-974 0 +936 0 -933 0 +942 0 *
Fa
0  1e-07 131 0

0111000
+932 0 *
Ed
 0.000322744794451825 1 1 0
1  291 0 0 0.000366575567577956
2  347 116 0 0 0.000366575567577956
2  348 117 0 0 0.000366575567577956
4 C0 116 0 117 0
0

0101000
+953 0 -1037 0 *
Ed
 0.000322742891929201 1 1 0
1  292 0 -2.8406776999422e-06 0.000364585960631111
2  349 116 0 -2.8406776999422e-06 0.000364585960631111
2  350 123 0 -2.8406776999422e-06 0.000364585960631111
4 C0 116 0 123 0
0

0101000
+1036 0 -943 0 *
Wi

0101100
+930 0 +1035 0 +929 0 -941 0 *
Fa
0  1e-07 116 0

0111000
+928 0 *
Ed
 1e-07 1 1 0
1  293 0 1.5707963267949 3.14159265358979
2  351 123 0 1.5707963267949 3.14159265358979
2  352 122 0 1.5707963267949 3.14159265358979
4 C0 123 0 122 0
0

0101000
+1024 0 -938 0 *
Wi

0101100
-929 0 +1022 0 +926 0 -933 0 *
Fa
0  1e-07 123 0

0111000
+925 0 *
Ed
 1e-07 1 1 0
1  294 0 3.14159265358979 4.71238898038469
2  353 117 0 3.14159265358979 4.71238898038469
2  354 118 0 3.14159265358979 4.71238898038469
4 C0 117 0 118 0
0

0101000
+963 0 -1034 0 *
Wi

0101100
-930 0 -951 0 +923 0 +1033 0 *
Fa
0  1e-07 117 0

0111000
+922 0 *
Ed
 1e-07 1 1 0
1  295 0 1.5707963267949 3.14159265358979
2  355 122 0 1.5707963267949 3.14159265358979
2  356 121 0 1.5707963267949 3.14159265358979
4 C0 122 0 121 0
0

0101000
+1026 0 -948 0 *
Wi

0101100
-926 0 +1023 0 +920 0 -937 0 *
Fa
0  1e-07 122 0

0111000
+919 0 *
Ed
 1e-07 1 1 0
1  296 0 3.14159265358979 4.71238898038469
2  357 118 0 3.14159265358979 4.71238898038469
2  358 119 0 3.14159265358979 4.71238898038469
4 C0 118 0 119 0
0

0101000
+970 0 -1032 0 *
Wi

0101100
-923 0 -961 0 +917 0 +1031 0 *
Fa
0  1e-07 118 0

0111000
+916 0 *
Ed
 0.000322742891926963 1 1 0
1  297 0 -2.84067769994612e-06 0.000364585960631112
2  359 121 0 -2.84067769994612e-06 0.000364585960631112
2  360 120 0 -2.84067769994612e-06 0.000364585960631112
4 C0 121 0 120 0
0

0101000
+1028 0 -958 0 *
Wi

0101100
-920 0 +1025 0 +914 0 -947 0 *
Fa
0  1e-07 121 0

0111000
+913 0 *
Ed
 0.000322744794450887 1 1 0
1  298 0 0 0.000366575567577956
2  361 119 0 0 0.000366575567577956
2  362 120 0 0 0.000366575567577956
4 C0 119 0 120 0
0

0101000
+968 0 -1030 0 *
Wi

0101100
-917 0 -967 0 +911 0 +1029 0 *
Fa
0  1e-07 119 0

0111000
+910 0 *
Wi

0101100
-914 0 +1027 0 -911 0 -957 0 *
Fa
0  1e-07 120 0

0111000
+908 0 *
Ve
0.000324105053895915
-29.5747523449291 96.2 -3.49236350379558
0 0

0101101
*
Ed
 1e-07 1 1 0
1  299 0 -3.8 -3.5
2  363 110 0 -3.8 -3.5
4 C0 111 0 110 0
0

0101000
+906 0 -1091 0 *
Ve
1e-07
-39.7758116859834 96.2 -3.49236350379558
0 0

0101101
*
Ed
 1e-07 1 1 0
1  300 0 29.4989406589457 39.7
2  364 93 0 29.4989406589457 39.7
4 G1 111 0 93 0
0

0101000
+906 0 -904 0 *
Ed
 1e-07 1 1 0
1  301 0 -3.8 -3.5
4 C0 111 0 112 0
0

0101000
+904 0 -1089 0 *
Wi

0101100
-905 0 +903 0 +902 0 +1088 0 *
Fa
0  1e-07 111 0

0111000
+901 0 *
Ve
1e-07
-39.7758116859834 96.2 3.40763649620442
0 0

0101101
*
Ed
 1e-07 1 1 0
1  302 0 -3.45 3.45
2  365 92 0 -3.45 3.45
4 G1 112 0 92 0
0

0101000
+904 0 -899 0 *
Ed
 1e-07 1 1 0
1  303 0 -3.8 -3.5
4 C0 112 0 113 0
0

0101000
+899 0 -1087 0 *
Wi

0101100
-902 0 +898 0 +897 0 +1086 0 *
Fa
0  1e-07 112 0

0111000
+896 0 *
Ve
0.000324105053889271
29.4231289729623 96.2 -3.49236350379558
0 0

0101101
*
Ed
 1e-07 1 1 0
1  304 0 -3.8 -3.5
2  366 110 0 -3.8 -3.5
4 C0 110 0 109 0
0

0101000
+894 0 -1093 0 *
Ed
 1e-07 1 1 0
1  305 0 0.116424453483363 3.02516820010643
2  367 110 0 0.116424453483363 3.02516820010643
2  368 94 0 0.116424453483363 3.02516820010643
4 G1 110 0 94 0
0

0101000
+894 0 -906 0 *
Wi

0101100
-893 0 +892 0 +905 0 +1090 0 *
Fa
0  1e-07 110 0

0111000
+891 0 *
Ve
1e-07
39.6241883140166 96.2 -3.49236350379558
0 0

0101101
*
Ed
 1e-07 1 1 0
1  306 0 -3.8 -3.5
4 C0 109 0 108 0
0

0101000
+889 0 -1095 0 *
Ed
 1e-07 1 1 0
1  307 0 -39.7 -29.4989406589457
2  369 95 0 -39.7 -29.4989406589457
4 G1 109 0 95 0
0

0101000
+889 0 -894 0 *
Wi

0101100
-888 0 +887 0 +893 0 +1092 0 *
Fa
0  1e-07 109 0

0111000
+886 0 *
Ve
0.000324136662755123
-29.5747523449291 96.2 3.40763649620442
0 0

0101101
*
Ed
 1e-07 1 1 0
1  308 0 -39.7 -29.4989406589457
2  370 91 0 -39.7 -29.4989406589457
4 G1 113 0 91 0
0

0101000
+899 0 -884 0 *
Ed
 1e-07 1 1 0
1  309 0 -3.8 -3.5
2  371 106 0 -3.8 -3.5
4 C0 113 0 106 0
0

0101000
+884 0 -1099 0 *
Wi

0101100
-897 0 +883 0 +882 0 +1085 0 *
Fa
0  1e-07 113 0

0111000
+881 0 *
Ve
0.00032413666275473
29.4231289729623 96.2 3.40763649620442
0 0

0101101
*
Ed
 1e-07 1 1 0
1  310 0 3.25801710707316 6.16676085369622
2  372 106 0 3.25801710707316 6.16676085369622
2  373 90 0 3.25801710707316 6.16676085369622
4 G1 106 0 90 0
0

0101000
+884 0 -879 0 *
Ed
 1e-07 1 1 0
1  311 0 -3.8 -3.5
2  374 106 0 -3.8 -3.5
4 C0 106 0 107 0
0

0101000
+879 0 -1100 0 *
Wi

0101100
-882 0 +878 0 +877 0 +1098 0 *
Fa
0  1e-07 106 0

0111000
+876 0 *
Ve
1e-07
39.6241883140166 96.2 3.40763649620442
0 0

0101101
*
Ed
 1e-07 1 1 0
1  312 0 -3.8 -3.5
4 C0 108 0 107 0
0

0101000
+874 0 -1097 0 *
Ed
 1e-07 1 1 0
1  313 0 -3.45 3.45
2  375 88 0 -3.45 3.45
4 G1 108 0 88 0
0

0101000
+874 0 -889 0 *
Wi

0101100
-873 0 +872 0 +888 0 +1094 0 *
Fa
0  1e-07 108 0

0111000
+871 0 *
Ed
 1e-07 1 1 0
1  314 0 29.4989406589457 39.7
2  376 89 0 29.4989406589457 39.7
4 G1 107 0 89 0
0

0101000
+879 0 -874 0 *
Wi

0101100
-877 0 +869 0 +873 0 +1096 0 *
Fa
0  1e-07 107 0

0111000
+868 0 *
Ed
 1e-07 1 1 0
1  315 0 10.5 14.5
2  377 65 0 10.5 14.5
4 G1 65 0 105 0
0

0101000
+1106 0 -1041 0 *
Wi

0101100
+1105 0 +866 0 -1039 0 -1263 0 *
Fa
0  1e-07 65 0

0111000
+865 0 *
Wi

0101100
+1175 0 +1044 0 -1266 0 -1107 0 *
Fa
0  1e-07 64 0

0111000
-863 0 *
Ed
 1e-07 1 1 0
1  316 0 10.5 14.5
2  378 85 0 10.5 14.5
4 G1 85 0 105 0
0

0101000
+1104 0 -1043 0 *
Wi

0101100
-1042 0 -861 0 +1102 0 +1171 0 *
Fa
0  1e-07 85 0

0111000
+860 0 *
Wi

0101100
+866 0 +1040 0 -861 0 -1103 0 *
Fa
0  1e-07 105 0

0111000
-858 0 *
Ed
 1e-07 1 1 0
1  317 0 10.5 14.5
2  379 83 0 10.5 14.5
4 G1 83 0 104 0
0

0101000
+1111 0 -1050 0 *
Wi

0101100
+1049 0 -856 0 -1109 0 +1181 0 *
Fa
0  1e-07 83 0

0111000
+855 0 *
Ed
 1e-07 1 1 0
1  318 0 10.5 14.5
2  380 62 0 10.5 14.5
4 G1 104 0 62 0
0

0101000
+1113 0 -1048 0 *
Wi

0101100
+1110 0 +853 0 -1047 0 -856 0 *
Fa
0  1e-07 104 0

0111000
+852 0 *
Wi

0101100
-1112 0 +853 0 +1046 0 -1273 0 *
Fa
0  1e-07 62 0

0111000
+850 0 *
Wi

0101100
+1114 0 +1185 0 -1051 0 -1276 0 *
Fa
0  1e-07 61 0

0111000
+848 0 *
Ed
 1e-07 1 1 0
1  319 0 10.5 14.5
2  381 81 0 10.5 14.5
4 G1 81 0 114 0
0

0101000
+1082 0 -1020 0 *
Wi

0101100
-1019 0 -846 0 +1080 0 +1191 0 *
Fa
0  1e-07 81 0

0111000
+845 0 *
Ed
 1e-07 1 1 0
1  320 0 10.5 14.5
2  382 59 0 10.5 14.5
4 G1 114 0 59 0
0

0101000
+1083 0 -1018 0 *
Wi

0101100
+843 0 +1017 0 -846 0 -1081 0 *
Fa
0  1e-07 114 0

0111000
-842 0 *
Wi

0101100
+1078 0 +843 0 -1016 0 -1283 0 *
Fa
0  1e-07 59 0

0111000
+840 0 *
Wi

0101100
+1195 0 +1015 0 -1286 0 -1079 0 *
Fa
0  1e-07 58 0

0111000
-838 0 *
Ed
 1e-07 1 1 0
1  321 0 10.5 14.5
2  383 56 0 10.5 14.5
4 G1 56 0 115 0
0

0101000
+1076 0 -1012 0 *
Wi

0101100
-1075 0 +836 0 +1010 0 -1293 0 *
Fa
0  1e-07 56 0

0111000
+835 0 *
Wi

0101100
+1071 0 +1205 0 -1009 0 -1296 0 *
Fa
0  1e-07 54 0

0111000
+833 0 *
Ed
 1e-07 1 1 0
1  322 0 10.5 14.5
2  384 79 0 10.5 14.5
4 G1 79 0 115 0
0

0101000
+1074 0 -1013 0 *
Wi

0101100
+1008 0 -831 0 -1072 0 +1201 0 *
Fa
0  1e-07 79 0

0111000
+830 0 *
Wi

0101100
+1073 0 +836 0 -1011 0 -831 0 *
Fa
0  1e-07 115 0

0111000
+828 0 *
Wi

0101100
-1127 0 -1001 0 -1064 0 -997 0 *
Fa
0  1e-07 97 0

0111000
+826 0 *
Wi

0101100
-1123 0 -996 0 -1053 0 -993 0 *
Fa
0  1e-07 99 0

0111000
+824 0 *
Wi

0101100
-1119 0 -992 0 -1056 0 -1005 0 *
Fa
0  1e-07 101 0

0111000
+822 0 *
Wi

0101100
-1116 0 -1004 0 -1060 0 -1000 0 *
Fa
0  1e-07 103 0

0111000
+820 0 *
Ed
 1e-07 1 1 0
1  323 0 3.14159265358979 6.28318530717959
2  385 47 0 3.14159265358979 6.28318530717959
4 G1 72 0 47 0
0

0101000
+1229 0 -1227 0 *
Wi

0101100
+1226 0 +818 0 *
Ed
 1e-07 1 1 0
1  324 0 0 3.14159265358979
2  386 73 0 0 3.14159265358979
4 G1 72 0 73 0
0

0101000
+1238 0 -1239 0 *
Wi

0101100
+816 0 +1237 0 *
Fa
0  1e-07 72 0

0111000
+817 0 +815 0 *
Wi

0101100
-1211 0 +1243 0 +1210 0 +1308 0 *
Fa
0  1e-07 49 0

0111000
+813 0 *
Ed
 1e-07 1 1 0
1  325 0 0 2.07692403114243
2  387 74 0 0 2.07692403114243
4 C0 77 0 74 0
0

0101000
+1218 0 -1155 0 *
Wi

0101100
-1160 0 +1217 0 +811 0 -1154 0 *
Fa
0  1e-07 77 0

0111000
-810 0 *
Wi

0101100
+811 0 -1153 0 -1162 0 -1221 0 -1233 0 +1216 0 *
Fa
0  1e-07 74 0

0111000
+808 0 *
Wi

0101100
+1312 0 +1225 0 -818 0 -1228 0 *
Fa
0  1e-07 47 0

0111000
+806 0 *
Wi

0101100
-1235 0 -816 0 +1232 0 -1215 0 *
Fa
0  1e-07 73 0

0111000
+804 0 *
Wi

0101100
+1242 0 +1212 0 -1245 0 +1254 0 *
Fa
0  1e-07 69 0

0111000
+802 0 *
Ed
 1e-07 1 1 0
1  326 0 3.14159265358979 4.71238898038469
2  388 93 0 3.14159265358979 4.71238898038469
2  389 92 0 3.14159265358979 4.71238898038469
4 C0 93 0 92 0
0

0101000
+904 0 -1141 0 *
Ed
 0.000324105053895915 1 1 0
1  327 0 -2.83709719730395e-06 0.000366087590028603
2  390 93 0 -2.83709719730395e-06 0.000366087590028603
2  391 94 0 -2.83709719730395e-06 0.000366087590028603
4 C0 93 0 94 0
0

0101000
+1139 0 -906 0 *
Wi

0101100
-800 0 -903 0 -799 0 -1138 0 *
Fa
0  1e-07 93 0

0111000
+798 0 *
Ed
 0.000324105053889271 1 1 0
1  328 0 -2.8370971973033e-06 0.000366087590028606
2  392 94 0 -2.8370971973033e-06 0.000366087590028606
2  393 95 0 -2.8370971973033e-06 0.000366087590028606
4 C0 94 0 95 0
0

0101000
+1137 0 -894 0 *
Wi

0101100
+799 0 -892 0 -796 0 -1136 0 *
Fa
0  1e-07 94 0

0111000
+795 0 *
Ed
 1e-07 1 1 0
1  329 0 3.14159265358979 4.71238898038469
2  394 92 0 3.14159265358979 4.71238898038469
2  395 91 0 3.14159265358979 4.71238898038469
4 C0 92 0 91 0
0

0101000
+899 0 -1143 0 *
Wi

0101100
+800 0 -1140 0 -793 0 -898 0 *
Fa
0  1e-07 92 0

0111000
+792 0 *
Ed
 1e-07 1 1 0
1  330 0 1.5707963267949 3.14159265358979
2  396 95 0 1.5707963267949 3.14159265358979
2  397 88 0 1.5707963267949 3.14159265358979
4 C0 95 0 88 0
0

0101000
+1150 0 -889 0 *
Wi

0101100
+796 0 -887 0 -790 0 -1135 0 *
Fa
0  1e-07 95 0

0111000
+789 0 *
Ed
 0.000324136662755123 1 1 0
1  331 0 0 0.000368122970952189
2  398 91 0 0 0.000368122970952189
2  399 90 0 0 0.000368122970952189
4 C0 91 0 90 0
0

0101000
+884 0 -1145 0 *
Wi

0101100
+793 0 -1142 0 -787 0 -883 0 *
Fa
0  1e-07 91 0

0111000
+786 0 *
Ed
 1e-07 1 1 0
1  332 0 1.5707963267949 3.14159265358979
2  400 88 0 1.5707963267949 3.14159265358979
2  401 89 0 1.5707963267949 3.14159265358979
4 C0 88 0 89 0
0

0101000
+1149 0 -874 0 *
Wi

0101100
+790 0 -872 0 -784 0 -1148 0 *
Fa
0  1e-07 88 0

0111000
+783 0 *
Ed
 0.00032413666275473 1 1 0
1  333 0 0 0.000368122970952187
2  402 90 0 0 0.000368122970952187
2  403 89 0 0 0.000368122970952187
4 C0 90 0 89 0
0

0101000
+879 0 -1147 0 *
Wi

0101100
+787 0 -1144 0 -781 0 -878 0 *
Fa
0  1e-07 90 0

0111000
+780 0 *
Wi

0101100
+784 0 -869 0 +781 0 -1146 0 *
Fa
0  1e-07 89 0

0111000
+778 0 *
Sh

0101100
+1305 0 +1301 0 -1291 0 -1281 0 -1271 0 -1261 0 -1251 0 -1247 0 -1240 0 +1230 0 
+1223 0 -1213 0 +1208 0 -1198 0 -1188 0 -1178 0 -1168 0 +1157 0 +1151 0 -1132 0 
-1069 0 +1006 0 +1002 0 +998 0 +994 0 +990 0 +971 0 -964 0 -959 0 -954 0 
-949 0 -944 0 -939 0 -934 0 -931 0 +927 0 +924 0 +921 0 +918 0 +915 0 
+912 0 +909 0 +907 0 +900 0 +895 0 +890 0 +885 0 +880 0 +875 0 +870 0 
+867 0 -864 0 -862 0 -859 0 -857 0 -854 0 +851 0 -849 0 +847 0 -844 0 
-841 0 -839 0 -837 0 -834 0 +832 0 -829 0 +827 0 +825 0 +823 0 +821 0 
+819 0 +814 0 +812 0 -809 0 -807 0 +805 0 +803 0 -801 0 +797 0 +794 0 
+791 0 +788 0 +785 0 +782 0 +779 0 +777 0 *
So

0100000
+776 0 *
Ve
1e-07
-40.9019237886467 11.381197846483 27.5
0 0

0101101
*
Ve
1e-07
-30.0980762113533 17.618802153517 27.5
0 0

0101101
*
Ed
 1e-07 1 1 0
1  334 0 0 3.14159265358979
2  404 132 0 0 3.14159265358979
4 C0 132 0 133 0
0

0101000
+774 0 -773 0 *
Ve
9.67271359395957e-05
-27.5 19.118802153517 26.5
0 0

0101101
*
Ed
 1e-07 1 1 0
1  335 0 4.93405932718878 5.13421974237388
2  405 132 0 4.93405932718878 5.13421974237388
2  406 134 0 4.93405932718878 5.13421974237388
4 CN 132 0 134 0
0

0101000
+773 0 -771 0 *
Ve
9.67271359395957e-05
-35.5 23.737604307034 26.5
0 0

0101101
*
Ed
 9.67271359395957e-05 1 1 0
1  336 0 2.33254409271438e-07 0.0092509853587196
2  407 132 0 2.33254409271438e-07 0.0092509853587196
4 C0 132 0 135 0
0

0101000
+769 0 -771 0 *
Ve
9.6727135940753e-05
-43.5 19.118802153517 26.5
0 0

0101101
*
Ed
 8.74133977230161e-05 1 1 0
1  337 0 0.0946938928205695 0.103933314649715
2  408 132 0 0.0946938928205695 0.103933314649715
4 C0 132 0 136 0
0

0101000
+767 0 -769 0 *
Ve
9.6727135940753e-05
-43.5 9.881197846483 26.5
0 0

0101101
*
Ed
 9.6727135940753e-05 1 1 0
1  338 0 2.33254409267345e-07 0.00925098535871961
2  409 132 0 2.33254409267345e-07 0.00925098535871961
4 C0 132 0 137 0
0

0101000
+765 0 -767 0 *
Ed
 1e-07 1 1 0
1  339 0 4.93405932718878 5.13421974237388
2  410 132 0 4.93405932718878 5.13421974237388
2  411 134 0 4.93405932718878 5.13421974237388
4 CN 132 0 134 0
0

0101000
+774 0 -765 0 *
Wi

0101100
+772 0 +770 0 -768 0 -766 0 -764 0 -763 0 *
Fa
0  1e-07 132 0

0111000
+762 0 *
Ve
1e-07
-39.8301270189222 12 -32.5
0 0

0101101
*
Ve
1e-07
-31.1698729810778 17 -32.5
0 0

0101101
*
Ed
 1e-07 1 1 0
1  340 0 0 3.14159265358979
2  412 138 0 0 3.14159265358979
4 C0 138 0 139 0
0

0101000
+760 0 -759 0 *
Ve
1e-07
-39.8301270189222 12 23
0 0

0101101
*
Ed
 1e-07 1 1 0
1  341 0 0 55.5
2  413 138 0 0 55.5
2  414 140 0 0 55.5
4 CN 138 0 140 0
0

0101000
+760 0 -757 0 *
Ve
1e-07
-31.1698729810778 17 23
0 0

0101101
*
Ed
 1e-07 1 1 0
1  342 0 0 3.14159265358979
2  415 138 0 0 3.14159265358979
4 C0 138 0 141 0
0

0101000
+757 0 -755 0 *
Ed
 1e-07 1 1 0
1  343 0 0 55.5
2  416 138 0 0 55.5
2  417 140 0 0 55.5
4 CN 138 0 140 0
0

0101000
+759 0 -755 0 *
Wi

0101100
-758 0 +756 0 +754 0 -753 0 *
Fa
0  1e-07 138 0

0111000
+752 0 *
Ed
 1e-07 1 1 0
1  344 0 3.14159265358979 6.28318530717959
2  418 140 0 3.14159265358979 6.28318530717959
4 C0 140 0 139 0
0

0101000
+759 0 -760 0 *
Ed
 1e-07 1 1 0
1  345 0 3.14159265358979 6.28318530717959
2  419 140 0 3.14159265358979 6.28318530717959
4 C0 140 0 141 0
0

0101000
+755 0 -757 0 *
Wi

0101100
-756 0 -750 0 +753 0 +749 0 *
Fa
0  1e-07 140 0

0111000
+748 0 *
Wi

0101100
+750 0 +758 0 *
Fa
0  1e-07 139 0

0111000
+746 0 *
Ve
1e-07
-35.5 5.262395692966 23
0 0

0101101
*
Ve
1e-07
-43.5 9.881197846483 23
0 0

0101101
*
Ed
 1e-07 1 1 0
1  346 0 0 9.23760430703401
4 C0 141 0 142 0
0

0101000
+744 0 -743 0 *
Ve
1e-07
-43.5 19.118802153517 23
0 0

0101101
*
Ed
 1e-07 1 1 0
1  347 0 0 9.237604307034
4 C0 141 0 137 0
0

0101000
+743 0 -741 0 *
Ve
1e-07
-35.5 23.737604307034 23
0 0

0101101
*
Ed
 1e-07 1 1 0
1  348 0 0 9.23760430703401
4 C0 141 0 136 0
0

0101000
+741 0 -739 0 *
Ve
1e-07
-27.5 19.118802153517 23
0 0

0101101
*
Ed
 1e-07 1 1 0
1  349 0 0 9.23760430703401
4 C0 141 0 135 0
0

0101000
+739 0 -737 0 *
Ve
1e-07
-27.5 9.881197846483 23
0 0

0101101
*
Ed
 1e-07 1 1 0
1  350 0 0 9.237604307034
4 C0 141 0 143 0
0

0101000
+737 0 -735 0 *
Ed
 1e-07 1 1 0
1  351 0 0 9.23760430703401
4 C0 141 0 144 0
0

0101000
+735 0 -744 0 *
Wi

0101100
+742 0 +740 0 +738 0 +736 0 +734 0 +733 0 *
Wi

0101100
-749 0 -754 0 *
Fa
0  1e-07 141 0

0111000
+732 0 +731 0 *
Ve
9.6727135939103e-05
-35.5 5.262395692966 26.5
0 0

0101101
*
Ed
 1e-07 1 1 0
1  352 0 0 3.5
4 C0 142 0 144 0
0

0101000
+744 0 -729 0 *
Ed
 9.6727135939103e-05 1 1 0
1  353 0 2.33254409273816e-07 0.00925098535871961
2  420 134 0 2.33254409273816e-07 0.00925098535871961
4 C0 142 0 134 0
0

0101000
+729 0 -765 0 *
Ed
 1e-07 1 1 0
1  354 0 0 3.5
4 C0 142 0 137 0
0

0101000
+743 0 -765 0 *
Wi

0101100
+728 0 +727 0 -726 0 -742 0 *
Fa
0  1e-07 142 0

0111000
-725 0 *
Ed
 1e-07 1 1 0
1  355 0 0 3.5
4 C0 137 0 136 0
0

0101000
+741 0 -767 0 *
Wi

0101100
+726 0 +764 0 -723 0 -740 0 *
Fa
0  1e-07 137 0

0111000
-722 0 *
Ed
 1e-07 1 1 0
1  356 0 0 3.5
4 C0 136 0 135 0
0

0101000
+739 0 -769 0 *
Wi

0101100
+723 0 +766 0 -720 0 -738 0 *
Fa
0  1e-07 136 0

0111000
-719 0 *
Ed
 1e-07 1 1 0
1  357 0 0 3.5
4 C0 135 0 143 0
0

0101000
+737 0 -771 0 *
Wi

0101100
+720 0 +768 0 -717 0 -736 0 *
Fa
0  1e-07 135 0

0111000
-716 0 *
Ve
9.67271359391752e-05
-27.5 9.88119784648301 26.5
0 0

0101101
*
Ed
 9.67271359391752e-05 1 1 0
1  358 0 2.33254409268039e-07 0.0092509853587196
2  421 134 0 2.33254409268039e-07 0.0092509853587196
4 C0 143 0 134 0
0

0101000
+771 0 -714 0 *
Ed
 1e-07 1 1 0
1  359 0 0 3.5
4 C0 143 0 144 0
0

0101000
+735 0 -714 0 *
Wi

0101100
+717 0 +713 0 -712 0 -734 0 *
Fa
0  1e-07 143 0

0111000
-711 0 *
Ed
 8.74134017774805e-05 1 1 0
1  360 0 0.0946938931789154 0.103933315084297
2  422 134 0 0.0946938931789154 0.103933315084297
4 C0 144 0 134 0
0

0101000
+714 0 -729 0 *
Wi

0101100
+712 0 +709 0 -728 0 -733 0 *
Fa
0  1e-07 144 0

0111000
-708 0 *
Ed
 1e-07 1 1 0
1  361 0 3.14159265358979 6.28318530717959
2  423 134 0 3.14159265358979 6.28318530717959
4 C0 134 0 133 0
0

0101000
+773 0 -774 0 *
Wi

0101100
-770 0 +706 0 +763 0 -727 0 -709 0 -713 0 *
Fa
0  1e-07 134 0

0111000
+705 0 *
Wi

0101100
-772 0 -706 0 *
Fa
0  1e-07 133 0

0111000
-703 0 *
Sh

0101100
+761 0 +751 0 +747 0 +745 0 +730 0 -724 0 -721 0 -718 0 -715 0 -710 0 
-707 0 +704 0 -702 0 *
So

0100000
+701 0 *
Ve
1e-07
-38.6 19.8693575034635 -30
0 0

0101101
*
Ve
1e-07
-32.4 9.1306424965365 -30
0 0

0101101
*
Ed
 1e-07 1 1 0
1  362 0 0 3.14159265358979
2  424 145 0 0 3.14159265358979
2  425 146 0 0 3.14159265358979
4 C1 145 0 146 0
0

0101000
+699 0 -698 0 *
Ve
1e-07
-32.65 9.56365519842872 -30.5
0 0

0101101
*
Ed
 1e-07 1 1 0
1  363 0 0 1.57079632679492
2  426 145 0 0 1.57079632679492
2  427 147 0 0 1.57079632679492
4 CN 145 0 147 0
0

0101000
+698 0 -696 0 *
Ve
1e-07
-38.35 19.4363448015713 -30.5
0 0

0101101
*
Ed
 1e-07 1 1 0
1  364 0 0 3.14159265358979
2  428 145 0 0 3.14159265358979
4 G1 145 0 148 0
0

0101000
+694 0 -696 0 *
Ed
 1e-07 1 1 0
1  365 0 0 1.5707963267949
2  429 145 0 0 1.5707963267949
2  430 147 0 0 1.5707963267949
4 CN 145 0 147 0
0

0101000
+699 0 -694 0 *
Wi

0101100
+697 0 +695 0 -693 0 -692 0 *
Fa
0  1e-07 145 0

0111000
+691 0 *
Ve
1e-07
-38.85 20.3023702053558 -29.5
0 0

0101101
*
Ed
 1e-07 1 1 0
1  366 0 3.14159265358979 4.71238898038469
2  431 149 0 3.14159265358979 4.71238898038469
2  432 146 0 3.14159265358979 4.71238898038469
4 CN 149 0 146 0
0

0101000
+699 0 -689 0 *
Ve
1e-07
-32.15 8.69762979464427 -29.5
0 0

0101101
*
Ed
 1e-07 1 1 0
1  367 0 0 3.14159265358979
2  433 149 0 0 3.14159265358979
4 G1 149 0 150 0
0

0101000
+689 0 -687 0 *
Ed
 1e-07 1 1 0
1  368 0 3.14159265358979 4.71238898038469
2  434 149 0 3.14159265358979 4.71238898038469
2  435 146 0 3.14159265358979 4.71238898038469
4 CN 149 0 146 0
0

0101000
+698 0 -687 0 *
Ed
 1e-07 1 1 0
1  369 0 3.14159265358979 6.28318530717959
2  436 149 0 3.14159265358979 6.28318530717959
2  437 147 0 3.14159265358979 6.28318530717959
4 C1 149 0 147 0
0

0101000
+698 0 -699 0 *
Wi

0101100
+688 0 +686 0 -685 0 +684 0 *
Fa
0  1e-07 149 0

0111000
+683 0 *
Ve
1e-07
-38.7723919920033 20.1679491924311 -23
0 0

0101101
*
Ve
1e-07
-32.2276080079968 8.83205080756889 -23
0 0

0101101
*
Ed
 1e-07 1 1 0
1  370 0 0 3.14159265358979
2  438 151 0 0 3.14159265358979
4 G1 151 0 152 0
0

0101000
+681 0 -680 0 *
Ve
0.000318704130336127
-31.8 8.09141201199515 -23.1920714709956
0 0

0101101
*
Ed
 1e-07 1 1 0
1  371 0 4.71238898038468 5.15423398261185
2  439 151 0 4.71238898038468 5.15423398261185
2  440 153 0 4.71238898038468 5.15423398261185
4 CN 151 0 153 0
0

0101000
+680 0 -678 0 *
Ve
0.000341445192351958
-28.1 10.2276080079968 -25
0 0

0101101
*
Ed
 0.000240492235454975 1 1 0
1  372 0 1.35388541935844e-14 0.00503284326234566
2  441 151 0 1.35388541935844e-14 0.00503284326234566
4 C0 151 0 154 0
0

0101000
+678 0 -676 0 *
Ve
0.000341445192354907
-28.1 18.7723919920033 -25
0 0

0101101
*
Ed
 0.000341445192351958 1 1 0
1  373 0 1.96976683346095e-07 0.0101438099481009
2  442 151 0 1.96976683346095e-07 0.0101438099481009
4 C0 151 0 155 0
0

0101000
+676 0 -674 0 *
Ve
0.000341445192354907
-35.5 23.0447839840065 -25
0 0

0101101
*
Ed
 0.000341445192354907 1 1 0
1  374 0 1.96976683344313e-07 0.0101438099481009
2  443 151 0 1.96976683344313e-07 0.0101438099481009
4 C0 151 0 156 0
0

0101000
+674 0 -672 0 *
Ve
0.000318704130307726
-39.2 20.9085879880049 -23.1920714709956
0 0

0101101
*
Ed
 0.000318704130307726 1 1 0
1  375 0 0.0151583342293736 0.0202226948053973
2  444 151 0 0.0151583342293736 0.0202226948053973
4 C0 151 0 157 0
0

0101000
+672 0 -670 0 *
Ed
 1e-07 1 1 0
1  376 0 4.71238898038469 5.15423398261185
2  445 151 0 4.71238898038469 5.15423398261185
2  446 153 0 4.71238898038469 5.15423398261185
4 CN 151 0 153 0
0

0101000
+681 0 -670 0 *
Wi

0101100
+679 0 +677 0 +675 0 +673 0 +671 0 +669 0 -668 0 *
Fa
0  1e-07 151 0

0111000
+667 0 *
Ve
1e-07
-33 10.1698729810778 -30.5
0 0

0101101
*
Ve
1e-07
-33 10.1698729810778 -23
0 0

0101101
*
Ed
 1e-07 1 1 0
1  377 0 0 7.5
2  447 158 0 0 7.5
2  448 159 0 0 7.5
4 CN 158 0 159 0
0

0101000
+665 0 -664 0 *
Ve
1e-07
-38 18.8301270189222 -23
0 0

0101101
*
Ed
 1e-07 1 1 0
1  378 0 3.14159265358979 6.28318530717959
2  449 158 0 3.14159265358979 6.28318530717959
4 C0 158 0 152 0
0

0101000
+664 0 -662 0 *
Ve
1e-07
-38 18.8301270189222 -30.5
0 0

0101101
*
Ed
 1e-07 1 1 0
1  379 0 0 7.5
2  450 158 0 0 7.5
2  451 159 0 0 7.5
4 CN 158 0 159 0
0

0101000
+660 0 -662 0 *
Ed
 1e-07 1 1 0
1  380 0 3.14159265358979 6.28318530717959
2  452 158 0 3.14159265358979 6.28318530717959
4 C0 158 0 148 0
0

0101000
+665 0 -660 0 *
Wi

0101100
+663 0 +661 0 -659 0 -658 0 *
Fa
0  1e-07 158 0

0111000
+657 0 *
Ve
0.0004578230099885
-30.526098895522 20.1731008424135 -29.5
0 0

0101101
*
Ve
0.000459918652732604
-28.1 18.7723919920033 -28.5
0 0

0101101
*
Ed
 0.0004578230099885 1 1 0
1  381 0 1.81367282050289e-06 0.00301758922561379
2  453 160 0 1.81367282050289e-06 0.00301758922561379
4 C0 156 0 160 0
0

0101000
+655 0 -654 0 *
Ve
0.000459918652758083
-33.073901104478 21.6440751335962 -29.5
0 0

0101101
*
Ed
 1e-07 1 1 0
1  382 0 2.80141770082057 5.74336628318592
4 C0 156 0 150 0
0

0101000
+652 0 -655 0 *
Ve
0.000459918652758083
-35.5 23.0447839840065 -28.5
0 0

0101101
*
Ed
 0.000459918652758083 1 1 0
1  383 0 2.95195044452651e-07 0.00299690844597172
2  454 161 0 2.95195044452651e-07 0.00299690844597172
4 C0 156 0 161 0
0

0101000
+650 0 -652 0 *
Ed
 1e-07 1 1 0
1  384 0 2 5.5
4 C0 156 0 157 0
0

0101000
+650 0 -672 0 *
Ed
 1e-07 1 1 0
1  385 0 2 5.5
4 C0 156 0 155 0
0

0101000
+654 0 -674 0 *
Wi

0101100
-653 0 -651 0 -649 0 +648 0 -671 0 -647 0 *
Fa
0  1e-07 156 0

0111000
-646 0 *
Ve
0.00045782300998023
-28.1 13.0290257088173 -29.5
0 0

0101101
*
Ve
0.000478409407223743
-28.1 10.2276080079968 -28.5
0 0

0101101
*
Ed
 0.00045782300998023 1 1 0
1  386 0 1.81367282060188e-06 0.00301758922561388
2  455 162 0 1.81367282060188e-06 0.00301758922561388
4 C0 155 0 162 0
0

0101000
+644 0 -643 0 *
Ve
0.000459918652732604
-28.1 15.9709742911827 -29.5
0 0

0101101
*
Ed
 1e-07 1 1 0
1  387 0 2.8014177008206 5.743366283186
4 C0 155 0 150 0
0

0101000
+641 0 -644 0 *
Ed
 0.000459918652732604 1 1 0
1  388 0 2.95195044433229e-07 0.00299690844597169
2  456 160 0 2.95195044433229e-07 0.00299690844597169
4 C0 155 0 160 0
0

0101000
+654 0 -641 0 *
Ed
 1e-07 1 1 0
1  389 0 2 5.5
4 C0 155 0 154 0
0

0101000
+643 0 -676 0 *
Wi

0101100
-642 0 -640 0 -639 0 +647 0 -673 0 -638 0 *
Fa
0  1e-07 155 0

0111000
-637 0 *
Ve
5.49403896036777e-05
-33.073901104478 7.3559248664038 -29.5
0 0

0101101
*
Ve
0.000459918652723464
-35.5 5.95521601599355 -28.5
0 0

0101101
*
Ed
 5.49403896036777e-05 1 1 0
1  390 0 0.00147000222480713 0.004471330114863
2  457 163 0 0.00147000222480713 0.004471330114863
4 C0 154 0 163 0
0

0101000
+635 0 -634 0 *
Ve
0.000478409407223743
-30.526098895522 8.82689915758651 -29.5
0 0

0101101
*
Ed
 1e-07 1 1 0
1  391 0 2.80141770082056 5.74336628318592
4 C0 154 0 150 0
0

0101000
+632 0 -635 0 *
Ed
 0.000478409407223743 1 1 0
1  392 0 0.0193657235930351 0.0223743795533757
2  458 162 0 0.0193657235930351 0.0223743795533757
4 C0 154 0 162 0
0

0101000
+643 0 -632 0 *
Ve
0.000341445192353118
-35.5 5.95521601599355 -25
0 0

0101101
*
Ed
 0.000318704130336127 1 1 0
1  393 0 0.0151583342295081 0.0202226948056389
2  459 153 0 0.0151583342295081 0.0202226948056389
4 C0 154 0 153 0
0

0101000
+629 0 -678 0 *
Ed
 1e-07 1 1 0
1  394 0 2 5.5
4 C0 154 0 164 0
0

0101000
+634 0 -629 0 *
Wi

0101100
-633 0 -631 0 -630 0 +638 0 -675 0 -628 0 -627 0 *
Fa
0  1e-07 154 0

0111000
-626 0 *
Ve
0.000457823009989186
-40.473901104478 8.82689915758651 -29.5
0 0

0101101
*
Ve
0.000459918652733002
-42.9 10.2276080079968 -28.5
0 0

0101101
*
Ed
 0.000457823009989186 1 1 0
1  395 0 1.81367282058521e-06 0.00301758922561387
2  460 165 0 1.81367282058521e-06 0.00301758922561387
4 C0 164 0 165 0
0

0101000
+624 0 -623 0 *
Ve
0.000459918652723464
-37.926098895522 7.35592486640381 -29.5
0 0

0101101
*
Ed
 1e-07 1 1 0
1  396 0 2.80141770082055 5.74336628318591
4 C0 164 0 150 0
0

0101000
+621 0 -624 0 *
Ed
 0.000459918652723464 1 1 0
1  397 0 2.95195044440862e-07 0.0029969084459717
2  461 163 0 2.95195044440862e-07 0.0029969084459717
4 C0 164 0 163 0
0

0101000
+634 0 -621 0 *
Ve
0.000341445192360028
-42.9 10.2276080079968 -25
0 0

0101101
*
Ed
 0.000341445192353118 1 1 0
1  398 0 1.96976683345772e-07 0.0101438099481009
2  462 153 0 1.96976683345772e-07 0.0101438099481009
4 C0 164 0 153 0
0

0101000
+618 0 -629 0 *
Ed
 1e-07 1 1 0
1  399 0 2 5.5
4 C0 164 0 166 0
0

0101000
+623 0 -618 0 *
Wi

0101100
-622 0 -620 0 -619 0 +627 0 -617 0 -616 0 *
Fa
0  1e-07 164 0

0111000
-615 0 *
Ve
0.000457823009993413
-42.9 15.9709742911827 -29.5
0 0

0101101
*
Ve
0.000478409407229445
-42.9 18.7723919920032 -28.5
0 0

0101101
*
Ed
 0.000457823009993413 1 1 0
1  400 0 1.81367282059864e-06 0.00301758922561386
2  463 167 0 1.81367282059864e-06 0.00301758922561386
4 C0 166 0 167 0
0

0101000
+613 0 -612 0 *
Ve
0.000459918652733002
-42.9 13.0290257088173 -29.5
0 0

0101101
*
Ed
 1e-07 1 1 0
1  401 0 2.8014177008205 5.7433662831859
4 C0 166 0 150 0
0

0101000
+610 0 -613 0 *
Ed
 0.000459918652733002 1 1 0
1  402 0 2.95195044442038e-07 0.00299690844597168
2  464 165 0 2.95195044442038e-07 0.00299690844597168
4 C0 166 0 165 0
0

0101000
+623 0 -610 0 *
Ve
0.000341445192360028
-42.9 18.7723919920032 -25
0 0

0101101
*
Ed
 0.000341445192360028 1 1 0
1  403 0 1.96976683347933e-07 0.0101438099481009
2  465 153 0 1.96976683347933e-07 0.0101438099481009
4 C0 166 0 153 0
0

0101000
+607 0 -618 0 *
Ed
 1e-07 1 1 0
1  404 0 2 5.5
4 C0 166 0 157 0
0

0101000
+612 0 -607 0 *
Wi

0101100
-611 0 -609 0 -608 0 +616 0 -606 0 -605 0 *
Fa
0  1e-07 166 0

0111000
-604 0 *
Ve
5.49403896267364e-05
-37.926098895522 21.6440751335962 -29.5
0 0

0101101
*
Ed
 5.49403896267364e-05 1 1 0
1  405 0 0.00147000222480716 0.00447133011486301
2  466 161 0 0.00147000222480716 0.00447133011486301
4 C0 157 0 161 0
0

0101000
+602 0 -650 0 *
Ve
0.000478409407229445
-40.4739011044781 20.1731008424135 -29.5
0 0

0101101
*
Ed
 1e-07 1 1 0
1  406 0 2.80141770082043 5.74336628318587
4 C0 157 0 150 0
0

0101000
+600 0 -602 0 *
Ed
 0.000478409407229445 1 1 0
1  407 0 0.0193657235930351 0.0223743795533757
2  467 167 0 0.0193657235930351 0.0223743795533757
4 C0 157 0 167 0
0

0101000
+612 0 -600 0 *
Ed
 0.000240492235442197 1 1 0
1  408 0 8.9851792195813e-18 0.00503284326230357
2  468 153 0 8.9851792195813e-18 0.00503284326230357
4 C0 157 0 153 0
0

0101000
+670 0 -607 0 *
Wi

0101100
-601 0 -599 0 -598 0 +605 0 -597 0 -669 0 -648 0 *
Fa
0  1e-07 157 0

0111000
-596 0 *
Ed
 1e-07 1 1 0
1  409 0 0.196222506028961 0.85097504516764
2  469 161 0 0.196222506028961 0.85097504516764
4 C0 150 0 161 0
0

0101000
+602 0 -652 0 *
Ed
 1e-07 1 1 0
1  410 0 1.24342005722556 1.89817259636423
2  470 160 0 1.24342005722556 1.89817259636423
4 C0 150 0 160 0
0

0101000
+655 0 -641 0 *
Ed
 1e-07 1 1 0
1  411 0 2.29061760842216 2.94537014756083
2  471 162 0 2.29061760842216 2.94537014756083
4 C0 150 0 162 0
0

0101000
+644 0 -632 0 *
Ed
 1e-07 1 1 0
1  412 0 3.33781515961875 3.99256769875743
2  472 163 0 3.33781515961875 3.99256769875743
4 C0 150 0 163 0
0

0101000
+635 0 -621 0 *
Ed
 1e-07 1 1 0
1  413 0 4.38501271081535 5.03976524995403
2  473 165 0 4.38501271081535 5.03976524995403
4 C0 150 0 165 0
0

0101000
+624 0 -610 0 *
Ed
 1e-07 1 1 0
1  414 0 5.43221026201195 6.08696280115062
2  474 167 0 5.43221026201195 6.08696280115062
4 C0 150 0 167 0
0

0101000
+613 0 -600 0 *
Wi

0101100
+599 0 +594 0 +651 0 +593 0 +640 0 +592 0 +631 0 +591 0 +620 0 +590 0 
+609 0 +589 0 *
Ed
 1e-07 1 1 0
1  415 0 3.14159265358979 6.28318530717959
2  475 146 0 3.14159265358979 6.28318530717959
4 G1 150 0 146 0
0

0101000
+687 0 -689 0 *
Wi

0101100
+686 0 +587 0 *
Fa
0  1e-07 150 0

0111000
+588 0 +586 0 *
Ed
 1e-07 1 1 0
1  416 0 3.14159265358979 6.28318530717959
2  476 153 0 3.14159265358979 6.28318530717959
4 G1 152 0 153 0
0

0101000
+680 0 -681 0 *
Wi

0101100
-679 0 -584 0 *
Ed
 1e-07 1 1 0
1  417 0 0 3.14159265358979
2  477 159 0 0 3.14159265358979
4 C0 152 0 159 0
0

0101000
+662 0 -664 0 *
Wi

0101100
+661 0 +582 0 *
Fa
0  1e-07 152 0

0111000
-583 0 -581 0 *
Ed
 1e-07 1 1 0
1  418 0 3.14159265358979 6.28318530717959
2  478 147 0 3.14159265358979 6.28318530717959
4 G1 148 0 147 0
0

0101000
+696 0 -694 0 *
Wi

0101100
+693 0 +579 0 *
Ed
 1e-07 1 1 0
1  419 0 0 3.14159265358979
2  479 159 0 0 3.14159265358979
4 C0 148 0 159 0
0

0101000
+660 0 -665 0 *
Wi

0101100
-658 0 -577 0 *
Fa
0  1e-07 148 0

0111000
+578 0 +576 0 *
Wi

0101100
+582 0 -663 0 -577 0 +659 0 *
Fa
0  1e-07 159 0

0111000
+574 0 *
Wi

0101100
-677 0 +584 0 +668 0 +597 0 +606 0 +617 0 +628 0 *
Fa
0  1e-07 153 0

0111000
+572 0 *
Wi

0101100
+611 0 +598 0 -589 0 *
Fa
0  1e-07 167 0

0111000
+570 0 *
Wi

0101100
+622 0 +608 0 -590 0 *
Fa
0  1e-07 165 0

0111000
+568 0 *
Wi

0101100
+633 0 +619 0 -591 0 *
Fa
0  1e-07 163 0

0111000
+566 0 *
Wi

0101100
+642 0 +630 0 -592 0 *
Fa
0  1e-07 162 0

0111000
+564 0 *
Wi

0101100
+653 0 +639 0 -593 0 *
Fa
0  1e-07 160 0

0111000
+562 0 *
Wi

0101100
+649 0 -594 0 +601 0 *
Fa
0  1e-07 161 0

0111000
+560 0 *
Wi

0101100
+587 0 -688 0 +697 0 +685 0 *
Fa
0  1e-07 146 0

0111000
+558 0 *
Wi

0101100
-695 0 +684 0 +692 0 -579 0 *
Fa
0  1e-07 147 0

0111000
+556 0 *
Sh

0101100
+690 0 -682 0 +666 0 -656 0 -645 0 -636 0 -625 0 -614 0 -603 0 -595 0 
+585 0 -580 0 +575 0 -573 0 +571 0 +569 0 +567 0 +565 0 +563 0 +561 0 
+559 0 -557 0 +555 0 *
So

0100000
+554 0 *
Ve
1e-07
-30.25 14.5 -19
0 0

0101101
*
Ve
1e-07
-30.25 14.5 19
0 0

0101101
*
Ed
 1e-07 1 1 0
1  420 0 0 38
2  480 168 0 0 38
2  481 169 0 0 38
4 CN 168 0 169 0
0

0101000
+552 0 -551 0 *
Ve
1e-07
-40.75 14.5 19
0 0

0101101
*
Ed
 1e-07 1 1 0
1  421 0 3.14159265358979 6.28318530717959
2  482 168 0 3.14159265358979 6.28318530717959
4 C0 168 0 170 0
0

0101000
+549 0 -551 0 *
Ve
1e-07
-40.75 14.5 -19
0 0

0101101
*
Ed
 1e-07 1 1 0
1  422 0 0 38
2  483 168 0 0 38
2  484 169 0 0 38
4 CN 168 0 169 0
0

0101000
+547 0 -549 0 *
Ed
 1e-07 1 1 0
1  423 0 3.14159265358979 6.28318530717959
2  485 168 0 3.14159265358979 6.28318530717959
4 C0 168 0 171 0
0

0101000
+547 0 -552 0 *
Wi

0101100
+550 0 -548 0 -546 0 +545 0 *
Fa
0  1e-07 168 0

0111000
+544 0 *
Ve
1e-07
-81.8736056394869 14.5 -16.0361126744323
0 0

0101101
*
Ve
1e-07
10.8736056394869 14.5 -16.0361126744323
0 0

0101101
*
Ed
 1e-07 1 1 0
1  424 0 0 3.14159265358979
2  486 172 0 0 3.14159265358979
2  487 173 0 0 3.14159265358979
4 G1 172 0 173 0
0

0101000
+542 0 -541 0 *
Ve
1e-07
-85.5 14.5 -11.2284929362282
0 0

0101101
*
Ed
 1e-07 1 1 0
1  425 0 4.9906886393898 6.28318530717959
2  488 172 0 4.9906886393898 6.28318530717959
2  489 174 0 4.9906886393898 6.28318530717959
4 CN 172 0 174 0
0

0101000
+542 0 -539 0 *
Ve
1e-07
14.5 14.5 -11.2284929362282
0 0

0101101
*
Ed
 1e-07 1 1 0
1  426 0 0 3.14159265358979
2  490 172 0 0 3.14159265358979
2  491 175 0 0 3.14159265358979
4 G1 172 0 175 0
0

0101000
+537 0 -539 0 *
Ed
 1e-07 1 1 0
1  427 0 0.278299659005114 1.5707963267949
2  492 172 0 0.278299659005114 1.5707963267949
2  493 174 0 0.278299659005114 1.5707963267949
4 CN 172 0 174 0
0

0101000
+541 0 -537 0 *
Wi

0101100
-540 0 +538 0 -536 0 -535 0 *
Fa
0  1e-07 172 0

0111000
+534 0 *
Ve
1e-07
0.499999999999993 14.5 -19
0 0

0101101
*
Ve
1e-07
-71.5 14.5 -19
0 0

0101101
*
Ed
 1e-07 1 1 0
1  428 0 0 3.14159265358979
2  494 173 0 0 3.14159265358979
4 C0 173 0 176 0
0

0101000
+532 0 -531 0 *
Ed
 1e-07 1 1 0
1  429 0 -14.5602197785609 -3.77150706377169
2  495 173 0 -14.5602197785609 -3.77150706377169
2  496 177 0 -14.5602197785609 -3.77150706377169
4 CN 173 0 177 0
0

0101000
+531 0 -542 0 *
Ed
 1e-07 1 1 0
1  430 0 -14.5602197785608 -3.77150706377159
2  497 173 0 -14.5602197785608 -3.77150706377159
2  498 177 0 -14.5602197785608 -3.77150706377159
4 CN 173 0 177 0
0

0101000
+532 0 -541 0 *
Wi

0101100
+530 0 +529 0 +540 0 -528 0 *
Fa
0  1e-07 173 0

0111000
+527 0 *
Ve
1e-07
-50.5 14.5 -19
0 0

0101101
*
Ve
1e-07
-20.5 14.5 -19
0 0

0101101
*
Ed
 1e-07 1 1 0
1  431 0 3.14159265358979 6.28318530717959
2  499 178 0 3.14159265358979 6.28318530717959
4 C0 178 0 171 0
0

0101000
+525 0 -524 0 *
Ve
0.000480452476552208
-11.3516987816166 14.5 -17.6140833156612
0 0

0101101
*
Ed
 1e-07 1 1 0
1  432 0 -20.2282037018895 -10.9755186733043
2  500 178 0 -20.2282037018895 -10.9755186733043
2  501 179 0 -20.2282037018895 -10.9755186733043
4 CN 178 0 179 0
0

0101000
+524 0 -522 0 *
Ve
8.41820460817701e-05
-15.7764350147293 11.1862431785355 -18.2425278468347
0 0

0101101
*
Ed
 8.41820460817701e-05 1 1 0
1  433 0 2.51182713585442e-07 0.00556358546513815
2  502 178 0 2.51182713585442e-07 0.00556358546513815
4 C0 178 0 180 0
0

0101000
+520 0 -522 0 *
Ve
0.000277039513748808
-16.1005066392914 9.63588061949307 -18.2425278468347
0 0

0101101
*
Ed
 1e-07 1 1 0
1  434 0 0.166455451992548 0.245669697640997
2  503 178 0 0.166455451992548 0.245669697640997
2  504 181 0 0.166455451992548 0.245669697640997
4 C0 178 0 181 0
0

0101000
+520 0 -518 0 *
Ve
0.000277039513748808
-17.267707097349 -3.78939185312769 -17.360108766377
0 0

0101101
*
Ed
 0.000277039513748808 1 1 0
1  435 0 0.00835732392454646 0.0218616664604295
2  505 178 0 0.00835732392454646 0.0218616664604295
4 C0 178 0 182 0
0

0101000
+516 0 -518 0 *
Ve
2.16829424215997e-05
-11.8262406925007 -11.2789278336123 -15.9701113873386
0 0

0101101
*
Ed
 2.16829424215997e-05 1 1 0
1  436 0 2.49967020246386e-07 0.00936159594672846
2  506 178 0 2.49967020246386e-07 0.00936159594672846
4 C0 178 0 183 0
0

0101000
+516 0 -514 0 *
Ve
1e-07
-18.2983766475003 -15.981209851952 -15.9701113873386
0 0

0101101
*
Ed
 1e-07 1 1 0
1  437 0 5.22617153787034 5.45524348433494
2  507 178 0 5.22617153787034 5.45524348433494
2  508 184 0 5.22617153787034 5.45524348433494
4 C0 178 0 184 0
0

0101000
+512 0 -514 0 *
Ve
0.000344837559283769
-19.2691249946507 -14.6450893776069 -16.2185896410196
0 0

0101101
*
Ed
 1e-07 1 1 0
1  438 0 2.49997711011586e-07 0.00167037326202771
2  509 178 0 2.49997711011586e-07 0.00167037326202771
4 C0 178 0 185 0
0

0101000
+512 0 -510 0 *
Ve
0.000344837559283769
-32.5566532483641 -5.28223217687108 -18.2425278468347
0 0

0101101
*
Ed
 0.000344837559283769 1 1 0
1  439 0 2.45949242525843e-07 0.0163806558316464
2  510 178 0 2.45949242525843e-07 0.0163806558316464
4 C0 178 0 186 0
0

0101000
+508 0 -510 0 *
Ve
0.000277280125269022
-34.1312793021458 -5.45311012477165 -18.2425278468347
0 0

0101101
*
Ed
 1e-07 1 1 0
1  440 0 1.42309251342847 1.50230675907692
2  511 178 0 1.42309251342847 1.50230675907692
2  512 187 0 1.42309251342847 1.50230675907692
4 C0 178 0 187 0
0

0101000
+508 0 -506 0 *
Ve
0.000277280125269022
-47.2601569476518 -8.49167387146727 -17.360108766377
0 0

0101101
*
Ed
 0.000277280125269022 1 1 0
1  441 0 0.0085460064489794 0.0220503255644774
2  513 178 0 0.0085460064489794 0.0220503255644774
4 C0 178 0 188 0
0

0101000
+504 0 -506 0 *
Ve
2.16829424262731e-05
-52.7016233525002 -15.9812098519518 -15.9701113873386
0 0

0101101
*
Ed
 2.16829424262731e-05 1 1 0
1  442 0 2.49967020247394e-07 0.00936159594672844
2  514 178 0 2.49967020247394e-07 0.00936159594672844
4 C0 178 0 189 0
0

0101000
+504 0 -502 0 *
Ve
2.16829424183384e-05
-59.1737593074997 -11.2789278336119 -15.9701113873386
0 0

0101101
*
Ed
 1e-07 1 1 0
1  443 0 3.96953447643442 4.19860642289902
2  515 178 0 3.96953447643442 4.19860642289902
2  516 184 0 3.96953447643442 4.19860642289902
4 C0 178 0 184 0
0

0101000
+500 0 -502 0 *
Ve
0.000172189119827351
-53.7322929026513 -3.78939185312742 -17.360108766377
0 0

0101101
*
Ed
 2.16829424183384e-05 1 1 0
1  444 0 2.49997696244417e-07 0.00936159597740446
2  517 178 0 2.49997696244417e-07 0.00936159597740446
4 C0 178 0 190 0
0

0101000
+500 0 -498 0 *
Ve
0.000172189119827351
-54.777809583266 8.23625996616963 -18.2016412356993
0 0

0101101
*
Ed
 0.000172189119827351 1 1 0
1  445 0 0.00748962495884169 0.0195867827607884
2  518 178 0 0.00748962495884169 0.0195867827607884
4 C0 178 0 191 0
0

0101000
+496 0 -498 0 *
Ve
7.4228607761237e-05
-58.5460833673046 14.5 -17.781063181444
0 0

0101101
*
Ed
 7.4228607761237e-05 1 1 0
1  446 0 0.0135349012502314 0.0208568140973494
2  519 178 0 0.0135349012502314 0.0208568140973494
4 C0 178 0 192 0
0

0101000
+494 0 -496 0 *
Ed
 1e-07 1 1 0
1  447 0 -20.2282037018895 -12.0903130340784
2  520 178 0 -20.2282037018895 -12.0903130340784
2  521 179 0 -20.2282037018895 -12.0903130340784
4 CN 178 0 179 0
0

0101000
+525 0 -494 0 *
Wi

0101100
+523 0 +521 0 -519 0 +517 0 -515 0 +513 0 -511 0 +509 0 -507 0 +505 0 
-503 0 +501 0 -499 0 +497 0 -495 0 -493 0 -492 0 *
Fa
0  1e-07 178 0

0111000
+491 0 *
Ve
1e-07
-11.8262406925007 -11.2789278336123 -9
0 0

0101101
*
Ed
 1e-07 1 1 0
1  448 0 -0 6.9701113873386
2  522 184 0 -0 6.9701113873386
4 C0 184 0 183 0
0

0101000
+489 0 -514 0 *
Ve
1e-07
-18.2983766475003 -15.981209851952 -9
0 0

0101101
*
Ed
 1e-07 1 1 0
1  449 0 -6.9701113873386 0
2  523 184 0 -6.9701113873386 0
4 C0 184 0 185 0
0

0101000
+512 0 -487 0 *
Ve
1e-07
-52.7016233525002 -15.9812098519518 -9
0 0

0101101
*
Ed
 1e-07 1 1 0
1  450 0 4.19860642289902 5.22617153787034
2  524 184 0 4.19860642289902 5.22617153787034
4 C0 184 0 193 0
0

0101000
+485 0 -487 0 *
Ed
 1e-07 1 1 0
1  451 0 -0 6.9701113873386
2  525 184 0 -0 6.9701113873386
4 C0 184 0 189 0
0

0101000
+485 0 -502 0 *
Ve
1e-07
-59.1737593074997 -11.2789278336119 -9
0 0

0101101
*
Ed
 1e-07 1 1 0
1  452 0 -6.9701113873386 0
2  526 184 0 -6.9701113873386 0
4 C0 184 0 190 0
0

0101000
+500 0 -482 0 *
Ve
1e-07
-70.5 14.5 -9
0 0

0101101
*
Ed
 1e-07 1 1 0
1  453 0 3.14159265358979 3.96953447643442
2  527 184 0 3.14159265358979 3.96953447643442
4 C0 184 0 194 0
0

0101000
+480 0 -482 0 *
Ve
1e-07
-70.5 14.5 -19
0 0

0101101
*
Ed
 1e-07 1 1 0
1  454 0 -0 10
2  528 184 0 -0 10
2  529 195 0 -0 10
4 CN 184 0 195 0
0

0101000
+480 0 -478 0 *
Ve
1e-07
-0.5 14.5 -19
0 0

0101101
*
Ed
 1e-07 1 1 0
1  455 0 3.14159265358979 6.28318530717959
2  530 184 0 3.14159265358979 6.28318530717959
4 C0 184 0 176 0
0

0101000
+478 0 -476 0 *
Ve
1e-07
-0.5 14.5 -9
0 0

0101101
*
Ed
 1e-07 1 1 0
1  456 0 -0 10
2  531 184 0 -0 10
2  532 195 0 -0 10
4 CN 184 0 195 0
0

0101000
+474 0 -476 0 *
Ed
 1e-07 1 1 0
1  457 0 5.45524348433494 6.28318530717959
2  533 184 0 5.45524348433494 6.28318530717959
4 C0 184 0 196 0
0

0101000
+489 0 -474 0 *
Wi

0101100
+488 0 -511 0 +486 0 -484 0 +483 0 -499 0 +481 0 -479 0 +477 0 +475 0 
-473 0 -472 0 *
Fa
0  1e-07 184 0

0111000
+471 0 *
Ve
1e-07
10.8736056394869 14.5 16.0361126744323
0 0

0101101
*
Ve
1e-07
-81.8736056394869 14.5 16.0361126744323
0 0

0101101
*
Ed
 1e-07 1 1 0
1  458 0 0 3.14159265358979
2  534 197 0 0 3.14159265358979
2  535 198 0 0 3.14159265358979
4 G1 197 0 198 0
0

0101000
+469 0 -468 0 *
Ve
1e-07
14.5 14.5 11.2284929362282
0 0

0101101
*
Ed
 1e-07 1 1 0
1  459 0 1.84909598580001 3.14159265358979
2  536 197 0 1.84909598580001 3.14159265358979
2  537 199 0 1.84909598580001 3.14159265358979
4 CN 197 0 199 0
0

0101000
+469 0 -466 0 *
Ve
1e-07
-85.5 14.5 11.2284929362282
0 0

0101101
*
Ed
 1e-07 1 1 0
1  460 0 0 3.14159265358979
2  538 197 0 0 3.14159265358979
2  539 175 0 0 3.14159265358979
4 G1 197 0 175 0
0

0101000
+464 0 -466 0 *
Ed
 1e-07 1 1 0
1  461 0 3.41989231259491 4.71238898038469
2  540 197 0 3.41989231259491 4.71238898038469
2  541 199 0 3.41989231259491 4.71238898038469
4 CN 197 0 199 0
0

0101000
+468 0 -464 0 *
Wi

0101100
-467 0 +465 0 -463 0 -462 0 *
Fa
0  1e-07 197 0

0111000
+461 0 *
Ve
1e-07
0.499999999999993 14.5 19
0 0

0101101
*
Ve
1e-07
-71.5 14.5 19
0 0

0101101
*
Ed
 1e-07 1 1 0
1  462 0 0 3.14159265358979
2  542 198 0 0 3.14159265358979
4 C0 198 0 200 0
0

0101000
+459 0 -458 0 *
Ed
 1e-07 1 1 0
1  463 0 0 10.7887127147893
2  543 198 0 0 10.7887127147893
2  544 201 0 0 10.7887127147893
4 CN 198 0 201 0
0

0101000
+459 0 -469 0 *
Ed
 1e-07 1 1 0
1  464 0 0 10.7887127147892
2  545 198 0 0 10.7887127147892
2  546 201 0 0 10.7887127147892
4 CN 198 0 201 0
0

0101000
+458 0 -468 0 *
Wi

0101100
-457 0 +456 0 +467 0 -455 0 *
Fa
0  1e-07 198 0

0111000
+454 0 *
Ve
1e-07
-20.5 14.5 19
0 0

0101101
*
Ve
1e-07
-50.5 14.5 19
0 0

0101101
*
Ed
 1e-07 1 1 0
1  465 0 0 3.14159265358979
2  547 202 0 0 3.14159265358979
4 C0 202 0 170 0
0

0101000
+452 0 -451 0 *
Ve
0.000228336743980247
-12.4539166326952 14.5 17.781063181444
0 0

0101101
*
Ed
 1e-07 1 1 0
1  466 0 -20.2282037018895 -12.0903130340782
2  548 202 0 -20.2282037018895 -12.0903130340782
2  549 203 0 -20.2282037018895 -12.0903130340782
4 CN 202 0 203 0
0

0101000
+452 0 -449 0 *
Ve
2.16829424222954e-05
-9.99953039066698 18.5797559423078 17.360108766377
0 0

0101101
*
Ed
 2.00612442726577e-05 1 1 0
1  467 0 0.00971648814815061 0.0144936958687242
2  550 202 0 0.00971648814815061 0.0144936958687242
4 C0 202 0 204 0
0

0101000
+447 0 -449 0 *
Ve
2.16829424222954e-05
-1.19505279898166 21.4405041268876 15.9701113873386
0 0

0101101
*
Ed
 2.16829424222954e-05 1 1 0
1  468 0 2.12660742374461e-07 0.00936155864045058
2  551 202 0 2.12660742374461e-07 0.00936155864045058
4 C0 202 0 205 0
0

0101000
+445 0 -447 0 *
Ve
1e-07
-3.66718875398122 29.0489562572488 15.9701113873386
0 0

0101101
*
Ed
 1e-07 1 1 0
1  469 0 0.199623292126677 0.428695238591276
2  552 202 0 0.199623292126677 0.428695238591276
2  553 206 0 0.199623292126677 0.428695238591276
4 C0 202 0 206 0
0

0101000
+445 0 -443 0 *
Ve
0.000344837561273791
-5.23789257419342 28.5386036491136 16.2185896410196
0 0

0101101
*
Ed
 1e-07 1 1 0
1  470 0 2.12657614309318e-07 0.00167033592193103
2  554 202 0 2.12657614309318e-07 0.00167033592193103
4 C0 202 0 207 0
0

0101000
+441 0 -443 0 *
Ve
0.000344837561273791
-21.4910781265976 28.774106204765 18.2425278468347
0 0

0101101
*
Ed
 0.000344837561273791 1 1 0
1  471 0 2.01071816514712e-07 0.0163806109542204
2  555 202 0 2.01071816514712e-07 0.0163806109542204
4 C0 202 0 208 0
0

0101000
+439 0 -441 0 *
Ve
0.000280485254014367
-22.6645378261747 29.8378913408689 18.2425278468347
0 0

0101101
*
Ed
 1e-07 1 1 0
1  472 0 2.26760442523084 2.34681867087929
2  556 202 0 2.26760442523084 2.34681867087929
2  557 209 0 2.26760442523084 2.34681867087929
4 C0 202 0 209 0
0

0101000
+437 0 -439 0 *
Ve
0.000280485254014367
-31.5 40.013101709618 17.360108766377
0 0

0101101
*
Ed
 0.000280485254014367 1 1 0
1  473 0 0.0110266413164928 0.0245305894208674
2  558 202 0 0.0110266413164928 0.0245305894208674
4 C0 202 0 210 0
0

0101000
+435 0 -437 0 *
Ve
2.16827561924266e-05
-31.5 49.2706773014274 15.9701113873386
0 0

0101101
*
Ed
 2.16827561924266e-05 1 1 0
1  474 0 0.0107461260814277 0.0201074718330912
2  559 202 0 0.0107461260814277 0.0201074718330912
4 C0 202 0 211 0
0

0101000
+433 0 -435 0 *
Ve
1e-07
-39.5 49.2706773014274 15.9701113873386
0 0

0101101
*
Ed
 1e-07 1 1 0
1  475 0 1.4562603535626 1.6853323000272
2  560 202 0 1.4562603535626 1.6853323000272
2  561 206 0 1.4562603535626 1.6853323000272
4 C0 202 0 206 0
0

0101000
+433 0 -431 0 *
Ve
0.000344837560732058
-39.5 47.6191415690076 16.2185896410196
0 0

0101101
*
Ed
 1e-07 1 1 0
1  476 0 0.00641943239438842 0.00808955561169851
2  562 202 0 0.00641943239438842 0.00808955561169851
4 C0 202 0 212 0
0

0101000
+429 0 -431 0 *
Ve
0.000344837560732058
-44.7464867885786 32.2342178307543 18.2425278468347
0 0

0101101
*
Ed
 0.000344837560732058 1 1 0
1  477 0 2.12419482223585e-07 0.0163806223018861
2  563 202 0 2.12419482223585e-07 0.0163806223018861
4 C0 202 0 213 0
0

0101000
+427 0 -429 0 *
Ve
0.000277916799145356
-46.1208255635913 31.4469190222815 18.2425278468347
0 0

0101101
*
Ed
 1e-07 1 1 0
1  478 0 1.01096736379494 1.09018160944337
2  564 202 0 1.01096736379494 1.09018160944337
2  565 214 0 1.01096736379494 1.09018160944337
4 C0 202 0 214 0
0

0101000
+425 0 -427 0 *
Ve
0.000277916799145356
-58.5283336543333 26.1882080726694 17.360108766377
0 0

0101101
*
Ed
 0.000277916799145356 1 1 0
1  479 0 0.00904288337617356 0.0225471375362117
2  566 202 0 0.00904288337617356 0.0225471375362117
4 C0 202 0 215 0
0

0101000
+423 0 -425 0 *
Ve
2.16829424265727e-05
-67.3328112460186 29.0489562572493 15.9701113873386
0 0

0101101
*
Ed
 2.16829424265727e-05 1 1 0
1  480 0 2.12660742382032e-07 0.00936155864045058
2  567 202 0 2.12660742382032e-07 0.00936155864045058
4 C0 202 0 216 0
0

0101000
+421 0 -423 0 *
Ve
1e-07
-69.8049472010183 21.4405041268881 15.9701113873386
0 0

0101101
*
Ed
 1e-07 1 1 0
1  481 0 2.7128974149985 2.9419693614631
2  568 202 0 2.7128974149985 2.9419693614631
2  569 206 0 2.7128974149985 2.9419693614631
4 C0 202 0 206 0
0

0101000
+421 0 -419 0 *
Ve
0.000480452476523471
-68.2342433808061 20.9301515187529 16.2185896410196
0 0

0101101
*
Ed
 1e-07 1 1 0
1  482 0 2.12657614309053e-07 0.00167033592193102
2  570 202 0 2.12657614309053e-07 0.00167033592193102
4 C0 202 0 217 0
0

0101000
+417 0 -419 0 *
Ve
0.000480452476523471
-59.6483012183829 14.5 17.6140833156613
0 0

0101101
*
Ed
 0.000480452476523471 1 1 0
1  483 0 0.00556358546513759 0.0163806610651175
2  571 202 0 0.00556358546513759 0.0163806610651175
4 C0 202 0 218 0
0

0101000
+415 0 -417 0 *
Ed
 1e-07 1 1 0
1  484 0 -20.2282037018895 -10.9755186733048
2  572 202 0 -20.2282037018895 -10.9755186733048
2  573 203 0 -20.2282037018895 -10.9755186733048
4 CN 202 0 203 0
0

0101000
+451 0 -415 0 *
Wi

0101100
-450 0 +448 0 -446 0 -444 0 +442 0 -440 0 -438 0 -436 0 -434 0 -432 0 
+430 0 -428 0 -426 0 -424 0 -422 0 -420 0 +418 0 -416 0 -414 0 -413 0 
*
Fa
0  1e-07 202 0

0111000
+412 0 *
Ve
1e-07
-59.1737593074997 -11.2789278336119 9
0 0

0101101
*
Ve
1e-07
-59.1737593074997 -11.2789278336119 15.9701113873386
0 0

0101101
*
Ed
 1e-07 1 1 0
1  485 0 0 6.9701113873386
2  574 219 0 0 6.9701113873386
4 C0 219 0 220 0
0

0101000
+410 0 -409 0 *
Ve
1e-07
-52.7016233525002 -15.9812098519518 15.9701113873386
0 0

0101101
*
Ed
 1e-07 1 1 0
1  486 0 3.96953447643442 4.19860642289902
2  575 219 0 3.96953447643442 4.19860642289902
2  576 203 0 3.96953447643442 4.19860642289902
4 C0 219 0 203 0
0

0101000
+409 0 -407 0 *
Ve
1e-07
-52.7016233525002 -15.9812098519518 9
0 0

0101101
*
Ed
 1e-07 1 1 0
1  487 0 -6.9701113873386 0
2  577 219 0 -6.9701113873386 0
4 C0 219 0 221 0
0

0101000
+407 0 -405 0 *
Ve
1e-07
-18.2983766475003 -15.981209851952 9
0 0

0101101
*
Ed
 1e-07 1 1 0
1  488 0 4.19860642289902 5.22617153787034
2  578 219 0 4.19860642289902 5.22617153787034
4 C0 219 0 222 0
0

0101000
+405 0 -403 0 *
Ve
2.16829424223706e-05
-18.2983766475003 -15.981209851952 15.9701113873386
0 0

0101101
*
Ed
 1e-07 1 1 0
1  489 0 0 6.9701113873386
2  579 219 0 0 6.9701113873386
4 C0 219 0 223 0
0

0101000
+403 0 -401 0 *
Ve
1e-07
-11.8262406925007 -11.2789278336123 15.9701113873386
0 0

0101101
*
Ed
 1e-07 1 1 0
1  490 0 5.22617153787034 5.45524348433494
2  580 219 0 5.22617153787034 5.45524348433494
2  581 203 0 5.22617153787034 5.45524348433494
4 C0 219 0 203 0
0

0101000
+401 0 -399 0 *
Ve
1e-07
-11.8262406925007 -11.2789278336123 9
0 0

0101101
*
Ed
 1e-07 1 1 0
1  491 0 -6.9701113873386 0
2  582 219 0 -6.9701113873386 0
4 C0 219 0 224 0
0

0101000
+399 0 -397 0 *
Ve
1e-07
-0.5 14.5 9
0 0

0101101
*
Ed
 1e-07 1 1 0
1  492 0 5.45524348433494 6.28318530717959
2  583 219 0 5.45524348433494 6.28318530717959
4 C0 219 0 225 0
0

0101000
+397 0 -395 0 *
Ve
1e-07
-0.5 14.5 19
0 0

0101101
*
Ed
 1e-07 1 1 0
1  493 0 0 10
2  584 219 0 0 10
2  585 206 0 0 10
4 CN 219 0 206 0
0

0101000
+395 0 -393 0 *
Ve
1e-07
-70.5 14.5 19
0 0

0101101
*
Ed
 1e-07 1 1 0
1  494 0 3.14159265358979 6.28318530717959
2  586 219 0 3.14159265358979 6.28318530717959
4 C0 219 0 200 0
0

0101000
+391 0 -393 0 *
Ve
1e-07
-70.5 14.5 9
0 0

0101101
*
Ed
 1e-07 1 1 0
1  495 0 0 10
2  587 219 0 0 10
2  588 206 0 0 10
4 CN 219 0 206 0
0

0101000
+389 0 -391 0 *
Ed
 1e-07 1 1 0
1  496 0 3.14159265358979 3.96953447643442
2  589 219 0 3.14159265358979 3.96953447643442
4 C0 219 0 226 0
0

0101000
+389 0 -410 0 *
Wi

0101100
+408 0 +406 0 +404 0 +402 0 +400 0 +398 0 +396 0 +394 0 +392 0 -390 0 
-388 0 +387 0 *
Fa
0  1e-07 219 0

0111000
+386 0 *
Ed
 1e-07 1 1 0
1  497 0 7.7715070637718 30.2284929362282
2  590 175 0 7.7715070637718 30.2284929362282
2  591 227 0 7.7715070637718 30.2284929362282
4 CN 175 0 227 0
0

0101000
+466 0 -537 0 *
Ed
 1e-07 1 1 0
1  498 0 7.7715070637718 30.2284929362282
2  592 175 0 7.7715070637718 30.2284929362282
2  593 227 0 7.7715070637718 30.2284929362282
4 CN 175 0 227 0
0

0101000
+464 0 -539 0 *
Wi

0101100
+463 0 +384 0 +536 0 -383 0 *
Fa
0  1e-07 175 0

0111000
+382 0 *
Ve
0.000344837561270857
-49.5089218734022 28.7741062047652 -18.2425278468347
0 0

0101101
*
Ve
0.000280485253995941
-48.3354621738253 29.8378913408689 -18.2425278468347
0 0

0101101
*
Ed
 1e-07 1 1 0
1  499 0 3.93636663630033 4.01558088194877
2  594 228 0 3.93636663630033 4.01558088194877
2  595 179 0 3.93636663630033 4.01558088194877
4 C0 228 0 179 0
0

0101000
+380 0 -379 0 *
Ve
1e-07
-49.5089218734022 28.7741062047652 -8.99999999999999
0 0

0101101
*
Ed
 1e-07 1 1 0
1  500 0 75.3260146480891 84.5685424949238
2  596 228 0 75.3260146480891 84.5685424949238
4 C0 228 0 229 0
0

0101000
+380 0 -377 0 *
Ve
1e-07
-48.3354621738253 29.8378913408689 -8.99999999999999
0 0

0101101
*
Ed
 1e-07 1 1 0
1  501 0 0.794773982710514 0.873988228358954
2  597 228 0 0.794773982710514 0.873988228358954
4 C0 228 0 230 0
0

0101000
+377 0 -375 0 *
Ed
 1e-07 1 1 0
1  502 0 -84.5685424949238 -75.3260146480891
2  598 228 0 -84.5685424949238 -75.3260146480891
4 C0 228 0 231 0
0

0101000
+375 0 -379 0 *
Wi

0101100
-378 0 +376 0 +374 0 +373 0 *
Fa
0  1e-07 228 0

0111000
+372 0 *
Ve
1e-07
-61.000469609333 18.5797559423082 -9
0 0

0101101
*
Ve
1e-07
-54.777809583266 8.23625996616962 -9
0 0

0101101
*
Ed
 1e-07 1 1 0
1  503 0 -16.6414911688367 -4.5704760164807
4 C0 194 0 192 0
0

0101000
+370 0 -369 0 *
Ve
1e-07
-53.7322929026513 -3.78939185312742 -9
0 0

0101101
*
Ed
 1e-07 1 1 0
1  504 0 4.57047601648073 16.6414911688366
4 C0 194 0 191 0
0

0101000
+369 0 -367 0 *
Ed
 1e-07 1 1 0
1  505 0 -10.0828162326474 -0.825240640838009
4 C0 194 0 190 0
0

0101000
+367 0 -482 0 *
Ve
1e-07
-69.8049472010183 21.4405041268881 -9
0 0

0101101
*
Ed
 1e-07 1 1 0
1  506 0 2.9419693614631 3.14159265358979
2  599 195 0 2.9419693614631 3.14159265358979
4 C0 194 0 195 0
0

0101000
+364 0 -480 0 *
Ed
 1e-07 1 1 0
1  507 0 0.825240640837939 10.0828162326474
4 C0 194 0 232 0
0

0101000
+364 0 -370 0 *
Wi

0101100
+368 0 +366 0 +365 0 -479 0 -363 0 +362 0 *
Fa
0  1e-07 194 0

0111000
+361 0 *
Ve
1e-07
-47.2601569476518 -8.49167387146727 -9
0 0

0101101
*
Ed
 1e-07 1 1 0
1  508 0 0.82524064083795 10.0828162326474
4 C0 193 0 189 0
0

0101000
+485 0 -359 0 *
Ve
1e-07
-34.1312793021458 -5.45311012477165 -8.99999999999999
0 0

0101101
*
Ed
 1e-07 1 1 0
1  509 0 -16.6414911688367 -3.16557569442829
4 C0 193 0 188 0
0

0101000
+359 0 -357 0 *
Ve
1e-07
-32.5566532483641 -5.28223217687108 -8.99999999999999
0 0

0101101
*
Ed
 1e-07 1 1 0
1  510 0 4.56468516701826 4.64389941266671
2  600 187 0 4.56468516701826 4.64389941266671
4 C0 193 0 187 0
0

0101000
+355 0 -357 0 *
Ve
1e-07
-19.2691249946507 -14.6450893776069 -9
0 0

0101101
*
Ed
 1e-07 1 1 0
1  511 0 13.8006467928907 30.0555384275527
4 C0 193 0 186 0
0

0101000
+355 0 -353 0 *
Ed
 1e-07 1 1 0
1  512 0 -2.47677637325781 -0.825240640838007
4 C0 193 0 185 0
0

0101000
+353 0 -487 0 *
Wi

0101100
+358 0 +356 0 -354 0 +352 0 +351 0 -484 0 *
Fa
0  1e-07 193 0

0111000
+350 0 *
Ed
 1e-07 1 1 0
1  513 0 75.3260146480891 84.5685424949238
2  601 187 0 75.3260146480891 84.5685424949238
4 C0 187 0 186 0
0

0101000
+508 0 -355 0 *
Ed
 1e-07 1 1 0
1  514 0 -84.5685424949238 -75.3260146480891
2  602 187 0 -84.5685424949238 -75.3260146480891
4 C0 187 0 188 0
0

0101000
+357 0 -506 0 *
Wi

0101100
-505 0 +348 0 +354 0 +347 0 *
Fa
0  1e-07 187 0

0111000
+346 0 *
Ve
1e-07
-17.267707097349 -3.78939185312771 -9
0 0

0101101
*
Ed
 1e-07 1 1 0
1  515 0 0.825240640838009 10.0828162326475
4 C0 196 0 183 0
0

0101000
+489 0 -344 0 *
Ve
1e-07
-16.1005066392914 9.63588061949307 -8.99999999999999
0 0

0101101
*
Ed
 1e-07 1 1 0
1  516 0 -16.6414911688367 -3.16557569442827
4 C0 196 0 182 0
0

0101000
+344 0 -342 0 *
Ve
1e-07
-15.7764350147293 11.1862431785355 -8.99999999999999
0 0

0101101
*
Ed
 1e-07 1 1 0
1  517 0 3.30804810558234 3.38726235123079
2  603 181 0 3.30804810558234 3.38726235123079
4 C0 196 0 181 0
0

0101000
+340 0 -342 0 *
Ve
1e-07
-2.76575661919384 20.9301515187524 -9
0 0

0101101
*
Ed
 1e-07 1 1 0
1  518 0 13.8006467928907 30.0555384275526
4 C0 196 0 180 0
0

0101000
+340 0 -338 0 *
Ve
1e-07
-1.19505279898166 21.4405041268876 -9
0 0

0101101
*
Ed
 1e-07 1 1 0
1  519 0 -2.47677637325784 -0.825240640838004
4 C0 196 0 233 0
0

0101000
+338 0 -336 0 *
Ed
 1e-07 1 1 0
1  520 0 0 0.199623292126677
2  604 195 0 0 0.199623292126677
4 C0 196 0 195 0
0

0101000
+474 0 -336 0 *
Wi

0101100
+343 0 +341 0 -339 0 +337 0 +335 0 -334 0 -472 0 *
Fa
0  1e-07 196 0

0111000
+333 0 *
Ve
1e-07
-3.66718875398121 29.0489562572489 -9
0 0

0101101
*
Ve
1e-07
-12.4716663456666 26.188208072669 -9
0 0

0101101
*
Ed
 1e-07 1 1 0
1  521 0 0.825240640837988 10.0828162326475
4 C0 234 0 235 0
0

0101000
+331 0 -330 0 *
Ve
1e-07
-24.8791744364085 31.4469190222813 -8.99999999999999
0 0

0101101
*
Ed
 1e-07 1 1 0
1  522 0 -16.6414911688366 -3.16557569442829
4 C0 234 0 236 0
0

0101000
+330 0 -328 0 *
Ve
1e-07
-26.2535132114214 32.2342178307543 -8.99999999999999
0 0

0101101
*
Ed
 1e-07 1 1 0
1  523 0 2.05141104414642 2.13062528979487
2  605 237 0 2.05141104414642 2.13062528979487
4 C0 234 0 237 0
0

0101000
+326 0 -328 0 *
Ve
1e-07
-31.5 47.6191415690076 -9
0 0

0101101
*
Ed
 1e-07 1 1 0
1  524 0 13.8006467928907 30.0555384275526
4 C0 234 0 238 0
0

0101000
+326 0 -324 0 *
Ve
1e-07
-31.5 49.2706773014274 -9
0 0

0101101
*
Ed
 1e-07 1 1 0
1  525 0 -2.4767763732578 -0.825240640838004
4 C0 234 0 239 0
0

0101000
+324 0 -322 0 *
Ed
 1e-07 1 1 0
1  526 0 0.428695238591278 1.4562603535626
2  606 195 0 0.428695238591278 1.4562603535626
4 C0 234 0 195 0
0

0101000
+331 0 -322 0 *
Wi

0101100
+329 0 +327 0 -325 0 +323 0 +321 0 -320 0 *
Fa
0  1e-07 234 0

0111000
+319 0 *
Ed
 1e-07 1 1 0
1  527 0 75.3260146480891 84.5685424949238
2  607 181 0 75.3260146480891 84.5685424949238
4 C0 181 0 180 0
0

0101000
+520 0 -340 0 *
Ed
 1e-07 1 1 0
1  528 0 -84.5685424949238 -75.3260146480891
2  608 181 0 -84.5685424949238 -75.3260146480891
4 C0 181 0 182 0
0

0101000
+342 0 -518 0 *
Wi

0101100
-517 0 +317 0 +339 0 +316 0 *
Fa
0  1e-07 181 0

0111000
+315 0 *
Ed
 1e-07 1 1 0
1  529 0 3.14159265358979 6.28318530717959
2  609 227 0 3.14159265358979 6.28318530717959
2  610 199 0 3.14159265358979 6.28318530717959
4 G1 227 0 199 0
0

0101000
+466 0 -464 0 *
Ed
 1e-07 1 1 0
1  530 0 3.14159265358979 6.28318530717959
2  611 227 0 3.14159265358979 6.28318530717959
2  612 174 0 3.14159265358979 6.28318530717959
4 G1 227 0 174 0
0

0101000
+539 0 -537 0 *
Wi

0101100
-384 0 +313 0 +383 0 +312 0 *
Fa
0  1e-07 227 0

0111000
+311 0 *
Ve
1e-07
-58.2030109603493 -9.94280735926676 9
0 0

0101101
*
Ed
 1e-07 1 1 0
1  531 0 -2.47677637325784 -0.825240640838009
4 C0 226 0 220 0
0

0101000
+309 0 -410 0 *
Ve
1e-07
-53.4044766520832 5.58766496281647 9
0 0

0101101
*
Ed
 1e-07 1 1 0
1  532 0 -30.0555384275526 -13.8006467928907
4 C0 226 0 240 0
0

0101000
+309 0 -307 0 *
Ve
1e-07
-55.2235649852708 11.1862431785358 9
0 0

0101101
*
Ed
 1e-07 1 1 0
1  533 0 3.30804810558232 3.6034557323152
2  613 241 0 3.30804810558232 3.6034557323152
4 C0 226 0 241 0
0

0101000
+305 0 -307 0 *
Ve
1e-07
-68.2342433808061 20.9301515187529 9
0 0

0101101
*
Ed
 1e-07 1 1 0
1  534 0 13.8006467928907 30.0555384275526
4 C0 226 0 218 0
0

0101000
+305 0 -303 0 *
Ve
1e-07
-69.8049472010183 21.4405041268881 9
0 0

0101101
*
Ed
 1e-07 1 1 0
1  535 0 0.825240640837939 2.47677637325779
4 C0 226 0 217 0
0

0101000
+301 0 -303 0 *
Ed
 1e-07 1 1 0
1  536 0 2.9419693614631 3.14159265358979
2  614 206 0 2.9419693614631 3.14159265358979
4 C0 226 0 206 0
0

0101000
+301 0 -389 0 *
Wi

0101100
-308 0 +306 0 -304 0 +302 0 -300 0 +299 0 +387 0 *
Fa
0  1e-07 226 0

0111000
+298 0 *
Ve
1e-07
-44.7464867885786 32.2342178307543 9
0 0

0101101
*
Ve
1e-07
-46.1208255635913 31.4469190222815 9
0 0

0101101
*
Ed
 1e-07 1 1 0
1  537 0 2.05141104414642 2.13062528979486
2  615 214 0 2.05141104414642 2.13062528979486
4 C0 242 0 214 0
0

0101000
+296 0 -295 0 *
Ve
1e-07
-39.5 47.6191415690076 9
0 0

0101101
*
Ed
 1e-07 1 1 0
1  538 0 13.8006467928907 30.0555384275526
4 C0 242 0 213 0
0

0101000
+296 0 -293 0 *
Ve
1e-07
-39.5 49.2706773014274 9
0 0

0101101
*
Ed
 1e-07 1 1 0
1  539 0 0.825240640838004 2.4767763732578
4 C0 242 0 212 0
0

0101000
+291 0 -293 0 *
Ve
1e-07
-67.3328112460186 29.0489562572493 9
0 0

0101101
*
Ed
 1e-07 1 1 0
1  540 0 1.6853323000272 2.7128974149985
2  616 206 0 1.6853323000272 2.7128974149985
4 C0 242 0 206 0
0

0101000
+291 0 -289 0 *
Ve
1e-07
-58.5283336543333 26.1882080726694 9
0 0

0101101
*
Ed
 1e-07 1 1 0
1  541 0 -10.0828162326475 -0.825240640838034
4 C0 242 0 216 0
0

0101000
+287 0 -289 0 *
Ed
 1e-07 1 1 0
1  542 0 -16.6414911688366 -3.16557569442825
4 C0 242 0 215 0
0

0101000
+287 0 -295 0 *
Wi

0101100
-294 0 +292 0 -290 0 +288 0 -286 0 +285 0 *
Fa
0  1e-07 242 0

0111000
+284 0 *
Ve
0.000344837560840106
-53.4044766520832 5.58766496281646 18.2425278468347
0 0

0101101
*
Ed
 1e-07 1 1 0
1  543 0 -66.5685424949238 -57.3260146480891
2  617 241 0 -66.5685424949238 -57.3260146480891
4 C0 241 0 240 0
0

0101000
+307 0 -282 0 *
Ve
8.41820460711671e-05
-55.2235649852708 11.1862431785358 18.2425278468347
0 0

0101101
*
Ed
 1e-07 1 1 0
1  544 0 5.82132222845418 6.11672985518705
2  618 241 0 5.82132222845418 6.11672985518705
2  619 203 0 5.82132222845418 6.11672985518705
4 C0 241 0 203 0
0

0101000
+282 0 -280 0 *
Ed
 1e-07 1 1 0
1  545 0 57.3260146480891 66.5685424949238
2  620 241 0 57.3260146480891 66.5685424949238
4 C0 241 0 218 0
0

0101000
+280 0 -305 0 *
Wi

0101100
+281 0 +279 0 +278 0 +304 0 *
Fa
0  1e-07 241 0

0111000
+277 0 *
Ed
 1e-07 1 1 0
1  546 0 -66.5685424949238 -57.3260146480891
2  621 214 0 -66.5685424949238 -57.3260146480891
4 C0 214 0 215 0
0

0101000
+295 0 -425 0 *
Ed
 1e-07 1 1 0
1  547 0 57.3260146480891 66.5685424949238
2  622 214 0 57.3260146480891 66.5685424949238
4 C0 214 0 213 0
0

0101000
+427 0 -296 0 *
Wi

0101100
+275 0 +424 0 +274 0 +294 0 *
Fa
0  1e-07 214 0

0111000
+273 0 *
Ve
1e-07
-38.4433467516362 -5.28223217687104 9
0 0

0101101
*
Ve
1e-07
-36.8687206978545 -5.45311012477164 9
0 0

0101101
*
Ed
 1e-07 1 1 0
1  548 0 4.56468516701825 4.6438994126667
2  623 243 0 4.56468516701825 4.6438994126667
4 C0 222 0 243 0
0

0101000
+271 0 -270 0 *
Ve
1e-07
-51.7308750053497 -14.6450893776066 9
0 0

0101101
*
Ed
 1e-07 1 1 0
1  549 0 13.8006467928907 30.0555384275526
4 C0 222 0 244 0
0

0101000
+271 0 -268 0 *
Ed
 1e-07 1 1 0
1  550 0 0.82524064083795 2.47677637325789
4 C0 222 0 221 0
0

0101000
+405 0 -268 0 *
Ve
1e-07
-23.7398430523486 -8.49167387146744 9
0 0

0101101
*
Ed
 1e-07 1 1 0
1  551 0 -10.0828162326474 -0.825240640838007
4 C0 222 0 223 0
0

0101000
+265 0 -403 0 *
Ed
 1e-07 1 1 0
1  552 0 -16.6414911688367 -3.1655756944283
4 C0 222 0 245 0
0

0101000
+265 0 -270 0 *
Wi

0101100
-269 0 +267 0 -266 0 +402 0 -264 0 +263 0 *
Fa
0  1e-07 222 0

0111000
+262 0 *
Ve
0.000277280125265499
-36.8687206978544 -5.45311012477164 18.2425278468347
0 0

0101101
*
Ed
 1e-07 1 1 0
1  553 0 -66.5685424949238 -57.3260146480891
2  624 243 0 -66.5685424949238 -57.3260146480891
4 C0 243 0 245 0
0

0101000
+270 0 -260 0 *
Ve
0.000344837559284025
-38.4433467516362 -5.28223217687104 18.2425278468347
0 0

0101101
*
Ed
 1e-07 1 1 0
1  554 0 4.78087854810268 4.86009279375113
2  625 243 0 4.78087854810268 4.86009279375113
2  626 203 0 4.78087854810268 4.86009279375113
4 C0 243 0 203 0
0

0101000
+260 0 -258 0 *
Ed
 1e-07 1 1 0
1  555 0 57.3260146480891 66.5685424949238
2  627 243 0 57.3260146480891 66.5685424949238
4 C0 243 0 244 0
0

0101000
+258 0 -271 0 *
Wi

0101100
+259 0 +257 0 +256 0 +269 0 *
Fa
0  1e-07 243 0

0111000
+255 0 *
Ve
1e-07
-17.595523347917 5.5876649628162 9
0 0

0101101
*
Ve
1e-07
-16.9464225516709 7.03241914212824 9
0 0

0101101
*
Ed
 1e-07 1 1 0
1  556 0 5.82132222845417 5.90053647410262
2  628 246 0 5.82132222845417 5.90053647410262
4 C0 225 0 246 0
0

0101000
+253 0 -252 0 *
Ve
1e-07
-12.7969890396511 -9.94280735926711 9
0 0

0101101
*
Ed
 1e-07 1 1 0
1  557 0 13.8006467928907 30.0555384275526
4 C0 225 0 247 0
0

0101000
+253 0 -250 0 *
Ed
 1e-07 1 1 0
1  558 0 0.825240640838009 2.47677637325788
4 C0 225 0 224 0
0

0101000
+397 0 -250 0 *
Ve
1e-07
-1.19505279898165 21.4405041268876 9
0 0

0101101
*
Ed
 1e-07 1 1 0
1  559 0 0 0.199623292126677
2  629 206 0 0 0.199623292126677
4 C0 225 0 206 0
0

0101000
+395 0 -247 0 *
Ve
1e-07
-9.99953039066699 18.5797559423078 9
0 0

0101101
*
Ed
 1e-07 1 1 0
1  560 0 -10.0828162326474 -0.825240640837995
4 C0 225 0 205 0
0

0101000
+245 0 -247 0 *
Ed
 1e-07 1 1 0
1  561 0 -16.6414911688366 -3.16557569442827
4 C0 225 0 204 0
0

0101000
+245 0 -252 0 *
Wi

0101100
-251 0 +249 0 -248 0 +394 0 +246 0 -244 0 +243 0 *
Fa
0  1e-07 225 0

0111000
+242 0 *
Ve
0.000228336743980247
-16.9464225516709 7.03241914212828 18.2425278468347
0 0

0101101
*
Ed
 1e-07 1 1 0
1  562 0 -66.5685424949238 -57.3260146480891
2  630 246 0 -66.5685424949238 -57.3260146480891
4 C0 246 0 204 0
0

0101000
+252 0 -240 0 *
Ve
0.000344837560836067
-17.595523347917 5.5876649628162 18.2425278468347
0 0

0101101
*
Ed
 1e-07 1 1 0
1  563 0 3.52424148666676 3.60345573231521
2  631 246 0 3.52424148666676 3.60345573231521
2  632 203 0 3.52424148666676 3.60345573231521
4 C0 246 0 203 0
0

0101000
+240 0 -238 0 *
Ed
 1e-07 1 1 0
1  564 0 57.3260146480891 66.5685424949238
2  633 246 0 57.3260146480891 66.5685424949238
4 C0 246 0 247 0
0

0101000
+238 0 -253 0 *
Wi

0101100
+239 0 +237 0 +236 0 +251 0 *
Fa
0  1e-07 246 0

0111000
+235 0 *
Ve
1e-07
-21.4910781265976 28.774106204765 9
0 0

0101101
*
Ve
1e-07
-22.6645378261747 29.8378913408689 9
0 0

0101101
*
Ed
 1e-07 1 1 0
1  565 0 0.7947739827105 0.873988228358954
2  634 209 0 0.7947739827105 0.873988228358954
4 C0 248 0 209 0
0

0101000
+233 0 -232 0 *
Ve
1e-07
-5.23789257419343 28.5386036491136 9
0 0

0101101
*
Ed
 1e-07 1 1 0
1  566 0 13.8006467928908 30.0555384275526
4 C0 248 0 208 0
0

0101000
+233 0 -230 0 *
Ve
1e-07
-3.66718875398121 29.0489562572489 9
0 0

0101101
*
Ed
 1e-07 1 1 0
1  567 0 0.825240640837988 2.4767763732579
4 C0 248 0 207 0
0

0101000
+228 0 -230 0 *
Ve
1e-07
-31.5 49.2706773014274 9
0 0

0101101
*
Ed
 1e-07 1 1 0
1  568 0 0.428695238591278 1.4562603535626
2  635 206 0 0.428695238591278 1.4562603535626
4 C0 248 0 206 0
0

0101000
+228 0 -226 0 *
Ve
1e-07
-31.5 40.013101709618 9
0 0

0101101
*
Ed
 1e-07 1 1 0
1  569 0 -10.0828162326474 -0.825240640838004
4 C0 248 0 211 0
0

0101000
+224 0 -226 0 *
Ed
 1e-07 1 1 0
1  570 0 -16.6414911688366 -3.16557569442832
4 C0 248 0 210 0
0

0101000
+224 0 -232 0 *
Wi

0101100
-231 0 +229 0 -227 0 +225 0 -223 0 +222 0 *
Fa
0  1e-07 248 0

0111000
+221 0 *
Ed
 1e-07 1 1 0
1  571 0 0 3.14159265358979
2  636 206 0 0 3.14159265358979
4 C0 206 0 200 0
0

0101000
+393 0 -391 0 *
Ed
 1e-07 1 1 0
1  572 0 0 6.9701113873386
2  637 206 0 0 6.9701113873386
4 C0 206 0 205 0
0

0101000
+247 0 -445 0 *
Ed
 1e-07 1 1 0
1  573 0 -6.9701113873386 0
2  638 206 0 -6.9701113873386 0
4 C0 206 0 207 0
0

0101000
+443 0 -228 0 *
Ed
 1e-07 1 1 0
1  574 0 0 6.9701113873386
2  639 206 0 0 6.9701113873386
4 C0 206 0 211 0
0

0101000
+226 0 -433 0 *
Ed
 1e-07 1 1 0
1  575 0 -6.9701113873386 0
2  640 206 0 -6.9701113873386 0
4 C0 206 0 212 0
0

0101000
+431 0 -291 0 *
Ed
 1e-07 1 1 0
1  576 0 0 6.9701113873386
2  641 206 0 0 6.9701113873386
4 C0 206 0 216 0
0

0101000
+289 0 -421 0 *
Ed
 1e-07 1 1 0
1  577 0 -6.9701113873386 0
2  642 206 0 -6.9701113873386 0
4 C0 206 0 217 0
0

0101000
+419 0 -301 0 *
Wi

0101100
-219 0 -392 0 +246 0 +218 0 +442 0 +217 0 +225 0 +216 0 +430 0 +215 0 
+288 0 +214 0 +418 0 +213 0 +299 0 +388 0 *
Fa
0  1e-07 206 0

0111000
+212 0 *
Ed
 1e-07 1 1 0
1  578 0 -66.5685424949238 -57.3260146480891
2  643 209 0 -66.5685424949238 -57.3260146480891
4 C0 209 0 210 0
0

0101000
+232 0 -437 0 *
Ed
 1e-07 1 1 0
1  579 0 57.3260146480891 66.5685424949238
2  644 209 0 57.3260146480891 66.5685424949238
4 C0 209 0 208 0
0

0101000
+439 0 -233 0 *
Wi

0101100
+210 0 +436 0 +209 0 +231 0 *
Fa
0  1e-07 209 0

0111000
+208 0 *
Ed
 1e-07 1 1 0
1  580 0 3.14159265358979 6.28318530717959
2  645 201 0 3.14159265358979 6.28318530717959
4 C0 200 0 201 0
0

0101000
+458 0 -459 0 *
Wi

0101100
+206 0 +457 0 *
Wi

0101100
-219 0 -390 0 *
Fa
0  1e-07 200 0

0111000
+205 0 +204 0 *
Ed
 1e-07 1 1 0
1  581 0 -10 -2.7814103589804
4 C0 212 0 213 0
0

0101000
+293 0 -429 0 *
Wi

0101100
+202 0 +428 0 +215 0 +290 0 *
Fa
0  1e-07 212 0

0111000
-201 0 *
Ed
 1e-07 1 1 0
1  582 0 -8.36010876637701 -1.06581410364015e-14
4 C0 211 0 210 0
0

0101000
+435 0 -224 0 *
Wi

0101100
+216 0 +432 0 +199 0 +223 0 *
Fa
0  1e-07 211 0

0111000
-198 0 *
Ed
 1e-07 1 1 0
1  583 0 -10 -2.7814103589804
4 C0 207 0 208 0
0

0101000
+230 0 -441 0 *
Wi

0101100
+196 0 +440 0 +217 0 +227 0 *
Fa
0  1e-07 207 0

0111000
-195 0 *
Ed
 1e-07 1 1 0
1  584 0 -8.36010876637701 -1.06581410364015e-14
4 C0 205 0 204 0
0

0101000
+447 0 -245 0 *
Wi

0101100
+218 0 +444 0 +193 0 +244 0 *
Fa
0  1e-07 205 0

0111000
-192 0 *
Ve
0.000344837560836067
-12.7969890396511 -9.94280735926711 16.2185896410196
0 0

0101101
*
Ed
 1e-07 1 1 0
1  585 0 -10 -2.7814103589804
4 C0 224 0 247 0
0

0101000
+250 0 -190 0 *
Ed
 1e-07 1 1 0
1  586 0 2.4999401890919e-07 0.00167037325833562
2  646 203 0 2.4999401890919e-07 0.00167037325833562
4 C0 224 0 203 0
0

0101000
+190 0 -399 0 *
Wi

0101100
+189 0 +188 0 +396 0 +248 0 *
Fa
0  1e-07 224 0

0111000
-187 0 *
Ve
0.000277280125265499
-23.7398430523486 -8.49167387146744 17.360108766377
0 0

0101101
*
Ed
 2.16829424223706e-05 1 1 0
1  587 0 2.49997696251985e-07 0.00936159597740444
2  647 203 0 2.49997696251985e-07 0.00936159597740444
4 C0 223 0 203 0
0

0101000
+401 0 -185 0 *
Ed
 1e-07 1 1 0
1  588 0 -8.36010876637701 -1.06581410364015e-14
4 C0 223 0 245 0
0

0101000
+185 0 -265 0 *
Wi

0101100
+400 0 +184 0 +183 0 +264 0 *
Fa
0  1e-07 223 0

0111000
-182 0 *
Ve
0.000344837559284025
-51.7308750053497 -14.6450893776066 16.2185896410196
0 0

0101101
*
Ed
 1e-07 1 1 0
1  589 0 -10 -2.7814103589804
4 C0 221 0 244 0
0

0101000
+268 0 -180 0 *
Ed
 1e-07 1 1 0
1  590 0 2.49994018911965e-07 0.00167037325833561
2  648 203 0 2.49994018911965e-07 0.00167037325833561
4 C0 221 0 203 0
0

0101000
+180 0 -407 0 *
Wi

0101100
+179 0 +178 0 +404 0 +266 0 *
Fa
0  1e-07 221 0

0111000
-177 0 *
Ve
0.000344837560840106
-58.2030109603493 -9.94280735926679 16.2185896410196
0 0

0101101
*
Ed
 1e-07 1 1 0
1  591 0 2.49997711006278e-07 0.00167037326202771
2  649 203 0 2.49997711006278e-07 0.00167037326202771
4 C0 220 0 203 0
0

0101000
+409 0 -175 0 *
Ed
 1e-07 1 1 0
1  592 0 -7.21858964101961 -1.06581410364015e-14
4 C0 220 0 240 0
0

0101000
+175 0 -309 0 *
Wi

0101100
+408 0 +174 0 +173 0 +308 0 *
Fa
0  1e-07 220 0

0111000
-172 0 *
Ed
 1e-07 1 1 0
1  593 0 -10 -2.7814103589804
4 C0 217 0 218 0
0

0101000
+303 0 -417 0 *
Wi

0101100
+170 0 +416 0 +213 0 +300 0 *
Fa
0  1e-07 217 0

0111000
-169 0 *
Ed
 1e-07 1 1 0
1  594 0 -8.36010876637701 -1.06581410364015e-14
4 C0 216 0 215 0
0

0101000
+423 0 -287 0 *
Wi

0101100
+214 0 +420 0 +167 0 +286 0 *
Fa
0  1e-07 216 0

0111000
-166 0 *
Ed
 0.000344837560840106 1 1 0
1  595 0 2.11255181818557e-07 0.0163806211375857
2  650 203 0 2.11255181818557e-07 0.0163806211375857
4 C0 240 0 203 0
0

0101000
+175 0 -282 0 *
Wi

0101100
-173 0 +164 0 -281 0 -306 0 *
Fa
0  1e-07 240 0

0111000
-163 0 *
Ed
 0.000344837559284025 1 1 0
1  596 0 2.4594924252725e-07 0.0163806558316464
2  651 203 0 2.4594924252725e-07 0.0163806558316464
4 C0 244 0 203 0
0

0101000
+258 0 -180 0 *
Wi

0101100
-256 0 +161 0 -179 0 -267 0 *
Fa
0  1e-07 244 0

0111000
-160 0 *
Ed
 0.000277280125265499 1 1 0
1  597 0 0.00854600644897944 0.0220503255644774
2  652 203 0 0.00854600644897944 0.0220503255644774
4 C0 245 0 203 0
0

0101000
+185 0 -260 0 *
Wi

0101100
-183 0 +158 0 -259 0 -263 0 *
Fa
0  1e-07 245 0

0111000
-157 0 *
Ed
 0.000344837560836067 1 1 0
1  598 0 2.10428728006631e-07 0.0163806203111319
2  653 203 0 2.10428728006631e-07 0.0163806203111319
4 C0 247 0 203 0
0

0101000
+238 0 -190 0 *
Wi

0101100
-236 0 +155 0 -189 0 -249 0 *
Fa
0  1e-07 247 0

0111000
-154 0 *
Ed
 0.000228336743980247 1 1 0
1  599 0 0.0144936958687242 0.023220646690697
2  654 203 0 0.0144936958687242 0.023220646690697
4 C0 204 0 203 0
0

0101000
+449 0 -240 0 *
Wi

0101100
-193 0 +446 0 +152 0 -239 0 -243 0 *
Fa
0  1e-07 204 0

0111000
-151 0 *
Wi

0101100
-209 0 +438 0 -196 0 -229 0 *
Fa
0  1e-07 208 0

0111000
-149 0 *
Wi

0101100
-199 0 +434 0 -210 0 -222 0 *
Fa
0  1e-07 210 0

0111000
-147 0 *
Wi

0101100
-274 0 +426 0 -202 0 -292 0 *
Fa
0  1e-07 213 0

0111000
-145 0 *
Wi

0101100
-167 0 +422 0 -275 0 -285 0 *
Fa
0  1e-07 215 0

0111000
-143 0 *
Ed
 8.41820460711671e-05 1 1 0
1  600 0 2.51182713620042e-07 0.00556358546513759
2  655 203 0 2.51182713620042e-07 0.00556358546513759
4 C0 218 0 203 0
0

0101000
+280 0 -415 0 *
Wi

0101100
-278 0 +141 0 +414 0 -170 0 -302 0 *
Fa
0  1e-07 218 0

0111000
-140 0 *
Ed
 1e-07 1 1 0
1  601 0 3.14159265358979 6.28318530717959
2  656 203 0 3.14159265358979 6.28318530717959
4 C0 203 0 170 0
0

0101000
+451 0 -452 0 *
Wi

0101100
-448 0 -138 0 +413 0 -141 0 -279 0 -164 0 -174 0 +406 0 -178 0 -161 0 
-257 0 -158 0 -184 0 +398 0 -188 0 -155 0 -237 0 -152 0 *
Fa
0  1e-07 203 0

0111000
+137 0 *
Wi

0101100
+138 0 +450 0 *
Ed
 1e-07 1 1 0
1  602 0 0 3.14159265358979
2  657 169 0 0 3.14159265358979
4 C0 170 0 169 0
0

0101000
+551 0 -549 0 *
Wi

0101100
-134 0 -548 0 *
Fa
0  1e-07 170 0

0111000
+135 0 +133 0 *
Ed
 1e-07 1 1 0
1  603 0 3.14159265358979 6.28318530717959
2  658 201 0 3.14159265358979 6.28318530717959
2  659 199 0 3.14159265358979 6.28318530717959
4 G1 201 0 199 0
0

0101000
+468 0 -469 0 *
Wi

0101100
-456 0 -206 0 +455 0 +131 0 *
Fa
0  1e-07 201 0

0111000
+130 0 *
Wi

0101100
-465 0 -131 0 +462 0 -313 0 *
Fa
0  1e-07 199 0

0111000
+128 0 *
Ve
1e-07
-39.5 49.2706773014274 -9
0 0

0101101
*
Ve
1e-07
-39.5 40.013101709618 -9
0 0

0101101
*
Ed
 1e-07 1 1 0
1  604 0 0.825240640838004 10.0828162326474
4 C0 230 0 249 0
0

0101000
+126 0 -125 0 *
Ed
 1e-07 1 1 0
1  605 0 -16.6414911688366 -3.16557569442832
4 C0 230 0 231 0
0

0101000
+125 0 -375 0 *
Ve
1e-07
-65.7621074258064 28.5386036491141 -9
0 0

0101101
*
Ed
 1e-07 1 1 0
1  606 0 13.8006467928908 30.0555384275526
4 C0 230 0 229 0
0

0101000
+377 0 -122 0 *
Ve
1e-07
-67.3328112460186 29.0489562572493 -9
0 0

0101101
*
Ed
 1e-07 1 1 0
1  607 0 -2.47677637325788 -0.825240640838034
4 C0 230 0 250 0
0

0101000
+122 0 -120 0 *
Ed
 1e-07 1 1 0
1  608 0 1.6853323000272 2.7128974149985
2  660 195 0 1.6853323000272 2.7128974149985
4 C0 230 0 195 0
0

0101000
+126 0 -120 0 *
Wi

0101100
+124 0 +123 0 -374 0 +121 0 +119 0 -118 0 *
Fa
0  1e-07 230 0

0111000
+117 0 *
Ed
 1e-07 1 1 0
1  609 0 0 3.14159265358979
2  661 195 0 0 3.14159265358979
4 C0 195 0 176 0
0

0101000
+476 0 -478 0 *
Ve
2.16829424226117e-05
-69.8049472010183 21.4405041268881 -15.9701113873386
0 0

0101101
*
Ed
 1e-07 1 1 0
1  610 0 -0 6.9701113873386
2  662 195 0 -0 6.9701113873386
4 C0 195 0 232 0
0

0101000
+364 0 -114 0 *
Ve
1e-07
-67.3328112460186 29.0489562572493 -15.9701113873386
0 0

0101101
*
Ed
 1e-07 1 1 0
1  611 0 2.7128974149985 2.9419693614631
2  663 195 0 2.7128974149985 2.9419693614631
2  664 179 0 2.7128974149985 2.9419693614631
4 C0 195 0 179 0
0

0101000
+112 0 -114 0 *
Ed
 1e-07 1 1 0
1  612 0 -6.9701113873386 0
2  665 195 0 -6.9701113873386 0
4 C0 195 0 250 0
0

0101000
+112 0 -120 0 *
Ve
2.16829559117073e-05
-39.5 49.2706773014274 -15.9701113873386
0 0

0101101
*
Ed
 1e-07 1 1 0
1  613 0 -0 6.9701113873386
2  666 195 0 -0 6.9701113873386
4 C0 195 0 249 0
0

0101000
+126 0 -109 0 *
Ve
1e-07
-31.5 49.2706773014274 -15.9701113873386
0 0

0101101
*
Ed
 1e-07 1 1 0
1  614 0 1.4562603535626 1.6853323000272
2  667 195 0 1.4562603535626 1.6853323000272
2  668 179 0 1.4562603535626 1.6853323000272
4 C0 195 0 179 0
0

0101000
+107 0 -109 0 *
Ed
 1e-07 1 1 0
1  615 0 -6.9701113873386 0
2  669 195 0 -6.9701113873386 0
4 C0 195 0 239 0
0

0101000
+107 0 -322 0 *
Ve
2.16829424189733e-05
-3.66718875398122 29.0489562572488 -15.9701113873386
0 0

0101101
*
Ed
 1e-07 1 1 0
1  616 0 -0 6.9701113873386
2  670 195 0 -0 6.9701113873386
4 C0 195 0 235 0
0

0101000
+331 0 -104 0 *
Ve
1e-07
-1.19505279898166 21.4405041268876 -15.9701113873386
0 0

0101101
*
Ed
 1e-07 1 1 0
1  617 0 0.199623292126677 0.428695238591276
2  671 195 0 0.199623292126677 0.428695238591276
2  672 179 0 0.199623292126677 0.428695238591276
4 C0 195 0 179 0
0

0101000
+102 0 -104 0 *
Ed
 1e-07 1 1 0
1  618 0 -6.9701113873386 0
2  673 195 0 -6.9701113873386 0
4 C0 195 0 233 0
0

0101000
+102 0 -336 0 *
Wi

0101100
+115 0 -477 0 -363 0 +113 0 -111 0 +110 0 -118 0 +108 0 -106 0 +105 0 
-320 0 +103 0 -101 0 +100 0 -334 0 +473 0 *
Fa
0  1e-07 195 0

0111000
+99 0 *
Ed
 1e-07 1 1 0
1  619 0 3.14159265358979 6.28318530717959
2  674 177 0 3.14159265358979 6.28318530717959
4 C0 176 0 177 0
0

0101000
+531 0 -532 0 *
Wi

0101100
-530 0 -97 0 *
Wi

0101100
+475 0 +115 0 *
Fa
0  1e-07 176 0

0111000
-96 0 -95 0 *
Ve
0.000344837560731251
-26.2535132114214 32.2342178307543 -18.2425278468347
0 0

0101101
*
Ve
0.000277916799149236
-24.8791744364085 31.4469190222813 -18.2425278468347
0 0

0101101
*
Ed
 1e-07 1 1 0
1  620 0 5.19300369773618 5.27221794338463
2  675 237 0 5.19300369773618 5.27221794338463
2  676 179 0 5.19300369773618 5.27221794338463
4 C0 237 0 179 0
0

0101000
+93 0 -92 0 *
Ed
 1e-07 1 1 0
1  621 0 75.3260146480891 84.5685424949238
2  677 237 0 75.3260146480891 84.5685424949238
4 C0 237 0 238 0
0

0101000
+93 0 -326 0 *
Ed
 1e-07 1 1 0
1  622 0 -84.5685424949238 -75.3260146480891
2  678 237 0 -84.5685424949238 -75.3260146480891
4 C0 237 0 236 0
0

0101000
+328 0 -92 0 *
Wi

0101100
-91 0 +90 0 +325 0 +89 0 *
Fa
0  1e-07 237 0

0111000
+88 0 *
Ve
0.000280485253995941
-39.5 40.013101709618 -17.360108766377
0 0

0101101
*
Ed
 2.16829559117073e-05 1 1 0
1  623 0 0.0178557752646816 0.0272170504946603
2  679 179 0 0.0178557752646816 0.0272170504946603
4 C0 249 0 179 0
0

0101000
+86 0 -109 0 *
Ed
 1e-07 1 1 0
1  624 0 -8.36010876637701 -1.06581410364015e-14
4 C0 249 0 231 0
0

0101000
+86 0 -125 0 *
Wi

0101100
-85 0 +84 0 -124 0 +108 0 *
Fa
0  1e-07 249 0

0111000
+83 0 *
Ve
0.000344837560731251
-31.5 47.6191415690076 -16.2185896410196
0 0

0101101
*
Ed
 1e-07 1 1 0
1  625 0 0.00552713671059628 0.00719725995883115
2  680 179 0 0.00552713671059628 0.00719725995883115
4 C0 239 0 179 0
0

0101000
+107 0 -81 0 *
Ed
 1e-07 1 1 0
1  626 0 -10 -2.7814103589804
4 C0 239 0 238 0
0

0101000
+324 0 -81 0 *
Wi

0101100
-80 0 +105 0 -321 0 +79 0 *
Fa
0  1e-07 239 0

0111000
+78 0 *
Ve
0.000277916799149236
-12.4716663456666 26.188208072669 -17.360108766377
0 0

0101101
*
Ed
 2.16829424189733e-05 1 1 0
1  627 0 2.1263464792037e-07 0.00936155861435614
2  681 179 0 2.1263464792037e-07 0.00936155861435614
4 C0 235 0 179 0
0

0101000
+76 0 -104 0 *
Ed
 1e-07 1 1 0
1  628 0 -8.36010876637701 -1.06581410364015e-14
4 C0 235 0 236 0
0

0101000
+76 0 -330 0 *
Wi

0101100
-75 0 +74 0 -329 0 +103 0 *
Fa
0  1e-07 235 0

0111000
+73 0 *
Ve
0.000480452476552208
-2.76575661919384 20.9301515187524 -16.2185896410196
0 0

0101101
*
Ed
 1e-07 1 1 0
1  629 0 2.12660754930086e-07 0.00167033592507163
2  682 179 0 2.12660754930086e-07 0.00167033592507163
4 C0 233 0 179 0
0

0101000
+102 0 -71 0 *
Ed
 1e-07 1 1 0
1  630 0 -10 -2.7814103589804
4 C0 233 0 180 0
0

0101000
+338 0 -71 0 *
Wi

0101100
-70 0 +100 0 -335 0 +69 0 *
Fa
0  1e-07 233 0

0111000
+68 0 *
Ed
 1e-07 1 1 0
1  631 0 -8.360108766377 0
4 C0 183 0 182 0
0

0101000
+516 0 -344 0 *
Wi

0101100
-513 0 +66 0 -343 0 +488 0 *
Fa
0  1e-07 183 0

0111000
+65 0 *
Ed
 1e-07 1 1 0
1  632 0 -10 -2.7814103589804
4 C0 185 0 186 0
0

0101000
+353 0 -510 0 *
Wi

0101100
-509 0 +486 0 -351 0 +63 0 *
Fa
0  1e-07 185 0

0111000
+62 0 *
Ed
 1e-07 1 1 0
1  633 0 -8.360108766377 0
4 C0 189 0 188 0
0

0101000
+504 0 -359 0 *
Wi

0101100
-501 0 +60 0 -358 0 +483 0 *
Fa
0  1e-07 189 0

0111000
+59 0 *
Ed
 1e-07 1 1 0
1  634 0 -10 -1.639891233623
4 C0 190 0 191 0
0

0101000
+367 0 -498 0 *
Wi

0101100
-497 0 +481 0 -365 0 +57 0 *
Fa
0  1e-07 190 0

0111000
+56 0 *
Ve
2.16829424226117e-05
-61.000469609333 18.5797559423082 -17.360108766377
0 0

0101101
*
Ed
 2.16829424226117e-05 1 1 0
1  635 0 2.12634647916327e-07 0.00936155861435612
2  683 179 0 2.12634647916327e-07 0.00936155861435612
4 C0 232 0 179 0
0

0101000
+54 0 -114 0 *
Ed
 1e-07 1 1 0
1  636 0 -8.360108766377 0
4 C0 232 0 192 0
0

0101000
+54 0 -370 0 *
Wi

0101100
-53 0 +52 0 -362 0 +113 0 *
Fa
0  1e-07 232 0

0111000
+51 0 *
Ve
0.000344837561270857
-65.7621074258064 28.5386036491141 -16.2185896410196
0 0

0101101
*
Ed
 1e-07 1 1 0
1  637 0 2.12660754937407e-07 0.00167033592507163
2  684 179 0 2.12660754937407e-07 0.00167033592507163
4 C0 250 0 179 0
0

0101000
+112 0 -49 0 *
Ed
 1e-07 1 1 0
1  638 0 -10 -2.7814103589804
4 C0 250 0 229 0
0

0101000
+122 0 -49 0 *
Wi

0101100
-48 0 +110 0 -119 0 +47 0 *
Fa
0  1e-07 250 0

0111000
+46 0 *
Ed
 2.01495315996289e-05 1 1 0
1  639 0 0.00875691311889956 0.0135349012502314
2  685 179 0 0.00875691311889956 0.0135349012502314
4 C0 192 0 179 0
0

0101000
+54 0 -494 0 *
Ed
 1e-07 1 1 0
1  640 0 -84.5685424949238 -75.3669012592245
4 C0 192 0 191 0
0

0101000
+369 0 -496 0 *
Wi

0101100
-52 0 +44 0 +493 0 -43 0 -368 0 *
Fa
0  1e-07 192 0

0111000
-42 0 *
Wi

0101100
+43 0 +495 0 -57 0 -366 0 *
Fa
0  1e-07 191 0

0111000
-40 0 *
Wi

0101100
-60 0 +503 0 -347 0 -356 0 *
Fa
0  1e-07 188 0

0111000
-38 0 *
Wi

0101100
-348 0 +507 0 -63 0 -352 0 *
Fa
0  1e-07 186 0

0111000
-36 0 *
Wi

0101100
-66 0 +515 0 -316 0 -341 0 *
Fa
0  1e-07 182 0

0111000
-34 0 *
Ed
 0.000480452476552208 1 1 0
1  641 0 0.00556358546513815 0.0163806610651175
2  686 179 0 0.00556358546513815 0.0163806610651175
4 C0 180 0 179 0
0

0101000
+522 0 -71 0 *
Wi

0101100
-317 0 +519 0 +32 0 -69 0 -337 0 *
Fa
0  1e-07 180 0

0111000
-31 0 *
Ed
 0.000277916799149236 1 1 0
1  642 0 0.00904288337617358 0.0225471375362117
2  687 179 0 0.00904288337617358 0.0225471375362117
4 C0 236 0 179 0
0

0101000
+76 0 -92 0 *
Wi

0101100
-74 0 +29 0 -89 0 -327 0 *
Fa
0  1e-07 236 0

0111000
-28 0 *
Ed
 0.000344837560731251 1 1 0
1  643 0 2.12419482223585e-07 0.0163806223018861
2  688 179 0 2.12419482223585e-07 0.0163806223018861
4 C0 238 0 179 0
0

0101000
+93 0 -81 0 *
Wi

0101100
-90 0 +26 0 -79 0 -323 0 *
Fa
0  1e-07 238 0

0111000
-25 0 *
Ed
 0.000280485253995941 1 1 0
1  644 0 0.0110266413164928 0.0245305894208674
2  689 179 0 0.0110266413164928 0.0245305894208674
4 C0 231 0 179 0
0

0101000
+86 0 -379 0 *
Wi

0101100
-84 0 +23 0 -373 0 -123 0 *
Fa
0  1e-07 231 0

0111000
-22 0 *
Ed
 0.000344837561270857 1 1 0
1  645 0 2.01071816514712e-07 0.0163806109542204
2  690 179 0 2.01071816514712e-07 0.0163806109542204
4 C0 229 0 179 0
0

0101000
+380 0 -49 0 *
Wi

0101100
-376 0 +20 0 -47 0 -121 0 *
Fa
0  1e-07 229 0

0111000
-19 0 *
Ed
 1e-07 1 1 0
1  646 0 0 3.14159265358979
2  691 179 0 0 3.14159265358979
4 C0 179 0 171 0
0

0101000
+524 0 -525 0 *
Wi

0101100
-521 0 +17 0 +492 0 -44 0 +53 0 -111 0 +48 0 -20 0 +378 0 -23 0 
+85 0 -106 0 +80 0 -26 0 +91 0 -29 0 +75 0 -101 0 +70 0 -32 0 
*
Fa
0  1e-07 179 0

0111000
+16 0 *
Wi

0101100
-523 0 -17 0 *
Ed
 1e-07 1 1 0
1  647 0 0 3.14159265358979
2  692 169 0 0 3.14159265358979
4 C0 171 0 169 0
0

0101000
+552 0 -547 0 *
Wi

0101100
+13 0 +545 0 *
Fa
0  1e-07 171 0

0111000
-14 0 -12 0 *
Ed
 1e-07 1 1 0
1  648 0 3.14159265358979 6.28318530717959
2  693 177 0 3.14159265358979 6.28318530717959
2  694 174 0 3.14159265358979 6.28318530717959
4 G1 177 0 174 0
0

0101000
+541 0 -542 0 *
Wi

0101100
-529 0 +97 0 +528 0 +10 0 *
Fa
0  1e-07 177 0

0111000
+9 0 *
Wi

0101100
-538 0 -10 0 +535 0 -312 0 *
Fa
0  1e-07 174 0

0111000
+7 0 *
Wi

0101100
-134 0 -550 0 +13 0 +546 0 *
Fa
0  1e-07 169 0

0111000
+5 0 *
Sh

0101100
-543 0 +533 0 +526 0 +490 0 -470 0 +460 0 +453 0 +411 0 -385 0 +381 0 
+371 0 +360 0 +349 0 +345 0 +332 0 +318 0 +314 0 +310 0 +297 0 +283 0 
+276 0 +272 0 +261 0 +254 0 +241 0 +234 0 +220 0 -211 0 +207 0 +203 0 
-200 0 -197 0 -194 0 -191 0 -186 0 -181 0 -176 0 -171 0 -168 0 -165 0 
-162 0 -159 0 -156 0 -153 0 -150 0 -148 0 -146 0 -144 0 -142 0 -139 0 
+136 0 +132 0 +129 0 +127 0 +116 0 -98 0 -94 0 +87 0 +82 0 +77 0 
+72 0 +67 0 +64 0 +61 0 +58 0 +55 0 +50 0 +45 0 -41 0 -39 0 
-37 0 -35 0 -33 0 -30 0 -27 0 -24 0 -21 0 -18 0 +15 0 -11 0 
+8 0 +6 0 -4 0 *
So

0100000
+3 0 *
Co

1100000
+1315 0 +775 0 +700 0 +553 0 +2 0 *

+1 0 