DBRep_DrawableShape

CASCADE Topology V1, (c) Matra-Datavision
Locations 0
Curve2ds 695
1 0 4.934059327188784 1 0 
1 3.1415926535897931 0 0 1 
1 3.1415926535897931 0 0 1 
7 0 0  3 25 23  2.0943951023931939 5.1342197423738813  2.1074008435395628 5.1300153593318107  2.1340213192621724 5.1219078999665228  2.1757441725366848 5.1106987594826974  2.219235568512695 5.1004895950544498  2.2644325575664164 5.0913290373794799  2.3112420711157 5.0832648668871609  2.3595352633520901 5.0763429010681342  2.4091475119285075 5.0706055873977984  2.4598790708054099 5.0660905994319494  2.5114980504007951 5.0628293631235533  2.563745539983052 5.060846001447147  2.6163423517284943 5.0601553846406375  2.6689986827476773 5.0607656274705475  2.7214243495883736 5.0626796868401547  2.7733354313016338 5.0658884564250837  2.8244665228049786 5.0703750071673959  2.8745700332211364 5.0761129784667043  2.9234522377130459 5.0830738910452284  2.9707454539557174 5.0911886278799772  3.0163250828051633 5.100404008290873  3.0600843279305363 5.1106624708807944  3.1019564697740889 5.1219055280651578  3.1285970048986398 5.1300185359086168  3.1415926535897918 5.1342197423738805 
 2.33283307401435e-07 4 0.00036815098118234461 1 0.00073606867905728771 1 0.001103986376932231 1 0.0014719040748071741 1 0.0018398217726821172 1 0.0022077394705570606 1 0.0025756571684320034 1 0.0029435748663069468 1 0.0033114925641818901 1 0.003679410262056833 1 0.0040473279599317763 1 0.0044152456578067196 1 0.0047831633556816629 1 0.0051510810535566054 1 0.0055189987514315487 1 0.005886916449306492 1 0.0062548341471814354 1 0.0066227518450563787 1 0.0069906695429313211 1 0.0073585872408062645 1 0.0077265049386812078 1 0.0080944226365561502 4
7 0 0  3 25 23  1.0471975511965967 5.1342197423738805  1.0601746452897252 5.1300243537493913  1.0867892062284894 5.1219189632646369  1.1286385277436042 5.1106802841702033  1.1723758335543359 5.1004246205743957  1.2179121296621203 5.0912143125024363  1.2651269509747762 5.0831083833768211  1.3138392352333885 5.0761627083983658  1.3639737077000298 5.0704097529732968  1.4152949101282095 5.0658989034668078  1.4675455229317709 5.0626682349153782  1.520423936013839 5.0607464533093269  1.5736470165606311 5.0601517670884615  1.6267730297860485 5.060887183280725  1.6793876805498842 5.062934281185874  1.7312400022908194 5.0662684182131112  1.7820643245375292 5.0708555864183857  1.8316368440926503 5.07665483101459  1.8797665588829084 5.0836194305580982  1.9263009719143289 5.091698529943832  1.9711248526516822 5.1008386214279229  2.0141595822493863 5.1109850140672162  2.0553567761709619 5.1220828563756822  2.0815899257892947 5.1300802671280747  2.0943951023931939 5.1342197423738813 
 0.092496645020503199 4 0.092863706613602742 1 0.093230768206702272 1 0.093597829799801802 1 0.093964891392901345 1 0.094331952986000889 1 0.094699014579100418 1 0.095066076172199948 1 0.095433137765299492 1 0.095800199358399035 1 0.096167260951498565 1 0.096534322544598095 1 0.096901384137697638 1 0.097268445730797182 1 0.097635507323896711 1 0.098002568916996241 1 0.098369630510095785 1 0.098736692103195328 1 0.099103753696294858 1 0.099470815289394388 1 0.099837876882493931 1 0.10020493847559347 1 0.100572000068693 4
7 0 0  3 25 23  0 5.1342197423738813  0.013005741146369171 5.1300153593318116  0.039626216868978111 5.1219078999665246  0.081349070143491561 5.1106987594826974  0.12484046611950021 5.100489595054448  0.17003745517322458 5.0913290373794791  0.21684696872250453 5.0832648668871627  0.26514016095889714 5.076342901068136  0.31475240953531264 5.0706055873977984  0.36548396841221698 5.0660905994319494  0.41710294800760089 5.0628293631235533  0.46935043758985789 5.060846001447147  0.52194724933530079 5.0601553846406375  0.57460358035448267 5.0607656274705475  0.62702924719518005 5.0626796868401547  0.67894032890844103 5.0658884564250846  0.73007142041178152 5.0703750071673959  0.78017493082794187 5.0761129784667043  0.82905713531985148 5.0830738910452284  0.87635035156252317 5.0911886278799772  0.92192998041196716 5.100404008290873  0.96568922553734093 5.1106624708807962  1.0075613673808947 5.1219055280651578  1.0342019025054445 5.130018535908615  1.0471975511965965 5.1342197423738805 
 2.33283307410355e-07 4 0.0003681509811823535 1 0.00073606867905729671 1 0.0011039863769322399 1 0.001471904074807183 1 0.0018398217726821261 1 0.0022077394705570692 1 0.0025756571684320121 1 0.0029435748663069554 1 0.0033114925641818988 1 0.0036794102620568417 1 0.004047327959931785 1 0.0044152456578067283 1 0.0047831633556816716 1 0.0051510810535566141 1 0.0055189987514315574 1 0.0058869164493065007 1 0.006254834147181444 1 0.0066227518450563874 1 0.0069906695429313298 1 0.0073585872408062731 1 0.0077265049386812164 1 0.0080944226365561606 4
1 0 4.7123889803846897 0 1 
1 6.2831853071795862 4.7123889803846897 0 1 
1 3.1415926535897931 0 1 0 
1 3.1415926535897944 0 0 -1 
1 3.1415926535897944 0 0 -1 
1 3.1415926535897931 -55.5 1 0 
1 6.2831853071795862 0 0 -1 
1 0 0 0 -1 
1 -3.1415926535897931 0 1 0 
1 -3.1415926535897931 -55.5 1 0 
7 0 0  3 25 23  5.2359877559829897 5.1342197423738805  5.2489934971293595 5.1300153593318116  5.2756139728519678 5.1219078999665228  5.3173368261264811 5.1106987594826965  5.3608282221024917 5.1004895950544489  5.4060252111562113 5.0913290373794782  5.4528347247054958 5.0832648668871618  5.5011279169418863 5.076342901068136  5.5507401655183024 5.0706055873977975  5.6014717243952061 5.0660905994319494  5.65309070399059 5.0628293631235524  5.7053381935728469 5.060846001447147  5.7579350053182887 5.0601553846406375  5.8105913363374722 5.0607656274705484  5.8630170031781654 5.0626796868401511  5.9149280848914296 5.0658884564250872  5.9660591763947703 5.0703750071673941  6.0161626868109286 5.0761129784667043  6.0650448913028407 5.0830738910452284  6.112338107545507 5.0911886278799745  6.1579177363949578 5.1004040082908766  6.2016769815203299 5.1106624708807944  6.2435491233638833 5.1219055280651586  6.2701896584884347 5.1300185359086168  6.2831853071795862 5.1342197423738813 
 2.3328330741156901e-07 4 0.00036815098118235425 1 0.00073606867905729693 1 0.0011039863769322395 1 0.0014719040748071822 1 0.0018398217726821248 1 0.0022077394705570675 1 0.0025756571684320104 1 0.0029435748663069528 1 0.0033114925641818953 1 0.0036794102620568382 1 0.0040473279599317815 1 0.004415245657806724 1 0.0047831633556816664 1 0.0051510810535566097 1 0.0055189987514315522 1 0.0058869164493064946 1 0.0062548341471814371 1 0.0066227518450563795 1 0.0069906695429313229 1 0.0073585872408062653 1 0.0077265049386812078 1 0.0080944226365561502 4
7 0 0  3 25 23  3.1415926535897918 5.1342197423738805  3.1545983947361611 5.1300153593318099  3.1812188704587685 5.1219078999665228  3.2229417237332831 5.1106987594826983  3.2664331197092924 5.1004895950544462  3.3116301087630133 5.0913290373794799  3.3584396223122979 5.0832648668871609  3.4067328145486879 5.0763429010681342  3.4563450631251049 5.0706055873977984  3.5070766220020078 5.0660905994319476  3.5586956015973921 5.0628293631235541  3.6109430911796498 5.060846001447147  3.6635399029250912 5.0601553846406366  3.7161962339442747 5.0607656274705475  3.7686219007849706 5.0626796868401547  3.8205329824982321 5.0658884564250837  3.8716640740015769 5.0703750071673959  3.9217675844177338 5.0761129784667043  3.9706497889096433 5.0830738910452284  4.017943005152314 5.0911886278799763  4.0635226340017612 5.100404008290873  4.1072818791271342 5.1106624708807935  4.1491540209706876 5.1219055280651604  4.1757945560952372 5.1300185359086168  4.1887902047863896 5.1342197423738805 
 2.3328330740064001e-07 4 0.00036815098118234379 1 0.00073606867905728695 1 0.0011039863769322302 1 0.0014719040748071733 1 0.0018398217726821164 1 0.0022077394705570597 1 0.0025756571684320026 1 0.0029435748663069459 1 0.0033114925641818892 1 0.0036794102620568321 1 0.0040473279599317754 1 0.0044152456578067188 1 0.0047831633556816621 1 0.0051510810535566045 1 0.0055189987514315478 1 0.0058869164493064912 1 0.0062548341471814345 1 0.0066227518450563778 1 0.0069906695429313203 1 0.0073585872408062636 1 0.0077265049386812069 1 0.0080944226365561502 4
7 0 0  3 25 23  4.1887902047863896 5.1342197423738805  4.2017672988795196 5.1300243537493921  4.2283818598182865 5.1219189632646378  4.2702311813334095 5.1106802841701997  4.313968487144149 5.1004246205743913  4.3595047832519409 5.0912143125024345  4.4067196045646018 5.083108383376814  4.4554318888232283 5.0761627083983596  4.5055663612898149 5.0704097529732994  4.5568875637179094 5.0658989034668158  4.6091381765213804 5.0626682349153853  4.6620165896033781 5.0607464533093305  4.7152396701501669 5.0601517670884615  4.7683656833756221 5.060887183280717  4.8209803341394828 5.062934281185866  4.8728326558804476 5.066268418213097  4.9236569781271857 5.0708555864183724  4.9732294976823317 5.0766548310145749  5.0213592124726141 5.083619430558084  5.0678936255040563 5.0916985299438204  5.1127175062414318 5.1008386214279122  5.1557522358391523 5.1109850140672064  5.1969494297607426 5.1220828563756786  5.2231825793790865 5.1300802671280739  5.2359877559829897 5.1342197423738805 
 0.092496645020520296 4 0.092863706613619965 1 0.093230768206719633 1 0.093597829799819302 1 0.09396489139291897 1 0.094331952986018638 1 0.094699014579118307 1 0.095066076172217975 1 0.095433137765317644 1 0.095800199358417312 1 0.096167260951516981 1 0.096534322544616649 1 0.096901384137716318 1 0.097268445730815986 1 0.097635507323915655 1 0.098002568917015323 1 0.098369630510114991 1 0.09873669210321466 1 0.099103753696314328 1 0.099470815289413997 1 0.099837876882513665 1 0.10020493847561333 1 0.100572000068713 4
1 0 4.934059327188784 1 0 
1 6.2831853071795862 0 -1 0 
1 0 -2 1 0 
1 3.1415926535897931 0 0 1 
1 3.1415926535897931 0 0 1 
1 0 1.5707963267948966 1 0 
1 0 0 0 1 
1 6.2831853071795862 0 0 1 
7 0 0  3 25 23  2.6179938779914966 0.51551857307693882  2.6231969951439167 0.53250060408619504  2.6340774549866075 0.56569079300131597  2.6516368892241933 0.61294972331123065  2.6702564159757936 0.65744712502757907  2.6897389026502405 0.69905436884328109  2.7100771769815672 0.73801482026054477  2.7312391134238987 0.77449947964609545  2.7532507359618772 0.80868928151148178  2.7760323421937128 0.84055437957228007  2.7995075611081708 0.87009298619114661  2.8235904730870418 0.89729881154921298  2.8481760403299994 0.92215562565805831  2.8731918167859964 0.94471322756780896  2.8986453943842383 0.96505037716354891  2.9244997454305861 0.98318459103264511  2.9507256559467581 0.99914802743962716  2.9772883319342616 1.0129658103704573  3.0041492335062303 1.0246690558659941  3.0312833547467641 1.0342635059371659  3.0586429194143885 1.0417318415387689  3.0861804071155263 1.0470672307415092  3.1138459689470515 1.0502655518331268  3.1323408771622567 1.0509753831570692  3.1415926535897931 1.0509749228157703 
 0.0174919734114071 4 0.017667651290062765 1 0.017843329168718426 1 0.018019007047374091 1 0.018194684926029756 1 0.018370362804685417 1 0.018546040683341081 1 0.018721718561996746 1 0.018897396440652407 1 0.019073074319308072 1 0.019248752197963737 1 0.019424430076619398 1 0.019600107955275062 1 0.019775785833930727 1 0.019951463712586388 1 0.020127141591242053 1 0.020302819469897718 1 0.020478497348553379 1 0.020654175227209044 1 0.020829853105864708 1 0.021005530984520373 1 0.021181208863176034 1 0.021356886741831699 4
1 3.1415926535897931 0 0 1 
1 3.1415926535897931 0 0 1 
1 0 1.0552777537179365 1 0 
1 0 0 0 1 
1 6.2831853071795871 0 0 1 
7 0 0  3 47 45  0 1.0509749228157703  0.0046333967587721247 1.0509749440857288  0.013894828373735117 1.0507971850617255  0.027765377192599045 1.0499972024114756  0.041608790844354857 1.048663840617591  0.055419615602392905 1.0467973992748618  0.069192467858457743 1.0443983752867421  0.082922052851331238 1.0414674814426497  0.096603174203593323 1.0380056255086194  0.11023074576935597 1.0340139080969255  0.12379980006900208 1.0294936017377734  0.13730550438726635 1.024446203228693  0.15074314567409089 1.0188732285044628  0.16410822837440014 1.0127769808868521  0.17739584278650233 1.0061551314451371  0.19060118032248521 0.9990047810282604  0.20371963077477462 0.99132319260924351  0.21674676495206943 0.9831075592318812  0.22967834668480838 0.97435503360172326  0.24251033636352479 0.96506269860832739  0.25523889336575911 0.95522753739005606  0.267860385840134 0.94484649110454144  0.28037136671452206 0.93391619515012425  0.292768672128073 0.92243394483262653  0.30504905879253247 0.91039409803177251  0.31720889326195717 0.89778447220060942  0.32924506481219323 0.88459519820547605  0.34115456985479264 0.87081532730037514  0.35293479704237612 0.85643295655535889  0.36458279197860277 0.84143809043003759  0.3761135541778029 0.82578462058316471  0.38749603028061524 0.80949523512027899  0.39870680368020861 0.79258497451559917  0.40972257611949991 0.77507151421706888  0.42051840376231953 0.75697561125132007  0.43108227715105302 0.73830707308000543  0.44142037489123342 0.71904213220388402  0.45152724810675193 0.6991669027426608  0.46140089211315405 0.67866354711060284  0.47103912554544874 0.65751162984286504  0.48043888016233766 0.63569661754893658  0.4896226481268563 0.61311428522317035  0.49855897661641368 0.58979943114600974  0.5072252878393011 0.56576780823727391  0.51559791051450432 0.54103909518992477  0.52096935132247846 0.52409920267890497  0.5235987755983107 0.51551857307693838 
 3.4223318013576702e-16 4 8.7982118227905817e-05 1 0.00017596423645546941 1 0.00026394635468303298 1 0.00035192847291059658 1 0.00043991059113816019 1 0.00052789270936572379 1 0.00061587482759328739 1 0.00070385694582085099 1 0.00079183906404841459 1 0.0008798211822759782 1 0.0009678033005035418 1 0.0010557854187311052 1 0.0011437675369586689 1 0.0012317496551862324 1 0.0013197317734137961 1 0.0014077138916413596 1 0.0014956960098689231 1 0.0015836781280964868 1 0.0016716602463240503 1 0.001759642364551614 1 0.0018476244827791775 1 0.0019356066010067412 1 0.0020235887192343047 1 0.0021115708374618682 1 0.0021995529556894317 1 0.0022875350739169956 1 0.0023755171921445591 1 0.0024634993103721226 1 0.0025514814285996861 1 0.00263946354682725 1 0.0027274456650548135 1 0.002815427783282377 1 0.0029034099015099405 1 0.002991392019737504 1 0.0030793741379650679 1 0.0031673562561926314 1 0.0032553383744201949 1 0.0033433204926477584 1 0.0034313026108753223 1 0.0035192847291028858 1 0.0036072668473304493 1 0.0036952489655580128 1 0.0037832310837855763 1 0.0038712132020131398 4
7 0 0  3 47 45  0.5235987755983107 0.51551857307693838  0.52887521465089582 0.53273607141465784  0.53977891294385827 0.56605127309953274  0.55716544844011562 0.61291579275141184  0.57556299629190311 0.65693307232275755  0.59494634197945884 0.69832936216322938  0.61528309078225984 0.73729046199960457  0.63654335044986954 0.77401497415153697  0.65866831549046023 0.80840865455622379  0.68148321291615621 0.84034156727268283  0.70481691751223108 0.86972980106561804  0.72872212291219662 0.89678748618709714  0.75316072165596504 0.92155867786853896  0.7781079278948847 0.94412567640205991  0.80353620698625294 0.9645124055397053  0.82941705597565663 0.98273317710152641  0.85571835826256482 0.9988034928242715  0.88240178903389577 1.0127352587200356  0.909436399867246 1.0245481878831337  0.93669755247701325 1.0342061398923432  0.9641379938951864 1.041706949074835  0.9916995755400011 1.0470530463265717  1.0193266944247321 1.0502540121131021  1.0469561623680701 1.0513255455608952  1.0745479071215922 1.0502928308609809  1.1020774283910364 1.0471472779868449  1.1294977390475229 1.0418815875601  1.1567690322633966 1.0344925462464476  1.1838511480351923 1.0249784142510154  1.2107061689699379 1.0133450821621537  1.2372976271808918 0.9995824456454947  1.263588722305141 0.98364817185263043  1.2895484542408489 0.96550214290858716  1.3151373637656771 0.9451117645693371  1.3403601345189855 0.92240219442396154  1.3650702280845068 0.8974486252592202  1.3891120881947197 0.87032571277387238  1.4124891710724348 0.8409475162963338  1.4351693337276428 0.80925883679998001  1.4571333334665071 0.77518284270031501  1.4783739672654623 0.73863529937237926  1.4988525500229748 0.6994815792328235  1.518445532605039 0.65770387714189005  1.5370585722536108 0.61324940282925722  1.5546022135253212 0.56605196787510015  1.5655344156436559 0.53268957000669725  1.570796326794897 0.51551857307693882 
 2.9656266687329699e-07 4 0.00017706389701939936 1 0.0003538312313719254 1 0.00053059856572445141 1 0.00070736590007697752 1 0.00088413323442950364 1 0.0010609005687820295 1 0.0012376679031345557 1 0.0014144352374870818 1 0.0015912025718396079 1 0.001767969906192134 1 0.0019447372405446599 1 0.002121504574897186 1 0.0022982719092497121 1 0.0024750392436022383 1 0.0026518065779547644 1 0.0028285739123072905 1 0.0030053412466598166 1 0.0031821085810123427 1 0.0033588759153648689 1 0.003535643249717395 1 0.0037124105840699207 1 0.0038891779184224468 1 0.0040659452527749733 1 0.0042427125871274986 1 0.0044194799214800247 1 0.0045962472558325508 1 0.0047730145901850769 1 0.004949781924537603 1 0.0051265492588901292 1 0.0053033165932426553 1 0.0054800839275951814 1 0.0056568512619477075 1 0.0058336185963002336 1 0.0060103859306527598 1 0.0061871532650052859 1 0.006363920599357812 1 0.0065406879337103381 1 0.0067174552680628642 1 0.0068942226024153903 1 0.0070709899367679165 1 0.0072477572711204417 1 0.0074245246054729678 1 0.0076012919398254939 1 0.0077780592741780201 4
7 0 0  3 47 45  1.570796326794897 0.51551857307693882  1.576072765847482 0.53273607141465973  1.5869764641404442 0.56605127309953496  1.6043629996367017 0.61291579275141106  1.622760547488489 0.65693307232276099  1.6421438931760448 0.69832936216323016  1.6624806419788465 0.73729046199960402  1.683740901646456 0.77401497415154086  1.7058658666870463 0.8084086545562218  1.7286807641127417 0.84034156727268383  1.7520144687088159 0.8697298010656227  1.7759196741087828 0.89678748618711435  1.8003582728525518 0.92155867786855972  1.8253054790914722 0.94412567640207123  1.8507337581828411 0.96451240553971651  1.8766146071722449 0.98273317710153174  1.9029159094591555 0.99880349282428194  1.9295993402304865 1.0127352587200431  1.9566339510638382 1.0245481878831428  1.9838951036736046 1.0342061398923517  2.0113355450917791 1.0417069490748443  2.0388971267365927 1.0470530463265821  2.0665242456213258 1.0502540121131172  2.094153713564662 1.0513255455609145  2.1217454583181854 1.0502928308610036  2.1492749795876303 1.0471472779868647  2.1766952902441163 1.0418815875601177  2.2039665834599909 1.03449254624646  2.2310486992317853 1.0249784142510225  2.2579037201665328 1.0133450821621632  2.2844951783774863 0.99958244564550369  2.310786273501737 0.98364817185263687  2.3367460054374449 0.96550214290859426  2.3623349149622754 0.94511176456934121  2.3875576857155818 0.9224021944239692  2.4122677792811054 0.89744862525922686  2.4363096393913168 0.87032571277387771  2.4596867222690326 0.8409475162963419  2.4823668849242391 0.80925883679998434  2.5043308846631058 0.7751828427003209  2.525571518462058 0.73863529937238459  2.5460501012195738 0.69948157923282572  2.5656430838016373 0.6577038771418916  2.5842561234502104 0.61324940282925799  2.6017997647219193 0.56605196787509948  2.6127319668402555 0.53268957000669681  2.6179938779914966 0.51551857307693882 
 2.9656266726570898e-07 4 0.00017706389701979398 1 0.00035383123137232227 1 0.00053059856572485061 1 0.0007073659000773789 1 0.00088413323442990718 1 0.0010609005687824355 1 0.0012376679031349638 1 0.001414435237487492 1 0.0015912025718400203 1 0.0017679699061925486 1 0.0019447372405450769 1 0.002121504574897605 1 0.0022982719092501333 1 0.0024750392436026615 1 0.0026518065779551898 1 0.0028285739123077181 1 0.0030053412466602464 1 0.0031821085810127747 1 0.003358875915365303 1 0.0035356432497178313 1 0.0037124105840703595 1 0.0038891779184228878 1 0.0040659452527754165 1 0.0042427125871279444 1 0.0044194799214804723 1 0.004596247255833001 1 0.0047730145901855297 1 0.0049497819245380575 1 0.0051265492588905854 1 0.0053033165932431141 1 0.0054800839275956428 1 0.0056568512619481707 1 0.0058336185963006985 1 0.0060103859306532273 1 0.006187153265005756 1 0.0063639205993582838 1 0.0065406879337108117 1 0.0067174552680633404 1 0.0068942226024158691 1 0.007070989936768397 1 0.0072477572711209248 1 0.0074245246054734535 1 0.0076012919398259823 1 0.0077780592741785101 4
1 0 4.8999611533969389 1 0 
1 3.1415926535897931 0 0 1 
1 3.1415926535897931 0 0 1 
7 0 0  3 47 45  3.1415926535897931 5.1730433965529112  3.1368232360807813 5.1730433620261715  3.1272874233486463 5.1732937951259554  3.1129988194406124 5.1744229987654142  3.0987313984150373 5.1763079543952166  3.0844911602049532 5.1789503333688858  3.0702840416662829 5.1823515185313154  3.0561158967410558 5.1865125834766062  3.0419924853930045 5.1914343343185427  3.0279194549744739 5.1971173011738552  3.0139023465674128 5.2035618081015205  2.9999465128996006 5.2107677185170536  2.9860573692768195 5.2187353386841639  2.9722394055089638 5.2274619515052709  2.9584977879161212 5.2369554083297762  2.9448382661933943 5.2472265219365228  2.9312661863352898 5.2582857202770343  2.917786739059939 5.2701440440052361  2.9044048979833583 5.2828129394948675  2.8911253702411908 5.2963044306208102  2.8779528145724815 5.31063087278112  2.8648909840995103 5.3258058789093434  2.8519459097822137 5.3418408403892466  2.839114003271336 5.3587577451748292  2.8264264481053849 5.3765410429448925  2.8139165654016738 5.3951814022058615  2.8015822460580315 5.4147091560321279  2.7894304226771807 5.435145781857158  2.7774649046912425 5.4565187484277953  2.7656906021278918 5.4788506984439724  2.7540902391614024 5.5022336772433951  2.742700050630992 5.5266539075076002  2.7315472515375898 5.5521117450131756  2.7206590577228442 5.5786042739692325  2.7100636759352428 5.6061328105800898  2.6997774807079979 5.6346943183373606  2.6898052402107431 5.664360929878363  2.680161926011587 5.6952179170434833  2.6708581154958857 5.7273582765726951  2.6619075695698595 5.760874483149764  2.6533118822444184 5.7958944098937213  2.6451488745392298 5.832357496479637  2.6374726027296203 5.8702540185726653  2.6303351621334445 5.9095877485009751  2.6237874222390087 5.9503722777131962  2.6198484719600379 5.9785504575260795  2.6179938779914966 5.99289112058878 
 2.32344564184452e-17 4 9.1173473035207023e-05 1 0.00018234694607039082 1 0.00027352041910557465 1 0.00036469389214075843 1 0.00045586736517594221 1 0.00054704083821112599 1 0.00063821431124630977 1 0.00072938778428149355 1 0.00082056125731667733 1 0.00091173473035186111 1 0.0010029082033870449 1 0.0010940816764222288 1 0.0011852551494574125 1 0.0012764286224925963 1 0.00136760209552778 1 0.0014587755685629639 1 0.0015499490415981478 1 0.0016411225146333315 1 0.0017322959876685153 1 0.001823469460703699 1 0.0019146429337388829 1 0.0020058164067740668 1 0.0020969898798092507 1 0.0021881633528444346 1 0.0022793368258796185 1 0.0023705102989148019 1 0.0024616837719499858 1 0.0025528572449851697 1 0.0026440307180203536 1 0.002735204191055537 1 0.0028263776640907209 1 0.0029175511371259048 1 0.0030087246101610887 1 0.0030998980831962726 1 0.003191071556231456 1 0.0032822450292666399 1 0.0033734185023018238 1 0.0034645919753370077 1 0.0035557654483721912 1 0.0036469389214073751 1 0.0037381123944425589 1 0.0038292858674777428 1 0.0039204593405129263 1 0.0040116328135481102 4
7 0 0  3 47 45  2.6179938779914966 5.99289112058878  2.6142489777471232 5.9639456601190375  2.6059280607107427 5.9085931561479299  2.5911888217440975 5.8320960034297764  2.5743810439611665 5.7605739327273007  2.5558556176803502 5.694125480264371  2.535917927789388 5.6328402860634084  2.5149406953389017 5.5767522488081642  2.4928792930177752 5.5249028743657753  2.469847081657687 5.4771826391304677  2.4459719776672189 5.4334379220640265  2.4213881317699819 5.3935446488510035  2.3962736259607755 5.3574275406402032  2.370707490456109 5.3248530062789934  2.3446303240295174 5.2955992245242438  2.3180990246460658 5.2696117872916073  2.2911445782155555 5.2468003907585317  2.2638091017128263 5.2270968253660461  2.2361390291329819 5.2104237853955855  2.2081518225541834 5.1967631264938836  2.1799184312328745 5.18614455814481  2.151506403276783 5.178573471685505  2.1229868171814776 5.1740458674397525  2.0944331885516836 5.1725449064165137  2.0659139929855335 5.1740349075677461  2.0374727417296938 5.1785318915144014  2.0091578511630783 5.1860508743035556  1.9810149555277776 5.1966003520091286  1.9530885436483949 5.210187404837864  1.9254205521620746 5.2268061025541623  1.898051976164626 5.2464768340972237  1.8710252847895847 5.2692967845869036  1.8443769109620463 5.2953594370728885  1.8181484096734777 5.3247625915971861  1.7923468637729141 5.3576421816859954  1.7670912072193918 5.3940293293763304  1.7425451250074109 5.4339795613309585  1.7187825938760897 5.4775939586909184  1.6957546031657149 5.5253070311222654  1.6736426269789904 5.5772608612613563  1.6526211330512897 5.6335631467060834  1.632904812846647 5.694200078074596  1.6145784315789617 5.7599322618976645  1.5977283250556782 5.8315273323148844  1.5828640414109347 5.9087050329322688  1.5745145920345629 5.9641423385220316  1.570796326794897 5.99289112058878 
 2.2782343502930499e-07 4 0.00018306896783432957 1 0.00036591011223362983 1 0.00054875125663293007 1 0.0007315924010322303 1 0.00091443354543153054 1 0.001097274689830831 1 0.0012801158342301312 1 0.0014629569786294315 1 0.0016457981230287317 1 0.0018286392674280319 1 0.0020114804118273322 1 0.0021943215562266324 1 0.0023771627006259326 1 0.0025600038450252329 1 0.0027428449894245331 1 0.0029256861338238334 1 0.0031085272782231336 1 0.0032913684226224338 1 0.0034742095670217341 1 0.0036570507114210343 1 0.0038398918558203345 1 0.0040227330002196356 1 0.0042055741446189359 1 0.0043884152890182361 1 0.0045712564334175363 1 0.0047540975778168366 1 0.0049369387222161368 1 0.005119779866615437 1 0.0053026210110147373 1 0.0054854621554140375 1 0.0056683032998133378 1 0.005851144444212638 1 0.0060339855886119382 1 0.0062168267330112385 1 0.0063996678774105387 1 0.0065825090218098389 1 0.0067653501662091392 1 0.0069481913106084394 1 0.0071310324550077396 1 0.0073138735994070399 1 0.0074967147438063401 1 0.0076795558882056403 1 0.0078623970326049397 1 0.0080452381770042408 4
7 0 0  3 47 45  1.570796326794897 5.99289112058878  1.5670514265505231 5.9639456601190375  1.5587305095141428 5.9085931561479308  1.5439912705474974 5.8320960034297764  1.5271834927645671 5.7605739327273016  1.5086580664837514 5.6941254802643693  1.4887203765927888 5.6328402860634172  1.4677431441423028 5.5767522488081642  1.4456817418211767 5.5249028743657824  1.4226495304610884 5.477182639130473  1.3987744264706208 5.4334379220640345  1.3741905805733836 5.3935446488510141  1.3490760747641781 5.357427540640213  1.323509939259512 5.3248530062790049  1.2974327728329225 5.295599224524258  1.2709014734494704 5.2696117872916197  1.2439470270189619 5.246800390758545  1.2166115505162329 5.2270968253660577  1.1889414779363892 5.2104237853955944  1.1609542713575893 5.1967631264938943  1.1327208800362811 5.1861445581448162  1.1043088520801903 5.1785734716855236  1.0757892659848831 5.1740458674397578  1.0472356373550913 5.1725449064165305  1.0187164417889403 5.1740349075677567  0.99027519053310187 5.1785318915144156  0.96196029996648624 5.1860508743035618  0.93381740433118687 5.1966003520091375  0.90589099245180427 5.210187404837872  0.87822300096548522 5.2268061025541721  0.8508544249680362 5.2464768340972316  0.82382773359299577 5.2692967845869125  0.79717935976545895 5.2953594370728956  0.7709508584768906 5.3247625915971941  0.74514931257632688 5.3576421816860007  0.71989365602280553 5.3940293293763375  0.69534757381082402 5.433979561330962  0.67158504267950292 5.4775939586909201  0.64855705196912783 5.525307031122269  0.62644507578240338 5.5772608612613608  0.60542358185470324 5.633563146706086  0.58570726165006071 5.6942000780745907  0.56738088038237477 5.7599322618976627  0.55053077385909188 5.8315273323148888  0.53566649021434809 5.9087050329322626  0.52731704083797681 5.9641423385220271  0.5235987755983107 5.9928911205887809 
 2.27823435026828e-07 4 0.00018306896783432488 1 0.00036591011223362289 1 0.00054875125663292096 1 0.00073159240103221903 1 0.0009144335454315171 1 0.0010972746898308149 1 0.001280115834230113 1 0.0014629569786294111 1 0.0016457981230287091 1 0.0018286392674280072 1 0.0020114804118273053 1 0.0021943215562266034 1 0.0023771627006259014 1 0.0025600038450251995 1 0.0027428449894244976 1 0.0029256861338237956 1 0.0031085272782230937 1 0.0032913684226223918 1 0.0034742095670216898 1 0.0036570507114209879 1 0.003839891855820286 1 0.0040227330002195836 1 0.0042055741446188821 1 0.0043884152890181797 1 0.0045712564334174782 1 0.0047540975778167759 1 0.0049369387222160744 1 0.005119779866615372 1 0.0053026210110146705 1 0.0054854621554139681 1 0.0056683032998132666 1 0.0058511444442125643 1 0.0060339855886118619 1 0.0062168267330111604 1 0.006399667877410458 1 0.0065825090218097565 1 0.0067653501662090542 1 0.0069481913106083527 1 0.0071310324550076503 1 0.0073138735994069488 1 0.0074967147438062464 1 0.0076795558882055449 1 0.0078623970326048426 1 0.0080452381770041402 4
7 0 0  3 47 45  0.5235987755983107 5.9928911205887809  0.52173871299197228 5.9785082654413682  0.51780540333916114 5.9503323588014778  0.51129410543241982 5.9097023741478534  0.50419990425966166 5.8705675476644057  0.49655049404219131 5.8328002973861235  0.48837822508717521 5.7963039861277812  0.4797009844966853 5.7609265358414383  0.47068324020165137 5.7271642140750458  0.4613198857479901 5.6948391687836866  0.45162728197672353 5.663859270132777  0.44161547007562785 5.6341173558107762  0.43130230438534733 5.6055237408442027  0.42068505577060417 5.577979843959854  0.40977516430161559 5.5514768273518005  0.39860624286370522 5.5260228173561057  0.38720830154504071 5.5016241999896884  0.37561219967812548 5.478285110936544  0.36385775397617998 5.4560235398852743  0.35193330174800042 5.4347504523480286  0.33984247955090063 5.4144365618585066  0.32758954039625865 5.3950502988541986  0.31517865247324905 5.3765621992888484  0.3026157537388075 5.3589472903274675  0.28990185675547647 5.3421712820235863  0.27703885230924208 5.3262193331342083  0.26403427485043368 5.3110879273217932  0.25089461774184002 5.2967707008352418  0.23762711856615615 5.2832622133505431  0.22423926660819948 5.2705568893251717  0.21073893781692718 5.2586492449467119  0.19713428367470873 5.247533722277212  0.18343396287025507 5.2372047375517639  0.16964623383233085 5.2276562019196744  0.15578224723683526 5.2188828816598782  0.14184366439005486 5.2108748781750354  0.12783141802465509 5.203631588804269  0.11375641262630534 5.1971558381698504  0.099627141934365698 5.1914484594640751  0.085452975799548359 5.1865097369997644  0.071243246651711556 5.1823390055620067  0.057007459837043438 5.1789347349928274  0.042755201697648258 5.1762944899941647  0.028496126911334237 5.1744148766721434  0.014239926505000992 5.1732916403253677  0.004744169366236348 5.1730433109386329  0 5.1730433965529112 
 0.014337907621367999 4 0.014428598537410176 1 0.014519289453452353 1 0.01460998036949453 1 0.014700671285536709 1 0.014791362201578886 1 0.014882053117621063 1 0.01497274403366324 1 0.015063434949705417 1 0.015154125865747594 1 0.015244816781789771 1 0.01533550769783195 1 0.015426198613874127 1 0.015516889529916304 1 0.015607580445958481 1 0.015698271362000658 1 0.015788962278042835 1 0.015879653194085012 1 0.01597034411012719 1 0.016061035026169367 1 0.016151725942211544 1 0.016242416858253721 1 0.016333107774295898 1 0.016423798690338075 1 0.016514489606380255 1 0.016605180522422432 1 0.016695871438464609 1 0.016786562354506786 1 0.016877253270548963 1 0.016967944186591141 1 0.017058635102633318 1 0.017149326018675495 1 0.017240016934717672 1 0.017330707850759849 1 0.017421398766802026 1 0.017512089682844203 1 0.01760278059888638 1 0.01769347151492856 1 0.017784162430970737 1 0.017874853347012915 1 0.017965544263055092 1 0.018056235179097269 1 0.018146926095139446 1 0.018237617011181623 1 0.0183283079272238 4
1 0 0 0 1 
1 6.2831853071795862 0 0 1 
1 0 0 0 -1 
1 6.2831853071795862 0 0 -1 
1 -3.1415926535897931 -7.5 1 0 
1 3.1415926535897931 0 0 -1 
1 3.1415926535897931 0 0 -1 
1 -3.1415926535897931 0 1 0 
1 6.2831853071795862 0 -1 0 
1 3.1415926535897931 0 0 -1 
1 3.1415926535897931 0 0 -1 
1 6.2831853071795862 0 0 -1 
1 0 0 0 -1 
7 0 0  3 47 45  3.6651914291880963 5.9928911205887809  3.6633313665817582 5.9785082654413699  3.6593980569289477 5.9503323588014814  3.6528867590222056 5.9097023741478534  3.6457925578494477 5.8705675476644181  3.6381431476319785 5.832800297386135  3.6299708786769624 5.796303986127807  3.6212936380864722 5.7609265358414765  3.6122758937914403 5.727164214075076  3.6029125393377788 5.694839168783715  3.5932199355665126 5.6638592701327921  3.583208123665417 5.634117355810786  3.5728949579751372 5.6055237408442098  3.562277709360393 5.577979843959862  3.5513678178914065 5.551476827351812  3.5401988964534956 5.5260228173561101  3.5288009551348321 5.5016241999897053  3.517204853267919 5.4782851109365529  3.5054504075659718 5.4560235398852814  3.4935259553377942 5.4347504523480437  3.4814351331406947 5.414436561858512  3.4691821939860525 5.3950502988542111  3.4567713060630449 5.3765621992888546  3.4442084073286026 5.3589472903274817  3.4314945103452725 5.3421712820235978  3.4186315058990395 5.3262193331342225  3.4056269284402307 5.3110879273218057  3.3924872713316385 5.2967707008352543  3.3792197721559534 5.2832622133505573  3.3658319201979996 5.2705568893251753  3.3523315914067258 5.258649244946727  3.3387269372645081 5.2475337222772129  3.3250266164600548 5.2372047375517807  3.3112388874221308 5.2276562019196753  3.2973749008266351 5.2188828816598889  3.283436317979854 5.2108748781750389  3.2694240716144534 5.2036315888042761  3.2553490662161026 5.1971558381698584  3.2412197955241613 5.1914484594640777  3.2270456293893441 5.1865097369997706  3.212835900241505 5.182339005562012  3.1986001134268367 5.1789347349928301  3.1843478552874411 5.1762944899941674  3.1700887805011253 5.1744148766721434  3.1558325800947937 5.1732916403253713  3.1463368229560293 5.1730433109386347  3.1415926535897931 5.1730433965529112 
 0.014337907621367999 4 0.014428598537410174 1 0.01451928945345235 1 0.014609980369494523 1 0.014700671285536699 1 0.014791362201578874 1 0.014882053117621049 1 0.014972744033663225 1 0.0150634349497054 1 0.015154125865747574 1 0.015244816781789749 1 0.015335507697831924 1 0.015426198613874099 1 0.015516889529916275 1 0.01560758044595845 1 0.015698271362000624 1 0.015788962278042801 1 0.015879653194084974 1 0.015970344110127148 1 0.016061035026169325 1 0.016151725942211499 1 0.016242416858253676 1 0.016333107774295849 1 0.016423798690338023 1 0.0165144896063802 1 0.016605180522422373 1 0.01669587143846455 1 0.016786562354506724 1 0.016877253270548898 1 0.016967944186591075 1 0.017058635102633248 1 0.017149326018675425 1 0.017240016934717599 1 0.017330707850759776 1 0.017421398766801949 1 0.017512089682844123 1 0.0176027805988863 1 0.017693471514928474 1 0.017784162430970651 1 0.017874853347012824 1 0.017965544263054998 1 0.018056235179097175 1 0.018146926095139349 1 0.018237617011181526 1 0.018328307927223699 4
7 0 0  3 47 45  3.1415926535897931 1.0509749228157703  3.1462260503485635 1.0509749440856835  3.1554874819635232 1.0507971850616047  3.1693580307823837 1.049997202411284  3.183201444434137 1.0486638406173692  3.1970122691921712 1.0467973992746333  3.2107851214482368 1.0443983752865336  3.2245147064411075 1.0414674814424727  3.2381958277933687 1.0380056255084911  3.2518233993591319 1.034013908096844  3.2653924536587748 1.0294936017377343  3.2788981579770393 1.024446203228687  3.2923357992638609 1.018873228504467  3.3057008819641691 1.0127769808868567  3.3189884963762695 1.0061551314451465  3.3321938339122505 0.99900478102826828  3.3453122843645389 0.99132319260925339  3.3583394185418318 0.9831075592318953  3.3712710002745703 0.9743550336017377  3.3841029899532864 0.96506269860834604  3.3968315469555193 0.95522753739007571  3.409453039429895 0.94484649110456487  3.4219640203042814 0.93391619515015389  3.4343613257178336 0.92243394483265717  3.4466417123822928 0.91039409803180904  3.4588015468517179 0.89778447220064495  3.4708377184019548 0.8845951982055078  3.4827472234445547 0.87081532730039568  3.4945274506321384 0.8564329565553771  3.5061754455683682 0.84143809043005502  3.517706207767568 0.82578462058318192  3.5290886838703841 0.80949523512029453  3.5402994572699775 0.79258497451561327  3.55131522970927 0.77507151421708309  3.5621110573520922 0.7569756112513305  3.5726749307408272 0.73830707308001875  3.5830130284810093 0.71904213220390079  3.5931199016965274 0.69916690274268334  3.6029935457029318 0.67866354711063359  3.6126317791352287 0.65751162984289946  3.6220315337521174 0.635696617548972  3.6312153017166371 0.61311428522319777  3.6401516302061956 0.58979943114602984  3.6488179414290856 0.56576780823728856  3.6571905641042886 0.54103909518992777  3.6625620049122638 0.52409920267890409  3.6651914291880963 0.51551857307693771 
 2.3087493807808301e-17 4 8.7982118227578944e-05 1 0.00017596423645513479 1 0.00026394635468269064 1 0.00035192847291024649 1 0.00043991059113780234 1 0.00052789270936535819 1 0.00061587482759291399 1 0.0007038569458204699 1 0.0007918390640480258 1 0.0008798211822755816 1 0.00096780330050313739 1 0.0010557854187306932 1 0.0011437675369582491 1 0.0012317496551858048 1 0.0013197317734133607 1 0.0014077138916409166 1 0.0014956960098684725 1 0.0015836781280960284 1 0.0016716602463235841 1 0.00175964236455114 1 0.0018476244827786959 1 0.0019356066010062516 1 0.0020235887192338077 1 0.0021115708374613634 1 0.0021995529556889191 1 0.0022875350739164752 1 0.0023755171921440309 1 0.0024634993103715866 1 0.0025514814285991427 1 0.0026394635468266984 1 0.0027274456650542545 1 0.0028154277832818102 1 0.0029034099015093659 1 0.002991392019736922 1 0.0030793741379644777 1 0.0031673562561920338 1 0.0032553383744195895 1 0.0033433204926471452 1 0.0034313026108747013 1 0.003519284729102257 1 0.0036072668473298127 1 0.0036952489655573688 1 0.0037832310837849245 1 0.0038712132020124802 4
7 0 0  3 47 45  3.6651914291880963 0.51551857307693771  3.6704678682406819 0.53273607141465951  3.6813715665336439 0.56605127309953529  3.6987581020299016 0.61291579275141039  3.7171556498816889 0.6569330723227651  3.7365389955692456 0.69832936216322927  3.7568757443720453 0.73729046199960369  3.7781360040396565 0.77401497415154019  3.8002609690802465 0.80840865455622568  3.8230758665059428 0.8403415672726835  3.8464095711020163 0.86972980106562459  3.8703147765019827 0.89678748618711535  3.8947533752457546 0.92155867786856061  3.9197005814846726 0.94412567640207301  3.9451288605760424 0.96451240553971707  3.9710097095654464 0.98273317710153507  3.9973110118523558 0.99880349282427994  4.0239944426236862 1.0127352587200438  4.0510290534570386 1.0245481878831408  4.0782902060668045 1.034206139892351  4.1057306474849788 1.0417069490748421  4.1332922291297942 1.0470530463265804  4.1609193480145263 1.050254012113115  4.1885488159578648 1.0513255455609134  4.2161405607113869 1.0502928308610002  4.2436700819808317 1.047147277986864  4.2710903926373183 1.0418815875601155  4.2983616858531919 1.0344925462464571  4.3254438016249868 1.0249784142510228  4.3522988225597343 1.0133450821621599  4.3788902807706869 0.99958244564550125  4.4051813758949372 0.98364817185263864  4.431141107830646 0.96550214290859315  4.4567300173554747 0.94511176456934054  4.4819527881087833 0.9224021944239692  4.5066628816743073 0.89744862525922775  4.5307047417845183 0.87032571277387627  4.5540818246622345 0.84094751629633757  4.5767619873174414 0.80925883679998289  4.5987259870563069 0.7751828427003209  4.6199666208552612 0.73863529937237882  4.6404452036127752 0.69948157923282517  4.6600381861948383 0.65770387714188772  4.678651225843411 0.61324940282925344  4.6961948671151204 0.56605196787509982  4.7071270692334561 0.53268957000669759  4.7123889803846968 0.51551857307693782 
 2.9656266687056298e-07 4 0.00017706389701939895 1 0.00035383123137192735 1 0.00053059856572445574 1 0.00070736590007698414 1 0.00088413323442951253 1 0.001060900568782041 1 0.0012376679031345695 1 0.0014144352374870978 1 0.0015912025718396261 1 0.0017679699061921546 1 0.0019447372405446831 1 0.0021215045748972112 1 0.0022982719092497395 1 0.0024750392436022682 1 0.0026518065779547965 1 0.0028285739123073248 1 0.003005341246659853 1 0.0031821085810123813 1 0.0033588759153649101 1 0.0035356432497174383 1 0.0037124105840699666 1 0.0038891779184224953 1 0.0040659452527750236 1 0.0042427125871275524 1 0.0044194799214800811 1 0.0045962472558326089 1 0.0047730145901851376 1 0.0049497819245376664 1 0.0051265492588901942 1 0.0053033165932427229 1 0.0054800839275952508 1 0.0056568512619477795 1 0.0058336185963003082 1 0.0060103859306528361 1 0.0061871532650053648 1 0.0063639205993578927 1 0.0065406879337104214 1 0.0067174552680629501 1 0.0068942226024154779 1 0.0070709899367680067 1 0.0072477572711205354 1 0.0074245246054730632 1 0.007601291939825592 1 0.0077780592741781198 4
7 0 0  3 47 45  4.7123889803846968 5.9928911205887809  4.7086440801403224 5.9639456601190401  4.7003231631039428 5.9085931561479326  4.6855839241372967 5.8320960034297737  4.668776146354368 5.7605739327273024  4.6502507200735499 5.6941254802643693  4.6303130301825899 5.6328402860634137  4.6093357977320997 5.5767522488081633  4.5872743954109767 5.5249028743657789  4.5642421840508867 5.4771826391304677  4.5403670800604203 5.4334379220640319  4.5157832341631812 5.3935446488510017  4.4906687283539748 5.357427540640205  4.4651025928493091 5.3248530062789978  4.4390254264227158 5.2955992245242456  4.4124941270392659 5.26961178729161  4.3855396806087565 5.2468003907585334  4.358204204106026 5.2270968253660506  4.3305341315261847 5.2104237853955864  4.3025469249473822 5.1967631264938827  4.2743135336260769 5.1861445581448073  4.2459015056699831 5.1785734716855103  4.2173819195746765 5.174045867439748  4.1888282909448842 5.1725449064165145  4.1603090953787314 5.1740349075677496  4.1318678441228931 5.1785318915143996  4.1035529535562771 5.1860508743035512  4.0754100579209789 5.1966003520091286  4.0474836460415951 5.2101874048378676  4.0198156545552752 5.2268061025541614  3.9924470785578268 5.246476834097221  3.9654203871827849 5.2692967845869036  3.9387720133552468 5.295359437072884  3.9125435120666783 5.3247625915971879  3.8867419661661136 5.35764218168599  3.8614863096125926 5.3940293293763268  3.8369402274006097 5.4339795613309558  3.8131776962692876 5.4775939586909193  3.7901497055589166 5.5253070311222681  3.7680377293721898 5.5772608612613572  3.74701623544449 5.6335631467060825  3.7272999152398465 5.6942000780745943  3.7089735339721597 5.7599322618976609  3.692123427448879 5.8315273323148862  3.6772591438041329 5.9087050329322652  3.6689096944277626 5.9641423385220333  3.6651914291880963 5.9928911205887809 
 2.2782343502688901e-07 4 0.00018306896783432721 1 0.0003659101122336275 1 0.00054875125663292779 1 0.00073159240103222813 1 0.00091443354543152848 1 0.0010972746898308288 1 0.0012801158342301293 1 0.0014629569786294295 1 0.0016457981230287297 1 0.0018286392674280302 1 0.0020114804118273304 1 0.0021943215562266307 1 0.0023771627006259309 1 0.0025600038450252316 1 0.0027428449894245318 1 0.002925686133823832 1 0.0031085272782231323 1 0.0032913684226224325 1 0.0034742095670217332 1 0.0036570507114210334 1 0.0038398918558203337 1 0.0040227330002196339 1 0.0042055741446189341 1 0.0043884152890182344 1 0.0045712564334175346 1 0.0047540975778168348 1 0.0049369387222161359 1 0.0051197798666154362 1 0.0053026210110147364 1 0.0054854621554140367 1 0.0056683032998133369 1 0.0058511444442126371 1 0.0060339855886119374 1 0.0062168267330112376 1 0.0063996678774105378 1 0.0065825090218098381 1 0.0067653501662091383 1 0.0069481913106084394 1 0.0071310324550077396 1 0.0073138735994070399 1 0.0074967147438063401 1 0.0076795558882056403 1 0.0078623970326049415 1 0.0080452381770042408 4
7 0 0  3 47 45  4.7123889803846968 0.51551857307693782  4.7176654194372825 0.53273607141465773  4.7285691177302454 0.56605127309953251  4.7459556532265008 0.61291579275140917  4.7643532010782899 0.65693307232276021  4.7837365467658453 0.69832936216322683  4.8040732955686458 0.73729046199960557  4.8253335552362557 0.77401497415154052  4.8474585202768461 0.80840865455622857  4.8702734177025429 0.8403415672726835  4.8936071222986168 0.86972980106562303  4.9175123276985824 0.89678748618711279  4.9419509264423533 0.92155867786855861  4.9668981326812718 0.94412567640207035  4.9923264117726411 0.96451240553971418  5.0182072607620434 0.98273317710152963  5.0445085630489563 0.9988034928242796  5.0711919938202836 1.0127352587200416  5.0982266046536386 1.0245481878831411  5.1254877572634037 1.0342061398923503  5.1529281986815798 1.0417069490748432  5.1804897803263907 1.0470530463265804  5.2081168992111264 1.0502540121131148  5.2357463671544595 1.0513255455609136  5.2633381119079869 1.050292830861002  5.2908676331774283 1.0471472779868638  5.3182879438339166 1.0418815875601166  5.3455592370497929 1.0344925462464574  5.3726413528215842 1.0249784142510234  5.3994963737563344 1.0133450821621615  5.4260878319672861 0.99958244564550103  5.4523789270915373 0.98364817185263786  5.478338659027246 0.96550214290859226  5.5039275685520757 0.94511176456934276  5.5291503393053816 0.92240219442396831  5.5538604328709056 0.89744862525922775  5.5779022929811157 0.87032571277387694  5.6012793758588328 0.84094751629633913  5.6239595385140388 0.80925883679998256  5.6459235382529069 0.77518284270031879  5.6671641720518595 0.73863529937238148  5.6876427548093753 0.69948157923282517  5.7072357373914375 0.65770387714188938  5.7258487770400111 0.61324940282925444  5.7433924183117195 0.56605196787510081  5.7543246204300562 0.53268957000669803  5.7595865315812969 0.51551857307693805 
 2.9656266726534598e-07 4 0.00017706389701979363 1 0.00035383123137232194 1 0.00053059856572485018 1 0.00070736590007737846 1 0.00088413323442990675 1 0.001060900568782435 1 0.0012376679031349633 1 0.0014144352374874916 1 0.0015912025718400199 1 0.0017679699061925482 1 0.0019447372405450765 1 0.002121504574897605 1 0.0022982719092501333 1 0.0024750392436026615 1 0.0026518065779551898 1 0.0028285739123077181 1 0.0030053412466602464 1 0.0031821085810127747 1 0.003358875915365303 1 0.0035356432497178313 1 0.0037124105840703595 1 0.0038891779184228878 1 0.0040659452527754165 1 0.0042427125871279444 1 0.0044194799214804723 1 0.004596247255833001 1 0.0047730145901855297 1 0.0049497819245380575 1 0.0051265492588905854 1 0.0053033165932431141 1 0.0054800839275956428 1 0.0056568512619481707 1 0.0058336185963006985 1 0.0060103859306532273 1 0.006187153265005756 1 0.0063639205993582838 1 0.0065406879337108117 1 0.0067174552680633404 1 0.0068942226024158691 1 0.007070989936768397 1 0.0072477572711209248 1 0.0074245246054734535 1 0.0076012919398259823 1 0.0077780592741785101 4
7 0 0  3 47 45  5.7595865315812969 5.9928911205887809  5.7558416313369234 5.9639456601190366  5.7475207143005402 5.9085931561479272  5.7327814753338986 5.8320960034297782  5.7159736975509672 5.7605739327272998  5.6974482712701509 5.6941254802643702  5.6775105813791873 5.6328402860634101  5.6565333489287024 5.5767522488081669  5.634471946607575 5.5249028743657718  5.6114397352474876 5.4771826391304685  5.5875646312570195 5.4334379220640274  5.5629807853597821 5.393544648851007  5.5378662795505758 5.3574275406402059  5.512300144045911 5.324853006278996  5.4862229776193159 5.2955992245242456  5.4596916782358687 5.2696117872916135  5.4327372318053566 5.2468003907585299  5.4054017553026288 5.2270968253660497  5.3777316827227839 5.2104237853955881  5.3497444761439832 5.1967631264938845  5.3215110848226743 5.1861445581448091  5.293099056866585 5.1785734716855041  5.2645794707712774 5.1740458674397551  5.2360258421414843 5.1725449064165101  5.207506646575335 5.1740349075677496  5.1790653953194958 5.1785318915144023  5.150750504752879 5.1860508743035556  5.1226076091175798 5.1966003520091286  5.094681197238196 5.210187404837864  5.067013205751878 5.226806102554165  5.0396446297544264 5.2464768340972201  5.0126179383793881 5.2692967845869045  4.9859695645518487 5.2953594370728858  4.9597410632632783 5.3247625915971861  4.9339395173627176 5.3576421816859892  4.9086838608091927 5.3940293293763277  4.8841377785972133 5.4339795613309558  4.8603752474658899 5.4775939586909175  4.8373472567555185 5.5253070311222663  4.8152352805687899 5.577260861261359  4.794213786641091 5.6335631467060834  4.774497466436447 5.6942000780745925  4.7561710851687611 5.7599322618976538  4.7393209786454804 5.8315273323148897  4.7244566950007343 5.9087050329322643  4.7161072456243636 5.9641423385220316  4.7123889803846968 5.9928911205887809 
 2.2782343502785201e-07 4 0.00018306896783432789 1 0.00036591011223362793 1 0.00054875125663292801 1 0.00073159240103222803 1 0.00091443354543152805 1 0.0010972746898308282 1 0.0012801158342301282 1 0.0014629569786294282 1 0.0016457981230287282 1 0.0018286392674280282 1 0.0020114804118273283 1 0.0021943215562266285 1 0.0023771627006259283 1 0.0025600038450252285 1 0.0027428449894245283 1 0.0029256861338238286 1 0.0031085272782231288 1 0.0032913684226224286 1 0.0034742095670217289 1 0.0036570507114210287 1 0.0038398918558203289 1 0.0040227330002196287 1 0.0042055741446189289 1 0.0043884152890182292 1 0.0045712564334175294 1 0.0047540975778168288 1 0.004936938722216129 1 0.0051197798666154292 1 0.0053026210110147295 1 0.0054854621554140288 1 0.0056683032998133291 1 0.0058511444442126293 1 0.0060339855886119296 1 0.0062168267330112298 1 0.0063996678774105292 1 0.0065825090218098294 1 0.0067653501662091296 1 0.0069481913106084299 1 0.0071310324550077292 1 0.0073138735994070295 1 0.0074967147438063297 1 0.0076795558882056299 1 0.007862397032604931 1 0.0080452381770042304 4
7 0 0  3 25 23  5.7595865315812969 0.51551857307693805  5.7647896487337178 0.53250060408619559  5.7756701085764117 0.56569079300131653  5.7932295428140002 0.6129497233112291  5.8118490695656044 0.65744712502760183  5.8313315562400563 0.69905436884331085  5.8516698305713861 0.73801482026058096  5.8728317670137278 0.77449947964613797  5.8948433895517152 0.80868928151153563  5.9176249957835596 0.84055437957234735  5.9411002146980296 0.87009298619122022  5.9651831266769078 0.89729881154929425  5.9897686939198769 0.92215562565813392  6.0147844703758793 0.94471322756788412  6.0402380479741327 0.96505037716361719  6.0660923990204836 0.98318459103271039  6.0923183095366671 0.99914802743968623  6.1188809855241733 1.0129658103705128  6.1457418870961575 1.0246690558660445  6.1728760083366652 1.0342635059372847  6.2002355730042504 1.041731841538968  6.2277730607053448 1.047067230741757  6.2554386225368441 1.0502655518333373  6.2739335307520436 1.0509753831571611  6.2831853071795871 1.0509749228157703 
 0.017491973411410601 4 0.017667651290066356 1 0.017843329168722111 1 0.018019007047377866 1 0.01819468492603362 1 0.018370362804689375 1 0.018546040683345127 1 0.018721718562000882 1 0.018897396440656637 1 0.019073074319312391 1 0.019248752197968146 1 0.019424430076623901 1 0.019600107955279656 1 0.019775785833935411 1 0.019951463712591166 1 0.020127141591246921 1 0.020302819469902672 1 0.020478497348558427 1 0.020654175227214182 1 0.020829853105869937 1 0.021005530984525692 1 0.021181208863181446 1 0.021356886741837201 4
7 0 0  3 47 45  6.2831853071795862 5.1730433965529112  6.2784158896705744 5.1730433620261715  6.2688800769384416 5.1732937951259554  6.25459147303041 5.1744229987654142  6.2403240520048335 5.1763079543952157  6.2260838137947498 5.1789503333688875  6.2118766952560804 5.1823515185313163  6.1977085503308533 5.1865125834766079  6.1835851389827994 5.1914343343185436  6.1695121085642706 5.1971173011738578  6.1554950001572086 5.2035618081015231  6.1415391664893981 5.2107677185170589  6.1276500228666144 5.2187353386841666  6.1138320590987592 5.2274619515052763  6.1000904415059178 5.2369554083297754  6.0864309197831892 5.2472265219365273  6.0728588399250869 5.2582857202770388  6.0593793926497339 5.2701440440052396  6.045997551573155 5.2828129394948693  6.0327180238309879 5.2963044306208182  6.019545468162276 5.3106308727811227  6.0064836376893087 5.3258058789093505  5.9935385633720095 5.3418408403892466  5.9807066568611322 5.3587577451748345  5.9680191016951829 5.376541042944897  5.9555092189914713 5.3951814022058606  5.9431748996478273 5.4147091560321341  5.9310230762669782 5.4351457818571554  5.9190575582810405 5.4565187484277979  5.9072832557176902 5.4788506984439742  5.8956828927511991 5.5022336772433977  5.8842927042207895 5.5266539075076038  5.8731399051273891 5.5521117450131818  5.862251711312644 5.578604273969245  5.8516563295250394 5.6061328105801049  5.8413701342977982 5.6346943183373863  5.8313978938005437 5.6643609298783923  5.8217545796013876 5.6952179170435002  5.8124507690856833 5.7273582765727022  5.8035002231596584 5.760874483149764  5.7949045358342186 5.7958944098937257  5.7867415281290304 5.8323574964796423  5.77906525631942 5.8702540185726635  5.7719278157232461 5.9095877485009822  5.7653800758288094 5.9503722777131989  5.7614411255498377 5.9785504575260786  5.7595865315812969 5.9928911205887809 
 6.6489903965462197e-17 4 9.1173473035249293e-05 1 0.0001823469460704321 1 0.00027352041910561493 1 0.00036469389214079773 1 0.00045586736517598054 1 0.00054704083821116329 1 0.00063821431124634609 1 0.0007293877842815289 1 0.0008205612573167117 1 0.0009117347303518945 1 0.0010029082033870774 1 0.0010940816764222602 1 0.001185255149457443 1 0.0012764286224926258 1 0.0013676020955278086 1 0.0014587755685629914 1 0.0015499490415981742 1 0.001641122514633357 1 0.0017322959876685399 1 0.0018234694607037227 1 0.0019146429337389055 1 0.002005816406774088 1 0.0020969898798092706 1 0.0021881633528444537 1 0.0022793368258796367 1 0.0023705102989148193 1 0.0024616837719500019 1 0.0025528572449851849 1 0.0026440307180203679 1 0.0027352041910555505 1 0.0028263776640907331 1 0.0029175511371259161 1 0.0030087246101610991 1 0.0030998980831962817 1 0.0031910715562314643 1 0.0032822450292666473 1 0.0033734185023018303 1 0.0034645919753370129 1 0.0035557654483721955 1 0.0036469389214073785 1 0.0037381123944425615 1 0.0038292858674777441 1 0.0039204593405129272 1 0.0040116328135481102 4
1 0 1.0552777537179365 1 0 
1 6.2831853071795862 0 -1 0 
1 0 4.8999611533969389 1 0 
1 3.1415926535897931 -7.5 1 0 
1 0 1.5707963267948966 1 0 
1 3.1415926535897931 0 1 0 
1 0 -2 1 0 
1 6.2831853071795862 0 -1 0 
1 0.022865525183185742 6.2831853071795862 1 0 
1 0.022865525183185742 0 1 0 
1 3.1415926535897913 7.1054273576010019e-15 2.8271597168564722e-16 1 
1 3.1415926535897913 7.1054273576010019e-15 2.8271597168564722e-16 1 
1 6.2831853071795862 4.7123889803846915 -1 0 
1 6.2831853071795862 5.3290705182007514e-15 0 1 
1 0 5.3290705182007514e-15 0 1 
1 -6.2603197819964018 6.2831853071795862 1 0 
1 -6.2603197819964018 0 1 0 
1 6.2831853071795862 4.7123889803846915 -1 0 
1 6.2831853071795862 1.5707963267948966 -1 0 
1 3.1415926535897918 -1.4210854715202004e-14 0 1 
1 3.1415926535897918 -1.4210854715202004e-14 0 1 
1 0 3.1415926535897931 1 -2.8271597168564599e-16 
1 6.2831853071795862 -0.5 -1 0 
1 0 -1.4210854715202004e-14 0 1 
1 6.2831853071795862 -1.4210854715202004e-14 0 1 
1 3.1415926535897931 0 -1.7575144903995762e-15 1 
1 3.1415926535897931 0 -1.7575144903995762e-15 1 
1 -3.1415926535897931 0.25268025514207987 1 0 
1 -3.1415926535897931 0.25268025514207976 1 0 
1 0 0 0 1 
1 6.2831853071795862 0 0 1 
1 3.1415926535897931 -9.9920072216264089e-16 0 1 
1 3.1415926535897931 -9.9920072216264089e-16 0 1 
1 0 1.5707963267948966 1 0 
1 0 -1.0547118733938987e-15 0 1 
1 6.2831853071795862 -1.0547118733938987e-15 0 1 
1 3.1415926535897931 0 1 0 
1 3.1415926535897989 0 0 -1 
1 3.1415926535897989 0 0 -1 
7 0 0  3 25 23  6.2831853071795862 -2.1875  6.2349597021748719 -2.1737159874850209  6.1392474995991702 -2.1467712193709287  5.9968788398397681 -2.107365381094787  5.8563127785229243 -2.0694588285285409  5.7124811061130432 -2.02882703315088  5.5684340315799927 -1.9880010450566661  5.4249563797139109 -1.9476685131524791  5.2847421818249654 -1.9100537829467943  5.1417937022988909 -1.8701651012175782  4.997741917354162 -1.8293369722820476  4.8537570158691663 -1.7885726090753196  4.7123889803846453 -1.7500000000000142  4.5710209449001562 -1.711427390924624  4.4270360434151819 -1.6706630277179784  4.2829842584704707 -1.6298348987824587  4.1400357789444264 -1.5899462170532002  3.9998215810554854 -1.5523314868475038  3.8563439291894017 -1.5119989549433224  3.7122968546563473 -1.4711729668490958  3.5684651822464648 -1.4305411714714809  3.4278991209296144 -1.3926346189052339  3.2855304611702034 -1.3532287806290499  3.1898182585945061 -1.3262840125149589  3.1415926535897989 -1.3125 
 0.91071428571428603 4 0.91233766233766267 1 0.9139610389610392 1 0.91558441558441583 1 0.91720779220779236 1 0.918831168831169 1 0.92045454545454553 1 0.92207792207792216 1 0.92370129870129869 1 0.92532467532467533 1 0.92694805194805185 1 0.92857142857142849 1 0.93019480519480513 1 0.93181818181818166 1 0.93344155844155829 1 0.93506493506493482 1 0.93668831168831146 1 0.93831168831168799 1 0.93993506493506462 1 0.94155844155844115 1 0.94318181818181779 1 0.94480519480519431 1 0.94642857142857095 4
1 0.99999999999970868 -4.4408920985006262e-16 3.0775382242609259e-13 1 
1 6.2831853071795862 0 0 -1 
1 0 0 0 -1 
7 0 0  3 25 23  6.2831853071795862 -3.1875  6.2349597021748719 -3.17371598748502  6.1392474995991702 -3.1467712193709279  5.9968788398397681 -3.1073653810947897  5.8563127785229243 -3.0694588285285285  5.7124811061130432 -3.0288270331508409  5.5684340315799927 -2.9880010450566634  5.4249563797139109 -2.9476685131525286  5.2847421818249654 -2.9100537829467683  5.1417937022988909 -2.8701651012175469  4.997741917354162 -2.8293369722820283  4.8537570158691663 -2.7885726090753424  4.7123889803846453 -2.7500000000000289  4.5710209449001562 -2.711427390924626  4.4270360434151819 -2.6706630277179562  4.2829842584704707 -2.6298348987824602  4.1400357789444264 -2.5899462170532161  3.9998215810554854 -2.5523314868475229  3.8563439291894017 -2.5119989549433126  3.7122968546563473 -2.4711729668491134  3.5684651822464648 -2.4305411714715048  3.4278991209296144 -2.3926346189052055  3.2855304611702034 -2.3532287806290548  3.1898182585945061 -2.3262840125149675  3.1415926535897989 -2.3125 
 0.91071428571428603 4 0.91233766233766267 1 0.9139610389610392 1 0.91558441558441583 1 0.91720779220779236 1 0.918831168831169 1 0.92045454545454553 1 0.92207792207792216 1 0.92370129870129869 1 0.92532467532467533 1 0.92694805194805185 1 0.92857142857142849 1 0.93019480519480513 1 0.93181818181818166 1 0.93344155844155829 1 0.93506493506493482 1 0.93668831168831146 1 0.93831168831168799 1 0.93993506493506462 1 0.94155844155844115 1 0.94318181818181779 1 0.94480519480519431 1 0.94642857142857095 4
1 -2.3171494224816242e-13 -4.4408920985006262e-16 2.4781698716404646e-13 1 
1 3.1415926535897989 0 0 -1 
1 3.1415926535897989 0 0 -1 
7 0 0  3 25 23  6.2831853071795862 -3.9375  6.2349597021748826 -3.9237159874850285  6.1392474995992083 -3.8967712193709438  5.996878839839848 -3.8573653810948021  5.8563127785230025 -3.8194588285285547  5.7124811061131151 -3.7788270331508924  5.5684340315800585 -3.7380010450566945  5.4249563797139704 -3.6976685131525193  5.2847421818250195 -3.6600537829467767  5.1417937022989442 -3.6201651012175184  4.9977419173542064 -3.5793369722820563  4.8537570158692072 -3.5385726090753384  4.7123889803846888 -3.500000000000016  4.5710209449001704 -3.4614273909245949  4.427036043415173 -3.4206630277180006  4.2829842584704361 -3.3798348987824056  4.1400357789443651 -3.3399462170532144  3.9998215810554152 -3.3023314868475042  3.856343929189328 -3.2619989549432993  3.7122968546562713 -3.2211729668491058  3.5684651822463862 -3.1805411714714578  3.4278991209295375 -3.1426346189051495  3.2855304611701648 -3.1032287806290646  3.1898182585944936 -3.0762840125149853  3.1415926535897989 -3.0625 
 0.83928571428571397 4 0.84090909090909061 1 0.84253246753246724 1 0.84415584415584388 1 0.84577922077922052 1 0.84740259740259716 1 0.8490259740259738 1 0.85064935064935043 1 0.85227272727272707 1 0.85389610389610371 1 0.85551948051948035 1 0.85714285714285698 1 0.85876623376623362 1 0.86038961038961026 1 0.8620129870129869 1 0.86363636363636354 1 0.86525974025974017 1 0.86688311688311681 1 0.86850649350649345 1 0.87012987012987009 1 0.87175324675324672 1 0.87337662337662336 1 0.875 4
1 1.0000000000000318 5.5511151231257827e-16 -3.7303493627406086e-14 1 
1 6.2831853071795862 0 0 -1 
1 0 0 0 -1 
7 0 0  3 25 23  6.2831853071795862 -4.9375  6.2349597021748826 -4.9237159874850303  6.1392474995992083 -4.8967712193709447  5.996878839839848 -4.8573653810947972  5.8563127785230025 -4.8194588285285755  5.7124811061131151 -4.7788270331509004  5.5684340315800585 -4.7380010450566408  5.4249563797139704 -4.6976685131525562  5.2847421818250195 -4.6600537829467656  5.1417937022989442 -4.6201651012175269  4.9977419173542064 -4.5793369722820305  4.8537570158692072 -4.538572609075346  4.7123889803846888 -4.5000000000000142  4.5710209449001704 -4.4614273909245945  4.427036043415173 -4.4206630277180006  4.2829842584704361 -4.3798348987824038  4.1400357789443651 -4.3399462170532201  3.9998215810554152 -4.3023314868474856  3.856343929189328 -4.2619989549432828  3.7122968546562713 -4.221172966849104  3.5684651822463862 -4.1805411714714813  3.4278991209295375 -4.1426346189051442  3.2855304611701648 -4.1032287806290668  3.1898182585944936 -4.0762840125149866  3.1415926535897989 -4.0625 
 0.83928571428571397 4 0.84090909090909061 1 0.84253246753246724 1 0.84415584415584388 1 0.84577922077922052 1 0.84740259740259716 1 0.8490259740259738 1 0.85064935064935043 1 0.85227272727272707 1 0.85389610389610371 1 0.85551948051948035 1 0.85714285714285698 1 0.85876623376623362 1 0.86038961038961026 1 0.8620129870129869 1 0.86363636363636354 1 0.86525974025974017 1 0.86688311688311681 1 0.86850649350649345 1 0.87012987012987009 1 0.87175324675324672 1 0.87337662337662336 1 0.875 4
1 3.6037987565676541e-13 5.5511151231257827e-16 -4.1313455749443465e-13 1 
1 3.1415926535897989 0 0 -1 
1 3.1415926535897989 0 0 -1 
7 0 0  3 25 23  6.2831853071795862 -5.6875  6.2349597021748728 -5.6737159874850409  6.1392474995991675 -5.6467712193709518  5.9968788398397592 -5.607365381094759  5.8563127785229288 -5.5694588285285498  5.7124811061130645 -5.5288270331508675  5.5684340315800256 -5.4880010450567127  5.4249563797139597 -5.4476685131524674  5.2847421818250231 -5.4100537829467914  5.1417937022989424 -5.3701651012175127  4.9977419173542073 -5.3293369722820634  4.8537570158692072 -5.2885726090753131  4.7123889803846888 -5.2500000000000249  4.5710209449001704 -5.2114273909245847  4.427036043415173 -5.1706630277180281  4.2829842584704361 -5.1298348987823896  4.1400357789443651 -5.0899462170532468  3.9998215810554152 -5.0523314868474722  3.856343929189328 -5.0119989549433095  3.7122968546562713 -4.9711729668490987  3.5684651822463862 -4.9305411714714751  3.4278991209295375 -4.8926346189051717  3.2855304611701648 -4.8532287806290428  3.1898182585944936 -4.8262840125149662  3.1415926535897989 -4.8125 
 0.76785714285714302 4 0.76948051948051965 1 0.77110389610389629 1 0.77272727272727293 1 0.77435064935064957 1 0.7759740259740262 1 0.77759740259740284 1 0.77922077922077948 1 0.78084415584415612 1 0.78246753246753276 1 0.78409090909090939 1 0.78571428571428603 1 0.78733766233766267 1 0.78896103896103931 1 0.79058441558441594 1 0.79220779220779258 1 0.79383116883116922 1 0.79545454545454586 1 0.7970779220779225 1 0.79870129870129913 1 0.80032467532467577 1 0.80194805194805241 1 0.80357142857142905 4
1 1.0000000000001488 -4.4408920985006262e-16 -1.9895196601282692e-13 1 
1 6.2831853071795862 0 0 -1 
1 0 0 0 -1 
7 0 0  3 25 23  6.2831853071795862 -6.6875  6.2349597021748728 -6.6737159874850214  6.1392474995991675 -6.6467712193709279  5.9968788398397592 -6.6073653810947812  5.8563127785229288 -6.5694588285285684  5.7124811061130645 -6.5288270331508613  5.5684340315800256 -6.4880010450567163  5.4249563797139597 -6.4476685131524629  5.2847421818250231 -6.4100537829468065  5.1417937022989424 -6.3701651012175384  4.9977419173542073 -6.3293369722820341  4.8537570158692072 -6.288572609075322  4.7123889803846888 -6.2500000000000195  4.5710209449001704 -6.2114273909245954  4.427036043415173 -6.1706630277179952  4.2829842584704361 -6.1298348987824269  4.1400357789443651 -6.0899462170532166  3.9998215810554152 -6.0523314868474749  3.856343929189328 -6.011998954943329  3.7122968546562713 -5.9711729668491014  3.5684651822463862 -5.9305411714714449  3.4278991209295375 -5.8926346189052028  3.2855304611701648 -5.8532287806290375  3.1898182585944936 -5.8262840125149573  3.1415926535897989 -5.8125 
 0.76785714285714302 4 0.76948051948051965 1 0.77110389610389629 1 0.77272727272727293 1 0.77435064935064957 1 0.7759740259740262 1 0.77759740259740284 1 0.77922077922077948 1 0.78084415584415612 1 0.78246753246753276 1 0.78409090909090939 1 0.78571428571428603 1 0.78733766233766267 1 0.78896103896103931 1 0.79058441558441594 1 0.79220779220779258 1 0.79383116883116922 1 0.79545454545454586 1 0.7970779220779225 1 0.79870129870129913 1 0.80032467532467577 1 0.80194805194805241 1 0.80357142857142905 4
1 -1.4567146534753981e-13 -4.4408920985006262e-16 1.7989515552633892e-13 1 
1 3.1415926535897989 0 0 -1 
1 3.1415926535897989 0 0 -1 
7 0 0  3 25 23  6.2831853071795862 -7.4375  6.2349597021748826 -7.4237159874850054  6.1392474995992083 -7.3967712193709199  5.996878839839848 -7.3573653810948381  5.8563127785230025 -7.3194588285285187  5.7124811061131151 -7.2788270331509137  5.5684340315800585 -7.2380010450566425  5.4249563797139704 -7.1976685131525331  5.2847421818250195 -7.1600537829467665  5.1417937022989442 -7.1201651012175429  4.9977419173542064 -7.0793369722820492  4.8537570158692072 -7.0385726090753433  4.7123889803846888 -7.0000000000000062  4.5710209449001704 -6.9614273909246283  4.427036043415173 -6.9206630277179588  4.2829842584704361 -6.8798348987824554  4.1400357789443651 -6.8399462170532228  3.9998215810554152 -6.8023314868475016  3.856343929189328 -6.7619989549432997  3.7122968546562713 -6.7211729668491085  3.5684651822463862 -6.6805411714714502  3.4278991209295375 -6.6426346189051788  3.2855304611701648 -6.6032287806290419  3.1898182585944936 -6.5762840125149635  3.1415926535897989 -6.5625 
 0.69642857142857095 4 0.69805194805194759 1 0.69967532467532423 1 0.70129870129870087 1 0.7029220779220775 1 0.70454545454545414 1 0.70616883116883078 1 0.70779220779220742 1 0.70941558441558406 1 0.71103896103896069 1 0.71266233766233733 1 0.71428571428571397 1 0.71590909090909061 1 0.71753246753246724 1 0.71915584415584388 1 0.72077922077922052 1 0.72240259740259716 1 0.7240259740259738 1 0.72564935064935043 1 0.72727272727272707 1 0.72889610389610371 1 0.73051948051948035 1 0.73214285714285698 4
1 0.99999999999981859 5.5511151231257827e-16 2.6112445539183939e-13 1 
1 6.2831853071795862 0 0 -1 
1 0 0 0 -1 
7 0 0  3 25 23  6.2831853071795862 -8.4375  6.2349597021748826 -8.4237159874850303  6.1392474995992083 -8.3967712193709438  5.996878839839848 -8.3573653810947963  5.8563127785230025 -8.3194588285285835  5.7124811061131151 -8.2788270331508702  5.5684340315800585 -8.2380010450566701  5.4249563797139704 -8.19766851315255  5.2847421818250195 -8.1600537829467559  5.1417937022989442 -8.1201651012175695  4.9977419173542064 -8.0793369722820412  4.8537570158692072 -8.0385726090753433  4.7123889803846888 -8.0000000000000107  4.5710209449001704 -7.9614273909246158  4.4270360434151721 -7.9206630277180068  4.2829842584704361 -7.8798348987824482  4.1400357789443651 -7.8399462170532086  3.9998215810554152 -7.8023314868474856  3.856343929189328 -7.7619989549432944  3.7122968546562713 -7.7211729668491476  3.5684651822463862 -7.6805411714714644  3.4278991209295375 -7.6426346189051699  3.2855304611701648 -7.6032287806290624  3.1898182585944936 -7.5762840125149795  3.1415926535897989 -7.5625 
 0.69642857142857095 4 0.69805194805194759 1 0.69967532467532423 1 0.70129870129870087 1 0.7029220779220775 1 0.70454545454545414 1 0.70616883116883078 1 0.70779220779220742 1 0.70941558441558406 1 0.71103896103896069 1 0.71266233766233733 1 0.71428571428571397 1 0.71590909090909061 1 0.71753246753246724 1 0.71915584415584388 1 0.72077922077922052 1 0.72240259740259716 1 0.7240259740259738 1 0.72564935064935043 1 0.72727272727272707 1 0.72889610389610371 1 0.73051948051948035 1 0.73214285714285698 4
1 -9.5504226102916377e-14 5.5511151231257827e-16 1.3262269186869047e-13 1 
1 3.1415926535897989 0 0 -1 
1 3.1415926535897989 0 0 -1 
7 0 0  3 25 23  6.2831853071795862 -9.1875  6.2349597021748826 -9.1737159874850285  6.1392474995992083 -9.1467712193709438  5.996878839839848 -9.1073653810948034  5.8563127785230025 -9.0694588285285516  5.7124811061131151 -9.0288270331509057  5.5684340315800585 -8.988001045056647  5.4249563797139704 -8.9476685131525286  5.2847421818250195 -8.9100537829467825  5.1417937022989442 -8.8701651012175695  4.9977419173542064 -8.8293369722820199  4.8537570158692072 -8.7885726090753504  4.7123889803846888 -8.7500000000000036  4.5710209449001704 -8.7114273909246212  4.4270360434151721 -8.670663027717989  4.2829842584704361 -8.6298348987824252  4.1400357789443651 -8.5899462170532317  3.9998215810554152 -8.5523314868474998  3.856343929189328 -8.5119989549432997  3.7122968546562713 -8.4711729668491067  3.5684651822463862 -8.430541171471452  3.4278991209295375 -8.3926346189051664  3.2855304611701648 -8.3532287806290828  3.1898182585944936 -8.3262840125149911  3.1415926535897989 -8.3125 
 0.625 4 0.62662337662337664 1 0.62824675324675328 1 0.62987012987012991 1 0.63149350649350655 1 0.63311688311688319 1 0.63474025974025983 1 0.63636363636363646 1 0.6379870129870131 1 0.63961038961038974 1 0.64123376623376638 1 0.64285714285714302 1 0.64448051948051965 1 0.64610389610389629 1 0.64772727272727293 1 0.64935064935064957 1 0.6509740259740262 1 0.65259740259740284 1 0.65422077922077948 1 0.65584415584415612 1 0.65746753246753276 1 0.65909090909090939 1 0.66071428571428603 4
1 1.000000000000141 1.1102230246251565e-16 -2.3003821070233471e-13 1 
1 6.2831853071795862 0 0 -1 
1 0 0 0 -1 
7 0 0  3 25 23  6.2831853071795862 -10.1875  6.2349597021748826 -10.173715987485043  6.1392474995992083 -10.146771219370963  5.996878839839848 -10.107365381094798  5.8563127785230025 -10.069458828528555  5.7124811061131151 -10.028827033150895  5.5684340315800585 -9.9880010450566861  5.4249563797139704 -9.9476685131525446  5.2847421818250195 -9.9100537829467612  5.1417937022989442 -9.8701651012175464  4.9977419173542064 -9.8293369722820483  4.8537570158692072 -9.7885726090753398  4.7123889803846888 -9.7500000000000089  4.5710209449001704 -9.711427390924614  4.4270360434151721 -9.6706630277180121  4.2829842584704361 -9.6298348987824269  4.1400357789443651 -9.5899462170532015  3.9998215810554152 -9.55233148684753  3.856343929189328 -9.5119989549432926  3.7122968546562713 -9.4711729668491067  3.5684651822463862 -9.4305411714714555  3.4278991209295375 -9.3926346189051486  3.2855304611701648 -9.3532287806290668  3.1898182585944936 -9.3262840125149857  3.1415926535897989 -9.3125 
 0.625 4 0.62662337662337664 1 0.62824675324675328 1 0.62987012987012991 1 0.63149350649350655 1 0.63311688311688319 1 0.63474025974025983 1 0.63636363636363646 1 0.6379870129870131 1 0.63961038961038974 1 0.64123376623376638 1 0.64285714285714302 1 0.64448051948051965 1 0.64610389610389629 1 0.64772727272727293 1 0.64935064935064957 1 0.6509740259740262 1 0.65259740259740284 1 0.65422077922077948 1 0.65584415584415612 1 0.65746753246753276 1 0.65909090909090939 1 0.66071428571428603 4
1 2.3759419324195762e-13 1.1102230246251565e-16 -3.5055012121247339e-13 1 
1 3.1415926535897989 0 0 -1 
1 3.1415926535897989 0 0 -1 
7 0 0  3 25 23  6.2831853071795862 -10.937499999999986  6.2349597021748719 -10.923715987485  6.1392474995991702 -10.896771219370921  5.996878839839769 -10.857365381094841  5.8563127785229216 -10.819458828528507  5.7124811061130405 -10.778827033150868  5.5684340315799874 -10.738001045056654  5.4249563797139029 -10.697668513152532  5.2847421818249556 -10.660053782946756  5.1417937022988802 -10.620165101217584  4.9977419173541504 -10.579336972281984  4.8537570158691574 -10.538572609075311  4.7123889803846364 -10.500000000000025  4.5710209449001464 -10.461427390924596  4.4270360434151685 -10.420663027717993  4.2829842584704609 -10.379834898782423  4.1400357789444131 -10.339946217053235  3.9998215810554805 -10.302331486847477  3.8563439291893924 -10.261998954943298  3.7122968546563437 -10.22117296684913  3.5684651822464599 -10.180541171471456  3.4278991209296157 -10.142634618905213  3.2855304611702034 -10.103228780629072  3.1898182585945056 -10.07628401251498  3.1415926535897989 -10.0625 
 0.55357142857142905 4 0.55519480519480569 1 0.55681818181818221 1 0.55844155844155885 1 0.56006493506493538 1 0.56168831168831201 1 0.56331168831168854 1 0.56493506493506518 1 0.56655844155844171 1 0.56818181818181834 1 0.56980519480519487 1 0.57142857142857151 1 0.57305194805194815 1 0.57467532467532467 1 0.57629870129870131 1 0.57792207792207784 1 0.57954545454545447 1 0.581168831168831 1 0.58279220779220764 1 0.58441558441558417 1 0.5860389610389608 1 0.58766233766233733 1 0.58928571428571397 4
1 1.0000000000000384 -4.4408920985006262e-16 -6.5281113847959028e-14 1 
1 6.2831853071795862 0 0 -1 
1 0 0 0 -1 
7 0 0  3 25 23  6.2831853071795862 -11.937500000000014  6.2349597021748719 -11.923715987485018  6.1392474995991702 -11.896771219370924  5.996878839839769 -11.857365381094811  5.8563127785229216 -11.819458828528537  5.7124811061130405 -11.77882703315086  5.5684340315799874 -11.738001045056663  5.4249563797139029 -11.697668513152507  5.2847421818249556 -11.660053782946765  5.1417937022988802 -11.620165101217575  4.9977419173541504 -11.579336972282004  4.8537570158691574 -11.538572609075326  4.7123889803846364 -11.500000000000036  4.5710209449001464 -11.461427390924616  4.4270360434151685 -11.420663027717987  4.2829842584704609 -11.379834898782427  4.1400357789444131 -11.339946217053228  3.9998215810554805 -11.302331486847498  3.8563439291893924 -11.261998954943316  3.7122968546563437 -11.221172966849121  3.5684651822464599 -11.180541171471472  3.4278991209296157 -11.142634618905241  3.2855304611702034 -11.103228780629031  3.1898182585945056 -11.076284012514943  3.1415926535897989 -11.0625 
 0.55357142857142905 4 0.55519480519480569 1 0.55681818181818221 1 0.55844155844155885 1 0.56006493506493538 1 0.56168831168831201 1 0.56331168831168854 1 0.56493506493506518 1 0.56655844155844171 1 0.56818181818181834 1 0.56980519480519487 1 0.57142857142857151 1 0.57305194805194815 1 0.57467532467532467 1 0.57629870129870131 1 0.57792207792207784 1 0.57954545454545447 1 0.581168831168831 1 0.58279220779220764 1 0.58441558441558417 1 0.5860389610389608 1 0.58766233766233733 1 0.58928571428571397 4
1 -1.8011712111505515e-13 -4.4408920985006262e-16 3.1175640034236858e-13 1 
1 3.1415926535897989 0 0 -1 
1 3.1415926535897989 0 0 -1 
7 0 0  3 25 23  6.2831853071795862 -12.6875  6.2349597021748826 -12.673715987485021  6.1392474995992083 -12.646771219370937  5.996878839839848 -12.607365381094827  5.8563127785230025 -12.569458828528548  5.7124811061131151 -12.5288270331509  5.5684340315800585 -12.488001045056665  5.4249563797139704 -12.447668513152545  5.2847421818250195 -12.410053782946786  5.1417937022989442 -12.370165101217538  4.9977419173542064 -12.329336972282048  4.8537570158692072 -12.288572609075342  4.7123889803846888 -12.250000000000009  4.5710209449001704 -12.211427390924618  4.4270360434151721 -12.170663027717991  4.2829842584704361 -12.129834898782422  4.1400357789443651 -12.089946217053241  3.9998215810554152 -12.052331486847471  3.856343929189328 -12.011998954943314  3.7122968546562705 -11.971172966849082  3.5684651822463875 -11.930541171471457  3.4278991209295366 -11.892634618905177  3.2855304611701657 -11.853228780629044  3.1898182585944936 -11.826284012514964  3.1415926535897989 -11.8125 
 0.48214285714285698 4 0.48376623376623362 1 0.48538961038961026 1 0.4870129870129869 1 0.48863636363636354 1 0.49025974025974017 1 0.49188311688311681 1 0.49350649350649345 1 0.49512987012987009 1 0.49675324675324672 1 0.49837662337662336 1 0.5 1 0.50162337662337664 1 0.50324675324675328 1 0.50487012987012991 1 0.50649350649350655 1 0.50811688311688319 1 0.50974025974025983 1 0.51136363636363646 1 0.5129870129870131 1 0.51461038961038974 1 0.51623376623376638 1 0.51785714285714302 4
1 0.99999999999999267 5.5511151231257827e-16 1.2434497875802029e-14 1 
1 6.2831853071795862 0 0 -1 
1 0 0 0 -1 
7 0 0  3 25 23  6.2831853071795862 -13.6875  6.2349597021748826 -13.673715987485005  6.1392474995992083 -13.646771219370921  5.996878839839848 -13.607365381094832  5.8563127785230025 -13.569458828528543  5.7124811061131151 -13.528827033150902  5.5684340315800585 -13.488001045056668  5.4249563797139704 -13.447668513152522  5.2847421818250195 -13.410053782946793  5.1417937022989442 -13.370165101217538  4.9977419173542064 -13.329336972282048  4.8537570158692072 -13.288572609075342  4.7123889803846888 -13.250000000000009  4.5710209449001704 -13.211427390924618  4.4270360434151721 -13.170663027717989  4.2829842584704361 -13.129834898782423  4.1400357789443651 -13.089946217053237  3.9998215810554152 -13.052331486847475  3.856343929189328 -13.01199895494331  3.7122968546562705 -12.97117296684908  3.5684651822463875 -12.930541171471461  3.4278991209295366 -12.89263461890517  3.2855304611701657 -12.853228780629065  3.1898182585944936 -12.826284012514977  3.1415926535897989 -12.8125 
 0.48214285714285698 4 0.48376623376623362 1 0.48538961038961026 1 0.4870129870129869 1 0.48863636363636354 1 0.49025974025974017 1 0.49188311688311681 1 0.49350649350649345 1 0.49512987012987009 1 0.49675324675324672 1 0.49837662337662336 1 0.5 1 0.50162337662337664 1 0.50324675324675328 1 0.50487012987012991 1 0.50649350649350655 1 0.50811688311688319 1 0.50974025974025983 1 0.51136363636363646 1 0.5129870129870131 1 0.51461038961038974 1 0.51623376623376638 1 0.51785714285714302 4
1 5.215619523545409e-14 5.5511151231257827e-16 -1.0286437910215201e-13 1 
1 3.1415926535897989 0 0 -1 
1 3.1415926535897989 0 0 -1 
7 0 0  3 25 23  6.2831853071795862 -14.4375  6.2349597021748755 -14.423715987485021  6.1392474995991746 -14.396771219370935  5.996878839839769 -14.357365381094835  5.8563127785229234 -14.319458828528507  5.7124811061130432 -14.278827033150879  5.5684340315799883 -14.238001045056626  5.4249563797139091 -14.197668513152546  5.2847421818249671 -14.160053782946733  5.1417937022989175 -14.120165101217582  4.9977419173542037 -14.079336972282029  4.8537570158692267 -14.038572609075393  4.7123889803847367 -14.000000000000004  4.5710209449002184 -13.961427390924666  4.4270360434152272 -13.920663027717991  4.2829842584704911 -13.879834898782452  4.1400357789444238 -13.839946217053226  3.9998215810554787 -13.8023314868475  3.8563439291893968 -13.761998954943312  3.7122968546563446 -13.72117296684914  3.5684651822464635 -13.680541171471475  3.4278991209296112 -13.642634618905229  3.2855304611702008 -13.603228780629074  3.1898182585945039 -13.576284012514977  3.1415926535897989 -13.5625 
 0.41071428571428598 4 0.41233766233766256 1 0.41396103896103914 1 0.41558441558441578 1 0.41720779220779236 1 0.41883116883116894 1 0.42045454545454553 1 0.42207792207792211 1 0.42370129870129869 1 0.42532467532467533 1 0.42694805194805191 1 0.42857142857142849 1 0.43019480519480507 1 0.43181818181818166 1 0.43344155844155829 1 0.43506493506493488 1 0.43668831168831146 1 0.43831168831168804 1 0.43993506493506462 1 0.44155844155844126 1 0.44318181818181784 1 0.44480519480519443 1 0.44642857142857101 4
1 0.99999999999996803 -4.4408920985006262e-16 7.460698725481009e-14 1 
1 6.2831853071795862 0 0 -1 
1 0 0 0 -1 
7 0 0  3 25 23  6.2831853071795862 -15.4375  6.2349597021748755 -15.423715987485043  6.1392474995991746 -15.39677121937096  5.996878839839769 -15.357365381094809  5.8563127785229234 -15.319458828528516  5.7124811061130432 -15.278827033150867  5.5684340315799883 -15.238001045056658  5.4249563797139091 -15.197668513152509  5.2847421818249671 -15.160053782946749  5.1417937022989175 -15.120165101217554  4.9977419173542037 -15.079336972282038  4.8537570158692267 -15.038572609075375  4.7123889803847367 -14.99999999999997  4.5710209449002184 -14.961427390924653  4.4270360434152272 -14.920663027717996  4.2829842584704911 -14.879834898782446  4.1400357789444238 -14.83994621705323  3.9998215810554787 -14.802331486847489  3.8563439291893968 -14.761998954943342  3.7122968546563446 -14.721172966849116  3.5684651822464635 -14.680541171471459  3.4278991209296112 -14.642634618905237  3.2855304611702008 -14.603228780629051  3.1898182585945039 -14.576284012514959  3.1415926535897989 -14.5625 
 0.41071428571428598 4 0.41233766233766256 1 0.41396103896103914 1 0.41558441558441578 1 0.41720779220779236 1 0.41883116883116894 1 0.42045454545454553 1 0.42207792207792211 1 0.42370129870129869 1 0.42532467532467533 1 0.42694805194805191 1 0.42857142857142849 1 0.43019480519480507 1 0.43181818181818166 1 0.43344155844155829 1 0.43506493506493488 1 0.43668831168831146 1 0.43831168831168804 1 0.43993506493506462 1 0.44155844155844126 1 0.44318181818181784 1 0.44480519480519443 1 0.44642857142857101 4
1 -2.1928286090648086e-14 -4.4408920985006262e-16 5.9625770369722507e-14 1 
1 3.1415926535897989 0 0 -1 
1 3.1415926535897989 0 0 -1 
7 0 0  3 25 23  6.2831853071795862 -16.1875  6.2349597021748826 -16.173715987485028  6.1392474995992075 -16.146771219370944  5.9968788398398489 -16.107365381094812  5.8563127785229998 -16.069458828528525  5.7124811061131151 -16.028827033150911  5.5684340315800558 -15.988001045056734  5.4249563797139668 -15.947668513152513  5.2847421818250133 -15.910053782946749  5.1417937022989397 -15.870165101217621  4.9977419173542028 -15.829336972282013  4.8537570158692054 -15.788572609075326  4.7123889803846897 -15.750000000000021  4.5710209449001713 -15.711427390924595  4.4270360434151721 -15.670663027718003  4.2829842584704361 -15.629834898782404  4.1400357789443651 -15.589946217053217  3.9998215810554152 -15.552331486847494  3.856343929189328 -15.511998954943323  3.7122968546562705 -15.4711729668491  3.5684651822463875 -15.430541171471452  3.4278991209295366 -15.39263461890517  3.2855304611701657 -15.353228780629065  3.1898182585944936 -15.326284012514977  3.1415926535897989 -15.3125 
 0.33928571428571402 4 0.34090909090909066 1 0.3425324675324673 1 0.34415584415584394 1 0.34577922077922058 1 0.34740259740259721 1 0.34902597402597385 1 0.35064935064935049 1 0.35227272727272713 1 0.35389610389610376 1 0.35551948051948035 1 0.35714285714285698 1 0.35876623376623362 1 0.36038961038961026 1 0.3620129870129869 1 0.36363636363636354 1 0.36525974025974017 1 0.36688311688311681 1 0.36850649350649345 1 0.37012987012987009 1 0.37175324675324672 1 0.37337662337662336 1 0.375 4
1 0.99999999999995237 5.5511151231257827e-16 1.305622276959197e-13 1 
1 6.2831853071795862 0 0 -1 
1 0 0 0 -1 
7 0 0  3 25 23  6.2831853071795862 -17.1875  6.2349597021748826 -17.173715987485036  6.1392474995992075 -17.146771219370944  5.9968788398398489 -17.107365381094787  5.8563127785229998 -17.069458828528536  5.7124811061131151 -17.028827033150911  5.5684340315800558 -16.988001045056713  5.4249563797139668 -16.947668513152514  5.2847421818250133 -16.910053782946761  5.1417937022989397 -16.870165101217573  4.9977419173542028 -16.829336972282022  4.8537570158692054 -16.788572609075345  4.7123889803846897 -16.750000000000014  4.5710209449001713 -16.711427390924598  4.4270360434151721 -16.670663027718  4.2829842584704361 -16.629834898782406  4.1400357789443651 -16.58994621705321  3.9998215810554152 -16.552331486847521  3.856343929189328 -16.511998954943316  3.7122968546562705 -16.471172966849103  3.5684651822463875 -16.43054117147145  3.4278991209295366 -16.392634618905177  3.2855304611701657 -16.353228780629042  3.1898182585944936 -16.326284012514964  3.1415926535897989 -16.3125 
 0.33928571428571402 4 0.34090909090909066 1 0.3425324675324673 1 0.34415584415584394 1 0.34577922077922058 1 0.34740259740259721 1 0.34902597402597385 1 0.35064935064935049 1 0.35227272727272713 1 0.35389610389610376 1 0.35551948051948035 1 0.35714285714285698 1 0.35876623376623362 1 0.36038961038961026 1 0.3620129870129869 1 0.36363636363636354 1 0.36525974025974017 1 0.36688311688311681 1 0.36850649350649345 1 0.37012987012987009 1 0.37175324675324672 1 0.37337662337662336 1 0.375 4
1 -8.5058298491354229e-14 5.5511151231257827e-16 2.5824596910227194e-13 1 
1 3.1415926535897989 0 0 -1 
1 3.1415926535897989 0 0 -1 
7 0 0  3 25 23  6.2831853071795862 -17.9375  6.2349597021748728 -17.923715987485018  6.1392474995991675 -17.89677121937093  5.9968788398397592 -17.857365381094787  5.8563127785229288 -17.819458828528539  5.7124811061130645 -17.778827033150876  5.5684340315800256 -17.738001045056681  5.4249563797139597 -17.6976685131525  5.2847421818250231 -17.660053782946772  5.1417937022989406 -17.620165101217559  4.9977419173542028 -17.579336972281993  4.8537570158692054 -17.538572609075374  4.7123889803846852 -17.500000000000028  4.5710209449001704 -17.461427390924595  4.4270360434151721 -17.420663027717996  4.282984258470437 -17.379834898782427  4.1400357789443651 -17.339946217053207  3.9998215810554152 -17.30233148684751  3.856343929189328 -17.261998954943294  3.7122968546562705 -17.221172966849132  3.5684651822463875 -17.180541171471443  3.4278991209295366 -17.142634618905177  3.2855304611701657 -17.103228780629049  3.1898182585944936 -17.076284012514964  3.1415926535897989 -17.0625 
 0.26785714285714302 4 0.26948051948051965 1 0.27110389610389629 1 0.27272727272727293 1 0.27435064935064957 1 0.2759740259740262 1 0.27759740259740284 1 0.27922077922077948 1 0.28084415584415612 1 0.28246753246753276 1 0.28409090909090939 1 0.28571428571428603 1 0.28733766233766261 1 0.28896103896103925 1 0.29058441558441589 1 0.29220779220779253 1 0.29383116883116916 1 0.2954545454545458 1 0.29707792207792244 1 0.29870129870129908 1 0.30032467532467572 1 0.30194805194805235 1 0.30357142857142899 4
1 0.99999999999991829 -4.4408920985006262e-16 2.7355895326763741e-13 1 
1 6.2831853071795862 0 0 -1 
1 0 0 0 -1 
7 0 0  3 25 23  6.2831853071795862 -18.9375  6.2349597021748728 -18.923715987485011  6.1392474995991675 -18.896771219370923  5.9968788398397592 -18.857365381094816  5.8563127785229288 -18.819458828528528  5.7124811061130645 -18.778827033150897  5.5684340315800256 -18.738001045056706  5.4249563797139597 -18.697668513152472  5.2847421818250231 -18.660053782946775  5.1417937022989406 -18.620165101217566  4.9977419173542028 -18.579336972282032  4.8537570158692054 -18.538572609075374  4.7123889803846852 -18.499999999999986  4.5710209449001704 -18.461427390924609  4.4270360434151721 -18.420663027717993  4.282984258470437 -18.37983489878243  4.1400357789443651 -18.339946217053217  3.9998215810554152 -18.302331486847475  3.856343929189328 -18.261998954943323  3.7122968546562705 -18.221172966849124  3.5684651822463875 -18.180541171471443  3.4278991209295366 -18.142634618905184  3.2855304611701657 -18.103228780629024  3.1898182585944936 -18.076284012514947  3.1415926535897989 -18.0625 
 0.26785714285714302 4 0.26948051948051965 1 0.27110389610389629 1 0.27272727272727293 1 0.27435064935064957 1 0.2759740259740262 1 0.27759740259740284 1 0.27922077922077948 1 0.28084415584415612 1 0.28246753246753276 1 0.28409090909090939 1 0.28571428571428603 1 0.28733766233766261 1 0.28896103896103925 1 0.29058441558441589 1 0.29220779220779253 1 0.29383116883116916 1 0.2954545454545458 1 0.29707792207792244 1 0.29870129870129908 1 0.30032467532467572 1 0.30194805194805235 1 0.30357142857142899 4
1 8.7694577278796993e-14 -3.8857805861880479e-16 -2.7903999392174654e-13 1 
1 3.1415926535897989 0 0 -1 
1 3.1415926535897989 0 0 -1 
7 0 0  3 25 23  6.2831853071795862 -19.6875  6.2349597021748826 -19.673715987484812  6.1392474995992083 -19.646771219370606  5.996878839839848 -19.607365381094773  5.8563127785230025 -19.569458828528578  5.7124811061131151 -19.528827033150915  5.5684340315800576 -19.488001045056667  5.4249563797139668 -19.447668513152518  5.2847421818250186 -19.410053782946786  5.1417937022989415 -19.370165101217559  4.9977419173542055 -19.32933697228205  4.8537570158692036 -19.288572609075324  4.712388980384687 -19.249999999999986  4.5710209449001695 -19.211427390924651  4.4270360434151712 -19.170663027717978  4.282984258470437 -19.12983489878243  4.1400357789443625 -19.089946217053214  3.9998215810554263 -19.052331486847486  3.8563439291893613 -19.011998954943291  3.712296854656322 -18.971172966849149  3.5684651822464604 -18.930541171471447  3.427899120929625 -18.892634618905216  3.285530461170207 -18.853228780629056  3.1898182585945043 -18.826284012514968  3.1415926535897989 -18.8125 
 0.19642857142857101 4 0.19805194805194765 1 0.19967532467532428 1 0.20129870129870092 1 0.20292207792207756 1 0.2045454545454542 1 0.20616883116883084 1 0.20779220779220747 1 0.20941558441558411 1 0.21103896103896075 1 0.21266233766233739 1 0.21428571428571402 1 0.21590909090909066 1 0.21753246753246727 1 0.21915584415584391 1 0.22077922077922055 1 0.22240259740259719 1 0.22402597402597382 1 0.22564935064935046 1 0.2272727272727271 1 0.22889610389610374 1 0.23051948051948037 1 0.23214285714285701 4
1 0.99999999999999811 5.8286708792820718e-16 9.3258734068512755e-15 1 
1 6.2831853071795862 0 0 -1 
1 0 0 0 -1 
7 0 0  3 25 23  6.2831853071795862 -20.6875  6.2349597021748826 -20.673715987484815  6.1392474995992083 -20.646771219370613  5.996878839839848 -20.607365381094752  5.8563127785230025 -20.569458828528568  5.7124811061131151 -20.52882703315089  5.5684340315800576 -20.488001045056699  5.4249563797139668 -20.447668513152511  5.2847421818250186 -20.410053782946779  5.1417937022989415 -20.370165101217591  4.9977419173542055 -20.329336972282018  4.8537570158692036 -20.288572609075334  4.712388980384687 -20.249999999999975  4.5710209449001695 -20.21142739092468  4.4270360434151712 -20.170663027717964  4.282984258470437 -20.129834898782459  4.1400357789443625 -20.089946217053207  3.9998215810554263 -20.052331486847482  3.8563439291893613 -20.011998954943291  3.712296854656322 -19.971172966849153  3.5684651822464604 -19.93054117147144  3.427899120929625 -19.892634618905262  3.285530461170207 -19.85322878062939  3.1898182585945043 -19.826284012515178  3.1415926535897989 -19.8125 
 0.19642857142857101 4 0.19805194805194765 1 0.19967532467532428 1 0.20129870129870092 1 0.20292207792207756 1 0.2045454545454542 1 0.20616883116883084 1 0.20779220779220747 1 0.20941558441558411 1 0.21103896103896075 1 0.21266233766233739 1 0.21428571428571402 1 0.21590909090909066 1 0.21753246753246727 1 0.21915584415584391 1 0.22077922077922055 1 0.22240259740259719 1 0.22402597402597382 1 0.22564935064935046 1 0.2272727272727271 1 0.22889610389610374 1 0.23051948051948037 1 0.23214285714285701 4
1 3.2862926824861098e-14 5.8286708792820718e-16 -1.746278047348977e-13 1 
1 3.1415926535897989 0 0 -1 
1 3.1415926535897989 0 0 -1 
7 0 0  3 25 23  6.2831853071795862 -21.4375  6.2349597021748826 -21.423715987484819  6.1392474995992083 -21.396771219370606  5.996878839839848 -21.357365381094745  5.8563127785230025 -21.319458828528592  5.7124811061131151 -21.278827033150883  5.5684340315800585 -21.238001045056688  5.4249563797139704 -21.197668513152564  5.2847421818250195 -21.160053782946768  5.1417937022989433 -21.12016510121757  4.9977419173542064 -21.079336972282039  4.8537570158692045 -21.038572609075349  4.712388980384687 -20.999999999999975  4.5710209449001695 -20.961427390924658  4.4270360434151721 -20.920663027717975  4.2829842584704361 -20.879834898782427  4.1400357789443651 -20.839946217053232  3.9998215810554152 -20.802331486847482  3.856343929189328 -20.76199895494328  3.7122968546562705 -20.721172966849121  3.5684651822463875 -20.680541171471411  3.4278991209295366 -20.64263461890523  3.2855304611701657 -20.603228780629376  3.1898182585944936 -20.576284012515174  3.1415926535897989 -20.5625 
 0.125 4 0.12662337662337664 1 0.12824675324675328 1 0.12987012987012991 1 0.13149350649350655 1 0.13311688311688319 1 0.13474025974025983 1 0.13636363636363646 1 0.1379870129870131 1 0.13961038961038974 1 0.14123376623376638 1 0.14285714285714302 1 0.14448051948051965 1 0.14610389610389626 1 0.1477272727272729 1 0.14935064935064954 1 0.15097402597402618 1 0.15259740259740281 1 0.15422077922077945 1 0.15584415584415609 1 0.15746753246753273 1 0.15909090909090937 1 0.160714285714286 4
1 1.0000000000000007 8.3266726846886741e-17 -6.2172489379009421e-15 1 
1 6.2831853071795862 0 0 -1 
1 0 0 0 -1 
7 0 0  3 25 23  6.2831853071795862 -22.4375  6.2349597021748826 -22.423715987484819  6.1392474995992083 -22.396771219370606  5.996878839839848 -22.357365381094752  5.8563127785230025 -22.319458828528592  5.7124811061131151 -22.278827033150886  5.5684340315800585 -22.23800104505667  5.4249563797139704 -22.197668513152539  5.2847421818250195 -22.160053782946779  5.1417937022989433 -22.12016510121757  4.9977419173542064 -22.079336972282025  4.8537570158692045 -22.038572609075338  4.712388980384687 -22.000000000000036  4.5710209449001695 -21.961427390924612  4.4270360434151721 -21.92066302771801  4.2829842584704361 -21.879834898782427  4.1400357789443651 -21.839946217053207  3.9998215810554152 -21.802331486847507  3.856343929189328 -21.761998954943298  3.7122968546562705 -21.72117296684911  3.5684651822463875 -21.68054117147144  3.4278991209295366 -21.64263461890522  3.2855304611701657 -21.603228780629387  3.1898182585944936 -21.576284012515174  3.1415926535897989 -21.5625 
 0.125 4 0.12662337662337664 1 0.12824675324675328 1 0.12987012987012991 1 0.13149350649350655 1 0.13311688311688319 1 0.13474025974025983 1 0.13636363636363646 1 0.1379870129870131 1 0.13961038961038974 1 0.14123376623376638 1 0.14285714285714302 1 0.14448051948051965 1 0.14610389610389626 1 0.1477272727272729 1 0.14935064935064954 1 0.15097402597402618 1 0.15259740259740281 1 0.15422077922077945 1 0.15584415584415609 1 0.15746753246753273 1 0.15909090909090937 1 0.160714285714286 4
1 7.0333732054995726e-15 8.3266726846886741e-17 -3.4929784098628973e-14 1 
1 3.1415926535897989 0 0 -1 
1 3.1415926535897989 0 0 -1 
7 0 0  3 25 23  6.2831853071795862 -23.1875  6.2349597021748799 -23.173715987484819  6.1392474995991924 -23.146771219370617  5.9968788398398072 -23.107365381094791  5.8563127785229598 -23.069458828528511  5.712481106113084 -23.0288270331509  5.56843403158003 -22.988001045056677  5.4249563797139517 -22.947668513152497  5.2847421818250009 -22.910053782946772  5.1417937022989291 -22.870165101217566  4.9977419173541957 -22.829336972282036  4.8537570158692001 -22.788572609075359  4.7123889803846826 -22.750000000000018  4.5710209449001713 -22.711427390924616  4.4270360434151774 -22.670663027717968  4.2829842584704476 -22.629834898782434  4.1400357789443811 -22.589946217053225  3.9998215810554365 -22.552331486847507  3.8563439291893538 -22.511998954943287  3.7122968546562967 -22.471172966849164  3.5684651822464182 -22.430541171471415  3.4278991209295704 -22.392634618905252  3.2855304611701803 -22.35322878062939  3.1898182585944981 -22.326284012515188  3.1415926535897989 -22.3125 
 0.053571428571428603 4 0.055194805194805227 1 0.056818181818181851 1 0.058441558441558475 1 0.060064935064935092 1 0.061688311688311716 1 0.063311688311688347 1 0.064935064935064957 1 0.066558441558441581 1 0.068181818181818205 1 0.069805194805194828 1 0.071428571428571452 1 0.073051948051948076 1 0.0746753246753247 1 0.076298701298701324 1 0.077922077922077948 1 0.079545454545454558 1 0.081168831168831196 1 0.082792207792207806 1 0.08441558441558443 1 0.086038961038961054 1 0.087662337662337678 1 0.089285714285714302 4
1 1.0000000000000093 3.4694469519536142e-17 -9.3258734068513389e-14 1 
1 6.2831853071795862 0 0 -1 
1 0 0 0 -1 
7 0 0  3 25 23  6.2831853071795862 -24.1875  6.2349597021748799 -24.173715987484837  6.1392474995991924 -24.146771219370638  5.9968788398398072 -24.107365381094787  5.8563127785229598 -24.069458828528507  5.712481106113084 -24.0288270331509  5.56843403158003 -23.988001045056706  5.4249563797139517 -23.94766851315249  5.2847421818250009 -23.910053782946772  5.1417937022989291 -23.870165101217566  4.9977419173541957 -23.829336972282025  4.8537570158692001 -23.78857260907532  4.7123889803846826 -23.750000000000011  4.5710209449001713 -23.711427390924612  4.4270360434151774 -23.670663027718  4.2829842584704476 -23.629834898782395  4.1400357789443802 -23.58994621705326  3.9998215810554361 -23.552331486847493  3.856343929189352 -23.511998954943301  3.7122968546562976 -23.471172966849117  3.5684651822464182 -23.430541171471408  3.4278991209295704 -23.392634618905248  3.2855304611701803 -23.353228780629394  3.1898182585944981 -23.326284012515185  3.1415926535897989 -23.3125 
 0.053571428571428603 4 0.055194805194805227 1 0.056818181818181851 1 0.058441558441558475 1 0.060064935064935092 1 0.061688311688311716 1 0.063311688311688347 1 0.064935064935064957 1 0.066558441558441581 1 0.068181818181818205 1 0.069805194805194828 1 0.071428571428571452 1 0.073051948051948076 1 0.0746753246753247 1 0.076298701298701324 1 0.077922077922077948 1 0.079545454545454558 1 0.081168831168831196 1 0.082792207792207806 1 0.08441558441558443 1 0.086038961038961054 1 0.087662337662337678 1 0.089285714285714302 4
1 2.5447520131921136e-15 2.0816681711721685e-17 1.6656082663001474e-14 1 
1 3.1415926535897989 0 0 -1 
1 3.1415926535897989 0 0 -1 
7 0 0  3 25 23  4.7123889803846897 -24.5  4.6889793231705292 -24.49369664061167  4.6418968088810706 -24.480872091669532  4.5706584913405539 -24.461124178095314  4.4989780291572812 -24.441003787365698  4.4270371058421256 -24.420662788140628  4.3550229245055547 -24.400259460650702  4.2831152352078501 -24.379946773705509  4.2115249909043797 -24.359902284428149  4.1403354339242266 -24.340195903153873  4.0700822287021126 -24.321265356799209  3.9993885269153329 -24.30197094905974  3.9280296959920102 -24.282121966348345  3.856287291996535 -24.261949139358116  3.784315288490983 -24.241581749688972  3.7123086802847243 -24.221184864815058  3.6404465204310812 -24.200910784861957  3.5689340655792705 -24.180931975853426  3.4978739218233712 -24.161333583364339  3.4277226077467193 -24.142487176077797  3.3568277743246249 -24.123026140046093  3.2853925024130453 -24.103112572852233  3.2135853389401494 -24.082884938425863  3.1655905821740706 -24.069295478042843  3.1415926535897989 -24.0625 
 0 4 0.00081168831168831369 1 0.0016233766233766274 1 0.0024350649350649411 1 0.0032467532467532548 1 0.0040584415584415685 1 0.0048701298701298822 1 0.0056818181818181959 1 0.0064935064935065095 1 0.0073051948051948232 1 0.0081168831168831369 1 0.0089285714285714506 1 0.0097402597402597643 1 0.010551948051948078 1 0.011363636363636392 1 0.012175324675324705 1 0.012987012987013019 1 0.013798701298701333 1 0.014610389610389646 1 0.01542207792207796 1 0.016233766233766274 1 0.017045454545454586 1 0.017857142857142901 4
1 1.0000000000000073 8.3050777548517999e-19 -4.1033842990145902e-13 1 
1 4.7123889803846897 -25 0 -1 
1 3.1415926535897931 -25 1 0 
1 6.2831853071795862 0 0 -1 
1 0 0 0 -1 
7 0 0  3 25 23  3.1415926535897989 -4.0625  3.0933670485850975 -4.0487159874846155  2.9976548460093948 -4.0217712193702937  2.8552861862499621 -3.9823653810947084  2.7147201249331423 -3.9444588285285569  2.5708884525232776 -3.9038270331508902  2.4268413779902387 -3.8630010450566994  2.2833637261241697 -3.8226685131525011  2.1431495282352295 -3.7850537829467585  2.0002010487091555 -3.7451651012175229  1.8561492637644159 -3.7043369722820545  1.7121643622794172 -3.6635726090753411  1.5707963267948957 -3.6250000000000084  1.4294282913103755 -3.5864273909246207  1.2854433898253745 -3.5456630277179895  1.1413916048806352 -3.5048348987824252  0.99844312535456292 -3.464946217053233  0.85822892746561152 -3.4273314868474953  0.71475127559952178 -3.3869989549433179  0.57070420106646413 -3.3461729668491254  0.42687252865657632 -3.3055411714714467  0.28630646733972587 -3.2676346189051744  0.14393780758035521 -3.228228780629061  0.048225605004690329 -3.2012840125149782  0 -3.1875 
 0.875 4 0.87662337662337664 1 0.87824675324675328 1 0.87987012987012991 1 0.88149350649350655 1 0.88311688311688319 1 0.88474025974025983 1 0.88636363636363646 1 0.8879870129870131 1 0.88961038961038974 1 0.89123376623376638 1 0.89285714285714302 1 0.89448051948051965 1 0.89610389610389629 1 0.89772727272727293 1 0.89935064935064957 1 0.9009740259740262 1 0.90259740259740284 1 0.90422077922077948 1 0.90584415584415612 1 0.90746753246753276 1 0.90909090909090939 1 0.91071428571428603 4
1 -1.4968250605282652e-14 -5.5511151231257827e-16 8.7653711265230519e-15 1 
7 0 0  3 25 23  3.1415926535897989 -4.8125  3.0933670485850957 -4.7987159874850285  2.9976548460093984 -4.7717712193709447  2.8552861862499719 -4.7323653810948034  2.714720124933137 -4.6944588285285436  2.570888452523254 -4.6538270331508542  2.4268413779901996 -4.6130010450566825  2.2833637261241102 -4.5726685131525251  2.1431495282351611 -4.5350537829467665  2.0002010487090915 -4.4951651012175571  1.8561492637643611 -4.454336972281987  1.7121643622793661 -4.4135726090753273  1.570796326794843 -4.3750000000000409  1.4294282913103507 -4.3364273909245936  1.2854433898253725 -4.2956630277179872  1.1413916048806603 -4.2548348987824545  0.99844312535461066 -4.2149462170532059  0.85822892746567259 -4.177331486847482  0.71475127559958929 -4.1369989549433166  0.5707042010665363 -4.0961729668491378  0.42687252865665004 -4.0555411714714031  0.28630646733981008 -4.0176346189053316  0.14393780758039001 -3.9782287806296788  0.048225605004698961 -3.951284012515361  0 -3.9375 
 0.80357142857142905 4 0.80519480519480569 1 0.80681818181818221 1 0.80844155844155885 1 0.81006493506493538 1 0.81168831168831201 1 0.81331168831168854 1 0.81493506493506518 1 0.81655844155844171 1 0.81818181818181834 1 0.81980519480519487 1 0.82142857142857151 1 0.82305194805194815 1 0.82467532467532467 1 0.82629870129870131 1 0.82792207792207784 1 0.82954545454545447 1 0.831168831168831 1 0.83279220779220764 1 0.83441558441558417 1 0.8360389610389608 1 0.83766233766233733 1 0.83928571428571397 4
1 0.99999999999941358 -5.5511151231257827e-16 7.1809225232754489e-13 1 
7 0 0  3 25 23  3.1415926535897989 -5.8125  3.0933670485850957 -5.7987159874850187  2.9976548460093984 -5.7717712193709376  2.8552861862499719 -5.7323653810948425  2.714720124933137 -5.6944588285284823  2.570888452523254 -5.6538270331508924  2.4268413779901996 -5.6130010450566736  2.2833637261241102 -5.572668513152526  2.1431495282351611 -5.5350537829467683  2.0002010487090915 -5.4951651012175473  1.8561492637643611 -5.4543369722820252  1.7121643622793661 -5.4135726090753522  1.570796326794843 -5.3749999999999902  1.4294282913103507 -5.3364273909245998  1.2854433898253725 -5.2956630277180086  1.1413916048806603 -5.2548348987824491  0.99844312535461066 -5.2149462170532077  0.85822892746567259 -5.177331486847482  0.71475127559958929 -5.1369989549433184  0.5707042010665363 -5.0961729668491307  0.42687252865665004 -5.055541171471428  0.28630646733981008 -5.0176346189053236  0.14393780758039001 -4.9782287806296797  0.048225605004698961 -4.9512840125153623  0 -4.9375 
 0.80357142857142905 4 0.80519480519480569 1 0.80681818181818221 1 0.80844155844155885 1 0.81006493506493538 1 0.81168831168831201 1 0.81331168831168854 1 0.81493506493506518 1 0.81655844155844171 1 0.81818181818181834 1 0.81980519480519487 1 0.82142857142857151 1 0.82305194805194815 1 0.82467532467532467 1 0.82629870129870131 1 0.82792207792207784 1 0.82954545454545447 1 0.831168831168831 1 0.83279220779220764 1 0.83441558441558417 1 0.8360389610389608 1 0.83766233766233733 1 0.83928571428571397 4
1 -4.8156458110556473e-13 -5.5511151231257827e-16 5.9019773139748549e-13 1 
7 0 0  3 25 23  3.1415926535897989 -6.5625  3.0933670485851046 -6.5487159874850089  2.9976548460094312 -6.5217712193709199  2.8552861862500527 -6.4823653810948256  2.7147201249332116 -6.4444588285285676  2.5708884525233326 -6.4038270331509031  2.426841377990272 -6.3630010450566381  2.2833637261241795 -6.3226685131525651  2.1431495282352264 -6.2850537829467354  2.0002010487091559 -6.2451651012175526  1.8561492637644159 -6.2043369722820465  1.7121643622794172 -6.1635726090753433  1.5707963267948957 -6.1250000000000036  1.4294282913103755 -6.0864273909246371  1.2854433898253745 -6.045663027718013  1.1413916048806352 -6.0048348987823958  0.99844312535456292 -5.9649462170532379  0.85822892746561152 -5.9273314868475007  0.71475127559952178 -5.8869989549432944  0.57070420106646425 -5.8461729668491316  0.42687252865657588 -5.8055411714714449  0.28630646733972737 -5.7676346189051753  0.1439378075803564 -5.7282287806290606  0.048225605004690843 -5.7012840125149786  0 -5.6875 
 0.73214285714285698 4 0.73376623376623362 1 0.73538961038961026 1 0.7370129870129869 1 0.73863636363636354 1 0.74025974025974017 1 0.74188311688311681 1 0.74350649350649345 1 0.74512987012987009 1 0.74675324675324672 1 0.74837662337662336 1 0.75 1 0.75162337662337664 1 0.75324675324675328 1 0.75487012987012991 1 0.75649350649350655 1 0.75811688311688319 1 0.75974025974025983 1 0.76136363636363646 1 0.7629870129870131 1 0.76461038961038974 1 0.76623376623376638 1 0.76785714285714302 4
1 1.0000000000000051 -1.1102230246251565e-16 -1.5543122344752198e-14 1 
7 0 0  3 25 23  3.1415926535897989 -7.5625  3.0933670485851046 -7.5487159874846181  2.9976548460094312 -7.5217712193703079  2.8552861862500527 -7.4823653810947386  2.7147201249332116 -7.4444588285285906  2.5708884525233326 -7.403827033150896  2.426841377990272 -7.3630010450566417  2.2833637261241795 -7.3226685131525562  2.1431495282352264 -7.2850537829467656  2.0002010487091559 -7.2451651012175216  1.8561492637644159 -7.2043369722820607  1.7121643622794172 -7.1635726090753158  1.5707963267948957 -7.1250000000000178  1.4294282913103755 -7.0864273909246123  1.2854433898253745 -7.045663027718013  1.1413916048806352 -7.0048348987824189  0.99844312535456292 -6.9649462170532344  0.85822892746561141 -6.9273314868474944  0.71475127559952178 -6.8869989549433175  0.57070420106646425 -6.8461729668491254  0.42687252865657588 -6.8055411714714458  0.28630646733972737 -6.7676346189051744  0.1439378075803564 -6.7282287806290615  0.048225605004690843 -6.7012840125149786  0 -6.6875 
 0.73214285714285698 4 0.73376623376623362 1 0.73538961038961026 1 0.7370129870129869 1 0.73863636363636354 1 0.74025974025974017 1 0.74188311688311681 1 0.74350649350649345 1 0.74512987012987009 1 0.74675324675324672 1 0.74837662337662336 1 0.75 1 0.75162337662337664 1 0.75324675324675328 1 0.75487012987012991 1 0.75649350649350655 1 0.75811688311688319 1 0.75974025974025983 1 0.76136363636363646 1 0.7629870129870131 1 0.76461038961038974 1 0.76623376623376638 1 0.76785714285714302 4
1 1.496756769918311e-13 -1.1102230246251565e-16 -1.9475111422894141e-13 1 
7 0 0  3 25 23  3.1415926535897989 -8.3125  3.0933670485850961 -8.2987159874850231  2.9976548460093917 -8.2717712193709261  2.8552861862499581 -8.2323653810947803  2.7147201249331188 -8.1944588285284983  2.5708884525232274 -8.1538270331508844  2.426841377990169 -8.1130010450566861  2.2833637261240671 -8.0726685131524754  2.1431495282351181 -8.0350537829467861  2.0002010487090658 -7.9951651012175269  1.8561492637643435 -7.9543369722820119  1.7121643622793596 -7.9135726090753353  1.5707963267948641 -7.8749999999999964  1.4294282913103309 -7.8364273909245972  1.2854433898253301 -7.7956630277180059  1.1413916048805848 -7.7548348987823879  0.99844312535451363 -7.7149462170531971  0.85822892746555401 -7.6773314868474989  0.71475127559945728 -7.6369989549432553  0.57070420106639375 -7.5961729668491103  0.42687252865650016 -7.5555411714714094  0.28630646733964016 -7.5176346189051708  0.14393780758027316 -7.4782287806290242  0.048225605004650701 -7.4512840125149546  0 -7.4375 
 0.66071428571428603 4 0.66233766233766267 1 0.66396103896103942 1 0.66558441558441606 1 0.66720779220779269 1 0.66883116883116944 1 0.67045454545454608 1 0.67207792207792283 1 0.67370129870129947 1 0.6753246753246761 1 0.67694805194805285 1 0.67857142857142949 1 0.68019480519480613 1 0.68181818181818288 1 0.68344155844155952 1 0.68506493506493615 1 0.6866883116883129 1 0.68831168831168954 1 0.68993506493506629 1 0.69155844155844293 1 0.69318181818181956 1 0.69480519480519631 1 0.69642857142857295 4
1 0.99999999999965472 -5.5511151231257827e-16 5.1914028631471855e-13 1 
7 0 0  3 25 23  3.1415926535897989 -9.3125  3.0933670485850961 -9.2987159874850178  2.9976548460093917 -9.2717712193709243  2.8552861862499581 -9.2323653810947945  2.7147201249331188 -9.1944588285285214  2.5708884525232278 -9.1538270331508631  2.4268413779901685 -9.1130010450566719  2.2833637261240671 -9.0726685131524771  2.1431495282351181 -9.0350537829467914  2.0002010487090658 -8.9951651012175109  1.8561492637643435 -8.9543369722819861  1.7121643622793596 -8.9135726090753646  1.5707963267948641 -8.8749999999999929  1.4294282913103309 -8.8364273909245803  1.2854433898253301 -8.7956630277179961  1.1413916048805848 -8.7548348987823577  0.99844312535451363 -8.714946217053237  0.85822892746555401 -8.6773314868474589  0.71475127559945728 -8.6369989549432855  0.57070420106639375 -8.5961729668491103  0.42687252865650016 -8.5555411714713809  0.28630646733964016 -8.5176346189052001  0.14393780758027316 -8.4782287806290206  0.048225605004650701 -8.4512840125149449  0 -8.4375 
 0.66071428571428603 4 0.66233766233766267 1 0.66396103896103942 1 0.66558441558441606 1 0.66720779220779269 1 0.66883116883116944 1 0.67045454545454608 1 0.67207792207792283 1 0.67370129870129947 1 0.6753246753246761 1 0.67694805194805285 1 0.67857142857142949 1 0.68019480519480613 1 0.68181818181818288 1 0.68344155844155952 1 0.68506493506493615 1 0.6866883116883129 1 0.68831168831168954 1 0.68993506493506629 1 0.69155844155844293 1 0.69318181818181956 1 0.69480519480519631 1 0.69642857142857295 4
1 -1.9764691732760264e-13 -5.5511151231257827e-16 2.8809483084651297e-13 1 
7 0 0  3 25 23  3.1415926535897989 -10.0625  3.0933670485851064 -10.048715987484625  2.9976548460094339 -10.021771219370313  2.8552861862500536 -9.9823653810947093  2.7147201249332116 -9.9444588285286173  2.5708884525233331 -9.903827033150824  2.4268413779902729 -9.863001045056734  2.2833637261241799 -9.8226685131525091  2.1431495282352255 -9.7850537829467701  2.0002010487091564 -9.74516510121755  1.8561492637644159 -9.7043369722820234  1.7121643622794167 -9.6635726090753487  1.5707963267948959 -9.6250000000000071  1.4294282913103755 -9.586427390924614  1.2854433898253745 -9.5456630277180103  1.1413916048806352 -9.504834898782434  0.99844312535456292 -9.4649462170532583  0.85822892746561141 -9.4273314868474714  0.71475127559952178 -9.3869989549433086  0.57070420106646413 -9.3461729668491031  0.42687252865657627 -9.3055411714714573  0.28630646733972587 -9.2676346189051486  0.14393780758035521 -9.2282287806290668  0.048225605004690315 -9.2012840125149857  0 -9.1875 
 0.58928571428571397 4 0.59090909090909061 1 0.59253246753246724 1 0.59415584415584388 1 0.59577922077922052 1 0.59740259740259716 1 0.5990259740259738 1 0.60064935064935043 1 0.60227272727272707 1 0.60389610389610371 1 0.60551948051948035 1 0.60714285714285698 1 0.60876623376623362 1 0.61038961038961026 1 0.6120129870129869 1 0.61363636363636354 1 0.61525974025974017 1 0.61688311688311681 1 0.61850649350649345 1 0.62012987012987009 1 0.62175324675324672 1 0.62337662337662336 1 0.625 4
1 1.0000000000001301 4.4408920985006262e-16 -2.1138646388862991e-13 1 
7 0 0  3 25 23  3.1415926535897989 -11.0625  3.0933670485851064 -11.048715987484609  2.9976548460094339 -11.021771219370292  2.8552861862500536 -10.982365381094722  2.7147201249332116 -10.944458828528594  2.5708884525233331 -10.903827033150895  2.4268413779902729 -10.863001045056647  2.2833637261241799 -10.822668513152539  2.1431495282352255 -10.785053782946745  2.0002010487091564 -10.745165101217545  1.8561492637644159 -10.704336972282071  1.7121643622794167 -10.663572609075331  1.5707963267948959 -10.625000000000023  1.4294282913103755 -10.586427390924571  1.2854433898253745 -10.545663027718001  1.1413916048806352 -10.50483489878242  0.99844312535456292 -10.464946217053239  0.85822892746561141 -10.427331486847473  0.71475127559952178 -10.386998954943307  0.57070420106646413 -10.346172966849103  0.42687252865657627 -10.305541171471457  0.28630646733972587 -10.267634618905149  0.14393780758035521 -10.228228780629069  0.048225605004690315 -10.201284012514984  0 -10.1875 
 0.58928571428571397 4 0.59090909090909061 1 0.59253246753246724 1 0.59415584415584388 1 0.59577922077922052 1 0.59740259740259716 1 0.5990259740259738 1 0.60064935064935043 1 0.60227272727272707 1 0.60389610389610371 1 0.60551948051948035 1 0.60714285714285698 1 0.60876623376623362 1 0.61038961038961026 1 0.6120129870129869 1 0.61363636363636354 1 0.61525974025974017 1 0.61688311688311681 1 0.61850649350649345 1 0.62012987012987009 1 0.62175324675324672 1 0.62337662337662336 1 0.625 4
1 2.0152886635106984e-15 4.4408920985006262e-16 9.2156185950340976e-15 1 
7 0 0  3 25 23  3.1415926535897989 -11.8125  3.0933670485850948 -11.798715987485028  2.9976548460093904 -11.771771219370944  2.855286186249963 -11.732365381094807  2.7147201249331423 -11.694458828528539  2.5708884525232776 -11.653827033150863  2.4268413779902391 -11.613001045056738  2.2833637261241706 -11.572668513152461  2.1431495282352286 -11.535053782946784  2.0002010487091555 -11.495165101217543  1.8561492637644159 -11.454336972282027  1.7121643622794167 -11.413572609075345  1.5707963267948959 -11.375000000000014  1.4294282913103755 -11.336427390924595  1.2854433898253745 -11.295663027718001  1.1413916048806352 -11.25483489878239  0.99844312535456292 -11.214946217053269  0.85822892746561141 -11.177331486847473  0.71475127559952178 -11.136998954943282  0.57070420106646413 -11.096172966849128  0.42687252865657627 -11.05554117147147  0.28630646733972587 -11.017634618905245  0.14393780758035521 -10.978228780629697  0.048225605004690315 -10.951284012515382  0 -10.937499999999986 
 0.51785714285714302 4 0.51948051948051965 1 0.52110389610389629 1 0.52272727272727293 1 0.52435064935064957 1 0.5259740259740262 1 0.52759740259740284 1 0.52922077922077948 1 0.53084415584415612 1 0.53246753246753276 1 0.53409090909090939 1 0.53571428571428603 1 0.53733766233766267 1 0.53896103896103931 1 0.54058441558441594 1 0.54220779220779258 1 0.54383116883116922 1 0.54545454545454586 1 0.5470779220779225 1 0.54870129870129913 1 0.55032467532467577 1 0.55194805194805241 1 0.55357142857142905 4
1 0.9999999999997532 -5.5511151231257827e-16 4.7561954374941141e-13 1 
7 0 0  3 25 23  3.1415926535897989 -12.8125  3.0933670485850948 -12.798715987485004  2.9976548460093904 -12.771771219370917  2.855286186249963 -12.732365381094846  2.7147201249331423 -12.694458828528496  2.5708884525232776 -12.653827033150908  2.4268413779902391 -12.613001045056697  2.2833637261241706 -12.572668513152497  2.1431495282352286 -12.535053782946775  2.0002010487091555 -12.495165101217548  1.8561492637644159 -12.454336972282027  1.7121643622794167 -12.413572609075343  1.5707963267948959 -12.375000000000021  1.4294282913103755 -12.33642739092457  1.2854433898253745 -12.29566302771801  1.1413916048806352 -12.254834898782386  0.99844312535456292 -12.214946217053269  0.85822892746561141 -12.177331486847468  0.71475127559952178 -12.1369989549433  0.57070420106646413 -12.096172966849142  0.42687252865657627 -12.055541171471399  0.28630646733972581 -12.017634618905264  0.14393780758035521 -11.97822878062969  0.048225605004690343 -11.951284012515385  0 -11.937500000000014 
 0.51785714285714302 4 0.51948051948051965 1 0.52110389610389629 1 0.52272727272727293 1 0.52435064935064957 1 0.5259740259740262 1 0.52759740259740284 1 0.52922077922077948 1 0.53084415584415612 1 0.53246753246753276 1 0.53409090909090939 1 0.53571428571428603 1 0.53733766233766267 1 0.53896103896103931 1 0.54058441558441594 1 0.54220779220779258 1 0.54383116883116922 1 0.54545454545454586 1 0.5470779220779225 1 0.54870129870129913 1 0.55032467532467577 1 0.55194805194805241 1 0.55357142857142905 4
1 -1.1507979902688677e-13 -5.5511151231257827e-16 2.0812931436141015e-13 1 
7 0 0  3 25 23  3.1415926535897989 -13.5625  3.0933670485851064 -13.548715987485036  2.9976548460094339 -13.521771219370946  2.8552861862500536 -13.482365381094777  2.7147201249332116 -13.444458828528562  2.5708884525233322 -13.403827033150897  2.4268413779902729 -13.363001045056665  2.2833637261241799 -13.322668513152545  2.1431495282352255 -13.285053782946784  2.0002010487091568 -13.245165101217538  1.8561492637644175 -13.204336972282054  1.7121643622794198 -13.163572609075334  1.5707963267949014 -13.125000000000034  1.4294282913103795 -13.086427390924607  1.2854433898253768 -13.045663027718016  1.1413916048806378 -13.00483489878242  0.99844312535456081 -12.964946217053216  0.85822892746561918 -12.927331486847486  0.71475127559955565 -12.886998954943286  0.5707042010665172 -12.846172966849178  0.42687252865664937 -12.805541171471441  0.28630646733981657 -12.767634618905227  0.14393780758039354 -12.728228780629033  0.048225605004698392 -12.701284012514952  0 -12.6875 
 0.44642857142857101 4 0.44805194805194765 1 0.44967532467532428 1 0.45129870129870092 1 0.45292207792207756 1 0.4545454545454542 1 0.45616883116883084 1 0.45779220779220747 1 0.45941558441558411 1 0.46103896103896075 1 0.46266233766233733 1 0.46428571428571397 1 0.46590909090909061 1 0.46753246753246724 1 0.46915584415584388 1 0.47077922077922052 1 0.47240259740259716 1 0.4740259740259738 1 0.47564935064935043 1 0.47727272727272707 1 0.47889610389610371 1 0.48051948051948035 1 0.48214285714285698 4
1 0.99999999999990286 4.4408920985006262e-16 2.1760371282652841e-13 1 
7 0 0  3 25 23  3.1415926535897989 -14.5625  3.0933670485851064 -14.548715987485012  2.9976548460094339 -14.521771219370926  2.8552861862500536 -14.482365381094805  2.7147201249332116 -14.444458828528557  2.5708884525233322 -14.403827033150877  2.4268413779902729 -14.363001045056668  2.2833637261241795 -14.322668513152548  2.1431495282352264 -14.285053782946763  2.0002010487091559 -14.245165101217548  1.8561492637644179 -14.204336972282045  1.7121643622794198 -14.163572609075359  1.5707963267949014 -14.125000000000028  1.4294282913103795 -14.086427390924618  1.2854433898253768 -14.045663027717989  1.1413916048806378 -14.004834898782429  0.99844312535456081 -13.964946217053212  0.85822892746561918 -13.927331486847484  0.71475127559955565 -13.886998954943296  0.5707042010665172 -13.846172966849146  0.42687252865664937 -13.805541171471475  0.28630646733981657 -13.767634618905211  0.14393780758039354 -13.728228780629056  0.048225605004698392 -13.701284012514966  0 -13.6875 
 0.44642857142857101 4 0.44805194805194765 1 0.44967532467532428 1 0.45129870129870092 1 0.45292207792207756 1 0.4545454545454542 1 0.45616883116883084 1 0.45779220779220747 1 0.45941558441558411 1 0.46103896103896075 1 0.46266233766233733 1 0.46428571428571397 1 0.46590909090909061 1 0.46753246753246724 1 0.46915584415584388 1 0.47077922077922052 1 0.47240259740259716 1 0.4740259740259738 1 0.47564935064935043 1 0.47727272727272707 1 0.47889610389610371 1 0.48051948051948035 1 0.48214285714285698 4
1 1.6673022921817456e-13 4.4408920985006262e-16 -3.4060962946242866e-13 1 
7 0 0  3 25 23  3.1415926535897989 -15.3125  3.0933670485851064 -15.298715987485027  2.9976548460094339 -15.271771219370944  2.8552861862500536 -15.232365381094803  2.7147201249332116 -15.194458828528553  2.5708884525233331 -15.153827033150895  2.4268413779902733 -15.113001045056677  2.2833637261241813 -15.0726685131525  2.1431495282352273 -15.035053782946774  2.0002010487091568 -14.995165101217541  1.8561492637644166 -14.954336972282057  1.7121643622794167 -14.913572609075317  1.5707963267948981 -14.875000000000018  1.4294282913103789 -14.836427390924621  1.2854433898253799 -14.795663027717993  1.1413916048806394 -14.754834898782406  0.99844312535456847 -14.714946217053216  0.85822892746561319 -14.677331486847498  0.71475127559952789 -14.636998954943317  0.57070420106646824 -14.596172966849112  0.42687252865657521 -14.555541171471409  0.28630646733972609 -14.517634618905161  0.1439378075803551 -14.478228780629065  0.048225605004690329 -14.45128401251498  0 -14.4375 
 0.375 4 0.37662337662337664 1 0.37824675324675328 1 0.37987012987012991 1 0.38149350649350655 1 0.38311688311688319 1 0.38474025974025983 1 0.38636363636363646 1 0.3879870129870131 1 0.38961038961038974 1 0.39123376623376638 1 0.39285714285714302 1 0.3944805194805196 1 0.39610389610389624 1 0.39772727272727287 1 0.39935064935064951 1 0.40097402597402615 1 0.40259740259740279 1 0.40422077922077942 1 0.40584415584415606 1 0.4074675324675327 1 0.40909090909090934 1 0.41071428571428598 4
1 1 -5.5511151231257827e-17 1.8651746813702696e-14 1 
7 0 0  3 25 23  3.1415926535897989 -16.3125  3.0933670485851064 -16.298715987485014  2.9976548460094339 -16.271771219370926  2.8552861862500536 -16.232365381094809  2.7147201249332116 -16.194458828528553  2.5708884525233331 -16.1538270331509  2.4268413779902733 -16.11300104505667  2.2833637261241813 -16.072668513152522  2.1431495282352273 -16.035053782946775  2.0002010487091568 -15.995165101217516  1.8561492637644166 -15.954336972282055  1.7121643622794167 -15.913572609075338  1.5707963267948981 -15.875000000000011  1.4294282913103789 -15.836427390924621  1.2854433898253799 -15.795663027717994  1.1413916048806394 -15.754834898782404  0.99844312535456847 -15.714946217053223  0.85822892746561319 -15.677331486847471  0.71475127559952789 -15.636998954943325  0.57070420106646824 -15.596172966849123  0.42687252865657521 -15.55554117147145  0.28630646733972609 -15.517634618905157  0.1439378075803551 -15.478228780629049  0.048225605004690329 -15.451284012514972  0 -15.4375 
 0.375 4 0.37662337662337664 1 0.37824675324675328 1 0.37987012987012991 1 0.38149350649350655 1 0.38311688311688319 1 0.38474025974025983 1 0.38636363636363646 1 0.3879870129870131 1 0.38961038961038974 1 0.39123376623376638 1 0.39285714285714302 1 0.3944805194805196 1 0.39610389610389624 1 0.39772727272727287 1 0.39935064935064951 1 0.40097402597402615 1 0.40259740259740279 1 0.40422077922077942 1 0.40584415584415606 1 0.4074675324675327 1 0.40909090909090934 1 0.41071428571428598 4
1 1.4240096997086015e-13 -5.5511151231257827e-17 -3.406096294624334e-13 1 
7 0 0  3 25 23  3.1415926535897989 -17.0625  3.0933670485850966 -17.048715987485036  2.9976548460093979 -17.021771219370958  2.8552861862499737 -16.982365381094823  2.7147201249331374 -16.944458828528536  2.570888452523258 -16.903827033150865  2.4268413779902045 -16.863001045056659  2.2833637261241173 -16.822668513152507  2.1431495282351696 -16.785053782946765  2.0002010487091 -16.745165101217584  1.8561492637643637 -16.704336972281983  1.712164362279369 -16.663572609075398  1.5707963267948475 -16.62499999999994  1.4294282913103578 -16.586427390924666  1.2854433898253788 -16.545663027717975  1.1413916048806632 -16.50483489878243  0.99844312535461355 -16.464946217053235  0.85822892746567481 -16.427331486847486  0.71475127559959217 -16.386998954943348  0.57070420106653685 -16.34617296684911  0.42687252865665126 -16.305541171471479  0.28630646733980653 -16.267634618905234  0.14393780758038857 -16.228228780629053  0.048225605004697497 -16.201284012514961  0 -16.1875 
 0.30357142857142899 4 0.30519480519480557 1 0.30681818181818216 1 0.30844155844155879 1 0.31006493506493538 1 0.31168831168831196 1 0.31331168831168854 1 0.31493506493506512 1 0.31655844155844171 1 0.31818181818181834 1 0.31980519480519493 1 0.32142857142857151 1 0.32305194805194809 1 0.32467532467532467 1 0.32629870129870131 1 0.32792207792207789 1 0.32954545454545447 1 0.33116883116883106 1 0.33279220779220764 1 0.33441558441558428 1 0.33603896103896086 1 0.33766233766233744 1 0.33928571428571402 4
1 1.0000000000000902 -5.5511151231257827e-16 -2.7355895326763529e-13 1 
7 0 0  3 25 23  3.1415926535897989 -18.0625  3.0933670485850966 -18.048715987485028  2.9976548460093979 -18.02177121937094  2.8552861862499737 -17.982365381094809  2.7147201249331374 -17.944458828528518  2.570888452523258 -17.903827033150868  2.4268413779902045 -17.863001045056656  2.2833637261241173 -17.822668513152514  2.1431495282351696 -17.785053782946736  2.0002010487091 -17.745165101217584  1.8561492637643637 -17.704336972281997  1.712164362279369 -17.663572609075338  1.5707963267948475 -17.624999999999993  1.4294282913103578 -17.586427390924605  1.2854433898253788 -17.545663027717993  1.1413916048806632 -17.50483489878243  0.99844312535461355 -17.464946217053207  0.85822892746567458 -17.4273314868475  0.71475127559959217 -17.386998954943316  0.57070420106653685 -17.346172966849121  0.42687252865665126 -17.305541171471464  0.28630646733980653 -17.267634618905209  0.14393780758038857 -17.228228780629081  0.048225605004697497 -17.201284012514979  0 -17.1875 
 0.30357142857142899 4 0.30519480519480557 1 0.30681818181818216 1 0.30844155844155879 1 0.31006493506493538 1 0.31168831168831196 1 0.31331168831168854 1 0.31493506493506512 1 0.31655844155844171 1 0.31818181818181834 1 0.31980519480519493 1 0.32142857142857151 1 0.32305194805194809 1 0.32467532467532467 1 0.32629870129870131 1 0.32792207792207789 1 0.32954545454545447 1 0.33116883116883106 1 0.33279220779220764 1 0.33441558441558428 1 0.33603896103896086 1 0.33766233766233744 1 0.33928571428571402 4
1 5.0682677459309979e-14 -5.5511151231257827e-16 -1.4198932089416579e-13 1 
7 0 0  3 25 23  3.1415926535897989 -18.8125  3.0933670485851068 -18.798715987485018  2.9976548460094401 -18.77177121937094  2.8552861862500665 -18.73236538109483  2.7147201249332373 -18.694458828528514  2.5708884525233624 -18.653827033150925  2.4268413779903102 -18.613001045056688  2.2833637261242301 -18.572668513152514  2.1431495282352757 -18.535053782946804  2.0002010487091906 -18.495165101217584  1.8561492637644394 -18.454336972282015  1.7121643622794305 -18.413572609075356  1.5707963267948835 -18.374999999999996  1.4294282913104051 -18.336427390924648  1.2854433898254289 -18.295663027718  1.1413916048807196 -18.254834898782434  0.99844312535467517 -18.214946217053274  0.85822892746573576 -18.177331486847503  0.71475127559966112 -18.13699895494333  0.57070420106660991 -18.096172966849156  0.42687252865672337 -18.055541171471493  0.28630646733989112 -18.01763461890522  0.14393780758047084 -17.978228780629092  0.04822560500473598 -17.951284012514993  0 -17.9375 
 0.23214285714285701 4 0.23376623376623357 1 0.23538961038961009 1 0.23701298701298665 1 0.2386363636363632 1 0.24025974025973973 1 0.24188311688311628 1 0.24350649350649284 1 0.24512987012986936 1 0.24675324675324592 1 0.24837662337662247 1 0.249999999999999 1 0.25162337662337558 1 0.25324675324675211 1 0.25487012987012864 1 0.25649350649350522 1 0.25811688311688175 1 0.25974025974025827 1 0.26136363636363485 1 0.26298701298701138 1 0.26461038961038791 1 0.26623376623376449 1 0.26785714285714102 4
1 0.99999999999993949 4.4408920985006262e-16 2.5490720645394023e-13 1 
7 0 0  3 25 23  3.1415926535897989 -19.8125  3.0933670485851068 -19.798715987484815  2.9976548460094401 -19.771771219370621  2.8552861862500665 -19.732365381094802  2.7147201249332373 -19.694458828528528  2.5708884525233624 -19.653827033150915  2.4268413779903102 -19.613001045056716  2.2833637261242301 -19.5726685131525  2.1431495282352757 -19.535053782946832  2.0002010487091906 -19.495165101217573  1.8561492637644394 -19.454336972282018  1.7121643622794305 -19.413572609075352  1.5707963267948835 -19.374999999999996  1.4294282913104051 -19.336427390924651  1.2854433898254289 -19.295663027717982  1.1413916048807196 -19.254834898782413  0.99844312535467517 -19.214946217053306  0.85822892746573576 -19.177331486847489  0.71475127559966112 -19.136998954943348  0.57070420106660991 -19.096172966849181  0.42687252865672337 -19.055541171471457  0.28630646733989112 -19.017634618905245  0.14393780758047084 -18.978228780629109  0.04822560500473598 -18.951284012514996  0 -18.9375 
 0.23214285714285701 4 0.23376623376623357 1 0.23538961038961009 1 0.23701298701298665 1 0.2386363636363632 1 0.24025974025973973 1 0.24188311688311628 1 0.24350649350649284 1 0.24512987012986936 1 0.24675324675324592 1 0.24837662337662247 1 0.249999999999999 1 0.25162337662337558 1 0.25324675324675211 1 0.25487012987012864 1 0.25649350649350522 1 0.25811688311688175 1 0.25974025974025827 1 0.26136363636363485 1 0.26298701298701138 1 0.26461038961038791 1 0.26623376623376449 1 0.26785714285714102 4
1 -9.0052129461323302e-14 4.4408920985006262e-16 3.5887780369519485e-13 1 
7 0 0  3 25 23  3.1415926535897989 -20.5625  3.0933670485850961 -20.54871598748483  2.9976548460093966 -20.521771219370628  2.8552861862499759 -20.482365381094755  2.7147201249331392 -20.44445882852855  2.5708884525232572 -20.403827033150886  2.4268413779902067 -20.363001045056645  2.2833637261241155 -20.322668513152543  2.1431495282351753 -20.28505378294674  2.000201048709128 -20.245165101217562  1.8561492637644124 -20.204336972282007  1.7121643622794354 -20.163572609075402  1.5707963267949441 -20.124999999999986  1.4294282913104215 -20.086427390924673  1.2854433898254263 -20.045663027717989  1.1413916048806909 -20.004834898782452  0.99844312535462021 -19.964946217053221  0.85822892746567259 -19.927331486847496  0.71475127559959206 -19.886998954943323  0.57070420106653674 -19.846172966849124  0.42687252865664965 -19.805541171471447  0.2863064673398078 -19.767634618905269  0.14393780758038849 -19.728228780629383  0.048225605004697393 -19.701284012515181  0 -19.6875 
 0.160714285714286 4 0.16233766233766259 1 0.1639610389610392 1 0.16558441558441578 1 0.16720779220779236 1 0.16883116883116897 1 0.17045454545454555 1 0.17207792207792214 1 0.17370129870129875 1 0.17532467532467533 1 0.17694805194805191 1 0.17857142857142849 1 0.1801948051948051 1 0.18181818181818168 1 0.18344155844155829 1 0.18506493506493488 1 0.18668831168831146 1 0.18831168831168804 1 0.18993506493506465 1 0.19155844155844123 1 0.19318181818181784 1 0.19480519480519443 1 0.19642857142857101 4
1 0.99999999999994993 -5.5511151231257827e-16 3.0153657348818888e-13 1 
7 0 0  3 25 23  3.1415926535897989 -21.5625  3.0933670485850961 -21.548715987484837  2.9976548460093966 -21.521771219370631  2.8552861862499759 -21.482365381094741  2.7147201249331392 -21.444458828528525  2.5708884525232572 -21.403827033150893  2.4268413779902067 -21.363001045056627  2.2833637261241155 -21.322668513152539  2.1431495282351753 -21.285053782946761  2.000201048709128 -21.24516510121757  1.8561492637644124 -21.204336972282036  1.7121643622794354 -21.163572609075366  1.5707963267949441 -21.125000000000004  1.4294282913104215 -21.086427390924641  1.2854433898254263 -21.045663027718021  1.1413916048806909 -21.004834898782441  0.99844312535462021 -20.964946217053225  0.85822892746567259 -20.927331486847493  0.71475127559959206 -20.886998954943319  0.57070420106653674 -20.846172966849146  0.42687252865664965 -20.805541171471461  0.2863064673398078 -20.767634618905266  0.14393780758038849 -20.728228780629379  0.048225605004697393 -20.701284012515185  0 -20.6875 
 0.160714285714286 4 0.16233766233766259 1 0.1639610389610392 1 0.16558441558441578 1 0.16720779220779236 1 0.16883116883116897 1 0.17045454545454555 1 0.17207792207792214 1 0.17370129870129875 1 0.17532467532467533 1 0.17694805194805191 1 0.17857142857142849 1 0.1801948051948051 1 0.18181818181818168 1 0.18344155844155829 1 0.18506493506493488 1 0.18668831168831146 1 0.18831168831168804 1 0.18993506493506465 1 0.19155844155844123 1 0.19318181818181784 1 0.19480519480519443 1 0.19642857142857101 4
1 -2.1964716924476415e-14 -5.8286708792820718e-16 1.6020470411652314e-13 1 
7 0 0  3 25 23  3.1415926535897989 -22.3125  3.0933670485851024 -22.298715987484833  2.9976548460094188 -22.271771219370645  2.8552861862500198 -22.232365381094777  2.7147201249331849 -22.194458828528521  2.5708884525233033 -22.153827033150886  2.4268413779902502 -22.113001045056677  2.2833637261241617 -22.072668513152504  2.1431495282352109 -22.035053782946772  2.0002010487091386 -21.99516510121757  1.8561492637644015 -21.954336972282018  1.7121643622794025 -21.913572609075349  1.570796326794883 -21.875000000000007  1.4294282913103629 -21.836427390924619  1.2854433898253641 -21.795663027717993  1.1413916048806254 -21.754834898782406  0.99844312535455504 -21.714946217053221  0.85822892746560342 -21.677331486847482  0.71475127559951801 -21.636998954943323  0.5707042010664588 -21.596172966849128  0.42687252865657344 -21.555541171471429  0.28630646733972548 -21.517634618905255  0.1439378075803521 -21.478228780629347  0.048225605004688255 -21.451284012515156  0 -21.4375 
 0.089285714285714302 4 0.090909090909090925 1 0.092532467532467549 1 0.094155844155844173 1 0.095779220779220797 1 0.097402597402597407 1 0.099025974025974045 1 0.10064935064935066 1 0.10227272727272728 1 0.1038961038961039 1 0.10551948051948053 1 0.10714285714285715 1 0.10876623376623377 1 0.1103896103896104 1 0.11201298701298702 1 0.11363636363636365 1 0.11525974025974026 1 0.11688311688311689 1 0.1185064935064935 1 0.12012987012987013 1 0.12175324675324675 1 0.12337662337662338 1 0.125 4
1 0.99999999999997491 -4.163336342344337e-17 2.7355895326763771e-13 1 
7 0 0  3 25 23  3.1415926535897989 -23.3125  3.0933670485851024 -23.298715987484822  2.9976548460094188 -23.271771219370621  2.8552861862500198 -23.232365381094784  2.7147201249331849 -23.194458828528536  2.5708884525233033 -23.153827033150904  2.4268413779902502 -23.113001045056677  2.2833637261241617 -23.072668513152504  2.1431495282352109 -23.035053782946765  2.0002010487091386 -22.995165101217594  1.8561492637644015 -22.954336972282018  1.7121643622794025 -22.913572609075331  1.570796326794883 -22.874999999999993  1.4294282913103629 -22.836427390924673  1.2854433898253641 -22.795663027717953  1.1413916048806256 -22.754834898782434  0.99844312535455493 -22.714946217053235  0.85822892746560342 -22.677331486847478  0.71475127559951801 -22.636998954943294  0.5707042010664588 -22.596172966849128  0.42687252865657344 -22.555541171471447  0.28630646733972548 -22.517634618905255  0.1439378075803521 -22.478228780629333  0.048225605004688255 -22.451284012515146  0 -22.4375 
 0.089285714285714302 4 0.090909090909090925 1 0.092532467532467549 1 0.094155844155844173 1 0.095779220779220797 1 0.097402597402597407 1 0.099025974025974045 1 0.10064935064935066 1 0.10227272727272728 1 0.1038961038961039 1 0.10551948051948053 1 0.10714285714285715 1 0.10876623376623377 1 0.1103896103896104 1 0.11201298701298702 1 0.11363636363636365 1 0.11525974025974026 1 0.11688311688311689 1 0.1185064935064935 1 0.12012987012987013 1 0.12175324675324675 1 0.12337662337662338 1 0.125 4
1 3.4482921659360659e-14 -6.9388939039072284e-17 -2.5452617172951738e-13 1 
7 0 0  3 25 23  3.1415926535897989 -24.0625  3.0933670485851019 -24.048715987484805  2.9976548460094148 -24.021771219370585  2.8552861862500123 -23.982365381094759  2.7147201249331769 -23.944458828528568  2.570888452523298 -23.903827033150876  2.4268413779902431 -23.863001045056667  2.2833637261241604 -23.822668513152536  2.1431495282352104 -23.785053782946729  2.0002010487091422 -23.745165101217609  1.856149263764405 -23.704336972281997  1.7121643622794089 -23.663572609075381  1.5707963267948908 -23.624999999999986  1.4294282913103762 -23.586427390924676  1.2854433898253808 -23.545663027717961  1.1413916048806467 -23.50483489878247  0.99844312535458135 -23.464946217053242  0.85822892746562918 -23.427331486847489  0.71475127559954843 -23.386998954943316  0.57070420106649322 -23.346172966849124  0.42687252865660597 -23.30554117147144  0.28630646733975729 -23.267634618905198  0.14393780758037086 -23.228228780629397  0.048225605004694909 -23.201284012515199  0 -23.1875 
 0.017857142857142901 4 0.019480519480519525 1 0.021103896103896146 1 0.02272727272727277 1 0.024350649350649393 1 0.025974025974026014 1 0.027597402597402638 1 0.029220779220779258 1 0.030844155844155882 1 0.032467532467532506 1 0.03409090909090913 1 0.035714285714285754 1 0.037337662337662378 1 0.038961038961038995 1 0.040584415584415619 1 0.042207792207792236 1 0.04383116883116886 1 0.045454545454545484 1 0.047077922077922107 1 0.048701298701298731 1 0.050324675324675355 1 0.051948051948051979 1 0.053571428571428603 4
1 1.0000000000000071 -9.3675067702747583e-17 -8.7041485130611995e-14 1 
7 0 0  3 25 23  2.9190334514427212 -25  2.8754329830046177 -24.988212127611529  2.7879233097830243 -24.964382741525082  2.6557109124164864 -24.927851006902127  2.5218395710876091 -24.889921751882699  2.3880110521239013 -24.852026078248127  2.2552116544283916 -24.815005257138353  2.1249009258107563 -24.780052876769712  1.9917779787951373 -24.74276097019872  1.8579135563286191 -24.704833892767692  1.7241467458393791 -24.666994007524071  1.5921761334728723 -24.630664207346811  1.4614177246443698 -24.595340307155521  1.3278589735598918 -24.557680828909234  1.1939890141314566 -24.519747656319456  1.0603653115527887 -24.482032743471599  0.92941121353893452 -24.446546516667514  0.7976770828006442 -24.410413261208358  0.66393596022971268 -24.37259606355326  0.53006800582967273 -24.334665522878197  0.39681132373632111 -24.297261196940319  0.26646548021700894 -24.262280041011625  0.13377191853825229 -24.225346665251642  0.044735316117487857 -24.200238384150843  0 -24.1875 
 0.0203768081668796 4 0.021885654548904555 1 0.023394500930929509 1 0.024903347312954464 1 0.026412193694979418 1 0.027921040077004373 1 0.029429886459029327 1 0.030938732841054282 1 0.03244757922307924 1 0.033956425605104187 1 0.035465271987129149 1 0.036974118369154096 1 0.038482964751179058 1 0.039991811133204005 1 0.041500657515228967 1 0.043009503897253915 1 0.044518350279278876 1 0.046027196661303824 1 0.047536043043328785 1 0.049044889425353733 1 0.050553735807378694 1 0.052062582189403642 1 0.053571428571428603 4
1 5.4004008047968579e-15 -3.8163916471489756e-17 -3.6649361446953678e-14 1 
1 -3.1415926535897931 -25 1 0 
1 0 0 0 -1 
1 6.2831853071795862 0 0 -1 
1 6.2831853071795862 -0.5 -1 0 
1 -4.4408920985006262e-16 3.1415926535897913 1 2.8271597168564589e-16 
1 3.1415926535897967 0 0 -1 
1 3.1415926535897958 0 0 -1 
1 6.2831853071795862 0 -1 0 
7 0 0  3 69 67  0 0.020376808166879572  0.0054130967139431998 0.020264957182640406  0.016253022426556973 0.020042432297271005  0.032525444157692478 0.019711723184325101  0.048777075849766566 0.019383634451387879  0.064990902584084353 0.019057725066443022  0.081160124339935649 0.018733563190981829  0.097289511958557964 0.018410733382805713  0.11339407084422734 0.018088813767713777  0.12950107024578311 0.017767458618102201  0.14564134529614833 0.017446089510848719  0.16177591305101469 0.017123970452856067  0.1779023769382809 0.016801528703021977  0.1939857524536388 0.016478889285092852  0.20996506657190286 0.016156331064308985  0.22577695005962789 0.01583525841114819  0.24142273572241021 0.015514934749671624  0.25690288262601368 0.015195052637984614  0.27223578622630706 0.01487514577003928  0.28739014299978688 0.014554991336594728  0.30242482317357211 0.014233558851754832  0.31746833377438699 0.013913086587549523  0.33263861740251516 0.013594226088496262  0.34793600910561151 0.013275582832543729  0.36335654867697603 0.012957868285152664  0.37887121429794662 0.012641572071132538  0.39437626255007385 0.012327250825902759  0.40988248228439689 0.012015306107524893  0.42538178752283362 0.011705296015289706  0.44084559045810601 0.011396871893656594  0.45626317526709026 0.01108966839693643  0.47163086848542302 0.010783328469755391  0.4869559457809356 0.010477512740890271  0.5022508181807156 0.010171836332466135  0.51755138627427011 0.0098661116404952336  0.53284846255642571 0.0095594399187455235  0.54811912556758691 0.0092519106274346011  0.56335289224346885 0.0089443166830980129  0.57847159302740947 0.0086372901350544873  0.5933927790598309 0.0083313661817610764  0.60817499316459511 0.008025911214421701  0.62279611859278505 0.0077206111999796418  0.63726596127328949 0.0074152522334571336  0.65159829264372837 0.0071089362489080449  0.66595149919292329 0.0068035316102052186  0.68035986402303816 0.006499753128205072  0.69485736243593499 0.0061970304693884596  0.70949007791578245 0.0058950314152909902  0.72421058072138011 0.0055931121688731419  0.73902363055038833 0.0052921457251951911  0.75388335744991364 0.0049926408921866713  0.76867562836821224 0.004695352282968919  0.7834719414076724 0.0043998528026964823  0.79824139366902913 0.0041057918890911654  0.81296857470999717 0.0038128667960300546  0.82764451361753866 0.0035207674533349986  0.84226859357868966 0.0032291880265847739  0.8568492000003135 0.0029378354500631284  0.87139848277443277 0.0026463833581029219  0.88595194405681399 0.00235464748426951  0.90048457612815214 0.0020618231767569719  0.9149898077953359 0.0017682117547126841  0.92945072910097126 0.0014741488662092621  0.94380328038178507 0.0011800223971750318  0.95802943587430045 0.00088593318195035538  0.97214385693306449 0.00059146163499024576  0.98613671216673393 0.00029632891586023401  0.99539083791313399 9.891959146923941e-05  1 0 
 3.1458368451847398e-16 4 0.00017441963418669316 1 0.00034883926837307174 1 0.00052325890255945032 1 0.00069767853674582896 1 0.00087209817093220759 1 0.001046517805118586 1 0.0012209374393049646 1 0.0013953570734913433 1 0.0015697767076777219 1 0.0017441963418641006 1 0.001918615976050479 1 0.0020930356102368572 1 0.0022674552444232358 1 0.0024418748786096144 1 0.0026162945127959931 1 0.0027907141469823717 1 0.0029651337811687504 1 0.003139553415355129 1 0.0033139730495415076 1 0.0034883926837278863 1 0.0036628123179142645 1 0.0038372319521006431 1 0.0040116515862870222 1 0.0041860712204734004 1 0.0043604908546597794 1 0.0045349104888461576 1 0.0047093301230325367 1 0.0048837497572189149 1 0.005058169391405294 1 0.0052325890255916722 1 0.0054070086597780512 1 0.0055814282939644294 1 0.0057558479281508076 1 0.0059302675623371867 1 0.0061046871965235649 1 0.006279106830709944 1 0.0064535264648963222 1 0.0066279460990827013 1 0.0068023657332690795 1 0.0069767853674554585 1 0.0071512050016418367 1 0.0073256246358282149 1 0.007500044270014594 1 0.0076744639042009722 1 0.0078488835383873495 1 0.0080233031725737286 1 0.0081977228067601077 1 0.008372142440946485 1 0.0085465620751328641 1 0.0087209817093192431 1 0.0088954013435056222 1 0.0090698209776919995 1 0.0092442406118783786 1 0.0094186602460647577 1 0.0095930798802511368 1 0.0097674995144375141 1 0.0099419191486238932 1 0.010116338782810272 1 0.01029075841699665 1 0.010465178051183029 1 0.010639597685369408 1 0.010814017319555787 1 0.010988436953742164 1 0.011162856587928543 1 0.011337276222114922 1 0.0115116958563013 4
1 6.2831853071795862 0 -1 0 
1 0 1.5707963267948966 1 0 
1 6.2831853071795862 1.5707963267948966 -1 0 
1 -3.1415926535897931 0 1 0 
7 0 0  3 25 23  3.1415926535897989 -3.0625  3.0933670485850975 -3.0487159874846079  2.9976548460093948 -3.0217712193702915  2.8552861862499621 -2.9823653810947319  2.7147201249331423 -2.9444588285285502  2.5708884525232776 -2.9038270331508924  2.4268413779902387 -2.8630010450566985  2.2833637261241697 -2.8226685131525038  2.1431495282352295 -2.7850537829467501  2.0002010487091555 -2.7451651012175549  1.8561492637644159 -2.7043369722820225  1.7121643622794167 -2.66357260907535  1.5707963267948959 -2.6250000000000062  1.4294282913103755 -2.586427390924622  1.2854433898253745 -2.5456630277179868  1.1413916048806352 -2.5048348987824332  0.99844312535456292 -2.464946217053205  0.85822892746561152 -2.4273314868475144  0.71475127559952178 -2.3869989549432673  0.57070420106646413 -2.3461729668491391  0.42687252865657632 -2.3055411714714431  0.28630646733972587 -2.2676346189051757  0.14393780758035521 -2.2282287806290602  0.048225605004690329 -2.2012840125149782  0 -2.1875 
 0.875 4 0.87662337662337664 1 0.87824675324675328 1 0.87987012987012991 1 0.88149350649350655 1 0.88311688311688319 1 0.88474025974025983 1 0.88636363636363646 1 0.8879870129870131 1 0.88961038961038974 1 0.89123376623376638 1 0.89285714285714302 1 0.89448051948051965 1 0.89610389610389629 1 0.89772727272727293 1 0.89935064935064957 1 0.9009740259740262 1 0.90259740259740284 1 0.90422077922077948 1 0.90584415584415612 1 0.90746753246753276 1 0.90909090909090939 1 0.91071428571428603 4
1 1.0000000000001517 -5.5511151231257827e-16 -1.7408297026122245e-13 1 
7 0 0  3 25 23  3.1415926535897989 -2.3125  3.117594725005528 -2.3057045219572259  3.0695999682394541 -2.2921150615743211  2.9977928047665712 -2.2718874271480209  2.9263575328549938 -2.2519738599541563  2.8554626994329024 -2.2325128239222272  2.7853113853562563 -2.2136664166357272  2.7142512416003566 -2.1940680241465311  2.6427387867485463 -2.1740892151380575  2.5708766268949073 -2.1538151351849253  2.4988700186886406 -2.1334182503110575  2.426898015183089 -2.1130508606418599  2.3551556111876049 -2.0928780336516923  2.28379678026428 -2.0730290509402844  2.2131030784774914 -2.0537346432008072  2.1428498732553822 -2.0348040968461145  2.071660316275223 -2.0150977155718808  2.0000700719717499 -1.9950532262944569  1.9281623826740442 -1.9747405393492798  1.8561482013374697 -1.9543372118593718  1.7842072780223135 -1.9339962126343149  1.7125268158390372 -1.913875821904639  1.6412884982985179 -1.8941279083304725  1.594205984009057 -1.8813033593883419  1.5707963267948963 -1.875 
 0.94642857142857095 4 0.94724025974025927 1 0.94805194805194759 1 0.94886363636363591 1 0.94967532467532423 1 0.95048701298701255 1 0.95129870129870087 1 0.95211038961038919 1 0.9529220779220775 1 0.95373376623376582 1 0.95454545454545414 1 0.95535714285714246 1 0.95616883116883078 1 0.9569805194805191 1 0.95779220779220742 1 0.95860389610389574 1 0.95941558441558406 1 0.96022727272727237 1 0.96103896103896069 1 0.96185064935064901 1 0.96266233766233733 1 0.96347402597402565 1 0.96428571428571397 4
1 1.0906501189790738e-12 4.4408920985006262e-16 -1.1445181156435024e-12 1 
1 1.5707963267948963 -1.875 0 1 
7 0 0  3 25 23  3.1415926535897989 -1.3125  3.117594725005528 -1.3057045219572261  3.0695999682394541 -1.2921150615743218  2.9977928047665712 -1.2718874271480196  2.9263575328549938 -1.2519738599541623  2.8554626994329024 -1.2325128239222045  2.7853113853562563 -1.2136664166357269  2.7142512416003566 -1.194068024146554  2.6427387867485463 -1.1740892151380529  2.5708766268949073 -1.1538151351849213  2.4988700186886406 -1.1334182503110803  2.426898015183089 -1.1130508606418585  2.3551556111876049 -1.0928780336516757  2.28379678026428 -1.0730290509402676  2.2131030784774914 -1.0537346432008059  2.1428498732553822 -1.0348040968461369  2.071660316275223 -1.0150977155718774  2.0000700719717499 -0.99505322629444803  1.9281623826740442 -0.97474053934932026  1.8561482013374697 -0.95433721185939002  1.7842072780223135 -0.93399621263428723  1.7125268158390372 -0.91387582190464667  1.6412884982985179 -0.89412790833047107  1.594205984009057 -0.88130335938834037  1.5707963267948963 -0.875 
 0.94642857142857095 4 0.94724025974025927 1 0.94805194805194759 1 0.94886363636363591 1 0.94967532467532423 1 0.95048701298701255 1 0.95129870129870087 1 0.95211038961038919 1 0.9529220779220775 1 0.95373376623376582 1 0.95454545454545414 1 0.95535714285714246 1 0.95616883116883078 1 0.9569805194805191 1 0.95779220779220742 1 0.95860389610389574 1 0.95941558441558406 1 0.96022727272727237 1 0.96103896103896069 1 0.96185064935064901 1 0.96266233766233733 1 0.96347402597402565 1 0.96428571428571397 4
1 0.99999999999985323 4.4408920985006262e-16 1.6164847238542537e-13 1 
1 0.50000000000002365 1.6072701140654929e-18 1 7.7723760008524302e-19 
1 0.99999999999999012 0.96428571428571397 -1 0 
1 1.0000000000000091 0.96428571428571397 -1 0 
1 4.013237069482431e-15 -6.5137095118429163e-20 3.9460562232863759e-16 1 
1 1.0000000000000047 -8.6238974424117916e-19 -1.508258538638917e-14 1 
1 3.1415926535897931 0.25268025514207976 1 0 
1 3.1415926535897931 0.25268025514207987 1 0 
1 6.2831853071795862 0 -1 0 
1 0 -27.889150471698599 1 0 
1 3.1415926535897931 -3.1415926535897931 0 1 
1 3.1415926535897931 -3.1415926535897931 0 1 
1 -3.1415926535897931 1.012197011451434 1 0 
1 6.2831853071795862 4.6061410377268572 -1 0 
1 0 -4.7123889803846897 0 1 
1 6.2831853071795862 -4.7123889803846897 0 1 
1 6.2831853071795862 1.0121970114510075 -1 0 
1 -3.1415926535897931 0.057359245282299312 1 0 
1 3.1415926535897931 1.3100631690576847e-14 0 1 
1 3.1415926535897931 1.3100631690576847e-14 0 1 
1 0 1.5707963267948966 1 0 
1 0 -1.5707963267949085 0 1 
1 6.2831853071795862 -1.5707963267949085 0 1 
1 6.2831853071795862 -1.5707963267948966 0 1 
1 0 -1.5707963267948966 0 1 
1 6.2831853071795862 4.7123889803846897 -1 0 
1 3.1415926535897931 0 0 1 
1 3.1415926535897931 0 0 1 
1 0 3.1415926535897931 1 0 
1 6.2831853071795862 -0.19999999999999929 -1 0 
1 6.2831853071795862 1.0121970114510075 -1 0 
1 -3.1415926535897931 0.057359245282299312 1 0 
1 3.1415926535897931 -3.1415926535897802 0 1 
1 3.1415926535897931 -3.1415926535897802 0 1 
1 0 1.5707963267948966 1 0 
1 0 -4.7123889803847021 0 1 
1 6.2831853071795862 -4.7123889803847021 0 1 
1 6.2831853071795862 0 -1 0 
1 9.4247779607693793 -4.1108495283014008 -1 0 
1 3.1415926535897931 0 0 1 
1 3.1415926535897931 0 0 1 
1 -3.1415926535897931 1.012197011451434 1 0 
1 6.2831853071795862 4.6061410377268572 -1 0 
1 0 -1.5707963267948966 0 1 
1 6.2831853071795862 -1.5707963267948966 0 1 
1 6.2831853071795862 1.5707963267948966 0 1 
1 0 1.5707963267948966 0 1 
1 6.2831853071795862 4.7123889803846897 -1 0 
1 3.1415926535897931 3.1415926535897931 0 1 
1 3.1415926535897931 3.1415926535897931 0 1 
1 0 3.1415926535897931 1 0 
1 6.2831853071795862 -0.19999999999999929 -1 0 
1 6.2831853071795862 3.1415926535896892 -1 1.6538884343610288e-14 
1 9.4247779607693793 -9.8000000000000007 -1 0 
1 3.1415926535897931 0 0 1 
1 3.1415926535897931 0 0 1 
1 0 4.7123889803846897 1 0 
1 0 -1.5707963267948966 0 1 
1 6.2831853071795862 -1.5707963267948966 0 1 
1 6.2831853071795862 1.5707963267948966 -1 0 
1 3.1415926535897931 0 0 1 
1 3.1415926535897931 0 0 1 
1 0 3.1415926535897931 1 0 
1 6.2831853071795862 -9.8000000000000007 -1 0 
1 0 -1.5707963267948966 0 1 
1 6.2831853071795862 -1.5707963267948966 0 1 
1 3.1415926535897931 9.3675067702747583e-16 0 1 
1 3.1415926535897931 9.3675067702747583e-16 0 1 
1 0 9.3675067702747583e-16 0 1 
1 6.2831853071795862 9.3675067702747583e-16 0 1 
1 3.1415926535897931 9.3675067702747583e-16 0 1 
1 3.1415926535897931 9.3675067702747583e-16 0 1 
1 0 9.3675067702747583e-16 0 1 
1 6.2831853071795862 9.3675067702747583e-16 0 1 
1 0 0 0 -1 
1 6.2831853071795862 0 0 -1 
1 6.2831853071795862 -20 -1 0 
1 3.1415926535897931 0 0 -1 
1 3.1415926535897931 0 0 -1 
1 -3.1415926535897931 -12 1 0 
1 0 0 0 -1 
1 6.2831853071795862 0 0 -1 
1 -3.1415926535897931 -2 1 0 
1 3.1415926535897931 0 0 -1 
1 3.1415926535897931 0 0 -1 
1 -3.1415926535897931 0 1 0 
1 0 0 0 -1 
1 6.2831853071795862 0 0 -1 
1 3.1415926535897931 -9.8000000000000007 -1 0 
1 6.2831853071795862 3.1415926535897931 -1 -1.6538884343610288e-14 
1 3.1415926535897931 0 0 -1 
1 3.1415926535897931 0 0 -1 
1 -3.1415926535897931 0 1 0 
1 6.2831853071795862 -0.19999999999999929 -1 0 
1 0 3.1415926535897931 1 0 
1 3.1415926535897931 0 0 -1 
1 3.1415926535897931 0 0 -1 
1 3.1415926535897931 -1.5 1 0 
1 6.2831853071795862 0 0 -1 
1 0 0 0 -1 
1 0 0 0 -1 
1 6.2831853071795862 0 0 -1 
1 6.2831853071795862 -2 -1 0 
1 3.1415926535897931 0 0 -1 
1 3.1415926535897931 0 0 -1 
1 6.2831853071795862 0 -1 0 
1 6.2831853071795862 -0.19999999999999929 -1 0 
1 0 3.1415926535897931 1 0 
1 3.1415926535897931 0 0 -1 
1 3.1415926535897931 0 0 -1 
1 6.2831853071795862 -1.5 -1 0 
1 6.2831853071795862 0 0 -1 
1 0 0 0 -1 
1 0 0 0 -1 
1 6.2831853071795862 0 0 -1 
1 6.2831853071795862 -9.8000000000000007 -1 0 
1 0 3.1415926535897931 1 0 
1 3.1415926535897931 0 0 -1 
1 3.1415926535897931 0 0 -1 
1 6.2831853071795862 0 -1 0 
1 3.1415926535897931 0 0 -1 
1 3.1415926535897931 0 0 -1 
1 6.2831853071795862 0 0 -1 
1 0 0 0 -1 
1 3.1415926535897931 0 1 0 
1 3.1415926535897931 -2 1 0 
1 3.1415926535897931 -4.1108495283014008 -1 0 
1 6.2831853071795862 0 -1 0 
1 0 -27.889150471698599 1 0 
1 6.2831853071795862 0 -1 0 
1 6.2831853071795862 -1.5 -1 0 
1 6.2831853071795862 1.5707963267948966 -1 0 
1 6.2831853071795862 0 -1 0 
1 6.2831853071795862 -2 -1 0 
1 0 1.5707963267948966 1 0 
1 6.2831853071795862 4.7123889803846897 -1 0 
1 6.2831853071795862 0 -1 0 
1 6.2831853071795862 -20 -1 0 
1 0 1.5707963267948966 1 0 
1 6.2831853071795862 4.7123889803846897 -1 0 
1 -3.1415926535897931 -1.5 1 0 
1 0 4.7123889803846897 1 0 
1 3.1415926535897931 0 1 0 
1 3.1415926535897931 -12 1 0 
1 3.1415926535897931 0.057359245282299312 1 0 
1 6.2831853071795862 1.0121970114510075 -1 0 
1 6.2831853071795862 4.6061410377268572 -1 0 
1 3.1415926535897931 1.012197011451434 1 0 
1 3.1415926535897931 0.057359245282299312 1 0 
1 6.2831853071795862 1.0121970114510075 -1 0 
1 6.2831853071795862 4.6061410377268572 -1 0 
1 3.1415926535897931 1.012197011451434 1 0 
1 0 0 0 -1 
1 6.2831853071795862 0 0 -1 
1 -3.1415926535897931 -19.999999999999982 1 0 
1 3.1415926535897931 0 0 -1 
1 3.1415926535897931 0 0 -1 
1 -3.1415926535897931 0 1 0 
1 6.2831853071795862 0 -1 0 
1 3.1415926535897931 0 0 -1 
1 3.1415926535897931 0 0 -1 
1 6.2831853071795862 -4.0000000000000027 -1 0 
1 6.2831853071795862 0 0 -1 
1 0 0 0 -1 
1 6.2831853071795862 7.1054273576010019e-15 0 1 
1 0 7.1054273576010019e-15 0 1 
1 6.2831853071795862 -2.2937550996255203 -1 0 
1 3.1415926535897931 -0.20624490037450016 -1 0 
1 3.1415926535897931 7.1054273576010019e-15 0 1 
1 3.1415926535897931 7.1054273576010019e-15 0 1 
1 6.2831853071795862 -29.000000000000053 -1 0 
1 0 0 0 -1 
1 6.2831853071795862 0 0 -1 
1 3.1415926535897931 0 0 -1 
1 3.1415926535897931 0 0 -1 
1 -3.1415926535897931 0 1 0 
1 3.1415926535897931 -29.107559155655768 -1 0 
1 3.1415926535897931 7.1054273576010019e-15 0 1 
1 3.1415926535897931 7.1054273576010019e-15 0 1 
1 3.1415926535897931 0 -1 0 
1 6.2831853071795862 -2.5 -1 0 
1 0 7.1054273576010019e-15 0 1 
1 6.2831853071795862 7.1054273576010019e-15 0 1 
1 3.1415926535897931 0 1 0 
1 3.1415926535897931 0 0 -1 
1 3.1415926535897931 0 0 -1 
1 6.2831853071795862 0 0 -1 
1 0 0 0 -1 
1 6.2831853071795862 -25.173001410241099 -1 0 
1 3.1415926535897931 0 0 -1 
1 3.1415926535897931 0 0 -1 
1 0 -38.673001410241078 1 0 
1 6.2831853071795862 0 0 -1 
1 0 0 0 -1 
1 9.4247779607693793 -29.107559155655768 -1 0 
1 3.1415926535897931 -19.999999999999982 1 0 
1 6.2831853071795862 -4.0000000000000027 -1 0 
1 3.1415926535897931 0 1 0 
1 6.2831853071795862 -25.173001410241099 -1 0 
1 0 -38.673001410241078 1 0 
1 -3.1415926535897931 0 1 0 
1 6.2831853071795862 -2.5 -1 0 
1 9.4247779607693793 0 -1 0 
1 3.1415926535897931 0 1 0 
1 9.4247779607693793 -0.20624490037450016 -1 0 
1 6.2831853071795862 -2.2937550996255203 -1 0 
1 6.2831853071795862 -29.000000000000053 -1 0 
1 6.2831853071795862 0 -1 0 
1 0 0 0 -1 
1 6.2831853071795862 0 0 -1 
1 -3.1415926535897931 -19.999999999999996 1 0 
1 3.1415926535897931 0 0 -1 
1 3.1415926535897931 0 0 -1 
1 -3.1415926535897931 0 1 0 
1 6.2831853071795862 0 -1 0 
1 3.1415926535897931 0 0 -1 
1 3.1415926535897931 0 0 -1 
1 6.2831853071795862 -3.9999999999999964 -1 0 
1 6.2831853071795862 0 0 -1 
1 0 0 0 -1 
1 6.2831853071795862 7.1054273576010019e-15 0 1 
1 0 7.1054273576010019e-15 0 1 
1 6.2831853071795862 -2.2937550996255203 -1 0 
1 3.1415926535897931 -0.20624490037450016 -1 0 
1 3.1415926535897931 7.1054273576010019e-15 0 1 
1 3.1415926535897931 7.1054273576010019e-15 0 1 
1 6.2831853071795862 -29.000000000000053 -1 0 
1 0 0 0 -1 
1 6.2831853071795862 0 0 -1 
1 3.1415926535897931 0 0 -1 
1 3.1415926535897931 0 0 -1 
1 -3.1415926535897931 0 1 0 
1 3.1415926535897931 -29.107559155655768 -1 0 
1 3.1415926535897931 7.1054273576010019e-15 0 1 
1 3.1415926535897931 7.1054273576010019e-15 0 1 
1 3.1415926535897931 0 -1 0 
1 6.2831853071795862 -2.5 -1 0 
1 0 7.1054273576010019e-15 0 1 
1 6.2831853071795862 7.1054273576010019e-15 0 1 
1 3.1415926535897931 0 1 0 
1 3.1415926535897931 0 0 -1 
1 3.1415926535897931 0 0 -1 
1 6.2831853071795862 0 0 -1 
1 0 0 0 -1 
1 6.2831853071795862 -25.173001410241099 -1 0 
1 3.1415926535897931 0 0 -1 
1 3.1415926535897931 0 0 -1 
1 0 -38.673001410241092 1 0 
1 6.2831853071795862 0 0 -1 
1 0 0 0 -1 
1 9.4247779607693793 -29.107559155655768 -1 0 
1 3.1415926535897931 -19.999999999999996 1 0 
1 6.2831853071795862 -3.9999999999999964 -1 0 
1 3.1415926535897931 0 1 0 
1 6.2831853071795862 -25.173001410241099 -1 0 
1 0 -38.673001410241092 1 0 
1 -3.1415926535897931 0 1 0 
1 6.2831853071795862 -2.5 -1 0 
1 9.4247779607693793 0 -1 0 
1 3.1415926535897931 0 1 0 
1 9.4247779607693793 -0.20624490037450016 -1 0 
1 6.2831853071795862 -2.2937550996255203 -1 0 
1 6.2831853071795862 -29.000000000000053 -1 0 
1 6.2831853071795862 0 -1 0 
7 0 0  3 25 23  0.70165883375737303 0  0.70165883375737303 0.016752364285527583  0.70165883375737303 0.049788053747811326  0.70165883375737303 0.098093585293441282  0.70165883375737303 0.1453152409820361  0.70165883375737303 0.19159960521150982  0.70165883375737303 0.23708437623673778  0.70165883375737281 0.28189832667706649  0.70165883375737303 0.32616332680748178  0.70165883375737303 0.36999560231725714  0.70165883375737315 0.41350703022234331  0.70165883375737292 0.45680629691545743  0.70165883375737292 0.49999999999999589  0.70165883375737303 0.54319370308453041  0.70165883375737303 0.58649296977763998  0.70165883375737303 0.63000439768272232  0.70165883375737303 0.67383667319251073  0.70165883375737303 0.7181016733229254  0.70165883375737303 0.76291562376325839  0.70165883375737303 0.80840039478848069  0.70165883375737303 0.85468475901795526  0.70165883375737303 0.90190641470653243  0.70165883375737326 0.95021194625219274  0.70165883375737303 0.98324763571447982  0.70165883375737303 1 
 4.7457104341844927 4 4.8155956556842696 1 4.8854808771840466 1 4.9553660986838235 1 5.0252513201836004 1 5.0951365416833774 1 5.1650217631831543 1 5.2349069846829313 1 5.3047922061827082 1 5.3746774276824851 1 5.444562649182263 1 5.514447870682039 1 5.5843330921818168 1 5.6542183136815938 1 5.7241035351813707 1 5.7939887566811477 1 5.8638739781809246 1 5.9337591996807015 1 6.0036444211804785 1 6.0735296426802554 1 6.1434148641800324 1 6.2133000856798093 1 6.2831853071795862 4
7 0 0  3 25 23  0 0  0 0.01675236428552768  0 0.049788053747810167  0 0.098093585293437119  0 0.14531524098203336  0 0.19159960521151026  0 0.23708437623673589  0 0.28189832667706427  0 0.32616332680748567  0 0.36999560231725298  0 0.41350703022234253  0 0.45680629691545499  0 0.49999999999999439  0 0.5431937030845182  0 0.58649296977764109  0 0.63000439768273675  0 0.67383667319250851  0 0.71810167332292196  0 0.76291562376326127  0 0.80840039478846037  0 0.85468475901796381  0 0.90190641470655486  0 0.95021194625218264  -0 0.98324763571446816  0 1 
 4.7457104341844927 4 4.8155956556842696 1 4.8854808771840466 1 4.9553660986838235 1 5.0252513201836004 1 5.0951365416833774 1 5.1650217631831543 1 5.2349069846829313 1 5.3047922061827082 1 5.3746774276824851 1 5.444562649182263 1 5.514447870682039 1 5.5843330921818168 1 5.6542183136815938 1 5.7241035351813707 1 5.7939887566811477 1 5.8638739781809246 1 5.9337591996807015 1 6.0036444211804785 1 6.0735296426802554 1 6.1434148641800324 1 6.2133000856798093 1 6.2831853071795862 4
7 0 0  3 25 23  0.70165883375737303 1  0.69124448241696912 0.99999995138216313  0.67035791697697411 0.99999942032432954  0.63886908534950115 0.99999824464673626  0.60723575300709998 0.99999788713142923  0.57547282990367121 0.99999858296031396  0.54359558256005547 0.99999994906012013  0.51161988069375541 1.0000000662628821  0.47956152868177931 0.9999986107202532  0.44743689125151848 0.99999768027136338  0.41526231225036703 0.99999792222273076  0.38305424726983178 0.99999921762661503  0.35082941715083238 1.0000003925673118  0.31860458539895009 0.99999921210413356  0.28639651857682996 0.9999978267073748  0.25422193921627562 0.99999750288447187  0.22209730310156295 0.99999845613180871  0.1900389531620825 1.0000000664970115  0.15806325111175537 0.99999995082517923  0.12618600267505606 0.99999833057157561  0.094423079572426585 0.9999974301410367  0.062789748348996366 0.999997796467195  0.031300918023771544 0.99999924856292433  0.010414352166387732 0.99999992481388733  -0 1 
 5.5815264734222101 4 5.6134200567748183 1 5.6453136401274264 1 5.6772072234800346 1 5.7091008068326428 1 5.7409943901852509 1 5.7728879735378591 1 5.8047815568904673 1 5.8366751402430754 1 5.8685687235956836 1 5.9004623069482918 1 5.9323558903008999 1 5.9642494736535081 1 5.9961430570061163 1 6.0280366403587244 1 6.0599302237113326 1 6.0918238070639408 1 6.1237173904165489 1 6.1556109737691571 1 6.1875045571217653 1 6.2193981404743734 1 6.2512917238269816 1 6.2831853071795898 4
7 0 0  3 25 23  0.86913749303752286 -4.2905691186882962  0.87955190457542187 -4.2996679278662304  0.90043854083383768 -4.3175790205381519  0.93192738549017207 -4.3435332351457347  0.96356073987089408 -4.3685214223036679  0.99532363285981107 -4.3924926239156976  1.0272007544460495 -4.4153980063113494  1.0591764400887298 -4.4371913784054291  1.0912347299718981 -4.4578294151030082  1.1233594110973277 -4.4772719389028941  1.155534066481396 -4.4954821609741389  1.1877421245199415 -4.512426904279228  1.2199669099162103 -4.5280767991668718  1.2521916953124792 -4.5424064509000113  1.2843997533510247 -4.5553945766259334  1.3165744087350932 -4.5670241104478881  1.3486990898605229 -4.5772822751969748  1.3807573797436909 -4.5861606213661341  1.412733065386371 -4.5936550291635569  1.4446101869726091 -4.5997656887266443  1.4763730799615262 -4.6044970046209661  1.5080064343422477 -4.6078576301545491  1.5394952789985825 -4.6098598709976768  1.5603819152569978 -4.6103008268837797  1.5707963267948966 -4.6103005155560055 
 5.5815264734222101 4 5.6134200567748183 1 5.6453136401274264 1 5.6772072234800346 1 5.7091008068326428 1 5.7409943901852509 1 5.7728879735378591 1 5.8047815568904673 1 5.8366751402430754 1 5.8685687235956836 1 5.9004623069482918 1 5.9323558903008999 1 5.9642494736535081 1 5.9961430570061163 1 6.0280366403587244 1 6.0599302237113326 1 6.0918238070639408 1 6.1237173904165489 1 6.1556109737691571 1 6.1875045571217653 1 6.2193981404743734 1 6.2512917238269816 1 6.2831853071795898 4
7 0 0  3 25 23  -0 0  0 0.016729441035325286  0 0.049726447075289434  0 0.097992603135510378  -0 0.14519054421680555  0 0.19146438809034805  0 0.23694961998060432  0 0.28177305101073186  -0 0.32605477948490924  0 0.36990941161364832  0 0.41344732055205397  0 0.45677577267950026  -0 0.49999999999998063  0 0.54322422732043996  0 0.58655267944789868  0 0.63009058838631382  -0 0.6739452205150338  0 0.71822694898923245  0 0.76305038001936953  0 0.80853561190960754  0 0.85480945578319423  0 0.90200739686446629  0 0.95027355292469506  -0 0.98327055896466797  0 1 
 4.7560222116845647 4 4.8254387160252472 1 4.8948552203659306 1 4.964271724706613 1 5.0336882290472955 1 5.1031047333879789 1 5.1725212377286613 1 5.2419377420693447 1 5.3113542464100272 1 5.3807707507507097 1 5.450187255091393 1 5.5196037594320755 1 5.589020263772758 1 5.6584367681134413 1 5.7278532724541238 1 5.7972697767948063 1 5.8666862811354896 1 5.9361027854761721 1 6.0055192898168546 1 6.0749357941575379 1 6.1443522984982204 1 6.2137688028389029 1 6.2831853071795862 4
7 0 0  3 25 23  6.2831853071795898 0  6.2831853071795898 0.016729441035325286  6.2831853071795898 0.049726447075289434  6.2831853071795889 0.097992603135510378  6.2831853071795898 0.14519054421680555  6.2831853071795907 0.19146438809034805  6.2831853071795898 0.23694961998060432  6.2831853071795898 0.28177305101073186  6.2831853071795889 0.32605477948490924  6.2831853071795898 0.36990941161364832  6.2831853071795898 0.41344732055205397  6.2831853071795889 0.45677577267950026  6.2831853071795907 0.49999999999998063  6.2831853071795907 0.54322422732043996  6.2831853071795898 0.58655267944789868  6.2831853071795898 0.63009058838631382  6.2831853071795898 0.6739452205150338  6.2831853071795889 0.71822694898923245  6.2831853071795898 0.76305038001936953  6.2831853071795898 0.80853561190960754  6.2831853071795889 0.85480945578319423  6.2831853071795898 0.90200739686446629  6.2831853071795889 0.95027355292469506  6.2831853071795889 0.98327055896466797  6.2831853071795898 1 
 4.7560222116845647 4 4.8254387160252472 1 4.8948552203659306 1 4.964271724706613 1 5.0336882290472955 1 5.1031047333879789 1 5.1725212377286613 1 5.2419377420693447 1 5.3113542464100272 1 5.3807707507507097 1 5.450187255091393 1 5.5196037594320755 1 5.589020263772758 1 5.6584367681134413 1 5.7278532724541238 1 5.7972697767948063 1 5.8666862811354896 1 5.9361027854761721 1 6.0055192898168546 1 6.0749357941575379 1 6.1443522984982204 1 6.2137688028389029 1 6.2831853071795862 4
7 0 0  3 25 23  -0 0  0.01041435216535914 -1.7235039958127998e-07  0.031300918024475169 -3.3065310246956398e-07  0.062789748357515163 -2.5911872752129816e-07  0.094423079587875783 -2.7091657618368689e-07  0.12618600269027441 -2.6096552462583977e-07  0.1580632511123885 -2.5710538147538123e-07  0.19003895316065778 -2.52906835430318e-07  0.22209730312293574 -2.4610773205951264e-07  0.25422193925627251 -2.5206316388575515e-07  0.28639651861735166 -2.1150921017846649e-07  0.31860458541619724 -3.4604755996083531e-07  0.35082941714185517 1.7155784750759662e-07  0.38305424728849446 -3.4018366948796132e-07  0.415262312303464 -1.9975657635371842e-07  0.44743689131643066 -2.343747071542118e-07  0.479561528723847 -2.2240160979648511e-07  0.51161988069170572 -2.2311108532275532e-07  0.5435955825618678 -2.209885402713479e-07  0.57547282990190018 -2.1876542403514431e-07  0.60723575297355659 -2.2098661391439424e-07  0.63886908527070341 -2.0670399359441201e-07  0.67035791687261193 -2.5512926841026853e-07  0.69124448236332936 -1.3192914605925696e-07  0.70165883375737303 0 
 0 4 0.031893583352607863 1 0.063787166705215725 1 0.095680750057823588 1 0.12757433341043145 1 0.15946791676303931 1 0.19136150011564718 1 0.22325508346825504 1 0.2551486668208629 1 0.28704225017347074 1 0.31893583352607863 1 0.35082941687868652 1 0.38272300023129435 1 0.41461658358390219 1 0.44651016693651008 1 0.47840375028911797 1 0.5102973336417258 1 0.54219091699433364 1 0.57408450034694147 1 0.60597808369954942 1 0.63787166705215725 1 0.66976525040476509 1 0.70165883375737303 4
1 0 0 0 -1 
1 6.2831853071795862 0 0 -1 
1 6.2831853071795862 -98 -1 0 
1 3.1415926535897931 0 0 -1 
1 3.1415926535897931 0 0 -1 
1 6.2831853071795862 -95.5 -1 0 
1 6.2831853071795862 0 -1 0 
1 9.4247779607693793 -3.5 -1 0 
1 3.1415926535897931 0 0 1 
1 3.1415926535897931 0 0 1 
1 0 1.5707963267948966 1 0 
1 0 0 0 1 
1 6.2831853071795862 0 0 1 
1 0 0 0 -1 
1 6.2831853071795862 0 0 -1 
1 6.2831853071795862 -53 -1 0 
1 3.1415926535897931 0 0 -1 
1 3.1415926535897931 0 0 -1 
1 6.2831853071795862 -50.5 -1 0 
1 0 0 0 -1 
1 6.2831853071795862 0 0 -1 
1 6.2831853071795862 -9.5 -1 0 
1 3.1415926535897931 0 0 -1 
1 3.1415926535897931 0 0 -1 
1 6.2831853071795862 -7 -1 0 
1 0 0 0 -1 
1 6.2831853071795862 0 0 -1 
7 0 0  3 25 23  0 -64  0.0086961067502256111 -64.406541718456936  0.026121629687005026 -65.221187288011592  0.052351239348242602 -66.44658380463423  0.078663638770641919 -67.674158638770436  0.10505005600626506 -68.902632577651232  0.13150158481012114 -70.130712435378612  0.15800917896194791 -71.357092413044867  0.18456367638126595 -72.580459390382842  0.21115581605125905 -73.799497295628242  0.2377762575466664 -75.012891812766  0.26441560041975093 -76.219335045990661  0.29106440405331602 -77.417530199461169  0.31771320768688027 -78.606196212657494  0.34435255055996516 -79.784072322978247  0.37097299205537226 -80.949922520811  0.39756513172536612 -82.102539860413231  0.42411962914468304 -83.240750610341863  0.45062722329651145 -84.363418156378387  0.47707875210036665 -85.469446843941398  0.50346516933599139 -86.557784935021772  0.52977756875839022 -87.627429643818857  0.55600717841962866 -88.677423087657161  0.57343270135640823 -89.363728182146573  0.58212880810663359 -89.7033071802054 
 4.7123889803846897 4 4.7388493807531731 1 4.7653097811216565 1 4.791770181490139 1 4.8182305818586224 1 4.8446909822271058 1 4.8711513825955892 1 4.8976117829640717 1 4.9240721833325551 1 4.9505325837010385 1 4.976992984069522 1 5.0034533844380054 1 5.0299137848064879 1 5.0563741851749713 1 5.0828345855434547 1 5.1092949859119381 1 5.1357553862804206 1 5.162215786648904 1 5.1886761870173874 1 5.2151365873858708 1 5.2415969877543542 1 5.2680573881228367 1 5.2945177884913202 4
1 0.58212880810663359 0 0 -1 
1 3.7237214616964294 0 0 -1 
7 0 0  3 25 23  0.74407264973516551 -7.5733512860573029  0.74155262047765236 -7.571125200549119  0.73652247464535436 -7.5691832539013522  0.72900424293397348 -7.5731703589321704  0.72151024225165916 -7.5834281555793641  0.71403773407948812 -7.5993227089464206  0.7065839533205408 -7.6202371754610621  0.69914627078387859 -7.6454909477647686  0.69171859721997619 -7.6748151806166893  0.68430373655812582 -7.7078755647358896  0.6769031667155827 -7.7443281831978004  0.66951893719454558 -7.7838313075242604  0.66215216801444876 -7.8260440630950834  0.65480714995376166 -7.8706199714117222  0.64748385249009033 -7.9173263442412969  0.64017909171999532 -7.9659365782728067  0.63289058232599416 -8.0162215326851047  0.62561562472837329 -8.0679561317760751  0.61835231203852858 -8.1209015768774453  0.61108912940818017 -8.1749436322108053  0.6038314903093791 -8.2298335689161934  0.59658253487369517 -8.2853383831856977  0.58934601760425942 -8.3412208562494161  0.58453235927946257 -8.3785702215061928  0.58212880810663359 -8.3972290985714011 
 0 4 0.00020604242581841954 1 0.00041208485163683907 1 0.00061812727745525864 1 0.00082416970327367815 1 0.0010302121290920977 1 0.0012362545549105173 1 0.0014422969807289367 1 0.0016483394065473563 1 0.0018543818323657759 1 0.0020604242581841953 1 0.0022664666840026149 1 0.0024725091098210345 1 0.0026785515356394542 1 0.0028845939614578734 1 0.003090636387276293 1 0.0032966788130947126 1 0.0035027212389131322 1 0.0037087636647315518 1 0.003914806090549971 1 0.0041208485163683906 1 0.0043268909421868102 1 0.0045329333680052299 4
7 0 0  3 25 23  4.4086925140014843 1.0000002331920266  4.4047754240394283 0.9789939210093439  4.3969058677560557 0.93859153526980943  4.3849958053041096 0.88204115258597127  4.3729803832578709 0.82869766614237805  4.3608600842139786 0.77795550531997104  4.3486354435417081 0.72933174002422574  4.3363071982625314 0.68249316909865931  4.3238710855933009 0.63707408738856253  4.3113379381494319 0.59281077963244999  4.2987167146643648 0.54947841695909483  4.2860176979153701 0.50688986429135974  4.2732498387122009 0.46488713771445817  4.2604280450839171 0.42335007630312438  4.2475602120960172 0.38211177675526242  4.2346486578903058 0.3410102809131792  4.2216973583838273 0.29989954412756331  4.2087095896594331 0.25864076912506967  4.1956900917935593 0.21711258309209033  4.1826263552195613 0.17511331932991475  4.1695363913696015 0.13253942093788654  4.1564342827466723 0.089272729164118533  4.1433352996783483 0.045194814964536152  4.1346147340499151 0.015183259732844234  4.1302599876259407 1.1409032966543729e-08 
 0 4 0.00020604242581841954 1 0.00041208485163683907 1 0.00061812727745525864 1 0.00082416970327367815 1 0.0010302121290920977 1 0.0012362545549105173 1 0.0014422969807289367 1 0.0016483394065473563 1 0.0018543818323657759 1 0.0020604242581841953 1 0.0022664666840026149 1 0.0024725091098210345 1 0.0026785515356394542 1 0.0028845939614578734 1 0.003090636387276293 1 0.0032966788130947126 1 0.0035027212389131322 1 0.0037087636647315518 1 0.003914806090549971 1 0.0041208485163683906 1 0.0043268909421868102 1 0.0045329333680052299 4
7 0 0  3 25 23  0.74407264973516551 -7.5733512860573029  0.76636519127083003 -7.5930428115403483  0.81161148696462682 -7.6318005809629321  0.88136559551727367 -7.6873680311194335  0.9529144972814162 -7.7396806397145985  1.0261364667641231 -7.7880257429944244  1.1008884512364503 -7.8316966148011815  1.1770036512266686 -7.8700109146332675  1.2542935205758134 -7.9023354831959187  1.3325495891560295 -7.9281102970303996  1.4115463372629682 -7.9468715818757323  1.4910447224472139 -7.9582719972862295  1.5707963267948966 -7.9620964215285301  1.6505479311425779 -7.9582719972862286  1.7300463163268247 -7.9468715818757341  1.8090430644337634 -7.9281102970303916  1.8872991330139799 -7.9023354831958699  1.9645890023631238 -7.8700109146332977  2.0407042023533433 -7.8316966148011966  2.1154561868256687 -7.7880257429944191  2.1886781563083764 -7.7396806397146021  2.2602270580725192 -7.6873680311194237  2.3299811666251666 -7.6318005809629703  2.3752274623189629 -7.5930428115403767  2.3975200038546278 -7.5733512860573029 
 5.4564616301198603 4 5.5316183280343809 1 5.6067750259489024 1 5.681931723863423 1 5.7570884217779437 1 5.8322451196924652 1 5.9074018176069858 1 5.9825585155215064 1 6.0577152134360279 1 6.1328719113505485 1 6.2080286092650692 1 6.2831853071795898 1 6.3583420050941113 1 6.4334987030086319 1 6.5086554009231534 1 6.583812098837674 1 6.6589687967521947 1 6.7341254946667153 1 6.8092821925812359 1 6.8844388904957574 1 6.959595588410278 1 7.0347522863247995 1 7.1099089842393202 4
7 0 0  3 25 23  2.5594638454831595 -8.3972290985714011  2.5570533762363059 -8.3785165209769019  2.5522320224073507 -8.3410912453333879  2.5449969178934602 -8.2851636682227419  2.5377569145368808 -8.2296571248816139  2.5305101778416943 -8.174782313786336  2.5232548680774189 -8.1207499294709251  2.5159891408756079 -8.0677706811767802  2.5087111459044995 -8.0160552232585527  2.501419036855911 -7.9658144149101959  2.4941109381560844 -7.9172583508551542  2.4867850735386408 -7.8705999788599472  2.4794392905348119 -7.8260415989887582  2.4720728395417741 -7.7838252490727662  2.4646886393836915 -7.7443241585525975  2.4572881773652555 -7.7078720195047223  2.4498734042399652 -7.6748124702967377  2.4424458240737561 -7.6454889014970204  2.4350082333911818 -7.6202357485785033  2.4275545451572298 -7.5993218150971247  2.4200821297595452 -7.5834276956966233  2.4125882223297452 -7.5731702112399049  2.4050700844036976 -7.5691832765930123  2.4000400015181858 -7.5711252284578823  2.3975200038546278 -7.5733512860573029 
 -1.9717199857599899e-05 4 0.00018691821913477782 1 0.00039355363812715555 1 0.00060018905711953327 1 0.000806824476111911 1 0.0010134598951042888 1 0.0012200953140966665 1 0.0014267307330890441 1 0.0016333661520814219 1 0.0018400015710737998 1 0.0020466369900661776 1 0.002253272409058555 1 0.0024599078280509328 1 0.0026665432470433107 1 0.0028731786660356881 1 0.0030798140850280659 1 0.0032864495040204438 1 0.0034930849230128216 1 0.0036997203420051994 1 0.0039063557609975768 1 0.0041129911799899551 1 0.0043196265989823325 1 0.0045262620179747099 4
7 0 0  3 25 23  2.1529253195536389 1.1409027241514845e-08  2.1485580390582588 0.01522675401085934  2.1398235757699173 0.045296682719284095  2.1267272694815311 0.089400074963358139  2.1136414515995843 0.13265430626918343  2.1005712070973512 0.17520061727101754  2.087521593411132 0.21717698974068528  2.0744976278408163 0.25871961105217978  2.0615042702314379 0.2999657460323002  2.0485464276111407 0.34105584482793677  2.0356288798962932 0.3821361755988037  2.0227565042650144 0.42335930813168421  2.0099333891264108 0.46489209120269043  1.9971660965297975 0.50689538255427158  1.9844671409965993 0.5494832066619737  1.9718461136998531 0.5928151885348204  1.9593131248727644 0.63707801945687725  1.9468771785926178 0.68249664193410253  1.9345490943214647 0.729334734459683  1.9223246128863039 0.77795799978657443  1.910204470360481 0.82869962934521324  1.8981892023007783 0.88204254028064688  1.886279291193705 0.93859228471619105  1.8784098340313562 0.97899418388243242  1.8744927931780972 1.0000002331920266 
 -1.9717199857599899e-05 4 0.00018691821913477782 1 0.00039355363812715555 1 0.00060018905711953327 1 0.000806824476111911 1 0.0010134598951042888 1 0.0012200953140966665 1 0.0014267307330890441 1 0.0016333661520814219 1 0.0018400015710737998 1 0.0020466369900661776 1 0.002253272409058555 1 0.0024599078280509328 1 0.0026665432470433107 1 0.0028731786660356881 1 0.0030798140850280659 1 0.0032864495040204438 1 0.0034930849230128216 1 0.0036997203420051994 1 0.0039063557609975768 1 0.0041129911799899551 1 0.0043196265989823325 1 0.0045262620179747099 4
1 2.5594638454831595 0 0 1 
1 5.7010564990729504 0 0 1 
7 0 0  3 25 23  2.5594638454831595 -89.703307180205414  2.5681599522333847 -89.363728182146573  2.5855854751701646 -88.677423087657161  2.6118150848314032 -87.627429643818871  2.6381274842538027 -86.557784935021758  2.6645139014894257 -85.469446843941412  2.6909654302932826 -84.36341815637843  2.7174730244451095 -83.240750610341848  2.7440275218644272 -82.102539860413202  2.770619661534421 -80.949922520810986  2.7972401030298282 -79.784072322978247  2.8238794459029126 -78.606196212657508  2.8505282495364774 -77.417530199461169  2.8771770531700427 -76.219335045990661  2.9038163960431267 -75.012891812766  2.9304368375385339 -73.799497295628271  2.9570289772085268 -72.580459390382813  2.9835834746278458 -71.357092413044896  3.0100910687796727 -70.130712435378584  3.0365425975835274 -68.902632577651275  3.0629290148191508 -67.674158638770393  3.0892414142415512 -66.446583804634258  3.1154710239027872 -65.221187288011592  3.132896546839568 -64.406541718456921  3.1415926535897931 -64 
 0.98866751868826197 4 1.0151279190567455 1 1.0415883194252291 1 1.0680487197937127 1 1.0945091201621961 1 1.1209695205306798 1 1.1474299208991634 1 1.1738903212676468 1 1.2003507216361304 1 1.2268111220046138 1 1.2532715223730975 1 1.2797319227415811 1 1.3061923231100647 1 1.3326527234785481 1 1.3591131238470318 1 1.3855735242155152 1 1.4120339245839988 1 1.4384943249524824 1 1.4649547253209658 1 1.4914151256894495 1 1.5178755260579329 1 1.5443359264264167 1 1.5707963267949001 4
1 3.1415926535897931 0 0 -1 
1 3.1415926535897931 0 0 -1 
1 -3.1415926535897931 -2.5 1 0 
1 3.1415926535897931 0 0 -1 
1 3.1415926535897931 0 0 -1 
7 0 0  3 25 23  3.1415926535897931 -64  3.1718906247597127 -62.457405158395261  3.2352591331095315 -59.221174167087888  3.3393102578396281 -53.96285960067641  3.4530795869646589 -48.333328024265818  3.577149839624679 -42.422747221179293  3.7119043265626863 -36.37568309101718  3.8574060762711544 -30.405730605834961  4.0132753331383224 -24.79591503358839  4.1785744304768127 -19.88506181455622  4.3517362374514565 -16.033068477417768  4.5305725045157619 -13.566664275772924  4.7123889803846906 -12.716667862113592  4.8942054562536166 -13.566664275772945  5.0730417233179228 -16.033068477417768  5.2462035302925667 -19.885061814556213  5.4115026276310569 -24.795915033588393  5.5673718844982254 -30.40573060583495  5.7128736342066935 -36.375683091017159  5.847628121144699 -42.422747221179264  5.9716983738047213 -48.333328024265811  6.0854677029297521 -53.962859600676417  6.189518827659847 -59.221174167087888  6.2528873360096666 -62.457405158395247  6.2831853071795862 -64 
 1.5707963267949001 4 1.7135959928671634 1 1.8563956589394264 1 1.9991953250116896 1 2.1419949910839526 1 2.2847946571562159 1 2.4275943232284791 1 2.5703939893007424 1 2.7131936553730052 1 2.8559933214452684 1 2.9987929875175316 1 3.1415926535897949 1 3.2843923196620581 1 3.4271919857343214 1 3.5699916518065846 1 3.7127913178788474 1 3.8555909839511107 1 3.9983906500233739 1 4.1411903160956367 1 4.2839899821678999 1 4.4267896482401632 1 4.5695893143124264 1 4.7123889803846897 4
1 6.2831853071795862 0 0 -1 
1 0 0 0 -1 
1 3.1415926535897931 -98 1 0 
1 1.5707963267948966 0 0 -1 
1 9.4247779607693474 -98 -1 0 
1 1.5707963267948966 0 0 -1 
1 3.1415926535897931 -3.5 -1 0 
1 6.2831853071795862 0 -1 0 
7 0 0  3 25 23  0 -64  0.0084510982911033365 -64.431004813040673  0.025383827306539083 -65.294576230767305  0.050866606943381312 -66.59335962664592  0.076425219968124083 -67.894318099290601  0.10205160904423854 -69.196172760242973  0.12773760077395882 -70.497631562985561  0.15347490084677365 -71.797390588844848  0.17925511494827068 -73.094139035629539  0.20506976341178937 -74.386563330970418  0.23091029809782129 -75.673351560330275  0.25676811912849418 -76.953197852864534  0.28263459200949725 -78.224806781926205  0.308501064890501 -79.486897725906289  0.33435888592117313 -80.738209164641162  0.36019942060720583 -81.977502880515686  0.38601406907072394 -83.203568031446366  0.41179428317222111 -84.415225082165662  0.43753158324503699 -85.611329512688883  0.46321757497475657 -86.790775483205408  0.48884396405087222 -87.952498671998413  0.51440257707561532 -89.095481106103136  0.53988535671245808 -90.218747368951114  0.55681808572789415 -90.953843605335621  0.56526918401899739 -91.317800464572926 
 4.7123889803846897 4 4.7380830342037354 1 4.7637770880227803 1 4.7894711418418261 1 4.8151651956608719 1 4.8408592494799167 1 4.8665533032989625 1 4.8922473571180083 1 4.9179414109370532 1 4.9436354647560989 1 4.9693295185751447 1 4.9950235723941905 1 5.0207176262132354 1 5.0464116800322811 1 5.0721057338513269 1 5.0977997876703718 1 5.1234938414894176 1 5.1491878953084633 1 5.1748819491275082 1 5.200576002946554 1 5.2262700567655997 1 5.2519641105846446 1 5.2776581644036904 4
1 0.56526918401899739 0 0 1 
1 3.7068618376087943 0 0 1 
7 0 0  3 25 23  0.56526918401899739 -7.8920625165292932  0.56954730889583594 -7.8128675379978683  0.57810692640520045 -7.6545123369147028  0.59096795209639752 -7.4178541837595953  0.60386201355863767 -7.1828418238754939  0.61680075649249078 -6.950243727116022  0.62979538050675343 -6.7208382988547815  0.64285888590149309 -6.4953668773332254  0.65598673291323173 -6.2748528152755716  0.66919624728240246 -6.0601415565431349  0.68250223370003771 -5.8520925856958188  0.69592031332038273 -5.6515650823953152  0.70946604572135108 -5.4594054051974084  0.72315494855919193 -5.2765115019793107  0.73701065234956342 -5.1040661036162867  0.75104423556617572 -4.9432769241867529  0.7653216723802273 -4.7950209563680906  0.7798025912798312 -4.6614833757032716  0.79444471992793608 -4.5448889000673702  0.80915871092533198 -4.4469628022078957  0.82397074136386894 -4.3699144424504004  0.83889084444429163 -4.3158995024797804  0.85393357760905342 -4.2870880520702119  0.86405285268941923 -4.2861268755430704  0.86913749303752286 -4.2905691186882962 
 -1.9119723856753899e-05 4 0.00043331286349511085 1 0.00088574545084697559 1 0.0013381780381988403 1 0.001790610625550705 1 0.0022430432129025698 1 0.0026954758002544349 1 0.0031479083876062995 1 0.0036003409749581642 1 0.0040527735623100292 1 0.0045052061496618934 1 0.0049576387370137585 1 0.0054100713243656236 1 0.0058625039117174878 1 0.0063149364990693528 1 0.006767369086421217 1 0.0072198016737730821 1 0.0076722342611249472 1 0.0081246668484768123 1 0.0085770994358286765 1 0.0090295320231805407 1 0.0094819646105324066 1 0.0099343971978842708 4
7 0 0  3 25 23  0.0101982566324261 1.0000085425327949  0.010044230675765002 1.0000100524456004  0.0097362434970669799 1.0000093781579922  0.0092743790496302662 1.0000033529753967  0.0088125533542468392 1.0000027063930215  0.0083506877408915624 1.0000026975920147  0.0078887075259353942 0.99999904524664007  0.0074265219540401769 1.0000020358783446  0.0069642094474649434 1.0000009747250187  0.0065017338063280148 1.0000009627794073  0.0060390747659378715 1.0000009673746846  0.0055762070670337359 1.0000000746738462  0.005113107135333239 0.99999964838685007  0.004649750070332863 1.0000008793374058  0.0041861049377767291 1.0000000653389038  0.0037221309422307324 0.9999997231925557  0.0032577583073745155 1.0000002829873404  0.0027930697990179634 1.0000000593150027  0.0023280274077577645 1.0000003942095692  0.0018629078578067248 1.00000026900144  0.0013975982924189067 1.0000002760066427  0.00093206059512317791 1.0000002359055435  0.00046623247803173336 1.0000002697758588  0.00015545434215971947 1.0000001364864681  0 1 
 -1.9119723856753899e-05 4 0.00043331286349511085 1 0.00088574545084697559 1 0.0013381780381988403 1 0.001790610625550705 1 0.0022430432129025698 1 0.0026954758002544349 1 0.0031479083876062995 1 0.0036003409749581642 1 0.0040527735623100292 1 0.0045052061496618934 1 0.0049576387370137585 1 0.0054100713243656236 1 0.0058625039117174878 1 0.0063149364990693528 1 0.006767369086421217 1 0.0072198016737730821 1 0.0076722342611249472 1 0.0081246668484768123 1 0.0085770994358286765 1 0.0090295320231805407 1 0.0094819646105324066 1 0.0099343971978842708 4
7 0 0  3 25 23  1.5707963267948966 -4.6103005155560055  1.5812107383327958 -4.6103008268837513  1.6020973745912113 -4.6098598709976484  1.633586219247545 -4.6078576301546041  1.6652195736282676 -4.6044970046209492  1.6969824666171842 -4.5997656887266558  1.7288595882034221 -4.5936550291635321  1.7608352738461024 -4.5861606213661412  1.7928935637292702 -4.5772822751969739  1.8250182448546994 -4.5670241104478828  1.8571929002387693 -4.5553945766259591  1.8894009582773135 -4.5424064509000068  1.9216257436735831 -4.5280767991668673  1.9538505290698516 -4.5124269042792529  1.9860585871083969 -4.4954821609741327  2.0182332424924661 -4.477271938902895  2.0503579236178959 -4.4578294151030082  2.0824162135010629 -4.4371913784054291  2.1143918991437438 -4.4153980063113529  2.1462690207299824 -4.3924926239156852  2.1780319137188986 -4.3685214223037114  2.2096652680996218 -4.3435332351456566  2.241154112755956 -4.3175790205381652  2.2620407490143712 -4.2996679278662535  2.2724551605522705 -4.2905691186882962 
 0 4 0.031893583352607821 1 0.063787166705215642 1 0.095680750057823463 1 0.12757433341043128 1 0.15946791676303912 1 0.19136150011564693 1 0.22325508346825473 1 0.25514866682086257 1 0.2870422501734704 1 0.31893583352607824 1 0.35082941687868602 1 0.38272300023129385 1 0.41461658358390169 1 0.44651016693650947 1 0.4784037502891173 1 0.51029733364172514 1 0.54219091699433297 1 0.57408450034694081 1 0.60597808369954864 1 0.63787166705215648 1 0.6697652504047642 1 0.70165883375737204 4
7 0 0  3 25 23  6.2831853071795898 1  6.2727709550132058 0.99999992481389488  6.2518843891558245 0.99999924856291889  6.2203955588305941 0.99999779646713649  6.188762227607155 0.99999743014103326  6.1569993045045193 0.99999833057154563  6.1251220560678217 0.99999995082516235  6.0931463540175104 1.0000000664969895  6.0610880040780657 0.99999845613180982  6.0289633679633869 0.9999975028844813  5.9967887886028466 0.99999782670737658  5.9645807217807167 0.99999921210415665  5.9323558900287479 1.0000003925673095  5.900131059909679 0.99999921762654187  5.8679229949291649 0.99999792222276451  5.8357484159280562 0.99999768027147029  5.8036237784978377 0.99999861072036034  5.7715654264858678 1.0000000662629571  5.7395897246194982 0.99999994906003242  5.7077124772758756 0.99999858296022437  5.6759495541724672 0.99999788713136673  5.6443162218300946 0.99999824464683573  5.6128273902026367 0.99999942032441502  5.591940824762629 0.99999995138219899  5.5815264734222101 1 
 0 4 0.031893583352607821 1 0.063787166705215642 1 0.095680750057823463 1 0.12757433341043128 1 0.15946791676303912 1 0.19136150011564693 1 0.22325508346825473 1 0.25514866682086257 1 0.2870422501734704 1 0.31893583352607824 1 0.35082941687868602 1 0.38272300023129385 1 0.41461658358390169 1 0.44651016693650947 1 0.4784037502891173 1 0.51029733364172514 1 0.54219091699433297 1 0.57408450034694081 1 0.60597808369954864 1 0.63787166705215648 1 0.6697652504047642 1 0.70165883375737204 4
7 0 0  3 47 45  2.2724551605522705 -4.2905691186882962  2.2749975028406682 -4.2883479812793857  2.2800696816645263 -4.286367148607213  2.2876421628799926 -4.2905093429024435  2.2951805898067752 -4.3014940967831707  2.3026866864504991 -4.3190505285773142  2.310162171387149 -4.342907749014036  2.3176087502008658 -4.3727948971715191  2.3250281370353449 -4.4084410063305475  2.3324219707245422 -4.4495755046126391  2.3397921236486501 -4.4959263465735262  2.3471395452472206 -4.5472269861916885  2.3544685742980267 -4.6031903533200591  2.3617708415779846 -4.6636059748911007  2.3690309642058347 -4.7282612289398731  2.3762462974411886 -4.7968676021301979  2.3834105543197124 -4.8691546352736061  2.3905191737097025 -4.9448555439620456  2.3975642458810333 -5.0236707905181639  2.4045610045310846 -5.1055356450750153  2.4115112336019289 -5.1903036312980655  2.4184177495287398 -5.2778301450196548  2.4252830890636852 -5.3679693019072099  2.4321098024298795 -5.4605784661204719  2.4389005859168238 -5.5555032880147106  2.4456575378982897 -5.652627417532786  2.4523825717964436 -5.751846184454326  2.4590776459777985 -5.8530517889548275  2.4657447011927283 -5.9561372697895472  2.4723856756782552 -6.0609954409985987  2.479002502246082 -6.1675191769031183  2.4855970999259505 -6.2756013354153328  2.4921714055402524 -6.3851347798017368  2.4987272511147385 -6.4960123683211455  2.5052668181093334 -6.60812697390854  2.5117909386078474 -6.721371415801852  2.5182990947620616 -6.8356304873828364  2.5247921295404119 -6.9507895096147383  2.531270435889954 -7.0667321301901245  2.5377348243931745 -7.1833481623017938  2.5441848623938403 -7.3005044304135494  2.5506327123706161 -7.4183037442374999  2.5570736392794395 -7.5365373563264972  2.5635050297364281 -7.655035541573203  2.5699236976877797 -7.7736181152740365  2.5741923050221294 -7.8526111776050076  2.5763234695707959 -7.8920625165292932 
 0 4 0.00022538135212641275 1 0.0004507627042528255 1 0.00067614405637923824 1 0.00090152540850565099 1 0.0011269067606320638 1 0.0013522881127584765 1 0.0015776694648848891 1 0.001803050817011302 1 0.0020284321691377148 1 0.0022538135212641277 1 0.0024791948733905401 1 0.002704576225516953 1 0.0029299575776433658 1 0.0031553389297697782 1 0.0033807202818961911 1 0.003606101634022604 1 0.0038314829861490168 1 0.0040568643382754297 1 0.0042822456904018421 1 0.0045076270425282554 1 0.0047330083946546678 1 0.0049583897467810802 1 0.0051837710989074935 1 0.0054091524510339059 1 0.0056345338031603184 1 0.0058599151552867317 1 0.0060852965074131441 1 0.0063106778595395565 1 0.0065360592116659698 1 0.0067614405637923822 1 0.0069868219159187955 1 0.0072122032680452079 1 0.0074375846201716203 1 0.0076629659722980336 1 0.0078883473244244461 1 0.0081137286765508593 1 0.0083391100286772709 1 0.0085644913808036842 1 0.0087898727329300975 1 0.0090152540850565108 1 0.0092406354371829223 1 0.0094660167893093356 1 0.0096913981414357489 1 0.0099167794935621605 4
7 0 0  3 47 45  0 0  7.7727377432504653e-05 -1.3409906010586315e-07  0.00023315006568212784 -2.6173827792383608e-07  0.00046619350310528237 -2.2029878652795958e-07  0.0006991516415820934 -2.4191802472404722e-07  0.0009320308582322918 -2.4742773492958501e-07  0.0011648379240554111 -2.5777730376712781e-07  0.0013975798909857361 -2.6860928565711272e-07  0.0016302638650649199 -2.7672184362688148e-07  0.0018628968177576803 -2.9965285849923386e-07  0.0020954856012669557 -2.7089289611828003e-07  0.0023280362280176173 -4.3946424295530184e-07  0.0025605562422766478 1.2358903798321211e-07  0.0027930480540770946 -1.3324583124415161e-07  0.003025435873127983 -5.0506263234423219e-07  0.0032577432063640261 -4.2045357663414384e-08  0.0034899642782370852 -2.4121285633973656e-07  0.0037221078077713113 9.2439863684733856e-08  0.0039541502457238519 6.3155338707880542e-07  0.0041860926058288339 -3.915560192302017e-07  0.0044179586659069073 7.7764133557347878e-08  0.0046497471278462345 -8.3395743433681751e-07  0.0048814634596457658 2.6961773798950246e-08  0.0051131112996841907 -1.8834658019661149e-07  0.0053446950020770677 1.1812151141155143e-06  0.0055762176656670931 -3.0857158327426629e-07  0.0058076821783034143 -8.6138570035607447e-07  0.0060390915650978989 -7.8825579967388385e-07  0.0062704488556191472 -8.9261497369158825e-07  0.0065017570939497789 -9.6204827652861088e-07  0.0067330192414981728 -1.0525102332968057e-06  0.006964238495057869 -1.1650130047973494e-06  0.0071954170376947622 -1.1851118952524443e-06  0.0074265606633085292 -1.5772686700888836e-06  0.0076576614874947864 -6.6946647915596011e-07  0.007888762833855624 4.3271893995256856e-06  0.0081198653696440502 2.0325532367499269e-05  0.0083509392926208736 4.1381937967367603e-05  0.0085819599330893906 6.4461190743555707e-05  0.0088129120654384593 8.5414054264963473e-05  0.0090437370685659841 9.4161126926927161e-05  0.0092748304367180033 0.00010200033315564038  0.0095059808127738385 9.7603056276142662e-05  0.0097370530873358164 8.1872626788547041e-05  0.00996789162723569 3.7746029357313503e-05  0.010121527865381638 3.3086627992728066e-05  0.0101982566324261 4.3935611921372655e-05 
 0 4 0.00022538135212641275 1 0.0004507627042528255 1 0.00067614405637923824 1 0.00090152540850565099 1 0.0011269067606320638 1 0.0013522881127584765 1 0.0015776694648848891 1 0.001803050817011302 1 0.0020284321691377148 1 0.0022538135212641277 1 0.0024791948733905401 1 0.002704576225516953 1 0.0029299575776433658 1 0.0031553389297697782 1 0.0033807202818961911 1 0.003606101634022604 1 0.0038314829861490168 1 0.0040568643382754297 1 0.0042822456904018421 1 0.0045076270425282554 1 0.0047330083946546678 1 0.0049583897467810802 1 0.0051837710989074935 1 0.0054091524510339059 1 0.0056345338031603184 1 0.0058599151552867317 1 0.0060852965074131441 1 0.0063106778595395565 1 0.0065360592116659698 1 0.0067614405637923822 1 0.0069868219159187955 1 0.0072122032680452079 1 0.0074375846201716203 1 0.0076629659722980336 1 0.0078883473244244461 1 0.0081137286765508593 1 0.0083391100286772709 1 0.0085644913808036842 1 0.0087898727329300975 1 0.0090152540850565108 1 0.0092406354371829223 1 0.0094660167893093356 1 0.0096913981414357489 1 0.0099167794935621605 4
1 2.5763234695707959 0 0 -1 
1 5.7179161231605846 0 0 -1 
7 0 0  3 25 23  2.5763234695707959 -91.317800464572926  2.5847745678618992 -90.953843605335635  2.6017072968773363 -90.218747368951156  2.6271900765141774 -89.095481106103108  2.652748689538921 -87.952498671998413  2.6783750786150358 -86.790775483205394  2.7040610703447574 -85.611329512688869  2.7297983704175719 -84.415225082165691  2.7555785845190699 -83.203568031446352  2.7813932329825874 -81.977502880515672  2.8072337676686199 -80.738209164641148  2.8330915886992929 -79.486897725906303  2.8589580615802959 -78.224806781926205  2.8848245344612993 -76.953197852864506  2.9106823554919719 -75.673351560330318  2.9365228901780034 -74.38656333097039  2.9623375386415227 -73.094139035629553  2.9881177527430189 -71.797390588844834  3.0138550528158352 -70.497631562985603  3.0395410445455542 -69.196172760242945  3.065167433621669 -67.894318099290601  3.0907260466464135 -66.59335962664592  3.1162088262832532 -65.294576230767262  3.1331415552986894 -64.431004813040673  3.1415926535897931 -64 
 1.0055271427759001 4 1.0312211965949456 1 1.0569152504139909 1 1.0826093042330365 1 1.1083033580520818 1 1.1339974118711273 1 1.1596914656901727 1 1.1853855195092182 1 1.2110795733282638 1 1.2367736271473091 1 1.2624676809663546 1 1.2881617347854002 1 1.3138557886044455 1 1.3395498424234911 1 1.3652438962425364 1 1.3909379500615819 1 1.4166320038806273 1 1.4423260576996728 1 1.4680201115187184 1 1.4937141653377637 1 1.5194082191568092 1 1.5451022729758548 1 1.5707963267949001 4
1 0 1.5707963267948966 1 0 
1 6.2831853071795862 -98 -1 0 
1 9.4247779607693793 -98 -1 0 
1 1.5707963267948966 0 0 -1 
1 3.1415926535897927 -98 1 0 
1 1.5707963267948966 0 0 -1 
1 -3.1415926535897931 23 1 0 
1 6.2831853071795862 -98 0 1 
1 4.7123889803846897 3.5527136788005009e-15 0 1 
1 6.2831853071795862 -53 -1 0 
1 3.1415926535897931 -23 -1 0 
1 1.5707963267949108 20.037926148052961 0 -1 
1 3.1415926535897931 -96.744312483239 0 -1 
1 6.2831853071795862 -7 -1 0 
1 0 23 0 1 
7 0 0  3 25 23  4.7123889803846843 48.091543551356452  4.7338149239541529 48.088737553159575  4.7772431639916455 48.08304841233246  4.8440210178818566 48.074338781441057  4.9123481203870387 48.065505869565378  4.9821126075387596 48.056612377811838  5.053185782850881 48.047726625316052  5.125420362127957 48.03892228874161  5.1986522381475204 48.030276560719621  5.272702021441555 48.021868323836941  5.3473773447151309 48.013776003857018  5.4224756072745786 48.006075319820596  5.4977871437821317 47.998837027556647  5.5730986802896743 47.992124799626509  5.6481969428491361 47.98599337007731  5.7228722661227174 47.980487056957969  5.7969220494167333 47.975638745758303  5.870153925436318 47.971469377856032  5.9423885047133798 47.967987954336522  6.0134616800255092 47.965192001485697  6.0832261671772256 47.96306850737485  6.1515532696824105 47.961594960522035  6.2183311235726295 47.960741437041122  6.2617593636101221 47.960560297258802  6.2831853071795871 47.960560722630888 
 4.7123889803846897 4 4.7837888134208217 1 4.8551886464569529 1 4.926588479493085 1 4.997988312529217 1 5.0693881455653491 1 5.1407879786014803 1 5.2121878116376124 1 5.2835876446737444 1 5.3549874777098765 1 5.4263873107460077 1 5.4977871437821397 1 5.5691869768182718 1 5.640586809854403 1 5.711986642890535 1 5.7833864759266671 1 5.8547863089627992 1 5.9261861419989312 1 5.9975859750350624 1 6.0689858080711945 1 6.1403856411073265 1 6.2117854741434577 1 6.2831853071795898 4
7 0 0  3 25 23  0 47.960560722630888  0.021425943569465502 47.960560297258802  0.064854183606957397 47.960741437041122  0.13163203749717411 47.961594960522042  0.19995914000236137 47.96306850737485  0.269723627154076 47.965192001485704  0.34079680246620164 47.967987954336522  0.41303138174326881 47.971469377856025  0.48626325776285145 47.975638745758303  0.56031304105686786 47.980487056957969  0.63498836433045547 47.985993370077317  0.71008662688991353 47.992124799626502  0.78539816339746105 47.998837027556633  0.86070969990499679 48.006075319820603  0.93580796246446196 48.013776003857025  1.0104832857380377 48.02186832383692  1.0845330690320538 48.030276560719635  1.1577649450516398 48.038922288741595  1.2299995243287007 48.047726625316059  1.3010726996408348 48.056612377811831  1.3708371867925397 48.065505869565413  1.4391642892977239 48.074338781441028  1.5059421431879481 48.083048412332488  1.5493703832254397 48.088737553159575  1.5707963267949014 48.091543551356452 
 -8.8817841970012504e-16 4 0.071399833036130511 1 0.14279966607226191 1 0.21419949910839331 1 0.28559933214452471 1 0.35699916518065611 1 0.42839899821678751 1 0.49979883125291891 1 0.57119866428905031 1 0.64259849732518171 1 0.7139983303613131 1 0.7853981633974445 1 0.8567979964335759 1 0.9281978294697073 1 0.9995976625058387 1 1.0709974955419701 1 1.1423973285781015 1 1.2137971616142329 1 1.2851969946503643 1 1.3565968276864957 1 1.4279966607226271 1 1.4993964937587585 1 1.5707963267948899 4
1 0 23 0 1 
7 0 0  3 25 23  1.570796326794925 -0.15281330017981531  1.5922222703643862 -0.15187796744752349  1.6356505104018826 -0.14998158717182095  1.7024283642921192 -0.14707837687468309  1.7707554667972665 -0.1441340729161327  1.8405199539489683 -0.14116957566494537  1.9115931292611157 -0.13820765816634684  1.9838277085381308 -0.13527287930819709  2.0570595845578103 -0.13239096996754382  2.1311093678517441 -0.1295882243399781  2.2057846911253698 -0.12689078434667075  2.2808829536848099 -0.12432388966786806  2.3561944901923471 -0.12191112557987667  2.4315060266999042 -0.11967371626984433  2.5066042892593523 -0.11762990642010256  2.5812796125329198 -0.11579446871365504  2.6553293958269708 -0.11417836498043477  2.7285612718465337 -0.1127885756796748  2.8007958511235862 -0.11162810117317157  2.8718690264357196 -0.11069611688956574  2.9416335135874396 -0.10998828551928772  3.0099606160926156 -0.10949710323500897  3.0767384699828417 -0.10921259540804483  3.120166710020333 -0.1091522154805999  3.1415926535897931 -0.10915235727129691 
 1.5707963267949001 4 1.6421961598310315 1 1.7135959928671629 1 1.7849958259032941 1 1.8563956589394255 1 1.9277954919755569 1 1.9991953250116883 1 2.0705951580478197 1 2.1419949910839509 1 2.2133948241200825 1 2.2847946571562137 1 2.3561944901923448 1 2.4275943232284765 1 2.4989941562646076 1 2.5703939893007393 1 2.6417938223368704 1 2.7131936553730016 1 2.7845934884091332 1 2.8559933214452649 1 2.927393154481396 1 2.9987929875175272 1 3.0701928205536584 1 3.14159265358979 4
7 0 0  3 25 23  3.1415926535897931 -0.10915235727129691  3.1630185971592581 -0.109152215480599  3.2064468371967489 -0.10921259540804432  3.2732246910869667 -0.10949710323501216  3.3415517935921351 -0.10998828551928619  3.4113162807438693 -0.11069611688956855  3.4823894560559898 -0.11162810117317248  3.5546240353330503 -0.11278857567967907  3.6278559113526336 -0.11417836498042747  3.7019056946466322 -0.11579446871365871  3.7765810179202348 -0.11762990642010579  3.8516792804797091 -0.11967371626983848  3.9269908169872387 -0.12191112557987541  4.0023023534947981 -0.12432388966786832  4.0774006160542138 -0.126890784346671  4.1520759393278439 -0.1295882243399766  4.2261257226218376 -0.13239096996753896  4.2993575986414214 -0.13527287930819692  4.3715921779184814 -0.1382076581663525  4.4426653532306153 -0.14116957566494423  4.5124298403823087 -0.14413407291613162  4.580756942887513 -0.14707837687467787  4.6475347967776957 -0.14998158717182172  4.6909630368151856 -0.15187796744752505  4.7123889803846613 -0.15281330017981531 
 3.14159265358979 4 3.2129924866259212 1 3.2843923196620528 1 3.355792152698184 1 3.4271919857343156 1 3.4985918187704468 1 3.5699916518065784 1 3.6413914848427096 1 3.7127913178788408 1 3.7841911509149724 1 3.8555909839511036 1 3.9269908169872352 1 3.9983906500233664 1 4.0697904830594975 1 4.1411903160956287 1 4.2125901491317599 1 4.283989982167892 1 4.3553898152040231 1 4.4267896482401543 1 4.4981894812762855 1 4.5695893143124167 1 4.6409891473485487 1 4.7123889803846799 4
7 0 0  3 25 23  1.5707963267949001 1  1.5713026619348844 1.0000000233083723  1.5723153397661471 1.0000000393621458  1.5738343772938455 1.0000000185808322  1.5753534337283863 1.0000001070268569  1.5768725071988983 1.0000000833712313  1.5783915958401735 1.0000000897532466  1.5799106977838591 1.0000000880867959  1.581429811169849 1.0000000885770195  1.5829489341382079 1.0000000884894593  1.5844680648324516 1.0000000885568108  1.5859872013984011 1.0000000885827491  1.5875063419853854 1.0000000886198792  1.5890254847424392 1.0000000886541047  1.5905446278322182 1.0000000886892042  1.5920637693790176 1.000000088724164  1.5935829076082335 1.0000000887592564  1.5951020406125134 1.0000000887944078  1.5966211666033345 1.0000000888296385  1.5981402836826699 1.0000000888649432  1.5996593901349165 1.0000000889003229  1.6011784840297107 1.000000088935777  1.6026975635428844 1.0000000889713063  1.6037102724523515 1.0000000889950422  1.6042166239183255 1.0000000890069227 
 1.5707963267949001 4 1.5723154785004587 1 1.5738346302060173 1 1.5753537819115759 1 1.5768729336171345 1 1.5783920853226932 1 1.579911237028252 1 1.5814303887338106 1 1.5829495404393692 1 1.5844686921449278 1 1.5859878438504864 1 1.587506995556045 1 1.5890261472616036 1 1.5905452989671622 1 1.5920644506727208 1 1.5935836023782795 1 1.5951027540838381 1 1.5966219057893969 1 1.5981410574949555 1 1.5996602092005141 1 1.6011793609060727 1 1.6026985126116313 1 1.6042176643171899 4
7 0 0  3 25 23  5.5815264734222101 0  5.5919408248160369 -1.3192914605934873e-07  5.6128273903068653 -2.551292684106119e-07  5.6443162219096257 -2.0670399359434991e-07  5.6759495542058183 -2.209866139161373e-07  5.7077124772777204 -2.1876542402996958e-07  5.7395897246176961 -2.2098854029148841e-07  5.7715654264878795 -2.2311108524774343e-07  5.803623778455842 -2.2240161007600077e-07  5.8357484158628097 -2.3437470611093606e-07  5.8679229948759764 -1.9975658024763137e-07  5.9001310598918382 -3.4018365495639817e-07  5.9323558900373072 1.7155779327421651e-07  5.9645807217643023 -3.4604754542888216e-07  5.9967887885621023 -2.1150921407167733e-07  6.028963367923204 -2.5206316284164299e-07  6.0610880040574608 -2.4610773233844059e-07  6.0931463540189394 -2.5290683535501243e-07  6.1251220560663846 -2.5710538149584793e-07  6.156999304490407 -2.6096552462103794e-07  6.1887622275913614 -2.7091657618551336e-07  6.2203955588223536 -2.5911872752134232e-07  6.2518843891543607 -3.3065310246981131e-07  6.2727709550137023 -1.7235039958129494e-07  6.2831853071795898 0 
 5.5815264734222101 4 5.6134200567748183 1 5.6453136401274264 1 5.6772072234800346 1 5.7091008068326428 1 5.7409943901852509 1 5.7728879735378591 1 5.8047815568904673 1 5.8366751402430754 1 5.8685687235956836 1 5.9004623069482918 1 5.9323558903008999 1 5.9642494736535081 1 5.9961430570061163 1 6.0280366403587244 1 6.0599302237113326 1 6.0918238070639408 1 6.1237173904165489 1 6.1556109737691571 1 6.1875045571217653 1 6.2193981404743734 1 6.2512917238269816 1 6.2831853071795898 4
7 0 0  3 25 23  4.6789686832687298 1.0000000890069227  4.6794750347198137 1.0000000889950422  4.6804877436304775 1.0000000889713063  4.6820068231828991 1.0000000889357772  4.6835259170429167 1.0000000889003229  4.6850450234709484 1.0000000888649432  4.6865641405843457 1.0000000888296388  4.6880832665607119 1.000000088794408  4.6896023995887433 1.0000000887592564  4.6911215378014006 1.0000000887241638  4.6926406793470257 1.0000000886892044  4.6941598224377286 1.0000000886541043  4.6956789651922595 1.0000000886198825  4.6971981057884058 1.0000000885827367  4.6987172423452179 1.0000000885568585  4.7002363730418644 1.0000000884892815  4.7017554960097483 1.0000000885776834  4.7032746093952298 1.0000000880843176  4.7047937113414324 1.0000000897624952  4.7063127999790773 1.0000000833367144  4.7078318734516413 1.0000001071556752  4.709350929885634 1.0000000181000757  4.7108699674134806 1.0000000394381385  4.7118826452447076 1.000000023451556  4.7123889803846897 1 
 4.6789676428623999 4 4.6804867945679582 1 4.6820059462735175 1 4.6835250979790759 1 4.6850442496846343 1 4.6865634013901927 1 4.6880825530957519 1 4.6896017048013103 1 4.6911208565068687 1 4.6926400082124271 1 4.6941591599179864 1 4.6956783116235448 1 4.6971974633291032 1 4.6987166150346624 1 4.7002357667402208 1 4.7017549184457792 1 4.7032740701513376 1 4.7047932218568969 1 4.7063123735624552 1 4.7078315252680136 1 4.709350676973572 1 4.7108698286791313 1 4.7123889803846897 4
1 0 47.960560722630895 0 1 
1 6.2831853071795862 47.960560722630895 0 -1 
7 0 0  3 25 23  3.1415926535897931 -64  3.1718906247597123 -62.585954728528982  3.2352591331095342 -59.619409653163899  3.3393102578396272 -54.79928796728673  3.4530795869646593 -49.638884022243651  3.577149839624679 -44.220851619414361  3.7119043265626872 -38.677709500099077  3.8574060762711539 -33.205253055348706  4.0132753331383224 -28.062922114122685  4.1785744304768127 -23.561306663343206  4.3517362374514548 -20.030312770966276  4.530572504515761 -17.769442252791833  4.7123889803846897 -16.990278873604112  4.8942054562536148 -17.76944225279188  5.0730417233179246 -20.030312770966269  5.246203530292564 -23.561306663343206  5.4115026276310569 -28.062922114122678  5.5673718844982263 -33.205253055348734  5.7128736342066917 -38.677709500099056  5.8476281211446999 -44.220851619414319  5.9716983738047196 -49.638884022243666  6.0854677029297504 -54.799287967286716  6.189518827659847 -59.619409653163906  6.2528873360096666 -62.585954728528989  6.2831853071795862 -64 
 1.5707963267949001 4 1.7135959928671634 1 1.8563956589394264 1 1.9991953250116896 1 2.1419949910839526 1 2.2847946571562159 1 2.4275943232284791 1 2.5703939893007424 1 2.7131936553730052 1 2.8559933214452684 1 2.9987929875175316 1 3.1415926535897949 1 3.2843923196620581 1 3.4271919857343214 1 3.5699916518065846 1 3.7127913178788474 1 3.8555909839511107 1 3.9983906500233739 1 4.1411903160956367 1 4.2839899821678999 1 4.4267896482401632 1 4.5695893143124264 1 4.7123889803846897 4
1 3.1415926535897931 -2.5 1 0 
1 6.2831853071795862 -95.5 -1 0 
1 3.1415926535897931 20.5 -1 0 
1 4.7123889803846328 28.551483326126665 0 1 
1 6.2831853071795862 -95.161514725699703 0 -1 
1 6.2831853071795862 -50.5 -1 0 
1 -3.1415926535897931 -20.5 1 0 
1 3.1415926535897931 -98 0 1 
1 1.5707963267949203 47.960560722630916 -4.9583180471582675e-16 -1 
1 6.2831853071795862 -9.5 -1 0 
1 3.1415926535897931 4.5172199314436057e-14 0 1 
7 0 0  3 25 23  4.7123889803846897 1  4.7078054382321195 1.0000001620827585  4.6986334619376198 1.0000003134920392  4.6848621790783413 1.0000002535884409  4.6710789392931815 1.0000002718046925  4.6572850902799328 1.0000002646765354  4.6434819719328981 1.0000002634975216  4.6296709163186387 1.0000002608324525  4.6158532488010025 1.0000002586699974  4.6020302897029177 1.0000002564739197  4.5882033550284014 1.0000002543846271  4.5743737577394459 1.0000002523616938  4.5605428093254439 1.0000002504121757  4.546711820595001 1.0000002485347701  4.5328821031425424 1.000000246714841  4.5190549706072529 1.000000245000098  4.5052317397239667 1.0000002432028217  4.4914137316564346 1.0000002420152652  4.4776022734875864 1.0000002388457676  4.4637986978759949 1.0000002433588815  4.4500043501271342 1.0000002194787219  4.4362205672222066 1.0000003018354082  4.4224487616284849 0.99999998797592815  4.4132763294576556 1.000000056575775  4.4086925140014843 1.0000002331920266 
 1.5707963267949001 4 1.5846007087490757 1 1.598405090703251 1 1.6122094726574265 1 1.6260138546116019 1 1.6398182365657774 1 1.6536226185199527 1 1.6674270004741283 1 1.6812313824283036 1 1.6950357643824792 1 1.7088401463366547 1 1.72264452829083 1 1.7364489102450054 1 1.7502532921991809 1 1.7640576741533565 1 1.7778620561075318 1 1.7916664380617073 1 1.8054708200158827 1 1.8192752019700582 1 1.8330795839242335 1 1.8468839658784091 1 1.8606883478325846 1 1.87449272978676 4
7 0 0  3 25 23  1.8744927931780972 1.0000002331920266  1.8699089777213527 1.0000000576415233  1.8607365455506728 0.99999998945977508  1.8469647399597036 1.0000003014378127  1.8331809570435587 1.0000002195852571  1.8193866093059698 1.0000002433303357  1.805583033691359 1.0000002388534166  1.7917715755233086 1.0000002420132155  1.7779535674556106 1.0000002432033708  1.7641303365721877 1.0000002449999512  1.7503032040376165 1.0000002467148801  1.7364734865823943 1.0000002485347597  1.7226424978623249 1.0000002504121785  1.7088115494095915 1.0000002523616931  1.6949819521877196 1.0000002543846274  1.6811550174777168 1.0000002564739194  1.6673320583378513 1.0000002586699974  1.6535143908704786 1.0000002608324525  1.6397033352494643 1.0000002634975214  1.6259002168790171 1.0000002646765354  1.6121063678737471 1.000000271804693  1.5983231281131929 1.0000002535884411  1.5845518452376739 1.0000003134920392  1.5753798689418941 1.0000001620827588  1.5707963267949001 1 
 4.4086925773928298 4 4.4224969593470052 1 4.4363013413011805 1 4.4501057232553558 1 4.463910105209532 1 4.4777144871637073 1 4.4915188691178827 1 4.505323251072058 1 4.5191276330262333 1 4.5329320149804087 1 4.546736396934584 1 4.5605407788887593 1 4.5743451608429355 1 4.5881495427971108 1 4.6019539247512862 1 4.6157583067054615 1 4.6295626886596368 1 4.6433670706138122 1 4.6571714525679875 1 4.6709758345221637 1 4.684780216476339 1 4.6985845984305143 1 4.7123889803846897 4
1 3.1415926535897931 -0.10915235727129513 0 -1 
7 0 0  3 25 23  5.7179161231605846 -91.317800464572926  5.7210425056764338 -91.385121871682585  5.7272967877223211 -91.52019798265448  5.7366823508482367 -91.724086597623256  5.7460716434407137 -91.929224365956287  5.7554642535268652 -92.135585479406018  5.7648597683640324 -92.343143806876242  5.774257774412817 -92.551872857264812  5.7836578574820905 -92.761745803562548  5.7930596028285386 -92.972735490849345  5.8024625952688238 -93.184814448901477  5.8118664192888065 -93.397954903847804  5.8212706591537966 -93.612128790350738  5.8306748990187902 -93.827307763902894  5.8400787230387703 -94.043463213335315  5.849481715479059 -94.26056627349422  5.8588834608255054 -94.478587838092764  5.8682835438947798 -94.69749857268458  5.8776815499435608 -94.917268927892508  5.8870770647807316 -95.137869152341693  5.8964696748668803 -95.359269307289381  5.9058589674593582 -95.581439275460369  5.915244530585273 -95.804348791984026  5.9214988126311603 -95.953427859503904  5.9246251951470095 -96.028080506253602 
 4.1471197963656898 4 4.1565156632741642 1 4.1659115301826377 1 4.1753073970911121 1 4.1847032639995865 1 4.19409913090806 1 4.2034949978165344 1 4.2128908647250087 1 4.2222867316334822 1 4.2316825985419566 1 4.241078465450431 1 4.2504743323589054 1 4.2598701992673789 1 4.2692660661758532 1 4.2786619330843276 1 4.2880577999928011 1 4.2974536669012755 1 4.3068495338097499 1 4.3162454007182234 1 4.3256412676266978 1 4.3350371345351721 1 4.3444330014436456 1 4.35382886835212 4
1 0.53172406725880816 30 0 1 
7 0 0  3 25 23  5.9766334622017521 -96.028080506253602  5.9724712536584299 -95.926892254709188  5.9641432488974901 -95.724828580747101  5.9516414456403357 -95.422744934326303  5.9391308115176811 -95.12174664394982  5.9266123175788747 -94.821906800809984  5.9140869381095085 -94.523298159502986  5.9015556507475662 -94.225993047005517  5.8890194358767678 -93.930063313477262  5.8764792762093165 -93.635580272338814  5.8639361563143044 -93.342614643827147  5.8513910621577647 -93.051236498345673  5.8388449806373508 -92.761515200715351  5.8262988991169413 -92.473519355147715  5.813753804960399 -92.187316751110316  5.8012106850653886 -91.902974310129693  5.7886705253979365 -91.620558033720712  5.7761343105271372 -91.340132952165632  5.7636030231651976 -91.061763075571548  5.7510776436958286 -90.785511342265153  5.7385591497570214 -90.511439583337648  5.7260485156343668 -90.239608433490474  5.7135467123772115 -89.970077449206215  5.7052187076162726 -89.791962123347034  5.7010564990729504 -89.703307180205414 
 1.8773481717727301 4 1.8898743973694936 1 1.9024006229662573 1 1.9149268485630211 1 1.9274530741597846 1 1.9399792997565481 1 1.9525055253533119 1 1.9650317509500757 1 1.9775579765468392 1 1.9900842021436027 1 2.0026104277403665 1 2.0151366533371302 1 2.027662878933894 1 2.0401891045306573 1 2.052715330127421 1 2.0652415557241848 1 2.0777677813209481 1 2.0902940069177118 1 2.1028202325144756 1 2.1153464581112393 1 2.1278726837080031 1 2.1403989093047664 1 2.1529251349015301 4
7 0 0  3 25 23  3.7237214616964294 -89.7033071802054  3.7195592531531068 -89.791962123347034  3.7112312483921679 -89.970077449206215  3.6987294451350103 -90.239608433490474  3.6862188110123588 -90.511439583337634  3.673700317073548 -90.785511342265139  3.661174937604184 -91.061763075571534  3.6486436502422399 -91.340132952165604  3.6361074353714429 -91.620558033720684  3.6235672757039894 -91.902974310129707  3.6110241558089795 -92.187316751110302  3.5984790616524407 -92.473519355147729  3.5859329801320268 -92.76151520071538  3.5733868986116151 -93.051236498345659  3.5608418044550736 -93.342614643827105  3.5482986845600628 -93.6355802723388  3.5357585248926116 -93.930063313477291  3.5232223100218114 -94.225993047005502  3.5106910226598704 -94.523298159503  3.4981656431905059 -94.821906800810012  3.4856471492516965 -95.12174664394982  3.4731365151290441 -95.422744934326289  3.4606347118718888 -95.724828580747086  3.4523067071109494 -95.926892254709159  3.4481444985676273 -96.028080506253602 
 4.1302601722780601 4 4.1427863978748238 1 4.1553126234715876 1 4.1678388490683513 1 4.1803650746651142 1 4.192891300261878 1 4.2054175258586417 1 4.2179437514554055 1 4.2304699770521692 1 4.242996202648933 1 4.2555224282456967 1 4.2680486538424596 1 4.2805748794392233 1 4.2931011050359871 1 4.3056273306327508 1 4.3181535562295146 1 4.3306797818262783 1 4.3432060074230421 1 4.3557322330198058 1 4.3682584586165687 1 4.3807846842133324 1 4.3933109098100962 1 4.40583713540686 4
1 0.53172406725880816 30 0 1 
7 0 0  3 25 23  3.5001527656223699 -96.028080506253602  3.5032791481382191 -95.953427859503932  3.5095334301841055 -95.804348791984026  3.5189189933100189 -95.581439275460369  3.5283082859025012 -95.359269307289352  3.5377008959886482 -95.137869152341665  3.5470964108258176 -94.917268927892522  3.5564944168746004 -94.697498572684566  3.5658944999438744 -94.478587838092693  3.5752962452903225 -94.260566273494263  3.5846992377306086 -94.043463213335301  3.5941030617505891 -93.827307763902866  3.6035073016155827 -93.612128790350738  3.6129115414805741 -93.39795490384779  3.6223153655005556 -93.184814448901477  3.6317183579408434 -92.972735490849345  3.641120103287288 -92.761745803562533  3.6505201863565642 -92.551872857264826  3.6599181924053474 -92.34314380687627  3.669313707242515 -92.135585479405989  3.6787063173286643 -91.929224365956301  3.6880956099211444 -91.724086597623256  3.6974811730470591 -91.520197982654494  3.7037354550929447 -91.385121871682571  3.7068618376087943 -91.317800464572926 
 1.92935643882747 4 1.9387523057359441 1 1.9481481726444181 1 1.9575440395528922 1 1.9669399064613664 1 1.9763357733698403 1 1.9857316402783145 1 1.9951275071867887 1 2.0045233740952626 1 2.013919241003737 1 2.0233151079122109 1 2.0327109748206849 1 2.0421068417291592 1 2.0515027086376332 1 2.0608985755461071 1 2.0702944424545815 1 2.0796903093630554 1 2.0890861762715294 1 2.0984820431800038 1 2.1078779100884777 1 2.1172737769969516 1 2.126669643905426 1 2.1360655108138999 4
7 0 0  3 25 23  3.2135787209663564 -98  3.2178771790870124 -98  3.2264376450780832 -97.99695261187297  3.2391720866857061 -97.98332112653992  3.2518032861115507 -97.960710597444475  3.2643345321637227 -97.929203790471874  3.2767675338037057 -97.888878247345048  3.2891094612200917 -97.839830999931124  3.3013739995130278 -97.781739825048433  3.3134423446044621 -97.715242442738642  3.325212106813336 -97.640898658239067  3.3367082390034235 -97.558806281819045  3.3479238102046489 -97.469120781281134  3.3588905163125649 -97.371490552807657  3.3695922036059844 -97.265984643265085  3.3799785005180434 -97.15320161684906  3.3900070928634842 -97.033604387462617  3.3996361499299539 -96.907668952849392  3.4088126369516396 -96.775954625683767  3.4175664421246306 -96.638500678086615  3.4258901043483458 -96.495174302246269  3.4337779124680545 -96.345896625388676  3.4412234854078112 -96.190574317925538  3.4458880658305446 -96.082936734300489  3.4481444985676273 -96.028080506253602 
 0 4 0.00019059183942573456 1 0.00038118367885146912 1 0.00057177551827720366 1 0.00076236735770293825 1 0.00095295919712867284 1 0.0011435510365544073 1 0.0013341428759801419 1 0.0015247347154058765 1 0.0017153265548316111 1 0.0019059183942573457 1 0.00209651023368308 1 0.0022871020731088146 1 0.0024776939125345492 1 0.0026682857519602838 1 0.0028588775913860184 1 0.003049469430811753 1 0.0032400612702374876 1 0.0034306531096632222 1 0.0036212449490889568 1 0.0038118367885146913 1 0.0040024286279404259 1 0.0041930204673661601 4
7 0 0  3 25 23  1.5707963267948966 20.538848173958399  1.5547187934791273 20.543485610958442  1.5227152557412162 20.553548439831616  1.4750515938256783 20.570951112777109  1.4276167770982737 20.590606518470448  1.3802975073535597 20.612459876688931  1.3329875961297695 20.636453002453134  1.285567281532362 20.662540413145543  1.2378662979113149 20.690717876563394  1.1902476159075039 20.720595460327115  1.1430109803035318 20.751828417534199  1.0959722932687224 20.784304871201911  1.049067287276674 20.817857982389153  1.0020467988324906 20.85247613397528  0.95486135845138709 20.887969081604609  0.90763898473383797 20.923993801784448  0.86046727376122789 20.960245932231533  0.81343366219038582 20.996419244961903  0.76666431007015812 21.032176313584987  0.71997750243678049 21.067411399886467  0.67326231996208996 21.101944647472422  0.62640615338138927 21.13559673871411  0.57929296669659358 21.168188211571533  0.54763487971969416 21.189089165780281  0.53172406725880816 21.199303063582501 
 0 4 0.00019059183942573456 1 0.00038118367885146912 1 0.00057177551827720366 1 0.00076236735770293825 1 0.00095295919712867284 1 0.0011435510365544073 1 0.0013341428759801419 1 0.0015247347154058765 1 0.0017153265548316111 1 0.0019059183942573457 1 0.00209651023368308 1 0.0022871020731088146 1 0.0024776939125345492 1 0.0026682857519602838 1 0.0028588775913860184 1 0.003049469430811753 1 0.0032400612702374876 1 0.0034306531096632222 1 0.0036212449490889568 1 0.0038118367885146913 1 0.0040024286279404259 1 0.0041930204673661601 4
7 0 0  3 25 23  3.7237214616964294 -8.3972290985714011  3.7150253549462033 -8.4023033537148191  3.6975998320094239 -8.4125586615388492  3.6713702223481866 -8.4282484853012658  3.6450578229257862 -8.4442319536437118  3.6186714056901623 -8.4604947531336983  3.5922198768863072 -8.4770218993610182  3.5657122827344789 -8.4937976764331964  3.5391577853151608 -8.5108057122219964  3.5125656456451684 -8.5280290225483473  3.4859452041497603 -8.5454500685983756  3.4593058612766754 -8.563050815244269  3.4326570576431101 -8.5808127930631208  3.4060082540095462 -8.59871716275347  3.3793689111364609 -8.6167447817064087  3.3527484696410537 -8.6348762721836767  3.3261563299710599 -8.653092090582561  3.2996018325517427 -8.6713725973646039  3.2730942383999144 -8.6896981267554629  3.2466427095960606 -8.7080490570846116  3.2202562923604354 -8.7264058760827012  3.1939438929380364 -8.7447492599540713  3.1677142832767986 -8.7630600937004051  3.1502887603400191 -8.7752331653420867  3.1415926535897931 -8.7813080298587067 
 4.1302601722780601 4 4.1567205726465435 1 4.183180973015026 1 4.2096413733835094 1 4.2361017737519928 1 4.2625621741204762 1 4.2890225744889587 1 4.3154829748574421 1 4.3419433752259255 1 4.368403775594409 1 4.3948641759628915 1 4.4213245763313749 1 4.4477849766998583 1 4.4742453770683408 1 4.5007057774368242 1 4.5271661778053076 1 4.553626578173791 1 4.5800869785422735 1 4.6065473789107569 1 4.6330077792792403 1 4.6594681796477229 1 4.6859285800162063 1 4.7123889803846897 4
7 0 0  3 25 23  4.1302599876259407 1.1409041376107892e-08  4.1389556740304787 8.3149830999823482e-08  4.1563806210174539 5.6648203816071366e-07  4.1826098760504093 1.8125347683523262e-06  4.2089220766597526 3.0092776938803662e-06  4.2353083373515323 3.8378802500141415e-06  4.2617597389354218 4.125854565010388e-06  4.2882673010209462 3.8502567762565901e-06  4.3148219467200688 3.1063654516152057e-06  4.3414144802095453 2.080542623002051e-06  4.3680355141062277 1.020263119720988e-06  4.3946755803698059 1.9565893474624706e-07  4.4213245552895586 -1.1348372153232038e-07  4.4479736672059706 2.6726203499598972e-07  4.4746137178093628 8.3284879544389097e-07  4.5012347312716736 1.3036527895581287e-06  4.527827229697829 1.5306263549782545e-06  4.5543818484316638 1.4836376241741377e-06  4.5808893960445323 1.2145819684590017e-06  4.6073407954972794 8.2514815054044748e-07  4.633727058287584 4.338842370106241e-07  4.6600392501696613 1.4047627056610049e-07  4.6862684644447601 7.0596599817441057e-09  4.7036933430390917 -8.0245262465821355e-09  4.7123889803846897 0 
 4.1302601722780601 4 4.1567205726465435 1 4.183180973015026 1 4.2096413733835094 1 4.2361017737519928 1 4.2625621741204762 1 4.2890225744889587 1 4.3154829748574421 1 4.3419433752259255 1 4.368403775594409 1 4.3948641759628915 1 4.4213245763313749 1 4.4477849766998583 1 4.4742453770683408 1 4.5007057774368242 1 4.5271661778053076 1 4.553626578173791 1 4.5800869785422735 1 4.6065473789107569 1 4.6330077792792403 1 4.6594681796477229 1 4.6859285800162063 1 4.7123889803846897 4
7 0 0  3 47 45  5.9766334622017521 -96.028080506253602  5.9777615257225678 -96.055505046562686  5.9800560256149717 -96.109846116591697  5.983612187240599 -96.189843172948883  5.9872820497909043 -96.268335162954074  5.9910649167432632 -96.345331571555775  5.994960099749532 -96.420841873993069  5.998966925982578 -96.49487558172838  6.0030847158732152 -96.567442071040261  6.007312865616651 -96.638551222719045  6.0116505400611562 -96.708211034692354  6.0160978191551857 -96.776436531826491  6.0206514196422365 -96.843216514096099  6.0253206620757469 -96.90863765410316  6.0301059873343856 -96.972654689958816  6.0349952787578918 -97.035125002058336  6.0399797184545596 -97.095930393498989  6.0450499244705131 -97.154952334286293  6.0501955592156706 -97.212049204090178  6.0554121328664383 -97.267231125487911  6.0607003601774965 -97.320512408614931  6.0660598299050417 -97.371899135979078  6.071490447456501 -97.421399600843941  6.0769920507635353 -97.469021481078101  6.0825645045083396 -97.514772705374369  6.0882084113778348 -97.558642237116672  6.0939243532036862 -97.600618630992003  6.0997130795976773 -97.64069160963588  6.1055747766749144 -97.678846632587408  6.1115118024758646 -97.715085043822199  6.1175136853771681 -97.749289627423494  6.1235686810746586 -97.781412967189567  6.1296656543954979 -97.811400122076464  6.135794169101616 -97.839205499359366  6.1419404295061266 -97.864753637879559  6.1481034494032407 -97.888079201894186  6.1542936968899005 -97.909257030960319  6.1605088360733191 -97.928251950732886  6.166749970498608 -97.945058265003198  6.1730172906098426 -97.959662378919589  6.1793112398726118 -97.972052814065478  6.1856322021854888 -97.982217524927094  6.1919805854412306 -97.990144617944196  6.1983567991657207 -97.995822158839786  6.204761259660251 -97.99923822425049  6.2090500138970217 -98.000000000000014  6.2111992398030225 -98 
 5.2222092010065104e-18 4 9.5280766871305088e-05 1 0.00019056153374260497 1 0.00028584230061390483 1 0.00038112306748520468 1 0.00047640383435650454 1 0.00057168460122780445 1 0.00066696536809910431 1 0.00076224613497040416 1 0.00085752690184170402 1 0.00095280766871300388 1 0.0010480884355843038 1 0.0011433692024556037 1 0.0012386499693269036 1 0.0013339307361982034 1 0.0014292115030695033 1 0.0015244922699408031 1 0.001619773036812103 1 0.0017150538036834028 1 0.0018103345705547027 1 0.0019056153374260025 1 0.0020008961042973024 1 0.0020961768711686025 1 0.0021914576380399021 1 0.0022867384049112022 1 0.0023820191717825018 1 0.0024772999386538019 1 0.0025725807055251015 1 0.0026678614723964016 1 0.0027631422392677013 1 0.0028584230061390013 1 0.002953703773010301 1 0.003048984539881601 1 0.0031442653067529011 1 0.0032395460736242008 1 0.0033348268404955008 1 0.0034301076073668005 1 0.0035253883742381005 1 0.0036206691411094002 1 0.0037159499079807003 1 0.0038112306748519999 1 0.0039065114417233 1 0.0040017922085945996 1 0.0040970729754658992 1 0.0041923537423371997 4
7 0 0  3 47 45  0.53172406725880816 -21.199303063582501  0.53967843635122714 -21.194196780085377  0.55554937275138072 -21.183863798725383  0.57925683123090776 -21.16802540893676  0.60287977289448913 -21.151870427065077  0.62643273179695425 -21.135421177666537  0.6499302359198923 -21.118699989418115  0.67338679261257572 -21.101729175622921  0.69681674747251576 -21.084531106958831  0.72023456331117508 -21.067127939978484  0.74365355259811394 -21.049542630360602  0.76709038039763966 -21.031795151405056  0.79054803370309457 -21.01391660680077  0.81407915404961051 -20.995896561059475  0.83769114256535593 -20.977758503655064  0.86134124112656862 -20.959567339926181  0.88499946898539406 -20.94137727641602  0.90863427037300004 -20.923243898985028  0.93220824681095626 -20.905227975019695  0.95572335199918046 -20.887357856819815  0.97919707682892732 -20.869648260875795  1.0026424223676556 -20.85211775163819  1.0260735115544606 -20.83478382871408  1.0495040473112127 -20.817664403124127  1.0729475836239573 -20.800776805078332  1.0964177354628923 -20.784137736112545  1.1199282677187794 -20.767764520950436  1.1434937668711289 -20.751673924581461  1.1671266278209826 -20.735884327744216  1.190848143215532 -20.720408207915099  1.214625210719249 -20.705299407978334  1.2384261704467476 -20.690594559858518  1.2622204640318393 -20.676331721827676  1.28598057532131 -20.662546145937863  1.3096651366751451 -20.649282882773765  1.3332857719470905 -20.636550595009215  1.3568967367478468 -20.62432792262199  1.3804999081716074 -20.612629878519318  1.404111598991679 -20.601461729511342  1.4277445980682544 -20.59083135386707  1.4514129257109796 -20.580745930117189  1.4751305017493606 -20.571212824286736  1.498911444256865 -20.562239352161694  1.5227699269159898 -20.553832842989898  1.5467201625096965 -20.546000622410858  1.5627575954258675 -20.541166885493983  1.5707963267948966 -20.538848173958399 
 5.2222092010065104e-18 4 9.5280766871305088e-05 1 0.00019056153374260497 1 0.00028584230061390483 1 0.00038112306748520468 1 0.00047640383435650454 1 0.00057168460122780445 1 0.00066696536809910431 1 0.00076224613497040416 1 0.00085752690184170402 1 0.00095280766871300388 1 0.0010480884355843038 1 0.0011433692024556037 1 0.0012386499693269036 1 0.0013339307361982034 1 0.0014292115030695033 1 0.0015244922699408031 1 0.001619773036812103 1 0.0017150538036834028 1 0.0018103345705547027 1 0.0019056153374260025 1 0.0020008961042973024 1 0.0020961768711686025 1 0.0021914576380399021 1 0.0022867384049112022 1 0.0023820191717825018 1 0.0024772999386538019 1 0.0025725807055251015 1 0.0026678614723964016 1 0.0027631422392677013 1 0.0028584230061390013 1 0.002953703773010301 1 0.003048984539881601 1 0.0031442653067529011 1 0.0032395460736242008 1 0.0033348268404955008 1 0.0034301076073668005 1 0.0035253883742381005 1 0.0036206691411094002 1 0.0037159499079807003 1 0.0038112306748519999 1 0.0039065114417233 1 0.0040017922085945996 1 0.0040970729754658992 1 0.0041923537423371997 4
7 0 0  3 25 23  6.2831853071795862 -8.7813080298587067  6.2744892004293602 -8.775233165342085  6.2570636774925807 -8.7630600937004051  6.2308340678313412 -8.7447492599540713  6.2045216684089466 -8.726405876082703  6.1781352511733179 -8.7080490570846063  6.1516837223694649 -8.6896981267554878  6.1251761282176345 -8.6713725973645897  6.098621630798319 -8.6530920905825859  6.0720294911283252 -8.6348762721836749  6.0454090496329185 -8.6167447817063909  6.0187697067598309 -8.5987171627534522  5.9921209031262679 -8.5808127930631226  5.9654720994927022 -8.5630508152442708  5.9388327566196182 -8.5454500685983596  5.9122123151242105 -8.5280290225483313  5.8856201754542186 -8.510805712221984  5.8590656780348986 -8.4937976764331822  5.8325580838830735 -8.4770218993610023  5.8061065550792152 -8.4604947531336947  5.7797201378435927 -8.4442319536437473  5.7534077384211928 -8.4282484853012107  5.7271781287599568 -8.4125586615388599  5.7097526058231765 -8.4023033537148333  5.7010564990729504 -8.3972290985714011 
 1.5707963267949001 4 1.5972567271633833 1 1.6237171275318665 1 1.6501775279003497 1 1.6766379282688328 1 1.703098328637316 1 1.7295587290057992 1 1.7560191293742824 1 1.7824795297427656 1 1.8089399301112488 1 1.8354003304797319 1 1.8618607308482151 1 1.8883211312166983 1 1.9147815315851815 1 1.9412419319536647 1 1.9677023323221479 1 1.994162732690631 1 2.0206231330591145 1 2.0470835334275974 1 2.0735439337960804 1 2.1000043341645638 1 2.1264647345330472 1 2.1529251349015301 4
7 0 0  3 25 23  1.5707963267949001 0  1.5794919641404976 -8.0245566137116171e-09  1.5969168427348288 7.0595985518716205e-09  1.6231460570099263 1.4047621189977834e-07  1.6494582488920015 4.3388416598447017e-07  1.6758445116823066 8.2514807443460768e-07  1.7022959111350531 1.214581886031903e-06  1.7288034587479197 1.4836375785677459e-06  1.7553580774817537 1.5306262965990574e-06  1.7819505759079093 1.303652734666876e-06  1.808571589370217 8.3284878507599319e-07  1.8352116399736111 2.6726204638293569e-07  1.8618607518900216 -1.1348374817347978e-07  1.8885097268097768 1.9565895183456592e-07  1.915149793073351 1.0202630919743927e-06  1.9417708269700356 2.0805426708023865e-06  1.9683633604595121 3.1063654590481036e-06  1.9949180061586334 3.8502568099660467e-06  2.0214255682441591 4.1258546181198375e-06  2.0478769698280481 3.8378802694112468e-06  2.0742632305198248 3.0092777175206594e-06  2.100575431129172 1.8125348276018919e-06  2.1268046861621261 5.6648205527416732e-07  2.1442296331491013 8.3149829699969183e-08  2.1529253195536389 1.1409039076684011e-08 
 1.5707963267949001 4 1.5972567271633833 1 1.6237171275318665 1 1.6501775279003497 1 1.6766379282688328 1 1.703098328637316 1 1.7295587290057992 1 1.7560191293742824 1 1.7824795297427656 1 1.8089399301112488 1 1.8354003304797319 1 1.8618607308482151 1 1.8883211312166983 1 1.9147815315851815 1 1.9412419319536647 1 1.9677023323221479 1 1.994162732690631 1 2.0206231330591145 1 2.0470835334275974 1 2.0735439337960804 1 2.1000043341645638 1 2.1264647345330472 1 2.1529251349015301 4
7 0 0  3 25 23  3.1415926535897931 -8.313022843518695  3.1500437518808964 -8.3063811694473504  3.1669764808963339 -8.2930737544943671  3.1924592605331736 -8.27305983413037  3.2180178735579181 -8.2530123963890443  3.2436442626340338 -8.2329511486147631  3.2693302543637537 -8.2128960009144141  3.2950675544365682 -8.1928670463416413  3.3208477685380671 -8.1728844840233315  3.3466624170015833 -8.1529685557742724  3.3725029516876179 -8.1331394778622208  3.3983607727182883 -8.1134173734233777  3.4242272455992944 -8.0938222046514792  3.4500937184802956 -8.0743737055983971  3.4759515395109704 -8.0550913159675464  3.501792074197001 -8.0359941163761643  3.5276067226605199 -8.0171007655913424  3.5533869367620183 -7.9984294399503577  3.5791242368348319 -7.9799977762137759  3.6048102285645536 -7.961822815090545  3.6304366176406679 -7.9439209575065304  3.6559952306654129 -7.9263078901650834  3.6814780103022544 -7.9089986439862212  3.698410739317691 -7.8976709987594989  3.7068618376087943 -7.8920625165292932 
 1.5707963267949001 4 1.5964903806139457 1 1.622184434432991 1 1.6478784882520365 1 1.6735725420710819 1 1.6992665958901274 1 1.7249606497091727 1 1.7506547035282183 1 1.7763487573472636 1 1.8020428111663092 1 1.8277368649853547 1 1.8534309188044 1 1.8791249726234454 1 1.9048190264424909 1 1.9305130802615365 1 1.9562071340805818 1 1.9819011878996273 1 2.0075952417186729 1 2.0332892955377182 1 2.0589833493567635 1 2.0846774031758093 1 2.1103714569948546 1 2.1360655108138999 4
7 0 0  3 25 23  4.7123889803846897 0  4.7039382877380289 -2.6144734335627928e-09  4.6870061153940794 2.2969054746045195e-09  4.661523677047553 4.5661932465808293e-08  4.6359652432685667 1.4095061612289668e-07  4.6103389876862941 2.6786814591429983e-07  4.5846531077403423 3.9402264341315211e-07  4.5589158477771203 4.8102483512910933e-07  4.5331355286760866 4.9604083624255117e-07  4.5073205701277166 4.2237373256434806e-07  4.481479541350061 2.6982053591943473e-07  4.4556211092131948 8.6604584255858504e-08  4.4297543702152957 -3.6771264905555099e-08  4.403887749458911 6.3394783936644705e-08  4.3780293037551896 3.3075811393719417e-07  4.3521882574196145 6.7477448418807378e-07  4.3263732688732759 1.0078609176822619e-06  4.3005929269687684 1.2496668513940973e-06  4.2748556551415762 1.3396073372343371e-06  4.2491697740276404 1.2466149012237505e-06  4.2235435207900238 9.7794403010668744e-07  4.1979850796199267 5.8940099499171605e-07  4.1725026055277672 1.8434644695638186e-07  4.1555703730263946 2.7103285895075011e-08  4.1471196372212384 3.7092421281679803e-09 
 1.5707963267949001 4 1.5964903806139457 1 1.622184434432991 1 1.6478784882520365 1 1.6735725420710819 1 1.6992665958901274 1 1.7249606497091727 1 1.7506547035282183 1 1.7763487573472636 1 1.8020428111663092 1 1.8277368649853547 1 1.8534309188044 1 1.8791249726234454 1 1.9048190264424909 1 1.9305130802615365 1 1.9562071340805818 1 1.9819011878996273 1 2.0075952417186729 1 2.0332892955377182 1 2.0589833493567635 1 2.0846774031758093 1 2.1103714569948546 1 2.1360655108138999 4
7 0 0  3 47 45  3.5001527656223699 -96.028080506253602  3.499001307923002 -96.055575313607235  3.4966598097852422 -96.110044772425894  3.4930326673953043 -96.19020013517499  3.4892914870617147 -96.26881831389727  3.4854371113035669 -96.34591095261726  3.4814703742009363 -96.421489685803778  3.4773920939783753 -96.495566183576756  3.4732030953145081 -96.568151983006913  3.4689041265780771 -96.639259117710708  3.464496167756137 -96.708897768170871  3.4599792808031822 -96.77708503085978  3.455356899722577 -96.843812191424377  3.4506198193990505 -96.909166862823753  3.4457674495398494 -96.97310738658544  3.4408117954091644 -97.035496241291042  3.4357615417596334 -97.096220091066897  3.4306259847284561 -97.155164720805899  3.4254152067135459 -97.212195246790202  3.4201348525934598 -97.267308956790643  3.4147841266642804 -97.320522170839141  3.4093634905914008 -97.371841535777335  3.4038730539214597 -97.421276292306658  3.3983130038979734 -97.468834978879244  3.3926834952652647 -97.514526349084846  3.386983948030529 -97.558339842456533  3.3812137974500076 -97.600264599226875  3.3753723403684202 -97.640290756448138  3.3694593254180596 -97.678404763193711  3.3634727469051571 -97.714606823633218  3.3574195461308145 -97.748799695991963  3.3513122662184314 -97.780929513812296  3.345162329092302 -97.810938123065739  3.3389805938436092 -97.838775915375138  3.3327812453827792 -97.864363387328751  3.3265656549143796 -97.887732070002457  3.3203233225609035 -97.908956095714473  3.3140565664988806 -97.927998606673285  3.3077642616463048 -97.944852484797721  3.3014461970049278 -97.959502643275229  3.2951019082619175 -97.971936130508325  3.2887309907317954 -97.982139422770487  3.2823330157119432 -97.990099149636777  3.2759075528789703 -97.995801899604331  3.2694541651451687 -97.999234272180857  3.2651329934965045 -98  3.2629676056116574 -98 
 0 4 9.5989987069515457e-05 1 0.00019197997413903091 1 0.00028796996120854636 1 0.00038395994827806183 1 0.0004799499353475773 1 0.00057593992241709272 1 0.00067192990948660824 1 0.00076791989655612366 1 0.00086390988362563907 1 0.0009598998706951546 1 0.00105588985776467 1 0.0011518798448341854 1 0.0012478698319037008 1 0.0013438598189732165 1 0.0014398498060427319 1 0.0015358397931122473 1 0.0016318297801817627 1 0.0017278197672512781 1 0.0018238097543207938 1 0.0019197997413903092 1 0.0020157897284598246 1 0.00211177971552934 1 0.0022077697025988554 1 0.0023037596896683709 1 0.0023997496767378863 1 0.0024957396638074017 1 0.0025917296508769175 1 0.002687719637946433 1 0.0027837096250159484 1 0.0028796996120854638 1 0.0029756895991549792 1 0.0030716795862244946 1 0.00316766957329401 1 0.0032636595603635255 1 0.0033596495474330409 1 0.0034556395345025563 1 0.0035516295215720717 1 0.0036476195086415876 1 0.003743609495711103 1 0.0038395994827806184 1 0.0039355894698501334 1 0.0040315794569196492 1 0.0041275694439891651 1 0.0042235594310586801 4
7 0 0  3 47 45  0.53172406725880816 23.9539536688144  0.5396988158189292 23.947892521810719  0.55560749418251398 23.935621830250263  0.57936292981380133 23.916794186302376  0.60302563411120758 23.89756852219163  0.62661054086980683 23.877968422989472  0.6501325603922864 23.858017478866664  0.67360656057867652 23.837739260969482  0.69704722535883812 23.817157411442956  0.7204693276807812 23.796295307461648  0.74388647560691901 23.775177315082924  0.76731555715225164 23.753824109803887  0.7907599199803701 23.732270140479397  0.81427191325219339 23.710498453093919  0.83786009756421764 23.688531151385504  0.86148348959085086 23.66644161470154  0.88511378429847487 23.644289894445027  0.90872089262554678 23.622138078187103  0.93226976915598991 23.600053436770931  0.95575735205597556 23.578072533555627  0.97920174343371003 23.556208960629107  1.0026159989126964 23.534481596545287  1.0260144385552057 23.512907869404167  1.0494109177159883 23.491505722655639  1.0728191426178704 23.470292488803679  1.0962528073665914 23.449284243192139  1.119725792563943 23.42849769086552  1.1432526729043764 23.407948955876975  1.1668462832810467 23.387655856544363  1.1905266524033853 23.367630015118081  1.2142751235869715 23.34792154139453  1.2380571534051847 23.328578641283841  1.2618413725435982 23.309648780476032  1.2855989043773375 23.291176543278628  1.3092873076961944 23.273218779749428  1.3329167366382777 23.255786158327425  1.3565411881077869 23.238849312564458  1.3801626963828619 23.222425091225148  1.4037976465914195 23.206517959745199  1.4274589488362452 23.191135701663267  1.4511607570941258 23.176285211435012  1.4749171462781852 23.161973621745208  1.4987424074299693 23.148208001445191  1.5226509052374313 23.134995436490851  1.5466570584175459 23.122343008253345  1.5627358553242054 23.114286202309916  1.5707963267948966 23.110353516267399 
 0 4 9.5989987069515457e-05 1 0.00019197997413903091 1 0.00028796996120854636 1 0.00038395994827806183 1 0.0004799499353475773 1 0.00057593992241709272 1 0.00067192990948660824 1 0.00076791989655612366 1 0.00086390988362563907 1 0.0009598998706951546 1 0.00105588985776467 1 0.0011518798448341854 1 0.0012478698319037008 1 0.0013438598189732165 1 0.0014398498060427319 1 0.0015358397931122473 1 0.0016318297801817627 1 0.0017278197672512781 1 0.0018238097543207938 1 0.0019197997413903092 1 0.0020157897284598246 1 0.00211177971552934 1 0.0022077697025988554 1 0.0023037596896683709 1 0.0023997496767378863 1 0.0024957396638074017 1 0.0025917296508769175 1 0.002687719637946433 1 0.0027837096250159484 1 0.0028796996120854638 1 0.0029756895991549792 1 0.0030716795862244946 1 0.00316766957329401 1 0.0032636595603635255 1 0.0033596495474330409 1 0.0034556395345025563 1 0.0035516295215720717 1 0.0036476195086415876 1 0.003743609495711103 1 0.0038395994827806184 1 0.0039355894698501334 1 0.0040315794569196492 1 0.0041275694439891651 1 0.0042235594310586801 4
7 0 0  3 25 23  5.7179161231605846 -7.8920625165292932  5.7263672214516887 -7.8976709987595441  5.7432999504671267 -7.9089986439862692  5.7687827301039682 -7.9263078901650204  5.7943413431287114 -7.9439209575065703  5.8199677322048275 -7.9618228150905344  5.8456537239345456 -7.9799977762137848  5.8713910240073615 -7.9984294399503364  5.897171238108859 -8.0171007655913265  5.9229858865723797 -8.0359941163761643  5.9488264212584117 -8.0550913159675677  5.974684242289082 -8.0743737055983971  6.0005507151700854 -8.0938222046514738  6.0264171880510897 -8.1134173734233972  6.0522750090817636 -8.1331394778622421  6.0781155437677947 -8.1529685557742617  6.1039301922313136 -8.1728844840233563  6.1297104063328103 -8.1928670463416342  6.1554477064056252 -8.2128960009144176  6.1811336981353469 -8.2329511486147542  6.2067600872114603 -8.253012396389007  6.2323187002362062 -8.2730598341303612  6.2578014798730459 -8.2930737544943671  6.2747342088884821 -8.3063811694473557  6.2831853071795871 -8.313022843518695 
 4.1471197963656898 4 4.1728138501847356 1 4.1985079040037805 1 4.2242019578228263 1 4.249896011641872 1 4.2755900654609169 1 4.3012841192799627 1 4.3269781730990076 1 4.3526722269180533 1 4.3783662807370991 1 4.404060334556144 1 4.4297543883751898 1 4.4554484421942355 1 4.4811424960132804 1 4.5068365498323262 1 4.5325306036513719 1 4.5582246574704168 1 4.5839187112894626 1 4.6096127651085075 1 4.6353068189275533 1 4.661000872746599 1 4.6866949265656439 1 4.7123889803846897 4
7 0 0  3 25 23  2.136065669958354 3.7092487528534007e-09  2.1276149341532027 2.7103285440158295e-08  2.110682701651835 1.8434641663111949e-07  2.0852002275596799 5.8940085893273972e-07  2.059641786389578 9.7794363415810874e-07  2.0340155331519529 1.246614276017243e-06  2.0083296520380038 1.3396064552389019e-06  1.9825923802108028 1.249665789268721e-06  1.9568120383062841 1.0078597393222349e-06  1.9309970497599398 6.7477331976017784e-07  1.9051560034243664 3.3075712615771863e-07  1.8792975577206503 6.3394179187396649e-08  1.8534309369642896 -3.6771247760822789e-08  1.827564197966407 8.6605490806343037e-08  1.8017057658295486 2.6982250277178126e-07  1.775864737051889 4.2237682674506403e-07  1.7500497785035143 4.9604495002187579e-07  1.7242694594024661 4.8102981329285664e-07  1.6985321994392359 3.9402819081269978e-07  1.6728463194932719 2.6787385059030935e-07  1.6472200639109968 1.4095596805052525e-07  1.6216616301320064 4.5666311363502201e-08  1.5961791917854955 2.2995729188815227e-09  1.5792470194415555 -2.6134853218067073e-09  1.5707963267949001 0 
 4.1471197963656898 4 4.1728138501847356 1 4.1985079040037805 1 4.2242019578228263 1 4.249896011641872 1 4.2755900654609169 1 4.3012841192799627 1 4.3269781730990076 1 4.3526722269180533 1 4.3783662807370991 1 4.404060334556144 1 4.4297543883751898 1 4.4554484421942355 1 4.4811424960132804 1 4.5068365498323262 1 4.5325306036513719 1 4.5582246574704168 1 4.5839187112894626 1 4.6096127651085075 1 4.6353068189275533 1 4.661000872746599 1 4.6866949265656439 1 4.7123889803846897 4
7 0 0  3 25 23  6.1618103551577219 -98  6.1574796230793503 -98  6.1488549376640149 -97.996936909775172  6.1360249225616252 -97.983250917144233  6.1232986637830047 -97.960570995910203  6.1106726718576088 -97.928996271179088  6.0981448945517815 -97.888619567085485  6.085708359473097 -97.839557215234422  6.0733455528809071 -97.781485091872526  6.0611733167780191 -97.715025307695882  6.0492930995464 -97.64073042743729  6.0376857278351448 -97.558733060172756  6.0263570707346492 -97.469184970654837  6.0152739799620774 -97.371741262164306  6.0044504757751858 -97.266443655490249  5.9939370141338655 -97.153862413069433  5.9837753396552111 -97.034431637363411  5.9740071260728813 -96.908601529086681  5.964684264812453 -96.776894055917793  5.9557833955144277 -96.639405990358796  5.9473124182129133 -96.495983939797924  5.939278104348527 -96.346536460447567  5.9316877368538767 -96.190955503680541  5.9269284035743626 -96.083076828829121  5.9246251951470095 -96.028080506253602 
 9.3598090954053995e-20 4 0.00019200509631587829 1 0.00038401019263175652 1 0.00057601528894763473 1 0.00076802038526351294 1 0.00096002548157939115 1 0.0011520305778952692 1 0.0013440356742111473 1 0.0015360407705270257 1 0.001728045866842904 1 0.0019200509631587821 1 0.0021120560594746602 1 0.0023040611557905385 1 0.0024960662521064168 1 0.0026880713484222947 1 0.002880076444738173 1 0.0030720815410540513 1 0.0032640866373699296 1 0.003456091733685808 1 0.0036480968300016858 1 0.0038401019263175642 1 0.004032107022633442 1 0.0042241121189493204 4
7 0 0  3 25 23  1.5707963267948966 -23.110353516267399  1.5546755261049336 -23.118218821180758  1.5225964836759489 -23.134718223472557  1.4748510255009621 -23.161719158929717  1.4273640479874763 -23.190917073874974  1.380021113307796 -23.222258190821314  1.3327146482982863 -23.255684739260136  1.2853262801741916 -23.291153845724807  1.2376724759833786 -23.328681802925079  1.1901035269340801 -23.367798912218756  1.1429113548177194 -23.408089211240785  1.0959341326806671 -23.449440811445111  1.0491021732644481 -23.491684724725356  1.0021632434699825 -23.534838396602037  0.95505658553932982 -23.578709208664886  0.90790332439976984 -23.62291842928671  0.86078215794023127 -23.667134655593053  0.81377306318028642 -23.711023282915555  0.76698998201154378 -23.754215185008498  0.72027727515526063 -23.796598124915992  0.6735194051688369 -23.837982506695649  0.62660184125077067 -23.878178540609571  0.57940553603703204 -23.916996488865074  0.54767549945677807 -23.941829896077802  0.53172406725880816 -23.9539536688144 
 9.3598090954053995e-20 4 0.00019200509631587829 1 0.00038401019263175652 1 0.00057601528894763473 1 0.00076802038526351294 1 0.00096002548157939115 1 0.0011520305778952692 1 0.0013440356742111473 1 0.0015360407705270257 1 0.001728045866842904 1 0.0019200509631587821 1 0.0021120560594746602 1 0.0023040611557905385 1 0.0024960662521064168 1 0.0026880713484222947 1 0.002880076444738173 1 0.0030720815410540513 1 0.0032640866373699296 1 0.003456091733685808 1 0.0036480968300016858 1 0.0038401019263175642 1 0.004032107022633442 1 0.0042241121189493204 4
1 6.2831853071796004 20.168908976778589 -1 0 
7 0 0  3 25 23  4.7123889803846897 0  4.7123889803846897 0.016827801337053513  4.7123889803846897 0.049990702988807013  4.7123889803846888 0.098425525904051264  4.7123889803846897 0.14572491307535831  4.7123889803846888 0.19204363722296475  4.7123889803846897 0.23752672442294745  4.7123889803846897 0.2823094225394549  4.7123889803846888 0.32651943621432816  4.7123889803846897 0.37027831059062577  4.7123889803846897 0.4137028522920424  4.7123889803846897 0.45690639488525514  4.7123889803846888 0.499999999999996  4.7123889803846906 0.54309360511474947  4.7123889803846897 0.58629714770795394  4.7123889803846897 0.62972168940937212  4.7123889803846888 0.67348056378566645  4.7123889803846897 0.71769057746054632  4.7123889803846897 0.76247327557705002  4.7123889803846888 0.80795636277703087  4.7123889803846906 0.85427508692464449  4.7123889803846888 0.90157447409594837  4.7123889803846906 0.95000929701118941  4.7123889803846897 0.98317219866294403  4.7123889803846897 1 
 4.7123889803846897 4 4.7837888134208217 1 4.8551886464569529 1 4.926588479493085 1 4.9979883125292162 1 5.0693881455653482 1 5.1407879786014794 1 5.2121878116376115 1 5.2835876446737426 1 5.3549874777098747 1 5.4263873107460068 1 5.497787143782138 1 5.5691869768182691 1 5.6405868098544012 1 5.7119866428905333 1 5.7833864759266644 1 5.8547863089627965 1 5.9261861419989277 1 5.9975859750350597 1 6.0689858080711918 1 6.140385641107323 1 6.2117854741434542 1 6.2831853071795862 4
7 0 0  3 25 23  4.6789686832687298 1.0000000890069227  4.6726466492679375 0.9777687579019827  4.6597746354870297 0.93519352699782365  4.6397897272711317 0.87606111568458089  4.6191336861878334 0.82062912277340372  4.5978164498212726 0.76821108380703373  4.5758604616206044 0.71823289137918589  4.5532702360870845 0.67023027537573532  4.5302151364068006 0.62414256472342944  4.5067115933364885 0.57957796385236238  4.4827943632314877 0.53625302261692553  4.4584935022742176 0.49392188307453366  4.433843863264963 0.45240260358005718  4.4088680969627321 0.41151832120794352  4.383584163594505 0.37104660809965906  4.358023453445278 0.33081988828416692  4.3322138548456195 0.29067639040993287  4.3061838990125212 0.25047017744123495  4.2799615698646685 0.21007550206219211  4.2535655298445985 0.16932326304258899  4.2270404896299008 0.1280906561081416  4.2004281452083783 0.086245564771141578  4.1737714657038829 0.043653389460647361  4.1559990636793431 0.014665555806195166  4.1471196372212384 3.7092400368515058e-09 
 4.9065389333867997e-18 4 0.00043924044198180741 1 0.00087848088396360983 1 0.0013177213259454124 1 0.0017569617679272149 1 0.0021962022099090172 1 0.0026354426518908195 1 0.0030746830938726223 1 0.0035139235358544246 1 0.0039531639778362278 1 0.0043924044198180301 1 0.0048316448617998324 1 0.0052708853037816347 1 0.005710125745763437 1 0.0061493661877452402 1 0.0065886066297270425 1 0.0070278470717088449 1 0.0074670875136906472 1 0.0079063279556724503 1 0.0083455683976542527 1 0.008784808839636055 1 0.0092240492816178573 1 0.0096632897235996596 4
7 0 0  3 25 23  0 0  0.00016736134300592738 -1.3685166932059401e-07  0.00050044482890014769 -2.5992574728070429e-07  0.00099511067061451791 -2.7688483777392267e-07  0.0014847925056646826 -1.3700335798418764e-07  0.0019694056291845539 -8.0807781208851804e-07  0.0024487941927160742 1.5890622703320487e-06  0.0029235203259446547 -7.4984791563727865e-06  0.0033937018885100922 7.0082729233117438e-05  0.0038618098226571398 0.00015818614210214377  0.0043282921157634683 0.00015625360445623232  0.0047921065584436888 6.5848661922397181e-05  0.005253264679628702 -1.6768705243625722e-05  0.0057117198637591871 -2.5990584589221827e-06  0.0061678627748766634 2.3131623591440728e-05  0.0066217653840066216 5.1279340871498638e-05  0.0070735791075324595 5.6833143810209485e-05  0.007523418694594379 1.2249396531539377e-05  0.0079714176293102686 -2.8969329783713593e-06  0.0084184810315740474 2.7204958577991515e-05  0.0088645888920604477 5.3333998583720934e-05  0.0093098766453327177 7.2805138252097194e-05  0.0097544318359055696 4.4496188213980048e-05  0.010050375858599518 4.0266389348947801e-05  0.0101982566324261 4.8156896837408168e-05 
 4.9065389333867997e-18 4 0.00043924044198180741 1 0.00087848088396360983 1 0.0013177213259454124 1 0.0017569617679272149 1 0.0021962022099090172 1 0.0026354426518908195 1 0.0030746830938726223 1 0.0035139235358544246 1 0.0039531639778362278 1 0.0043924044198180301 1 0.0048316448617998324 1 0.0052708853037816347 1 0.005710125745763437 1 0.0061493661877452402 1 0.0065886066297270425 1 0.0070278470717088449 1 0.0074670875136906472 1 0.0079063279556724503 1 0.0083455683976542527 1 0.008784808839636055 1 0.0092240492816178573 1 0.0096632897235996596 4
1 6.2831853071795862 20.168908976778589 -1 0 
7 0 0  3 25 23  1.5707963267949001 1  1.5707963267949003 0.98317219866294547  1.5707963267949003 0.95000929701119208  1.5707963267948997 0.90157447409594893  1.5707963267949003 0.85427508692464038  1.5707963267949003 0.80795636277703098  1.5707963267949001 0.76247327557705058  1.5707963267948999 0.71769057746054488  1.5707963267949006 0.67348056378566601  1.5707963267948999 0.62972168940937323  1.5707963267949001 0.5862971477079526  1.5707963267949001 0.54309360511474791  1.5707963267949001 0.49999999999999767  1.5707963267949003 0.45690639488525353  1.5707963267949001 0.41370285229204073  1.5707963267948997 0.37027831059062238  1.5707963267949003 0.32651943621433482  1.5707963267949001 0.28230942253945301  1.5707963267949003 0.23752672442294495  1.5707963267949001 0.19204363722297402  1.5707963267949001 0.14572491307535143  1.5707963267949001 0.098425525904051805  1.5707963267949006 0.049990702988805112  1.5707963267949001 0.016827801337052382  1.5707963267949001 0 
 0 4 0.071399833036131663 1 0.14279966607226333 1 0.21419949910839498 1 0.28559933214452665 1 0.35699916518065833 1 0.42839899821678995 1 0.49979883125292163 1 0.5711986642890533 1 0.64259849732518493 1 0.71399833036131666 1 0.78539816339744828 1 0.8567979964335799 1 0.92819782946971163 1 0.99959766250584325 1 1.070997495541975 1 1.1423973285781066 1 1.2137971616142382 1 1.2851969946503699 1 1.3565968276865017 1 1.4279966607226333 1 1.4993964937587649 1 1.5707963267948966 4
7 0 0  3 25 23  2.136065669958354 3.7092474896701195e-09  2.1271642238347805 0.014701627435282963  2.1093636989006206 0.043734752729264192  2.0826995195699638 0.086337367715979066  2.0561014148715842 0.12815927555625439  2.0295989898619244 0.16935608905058955  2.0032220806587948 0.2100780562719714  1.976999010554352 0.25047387214510042  1.9509694489648399 0.29067949323257997  1.92515994052554 0.33082287937138194  1.8995994015045627 0.37104937241076724  1.8743156163732444 0.41152090090394455  1.8493400028567459 0.4524049962061899  1.8246905122480175 0.49392409625592681  1.8003897969405378 0.53625505964273734  1.7764727098258142 0.57957982553122489  1.7529693075449495 0.62414424773327704  1.7299143465577969 0.67023177200399908  1.7073242583602846 0.71823418685250573  1.6853684011723449 0.7682121682490356  1.6640512895148201 0.82062998103970997  1.643395366358358 0.87606172593039677  1.6234105690795095 0.93519385923170784  1.6105386245180162 0.97776887502932086  1.6042166239183255 1.0000000890069227 
 -2.0605666672577901e-05 4 0.00041972336246683247 1 0.00086005239160624291 1 0.0013003814207456531 1 0.0017407104498850636 1 0.0021810394790244742 1 0.0026213685081638845 1 0.0030616975373032951 1 0.0035020265664427053 1 0.0039423555955821156 1 0.0043826846247215258 1 0.004823013653860936 1 0.0052633426830003462 1 0.0057036717121397565 1 0.0061440007412791675 1 0.0065843297704185778 1 0.007024658799557988 1 0.0074649878286973982 1 0.0079053168578368093 1 0.0083456458869762187 1 0.0087859749161156298 1 0.0092263039452550391 1 0.0096666329743944502 4
7 0 0  3 25 23  0.0101982566324261 0.99994280155848814  0.010050009558240218 0.99995347175702642  0.009753596290676389 0.99994784303049888  0.0093089125513364356 0.99990915110864309  0.0088638581143397309 0.99992943302152937  0.008418127447379551 0.99996293698775995  0.0079713889988436044 1.0000031016062092  0.0075233776601243947 0.99998769864832004  0.0070735442092130802 0.99994318928909853  0.0066217316667055767 0.99994871962864995  0.0061678315820330593 0.99997686873671232  0.0057116908527168704 1.0000025959087635  0.0052532379660258271 1.0000167688063362  0.0047920821229801951 0.99993415405331887  0.004328269982457872 0.99984375038701345  0.0038617900001929927 0.9998418177616506  0.0033936844966921029 0.99992991938674958  0.0029235053122995337 1.0000074980371343  0.0024487815986345904 0.99999841105507892  0.0019693954309741579 1.0000008080456104  0.0014847847765152317 1.0000001370114888  0.00099510546220772265 1.0000002768823462  0.00050044219357139083 1.0000002599263127  0.00016736045855511895 1.0000001368516427  0 1 
 -2.0605666672577901e-05 4 0.00041972336246683247 1 0.00086005239160624291 1 0.0013003814207456531 1 0.0017407104498850636 1 0.0021810394790244742 1 0.0026213685081638845 1 0.0030616975373032951 1 0.0035020265664427053 1 0.0039423555955821156 1 0.0043826846247215258 1 0.004823013653860936 1 0.0052633426830003462 1 0.0057036717121397565 1 0.0061440007412791675 1 0.0065843297704185778 1 0.007024658799557988 1 0.0074649878286973982 1 0.0079053168578368093 1 0.0083456458869762187 1 0.0087859749161156298 1 0.0092263039452550391 1 0.0096666329743944502 4
7 0 0  3 25 23  0 1  0 0.98324763571447238  0 0.95021194625218874  0 0.90190641470655786  0 0.85468475901796381  0 0.80840039478848158  0 0.76291562376326183  0 0.71810167332292996  0 0.67383667319249518  0 0.63000439768274752  0 0.58649296977763099  0 0.54319370308452586  0 0.4999999999999778  0 0.45680629691546354  0 0.41350703022233581  0 0.36999560231724421  0 0.32616332680747245  0 0.28189832667706077  0 0.23708437623672524  0 0.19159960521151112  0 0.14531524098200832  0 0.098093585293454355  0 0.049788053747810222  -0 0.016752364285524634  0 0 
 4.7457104341844927 4 4.8155956556842696 1 4.8854808771840466 1 4.9553660986838235 1 5.0252513201836004 1 5.0951365416833774 1 5.1650217631831543 1 5.2349069846829313 1 5.3047922061827082 1 5.3746774276824851 1 5.444562649182263 1 5.514447870682039 1 5.5843330921818168 1 5.6542183136815938 1 5.7241035351813707 1 5.7939887566811477 1 5.8638739781809246 1 5.9337591996807015 1 6.0036444211804785 1 6.0735296426802554 1 6.1434148641800324 1 6.2133000856798093 1 6.2831853071795862 4
7 0 0  3 25 23  5.5815264734222101 0  5.5815264734222092 0.016752364285527562  5.581526473422211 0.049788053747811194  5.5815264734222092 0.098093585293441782  5.5815264734222101 0.14531524098203427  5.581526473422211 0.19159960521151548  5.5815264734222083 0.23708437623673309  5.5815264734222101 0.28189832667706777  5.5815264734222092 0.3261633268074825  5.581526473422211 0.36999560231725032  5.581526473422211 0.41350703022233848  5.5815264734222092 0.45680629691546676  5.5815264734222101 0.49999999999999106  5.581526473422211 0.54319370308452297  5.5815264734222101 0.58649296977764254  5.5815264734222101 0.6300043976827433  5.5815264734222101 0.67383667319249729  5.5815264734222101 0.71810167332292141  5.5815264734222101 0.76291562376325606  5.5815264734222101 0.80840039478847137  5.5815264734222101 0.85468475901796381  5.5815264734222092 0.90190641470653965  5.5815264734222128 0.95021194625218608  5.5815264734222092 0.98324763571447393  5.5815264734222101 1 
 4.7457104341844927 4 4.8155956556842696 1 4.8854808771840466 1 4.9553660986838235 1 5.0252513201836004 1 5.0951365416833774 1 5.1650217631831543 1 5.2349069846829313 1 5.3047922061827082 1 5.3746774276824851 1 5.444562649182263 1 5.514447870682039 1 5.5843330921818168 1 5.6542183136815938 1 5.7241035351813707 1 5.7939887566811477 1 5.8638739781809246 1 5.9337591996807015 1 6.0036444211804785 1 6.0735296426802554 1 6.1434148641800324 1 6.2133000856798093 1 6.2831853071795862 4
1 0.0101982566324261 4.3935611921372655e-05 0 1 
1 0.0101982566324261 4.8156896837408168e-05 0 1 
1 6.2831853071795862 28.507822383218105 -1 -4.5234555469703761e-15 
7 0 0  3 25 23  4.7123889803846897 1  4.7123889803846906 0.98317219866294281  4.7123889803846888 0.95000929701118819  4.7123889803846897 0.90157447409594904  4.7123889803846906 0.85427508692463827  4.7123889803846879 0.80795636277701777  4.7123889803846906 0.76247327557705014  4.7123889803846897 0.71769057746053611  4.7123889803846888 0.67348056378565369  4.7123889803846906 0.6297216894093608  4.7123889803846888 0.58629714770793961  4.7123889803846897 0.54309360511474569  4.7123889803846888 0.49999999999998151  4.7123889803846906 0.4569063948852391  4.7123889803846879 0.41370285229203735  4.7123889803846915 0.37027831059061628  4.7123889803846888 0.32651943621431606  4.7123889803846897 0.28230942253943869  4.7123889803846897 0.2375267244229391  4.7123889803846888 0.19204363722295842  4.7123889803846906 0.14572491307536475  4.7123889803846888 0.098425525904051625  4.7123889803846906 0.0499907029888026  4.7123889803846897 0.016827801337050224  4.7123889803846897 0 
 3.1415926535897931 4 3.2129924866259247 1 3.2843923196620564 1 3.355792152698188 1 3.4271919857343196 1 3.4985918187704517 1 3.5699916518065828 1 3.6413914848427149 1 3.7127913178788465 1 3.7841911509149782 1 3.8555909839511098 1 3.9269908169872414 1 3.998390650023373 1 4.0697904830595046 1 4.1411903160956367 1 4.2125901491317679 1 4.2839899821678999 1 4.3553898152040311 1 4.4267896482401632 1 4.4981894812762953 1 4.5695893143124264 1 4.6409891473485576 1 4.7123889803846897 4
1 6.283185307179572 28.507822383218077 -1 4.5234555469703761e-15 
7 0 0  3 25 23  1.5707963267949001 0  1.5707963267949001 0.016827801337053153  1.5707963267949001 0.049990702988806292  1.5707963267949006 0.098425525904048503  1.5707963267948997 0.14572491307535762  1.5707963267949006 0.19204363722294854  1.5707963267949001 0.23752672442296333  1.5707963267948997 0.28230942253944036  1.5707963267948999 0.32651943621431828  1.5707963267949003 0.3702783105906105  1.5707963267948997 0.41370285229203202  1.5707963267948999 0.45690639488524804  1.5707963267949001 0.49999999999996708  1.5707963267948997 0.54309360511475302  1.5707963267949001 0.58629714770793229  1.5707963267948999 0.62972168940936102  1.5707963267948999 0.67348056378566223  1.5707963267949003 0.71769057746053466  1.5707963267949003 0.76247327557704581  1.5707963267949001 0.80795636277701399  1.5707963267949001 0.85427508692464182  1.5707963267948999 0.90157447409593905  1.5707963267949001 0.95000929701118952  1.5707963267949001 0.9831721986629457  1.5707963267949001 1 
 1.5707963267948966 4 1.6421961598310282 1 1.7135959928671598 1 1.7849958259032914 1 1.8563956589394233 1 1.9277954919755549 1 1.9991953250116865 1 2.0705951580478184 1 2.14199499108395 1 2.2133948241200816 1 2.2847946571562132 1 2.3561944901923448 1 2.4275943232284765 1 2.4989941562646081 1 2.5703939893007397 1 2.6417938223368713 1 2.7131936553730034 1 2.7845934884091346 1 2.8559933214452666 1 2.9273931544813983 1 2.9987929875175299 1 3.0701928205536615 1 3.1415926535897931 4
Curves 491
2 2.7755575615628901e-14 0 -28 0 0 1 -0.66062915861677596 -0.75071240484308699 0 0.75071240484308699 -0.66062915861677596 0 5.08290376865477
2 1.0593863175301299 1.2038440019148899 -12.5620950460362 0.75071240484308699 -0.66062915861677596 0 0.66062915861677596 0.75071240484308699 0 -0 0 1 15.825120832034999
7 0 0  3 8 4  7.9248877918350198 -1.5904360471764101 -27  7.4977720931679501 -0.325096658675813 -27.2996622203279  7.0680187364191696 0.94805684828167403 -27.437891028718301  6.42002063705461 2.8677650710380398 -27.439097552896801  6.20344756544627 3.5093674257391001 -27.4043870718112  5.7690685147394003 4.7962246499389902 -27.259508087189101  5.5531982783212399 5.4357448403634399 -27.149717811784001  5.3398019158667998 6.0679361262820599 -27 
 2.33283307401435e-07 4 0.0040473279599317798 2 0.0060708752982439598 2 0.0080944226365561502 4
7 0 0  3 8 4  2.5850858759682498 -7.6583721734584698 -27  3.0252606670547202 -7.15817524503389 -27.149506974720701  3.4716469200771098 -6.6509198610950699 -27.2594028623277  4.3662478598477996 -5.6343313346723098 -27.404017183108198  4.8170489791885798 -5.1220590742185603 -27.439390609038899  6.1701864337929004 -3.5844080950274799 -27.437284578786901  7.0562379496272003 -2.5775347901016801 -27.295040090050399  7.9248877918350198 -1.5904360471764101 -27 
 0.092496645020503199 4 0.094515483782550605 2 0.096534322544598095 2 0.100572000068693 4
7 0 0  3 8 4  -5.3398019158667402 -6.0679361262820697 -27  -4.0304280116826199 -6.3307127751315502 -27.2996622203279  -2.7129680533657998 -6.5951122043042103 -27.437891028718301  -0.72645291492263198 -6.9937835000286404 -27.439097552896801  -0.062522440819426497 -7.1270268955907401 -27.4043870718112  1.2691181317346401 -7.3942722149067599 -27.259508087189101  1.93089398108435 -7.5270832014598996 -27.149717811784001  2.5850858759682498 -7.6583721734584698 -27 
 2.33283307410355e-07 4 0.0040473279599317798 2 0.0060708752982439702 2 0.0080944226365561606 4
2 -1.05938631753007 -1.2038440019148899 -12.5620950460362 -0.75071240484308699 0.66062915861677596 0 0 0 -1 -0.66062915861677596 -0.75071240484308699 -0 15.825120832034999
2 2.7755575615628901e-14 0 32 0 0 1 -0.66062915861677596 -0.75071240484308699 0 0.75071240484308699 -0.66062915861677596 0 4
1 -2.6425166344670701 -3.0028496193723502 32 0 0 -1 
2 2.7755575615628901e-14 0 -23.5 0 0 1 -0.66062915861677596 -0.75071240484308699 0 0.75071240484308699 -0.66062915861677596 0 4
1 2.64251663446713 3.0028496193723502 32 0 0 -1 
2 2.7755575615628901e-14 0 32 0 0 1 -0.66062915861677596 -0.75071240484308699 0 0.75071240484308699 -0.66062915861677596 0 4
2 2.7755575615628901e-14 0 -23.5 0 0 1 -0.66062915861677596 -0.75071240484308699 0 0.75071240484308699 -0.66062915861677596 0 4
1 -7.9248877918349603 1.5904360471763901 -23.5 0.31982143422183296 -0.94747783626441084 0 
1 -5.3398019158667402 -6.0679361262820697 -23.5 0.98045059283860936 -0.19676543142132305 0 
1 2.58508587596826 -7.6583721734584698 -23.5 0.66062915861677585 0.75071240484308688 0 
1 7.9248877918350198 -1.5904360471764001 -23.5 -0.31982143422183296 0.94747783626441084 0 
1 5.33980191586679 6.0679361262820697 -23.5 -0.98045059283860936 0.19676543142132305 0 
1 -2.5850858759682001 7.65837217345846 -23.5 -0.66062915861677585 -0.75071240484308688 0 
1 -7.9248877918349603 1.5904360471763901 -23.5 0 0 -1 
7 0 0  3 8 4  -7.9248877918349603 1.5904360471763901 -27  -7.4977720931678897 0.32509665867579701 -27.2996622203279  -7.06801873641911 -0.94805684828168502 -27.437891028718301  -6.4200206370545496 -2.86776507103805 -27.439097552896801  -6.2034475654462202 -3.5093674257391099 -27.4043870718112  -5.7690685147393497 -4.796224649939 -27.259508087189101  -5.5531982783211902 -5.4357448403634496 -27.149717811784001  -5.3398019158667402 -6.0679361262820697 -27 
 2.3328330741156901e-07 4 0.0040473279599317798 2 0.0060708752982439702 2 0.0080944226365561502 4
1 -5.3398019158667402 -6.0679361262820697 -23.5 0 0 -1 
1 2.58508587596826 -7.6583721734584698 -23.5 0 0 -1 
1 7.9248877918350198 -1.5904360471764001 -23.5 0 0 -1 
1 5.33980191586679 6.0679361262820697 -23.5 0 0 -1 
7 0 0  3 8 4  5.3398019158667998 6.0679361262820599 -27  4.0304280116826803 6.3307127751315404 -27.2996622203279  2.7129680533658602 6.5951122043041996 -27.437891028718301  0.72645291492269004 6.9937835000286404 -27.439097552896801  0.062522440819485506 7.1270268955907303 -27.4043870718112  -1.2691181317345801 7.3942722149067501 -27.259508087189101  -1.93089398108429 7.5270832014598996 -27.149717811784001  -2.5850858759681898 7.6583721734584698 -27 
 2.3328330740064001e-07 4 0.0040473279599317798 2 0.0060708752982439598 2 0.0080944226365561502 4
1 -2.5850858759682001 7.65837217345846 -23.5 0 0 -1 
7 0 0  3 8 4  -2.5850858759681898 7.6583721734584698 -27  -3.0252606670547402 7.1581752450338003 -27.149506974720701  -3.4716469200772102 6.6509198610948896 -27.2594028623277  -4.3662478598480501 5.6343313346719599 -27.404017183108198  -4.8170489791871596 5.1220590742201102 -27.439390609038899  -6.1701864337922103 3.58440809502821 -27.437284578787001  -7.0562379496268699 2.5775347901019798 -27.295040090050499  -7.9248877918349603 1.5904360471763901 -27 
 0.092496645020520296 4 0.094515483782568493 2 0.096534322544616705 2 0.100572000068713 4
2 2.7755575615628901e-14 0 -28 0 0 1 -0.66062915861677596 -0.75071240484308699 0 0.75071240484308699 -0.66062915861677596 0 5.08290376865477
2 2.7755575615628901e-14 0 30.5 0 0 -1 0 -1 0 -1 -0 -0 6.2000000000000002
2 2.8453624291142899e-14 5.7000000000000002 30.5 1 -1.22464679914735e-16 0 1.22464679914735e-16 1 0 -0 0 1 0.5
2 2.7755575615628901e-14 0 31 0 0 1 0 -1 0 1 0 -0 5.7000000000000002
2 2.7755575615628901e-14 -5.7000000000000002 30.5 -1 0 0 0 -1 0 0 0 1 0.5
7 0 0  3 12 6  3.6950417228136199 6.4000000000000101 27.5  3.5729098983652698 6.4000000000000101 27.607771021153798  3.43866578018531 6.4000000000000101 27.704410118578298  3.1590313190368899 6.4000000000000101 27.874307231577902  3.0139959021621499 6.4000000000000101 27.9476926487878  2.5669362717850301 6.4000000000000101 28.1413610390975  2.25062856723655 6.4000000000000101 28.235789702893801  1.6157294059906899 6.4000000000000101 28.3750691390428  1.2953097799062601 6.4000000000000004 28.4208376536534  0.650508193981017 6.4000000000000004 28.480528141629001  0.32565999098168602 6.4000000000000004 28.494352799012699  2.8539349567083202e-14 6.4000000000000004 28.494352799012699 
 0.0174919734114071 4 0.017975087577710099 2 0.018458201744013199 2 0.019424430076619401 2 0.0203906584092255 2 0.021356886741831699 4
2 2.8378015238934999e-14 5.0826052355621698 26.192521789935 1 -1.22464679914735e-16 0 1.22464679914735e-16 1 0 -0 0 1 2.6521604325002399
2 2.7755575615628901e-14 0 28.5 0 0 1 0 -1 0 1 0 -0 6.3900834456272104
2 2.7755575615628901e-14 -5.0826052355621698 26.192521789935 -1 0 0 0 -1 0 0 0 1 2.6521604325002399
7 0 0  3 14 7  2.7755575615628901e-14 -6.4000000000000004 28.494352799012699  0.32619082206371203 -6.4000000000000004 28.494352799015399  0.65031184984953005 -6.3999999999999897 28.480516819604201  1.29379121563137 -6.3999999999999799 28.421007649441599  1.61316127122264 -6.3999999999999799 28.375412787441899  2.0869481987182401 -6.3999999999999799 28.271804387596799  2.2439866348467001 -6.3999999999999799 28.231315252545201  2.5557602119548899 -6.3999999999999799 28.134940116873199  2.71141316318616 -6.3999999999999702 28.078615800531001  3.0120823686201699 -6.3999999999999702 27.948675412036899  3.1576741099313401 -6.3999999999999702 27.875017596664598  3.4368167555560998 -6.3999999999999604 27.7056464553506  3.5716304522010698 -6.3999999999999604 27.608900024346699  3.69504172281371 -6.3999999999999604 27.5 
 3.4223318013576702e-16 4 0.00096780330050354104 2 0.0019356066010067399 2 0.00241950825125834 2 0.0029034099015099401 2 0.0033873115517615402 2 0.0038712132020131398 4
7 0 0  3 20 10  3.69504172281371 -6.3999999999999604 27.5  3.8188695553108398 -6.1855239027237996 27.718535210060999  3.9590369487634698 -5.9427468556993404 27.881129880310301  4.1835868696978498 -5.5538149838054096 28.076068042107  4.2609673916355701 -5.4197879882930904 28.132359782975598  4.4163216544013304 -5.1507065120103803 28.228958587042602  4.4947806196455202 -5.0148115978981496 28.269693430662301  4.73199642324668 -4.6039417737026698 28.3741057851047  4.89255914636116 -4.32583897946677 28.4203106314488  5.2170081067961496 -3.7638768955304598 28.4805639817294  5.3798120970458303 -3.48189211274306 28.494306771226299  5.7037279447909599 -2.92085340707174 28.494398602105498  5.8653031750266402 -2.6409968990589099 28.4808139697992  6.1875513579759698 -2.0828466735439002 28.421507936611398  6.3482321978964498 -1.80453929499879 28.375932460461399  6.6682019880891703 -1.2503353614978401 28.235746239731199  6.8241196679859302 -0.980278018118379 28.142738728186199  7.1230928224756402 -0.46244132444306602 27.884258955156501  7.26658813747098 -0.213900148223021 27.717948360766801  7.3900834456272397 3.03576608295941e-15 27.5 
 2.9656266687329699e-07 4 0.00097251690160576605 2 0.0014586270710752101 2 0.0019447372405446599 2 0.0029169575794835501 2 0.0038891779184224498 2 0.00486139825736134 2 0.0058336185963002302 2 0.0068058389352391299 2 0.0077780592741780201 4
7 0 0  3 20 10  7.3900834456272397 3.03576608295941e-15 27.5  7.2662556131301104 0.21447609727616099 27.718535210060999  7.12608821967748 0.45725314430061598 27.881129880310301  6.9015382987430796 0.84618501619455699 28.076068042107  6.8241577768053796 0.980212011706873 28.132359782975598  6.6688035140396096 1.2492934879895801 28.228958587042602  6.59034454879541 1.3851884021018099 28.2696934306624  6.3531287451942502 1.7960582262972999 28.3741057851047  6.1925660220797596 2.0741610205332099 28.4203106314488  5.8681170616447602 2.6361231044695299 28.4805639817294  5.7053130713950804 2.9181078872569199 28.494306771226299  5.3813972236499401 3.4791465929282501 28.494398602105601  5.2198219934142696 3.7590031009410798 28.4808139697992  4.8975738104649196 4.31715332645609 28.421507936611398  4.7368929705444396 4.5954607050012202 28.375932460461399  4.4169231803517102 5.1496646385021601 28.235746239731199  4.2610055004549503 5.4197219818816196 28.142738728186199  3.9620323459652398 5.9375586755569403 27.884258955156501  3.8185370309698898 6.1860998517769898 27.717948360766801  3.6950417228136199 6.4000000000000101 27.5 
 2.9656266726570898e-07 4 0.00097251690160617198 2 0.0014586270710756301 2 0.0019447372405450799 2 0.0029169575794839799 2 0.00388917791842289 2 0.0048613982573617997 2 0.0058336185963007003 2 0.0068058389352396104 2 0.0077780592741785101 4
2 2.7755575615628901e-14 0 23.5 0 0 1 0 -1 0 1 0 -0 5.9025534626560301
2 2.84344094332693e-14 5.5430987784642598 25.393826542817202 1 -1.22464679914735e-16 0 1.22464679914735e-16 1 0 -0 0 1 1.9276375811512001
7 0 0  3 14 7  2.8539349567083202e-14 6.4000000000000004 23.667122474136999  0.335766755220265 6.4000000000000004 23.667122474136999  0.67036808160244798 6.4000000000000004 23.679561665535299  1.3365385668441401 6.4000000000000004 23.736803853768201  1.66823473307203 6.4000000000000004 23.781304673054098  2.1613492029358201 6.4000000000000101 23.892158400547402  2.3234406438632398 6.4000000000000101 23.9363097569376  2.6413107719044402 6.4000000000000101 24.044547368438  2.7981805586822701 6.4000000000000101 24.109160059870501  3.0950730728414899 6.4000000000000101 24.263686676955501  3.23561637592451 6.4000000000000101 24.353332974036999  3.4928605500109402 6.4000000000000101 24.569983822253999  3.6079968816313199 6.4000000000000101 24.6963809693146  3.6950417228136199 6.4000000000000101 24.842070905300599 
 2.32344564184452e-17 4 0.0010029082033870399 2 0.0020058164067740698 2 0.0025072705084675799 2 0.00300872461016109 2 0.0035101787118546001 2 0.0040116328135481102 4
7 0 0  3 24 12  3.6950417228136199 6.4000000000000101 24.842070905300599  3.73899264215098 6.3238747746683499 24.694946583219899  3.7955011634352598 6.2259991447433798 24.5711700534325  3.9245868801388899 6.0024161248812602 24.3534927669327  3.99664947029017 5.87760005741423 24.2617095620813  4.2201515867188002 5.4904830361606702 24.029925532946098  4.3834192225914501 5.2076951955975801 23.9271531983523  4.7093017367688796 4.6432501237439796 23.7812088749636  4.8744016366920704 4.3572887087524901 23.736794628937002  5.2069939734273802 3.7812218833188802 23.679618370229498  5.3750146875315501 3.4902014697664501 23.6671297590098  5.7098300008935903 2.9102843358713 23.667115195363898  5.8767383416481502 2.6211906094773898 23.679476574362798  6.2092532810154903 2.0452578402174701 23.736445063321302  6.3748734864032999 1.7583952297257901 23.780715116968  6.6215211959530302 1.33118886521517 23.891277324128801  6.7028192381049303 1.1903765256522101 23.935447675413901  6.8618318399261398 0.91495862025414598 24.043471080324899  6.9402141311270196 0.77919650948056796 24.1078203891242  7.0894935351285602 0.52063699722630497 24.2629004444677  7.16004931543329 0.39843080097084699 24.3528478877016  7.2889469040858996 0.175173628451397 24.5698502010532  7.3464343073388303 0.075602525222126502 24.695956785785501  7.3900834456272397 3.03576608295941e-15 24.842070905300599 
 2.2782343502930499e-07 4 0.00050304097053310403 2 0.00100585411763118 2 0.00201148041182733 2 0.00301710670602348 2 0.0040227330002196304 2 0.0050283592944157804 2 0.0060339855886119304 2 0.0065367987357100102 2 0.00703961188280809 2 0.0075424250299061602 2 0.0080452381770042408 4
7 0 0  3 24 12  7.3900834456272397 3.03576608295941e-15 24.842070905300599  7.3461325262898898 -0.0761252253316652 24.694946583219899  7.2896240050056003 -0.174000855256633 24.5711700534325  7.1605382883019804 -0.39758387511874899 24.3534927669327  7.0884756981506998 -0.52239994258578004 24.2617095620813  6.8649735817220803 -0.909516963839338 24.029925532946098  6.7017059458494304 -1.19230480440243 23.9271531983523  6.3758234316720097 -1.7567498762560201 23.7812088749636  6.2107235317488296 -2.0427112912475001 23.736794628937002  5.8781311950135198 -2.6187781166811099 23.679618370229498  5.7101104809093499 -2.9097985302335401 23.6671297590098  5.3752951675473204 -3.4897156641286902 23.667115195363898  5.2083868267927604 -3.7788093905225901 23.679476574362798  4.8758718874254301 -4.3547421597825098 23.736445063321302  4.7102516820376303 -4.6416047702741796 23.780715116968  4.4636039724879097 -5.0688111347848004 23.891277324128801  4.3823059303360097 -5.2096234743477599 23.935447675413901  4.2232933285148002 -5.4850413797458204 24.043471080324899  4.1449110373139204 -5.6208034905193998 24.1078203891242  3.99563163331239 -5.8793630027736601 24.2629004444677  3.9250758530076602 -6.0015691990291202 24.3528478877016  3.7961782643550399 -6.2248263715485601 24.5698502010532  3.7386908611021199 -6.3243974747778404 24.695956785785501  3.69504172281371 -6.3999999999999604 24.842070905300599 
 2.27823435026828e-07 4 0.00050304097053309699 2 0.00100585411763117 2 0.0020114804118273101 2 0.0030171067060234501 2 0.0040227330002195801 2 0.0050283592944157197 2 0.0060339855886118602 2 0.0065367987357099304 2 0.0070396118828079998 2 0.00754242502990607 2 0.0080452381770041402 4
7 0 0  3 14 7  3.69504172281371 -6.3999999999999604 24.842070905300599  3.6077423554041999 -6.3999999999999604 24.6959549600389  3.4944772859107598 -6.3999999999999604 24.5714158921283  3.23491038337996 -6.3999999999999702 24.352668178251701  3.09361186201378 -6.3999999999999702 24.262792957989799  2.79613887542925 -6.3999999999999702 24.108232170837798  2.63894673524534 -6.3999999999999702 24.043646917899299  2.3216937286077899 -6.3999999999999799 23.935811637362001  2.1606627963308198 -6.3999999999999799 23.892034206258401  1.67247300515146 -6.3999999999999799 23.782197490361401  1.3392890283038399 -6.3999999999999897 23.737095533717401  0.67084911285280502 -6.3999999999999897 23.679547925676999  0.333989630906045 -6.3999999999999897 23.667122474136999  2.7755575615628901e-14 -6.4000000000000004 23.667122474136999 
 0.014337907621367999 4 0.014836707659600001 2 0.0153355076978319 2 0.0158343077360639 2 0.016333107774295901 2 0.0173307078507598 2 0.0183283079272238 4
2 2.7755575615628901e-14 -5.5430987784642598 25.393826542817202 -1 0 0 0 -1 0 0 0 1 1.9276375811512001
1 2.7755575615628901e-14 4 31 0 0 -1 
2 2.7755575615628901e-14 0 23.5 0 0 1 0 -1 0 1 0 -0 4
1 2.8245434335287901e-14 -4 31 0 0 -1 
2 2.7755575615628901e-14 0 31 0 0 1 0 -1 0 1 0 -0 4
2 2.7755575615628901e-14 0 28.5 0 0 1 0 -1 0 1 0 -0 6.2000000000000002
1 2.8514856631100298e-14 6.2000000000000002 28.5 0 0 1 
1 2.7755575615628901e-14 -6.2000000000000002 28.5 0 0 1 
1 3.69504172281371 -6.3999999999999604 31 -0 0 -1 
1 7.3900834456272397 0 31 -0 0 -1 
1 3.6950417228136199 6.4000000000000101 31 -0 0 -1 
7 0 0  3 14 7  -3.6950417228136101 6.3999999999999897 24.842070905300599  -3.6077423554040999 6.3999999999999897 24.6959549600389  -3.4944772859106599 6.3999999999999897 24.5714158921283  -3.2349103833798698 6.3999999999999799 24.3526681782518  -3.0936118620136801 6.3999999999999897 24.262792957989799  -2.7961388754291598 6.3999999999999897 24.108232170837798  -2.6389467352452498 6.3999999999999897 24.043646917899299  -2.3216937286077002 6.3999999999999897 23.935811637362001  -2.1606627963307399 6.3999999999999897 23.892034206258401  -1.6724730051513801 6.4000000000000004 23.782197490361401  -1.3392890283037699 6.3999999999999897 23.737095533717401  -0.67084911285273696 6.4000000000000004 23.679547925676999  -0.33398963090594103 6.4000000000000004 23.667122474136999  2.8539349567083202e-14 6.4000000000000004 23.667122474136999 
 0.014337907621367999 4 0.014836707659600001 2 0.0153355076978319 2 0.0158343077360639 2 0.016333107774295901 2 0.0173307078507598 2 0.018328307927223699 4
1 -3.6950417228136101 6.3999999999999897 31 -0 0 -1 
7 0 0  3 14 7  2.8539349567083202e-14 6.4000000000000004 28.494352799012699  -0.326190822063533 6.4000000000000004 28.494352799012699  -0.65031184984937696 6.4000000000000004 28.480516819604201  -1.29379121563112 6.3999999999999897 28.421007649441599  -1.61316127122236 6.3999999999999897 28.375412787441899  -2.0869481987179599 6.3999999999999897 28.271804387596902  -2.2439866348464199 6.3999999999999897 28.231315252545201  -2.5557602119546399 6.3999999999999897 28.134940116873199  -2.71141316318593 6.3999999999999897 28.078615800531001  -3.0120823686199798 6.3999999999999897 27.948675412036899  -3.15767410993117 6.3999999999999897 27.875017596664701  -3.4368167555559599 6.3999999999999897 27.705646455350699  -3.5716304522009499 6.3999999999999897 27.608900024346699  -3.6950417228136101 6.3999999999999897 27.5 
 2.3087493807808301e-17 4 0.00096780330050313598 2 0.0019356066010062501 2 0.00241950825125781 2 0.0029034099015093598 2 0.00338731155176092 2 0.0038712132020124802 4
7 0 0  3 20 10  -3.6950417228136101 6.3999999999999897 27.5  -3.8188695553107399 6.18552390272382 27.718535210060999  -3.9590369487633699 5.9427468556993697 27.881129880310301  -4.1835868696977601 5.55381498380543 28.076068042107  -4.2609673916354698 5.4197879882931099 28.132359782975598  -4.41632165440123 5.1507065120103999 28.228958587042602  -4.4947806196454296 5.01481159789817 28.2696934306624  -4.7319964232465903 4.6039417737026698 28.3741057851047  -4.8925591463610703 4.32583897946677 28.4203106314488  -5.2170081067960696 3.7638768955304598 28.4805639817294  -5.3798120970457504 3.4818921127430502 28.494306771226299  -5.7037279447908897 2.92085340707172 28.494398602105601  -5.8653031750265701 2.6409968990588899 28.4808139697992  -6.1875513579758996 2.0828466735438802 28.421507936611398  -6.3482321978963796 1.80453929499876 28.375932460461399  -6.6682019880891001 1.2503353614977999 28.235746239731199  -6.8241196679858698 0.98027801811833803 28.142738728186199  -7.1230928224755798 0.462441324443018 27.884258955156501  -7.2665881374709302 0.21390014822297199 27.717948360766801  -7.39008344562719 -5.3776427755281001e-14 27.5 
 2.9656266687056298e-07 4 0.00097251690160577299 2 0.00145862707107523 2 0.0019447372405446801 2 0.00291695757948358 2 0.0038891779184224901 2 0.0048613982573613998 2 0.0058336185963003004 2 0.0068058389352392097 2 0.0077780592741781198 4
7 0 0  3 24 12  -7.39008344562719 -5.3776427755281001e-14 24.842070905300599  -7.3461325262898303 0.076125225331614602 24.694946583219899  -7.2896240050055496 0.17400085525658199 24.5711700534325  -7.1605382883019297 0.39758387511870102 24.3534927669327  -7.08847569815065 0.52239994258573397 24.2617095620813  -6.8649735817220199 0.90951696383929703 24.029925532946098  -6.7017059458493602 1.1923048044023901 23.9271531983523  -6.3758234316719404 1.7567498762559901 23.7812088749636  -6.2107235317487604 2.0427112912474801 23.736794628937002  -5.8781311950134496 2.61877811668109 23.679618370229498  -5.7101104809092798 2.9097985302335201 23.6671297590098  -5.3752951675472396 3.48971566412868 23.667115195363898  -5.2083868267926796 3.7788093905225901 23.679476574362798  -4.8758718874253502 4.3547421597825098 23.736445063321302  -4.7102516820375397 4.6416047702741903 23.780715116968  -4.4636039724878103 5.0688111347848102 23.891277324128801  -4.3823059303359102 5.2096234743477803 23.935447675413901  -4.2232933285146999 5.4850413797458399 24.043471080324899  -4.1449110373138298 5.6208034905194202 24.1078203891242  -3.9956316333122901 5.8793630027736796 24.2629004444677  -3.9250758530075598 6.0015691990291398 24.3528478877016  -3.79617826435494 6.2248263715485903 24.5698502010532  -3.73869086110202 6.32439747477786 24.695956785785501  -3.6950417228136101 6.3999999999999897 24.842070905300599 
 2.2782343502688901e-07 4 0.00050304097053310295 2 0.00100585411763118 2 0.00201148041182733 2 0.00301710670602348 2 0.0040227330002196304 2 0.0050283592944157804 2 0.00603398558861194 2 0.0065367987357100102 2 0.00703961188280809 2 0.0075424250299061602 2 0.0080452381770042408 4
1 -7.39008344562719 -5.1604676885802002e-14 31 -0 0 -1 
7 0 0  3 20 10  -7.39008344562719 -5.3776427755281001e-14 27.5  -7.2662556131300597 -0.214476097276212 27.718535210060999  -7.1260882196774196 -0.45725314430066499 27.881129880310301  -6.9015382987430201 -0.84618501619460396 28.076068042107  -6.8241577768053103 -0.98021201170691996 28.132359782975598  -6.6688035140395501 -1.24929348798962 28.228958587042602  -6.5903445487953496 -1.3851884021018599 28.2696934306624  -6.3531287451941898 -1.7960582262973399 28.3741057851047  -6.1925660220797001 -2.0741610205332499 28.4203106314488  -5.86811706164469 -2.6361231044695699 28.4805639817294  -5.7053130713950102 -2.9181078872569599 28.494306771226299  -5.3813972236498699 -3.4791465929282799 28.494398602105601  -5.2198219934141896 -3.7590031009411198 28.4808139697992  -4.8975738104648396 -4.3171533264561202 28.421507936611398  -4.7368929705443499 -4.5954607050012504 28.375932460461399  -4.4169231803516196 -5.1496646385021903 28.235746239731199  -4.2610055004548597 -5.4197219818816498 28.142738728186199  -3.9620323459651399 -5.9375586755569696 27.884258955156501  -3.8185370309697899 -6.1860998517770103 27.717948360766801  -3.6950417228135199 -6.4000000000000403 27.5 
 2.9656266726534598e-07 4 0.000972516901606171 2 0.0014586270710756201 2 0.0019447372405450799 2 0.0029169575794839799 2 0.00388917791842289 2 0.0048613982573617901 2 0.0058336185963007003 2 0.0068058389352396 2 0.0077780592741785101 4
7 0 0  3 24 12  -3.6950417228135199 -6.4000000000000403 24.842070905300599  -3.7389926421508801 -6.3238747746683703 24.694946583219899  -3.7955011634351701 -6.2259991447434002 24.5711700534325  -3.92458688013879 -6.0024161248812904 24.3534927669327  -3.9966494702900701 -5.8776000574142602 24.2617095620813  -4.2201515867186998 -5.4904830361607004 24.029925532946098  -4.3834192225913604 -5.2076951955976103 23.9271531983523  -4.7093017367687997 -4.6432501237440196 23.7812088749636  -4.8744016366919798 -4.35728870875253 23.736794628937002  -5.2069939734273003 -3.7812218833189202 23.679618370229498  -5.3750146875314702 -3.49020146976649 23.6671297590098  -5.7098300008935201 -2.9102843358713399 23.667115195363898  -5.8767383416480801 -2.6211906094774302 23.679476574362798  -6.2092532810154202 -2.0452578402175199 23.736445063321302  -6.3748734864032297 -1.7583952297258401 23.780715116968  -6.6215211959529601 -1.33118886521522 23.891277324128801  -6.7028192381048601 -1.19037652565226 23.935447675413901  -6.8618318399260803 -0.91495862025419605 24.043471080324899  -6.9402141311269601 -0.77919650948061803 24.1078203891242  -7.0894935351284998 -0.52063699722635604 24.2629004444677  -7.1600493154332296 -0.398430800970897 24.3528478877016  -7.2889469040858499 -0.17517362845144899 24.5698502010532  -7.3464343073387699 -0.075602525222178196 24.695956785785501  -7.39008344562719 -5.3776427755281001e-14 24.842070905300599 
 2.2782343502785201e-07 4 0.00050304097053310295 2 0.00100585411763118 2 0.00201148041182733 2 0.00301710670602348 2 0.0040227330002196304 2 0.0050283592944157804 2 0.0060339855886119304 2 0.0065367987357100102 2 0.0070396118828080804 2 0.0075424250299061602 2 0.0080452381770042304 4
1 -3.6950417228135199 -6.4000000000000403 31 -0 0 -1 
7 0 0  3 12 6  -3.6950417228135199 -6.4000000000000403 27.5  -3.57290989836513 -6.4000000000000403 27.607771021153798  -3.4386657801851301 -6.4000000000000403 27.704410118578298  -3.1590313190366199 -6.4000000000000297 27.874307231578001  -3.0139959021618399 -6.4000000000000297 27.9476926487879  -2.5669362717845701 -6.4000000000000297 28.1413610390976  -2.2506285672359798 -6.4000000000000297 28.235789702893999  -1.6157294059899301 -6.4000000000000199 28.3750691390429  -1.2953097799054101 -6.4000000000000199 28.4208376536535  -0.65050819397997095 -6.4000000000000101 28.480528141629101  -0.32565999098180098 -6.4000000000000004 28.494352799015399  2.7755575615628901e-14 -6.4000000000000004 28.494352799012699 
 0.017491973411410601 4 0.017975087577713902 2 0.0184582017440173 2 0.019424430076623901 2 0.0203906584092306 2 0.021356886741837201 4
7 0 0  3 14 7  2.7755575615628901e-14 -6.4000000000000004 23.667122474136999  -0.33576675522016203 -6.4000000000000004 23.667122474136999  -0.67036808160238504 -6.4000000000000101 23.679561665535299  -1.3365385668440699 -6.4000000000000101 23.736803853768201  -1.66823473307196 -6.4000000000000199 23.781304673054098  -2.1613492029357402 -6.4000000000000199 23.892158400547402  -2.3234406438631501 -6.4000000000000199 23.9363097569376  -2.6413107719043598 -6.4000000000000297 24.044547368438  -2.79818055868218 -6.4000000000000297 24.109160059870501  -3.09507307284139 -6.4000000000000297 24.263686676955601  -3.2356163759244199 -6.4000000000000297 24.353332974036999  -3.4928605500108398 -6.4000000000000403 24.569983822253999  -3.60799688163122 -6.4000000000000403 24.6963809693146  -3.6950417228135199 -6.4000000000000403 24.842070905300599 
 6.6489903965462197e-17 4 0.00100290820338708 2 0.0020058164067740902 2 0.0025072705084675899 2 0.0030087246101611 2 0.0035101787118546001 2 0.0040116328135481102 4
2 2.7755575615628901e-14 0 28.5 0 0 1 0 -1 0 1 0 -0 6.3900834456272104
2 2.7755575615628901e-14 0 28.5 0 0 1 0 -1 0 1 0 -0 6.2000000000000002
2 2.7755575615628901e-14 0 23.5 0 0 1 0 -1 0 1 0 -0 5.9025534626560301
2 2.7755575615628901e-14 0 23.5 0 0 1 0 -1 0 1 0 -0 4
2 2.7755575615628901e-14 0 31 0 0 1 0 -1 0 1 0 -0 5.7000000000000002
2 2.7755575615628901e-14 0 31 0 0 1 0 -1 0 1 0 -0 4
2 2.7755575615628901e-14 0 30.5 0 0 -1 0 -1 0 -1 -0 -0 6.2000000000000002
2 38.5 86 -1.8663180684695401e-16 1.6180944303219301e-17 1 -4.1274199144172697e-17 0 4.1274199144172697e-17 1 1 -1.6180944303219301e-17 6.6785551751184014e-34 29.809475019311101
2 39.1358228432251 86 -27.802205490962798 0.99973859526858155 -1.5233040523421294e-17 0.022863532762972989 0.022863532762972989 -4.163336342344337e-17 -0.99973859526858155 1.6180944303219239e-17 1 -4.1274199144172673e-17 2
2 38.5 84 -1.04083408558609e-16 -1.6180944303219301e-17 -1 4.1274199144172697e-17 -0.022863532762972712 4.1633363423443389e-17 0.99973859526858144 -0.99973859526858144 1.5233040523421365e-17 -0.022863532762972712 27.809475019311101
2 37.864177156775 86 27.802205490962798 -0.99973859526858155 1.5233040523421294e-17 -0.022863532762972788 -0.022863532762972788 4.163336342344337e-17 0.99973859526858155 1.618094430321923e-17 1 -4.1274199144172673e-17 2
2 38.5 86 -1.8663180684695401e-16 1.6180944303219301e-17 1 -4.1274199144172697e-17 0 4.1274199144172697e-17 1 1 -1.6180944303219301e-17 6.6785551751184014e-34 29.809475019311101
2 38.5 84 -1.04083408558609e-16 -1.6180944303219301e-17 -1 4.1274199144172697e-17 -0.022863532762972712 4.1633363423443389e-17 0.99973859526858144 -0.99973859526858144 1.5233040523421365e-17 -0.022863532762972712 27.809475019311101
2 38.5 92.5 -4.5491410128407601e-16 -1.6180944303219301e-17 -1 4.1274199144172697e-17 -0.022863532762972712 4.1633363423443389e-17 0.99973859526858144 -0.99973859526858144 1.5233040523421365e-17 -0.022863532762972712 21.25
2 38.9858500712132 89.5 -21.244445149457398 0.99973859526858144 -1.5233040523421306e-17 0.02286353276297301 0.02286353276297301 -4.163336342344342e-17 -0.99973859526858144 1.6180944303219255e-17 1 -4.1274199144172728e-17 3
2 38.5 89.5 -3.31091503851558e-16 1.6180944303219301e-17 1 -4.1274199144172697e-17 -0.022863532762972712 4.1633363423443389e-17 0.99973859526858144 0.99973859526858144 -1.5233040523421365e-17 0.022863532762972712 18.25
2 38.0141499287869 89.5 21.244445149457398 -0.99973859526858144 1.5233040523421306e-17 -0.022863532762972809 -0.022863532762972809 4.163336342344342e-17 0.99973859526858144 1.6180944303219246e-17 1 -4.1274199144172728e-17 3
2 39.1358228432251 86 -27.802205490962798 0.99973859526858155 -1.5233040523421294e-17 0.022863532762972989 0.022863532762972989 -4.163336342344337e-17 -0.99973859526858155 1.6180944303219239e-17 1 -4.1274199144172673e-17 2
2 38.5 86.5 -2.0726890641904001e-16 1.6180944303219301e-17 1 -4.1274199144172697e-17 0.022863532762972712 -4.1633363423443389e-17 -0.99973859526858144 -0.99973859526858144 1.5233040523421365e-17 -0.022863532762972712 29.7459666924148
2 37.864177156775 86 27.802205490962798 -0.99973859526858155 1.5233040523421294e-17 -0.022863532762972788 -0.022863532762972788 4.163336342344337e-17 0.99973859526858155 1.618094430321923e-17 1 -4.1274199144172673e-17 2
2 39.002997720785402 84.5 -21.994249095908799 0.99973859526858155 -1.5233040523421294e-17 0.022863532762972989 0.022863532762972989 -4.163336342344337e-17 -0.99973859526858155 1.6180944303219239e-17 1 -4.1274199144172673e-17 8
2 38.5 92.5 -4.5491410128407601e-16 1.6180944303219301e-17 1 -4.1274199144172697e-17 -0.022863532762972712 4.1633363423443389e-17 0.99973859526858144 0.99973859526858144 -1.5233040523421365e-17 0.022863532762972712 22
2 37.997002279214598 84.5 21.994249095908799 -0.99973859526858155 1.5233040523421294e-17 -0.022863532762972788 -0.022863532762972788 4.163336342344337e-17 0.99973859526858155 1.618094430321923e-17 1 -4.1274199144172673e-17 8
2 38.5 119.5 -1.56931747817674e-15 1.6180944303219301e-17 1 -4.1274199144172697e-17 -0.022863532762972712 4.1633363423443389e-17 0.99973859526858144 0.99973859526858144 -1.5233040523421365e-17 0.022863532762972712 6
1 38.362818803422201 119.5 5.9984315716114898 -1.6180944303219301e-17 -1 4.1274199144172697e-17 
7 1 0  2 13 7  38.637181196577899 117.3125 -5.9984315716114898  0.97552825814757704 39.587239423872603 117.357347496353 -5.9767042045684597  0.97552825814757704 40.484084366141701 117.40000000000001 -5.6624561126804398  1 42.323927886206 117.4875 -5.0177880231332299  0.95105651629515398 43.433466165269202 117.575 -3.4148076953386401  1 44.543004444332503 117.66249999999999 -1.8118273675440499  0.95105651629515398 44.498431571611498 117.75 0.13718119657783601  1 44.453858698890599 117.83750000000001 2.08618976069971  0.95105651629515398 43.2721999967887 117.925 3.6367715340189499  1 42.090541294686801 118.0125 5.1873533073381903  0.95105651629515398 40.223150224304703 118.09999999999999 5.7472387547829298  1 39.312877030716898 118.142652503647 6.0201589386545198  0.97552825814757704 38.362818803422201 118.1875 5.9984315716114898  0.97552825814757704
 0.91071428571428603 3 0.91428571428571404 2 0.92142857142857104 2 0.92857142857142805 2 0.93571428571428605 2 0.94285714285714295 2 0.94642857142857095 3
1 38.637181196577899 119.5 -5.9984315716114898 -1.6180944303219301e-17 -1 4.1274199144172697e-17 
7 1 0  2 13 7  38.637181196577899 116.3125 -5.9984315716114898  0.97552825814757704 39.587239423872603 116.357347496353 -5.9767042045684597  0.97552825814757704 40.484084366141701 116.40000000000001 -5.6624561126804398  1 42.323927886206 116.4875 -5.0177880231332299  0.95105651629515398 43.433466165269202 116.575 -3.4148076953386401  1 44.543004444332503 116.66249999999999 -1.8118273675440499  0.95105651629515398 44.498431571611498 116.75 0.13718119657783601  1 44.453858698890599 116.83750000000001 2.08618976069971  0.95105651629515398 43.2721999967887 116.925 3.6367715340189499  1 42.090541294686801 117.0125 5.1873533073381903  0.95105651629515398 40.223150224304703 117.09999999999999 5.7472387547829298  1 39.312877030716898 117.142652503647 6.0201589386545198  0.97552825814757704 38.362818803422201 117.1875 5.9984315716114898  0.97552825814757704
 0.91071428571428603 3 0.91428571428571404 2 0.92142857142857104 2 0.92857142857142805 2 0.93571428571428605 2 0.94285714285714295 2 0.94642857142857095 3
1 38.362818803422201 119.5 5.9984315716114898 -1.6180944303219301e-17 -1 4.1274199144172697e-17 
7 1 0  2 13 7  38.637181196577899 115.5625 -5.9984315716114898  0.97552825814757704 39.587239423872603 115.607347496353 -5.9767042045684597  0.97552825814757704 40.484084366141701 115.65000000000001 -5.6624561126804398  1 42.323927886206 115.7375 -5.0177880231332299  0.95105651629515398 43.433466165269202 115.825 -3.4148076953386401  1 44.543004444332503 115.91249999999999 -1.8118273675440499  0.95105651629515398 44.498431571611498 116 0.13718119657783601  1 44.453858698890599 116.08750000000001 2.08618976069971  0.95105651629515398 43.2721999967887 116.175 3.6367715340189499  1 42.090541294686801 116.2625 5.1873533073381903  0.95105651629515398 40.223150224304703 116.34999999999999 5.7472387547829298  1 39.312877030716898 116.392652503647 6.0201589386545198  0.97552825814757704 38.362818803422201 116.4375 5.9984315716114898  0.97552825814757704
 0.83928571428571397 3 0.84285714285714297 2 0.84999999999999998 2 0.85714285714285698 2 0.86428571428571399 2 0.871428571428571 2 0.875 3
1 38.637181196577899 119.5 -5.9984315716114898 -1.6180944303219301e-17 -1 4.1274199144172697e-17 
7 1 0  2 13 7  38.637181196577899 114.5625 -5.9984315716114898  0.97552825814757704 39.587239423872603 114.607347496353 -5.9767042045684597  0.97552825814757704 40.484084366141701 114.65000000000001 -5.6624561126804398  1 42.323927886206 114.7375 -5.0177880231332299  0.95105651629515398 43.433466165269202 114.825 -3.4148076953386401  1 44.543004444332503 114.91249999999999 -1.8118273675440499  0.95105651629515398 44.498431571611498 115 0.13718119657783601  1 44.453858698890599 115.08750000000001 2.08618976069971  0.95105651629515398 43.2721999967887 115.175 3.6367715340189499  1 42.090541294686801 115.2625 5.1873533073381903  0.95105651629515398 40.223150224304703 115.34999999999999 5.7472387547829298  1 39.312877030716898 115.392652503647 6.0201589386545198  0.97552825814757704 38.362818803422201 115.4375 5.9984315716114898  0.97552825814757704
 0.83928571428571397 3 0.84285714285714297 2 0.84999999999999998 2 0.85714285714285698 2 0.86428571428571399 2 0.871428571428571 2 0.875 3
1 38.362818803422201 119.5 5.9984315716114898 -1.6180944303219301e-17 -1 4.1274199144172697e-17 
7 1 0  2 13 7  38.637181196577899 113.8125 -5.9984315716114898  0.97552825814757704 39.587239423872603 113.857347496353 -5.9767042045684597  0.97552825814757704 40.484084366141701 113.90000000000001 -5.6624561126804398  1 42.323927886206 113.9875 -5.0177880231332299  0.95105651629515398 43.433466165269202 114.075 -3.4148076953386401  1 44.543004444332503 114.16249999999999 -1.8118273675440499  0.95105651629515398 44.498431571611498 114.25 0.13718119657783601  1 44.453858698890599 114.33750000000001 2.08618976069971  0.95105651629515398 43.2721999967887 114.425 3.6367715340189499  1 42.090541294686801 114.5125 5.1873533073381903  0.95105651629515398 40.223150224304703 114.59999999999999 5.7472387547829298  1 39.312877030716898 114.642652503647 6.0201589386545198  0.97552825814757704 38.362818803422201 114.6875 5.9984315716114898  0.97552825814757704
 0.76785714285714302 3 0.77142857142857102 2 0.77857142857142903 2 0.78571428571428603 2 0.79285714285714304 2 0.80000000000000004 2 0.80357142857142905 3
1 38.637181196577899 119.5 -5.9984315716114898 -1.6180944303219301e-17 -1 4.1274199144172697e-17 
7 1 0  2 13 7  38.637181196577899 112.8125 -5.9984315716114898  0.97552825814757704 39.587239423872603 112.857347496353 -5.9767042045684597  0.97552825814757704 40.484084366141701 112.90000000000001 -5.6624561126804398  1 42.323927886206 112.9875 -5.0177880231332299  0.95105651629515398 43.433466165269202 113.075 -3.4148076953386401  1 44.543004444332503 113.16249999999999 -1.8118273675440499  0.95105651629515398 44.498431571611498 113.25 0.13718119657783601  1 44.453858698890599 113.33750000000001 2.08618976069971  0.95105651629515398 43.2721999967887 113.425 3.6367715340189499  1 42.090541294686801 113.5125 5.1873533073381903  0.95105651629515398 40.223150224304703 113.59999999999999 5.7472387547829298  1 39.312877030716898 113.642652503647 6.0201589386545198  0.97552825814757704 38.362818803422201 113.6875 5.9984315716114898  0.97552825814757704
 0.76785714285714302 3 0.77142857142857102 2 0.77857142857142903 2 0.78571428571428603 2 0.79285714285714304 2 0.80000000000000004 2 0.80357142857142905 3
1 38.362818803422201 119.5 5.9984315716114898 -1.6180944303219301e-17 -1 4.1274199144172697e-17 
7 1 0  2 13 7  38.637181196577899 112.0625 -5.9984315716114898  0.97552825814757704 39.587239423872603 112.107347496353 -5.9767042045684597  0.97552825814757704 40.484084366141701 112.15000000000001 -5.6624561126804398  1 42.323927886206 112.2375 -5.0177880231332299  0.95105651629515398 43.433466165269202 112.325 -3.4148076953386401  1 44.543004444332503 112.41249999999999 -1.8118273675440499  0.95105651629515398 44.498431571611498 112.5 0.13718119657783601  1 44.453858698890599 112.58750000000001 2.08618976069971  0.95105651629515398 43.2721999967887 112.675 3.6367715340189499  1 42.090541294686801 112.7625 5.1873533073381903  0.95105651629515398 40.223150224304703 112.84999999999999 5.7472387547829298  1 39.312877030716898 112.892652503647 6.02015893865451  0.97552825814757704 38.362818803422201 112.9375 5.9984315716114898  0.97552825814757704
 0.69642857142857095 3 0.69999999999999996 2 0.70714285714285696 2 0.71428571428571397 2 0.72142857142857097 2 0.72857142857142798 2 0.73214285714285698 3
1 38.637181196577899 119.5 -5.9984315716114898 -1.6180944303219301e-17 -1 4.1274199144172697e-17 
7 1 0  2 13 7  38.637181196577899 111.0625 -5.9984315716114898  0.97552825814757704 39.587239423872603 111.107347496353 -5.9767042045684597  0.97552825814757704 40.484084366141701 111.15000000000001 -5.6624561126804398  1 42.323927886206 111.2375 -5.0177880231332299  0.95105651629515398 43.433466165269202 111.325 -3.4148076953386401  1 44.543004444332503 111.41249999999999 -1.8118273675440499  0.95105651629515398 44.498431571611498 111.5 0.13718119657783601  1 44.453858698890599 111.58750000000001 2.0861897606997202  0.95105651629515398 43.2721999967887 111.675 3.6367715340189499  1 42.090541294686801 111.7625 5.1873533073381903  0.95105651629515398 40.223150224304703 111.84999999999999 5.7472387547829298  1 39.312877030716898 111.892652503647 6.02015893865451  0.97552825814757704 38.362818803422201 111.9375 5.9984315716114898  0.97552825814757704
 0.69642857142857095 3 0.69999999999999996 2 0.70714285714285696 2 0.71428571428571397 2 0.72142857142857097 2 0.72857142857142798 2 0.73214285714285698 3
1 38.362818803422201 119.5 5.9984315716114898 -1.6180944303219301e-17 -1 4.1274199144172697e-17 
7 1 0  2 13 7  38.637181196577899 110.3125 -5.9984315716114898  0.97552825814757704 39.587239423872603 110.357347496353 -5.9767042045684597  0.97552825814757704 40.484084366141701 110.40000000000001 -5.6624561126804398  1 42.323927886206 110.4875 -5.0177880231332299  0.95105651629515398 43.433466165269202 110.575 -3.4148076953386401  1 44.543004444332503 110.66249999999999 -1.8118273675440499  0.95105651629515398 44.498431571611498 110.75 0.13718119657783601  1 44.453858698890599 110.83750000000001 2.0861897606997202  0.95105651629515398 43.2721999967887 110.925 3.6367715340189499  1 42.090541294686801 111.0125 5.1873533073381903  0.95105651629515398 40.223150224304703 111.09999999999999 5.7472387547829298  1 39.312877030716898 111.142652503647 6.0201589386545198  0.97552825814757704 38.362818803422201 111.1875 5.9984315716114898  0.97552825814757704
 0.625 3 0.628571428571429 2 0.63571428571428601 2 0.64285714285714302 2 0.65000000000000002 2 0.65714285714285703 2 0.66071428571428603 3
1 38.637181196577899 119.5 -5.9984315716114898 -1.6180944303219301e-17 -1 4.1274199144172697e-17 
7 1 0  2 13 7  38.637181196577899 109.3125 -5.9984315716114898  0.97552825814757704 39.587239423872603 109.357347496353 -5.9767042045684597  0.97552825814757704 40.484084366141701 109.40000000000001 -5.6624561126804398  1 42.323927886206 109.4875 -5.0177880231332299  0.95105651629515398 43.433466165269202 109.575 -3.4148076953386401  1 44.543004444332503 109.66249999999999 -1.8118273675440499  0.95105651629515398 44.498431571611498 109.75 0.13718119657783601  1 44.453858698890599 109.83750000000001 2.0861897606997202  0.95105651629515398 43.2721999967887 109.925 3.6367715340189499  1 42.090541294686801 110.0125 5.1873533073381903  0.95105651629515398 40.223150224304703 110.09999999999999 5.7472387547829298  1 39.312877030716898 110.142652503647 6.0201589386545198  0.97552825814757704 38.362818803422201 110.1875 5.9984315716114898  0.97552825814757704
 0.625 3 0.628571428571429 2 0.63571428571428601 2 0.64285714285714302 2 0.65000000000000002 2 0.65714285714285703 2 0.66071428571428603 3
1 38.362818803422201 119.5 5.9984315716114898 -1.6180944303219301e-17 -1 4.1274199144172697e-17 
7 1 0  2 13 7  38.637181196577899 108.5625 -5.9984315716114898  0.97552825814757704 39.587239423872603 108.607347496353 -5.9767042045684597  0.97552825814757704 40.484084366141701 108.65000000000001 -5.6624561126804398  1 42.323927886206 108.7375 -5.0177880231332299  0.95105651629515398 43.433466165269202 108.825 -3.4148076953386401  1 44.543004444332503 108.91249999999999 -1.8118273675440499  0.95105651629515398 44.498431571611498 109 0.13718119657783601  1 44.453858698890599 109.08750000000001 2.0861897606997202  0.95105651629515398 43.2721999967887 109.175 3.6367715340189499  1 42.090541294686801 109.2625 5.1873533073381903  0.95105651629515398 40.223150224304703 109.34999999999999 5.7472387547829298  1 39.312877030716898 109.392652503647 6.0201589386545198  0.97552825814757704 38.362818803422201 109.4375 5.9984315716114898  0.97552825814757704
 0.55357142857142905 3 0.55714285714285705 2 0.56428571428571395 2 0.57142857142857095 2 0.57857142857142896 2 0.58571428571428596 2 0.58928571428571397 3
1 38.637181196577899 119.5 -5.9984315716114898 -1.6180944303219301e-17 -1 4.1274199144172697e-17 
7 1 0  2 13 7  38.637181196577899 107.5625 -5.9984315716114898  0.97552825814757704 39.587239423872603 107.607347496353 -5.9767042045684597  0.97552825814757704 40.484084366141701 107.65000000000001 -5.6624561126804398  1 42.323927886206 107.7375 -5.0177880231332299  0.95105651629515398 43.433466165269202 107.825 -3.4148076953386401  1 44.543004444332503 107.91249999999999 -1.8118273675440499  0.95105651629515398 44.498431571611498 108 0.13718119657783601  1 44.453858698890599 108.08750000000001 2.0861897606997202  0.95105651629515398 43.2721999967887 108.175 3.6367715340189499  1 42.090541294686801 108.2625 5.1873533073381903  0.95105651629515398 40.223150224304703 108.34999999999999 5.7472387547829298  1 39.312877030716898 108.392652503647 6.0201589386545198  0.97552825814757704 38.362818803422201 108.4375 5.9984315716114898  0.97552825814757704
 0.55357142857142905 3 0.55714285714285705 2 0.56428571428571395 2 0.57142857142857095 2 0.57857142857142896 2 0.58571428571428596 2 0.58928571428571397 3
1 38.362818803422201 119.5 5.9984315716114898 -1.6180944303219301e-17 -1 4.1274199144172697e-17 
7 1 0  2 13 7  38.637181196577899 106.8125 -5.9984315716114898  0.97552825814757704 39.587239423872603 106.857347496353 -5.9767042045684597  0.97552825814757704 40.484084366141701 106.90000000000001 -5.6624561126804398  1 42.323927886206 106.9875 -5.0177880231332299  0.95105651629515398 43.433466165269202 107.075 -3.4148076953386401  1 44.543004444332503 107.16249999999999 -1.8118273675440499  0.95105651629515398 44.498431571611498 107.25 0.13718119657783601  1 44.453858698890599 107.33750000000001 2.0861897606997202  0.95105651629515398 43.2721999967887 107.425 3.6367715340189499  1 42.090541294686801 107.5125 5.1873533073381903  0.95105651629515398 40.223150224304703 107.59999999999999 5.7472387547829298  1 39.312877030716898 107.642652503647 6.02015893865451  0.97552825814757704 38.362818803422201 107.6875 5.9984315716114898  0.97552825814757704
 0.48214285714285698 3 0.48571428571428599 2 0.49285714285714299 2 0.5 2 0.50714285714285701 2 0.51428571428571401 2 0.51785714285714302 3
1 38.637181196577899 119.5 -5.9984315716114898 -1.6180944303219301e-17 -1 4.1274199144172697e-17 
7 1 0  2 13 7  38.637181196577899 105.8125 -5.9984315716114898  0.97552825814757704 39.587239423872603 105.857347496353 -5.9767042045684597  0.97552825814757704 40.484084366141701 105.90000000000001 -5.6624561126804398  1 42.323927886206 105.9875 -5.0177880231332299  0.95105651629515398 43.433466165269202 106.075 -3.4148076953386401  1 44.543004444332503 106.16249999999999 -1.8118273675440499  0.95105651629515398 44.498431571611498 106.25 0.13718119657783601  1 44.453858698890599 106.33750000000001 2.0861897606997202  0.95105651629515398 43.2721999967887 106.425 3.6367715340189499  1 42.090541294686801 106.5125 5.1873533073381903  0.95105651629515398 40.223150224304703 106.59999999999999 5.7472387547829298  1 39.312877030716898 106.642652503647 6.02015893865451  0.97552825814757704 38.362818803422201 106.6875 5.9984315716114898  0.97552825814757704
 0.48214285714285698 3 0.48571428571428599 2 0.49285714285714299 2 0.5 2 0.50714285714285701 2 0.51428571428571401 2 0.51785714285714302 3
1 38.362818803422201 119.5 5.9984315716114898 -1.6180944303219301e-17 -1 4.1274199144172697e-17 
7 1 0  2 13 7  38.637181196577899 105.0625 -5.9984315716114898  0.97552825814757704 39.587239423872603 105.107347496353 -5.9767042045684597  0.97552825814757704 40.484084366141701 105.15000000000001 -5.6624561126804398  1 42.323927886206 105.2375 -5.0177880231332299  0.95105651629515398 43.433466165269202 105.325 -3.4148076953386401  1 44.543004444332503 105.41249999999999 -1.8118273675440499  0.95105651629515398 44.498431571611498 105.5 0.13718119657783601  1 44.453858698890599 105.58750000000001 2.0861897606997202  0.95105651629515398 43.2721999967887 105.675 3.6367715340189499  1 42.090541294686801 105.7625 5.1873533073381903  0.95105651629515398 40.223150224304703 105.84999999999999 5.7472387547829298  1 39.312877030716898 105.892652503647 6.0201589386545198  0.97552825814757704 38.362818803422201 105.9375 5.9984315716114898  0.97552825814757704
 0.41071428571428598 3 0.41428571428571398 2 0.42142857142857099 2 0.42857142857142899 2 0.435714285714286 2 0.442857142857143 2 0.44642857142857101 3
1 38.637181196577899 119.5 -5.9984315716114898 -1.6180944303219301e-17 -1 4.1274199144172697e-17 
7 1 0  2 13 7  38.637181196577899 104.0625 -5.9984315716114898  0.97552825814757704 39.587239423872603 104.107347496353 -5.9767042045684597  0.97552825814757704 40.484084366141701 104.15000000000001 -5.6624561126804398  1 42.323927886206 104.2375 -5.0177880231332299  0.95105651629515398 43.433466165269202 104.325 -3.4148076953386401  1 44.543004444332503 104.41249999999999 -1.8118273675440499  0.95105651629515398 44.498431571611498 104.5 0.13718119657783601  1 44.453858698890599 104.58750000000001 2.0861897606997202  0.95105651629515398 43.2721999967887 104.675 3.6367715340189499  1 42.090541294686801 104.7625 5.1873533073381903  0.95105651629515398 40.223150224304703 104.84999999999999 5.7472387547829298  1 39.312877030716898 104.892652503647 6.0201589386545198  0.97552825814757704 38.362818803422201 104.9375 5.9984315716114898  0.97552825814757704
 0.41071428571428598 3 0.41428571428571398 2 0.42142857142857099 2 0.42857142857142899 2 0.435714285714286 2 0.442857142857143 2 0.44642857142857101 3
1 38.362818803422201 119.5 5.9984315716114898 -1.6180944303219301e-17 -1 4.1274199144172697e-17 
7 1 0  2 13 7  38.637181196577899 103.3125 -5.9984315716114898  0.97552825814757704 39.587239423872603 103.357347496353 -5.9767042045684597  0.97552825814757704 40.484084366141701 103.40000000000001 -5.6624561126804398  1 42.323927886206 103.4875 -5.0177880231332299  0.95105651629515398 43.433466165269202 103.575 -3.4148076953386401  1 44.543004444332503 103.66249999999999 -1.8118273675440499  0.95105651629515398 44.498431571611498 103.75 0.13718119657783601  1 44.453858698890599 103.83750000000001 2.0861897606997202  0.95105651629515398 43.2721999967887 103.925 3.6367715340189499  1 42.090541294686801 104.0125 5.1873533073381903  0.95105651629515398 40.223150224304703 104.09999999999999 5.7472387547829298  1 39.312877030716898 104.142652503647 6.0201589386545198  0.97552825814757704 38.362818803422201 104.1875 5.9984315716114898  0.97552825814757704
 0.33928571428571402 3 0.34285714285714303 2 0.34999999999999998 2 0.35714285714285698 2 0.36428571428571399 2 0.371428571428571 2 0.375 3
1 38.637181196577899 119.5 -5.9984315716114898 -1.6180944303219301e-17 -1 4.1274199144172697e-17 
7 1 0  2 13 7  38.637181196577899 102.3125 -5.9984315716114898  0.97552825814757704 39.587239423872603 102.357347496353 -5.9767042045684597  0.97552825814757704 40.484084366141701 102.40000000000001 -5.6624561126804398  1 42.323927886206 102.4875 -5.0177880231332299  0.95105651629515398 43.433466165269202 102.575 -3.4148076953386401  1 44.543004444332503 102.66249999999999 -1.8118273675440499  0.95105651629515398 44.498431571611498 102.75 0.13718119657783601  1 44.453858698890599 102.83750000000001 2.0861897606997202  0.95105651629515398 43.2721999967887 102.925 3.6367715340189499  1 42.090541294686801 103.0125 5.1873533073381903  0.95105651629515398 40.223150224304703 103.09999999999999 5.7472387547829298  1 39.312877030716898 103.142652503647 6.0201589386545198  0.97552825814757704 38.362818803422201 103.1875 5.9984315716114898  0.97552825814757704
 0.33928571428571402 3 0.34285714285714303 2 0.34999999999999998 2 0.35714285714285698 2 0.36428571428571399 2 0.371428571428571 2 0.375 3
1 38.362818803422201 119.5 5.9984315716114898 -1.6180944303219301e-17 -1 4.1274199144172697e-17 
7 1 0  2 13 7  38.637181196577899 101.5625 -5.9984315716114898  0.97552825814757704 39.587239423872603 101.607347496353 -5.9767042045684597  0.97552825814757704 40.484084366141701 101.65000000000001 -5.6624561126804398  1 42.323927886206 101.7375 -5.0177880231332299  0.95105651629515398 43.433466165269202 101.825 -3.4148076953386401  1 44.543004444332503 101.91249999999999 -1.8118273675440499  0.95105651629515398 44.498431571611498 102 0.13718119657783601  1 44.453858698890599 102.08750000000001 2.0861897606997202  0.95105651629515398 43.2721999967887 102.175 3.6367715340189499  1 42.090541294686801 102.2625 5.1873533073381903  0.95105651629515398 40.223150224304703 102.34999999999999 5.7472387547829298  1 39.312877030716898 102.392652503647 6.0201589386545198  0.97552825814757704 38.362818803422201 102.4375 5.9984315716114898  0.97552825814757704
 0.26785714285714302 3 0.27142857142857102 2 0.27857142857142903 2 0.28571428571428598 2 0.29285714285714298 2 0.29999999999999999 2 0.30357142857142899 3
1 38.637181196577899 119.5 -5.9984315716114898 -1.6180944303219301e-17 -1 4.1274199144172697e-17 
7 1 0  2 13 7  38.637181196577899 100.5625 -5.9984315716114898  0.97552825814757704 39.587239423872603 100.607347496353 -5.9767042045684597  0.97552825814757704 40.484084366141701 100.65000000000001 -5.6624561126804398  1 42.323927886206 100.7375 -5.0177880231332299  0.95105651629515398 43.433466165269202 100.825 -3.4148076953386401  1 44.543004444332503 100.91249999999999 -1.8118273675440499  0.95105651629515398 44.498431571611498 101 0.13718119657783601  1 44.453858698890599 101.08750000000001 2.0861897606997202  0.95105651629515398 43.2721999967887 101.175 3.6367715340189499  1 42.090541294686801 101.2625 5.1873533073381903  0.95105651629515398 40.223150224304703 101.34999999999999 5.7472387547829298  1 39.312877030716898 101.392652503647 6.0201589386545198  0.97552825814757704 38.362818803422201 101.4375 5.9984315716114898  0.97552825814757704
 0.26785714285714302 3 0.27142857142857102 2 0.27857142857142903 2 0.28571428571428598 2 0.29285714285714298 2 0.29999999999999999 2 0.30357142857142899 3
1 38.362818803422201 119.5 5.9984315716114898 -1.6180944303219301e-17 -1 4.1274199144172697e-17 
7 1 0  2 13 7  38.637181196577899 99.8125 -5.9984315716114898  0.97552825814757704 39.587239423872603 99.857347496353498 -5.9767042045684597  0.97552825814757704 40.484084366141701 99.900000000000006 -5.6624561126804398  1 42.323927886206 99.987499999999997 -5.0177880231332299  0.95105651629515398 43.433466165269202 100.075 -3.4148076953386401  1 44.543004444332503 100.16249999999999 -1.8118273675440499  0.95105651629515398 44.498431571611498 100.25 0.13718119657783601  1 44.453858698890599 100.33750000000001 2.0861897606997202  0.95105651629515398 43.2721999967887 100.425 3.6367715340189499  1 42.090541294686801 100.5125 5.1873533073381903  0.95105651629515398 40.223150224304703 100.59999999999999 5.7472387547829298  1 39.312877030716898 100.642652503647 6.0201589386545198  0.97552825814757704 38.362818803422201 100.6875 5.9984315716114898  0.97552825814757704
 0.19642857142857101 3 0.20000000000000001 2 0.20714285714285699 2 0.214285714285714 2 0.221428571428571 2 0.22857142857142901 2 0.23214285714285701 3
1 38.637181196577899 119.5 -5.9984315716114898 -1.6180944303219301e-17 -1 4.1274199144172697e-17 
7 1 0  2 13 7  38.637181196577899 98.8125 -5.9984315716114898  0.97552825814757704 39.587239423872603 98.857347496353498 -5.9767042045684597  0.97552825814757704 40.484084366141701 98.900000000000006 -5.6624561126804398  1 42.323927886206 98.987499999999997 -5.0177880231332299  0.95105651629515398 43.433466165269202 99.075000000000003 -3.4148076953386401  1 44.543004444332503 99.162499999999994 -1.8118273675440499  0.95105651629515398 44.498431571611498 99.25 0.13718119657783601  1 44.453858698890599 99.337500000000006 2.0861897606997202  0.95105651629515398 43.2721999967887 99.424999999999997 3.6367715340189499  1 42.090541294686801 99.512500000000003 5.1873533073381903  0.95105651629515398 40.223150224304703 99.599999999999994 5.7472387547829298  1 39.312877030716898 99.642652503646502 6.0201589386545198  0.97552825814757704 38.362818803422201 99.6875 5.9984315716114898  0.97552825814757704
 0.19642857142857101 3 0.20000000000000001 2 0.20714285714285699 2 0.214285714285714 2 0.221428571428571 2 0.22857142857142901 2 0.23214285714285701 3
1 38.362818803422201 119.5 5.9984315716114898 -1.6180944303219301e-17 -1 4.1274199144172697e-17 
7 1 0  2 13 7  38.637181196577899 98.0625 -5.9984315716114898  0.97552825814757704 39.587239423872603 98.107347496353498 -5.9767042045684597  0.97552825814757704 40.484084366141701 98.150000000000006 -5.6624561126804398  1 42.323927886206 98.237499999999997 -5.0177880231332299  0.95105651629515398 43.433466165269202 98.325000000000003 -3.4148076953386401  1 44.543004444332503 98.412499999999994 -1.8118273675440499  0.95105651629515398 44.498431571611498 98.5 0.13718119657783601  1 44.453858698890599 98.587500000000006 2.0861897606997202  0.95105651629515398 43.2721999967887 98.674999999999997 3.6367715340189499  1 42.090541294686801 98.762500000000003 5.1873533073381903  0.95105651629515398 40.223150224304703 98.849999999999994 5.7472387547829298  1 39.312877030716898 98.892652503646502 6.0201589386545198  0.97552825814757704 38.362818803422201 98.9375 5.9984315716114898  0.97552825814757704
 0.125 3 0.128571428571429 2 0.13571428571428601 2 0.14285714285714299 2 0.14999999999999999 2 0.157142857142857 2 0.160714285714286 3
1 38.637181196577899 119.5 -5.9984315716114898 -1.6180944303219301e-17 -1 4.1274199144172697e-17 
7 1 0  2 13 7  38.637181196577899 97.0625 -5.9984315716114898  0.97552825814757704 39.587239423872603 97.107347496353498 -5.9767042045684597  0.97552825814757704 40.484084366141701 97.150000000000006 -5.6624561126804398  1 42.323927886206 97.237499999999997 -5.0177880231332299  0.95105651629515398 43.433466165269202 97.325000000000003 -3.4148076953386401  1 44.543004444332503 97.412499999999994 -1.8118273675440499  0.95105651629515398 44.498431571611498 97.5 0.13718119657783601  1 44.453858698890599 97.587500000000006 2.0861897606997202  0.95105651629515398 43.2721999967887 97.674999999999997 3.6367715340189499  1 42.090541294686801 97.762500000000003 5.1873533073381903  0.95105651629515398 40.223150224304703 97.849999999999994 5.7472387547829298  1 39.312877030716898 97.892652503646502 6.0201589386545198  0.97552825814757704 38.362818803422201 97.9375 5.9984315716114898  0.97552825814757704
 0.125 3 0.128571428571429 2 0.13571428571428601 2 0.14285714285714299 2 0.14999999999999999 2 0.157142857142857 2 0.160714285714286 3
1 38.362818803422201 119.5 5.9984315716114898 -1.6180944303219301e-17 -1 4.1274199144172697e-17 
7 1 0  2 13 7  38.637181196577899 96.3125 -5.9984315716114898  0.97552825814757704 39.587239423872603 96.357347496353498 -5.9767042045684597  0.97552825814757704 40.484084366141701 96.400000000000006 -5.6624561126804398  1 42.323927886206 96.487499999999997 -5.0177880231332299  0.95105651629515398 43.433466165269202 96.575000000000003 -3.4148076953386401  1 44.543004444332503 96.662499999999994 -1.8118273675440499  0.95105651629515398 44.498431571611498 96.75 0.13718119657783601  1 44.453858698890599 96.837500000000006 2.0861897606997202  0.95105651629515398 43.2721999967887 96.924999999999997 3.6367715340189499  1 42.090541294686801 97.012500000000003 5.1873533073381903  0.95105651629515398 40.223150224304703 97.099999999999994 5.7472387547829298  1 39.312877030716898 97.142652503646502 6.0201589386545198  0.97552825814757704 38.362818803422201 97.1875 5.9984315716114898  0.97552825814757704
 0.053571428571428603 3 0.057142857142857099 2 0.064285714285714293 2 0.071428571428571397 2 0.078571428571428598 2 0.085714285714285701 2 0.089285714285714302 3
1 38.637181196577899 119.5 -5.9984315716114898 -1.6180944303219301e-17 -1 4.1274199144172697e-17 
7 1 0  2 13 7  38.637181196577899 95.3125 -5.9984315716114898  0.97552825814757704 39.587239423872603 95.357347496353498 -5.9767042045684597  0.97552825814757704 40.484084366141701 95.400000000000006 -5.6624561126804398  1 42.323927886206 95.487499999999997 -5.0177880231332299  0.95105651629515398 43.433466165269202 95.575000000000003 -3.4148076953386401  1 44.543004444332503 95.662499999999994 -1.8118273675440499  0.95105651629515398 44.498431571611498 95.75 0.13718119657783601  1 44.453858698890599 95.837500000000006 2.0861897606997202  0.95105651629515398 43.2721999967887 95.924999999999997 3.6367715340189601  1 42.090541294686801 96.012500000000003 5.1873533073381903  0.95105651629515398 40.223150224304703 96.099999999999994 5.7472387547829298  1 39.312877030716898 96.142652503646502 6.0201589386545198  0.97552825814757704 38.362818803422201 96.1875 5.9984315716114898  0.97552825814757704
 0.053571428571428603 3 0.057142857142857099 2 0.064285714285714293 2 0.071428571428571397 2 0.078571428571428598 2 0.085714285714285701 2 0.089285714285714302 3
1 38.362818803422201 119.5 5.9984315716114898 -1.6180944303219301e-17 -1 4.1274199144172697e-17 
7 1 0  2 7 4  44.498431571611498 95 0.13718119657783601  1 44.453858698890599 95.087500000000006 2.0861897606997202  0.95105651629515398 43.2721999967887 95.174999999999997 3.6367715340189601  1 42.090541294686801 95.262500000000003 5.1873533073381903  0.95105651629515398 40.223150224304703 95.349999999999994 5.7472387547829298  1 39.312877030716898 95.392652503646502 6.0201589386545198  0.97552825814757704 38.362818803422201 95.4375 5.9984315716114898  0.97552825814757704
 0 3 0.00714285714285714 2 0.014285714285714299 2 0.017857142857142901 3
1 44.498431571611498 94.5 0.13718119657783601 -1.6180944303219301e-17 -1 4.1274199144172697e-17 
2 38.5 94.5 -5.3746249957242201e-16 1.6180944303219301e-17 1 -4.1274199144172697e-17 -0.022863532762972712 4.1633363423443389e-17 0.99973859526858144 0.99973859526858144 -1.5233040523421365e-17 0.022863532762972712 6
1 38.637181196577899 119.5 -5.9984315716114898 -1.6180944303219301e-17 -1 4.1274199144172697e-17 
7 1 0  2 13 7  38.362818803422201 115.4375 5.9984315716114898  0.97552825814757704 37.412760576127503 115.482347496354 5.9767042045684597  0.97552825814757704 36.515915633858299 115.52500000000001 5.6624561126804398  1 34.676072113794099 115.6125 5.0177880231332201  0.95105651629515398 33.566533834730798 115.7 3.4148076953386299  1 32.456995555667604 115.78749999999999 1.8118273675440399  0.95105651629515398 32.501568428388602 115.875 -0.137181196577838  1 32.5461413011095 115.96250000000001 -2.0861897606997202  0.95105651629515398 33.727800003211399 116.05 -3.6367715340189601  1 34.909458705313298 116.1375 -5.1873533073381903  0.95105651629515398 36.776849775695403 116.22499999999999 -5.7472387547829298  1 37.687122969283202 116.267652503647 -6.0201589386545198  0.97552825814757704 38.637181196577899 116.3125 -5.9984315716114898  0.97552825814757704
 0.875 3 0.878571428571428 2 0.88571428571428601 2 0.89285714285714302 2 0.90000000000000002 2 0.90714285714285703 2 0.91071428571428603 3
7 1 0  2 13 7  38.362818803422201 114.6875 5.9984315716114898  0.97552825814757704 37.412760576127503 114.732347496353 5.9767042045684597  0.97552825814757704 36.515915633858299 114.77500000000001 5.6624561126804398  1 34.676072113794099 114.8625 5.0177880231332201  0.95105651629515398 33.566533834730798 114.95 3.4148076953386299  1 32.456995555667604 115.03749999999999 1.8118273675440399  0.95105651629515398 32.501568428388602 115.125 -0.137181196577838  1 32.5461413011095 115.21250000000001 -2.0861897606997202  0.95105651629515398 33.727800003211399 115.3 -3.6367715340189601  1 34.909458705313298 115.3875 -5.1873533073381903  0.95105651629515398 36.776849775695403 115.47499999999999 -5.7472387547829298  1 37.687122969283202 115.517652503646 -6.0201589386545198  0.97552825814757704 38.637181196577899 115.5625 -5.9984315716114898  0.97552825814757704
 0.80357142857142905 3 0.80714285714285705 2 0.81428571428571395 2 0.82142857142857095 2 0.82857142857142896 2 0.83571428571428596 2 0.83928571428571397 3
7 1 0  2 13 7  38.362818803422201 113.6875 5.9984315716114898  0.97552825814757704 37.412760576127503 113.732347496353 5.9767042045684597  0.97552825814757704 36.515915633858299 113.77500000000001 5.6624561126804398  1 34.676072113794099 113.8625 5.0177880231332201  0.95105651629515398 33.566533834730798 113.95 3.4148076953386299  1 32.456995555667604 114.03749999999999 1.8118273675440399  0.95105651629515398 32.501568428388602 114.125 -0.137181196577838  1 32.5461413011095 114.21250000000001 -2.0861897606997202  0.95105651629515398 33.727800003211399 114.3 -3.6367715340189601  1 34.909458705313298 114.3875 -5.1873533073381903  0.95105651629515398 36.776849775695403 114.47499999999999 -5.7472387547829298  1 37.687122969283202 114.517652503646 -6.0201589386545198  0.97552825814757704 38.637181196577899 114.5625 -5.9984315716114898  0.97552825814757704
 0.80357142857142905 3 0.80714285714285705 2 0.81428571428571395 2 0.82142857142857095 2 0.82857142857142896 2 0.83571428571428596 2 0.83928571428571397 3
7 1 0  2 13 7  38.362818803422201 112.9375 5.9984315716114898  0.97552825814757704 37.412760576127503 112.982347496353 5.9767042045684597  0.97552825814757604 36.515915633858299 113.02500000000001 5.6624561126804398  1 34.676072113794099 113.1125 5.0177880231332201  0.95105651629515398 33.566533834730798 113.2 3.4148076953386299  1 32.456995555667604 113.28749999999999 1.8118273675440399  0.95105651629515398 32.501568428388602 113.375 -0.137181196577838  1 32.5461413011095 113.46250000000001 -2.0861897606997202  0.95105651629515398 33.727800003211399 113.55 -3.6367715340189601  1 34.909458705313298 113.6375 -5.1873533073381903  0.95105651629515398 36.776849775695403 113.72499999999999 -5.7472387547829298  1 37.687122969283202 113.767652503647 -6.0201589386545296  0.97552825814757604 38.637181196577899 113.8125 -5.9984315716114898  0.97552825814757704
 0.73214285714285698 3 0.73571428571428599 2 0.74285714285714299 2 0.75 2 0.75714285714285701 2 0.76428571428571401 2 0.76785714285714302 3
7 1 0  2 13 7  38.362818803422201 111.9375 5.9984315716114898  0.97552825814757704 37.412760576127503 111.982347496354 5.9767042045684597  0.97552825814757604 36.515915633858299 112.02500000000001 5.6624561126804398  1 34.676072113794099 112.1125 5.0177880231332201  0.95105651629515398 33.566533834730798 112.2 3.4148076953386299  1 32.456995555667604 112.28749999999999 1.8118273675440399  0.95105651629515398 32.501568428388602 112.375 -0.137181196577838  1 32.5461413011095 112.46250000000001 -2.0861897606997202  0.95105651629515398 33.727800003211399 112.55 -3.6367715340189601  1 34.909458705313298 112.6375 -5.1873533073381903  0.95105651629515398 36.776849775695403 112.72499999999999 -5.7472387547829298  1 37.687122969283202 112.767652503647 -6.0201589386545296  0.97552825814757604 38.637181196577899 112.8125 -5.9984315716114898  0.97552825814757704
 0.73214285714285698 3 0.73571428571428599 2 0.74285714285714299 2 0.75 2 0.75714285714285701 2 0.76428571428571401 2 0.76785714285714302 3
7 1 0  2 13 7  38.362818803422201 111.1875 5.9984315716114898  0.97552825814757704 37.412760576127503 111.232347496353 5.9767042045684597  0.97552825814757704 36.515915633858299 111.27500000000001 5.6624561126804398  1 34.676072113794099 111.3625 5.0177880231332201  0.95105651629515398 33.566533834730798 111.45 3.4148076953386299  1 32.456995555667604 111.53749999999999 1.8118273675440399  0.95105651629515398 32.501568428388602 111.625 -0.137181196577838  1 32.5461413011095 111.71250000000001 -2.0861897606997202  0.95105651629515398 33.727800003211399 111.8 -3.6367715340189601  1 34.909458705313298 111.8875 -5.1873533073381903  0.95105651629515398 36.776849775695403 111.97499999999999 -5.7472387547829298  1 37.6871229692836 112.017652503647 -6.0201589386546397  0.97552825814756605 38.637181196577899 112.0625 -5.9984315716114898  0.97552825814757704
 0.66071428571428603 3 0.66428571428571404 2 0.67142857142857104 2 0.67857142857142905 2 0.68571428571428605 2 0.69285714285714295 2 0.69642857142857295 3
7 1 0  2 13 7  38.362818803422201 110.1875 5.9984315716114898  0.97552825814757704 37.412760576127503 110.232347496353 5.9767042045684597  0.97552825814757704 36.515915633858299 110.27500000000001 5.6624561126804398  1 34.676072113794099 110.3625 5.0177880231332299  0.95105651629515398 33.566533834730798 110.45 3.4148076953386299  1 32.456995555667604 110.53749999999999 1.8118273675440399  0.95105651629515398 32.501568428388602 110.625 -0.137181196577838  1 32.5461413011095 110.71250000000001 -2.0861897606997202  0.95105651629515398 33.727800003211399 110.8 -3.6367715340189601  1 34.909458705313298 110.8875 -5.1873533073381903  0.95105651629515398 36.776849775695403 110.97499999999999 -5.7472387547829298  1 37.6871229692836 111.017652503647 -6.0201589386546397  0.97552825814756605 38.637181196577899 111.0625 -5.9984315716114898  0.97552825814757704
 0.66071428571428603 3 0.66428571428571404 2 0.67142857142857104 2 0.67857142857142905 2 0.68571428571428605 2 0.69285714285714295 2 0.69642857142857295 3
7 1 0  2 13 7  38.362818803422201 109.4375 5.9984315716114898  0.97552825814757704 37.412760576127503 109.482347496354 5.9767042045684597  0.97552825814757704 36.515915633858299 109.52500000000001 5.6624561126804398  1 34.676072113794099 109.6125 5.0177880231332299  0.95105651629515398 33.566533834730798 109.7 3.4148076953386299  1 32.456995555667604 109.78749999999999 1.8118273675440399  0.95105651629515398 32.501568428388602 109.875 -0.13718119657783701  1 32.5461413011095 109.96250000000001 -2.0861897606997202  0.95105651629515398 33.727800003211399 110.05 -3.6367715340189601  1 34.909458705313298 110.1375 -5.1873533073381903  0.95105651629515398 36.776849775695403 110.22499999999999 -5.7472387547829298  1 37.687122969283202 110.267652503647 -6.0201589386545198  0.97552825814757704 38.637181196577899 110.3125 -5.9984315716114898  0.97552825814757704
 0.58928571428571397 3 0.59285714285714297 2 0.59999999999999998 2 0.60714285714285698 2 0.61428571428571399 2 0.621428571428571 2 0.625 3
7 1 0  2 13 7  38.362818803422201 108.4375 5.9984315716114898  0.97552825814757704 37.412760576127503 108.482347496354 5.9767042045684597  0.97552825814757704 36.515915633858299 108.52500000000001 5.6624561126804398  1 34.676072113794099 108.6125 5.0177880231332299  0.95105651629515398 33.566533834730798 108.7 3.4148076953386299  1 32.456995555667604 108.78749999999999 1.8118273675440399  0.95105651629515398 32.501568428388602 108.875 -0.13718119657783701  1 32.5461413011095 108.96250000000001 -2.0861897606997202  0.95105651629515398 33.727800003211399 109.05 -3.6367715340189601  1 34.909458705313298 109.1375 -5.1873533073381903  0.95105651629515398 36.776849775695403 109.22499999999999 -5.7472387547829298  1 37.687122969283202 109.267652503647 -6.0201589386545198  0.97552825814757704 38.637181196577899 109.3125 -5.9984315716114898  0.97552825814757704
 0.58928571428571397 3 0.59285714285714297 2 0.59999999999999998 2 0.60714285714285698 2 0.61428571428571399 2 0.621428571428571 2 0.625 3
7 1 0  2 13 7  38.362818803422201 107.6875 5.9984315716114898  0.97552825814757704 37.412760576127503 107.732347496353 5.9767042045684597  0.97552825814757604 36.515915633858299 107.77500000000001 5.6624561126804398  1 34.676072113794099 107.8625 5.0177880231332299  0.95105651629515398 33.566533834730798 107.95 3.4148076953386299  1 32.456995555667604 108.03749999999999 1.8118273675440399  0.95105651629515398 32.501568428388602 108.125 -0.13718119657783701  1 32.5461413011095 108.21250000000001 -2.0861897606997202  0.95105651629515398 33.727800003211399 108.3 -3.6367715340189601  1 34.909458705313298 108.3875 -5.1873533073381903  0.95105651629515398 36.776849775695403 108.47499999999999 -5.7472387547829298  1 37.687122969283202 108.517652503646 -6.0201589386545198  0.97552825814757704 38.637181196577899 108.5625 -5.9984315716114898  0.97552825814757704
 0.51785714285714302 3 0.52142857142857102 2 0.52857142857142903 2 0.53571428571428603 2 0.54285714285714304 2 0.55000000000000004 2 0.55357142857142905 3
7 1 0  2 13 7  38.362818803422201 106.6875 5.9984315716114898  0.97552825814757704 37.412760576127503 106.732347496353 5.9767042045684597  0.97552825814757604 36.515915633858299 106.77500000000001 5.6624561126804398  1 34.676072113794099 106.8625 5.0177880231332299  0.95105651629515398 33.566533834730798 106.95 3.4148076953386299  1 32.456995555667604 107.03749999999999 1.8118273675440399  0.95105651629515398 32.501568428388602 107.125 -0.13718119657783701  1 32.5461413011095 107.21250000000001 -2.0861897606997202  0.95105651629515398 33.727800003211399 107.3 -3.6367715340189601  1 34.909458705313298 107.3875 -5.1873533073381903  0.95105651629515398 36.776849775695403 107.47499999999999 -5.7472387547829298  1 37.687122969283202 107.517652503646 -6.0201589386545198  0.97552825814757704 38.637181196577899 107.5625 -5.9984315716114898  0.97552825814757704
 0.51785714285714302 3 0.52142857142857102 2 0.52857142857142903 2 0.53571428571428603 2 0.54285714285714304 2 0.55000000000000004 2 0.55357142857142905 3
7 1 0  2 13 7  38.362818803422201 105.9375 5.9984315716114898  0.97552825814757704 37.412760576127503 105.982347496353 5.9767042045684597  0.97552825814757704 36.515915633858299 106.02500000000001 5.6624561126804398  1 34.676072113794099 106.1125 5.0177880231332299  0.95105651629515398 33.566533834730798 106.2 3.4148076953386299  1 32.456995555667604 106.28749999999999 1.8118273675440399  0.95105651629515398 32.501568428388602 106.375 -0.13718119657783701  1 32.5461413011095 106.46250000000001 -2.0861897606997202  0.95105651629515398 33.727800003211399 106.55 -3.6367715340189601  1 34.909458705313298 106.6375 -5.1873533073381903  0.95105651629515398 36.776849775695403 106.72499999999999 -5.7472387547829298  1 37.687122969283202 106.767652503647 -6.0201589386545198  0.97552825814757704 38.637181196577899 106.8125 -5.9984315716114898  0.97552825814757704
 0.44642857142857101 3 0.45000000000000001 2 0.45714285714285702 2 0.46428571428571402 2 0.47142857142857097 2 0.47857142857142898 2 0.48214285714285698 3
7 1 0  2 13 7  38.362818803422201 104.9375 5.9984315716114898  0.97552825814757704 37.412760576127503 104.982347496353 5.9767042045684597  0.97552825814757704 36.515915633858299 105.02500000000001 5.6624561126804398  1 34.676072113794099 105.1125 5.0177880231332299  0.95105651629515398 33.566533834730798 105.2 3.4148076953386299  1 32.456995555667604 105.28749999999999 1.8118273675440399  0.95105651629515398 32.501568428388602 105.375 -0.13718119657783701  1 32.5461413011095 105.46250000000001 -2.0861897606997202  0.95105651629515398 33.727800003211399 105.55 -3.6367715340189601  1 34.909458705313298 105.6375 -5.1873533073381903  0.95105651629515398 36.776849775695403 105.72499999999999 -5.7472387547829298  1 37.687122969283202 105.767652503647 -6.0201589386545198  0.97552825814757704 38.637181196577899 105.8125 -5.9984315716114898  0.97552825814757704
 0.44642857142857101 3 0.45000000000000001 2 0.45714285714285702 2 0.46428571428571402 2 0.47142857142857097 2 0.47857142857142898 2 0.48214285714285698 3
7 1 0  2 13 7  38.362818803422201 104.1875 5.9984315716114898  0.97552825814757704 37.412760576127503 104.232347496353 5.9767042045684597  0.97552825814757704 36.515915633858299 104.27500000000001 5.6624561126804398  1 34.676072113794099 104.3625 5.0177880231332299  0.95105651629515398 33.566533834730798 104.45 3.4148076953386401  1 32.456995555667604 104.53749999999999 1.8118273675440399  0.95105651629515398 32.501568428388602 104.625 -0.13718119657783701  1 32.5461413011095 104.71250000000001 -2.0861897606997202  0.95105651629515398 33.727800003211399 104.8 -3.6367715340189601  1 34.909458705313298 104.8875 -5.1873533073381903  0.95105651629515398 36.776849775695403 104.97499999999999 -5.7472387547829298  1 37.687122969283202 105.017652503647 -6.0201589386545198  0.97552825814757704 38.637181196577899 105.0625 -5.9984315716114898  0.97552825814757704
 0.375 3 0.378571428571429 2 0.38571428571428601 2 0.39285714285714302 2 0.40000000000000002 2 0.40714285714285697 2 0.41071428571428598 3
7 1 0  2 13 7  38.362818803422201 103.1875 5.9984315716114898  0.97552825814757704 37.412760576127503 103.232347496353 5.9767042045684597  0.97552825814757704 36.515915633858299 103.27500000000001 5.6624561126804398  1 34.676072113794099 103.3625 5.0177880231332299  0.95105651629515398 33.566533834730798 103.45 3.4148076953386401  1 32.456995555667604 103.53749999999999 1.8118273675440399  0.95105651629515398 32.501568428388602 103.625 -0.13718119657783701  1 32.5461413011095 103.71250000000001 -2.0861897606997202  0.95105651629515398 33.727800003211399 103.8 -3.6367715340189601  1 34.909458705313298 103.8875 -5.1873533073381903  0.95105651629515398 36.776849775695403 103.97499999999999 -5.7472387547829298  1 37.687122969283202 104.017652503647 -6.0201589386545198  0.97552825814757704 38.637181196577899 104.0625 -5.9984315716114898  0.97552825814757704
 0.375 3 0.378571428571429 2 0.38571428571428601 2 0.39285714285714302 2 0.40000000000000002 2 0.40714285714285697 2 0.41071428571428598 3
7 1 0  2 13 7  38.362818803422201 102.4375 5.9984315716114898  0.97552825814757704 37.412760576127503 102.482347496353 5.9767042045684597  0.97552825814757704 36.515915633858299 102.52500000000001 5.6624561126804398  1 34.676072113794099 102.6125 5.0177880231332299  0.95105651629515398 33.566533834730798 102.7 3.4148076953386401  1 32.456995555667604 102.78749999999999 1.8118273675440399  0.95105651629515398 32.501568428388602 102.875 -0.13718119657783701  1 32.5461413011095 102.96250000000001 -2.0861897606997202  0.95105651629515398 33.727800003211399 103.05 -3.6367715340189601  1 34.909458705313298 103.1375 -5.1873533073381903  0.95105651629515398 36.776849775695403 103.22499999999999 -5.7472387547829298  1 37.687122969283202 103.267652503647 -6.0201589386545198  0.97552825814757704 38.637181196577899 103.3125 -5.9984315716114898  0.97552825814757704
 0.30357142857142899 3 0.307142857142857 2 0.314285714285714 2 0.32142857142857101 2 0.32857142857142901 2 0.33571428571428602 2 0.33928571428571402 3
7 1 0  2 13 7  38.362818803422201 101.4375 5.9984315716114898  0.97552825814757704 37.412760576127503 101.482347496353 5.9767042045684597  0.97552825814757704 36.515915633858299 101.52500000000001 5.6624561126804398  1 34.676072113794099 101.6125 5.0177880231332299  0.95105651629515398 33.566533834730798 101.7 3.4148076953386401  1 32.456995555667604 101.78749999999999 1.8118273675440399  0.95105651629515398 32.501568428388602 101.875 -0.13718119657783701  1 32.5461413011095 101.96250000000001 -2.0861897606997202  0.95105651629515398 33.727800003211399 102.05 -3.6367715340189601  1 34.909458705313298 102.1375 -5.1873533073381903  0.95105651629515398 36.776849775695403 102.22499999999999 -5.7472387547829298  1 37.687122969283202 102.267652503647 -6.0201589386545198  0.97552825814757704 38.637181196577899 102.3125 -5.9984315716114898  0.97552825814757704
 0.30357142857142899 3 0.307142857142857 2 0.314285714285714 2 0.32142857142857101 2 0.32857142857142901 2 0.33571428571428602 2 0.33928571428571402 3
7 1 0  2 13 7  38.362818803422201 100.6875 5.9984315716114898  0.97552825814757704 37.412760576127503 100.732347496353 5.9767042045684597  0.97552825814757704 36.515915633858299 100.77500000000001 5.6624561126804398  1 34.676072113794099 100.8625 5.0177880231332299  0.95105651629515398 33.566533834730798 100.95 3.4148076953386401  1 32.456995555667604 101.03749999999999 1.8118273675440399  0.95105651629515398 32.501568428388602 101.125 -0.13718119657783701  1 32.5461413011095 101.21250000000001 -2.0861897606997202  0.95105651629515398 33.727800003211399 101.3 -3.6367715340189601  1 34.909458705313298 101.3875 -5.1873533073381903  0.95105651629515398 36.776849775695403 101.47499999999999 -5.7472387547829298  1 37.687122969282797 101.517652503647 -6.0201589386543999  0.97552825814758704 38.637181196577899 101.5625 -5.9984315716114898  0.97552825814757704
 0.23214285714285701 3 0.23571428571428599 2 0.24285714285714299 2 0.249999999999999 2 0.25714285714285701 2 0.26428571428571401 2 0.26785714285714102 3
7 1 0  2 13 7  38.362818803422201 99.6875 5.9984315716114898  0.97552825814757704 37.412760576127503 99.732347496353498 5.9767042045684597  0.97552825814757704 36.515915633858299 99.775000000000006 5.6624561126804398  1 34.676072113794099 99.862499999999997 5.0177880231332299  0.95105651629515398 33.566533834730798 99.950000000000003 3.4148076953386401  1 32.456995555667604 100.03749999999999 1.8118273675440399  0.95105651629515398 32.501568428388602 100.125 -0.13718119657783701  1 32.5461413011095 100.21250000000001 -2.0861897606997202  0.95105651629515398 33.727800003211399 100.3 -3.6367715340189601  1 34.909458705313298 100.3875 -5.1873533073381903  0.95105651629515398 36.776849775695403 100.47499999999999 -5.7472387547829298  1 37.687122969282797 100.517652503647 -6.0201589386543999  0.97552825814758704 38.637181196577899 100.5625 -5.9984315716114898  0.97552825814757704
 0.23214285714285701 3 0.23571428571428599 2 0.24285714285714299 2 0.249999999999999 2 0.25714285714285701 2 0.26428571428571401 2 0.26785714285714102 3
7 1 0  2 13 7  38.362818803422201 98.9375 5.9984315716114898  0.97552825814757704 37.412760576127503 98.982347496353498 5.9767042045684597  0.97552825814757704 36.515915633858299 99.025000000000006 5.6624561126804398  1 34.676072113794099 99.112499999999997 5.0177880231332299  0.95105651629515398 33.566533834730798 99.200000000000003 3.4148076953386401  1 32.456995555667604 99.287499999999994 1.8118273675440399  0.95105651629515398 32.501568428388602 99.375 -0.13718119657783701  1 32.5461413011095 99.462500000000006 -2.0861897606997202  0.95105651629515398 33.727800003211399 99.549999999999997 -3.6367715340189601  1 34.909458705313298 99.637500000000003 -5.1873533073381903  0.95105651629515398 36.776849775695403 99.724999999999994 -5.7472387547829298  1 37.687122969283202 99.767652503646502 -6.0201589386545198  0.97552825814757704 38.637181196577899 99.8125 -5.9984315716114898  0.97552825814757704
 0.160714285714286 3 0.16428571428571401 2 0.17142857142857101 2 0.17857142857142899 2 0.185714285714286 2 0.192857142857143 2 0.19642857142857101 3
7 1 0  2 13 7  38.362818803422201 97.9375 5.9984315716114898  0.97552825814757704 37.412760576127503 97.982347496353498 5.9767042045684597  0.97552825814757704 36.515915633858299 98.025000000000006 5.6624561126804398  1 34.676072113794099 98.112499999999997 5.0177880231332299  0.95105651629515398 33.566533834730798 98.200000000000003 3.4148076953386401  1 32.456995555667604 98.287499999999994 1.8118273675440399  0.95105651629515398 32.501568428388602 98.375 -0.13718119657783701  1 32.5461413011095 98.462500000000006 -2.0861897606997202  0.95105651629515398 33.727800003211399 98.549999999999997 -3.6367715340189601  1 34.909458705313298 98.637500000000003 -5.1873533073381903  0.95105651629515398 36.776849775695403 98.724999999999994 -5.7472387547829298  1 37.687122969283202 98.767652503646502 -6.0201589386545198  0.97552825814757704 38.637181196577899 98.8125 -5.9984315716114898  0.97552825814757704
 0.160714285714286 3 0.16428571428571401 2 0.17142857142857101 2 0.17857142857142899 2 0.185714285714286 2 0.192857142857143 2 0.19642857142857101 3
7 1 0  2 13 7  38.362818803422201 97.1875 5.9984315716114898  0.97552825814757704 37.412760576127503 97.232347496353498 5.9767042045684597  0.97552825814757704 36.515915633858299 97.275000000000006 5.6624561126804398  1 34.676072113794099 97.362499999999997 5.0177880231332299  0.95105651629515398 33.566533834730798 97.450000000000003 3.4148076953386401  1 32.456995555667604 97.537499999999994 1.8118273675440399  0.95105651629515398 32.501568428388602 97.625 -0.13718119657783701  1 32.5461413011095 97.712500000000006 -2.0861897606997202  0.95105651629515398 33.727800003211399 97.799999999999997 -3.6367715340189601  1 34.909458705313298 97.887500000000003 -5.1873533073381903  0.95105651629515398 36.776849775695403 97.974999999999994 -5.7472387547829298  1 37.687122969283202 98.017652503646502 -6.0201589386545198  0.97552825814757704 38.637181196577899 98.0625 -5.9984315716114898  0.97552825814757704
 0.089285714285714302 3 0.092857142857142902 2 0.10000000000000001 2 0.107142857142857 2 0.114285714285714 2 0.121428571428571 2 0.125 3
7 1 0  2 13 7  38.362818803422201 96.1875 5.9984315716114898  0.97552825814757704 37.412760576127503 96.232347496353498 5.9767042045684597  0.97552825814757704 36.515915633858299 96.275000000000006 5.6624561126804398  1 34.676072113794099 96.362499999999997 5.0177880231332299  0.95105651629515398 33.566533834730798 96.450000000000003 3.4148076953386401  1 32.456995555667604 96.537499999999994 1.8118273675440399  0.95105651629515398 32.501568428388602 96.625 -0.13718119657783701  1 32.5461413011095 96.712500000000006 -2.0861897606997202  0.95105651629515398 33.727800003211399 96.799999999999997 -3.6367715340189601  1 34.909458705313298 96.887500000000003 -5.1873533073381903  0.95105651629515398 36.776849775695403 96.974999999999994 -5.7472387547829298  1 37.687122969283202 97.017652503646502 -6.0201589386545198  0.97552825814757704 38.637181196577899 97.0625 -5.9984315716114898  0.97552825814757704
 0.089285714285714302 3 0.092857142857142902 2 0.10000000000000001 2 0.107142857142857 2 0.114285714285714 2 0.121428571428571 2 0.125 3
7 1 0  2 13 7  38.362818803422201 95.4375 5.9984315716114898  0.97552825814757704 37.412760576127503 95.482347496353498 5.9767042045684597  0.97552825814757704 36.515915633858299 95.525000000000006 5.6624561126804398  1 34.676072113794099 95.612499999999997 5.0177880231332299  0.95105651629515398 33.566533834730798 95.700000000000003 3.4148076953386401  1 32.456995555667604 95.787499999999994 1.8118273675440399  0.95105651629515398 32.501568428388602 95.875 -0.13718119657783701  1 32.5461413011095 95.962500000000006 -2.0861897606997202  0.95105651629515398 33.727800003211399 96.049999999999997 -3.6367715340189601  1 34.909458705313298 96.137500000000003 -5.1873533073381903  0.95105651629515398 36.776849775695403 96.224999999999994 -5.7472387547829298  1 37.687122969283202 96.267652503646502 -6.0201589386545198  0.97552825814757704 38.637181196577899 96.3125 -5.9984315716114898  0.97552825814757704
 0.017857142857142901 3 0.021428571428571401 2 0.028571428571428598 2 0.035714285714285698 2 0.042857142857142899 2 0.050000000000000003 2 0.053571428571428603 3
7 1 0  2 13 7  37.042189919593397 94.5 5.8202053030339798  0.98770880141700401 36.775437789769803 94.512657543484195 5.7533908311073398  0.99279322587160401 36.515915633858299 94.525000000000006 5.6624561126804398  1 34.676072113794099 94.612499999999997 5.0177880231332299  0.95105651629515398 33.566533834730798 94.700000000000003 3.4148076953386401  1 32.456995555667604 94.787499999999994 1.8118273675440399  0.95105651629515398 32.501568428388602 94.875 -0.13718119657783701  1 32.5461413011095 94.962500000000006 -2.0861897606997202  0.95105651629515398 33.727800003211399 95.049999999999997 -3.6367715340189601  1 34.909458705313298 95.137500000000003 -5.1873533073381903  0.95105651629515398 36.776849775695403 95.224999999999994 -5.7472387547829298  1 37.687122969283202 95.267652503646502 -6.0201589386545198  0.97552825814757704 38.637181196577899 95.3125 -5.9984315716114898  0.97552825814757704
 0.0203768081668796 3 0.021428571428571401 2 0.028571428571428598 2 0.035714285714285698 2 0.042857142857142899 2 0.050000000000000003 2 0.053571428571428603 3
2 38.5 94.5 -5.3746249957242201e-16 1.6180944303219301e-17 1 -4.1274199144172697e-17 -0.022863532762972712 4.1633363423443389e-17 0.99973859526858144 0.99973859526858144 -1.5233040523421365e-17 0.022863532762972712 6
1 38.082740527075799 89 18.2452293636516 1.6180944303219301e-17 1 -4.1274199144172697e-17 
2 38.5 89.5 -3.31091503851558e-16 1.6180944303219301e-17 1 -4.1274199144172697e-17 -0.022863532762972712 4.1633363423443389e-17 0.99973859526858144 0.99973859526858144 -1.5233040523421365e-17 0.022863532762972712 18.25
1 38.9172594729243 89 -18.2452293636516 1.6180944303219301e-17 1 -4.1274199144172697e-17 
2 38.5 89 -3.1045440427947199e-16 1.6180944303219301e-17 1 -4.1274199144172697e-17 -0.022863532762972712 4.1633363423443389e-17 0.99973859526858144 0.99973859526858144 -1.5233040523421365e-17 0.022863532762972712 18.25
1 48.122919189607202 94.5 -5.2661902361787201 -0.85436725426487425 -7.6244816415610112e-18 -0.51966969782728312 
1 38.750805069111301 94.5 -10.9667875948539 -0.87723078702784729 3.400888178188241e-17 0.48006889744129816 
1 29.127885879504099 94.5 -5.7005973586751999 -0.022863532762972712 4.163336342344342e-17 0.99973859526858144 
1 28.877080810392901 94.5 5.2661902361787103 0.85436725426487425 7.6244816415610112e-18 0.51966969782728312 
1 38.249194930888798 94.5 10.9667875948539 0.87723078702784729 -3.4008881781882311e-17 -0.48006889744129816 
1 47.872114120496001 94.5 5.7005973586751999 0.022863532762972611 -4.163336342344342e-17 -0.99973859526858144 
1 38.5 94.5 -5.3746249957242201e-16 0.99973859526858144 -1.5233040523421306e-17 0.022863532762972809 
7 0 0  3 28 14  37.042189919593397 94.5 5.8202053030339798  37.503281686619403 94.5 5.975559120332  37.973451653630697 94.5 6.0733042334182699  38.691845896111701 94.5 6.1365422038113504  38.934717103502102 94.5 6.1435279201973403  39.419572897699801 94.5 6.1283338252379904  39.659392873194101 94.5 6.1063768770670297  40.133982994064098 94.5 6.0346572909744101  40.368716490178002 94.5 5.9846928526007197  40.833362171465403 94.5 5.8582165726703597  41.064653421060797 94.5 5.7809816814674297  41.738596849976403 94.5 5.5123291816899096  42.161375459281103 94.5 5.2854512178888102  42.7561653293305 94.5 4.87418595885537  42.948821910784702 94.5 4.7241494006854197  43.312325195248299 94.5 4.4062738917584099  43.483884954567301 94.5 4.23814651899393  43.807056396665701 94.5 3.8839053806845798  43.958866957043902 94.5 3.6979709352160799  44.243332746613497 94.5 3.3088304386745899  44.376459990804797 94.5 3.1043480429714401  44.7379769688932 94.5 2.4770722586673601  44.931280274217301 94.5 2.0383631845291199  45.150103381307702 94.5 1.3496968163066401  45.2112444939564 94.5 1.1139640557666901  45.307192538280098 94.5 0.63873814351088198  45.342224547909197 94.5 0.39895300608478601  45.364230592257897 94.5 0.15698159677082901 
 3.1458368451847398e-16 4 0.00143896198203794 2 0.0021584429730567502 2 0.0028779239640755599 2 0.0035974049550943801 2 0.0043168859461131899 2 0.0057558479281508102 2 0.0064753289191696196 2 0.0071948099101884402 2 0.0079142909012072504 2 0.0086337718922260605 2 0.0100727338742637 2 0.0107922148652825 2 0.0115116958563013 4
2 38.5 89 -3.1045440427947199e-16 1.6180944303219301e-17 1 -4.1274199144172697e-17 -0.022863532762972712 4.1633363423443389e-17 0.99973859526858144 0.99973859526858144 -1.5233040523421365e-17 0.022863532762972712 18.25
1 38.750805069111301 89 -10.9667875948539 -0.87723078702784729 3.400888178188241e-17 0.48006889744129816 
1 48.122919189607202 89 -5.2661902361787201 -0.85436725426487425 -7.6244816415610112e-18 -0.51966969782728312 
1 47.872114120496001 89 5.7005973586751999 0.022863532762972611 -4.163336342344342e-17 -0.99973859526858144 
1 38.249194930888798 89 10.9667875948539 0.87723078702784729 -3.4008881781882311e-17 -0.48006889744129816 
1 28.877080810392901 89 5.2661902361787103 0.85436725426487425 7.6244816415610112e-18 0.51966969782728312 
1 29.127885879504099 89 -5.7005973586751999 -0.022863532762972712 4.163336342344342e-17 0.99973859526858144 
2 38.5 92.5 -4.5491410128407601e-16 1.6180944303219301e-17 1 -4.1274199144172697e-17 -0.022863532762972712 4.1633363423443389e-17 0.99973859526858144 0.99973859526858144 -1.5233040523421365e-17 0.022863532762972712 22
2 38.5 92.5 -4.5491410128407601e-16 -1.6180944303219301e-17 -1 4.1274199144172697e-17 -0.022863532762972712 4.1633363423443389e-17 0.99973859526858144 -0.99973859526858144 1.5233040523421365e-17 -0.022863532762972712 21.25
1 38.750805069111301 94.5 -10.9667875948539 -1.6180944303219301e-17 -1 4.1274199144172697e-17 
1 48.122919189607202 94.5 -5.2661902361787201 -1.6180944303219301e-17 -1 4.1274199144172697e-17 
1 29.127885879504099 94.5 -5.7005973586751999 -1.6180944303219301e-17 -1 4.1274199144172697e-17 
1 28.877080810392901 94.5 5.2661902361787103 -1.6180944303219301e-17 -1 4.1274199144172697e-17 
1 38.249194930888798 94.5 10.9667875948539 -1.6180944303219301e-17 -1 4.1274199144172697e-17 
1 47.872114120496001 94.5 5.7005973586751999 -1.6180944303219301e-17 -1 4.1274199144172697e-17 
2 38.5 119.5 -1.56931747817674e-15 1.6180944303219301e-17 1 -4.1274199144172697e-17 -0.022863532762972712 4.1633363423443389e-17 0.99973859526858144 0.99973859526858144 -1.5233040523421365e-17 0.022863532762972712 6
7 1 0  2 13 7  38.362818803422201 116.4375 5.9984315716114898  0.97552825814757704 37.412760576127503 116.482347496354 5.9767042045684597  0.97552825814757704 36.515915633858299 116.52500000000001 5.6624561126804398  1 34.676072113794099 116.6125 5.0177880231332201  0.95105651629515398 33.566533834730798 116.7 3.4148076953386299  1 32.456995555667604 116.78749999999999 1.8118273675440399  0.95105651629515398 32.501568428388602 116.875 -0.137181196577838  1 32.5461413011095 116.96250000000001 -2.0861897606997202  0.95105651629515398 33.727800003211399 117.05 -3.6367715340189601  1 34.909458705313298 117.1375 -5.1873533073381903  0.95105651629515398 36.776849775695403 117.22499999999999 -5.7472387547829298  1 37.687122969283202 117.267652503647 -6.0201589386545198  0.97552825814757704 38.637181196577899 117.3125 -5.9984315716114898  0.97552825814757704
 0.875 3 0.878571428571428 2 0.88571428571428601 2 0.89285714285714302 2 0.90000000000000002 2 0.90714285714285703 2 0.91071428571428603 3
7 1 0  2 7 4  38.362818803422201 117.1875 5.9984315716114898  0.97552825814757704 37.412760576127503 117.232347496353 5.9767042045684597  0.97552825814757704 36.515915633858299 117.27500000000001 5.6624561126804398  1 34.676072113794099 117.3625 5.0177880231332201  0.95105651629515398 33.566533834730798 117.45 3.4148076953386299  1 32.456995555667604 117.53749999999999 1.8118273675440399  0.95105651629515398 32.501568428388602 117.625 -0.137181196577838  1
 0.94642857142857095 3 0.94999999999999996 2 0.95714285714285696 2 0.96428571428571397 3
7 0 0  3 4 2  32.501568428388602 117.625 -0.137181196577838  32.501568428388602 117.958333333333 -0.13718119657783701  32.501568428388602 118.291666666667 -0.13718119657783701  32.501568428388602 118.625 -0.137181196577838 
 0 4 1 4
7 1 0  2 7 4  38.362818803422201 118.1875 5.9984315716114898  0.97552825814757704 37.412760576127503 118.232347496353 5.9767042045684597  0.97552825814757704 36.515915633858299 118.27500000000001 5.6624561126804398  1 34.676072113794099 118.3625 5.0177880231332201  0.95105651629515398 33.566533834730798 118.45 3.4148076953386299  1 32.456995555667604 118.53749999999999 1.8118273675440399  0.95105651629515398 32.501568428388602 118.625 -0.137181196577838  1
 0.94642857142857095 3 0.94999999999999996 2 0.95714285714285696 2 0.96428571428571397 3
1 44.931331081934701 94.75 0.14708139667433301 -0.86579902064636083 0.49999999999999983 -0.019800400192992295 
7 0 0  1 2 2  31.635769407742199 118.125 -0.15698159677083001  32.501568428388602 117.625 -0.137181196577838 
 0 2 1 2
7 0 0  1 2 2  32.501568428388602 118.625 -0.137181196577838  31.635769407742199 118.125 -0.15698159677083001 
 0 2 1 2
7 1 0  2 271 136  45.364230592257897 94.5 0.15698159677082901  1 45.313224179521001 94.587500000000006 2.3873053156798698  0.95105651629515398 43.961007734981798 94.674999999999997 4.1616942900557099  1 42.608791290442703 94.762500000000003 5.9360832644315504  0.95105651629515398 40.471865535768799 94.849999999999994 6.5767812153256697  1 38.334939781094903 94.9375 7.2174791662197997  0.95105651629515398 36.229537723136602 95.025000000000006 6.4797612529130699  1 34.1241356651784 95.112499999999997 5.7420433396063402  0.95105651629515398 32.854449330091803 95.200000000000003 3.90769273087228  1 31.584762995005299 95.287499999999994 2.07334212213821  0.95105651629515398 31.635769407742199 95.375 -0.15698159677082901  1 31.686775820479099 95.462500000000006 -2.3873053156798698  0.95105651629515398 33.038992265018301 95.549999999999997 -4.1616942900557099  1 34.391208709557397 95.637500000000003 -5.9360832644315504  0.95105651629515398 36.5281344642313 95.724999999999994 -6.5767812153256697  1 38.665060218905197 95.8125 -7.2174791662197997  0.95105651629515398 40.770462276863398 95.900000000000006 -6.4797612529130699  1 42.875864334821699 95.987499999999997 -5.7420433396063402  0.95105651629515398 44.145550669908303 96.075000000000003 -3.90769273087228  1 45.4152370049948 96.162499999999994 -2.0733421221382198  0.95105651629515398 45.364230592257897 96.25 0.15698159677082901  1 45.313224179521001 96.337500000000006 2.3873053156798698  0.95105651629515398 43.961007734981798 96.424999999999997 4.1616942900557099  1 42.608791290442703 96.512500000000003 5.9360832644315504  0.95105651629515398 40.471865535768799 96.599999999999994 6.5767812153256697  1 38.334939781094903 96.6875 7.2174791662197997  0.95105651629515398 36.229537723136602 96.775000000000006 6.4797612529130699  1 34.1241356651784 96.862499999999997 5.7420433396063402  0.95105651629515398 32.854449330091803 96.950000000000003 3.90769273087228  1 31.584762995005299 97.037499999999994 2.07334212213821  0.95105651629515398 31.635769407742199 97.125 -0.15698159677082901  1 31.686775820479099 97.212500000000006 -2.3873053156798698  0.95105651629515398 33.038992265018301 97.299999999999997 -4.1616942900557099  1 34.391208709557397 97.387500000000003 -5.9360832644315504  0.95105651629515398 36.5281344642313 97.474999999999994 -6.5767812153256697  1 38.665060218905197 97.5625 -7.2174791662197997  0.95105651629515398 40.770462276863398 97.650000000000006 -6.4797612529130699  1 42.875864334821699 97.737499999999997 -5.7420433396063402  0.95105651629515398 44.145550669908303 97.825000000000003 -3.90769273087228  1 45.4152370049948 97.912499999999994 -2.0733421221382198  0.95105651629515398 45.364230592257897 98 0.15698159677082901  1 45.313224179521001 98.087500000000006 2.3873053156798698  0.95105651629515398 43.961007734981798 98.174999999999997 4.1616942900557099  1 42.608791290442703 98.262500000000003 5.9360832644315504  0.95105651629515398 40.471865535768799 98.349999999999994 6.5767812153256697  1 38.334939781094903 98.4375 7.2174791662197997  0.95105651629515398 36.229537723136602 98.525000000000006 6.4797612529130699  1 34.1241356651784 98.612499999999997 5.7420433396063402  0.95105651629515398 32.854449330091803 98.700000000000003 3.90769273087228  1 31.584762995005299 98.787499999999994 2.07334212213821  0.95105651629515398 31.635769407742199 98.875 -0.15698159677082901  1 31.686775820479099 98.962500000000006 -2.3873053156798698  0.95105651629515398 33.038992265018301 99.049999999999997 -4.1616942900557099  1 34.391208709557397 99.137500000000003 -5.9360832644315504  0.95105651629515398 36.5281344642313 99.224999999999994 -6.5767812153256697  1 38.665060218905197 99.3125 -7.2174791662197997  0.95105651629515398 40.770462276863398 99.400000000000006 -6.4797612529130699  1 42.875864334821699 99.487499999999997 -5.7420433396063402  0.95105651629515398 44.145550669908303 99.575000000000003 -3.90769273087228  1 45.4152370049948 99.662499999999994 -2.0733421221382198  0.95105651629515398 45.364230592257897 99.75 0.15698159677082901  1 45.313224179521001 99.837500000000006 2.3873053156798698  0.95105651629515398 43.961007734981798 99.924999999999997 4.1616942900557099  1 42.608791290442703 100.0125 5.9360832644315504  0.95105651629515398 40.471865535768799 100.09999999999999 6.5767812153256697  1 38.334939781094903 100.1875 7.2174791662197997  0.95105651629515398 36.229537723136602 100.27500000000001 6.4797612529130699  1 34.1241356651784 100.3625 5.7420433396063402  0.95105651629515398 32.854449330091803 100.45 3.90769273087228  1 31.584762995005299 100.53749999999999 2.07334212213821  0.95105651629515398 31.635769407742199 100.625 -0.15698159677082901  1 31.686775820479099 100.71250000000001 -2.3873053156798698  0.95105651629515398 33.038992265018301 100.8 -4.1616942900557099  1 34.391208709557397 100.8875 -5.9360832644315504  0.95105651629515398 36.5281344642313 100.97499999999999 -6.5767812153256697  1 38.665060218905197 101.0625 -7.2174791662197997  0.95105651629515398 40.770462276863398 101.15000000000001 -6.4797612529130699  1 42.875864334821699 101.2375 -5.7420433396063402  0.95105651629515398 44.145550669908303 101.325 -3.90769273087228  1 45.4152370049948 101.41249999999999 -2.0733421221382198  0.95105651629515398 45.364230592257897 101.5 0.15698159677082801  1 45.313224179521001 101.58750000000001 2.3873053156798698  0.95105651629515398 43.961007734981798 101.675 4.1616942900557099  1 42.608791290442703 101.7625 5.9360832644315504  0.95105651629515398 40.471865535768799 101.84999999999999 6.5767812153256697  1 38.334939781094903 101.9375 7.2174791662197997  0.95105651629515398 36.229537723136602 102.02500000000001 6.4797612529130699  1 34.1241356651784 102.1125 5.7420433396063402  0.95105651629515398 32.854449330091803 102.2 3.90769273087228  1 31.584762995005299 102.28749999999999 2.07334212213821  0.95105651629515398 31.635769407742199 102.375 -0.15698159677082901  1 31.686775820479099 102.46250000000001 -2.3873053156798698  0.95105651629515398 33.038992265018301 102.55 -4.1616942900557099  1 34.391208709557397 102.6375 -5.9360832644315504  0.95105651629515398 36.5281344642313 102.72499999999999 -6.5767812153256697  1 38.665060218905197 102.8125 -7.2174791662197997  0.95105651629515398 40.770462276863398 102.90000000000001 -6.4797612529130699  1 42.875864334821699 102.9875 -5.7420433396063402  0.95105651629515398 44.145550669908303 103.075 -3.90769273087228  1 45.4152370049948 103.16249999999999 -2.0733421221382198  0.95105651629515398 45.364230592257897 103.25 0.15698159677082801  1 45.313224179521001 103.33750000000001 2.3873053156798698  0.95105651629515398 43.961007734981798 103.425 4.1616942900557099  1 42.608791290442703 103.5125 5.9360832644315504  0.95105651629515398 40.471865535768799 103.59999999999999 6.5767812153256697  1 38.334939781094903 103.6875 7.2174791662197997  0.95105651629515398 36.229537723136602 103.77500000000001 6.4797612529130699  1 34.1241356651784 103.8625 5.7420433396063402  0.95105651629515398 32.854449330091803 103.95 3.90769273087228  1 31.584762995005299 104.03749999999999 2.07334212213821  0.95105651629515398 31.635769407742199 104.125 -0.15698159677082901  1 31.686775820479099 104.21250000000001 -2.3873053156798698  0.95105651629515398 33.038992265018301 104.3 -4.1616942900557099  1 34.391208709557397 104.3875 -5.9360832644315504  0.95105651629515398 36.5281344642313 104.47499999999999 -6.5767812153256697  1 38.665060218905197 104.5625 -7.2174791662197997  0.95105651629515398 40.770462276863398 104.65000000000001 -6.4797612529130699  1 42.875864334821699 104.7375 -5.7420433396063402  0.95105651629515398 44.145550669908303 104.825 -3.90769273087228  1 45.4152370049948 104.91249999999999 -2.0733421221382198  0.95105651629515398 45.364230592257897 105 0.15698159677082801  1 45.313224179521001 105.08750000000001 2.3873053156798698  0.95105651629515398 43.961007734981798 105.175 4.1616942900557099  1 42.608791290442703 105.2625 5.9360832644315504  0.95105651629515398 40.471865535768799 105.34999999999999 6.5767812153256697  1 38.334939781094903 105.4375 7.2174791662197997  0.95105651629515398 36.229537723136602 105.52500000000001 6.4797612529130699  1 34.1241356651784 105.6125 5.7420433396063402  0.95105651629515398 32.854449330091803 105.7 3.90769273087228  1 31.584762995005299 105.78749999999999 2.07334212213821  0.95105651629515398 31.635769407742199 105.875 -0.15698159677083001  1 31.686775820479099 105.96250000000001 -2.3873053156798698  0.95105651629515398 33.038992265018301 106.05 -4.1616942900557099  1 34.391208709557397 106.1375 -5.9360832644315504  0.95105651629515398 36.5281344642313 106.22499999999999 -6.5767812153256697  1 38.665060218905197 106.3125 -7.2174791662197997  0.95105651629515398 40.770462276863398 106.40000000000001 -6.4797612529130699  1 42.875864334821699 106.4875 -5.7420433396063402  0.95105651629515398 44.145550669908303 106.575 -3.90769273087228  1 45.4152370049948 106.66249999999999 -2.0733421221382198  0.95105651629515398 45.364230592257897 106.75 0.15698159677082801  1 45.313224179521001 106.83750000000001 2.3873053156798698  0.95105651629515398 43.961007734981798 106.925 4.1616942900557099  1 42.608791290442703 107.0125 5.9360832644315504  0.95105651629515398 40.471865535768799 107.09999999999999 6.5767812153256697  1 38.334939781094903 107.1875 7.2174791662197997  0.95105651629515398 36.229537723136602 107.27500000000001 6.4797612529130699  1 34.1241356651784 107.3625 5.7420433396063402  0.95105651629515398 32.854449330091803 107.45 3.90769273087228  1 31.584762995005299 107.53749999999999 2.07334212213821  0.95105651629515398 31.635769407742199 107.625 -0.15698159677083001  1 31.686775820479099 107.71250000000001 -2.3873053156798698  0.95105651629515398 33.038992265018301 107.8 -4.1616942900557099  1 34.391208709557397 107.8875 -5.9360832644315504  0.95105651629515398 36.5281344642313 107.97499999999999 -6.5767812153256697  1 38.665060218905197 108.0625 -7.2174791662197997  0.95105651629515398 40.770462276863398 108.15000000000001 -6.4797612529130699  1 42.875864334821699 108.2375 -5.7420433396063402  0.95105651629515398 44.145550669908303 108.325 -3.90769273087228  1 45.4152370049948 108.41249999999999 -2.0733421221382198  0.95105651629515398 45.364230592257897 108.5 0.15698159677082801  1 45.313224179521001 108.58750000000001 2.3873053156798698  0.95105651629515398 43.961007734981798 108.675 4.1616942900557099  1 42.608791290442703 108.7625 5.9360832644315504  0.95105651629515398 40.471865535768799 108.84999999999999 6.5767812153256697  1 38.334939781094903 108.9375 7.2174791662197997  0.95105651629515398 36.229537723136602 109.02500000000001 6.4797612529130699  1 34.1241356651784 109.1125 5.7420433396063402  0.95105651629515398 32.854449330091803 109.2 3.90769273087228  1 31.584762995005299 109.28749999999999 2.07334212213821  0.95105651629515398 31.635769407742199 109.375 -0.15698159677083001  1 31.686775820479099 109.46250000000001 -2.3873053156798698  0.95105651629515398 33.038992265018301 109.55 -4.1616942900557099  1 34.391208709557397 109.6375 -5.9360832644315504  0.95105651629515398 36.5281344642313 109.72499999999999 -6.5767812153256697  1 38.665060218905197 109.8125 -7.2174791662197997  0.95105651629515398 40.770462276863398 109.90000000000001 -6.4797612529130699  1 42.875864334821699 109.9875 -5.7420433396063402  0.95105651629515398 44.145550669908303 110.075 -3.90769273087228  1 45.4152370049948 110.16249999999999 -2.0733421221382198  0.95105651629515398 45.364230592257897 110.25 0.15698159677082801  1 45.313224179521001 110.33750000000001 2.3873053156798698  0.95105651629515398 43.961007734981798 110.425 4.1616942900557099  1 42.608791290442703 110.5125 5.9360832644315504  0.95105651629515398 40.471865535768799 110.59999999999999 6.5767812153256697  1 38.334939781094903 110.6875 7.2174791662197997  0.95105651629515398 36.229537723136602 110.77500000000001 6.4797612529130699  1 34.1241356651784 110.8625 5.7420433396063402  0.95105651629515398 32.854449330091803 110.95 3.90769273087228  1 31.584762995005299 111.03749999999999 2.07334212213821  0.95105651629515398 31.635769407742199 111.125 -0.15698159677083001  1 31.686775820479099 111.21250000000001 -2.3873053156798698  0.95105651629515398 33.038992265018301 111.3 -4.1616942900557099  1 34.391208709557397 111.3875 -5.9360832644315504  0.95105651629515398 36.5281344642313 111.47499999999999 -6.5767812153256697  1 38.665060218905197 111.5625 -7.2174791662197997  0.95105651629515398 40.770462276863398 111.65000000000001 -6.4797612529130699  1 42.875864334821699 111.7375 -5.7420433396063402  0.95105651629515398 44.145550669908303 111.825 -3.90769273087228  1 45.4152370049948 111.91249999999999 -2.0733421221382198  0.95105651629515398 45.364230592257897 112 0.15698159677082801  1 45.313224179521001 112.08750000000001 2.3873053156798698  0.95105651629515398 43.961007734981798 112.175 4.1616942900557099  1 42.608791290442703 112.2625 5.9360832644315504  0.95105651629515398 40.471865535768799 112.34999999999999 6.5767812153256697  1 38.334939781094903 112.4375 7.2174791662197997  0.95105651629515398 36.229537723136602 112.52500000000001 6.4797612529130699  1 34.1241356651784 112.6125 5.7420433396063402  0.95105651629515398 32.854449330091803 112.7 3.90769273087228  1 31.584762995005299 112.78749999999999 2.07334212213821  0.95105651629515398 31.635769407742199 112.875 -0.15698159677083001  1 31.686775820479099 112.96250000000001 -2.3873053156798698  0.95105651629515398 33.038992265018301 113.05 -4.1616942900557099  1 34.391208709557397 113.1375 -5.9360832644315504  0.95105651629515398 36.5281344642313 113.22499999999999 -6.5767812153256697  1 38.665060218905197 113.3125 -7.2174791662197997  0.95105651629515398 40.770462276863398 113.40000000000001 -6.4797612529130699  1 42.875864334821699 113.4875 -5.7420433396063402  0.95105651629515398 44.145550669908303 113.575 -3.90769273087228  1 45.4152370049948 113.66249999999999 -2.0733421221382198  0.95105651629515398 45.364230592257897 113.75 0.15698159677082801  1 45.313224179521001 113.83750000000001 2.3873053156798698  0.95105651629515398 43.961007734981798 113.925 4.1616942900557099  1 42.608791290442703 114.0125 5.9360832644315398  0.95105651629515398 40.471865535768799 114.09999999999999 6.5767812153256697  1 38.334939781094903 114.1875 7.2174791662197997  0.95105651629515398 36.229537723136602 114.27500000000001 6.4797612529130699  1 34.1241356651784 114.3625 5.7420433396063402  0.95105651629515398 32.854449330091803 114.45 3.90769273087228  1 31.584762995005299 114.53749999999999 2.07334212213821  0.95105651629515398 31.635769407742199 114.625 -0.15698159677083001  1 31.686775820479099 114.71250000000001 -2.3873053156798698  0.95105651629515398 33.038992265018301 114.8 -4.1616942900557099  1 34.391208709557397 114.8875 -5.9360832644315504  0.95105651629515398 36.5281344642313 114.97499999999999 -6.5767812153256697  1 38.665060218905197 115.0625 -7.2174791662197997  0.95105651629515398 40.770462276863398 115.15000000000001 -6.4797612529130699  1 42.875864334821699 115.2375 -5.7420433396063402  0.95105651629515398 44.145550669908303 115.325 -3.90769273087228  1 45.4152370049948 115.41249999999999 -2.0733421221382198  0.95105651629515398 45.364230592257897 115.5 0.15698159677082801  1 45.313224179521001 115.58750000000001 2.3873053156798698  0.95105651629515398 43.961007734981798 115.675 4.1616942900557099  1 42.608791290442703 115.7625 5.9360832644315398  0.95105651629515398 40.471865535768799 115.84999999999999 6.5767812153256697  1 38.334939781094903 115.9375 7.2174791662197997  0.95105651629515398 36.229537723136602 116.02500000000001 6.4797612529130699  1 34.1241356651784 116.1125 5.7420433396063402  0.95105651629515398 32.854449330091803 116.2 3.90769273087228  1 31.584762995005299 116.28749999999999 2.07334212213821  0.95105651629515398 31.635769407742199 116.375 -0.15698159677083001  1 31.686775820479099 116.46250000000001 -2.3873053156798698  0.95105651629515398 33.038992265018301 116.55 -4.1616942900557099  1 34.391208709557397 116.6375 -5.9360832644315504  0.95105651629515398 36.5281344642313 116.72499999999999 -6.5767812153256697  1 38.665060218905197 116.8125 -7.2174791662197997  0.95105651629515398 40.770462276863398 116.90000000000001 -6.4797612529130699  1 42.875864334821699 116.9875 -5.7420433396063402  0.95105651629515398 44.145550669908303 117.075 -3.90769273087228  1 45.4152370049948 117.16249999999999 -2.0733421221382198  0.95105651629515398 45.364230592257897 117.25 0.15698159677082801  1 45.313224179521001 117.33750000000001 2.3873053156798698  0.95105651629515398 43.961007734981798 117.425 4.1616942900557099  1 42.608791290442703 117.5125 5.9360832644315398  0.95105651629515398 40.471865535768799 117.59999999999999 6.5767812153256697  1 38.334939781094903 117.6875 7.2174791662197899  0.95105651629515398 36.229537723136602 117.77500000000001 6.4797612529130699  1 34.1241356651784 117.8625 5.7420433396063402  0.95105651629515398 32.854449330091803 117.95 3.90769273087228  1 31.584762995005299 118.03749999999999 2.07334212213821  0.95105651629515398 31.635769407742199 118.125 -0.15698159677083001  1
 0 3 0.00714285714285714 2 0.014285714285714299 2 0.021428571428571401 2 0.028571428571428598 2 0.035714285714285698 2 0.042857142857142899 2 0.050000000000000003 2 0.057142857142857099 2 0.064285714285714293 2 0.071428571428571397 2 0.078571428571428598 2 0.085714285714285701 2 0.092857142857142902 2 0.10000000000000001 2 0.107142857142857 2 0.114285714285714 2 0.121428571428571 2 0.128571428571429 2 0.13571428571428601 2 0.14285714285714299 2 0.14999999999999999 2 0.157142857142857 2 0.16428571428571401 2 0.17142857142857101 2 0.17857142857142899 2 0.185714285714286 2 0.192857142857143 2 0.20000000000000001 2 0.20714285714285699 2 0.214285714285714 2 0.221428571428571 2 0.22857142857142901 2 0.23571428571428599 2 0.24285714285714299 2 0.25 2 0.25714285714285701 2 0.26428571428571401 2 0.27142857142857102 2 0.27857142857142903 2 0.28571428571428598 2 0.29285714285714298 2 0.29999999999999999 2 0.307142857142857 2 0.314285714285714 2 0.32142857142857101 2 0.32857142857142901 2 0.33571428571428602 2 0.34285714285714303 2 0.34999999999999998 2 0.35714285714285698 2 0.36428571428571399 2 0.371428571428571 2 0.378571428571429 2 0.38571428571428601 2 0.39285714285714302 2 0.40000000000000002 2 0.40714285714285697 2 0.41428571428571398 2 0.42142857142857099 2 0.42857142857142899 2 0.435714285714286 2 0.442857142857143 2 0.45000000000000001 2 0.45714285714285702 2 0.46428571428571402 2 0.47142857142857097 2 0.47857142857142898 2 0.48571428571428599 2 0.49285714285714299 2 0.5 2 0.50714285714285701 2 0.51428571428571401 2 0.52142857142857102 2 0.52857142857142903 2 0.53571428571428603 2 0.54285714285714304 2 0.55000000000000004 2 0.55714285714285705 2 0.56428571428571395 2 0.57142857142857095 2 0.57857142857142896 2 0.58571428571428596 2 0.59285714285714297 2 0.59999999999999998 2 0.60714285714285698 2 0.61428571428571399 2 0.621428571428571 2 0.628571428571429 2 0.63571428571428601 2 0.64285714285714302 2 0.65000000000000002 2 0.65714285714285703 2 0.66428571428571404 2 0.67142857142857104 2 0.67857142857142905 2 0.68571428571428605 2 0.69285714285714295 2 0.69999999999999996 2 0.70714285714285696 2 0.71428571428571397 2 0.72142857142857097 2 0.72857142857142798 2 0.73571428571428599 2 0.74285714285714299 2 0.75 2 0.75714285714285701 2 0.76428571428571401 2 0.77142857142857102 2 0.77857142857142903 2 0.78571428571428603 2 0.79285714285714304 2 0.80000000000000004 2 0.80714285714285705 2 0.81428571428571395 2 0.82142857142857095 2 0.82857142857142896 2 0.83571428571428596 2 0.84285714285714297 2 0.84999999999999998 2 0.85714285714285698 2 0.86428571428571399 2 0.871428571428571 2 0.878571428571428 2 0.88571428571428601 2 0.89285714285714302 2 0.90000000000000002 2 0.90714285714285703 2 0.91428571428571404 2 0.92142857142857104 2 0.92857142857142905 2 0.93571428571428605 2 0.94285714285714295 2 0.94999999999999996 2 0.95714285714285696 2 0.96428571428571397 3
2 38.5 86.5 -2.0726890641904001e-16 1.6180944303219301e-17 1 -4.1274199144172697e-17 0.022863532762972712 -4.1633363423443389e-17 -0.99973859526858144 -0.99973859526858144 1.5233040523421365e-17 -0.022863532762972712 29.7459666924148
2 0 0 -11.889150471698599 0 0 1 -1 0 0 0 -1 0 62.5
2 62.299999999999997 7.6295495586880095e-15 -11.889150471698599 -1.22464679914737e-16 1 0 -1 -1.22464679914737e-16 0 0 0 1 0.19999999999999901
2 0 0 -12.0587501324996 0 0 -1 1 0 0 0 -1 0 62.405999788000599
2 -62.299999999999997 0 -11.889150471698599 0 -1 0 0 0 -1 1 0 0 0.20000000000000001
2 0 0 14.469599660801 0 0 -1 1 0 0 0 -1 0 58.548640542718402
2 -58.442640754717701 7.15715929339837e-15 14.300000000000001 1.22464679914737e-16 1 -0 -1 1.22464679914737e-16 0 0 0 1 0.19999999999999901
2 0 0 14.5 0 0 1 1 0 -0 -0 1 0 58.442640754717701
2 58.442640754717701 0 14.300000000000001 0 -1 0 0 0 -1 1 0 0 0.20000000000000001
2 50.200000000000003 0 14.699999999999999 0 -1 0 0 0 -1 1 0 0 0.20000000000000001
2 0 0 14.5 0 0 -1 1 0 0 0 -1 0 50.200000000000003
2 -50.200000000000003 6.1477269317197096e-15 14.699999999999999 1.22464679914737e-16 1 -0 -1 1.22464679914737e-16 0 0 0 1 0.19999999999999901
2 0 0 14.699999999999999 0 0 1 1 0 -0 -0 1 0 50
2 0 0 -14.469599660801 0 0 1 -1 0 0 0 -1 0 58.548640542718402
2 58.442640754717701 7.15715929339837e-15 -14.300000000000001 -1.22464679914737e-16 1 0 -1 -1.22464679914737e-16 0 0 0 1 0.19999999999999901
2 0 0 -14.5 0 0 -1 -1 0 0 0 1 0 58.442640754717701
2 -58.442640754717701 0 -14.300000000000001 0 -1 0 0 0 -1 1 0 0 0.20000000000000001
2 0 0 11.889150471698599 0 0 -1 1 0 0 0 -1 0 62.5
2 -62.299999999999997 7.6295495586880095e-15 11.889150471698599 1.22464679914737e-16 1 0 -1 1.22464679914737e-16 0 0 -0 1 0.19999999999999901
2 0 0 12.0587501324996 0 0 1 -1 0 0 0 -1 0 62.405999788000599
2 62.299999999999997 0 11.889150471698599 0 -1 0 0 0 -1 1 0 0 0.20000000000000001
2 -50.200000000000003 0 -14.699999999999999 0 -1 0 0 0 -1 1 0 0 0.20000000000000001
2 0 0 -14.5 0 0 1 -1 0 0 0 -1 0 50.200000000000003
2 50.200000000000003 6.1477269317197096e-15 -14.699999999999999 -1.22464679914737e-16 1 0 -1 -1.22464679914737e-16 0 0 0 1 0.19999999999999901
2 0 0 -14.699999999999999 0 0 -1 -1 0 0 0 1 0 50
2 0 0 -15.800000000000001 0 0 -1 1 0 0 0 -1 0 42.5
2 -42.700000000000003 5.2292418323592e-15 -15.800000000000001 1.22464679914737e-16 1 -0 -1 1.22464679914737e-16 0 0 0 1 0.19999999999999901
2 0 0 -16 0 0 1 1 0 -0 -0 1 0 42.700000000000003
2 42.700000000000003 0 -15.800000000000001 0 -1 0 0 0 -1 1 0 0 0.19999999999999901
2 0 0 16 0 0 -1 1 0 0 0 -1 0 42.700000000000003
2 -42.700000000000003 5.2292418323592e-15 15.800000000000001 1.22464679914737e-16 1 -0 -1 1.22464679914737e-16 0 0 0 1 0.19999999999999901
2 0 0 15.800000000000001 0 0 1 1 0 -0 -0 1 0 42.5
2 42.700000000000003 0 15.800000000000001 0 -1 0 0 0 -1 1 0 0 0.20000000000000001
1 -58.5 7.1641837750120204e-15 -14.5 -0.84799830400509069 1.0384984086822194e-16 0.52999894000317582 
1 58.5 0 -14.5 0.84799830400509069 0 0.52999894000317582 
1 58.5 7.1641837750120204e-15 14.5 0.84799830400509069 1.0384984086822194e-16 -0.52999894000317582 
1 -58.5 0 14.5 -0.84799830400509069 0 -0.52999894000317582 
1 4 0 -16 -0 -0 1 
2 0 0 4 0 0 1 1 0 -0 -0 1 0 4
1 -4 4.8985871965894099e-16 -16 -0 -0 1 
2 0 0 -4 0 0 -1 -1 0 0 0 1 0 4
1 -7.5 0 -4 -0 -0 -1 
2 0 0 -6 0 -0 1 1 0 0 -0 1 0 7.5
1 7.5 9.1848509936051499e-16 -4 -0 -0 -1 
2 0 0 -4 0 -0 1 1 0 0 -0 1 0 7.5
1 -42.5 0 -6 -0 -0 -1 
2 0 0 -15.800000000000001 0 0 -1 1 0 0 0 -1 0 42.5
1 42.5 5.2047488963762501e-15 -6 -0 -0 -1 
2 0 0 -6 0 -0 1 1 0 0 -0 1 0 42.5
2 0 0 -14.699999999999999 0 0 -1 -1 0 0 0 1 0 50
1 50 6.12323399573677e-15 -14.5 -0 -0 -1 
2 0 0 -16 0 -0 1 1 0 0 -0 1 0 50
1 -50 0 -14.5 -0 -0 -1 
1 7.5 0 4 -0 -0 1 
2 0 0 6 0 0 1 1 0 -0 -0 1 0 7.5
1 -7.5 9.1848509936051499e-16 4 -0 -0 1 
2 0 0 4 0 0 1 1 0 -0 -0 1 0 7.5
2 0 0 14.699999999999999 0 0 1 1 0 -0 -0 1 0 50
1 -50 6.12323399573677e-15 14.5 -0 -0 1 
2 0 0 16 0 0 1 1 0 -0 -0 1 0 50
1 50 0 14.5 -0 -0 1 
1 42.5 0 6 -0 -0 1 
2 0 0 15.800000000000001 0 0 1 1 0 -0 -0 1 0 42.5
1 -42.5 5.2047488963762501e-15 6 -0 -0 1 
2 0 0 6 0 0 1 1 0 -0 -0 1 0 42.5
1 62.5 7.6540424946709594e-15 16 -0 -0 -1 
1 -62.5 0 16 -0 -0 -1 
2 0 0 -6 0 -0 1 1 0 0 -0 1 0 42.5
2 0 0 -6 0 -0 1 1 0 0 -0 1 0 7.5
2 0 0 11.889150471698599 0 0 -1 1 0 0 0 -1 0 62.5
2 0 0 -11.889150471698599 0 0 1 -1 0 0 0 -1 0 62.5
2 0 0 16 0 0 1 1 0 -0 -0 1 0 50
2 0 0 16 0 0 -1 1 0 0 0 -1 0 42.700000000000003
2 0 0 6 0 0 1 1 0 -0 -0 1 0 42.5
2 0 0 6 0 0 1 1 0 -0 -0 1 0 7.5
2 0 0 14.5 0 0 1 1 0 -0 -0 1 0 58.442640754717701
2 0 0 14.5 0 0 -1 1 0 0 0 -1 0 50.200000000000003
2 0 0 4 0 0 1 1 0 -0 -0 1 0 7.5
2 0 0 4 0 0 1 1 0 -0 -0 1 0 4
2 0 0 -14.5 0 0 -1 -1 0 0 0 1 0 58.442640754717701
2 0 0 -14.5 0 0 1 -1 0 0 0 -1 0 50.200000000000003
2 0 0 -16 0 -0 1 1 0 0 -0 1 0 50
2 0 0 -16 0 0 1 1 0 -0 -0 1 0 42.700000000000003
2 0 0 -4 0 -0 1 1 0 0 -0 1 0 7.5
2 0 0 -4 0 0 -1 -1 0 0 0 1 0 4
2 0 0 14.469599660801 0 0 -1 1 0 0 0 -1 0 58.548640542718402
2 0 0 12.0587501324996 0 0 1 -1 0 0 0 -1 0 62.405999788000599
2 0 0 -14.469599660801 0 0 1 -1 0 0 0 -1 0 58.548640542718402
2 0 0 -12.0587501324996 0 0 -1 1 0 0 0 -1 0 62.405999788000599
1 0 -4 1.7763568394002501e-14 0 0 1 
2 0 0 20 0 0 -1 0 1 0 1 -0 0 4
1 4.8985871965894099e-16 4 1.7763568394002501e-14 0 0 1 
2 0 0 1.7763568394002501e-14 0 0 -1 0 1 0 1 -0 0 4
2 0 0 4.0000000000000204 0 0 -1 0 1 0 1 -0 0 7.5
1 9.1848509936051499e-16 -7.5 4.0000000000000204 0 0 -1 
2 0 0 1.7763568394002501e-14 0 0 -1 0 1 0 1 -0 0 7.5
1 0 7.5 4.0000000000000204 0 0 -1 
1 0 41.285279144617498 15.009238077562699 0 0.99630476897493914 -0.085888342153012012 
2 0 0 15.2062449003745 0 -0 1 0 1 0 -1 0 0 39
1 5.0559884956360797e-15 -41.285279144617498 15.009238077562699 1.2201214463004001e-16 -0.99630476897493914 -0.085888342153012012 
2 0 0 17.5 0 -0 1 0 1 0 -1 0 0 12.3924408443442
1 0 -39 15 -0 -0 1 
1 4.7761225166746802e-15 39 15 -0 -0 1 
2 0 0 15 0 0 -1 0 1 0 1 -0 0 39
2 0 0 20 0 0 1 0 -1 0 1 0 -0 12.5
1 5.0822842164615197e-15 -41.5 17.5 1.2201214463004001e-16 -0.99630476897493914 -0.085888342153012012 
2 0 0 17.5 0 0 1 0 -1 0 1 0 -0 41.5
1 0 41.5 17.5 0 0.99630476897493914 -0.085888342153012012 
2 0 0 15 0 0 -1 0 1 0 1 -0 0 41.5
1 5.0822842164615197e-15 41.5 15 -0 -0 1 
1 0 -41.5 15 -0 -0 1 
2 0 0 17.5 0 0 -1 0 1 0 1 -0 0 8.9000000000000004
1 1.08993565124114e-15 -8.9000000000000004 42.673001410241099 0 0 -1 
2 0 0 4.0000000000000204 0 -0 1 0 1 0 -1 0 0 8.9000000000000004
1 0 8.9000000000000004 42.673001410241099 0 0 -1 
2 0 0 20 0 0 1 0 -1 0 1 0 -0 12.5
2 0 0 20 0 0 -1 0 1 0 1 -0 0 4
2 0 0 1.7763568394002501e-14 0 0 -1 0 1 0 1 -0 0 7.5
2 0 0 1.7763568394002501e-14 0 0 -1 0 1 0 1 -0 0 4
2 0 0 17.5 0 0 -1 0 1 0 1 -0 0 8.9000000000000004
2 0 0 4.0000000000000204 0 -0 1 0 1 0 -1 0 0 8.9000000000000004
2 0 0 15 0 0 -1 0 1 0 1 -0 0 41.5
2 0 0 17.5 0 0 1 0 -1 0 1 0 -0 41.5
2 0 0 15 0 0 -1 0 1 0 1 -0 0 39
2 0 0 15.2062449003745 0 -0 1 0 1 0 -1 0 0 39
2 0 0 17.5 0 -0 1 0 1 0 -1 0 0 12.3924408443442
2 0 0 4.0000000000000204 0 0 -1 0 1 0 1 -0 0 7.5
1 0 4 -3.5527136788005001e-15 0 0 -1 
2 0 0 -20 0 0 1 0 -1 0 1 0 -0 4
1 4.8985871965894099e-16 -4 -3.5527136788005001e-15 0 0 -1 
2 0 0 -3.5527136788005001e-15 0 0 1 0 -1 0 1 0 -0 4
2 0 0 -4 0 0 1 0 -1 0 1 0 -0 7.5
1 9.1848509936051499e-16 7.5 -4 0 0 1 
2 0 0 -3.5527136788005001e-15 0 0 1 0 -1 0 1 0 -0 7.5
1 0 -7.5 -4 0 0 1 
1 0 -41.285279144617498 -15.009238077562699 0 -0.99630476897493914 0.085888342153012012 
2 0 0 -15.2062449003745 0 0 -1 0 -1 0 -1 -0 -0 39
1 5.0559884956360797e-15 41.285279144617498 -15.009238077562699 1.2201214463004001e-16 0.99630476897493914 0.085888342153012012 
2 0 0 -17.5 0 0 -1 0 -1 0 -1 -0 -0 12.3924408443442
1 0 39 -15 -0 0 -1 
1 4.7761225166746802e-15 -39 -15 -0 0 -1 
2 0 0 -15 0 0 1 0 -1 0 1 0 -0 39
2 0 0 -20 0 0 -1 0 1 0 1 -0 0 12.5
1 5.0822842164615197e-15 41.5 -17.5 1.2201214463004001e-16 0.99630476897493914 0.085888342153012012 
2 0 0 -17.5 0 0 -1 0 1 0 1 -0 0 41.5
1 0 -41.5 -17.5 0 -0.99630476897493914 0.085888342153012012 
2 0 0 -15 0 0 1 0 -1 0 1 0 -0 41.5
1 5.0822842164615197e-15 -41.5 -15 -0 0 -1 
1 0 41.5 -15 -0 0 -1 
2 0 0 -17.5 0 0 1 0 -1 0 1 0 -0 8.9000000000000004
1 1.08993565124114e-15 8.9000000000000004 -42.673001410241099 0 0 1 
2 0 0 -4.0000000000000098 0 0 -1 0 -1 0 -1 -0 -0 8.9000000000000004
1 0 -8.9000000000000004 -42.673001410241099 0 0 1 
2 0 0 -20 0 0 -1 0 1 0 1 -0 0 12.5
2 0 0 -20 0 0 1 0 -1 0 1 0 -0 4
2 0 0 -3.5527136788005001e-15 0 0 1 0 -1 0 1 0 -0 7.5
2 0 0 -3.5527136788005001e-15 0 0 1 0 -1 0 1 0 -0 4
2 0 0 -17.5 0 0 1 0 -1 0 1 0 -0 8.9000000000000004
2 0 0 -4.0000000000000098 0 0 -1 0 -1 0 -1 -0 -0 8.9000000000000004
2 0 0 -15 0 0 1 0 -1 0 1 0 -0 41.5
2 0 0 -17.5 0 0 -1 0 1 0 1 -0 0 41.5
2 0 0 -15 0 0 1 0 -1 0 1 0 -0 39
2 0 0 -15.2062449003745 0 0 -1 0 -1 0 -1 -0 -0 39
2 0 0 -17.5 0 0 -1 0 -1 0 -1 -0 -0 12.3924408443442
2 0 0 -4 0 0 1 0 -1 0 1 0 -0 7.5
2 14.823052952328201 79.709430881311704 -20.010051936507899 -0.64522935928433234 -0.028171322218613615 0.76346935139662631 0.76377248540877185 1.0408340855860843e-17 0.64548554633896149 -0.018184181313372738 0.99960310954120934 0.021516480788161867 1
7 1 0  3 4 2  15.586825437737 79.709430881311704 -19.3645663901689  1 10.962262736496299 79.500787687633405 -13.892540303313  0.95939198969226303 8.5000000000000409 79.389699484443994 -7.1644713463686402  0.95939198969226303 8.5000000000000409 79.389699484443994 0  1
 5.5815264734222101 4 6.2831853071795898 4
2 7.50000000000004 79.389699484443994 0 0 0 1 1 0 -0 -0 1 0 1
7 1 0  3 4 2  7.5436193873653901 78.390651262862207 0  1 7.5436193873653803 78.390651262862207 -7.4032870579142598  0.95939198969226303 10.0879575484116 78.501739466051603 -14.3556249800901  0.95939198969226303 14.866672339693499 78.710382659729802 -20.010051936507899  1
 0 4 0.70165883375737303 4
1 38.5 -14 5 0 1 0 
2 38.5 84 0 0 1 0 0 -0 1 1 0 -0 5
1 38.5 -14 -5 0 1 0 
2 38.5 81.5 0 0 1 0 0 -0 1 1 0 -0 5
2 38.5 80.5 0 0 -1 0 0 0 1 -1 0 0 30
2 38.5 80.5 -26.5 1 0 1.22464679914735e-16 1.22464679914735e-16 0 -1 -0 1 0 3.5
2 38.5 84 0 0 1 0 0 -0 1 1 0 -0 26.5
2 38.5 80.5 26.5 -1 0 0 0 0 1 0 1 -0 3.5
1 4.00000000000004 0 -30 0 0 1 
2 3.5527136788005003e-14 0 23 0 0 1 1 0 -0 -0 1 0 4
1 -3.99999999999996 0 -30 0 0 1 
2 3.5527136788005003e-14 0 20.5 0 0 1 1 0 -0 -0 1 0 4
1 4.00000000000004 0 -30 0 0 1 
2 3.5527136788005003e-14 0 -20.5 0 0 1 1 0 -0 -0 1 0 4
1 -3.99999999999996 0 -30 0 0 1 
2 3.5527136788005003e-14 0 -23 0 0 1 1 0 -0 -0 1 0 4
1 38.5 84 -27.5 -0 -1 -0 
7 1 0  3 4 2  38.5 20 -27.5  1 33.087063801414203 10.7980084624041 -27.5  0.97195930935913 27.901801306933301 1.9830622217865299 -25.946638756344498  0.97195930935913 23.3804075410557 -5.7033071802053996 -22.970588235294102  1
 4.7123889803846897 4 5.2945177884913202 4
1 23.3804075410557 84 -22.970588235294102 -0 -1 -0 
7 0 0  3 10 5  19.8745295355229 76.426648713942697 -20.232198347606399  20.154951108658999 76.438892184237702 -20.490350409894202  20.4376866431396 76.413169063321405 -20.739900283372201  21.009936546844798 76.320746103791194 -21.2247098441944  21.299983843688 76.253120264055994 -21.460358855057201  21.884999436039301 76.094003892171898 -21.916416546160299  22.179512754428501 76.002549797688303 -22.136526766447101  22.774793417915198 75.808496531211006 -22.563288748878101  23.0767471273304 75.705394725287306 -22.770714307190499  23.3804075410557 75.602770901428599 -22.970588235294102 
 0 4 0.0011332333420013101 2 0.0022664666840026102 2 0.0033997000260039198 2 0.0045329333680052299 4
7 1 0  3 4 2  19.8745295355229 76.426648713942697 -20.232198347606399  1 7.2309495626534597 75.874618090587902 -8.5927006863058892  0.784859890047931 7.2309495626534597 75.874618090587902 8.5927006863058804  0.784859890047931 19.8745295355229 76.426648713942697 20.232198347606399  1
 5.4564616301198603 4 7.1099089842393202 4
7 0 0  3 8 4  23.3804075410557 75.602770901428599 22.970588235294102  22.771338835215001 75.808609254968204 22.569689898800601  22.177477695257199 76.014454895495703 22.1444233199012  21.299965607263299 76.253124646280199 21.460344161467301  21.00992211486 76.3207489636915 21.2246978695023  20.437679551990598 76.413169679560397 20.739894023676701  20.154947592973599 76.438892030739495 20.4903471734048  19.8745295355229 76.426648713942697 20.232198347606399 
 -1.9717199857599899e-05 4 0.0022532724090585498 2 0.0033897672135166299 2 0.0045262620179747099 4
1 23.3804075410557 84 22.970588235294102 0 1 0 
7 1 0  3 4 2  23.3804075410557 -5.7033071802054103 22.970588235294102  1 27.901801306933301 1.9830622217865199 25.946638756344498  0.97195930935913 33.087063801414203 10.7980084624041 27.5  0.97195930935913 38.5 20 27.5  1
 0.98866751868826197 4 1.5707963267949001 4
1 38.5 84 27.5 -0 -1 -0 
2 38.5 81.5 0 0 1 0 0 -0 1 1 0 -0 27.5
1 38.5 84 30 -0 -1 -0 
7 1 0  3 4 2  38.5 20 30  1 98.500000000000099 122 30  0.33333333333333298 98.500000000000099 122 -30  0.33333333333333298 38.5 20 -30  1
 1.5707963267949001 4 4.7123889803846897 4
1 38.5 84 -30 -0 -1 -0 
2 14.396058413612099 -14 -38 0 1 0 0 -0 1 1 0 -0 15
1 16.212215782749201 -14 0 0 0 1 
2 15.1333571089042 -14 -35.5 0 -1 0 -3.19189119579732e-14 0 1 -1 -0 -3.19189119579732e-14 15
1 38.5 -14 -20.5 1 0 0 
1 -9.4999999999999396 -14 0 0 0 -1 
1 -13.5 -14 -23 1 0 0 
2 38.5 80.5 0 0 -1 0 0 0 1 -1 0 0 30
7 1 0  3 4 2  38.5 20 -30  1 32.770723377664503 10.2602297420295 -30  0.97354934626168599 27.268761423491501 0.90689441993550601 -28.402181089711899  0.97354934626168599 22.430705609074799 -7.3178004645729304 -25.3333333333333  1
 4.7123889803846897 4 5.2776581644036904 4
1 22.430705609074799 84 -25.3333333333333 0 1 0 
7 0 0  3 12 6  22.430705609074799 76.107937483470707 -25.3333333333333  21.834621012855202 76.543509865393602 -24.955228378390601  21.250465649916599 76.978556884223394 -24.555444247702098  20.094672832153101 77.804865579143794 -23.701481163446999  19.524821578223001 78.1952340989737 -23.2487319220036  18.6724808933151 78.710958399222093 -22.5168763176402  18.388780666152901 78.871155150087503 -22.2640748923316  17.8203979377252 79.160077425801106 -21.737162474698  17.534214938723299 79.289418064897802 -21.461543502738401  16.6818982178055 79.609380370792806 -20.606271027144601  16.1283665912425 79.733863218610395 -20.005346396956  15.586825437737 79.709430881311704 -19.3645663901689 
 -1.9119723856753899e-05 4 0.0024692595065785102 2 0.0049576387370137602 2 0.0062018283522313903 2 0.0074460179674490203 2 0.0099343971978842708 4
7 1 0  3 4 2  8.5000000000000409 79.389699484443994 0  1 8.5000000000000409 79.389699484443994 7.1644713463686402  0.95939198969226303 10.962262736496299 79.500787687633405 13.892540303313  0.95939198969226303 15.586825437737 79.709430881311704 19.3645663901689  1
 0 4 0.70165883375737204 4
7 0 0  3 14 7  15.586825437737 79.709430881311704 19.3645663901689  16.128370452357601 79.733863392809596 20.005350965630701  16.681906113665701 79.609378653514796 20.606279604877201  17.5342292215051 79.289412079651797 21.461557507795899  17.8204141693775 79.160069863383598 21.737177960055199  18.388800906926502 78.871144172670995 22.264093218273  18.672503153069101 78.710945589754104 22.516895957921498  19.5248499836026 78.195215593289902 23.248755257752801  20.094705449861198 77.804843009049605 23.701506636183701  20.961556761001098 77.1851055755359 24.341981838544299  21.2523586252134 76.972830540236401 24.548823634891001  21.837743915085799 76.543268938896802 24.949851643065401  22.133763355066801 76.324919847554298 25.144978629513901  22.430705609074799 76.107937483470707 25.3333333333333 
 0 4 0.0024791948733905501 2 0.0037187923100858301 2 0.0049583897467810802 2 0.0074375846201716299 2 0.0086771820568669004 2 0.0099167794935621605 4
1 22.430705609074799 84 25.3333333333333 -0 -1 -0 
7 1 0  3 4 2  22.430705609074799 -7.3178004645729304 25.3333333333333  1 27.268761423491501 0.90689441993548103 28.402181089711899  0.97354934626168599 32.770723377664503 10.2602297420295 30  0.97354934626168599 38.5 20 30  1
 1.0055271427759001 4 1.5707963267949001 4
2 38.5 84 0 0 1 0 0 -0 1 1 0 -0 26.5
2 38.5 84 0 0 1 0 0 -0 1 1 0 -0 5
2 15.1333571089042 -14 35.5 0 -1 0 0 0 1 -1 0 0 15
1 16.212215782749201 -14 0 0 0 1 
2 14.396058413612099 -14 38 0 1 0 0 -0 1 1 0 -0 15
1 -13.5 -14 23 1 0 0 
1 -9.4999999999999396 -14 0 0 0 -1 
1 38.5 -14 20.5 1 0 0 
1 -13.5 79 23 2.2383528722281401e-16 -1 0 
2 -9.4999999999999396 -10 23 0 0 1 1 0 -0 -0 1 0 4
1 14.396058413612099 -14 23 0 1 0 
1 34.545771058109104 76.5667326098758 23 -0.99904822158185747 -0.043619387365343223 0 
2 3.5527136788005003e-14 0 23 0 0 1 1 0 -0 -0 1 0 4
2 -9.4999999999999396 -10 -23 0 0 -1 1 0 0 0 -1 0 4
1 -13.5 79 -23 2.2383528722281401e-16 -1 0 
1 14.526916575708199 75.692690547225695 -23 0.99904822158185747 0.043619387365343223 0 
1 14.396058413612099 -12.744312483239 -23 0 -1 0 
2 3.5527136788005003e-14 0 -23 0 0 1 1 0 -0 -0 1 0 4
1 -13.5 79 20.5 2.2383528722281401e-16 -1 0 
1 -13.5 -9.9999999999999893 23 0 0 1 
7 1 0  3 4 2  -13.5 74.469008942711895 23  1 -13.5 76.228042465736607 23  0.80473785412436505 -13.5 77.471866998201804 21.757359312880698  0.80473785412436505 -13.5 77.471866998201804 20  1
 4.7123889803846897 4 6.2831853071795898 4
1 -13.5 77.471866998201804 23 0 0 -1 
7 1 0  3 4 2  -13.5 77.471866998201804 -20  1 -13.5 77.471866998201804 -21.757359312880698  0.80473785412436605 -13.5 76.228042465736607 -23  0.80473785412436605 -13.5 74.469008942711895 -23  1
 -8.8817841970012504e-16 4 1.5707963267948899 4
1 -13.5 -9.9999999999999893 23 0 0 1 
1 -13.5 79 -20.5 2.2383528722281401e-16 -1 0 
7 1 0  3 4 2  -13.5 73.968532600130203 -20.5  1 -13.5 74.554877107805098 -20.5  0.80473785412436505 -13.5 74.969485285293501 -20.085786437626901  0.80473785412436505 -13.5 74.969485285293501 -19.5  1
 1.5707963267949001 4 3.14159265358979 4
1 -13.5 74.969485285293501 23 -0 -0 -1 
7 1 0  3 4 2  -13.5 74.969485285293501 19.5  1 -13.5 74.969485285293501 20.085786437626901  0.80473785412436805 -13.5 74.554877107805098 20.5  0.80473785412436805 -13.5 73.968532600130203 20.5  1
 3.14159265358979 4 4.7123889803846799 4
7 1 0  3 4 2  14.2652002515161 78.684121821226896 20  1 14.4657376100044 78.692877471386794 20  0.99990692001590298 14.666246969471599 78.701631899083196 20.003350957409701  0.99990692001590298 14.866672339693499 78.710382659729802 20.010051936507899  1
 1.5707963267949001 4 1.6042176643171899 4
7 1 0  3 4 2  14.866672339693499 78.710382659729802 20.010051936507899  1 10.0879575484116 78.501739466051603 14.3556249800902  0.95939198969226303 7.5436193873653803 78.390651262862207 7.4032870579142598  0.95939198969226303 7.5436193873653901 78.390651262862207 0  1
 5.5815264734222101 4 6.2831853071795898 4
7 1 0  3 4 2  14.866672339693499 78.710382659729802 -20.010051936507899  1 14.666246969471599 78.701631899083196 -20.003350957409701  0.99990692001590298 14.465737610004499 78.692877471386794 -20  0.99990692001590298 14.2652002515161 78.684121821226896 -20  1
 4.6789676428623999 4 4.7123889803846897 4
1 -13.5 77.471866998201804 -20 -0.99904822158185747 -0.043619387365343223 0 
1 -13.5 77.471866998201804 20 0.99904822158185747 0.043619387365343223 0 
7 1 0  3 4 2  38.5 20 27.5  1 93.500000000000099 113.5 27.5  0.33333333333333298 93.500000000000099 113.5 -27.5  0.33333333333333298 38.5 20 -27.5  1
 1.5707963267949001 4 4.7123889803846897 4
2 38.5 81.5 0 0 1 0 0 -0 1 1 0 -0 27.5
2 38.5 81.5 0 0 1 0 0 -0 1 1 0 -0 5
2 -9.4999999999999396 -10 20.5 0 0 -1 1 0 0 0 -1 0 4
1 15.176976496269599 75.220596433722804 20.5 0.99904822158185747 0.043619387365343223 0 
1 15.1333571089042 -11.1615147256997 20.5 0 -1 0 
2 3.5527136788005003e-14 0 20.5 0 0 1 1 0 -0 -0 1 0 4
2 -9.4999999999999396 -10 -20.5 0 0 1 1 0 -0 -0 1 0 4
1 15.1333571089042 -14 -20.5 0 1 0 
1 34.567580751791802 76.067208499084799 -20.5 -0.99904822158185747 -0.043619387365343223 0 
2 3.5527136788005003e-14 0 -20.5 0 0 1 1 0 -0 -0 1 0 4
1 -13.3909515315866 74.9742464442472 -19.5 0.99904822158185747 0.043619387365343223 0 
7 1 0  3 4 2  15.089737721538899 76.217740191723195 -19.5  1 16.715707658243499 76.288731572300605 -19.5  0.99232879837835997 18.322967880125301 76.358906069087297 -19.7459528699234  0.99232879837835997 19.8745295355229 76.426648713942697 -20.232198347606399  1
 1.5707963267949001 4 1.87449272978676 4
7 1 0  3 4 2  19.8745295355229 76.426648713942697 20.232198347606399  1 18.322967880125301 76.358906069087297 19.7459528699234  0.99232879837835997 16.715707658243499 76.288731572300605 19.5  0.99232879837835997 15.089737721538899 76.217740191723195 19.5  1
 4.4086925773928298 4 4.7123889803846897 4
1 -13.5 74.969485285293501 19.5 -0.99904822158185747 -0.043619387365343223 0 
7 1 0  3 4 2  22.430705609074799 -7.3178004645729304 25.3333333333333  1 21.556376519064301 -8.8041599175906899 24.778733930362499  0.99644244851658403 20.6294947676164 -10.379858895052299 24.3172991308005  0.99644244851658403 19.659952643380301 -12.0280805062536 23.9539536688144  1
 4.1471197963656898 4 4.35382886835212 4
1 19.659952643380301 -12.0280805062536 -30 -0 -0 -1 
7 1 0  3 4 2  19.659952643380301 -12.0280805062536 21.199303063582501  1 20.977774105485999 -9.7877840206738504 21.616432716222999  0.99368145110109496 22.2258115234978 -7.6661204100537299 22.210615479638999  0.99368145110109496 23.3804075410557 -5.7033071802054103 22.970588235294102  1
 1.8773481717727301 4 2.1529251349015301 4
7 1 0  3 4 2  23.3804075410557 -5.7033071802053996 -22.970588235294102  1 22.2258115234978 -7.6661204100537299 -22.210615479638999  0.99368145110109496 20.977774105485999 -9.7877840206738504 -21.616432716222999  0.99368145110109496 19.659952643380301 -12.0280805062536 -21.199303063582501  1
 4.1302601722780601 4 4.40583713540686 4
1 19.659952643380301 -12.0280805062536 -30 -0 -0 -1 
7 1 0  3 4 2  19.659952643380301 -12.0280805062536 -23.9539536688144  1 20.6294947676164 -10.379858895052299 -24.3172991308005  0.99644244851658403 21.556376519064301 -8.8041599175906899 -24.778733930362499  0.99644244851658403 22.430705609074799 -7.3178004645729304 -25.3333333333333  1
 1.92935643882747 4 2.1360655108138999 4
7 0 0  3 12 6  16.212215782749201 -14 -20.538848173958399  16.5659207711589 -14 -20.564354077458599  16.910469432960799 -13.9539084234149 -20.6017779084507  17.4143993297691 -13.819030271478701 -20.673482073932799  17.581229888131201 -13.7624351133041 -20.700187994214399  17.901946726363601 -13.629728218579199 -20.756817572858601  18.0566148820966 -13.553562228977899 -20.786815589626499  18.5041764762539 -13.2962655219198 -20.8804752881139  18.783735900715101 -13.083013931220901 -20.948765687283  19.2711505674127 -12.6001170359008 -21.0797936685351  19.482476611463799 -12.329789760511501 -21.143126625670298  19.659952643380301 -12.0280805062536 -21.199303063582501 
 0 4 0.00104825511684154 2 0.00157238267526231 2 0.00209651023368308 2 0.0031447653505246201 2 0.0041930204673661601 4
7 1 0  3 4 2  23.3804075410557 75.602770901428599 -22.970588235294102  1 20.914192759667898 75.487915154473598 -21.347287951084802  0.97195930935913 18.085867762678301 75.356195329171996 -20.5  0.97195930935913 15.1333571089042 75.218691970141293 -20.5  1
 4.1302601722780601 4 4.7123889803846897 4
7 0 0  3 14 7  19.659952643380301 -12.0280805062536 21.199303063582501  19.4824997354979 -12.3297504496537 21.143133945114201  19.270823516561698 -12.6006857536624 21.079679756984799  18.903595174286199 -12.964142183747301 20.980999656424501  18.771743489752499 -13.078750205615201 20.9472626746422  18.496580365941199 -13.2880941839539 20.881219324426201  18.353256272084899 -13.383117719337299 20.848875980902601  18.055169762197401 -13.554301690839599 20.786530101193701  17.900408436393899 -13.630462845178 20.756524334269599  17.578891670449899 -13.7633033260707 20.699797012769299  17.4124557300741 -13.819618530321099 20.673188660073901  16.909942101415702 -13.9539125657437 20.601736815873299  16.565919708780001 -14 20.5643540008498  16.212215782749201 -14 20.538848173958399 
 5.2222092010065104e-18 4 0.0010480884355842999 2 0.0015721326533764499 2 0.0020961768711685999 2 0.0026202210889607501 2 0.0031442653067528898 2 0.0041923537423371997 4
7 1 0  3 4 2  15.1333571089042 75.218691970141293 20.5  1 18.085867762678301 75.356195329171996 20.5  0.97195930935913 20.914192759667898 75.487915154473598 21.347287951084802  0.97195930935913 23.3804075410557 75.602770901428599 22.970588235294102  1
 1.5707963267949001 4 2.1529251349015301 4
7 1 0  3 4 2  14.396058413612099 75.686977156481305 -23  1 17.260696724779901 75.837064528190297 -23  0.97354934626168599 20.0116777018664 75.981197036249796 -23.798909455143999  0.97354934626168599 22.430705609074799 76.107937483470707 -25.3333333333333  1
 1.5707963267949001 4 2.1360655108138999 4
7 0 0  3 14 7  19.659952643380301 -12.0280805062536 -23.9539536688144  19.482045066386199 -12.330523387143501 -23.8872810517739  19.270107094336002 -12.6014968380079 -23.811630382112099  18.903053854011301 -12.964626745841301 -23.692535590147799  18.771367520249001 -13.079052299015 -23.651578520424099  18.496484792435201 -13.288150812691899 -23.5706191315765  18.353351489786299 -13.383044545938599 -23.530601141720599  18.055722057065001 -13.554002973030901 -23.452473274556201  17.901226949045601 -13.6300679682706 -23.414360148527798  17.580296402777901 -13.7627792376434 -23.340950755011399  17.413940912446702 -13.819153650914499 -23.3057322760367  16.911342176633202 -13.9536734655173 -23.208454358228501  16.566876323127499 -14 -23.153613062735101  16.212215782749201 -14 -23.110353516267399 
 0 4 0.00105588985776467 2 0.001583834786647 2 0.00211177971552934 2 0.0026397246444116698 2 0.00316766957329401 2 0.0042235594310586801 4
7 1 0  3 4 2  22.430705609074799 76.107937483470707 25.3333333333333  1 20.0116777018664 75.981197036249796 23.798909455143999  0.97354934626168599 17.260696724779901 75.837064528190297 23  0.97354934626168599 14.396058413612099 75.686977156481305 23  1
 4.1471197963656898 4 4.7123889803846897 4
7 0 0  3 12 6  16.212215782749201 -14 23.110353516267399  16.566873294263601 -14 23.153612693290899  16.911700478871701 -13.9536709639868 23.208499985396699  17.415268555180401 -13.8187514006074 23.306001155516601  17.5818818292414 -13.7621903932893 23.341298240654702  17.902282806685999 -13.629564035648601 23.414616953593001  18.056734379038801 -13.5534863346646 23.452726553991599  18.503559786821899 -13.296634433149 23.570055945491099  18.782648609157501 -13.083930678148199 23.653448017316599  19.2703532705595 -12.6010667904439 23.811731008222701  19.482023364459501 -12.330560280419 23.887272918763099  19.659952643380301 -12.0280805062536 23.9539536688144 
 9.3598090954053995e-20 4 0.0010560280297373301 2 0.001584042044606 2 0.0021120560594746602 2 0.003168084089212 2 0.0042241121189493204 4
2 14.396058413612099 75.686977156481305 -20 0.99904822158185747 0.043619387365342918 0 -0.043619387365342918 0.99904822158185747 0 0 -0 1 3
7 0 0  3 12 6  14.866672339693499 78.710382659729802 -20.010051936507899  15.1707908953718 78.723660762626693 -20.279991648858601  15.478656900537301 78.703931803810306 -20.5398182242131  16.1011367912267 78.619596990261797 -21.043677025931402  16.415734176071499 78.554763256005103 -21.287691843628501  17.367736021435601 78.311646203212803 -22.001513286300298  18.003802841131201 78.0884890163682 -22.446460877914099  19.2720056678953 77.586132413478893 -23.303813398317399  19.905186737541602 77.305572296725103 -23.716915128442398  21.169513217811499 76.719707240608201 -24.531857375492599  21.801552819632398 76.413499103868602 -24.934252752132501  22.430705609074799 76.107937483470707 -25.3333333333333 
 4.9065389333867997e-18 4 0.0012079112154499601 2 0.0024158224308999201 2 0.0048316448617998298 2 0.0072474672926997503 2 0.0096632897235996596 4
2 14.396058413612099 75.686977156481305 20 0.99904822158185747 0.043619387365342918 -2.0178020072103009e-16 -0.043619387365342918 0.99904822158185747 -1.5407439555097887e-33 2.0158815068077535e-16 8.8015287379072599e-18 1 3
7 0 0  3 12 6  22.430705609074799 76.107937483470707 25.3333333333333  21.799993565102099 76.414256389440098 24.933263694760999  21.169479850895701 76.719723128623002 24.531836043370401  19.9051599906714 77.305584264285102 23.716897713235301  19.271982237066801 77.586142339668996 23.303797885956499  18.0037860732327 78.088495013553697 22.446449214422302  17.3677224946703 78.311650321810504 22.001503487807099  16.415725851466 78.554765049786695 21.287685429731699  16.1011301788933 78.619598123336601 21.043671786133  15.478653647375699 78.703932007328703 20.539815478504298  15.1707892887441 78.723660692479896 20.2799902227943  14.866672339693499 78.710382659729802 20.010051936507899 
 -2.0605666672577901e-05 4 0.0024012039935941802 2 0.0048230136538609403 2 0.0072448233141276996 2 0.0084557281442610693 2 0.0096666329743944502 4
2 14.823052952328201 79.709430881311704 20.010051936507899 0.645229359284334 0.028171322218613695 0.76346935139662486 0.76377248540877041 3.4694469519536142e-18 -0.64548554633896316 -0.018184181313372835 0.99960310954120946 -0.021516480788161894 1
2 15.1333571089042 75.218691970141293 -19.5 -0.99904822158185747 -0.043619387365343119 0 0.043619387365343119 -0.99904822158185747 0 0 0 1 0.999999999999995
2 15.1333571089042 75.218691970141293 19.5 -0.99904822158185747 -0.043619387365343119 0 0.043619387365343119 -0.99904822158185747 0 0 0 1 0.999999999999995
Polygon3D 0
PolygonOnTriangulations 0
Surfaces 211
5 2.7755575615628901e-14 0 -12.5620950460362 0 0 1 -0.66062915861677596 -0.75071240484308699 0 0.75071240484308699 -0.66062915861677596 0 1.60360211733349 15.825120832034999
1 2.7755575615628901e-14 0 -28 0 0 1 -0.66062915861677596 -0.75071240484308699 0 0.75071240484308699 -0.66062915861677596 0 
5 2.7755575615628901e-14 0 -12.5620950460362 0 0 1 -0.66062915861677596 -0.75071240484308699 0 0.75071240484308699 -0.66062915861677596 0 1.60360211733349 15.825120832034999
1 7.9248877918350198 -1.5904360471764001 -23.5 -0.94747783626441096 -0.31982143422183301 -0 0 0 -1 0.31982143422183301 -0.94747783626441096 0 
1 2.58508587596826 -7.6583721734584698 -23.5 -0.75071240484308699 0.66062915861677596 0 0 0 -1 -0.66062915861677596 -0.75071240484308699 -0 
1 -5.3398019158667402 -6.0679361262820697 -23.5 0.19676543142132305 0.98045059283860936 0 0.98045059283860936 -0.19676543142132305 0 0 0 -1 
2 2.7755575615628901e-14 0 32 0 -0 1 0.66062915861677596 0.75071240484308699 0 -0.75071240484308699 0.66062915861677596 0 4
1 2.7755575615628901e-14 0 32 0 0 1 -0.66062915861677596 -0.75071240484308699 0 0.75071240484308699 -0.66062915861677596 0 
2 2.7755575615628901e-14 0 32 0 -0 1 0.66062915861677596 0.75071240484308699 0 -0.75071240484308699 0.66062915861677596 0 4
1 2.7755575615628901e-14 0 -23.5 0 0 1 -0.66062915861677596 -0.75071240484308699 0 0.75071240484308699 -0.66062915861677596 0 
1 -7.9248877918349603 1.5904360471763901 -23.5 0.94747783626441062 0.3198214342218339 -0 0 0 1 0.3198214342218339 -0.94747783626441062 0 
1 5.33980191586679 6.0679361262820697 -23.5 -0.19676543142132305 -0.98045059283860936 -0 0 0 -1 0.98045059283860936 -0.19676543142132305 0 
1 -2.5850858759682001 7.65837217345846 -23.5 0.75071240484308699 -0.66062915861677596 1.23259516440783e-32 -0.66062915861677596 -0.75071240484308699 1.0730818562408302e-16 -7.0890916381530747e-17 -8.0557586089203733e-17 -1 
5 2.7755575615628901e-14 0 30.5 0 0 1 0 -1 0 1 0 -0 5.7000000000000002 0.5
2 2.7755575615628901e-14 0 28.5 0 0 -1 0 -1 0 -1 -0 -0 6.2000000000000002
5 2.7755575615628901e-14 0 30.5 0 0 1 0 -1 0 1 0 -0 5.7000000000000002 0.5
1 2.7755575615628901e-14 0 31 0 0 1 1 0 -0 -0 1 0 
5 2.7755575615628901e-14 0 26.192521789935 0 0 1 0 -1 0 1 0 -0 5.0826052355621698 2.6521604325002399
1 3.6950417228136199 6.4000000000000101 31 4.36532434820077e-44 -1 1.23977919813287e-29 1 1.3441713000180066e-58 -3.5210498407902102e-15 3.5210498407902102e-15 1.23977919813287e-29 1 
5 2.7755575615628901e-14 0 26.192521789935 0 0 1 0 -1 0 1 0 -0 5.0826052355621698 2.6521604325002399
1 2.7755575615628901e-14 -1.3010426069826101e-14 28.5 0 0 1 1 0 -0 -0 1 0 
1 -3.6950417228135199 -6.4000000000000403 31 -1.0445781194344299e-14 1 0 -1 -1.0445781194344299e-14 0 0 0 1 
1 3.69504172281371 -6.3999999999999604 31 -0.86602540378444137 0.49999999999999523 0 -0.49999999999999523 -0.86602540378444137 0 0 0 1 
1 7.3900834456272397 0 31 -0.86602540378443804 -0.500000000000001 0 0 0 1 -0.500000000000001 0.86602540378443804 0 
5 2.7755575615628901e-14 0 25.393826542817202 0 0 1 0 -1 0 1 0 -0 5.5430987784642598 1.9276375811512001
1 2.7755575615628901e-14 0 23.5 0 0 1 1 0 -0 -0 1 0 
5 2.7755575615628901e-14 0 25.393826542817202 0 0 1 0 -1 0 1 0 -0 5.5430987784642598 1.9276375811512001
2 2.7755575615628901e-14 0 31 0 -0 1 0 1 0 -1 0 0 4
2 2.7755575615628901e-14 0 31 0 -0 1 0 1 0 -1 0 0 4
2 2.7755575615628901e-14 0 28.5 0 0 -1 0 -1 0 -1 -0 -0 6.2000000000000002
1 -3.6950417228136101 6.3999999999999897 31 0.86602540378444137 -0.49999999999999523 0 0 0 -1 0.49999999999999523 0.86602540378444137 0 
1 -7.39008344562719 -5.1604676885802002e-14 31 0.86602540378443471 0.50000000000000677 0 0 0 -1 -0.50000000000000677 0.86602540378443471 0 
5 38.5 86 -1.8663180684695401e-16 1.6180944303219301e-17 1 -4.1274199144172697e-17 -0.022863532762972712 4.1633363423443389e-17 0.99973859526858144 0.99973859526858144 -1.5233040523421365e-17 0.022863532762972712 27.809475019311101 2
5 38.5 86 -1.8663180684695401e-16 1.6180944303219301e-17 1 -4.1274199144172697e-17 -0.022863532762972712 4.1633363423443389e-17 0.99973859526858144 0.99973859526858144 -1.5233040523421365e-17 0.022863532762972712 27.809475019311101 2
5 38.5 86 -1.8663180684695401e-16 1.6180944303219301e-17 1 -4.1274199144172697e-17 -0.022863532762972712 4.1633363423443389e-17 0.99973859526858144 0.99973859526858144 -1.5233040523421365e-17 0.022863532762972712 27.809475019311101 2
1 38.5 84 -1.04083408558609e-16 1.6180944303219301e-17 1 -4.1274199144172697e-17 0.99973859526858144 -1.5233040523421362e-17 0.022863532762972809 0.022863532762972809 -4.1633363423443389e-17 -0.99973859526858144 
5 38.5 86 -1.8663180684695401e-16 1.6180944303219301e-17 1 -4.1274199144172697e-17 -0.022863532762972712 4.1633363423443389e-17 0.99973859526858144 0.99973859526858144 -1.5233040523421365e-17 0.022863532762972712 27.809475019311101 2
5 38.5 89.5 -3.31091503851558e-16 1.6180944303219301e-17 1 -4.1274199144172697e-17 -0.022863532762972712 4.1633363423443389e-17 0.99973859526858144 0.99973859526858144 -1.5233040523421365e-17 0.022863532762972712 21.25 3
1 38.5 92.5 -4.5491410128407601e-16 1.6180944303219301e-17 1 -4.1274199144172697e-17 0.99973859526858144 -1.5233040523421362e-17 0.022863532762972809 0.022863532762972809 -4.1633363423443389e-17 -0.99973859526858144 
5 38.5 89.5 -3.31091503851558e-16 1.6180944303219301e-17 1 -4.1274199144172697e-17 -0.022863532762972712 4.1633363423443389e-17 0.99973859526858144 0.99973859526858144 -1.5233040523421365e-17 0.022863532762972712 21.25 3
2 38.5 89 -3.1045440427947199e-16 -1.6180944303219301e-17 -1 4.1274199144172697e-17 -0.022863532762972712 4.1633363423443389e-17 0.99973859526858144 -0.99973859526858144 1.5233040523421365e-17 -0.022863532762972712 18.25
5 38.5 84.5 -1.24720508130695e-16 1.6180944303219301e-17 1 -4.1274199144172697e-17 -0.022863532762972712 4.1633363423443389e-17 0.99973859526858144 0.99973859526858144 -1.5233040523421365e-17 0.022863532762972712 22 8
5 38.5 84.5 -1.24720508130695e-16 1.6180944303219301e-17 1 -4.1274199144172697e-17 -0.022863532762972712 4.1633363423443389e-17 0.99973859526858144 0.99973859526858144 -1.5233040523421365e-17 0.022863532762972712 22 8
2 38.5 119.5 -1.56931747817674e-15 1.6180944303219301e-17 1 -4.1274199144172697e-17 0.022863532762972712 -4.1633363423443389e-17 -0.99973859526858144 -0.99973859526858144 1.5233040523421365e-17 -0.022863532762972712 6
1 38.5 119.5 -1.56931747817674e-15 1.6180944303219301e-17 1 -4.1274199144172697e-17 0.99973859526858144 -1.5233040523421362e-17 0.022863532762972809 0.022863532762972809 -4.1633363423443389e-17 -0.99973859526858144 
2 38.5 119.5 -1.56931747817674e-15 1.6180944303219301e-17 1 -4.1274199144172697e-17 0.022863532762972712 -4.1633363423443389e-17 -0.99973859526858144 -0.99973859526858144 1.5233040523421365e-17 -0.022863532762972712 6
9 1 0 0 0 1 2 2 271 2 136 45.364230592257897 94.5 0.15698159677082901  1 45.313224179521001 94.587500000000006 2.3873053156798698  0.95105651629515398 43.961007734981798 94.674999999999997 4.1616942900557099  1 42.608791290442703 94.762500000000003 5.9360832644315504  0.95105651629515398 40.471865535768799 94.849999999999994 6.5767812153256697  1 38.334939781094903 94.9375 7.2174791662197997  0.95105651629515398 36.229537723136602 95.025000000000006 6.4797612529130699  1 34.1241356651784 95.112499999999997 5.7420433396063402  0.95105651629515398 32.854449330091803 95.200000000000003 3.90769273087228  1 31.584762995005299 95.287499999999994 2.07334212213821  0.95105651629515398 31.635769407742199 95.375 -0.15698159677082901  1 31.686775820479099 95.462500000000006 -2.3873053156798698  0.95105651629515398 33.038992265018301 95.549999999999997 -4.1616942900557099  1 34.391208709557397 95.637500000000003 -5.9360832644315504  0.95105651629515398 36.5281344642313 95.724999999999994 -6.5767812153256697  1 38.665060218905197 95.8125 -7.2174791662197997  0.95105651629515398 40.770462276863398 95.900000000000006 -6.4797612529130699  1 42.875864334821699 95.987499999999997 -5.7420433396063402  0.95105651629515398 44.145550669908303 96.075000000000003 -3.90769273087228  1 45.4152370049948 96.162499999999994 -2.0733421221382198  0.95105651629515398 45.364230592257897 96.25 0.15698159677082901  1 45.313224179521001 96.337500000000006 2.3873053156798698  0.95105651629515398 43.961007734981798 96.424999999999997 4.1616942900557099  1 42.608791290442703 96.512500000000003 5.9360832644315504  0.95105651629515398 40.471865535768799 96.599999999999994 6.5767812153256697  1 38.334939781094903 96.6875 7.2174791662197997  0.95105651629515398 36.229537723136602 96.775000000000006 6.4797612529130699  1 34.1241356651784 96.862499999999997 5.7420433396063402  0.95105651629515398 32.854449330091803 96.950000000000003 3.90769273087228  1 31.584762995005299 97.037499999999994 2.07334212213821  0.95105651629515398 31.635769407742199 97.125 -0.15698159677082901  1 31.686775820479099 97.212500000000006 -2.3873053156798698  0.95105651629515398 33.038992265018301 97.299999999999997 -4.1616942900557099  1 34.391208709557397 97.387500000000003 -5.9360832644315504  0.95105651629515398 36.5281344642313 97.474999999999994 -6.5767812153256697  1 38.665060218905197 97.5625 -7.2174791662197997  0.95105651629515398 40.770462276863398 97.650000000000006 -6.4797612529130699  1 42.875864334821699 97.737499999999997 -5.7420433396063402  0.95105651629515398 44.145550669908303 97.825000000000003 -3.90769273087228  1 45.4152370049948 97.912499999999994 -2.0733421221382198  0.95105651629515398 45.364230592257897 98 0.15698159677082901  1 45.313224179521001 98.087500000000006 2.3873053156798698  0.95105651629515398 43.961007734981798 98.174999999999997 4.1616942900557099  1 42.608791290442703 98.262500000000003 5.9360832644315504  0.95105651629515398 40.471865535768799 98.349999999999994 6.5767812153256697  1 38.334939781094903 98.4375 7.2174791662197997  0.95105651629515398 36.229537723136602 98.525000000000006 6.4797612529130699  1 34.1241356651784 98.612499999999997 5.7420433396063402  0.95105651629515398 32.854449330091803 98.700000000000003 3.90769273087228  1 31.584762995005299 98.787499999999994 2.07334212213821  0.95105651629515398 31.635769407742199 98.875 -0.15698159677082901  1 31.686775820479099 98.962500000000006 -2.3873053156798698  0.95105651629515398 33.038992265018301 99.049999999999997 -4.1616942900557099  1 34.391208709557397 99.137500000000003 -5.9360832644315504  0.95105651629515398 36.5281344642313 99.224999999999994 -6.5767812153256697  1 38.665060218905197 99.3125 -7.2174791662197997  0.95105651629515398 40.770462276863398 99.400000000000006 -6.4797612529130699  1 42.875864334821699 99.487499999999997 -5.7420433396063402  0.95105651629515398 44.145550669908303 99.575000000000003 -3.90769273087228  1 45.4152370049948 99.662499999999994 -2.0733421221382198  0.95105651629515398 45.364230592257897 99.75 0.15698159677082901  1 45.313224179521001 99.837500000000006 2.3873053156798698  0.95105651629515398 43.961007734981798 99.924999999999997 4.1616942900557099  1 42.608791290442703 100.0125 5.9360832644315504  0.95105651629515398 40.471865535768799 100.09999999999999 6.5767812153256697  1 38.334939781094903 100.1875 7.2174791662197997  0.95105651629515398 36.229537723136602 100.27500000000001 6.4797612529130699  1 34.1241356651784 100.3625 5.7420433396063402  0.95105651629515398 32.854449330091803 100.45 3.90769273087228  1 31.584762995005299 100.53749999999999 2.07334212213821  0.95105651629515398 31.635769407742199 100.625 -0.15698159677082901  1 31.686775820479099 100.71250000000001 -2.3873053156798698  0.95105651629515398 33.038992265018301 100.8 -4.1616942900557099  1 34.391208709557397 100.8875 -5.9360832644315504  0.95105651629515398 36.5281344642313 100.97499999999999 -6.5767812153256697  1 38.665060218905197 101.0625 -7.2174791662197997  0.95105651629515398 40.770462276863398 101.15000000000001 -6.4797612529130699  1 42.875864334821699 101.2375 -5.7420433396063402  0.95105651629515398 44.145550669908303 101.325 -3.90769273087228  1 45.4152370049948 101.41249999999999 -2.0733421221382198  0.95105651629515398 45.364230592257897 101.5 0.15698159677082801  1 45.313224179521001 101.58750000000001 2.3873053156798698  0.95105651629515398 43.961007734981798 101.675 4.1616942900557099  1 42.608791290442703 101.7625 5.9360832644315504  0.95105651629515398 40.471865535768799 101.84999999999999 6.5767812153256697  1 38.334939781094903 101.9375 7.2174791662197997  0.95105651629515398 36.229537723136602 102.02500000000001 6.4797612529130699  1 34.1241356651784 102.1125 5.7420433396063402  0.95105651629515398 32.854449330091803 102.2 3.90769273087228  1 31.584762995005299 102.28749999999999 2.07334212213821  0.95105651629515398 31.635769407742199 102.375 -0.15698159677082901  1 31.686775820479099 102.46250000000001 -2.3873053156798698  0.95105651629515398 33.038992265018301 102.55 -4.1616942900557099  1 34.391208709557397 102.6375 -5.9360832644315504  0.95105651629515398 36.5281344642313 102.72499999999999 -6.5767812153256697  1 38.665060218905197 102.8125 -7.2174791662197997  0.95105651629515398 40.770462276863398 102.90000000000001 -6.4797612529130699  1 42.875864334821699 102.9875 -5.7420433396063402  0.95105651629515398 44.145550669908303 103.075 -3.90769273087228  1 45.4152370049948 103.16249999999999 -2.0733421221382198  0.95105651629515398 45.364230592257897 103.25 0.15698159677082801  1 45.313224179521001 103.33750000000001 2.3873053156798698  0.95105651629515398 43.961007734981798 103.425 4.1616942900557099  1 42.608791290442703 103.5125 5.9360832644315504  0.95105651629515398 40.471865535768799 103.59999999999999 6.5767812153256697  1 38.334939781094903 103.6875 7.2174791662197997  0.95105651629515398 36.229537723136602 103.77500000000001 6.4797612529130699  1 34.1241356651784 103.8625 5.7420433396063402  0.95105651629515398 32.854449330091803 103.95 3.90769273087228  1 31.584762995005299 104.03749999999999 2.07334212213821  0.95105651629515398 31.635769407742199 104.125 -0.15698159677082901  1 31.686775820479099 104.21250000000001 -2.3873053156798698  0.95105651629515398 33.038992265018301 104.3 -4.1616942900557099  1 34.391208709557397 104.3875 -5.9360832644315504  0.95105651629515398 36.5281344642313 104.47499999999999 -6.5767812153256697  1 38.665060218905197 104.5625 -7.2174791662197997  0.95105651629515398 40.770462276863398 104.65000000000001 -6.4797612529130699  1 42.875864334821699 104.7375 -5.7420433396063402  0.95105651629515398 44.145550669908303 104.825 -3.90769273087228  1 45.4152370049948 104.91249999999999 -2.0733421221382198  0.95105651629515398 45.364230592257897 105 0.15698159677082801  1 45.313224179521001 105.08750000000001 2.3873053156798698  0.95105651629515398 43.961007734981798 105.175 4.1616942900557099  1 42.608791290442703 105.2625 5.9360832644315504  0.95105651629515398 40.471865535768799 105.34999999999999 6.5767812153256697  1 38.334939781094903 105.4375 7.2174791662197997  0.95105651629515398 36.229537723136602 105.52500000000001 6.4797612529130699  1 34.1241356651784 105.6125 5.7420433396063402  0.95105651629515398 32.854449330091803 105.7 3.90769273087228  1 31.584762995005299 105.78749999999999 2.07334212213821  0.95105651629515398 31.635769407742199 105.875 -0.15698159677083001  1 31.686775820479099 105.96250000000001 -2.3873053156798698  0.95105651629515398 33.038992265018301 106.05 -4.1616942900557099  1 34.391208709557397 106.1375 -5.9360832644315504  0.95105651629515398 36.5281344642313 106.22499999999999 -6.5767812153256697  1 38.665060218905197 106.3125 -7.2174791662197997  0.95105651629515398 40.770462276863398 106.40000000000001 -6.4797612529130699  1 42.875864334821699 106.4875 -5.7420433396063402  0.95105651629515398 44.145550669908303 106.575 -3.90769273087228  1 45.4152370049948 106.66249999999999 -2.0733421221382198  0.95105651629515398 45.364230592257897 106.75 0.15698159677082801  1 45.313224179521001 106.83750000000001 2.3873053156798698  0.95105651629515398 43.961007734981798 106.925 4.1616942900557099  1 42.608791290442703 107.0125 5.9360832644315504  0.95105651629515398 40.471865535768799 107.09999999999999 6.5767812153256697  1 38.334939781094903 107.1875 7.2174791662197997  0.95105651629515398 36.229537723136602 107.27500000000001 6.4797612529130699  1 34.1241356651784 107.3625 5.7420433396063402  0.95105651629515398 32.854449330091803 107.45 3.90769273087228  1 31.584762995005299 107.53749999999999 2.07334212213821  0.95105651629515398 31.635769407742199 107.625 -0.15698159677083001  1 31.686775820479099 107.71250000000001 -2.3873053156798698  0.95105651629515398 33.038992265018301 107.8 -4.1616942900557099  1 34.391208709557397 107.8875 -5.9360832644315504  0.95105651629515398 36.5281344642313 107.97499999999999 -6.5767812153256697  1 38.665060218905197 108.0625 -7.2174791662197997  0.95105651629515398 40.770462276863398 108.15000000000001 -6.4797612529130699  1 42.875864334821699 108.2375 -5.7420433396063402  0.95105651629515398 44.145550669908303 108.325 -3.90769273087228  1 45.4152370049948 108.41249999999999 -2.0733421221382198  0.95105651629515398 45.364230592257897 108.5 0.15698159677082801  1 45.313224179521001 108.58750000000001 2.3873053156798698  0.95105651629515398 43.961007734981798 108.675 4.1616942900557099  1 42.608791290442703 108.7625 5.9360832644315504  0.95105651629515398 40.471865535768799 108.84999999999999 6.5767812153256697  1 38.334939781094903 108.9375 7.2174791662197997  0.95105651629515398 36.229537723136602 109.02500000000001 6.4797612529130699  1 34.1241356651784 109.1125 5.7420433396063402  0.95105651629515398 32.854449330091803 109.2 3.90769273087228  1 31.584762995005299 109.28749999999999 2.07334212213821  0.95105651629515398 31.635769407742199 109.375 -0.15698159677083001  1 31.686775820479099 109.46250000000001 -2.3873053156798698  0.95105651629515398 33.038992265018301 109.55 -4.1616942900557099  1 34.391208709557397 109.6375 -5.9360832644315504  0.95105651629515398 36.5281344642313 109.72499999999999 -6.5767812153256697  1 38.665060218905197 109.8125 -7.2174791662197997  0.95105651629515398 40.770462276863398 109.90000000000001 -6.4797612529130699  1 42.875864334821699 109.9875 -5.7420433396063402  0.95105651629515398 44.145550669908303 110.075 -3.90769273087228  1 45.4152370049948 110.16249999999999 -2.0733421221382198  0.95105651629515398 45.364230592257897 110.25 0.15698159677082801  1 45.313224179521001 110.33750000000001 2.3873053156798698  0.95105651629515398 43.961007734981798 110.425 4.1616942900557099  1 42.608791290442703 110.5125 5.9360832644315504  0.95105651629515398 40.471865535768799 110.59999999999999 6.5767812153256697  1 38.334939781094903 110.6875 7.2174791662197997  0.95105651629515398 36.229537723136602 110.77500000000001 6.4797612529130699  1 34.1241356651784 110.8625 5.7420433396063402  0.95105651629515398 32.854449330091803 110.95 3.90769273087228  1 31.584762995005299 111.03749999999999 2.07334212213821  0.95105651629515398 31.635769407742199 111.125 -0.15698159677083001  1 31.686775820479099 111.21250000000001 -2.3873053156798698  0.95105651629515398 33.038992265018301 111.3 -4.1616942900557099  1 34.391208709557397 111.3875 -5.9360832644315504  0.95105651629515398 36.5281344642313 111.47499999999999 -6.5767812153256697  1 38.665060218905197 111.5625 -7.2174791662197997  0.95105651629515398 40.770462276863398 111.65000000000001 -6.4797612529130699  1 42.875864334821699 111.7375 -5.7420433396063402  0.95105651629515398 44.145550669908303 111.825 -3.90769273087228  1 45.4152370049948 111.91249999999999 -2.0733421221382198  0.95105651629515398 45.364230592257897 112 0.15698159677082801  1 45.313224179521001 112.08750000000001 2.3873053156798698  0.95105651629515398 43.961007734981798 112.175 4.1616942900557099  1 42.608791290442703 112.2625 5.9360832644315504  0.95105651629515398 40.471865535768799 112.34999999999999 6.5767812153256697  1 38.334939781094903 112.4375 7.2174791662197997  0.95105651629515398 36.229537723136602 112.52500000000001 6.4797612529130699  1 34.1241356651784 112.6125 5.7420433396063402  0.95105651629515398 32.854449330091803 112.7 3.90769273087228  1 31.584762995005299 112.78749999999999 2.07334212213821  0.95105651629515398 31.635769407742199 112.875 -0.15698159677083001  1 31.686775820479099 112.96250000000001 -2.3873053156798698  0.95105651629515398 33.038992265018301 113.05 -4.1616942900557099  1 34.391208709557397 113.1375 -5.9360832644315504  0.95105651629515398 36.5281344642313 113.22499999999999 -6.5767812153256697  1 38.665060218905197 113.3125 -7.2174791662197997  0.95105651629515398 40.770462276863398 113.40000000000001 -6.4797612529130699  1 42.875864334821699 113.4875 -5.7420433396063402  0.95105651629515398 44.145550669908303 113.575 -3.90769273087228  1 45.4152370049948 113.66249999999999 -2.0733421221382198  0.95105651629515398 45.364230592257897 113.75 0.15698159677082801  1 45.313224179521001 113.83750000000001 2.3873053156798698  0.95105651629515398 43.961007734981798 113.925 4.1616942900557099  1 42.608791290442703 114.0125 5.9360832644315504  0.95105651629515398 40.471865535768799 114.09999999999999 6.5767812153256697  1 38.334939781094903 114.1875 7.2174791662197997  0.95105651629515398 36.229537723136602 114.27500000000001 6.4797612529130699  1 34.1241356651784 114.3625 5.7420433396063402  0.95105651629515398 32.854449330091803 114.45 3.90769273087228  1 31.584762995005299 114.53749999999999 2.07334212213821  0.95105651629515398 31.635769407742199 114.625 -0.15698159677083001  1 31.686775820479099 114.71250000000001 -2.3873053156798698  0.95105651629515398 33.038992265018301 114.8 -4.1616942900557099  1 34.391208709557397 114.8875 -5.9360832644315504  0.95105651629515398 36.5281344642313 114.97499999999999 -6.5767812153256697  1 38.665060218905197 115.0625 -7.2174791662197997  0.95105651629515398 40.770462276863398 115.15000000000001 -6.4797612529130699  1 42.875864334821699 115.2375 -5.7420433396063402  0.95105651629515398 44.145550669908303 115.325 -3.90769273087228  1 45.4152370049948 115.41249999999999 -2.0733421221382198  0.95105651629515398 45.364230592257897 115.5 0.15698159677082801  1 45.313224179521001 115.58750000000001 2.3873053156798698  0.95105651629515398 43.961007734981798 115.675 4.1616942900557099  1 42.608791290442703 115.7625 5.9360832644315398  0.95105651629515398 40.471865535768799 115.84999999999999 6.5767812153256697  1 38.334939781094903 115.9375 7.2174791662197997  0.95105651629515398 36.229537723136602 116.02500000000001 6.4797612529130699  1 34.1241356651784 116.1125 5.7420433396063402  0.95105651629515398 32.854449330091803 116.2 3.90769273087228  1 31.584762995005299 116.28749999999999 2.07334212213821  0.95105651629515398 31.635769407742199 116.375 -0.15698159677083001  1 31.686775820479099 116.46250000000001 -2.3873053156798698  0.95105651629515398 33.038992265018301 116.55 -4.1616942900557099  1 34.391208709557397 116.6375 -5.9360832644315504  0.95105651629515398 36.5281344642313 116.72499999999999 -6.5767812153256697  1 38.665060218905197 116.8125 -7.2174791662197997  0.95105651629515398 40.770462276863398 116.90000000000001 -6.4797612529130699  1 42.875864334821699 116.9875 -5.7420433396063402  0.95105651629515398 44.145550669908303 117.075 -3.90769273087228  1 45.4152370049948 117.16249999999999 -2.0733421221382198  0.95105651629515398 45.364230592257897 117.25 0.15698159677082801  1 45.313224179521001 117.33750000000001 2.3873053156798698  0.95105651629515398 43.961007734981798 117.425 4.1616942900557099  1 42.608791290442703 117.5125 5.9360832644315398  0.95105651629515398 40.471865535768799 117.59999999999999 6.5767812153256697  1 38.334939781094903 117.6875 7.2174791662197899  0.95105651629515398 36.229537723136602 117.77500000000001 6.4797612529130699  1 34.1241356651784 117.8625 5.7420433396063402  0.95105651629515398 32.854449330091803 117.95 3.90769273087228  1 31.584762995005299 118.03749999999999 2.07334212213821  0.95105651629515398 31.635769407742199 118.125 -0.15698159677083001  1 
44.498431571611498 95 0.13718119657783601  1 44.453858698890599 95.087500000000006 2.0861897606997202  0.95105651629515398 43.2721999967887 95.174999999999997 3.6367715340189601  1 42.090541294686801 95.262500000000003 5.1873533073381903  0.95105651629515398 40.223150224304703 95.349999999999994 5.7472387547829298  1 38.355759153922598 95.4375 6.3071242022276603  0.95105651629515398 36.515915633858299 95.525000000000006 5.6624561126804398  1 34.676072113794099 95.612499999999997 5.0177880231332299  0.95105651629515398 33.566533834730798 95.700000000000003 3.4148076953386401  1 32.456995555667604 95.787499999999994 1.8118273675440399  0.95105651629515398 32.501568428388602 95.875 -0.13718119657783701  1 32.5461413011095 95.962500000000006 -2.0861897606997202  0.95105651629515398 33.727800003211399 96.049999999999997 -3.6367715340189601  1 34.909458705313298 96.137500000000003 -5.1873533073381903  0.95105651629515398 36.776849775695403 96.224999999999994 -5.7472387547829298  1 38.644240846077402 96.3125 -6.3071242022276603  0.95105651629515398 40.484084366141701 96.400000000000006 -5.6624561126804398  1 42.323927886206 96.487499999999997 -5.0177880231332299  0.95105651629515398 43.433466165269202 96.575000000000003 -3.4148076953386401  1 44.543004444332503 96.662499999999994 -1.8118273675440399  0.95105651629515398 44.498431571611498 96.75 0.13718119657783601  1 44.453858698890599 96.837500000000006 2.0861897606997202  0.95105651629515398 43.2721999967887 96.924999999999997 3.6367715340189499  1 42.090541294686801 97.012500000000003 5.1873533073381903  0.95105651629515398 40.223150224304703 97.099999999999994 5.7472387547829298  1 38.355759153922598 97.1875 6.3071242022276603  0.95105651629515398 36.515915633858299 97.275000000000006 5.6624561126804398  1 34.676072113794099 97.362499999999997 5.0177880231332299  0.95105651629515398 33.566533834730798 97.450000000000003 3.4148076953386401  1 32.456995555667604 97.537499999999994 1.8118273675440399  0.95105651629515398 32.501568428388602 97.625 -0.13718119657783701  1 32.5461413011095 97.712500000000006 -2.0861897606997202  0.95105651629515398 33.727800003211399 97.799999999999997 -3.6367715340189601  1 34.909458705313298 97.887500000000003 -5.1873533073381903  0.95105651629515398 36.776849775695403 97.974999999999994 -5.7472387547829298  1 38.644240846077402 98.0625 -6.3071242022276603  0.95105651629515398 40.484084366141701 98.150000000000006 -5.6624561126804398  1 42.323927886206 98.237499999999997 -5.0177880231332299  0.95105651629515398 43.433466165269202 98.325000000000003 -3.4148076953386401  1 44.543004444332503 98.412499999999994 -1.8118273675440399  0.95105651629515398 44.498431571611498 98.5 0.13718119657783601  1 44.453858698890599 98.587500000000006 2.0861897606997202  0.95105651629515398 43.2721999967887 98.674999999999997 3.6367715340189499  1 42.090541294686801 98.762500000000003 5.1873533073381903  0.95105651629515398 40.223150224304703 98.849999999999994 5.7472387547829298  1 38.355759153922598 98.9375 6.3071242022276603  0.95105651629515398 36.515915633858299 99.025000000000006 5.6624561126804398  1 34.676072113794099 99.112499999999997 5.0177880231332299  0.95105651629515398 33.566533834730798 99.200000000000003 3.4148076953386401  1 32.456995555667604 99.287499999999994 1.8118273675440399  0.95105651629515398 32.501568428388602 99.375 -0.13718119657783701  1 32.5461413011095 99.462500000000006 -2.0861897606997202  0.95105651629515398 33.727800003211399 99.549999999999997 -3.6367715340189601  1 34.909458705313298 99.637500000000003 -5.1873533073381903  0.95105651629515398 36.776849775695403 99.724999999999994 -5.7472387547829298  1 38.644240846077402 99.8125 -6.3071242022276603  0.95105651629515398 40.484084366141701 99.900000000000006 -5.6624561126804398  1 42.323927886206 99.987499999999997 -5.0177880231332299  0.95105651629515398 43.433466165269202 100.075 -3.4148076953386401  1 44.543004444332503 100.16249999999999 -1.8118273675440399  0.95105651629515398 44.498431571611498 100.25 0.13718119657783601  1 44.453858698890599 100.33750000000001 2.0861897606997202  0.95105651629515398 43.2721999967887 100.425 3.6367715340189499  1 42.090541294686801 100.5125 5.1873533073381903  0.95105651629515398 40.223150224304703 100.59999999999999 5.7472387547829298  1 38.355759153922598 100.6875 6.3071242022276603  0.95105651629515398 36.515915633858299 100.77500000000001 5.6624561126804398  1 34.676072113794099 100.8625 5.0177880231332299  0.95105651629515398 33.566533834730798 100.95 3.4148076953386401  1 32.456995555667604 101.03749999999999 1.8118273675440399  0.95105651629515398 32.501568428388602 101.125 -0.13718119657783701  1 32.5461413011095 101.21250000000001 -2.0861897606997202  0.95105651629515398 33.727800003211399 101.3 -3.6367715340189601  1 34.909458705313298 101.3875 -5.1873533073381903  0.95105651629515398 36.776849775695403 101.47499999999999 -5.7472387547829298  1 38.644240846077402 101.5625 -6.3071242022276603  0.95105651629515398 40.484084366141701 101.65000000000001 -5.6624561126804398  1 42.323927886206 101.7375 -5.0177880231332299  0.95105651629515398 43.433466165269202 101.825 -3.4148076953386401  1 44.543004444332503 101.91249999999999 -1.8118273675440399  0.95105651629515398 44.498431571611498 102 0.13718119657783601  1 44.453858698890599 102.08750000000001 2.0861897606997202  0.95105651629515398 43.2721999967887 102.175 3.6367715340189499  1 42.090541294686801 102.2625 5.1873533073381903  0.95105651629515398 40.223150224304703 102.34999999999999 5.7472387547829298  1 38.355759153922598 102.4375 6.3071242022276603  0.95105651629515398 36.515915633858299 102.52500000000001 5.6624561126804398  1 34.676072113794099 102.6125 5.0177880231332299  0.95105651629515398 33.566533834730798 102.7 3.4148076953386401  1 32.456995555667604 102.78749999999999 1.8118273675440399  0.95105651629515398 32.501568428388602 102.875 -0.13718119657783701  1 32.5461413011095 102.96250000000001 -2.0861897606997202  0.95105651629515398 33.727800003211399 103.05 -3.6367715340189601  1 34.909458705313298 103.1375 -5.1873533073381903  0.95105651629515398 36.776849775695403 103.22499999999999 -5.7472387547829298  1 38.644240846077402 103.3125 -6.3071242022276603  0.95105651629515398 40.484084366141701 103.40000000000001 -5.6624561126804398  1 42.323927886206 103.4875 -5.0177880231332299  0.95105651629515398 43.433466165269202 103.575 -3.4148076953386401  1 44.543004444332503 103.66249999999999 -1.8118273675440399  0.95105651629515398 44.498431571611498 103.75 0.13718119657783601  1 44.453858698890599 103.83750000000001 2.0861897606997202  0.95105651629515398 43.2721999967887 103.925 3.6367715340189499  1 42.090541294686801 104.0125 5.1873533073381903  0.95105651629515398 40.223150224304703 104.09999999999999 5.7472387547829298  1 38.355759153922598 104.1875 6.3071242022276603  0.95105651629515398 36.515915633858299 104.27500000000001 5.6624561126804398  1 34.676072113794099 104.3625 5.0177880231332299  0.95105651629515398 33.566533834730798 104.45 3.4148076953386401  1 32.456995555667604 104.53749999999999 1.8118273675440399  0.95105651629515398 32.501568428388602 104.625 -0.13718119657783701  1 32.5461413011095 104.71250000000001 -2.0861897606997202  0.95105651629515398 33.727800003211399 104.8 -3.6367715340189601  1 34.909458705313298 104.8875 -5.1873533073381903  0.95105651629515398 36.776849775695403 104.97499999999999 -5.7472387547829298  1 38.644240846077402 105.0625 -6.3071242022276603  0.95105651629515398 40.484084366141701 105.15000000000001 -5.6624561126804398  1 42.323927886206 105.2375 -5.0177880231332299  0.95105651629515398 43.433466165269202 105.325 -3.4148076953386401  1 44.543004444332503 105.41249999999999 -1.8118273675440499  0.95105651629515398 44.498431571611498 105.5 0.13718119657783601  1 44.453858698890599 105.58750000000001 2.0861897606997202  0.95105651629515398 43.2721999967887 105.675 3.6367715340189499  1 42.090541294686801 105.7625 5.1873533073381903  0.95105651629515398 40.223150224304703 105.84999999999999 5.7472387547829298  1 38.355759153922598 105.9375 6.3071242022276603  0.95105651629515398 36.515915633858299 106.02500000000001 5.6624561126804398  1 34.676072113794099 106.1125 5.0177880231332299  0.95105651629515398 33.566533834730798 106.2 3.4148076953386299  1 32.456995555667604 106.28749999999999 1.8118273675440399  0.95105651629515398 32.501568428388602 106.375 -0.13718119657783701  1 32.5461413011095 106.46250000000001 -2.0861897606997202  0.95105651629515398 33.727800003211399 106.55 -3.6367715340189601  1 34.909458705313298 106.6375 -5.1873533073381903  0.95105651629515398 36.776849775695403 106.72499999999999 -5.7472387547829298  1 38.644240846077402 106.8125 -6.3071242022276603  0.95105651629515398 40.484084366141701 106.90000000000001 -5.6624561126804398  1 42.323927886206 106.9875 -5.0177880231332299  0.95105651629515398 43.433466165269202 107.075 -3.4148076953386401  1 44.543004444332503 107.16249999999999 -1.8118273675440499  0.95105651629515398 44.498431571611498 107.25 0.13718119657783601  1 44.453858698890599 107.33750000000001 2.0861897606997202  0.95105651629515398 43.2721999967887 107.425 3.6367715340189499  1 42.090541294686801 107.5125 5.1873533073381903  0.95105651629515398 40.223150224304703 107.59999999999999 5.7472387547829298  1 38.355759153922598 107.6875 6.3071242022276603  0.95105651629515398 36.515915633858299 107.77500000000001 5.6624561126804398  1 34.676072113794099 107.8625 5.0177880231332299  0.95105651629515398 33.566533834730798 107.95 3.4148076953386299  1 32.456995555667604 108.03749999999999 1.8118273675440399  0.95105651629515398 32.501568428388602 108.125 -0.13718119657783701  1 32.5461413011095 108.21250000000001 -2.0861897606997202  0.95105651629515398 33.727800003211399 108.3 -3.6367715340189601  1 34.909458705313298 108.3875 -5.1873533073381903  0.95105651629515398 36.776849775695403 108.47499999999999 -5.7472387547829298  1 38.644240846077402 108.5625 -6.3071242022276603  0.95105651629515398 40.484084366141701 108.65000000000001 -5.6624561126804398  1 42.323927886206 108.7375 -5.0177880231332299  0.95105651629515398 43.433466165269202 108.825 -3.4148076953386401  1 44.543004444332503 108.91249999999999 -1.8118273675440499  0.95105651629515398 44.498431571611498 109 0.13718119657783601  1 44.453858698890599 109.08750000000001 2.0861897606997202  0.95105651629515398 43.2721999967887 109.175 3.6367715340189499  1 42.090541294686801 109.2625 5.1873533073381903  0.95105651629515398 40.223150224304703 109.34999999999999 5.7472387547829298  1 38.355759153922598 109.4375 6.3071242022276603  0.95105651629515398 36.515915633858299 109.52500000000001 5.6624561126804398  1 34.676072113794099 109.6125 5.0177880231332299  0.95105651629515398 33.566533834730798 109.7 3.4148076953386299  1 32.456995555667604 109.78749999999999 1.8118273675440399  0.95105651629515398 32.501568428388602 109.875 -0.13718119657783701  1 32.5461413011095 109.96250000000001 -2.0861897606997202  0.95105651629515398 33.727800003211399 110.05 -3.6367715340189601  1 34.909458705313298 110.1375 -5.1873533073381903  0.95105651629515398 36.776849775695403 110.22499999999999 -5.7472387547829298  1 38.644240846077402 110.3125 -6.3071242022276603  0.95105651629515398 40.484084366141701 110.40000000000001 -5.6624561126804398  1 42.323927886206 110.4875 -5.0177880231332299  0.95105651629515398 43.433466165269202 110.575 -3.4148076953386401  1 44.543004444332503 110.66249999999999 -1.8118273675440499  0.95105651629515398 44.498431571611498 110.75 0.13718119657783601  1 44.453858698890599 110.83750000000001 2.0861897606997202  0.95105651629515398 43.2721999967887 110.925 3.6367715340189499  1 42.090541294686801 111.0125 5.1873533073381903  0.95105651629515398 40.223150224304703 111.09999999999999 5.7472387547829298  1 38.355759153922598 111.1875 6.3071242022276603  0.95105651629515398 36.515915633858299 111.27500000000001 5.6624561126804398  1 34.676072113794099 111.3625 5.0177880231332201  0.95105651629515398 33.566533834730798 111.45 3.4148076953386299  1 32.456995555667604 111.53749999999999 1.8118273675440399  0.95105651629515398 32.501568428388602 111.625 -0.137181196577838  1 32.5461413011095 111.71250000000001 -2.0861897606997202  0.95105651629515398 33.727800003211399 111.8 -3.6367715340189601  1 34.909458705313298 111.8875 -5.1873533073381903  0.95105651629515398 36.776849775695403 111.97499999999999 -5.7472387547829298  1 38.644240846077402 112.0625 -6.3071242022276603  0.95105651629515398 40.484084366141701 112.15000000000001 -5.6624561126804398  1 42.323927886206 112.2375 -5.0177880231332299  0.95105651629515398 43.433466165269202 112.325 -3.4148076953386401  1 44.543004444332503 112.41249999999999 -1.8118273675440499  0.95105651629515398 44.498431571611498 112.5 0.13718119657783601  1 44.453858698890599 112.58750000000001 2.08618976069971  0.95105651629515398 43.2721999967887 112.675 3.6367715340189499  1 42.090541294686801 112.7625 5.1873533073381903  0.95105651629515398 40.223150224304703 112.84999999999999 5.7472387547829298  1 38.355759153922598 112.9375 6.3071242022276603  0.95105651629515398 36.515915633858299 113.02500000000001 5.6624561126804398  1 34.676072113794099 113.1125 5.0177880231332201  0.95105651629515398 33.566533834730798 113.2 3.4148076953386299  1 32.456995555667604 113.28749999999999 1.8118273675440399  0.95105651629515398 32.501568428388602 113.375 -0.137181196577838  1 32.5461413011095 113.46250000000001 -2.0861897606997202  0.95105651629515398 33.727800003211399 113.55 -3.6367715340189601  1 34.909458705313298 113.6375 -5.1873533073381903  0.95105651629515398 36.776849775695403 113.72499999999999 -5.7472387547829298  1 38.644240846077402 113.8125 -6.3071242022276603  0.95105651629515398 40.484084366141701 113.90000000000001 -5.6624561126804398  1 42.323927886206 113.9875 -5.0177880231332299  0.95105651629515398 43.433466165269202 114.075 -3.4148076953386401  1 44.543004444332503 114.16249999999999 -1.8118273675440499  0.95105651629515398 44.498431571611498 114.25 0.13718119657783601  1 44.453858698890599 114.33750000000001 2.08618976069971  0.95105651629515398 43.2721999967887 114.425 3.6367715340189499  1 42.090541294686801 114.5125 5.1873533073381903  0.95105651629515398 40.223150224304703 114.59999999999999 5.7472387547829298  1 38.355759153922598 114.6875 6.3071242022276603  0.95105651629515398 36.515915633858299 114.77500000000001 5.6624561126804398  1 34.676072113794099 114.8625 5.0177880231332201  0.95105651629515398 33.566533834730798 114.95 3.4148076953386299  1 32.456995555667604 115.03749999999999 1.8118273675440399  0.95105651629515398 32.501568428388602 115.125 -0.137181196577838  1 32.5461413011095 115.21250000000001 -2.0861897606997202  0.95105651629515398 33.727800003211399 115.3 -3.6367715340189601  1 34.909458705313298 115.3875 -5.1873533073381903  0.95105651629515398 36.776849775695403 115.47499999999999 -5.7472387547829298  1 38.644240846077402 115.5625 -6.3071242022276603  0.95105651629515398 40.484084366141701 115.65000000000001 -5.6624561126804398  1 42.323927886206 115.7375 -5.0177880231332299  0.95105651629515398 43.433466165269202 115.825 -3.4148076953386401  1 44.543004444332503 115.91249999999999 -1.8118273675440499  0.95105651629515398 44.498431571611498 116 0.13718119657783601  1 44.453858698890599 116.08750000000001 2.08618976069971  0.95105651629515398 43.2721999967887 116.175 3.6367715340189499  1 42.090541294686801 116.2625 5.1873533073381903  0.95105651629515398 40.223150224304703 116.34999999999999 5.7472387547829298  1 38.355759153922598 116.4375 6.3071242022276603  0.95105651629515398 36.515915633858299 116.52500000000001 5.6624561126804398  1 34.676072113794099 116.6125 5.0177880231332201  0.95105651629515398 33.566533834730798 116.7 3.4148076953386299  1 32.456995555667604 116.78749999999999 1.8118273675440399  0.95105651629515398 32.501568428388602 116.875 -0.137181196577838  1 32.5461413011095 116.96250000000001 -2.0861897606997202  0.95105651629515398 33.727800003211399 117.05 -3.6367715340189601  1 34.909458705313298 117.1375 -5.1873533073381903  0.95105651629515398 36.776849775695403 117.22499999999999 -5.7472387547829298  1 38.644240846077402 117.3125 -6.3071242022276603  0.95105651629515398 40.484084366141701 117.40000000000001 -5.6624561126804398  1 42.323927886206 117.4875 -5.0177880231332299  0.95105651629515398 43.433466165269202 117.575 -3.4148076953386401  1 44.543004444332503 117.66249999999999 -1.8118273675440499  0.95105651629515398 44.498431571611498 117.75 0.13718119657783601  1 44.453858698890599 117.83750000000001 2.08618976069971  0.95105651629515398 43.2721999967887 117.925 3.6367715340189499  1 42.090541294686801 118.0125 5.1873533073381903  0.95105651629515398 40.223150224304703 118.09999999999999 5.7472387547829298  1 38.355759153922598 118.1875 6.3071242022276603  0.95105651629515398 36.515915633858299 118.27500000000001 5.6624561126804398  1 34.676072113794099 118.3625 5.0177880231332201  0.95105651629515398 33.566533834730798 118.45 3.4148076953386299  1 32.456995555667604 118.53749999999999 1.8118273675440399  0.95105651629515398 32.501568428388602 118.625 -0.137181196577838  1 

0 2
1 2

0 3
0.00714285714285714 2
0.014285714285714299 2
0.021428571428571401 2
0.028571428571428598 2
0.035714285714285698 2
0.042857142857142899 2
0.050000000000000003 2
0.057142857142857099 2
0.064285714285714293 2
0.071428571428571397 2
0.078571428571428598 2
0.085714285714285701 2
0.092857142857142902 2
0.10000000000000001 2
0.107142857142857 2
0.114285714285714 2
0.121428571428571 2
0.128571428571429 2
0.13571428571428601 2
0.14285714285714299 2
0.14999999999999999 2
0.157142857142857 2
0.16428571428571401 2
0.17142857142857101 2
0.17857142857142899 2
0.185714285714286 2
0.192857142857143 2
0.20000000000000001 2
0.20714285714285699 2
0.214285714285714 2
0.221428571428571 2
0.22857142857142901 2
0.23571428571428599 2
0.24285714285714299 2
0.25 2
0.25714285714285701 2
0.26428571428571401 2
0.27142857142857102 2
0.27857142857142903 2
0.28571428571428598 2
0.29285714285714298 2
0.29999999999999999 2
0.307142857142857 2
0.314285714285714 2
0.32142857142857101 2
0.32857142857142901 2
0.33571428571428602 2
0.34285714285714303 2
0.34999999999999998 2
0.35714285714285698 2
0.36428571428571399 2
0.371428571428571 2
0.378571428571429 2
0.38571428571428601 2
0.39285714285714302 2
0.40000000000000002 2
0.40714285714285697 2
0.41428571428571398 2
0.42142857142857099 2
0.42857142857142899 2
0.435714285714286 2
0.442857142857143 2
0.45000000000000001 2
0.45714285714285702 2
0.46428571428571402 2
0.47142857142857097 2
0.47857142857142898 2
0.48571428571428599 2
0.49285714285714299 2
0.5 2
0.50714285714285701 2
0.51428571428571401 2
0.52142857142857102 2
0.52857142857142903 2
0.53571428571428603 2
0.54285714285714304 2
0.55000000000000004 2
0.55714285714285705 2
0.56428571428571395 2
0.57142857142857095 2
0.57857142857142896 2
0.58571428571428596 2
0.59285714285714297 2
0.59999999999999998 2
0.60714285714285698 2
0.61428571428571399 2
0.621428571428571 2
0.628571428571429 2
0.63571428571428601 2
0.64285714285714302 2
0.65000000000000002 2
0.65714285714285703 2
0.66428571428571404 2
0.67142857142857104 2
0.67857142857142905 2
0.68571428571428605 2
0.69285714285714295 2
0.69999999999999996 2
0.70714285714285696 2
0.71428571428571397 2
0.72142857142857097 2
0.72857142857142798 2
0.73571428571428599 2
0.74285714285714299 2
0.75 2
0.75714285714285701 2
0.76428571428571401 2
0.77142857142857102 2
0.77857142857142903 2
0.78571428571428603 2
0.79285714285714304 2
0.80000000000000004 2
0.80714285714285705 2
0.81428571428571395 2
0.82142857142857095 2
0.82857142857142896 2
0.83571428571428596 2
0.84285714285714297 2
0.84999999999999998 2
0.85714285714285698 2
0.86428571428571399 2
0.871428571428571 2
0.878571428571428 2
0.88571428571428601 2
0.89285714285714302 2
0.90000000000000002 2
0.90714285714285703 2
0.91428571428571404 2
0.92142857142857104 2
0.92857142857142905 2
0.93571428571428605 2
0.94285714285714295 2
0.94999999999999996 2
0.95714285714285696 2
0.96428571428571397 3

2 38.5 119.5 -1.56931747817674e-15 1.6180944303219301e-17 1 -4.1274199144172697e-17 0.022863532762972712 -4.1633363423443389e-17 -0.99973859526858144 -0.99973859526858144 1.5233040523421365e-17 -0.022863532762972712 6
9 1 0 0 0 1 2 2 271 2 136 44.498431571611498 94 0.13718119657783601  1 44.453858698890599 94.087500000000006 2.0861897606997202  0.95105651629515398 43.2721999967887 94.174999999999997 3.6367715340189601  1 42.090541294686801 94.262500000000003 5.1873533073381903  0.95105651629515398 40.223150224304703 94.349999999999994 5.7472387547829298  1 38.355759153922598 94.4375 6.3071242022276603  0.95105651629515398 36.515915633858299 94.525000000000006 5.6624561126804398  1 34.676072113794099 94.612499999999997 5.0177880231332299  0.95105651629515398 33.566533834730798 94.700000000000003 3.4148076953386401  1 32.456995555667604 94.787499999999994 1.8118273675440399  0.95105651629515398 32.501568428388602 94.875 -0.13718119657783701  1 32.5461413011095 94.962500000000006 -2.0861897606997202  0.95105651629515398 33.727800003211399 95.049999999999997 -3.6367715340189601  1 34.909458705313298 95.137500000000003 -5.1873533073381903  0.95105651629515398 36.776849775695403 95.224999999999994 -5.7472387547829298  1 38.644240846077402 95.3125 -6.3071242022276603  0.95105651629515398 40.484084366141701 95.400000000000006 -5.6624561126804398  1 42.323927886206 95.487499999999997 -5.0177880231332299  0.95105651629515398 43.433466165269202 95.575000000000003 -3.4148076953386401  1 44.543004444332503 95.662499999999994 -1.8118273675440399  0.95105651629515398 44.498431571611498 95.75 0.13718119657783601  1 44.453858698890599 95.837500000000006 2.0861897606997202  0.95105651629515398 43.2721999967887 95.924999999999997 3.6367715340189601  1 42.090541294686801 96.012500000000003 5.1873533073381903  0.95105651629515398 40.223150224304703 96.099999999999994 5.7472387547829298  1 38.355759153922598 96.1875 6.3071242022276603  0.95105651629515398 36.515915633858299 96.275000000000006 5.6624561126804398  1 34.676072113794099 96.362499999999997 5.0177880231332299  0.95105651629515398 33.566533834730798 96.450000000000003 3.4148076953386401  1 32.456995555667604 96.537499999999994 1.8118273675440399  0.95105651629515398 32.501568428388602 96.625 -0.13718119657783701  1 32.5461413011095 96.712500000000006 -2.0861897606997202  0.95105651629515398 33.727800003211399 96.799999999999997 -3.6367715340189601  1 34.909458705313298 96.887500000000003 -5.1873533073381903  0.95105651629515398 36.776849775695403 96.974999999999994 -5.7472387547829298  1 38.644240846077402 97.0625 -6.3071242022276603  0.95105651629515398 40.484084366141701 97.150000000000006 -5.6624561126804398  1 42.323927886206 97.237499999999997 -5.0177880231332299  0.95105651629515398 43.433466165269202 97.325000000000003 -3.4148076953386401  1 44.543004444332503 97.412499999999994 -1.8118273675440399  0.95105651629515398 44.498431571611498 97.5 0.13718119657783601  1 44.453858698890599 97.587500000000006 2.0861897606997202  0.95105651629515398 43.2721999967887 97.674999999999997 3.6367715340189499  1 42.090541294686801 97.762500000000003 5.1873533073381903  0.95105651629515398 40.223150224304703 97.849999999999994 5.7472387547829298  1 38.355759153922598 97.9375 6.3071242022276603  0.95105651629515398 36.515915633858299 98.025000000000006 5.6624561126804398  1 34.676072113794099 98.112499999999997 5.0177880231332299  0.95105651629515398 33.566533834730798 98.200000000000003 3.4148076953386401  1 32.456995555667604 98.287499999999994 1.8118273675440399  0.95105651629515398 32.501568428388602 98.375 -0.13718119657783701  1 32.5461413011095 98.462500000000006 -2.0861897606997202  0.95105651629515398 33.727800003211399 98.549999999999997 -3.6367715340189601  1 34.909458705313298 98.637500000000003 -5.1873533073381903  0.95105651629515398 36.776849775695403 98.724999999999994 -5.7472387547829298  1 38.644240846077402 98.8125 -6.3071242022276603  0.95105651629515398 40.484084366141701 98.900000000000006 -5.6624561126804398  1 42.323927886206 98.987499999999997 -5.0177880231332299  0.95105651629515398 43.433466165269202 99.075000000000003 -3.4148076953386401  1 44.543004444332503 99.162499999999994 -1.8118273675440399  0.95105651629515398 44.498431571611498 99.25 0.13718119657783601  1 44.453858698890599 99.337500000000006 2.0861897606997202  0.95105651629515398 43.2721999967887 99.424999999999997 3.6367715340189499  1 42.090541294686801 99.512500000000003 5.1873533073381903  0.95105651629515398 40.223150224304703 99.599999999999994 5.7472387547829298  1 38.355759153922598 99.6875 6.3071242022276603  0.95105651629515398 36.515915633858299 99.775000000000006 5.6624561126804398  1 34.676072113794099 99.862499999999997 5.0177880231332299  0.95105651629515398 33.566533834730798 99.950000000000003 3.4148076953386401  1 32.456995555667604 100.03749999999999 1.8118273675440399  0.95105651629515398 32.501568428388602 100.125 -0.13718119657783701  1 32.5461413011095 100.21250000000001 -2.0861897606997202  0.95105651629515398 33.727800003211399 100.3 -3.6367715340189601  1 34.909458705313298 100.3875 -5.1873533073381903  0.95105651629515398 36.776849775695403 100.47499999999999 -5.7472387547829298  1 38.644240846077402 100.5625 -6.3071242022276603  0.95105651629515398 40.484084366141701 100.65000000000001 -5.6624561126804398  1 42.323927886206 100.7375 -5.0177880231332299  0.95105651629515398 43.433466165269202 100.825 -3.4148076953386401  1 44.543004444332503 100.91249999999999 -1.8118273675440399  0.95105651629515398 44.498431571611498 101 0.13718119657783601  1 44.453858698890599 101.08750000000001 2.0861897606997202  0.95105651629515398 43.2721999967887 101.175 3.6367715340189499  1 42.090541294686801 101.2625 5.1873533073381903  0.95105651629515398 40.223150224304703 101.34999999999999 5.7472387547829298  1 38.355759153922598 101.4375 6.3071242022276603  0.95105651629515398 36.515915633858299 101.52500000000001 5.6624561126804398  1 34.676072113794099 101.6125 5.0177880231332299  0.95105651629515398 33.566533834730798 101.7 3.4148076953386401  1 32.456995555667604 101.78749999999999 1.8118273675440399  0.95105651629515398 32.501568428388602 101.875 -0.13718119657783701  1 32.5461413011095 101.96250000000001 -2.0861897606997202  0.95105651629515398 33.727800003211399 102.05 -3.6367715340189601  1 34.909458705313298 102.1375 -5.1873533073381903  0.95105651629515398 36.776849775695403 102.22499999999999 -5.7472387547829298  1 38.644240846077402 102.3125 -6.3071242022276603  0.95105651629515398 40.484084366141701 102.40000000000001 -5.6624561126804398  1 42.323927886206 102.4875 -5.0177880231332299  0.95105651629515398 43.433466165269202 102.575 -3.4148076953386401  1 44.543004444332503 102.66249999999999 -1.8118273675440399  0.95105651629515398 44.498431571611498 102.75 0.13718119657783601  1 44.453858698890599 102.83750000000001 2.0861897606997202  0.95105651629515398 43.2721999967887 102.925 3.6367715340189499  1 42.090541294686801 103.0125 5.1873533073381903  0.95105651629515398 40.223150224304703 103.09999999999999 5.7472387547829298  1 38.355759153922598 103.1875 6.3071242022276603  0.95105651629515398 36.515915633858299 103.27500000000001 5.6624561126804398  1 34.676072113794099 103.3625 5.0177880231332299  0.95105651629515398 33.566533834730798 103.45 3.4148076953386401  1 32.456995555667604 103.53749999999999 1.8118273675440399  0.95105651629515398 32.501568428388602 103.625 -0.13718119657783701  1 32.5461413011095 103.71250000000001 -2.0861897606997202  0.95105651629515398 33.727800003211399 103.8 -3.6367715340189601  1 34.909458705313298 103.8875 -5.1873533073381903  0.95105651629515398 36.776849775695403 103.97499999999999 -5.7472387547829298  1 38.644240846077402 104.0625 -6.3071242022276603  0.95105651629515398 40.484084366141701 104.15000000000001 -5.6624561126804398  1 42.323927886206 104.2375 -5.0177880231332299  0.95105651629515398 43.433466165269202 104.325 -3.4148076953386401  1 44.543004444332503 104.41249999999999 -1.8118273675440399  0.95105651629515398 44.498431571611498 104.5 0.13718119657783601  1 44.453858698890599 104.58750000000001 2.0861897606997202  0.95105651629515398 43.2721999967887 104.675 3.6367715340189499  1 42.090541294686801 104.7625 5.1873533073381903  0.95105651629515398 40.223150224304703 104.84999999999999 5.7472387547829298  1 38.355759153922598 104.9375 6.3071242022276603  0.95105651629515398 36.515915633858299 105.02500000000001 5.6624561126804398  1 34.676072113794099 105.1125 5.0177880231332299  0.95105651629515398 33.566533834730798 105.2 3.4148076953386299  1 32.456995555667604 105.28749999999999 1.8118273675440399  0.95105651629515398 32.501568428388602 105.375 -0.13718119657783701  1 32.5461413011095 105.46250000000001 -2.0861897606997202  0.95105651629515398 33.727800003211399 105.55 -3.6367715340189601  1 34.909458705313298 105.6375 -5.1873533073381903  0.95105651629515398 36.776849775695403 105.72499999999999 -5.7472387547829298  1 38.644240846077402 105.8125 -6.3071242022276603  0.95105651629515398 40.484084366141701 105.90000000000001 -5.6624561126804398  1 42.323927886206 105.9875 -5.0177880231332299  0.95105651629515398 43.433466165269202 106.075 -3.4148076953386401  1 44.543004444332503 106.16249999999999 -1.8118273675440499  0.95105651629515398 44.498431571611498 106.25 0.13718119657783601  1 44.453858698890599 106.33750000000001 2.0861897606997202  0.95105651629515398 43.2721999967887 106.425 3.6367715340189499  1 42.090541294686801 106.5125 5.1873533073381903  0.95105651629515398 40.223150224304703 106.59999999999999 5.7472387547829298  1 38.355759153922598 106.6875 6.3071242022276603  0.95105651629515398 36.515915633858299 106.77500000000001 5.6624561126804398  1 34.676072113794099 106.8625 5.0177880231332299  0.95105651629515398 33.566533834730798 106.95 3.4148076953386299  1 32.456995555667604 107.03749999999999 1.8118273675440399  0.95105651629515398 32.501568428388602 107.125 -0.13718119657783701  1 32.5461413011095 107.21250000000001 -2.0861897606997202  0.95105651629515398 33.727800003211399 107.3 -3.6367715340189601  1 34.909458705313298 107.3875 -5.1873533073381903  0.95105651629515398 36.776849775695403 107.47499999999999 -5.7472387547829298  1 38.644240846077402 107.5625 -6.3071242022276603  0.95105651629515398 40.484084366141701 107.65000000000001 -5.6624561126804398  1 42.323927886206 107.7375 -5.0177880231332299  0.95105651629515398 43.433466165269202 107.825 -3.4148076953386401  1 44.543004444332503 107.91249999999999 -1.8118273675440499  0.95105651629515398 44.498431571611498 108 0.13718119657783601  1 44.453858698890599 108.08750000000001 2.0861897606997202  0.95105651629515398 43.2721999967887 108.175 3.6367715340189499  1 42.090541294686801 108.2625 5.1873533073381903  0.95105651629515398 40.223150224304703 108.34999999999999 5.7472387547829298  1 38.355759153922598 108.4375 6.3071242022276603  0.95105651629515398 36.515915633858299 108.52500000000001 5.6624561126804398  1 34.676072113794099 108.6125 5.0177880231332299  0.95105651629515398 33.566533834730798 108.7 3.4148076953386299  1 32.456995555667604 108.78749999999999 1.8118273675440399  0.95105651629515398 32.501568428388602 108.875 -0.13718119657783701  1 32.5461413011095 108.96250000000001 -2.0861897606997202  0.95105651629515398 33.727800003211399 109.05 -3.6367715340189601  1 34.909458705313298 109.1375 -5.1873533073381903  0.95105651629515398 36.776849775695403 109.22499999999999 -5.7472387547829298  1 38.644240846077402 109.3125 -6.3071242022276603  0.95105651629515398 40.484084366141701 109.40000000000001 -5.6624561126804398  1 42.323927886206 109.4875 -5.0177880231332299  0.95105651629515398 43.433466165269202 109.575 -3.4148076953386401  1 44.543004444332503 109.66249999999999 -1.8118273675440499  0.95105651629515398 44.498431571611498 109.75 0.13718119657783601  1 44.453858698890599 109.83750000000001 2.0861897606997202  0.95105651629515398 43.2721999967887 109.925 3.6367715340189499  1 42.090541294686801 110.0125 5.1873533073381903  0.95105651629515398 40.223150224304703 110.09999999999999 5.7472387547829298  1 38.355759153922598 110.1875 6.3071242022276603  0.95105651629515398 36.515915633858299 110.27500000000001 5.6624561126804398  1 34.676072113794099 110.3625 5.0177880231332299  0.95105651629515398 33.566533834730798 110.45 3.4148076953386299  1 32.456995555667604 110.53749999999999 1.8118273675440399  0.95105651629515398 32.501568428388602 110.625 -0.137181196577838  1 32.5461413011095 110.71250000000001 -2.0861897606997202  0.95105651629515398 33.727800003211399 110.8 -3.6367715340189601  1 34.909458705313298 110.8875 -5.1873533073381903  0.95105651629515398 36.776849775695403 110.97499999999999 -5.7472387547829298  1 38.644240846077402 111.0625 -6.3071242022276603  0.95105651629515398 40.484084366141701 111.15000000000001 -5.6624561126804398  1 42.323927886206 111.2375 -5.0177880231332299  0.95105651629515398 43.433466165269202 111.325 -3.4148076953386401  1 44.543004444332503 111.41249999999999 -1.8118273675440499  0.95105651629515398 44.498431571611498 111.5 0.13718119657783601  1 44.453858698890599 111.58750000000001 2.0861897606997202  0.95105651629515398 43.2721999967887 111.675 3.6367715340189499  1 42.090541294686801 111.7625 5.1873533073381903  0.95105651629515398 40.223150224304703 111.84999999999999 5.7472387547829298  1 38.355759153922598 111.9375 6.3071242022276603  0.95105651629515398 36.515915633858299 112.02500000000001 5.6624561126804398  1 34.676072113794099 112.1125 5.0177880231332201  0.95105651629515398 33.566533834730798 112.2 3.4148076953386299  1 32.456995555667604 112.28749999999999 1.8118273675440399  0.95105651629515398 32.501568428388602 112.375 -0.137181196577838  1 32.5461413011095 112.46250000000001 -2.0861897606997202  0.95105651629515398 33.727800003211399 112.55 -3.6367715340189601  1 34.909458705313298 112.6375 -5.1873533073381903  0.95105651629515398 36.776849775695403 112.72499999999999 -5.7472387547829298  1 38.644240846077402 112.8125 -6.3071242022276603  0.95105651629515398 40.484084366141701 112.90000000000001 -5.6624561126804398  1 42.323927886206 112.9875 -5.0177880231332299  0.95105651629515398 43.433466165269202 113.075 -3.4148076953386401  1 44.543004444332503 113.16249999999999 -1.8118273675440499  0.95105651629515398 44.498431571611498 113.25 0.13718119657783601  1 44.453858698890599 113.33750000000001 2.08618976069971  0.95105651629515398 43.2721999967887 113.425 3.6367715340189499  1 42.090541294686801 113.5125 5.1873533073381903  0.95105651629515398 40.223150224304703 113.59999999999999 5.7472387547829298  1 38.355759153922598 113.6875 6.3071242022276603  0.95105651629515398 36.515915633858299 113.77500000000001 5.6624561126804398  1 34.676072113794099 113.8625 5.0177880231332201  0.95105651629515398 33.566533834730798 113.95 3.4148076953386299  1 32.456995555667604 114.03749999999999 1.8118273675440399  0.95105651629515398 32.501568428388602 114.125 -0.137181196577838  1 32.5461413011095 114.21250000000001 -2.0861897606997202  0.95105651629515398 33.727800003211399 114.3 -3.6367715340189601  1 34.909458705313298 114.3875 -5.1873533073381903  0.95105651629515398 36.776849775695403 114.47499999999999 -5.7472387547829298  1 38.644240846077402 114.5625 -6.3071242022276603  0.95105651629515398 40.484084366141701 114.65000000000001 -5.6624561126804398  1 42.323927886206 114.7375 -5.0177880231332299  0.95105651629515398 43.433466165269202 114.825 -3.4148076953386401  1 44.543004444332503 114.91249999999999 -1.8118273675440499  0.95105651629515398 44.498431571611498 115 0.13718119657783601  1 44.453858698890599 115.08750000000001 2.08618976069971  0.95105651629515398 43.2721999967887 115.175 3.6367715340189499  1 42.090541294686801 115.2625 5.1873533073381903  0.95105651629515398 40.223150224304703 115.34999999999999 5.7472387547829298  1 38.355759153922598 115.4375 6.3071242022276603  0.95105651629515398 36.515915633858299 115.52500000000001 5.6624561126804398  1 34.676072113794099 115.6125 5.0177880231332201  0.95105651629515398 33.566533834730798 115.7 3.4148076953386299  1 32.456995555667604 115.78749999999999 1.8118273675440399  0.95105651629515398 32.501568428388602 115.875 -0.137181196577838  1 32.5461413011095 115.96250000000001 -2.0861897606997202  0.95105651629515398 33.727800003211399 116.05 -3.6367715340189601  1 34.909458705313298 116.1375 -5.1873533073381903  0.95105651629515398 36.776849775695403 116.22499999999999 -5.7472387547829298  1 38.644240846077402 116.3125 -6.3071242022276603  0.95105651629515398 40.484084366141701 116.40000000000001 -5.6624561126804398  1 42.323927886206 116.4875 -5.0177880231332299  0.95105651629515398 43.433466165269202 116.575 -3.4148076953386401  1 44.543004444332503 116.66249999999999 -1.8118273675440499  0.95105651629515398 44.498431571611498 116.75 0.13718119657783601  1 44.453858698890599 116.83750000000001 2.08618976069971  0.95105651629515398 43.2721999967887 116.925 3.6367715340189499  1 42.090541294686801 117.0125 5.1873533073381903  0.95105651629515398 40.223150224304703 117.09999999999999 5.7472387547829298  1 38.355759153922598 117.1875 6.3071242022276603  0.95105651629515398 36.515915633858299 117.27500000000001 5.6624561126804398  1 34.676072113794099 117.3625 5.0177880231332201  0.95105651629515398 33.566533834730798 117.45 3.4148076953386299  1 32.456995555667604 117.53749999999999 1.8118273675440399  0.95105651629515398 32.501568428388602 117.625 -0.137181196577838  1 
45.364230592257897 94.5 0.15698159677082901  1 45.313224179521001 94.587500000000006 2.3873053156798698  0.95105651629515398 43.961007734981798 94.674999999999997 4.1616942900557099  1 42.608791290442703 94.762500000000003 5.9360832644315504  0.95105651629515398 40.471865535768799 94.849999999999994 6.5767812153256697  1 38.334939781094903 94.9375 7.2174791662197997  0.95105651629515398 36.229537723136602 95.025000000000006 6.4797612529130699  1 34.1241356651784 95.112499999999997 5.7420433396063402  0.95105651629515398 32.854449330091803 95.200000000000003 3.90769273087228  1 31.584762995005299 95.287499999999994 2.07334212213821  0.95105651629515398 31.635769407742199 95.375 -0.15698159677082901  1 31.686775820479099 95.462500000000006 -2.3873053156798698  0.95105651629515398 33.038992265018301 95.549999999999997 -4.1616942900557099  1 34.391208709557397 95.637500000000003 -5.9360832644315504  0.95105651629515398 36.5281344642313 95.724999999999994 -6.5767812153256697  1 38.665060218905197 95.8125 -7.2174791662197997  0.95105651629515398 40.770462276863398 95.900000000000006 -6.4797612529130699  1 42.875864334821699 95.987499999999997 -5.7420433396063402  0.95105651629515398 44.145550669908303 96.075000000000003 -3.90769273087228  1 45.4152370049948 96.162499999999994 -2.0733421221382198  0.95105651629515398 45.364230592257897 96.25 0.15698159677082901  1 45.313224179521001 96.337500000000006 2.3873053156798698  0.95105651629515398 43.961007734981798 96.424999999999997 4.1616942900557099  1 42.608791290442703 96.512500000000003 5.9360832644315504  0.95105651629515398 40.471865535768799 96.599999999999994 6.5767812153256697  1 38.334939781094903 96.6875 7.2174791662197997  0.95105651629515398 36.229537723136602 96.775000000000006 6.4797612529130699  1 34.1241356651784 96.862499999999997 5.7420433396063402  0.95105651629515398 32.854449330091803 96.950000000000003 3.90769273087228  1 31.584762995005299 97.037499999999994 2.07334212213821  0.95105651629515398 31.635769407742199 97.125 -0.15698159677082901  1 31.686775820479099 97.212500000000006 -2.3873053156798698  0.95105651629515398 33.038992265018301 97.299999999999997 -4.1616942900557099  1 34.391208709557397 97.387500000000003 -5.9360832644315504  0.95105651629515398 36.5281344642313 97.474999999999994 -6.5767812153256697  1 38.665060218905197 97.5625 -7.2174791662197997  0.95105651629515398 40.770462276863398 97.650000000000006 -6.4797612529130699  1 42.875864334821699 97.737499999999997 -5.7420433396063402  0.95105651629515398 44.145550669908303 97.825000000000003 -3.90769273087228  1 45.4152370049948 97.912499999999994 -2.0733421221382198  0.95105651629515398 45.364230592257897 98 0.15698159677082901  1 45.313224179521001 98.087500000000006 2.3873053156798698  0.95105651629515398 43.961007734981798 98.174999999999997 4.1616942900557099  1 42.608791290442703 98.262500000000003 5.9360832644315504  0.95105651629515398 40.471865535768799 98.349999999999994 6.5767812153256697  1 38.334939781094903 98.4375 7.2174791662197997  0.95105651629515398 36.229537723136602 98.525000000000006 6.4797612529130699  1 34.1241356651784 98.612499999999997 5.7420433396063402  0.95105651629515398 32.854449330091803 98.700000000000003 3.90769273087228  1 31.584762995005299 98.787499999999994 2.07334212213821  0.95105651629515398 31.635769407742199 98.875 -0.15698159677082901  1 31.686775820479099 98.962500000000006 -2.3873053156798698  0.95105651629515398 33.038992265018301 99.049999999999997 -4.1616942900557099  1 34.391208709557397 99.137500000000003 -5.9360832644315504  0.95105651629515398 36.5281344642313 99.224999999999994 -6.5767812153256697  1 38.665060218905197 99.3125 -7.2174791662197997  0.95105651629515398 40.770462276863398 99.400000000000006 -6.4797612529130699  1 42.875864334821699 99.487499999999997 -5.7420433396063402  0.95105651629515398 44.145550669908303 99.575000000000003 -3.90769273087228  1 45.4152370049948 99.662499999999994 -2.0733421221382198  0.95105651629515398 45.364230592257897 99.75 0.15698159677082901  1 45.313224179521001 99.837500000000006 2.3873053156798698  0.95105651629515398 43.961007734981798 99.924999999999997 4.1616942900557099  1 42.608791290442703 100.0125 5.9360832644315504  0.95105651629515398 40.471865535768799 100.09999999999999 6.5767812153256697  1 38.334939781094903 100.1875 7.2174791662197997  0.95105651629515398 36.229537723136602 100.27500000000001 6.4797612529130699  1 34.1241356651784 100.3625 5.7420433396063402  0.95105651629515398 32.854449330091803 100.45 3.90769273087228  1 31.584762995005299 100.53749999999999 2.07334212213821  0.95105651629515398 31.635769407742199 100.625 -0.15698159677082901  1 31.686775820479099 100.71250000000001 -2.3873053156798698  0.95105651629515398 33.038992265018301 100.8 -4.1616942900557099  1 34.391208709557397 100.8875 -5.9360832644315504  0.95105651629515398 36.5281344642313 100.97499999999999 -6.5767812153256697  1 38.665060218905197 101.0625 -7.2174791662197997  0.95105651629515398 40.770462276863398 101.15000000000001 -6.4797612529130699  1 42.875864334821699 101.2375 -5.7420433396063402  0.95105651629515398 44.145550669908303 101.325 -3.90769273087228  1 45.4152370049948 101.41249999999999 -2.0733421221382198  0.95105651629515398 45.364230592257897 101.5 0.15698159677082801  1 45.313224179521001 101.58750000000001 2.3873053156798698  0.95105651629515398 43.961007734981798 101.675 4.1616942900557099  1 42.608791290442703 101.7625 5.9360832644315504  0.95105651629515398 40.471865535768799 101.84999999999999 6.5767812153256697  1 38.334939781094903 101.9375 7.2174791662197997  0.95105651629515398 36.229537723136602 102.02500000000001 6.4797612529130699  1 34.1241356651784 102.1125 5.7420433396063402  0.95105651629515398 32.854449330091803 102.2 3.90769273087228  1 31.584762995005299 102.28749999999999 2.07334212213821  0.95105651629515398 31.635769407742199 102.375 -0.15698159677082901  1 31.686775820479099 102.46250000000001 -2.3873053156798698  0.95105651629515398 33.038992265018301 102.55 -4.1616942900557099  1 34.391208709557397 102.6375 -5.9360832644315504  0.95105651629515398 36.5281344642313 102.72499999999999 -6.5767812153256697  1 38.665060218905197 102.8125 -7.2174791662197997  0.95105651629515398 40.770462276863398 102.90000000000001 -6.4797612529130699  1 42.875864334821699 102.9875 -5.7420433396063402  0.95105651629515398 44.145550669908303 103.075 -3.90769273087228  1 45.4152370049948 103.16249999999999 -2.0733421221382198  0.95105651629515398 45.364230592257897 103.25 0.15698159677082801  1 45.313224179521001 103.33750000000001 2.3873053156798698  0.95105651629515398 43.961007734981798 103.425 4.1616942900557099  1 42.608791290442703 103.5125 5.9360832644315504  0.95105651629515398 40.471865535768799 103.59999999999999 6.5767812153256697  1 38.334939781094903 103.6875 7.2174791662197997  0.95105651629515398 36.229537723136602 103.77500000000001 6.4797612529130699  1 34.1241356651784 103.8625 5.7420433396063402  0.95105651629515398 32.854449330091803 103.95 3.90769273087228  1 31.584762995005299 104.03749999999999 2.07334212213821  0.95105651629515398 31.635769407742199 104.125 -0.15698159677082901  1 31.686775820479099 104.21250000000001 -2.3873053156798698  0.95105651629515398 33.038992265018301 104.3 -4.1616942900557099  1 34.391208709557397 104.3875 -5.9360832644315504  0.95105651629515398 36.5281344642313 104.47499999999999 -6.5767812153256697  1 38.665060218905197 104.5625 -7.2174791662197997  0.95105651629515398 40.770462276863398 104.65000000000001 -6.4797612529130699  1 42.875864334821699 104.7375 -5.7420433396063402  0.95105651629515398 44.145550669908303 104.825 -3.90769273087228  1 45.4152370049948 104.91249999999999 -2.0733421221382198  0.95105651629515398 45.364230592257897 105 0.15698159677082801  1 45.313224179521001 105.08750000000001 2.3873053156798698  0.95105651629515398 43.961007734981798 105.175 4.1616942900557099  1 42.608791290442703 105.2625 5.9360832644315504  0.95105651629515398 40.471865535768799 105.34999999999999 6.5767812153256697  1 38.334939781094903 105.4375 7.2174791662197997  0.95105651629515398 36.229537723136602 105.52500000000001 6.4797612529130699  1 34.1241356651784 105.6125 5.7420433396063402  0.95105651629515398 32.854449330091803 105.7 3.90769273087228  1 31.584762995005299 105.78749999999999 2.07334212213821  0.95105651629515398 31.635769407742199 105.875 -0.15698159677083001  1 31.686775820479099 105.96250000000001 -2.3873053156798698  0.95105651629515398 33.038992265018301 106.05 -4.1616942900557099  1 34.391208709557397 106.1375 -5.9360832644315504  0.95105651629515398 36.5281344642313 106.22499999999999 -6.5767812153256697  1 38.665060218905197 106.3125 -7.2174791662197997  0.95105651629515398 40.770462276863398 106.40000000000001 -6.4797612529130699  1 42.875864334821699 106.4875 -5.7420433396063402  0.95105651629515398 44.145550669908303 106.575 -3.90769273087228  1 45.4152370049948 106.66249999999999 -2.0733421221382198  0.95105651629515398 45.364230592257897 106.75 0.15698159677082801  1 45.313224179521001 106.83750000000001 2.3873053156798698  0.95105651629515398 43.961007734981798 106.925 4.1616942900557099  1 42.608791290442703 107.0125 5.9360832644315504  0.95105651629515398 40.471865535768799 107.09999999999999 6.5767812153256697  1 38.334939781094903 107.1875 7.2174791662197997  0.95105651629515398 36.229537723136602 107.27500000000001 6.4797612529130699  1 34.1241356651784 107.3625 5.7420433396063402  0.95105651629515398 32.854449330091803 107.45 3.90769273087228  1 31.584762995005299 107.53749999999999 2.07334212213821  0.95105651629515398 31.635769407742199 107.625 -0.15698159677083001  1 31.686775820479099 107.71250000000001 -2.3873053156798698  0.95105651629515398 33.038992265018301 107.8 -4.1616942900557099  1 34.391208709557397 107.8875 -5.9360832644315504  0.95105651629515398 36.5281344642313 107.97499999999999 -6.5767812153256697  1 38.665060218905197 108.0625 -7.2174791662197997  0.95105651629515398 40.770462276863398 108.15000000000001 -6.4797612529130699  1 42.875864334821699 108.2375 -5.7420433396063402  0.95105651629515398 44.145550669908303 108.325 -3.90769273087228  1 45.4152370049948 108.41249999999999 -2.0733421221382198  0.95105651629515398 45.364230592257897 108.5 0.15698159677082801  1 45.313224179521001 108.58750000000001 2.3873053156798698  0.95105651629515398 43.961007734981798 108.675 4.1616942900557099  1 42.608791290442703 108.7625 5.9360832644315504  0.95105651629515398 40.471865535768799 108.84999999999999 6.5767812153256697  1 38.334939781094903 108.9375 7.2174791662197997  0.95105651629515398 36.229537723136602 109.02500000000001 6.4797612529130699  1 34.1241356651784 109.1125 5.7420433396063402  0.95105651629515398 32.854449330091803 109.2 3.90769273087228  1 31.584762995005299 109.28749999999999 2.07334212213821  0.95105651629515398 31.635769407742199 109.375 -0.15698159677083001  1 31.686775820479099 109.46250000000001 -2.3873053156798698  0.95105651629515398 33.038992265018301 109.55 -4.1616942900557099  1 34.391208709557397 109.6375 -5.9360832644315504  0.95105651629515398 36.5281344642313 109.72499999999999 -6.5767812153256697  1 38.665060218905197 109.8125 -7.2174791662197997  0.95105651629515398 40.770462276863398 109.90000000000001 -6.4797612529130699  1 42.875864334821699 109.9875 -5.7420433396063402  0.95105651629515398 44.145550669908303 110.075 -3.90769273087228  1 45.4152370049948 110.16249999999999 -2.0733421221382198  0.95105651629515398 45.364230592257897 110.25 0.15698159677082801  1 45.313224179521001 110.33750000000001 2.3873053156798698  0.95105651629515398 43.961007734981798 110.425 4.1616942900557099  1 42.608791290442703 110.5125 5.9360832644315504  0.95105651629515398 40.471865535768799 110.59999999999999 6.5767812153256697  1 38.334939781094903 110.6875 7.2174791662197997  0.95105651629515398 36.229537723136602 110.77500000000001 6.4797612529130699  1 34.1241356651784 110.8625 5.7420433396063402  0.95105651629515398 32.854449330091803 110.95 3.90769273087228  1 31.584762995005299 111.03749999999999 2.07334212213821  0.95105651629515398 31.635769407742199 111.125 -0.15698159677083001  1 31.686775820479099 111.21250000000001 -2.3873053156798698  0.95105651629515398 33.038992265018301 111.3 -4.1616942900557099  1 34.391208709557397 111.3875 -5.9360832644315504  0.95105651629515398 36.5281344642313 111.47499999999999 -6.5767812153256697  1 38.665060218905197 111.5625 -7.2174791662197997  0.95105651629515398 40.770462276863398 111.65000000000001 -6.4797612529130699  1 42.875864334821699 111.7375 -5.7420433396063402  0.95105651629515398 44.145550669908303 111.825 -3.90769273087228  1 45.4152370049948 111.91249999999999 -2.0733421221382198  0.95105651629515398 45.364230592257897 112 0.15698159677082801  1 45.313224179521001 112.08750000000001 2.3873053156798698  0.95105651629515398 43.961007734981798 112.175 4.1616942900557099  1 42.608791290442703 112.2625 5.9360832644315504  0.95105651629515398 40.471865535768799 112.34999999999999 6.5767812153256697  1 38.334939781094903 112.4375 7.2174791662197997  0.95105651629515398 36.229537723136602 112.52500000000001 6.4797612529130699  1 34.1241356651784 112.6125 5.7420433396063402  0.95105651629515398 32.854449330091803 112.7 3.90769273087228  1 31.584762995005299 112.78749999999999 2.07334212213821  0.95105651629515398 31.635769407742199 112.875 -0.15698159677083001  1 31.686775820479099 112.96250000000001 -2.3873053156798698  0.95105651629515398 33.038992265018301 113.05 -4.1616942900557099  1 34.391208709557397 113.1375 -5.9360832644315504  0.95105651629515398 36.5281344642313 113.22499999999999 -6.5767812153256697  1 38.665060218905197 113.3125 -7.2174791662197997  0.95105651629515398 40.770462276863398 113.40000000000001 -6.4797612529130699  1 42.875864334821699 113.4875 -5.7420433396063402  0.95105651629515398 44.145550669908303 113.575 -3.90769273087228  1 45.4152370049948 113.66249999999999 -2.0733421221382198  0.95105651629515398 45.364230592257897 113.75 0.15698159677082801  1 45.313224179521001 113.83750000000001 2.3873053156798698  0.95105651629515398 43.961007734981798 113.925 4.1616942900557099  1 42.608791290442703 114.0125 5.9360832644315504  0.95105651629515398 40.471865535768799 114.09999999999999 6.5767812153256697  1 38.334939781094903 114.1875 7.2174791662197997  0.95105651629515398 36.229537723136602 114.27500000000001 6.4797612529130699  1 34.1241356651784 114.3625 5.7420433396063402  0.95105651629515398 32.854449330091803 114.45 3.90769273087228  1 31.584762995005299 114.53749999999999 2.07334212213821  0.95105651629515398 31.635769407742199 114.625 -0.15698159677083001  1 31.686775820479099 114.71250000000001 -2.3873053156798698  0.95105651629515398 33.038992265018301 114.8 -4.1616942900557099  1 34.391208709557397 114.8875 -5.9360832644315504  0.95105651629515398 36.5281344642313 114.97499999999999 -6.5767812153256697  1 38.665060218905197 115.0625 -7.2174791662197997  0.95105651629515398 40.770462276863398 115.15000000000001 -6.4797612529130699  1 42.875864334821699 115.2375 -5.7420433396063402  0.95105651629515398 44.145550669908303 115.325 -3.90769273087228  1 45.4152370049948 115.41249999999999 -2.0733421221382198  0.95105651629515398 45.364230592257897 115.5 0.15698159677082801  1 45.313224179521001 115.58750000000001 2.3873053156798698  0.95105651629515398 43.961007734981798 115.675 4.1616942900557099  1 42.608791290442703 115.7625 5.9360832644315398  0.95105651629515398 40.471865535768799 115.84999999999999 6.5767812153256697  1 38.334939781094903 115.9375 7.2174791662197997  0.95105651629515398 36.229537723136602 116.02500000000001 6.4797612529130699  1 34.1241356651784 116.1125 5.7420433396063402  0.95105651629515398 32.854449330091803 116.2 3.90769273087228  1 31.584762995005299 116.28749999999999 2.07334212213821  0.95105651629515398 31.635769407742199 116.375 -0.15698159677083001  1 31.686775820479099 116.46250000000001 -2.3873053156798698  0.95105651629515398 33.038992265018301 116.55 -4.1616942900557099  1 34.391208709557397 116.6375 -5.9360832644315504  0.95105651629515398 36.5281344642313 116.72499999999999 -6.5767812153256697  1 38.665060218905197 116.8125 -7.2174791662197997  0.95105651629515398 40.770462276863398 116.90000000000001 -6.4797612529130699  1 42.875864334821699 116.9875 -5.7420433396063402  0.95105651629515398 44.145550669908303 117.075 -3.90769273087228  1 45.4152370049948 117.16249999999999 -2.0733421221382198  0.95105651629515398 45.364230592257897 117.25 0.15698159677082801  1 45.313224179521001 117.33750000000001 2.3873053156798698  0.95105651629515398 43.961007734981798 117.425 4.1616942900557099  1 42.608791290442703 117.5125 5.9360832644315398  0.95105651629515398 40.471865535768799 117.59999999999999 6.5767812153256697  1 38.334939781094903 117.6875 7.2174791662197899  0.95105651629515398 36.229537723136602 117.77500000000001 6.4797612529130699  1 34.1241356651784 117.8625 5.7420433396063402  0.95105651629515398 32.854449330091803 117.95 3.90769273087228  1 31.584762995005299 118.03749999999999 2.07334212213821  0.95105651629515398 31.635769407742199 118.125 -0.15698159677083001  1 

0 2
1 2

0 3
0.00714285714285714 2
0.014285714285714299 2
0.021428571428571401 2
0.028571428571428598 2
0.035714285714285698 2
0.042857142857142899 2
0.050000000000000003 2
0.057142857142857099 2
0.064285714285714293 2
0.071428571428571397 2
0.078571428571428598 2
0.085714285714285701 2
0.092857142857142902 2
0.10000000000000001 2
0.107142857142857 2
0.114285714285714 2
0.121428571428571 2
0.128571428571429 2
0.13571428571428601 2
0.14285714285714299 2
0.14999999999999999 2
0.157142857142857 2
0.16428571428571401 2
0.17142857142857101 2
0.17857142857142899 2
0.185714285714286 2
0.192857142857143 2
0.20000000000000001 2
0.20714285714285699 2
0.214285714285714 2
0.221428571428571 2
0.22857142857142901 2
0.23571428571428599 2
0.24285714285714299 2
0.25 2
0.25714285714285701 2
0.26428571428571401 2
0.27142857142857102 2
0.27857142857142903 2
0.28571428571428598 2
0.29285714285714298 2
0.29999999999999999 2
0.307142857142857 2
0.314285714285714 2
0.32142857142857101 2
0.32857142857142901 2
0.33571428571428602 2
0.34285714285714303 2
0.34999999999999998 2
0.35714285714285698 2
0.36428571428571399 2
0.371428571428571 2
0.378571428571429 2
0.38571428571428601 2
0.39285714285714302 2
0.40000000000000002 2
0.40714285714285697 2
0.41428571428571398 2
0.42142857142857099 2
0.42857142857142899 2
0.435714285714286 2
0.442857142857143 2
0.45000000000000001 2
0.45714285714285702 2
0.46428571428571402 2
0.47142857142857097 2
0.47857142857142898 2
0.48571428571428599 2
0.49285714285714299 2
0.5 2
0.50714285714285701 2
0.51428571428571401 2
0.52142857142857102 2
0.52857142857142903 2
0.53571428571428603 2
0.54285714285714304 2
0.55000000000000004 2
0.55714285714285705 2
0.56428571428571395 2
0.57142857142857095 2
0.57857142857142896 2
0.58571428571428596 2
0.59285714285714297 2
0.59999999999999998 2
0.60714285714285698 2
0.61428571428571399 2
0.621428571428571 2
0.628571428571429 2
0.63571428571428601 2
0.64285714285714302 2
0.65000000000000002 2
0.65714285714285703 2
0.66428571428571404 2
0.67142857142857104 2
0.67857142857142905 2
0.68571428571428605 2
0.69285714285714295 2
0.69999999999999996 2
0.70714285714285696 2
0.71428571428571397 2
0.72142857142857097 2
0.72857142857142798 2
0.73571428571428599 2
0.74285714285714299 2
0.75 2
0.75714285714285701 2
0.76428571428571401 2
0.77142857142857102 2
0.77857142857142903 2
0.78571428571428603 2
0.79285714285714304 2
0.80000000000000004 2
0.80714285714285705 2
0.81428571428571395 2
0.82142857142857095 2
0.82857142857142896 2
0.83571428571428596 2
0.84285714285714297 2
0.84999999999999998 2
0.85714285714285698 2
0.86428571428571399 2
0.871428571428571 2
0.878571428571428 2
0.88571428571428601 2
0.89285714285714302 2
0.90000000000000002 2
0.90714285714285703 2
0.91428571428571404 2
0.92142857142857104 2
0.92857142857142905 2
0.93571428571428605 2
0.94285714285714295 2
0.94999999999999996 2
0.95714285714285696 2
0.96428571428571397 3

2 38.5 119.5 -1.56931747817674e-15 1.6180944303219301e-17 1 -4.1274199144172697e-17 0.022863532762972712 -4.1633363423443389e-17 -0.99973859526858144 -0.99973859526858144 1.5233040523421365e-17 -0.022863532762972712 6
2 38.5 119.5 -1.56931747817674e-15 1.6180944303219301e-17 1 -4.1274199144172697e-17 0.022863532762972712 -4.1633363423443389e-17 -0.99973859526858144 -0.99973859526858144 1.5233040523421365e-17 -0.022863532762972712 6
2 38.5 119.5 -1.56931747817674e-15 1.6180944303219301e-17 1 -4.1274199144172697e-17 0.022863532762972712 -4.1633363423443389e-17 -0.99973859526858144 -0.99973859526858144 1.5233040523421365e-17 -0.022863532762972712 6
2 38.5 119.5 -1.56931747817674e-15 1.6180944303219301e-17 1 -4.1274199144172697e-17 0.022863532762972712 -4.1633363423443389e-17 -0.99973859526858144 -0.99973859526858144 1.5233040523421365e-17 -0.022863532762972712 6
2 38.5 119.5 -1.56931747817674e-15 1.6180944303219301e-17 1 -4.1274199144172697e-17 0.022863532762972712 -4.1633363423443389e-17 -0.99973859526858144 -0.99973859526858144 1.5233040523421365e-17 -0.022863532762972712 6
2 38.5 119.5 -1.56931747817674e-15 1.6180944303219301e-17 1 -4.1274199144172697e-17 0.022863532762972712 -4.1633363423443389e-17 -0.99973859526858144 -0.99973859526858144 1.5233040523421365e-17 -0.022863532762972712 6
2 38.5 119.5 -1.56931747817674e-15 1.6180944303219301e-17 1 -4.1274199144172697e-17 0.022863532762972712 -4.1633363423443389e-17 -0.99973859526858144 -0.99973859526858144 1.5233040523421365e-17 -0.022863532762972712 6
2 38.5 119.5 -1.56931747817674e-15 1.6180944303219301e-17 1 -4.1274199144172697e-17 0.022863532762972712 -4.1633363423443389e-17 -0.99973859526858144 -0.99973859526858144 1.5233040523421365e-17 -0.022863532762972712 6
2 38.5 119.5 -1.56931747817674e-15 1.6180944303219301e-17 1 -4.1274199144172697e-17 0.022863532762972712 -4.1633363423443389e-17 -0.99973859526858144 -0.99973859526858144 1.5233040523421365e-17 -0.022863532762972712 6
2 38.5 119.5 -1.56931747817674e-15 1.6180944303219301e-17 1 -4.1274199144172697e-17 0.022863532762972712 -4.1633363423443389e-17 -0.99973859526858144 -0.99973859526858144 1.5233040523421365e-17 -0.022863532762972712 6
2 38.5 119.5 -1.56931747817674e-15 1.6180944303219301e-17 1 -4.1274199144172697e-17 0.022863532762972712 -4.1633363423443389e-17 -0.99973859526858144 -0.99973859526858144 1.5233040523421365e-17 -0.022863532762972712 6
2 38.5 119.5 -1.56931747817674e-15 1.6180944303219301e-17 1 -4.1274199144172697e-17 0.022863532762972712 -4.1633363423443389e-17 -0.99973859526858144 -0.99973859526858144 1.5233040523421365e-17 -0.022863532762972712 6
2 38.5 119.5 -1.56931747817674e-15 1.6180944303219301e-17 1 -4.1274199144172697e-17 0.022863532762972712 -4.1633363423443389e-17 -0.99973859526858144 -0.99973859526858144 1.5233040523421365e-17 -0.022863532762972712 6
2 38.5 119.5 -1.56931747817674e-15 1.6180944303219301e-17 1 -4.1274199144172697e-17 0.022863532762972712 -4.1633363423443389e-17 -0.99973859526858144 -0.99973859526858144 1.5233040523421365e-17 -0.022863532762972712 6
2 38.5 119.5 -1.56931747817674e-15 1.6180944303219301e-17 1 -4.1274199144172697e-17 0.022863532762972712 -4.1633363423443389e-17 -0.99973859526858144 -0.99973859526858144 1.5233040523421365e-17 -0.022863532762972712 6
2 38.5 119.5 -1.56931747817674e-15 1.6180944303219301e-17 1 -4.1274199144172697e-17 0.022863532762972712 -4.1633363423443389e-17 -0.99973859526858144 -0.99973859526858144 1.5233040523421365e-17 -0.022863532762972712 6
2 38.5 119.5 -1.56931747817674e-15 1.6180944303219301e-17 1 -4.1274199144172697e-17 0.022863532762972712 -4.1633363423443389e-17 -0.99973859526858144 -0.99973859526858144 1.5233040523421365e-17 -0.022863532762972712 6
2 38.5 119.5 -1.56931747817674e-15 1.6180944303219301e-17 1 -4.1274199144172697e-17 0.022863532762972712 -4.1633363423443389e-17 -0.99973859526858144 -0.99973859526858144 1.5233040523421365e-17 -0.022863532762972712 6
2 38.5 119.5 -1.56931747817674e-15 1.6180944303219301e-17 1 -4.1274199144172697e-17 0.022863532762972712 -4.1633363423443389e-17 -0.99973859526858144 -0.99973859526858144 1.5233040523421365e-17 -0.022863532762972712 6
2 38.5 119.5 -1.56931747817674e-15 1.6180944303219301e-17 1 -4.1274199144172697e-17 0.022863532762972712 -4.1633363423443389e-17 -0.99973859526858144 -0.99973859526858144 1.5233040523421365e-17 -0.022863532762972712 6
2 38.5 119.5 -1.56931747817674e-15 1.6180944303219301e-17 1 -4.1274199144172697e-17 0.022863532762972712 -4.1633363423443389e-17 -0.99973859526858144 -0.99973859526858144 1.5233040523421365e-17 -0.022863532762972712 6
2 38.5 119.5 -1.56931747817674e-15 1.6180944303219301e-17 1 -4.1274199144172697e-17 0.022863532762972712 -4.1633363423443389e-17 -0.99973859526858144 -0.99973859526858144 1.5233040523421365e-17 -0.022863532762972712 6
2 38.5 119.5 -1.56931747817674e-15 1.6180944303219301e-17 1 -4.1274199144172697e-17 0.022863532762972712 -4.1633363423443389e-17 -0.99973859526858144 -0.99973859526858144 1.5233040523421365e-17 -0.022863532762972712 6
2 38.5 119.5 -1.56931747817674e-15 1.6180944303219301e-17 1 -4.1274199144172697e-17 0.022863532762972712 -4.1633363423443389e-17 -0.99973859526858144 -0.99973859526858144 1.5233040523421365e-17 -0.022863532762972712 6
1 44.498431571611498 94.5 0.13718119657783601 -0.022863532762972712 4.163336342344342e-17 0.99973859526858144 0.99973859526858144 -1.52330405234213e-17 0.022863532762972712 1.6180944303219233e-17 1 -4.1274199144172728e-17 
1 38.5 94.5 -5.3746249957242201e-16 1.6180944303219301e-17 1 -4.1274199144172697e-17 0.99973859526858144 -1.5233040523421362e-17 0.022863532762972809 0.022863532762972809 -4.1633363423443389e-17 -0.99973859526858144 
2 38.5 119.5 -1.56931747817674e-15 1.6180944303219301e-17 1 -4.1274199144172697e-17 0.022863532762972712 -4.1633363423443389e-17 -0.99973859526858144 -0.99973859526858144 1.5233040523421365e-17 -0.022863532762972712 6
2 38.5 89 -3.1045440427947199e-16 -1.6180944303219301e-17 -1 4.1274199144172697e-17 -0.022863532762972712 4.1633363423443389e-17 0.99973859526858144 -0.99973859526858144 1.5233040523421365e-17 -0.022863532762972712 18.25
1 38.5 89 -3.1045440427947199e-16 1.6180944303219301e-17 1 -4.1274199144172697e-17 0.99973859526858144 -1.5233040523421362e-17 0.022863532762972809 0.022863532762972809 -4.1633363423443389e-17 -0.99973859526858144 
1 48.122919189607202 94.5 -5.2661902361787201 -0.51966969782728312 4.3672070631402512e-17 0.85436725426487425 1.6180944303219298e-17 1 -4.1274199144172691e-17 -0.85436725426487425 -7.6244816415610004e-18 -0.51966969782728312 
1 38.750805069111301 94.5 -10.9667875948539 0.48006889744129816 2.8439030107981113e-17 0.87723078702784729 -1.6180944303219335e-17 -1 4.1274199144172648e-17 0.87723078702784729 -3.4008881781882391e-17 -0.48006889744129816 
1 29.127885879504099 94.5 -5.7005973586751999 0.99973859526858144 -1.5233040523421306e-17 0.022863532762972809 1.6180944303219246e-17 1 -4.1274199144172697e-17 -0.022863532762972809 4.1633363423443389e-17 0.99973859526858144 
1 28.877080810392901 94.5 5.2661902361787103 0.51966969782728312 -4.3672070631402512e-17 -0.85436725426487425 -1.6180944303219298e-17 -1 4.1274199144172691e-17 -0.85436725426487425 -7.6244816415610004e-18 -0.51966969782728312 
1 38.249194930888798 94.5 10.9667875948539 -0.48006889744129816 -2.8439030107981211e-17 -0.87723078702784729 -0.87723078702784729 3.4008881781882317e-17 0.48006889744129816 1.6180944303219218e-17 1 -4.1274199144172704e-17 
1 47.872114120496001 94.5 5.7005973586751999 -0.99973859526858144 1.5233040523421306e-17 -0.022863532762972712 1.6180944303219239e-17 1 -4.1274199144172697e-17 0.022863532762972712 -4.1633363423443389e-17 -0.99973859526858144 
1 32.501568428388602 117.875 -0.137181196577838 0.022863532762972611 -4.163336342344342e-17 -0.99973859526858144 -0.99973859526858144 1.52330405234213e-17 -0.022863532762972611 1.618094430321923e-17 1 -4.1274199144172734e-17 
5 0 0 -11.889150471698599 0 0 -1 -1 0 0 0 1 0 62.299999999999997 0.20000000000000001
2 0 0 16 0 0 1 -1 0 0 0 -1 0 62.5
5 0 0 -11.889150471698599 0 0 -1 -1 0 0 0 1 0 62.299999999999997 0.20000000000000001
3 0 0 -14.5 -0 -0 1 1 0 0 -0 1 0 58.5
1.0121970114513399
5 0 0 14.300000000000001 0 0 1 1 0 -0 -0 1 0 58.442640754717701 0.20000000000000001
3 0 0 14.5 -0 -0 -1 -1 0 0 0 1 -0 58.5
1.0121970114513399
5 0 0 14.300000000000001 0 0 1 1 0 -0 -0 1 0 58.442640754717701 0.20000000000000001
1 0 0 14.5 0 0 1 1 -0 0 0 1 -0 
5 0 0 14.699999999999999 0 0 1 1 0 -0 -0 1 0 50.200000000000003 0.20000000000000001
5 0 0 14.699999999999999 0 0 1 1 0 -0 -0 1 0 50.200000000000003 0.20000000000000001
2 0 0 14.5 0 0 -1 1 0 0 0 -1 0 50
5 0 0 -14.300000000000001 0 0 -1 -1 0 0 0 1 0 58.442640754717701 0.20000000000000001
5 0 0 -14.300000000000001 0 0 -1 -1 0 0 0 1 0 58.442640754717701 0.20000000000000001
1 0 0 -14.5 0 0 -1 0 -1 0 -1 -0 -0 
5 0 0 11.889150471698599 0 -0 1 1 0 0 -0 1 0 62.299999999999997 0.20000000000000001
5 0 0 11.889150471698599 0 -0 1 1 0 0 -0 1 0 62.299999999999997 0.20000000000000001
5 0 0 -14.699999999999999 0 0 -1 -1 0 0 0 1 0 50.200000000000003 0.20000000000000001
5 0 0 -14.699999999999999 0 0 -1 -1 0 0 0 1 0 50.200000000000003 0.20000000000000001
2 0 0 -14.5 0 0 1 -1 0 0 0 -1 0 50
5 0 0 -15.800000000000001 0 0 1 1 0 -0 -0 1 0 42.700000000000003 0.20000000000000001
2 0 0 -6 0 0 1 -1 0 0 0 -1 0 42.5
5 0 0 -15.800000000000001 0 0 1 1 0 -0 -0 1 0 42.700000000000003 0.20000000000000001
1 0 0 -16 0 0 1 1 -0 0 0 1 -0 
5 0 0 15.800000000000001 0 0 1 1 0 -0 -0 1 0 42.700000000000003 0.20000000000000001
1 0 0 16 0 0 1 1 -0 0 0 1 -0 
5 0 0 15.800000000000001 0 0 1 1 0 -0 -0 1 0 42.700000000000003 0.20000000000000001
2 0 0 6 0 0 -1 1 0 0 0 -1 0 42.5
3 0 0 -14.5 -0 -0 1 1 0 0 -0 1 0 58.5
1.0121970114513399
3 0 0 14.5 -0 -0 -1 -1 0 0 0 1 -0 58.5
1.0121970114513399
2 0 0 -16 0 0 -1 1 0 0 0 -1 0 4
2 0 0 -16 0 0 -1 1 0 0 0 -1 0 4
1 0 0 4 0 0 1 1 -0 0 0 1 -0 
1 0 0 -4 0 0 -1 0 -1 0 -1 -0 -0 
2 0 0 -4 0 0 1 -1 0 0 0 -1 0 7.5
2 0 0 -4 0 0 1 -1 0 0 0 -1 0 7.5
1 0 0 -6 0 0 -1 0 -1 0 -1 -0 -0 
2 0 0 -6 0 0 1 -1 0 0 0 -1 0 42.5
2 0 0 -14.5 0 0 1 -1 0 0 0 -1 0 50
2 0 0 4 0 0 -1 1 0 0 0 -1 0 7.5
2 0 0 4 0 0 -1 1 0 0 0 -1 0 7.5
1 0 0 6 0 0 1 1 -0 0 0 1 -0 
2 0 0 14.5 0 0 -1 1 0 0 0 -1 0 50
2 0 0 6 0 0 -1 1 0 0 0 -1 0 42.5
2 0 0 16 0 0 1 -1 0 0 0 -1 0 62.5
2 0 0 1.7763568394002501e-14 0 0 -1 0 -1 0 -1 -0 -0 4
2 0 0 1.7763568394002501e-14 0 0 -1 0 -1 0 -1 -0 -0 4
1 0 0 20 0 0 -1 1 0 0 0 -1 0 
1 0 0 1.7763568394002501e-14 0 0 -1 1 0 0 0 -1 0 
2 0 0 4.0000000000000204 0 -0 1 0 1 0 -1 0 0 7.5
1 0 0 4.0000000000000204 0 0 -1 1 0 0 0 -1 0 
2 0 0 4.0000000000000204 0 -0 1 0 1 0 -1 0 0 7.5
3 0 0 15.009238077562699 -0 0 -1 0 1 0 1 0 -0 41.285279144617498
1.4848020356006599
3 0 0 15.009238077562699 -0 0 -1 0 1 0 1 0 -0 41.285279144617498
1.4848020356006599
2 0 0 15 0 0 -1 0 -1 0 -1 -0 -0 39
1 0 0 17.5 0 0 -1 1 0 0 0 -1 0 
2 0 0 15 0 0 -1 0 -1 0 -1 -0 -0 39
1 0 0 15 0 0 -1 1 0 0 0 -1 0 
3 0 0 17.5 -0 0 -1 0 1 0 1 0 -0 41.5
1.4848020356006599
3 0 0 17.5 -0 0 -1 0 1 0 1 0 -0 41.5
1.4848020356006599
2 0 0 15 0 0 -1 0 -1 0 -1 -0 -0 41.5
2 0 0 15 0 0 -1 0 -1 0 -1 -0 -0 41.5
2 0 0 42.673001410241099 0 -0 1 0 1 0 -1 0 0 8.9000000000000004
2 0 0 42.673001410241099 0 -0 1 0 1 0 -1 0 0 8.9000000000000004
2 0 0 -3.5527136788005001e-15 0 -0 1 0 1 0 -1 0 0 4
2 0 0 -3.5527136788005001e-15 0 -0 1 0 1 0 -1 0 0 4
1 0 0 -20 0 0 1 1 0 -0 -0 1 0 
1 0 0 -3.5527136788005001e-15 0 0 1 1 0 -0 -0 1 0 
2 0 0 -4 0 0 -1 0 -1 0 -1 -0 -0 7.5
1 0 0 -4 0 0 1 1 0 -0 -0 1 0 
2 0 0 -4 0 0 -1 0 -1 0 -1 -0 -0 7.5
3 0 0 -15.009238077562699 -0 -0 1 0 -1 0 1 0 0 41.285279144617498
1.4848020356006599
3 0 0 -15.009238077562699 -0 -0 1 0 -1 0 1 0 0 41.285279144617498
1.4848020356006599
2 0 0 -15 0 -0 1 0 1 0 -1 0 0 39
1 0 0 -17.5 0 0 1 1 0 -0 -0 1 0 
2 0 0 -15 0 -0 1 0 1 0 -1 0 0 39
1 0 0 -15 0 0 1 1 0 -0 -0 1 0 
3 0 0 -17.5 -0 -0 1 0 -1 0 1 0 0 41.5
1.4848020356006599
3 0 0 -17.5 -0 -0 1 0 -1 0 1 0 0 41.5
1.4848020356006599
2 0 0 -15 0 -0 1 0 1 0 -1 0 0 41.5
2 0 0 -15 0 -0 1 0 1 0 -1 0 0 41.5
2 0 0 -42.673001410241099 0 0 -1 0 -1 0 -1 -0 -0 8.9000000000000004
2 0 0 -42.673001410241099 0 0 -1 0 -1 0 -1 -0 -0 8.9000000000000004
9 1 1 0 0 3 2 10 3 5 2 7.5436193873653901 78.390651262862207 0  1 8.5000000000000409 78.432407742189298 0  0.72236396205975795 8.5000000000000409 79.389699484443994 0  1 
7.5436193873664799 78.390651262862207 -1.8126317576326401  1 8.4999999999874607 78.432407742214394 -1.7566037383969499  0.72236403171207098 8.5000000000000409 79.389699484469205 -1.75415976545069  1 
7.7030057759586601 78.397610222875002 -3.6252087464385401  1 8.6547431534135608 78.439163974177802 -3.51352275020569  0.72228635800872698 8.6542448921889203 79.396658444453806 -3.50826652881182  1 
8.3356694916526699 78.425232917246205 -7.1948140685653597  1 9.2686803741363804 78.465969052117401 -6.9725788122323902  0.72197817119407104 9.2665001009213892 79.424281138831006 -6.9627232921597004  1 
8.8089368501260505 78.445896216364901 -8.9517730530248691  1 9.7281187730911203 78.486028565829798 -8.6753413782287208  0.72174759188200399 9.7245007704134707 79.4449444379444 -8.6630061803447695  1 
10.054846883224201 78.500293823189196 -12.356189849241201  1 10.937009757328299 78.538809886067696 -11.9737043229353  0.72114009783451305 10.9302201572829 79.4993420447734 -11.957603079912699  1 
10.8274699265541 78.534027273773802 -14.003594019010899  1 11.686921589149 78.571551743756004 -13.569818062314001  0.72076319000878497 11.6779198766344 79.533075495360194 -13.5518651796861  1 
12.6483874295661 78.613530248913904 -17.138335631995901  1 13.4533966391362 78.648677710044794 -16.605920446157299  0.71987394069560795 13.4400981053554 79.6125784704913 -16.585486095481802  1 
13.696644646903 78.659298147433503 -18.625613564514101  1 14.470570647615199 78.693088486354995 -18.046221263383799  0.71936166942556601 14.4545405676906 79.658346368733305 -18.024787313331299  1 
14.866672339693499 78.710382659729802 -20.010051936507899  1 15.604413571133099 78.742593137517005 -19.3853775956775  0.71878901212387702 15.586825437737 79.709430881311704 -19.3645663901689  1 

-0 4
0.17541470843934301 2
0.35082941687868602 2
0.52624412531803 2
0.70165883375737303 4

0 3
1 3

9 1 1 0 0 3 2 12 3 6 2 14.866672339693499 78.710382659729802 -20.010051936507899  1 15.604413571133099 78.742593137517005 -19.3853775956775  0.71878901212388202 15.586825437737 79.709430881311704 -19.3645663901689  1 
15.4282155722801 78.734900166748503 -20.5084852468927  1 16.045725278919399 78.860681036498093 -19.906443798706899  0.75579666430140002 16.125111317511799 79.733716342914406 -20.001494585676799  1 
16.016719573600099 78.649644728647999 -20.9848823532067  1 16.555132942658599 78.858936031995697 -20.471943388548901  0.79293018096037404 16.676485981858999 79.610658902878001 -20.6004449511757  1 
16.942425003400398 78.422989884801694 -21.6840200554897  1 17.391421556179999 78.686392700741806 -21.321473100567399  0.84483765398718402 17.525956088428501 79.292887839335293 -21.4534497474666  1 
17.2566662559226 78.330563596911702 -21.913328217309601  1 17.672134538728699 78.605687268786696 -21.596056078583299  0.86141172756772799 17.811510124362702 79.164242504930598 -21.7286989428632  1 
17.886280334266502 78.122900422931394 -22.3607865062164  1 18.236540947736 78.406030993769804 -22.126262627777798  0.89208928313825397 18.379288862187799 78.876321629106201 -22.2554926791714  1 
18.2032356410202 78.007241174689497 -22.580137291134701  1 18.522788278131198 78.2876387266016 -22.385135543560398  0.90628340780455996 18.6629683597066 78.716456444834407 -22.5085026950402  1 
19.160670855032802 77.633704576795594 -23.230318341087401  1 19.377042512187099 77.894487562789195 -23.127713776421899  0.94488005318403601 19.515873999802899 78.201150903523796 -23.2414507183002  1 
19.807835716514901 77.349481474159006 -23.653670685634498  1 19.973726440200501 77.569809324461701 -23.6087861194383  0.96526734684670501 20.0869309247357 77.810276307853798 -23.695534019114898  1 
21.115068404585699 76.746006363260307 -24.4972053975224  1 21.179740397232699 76.868817279044706 -24.5063643481677  0.99286498636728504 21.2460482305606 76.981837904522195 -24.552405046335998  1 
21.773309953454199 76.427217693079697 -24.916337899590602  1 21.803083290964501 76.486020185440296 -24.935223552120998  1.0000329907230601 21.832712835734299 76.544904162244904 -24.954017994447  1 
22.430705609074799 76.107937483470707 -25.3333333333333  1 22.430705609074799 76.107937483470707 -25.3333333333333  1 22.430705609074799 76.107937483470707 -25.3333333333333  1 

0 4
0.0025495641581065299 2
0.0038243462371598002 2
0.0050991283162130701 2
0.0076486924743196004 2
0.0101982566324261 4

0 3
1 3

2 38.5 84 0 0 1 0 0 0 -1 -1 0 0 30
9 1 1 0 0 3 2 10 3 5 2 14.866672339693499 78.710382659729802 20.010051936507899  1 15.604413571133099 78.742593137517005 19.3853775956775  0.71878901212387702 15.586825437737 79.709430881311704 19.3645663901689  1 
13.6966446469063 78.659298147433702 18.625613564512602  1 14.4705706476185 78.693088486355194 18.046221263384499  0.71936166942587199 14.454540567692201 79.658346368733007 18.024787313333199  1 
12.6483874295661 78.613530248913904 17.138335631994199  1 13.4533966391334 78.648677710045206 16.605920446157601  0.71987394069520105 13.4400981053537 79.612578470491599 16.585486095478799  1 
10.827469926554199 78.534027273773802 14.0035940190128  1 11.686921589152901 78.571551743755705 13.5698180623155  0.72076319000918898 11.677919876636199 79.533075495359896 13.5518651796892  1 
10.054846883224201 78.500293823189196 12.3561898492379  1 10.9370097573254 78.538809886067696 11.973704322934401  0.72114009783421096 10.930220157280999 79.4993420447734 11.9576030799074  1 
8.8089368501260292 78.445896216364901 8.9517730530279405  1 9.7281187730945007 78.486028565829798 8.6753413782309092  0.72174759188230597 9.7245007704153394 79.4449444379444 8.6630061803498695  1 
8.3356694916500906 78.425232917246007 7.1948140685669397  1 9.2686803741333996 78.465969052130006 6.9725788122317001  0.72197817119497598 9.2665001009215597 79.424281138831006 6.9627232921606801  1 
7.7030057759612696 78.397610222875102 3.6252087464371199  1 8.6547431534158097 78.439163974165197 3.5135227502022  0.72228635800782204 8.6542448921887694 79.396658444453806 3.50826652881099  1 
7.5436193873664799 78.390651262862207 1.8126317576336699  1 8.4999999999874607 78.432407742214394 1.7566037383962601  0.72236403171275199 8.5000000000000409 79.389699484469205 1.7541597654512799  1 
7.5436193873653901 78.390651262862207 5.5067062021407802e-14  1 8.5000000000000409 78.432407742189298 5.3364950254507099e-14  0.72236396205975795 8.5000000000000409 79.389699484443994 5.3290705182007501e-14  1 

5.5815264734222101 4
5.7569411818615599 2
5.9323558903008999 2
6.10777059874024 2
6.2831853071795898 4

0 3
1 3

1 -13.5 77.471866998201804 23 0.043619387365343223 -0.99904822158185747 0 0 0 -1 0.99904822158185747 0.043619387365343223 0 
2 38.5 -14 0 0 -1 0 0 0 1 -1 0 0 5
2 38.5 -14 0 0 -1 0 0 0 1 -1 0 0 5
1 38.5 84 0 -0 1 0 1 0 0 0 0 -1 
1 38.5 81.5 0 -0 1 0 1 0 0 0 0 -1 
5 38.5 80.5 0 0 1 0 0 -0 1 1 0 -0 26.5 3.5
2 38.5 84 0 0 1 0 0 0 -1 -1 0 0 30
5 38.5 80.5 0 0 1 0 0 -0 1 1 0 -0 26.5 3.5
2 3.5527136788005003e-14 0 -30 0 0 -1 1 0 0 0 -1 0 4
2 3.5527136788005003e-14 0 -30 0 0 -1 1 0 0 0 -1 0 4
1 38.5 -14 23 0 0 1 1 0 -0 -0 1 0 
1 38.5 -14 20.5 0 0 1 1 0 -0 -0 1 0 
2 3.5527136788005003e-14 0 -30 0 0 -1 1 0 0 0 -1 0 4
2 3.5527136788005003e-14 0 -30 0 0 -1 1 0 0 0 -1 0 4
1 38.5 -14 -20.5 0 0 1 1 0 -0 -0 1 0 
1 38.5 -14 -23 0 0 1 1 0 -0 -0 1 0 
2 38.5 84 0 0 1 0 0 0 -1 -1 0 0 27.5
2 38.5 84 0 0 1 0 0 0 -1 -1 0 0 27.5
1 14.188318546426499 -21.329858471074999 -30 -0.86193421515776947 0.50702012656339368 0 0 0 1 0.50702012656339379 0.86193421515776958 -0 
2 15.1333571089042 84 -35.5 0 1 0 0 0 -1 -1 0 0 15
9 1 1 0 0 3 2 6 3 3 2 23.424119536558599 75.604806642164704 -22.999469676521901  1 23.3945388906772 76.580335641435497 -22.9798508202724  0.71557990417762896 23.933217644370199 76.603854863746506 -22.166100988290101  1 
22.203955022016199 75.547981540060604 -22.190216480781501  1 22.168309744331602 76.526797320680004 -22.170740016838099  0.71434063570522099 22.631708767909501 76.547029758996402 -21.302897539074301  1 
20.864763285896899 75.485613141213605 -21.561046050472498  1 20.824937416104198 76.468144418146906 -21.544843461277502  0.71297643624392404 21.203237643664401 76.484661362794299 -20.631782453836198  1 
18.061286373829599 75.355050532781405 -20.715863765768699  1 18.016483435866899 76.3455246692738 -20.706569687138799  0.71011210414905901 18.212862270792598 76.354098754364301 -19.730254683487701  1 
16.597492976100199 75.286879226148798 -20.5  1 16.550938152598601 76.281537580312005 -20.495751427726699  0.70861213478844598 16.651482646547901 76.285927447731694 -19.5000000000027  1 
15.1333571089042 75.218691970141293 -20.5  1 15.089737721538899 76.217740191723195 -20.5  0.70710678118654802 15.089737721538899 76.217740191723195 -19.5  1 

4.1267673994294096 4
4.4195781899070496 2
4.7123889803846897 4

0 3
1 3

1 -13.3909515315866 74.9742464442472 23 0.043619387365343223 -0.99904822158185747 0 0 0 -1 0.99904822158185747 0.043619387365343223 0 
9 1 1 0 0 3 2 6 3 3 2 15.1333571089042 75.218691970141293 20.5  1 15.089737721538899 76.217740191723195 20.5  0.70710678118654802 15.089737721538899 76.217740191723195 19.5  1 
16.597492976100199 75.286879226148997 20.5  1 16.550938152598601 76.281537580311905 20.495751427726699  0.70861213478844598 16.651482646547901 76.285927447731694 19.5000000000027  1 
18.061286373829599 75.355050532781405 20.715863765768699  1 18.016483435866899 76.3455246692738 20.706569687138799  0.71011210414905901 18.212862270792598 76.354098754364301 19.730254683487701  1 
20.864763285896899 75.485613141213605 21.561046050472498  1 20.824937416104198 76.468144418146906 21.544843461277502  0.71297643624392404 21.203237643664401 76.484661362794299 20.631782453836198  1 
22.203955022016199 75.547981540060505 22.190216480781501  1 22.1683097443312 76.526797320680103 22.1707400168387  0.71434063570522199 22.631708767908201 76.547029758996402 21.302897539076099  1 
23.424119536558599 75.604806642164704 22.999469676521901  1 23.3945388906772 76.580335641435497 22.9798508202724  0.71557990417762896 23.933217644370199 76.603854863746506 22.166100988290101  1 

1.5707963267949001 4
1.8636071172725299 2
2.1564179077501699 4

0 3
1 3

2 15.1333571089042 84 35.5 0 1 0 0 0 -1 -1 0 0 15
1 38.5 -14 0 -0 1 0 1 0 0 0 0 -1 
2 14.396058413612099 84 -38 0 1 0 0 0 -1 -1 0 0 15
2 16.212215782749201 -10 0 0 0 -1 1 0 0 0 -1 0 4
2 -9.4999999999999396 -10 0 0 0 1 -1 0 0 0 -1 0 4
9 1 1 0 0 3 2 12 3 6 2 15.586825437737 79.709430881311704 19.3645663901689  1 15.604413571133099 78.742593137516906 19.3853775956775  0.71878901212388102 14.866672339693499 78.710382659729802 20.010051936507899  1 
16.1251113175122 79.733716342914406 20.0014945856772  1 16.045725278923001 78.860681036514293 19.906443798698501  0.755796664302402 15.428215572286801 78.734900166748801 20.508485246887599  1 
16.6764859818582 79.610658902883998 20.600444951175  1 16.555132942660698 78.858936032008302 20.471943388543298  0.792930180959041 16.0167195735992 78.649644728648994 20.984882353204299  1 
17.525956088428899 79.292887839332394 21.453449747467001  1 17.3914215561784 78.686392700735993 21.321473100569399  0.84483765398784705 16.942425003400899 78.422989884801197 21.684020055490901  1 
17.811510124363402 79.164242504930598 21.7286989428639  1 17.672134538728599 78.605687268786795 21.5960560785825  0.86141172756749096 17.2566662559226 78.330563596911702 21.913328217309601  1 
18.379288862187 78.876321629106201 22.2554926791707  1 18.236540947736 78.406030993769804 22.126262627778399  0.89208928313848801 17.886280334266502 78.122900422931394 22.3607865062163  1 
18.6629683597066 78.716456444834407 22.5085026950402  1 18.522788278131198 78.287638726601699 22.385135543560398  0.90628340780455896 18.2032356410202 78.007241174689597 22.580137291134701  1 
19.515873999802899 78.201150903523796 23.2414507183002  1 19.377042512187099 77.894487562789294 23.127713776421899  0.94488005318403501 19.160670855032802 77.633704576795594 23.230318341087401  1 
20.086930924734698 77.810276307859795 23.695534019114199  1 19.9737264401959 77.569809324461801 23.6087861194382  0.96526734684660997 19.8078357165132 77.349481474163795 23.653670685631798  1 
21.246048230561598 76.981837904516297 24.552405046336698  1 21.179740397237001 76.868817279044805 24.506364348167601  0.99286498636737996 21.115068404587401 76.746006363255503 24.4972053975251  1 
21.832712835757 76.544904162294401 24.954017994461399  1 21.8030832910821 76.486020185498006 24.935223551985001  1.0000329907229899 21.773309953465901 76.427217693122302 24.916337899597998  1 
22.430705609074799 76.107937483470707 25.3333333333333  1 22.430705609074799 76.107937483470707 25.3333333333333  1 22.430705609074799 76.107937483470707 25.3333333333333  1 

0 4
0.0025495641581065398 2
0.0038243462371598002 2
0.0050991283162130701 2
0.0076486924743196004 2
0.0101982566324261 4

0 3
1 3

2 14.396058413612099 84 38 0 1 0 0 0 -1 -1 0 0 15
1 38.5 -14 0 -0 1 0 1 0 0 0 0 -1 
2 16.212215782749201 -10 0 0 0 -1 1 0 0 0 -1 0 4
2 -9.4999999999999396 -10 0 0 0 1 -1 0 0 0 -1 0 4
1 -13.5 79 23 1 1.12146483421679e-47 5.0102235806119599e-32 3.6462980143717627e-62 1 -2.2383528722281401e-16 -5.0102235806119599e-32 2.2383528722281401e-16 1 
2 34.545771058109104 76.5667326098758 20 -0.99904822158185747 -0.043619387365343223 0 -0.043619387365343223 0.99904822158185747 0 -0 0 -1 3
2 34.545771058109104 76.5667326098758 -20 -0.99904822158185747 -0.043619387365343223 0 -0.043619387365343223 0.99904822158185747 0 -0 0 -1 3
2 -13.3473321442213 73.975198222665298 -19.5 0.99904822158185747 0.043619387365343119 0 0.043619387365343119 -0.99904822158185747 0 0 0 -1 0.999999999999995
2 -13.3473321442213 73.975198222665298 19.5 0.99904822158185747 0.043619387365343119 0 0.043619387365343119 -0.99904822158185747 0 0 0 -1 0.999999999999995
9 1 1 0 0 3 2 6 3 3 2 14.396058413612099 75.686977156481305 23  1 14.2652002515161 78.684121821226896 23  0.70710678118654902 14.2652002515161 78.684121821226896 20  1 
15.8177811515994 75.761465662819404 23  1 15.6845021569038 78.746089880658104 22.987622893946401  0.70856852387788605 15.9712675370999 78.758610327580797 20  1 
17.2392081465198 75.835938674275297 23.203460066723  1 17.110345697428102 78.808343554096993 23.178076649042701  0.71002522920559896 17.676979931004698 78.8330833390295 20.244152080067099  1 
19.968352634186299 75.978927100290605 24.0010489135739  1 19.853630468653499 78.928117953895807 23.955293083061999  0.71281410371662202 20.951953316205699 78.976071765027598 21.201258696289099  1 
21.275644172584499 76.047420197737594 24.595053392826099  1 21.171474706433902 78.985656275926601 24.540619857223799  0.71414613117492598 22.5207029683286 79.044564854026703 21.914063947426399  1 
22.4736197732555 76.110185890917407 25.3606565644731  1 22.382841053143199 79.038545672818501 25.302641629947601  0.71536327083782203 23.958273883088101 79.107330555662998 22.8327878773677  1 

1.5707963267949001 4
1.8551267263564499 2
2.13945712591801 4

0 3
1 3

9 1 1 0 0 3 2 6 3 3 2 22.4736197732555 76.110185890917407 -25.3606565644731  1 22.382841053143199 79.0385456728186 -25.302641629947601  0.71536327083782203 23.958273883088101 79.107330555662998 -22.8327878773677  1 
21.275644172585299 76.047420197738305 -24.5950533928266  1 21.171474706432299 78.985656275892097 -24.540619857230599  0.71414613117485104 22.520702968320101 79.044564854026405 -21.9140639474404  1 
19.9683526341855 75.978927100279094 -24.001048913573602  1 19.853630468652899 78.928117953884197 -23.9552930830605  0.71281410371672305 20.951953316205799 78.976071765027598 -21.201258696288001  1 
17.2392081465206 75.835938674286894 -23.203460066723199  1 17.110345697428301 78.808343554108703 -23.178076649044002  0.71002522920549804 17.676979931004599 78.8330833390295 -20.244152080068201  1 
15.8177811515959 75.761465662866598 -23  1 15.6845021569009 78.7460898807051 -22.987622893946501  0.70856852387796199 15.971267537099999 78.758610327580797 -20  1 
14.396058413612201 75.686977156481305 -23  1 14.2652002515162 78.684121821226896 -23  0.70710678118654902 14.2652002515162 78.684121821226896 -20  1 

4.1437281812615803 4
4.4280585808231301 2
4.7123889803846897 4

0 3
1 3

Triangulations 0

TShapes 1272
Ve
1e-07
-3.35791444001641 -3.81579891175281 -28
0 0

0101101
*
Ve
1e-07
3.35791444001647 3.81579891175281 -28
0 0

0101101
*
Ed
 1e-07 1 1 0
1  1 0 0 3.14159265358979
2  1 1 0 0 3.14159265358979
4 C0 1 0 2 0
0

0101000
+1272 0 -1271 0 *
Ve
0.000704647862337818
5.3398019158668 6.06793612628206 -27
0 0

0101101
*
Ed
 1e-07 1 1 0
1  2 0 4.93405932718878 5.13421974237388
2  2 1 0 4.93405932718878 5.13421974237388
2  3 3 0 4.93405932718878 5.13421974237388
4 CN 1 0 3 0
0

0101000
+1271 0 -1269 0 *
Ve
0.000704647862337818
7.92488779183502 -1.59043604717641 -27
0 0

0101101
*
Ed
 0.000704647862337818 1 1 0
1  3 0 2.33283307401435e-07 0.00809442263655615
2  4 1 0 2.33283307401435e-07 0.00809442263655615
4 C0 1 0 4 0
0

0101000
+1267 0 -1269 0 *
Ve
0.000704647862335776
2.58508587596825 -7.65837217345847 -27
0 0

0101101
*
Ed
 0.000630703895012716 1 1 0
1  4 0 0.0924966450205032 0.100572000068693
2  5 1 0 0.0924966450205032 0.100572000068693
4 C0 1 0 5 0
0

0101000
+1265 0 -1267 0 *
Ve
0.000704647862337681
-5.33980191586674 -6.06793612628207 -27
0 0

0101101
*
Ed
 0.000704647862335776 1 1 0
1  5 0 2.33283307410355e-07 0.00809442263655616
2  6 1 0 2.33283307410355e-07 0.00809442263655616
4 C0 1 0 6 0
0

0101000
+1263 0 -1265 0 *
Ed
 1e-07 1 1 0
1  6 0 0.221670346804095 0.421830761989191
2  7 1 0 0.221670346804095 0.421830761989191
2  8 3 0 0.221670346804095 0.421830761989191
4 CN 1 0 3 0
0

0101000
+1272 0 -1263 0 *
Wi

0101100
+1270 0 +1268 0 -1266 0 -1264 0 -1262 0 -1261 0 *
Fa
0  1e-07 1 0

0111000
+1260 0 *
Ve
1e-07
-2.64251663446707 -3.00284961937235 32
0 0

0101101
*
Ve
1e-07
2.64251663446713 3.00284961937235 32
0 0

0101101
*
Ed
 1e-07 1 1 0
1  7 0 0 3.14159265358979
2  9 7 0 0 3.14159265358979
4 C0 7 0 8 0
0

0101000
+1258 0 -1257 0 *
Ve
1e-07
-2.64251663446707 -3.00284961937235 -23.5
0 0

0101101
*
Ed
 1e-07 1 1 0
1  8 0 0 55.5
2  10 7 0 0 55.5
2  11 9 0 0 55.5
4 CN 7 0 9 0
0

0101000
+1258 0 -1255 0 *
Ve
1e-07
2.64251663446713 3.00284961937235 -23.5
0 0

0101101
*
Ed
 1e-07 1 1 0
1  9 0 0 3.14159265358979
2  12 7 0 0 3.14159265358979
4 C0 7 0 10 0
0

0101000
+1255 0 -1253 0 *
Ed
 1e-07 1 1 0
1  10 0 0 55.5
2  13 7 0 0 55.5
2  14 9 0 0 55.5
4 CN 7 0 9 0
0

0101000
+1257 0 -1253 0 *
Wi

0101100
-1256 0 +1254 0 +1252 0 -1251 0 *
Fa
0  1e-07 7 0

0111000
+1250 0 *
Ed
 1e-07 1 1 0
1  11 0 3.14159265358979 6.28318530717959
2  15 9 0 3.14159265358979 6.28318530717959
4 C0 9 0 8 0
0

0101000
+1257 0 -1258 0 *
Ed
 1e-07 1 1 0
1  12 0 3.14159265358979 6.28318530717959
2  16 9 0 3.14159265358979 6.28318530717959
4 C0 9 0 10 0
0

0101000
+1253 0 -1255 0 *
Wi

0101100
-1254 0 -1248 0 +1251 0 +1247 0 *
Fa
0  1e-07 9 0

0111000
+1246 0 *
Wi

0101100
+1248 0 +1256 0 *
Fa
0  1e-07 8 0

0111000
+1244 0 *
Ve
1e-07
-7.92488779183496 1.59043604717639 -23.5
0 0

0101101
*
Ve
1e-07
-5.33980191586674 -6.06793612628207 -23.5
0 0

0101101
*
Ed
 1e-07 1 1 0
1  13 0 0 8.08290376865475
4 C0 10 0 11 0
0

0101000
+1242 0 -1241 0 *
Ve
1e-07
2.58508587596826 -7.65837217345847 -23.5
0 0

0101101
*
Ed
 1e-07 1 1 0
1  14 0 0 8.08290376865477
4 C0 10 0 6 0
0

0101000
+1241 0 -1239 0 *
Ve
1e-07
7.92488779183502 -1.5904360471764 -23.5
0 0

0101101
*
Ed
 1e-07 1 1 0
1  15 0 0 8.08290376865476
4 C0 10 0 5 0
0

0101000
+1239 0 -1237 0 *
Ve
1e-07
5.33980191586679 6.06793612628207 -23.5
0 0

0101101
*
Ed
 1e-07 1 1 0
1  16 0 0 8.08290376865477
4 C0 10 0 4 0
0

0101000
+1237 0 -1235 0 *
Ve
1e-07
-2.5850858759682 7.65837217345846 -23.5
0 0

0101101
*
Ed
 1e-07 1 1 0
1  17 0 0 8.08290376865476
4 C0 10 0 12 0
0

0101000
+1235 0 -1233 0 *
Ed
 1e-07 1 1 0
1  18 0 0 8.08290376865476
4 C0 10 0 13 0
0

0101000
+1233 0 -1242 0 *
Wi

0101100
+1240 0 +1238 0 +1236 0 +1234 0 +1232 0 +1231 0 *
Wi

0101100
-1247 0 -1252 0 *
Fa
0  1e-07 10 0

0111000
+1230 0 +1229 0 *
Ve
0.000704647862337681
-7.92488779183496 1.59043604717639 -27
0 0

0101101
*
Ed
 1e-07 1 1 0
1  19 0 0 3.5
4 C0 11 0 13 0
0

0101000
+1242 0 -1227 0 *
Ed
 0.000704647862337681 1 1 0
1  20 0 2.33283307411569e-07 0.00809442263655615
2  17 3 0 2.33283307411569e-07 0.00809442263655615
4 C0 11 0 3 0
0

0101000
+1227 0 -1263 0 *
Ed
 1e-07 1 1 0
1  21 0 0 3.5
4 C0 11 0 6 0
0

0101000
+1241 0 -1263 0 *
Wi

0101100
+1226 0 +1225 0 -1224 0 -1240 0 *
Fa
0  1e-07 11 0

0111000
-1223 0 *
Ed
 1e-07 1 1 0
1  22 0 0 3.5
4 C0 6 0 5 0
0

0101000
+1239 0 -1265 0 *
Wi

0101100
+1224 0 +1262 0 -1221 0 -1238 0 *
Fa
0  1e-07 6 0

0111000
-1220 0 *
Ed
 1e-07 1 1 0
1  23 0 0 3.5
4 C0 5 0 4 0
0

0101000
+1237 0 -1267 0 *
Wi

0101100
+1221 0 +1264 0 -1218 0 -1236 0 *
Fa
0  1e-07 5 0

0111000
-1217 0 *
Ed
 1e-07 1 1 0
1  24 0 0 3.5
4 C0 4 0 12 0
0

0101000
+1235 0 -1269 0 *
Wi

0101100
+1218 0 +1266 0 -1215 0 -1234 0 *
Fa
0  1e-07 4 0

0111000
-1214 0 *
Ve
0.000704647862337549
-2.58508587596819 7.65837217345847 -27
0 0

0101101
*
Ed
 0.000704647862337549 1 1 0
1  25 0 2.3328330740064e-07 0.00809442263655615
2  18 3 0 2.3328330740064e-07 0.00809442263655615
4 C0 12 0 3 0
0

0101000
+1269 0 -1212 0 *
Ed
 1e-07 1 1 0
1  26 0 0 3.5
4 C0 12 0 13 0
0

0101000
+1233 0 -1212 0 *
Wi

0101100
+1215 0 +1211 0 -1210 0 -1232 0 *
Fa
0  1e-07 12 0

0111000
-1209 0 *
Ed
 0.000630703895013704 1 1 0
1  27 0 0.0924966450205203 0.100572000068713
2  19 3 0 0.0924966450205203 0.100572000068713
4 C0 13 0 3 0
0

0101000
+1212 0 -1227 0 *
Wi

0101100
+1210 0 +1207 0 -1226 0 -1231 0 *
Fa
0  1e-07 13 0

0111000
-1206 0 *
Ed
 1e-07 1 1 0
1  28 0 3.14159265358979 6.28318530717959
2  20 3 0 3.14159265358979 6.28318530717959
4 C0 3 0 2 0
0

0101000
+1271 0 -1272 0 *
Wi

0101100
-1268 0 +1204 0 +1261 0 -1225 0 -1207 0 -1211 0 *
Fa
0  1e-07 3 0

0111000
+1203 0 *
Wi

0101100
-1270 0 -1204 0 *
Fa
0  1e-07 2 0

0111000
-1201 0 *
Sh

0101100
+1259 0 +1249 0 +1245 0 +1243 0 +1228 0 -1222 0 -1219 0 -1216 0 -1213 0 -1208 0 
-1205 0 +1202 0 -1200 0 *
So

0100000
+1199 0 *
Ve
1e-07
2.85148566311003e-14 6.2 30.5
0 0

0101101
*
Ve
1e-07
2.77555756156289e-14 -6.2 30.5
0 0

0101101
*
Ed
 1e-07 1 1 0
1  29 0 3.14159265358979 6.28318530717959
2  21 14 0 3.14159265358979 6.28318530717959
2  22 15 0 3.14159265358979 6.28318530717959
4 G1 14 0 15 0
0

0101000
+1197 0 -1196 0 *
Ve
1e-07
2.84842404611216e-14 5.7 31
0 0

0101101
*
Ed
 1e-07 1 1 0
1  30 0 0 1.5707963267949
2  23 14 0 0 1.5707963267949
2  24 16 0 0 1.5707963267949
4 CN 14 0 16 0
0

0101000
+1197 0 -1194 0 *
Ve
1e-07
2.77555756156289e-14 -5.7 31
0 0

0101101
*
Ed
 1e-07 1 1 0
1  31 0 0 3.14159265358979
2  25 14 0 0 3.14159265358979
4 G1 14 0 17 0
0

0101000
+1192 0 -1194 0 *
Ed
 1e-07 1 1 0
1  32 0 0 1.5707963267949
2  26 14 0 0 1.5707963267949
2  27 16 0 0 1.5707963267949
4 CN 14 0 16 0
0

0101000
+1196 0 -1192 0 *
Wi

0101100
-1195 0 +1193 0 -1191 0 -1190 0 *
Fa
0  1e-07 14 0

0111000
+1189 0 *
Ve
0.000297092149010088
3.69504172281362 6.40000000000001 27.5
0 0

0101101
*
Ve
8.7963403171962e-05
2.85393495670832e-14 6.4 28.4943527990127
0 0

0101101
*
Ed
 8.7963403171962e-05 1 1 0
1  33 0 0.0174919734114071 0.0213568867418317
2  28 18 0 0.0174919734114071 0.0213568867418317
4 C0 18 0 19 0
0

0101000
+1187 0 -1186 0 *
Ve
1e-07
2.85381351394261e-14 6.39008344562721 28.5
0 0

0101101
*
Ed
 1e-07 1 1 0
1  34 0 1.05097492281577 1.05527775371794
2  29 18 0 1.05097492281577 1.05527775371794
2  30 20 0 1.05097492281577 1.05527775371794
4 CN 18 0 20 0
0

0101000
+1186 0 -1184 0 *
Ve
1e-07
2.77555756156289e-14 -6.39008344562721 28.5
0 0

0101101
*
Ed
 1e-07 1 1 0
1  35 0 0 3.14159265358979
2  31 18 0 0 3.14159265358979
4 C0 18 0 21 0
0

0101000
+1182 0 -1184 0 *
Ve
8.79634031735682e-05
2.77555756156289e-14 -6.4 28.4943527990127
0 0

0101101
*
Ed
 1e-07 1 1 0
1  36 0 1.05097492281577 1.05527775371794
2  32 18 0 1.05097492281577 1.05527775371794
2  33 20 0 1.05097492281577 1.05527775371794
4 CN 18 0 20 0
0

0101000
+1180 0 -1182 0 *
Ve
0.000297092149012648
3.69504172281371 -6.39999999999996 27.5
0 0

0101101
*
Ed
 8.3575727015711e-05 1 1 0
1  37 0 3.42233180135767e-16 0.00387121320201314
2  34 18 0 3.42233180135767e-16 0.00387121320201314
4 C0 18 0 22 0
0

0101000
+1180 0 -1178 0 *
Ve
0.000297092149012648
7.39008344562724 3.03576608295941e-15 27.5
0 0

0101101
*
Ed
 0.000297092149012648 1 1 0
1  38 0 2.96562666873297e-07 0.00777805927417802
2  35 18 0 2.96562666873297e-07 0.00777805927417802
4 C0 18 0 23 0
0

0101000
+1178 0 -1176 0 *
Ed
 0.000297092149010088 1 1 0
1  39 0 2.96562667265709e-07 0.00777805927417851
2  36 18 0 2.96562667265709e-07 0.00777805927417851
4 C0 18 0 24 0
0

0101000
+1176 0 -1187 0 *
Wi

0101100
+1185 0 +1183 0 -1181 0 -1179 0 +1177 0 +1175 0 +1174 0 *
Fa
0  1e-07 18 0

0111000
+1173 0 *
Ve
1e-07
2.77555756156289e-14 -5.90255346265603 23.5
0 0

0101101
*
Ve
1e-07
2.85697339942235e-14 5.90255346265603 23.5
0 0

0101101
*
Ed
 1e-07 1 1 0
1  40 0 0 3.14159265358979
2  37 25 0 0 3.14159265358979
4 C0 25 0 26 0
0

0101000
+1171 0 -1170 0 *
Ve
0.000170697831543111
2.85393495670832e-14 6.4 23.667122474137
0 0

0101101
*
Ed
 1e-07 1 1 0
1  41 0 4.89996115339694 5.17304339655291
2  38 25 0 4.89996115339694 5.17304339655291
2  39 27 0 4.89996115339694 5.17304339655291
4 CN 25 0 27 0
0

0101000
+1170 0 -1168 0 *
Ve
0.000175044293873786
3.69504172281362 6.40000000000001 24.8420709053006
0 0

0101101
*
Ed
 0.000170697831543111 1 1 0
1  42 0 2.32344564184452e-17 0.00401163281354811
2  40 25 0 2.32344564184452e-17 0.00401163281354811
4 C0 25 0 19 0
0

0101000
+1168 0 -1166 0 *
Ve
0.000175044293882942
7.39008344562724 3.03576608295941e-15 24.8420709053006
0 0

0101101
*
Ed
 0.000175044293873786 1 1 0
1  43 0 2.27823435029305e-07 0.00804523817700424
2  41 25 0 2.27823435029305e-07 0.00804523817700424
4 C0 25 0 24 0
0

0101000
+1166 0 -1164 0 *
Ve
0.000175044293882942
3.69504172281371 -6.39999999999996 24.8420709053006
0 0

0101101
*
Ed
 0.000175044293882942 1 1 0
1  44 0 2.27823435026828e-07 0.00804523817700414
2  42 25 0 2.27823435026828e-07 0.00804523817700414
4 C0 25 0 23 0
0

0101000
+1164 0 -1162 0 *
Ve
0.000170697831544241
2.77555756156289e-14 -6.4 23.667122474137
0 0

0101101
*
Ed
 0.000119253380453388 1 1 0
1  45 0 0.014337907621368 0.0183283079272238
2  43 25 0 0.014337907621368 0.0183283079272238
4 C0 25 0 22 0
0

0101000
+1162 0 -1160 0 *
Ed
 1e-07 1 1 0
1  46 0 4.89996115339694 5.17304339655291
2  44 25 0 4.89996115339694 5.17304339655291
2  45 27 0 4.89996115339694 5.17304339655291
4 CN 25 0 27 0
0

0101000
+1171 0 -1160 0 *
Wi

0101100
+1169 0 +1167 0 +1165 0 +1163 0 +1161 0 +1159 0 -1158 0 *
Fa
0  1e-07 25 0

0111000
+1157 0 *
Ve
1e-07
2.77555756156289e-14 4 31
0 0

0101101
*
Ve
1e-07
2.77555756156289e-14 4 23.5
0 0

0101101
*
Ed
 1e-07 1 1 0
1  47 0 0 7.5
2  46 28 0 0 7.5
2  47 29 0 0 7.5
4 CN 28 0 29 0
0

0101000
+1155 0 -1154 0 *
Ve
1e-07
2.82454343352879e-14 -4 23.5
0 0

0101101
*
Ed
 1e-07 1 1 0
1  48 0 3.14159265358979 6.28318530717959
2  48 28 0 3.14159265358979 6.28318530717959
4 C0 28 0 26 0
0

0101000
+1154 0 -1152 0 *
Ve
1e-07
2.82454343352879e-14 -4 31
0 0

0101101
*
Ed
 1e-07 1 1 0
1  49 0 0 7.5
2  49 28 0 0 7.5
2  50 29 0 0 7.5
4 CN 28 0 29 0
0

0101000
+1150 0 -1152 0 *
Ed
 1e-07 1 1 0
1  50 0 3.14159265358979 6.28318530717959
2  51 28 0 3.14159265358979 6.28318530717959
4 C0 28 0 17 0
0

0101000
+1155 0 -1150 0 *
Wi

0101100
+1153 0 +1151 0 -1149 0 -1148 0 *
Fa
0  1e-07 28 0

0111000
+1147 0 *
Ve
1e-07
2.77555756156289e-14 -6.2 28.5
0 0

0101101
*
Ve
1e-07
2.85148566311003e-14 6.2 28.5
0 0

0101101
*
Ed
 1e-07 1 1 0
1  51 0 0 3.14159265358979
2  52 15 0 0 3.14159265358979
4 C0 15 0 21 0
0

0101000
+1145 0 -1144 0 *
Ed
 1e-07 1 1 0
1  52 0 0 2
2  53 15 0 0 2
2  54 30 0 0 2
4 CN 15 0 30 0
0

0101000
+1144 0 -1197 0 *
Ed
 1e-07 1 1 0
1  53 0 0 2
2  55 15 0 0 2
2  56 30 0 0 2
4 CN 15 0 30 0
0

0101000
+1145 0 -1196 0 *
Wi

0101100
+1143 0 +1142 0 +1195 0 -1141 0 *
Fa
0  1e-07 15 0

0111000
+1140 0 *
Ed
 1e-07 1 1 0
1  54 0 3.5 6.1579290946994
4 C0 23 0 22 0
0

0101000
+1178 0 -1162 0 *
Ed
 1e-07 1 1 0
1  55 0 3.5 6.1579290946994
4 C0 23 0 24 0
0

0101000
+1176 0 -1164 0 *
Wi

0101100
-1175 0 +1138 0 -1161 0 -1137 0 *
Fa
0  1e-07 23 0

0111000
-1136 0 *
Ed
 1e-07 1 1 0
1  56 0 3.5 6.1579290946994
4 C0 24 0 19 0
0

0101000
+1187 0 -1166 0 *
Wi

0101100
-1174 0 +1137 0 -1163 0 -1134 0 *
Fa
0  1e-07 24 0

0111000
-1133 0 *
Ve
0.000175044293874652
-3.69504172281361 6.39999999999999 24.8420709053006
0 0

0101101
*
Ed
 0.000119253380453769 1 1 0
1  57 0 0.014337907621368 0.0183283079272237
2  57 27 0 0.014337907621368 0.0183283079272237
4 C0 19 0 27 0
0

0101000
+1131 0 -1168 0 *
Ve
0.000297092149011182
-3.69504172281361 6.39999999999999 27.5
0 0

0101101
*
Ed
 1e-07 1 1 0
1  58 0 3.5 6.1579290946994
4 C0 19 0 31 0
0

0101000
+1129 0 -1131 0 *
Ed
 8.35757270047542e-05 1 1 0
1  59 0 2.30874938078083e-17 0.00387121320201248
2  58 20 0 2.30874938078083e-17 0.00387121320201248
4 C0 19 0 20 0
0

0101000
+1186 0 -1129 0 *
Wi

0101100
-1185 0 +1134 0 -1165 0 -1130 0 -1128 0 -1127 0 *
Fa
0  1e-07 19 0

0111000
-1126 0 *
Ve
0.000297092149015665
-7.39008344562719 -5.3776427755281e-14 27.5
0 0

0101101
*
Ed
 0.000297092149011182 1 1 0
1  60 0 2.96562666870563e-07 0.00777805927417812
2  59 20 0 2.96562666870563e-07 0.00777805927417812
4 C0 31 0 20 0
0

0101000
+1129 0 -1124 0 *
Ve
0.000175044293874652
-7.39008344562719 -5.3776427755281e-14 24.8420709053006
0 0

0101101
*
Ed
 0.000175044293874652 1 1 0
1  61 0 2.27823435026889e-07 0.00804523817700424
2  60 27 0 2.27823435026889e-07 0.00804523817700424
4 C0 31 0 27 0
0

0101000
+1122 0 -1131 0 *
Ed
 1e-07 1 1 0
1  62 0 3.5 6.1579290946994
4 C0 31 0 32 0
0

0101000
+1124 0 -1122 0 *
Wi

0101100
-1123 0 +1128 0 -1121 0 -1120 0 *
Fa
0  1e-07 31 0

0111000
-1119 0 *
Ve
0.000297092149015665
-3.69504172281352 -6.40000000000004 27.5
0 0

0101101
*
Ed
 0.000297092149015665 1 1 0
1  63 0 2.96562667265346e-07 0.00777805927417851
2  61 20 0 2.96562667265346e-07 0.00777805927417851
4 C0 32 0 20 0
0

0101000
+1124 0 -1117 0 *
Ve
0.000175044293874056
-3.69504172281352 -6.40000000000004 24.8420709053006
0 0

0101101
*
Ed
 0.000175044293874056 1 1 0
1  64 0 2.27823435027852e-07 0.00804523817700423
2  62 27 0 2.27823435027852e-07 0.00804523817700423
4 C0 32 0 27 0
0

0101000
+1115 0 -1122 0 *
Ed
 1e-07 1 1 0
1  65 0 3.5 6.1579290946994
4 C0 32 0 22 0
0

0101000
+1117 0 -1115 0 *
Wi

0101100
-1116 0 +1120 0 -1114 0 -1113 0 *
Fa
0  1e-07 32 0

0111000
-1112 0 *
Ed
 8.79634031735682e-05 1 1 0
1  66 0 0.0174919734114106 0.0213568867418372
2  63 20 0 0.0174919734114106 0.0213568867418372
4 C0 22 0 20 0
0

0101000
+1117 0 -1180 0 *
Ed
 0.000170697831544241 1 1 0
1  67 0 6.64899039654622e-17 0.00401163281354811
2  64 27 0 6.64899039654622e-17 0.00401163281354811
4 C0 22 0 27 0
0

0101000
+1160 0 -1115 0 *
Wi

0101100
-1110 0 +1113 0 -1109 0 -1159 0 -1138 0 -1177 0 *
Fa
0  1e-07 22 0

0111000
-1108 0 *
Ed
 1e-07 1 1 0
1  68 0 3.14159265358979 6.28318530717959
2  65 20 0 3.14159265358979 6.28318530717959
4 C0 21 0 20 0
0

0101000
+1184 0 -1182 0 *
Wi

0101100
+1181 0 +1106 0 *
Ed
 1e-07 1 1 0
1  69 0 3.14159265358979 6.28318530717959
2  66 30 0 3.14159265358979 6.28318530717959
4 C0 21 0 30 0
0

0101000
+1144 0 -1145 0 *
Wi

0101100
-1143 0 -1104 0 *
Fa
0  1e-07 21 0

0111000
+1105 0 +1103 0 *
Ed
 1e-07 1 1 0
1  70 0 3.14159265358979 6.28318530717959
2  67 27 0 3.14159265358979 6.28318530717959
4 C0 26 0 27 0
0

0101000
+1170 0 -1171 0 *
Wi

0101100
-1169 0 -1101 0 *
Ed
 1e-07 1 1 0
1  71 0 0 3.14159265358979
2  68 29 0 0 3.14159265358979
4 C0 26 0 29 0
0

0101000
+1152 0 -1154 0 *
Wi

0101100
+1151 0 +1099 0 *
Fa
0  1e-07 26 0

0111000
-1100 0 -1098 0 *
Ed
 1e-07 1 1 0
1  72 0 3.14159265358979 6.28318530717959
2  69 16 0 3.14159265358979 6.28318530717959
4 G1 17 0 16 0
0

0101000
+1194 0 -1192 0 *
Wi

0101100
+1191 0 +1096 0 *
Ed
 1e-07 1 1 0
1  73 0 0 3.14159265358979
2  70 29 0 0 3.14159265358979
4 C0 17 0 29 0
0

0101000
+1150 0 -1155 0 *
Wi

0101100
-1148 0 -1094 0 *
Fa
0  1e-07 17 0

0111000
+1095 0 +1093 0 *
Ed
 1e-07 1 1 0
1  74 0 0 3.14159265358979
2  71 30 0 0 3.14159265358979
2  72 16 0 0 3.14159265358979
4 G1 30 0 16 0
0

0101000
+1196 0 -1197 0 *
Wi

0101100
-1142 0 +1104 0 +1141 0 +1091 0 *
Fa
0  1e-07 30 0

0111000
+1090 0 *
Wi

0101100
+1099 0 -1153 0 -1094 0 +1149 0 *
Fa
0  1e-07 29 0

0111000
+1088 0 *
Wi

0101100
-1167 0 +1101 0 +1158 0 +1109 0 +1114 0 +1121 0 +1130 0 *
Fa
0  1e-07 27 0

0111000
+1086 0 *
Wi

0101100
-1183 0 +1127 0 +1123 0 +1116 0 +1110 0 +1179 0 -1106 0 *
Fa
0  1e-07 20 0

0111000
+1084 0 *
Wi

0101100
-1193 0 -1091 0 +1190 0 -1096 0 *
Fa
0  1e-07 16 0

0111000
+1082 0 *
Sh

0101100
+1188 0 +1172 0 +1156 0 -1146 0 +1139 0 -1135 0 -1132 0 -1125 0 -1118 0 -1111 0 
-1107 0 +1102 0 -1097 0 +1092 0 +1089 0 -1087 0 +1085 0 +1083 0 +1081 0 *
So

0100000
+1080 0 *
Ve
1e-07
39.1815499087511 86 -29.8016826815
0 0

0101101
*
Ve
1e-07
37.818450091249 86 29.8016826815
0 0

0101101
*
Ed
 1e-07 1 1 0
1  75 0 3.11872712840661 6.2603197819964
2  73 33 0 3.11872712840661 6.2603197819964
2  74 34 0 3.11872712840661 6.2603197819964
4 CN 33 0 34 0
0

0101000
+1078 0 -1077 0 *
Ve
1e-07
39.1358228432251 84 -27.8022054909628
0 0

0101101
*
Ed
 1e-07 1 1 0
1  76 0 4.71238898038469 6.28318530717959
2  75 33 0 4.71238898038469 6.28318530717959
2  76 35 0 4.71238898038469 6.28318530717959
4 CN 33 0 35 0
0

0101000
+1075 0 -1078 0 *
Ve
1e-07
37.864177156775 84 27.8022054909628
0 0

0101101
*
Ed
 1e-07 1 1 0
1  77 0 0 3.14159265358979
2  77 33 0 0 3.14159265358979
4 G1 33 0 36 0
0

0101000
+1073 0 -1075 0 *
Ed
 1e-07 1 1 0
1  78 0 4.71238898038469 6.28318530717959
2  78 33 0 4.71238898038469 6.28318530717959
2  79 35 0 4.71238898038469 6.28318530717959
4 CN 33 0 35 0
0

0101000
+1073 0 -1077 0 *
Wi

0101100
-1076 0 -1074 0 -1072 0 +1071 0 *
Fa
0  1e-07 33 0

0111000
+1070 0 *
Ed
 1e-07 1 1 0
1  79 0 6.2603197819964 9.40191243558619
2  80 35 0 6.2603197819964 9.40191243558619
2  81 37 0 6.2603197819964 9.40191243558619
4 CN 35 0 37 0
0

0101000
+1077 0 -1078 0 *
Ed
 1e-07 1 1 0
1  80 0 3.14159265358979 6.28318530717959
2  82 35 0 3.14159265358979 6.28318530717959
4 G1 35 0 36 0
0

0101000
+1075 0 -1073 0 *
Wi

0101100
-1068 0 -1071 0 -1067 0 +1074 0 *
Fa
0  1e-07 35 0

0111000
+1066 0 *
Ve
1e-07
38.9858500712132 92.5 -21.2444451494574
0 0

0101101
*
Ve
1e-07
38.0141499287869 92.5 21.2444451494574
0 0

0101101
*
Ed
 1e-07 1 1 0
1  81 0 3.14159265358979 6.28318530717959
2  83 38 0 3.14159265358979 6.28318530717959
4 G1 38 0 39 0
0

0101000
+1064 0 -1063 0 *
Ve
1e-07
38.9172594729243 89.5 -18.2452293636516
0 0

0101101
*
Ed
 1e-07 1 1 0
1  82 0 1.5707963267949 3.14159265358979
2  84 38 0 1.5707963267949 3.14159265358979
2  85 40 0 1.5707963267949 3.14159265358979
4 CN 38 0 40 0
0

0101000
+1064 0 -1061 0 *
Ve
1e-07
38.0827405270758 89.5 18.2452293636516
0 0

0101101
*
Ed
 1e-07 1 1 0
1  83 0 0 3.14159265358979
2  86 38 0 0 3.14159265358979
2  87 41 0 0 3.14159265358979
4 G1 38 0 41 0
0

0101000
+1059 0 -1061 0 *
Ed
 1e-07 1 1 0
1  84 0 1.5707963267949 3.14159265358979
2  88 38 0 1.5707963267949 3.14159265358979
2  89 40 0 1.5707963267949 3.14159265358979
4 CN 38 0 40 0
0

0101000
+1063 0 -1059 0 *
Wi

0101100
-1062 0 +1060 0 -1058 0 -1057 0 *
Fa
0  1e-07 38 0

0111000
+1056 0 *
Ve
1e-07
39.1800978840384 86.5 -29.7381909559808
0 0

0101101
*
Ed
 1e-07 1 1 0
1  85 0 0 0.252680255142079
2  90 37 0 0 0.252680255142079
2  91 34 0 0 0.252680255142079
4 CN 37 0 34 0
0

0101000
+1078 0 -1054 0 *
Ve
1e-07
37.8199021159617 86.5 29.7381909559808
0 0

0101101
*
Ed
 1e-07 1 1 0
1  86 0 3.14159265358979 6.28318530717959
2  92 37 0 3.14159265358979 6.28318530717959
2  93 42 0 3.14159265358979 6.28318530717959
4 G1 37 0 42 0
0

0101000
+1052 0 -1054 0 *
Ed
 1e-07 1 1 0
1  87 0 0 0.252680255142079
2  94 37 0 0 0.252680255142079
2  95 34 0 0 0.252680255142079
4 CN 37 0 34 0
0

0101000
+1077 0 -1052 0 *
Wi

0101100
+1068 0 +1053 0 -1051 0 -1050 0 *
Fa
0  1e-07 37 0

0111000
+1049 0 *
Ve
1e-07
39.0029977207854 92.5 -21.9942490959088
0 0

0101101
*
Ed
 1e-07 1 1 0
1  88 0 0.252680255142079 1.5707963267949
2  96 42 0 0.252680255142079 1.5707963267949
2  97 43 0 0.252680255142079 1.5707963267949
4 CN 42 0 43 0
0

0101000
+1054 0 -1047 0 *
Ve
1e-07
37.9970022792146 92.5 21.9942490959088
0 0

0101101
*
Ed
 1e-07 1 1 0
1  89 0 0 3.14159265358979
2  98 42 0 0 3.14159265358979
4 G1 42 0 39 0
0

0101000
+1045 0 -1047 0 *
Ed
 1e-07 1 1 0
1  90 0 0.252680255142079 1.5707963267949
2  99 42 0 0.252680255142079 1.5707963267949
2  100 43 0 0.252680255142079 1.5707963267949
4 CN 42 0 43 0
0

0101000
+1052 0 -1045 0 *
Wi

0101100
+1051 0 +1046 0 -1044 0 -1043 0 *
Fa
0  1e-07 42 0

0111000
+1042 0 *
Ve
1e-07
38.3628188034222 119.5 5.99843157161149
0 0

0101101
*
Ve
1e-07
38.6371811965779 119.5 -5.99843157161149
0 0

0101101
*
Ed
 1e-07 1 1 0
1  91 0 0 3.14159265358979
2  101 44 0 0 3.14159265358979
4 C0 44 0 45 0
0

0101000
+1040 0 -1039 0 *
Ve
1e-07
38.3628188034222 118.1875 5.99843157161149
0 0

0101101
*
Ed
 1e-07 1 1 0
1  92 0 0 1.3125
2  102 44 0 0 1.3125
2  103 46 0 0 1.3125
4 CN 44 0 46 0
0

0101000
+1040 0 -1037 0 *
Ve
1e-07
38.6371811965779 117.3125 -5.99843157161149
0 0

0101101
*
Ed
 1e-07 1 1 0
1  93 0 0.910714285714286 0.946428571428571
2  104 44 0 0.910714285714286 0.946428571428571
2  105 47 0 0.910714285714286 0.946428571428571
4 C0 44 0 47 0
0

0101000
+1035 0 -1037 0 *
Ed
 1e-07 1 1 0
1  94 0 0 2.1875
2  106 44 0 0 2.1875
2  107 46 0 0 2.1875
4 CN 44 0 46 0
0

0101000
+1039 0 -1035 0 *
Wi

0101100
-1038 0 +1036 0 -1034 0 -1033 0 *
Fa
0  1e-07 44 0

0111000
+1032 0 *
Ve
1e-07
38.6371811965779 116.3125 -5.99843157161149
0 0

0101101
*
Ve
1e-07
38.3628188034222 117.1875 5.99843157161149
0 0

0101101
*
Ed
 1e-07 1 1 0
1  95 0 0.910714285714286 0.946428571428571
2  108 48 0 0.910714285714286 0.946428571428571
2  109 49 0 0.910714285714286 0.946428571428571
4 C0 48 0 49 0
0

0101000
+1030 0 -1029 0 *
Ve
1e-07
38.3628188034222 116.4375 5.99843157161149
0 0

0101101
*
Ed
 1e-07 1 1 0
1  96 0 2.3125 3.0625
2  110 48 0 2.3125 3.0625
2  111 46 0 2.3125 3.0625
4 CN 48 0 46 0
0

0101000
+1029 0 -1027 0 *
Ve
1e-07
38.6371811965779 115.5625 -5.99843157161149
0 0

0101101
*
Ed
 1e-07 1 1 0
1  97 0 0.839285714285714 0.875
2  112 48 0 0.839285714285714 0.875
2  113 47 0 0.839285714285714 0.875
4 C0 48 0 47 0
0

0101000
+1025 0 -1027 0 *
Ed
 1e-07 1 1 0
1  98 0 3.1875 3.9375
2  114 48 0 3.1875 3.9375
2  115 50 0 3.1875 3.9375
4 CN 48 0 50 0
0

0101000
+1030 0 -1025 0 *
Wi

0101100
+1028 0 +1026 0 -1024 0 -1023 0 *
Fa
0  1e-07 48 0

0111000
+1022 0 *
Ve
1e-07
38.6371811965779 114.5625 -5.99843157161149
0 0

0101101
*
Ve
1e-07
38.3628188034222 115.4375 5.99843157161149
0 0

0101101
*
Ed
 1e-07 1 1 0
1  99 0 0.839285714285714 0.875
2  116 51 0 0.839285714285714 0.875
2  117 49 0 0.839285714285714 0.875
4 C0 51 0 49 0
0

0101000
+1020 0 -1019 0 *
Ve
1e-07
38.3628188034222 114.6875 5.99843157161149
0 0

0101101
*
Ed
 1e-07 1 1 0
1  100 0 4.0625 4.8125
2  118 51 0 4.0625 4.8125
2  119 50 0 4.0625 4.8125
4 CN 51 0 50 0
0

0101000
+1019 0 -1017 0 *
Ve
1e-07
38.6371811965779 113.8125 -5.99843157161149
0 0

0101101
*
Ed
 1e-07 1 1 0
1  101 0 0.767857142857143 0.803571428571429
2  120 51 0 0.767857142857143 0.803571428571429
2  121 47 0 0.767857142857143 0.803571428571429
4 C0 51 0 47 0
0

0101000
+1015 0 -1017 0 *
Ed
 1e-07 1 1 0
1  102 0 4.9375 5.6875
2  122 51 0 4.9375 5.6875
2  123 52 0 4.9375 5.6875
4 CN 51 0 52 0
0

0101000
+1020 0 -1015 0 *
Wi

0101100
+1018 0 +1016 0 -1014 0 -1013 0 *
Fa
0  1e-07 51 0

0111000
+1012 0 *
Ve
1e-07
38.6371811965779 112.8125 -5.99843157161149
0 0

0101101
*
Ve
1e-07
38.3628188034222 113.6875 5.99843157161149
0 0

0101101
*
Ed
 1e-07 1 1 0
1  103 0 0.767857142857143 0.803571428571429
2  124 53 0 0.767857142857143 0.803571428571429
2  125 49 0 0.767857142857143 0.803571428571429
4 C0 53 0 49 0
0

0101000
+1010 0 -1009 0 *
Ve
1e-07
38.3628188034222 112.9375 5.99843157161149
0 0

0101101
*
Ed
 1e-07 1 1 0
1  104 0 5.8125 6.5625
2  126 53 0 5.8125 6.5625
2  127 52 0 5.8125 6.5625
4 CN 53 0 52 0
0

0101000
+1009 0 -1007 0 *
Ve
1e-07
38.6371811965779 112.0625 -5.99843157161149
0 0

0101101
*
Ed
 1e-07 1 1 0
1  105 0 0.696428571428571 0.732142857142857
2  128 53 0 0.696428571428571 0.732142857142857
2  129 47 0 0.696428571428571 0.732142857142857
4 C0 53 0 47 0
0

0101000
+1005 0 -1007 0 *
Ed
 1e-07 1 1 0
1  106 0 6.6875 7.4375
2  130 53 0 6.6875 7.4375
2  131 54 0 6.6875 7.4375
4 CN 53 0 54 0
0

0101000
+1010 0 -1005 0 *
Wi

0101100
+1008 0 +1006 0 -1004 0 -1003 0 *
Fa
0  1e-07 53 0

0111000
+1002 0 *
Ve
1e-07
38.6371811965779 111.0625 -5.99843157161149
0 0

0101101
*
Ve
1e-07
38.3628188034222 111.9375 5.99843157161149
0 0

0101101
*
Ed
 1e-07 1 1 0
1  107 0 0.696428571428571 0.732142857142857
2  132 55 0 0.696428571428571 0.732142857142857
2  133 49 0 0.696428571428571 0.732142857142857
4 C0 55 0 49 0
0

0101000
+1000 0 -999 0 *
Ve
1e-07
38.3628188034222 111.1875 5.99843157161149
0 0

0101101
*
Ed
 1e-07 1 1 0
1  108 0 7.5625 8.3125
2  134 55 0 7.5625 8.3125
2  135 54 0 7.5625 8.3125
4 CN 55 0 54 0
0

0101000
+999 0 -997 0 *
Ve
1e-07
38.6371811965779 110.3125 -5.99843157161149
0 0

0101101
*
Ed
 1e-07 1 1 0
1  109 0 0.625 0.660714285714286
2  136 55 0 0.625 0.660714285714286
2  137 47 0 0.625 0.660714285714286
4 C0 55 0 47 0
0

0101000
+995 0 -997 0 *
Ed
 1e-07 1 1 0
1  110 0 8.4375 9.1875
2  138 55 0 8.4375 9.1875
2  139 56 0 8.4375 9.1875
4 CN 55 0 56 0
0

0101000
+1000 0 -995 0 *
Wi

0101100
+998 0 +996 0 -994 0 -993 0 *
Fa
0  1e-07 55 0

0111000
+992 0 *
Ve
1e-07
38.6371811965779 109.3125 -5.99843157161149
0 0

0101101
*
Ve
1e-07
38.3628188034222 110.1875 5.99843157161149
0 0

0101101
*
Ed
 1e-07 1 1 0
1  111 0 0.625 0.660714285714286
2  140 57 0 0.625 0.660714285714286
2  141 49 0 0.625 0.660714285714286
4 C0 57 0 49 0
0

0101000
+990 0 -989 0 *
Ve
1e-07
38.3628188034222 109.4375 5.99843157161149
0 0

0101101
*
Ed
 1e-07 1 1 0
1  112 0 9.3125 10.0625
2  142 57 0 9.3125 10.0625
2  143 56 0 9.3125 10.0625
4 CN 57 0 56 0
0

0101000
+989 0 -987 0 *
Ve
1e-07
38.6371811965779 108.5625 -5.99843157161149
0 0

0101101
*
Ed
 1e-07 1 1 0
1  113 0 0.553571428571429 0.589285714285714
2  144 57 0 0.553571428571429 0.589285714285714
2  145 47 0 0.553571428571429 0.589285714285714
4 C0 57 0 47 0
0

0101000
+985 0 -987 0 *
Ed
 1e-07 1 1 0
1  114 0 10.1875 10.9375
2  146 57 0 10.1875 10.9375
2  147 58 0 10.1875 10.9375
4 CN 57 0 58 0
0

0101000
+990 0 -985 0 *
Wi

0101100
+988 0 +986 0 -984 0 -983 0 *
Fa
0  1e-07 57 0

0111000
+982 0 *
Ve
1e-07
38.6371811965779 107.5625 -5.99843157161149
0 0

0101101
*
Ve
1e-07
38.3628188034222 108.4375 5.99843157161149
0 0

0101101
*
Ed
 1e-07 1 1 0
1  115 0 0.553571428571429 0.589285714285714
2  148 59 0 0.553571428571429 0.589285714285714
2  149 49 0 0.553571428571429 0.589285714285714
4 C0 59 0 49 0
0

0101000
+980 0 -979 0 *
Ve
1e-07
38.3628188034222 107.6875 5.99843157161149
0 0

0101101
*
Ed
 1e-07 1 1 0
1  116 0 11.0625 11.8125
2  150 59 0 11.0625 11.8125
2  151 58 0 11.0625 11.8125
4 CN 59 0 58 0
0

0101000
+979 0 -977 0 *
Ve
1e-07
38.6371811965779 106.8125 -5.99843157161149
0 0

0101101
*
Ed
 1e-07 1 1 0
1  117 0 0.482142857142857 0.517857142857143
2  152 59 0 0.482142857142857 0.517857142857143
2  153 47 0 0.482142857142857 0.517857142857143
4 C0 59 0 47 0
0

0101000
+975 0 -977 0 *
Ed
 1e-07 1 1 0
1  118 0 11.9375 12.6875
2  154 59 0 11.9375 12.6875
2  155 60 0 11.9375 12.6875
4 CN 59 0 60 0
0

0101000
+980 0 -975 0 *
Wi

0101100
+978 0 +976 0 -974 0 -973 0 *
Fa
0  1e-07 59 0

0111000
+972 0 *
Ve
1e-07
38.6371811965779 105.8125 -5.99843157161149
0 0

0101101
*
Ve
1e-07
38.3628188034222 106.6875 5.99843157161149
0 0

0101101
*
Ed
 1e-07 1 1 0
1  119 0 0.482142857142857 0.517857142857143
2  156 61 0 0.482142857142857 0.517857142857143
2  157 49 0 0.482142857142857 0.517857142857143
4 C0 61 0 49 0
0

0101000
+970 0 -969 0 *
Ve
1e-07
38.3628188034222 105.9375 5.99843157161149
0 0

0101101
*
Ed
 1e-07 1 1 0
1  120 0 12.8125 13.5625
2  158 61 0 12.8125 13.5625
2  159 60 0 12.8125 13.5625
4 CN 61 0 60 0
0

0101000
+969 0 -967 0 *
Ve
1e-07
38.6371811965779 105.0625 -5.99843157161149
0 0

0101101
*
Ed
 1e-07 1 1 0
1  121 0 0.410714285714286 0.446428571428571
2  160 61 0 0.410714285714286 0.446428571428571
2  161 47 0 0.410714285714286 0.446428571428571
4 C0 61 0 47 0
0

0101000
+965 0 -967 0 *
Ed
 1e-07 1 1 0
1  122 0 13.6875 14.4375
2  162 61 0 13.6875 14.4375
2  163 62 0 13.6875 14.4375
4 CN 61 0 62 0
0

0101000
+970 0 -965 0 *
Wi

0101100
+968 0 +966 0 -964 0 -963 0 *
Fa
0  1e-07 61 0

0111000
+962 0 *
Ve
1e-07
38.6371811965779 104.0625 -5.99843157161149
0 0

0101101
*
Ve
1e-07
38.3628188034222 104.9375 5.99843157161149
0 0

0101101
*
Ed
 1e-07 1 1 0
1  123 0 0.410714285714286 0.446428571428571
2  164 63 0 0.410714285714286 0.446428571428571
2  165 49 0 0.410714285714286 0.446428571428571
4 C0 63 0 49 0
0

0101000
+960 0 -959 0 *
Ve
1e-07
38.3628188034222 104.1875 5.99843157161149
0 0

0101101
*
Ed
 1e-07 1 1 0
1  124 0 14.5625 15.3125
2  166 63 0 14.5625 15.3125
2  167 62 0 14.5625 15.3125
4 CN 63 0 62 0
0

0101000
+959 0 -957 0 *
Ve
1e-07
38.6371811965779 103.3125 -5.99843157161149
0 0

0101101
*
Ed
 1e-07 1 1 0
1  125 0 0.339285714285714 0.375
2  168 63 0 0.339285714285714 0.375
2  169 47 0 0.339285714285714 0.375
4 C0 63 0 47 0
0

0101000
+955 0 -957 0 *
Ed
 1e-07 1 1 0
1  126 0 15.4375 16.1875
2  170 63 0 15.4375 16.1875
2  171 64 0 15.4375 16.1875
4 CN 63 0 64 0
0

0101000
+960 0 -955 0 *
Wi

0101100
+958 0 +956 0 -954 0 -953 0 *
Fa
0  1e-07 63 0

0111000
+952 0 *
Ve
1e-07
38.6371811965779 102.3125 -5.99843157161149
0 0

0101101
*
Ve
1e-07
38.3628188034222 103.1875 5.99843157161149
0 0

0101101
*
Ed
 1e-07 1 1 0
1  127 0 0.339285714285714 0.375
2  172 65 0 0.339285714285714 0.375
2  173 49 0 0.339285714285714 0.375
4 C0 65 0 49 0
0

0101000
+950 0 -949 0 *
Ve
1e-07
38.3628188034222 102.4375 5.99843157161149
0 0

0101101
*
Ed
 1e-07 1 1 0
1  128 0 16.3125 17.0625
2  174 65 0 16.3125 17.0625
2  175 64 0 16.3125 17.0625
4 CN 65 0 64 0
0

0101000
+949 0 -947 0 *
Ve
1e-07
38.6371811965779 101.5625 -5.99843157161149
0 0

0101101
*
Ed
 1e-07 1 1 0
1  129 0 0.267857142857143 0.303571428571429
2  176 65 0 0.267857142857143 0.303571428571429
2  177 47 0 0.267857142857143 0.303571428571429
4 C0 65 0 47 0
0

0101000
+945 0 -947 0 *
Ed
 1e-07 1 1 0
1  130 0 17.1875 17.9375
2  178 65 0 17.1875 17.9375
2  179 66 0 17.1875 17.9375
4 CN 65 0 66 0
0

0101000
+950 0 -945 0 *
Wi

0101100
+948 0 +946 0 -944 0 -943 0 *
Fa
0  1e-07 65 0

0111000
+942 0 *
Ve
1e-07
38.6371811965779 100.5625 -5.99843157161149
0 0

0101101
*
Ve
1e-07
38.3628188034222 101.4375 5.99843157161149
0 0

0101101
*
Ed
 1e-07 1 1 0
1  131 0 0.267857142857143 0.303571428571429
2  180 67 0 0.267857142857143 0.303571428571429
2  181 49 0 0.267857142857143 0.303571428571429
4 C0 67 0 49 0
0

0101000
+940 0 -939 0 *
Ve
1e-07
38.3628188034222 100.6875 5.99843157161149
0 0

0101101
*
Ed
 1e-07 1 1 0
1  132 0 18.0625 18.8125
2  182 67 0 18.0625 18.8125
2  183 66 0 18.0625 18.8125
4 CN 67 0 66 0
0

0101000
+939 0 -937 0 *
Ve
1e-07
38.6371811965779 99.8125 -5.99843157161149
0 0

0101101
*
Ed
 1e-07 1 1 0
1  133 0 0.196428571428571 0.232142857142857
2  184 67 0 0.196428571428571 0.232142857142857
2  185 47 0 0.196428571428571 0.232142857142857
4 C0 67 0 47 0
0

0101000
+935 0 -937 0 *
Ed
 1e-07 1 1 0
1  134 0 18.9375 19.6875
2  186 67 0 18.9375 19.6875
2  187 68 0 18.9375 19.6875
4 CN 67 0 68 0
0

0101000
+940 0 -935 0 *
Wi

0101100
+938 0 +936 0 -934 0 -933 0 *
Fa
0  1e-07 67 0

0111000
+932 0 *
Ve
1e-07
38.6371811965779 98.8125 -5.99843157161149
0 0

0101101
*
Ve
1e-07
38.3628188034222 99.6875 5.99843157161149
0 0

0101101
*
Ed
 1e-07 1 1 0
1  135 0 0.196428571428571 0.232142857142857
2  188 69 0 0.196428571428571 0.232142857142857
2  189 49 0 0.196428571428571 0.232142857142857
4 C0 69 0 49 0
0

0101000
+930 0 -929 0 *
Ve
1e-07
38.3628188034222 98.9375 5.99843157161149
0 0

0101101
*
Ed
 1e-07 1 1 0
1  136 0 19.8125 20.5625
2  190 69 0 19.8125 20.5625
2  191 68 0 19.8125 20.5625
4 CN 69 0 68 0
0

0101000
+929 0 -927 0 *
Ve
1e-07
38.6371811965779 98.0625 -5.99843157161149
0 0

0101101
*
Ed
 1e-07 1 1 0
1  137 0 0.125 0.160714285714286
2  192 69 0 0.125 0.160714285714286
2  193 47 0 0.125 0.160714285714286
4 C0 69 0 47 0
0

0101000
+925 0 -927 0 *
Ed
 1e-07 1 1 0
1  138 0 20.6875 21.4375
2  194 69 0 20.6875 21.4375
2  195 70 0 20.6875 21.4375
4 CN 69 0 70 0
0

0101000
+930 0 -925 0 *
Wi

0101100
+928 0 +926 0 -924 0 -923 0 *
Fa
0  1e-07 69 0

0111000
+922 0 *
Ve
1e-07
38.6371811965779 97.0625 -5.99843157161149
0 0

0101101
*
Ve
1e-07
38.3628188034222 97.9375 5.99843157161149
0 0

0101101
*
Ed
 1e-07 1 1 0
1  139 0 0.125 0.160714285714286
2  196 71 0 0.125 0.160714285714286
2  197 49 0 0.125 0.160714285714286
4 C0 71 0 49 0
0

0101000
+920 0 -919 0 *
Ve
1e-07
38.3628188034222 97.1875 5.99843157161149
0 0

0101101
*
Ed
 1e-07 1 1 0
1  140 0 21.5625 22.3125
2  198 71 0 21.5625 22.3125
2  199 70 0 21.5625 22.3125
4 CN 71 0 70 0
0

0101000
+919 0 -917 0 *
Ve
1e-07
38.6371811965779 96.3125 -5.99843157161149
0 0

0101101
*
Ed
 1e-07 1 1 0
1  141 0 0.0535714285714286 0.0892857142857143
2  200 71 0 0.0535714285714286 0.0892857142857143
2  201 47 0 0.0535714285714286 0.0892857142857143
4 C0 71 0 47 0
0

0101000
+915 0 -917 0 *
Ed
 1e-07 1 1 0
1  142 0 22.4375 23.1875
2  202 71 0 22.4375 23.1875
2  203 72 0 22.4375 23.1875
4 CN 71 0 72 0
0

0101000
+920 0 -915 0 *
Wi

0101100
+918 0 +916 0 -914 0 -913 0 *
Fa
0  1e-07 71 0

0111000
+912 0 *
Ve
1e-07
38.6371811965779 95.3125 -5.99843157161149
0 0

0101101
*
Ve
1e-07
38.3628188034222 96.1875 5.99843157161149
0 0

0101101
*
Ed
 1e-07 1 1 0
1  143 0 0.0535714285714286 0.0892857142857143
2  204 73 0 0.0535714285714286 0.0892857142857143
2  205 49 0 0.0535714285714286 0.0892857142857143
4 C0 73 0 49 0
0

0101000
+910 0 -909 0 *
Ve
1e-07
38.3628188034222 95.4375 5.99843157161149
0 0

0101101
*
Ed
 1e-07 1 1 0
1  144 0 23.3125 24.0625
2  206 73 0 23.3125 24.0625
2  207 72 0 23.3125 24.0625
4 CN 73 0 72 0
0

0101000
+909 0 -907 0 *
Ve
1e-07
44.4984315716115 95 0.137181196577836
0 0

0101101
*
Ed
 1e-07 1 1 0
1  145 0 0 0.0178571428571429
2  208 73 0 0 0.0178571428571429
2  209 47 0 0 0.0178571428571429
4 C0 73 0 47 0
0

0101000
+905 0 -907 0 *
Ve
1e-07
44.4984315716115 94.5 0.137181196577836
0 0

0101101
*
Ed
 1e-07 1 1 0
1  146 0 -0.5 0
2  210 73 0 -0.5 0
4 C0 73 0 74 0
0

0101000
+905 0 -903 0 *
Ve
1e-07
38.6371811965779 94.5 -5.99843157161149
0 0

0101101
*
Ed
 1e-07 1 1 0
1  147 0 1.5707963267949 3.14159265358979
2  211 73 0 1.5707963267949 3.14159265358979
4 C0 73 0 75 0
0

0101000
+903 0 -901 0 *
Ed
 1e-07 1 1 0
1  148 0 24.1875 25
2  212 73 0 24.1875 25
2  213 76 0 24.1875 25
4 CN 73 0 76 0
0

0101000
+910 0 -901 0 *
Wi

0101100
+908 0 +906 0 -904 0 +902 0 +900 0 -899 0 *
Fa
0  1e-07 73 0

0111000
+898 0 *
Ed
 1e-07 1 1 0
1  149 0 0.875 0.910714285714286
2  214 50 0 0.875 0.910714285714286
2  215 49 0 0.875 0.910714285714286
4 C0 50 0 49 0
0

0101000
+1019 0 -1030 0 *
Ed
 1e-07 1 1 0
1  150 0 0.803571428571429 0.839285714285714
2  216 50 0 0.803571428571429 0.839285714285714
2  217 47 0 0.803571428571429 0.839285714285714
4 C0 50 0 47 0
0

0101000
+1017 0 -1025 0 *
Wi

0101100
-1016 0 +896 0 +1023 0 -895 0 *
Fa
0  1e-07 50 0

0111000
+894 0 *
Ed
 1e-07 1 1 0
1  151 0 0.803571428571429 0.839285714285714
2  218 52 0 0.803571428571429 0.839285714285714
2  219 49 0 0.803571428571429 0.839285714285714
4 C0 52 0 49 0
0

0101000
+1009 0 -1020 0 *
Ed
 1e-07 1 1 0
1  152 0 0.732142857142857 0.767857142857143
2  220 52 0 0.732142857142857 0.767857142857143
2  221 47 0 0.732142857142857 0.767857142857143
4 C0 52 0 47 0
0

0101000
+1007 0 -1015 0 *
Wi

0101100
-1006 0 +892 0 +1013 0 -891 0 *
Fa
0  1e-07 52 0

0111000
+890 0 *
Ed
 1e-07 1 1 0
1  153 0 0.732142857142857 0.767857142857143
2  222 54 0 0.732142857142857 0.767857142857143
2  223 49 0 0.732142857142857 0.767857142857143
4 C0 54 0 49 0
0

0101000
+999 0 -1010 0 *
Ed
 1e-07 1 1 0
1  154 0 0.660714285714286 0.696428571428573
2  224 54 0 0.660714285714286 0.696428571428573
2  225 47 0 0.660714285714286 0.696428571428573
4 C0 54 0 47 0
0

0101000
+997 0 -1005 0 *
Wi

0101100
-996 0 +888 0 +1003 0 -887 0 *
Fa
0  1e-07 54 0

0111000
+886 0 *
Ed
 1e-07 1 1 0
1  155 0 0.660714285714286 0.696428571428573
2  226 56 0 0.660714285714286 0.696428571428573
2  227 49 0 0.660714285714286 0.696428571428573
4 C0 56 0 49 0
0

0101000
+989 0 -1000 0 *
Ed
 1e-07 1 1 0
1  156 0 0.589285714285714 0.625
2  228 56 0 0.589285714285714 0.625
2  229 47 0 0.589285714285714 0.625
4 C0 56 0 47 0
0

0101000
+987 0 -995 0 *
Wi

0101100
-986 0 +884 0 +993 0 -883 0 *
Fa
0  1e-07 56 0

0111000
+882 0 *
Ed
 1e-07 1 1 0
1  157 0 0.589285714285714 0.625
2  230 58 0 0.589285714285714 0.625
2  231 49 0 0.589285714285714 0.625
4 C0 58 0 49 0
0

0101000
+979 0 -990 0 *
Ed
 1e-07 1 1 0
1  158 0 0.517857142857143 0.553571428571429
2  232 58 0 0.517857142857143 0.553571428571429
2  233 47 0 0.517857142857143 0.553571428571429
4 C0 58 0 47 0
0

0101000
+977 0 -985 0 *
Wi

0101100
-976 0 +880 0 +983 0 -879 0 *
Fa
0  1e-07 58 0

0111000
+878 0 *
Ed
 1e-07 1 1 0
1  159 0 0.517857142857143 0.553571428571429
2  234 60 0 0.517857142857143 0.553571428571429
2  235 49 0 0.517857142857143 0.553571428571429
4 C0 60 0 49 0
0

0101000
+969 0 -980 0 *
Ed
 1e-07 1 1 0
1  160 0 0.446428571428571 0.482142857142857
2  236 60 0 0.446428571428571 0.482142857142857
2  237 47 0 0.446428571428571 0.482142857142857
4 C0 60 0 47 0
0

0101000
+967 0 -975 0 *
Wi

0101100
-966 0 +876 0 +973 0 -875 0 *
Fa
0  1e-07 60 0

0111000
+874 0 *
Ed
 1e-07 1 1 0
1  161 0 0.446428571428571 0.482142857142857
2  238 62 0 0.446428571428571 0.482142857142857
2  239 49 0 0.446428571428571 0.482142857142857
4 C0 62 0 49 0
0

0101000
+959 0 -970 0 *
Ed
 1e-07 1 1 0
1  162 0 0.375 0.410714285714286
2  240 62 0 0.375 0.410714285714286
2  241 47 0 0.375 0.410714285714286
4 C0 62 0 47 0
0

0101000
+957 0 -965 0 *
Wi

0101100
-956 0 +872 0 +963 0 -871 0 *
Fa
0  1e-07 62 0

0111000
+870 0 *
Ed
 1e-07 1 1 0
1  163 0 0.375 0.410714285714286
2  242 64 0 0.375 0.410714285714286
2  243 49 0 0.375 0.410714285714286
4 C0 64 0 49 0
0

0101000
+949 0 -960 0 *
Ed
 1e-07 1 1 0
1  164 0 0.303571428571429 0.339285714285714
2  244 64 0 0.303571428571429 0.339285714285714
2  245 47 0 0.303571428571429 0.339285714285714
4 C0 64 0 47 0
0

0101000
+947 0 -955 0 *
Wi

0101100
-946 0 +868 0 +953 0 -867 0 *
Fa
0  1e-07 64 0

0111000
+866 0 *
Ed
 1e-07 1 1 0
1  165 0 0.303571428571429 0.339285714285714
2  246 66 0 0.303571428571429 0.339285714285714
2  247 49 0 0.303571428571429 0.339285714285714
4 C0 66 0 49 0
0

0101000
+939 0 -950 0 *
Ed
 1e-07 1 1 0
1  166 0 0.232142857142857 0.267857142857141
2  248 66 0 0.232142857142857 0.267857142857141
2  249 47 0 0.232142857142857 0.267857142857141
4 C0 66 0 47 0
0

0101000
+937 0 -945 0 *
Wi

0101100
-936 0 +864 0 +943 0 -863 0 *
Fa
0  1e-07 66 0

0111000
+862 0 *
Ed
 1e-07 1 1 0
1  167 0 0.232142857142857 0.267857142857141
2  250 68 0 0.232142857142857 0.267857142857141
2  251 49 0 0.232142857142857 0.267857142857141
4 C0 68 0 49 0
0

0101000
+929 0 -940 0 *
Ed
 1e-07 1 1 0
1  168 0 0.160714285714286 0.196428571428571
2  252 68 0 0.160714285714286 0.196428571428571
2  253 47 0 0.160714285714286 0.196428571428571
4 C0 68 0 47 0
0

0101000
+927 0 -935 0 *
Wi

0101100
-926 0 +860 0 +933 0 -859 0 *
Fa
0  1e-07 68 0

0111000
+858 0 *
Ed
 1e-07 1 1 0
1  169 0 0.160714285714286 0.196428571428571
2  254 70 0 0.160714285714286 0.196428571428571
2  255 49 0 0.160714285714286 0.196428571428571
4 C0 70 0 49 0
0

0101000
+919 0 -930 0 *
Ed
 1e-07 1 1 0
1  170 0 0.0892857142857143 0.125
2  256 70 0 0.0892857142857143 0.125
2  257 47 0 0.0892857142857143 0.125
4 C0 70 0 47 0
0

0101000
+917 0 -925 0 *
Wi

0101100
-916 0 +856 0 +923 0 -855 0 *
Fa
0  1e-07 70 0

0111000
+854 0 *
Ed
 1e-07 1 1 0
1  171 0 0.0892857142857143 0.125
2  258 72 0 0.0892857142857143 0.125
2  259 49 0 0.0892857142857143 0.125
4 C0 72 0 49 0
0

0101000
+909 0 -920 0 *
Ed
 1e-07 1 1 0
1  172 0 0.0178571428571429 0.0535714285714286
2  260 72 0 0.0178571428571429 0.0535714285714286
2  261 47 0 0.0178571428571429 0.0535714285714286
4 C0 72 0 47 0
0

0101000
+907 0 -915 0 *
Wi

0101100
-906 0 +852 0 +913 0 -851 0 *
Fa
0  1e-07 72 0

0111000
+850 0 *
Ve
6.55458845331894e-05
37.0421899195934 94.5 5.82020530303398
0 0

0101101
*
Ed
 1e-07 1 1 0
1  173 0 0.0203768081668796 0.0535714285714286
2  262 76 0 0.0203768081668796 0.0535714285714286
2  263 49 0 0.0203768081668796 0.0535714285714286
4 C0 76 0 49 0
0

0101000
+848 0 -910 0 *
Ed
 1e-07 1 1 0
1  174 0 3.14159265358979 6.06062610503252
2  264 76 0 3.14159265358979 6.06062610503252
4 C0 76 0 75 0
0

0101000
+901 0 -848 0 *
Wi

0101100
+847 0 +899 0 +846 0 *
Fa
0  1e-07 76 0

0111000
+845 0 *
Ve
1e-07
38.0827405270758 89 18.2452293636516
0 0

0101101
*
Ed
 1e-07 1 1 0
1  175 0 0 0.5
2  265 77 0 0 0.5
2  266 41 0 0 0.5
4 CN 77 0 41 0
0

0101000
+843 0 -1059 0 *
Ed
 1e-07 1 1 0
1  176 0 3.14159265358979 6.28318530717959
2  267 77 0 3.14159265358979 6.28318530717959
2  268 40 0 3.14159265358979 6.28318530717959
4 G1 77 0 40 0
0

0101000
+1061 0 -1059 0 *
Ve
1e-07
38.9172594729243 89 -18.2452293636516
0 0

0101101
*
Ed
 1e-07 1 1 0
1  177 0 0 0.5
2  269 77 0 0 0.5
2  270 41 0 0 0.5
4 CN 77 0 41 0
0

0101000
+840 0 -1061 0 *
Ed
 1e-07 1 1 0
1  178 0 3.14159265358979 6.28318530717959
2  271 77 0 3.14159265358979 6.28318530717959
4 C0 77 0 78 0
0

0101000
+840 0 -843 0 *
Wi

0101100
+842 0 -841 0 -839 0 +838 0 *
Fa
0  1e-07 77 0

0111000
+837 0 *
Ve
1e-07
48.1229191896072 94.5 -5.26619023617872
0 0

0101101
*
Ve
1e-07
38.7508050691113 94.5 -10.9667875948539
0 0

0101101
*
Ed
 1e-07 1 1 0
1  179 0 -0 10.9696551146029
4 C0 75 0 79 0
0

0101000
+835 0 -834 0 *
Ve
1e-07
29.1278858795041 94.5 -5.7005973586752
0 0

0101101
*
Ed
 1e-07 1 1 0
1  180 0 0 10.9696551146029
4 C0 75 0 80 0
0

0101000
+834 0 -832 0 *
Ve
1e-07
28.8770808103929 94.5 5.26619023617871
0 0

0101101
*
Ed
 1e-07 1 1 0
1  181 0 0 10.9696551146029
4 C0 75 0 81 0
0

0101000
+832 0 -830 0 *
Ve
1e-07
38.2491949308888 94.5 10.9667875948539
0 0

0101101
*
Ed
 1e-07 1 1 0
1  182 0 0 10.9696551146029
4 C0 75 0 82 0
0

0101000
+830 0 -828 0 *
Ve
1e-07
47.872114120496 94.5 5.7005973586752
0 0

0101101
*
Ed
 1e-07 1 1 0
1  183 0 0 10.9696551146029
4 C0 75 0 83 0
0

0101000
+828 0 -826 0 *
Ed
 1e-07 1 1 0
1  184 0 0 10.9696551146029
4 C0 75 0 84 0
0

0101000
+826 0 -835 0 *
Wi

0101100
+833 0 +831 0 +829 0 +827 0 +825 0 +824 0 *
Ve
6.55458845331894e-05
45.3642305922579 94.5 0.156981596770829
0 0

0101101
*
Ed
 1e-07 1 1 0
1  185 0 6.00000000000001 6.86602540378449
4 C0 75 0 74 0
0

0101000
+903 0 -822 0 *
Ed
 6.55458845331894e-05 1 1 0
1  186 0 3.14583684518474e-16 0.0115116958563013
2  272 49 0 3.14583684518474e-16 0.0115116958563013
4 C0 75 0 49 0
0

0101000
+848 0 -822 0 *
Wi

0101100
-900 0 +821 0 -820 0 -846 0 *
Fa
0  1e-07 75 0

0111000
+823 0 +819 0 *
Ed
 1e-07 1 1 0
1  187 0 0 3.14159265358979
2  273 41 0 0 3.14159265358979
4 C0 78 0 41 0
0

0101000
+843 0 -840 0 *
Wi

0101100
+817 0 +838 0 *
Ve
1e-07
38.7508050691113 89 -10.9667875948539
0 0

0101101
*
Ve
1e-07
29.1278858795041 89 -5.7005973586752
0 0

0101101
*
Ed
 1e-07 1 1 0
1  188 0 0 10.9696551146029
4 C0 78 0 80 0
0

0101000
+815 0 -814 0 *
Ve
1e-07
48.1229191896072 89 -5.26619023617872
0 0

0101101
*
Ed
 1e-07 1 1 0
1  189 0 -0 10.9696551146029
4 C0 78 0 79 0
0

0101000
+812 0 -815 0 *
Ve
1e-07
47.872114120496 89 5.7005973586752
0 0

0101101
*
Ed
 1e-07 1 1 0
1  190 0 0 10.9696551146029
4 C0 78 0 84 0
0

0101000
+810 0 -812 0 *
Ve
1e-07
38.2491949308888 89 10.9667875948539
0 0

0101101
*
Ed
 1e-07 1 1 0
1  191 0 0 10.9696551146029
4 C0 78 0 83 0
0

0101000
+808 0 -810 0 *
Ve
1e-07
28.8770808103929 89 5.26619023617871
0 0

0101101
*
Ed
 1e-07 1 1 0
1  192 0 0 10.9696551146029
4 C0 78 0 82 0
0

0101000
+806 0 -808 0 *
Ed
 1e-07 1 1 0
1  193 0 0 10.9696551146029
4 C0 78 0 81 0
0

0101000
+814 0 -806 0 *
Wi

0101100
-813 0 -811 0 -809 0 -807 0 -805 0 -804 0 *
Fa
0  1e-07 78 0

0111000
+816 0 +803 0 *
Ed
 1e-07 1 1 0
1  194 0 3.14159265358979 6.28318530717959
2  274 43 0 3.14159265358979 6.28318530717959
4 G1 39 0 43 0
0

0101000
+1047 0 -1045 0 *
Wi

0101100
+1044 0 +801 0 *
Ed
 1e-07 1 1 0
1  195 0 0 3.14159265358979
2  275 40 0 0 3.14159265358979
4 G1 39 0 40 0
0

0101000
+1063 0 -1064 0 *
Wi

0101100
+799 0 +1062 0 *
Fa
0  1e-07 39 0

0111000
+800 0 +798 0 *
Wi

0101100
+1072 0 +1067 0 *
Fa
0  1e-07 36 0

0111000
-796 0 *
Wi

0101100
-1058 0 -842 0 +817 0 +839 0 *
Fa
0  1e-07 41 0

0111000
+794 0 *
Ed
 1e-07 1 1 0
1  196 0 0 5.5
4 C0 79 0 80 0
0

0101000
+834 0 -815 0 *
Ed
 1e-07 1 1 0
1  197 0 0 5.5
4 C0 79 0 84 0
0

0101000
+835 0 -812 0 *
Wi

0101100
+811 0 -792 0 -833 0 +791 0 *
Fa
0  1e-07 79 0

0111000
-790 0 *
Ed
 1e-07 1 1 0
1  198 0 0 5.5
4 C0 80 0 81 0
0

0101000
+832 0 -814 0 *
Wi

0101100
+813 0 -788 0 -831 0 +792 0 *
Fa
0  1e-07 80 0

0111000
-787 0 *
Ed
 1e-07 1 1 0
1  199 0 0 5.5
4 C0 81 0 82 0
0

0101000
+830 0 -806 0 *
Wi

0101100
+804 0 -785 0 -829 0 +788 0 *
Fa
0  1e-07 81 0

0111000
-784 0 *
Ed
 1e-07 1 1 0
1  200 0 0 5.5
4 C0 82 0 83 0
0

0101000
+828 0 -808 0 *
Wi

0101100
+805 0 -782 0 -827 0 +785 0 *
Fa
0  1e-07 82 0

0111000
-781 0 *
Ed
 1e-07 1 1 0
1  201 0 0 5.5
4 C0 83 0 84 0
0

0101000
+826 0 -810 0 *
Wi

0101100
+807 0 -779 0 -825 0 +782 0 *
Fa
0  1e-07 83 0

0111000
-778 0 *
Wi

0101100
+809 0 -791 0 -824 0 +779 0 *
Fa
0  1e-07 84 0

0111000
-776 0 *
Ed
 1e-07 1 1 0
1  202 0 3.14159265358979 6.28318530717959
2  276 46 0 3.14159265358979 6.28318530717959
4 C0 46 0 45 0
0

0101000
+1039 0 -1040 0 *
Ed
 1e-07 1 1 0
1  203 0 0.875 0.910714285714286
2  277 46 0 0.875 0.910714285714286
2  278 47 0 0.875 0.910714285714286
4 C0 46 0 47 0
0

0101000
+1027 0 -1035 0 *
Ve
1e-07
32.5015684283886 117.625 -0.137181196577838
0 0

0101101
*
Ed
 1e-07 1 1 0
1  204 0 0.946428571428571 0.964285714285714
2  279 46 0 0.946428571428571 0.964285714285714
2  280 49 0 0.946428571428571 0.964285714285714
4 C0 46 0 49 0
0

0101000
+1029 0 -772 0 *
Ve
1e-07
32.5015684283886 118.625 -0.137181196577838
0 0

0101101
*
Ed
 1e-07 1 1 0
1  205 0 0 1
2  281 46 0 0 1
4 C0 46 0 85 0
0

0101000
+772 0 -770 0 *
Ed
 1e-07 1 1 0
1  206 0 0.946428571428571 0.964285714285714
2  282 46 0 0.946428571428571 0.964285714285714
2  283 47 0 0.946428571428571 0.964285714285714
4 C0 46 0 47 0
0

0101000
+1037 0 -770 0 *
Wi

0101100
-1036 0 -774 0 +1033 0 -773 0 -1026 0 +771 0 +769 0 -768 0 *
Fa
0  1e-07 46 0

0111000
+767 0 *
Wi

0101100
+774 0 +1038 0 *
Fa
0  1e-07 45 0

0111000
+765 0 *
Ed
 1e-07 1 1 0
1  207 0 -0.500000000000014 0.50000000000002
2  284 47 0 -0.500000000000014 0.50000000000002
4 C0 74 0 47 0
0

0101000
+822 0 -905 0 *
Wi

0101100
-821 0 -902 0 -763 0 *
Fa
0  1e-07 74 0

0111000
-762 0 *
Ve
1e-07
31.6357694077422 118.125 -0.15698159677083
0 0

0101101
*
Ed
 1e-07 1 1 0
1  208 0 0 1
2  285 49 0 0 1
4 C0 85 0 49 0
0

0101000
+760 0 -772 0 *
Ed
 1e-07 1 1 0
1  209 0 0 1
2  286 47 0 0 1
4 C0 85 0 47 0
0

0101000
+770 0 -760 0 *
Wi

0101100
-769 0 -759 0 -758 0 *
Fa
0  1e-07 85 0

0111000
+757 0 *
Ed
 1e-07 1 1 0
1  210 0 0 0.964285714285714
2  287 47 0 0 0.964285714285714
2  288 49 0 0 0.964285714285714
4 C0 47 0 49 0
0

0101000
+822 0 -760 0 *
Wi

0101100
+763 0 +904 0 +851 0 +914 0 +855 0 +924 0 +859 0 +934 0 +863 0 +944 0 
+867 0 +954 0 +871 0 +964 0 +875 0 +974 0 +879 0 +984 0 +883 0 +994 0 
+887 0 +1004 0 +891 0 +1014 0 +895 0 +1024 0 +773 0 +1034 0 +768 0 +758 0 
-755 0 *
Fa
0  1e-07 47 0

0111000
+754 0 *
Wi

0101100
-847 0 +820 0 +755 0 +759 0 -771 0 -1028 0 -896 0 -1018 0 -892 0 -1008 0 
-888 0 -998 0 -884 0 -988 0 -880 0 -978 0 -876 0 -968 0 -872 0 -958 0 
-868 0 -948 0 -864 0 -938 0 -860 0 -928 0 -856 0 -918 0 -852 0 -908 0 
*
Fa
0  1e-07 49 0

0111000
+752 0 *
Ed
 1e-07 1 1 0
1  211 0 0 3.14159265358979
2  289 43 0 0 3.14159265358979
2  290 34 0 0 3.14159265358979
4 G1 43 0 34 0
0

0101000
+1054 0 -1052 0 *
Wi

0101100
-1046 0 +750 0 +1043 0 -801 0 *
Fa
0  1e-07 43 0

0111000
+749 0 *
Wi

0101100
+1076 0 +1050 0 -750 0 -1053 0 *
Fa
0  1e-07 34 0

0111000
+747 0 *
Wi

0101100
-1060 0 -799 0 +1057 0 -841 0 *
Fa
0  1e-07 40 0

0111000
+745 0 *
Sh

0101100
+1069 0 +1065 0 +1055 0 +1048 0 +1041 0 +1031 0 +1021 0 +1011 0 +1001 0 +991 0 
+981 0 +971 0 +961 0 +951 0 +941 0 +931 0 +921 0 +911 0 +897 0 +893 0 
+889 0 +885 0 +881 0 +877 0 +873 0 +869 0 +865 0 +861 0 +857 0 +853 0 
+849 0 +844 0 -836 0 +818 0 +802 0 +797 0 -795 0 -793 0 -789 0 -786 0 
-783 0 -780 0 -777 0 -775 0 +766 0 +764 0 -761 0 +756 0 +753 0 +751 0 
+748 0 +746 0 +744 0 *
So

0100000
+743 0 *
Ve
1e-07
62.5 7.65404249467096e-15 -11.8891504716986
0 0

0101101
*
Ve
1e-07
-62.5 0 -11.8891504716986
0 0

0101101
*
Ed
 1e-07 1 1 0
1  212 0 3.14159265358979 6.28318530717959
2  291 86 0 3.14159265358979 6.28318530717959
2  292 87 0 3.14159265358979 6.28318530717959
4 G1 86 0 87 0
0

0101000
+741 0 -740 0 *
Ve
1e-07
62.4059997880007 0 -12.0587501324996
0 0

0101101
*
Ed
 1e-07 1 1 0
1  213 0 3.14159265358979 4.15378966504081
2  293 86 0 3.14159265358979 4.15378966504081
2  294 88 0 3.14159265358979 4.15378966504081
4 CN 86 0 88 0
0

0101000
+741 0 -738 0 *
Ve
1e-07
-62.4059997880007 7.64253078879654e-15 -12.0587501324996
0 0

0101101
*
Ed
 1e-07 1 1 0
1  214 0 3.14159265358979 6.28318530717959
2  295 86 0 3.14159265358979 6.28318530717959
2  296 89 0 3.14159265358979 6.28318530717959
4 G1 86 0 89 0
0

0101000
+736 0 -738 0 *
Ed
 1e-07 1 1 0
1  215 0 4.71238898038469 5.7245859918357
2  297 86 0 4.71238898038469 5.7245859918357
2  298 88 0 4.71238898038469 5.7245859918357
4 CN 86 0 88 0
0

0101000
+740 0 -736 0 *
Wi

0101100
-739 0 +737 0 -735 0 -734 0 *
Fa
0  1e-07 86 0

0111000
+733 0 *
Ve
1e-07
-58.5486405427184 0 14.469599660801
0 0

0101101
*
Ve
1e-07
58.5486405427184 7.40633565615172e-15 14.469599660801
0 0

0101101
*
Ed
 1e-07 1 1 0
1  216 0 3.14159265358979 6.28318530717959
2  299 90 0 3.14159265358979 6.28318530717959
2  300 91 0 3.14159265358979 6.28318530717959
4 G1 90 0 91 0
0

0101000
+731 0 -730 0 *
Ve
1e-07
-58.4426407547177 7.16364990845264e-15 14.5
0 0

0101101
*
Ed
 1e-07 1 1 0
1  217 0 1.01219701145101 1.5707963267949
2  301 90 0 1.01219701145101 1.5707963267949
2  302 92 0 1.01219701145101 1.5707963267949
4 CN 90 0 92 0
0

0101000
+731 0 -728 0 *
Ve
1e-07
58.4426407547177 0 14.5
0 0

0101101
*
Ed
 1e-07 1 1 0
1  218 0 0 3.14159265358979
2  303 90 0 0 3.14159265358979
4 G1 90 0 93 0
0

0101000
+726 0 -728 0 *
Ed
 1e-07 1 1 0
1  219 0 2.5829933382459 3.14159265358979
2  304 90 0 2.5829933382459 3.14159265358979
2  305 92 0 2.5829933382459 3.14159265358979
4 CN 90 0 92 0
0

0101000
+730 0 -726 0 *
Wi

0101100
-729 0 +727 0 -725 0 -724 0 *
Fa
0  1e-07 90 0

0111000
+723 0 *
Ve
1e-07
50 0 14.7
0 0

0101101
*
Ve
1e-07
50.2 0 14.5
0 0

0101101
*
Ed
 1e-07 1 1 0
1  220 0 4.71238898038469 6.28318530717959
2  306 94 0 4.71238898038469 6.28318530717959
2  307 95 0 4.71238898038469 6.28318530717959
4 CN 94 0 95 0
0

0101000
+721 0 -720 0 *
Ve
1e-07
-50.2 6.14772693171971e-15 14.5
0 0

0101101
*
Ed
 1e-07 1 1 0
1  221 0 0 3.14159265358979
2  308 94 0 0 3.14159265358979
4 G1 94 0 93 0
0

0101000
+720 0 -718 0 *
Ve
1e-07
-50 6.12323399573677e-15 14.7
0 0

0101101
*
Ed
 1e-07 1 1 0
1  222 0 3.14159265358979 4.71238898038469
2  309 94 0 3.14159265358979 4.71238898038469
2  310 95 0 3.14159265358979 4.71238898038469
4 CN 94 0 95 0
0

0101000
+716 0 -718 0 *
Ed
 1e-07 1 1 0
1  223 0 3.14159265358979 6.28318530717959
2  311 94 0 3.14159265358979 6.28318530717959
2  312 96 0 3.14159265358979 6.28318530717959
4 G1 94 0 96 0
0

0101000
+716 0 -721 0 *
Wi

0101100
+719 0 +717 0 -715 0 +714 0 *
Fa
0  1e-07 94 0

0111000
+713 0 *
Ve
1e-07
58.5486405427184 0 -14.469599660801
0 0

0101101
*
Ve
1e-07
-58.5486405427184 7.40633565615172e-15 -14.469599660801
0 0

0101101
*
Ed
 1e-07 1 1 0
1  224 0 3.14159265358979 6.28318530717959
2  313 97 0 3.14159265358979 6.28318530717959
2  314 89 0 3.14159265358979 6.28318530717959
4 G1 97 0 89 0
0

0101000
+711 0 -710 0 *
Ve
1e-07
58.4426407547177 7.16364990845264e-15 -14.5
0 0

0101101
*
Ed
 1e-07 1 1 0
1  225 0 4.1537896650408 4.71238898038469
2  315 97 0 4.1537896650408 4.71238898038469
2  316 98 0 4.1537896650408 4.71238898038469
4 CN 97 0 98 0
0

0101000
+711 0 -708 0 *
Ve
1e-07
-58.4426407547177 0 -14.5
0 0

0101101
*
Ed
 1e-07 1 1 0
1  226 0 0 3.14159265358979
2  317 97 0 0 3.14159265358979
4 G1 97 0 99 0
0

0101000
+706 0 -708 0 *
Ed
 1e-07 1 1 0
1  227 0 5.7245859918357 6.28318530717959
2  318 97 0 5.7245859918357 6.28318530717959
2  319 98 0 5.7245859918357 6.28318530717959
4 CN 97 0 98 0
0

0101000
+710 0 -706 0 *
Wi

0101100
-709 0 +707 0 -705 0 -704 0 *
Fa
0  1e-07 97 0

0111000
+703 0 *
Ve
1e-07
-62.5 0 11.8891504716986
0 0

0101101
*
Ve
1e-07
62.5 7.65404249467096e-15 11.8891504716986
0 0

0101101
*
Ed
 1e-07 1 1 0
1  228 0 3.14159265358979 6.28318530717959
2  320 100 0 3.14159265358979 6.28318530717959
2  321 87 0 3.14159265358979 6.28318530717959
4 G1 100 0 87 0
0

0101000
+701 0 -700 0 *
Ve
1e-07
-62.4059997880007 0 12.0587501324996
0 0

0101101
*
Ed
 1e-07 1 1 0
1  229 0 0 1.01219701145101
2  322 100 0 0 1.01219701145101
2  323 101 0 0 1.01219701145101
4 CN 100 0 101 0
0

0101000
+701 0 -698 0 *
Ve
1e-07
62.4059997880007 7.64253078879654e-15 12.0587501324996
0 0

0101101
*
Ed
 1e-07 1 1 0
1  230 0 3.14159265358979 6.28318530717959
2  324 100 0 3.14159265358979 6.28318530717959
2  325 91 0 3.14159265358979 6.28318530717959
4 G1 100 0 91 0
0

0101000
+696 0 -698 0 *
Ed
 1e-07 1 1 0
1  231 0 1.5707963267949 2.58299333824591
2  326 100 0 1.5707963267949 2.58299333824591
2  327 101 0 1.5707963267949 2.58299333824591
4 CN 100 0 101 0
0

0101000
+700 0 -696 0 *
Wi

0101100
-699 0 +697 0 -695 0 -694 0 *
Fa
0  1e-07 100 0

0111000
+693 0 *
Ve
1e-07
-50 0 -14.7
0 0

0101101
*
Ve
1e-07
-50.2 0 -14.5
0 0

0101101
*
Ed
 1e-07 1 1 0
1  232 0 1.5707963267949 3.14159265358979
2  328 102 0 1.5707963267949 3.14159265358979
2  329 103 0 1.5707963267949 3.14159265358979
4 CN 102 0 103 0
0

0101000
+691 0 -690 0 *
Ve
1e-07
50.2 6.14772693171971e-15 -14.5
0 0

0101101
*
Ed
 1e-07 1 1 0
1  233 0 0 3.14159265358979
2  330 102 0 0 3.14159265358979
4 G1 102 0 99 0
0

0101000
+690 0 -688 0 *
Ve
1e-07
50 6.12323399573677e-15 -14.7
0 0

0101101
*
Ed
 1e-07 1 1 0
1  234 0 0 1.5707963267949
2  331 102 0 0 1.5707963267949
2  332 103 0 0 1.5707963267949
4 CN 102 0 103 0
0

0101000
+686 0 -688 0 *
Ed
 1e-07 1 1 0
1  235 0 3.14159265358979 6.28318530717959
2  333 102 0 3.14159265358979 6.28318530717959
2  334 104 0 3.14159265358979 6.28318530717959
4 G1 102 0 104 0
0

0101000
+686 0 -691 0 *
Wi

0101100
+689 0 +687 0 -685 0 +684 0 *
Fa
0  1e-07 102 0

0111000
+683 0 *
Ve
1e-07
-42.5 0 -15.8
0 0

0101101
*
Ve
1e-07
42.5 5.20474889637625e-15 -15.8
0 0

0101101
*
Ed
 1e-07 1 1 0
1  236 0 3.14159265358979 6.28318530717959
2  335 105 0 3.14159265358979 6.28318530717959
2  336 106 0 3.14159265358979 6.28318530717959
4 G1 105 0 106 0
0

0101000
+681 0 -680 0 *
Ve
1e-07
-42.7 5.2292418323592e-15 -16
0 0

0101101
*
Ed
 1e-07 1 1 0
1  237 0 3.14159265358979 4.71238898038469
2  337 105 0 3.14159265358979 4.71238898038469
2  338 107 0 3.14159265358979 4.71238898038469
4 CN 105 0 107 0
0

0101000
+681 0 -678 0 *
Ve
1e-07
42.7 0 -16
0 0

0101101
*
Ed
 1e-07 1 1 0
1  238 0 0 3.14159265358979
2  339 105 0 0 3.14159265358979
4 G1 105 0 108 0
0

0101000
+676 0 -678 0 *
Ed
 1e-07 1 1 0
1  239 0 4.71238898038469 6.28318530717959
2  340 105 0 4.71238898038469 6.28318530717959
2  341 107 0 4.71238898038469 6.28318530717959
4 CN 105 0 107 0
0

0101000
+680 0 -676 0 *
Wi

0101100
-679 0 +677 0 -675 0 -674 0 *
Fa
0  1e-07 105 0

0111000
+673 0 *
Ve
1e-07
-42.7 5.2292418323592e-15 16
0 0

0101101
*
Ve
1e-07
42.7 0 16
0 0

0101101
*
Ed
 1e-07 1 1 0
1  240 0 3.14159265358979 6.28318530717959
2  342 109 0 3.14159265358979 6.28318530717959
4 G1 109 0 110 0
0

0101000
+671 0 -670 0 *
Ve
1e-07
-42.5 5.20474889637625e-15 15.8
0 0

0101101
*
Ed
 1e-07 1 1 0
1  241 0 1.5707963267949 3.14159265358979
2  343 109 0 1.5707963267949 3.14159265358979
2  344 111 0 1.5707963267949 3.14159265358979
4 CN 109 0 111 0
0

0101000
+671 0 -668 0 *
Ve
1e-07
42.5 0 15.8
0 0

0101101
*
Ed
 1e-07 1 1 0
1  242 0 0 3.14159265358979
2  345 109 0 0 3.14159265358979
2  346 112 0 0 3.14159265358979
4 G1 109 0 112 0
0

0101000
+666 0 -668 0 *
Ed
 1e-07 1 1 0
1  243 0 3.14159265358979 4.71238898038469
2  347 109 0 3.14159265358979 4.71238898038469
2  348 111 0 3.14159265358979 4.71238898038469
4 CN 109 0 111 0
0

0101000
+670 0 -666 0 *
Wi

0101100
-669 0 +667 0 -665 0 -664 0 *
Fa
0  1e-07 109 0

0111000
+663 0 *
Ed
 1e-07 1 1 0
1  244 0 0.0573592452822993 4.60614103772694
2  349 89 0 0.0573592452822993 4.60614103772694
2  350 113 0 0.0573592452822993 4.60614103772694
4 CN 89 0 113 0
0

0101000
+710 0 -736 0 *
Ed
 1e-07 1 1 0
1  245 0 0.0573592452822993 4.60614103772694
2  351 89 0 0.0573592452822993 4.60614103772694
2  352 113 0 0.0573592452822993 4.60614103772694
4 CN 89 0 113 0
0

0101000
+711 0 -738 0 *
Wi

0101100
+709 0 +661 0 +735 0 -660 0 *
Fa
0  1e-07 89 0

0111000
+659 0 *
Ed
 1e-07 1 1 0
1  246 0 0.0573592452822993 4.60614103772694
2  353 91 0 0.0573592452822993 4.60614103772694
2  354 114 0 0.0573592452822993 4.60614103772694
4 CN 91 0 114 0
0

0101000
+730 0 -696 0 *
Ed
 1e-07 1 1 0
1  247 0 0.0573592452822993 4.60614103772694
2  355 91 0 0.0573592452822993 4.60614103772694
2  356 114 0 0.0573592452822993 4.60614103772694
4 CN 91 0 114 0
0

0101000
+731 0 -698 0 *
Wi

0101100
+729 0 +657 0 +695 0 -656 0 *
Fa
0  1e-07 91 0

0111000
+655 0 *
Ve
1e-07
4 0 -4
0 0

0101101
*
Ve
1e-07
4 0 4
0 0

0101101
*
Ed
 1e-07 1 1 0
1  248 0 12 20
2  357 115 0 12 20
2  358 116 0 12 20
4 CN 115 0 116 0
0

0101000
+653 0 -652 0 *
Ve
1e-07
-4 4.89858719658941e-16 4
0 0

0101101
*
Ed
 1e-07 1 1 0
1  249 0 3.14159265358979 6.28318530717959
2  359 115 0 3.14159265358979 6.28318530717959
4 C0 115 0 117 0
0

0101000
+650 0 -652 0 *
Ve
1e-07
-4 4.89858719658941e-16 -4
0 0

0101101
*
Ed
 1e-07 1 1 0
1  250 0 12 20
2  360 115 0 12 20
2  361 116 0 12 20
4 CN 115 0 116 0
0

0101000
+648 0 -650 0 *
Ed
 1e-07 1 1 0
1  251 0 3.14159265358979 6.28318530717959
2  362 115 0 3.14159265358979 6.28318530717959
4 C0 115 0 118 0
0

0101000
+653 0 -648 0 *
Wi

0101100
+651 0 -649 0 -647 0 -646 0 *
Fa
0  1e-07 115 0

0111000
+645 0 *
Ve
1e-07
-7.5 0 -4
0 0

0101101
*
Ve
1e-07
-7.5 0 -6
0 0

0101101
*
Ed
 1e-07 1 1 0
1  252 0 -0 2
2  363 119 0 -0 2
2  364 120 0 -0 2
4 CN 119 0 120 0
0

0101000
+643 0 -642 0 *
Ve
1e-07
7.5 9.18485099360515e-16 -6
0 0

0101101
*
Ed
 1e-07 1 1 0
1  253 0 3.14159265358979 6.28318530717959
2  365 119 0 3.14159265358979 6.28318530717959
4 C0 119 0 121 0
0

0101000
+642 0 -640 0 *
Ve
1e-07
7.5 9.18485099360515e-16 -4
0 0

0101101
*
Ed
 1e-07 1 1 0
1  254 0 -0 2
2  366 119 0 -0 2
2  367 120 0 -0 2
4 CN 119 0 120 0
0

0101000
+638 0 -640 0 *
Ed
 1e-07 1 1 0
1  255 0 3.14159265358979 6.28318530717959
2  368 119 0 3.14159265358979 6.28318530717959
4 C0 119 0 118 0
0

0101000
+643 0 -638 0 *
Wi

0101100
+641 0 +639 0 -637 0 -636 0 *
Fa
0  1e-07 119 0

0111000
+635 0 *
Ve
1e-07
-42.5 0 -6
0 0

0101101
*
Ed
 1e-07 1 1 0
1  256 0 -0 9.8
2  369 122 0 -0 9.8
2  370 106 0 -0 9.8
4 CN 122 0 106 0
0

0101000
+633 0 -681 0 *
Ed
 1e-07 1 1 0
1  257 0 0 3.14159265358979
2  371 122 0 0 3.14159265358979
2  372 107 0 0 3.14159265358979
4 G1 122 0 107 0
0

0101000
+680 0 -681 0 *
Ve
1e-07
42.5 5.20474889637625e-15 -6
0 0

0101101
*
Ed
 1e-07 1 1 0
1  258 0 -0 9.8
2  373 122 0 -0 9.8
2  374 106 0 -0 9.8
4 CN 122 0 106 0
0

0101000
+630 0 -680 0 *
Ed
 1e-07 1 1 0
1  259 0 3.14159265358979 6.28318530717959
2  375 122 0 3.14159265358979 6.28318530717959
4 C0 122 0 121 0
0

0101000
+633 0 -630 0 *
Wi

0101100
+632 0 -631 0 -629 0 -628 0 *
Fa
0  1e-07 122 0

0111000
+627 0 *
Ed
 1e-07 1 1 0
1  260 0 0 3.14159265358979
2  376 123 0 0 3.14159265358979
2  377 103 0 0 3.14159265358979
4 G1 123 0 103 0
0

0101000
+691 0 -686 0 *
Ve
1e-07
50 6.12323399573677e-15 -16
0 0

0101101
*
Ed
 1e-07 1 1 0
1  261 0 0.199999999999999 1.5
2  378 123 0 0.199999999999999 1.5
2  379 104 0 0.199999999999999 1.5
4 CN 123 0 104 0
0

0101000
+686 0 -624 0 *
Ve
1e-07
-50 0 -16
0 0

0101101
*
Ed
 1e-07 1 1 0
1  262 0 0 3.14159265358979
2  380 123 0 0 3.14159265358979
4 C0 123 0 108 0
0

0101000
+624 0 -622 0 *
Ed
 1e-07 1 1 0
1  263 0 0.199999999999999 1.5
2  381 123 0 0.199999999999999 1.5
2  382 104 0 0.199999999999999 1.5
4 CN 123 0 104 0
0

0101000
+691 0 -622 0 *
Wi

0101100
+625 0 +623 0 +621 0 -620 0 *
Fa
0  1e-07 123 0

0111000
+619 0 *
Ve
1e-07
7.5 0 4
0 0

0101101
*
Ve
1e-07
7.5 0 6
0 0

0101101
*
Ed
 1e-07 1 1 0
1  264 0 0 2
2  383 124 0 0 2
2  384 125 0 0 2
4 CN 124 0 125 0
0

0101000
+617 0 -616 0 *
Ve
1e-07
-7.5 9.18485099360515e-16 6
0 0

0101101
*
Ed
 1e-07 1 1 0
1  265 0 3.14159265358979 6.28318530717959
2  385 124 0 3.14159265358979 6.28318530717959
4 C0 124 0 126 0
0

0101000
+614 0 -616 0 *
Ve
1e-07
-7.5 9.18485099360515e-16 4
0 0

0101101
*
Ed
 1e-07 1 1 0
1  266 0 0 2
2  386 124 0 0 2
2  387 125 0 0 2
4 CN 124 0 125 0
0

0101000
+612 0 -614 0 *
Ed
 1e-07 1 1 0
1  267 0 3.14159265358979 6.28318530717959
2  388 124 0 3.14159265358979 6.28318530717959
4 C0 124 0 117 0
0

0101000
+612 0 -617 0 *
Wi

0101100
+615 0 -613 0 -611 0 +610 0 *
Fa
0  1e-07 124 0

0111000
+609 0 *
Ed
 1e-07 1 1 0
1  268 0 0 3.14159265358979
2  389 127 0 0 3.14159265358979
2  390 95 0 0 3.14159265358979
4 G1 127 0 95 0
0

0101000
+721 0 -716 0 *
Ve
1e-07
-50 6.12323399573677e-15 16
0 0

0101101
*
Ed
 1e-07 1 1 0
1  269 0 0.199999999999999 1.5
2  391 127 0 0.199999999999999 1.5
2  392 96 0 0.199999999999999 1.5
4 CN 127 0 96 0
0

0101000
+716 0 -606 0 *
Ve
1e-07
50 0 16
0 0

0101101
*
Ed
 1e-07 1 1 0
1  270 0 0 3.14159265358979
2  393 127 0 0 3.14159265358979
4 C0 127 0 110 0
0

0101000
+604 0 -606 0 *
Ed
 1e-07 1 1 0
1  271 0 0.199999999999999 1.5
2  394 127 0 0.199999999999999 1.5
2  395 96 0 0.199999999999999 1.5
4 CN 127 0 96 0
0

0101000
+721 0 -604 0 *
Wi

0101100
+607 0 +605 0 -603 0 -602 0 *
Fa
0  1e-07 127 0

0111000
+601 0 *
Ve
1e-07
42.5 0 6
0 0

0101101
*
Ed
 1e-07 1 1 0
1  272 0 0 9.8
2  396 128 0 0 9.8
2  397 112 0 0 9.8
4 CN 128 0 112 0
0

0101000
+599 0 -666 0 *
Ed
 1e-07 1 1 0
1  273 0 3.14159265358979 6.28318530717959
2  398 128 0 3.14159265358979 6.28318530717959
2  399 111 0 3.14159265358979 6.28318530717959
4 G1 128 0 111 0
0

0101000
+668 0 -666 0 *
Ve
1e-07
-42.5 5.20474889637625e-15 6
0 0

0101101
*
Ed
 1e-07 1 1 0
1  274 0 0 9.8
2  400 128 0 0 9.8
2  401 112 0 0 9.8
4 CN 128 0 112 0
0

0101000
+596 0 -668 0 *
Ed
 1e-07 1 1 0
1  275 0 3.14159265358979 6.28318530717959
2  402 128 0 3.14159265358979 6.28318530717959
4 C0 128 0 126 0
0

0101000
+596 0 -599 0 *
Wi

0101100
+598 0 -597 0 -595 0 +594 0 *
Fa
0  1e-07 128 0

0111000
+593 0 *
Ed
 1e-07 1 1 0
1  276 0 4.1108495283014 27.8891504716986
2  403 87 0 4.1108495283014 27.8891504716986
2  404 129 0 4.1108495283014 27.8891504716986
4 CN 87 0 129 0
0

0101000
+700 0 -741 0 *
Ed
 1e-07 1 1 0
1  277 0 4.1108495283014 27.8891504716986
2  405 87 0 4.1108495283014 27.8891504716986
2  406 129 0 4.1108495283014 27.8891504716986
4 CN 87 0 129 0
0

0101000
+701 0 -740 0 *
Wi

0101100
+699 0 +591 0 +739 0 -590 0 *
Fa
0  1e-07 87 0

0111000
+589 0 *
Ed
 1e-07 1 1 0
1  278 0 0 3.14159265358979
2  407 106 0 0 3.14159265358979
4 C0 121 0 106 0
0

0101000
+630 0 -633 0 *
Wi

0101100
-628 0 -587 0 *
Ed
 1e-07 1 1 0
1  279 0 0 3.14159265358979
2  408 120 0 0 3.14159265358979
4 C0 121 0 120 0
0

0101000
+640 0 -642 0 *
Wi

0101100
+639 0 +585 0 *
Fa
0  1e-07 121 0

0111000
+586 0 +584 0 *
Ed
 1e-07 1 1 0
1  280 0 0 3.14159265358979
2  409 129 0 0 3.14159265358979
2  410 101 0 0 3.14159265358979
4 G1 129 0 101 0
0

0101000
+700 0 -701 0 *
Ed
 1e-07 1 1 0
1  281 0 0 3.14159265358979
2  411 129 0 0 3.14159265358979
2  412 88 0 0 3.14159265358979
4 G1 129 0 88 0
0

0101000
+740 0 -741 0 *
Wi

0101100
-591 0 +582 0 +590 0 +581 0 *
Fa
0  1e-07 129 0

0111000
+580 0 *
Ed
 1e-07 1 1 0
1  282 0 3.14159265358979 6.28318530717959
2  413 96 0 3.14159265358979 6.28318530717959
4 C0 110 0 96 0
0

0101000
+606 0 -604 0 *
Wi

0101100
+603 0 +578 0 *
Ed
 1e-07 1 1 0
1  283 0 0 3.14159265358979
2  414 111 0 0 3.14159265358979
4 G1 110 0 111 0
0

0101000
+670 0 -671 0 *
Wi

0101100
+576 0 +669 0 *
Fa
0  1e-07 110 0

0111000
+577 0 +575 0 *
Ed
 1e-07 1 1 0
1  284 0 0 3.14159265358979
2  415 112 0 0 3.14159265358979
4 C0 112 0 126 0
0

0101000
+599 0 -596 0 *
Wi

0101100
-665 0 -598 0 +573 0 +595 0 *
Fa
0  1e-07 112 0

0111000
+572 0 *
Wi

0101100
+573 0 +594 0 *
Ed
 1e-07 1 1 0
1  285 0 0 3.14159265358979
2  416 125 0 0 3.14159265358979
4 C0 126 0 125 0
0

0101000
+616 0 -614 0 *
Wi

0101100
-569 0 -613 0 *
Fa
0  1e-07 126 0

0111000
+570 0 +568 0 *
Ed
 1e-07 1 1 0
1  286 0 3.14159265358979 6.28318530717959
2  417 92 0 3.14159265358979 6.28318530717959
4 G1 93 0 92 0
0

0101000
+728 0 -726 0 *
Wi

0101100
+725 0 +566 0 *
Ed
 1e-07 1 1 0
1  287 0 3.14159265358979 6.28318530717959
2  418 95 0 3.14159265358979 6.28318530717959
4 G1 93 0 95 0
0

0101000
+718 0 -720 0 *
Wi

0101100
+717 0 +564 0 *
Fa
0  1e-07 93 0

0111000
+565 0 +563 0 *
Wi

0101100
-605 0 +714 0 +602 0 -578 0 *
Fa
0  1e-07 96 0

0111000
+561 0 *
Ed
 1e-07 1 1 0
1  288 0 0 3.14159265358979
2  419 125 0 0 3.14159265358979
4 C0 125 0 117 0
0

0101000
+617 0 -612 0 *
Wi

0101100
-569 0 -615 0 +559 0 +611 0 *
Fa
0  1e-07 125 0

0111000
+558 0 *
Wi

0101100
+559 0 +610 0 *
Ed
 1e-07 1 1 0
1  289 0 0 3.14159265358979
2  420 116 0 0 3.14159265358979
4 C0 117 0 116 0
0

0101000
+652 0 -650 0 *
Wi

0101100
-555 0 -649 0 *
Fa
0  1e-07 117 0

0111000
+556 0 +554 0 *
Ed
 1e-07 1 1 0
1  290 0 3.14159265358979 6.28318530717959
2  421 98 0 3.14159265358979 6.28318530717959
4 G1 99 0 98 0
0

0101000
+708 0 -706 0 *
Wi

0101100
+705 0 +552 0 *
Ed
 1e-07 1 1 0
1  291 0 3.14159265358979 6.28318530717959
2  422 103 0 3.14159265358979 6.28318530717959
4 G1 99 0 103 0
0

0101000
+688 0 -690 0 *
Wi

0101100
+687 0 +550 0 *
Fa
0  1e-07 99 0

0111000
+551 0 +549 0 *
Ed
 1e-07 1 1 0
1  292 0 3.14159265358979 6.28318530717959
2  423 104 0 3.14159265358979 6.28318530717959
4 C0 104 0 108 0
0

0101000
+622 0 -624 0 *
Wi

0101100
-623 0 +684 0 +620 0 +547 0 *
Fa
0  1e-07 104 0

0111000
+546 0 *
Wi

0101100
-679 0 -632 0 -587 0 +629 0 *
Fa
0  1e-07 106 0

0111000
+544 0 *
Wi

0101100
-547 0 -621 0 *
Ed
 1e-07 1 1 0
1  293 0 3.14159265358979 6.28318530717959
2  424 107 0 3.14159265358979 6.28318530717959
4 G1 108 0 107 0
0

0101000
+678 0 -676 0 *
Wi

0101100
+675 0 +541 0 *
Fa
0  1e-07 108 0

0111000
-542 0 -540 0 *
Ed
 1e-07 1 1 0
1  294 0 0 3.14159265358979
2  425 120 0 0 3.14159265358979
4 C0 120 0 118 0
0

0101000
+638 0 -643 0 *
Wi

0101100
+585 0 -641 0 -538 0 +637 0 *
Fa
0  1e-07 120 0

0111000
+537 0 *
Wi

0101100
-636 0 -538 0 *
Ed
 1e-07 1 1 0
1  295 0 0 3.14159265358979
2  426 116 0 0 3.14159265358979
4 C0 118 0 116 0
0

0101000
+648 0 -653 0 *
Wi

0101100
-646 0 -534 0 *
Fa
0  1e-07 118 0

0111000
+535 0 +533 0 *
Wi

0101100
-555 0 -651 0 -534 0 +647 0 *
Fa
0  1e-07 116 0

0111000
+531 0 *
Ed
 1e-07 1 1 0
1  296 0 0 3.14159265358979
2  427 114 0 0 3.14159265358979
2  428 92 0 0 3.14159265358979
4 G1 114 0 92 0
0

0101000
+730 0 -731 0 *
Ed
 1e-07 1 1 0
1  297 0 0 3.14159265358979
2  429 114 0 0 3.14159265358979
2  430 101 0 0 3.14159265358979
4 G1 114 0 101 0
0

0101000
+698 0 -696 0 *
Wi

0101100
-657 0 +529 0 +656 0 +528 0 *
Fa
0  1e-07 114 0

0111000
+527 0 *
Ed
 1e-07 1 1 0
1  298 0 0 3.14159265358979
2  431 113 0 0 3.14159265358979
2  432 98 0 0 3.14159265358979
4 G1 113 0 98 0
0

0101000
+710 0 -711 0 *
Ed
 1e-07 1 1 0
1  299 0 0 3.14159265358979
2  433 113 0 0 3.14159265358979
2  434 88 0 0 3.14159265358979
4 G1 113 0 88 0
0

0101000
+738 0 -736 0 *
Wi

0101100
-661 0 +525 0 +660 0 +524 0 *
Fa
0  1e-07 113 0

0111000
+523 0 *
Wi

0101100
-667 0 -576 0 +664 0 -597 0 *
Fa
0  1e-07 111 0

0111000
+521 0 *
Wi

0101100
-677 0 -631 0 +674 0 -541 0 *
Fa
0  1e-07 107 0

0111000
+519 0 *
Wi

0101100
+550 0 -689 0 +625 0 +685 0 *
Fa
0  1e-07 103 0

0111000
+517 0 *
Wi

0101100
-697 0 -582 0 +694 0 -528 0 *
Fa
0  1e-07 101 0

0111000
+515 0 *
Wi

0101100
-707 0 -525 0 +704 0 -552 0 *
Fa
0  1e-07 98 0

0111000
+513 0 *
Wi

0101100
+564 0 -719 0 +607 0 +715 0 *
Fa
0  1e-07 95 0

0111000
+511 0 *
Wi

0101100
-727 0 -529 0 +724 0 -566 0 *
Fa
0  1e-07 92 0

0111000
+509 0 *
Wi

0101100
-737 0 -581 0 +734 0 -524 0 *
Fa
0  1e-07 88 0

0111000
+507 0 *
Sh

0101100
+732 0 +722 0 -712 0 +702 0 +692 0 -682 0 +672 0 +662 0 +658 0 +654 0 
-644 0 -634 0 -626 0 +618 0 -608 0 +600 0 -592 0 +588 0 +583 0 +579 0 
+574 0 -571 0 +567 0 +562 0 +560 0 -557 0 +553 0 +548 0 +545 0 -543 0 
-539 0 -536 0 +532 0 -530 0 +526 0 +522 0 +520 0 +518 0 -516 0 +514 0 
+512 0 -510 0 +508 0 +506 0 *
So

0100000
+505 0 *
Ve
1e-07
0 -4 1.77635683940025e-14
0 0

0101101
*
Ve
1e-07
0 -4 20
0 0

0101101
*
Ed
 1e-07 1 1 0
1  300 0 0 20
2  435 130 0 0 20
2  436 131 0 0 20
4 CN 130 0 131 0
0

0101000
+503 0 -502 0 *
Ve
1e-07
4.89858719658941e-16 4 20
0 0

0101101
*
Ed
 1e-07 1 1 0
1  301 0 3.14159265358979 6.28318530717959
2  437 130 0 3.14159265358979 6.28318530717959
4 C0 130 0 132 0
0

0101000
+502 0 -500 0 *
Ve
1e-07
4.89858719658941e-16 4 1.77635683940025e-14
0 0

0101101
*
Ed
 1e-07 1 1 0
1  302 0 0 20
2  438 130 0 0 20
2  439 131 0 0 20
4 CN 130 0 131 0
0

0101000
+498 0 -500 0 *
Ed
 1e-07 1 1 0
1  303 0 3.14159265358979 6.28318530717959
2  440 130 0 3.14159265358979 6.28318530717959
4 C0 130 0 133 0
0

0101000
+503 0 -498 0 *
Wi

0101100
+501 0 +499 0 -497 0 -496 0 *
Fa
0  1e-07 130 0

0111000
+495 0 *
Ve
1e-07
0 7.5 4.00000000000002
0 0

0101101
*
Ve
1e-07
9.18485099360515e-16 -7.5 4.00000000000002
0 0

0101101
*
Ed
 1e-07 1 1 0
1  304 0 0 3.14159265358979
2  441 134 0 0 3.14159265358979
4 C0 134 0 135 0
0

0101000
+493 0 -492 0 *
Ve
1e-07
9.18485099360515e-16 -7.5 1.77635683940025e-14
0 0

0101101
*
Ed
 1e-07 1 1 0
1  305 0 0 4
2  442 134 0 0 4
2  443 136 0 0 4
4 CN 134 0 136 0
0

0101000
+492 0 -490 0 *
Ve
1e-07
0 7.5 1.77635683940025e-14
0 0

0101101
*
Ed
 1e-07 1 1 0
1  306 0 0 3.14159265358979
2  444 134 0 0 3.14159265358979
4 C0 134 0 133 0
0

0101000
+488 0 -490 0 *
Ed
 1e-07 1 1 0
1  307 0 0 4
2  445 134 0 0 4
2  446 136 0 0 4
4 CN 134 0 136 0
0

0101000
+493 0 -488 0 *
Wi

0101100
+491 0 +489 0 -487 0 -486 0 *
Fa
0  1e-07 134 0

0111000
+485 0 *
Ve
1e-07
0 12.3924408443442 17.5
0 0

0101101
*
Ve
1e-07
4.77612251667468e-15 39 15.2062449003745
0 0

0101101
*
Ed
 1e-07 1 1 0
1  308 0 -29 -2.29375509962552
2  447 137 0 -29 -2.29375509962552
2  448 138 0 -29 -2.29375509962552
4 CN 137 0 138 0
0

0101000
+483 0 -482 0 *
Ve
1e-07
0 -39 15.2062449003745
0 0

0101101
*
Ed
 1e-07 1 1 0
1  309 0 0 3.14159265358979
2  449 137 0 0 3.14159265358979
2  450 139 0 0 3.14159265358979
4 C0 137 0 139 0
0

0101000
+482 0 -480 0 *
Ve
1e-07
3.14687940901979e-15 -12.3924408443442 17.5
0 0

0101101
*
Ed
 1e-07 1 1 0
1  310 0 -29 -2.29375509962552
2  451 137 0 -29 -2.29375509962552
2  452 138 0 -29 -2.29375509962552
4 CN 137 0 138 0
0

0101000
+478 0 -480 0 *
Ed
 1e-07 1 1 0
1  311 0 0 3.14159265358979
2  453 137 0 0 3.14159265358979
4 C0 137 0 140 0
0

0101000
+483 0 -478 0 *
Wi

0101100
+481 0 +479 0 -477 0 -476 0 *
Fa
0  1e-07 137 0

0111000
+475 0 *
Ve
1e-07
0 -39 15
0 0

0101101
*
Ed
 1e-07 1 1 0
1  312 0 0 0.2062449003745
2  454 139 0 0 0.2062449003745
2  455 141 0 0 0.2062449003745
4 CN 139 0 141 0
0

0101000
+473 0 -480 0 *
Ve
1e-07
4.77612251667468e-15 39 15
0 0

0101101
*
Ed
 1e-07 1 1 0
1  313 0 0 0.2062449003745
2  456 139 0 0 0.2062449003745
2  457 141 0 0 0.2062449003745
4 CN 139 0 141 0
0

0101000
+471 0 -482 0 *
Ed
 1e-07 1 1 0
1  314 0 3.14159265358979 6.28318530717959
2  458 139 0 3.14159265358979 6.28318530717959
4 C0 139 0 142 0
0

0101000
+473 0 -471 0 *
Wi

0101100
+472 0 -479 0 -470 0 -469 0 *
Fa
0  1e-07 139 0

0111000
+468 0 *
Ve
1e-07
3.30654635769785e-15 -12.5 20
0 0

0101101
*
Ve
1e-07
0 12.5 20
0 0

0101101
*
Ed
 1e-07 1 1 0
1  315 0 0 3.14159265358979
2  459 143 0 0 3.14159265358979
4 C0 143 0 132 0
0

0101000
+466 0 -465 0 *
Ve
1e-07
0 -41.5 17.5
0 0

0101101
*
Ed
 1e-07 1 1 0
1  316 0 -29.1075591556558 -6.20100396869872e-31
2  460 143 0 -29.1075591556558 -6.20100396869872e-31
2  461 144 0 -29.1075591556558 -6.20100396869872e-31
4 CN 143 0 144 0
0

0101000
+466 0 -463 0 *
Ve
1e-07
5.08228421646152e-15 41.5 17.5
0 0

0101101
*
Ed
 1e-07 1 1 0
1  317 0 0 3.14159265358979
2  462 143 0 0 3.14159265358979
2  463 145 0 0 3.14159265358979
4 C0 143 0 145 0
0

0101000
+463 0 -461 0 *
Ed
 1e-07 1 1 0
1  318 0 -29.1075591556558 0
2  464 143 0 -29.1075591556558 0
2  465 144 0 -29.1075591556558 0
4 CN 143 0 144 0
0

0101000
+465 0 -461 0 *
Wi

0101100
-464 0 +462 0 +460 0 -459 0 *
Fa
0  1e-07 143 0

0111000
+458 0 *
Ve
1e-07
5.08228421646152e-15 41.5 15
0 0

0101101
*
Ve
1e-07
0 -41.5 15
0 0

0101101
*
Ed
 1e-07 1 1 0
1  319 0 0 3.14159265358979
2  466 145 0 0 3.14159265358979
4 C0 145 0 142 0
0

0101000
+456 0 -455 0 *
Ed
 1e-07 1 1 0
1  320 0 0 2.5
2  467 145 0 0 2.5
2  468 146 0 0 2.5
4 CN 145 0 146 0
0

0101000
+456 0 -461 0 *
Ed
 1e-07 1 1 0
1  321 0 0 2.5
2  469 145 0 0 2.5
2  470 146 0 0 2.5
4 CN 145 0 146 0
0

0101000
+455 0 -463 0 *
Wi

0101100
-454 0 +453 0 -460 0 -452 0 *
Fa
0  1e-07 145 0

0111000
+451 0 *
Ve
1e-07
0 8.9 17.5
0 0

0101101
*
Ve
1e-07
1.08993565124114e-15 -8.9 17.5
0 0

0101101
*
Ed
 1e-07 1 1 0
1  322 0 0 3.14159265358979
2  471 147 0 0 3.14159265358979
4 C0 147 0 140 0
0

0101000
+449 0 -448 0 *
Ve
1e-07
1.08993565124114e-15 -8.9 4.00000000000002
0 0

0101101
*
Ed
 1e-07 1 1 0
1  323 0 25.1730014102411 38.6730014102411
2  472 147 0 25.1730014102411 38.6730014102411
2  473 148 0 25.1730014102411 38.6730014102411
4 CN 147 0 148 0
0

0101000
+448 0 -446 0 *
Ve
1e-07
0 8.9 4.00000000000002
0 0

0101101
*
Ed
 1e-07 1 1 0
1  324 0 3.14159265358979 6.28318530717959
2  474 147 0 3.14159265358979 6.28318530717959
4 C0 147 0 135 0
0

0101000
+446 0 -444 0 *
Ed
 1e-07 1 1 0
1  325 0 25.1730014102411 38.6730014102411
2  475 147 0 25.1730014102411 38.6730014102411
2  476 148 0 25.1730014102411 38.6730014102411
4 CN 147 0 148 0
0

0101000
+449 0 -444 0 *
Wi

0101100
+447 0 +445 0 +443 0 -442 0 *
Fa
0  1e-07 147 0

0111000
+441 0 *
Ed
 1e-07 1 1 0
1  326 0 3.14159265358979 6.28318530717959
2  477 144 0 3.14159265358979 6.28318530717959
4 C0 132 0 144 0
0

0101000
+465 0 -466 0 *
Wi

0101100
+439 0 +464 0 *
Ed
 1e-07 1 1 0
1  327 0 0 3.14159265358979
2  478 131 0 0 3.14159265358979
4 C0 132 0 131 0
0

0101000
+500 0 -502 0 *
Wi

0101100
+499 0 +437 0 *
Fa
0  1e-07 132 0

0111000
-438 0 -436 0 *
Ed
 1e-07 1 1 0
1  328 0 3.14159265358979 6.28318530717959
2  479 136 0 3.14159265358979 6.28318530717959
4 C0 133 0 136 0
0

0101000
+490 0 -488 0 *
Wi

0101100
+487 0 +434 0 *
Ed
 1e-07 1 1 0
1  329 0 0 3.14159265358979
2  480 131 0 0 3.14159265358979
4 C0 133 0 131 0
0

0101000
+498 0 -503 0 *
Wi

0101100
-496 0 -432 0 *
Fa
0  1e-07 133 0

0111000
+433 0 +431 0 *
Ed
 1e-07 1 1 0
1  330 0 3.14159265358979 6.28318530717959
2  481 148 0 3.14159265358979 6.28318530717959
4 C0 148 0 140 0
0

0101000
+448 0 -449 0 *
Ed
 1e-07 1 1 0
1  331 0 0 3.14159265358979
2  482 148 0 0 3.14159265358979
4 C0 148 0 135 0
0

0101000
+444 0 -446 0 *
Wi

0101100
-445 0 +429 0 +442 0 +428 0 *
Fa
0  1e-07 148 0

0111000
+427 0 *
Ed
 1e-07 1 1 0
1  332 0 3.14159265358979 6.28318530717959
2  483 146 0 3.14159265358979 6.28318530717959
4 C0 146 0 142 0
0

0101000
+455 0 -456 0 *
Ed
 1e-07 1 1 0
1  333 0 3.14159265358979 6.28318530717959
2  484 146 0 3.14159265358979 6.28318530717959
2  485 144 0 3.14159265358979 6.28318530717959
4 C0 146 0 144 0
0

0101000
+461 0 -463 0 *
Wi

0101100
-453 0 -425 0 +452 0 -424 0 *
Fa
0  1e-07 146 0

0111000
+423 0 *
Wi

0101100
+425 0 +454 0 *
Ed
 1e-07 1 1 0
1  334 0 0 3.14159265358979
2  486 141 0 0 3.14159265358979
4 C0 142 0 141 0
0

0101000
+471 0 -473 0 *
Wi

0101100
-469 0 -420 0 *
Fa
0  1e-07 142 0

0111000
+421 0 +419 0 *
Wi

0101100
-462 0 -439 0 +459 0 +424 0 *
Fa
0  1e-07 144 0

0111000
+417 0 *
Ed
 1e-07 1 1 0
1  335 0 3.14159265358979 6.28318530717959
2  487 141 0 3.14159265358979 6.28318530717959
2  488 138 0 3.14159265358979 6.28318530717959
4 C0 141 0 138 0
0

0101000
+480 0 -482 0 *
Wi

0101100
-415 0 -472 0 -420 0 +470 0 *
Fa
0  1e-07 141 0

0111000
+414 0 *
Ed
 1e-07 1 1 0
1  336 0 3.14159265358979 6.28318530717959
2  489 138 0 3.14159265358979 6.28318530717959
4 C0 138 0 140 0
0

0101000
+478 0 -483 0 *
Wi

0101100
+415 0 -481 0 -412 0 +477 0 *
Fa
0  1e-07 138 0

0111000
+411 0 *
Wi

0101100
-476 0 -412 0 *
Wi

0101100
-447 0 -429 0 *
Fa
0  1e-07 140 0

0111000
+409 0 +408 0 *
Wi

0101100
-428 0 -443 0 *
Ed
 1e-07 1 1 0
1  337 0 3.14159265358979 6.28318530717959
2  490 136 0 3.14159265358979 6.28318530717959
4 C0 135 0 136 0
0

0101000
+492 0 -493 0 *
Wi

0101100
-491 0 -405 0 *
Fa
0  1e-07 135 0

0111000
+406 0 +404 0 *
Wi

0101100
-489 0 +405 0 +486 0 -434 0 *
Fa
0  1e-07 136 0

0111000
+402 0 *
Wi

0101100
+437 0 -501 0 -432 0 +497 0 *
Fa
0  1e-07 131 0

0111000
+400 0 *
Sh

0101100
-494 0 +484 0 -474 0 -467 0 +457 0 +450 0 +440 0 -435 0 +430 0 +426 0 
+422 0 +418 0 +416 0 -413 0 -410 0 +407 0 +403 0 +401 0 -399 0 *
So

0100000
+398 0 *
Ve
1e-07
0 4 -3.5527136788005e-15
0 0

0101101
*
Ve
1e-07
0 4 -20
0 0

0101101
*
Ed
 1e-07 1 1 0
1  338 0 0 20
2  491 149 0 0 20
2  492 150 0 0 20
4 CN 149 0 150 0
0

0101000
+396 0 -395 0 *
Ve
1e-07
4.89858719658941e-16 -4 -20
0 0

0101101
*
Ed
 1e-07 1 1 0
1  339 0 3.14159265358979 6.28318530717959
2  493 149 0 3.14159265358979 6.28318530717959
4 C0 149 0 151 0
0

0101000
+395 0 -393 0 *
Ve
1e-07
4.89858719658941e-16 -4 -3.5527136788005e-15
0 0

0101101
*
Ed
 1e-07 1 1 0
1  340 0 0 20
2  494 149 0 0 20
2  495 150 0 0 20
4 CN 149 0 150 0
0

0101000
+391 0 -393 0 *
Ed
 1e-07 1 1 0
1  341 0 3.14159265358979 6.28318530717959
2  496 149 0 3.14159265358979 6.28318530717959
4 C0 149 0 152 0
0

0101000
+396 0 -391 0 *
Wi

0101100
+394 0 +392 0 -390 0 -389 0 *
Fa
0  1e-07 149 0

0111000
+388 0 *
Ve
1e-07
0 -7.5 -4
0 0

0101101
*
Ve
1e-07
9.18485099360515e-16 7.5 -4
0 0

0101101
*
Ed
 1e-07 1 1 0
1  342 0 0 3.14159265358979
2  497 153 0 0 3.14159265358979
4 C0 153 0 154 0
0

0101000
+386 0 -385 0 *
Ve
1e-07
9.18485099360515e-16 7.5 -3.5527136788005e-15
0 0

0101101
*
Ed
 1e-07 1 1 0
1  343 0 0 4
2  498 153 0 0 4
2  499 155 0 0 4
4 CN 153 0 155 0
0

0101000
+385 0 -383 0 *
Ve
1e-07
0 -7.5 -3.5527136788005e-15
0 0

0101101
*
Ed
 1e-07 1 1 0
1  344 0 0 3.14159265358979
2  500 153 0 0 3.14159265358979
4 C0 153 0 152 0
0

0101000
+381 0 -383 0 *
Ed
 1e-07 1 1 0
1  345 0 0 4
2  501 153 0 0 4
2  502 155 0 0 4
4 CN 153 0 155 0
0

0101000
+386 0 -381 0 *
Wi

0101100
+384 0 +382 0 -380 0 -379 0 *
Fa
0  1e-07 153 0

0111000
+378 0 *
Ve
1e-07
0 -12.3924408443442 -17.5
0 0

0101101
*
Ve
1e-07
4.77612251667468e-15 -39 -15.2062449003745
0 0

0101101
*
Ed
 1e-07 1 1 0
1  346 0 -29 -2.29375509962552
2  503 156 0 -29 -2.29375509962552
2  504 157 0 -29 -2.29375509962552
4 CN 156 0 157 0
0

0101000
+376 0 -375 0 *
Ve
1e-07
0 39 -15.2062449003745
0 0

0101101
*
Ed
 1e-07 1 1 0
1  347 0 0 3.14159265358979
2  505 156 0 0 3.14159265358979
2  506 158 0 0 3.14159265358979
4 C0 156 0 158 0
0

0101000
+375 0 -373 0 *
Ve
1e-07
3.14687940901979e-15 12.3924408443442 -17.5
0 0

0101101
*
Ed
 1e-07 1 1 0
1  348 0 -29 -2.29375509962552
2  507 156 0 -29 -2.29375509962552
2  508 157 0 -29 -2.29375509962552
4 CN 156 0 157 0
0

0101000
+371 0 -373 0 *
Ed
 1e-07 1 1 0
1  349 0 0 3.14159265358979
2  509 156 0 0 3.14159265358979
4 C0 156 0 159 0
0

0101000
+376 0 -371 0 *
Wi

0101100
+374 0 +372 0 -370 0 -369 0 *
Fa
0  1e-07 156 0

0111000
+368 0 *
Ve
1e-07
0 39 -15
0 0

0101101
*
Ed
 1e-07 1 1 0
1  350 0 0 0.2062449003745
2  510 158 0 0 0.2062449003745
2  511 160 0 0 0.2062449003745
4 CN 158 0 160 0
0

0101000
+366 0 -373 0 *
Ve
1e-07
4.77612251667468e-15 -39 -15
0 0

0101101
*
Ed
 1e-07 1 1 0
1  351 0 0 0.2062449003745
2  512 158 0 0 0.2062449003745
2  513 160 0 0 0.2062449003745
4 CN 158 0 160 0
0

0101000
+364 0 -375 0 *
Ed
 1e-07 1 1 0
1  352 0 3.14159265358979 6.28318530717959
2  514 158 0 3.14159265358979 6.28318530717959
4 C0 158 0 161 0
0

0101000
+366 0 -364 0 *
Wi

0101100
+365 0 -372 0 -363 0 -362 0 *
Fa
0  1e-07 158 0

0111000
+361 0 *
Ve
1e-07
3.30654635769785e-15 12.5 -20
0 0

0101101
*
Ve
1e-07
0 -12.5 -20
0 0

0101101
*
Ed
 1e-07 1 1 0
1  353 0 0 3.14159265358979
2  515 162 0 0 3.14159265358979
4 C0 162 0 151 0
0

0101000
+359 0 -358 0 *
Ve
1e-07
0 41.5 -17.5
0 0

0101101
*
Ed
 1e-07 1 1 0
1  354 0 -29.1075591556558 -6.20100396869872e-31
2  516 162 0 -29.1075591556558 -6.20100396869872e-31
2  517 163 0 -29.1075591556558 -6.20100396869872e-31
4 CN 162 0 163 0
0

0101000
+359 0 -356 0 *
Ve
1e-07
5.08228421646152e-15 -41.5 -17.5
0 0

0101101
*
Ed
 1e-07 1 1 0
1  355 0 0 3.14159265358979
2  518 162 0 0 3.14159265358979
2  519 164 0 0 3.14159265358979
4 C0 162 0 164 0
0

0101000
+356 0 -354 0 *
Ed
 1e-07 1 1 0
1  356 0 -29.1075591556558 0
2  520 162 0 -29.1075591556558 0
2  521 163 0 -29.1075591556558 0
4 CN 162 0 163 0
0

0101000
+358 0 -354 0 *
Wi

0101100
-357 0 +355 0 +353 0 -352 0 *
Fa
0  1e-07 162 0

0111000
+351 0 *
Ve
1e-07
5.08228421646152e-15 -41.5 -15
0 0

0101101
*
Ve
1e-07
0 41.5 -15
0 0

0101101
*
Ed
 1e-07 1 1 0
1  357 0 0 3.14159265358979
2  522 164 0 0 3.14159265358979
4 C0 164 0 161 0
0

0101000
+349 0 -348 0 *
Ed
 1e-07 1 1 0
1  358 0 0 2.5
2  523 164 0 0 2.5
2  524 165 0 0 2.5
4 CN 164 0 165 0
0

0101000
+349 0 -354 0 *
Ed
 1e-07 1 1 0
1  359 0 0 2.5
2  525 164 0 0 2.5
2  526 165 0 0 2.5
4 CN 164 0 165 0
0

0101000
+348 0 -356 0 *
Wi

0101100
-347 0 +346 0 -353 0 -345 0 *
Fa
0  1e-07 164 0

0111000
+344 0 *
Ve
1e-07
0 -8.9 -17.5
0 0

0101101
*
Ve
1e-07
1.08993565124114e-15 8.9 -17.5
0 0

0101101
*
Ed
 1e-07 1 1 0
1  360 0 0 3.14159265358979
2  527 166 0 0 3.14159265358979
4 C0 166 0 159 0
0

0101000
+342 0 -341 0 *
Ve
1e-07
1.08993565124114e-15 8.9 -4.00000000000001
0 0

0101101
*
Ed
 1e-07 1 1 0
1  361 0 25.1730014102411 38.6730014102411
2  528 166 0 25.1730014102411 38.6730014102411
2  529 167 0 25.1730014102411 38.6730014102411
4 CN 166 0 167 0
0

0101000
+341 0 -339 0 *
Ve
1e-07
0 -8.9 -4.00000000000001
0 0

0101101
*
Ed
 1e-07 1 1 0
1  362 0 3.14159265358979 6.28318530717959
2  530 166 0 3.14159265358979 6.28318530717959
4 C0 166 0 154 0
0

0101000
+339 0 -337 0 *
Ed
 1e-07 1 1 0
1  363 0 25.1730014102411 38.6730014102411
2  531 166 0 25.1730014102411 38.6730014102411
2  532 167 0 25.1730014102411 38.6730014102411
4 CN 166 0 167 0
0

0101000
+342 0 -337 0 *
Wi

0101100
+340 0 +338 0 +336 0 -335 0 *
Fa
0  1e-07 166 0

0111000
+334 0 *
Ed
 1e-07 1 1 0
1  364 0 3.14159265358979 6.28318530717959
2  533 163 0 3.14159265358979 6.28318530717959
4 C0 151 0 163 0
0

0101000
+358 0 -359 0 *
Wi

0101100
+332 0 +357 0 *
Ed
 1e-07 1 1 0
1  365 0 0 3.14159265358979
2  534 150 0 0 3.14159265358979
4 C0 151 0 150 0
0

0101000
+393 0 -395 0 *
Wi

0101100
+392 0 +330 0 *
Fa
0  1e-07 151 0

0111000
-331 0 -329 0 *
Ed
 1e-07 1 1 0
1  366 0 3.14159265358979 6.28318530717959
2  535 155 0 3.14159265358979 6.28318530717959
4 C0 152 0 155 0
0

0101000
+383 0 -381 0 *
Wi

0101100
+380 0 +327 0 *
Ed
 1e-07 1 1 0
1  367 0 0 3.14159265358979
2  536 150 0 0 3.14159265358979
4 C0 152 0 150 0
0

0101000
+391 0 -396 0 *
Wi

0101100
-389 0 -325 0 *
Fa
0  1e-07 152 0

0111000
+326 0 +324 0 *
Ed
 1e-07 1 1 0
1  368 0 3.14159265358979 6.28318530717959
2  537 167 0 3.14159265358979 6.28318530717959
4 C0 167 0 159 0
0

0101000
+341 0 -342 0 *
Ed
 1e-07 1 1 0
1  369 0 0 3.14159265358979
2  538 167 0 0 3.14159265358979
4 C0 167 0 154 0
0

0101000
+337 0 -339 0 *
Wi

0101100
-338 0 +322 0 +335 0 +321 0 *
Fa
0  1e-07 167 0

0111000
+320 0 *
Ed
 1e-07 1 1 0
1  370 0 3.14159265358979 6.28318530717959
2  539 165 0 3.14159265358979 6.28318530717959
4 C0 165 0 161 0
0

0101000
+348 0 -349 0 *
Ed
 1e-07 1 1 0
1  371 0 3.14159265358979 6.28318530717959
2  540 165 0 3.14159265358979 6.28318530717959
2  541 163 0 3.14159265358979 6.28318530717959
4 C0 165 0 163 0
0

0101000
+354 0 -356 0 *
Wi

0101100
-346 0 -318 0 +345 0 -317 0 *
Fa
0  1e-07 165 0

0111000
+316 0 *
Wi

0101100
+318 0 +347 0 *
Ed
 1e-07 1 1 0
1  372 0 0 3.14159265358979
2  542 160 0 0 3.14159265358979
4 C0 161 0 160 0
0

0101000
+364 0 -366 0 *
Wi

0101100
-362 0 -313 0 *
Fa
0  1e-07 161 0

0111000
+314 0 +312 0 *
Wi

0101100
-355 0 -332 0 +352 0 +317 0 *
Fa
0  1e-07 163 0

0111000
+310 0 *
Ed
 1e-07 1 1 0
1  373 0 3.14159265358979 6.28318530717959
2  543 160 0 3.14159265358979 6.28318530717959
2  544 157 0 3.14159265358979 6.28318530717959
4 C0 160 0 157 0
0

0101000
+373 0 -375 0 *
Wi

0101100
-308 0 -365 0 -313 0 +363 0 *
Fa
0  1e-07 160 0

0111000
+307 0 *
Ed
 1e-07 1 1 0
1  374 0 3.14159265358979 6.28318530717959
2  545 157 0 3.14159265358979 6.28318530717959
4 C0 157 0 159 0
0

0101000
+371 0 -376 0 *
Wi

0101100
+308 0 -374 0 -305 0 +370 0 *
Fa
0  1e-07 157 0

0111000
+304 0 *
Wi

0101100
-369 0 -305 0 *
Wi

0101100
-340 0 -322 0 *
Fa
0  1e-07 159 0

0111000
+302 0 +301 0 *
Wi

0101100
-321 0 -336 0 *
Ed
 1e-07 1 1 0
1  375 0 3.14159265358979 6.28318530717959
2  546 155 0 3.14159265358979 6.28318530717959
4 C0 154 0 155 0
0

0101000
+385 0 -386 0 *
Wi

0101100
-384 0 -298 0 *
Fa
0  1e-07 154 0

0111000
+299 0 +297 0 *
Wi

0101100
-382 0 +298 0 +379 0 -327 0 *
Fa
0  1e-07 155 0

0111000
+295 0 *
Wi

0101100
+330 0 -394 0 -325 0 +390 0 *
Fa
0  1e-07 150 0

0111000
+293 0 *
Sh

0101100
-387 0 +377 0 -367 0 -360 0 +350 0 +343 0 +333 0 -328 0 +323 0 +319 0 
+315 0 +311 0 +309 0 -306 0 -303 0 +300 0 +296 0 +294 0 -292 0 *
So

0100000
+291 0 *
Ve
0.000587685958079889
14.8666723396935 78.7103826597298 -20.0100519365079
0 0

0101101
*
Ve
7.26499794470227e-05
15.586825437737 79.7094308813117 -19.3645663901689
0 0

0101101
*
Ed
 1e-07 1 1 0
1  376 0 4.74571043418449 6.28318530717959
2  547 168 0 4.74571043418449 6.28318530717959
2  548 169 0 4.74571043418449 6.28318530717959
4 C0 168 0 169 0
0

0101000
+289 0 -288 0 *
Ve
7.26499794470227e-05
8.50000000000004 79.389699484444 0
0 0

0101101
*
Ed
 7.26499794470227e-05 1 1 0
1  377 0 5.58152647342221 6.28318530717959
2  549 168 0 5.58152647342221 6.28318530717959
2  550 170 0 5.58152647342221 6.28318530717959
4 C0 168 0 170 0
0

0101000
+288 0 -286 0 *
Ve
7.48121226740683e-05
7.54361938736539 78.3906512628622 0
0 0

0101101
*
Ed
 1e-07 1 1 0
1  378 0 4.75602221168456 6.28318530717959
2  551 168 0 4.75602221168456 6.28318530717959
2  552 171 0 4.75602221168456 6.28318530717959
4 G2 168 0 171 0
0

0101000
+284 0 -286 0 *
Ed
 7.48121210447366e-05 1 1 0
1  379 0 0 0.701658833757373
2  553 168 0 0 0.701658833757373
4 G1 168 0 172 0
0

0101000
+284 0 -289 0 *
Wi

0101100
+287 0 +285 0 -283 0 +282 0 *
Fa
0  1e-07 168 0

0101000
+281 0 *
Ve
1e-07
38.5 81.5 5
0 0

0101101
*
Ve
1e-07
38.5 84 5
0 0

0101101
*
Ed
 1e-07 1 1 0
1  380 0 95.5 98
2  554 173 0 95.5 98
2  555 174 0 95.5 98
4 CN 173 0 174 0
0

0101000
+279 0 -278 0 *
Ve
1e-07
38.5 84 -5
0 0

0101101
*
Ed
 1e-07 1 1 0
1  381 0 3.14159265358979 6.28318530717959
2  556 173 0 3.14159265358979 6.28318530717959
4 C0 173 0 175 0
0

0101000
+276 0 -278 0 *
Ve
1e-07
38.5 81.5 -5
0 0

0101101
*
Ed
 1e-07 1 1 0
1  382 0 95.5 98
2  557 173 0 95.5 98
2  558 174 0 95.5 98
4 CN 173 0 174 0
0

0101000
+274 0 -276 0 *
Ed
 1e-07 1 1 0
1  383 0 3.14159265358979 6.28318530717959
2  559 173 0 3.14159265358979 6.28318530717959
4 C0 173 0 176 0
0

0101000
+274 0 -279 0 *
Wi

0101100
+277 0 -275 0 -273 0 +272 0 *
Fa
0  1e-07 173 0

0111000
+271 0 *
Ve
1e-07
38.5 80.5 -30
0 0

0101101
*
Ve
1e-07
38.5 80.5 30
0 0

0101101
*
Ed
 1e-07 1 1 0
1  384 0 3.14159265358979 6.28318530717959
2  560 177 0 3.14159265358979 6.28318530717959
2  561 178 0 3.14159265358979 6.28318530717959
4 G1 177 0 178 0
0

0101000
+269 0 -268 0 *
Ve
1e-07
38.5 84 -26.5
0 0

0101101
*
Ed
 1e-07 1 1 0
1  385 0 0 1.5707963267949
2  562 177 0 0 1.5707963267949
2  563 179 0 0 1.5707963267949
4 CN 177 0 179 0
0

0101000
+269 0 -266 0 *
Ve
1e-07
38.5 84 26.5
0 0

0101101
*
Ed
 1e-07 1 1 0
1  386 0 0 3.14159265358979
2  564 177 0 0 3.14159265358979
4 G1 177 0 175 0
0

0101000
+264 0 -266 0 *
Ed
 1e-07 1 1 0
1  387 0 0 1.5707963267949
2  565 177 0 0 1.5707963267949
2  566 179 0 0 1.5707963267949
4 CN 177 0 179 0
0

0101000
+268 0 -264 0 *
Wi

0101100
-267 0 +265 0 -263 0 -262 0 *
Fa
0  1e-07 177 0

0111000
+261 0 *
Ve
1e-07
4.00000000000004 0 20.5
0 0

0101101
*
Ve
1e-07
4.00000000000004 0 23
0 0

0101101
*
Ed
 1e-07 1 1 0
1  388 0 50.5 53
2  567 180 0 50.5 53
2  568 181 0 50.5 53
4 CN 180 0 181 0
0

0101000
+259 0 -258 0 *
Ve
1e-07
-3.99999999999996 0 23
0 0

0101101
*
Ed
 1e-07 1 1 0
1  389 0 3.14159265358979 6.28318530717959
2  569 180 0 3.14159265358979 6.28318530717959
4 C0 180 0 182 0
0

0101000
+256 0 -258 0 *
Ve
1e-07
-3.99999999999996 0 20.5
0 0

0101101
*
Ed
 1e-07 1 1 0
1  390 0 50.5 53
2  570 180 0 50.5 53
2  571 181 0 50.5 53
4 CN 180 0 181 0
0

0101000
+254 0 -256 0 *
Ed
 1e-07 1 1 0
1  391 0 3.14159265358979 6.28318530717959
2  572 180 0 3.14159265358979 6.28318530717959
4 C0 180 0 183 0
0

0101000
+254 0 -259 0 *
Wi

0101100
+257 0 -255 0 -253 0 +252 0 *
Fa
0  1e-07 180 0

0111000
+251 0 *
Ve
1e-07
4.00000000000004 0 -23
0 0

0101101
*
Ve
1e-07
4.00000000000004 0 -20.5
0 0

0101101
*
Ed
 1e-07 1 1 0
1  392 0 7 9.5
2  573 184 0 7 9.5
2  574 185 0 7 9.5
4 CN 184 0 185 0
0

0101000
+249 0 -248 0 *
Ve
1e-07
-3.99999999999996 0 -20.5
0 0

0101101
*
Ed
 1e-07 1 1 0
1  393 0 3.14159265358979 6.28318530717959
2  575 184 0 3.14159265358979 6.28318530717959
4 C0 184 0 186 0
0

0101000
+246 0 -248 0 *
Ve
1e-07
-3.99999999999996 0 -23
0 0

0101101
*
Ed
 1e-07 1 1 0
1  394 0 7 9.5
2  576 184 0 7 9.5
2  577 185 0 7 9.5
4 CN 184 0 185 0
0

0101000
+244 0 -246 0 *
Ed
 1e-07 1 1 0
1  395 0 3.14159265358979 6.28318530717959
2  578 184 0 3.14159265358979 6.28318530717959
4 C0 184 0 187 0
0

0101000
+244 0 -249 0 *
Wi

0101100
+247 0 -245 0 -243 0 +242 0 *
Fa
0  1e-07 184 0

0111000
+241 0 *
Ve
1e-07
38.5 81.5 -27.5
0 0

0101101
*
Ve
1e-07
38.5 20 -27.5
0 0

0101101
*
Ed
 1e-07 1 1 0
1  396 0 2.5 64
2  579 188 0 2.5 64
2  580 189 0 2.5 64
4 CN 188 0 189 0
0

0101000
+239 0 -238 0 *
Ve
1e-07
23.3804075410557 -5.7033071802054 -22.9705882352941
0 0

0101101
*
Ed
 1e-07 1 1 0
1  397 0 4.71238898038469 5.29451778849132
2  581 188 0 4.71238898038469 5.29451778849132
4 C0 188 0 190 0
0

0101000
+238 0 -236 0 *
Ve
0.000278862702304085
23.3804075410557 75.6027709014286 -22.9705882352941
0 0

0101101
*
Ed
 1e-07 1 1 0
1  398 0 8.3972290985714 89.7033071802054
2  582 188 0 8.3972290985714 89.7033071802054
2  583 191 0 8.3972290985714 89.7033071802054
4 G1 188 0 191 0
0

0101000
+234 0 -236 0 *
Ve
0.000299899411602436
19.8745295355229 76.4266487139427 -20.2321983476064
0 0

0101101
*
Ed
 0.000218534225294444 1 1 0
1  399 0 0 0.00453293336800523
2  584 188 0 0 0.00453293336800523
2  585 192 0 0 0.00453293336800523
4 C0 188 0 192 0
0

0101000
+232 0 -234 0 *
Ve
0.000299899411604245
19.8745295355229 76.4266487139427 20.2321983476064
0 0

0101101
*
Ed
 1e-07 1 1 0
1  400 0 5.45646163011986 7.10990898423932
2  586 188 0 5.45646163011986 7.10990898423932
4 C0 188 0 193 0
0

0101000
+232 0 -230 0 *
Ve
0.000278862702302745
23.3804075410557 75.6027709014286 22.9705882352941
0 0

0101101
*
Ed
 0.000218168927947645 1 1 0
1  401 0 -1.97171998575999e-05 0.00452626201797471
2  587 188 0 -1.97171998575999e-05 0.00452626201797471
2  588 194 0 -1.97171998575999e-05 0.00452626201797471
4 C0 188 0 194 0
0

0101000
+228 0 -230 0 *
Ve
1e-07
23.3804075410557 -5.70330718020541 22.9705882352941
0 0

0101101
*
Ed
 1e-07 1 1 0
1  402 0 -89.7033071802054 -8.3972290985714
2  589 188 0 -89.7033071802054 -8.3972290985714
2  590 195 0 -89.7033071802054 -8.3972290985714
4 G1 188 0 195 0
0

0101000
+226 0 -228 0 *
Ve
1e-07
38.5 20 27.5
0 0

0101101
*
Ed
 1e-07 1 1 0
1  403 0 0.988667518688262 1.5707963267949
2  591 188 0 0.988667518688262 1.5707963267949
4 C0 188 0 190 0
0

0101000
+226 0 -224 0 *
Ve
1e-07
38.5 81.5 27.5
0 0

0101101
*
Ed
 1e-07 1 1 0
1  404 0 2.5 64
2  592 188 0 2.5 64
2  593 189 0 2.5 64
4 CN 188 0 189 0
0

0101000
+222 0 -224 0 *
Ed
 1e-07 1 1 0
1  405 0 3.14159265358979 6.28318530717959
2  594 188 0 3.14159265358979 6.28318530717959
4 C0 188 0 176 0
0

0101000
+239 0 -222 0 *
Wi

0101100
+237 0 +235 0 -233 0 -231 0 +229 0 -227 0 -225 0 +223 0 -221 0 -220 0 
*
Fa
0  1e-07 188 0

0101000
+219 0 *
Ve
1e-07
38.5 20 30
0 0

0101101
*
Ed
 1e-07 1 1 0
1  406 0 3.5 64
2  595 178 0 3.5 64
2  596 170 0 3.5 64
4 CN 178 0 170 0
0

0101000
+268 0 -217 0 *
Ve
1e-07
38.5 20 -30
0 0

0101101
*
Ed
 1e-07 1 1 0
1  407 0 1.5707963267949 4.71238898038469
2  597 178 0 1.5707963267949 4.71238898038469
4 C0 178 0 190 0
0

0101000
+217 0 -215 0 *
Ed
 1e-07 1 1 0
1  408 0 3.5 64
2  598 178 0 3.5 64
2  599 170 0 3.5 64
4 CN 178 0 170 0
0

0101000
+269 0 -215 0 *
Wi

0101100
+267 0 +216 0 +214 0 -213 0 *
Fa
0  1e-07 178 0

0111000
+212 0 *
Ve
1e-07
14.3960584136121 -14 -23
0 0

0101101
*
Ve
0.000159880359895764
16.2122157827492 -14 -23.1103535162674
0 0

0101101
*
Ed
 1e-07 1 1 0
1  409 0 0 0.121374952021865
2  600 197 0 0 0.121374952021865
4 C0 196 0 197 0
0

0101000
+210 0 -209 0 *
Ve
0.000209105569166592
16.2122157827492 -14 -20.5388481739584
0 0

0101101
*
Ed
 1e-07 1 1 0
1  410 0 -23.1103535162674 -20.5388481739584
2  601 198 0 -23.1103535162674 -20.5388481739584
4 G1 196 0 198 0
0

0101000
+209 0 -207 0 *
Ve
1e-07
15.1333571089042 -14 -20.5
0 0

0101101
*
Ed
 1e-07 1 1 0
1  411 0 6.21119923980299 6.28318530717959
2  602 191 0 6.21119923980299 6.28318530717959
4 C0 196 0 191 0
0

0101000
+207 0 -205 0 *
Ve
1e-07
-9.49999999999994 -14 -20.5
0 0

0101101
*
Ed
 1e-07 1 1 0
1  412 0 -47.9999999999999 -23.3666428910958
4 C0 196 0 186 0
0

0101000
+203 0 -205 0 *
Ve
1e-07
-9.49999999999994 -14 -23
0 0

0101101
*
Ed
 1e-07 1 1 0
1  413 0 20.5 23
2  603 199 0 20.5 23
4 G1 196 0 199 0
0

0101000
+203 0 -201 0 *
Ed
 1e-07 1 1 0
1  414 0 4.00000000000006 27.8960584136121
4 C0 196 0 187 0
0

0101000
+201 0 -210 0 *
Wi

0101100
+208 0 +206 0 +204 0 -202 0 +200 0 +199 0 *
Fa
0  1e-07 196 0

0111000
-198 0 *
Ed
 1e-07 1 1 0
1  415 0 0 3.14159265358979
2  604 170 0 0 3.14159265358979
2  605 179 0 0 3.14159265358979
4 G1 170 0 179 0
0

0101000
+268 0 -269 0 *
Ve
1e-07
22.4307056090748 -7.31780046457293 -25.3333333333333
0 0

0101101
*
Ed
 1e-07 1 1 0
1  416 0 4.71238898038469 5.27765816440369
2  606 170 0 4.71238898038469 5.27765816440369
4 C0 170 0 190 0
0

0101000
+215 0 -195 0 *
Ve
0.000587685958079889
22.4307056090748 76.1079374834707 -25.3333333333333
0 0

0101101
*
Ed
 1e-07 1 1 0
1  417 0 -91.3178004645729 -7.89206251652929
2  607 170 0 -91.3178004645729 -7.89206251652929
2  608 197 0 -91.3178004645729 -7.89206251652929
4 G1 170 0 197 0
0

0101000
+195 0 -193 0 *
Ed
 5.75827191166824e-05 1 1 0
1  418 0 -1.91197238567539e-05 0.00993439719788427
2  609 170 0 -1.91197238567539e-05 0.00993439719788427
2  610 169 0 -1.91197238567539e-05 0.00993439719788427
4 C0 170 0 169 0
0

0101000
+193 0 -288 0 *
Ve
7.26499793995867e-05
15.586825437737 79.7094308813117 19.3645663901689
0 0

0101101
*
Ed
 7.26499793995867e-05 1 1 0
1  419 0 0 0.701658833757372
2  611 170 0 0 0.701658833757372
2  612 171 0 0 0.701658833757372
4 C0 170 0 171 0
0

0101000
+286 0 -190 0 *
Ve
0.00058768903221151
22.4307056090748 76.1079374834707 25.3333333333333
0 0

0101101
*
Ed
 5.75839873842926e-05 1 1 0
1  420 0 0 0.00991677949356216
2  613 170 0 0 0.00991677949356216
2  614 200 0 0 0.00991677949356216
4 C0 170 0 200 0
0

0101000
+190 0 -188 0 *
Ve
1e-07
22.4307056090748 -7.31780046457293 25.3333333333333
0 0

0101101
*
Ed
 1e-07 1 1 0
1  421 0 7.89206251652929 91.3178004645729
2  615 170 0 7.89206251652929 91.3178004645729
2  616 201 0 7.89206251652929 91.3178004645729
4 G1 170 0 201 0
0

0101000
+188 0 -186 0 *
Ed
 1e-07 1 1 0
1  422 0 1.0055271427759 1.5707963267949
2  617 170 0 1.0055271427759 1.5707963267949
4 C0 170 0 190 0
0

0101000
+186 0 -217 0 *
Wi

0101100
-216 0 +196 0 +213 0 +194 0 +192 0 +191 0 +285 0 +189 0 +187 0 +185 0 
+184 0 *
Fa
0  1e-07 170 0

0101000
+183 0 *
Ed
 1e-07 1 1 0
1  423 0 3.14159265358979 6.28318530717959
2  618 179 0 3.14159265358979 6.28318530717959
4 G1 175 0 179 0
0

0101000
+266 0 -264 0 *
Wi

0101100
+263 0 +181 0 *
Ed
 1e-07 1 1 0
1  424 0 0 3.14159265358979
2  619 174 0 0 3.14159265358979
4 C0 175 0 174 0
0

0101000
+278 0 -276 0 *
Wi

0101100
-179 0 -275 0 *
Fa
0  1e-07 175 0

0111000
+180 0 +178 0 *
Ve
1e-07
15.1333571089042 -14 20.5
0 0

0101101
*
Ve
0.000154998010300176
16.2122157827492 -14 20.5388481739584
0 0

0101101
*
Ed
 1e-07 1 1 0
1  425 0 3.14159265358979 3.21357872096636
2  620 195 0 3.14159265358979 3.21357872096636
4 C0 202 0 195 0
0

0101000
+176 0 -175 0 *
Ve
0.000194188367133371
16.2122157827492 -14 23.1103535162674
0 0

0101101
*
Ed
 1e-07 1 1 0
1  426 0 20.5388481739584 23.1103535162674
2  621 203 0 20.5388481739584 23.1103535162674
4 G1 202 0 203 0
0

0101000
+175 0 -173 0 *
Ve
1e-07
14.3960584136121 -14 23
0 0

0101101
*
Ed
 1e-07 1 1 0
1  427 0 3.02021770156793 3.14159265358979
2  622 201 0 3.02021770156793 3.14159265358979
4 C0 202 0 201 0
0

0101000
+173 0 -171 0 *
Ve
1e-07
-9.49999999999994 -14 23
0 0

0101101
*
Ed
 1e-07 1 1 0
1  428 0 4.00000000000006 27.8960584136121
4 C0 202 0 182 0
0

0101000
+169 0 -171 0 *
Ve
1e-07
-9.49999999999994 -14 20.5
0 0

0101101
*
Ed
 1e-07 1 1 0
1  429 0 -23 -20.5
2  623 204 0 -23 -20.5
4 G1 202 0 204 0
0

0101000
+169 0 -167 0 *
Ed
 1e-07 1 1 0
1  430 0 -47.9999999999999 -23.3666428910958
4 C0 202 0 183 0
0

0101000
+167 0 -176 0 *
Wi

0101100
+174 0 +172 0 +170 0 -168 0 +166 0 +165 0 *
Fa
0  1e-07 202 0

0111000
-164 0 *
Ve
1e-07
-13.5 74.4690089427119 23
0 0

0101101
*
Ve
1e-07
-13.5 -9.99999999999997 23
0 0

0101101
*
Ed
 1e-07 1 1 0
1  431 0 4.53099105728811 89
4 C0 182 0 205 0
0

0101000
+162 0 -161 0 *
Ed
 1e-07 1 1 0
1  432 0 3.14159265358979 4.71238898038469
2  624 204 0 3.14159265358979 4.71238898038469
4 C0 182 0 204 0
0

0101000
+161 0 -169 0 *
Ve
0.000248207812971576
14.3960584136121 75.6869771564813 23
0 0

0101101
*
Ed
 1e-07 1 1 0
1  433 0 0 89.6869771564813
2  625 201 0 0 89.6869771564813
4 G1 182 0 201 0
0

0101000
+171 0 -158 0 *
Ed
 1e-07 1 1 0
1  434 0 20.1689089767786 48.0915435513564
2  626 206 0 20.1689089767786 48.0915435513564
4 G1 182 0 206 0
0

0101000
+158 0 -162 0 *
Wi

0101100
+160 0 +159 0 +168 0 +157 0 +156 0 *
Ed
 1e-07 1 1 0
1  435 0 0 3.14159265358979
2  627 181 0 0 3.14159265358979
4 C0 182 0 181 0
0

0101000
+258 0 -256 0 *
Wi

0101100
-154 0 -255 0 *
Fa
0  1e-07 182 0

0101000
+155 0 +153 0 *
Ve
1e-07
-13.5 -9.99999999999997 -23
0 0

0101101
*
Ed
 1e-07 1 1 0
1  436 0 1.5707963267949 3.14159265358979
2  628 199 0 1.5707963267949 3.14159265358979
4 C0 187 0 199 0
0

0101000
+201 0 -151 0 *
Ve
1e-07
-13.5 74.4690089427119 -23
0 0

0101101
*
Ed
 1e-07 1 1 0
1  437 0 4.53099105728811 89
4 C0 187 0 205 0
0

0101000
+149 0 -151 0 *
Ve
0.000248207813028671
14.3960584136121 75.6869771564813 -23
0 0

0101101
*
Ed
 1e-07 1 1 0
1  438 0 -28.0536174033035 -0.130982828725628
2  629 207 0 -28.0536174033035 -0.130982828725628
4 G1 187 0 207 0
0

0101000
+149 0 -147 0 *
Ed
 1e-07 1 1 0
1  439 0 -88.4312896397203 1.255687516761
2  630 197 0 -88.4312896397203 1.255687516761
4 G1 187 0 197 0
0

0101000
+147 0 -210 0 *
Wi

0101100
-199 0 +150 0 -148 0 +146 0 +145 0 *
Ed
 1e-07 1 1 0
1  440 0 0 3.14159265358979
2  631 185 0 0 3.14159265358979
4 C0 187 0 185 0
0

0101000
+249 0 -244 0 *
Wi

0101100
+143 0 +242 0 *
Fa
0  1e-07 187 0

0101000
-144 0 -142 0 *
Ve
1e-07
-13.5 73.9685326001302 20.5
0 0

0101101
*
Ve
1e-07
-13.5 -9.99999999999999 20.5
0 0

0101101
*
Ed
 1e-07 1 1 0
1  441 0 5.0314673998698 89
4 C0 205 0 183 0
0

0101000
+140 0 -139 0 *
Ed
 1e-07 1 1 0
1  442 0 -2.5 0
2  632 204 0 -2.5 0
4 G1 205 0 204 0
0

0101000
+139 0 -161 0 *
Ve
1e-07
-13.5 77.4718669982018 20
0 0

0101101
*
Ed
 1e-07 1 1 0
1  443 0 4.71238898038469 6.28318530717959
2  633 206 0 4.71238898038469 6.28318530717959
4 C0 205 0 206 0
0

0101000
+162 0 -136 0 *
Ve
1e-07
-13.5 77.4718669982018 -20
0 0

0101101
*
Ed
 1e-07 1 1 0
1  444 0 3 43
4 C0 205 0 172 0
0

0101000
+136 0 -134 0 *
Ed
 1e-07 1 1 0
1  445 0 -8.88178419700125e-16 1.57079632679489
2  634 207 0 -8.88178419700125e-16 1.57079632679489
4 C0 205 0 207 0
0

0101000
+134 0 -149 0 *
Ve
1e-07
-13.5 -9.99999999999999 -20.5
0 0

0101101
*
Ed
 1e-07 1 1 0
1  446 0 -46 -43.5
2  635 199 0 -46 -43.5
4 G1 205 0 199 0
0

0101000
+151 0 -131 0 *
Ve
1e-07
-13.5 73.9685326001302 -20.5
0 0

0101101
*
Ed
 1e-07 1 1 0
1  447 0 5.0314673998698 89
4 C0 205 0 186 0
0

0101000
+129 0 -131 0 *
Ve
1e-07
-13.5 74.9694852852935 -19.5
0 0

0101101
*
Ed
 1e-07 1 1 0
1  448 0 1.5707963267949 3.14159265358979
2  636 208 0 1.5707963267949 3.14159265358979
4 C0 205 0 208 0
0

0101000
+129 0 -127 0 *
Ve
1e-07
-13.5 74.9694852852935 19.5
0 0

0101101
*
Ed
 1e-07 1 1 0
1  449 0 3.5 42.5
4 C0 205 0 193 0
0

0101000
+125 0 -127 0 *
Ed
 1e-07 1 1 0
1  450 0 3.14159265358979 4.71238898038468
2  637 209 0 3.14159265358979 4.71238898038468
4 C0 205 0 209 0
0

0101000
+125 0 -140 0 *
Wi

0101100
+138 0 +137 0 -160 0 +135 0 +133 0 +132 0 +148 0 +130 0 -128 0 +126 0 
-124 0 +123 0 *
Fa
0  1e-07 205 0

0111000
-122 0 *
Ve
5.13032325341599e-05
14.2652002515161 78.6841218212269 20
0 0

0101101
*
Ve
0.00058768903221151
14.8666723396935 78.7103826597298 20.0100519365079
0 0

0101101
*
Ed
 5.13032325341599e-05 1 1 0
1  451 0 1.5707963267949 1.60421766431719
2  638 210 0 1.5707963267949 1.60421766431719
4 G1 172 0 210 0
0

0101000
+120 0 -119 0 *
Ed
 7.48121226740683e-05 1 1 0
1  452 0 5.58152647342221 6.28318530717959
2  639 171 0 5.58152647342221 6.28318530717959
4 G1 172 0 171 0
0

0101000
+119 0 -284 0 *
Ve
5.13032325744321e-05
14.2652002515161 78.6841218212269 -20
0 0

0101101
*
Ed
 5.13032325744321e-05 1 1 0
1  453 0 4.6789676428624 4.71238898038469
2  640 211 0 4.6789676428624 4.71238898038469
4 G1 172 0 211 0
0

0101000
+289 0 -116 0 *
Ed
 1e-07 1 1 0
1  454 0 -27.7916517458523 0
2  641 207 0 -27.7916517458523 0
4 G1 172 0 207 0
0

0101000
+116 0 -134 0 *
Ed
 1e-07 1 1 0
1  455 0 0 27.7916517458523
2  642 206 0 0 27.7916517458523
4 G1 172 0 206 0
0

0101000
+136 0 -120 0 *
Wi

0101100
+118 0 +117 0 +282 0 +115 0 +114 0 -133 0 +113 0 *
Fa
0  1e-07 172 0

0101000
-112 0 *
Ed
 1e-07 1 1 0
1  456 0 1.5707963267949 4.71238898038469
2  643 189 0 1.5707963267949 4.71238898038469
4 C0 189 0 190 0
0

0101000
+224 0 -238 0 *
Ed
 1e-07 1 1 0
1  457 0 0 3.14159265358979
2  644 189 0 0 3.14159265358979
4 C0 189 0 176 0
0

0101000
+222 0 -239 0 *
Wi

0101100
+110 0 -237 0 -109 0 +221 0 *
Fa
0  1e-07 189 0

0111000
+108 0 *
Wi

0101100
-220 0 -109 0 *
Ed
 1e-07 1 1 0
1  458 0 0 3.14159265358979
2  645 174 0 0 3.14159265358979
4 C0 176 0 174 0
0

0101000
+279 0 -274 0 *
Wi

0101100
+105 0 +272 0 *
Fa
0  1e-07 176 0

0111000
-106 0 -104 0 *
Ed
 1e-07 1 1 0
1  459 0 1.5707963267949 3.14159265358979
2  646 204 0 1.5707963267949 3.14159265358979
4 C0 183 0 204 0
0

0101000
+167 0 -139 0 *
Ve
0.000278862702302745
15.1333571089042 75.2186919701413 20.5
0 0

0101101
*
Ed
 1e-07 1 1 0
1  460 0 -28.7042966263065 -0.043660942908577
2  647 209 0 -28.7042966263065 -0.043660942908577
4 C1 183 0 209 0
0

0101000
+140 0 -101 0 *
Ed
 1e-07 1 1 0
1  461 0 -86.380206695841 2.8384852743003
2  648 195 0 -86.380206695841 2.8384852743003
4 G1 183 0 195 0
0

0101000
+101 0 -176 0 *
Wi

0101100
-165 0 +102 0 -138 0 +100 0 +99 0 *
Ed
 1e-07 1 1 0
1  462 0 0 3.14159265358979
2  649 181 0 0 3.14159265358979
4 C0 183 0 181 0
0

0101000
+259 0 -254 0 *
Wi

0101100
+97 0 +252 0 *
Fa
0  1e-07 183 0

0101000
-98 0 -96 0 *
Ed
 1e-07 1 1 0
1  463 0 3.14159265358979 4.71238898038469
2  650 199 0 3.14159265358979 4.71238898038469
4 C0 186 0 199 0
0

0101000
+131 0 -203 0 *
Ve
0.000278862702304085
15.1333571089042 75.2186919701413 -20.5
0 0

0101101
*
Ed
 1e-07 1 1 0
1  464 0 0 89.2186919701413
2  651 191 0 0 89.2186919701413
4 G1 186 0 191 0
0

0101000
+205 0 -93 0 *
Ed
 1e-07 1 1 0
1  465 0 19.4527383394128 48.1133740228107
2  652 208 0 19.4527383394128 48.1133740228107
4 C1 186 0 208 0
0

0101000
+93 0 -129 0 *
Wi

0101100
+128 0 +94 0 +202 0 +92 0 +91 0 *
Ed
 1e-07 1 1 0
1  466 0 0 3.14159265358979
2  653 185 0 0 3.14159265358979
4 C0 186 0 185 0
0

0101000
+248 0 -246 0 *
Wi

0101100
-89 0 -245 0 *
Fa
0  1e-07 186 0

0101000
+90 0 +88 0 *
Ve
0.000299899411602436
15.0897377215389 76.2177401917232 -19.5
0 0

0101101
*
Ed
 1e-07 1 1 0
1  467 0 -0.109152357271342 28.5078223832181
2  654 208 0 -0.109152357271342 28.5078223832181
4 C1 193 0 208 0
0

0101000
+127 0 -86 0 *
Ed
 0.000299899411602436 1 1 0
1  468 0 1.5707963267949 1.87449272978676
2  655 192 0 1.5707963267949 1.87449272978676
4 G1 193 0 192 0
0

0101000
+86 0 -232 0 *
Ve
0.000299899411604245
15.0897377215389 76.2177401917232 19.5
0 0

0101101
*
Ed
 0.000299899411604245 1 1 0
1  469 0 4.40869257739283 4.71238898038469
2  656 194 0 4.40869257739283 4.71238898038469
4 G1 193 0 194 0
0

0101000
+230 0 -83 0 *
Ed
 1e-07 1 1 0
1  470 0 -28.6169747404894 0
2  657 209 0 -28.6169747404894 0
4 C1 193 0 209 0
0

0101000
+83 0 -125 0 *
Wi

0101100
+85 0 +84 0 +229 0 +82 0 +81 0 +124 0 *
Fa
0  1e-07 193 0

0101000
+80 0 *
Ve
0.000194188367133371
19.6599526433803 -12.0280805062536 23.9539536688144
0 0

0101101
*
Ed
 1e-07 1 1 0
1  471 0 4.14711979636569 4.35382886835212
2  658 201 0 4.14711979636569 4.35382886835212
4 C0 190 0 201 0
0

0101000
+186 0 -78 0 *
Ve
0.000154998010300176
19.6599526433803 -12.0280805062536 21.1993030635825
0 0

0101101
*
Ed
 1e-07 1 1 0
1  472 0 -53.9539536688144 -51.1993030635825
2  659 203 0 -53.9539536688144 -51.1993030635825
4 G1 190 0 203 0
0

0101000
+78 0 -76 0 *
Ed
 1e-07 1 1 0
1  473 0 1.87734817177273 2.15292513490153
2  660 195 0 1.87734817177273 2.15292513490153
4 C0 190 0 195 0
0

0101000
+76 0 -226 0 *
Ve
0.000209105569166592
19.6599526433803 -12.0280805062536 -21.1993030635825
0 0

0101101
*
Ed
 1e-07 1 1 0
1  474 0 4.13026017227806 4.40583713540686
2  661 191 0 4.13026017227806 4.40583713540686
4 C0 190 0 191 0
0

0101000
+236 0 -73 0 *
Ve
0.000159880359895764
19.6599526433803 -12.0280805062536 -23.9539536688144
0 0

0101101
*
Ed
 1e-07 1 1 0
1  475 0 -8.8006969364175 -6.0460463311856
2  662 198 0 -8.8006969364175 -6.0460463311856
4 G1 190 0 198 0
0

0101000
+73 0 -71 0 *
Ed
 1e-07 1 1 0
1  476 0 1.92935643882747 2.1360655108139
2  663 197 0 1.92935643882747 2.1360655108139
4 C0 190 0 197 0
0

0101000
+71 0 -195 0 *
Wi

0101100
+77 0 +75 0 +74 0 +223 0 +110 0 +235 0 +72 0 +70 0 +69 0 -194 0 
-214 0 -184 0 *
Fa
0  1e-07 190 0

0111000
-68 0 *
Wi

0101100
-89 0 -247 0 +143 0 +243 0 *
Fa
0  1e-07 185 0

0111000
+66 0 *
Wi

0101100
-154 0 -257 0 +97 0 +253 0 *
Fa
0  1e-07 181 0

0111000
+64 0 *
Ed
 0.000209105569166592 1 1 0
1  477 0 0 0.00419302046736616
2  664 191 0 0 0.00419302046736616
2  665 198 0 0 0.00419302046736616
4 C0 191 0 198 0
0

0101000
+207 0 -73 0 *
Ed
 0.000278862702304085 1 1 0
1  478 0 4.13026017227806 4.71238898038469
2  666 191 0 4.13026017227806 4.71238898038469
2  667 192 0 4.13026017227806 4.71238898038469
4 C0 191 0 192 0
0

0101000
+234 0 -93 0 *
Wi

0101100
-204 0 +62 0 -72 0 -233 0 +61 0 -92 0 *
Fa
0  1e-07 191 0

0101000
+60 0 *
Ed
 0.000154998010300176 1 1 0
1  479 0 5.22220920100651e-18 0.0041923537423372
2  668 195 0 5.22220920100651e-18 0.0041923537423372
2  669 203 0 5.22220920100651e-18 0.0041923537423372
4 C0 195 0 203 0
0

0101000
+76 0 -175 0 *
Ed
 0.000278862702302745 1 1 0
1  480 0 1.5707963267949 2.15292513490153
2  670 195 0 1.5707963267949 2.15292513490153
2  671 194 0 1.5707963267949 2.15292513490153
4 C0 195 0 194 0
0

0101000
+101 0 -228 0 *
Wi

0101100
-74 0 +58 0 -174 0 -99 0 +57 0 -225 0 *
Fa
0  1e-07 195 0

0101000
+56 0 *
Ed
 0.000248207813028671 1 1 0
1  481 0 1.5707963267949 2.1360655108139
2  672 197 0 1.5707963267949 2.1360655108139
2  673 211 0 1.5707963267949 2.1360655108139
4 C0 197 0 211 0
0

0101000
+147 0 -193 0 *
Ed
 0.000159880359895764 1 1 0
1  482 0 0 0.00422355943105868
2  674 197 0 0 0.00422355943105868
2  675 198 0 0 0.00422355943105868
4 C0 197 0 198 0
0

0101000
+71 0 -209 0 *
Wi

0101100
+192 0 -54 0 +145 0 +208 0 -53 0 +69 0 *
Fa
0  1e-07 197 0

0101000
+52 0 *
Ed
 0.000248207812971576 1 1 0
1  483 0 4.14711979636569 4.71238898038469
2  676 201 0 4.14711979636569 4.71238898038469
2  677 210 0 4.14711979636569 4.71238898038469
4 C0 201 0 210 0
0

0101000
+188 0 -158 0 *
Ed
 0.000194188367133371 1 1 0
1  484 0 9.3598090954054e-20 0.00422411211894932
2  678 201 0 9.3598090954054e-20 0.00422411211894932
2  679 203 0 9.3598090954054e-20 0.00422411211894932
4 C0 201 0 203 0
0

0101000
+173 0 -78 0 *
Wi

0101100
+157 0 -50 0 +185 0 +77 0 -49 0 +170 0 *
Fa
0  1e-07 201 0

0101000
+48 0 *
Wi

0101100
-265 0 -196 0 +262 0 -181 0 *
Fa
0  1e-07 179 0

0111000
+46 0 *
Wi

0101100
-179 0 -277 0 +105 0 +273 0 *
Fa
0  1e-07 174 0

0111000
+44 0 *
Ed
 1e-07 1 1 0
1  485 0 4.71238898038469 6.28318530717959
2  680 207 0 4.71238898038469 6.28318530717959
2  681 211 0 4.71238898038469 6.28318530717959
4 G1 207 0 211 0
0

0101000
+147 0 -116 0 *
Wi

0101100
-132 0 -114 0 -42 0 -146 0 *
Fa
0  1e-07 207 0

0101000
+41 0 *
Ed
 0.000587685958079889 1 1 0
1  486 0 4.9065389333868e-18 0.00966328972359966
2  682 211 0 4.9065389333868e-18 0.00966328972359966
2  683 169 0 4.9065389333868e-18 0.00966328972359966
4 C0 211 0 169 0
0

0101000
+289 0 -193 0 *
Wi

0101100
-115 0 +39 0 -54 0 +42 0 *
Fa
0  1e-07 211 0

0111000
+38 0 *
Ed
 1e-07 1 1 0
1  487 0 0 1.5707963267949
2  684 206 0 0 1.5707963267949
2  685 210 0 0 1.5707963267949
4 G1 206 0 210 0
0

0101000
+120 0 -158 0 *
Wi

0101100
-135 0 -156 0 -36 0 -113 0 *
Fa
0  1e-07 206 0

0101000
+35 0 *
Ed
 0.00058768903221151 1 1 0
1  488 0 -2.06056666725779e-05 0.00966663297439445
2  686 210 0 -2.06056666725779e-05 0.00966663297439445
2  687 200 0 -2.06056666725779e-05 0.00966663297439445
4 C0 210 0 200 0
0

0101000
+188 0 -119 0 *
Wi

0101100
-50 0 +33 0 -118 0 +36 0 *
Fa
0  1e-07 210 0

0111000
+32 0 *
Ed
 1e-07 1 1 0
1  489 0 4.74571043418449 6.28318530717959
2  688 200 0 4.74571043418449 6.28318530717959
2  689 171 0 4.74571043418449 6.28318530717959
4 C0 200 0 171 0
0

0101000
+119 0 -190 0 *
Ed
 1e-07 1 1 1
2  690 200 0 0 0.999898865946567
0

0101000
+188 0 -188 0 *
Wi

0101100
+30 0 +187 0 +29 0 +33 0 *
Fa
0  1e-07 200 0

0111000
+28 0 *
Wi

0101100
+189 0 -30 0 +117 0 +283 0 *
Fa
0  1e-07 171 0

0111000
+26 0 *
Ed
 1e-07 1 1 1
2  691 169 0 0 0.999960385635957
0

0101000
+193 0 -193 0 *
Wi

0101100
-287 0 +39 0 +24 0 +191 0 *
Fa
0  1e-07 169 0

0111000
+23 0 *
Ed
 1e-07 1 1 0
1  490 0 3.14159265358979 4.71238898038469
2  692 208 0 3.14159265358979 4.71238898038469
2  693 192 0 3.14159265358979 4.71238898038469
4 G1 208 0 192 0
0

0101000
+86 0 -93 0 *
Wi

0101100
+85 0 +21 0 +91 0 +126 0 *
Fa
0  1e-07 208 0

0101000
+20 0 *
Wi

0101100
+84 0 +231 0 +61 0 -21 0 *
Fa
0  1e-07 192 0

0111000
+18 0 *
Ed
 1e-07 1 1 0
1  491 0 1.5707963267949 3.14159265358979
2  694 209 0 1.5707963267949 3.14159265358979
2  695 194 0 1.5707963267949 3.14159265358979
4 G1 209 0 194 0
0

0101000
+101 0 -83 0 *
Wi

0101100
+100 0 +16 0 +81 0 +123 0 *
Fa
0  1e-07 209 0

0101000
+15 0 *
Wi

0101100
+82 0 -16 0 +57 0 +227 0 *
Fa
0  1e-07 194 0

0111000
+13 0 *
Wi

0101100
-58 0 -75 0 -49 0 -172 0 *
Fa
0  1e-07 203 0

0111000
+11 0 *
Wi

0101100
-159 0 -137 0 -102 0 -166 0 *
Fa
0  1e-07 204 0

0111000
+9 0 *
Wi

0101100
-53 0 -70 0 -62 0 -206 0 *
Fa
0  1e-07 198 0

0111000
+7 0 *
Wi

0101100
-94 0 -130 0 -150 0 -200 0 *
Fa
0  1e-07 199 0

0111000
+5 0 *
Sh

0101100
-280 0 -270 0 +260 0 -250 0 -240 0 -218 0 +211 0 -197 0 +182 0 +177 0 
-163 0 +152 0 -141 0 -121 0 -111 0 -107 0 -103 0 -95 0 +87 0 +79 0 
-67 0 -65 0 -63 0 +59 0 +55 0 -51 0 -47 0 +45 0 -43 0 +40 0 
+37 0 +34 0 +31 0 -27 0 -25 0 -22 0 -19 0 -17 0 -14 0 -12 0 
+10 0 +8 0 +6 0 +4 0 *
So

0100000
+3 0 *
Co

1100000
+1198 0 +1079 0 +742 0 +504 0 +397 0 +290 0 +2 0 *

+1 0 