DBRep_DrawableShape

CASCADE Topology V1, (c) Matra-Datavision
Locations 0
Curve2ds 741
1 3.1415926535897931 0 1 0 
1 3.1415926535897931 0 0 -1 
1 3.1415926535897931 0 0 -1 
1 3.1415926535897931 -15 1 0 
1 6.2831853071795862 0 0 -1 
1 0 0 0 -1 
7 0 0  3 25 23  0.83595251755529298 0  0.83595251755529298 0.016761470460156296  0.83595251755529265 0.049812523253195608  0.83595251755529321 0.098133685243497346  0.83595251755529276 0.14536474926842707  0.83595251755529332 0.19165328238223742  0.83595251755529276 0.23713786373557438  0.83595251755529321 0.28194804594621242  0.83595251755529276 0.32620640332192907  0.83595251755529321 0.37002980449124295  0.83595251755529276 0.41353072311030387  0.83595251755529321 0.45681840864634604  0.83595251755529287 0.49999999999996725  0.83595251755529321 0.54318159135362132  0.83595251755529287 0.58646927688964712  0.8359525175552931 0.62997019550872579  0.83595251755529321 0.67379359667802641  0.83595251755529276 0.71805195405374267  0.83595251755529321 0.76286213626437949  0.83595251755529276 0.80834671761774901  0.83595251755529298 0.85463525073154867  0.8359525175552931 0.90186631475648038  0.83595251755529298 0.95018747674680082  0.8359525175552931 0.98323852953984603  0.83595251755529298 1 
 4.7416386974472964 4 4.8117089978896734 1 4.8817792983320496 1 4.9518495987744267 1 5.0219198992168037 1 5.0919901996591808 1 5.1620605001015569 1 5.232130800543934 1 5.302201100986311 1 5.3722714014286881 1 5.4423417018710643 1 5.5124120023134413 1 5.5824823027558184 1 5.6525526031981954 1 5.7226229036405716 1 5.7926932040829486 1 5.8627635045253257 1 5.9328338049677019 1 6.0029041054100789 1 6.072974405852456 1 6.143044706294833 1 6.2131150067372101 1 6.2831853071795862 4
7 0 0  3 25 23  0.0027161218531244302 1  0.0027161218531244302 0.98323852953984359  0.0027161218531244302 0.95018747674680371  0.0027161218531244306 0.90186631475650114  0.0027161218531244293 0.85463525073155977  0.0027161218531244306 0.80834671761776178  0.0027161218531244298 0.76286213626440991  0.0027161218531244306 0.71805195405377598  0.0027161218531244302 0.67379359667805161  0.0027161218531244302 0.629970195508742  0.0027161218531244302 0.58646927688968764  0.0027161218531244306 0.54318159135364996  0.0027161218531244293 0.50000000000000766  0.0027161218531244311 0.45681840864637197  0.0027161218531244298 0.41353072311032663  0.0027161218531244306 0.37002980449128514  0.0027161218531244302 0.32620640332195944  0.0027161218531244302 0.28194804594625539  0.0027161218531244306 0.23713786373559834  0.0027161218531244293 0.19165328238225476  0.0027161218531244302 0.14536474926842829  0.0027161218531244302 0.098133685243509586  0.0027161218531244302 0.049812523253216452  0.0027161218531244302 0.016761470460168054  0.0027161218531244302 0 
 4.7416386974472964 4 4.8117089978896734 1 4.8817792983320496 1 4.9518495987744267 1 5.0219198992168037 1 5.0919901996591808 1 5.1620605001015569 1 5.232130800543934 1 5.302201100986311 1 5.3722714014286881 1 5.4423417018710643 1 5.5124120023134413 1 5.5824823027558184 1 5.6525526031981954 1 5.7226229036405716 1 5.7926932040829486 1 5.8627635045253257 1 5.9328338049677019 1 6.0029041054100789 1 6.072974405852456 1 6.143044706294833 1 6.2131150067372101 1 6.2831853071795862 4
7 0 0  3 25 23  0.83595251755529298 1  0.82365239216101027 0.99999992704533902  0.79895542475135961 0.99999898643188023  0.76164339969644701 0.99999685705141239  0.72408809170105426 0.99999612680606043  0.68631378899515394 0.99999733148978454  0.64834561491871689 0.99999985456707441  0.61021014069551571 1.0000001697005052  0.57193379007720779 0.9999973974979659  0.53354432646532246 0.99999554993509576  0.49506948040655885 0.99999595729195134  0.45653724544278174 0.99999845759032902  0.41797625941294736 1.0000007751756022  0.37941526957130223 0.99999844170714203  0.34088303035571915 0.99999568447368914  0.30240818354774623 0.99999504639918513  0.2640187230535424 0.99999696439727448  0.22574237715341519 1.0000001789743218  0.18760690237756583 0.99999984965489985  0.14963872576794132 0.99999660797519385  0.11186442306187599 0.99999483797743627  0.074309117557905466 0.9999956073438836  0.036997095303652777 0.99999851238291559  0.012300127085737826 0.99999985591541041  -0 1 
 5.44723278962429 4 5.4852306313313495 1 5.523228473038408 1 5.5612263147454675 1 5.599224156452526 1 5.6372219981595855 1 5.6752198398666449 1 5.7132176815737035 1 5.7512155232807629 1 5.7892133649878215 1 5.8272112066948809 1 5.8652090484019404 1 5.9032068901089989 1 5.9412047318160583 1 5.9792025735231169 1 6.0172004152301763 1 6.0551982569372349 1 6.0931960986442943 1 6.1311939403513538 1 6.1691917820584123 1 6.2071896237654718 1 6.2451874654725312 1 6.2831853071795898 4
7 0 0  3 25 23  0.73484380923960435 -4.1642869424788955  0.74714407827899199 -4.1766391302691366  0.77184121469481748 -4.2010277297198515  0.80915327141498361 -4.2365644828954352  0.84670863227646187 -4.2709553903794761  0.88448286696551093 -4.304103839760443  0.92245074081842593 -4.3359162379431719  0.9605861734252682 -4.3663030186256817  0.99886237404941802 -4.3951793396444829  1.0372519394595094 -4.4224658256258413  1.0757269703795882 -4.4480892450841774  1.1142591900868704 -4.4719831366757568  1.1528200680172502 -4.4940883667224201  1.191380945947631 -4.5143536103095832  1.2299131656549123 -4.532735747301345  1.2683881965749917 -4.5492001671552078  1.3067777619850829 -4.5637209774614123  1.3450539626092326 -4.5762811157359442  1.3831893952160745 -4.5868723565056335  1.4211572690689904 -4.5954952433442555  1.4589315037580393 -4.6021588446398809  1.4964868646195173 -4.6068807293754688  1.5337989213396841 -4.6096857107776046  1.5584960577555094 -4.6103011112022703  1.5707963267948966 -4.6103005155560055 
 5.44723278962429 4 5.4852306313313495 1 5.523228473038408 1 5.5612263147454675 1 5.599224156452526 1 5.6372219981595855 1 5.6752198398666449 1 5.7132176815737035 1 5.7512155232807629 1 5.7892133649878215 1 5.8272112066948809 1 5.8652090484019404 1 5.9032068901089989 1 5.9412047318160583 1 5.9792025735231169 1 6.0172004152301763 1 6.0551982569372349 1 6.0931960986442943 1 6.1311939403513538 1 6.1691917820584123 1 6.2071896237654718 1 6.2451874654725312 1 6.2831853071795898 4
7 0 0  3 25 23  -0 0  0 0.016729441035323783  0 0.049726447075287256  0 0.097992603135512737  -0 0.14519054421679053  0 0.19146438809035415  0 0.23694961998058706  0 0.28177305101073741  -0 0.32605477948489092  0 0.36990941161364521  0 0.41344732055203159  0 0.45677577267949987  -0 0.49999999999995975  0 0.5432242273204354  0 0.58655267944789291  0 0.63009058838629461  -0 0.6739452205150458  0 0.71822694898920036  0 0.76305038001934899  0 0.80853561190962497  0 0.85480945578315115  0 0.90200739686446485  0 0.95027355292469862  -0 0.98327055896467108  0 1 
 4.756022211684515 4 4.8254387160252001 1 4.8948552203658853 1 4.9642717247065704 1 5.0336882290472555 1 5.1031047333879407 1 5.1725212377286249 1 5.2419377420693101 1 5.3113542464099952 1 5.3807707507506803 1 5.4501872550913655 1 5.5196037594320506 1 5.5890202637727358 1 5.6584367681134209 1 5.727853272454106 1 5.7972697767947903 1 5.8666862811354754 1 5.9361027854761605 1 6.0055192898168457 1 6.0749357941575308 1 6.144352298498216 1 6.2137688028389011 1 6.2831853071795862 4
7 0 0  3 25 23  6.2831853071795898 0  6.2831853071795898 0.016729441035323783  6.2831853071795898 0.049726447075287256  6.2831853071795898 0.097992603135512737  6.2831853071795898 0.14519054421679053  6.2831853071795907 0.19146438809035415  6.283185307179588 0.23694961998058706  6.2831853071795907 0.28177305101073741  6.2831853071795889 0.32605477948489092  6.2831853071795898 0.36990941161364521  6.2831853071795889 0.41344732055203159  6.2831853071795889 0.45677577267949987  6.283185307179588 0.49999999999995975  6.2831853071795889 0.5432242273204354  6.2831853071795907 0.58655267944789291  6.2831853071795889 0.63009058838629461  6.2831853071795898 0.6739452205150458  6.283185307179588 0.71822694898920036  6.2831853071795898 0.76305038001934899  6.2831853071795889 0.80853561190962497  6.2831853071795907 0.85480945578315115  6.283185307179588 0.90200739686446485  6.2831853071795924 0.95027355292469862  6.2831853071795898 0.98327055896467108  6.2831853071795898 1 
 4.756022211684515 4 4.8254387160252001 1 4.8948552203658853 1 4.9642717247065704 1 5.0336882290472555 1 5.1031047333879407 1 5.1725212377286249 1 5.2419377420693101 1 5.3113542464099952 1 5.3807707507506803 1 5.4501872550913655 1 5.5196037594320506 1 5.5890202637727358 1 5.6584367681134209 1 5.727853272454106 1 5.7972697767947903 1 5.8666862811354754 1 5.9361027854761605 1 6.0055192898168457 1 6.0749357941575308 1 6.144352298498216 1 6.2137688028389011 1 6.2831853071795862 4
7 0 0  3 25 23  -0 0  0.012300127084880885 -1.7193705173994179e-07  0.036997095306846681 -3.2947369975981055e-07  0.074309117574954661 -2.5695659986138612e-07  0.11186442310007301 -2.6792255893205843e-07  0.14963872580248955 -2.5727478030987674e-07  0.18760690238055105 -2.5284796096823892e-07  0.22574237714977599 -2.4817426889336999e-07  0.26401872310077307 -2.4108366522151478e-07  0.30240818364114636 -2.4654673193586976e-07  0.34088303044918511 -2.0670445694076515e-07  0.37941526961225924 -3.3788558906109601e-07  0.41797625939232669 1.6749461040102173e-07  0.45653724548430763 -3.3209293426907458e-07  0.49506948052725719 -1.9508665825591534e-07  0.53354432661100126 -2.2904095773754284e-07  0.57193379017156498 -2.1758380037005939e-07  0.61021014068923551 -2.1857594623057449e-07  0.64834561492400578 -2.1687630671917874e-07  0.68631378899557627 -2.1512240445032689e-07  0.7240880916383905 -2.1785514602521581e-07  0.76164339953893534 -2.0423284122521288e-07  0.79895542454227975 -2.5304264035303332e-07  0.82365239205352092 -1.3097489854735591e-07  0.83595251755529298 0 
 0 4 0.03799784170705877 1 0.07599568341411754 1 0.1139935251211763 1 0.15199136682823508 1 0.18998920853529386 1 0.22798705024235261 1 0.26598489194941138 1 0.30398273365647016 1 0.34198057536352894 1 0.37997841707058772 1 0.41797625877764649 1 0.45597410048470521 1 0.49397194219176399 1 0.53196978389882277 1 0.56996762560588154 1 0.60796546731294032 1 0.6459633090199991 1 0.68396115072705788 1 0.72195899243411665 1 0.75995683414117543 1 0.79795467584823421 1 0.83595251755529298 4
1 6.2831853071795862 0 -1 0 
1 9.4247779607693793 -3.5 -1 0 
1 3.1415926535897931 0 0 1 
1 3.1415926535897931 0 0 1 
1 0 1.5707963267948966 1 0 
1 0 0 0 1 
1 6.2831853071795862 0 0 1 
1 0 0 0 -1 
1 6.2831853071795862 0 0 -1 
1 6.2831853071795862 -56 -1 0 
1 3.1415926535897931 0 0 -1 
1 3.1415926535897931 0 0 -1 
1 6.2831853071795862 -53 -1 0 
1 0 0 0 -1 
1 6.2831853071795862 0 0 -1 
1 6.2831853071795862 -7 -1 0 
1 3.1415926535897931 0 0 -1 
1 3.1415926535897931 0 0 -1 
1 6.2831853071795862 -4 -1 0 
1 0 0 0 -1 
1 6.2831853071795871 0 0 -1 
7 0 0  3 25 23  0 -64  0.0066126595311787294 -64.303520761160925  0.019852480871887349 -64.911229142280703  0.039751883871166044 -65.824251504463874  0.059687138963715289 -66.738194923198165  0.07965436792297019 -67.652513482748731  0.099649659150223849 -68.566657888200353  0.11966906638272906 -69.480075804148143  0.13970861483259431 -70.392213145278191  0.15976430544695808 -71.302515130010775  0.1798321197668532 -72.210427409972525  0.19990802470334162 -73.115397185598098  0.21998797739545936 -74.01687432591936  0.24006793008757749 -74.914312481716721  0.26014383502406557 -75.807170188865797  0.28021164934396087 -76.694911957052739  0.30026733995832444 -77.577009338308585  0.32030688840818983 -78.452941974860749  0.34032629564069528 -79.32219860703438  0.36032158686794857 -80.184278092835058  0.38028881582720347 -81.038690227088395  0.40022407091975248 -81.884957133387616  0.42012347391903104 -82.722612325750717  0.43336329525973966 -83.275009614232587  0.43997595479091872 -83.549622888998101 
 4.7123889803846897 4 4.7323878874206402 1 4.7523867944565916 1 4.7723857014925422 1 4.7923846085284936 1 4.8123835155644441 1 4.8323824226003955 1 4.8523813296363461 1 4.8723802366722975 1 4.892379143708248 1 4.9123780507441994 1 4.93237695778015 1 4.9523758648161005 1 4.9723747718520519 1 4.9923736788880024 1 5.0123725859239538 1 5.0323714929599044 1 5.0523703999958558 1 5.0723693070318063 1 5.0923682140677577 1 5.1123671211037083 1 5.1323660281396588 1 5.1523649351756102 4
1 0.43997595479091872 0 0 -1 
1 3.581568608380711 0 0 -1 
7 0 0  3 25 23  0.55923694392560808 -8  0.55739250614497904 -8.0065307498241438  0.55370929552322457 -8.0202886947623444  0.54820044069096308 -8.0429014297028942  0.54270651287167493 -8.0673764635454575  0.53722647927036304 -8.0936002786903192  0.53175930834480967 -8.1214593537059354  0.52630397010984531 -8.1508401814563989  0.52085943673054536 -8.1816292014557224  0.51542468158386945 -8.2137130523218964  0.50999868413040028 -8.2469776296077253  0.504580413054729 -8.2813116020220079  0.49916889050328656 -8.3165932887153549  0.4937629536504124 -8.3527396339149789  0.48836232125616785 -8.3896990082537037  0.48296690108853751 -8.4273811572879733  0.47757655122538345 -8.4657061761322545  0.4721911440392817 -8.504591386745199  0.4668105490775894 -8.5439548541504706  0.46143463767664289 -8.5837144442678941  0.45606328174219563 -8.6237880763673136  0.4506963541288127 -8.6640936554228354  0.44533372845530822 -8.7045490902406577  0.44176142920191752 -8.731564555810289  0.43997595479091872 -8.7450699005294013 
 0 4 0.00015019147914085409 1 0.00030038295828170819 1 0.00045057443742256228 1 0.00060076591656341638 1 0.00075095739570427047 1 0.00090114887484512456 1 0.0010513403539859786 1 0.0012015318331268328 1 0.001351723312267687 1 0.0015019147914085409 1 0.0016521062705493949 1 0.0018022977496902491 1 0.0019524892288311033 1 0.0021026807079719571 1 0.0022528721871128113 1 0.0024030636662536655 1 0.0025532551453945197 1 0.0027034466245353739 1 0.0028536381036762277 1 0.0030038295828170819 1 0.0031540210619579361 1 0.0033042125410987899 4
7 0 0  3 25 23  4.4783921736603762 0.68283432583781889  4.475378335585833 0.67159035500018205  4.469337648042683 0.649383596164535  4.4602386578846458 0.61680614489487784  4.4511027770383524 0.58484614169029259  4.4419310988022165 0.55340366847490052  4.4327247329185191 0.52238774951717493  4.4234848076581867 0.49171700636923621  4.4142124695276763 0.46131853061158912  4.4049088814401909 0.43112714347902248  4.3955752290929508 0.40108517055737347  4.3862126956576803 0.37114001947003655  4.3768225545190393 0.34125023834009954  4.36740582092823 0.31136000705624234  4.3579651413163978 0.28139969096583395  4.348503476061528 0.25132051790281906  4.3390237472561708 0.22106928367396239  4.329528927413957 0.19059462074470579  4.3200220097882189 0.1598447907024067  4.3105060101846222 0.12876771163900691  4.300983960185067 0.097310385214972872  4.2914589023706942 0.065418317912674495  4.2819338854313012 0.033035352588117267  4.2755859332738311 0.011079519916904772  4.2724129799913575 2.905969176659413e-09 
 0 4 0.00015019147914085409 1 0.00030038295828170819 1 0.00045057443742256228 1 0.00060076591656341638 1 0.00075095739570427047 1 0.00090114887484512456 1 0.0010513403539859786 1 0.0012015318331268328 1 0.001351723312267687 1 0.0015019147914085409 1 0.0016521062705493949 1 0.0018022977496902491 1 0.0019524892288311033 1 0.0021026807079719571 1 0.0022528721871128113 1 0.0024030636662536655 1 0.0025532551453945197 1 0.0027034466245353739 1 0.0028536381036762277 1 0.0030038295828170819 1 0.0031540210619579361 1 0.0033042125410987899 4
1 6.2831853071795862 -8 -1 0 
7 0 0  3 25 23  0.67795962532145948 -8  0.70155870571152801 -8.0216650802208367  0.74956638911705187 -8.0645124485965276  0.82390306663595114 -8.1264829947355377  0.90047397169492849 -8.1853187449284022  0.97914446234090502 -8.2401229671861014  1.0597496564648374 -8.2899887401925731  1.1420905029341011 -8.3340226348082957  1.2259360134992314 -8.3713814621863474  1.3110254984326886 -8.4013085054002978  1.397072508864444 -8.4231696774103462  1.483769954647314 -8.4364858058157886  1.5707963267948966 -8.4409583239547565  1.6578226989424791 -8.4364858058158116  1.74452014472535 -8.4231696774103391  1.8305671551571043 -8.4013085054003014  1.9156566400905619 -8.371381462186342  1.9995021506556916 -8.3340226348083117  2.0818429971249564 -8.2899887401925287  2.1624481912488882 -8.240122967186096  2.2411186818948652 -8.1853187449283791  2.3176895869538416 -8.126482994735543  2.3920262644727424 -8.0645124485965294  2.4400339478782658 -8.0216650802208349  2.4636330282683336 -8 
 5.3903486057061496 4 5.471515578567371 1 5.5526825514285925 1 5.6338495242898139 1 5.7150164971510353 1 5.7961834700122568 1 5.8773504428734782 1 5.9585174157346996 1 6.039684388595921 1 6.1208513614571425 1 6.2020183343183639 1 6.2831853071795845 1 6.3643522800408068 1 6.4455192529020273 1 6.5266862257632487 1 6.6078531986244702 1 6.6890201714856916 1 6.770187144346913 1 6.8513541172081345 1 6.9325210900693559 1 7.0136880629305773 1 7.0948550357917988 1 7.1760220086530202 4
1 6.2831853071795862 -8 -1 0 
7 0 0  3 25 23  2.7016166987988743 -8.7450699005294013  2.699828471556339 -8.7315437335980413  2.6962516557468605 -8.7044941100599473  2.6908848204756528 -8.6640068535991333  2.6855158465249116 -8.6236858240842551  2.6801442051577817 -8.5836100688199117  2.6747693666343273 -8.5438586380636607  2.6693908006447375 -8.5045105710560769  2.664007974769901 -8.4656449481528142  2.6586203610134542 -8.4273406962662971  2.6532274120248198 -8.3896773149667609  2.6478286504920323 -8.3527321666362582  2.6424233361708285 -8.3165905897518133  2.6370117092064547 -8.281308155598758  2.6315935285506429 -8.2469749030937898  2.6261675693929747 -8.2137106383458605  2.620732866622725 -8.1816271913685235  2.6152883819939108 -8.1508385293638224  2.6098330936609839 -8.1214580468758513  2.6043659725420274 -8.0935992918917385  2.5988859890192111 -8.0673757712840111  2.5933921114851537 -8.0429010029417611  2.5878833071956713 -8.02028850180122  2.5842001304538811 -8.0065306896629256  2.5823557096641854 -8 
 -1.9655401377614001e-05 4 0.00013076763933527028 1 0.00028119068004815452 1 0.00043161372076103881 1 0.00058203676147392306 1 0.0007324598021868073 1 0.00088288284289969165 1 0.0010333058836125759 1 0.0011837289243254601 1 0.0013341519650383444 1 0.0014845750057512286 1 0.0016349980464641129 1 0.0017854210871769973 1 0.0019358441278898816 1 0.002086267168602766 1 0.0022366902093156503 1 0.0023871132500285345 1 0.0025375362907414187 1 0.002687959331454303 1 0.0028383823721671872 1 0.0029888054128800715 1 0.0031392284535929557 1 0.00328965149430584 4
7 0 0  3 25 23  2.0107723271882296 2.9059655511126566e-09  2.0075944815002975 0.011096571803169973  2.0012385048317167 0.033079841326787686  1.9917060169944933 0.065487214416387107  1.9821773407116163 0.097390323229777781  1.9726548056646378 0.12884825812582557  1.9631407336602551 0.15991823342082476  1.9536374357479764 0.19065576087065925  1.9441472057054185 0.22111530015447825  1.9346723282815763 0.25135082795130631  1.9252150326662438 0.28141600650866166  1.9157776510216615 0.31136583012422164  1.9063620123479716 0.34125259180050344  1.8969716908271319 0.37114295326811864  1.8876093182677571 0.40108760485973138  1.8782757348487 0.43112937171929044  1.8689722397691153 0.46132047682753535  1.8596999875879325 0.49171869193869183  1.8504601495139297 0.52238916785486089  1.8412538697838174 0.55340481833071742  1.8320822772307348 0.58484701791701321  1.8229464814013603 0.61680674056140294  1.8138475756025785 0.64938390163192805  1.807806943830391 0.67159045855634625  1.8047931335192222 0.68283432583757053 
 -1.9655401377614001e-05 4 0.00013076763933527028 1 0.00028119068004815452 1 0.00043161372076103881 1 0.00058203676147392306 1 0.0007324598021868073 1 0.00088288284289969165 1 0.0010333058836125759 1 0.0011837289243254601 1 0.0013341519650383444 1 0.0014845750057512286 1 0.0016349980464641129 1 0.0017854210871769973 1 0.0019358441278898816 1 0.002086267168602766 1 0.0022366902093156503 1 0.0023871132500285345 1 0.0025375362907414187 1 0.002687959331454303 1 0.0028383823721671872 1 0.0029888054128800715 1 0.0031392284535929557 1 0.00328965149430584 4
1 2.7016166987988743 0 0 1 
1 5.8432093523886683 0 0 1 
7 0 0  3 25 23  2.7016166987988743 -83.549622888998201  2.7082293583300534 -83.275009614232673  2.7214691796707622 -82.722612325750831  2.7413685826700407 -81.884957133387701  2.7613038377625898 -81.038690227088424  2.7812710667218448 -80.184278092835129  2.8012663579490984 -79.322198607034395  2.8212857651816035 -78.452941974860821  2.8413253136314687 -77.577009338308599  2.8613810042458327 -76.694911957052781  2.8814488185657274 -75.807170188865868  2.9015247235022152 -74.914312481716706  2.9216046761943337 -74.016874325919389  2.9416846288864518 -73.115397185598098  2.9617605338229405 -72.210427409972539  2.9818283481428352 -71.302515130010775  3.0018840387571983 -70.392213145278191  3.021923587207064 -69.480075804148129  3.0419429944395695 -68.566657888200396  3.0619382856668227 -67.652513482748702  3.0819055146260776 -66.738194923198179  3.1018407697186272 -65.824251504463902  3.1217401727179062 -64.911229142280689  3.1349799940586145 -64.303520761160925  3.1415926535897931 -64 
 1.13082037200398 4 1.150819279039931 1 1.1708181860758817 1 1.1908170931118327 1 1.2108160001477837 1 1.2308149071837347 1 1.2508138142196854 1 1.2708127212556364 1 1.2908116282915874 1 1.3108105353275383 1 1.3308094423634891 1 1.3508083493994401 1 1.370807256435391 1 1.3908061634713418 1 1.4108050705072928 1 1.4308039775432437 1 1.4508028845791947 1 1.4708017916151457 1 1.4908006986510964 1 1.5107996056870474 1 1.5307985127229984 1 1.5507974197589491 1 1.5707963267949001 4
1 3.1415926535897931 0 0 -1 
1 3.1415926535897931 0 0 -1 
1 -3.1415926535897931 -3 1 0 
1 3.1415926535897931 0 0 -1 
1 3.1415926535897931 0 0 -1 
7 0 0  3 25 23  3.1415926535897931 -64  3.1718906247597127 -62.457405158395247  3.2352591331095315 -59.221174167087874  3.3393102578396281 -53.962859600676431  3.4530795869646589 -48.333328024265811  3.577149839624679 -42.4227472211793  3.7119043265626854 -36.375683091017152  3.8574060762711544 -30.405730605834989  4.0132753331383206 -24.795915033588354  4.1785744304768135 -19.885061814556249  4.3517362374514548 -16.033068477417743  4.5305725045157628 -13.566664275772913  4.7123889803846897 -12.716667862113571  4.8942054562536175 -13.566664275772959  5.0730417233179246 -16.033068477417736  5.2462035302925658 -19.885061814556249  5.4115026276310587 -24.795915033588351  5.5673718844982245 -30.405730605835  5.7128736342066944 -36.375683091017144  5.8476281211446999 -42.422747221179279  5.9716983738047205 -48.333328024265825  6.0854677029297521 -53.962859600676417  6.189518827659847 -59.221174167087888  6.2528873360096666 -62.457405158395247  6.2831853071795862 -64 
 1.5707963267949001 4 1.7135959928671634 1 1.8563956589394264 1 1.9991953250116896 1 2.1419949910839526 1 2.2847946571562159 1 2.4275943232284791 1 2.5703939893007424 1 2.7131936553730052 1 2.8559933214452684 1 2.9987929875175316 1 3.1415926535897949 1 3.2843923196620581 1 3.4271919857343214 1 3.5699916518065846 1 3.7127913178788474 1 3.8555909839511107 1 3.9983906500233739 1 4.1411903160956367 1 4.2839899821678999 1 4.4267896482401632 1 4.5695893143124264 1 4.7123889803846897 4
1 6.2831853071795862 0 0 -1 
1 0 0 0 -1 
1 0 1.5707963267948966 1 0 
1 -3.1415926535897931 -15 1 0 
1 1.5707963267948966 0 0 -1 
1 1.5707963267948966 0 0 -1 
1 3.1415926535897931 -3.5 -1 0 
1 6.2831853071795862 0 -1 0 
7 0 0  3 25 23  0 -64  0.0063884365142857016 -64.325809971638606  0.019178374418315734 -64.978097347685889  0.038399012940643712 -65.957989130078857  0.057651934418421202 -66.9388019659783  0.076933640268406212 -67.919989487464434  0.096240603880283923 -68.901002175838698  0.11556926954060005 -69.881287678231288  0.13491605759940328 -70.860292011862853  0.15427736805212716 -71.837460546205151  0.17364958462065638 -72.812239055372075  0.19302907876138478 -73.784074757287229  0.21241221373944416 -74.752417356799441  0.23179534871750382 -75.716720082949735  0.25117484285823216 -76.676440717743475  0.27054705942676133 -77.631042612224604  0.28990836987948521 -78.579995684960053  0.30925515793828834 -79.522777402762529  0.32858382359860439 -80.45887372585122  0.34789078721048217 -81.387780066165718  0.36717249306046695 -82.30900205998546  0.38642541453824464 -83.222056880754252  0.40564605306057233 -84.126472367727771  0.41843599096460238 -84.723353538379854  0.42482442747888799 -85.020201923123608 
 4.7123889803846897 4 4.7316991816337302 1 4.7510093828827706 1 4.7703195841318111 1 4.7896297853808516 1 4.8089399866298921 1 4.8282501878789326 1 4.847560389127973 1 4.8668705903770135 1 4.886180791626054 1 4.9054909928750945 1 4.924801194124135 1 4.9441113953731755 1 4.9634215966222159 1 4.9827317978712564 1 5.0020419991202969 1 5.0213522003693374 1 5.0406624016183779 1 5.0599726028674183 1 5.0792828041164588 1 5.0985930053654993 1 5.1179032066145398 1 5.1372134078635803 4
1 0.42482442747888799 0 0 1 
1 3.5664170810686828 0 0 1 
7 0 0  3 25 23  0.42482442747888799 -7.7464959392698063  0.42805161920016743 -7.6871201601690862  0.43450851762335119 -7.5683547956956927  0.44420545011698337 -7.3905188658505887  0.45391799546817518 -7.2133485886139281  0.46365022338960254 -7.0371974995100555  0.47340622655716125 -6.8624191348771673  0.48319012152349111 -6.6893670280172302  0.49300604319033681 -6.5183947235631505  0.50285814508904592 -6.3498557238604354  0.51275058244851135 -6.1841036890728338  0.52268755775165376 -6.0214916903792011  0.5326731328612313 -5.8623749970794155  0.5427119115523128 -5.7071006749741278  0.55281142944841066 -5.5560775585738709  0.56297874345742305 -5.4097230126560731  0.5732210894263684 -5.2684510601899213  0.58354577270870378 -5.1326805611106749  0.59395990651761665 -5.0028143692975453  0.60447099162613371 -4.8792789009286901  0.61509027780892589 -4.7627435979225261  0.62582850589165318 -4.6538371963366458  0.63669666124680213 -4.5531993430777318  0.64403607717111067 -4.492044279370087  0.64773111743704159 -4.4630572152435946 
 -1.9122336982367799e-05 4 0.00032159574138344307 1 0.00066231381974925392 1 0.0010030318981150647 1 0.0013437499764808755 1 0.0016844680548466864 1 0.0020251861332124975 1 0.0023659042115783085 1 0.0027066222899441192 1 0.0030473403683099298 1 0.0033880584466757409 1 0.003728776525041552 1 0.0040694946034073622 1 0.0044102126817731728 1 0.0047509307601389843 1 0.0050916488385047949 1 0.0054323669168706056 1 0.0057730849952364162 1 0.0061138030736022269 1 0.0064545211519680384 1 0.006795239230333849 1 0.0071359573086996596 1 0.0074766753870654703 4
7 0 0  3 25 23  0.00764034001525765 1.0000115706191472  0.0075247041466726524 1.0000136161295665  0.0072934812901750785 1.0000127219525636  0.0069467642404498937 1.0000044726865609  0.006600134963332345 1.0000039234594544  0.0062535641903698992 1.0000027207483522  0.0059070226676426023 1.0000022431068554  0.0055604811132973029 1.0000018442093017  0.0052139100408717465 1.0000015688182688  0.0048672800738301433 1.0000013861264099  0.0045205605608176604 1.0000010438444178  0.0041737246747205357 1.0000014251895115  0.0038267305006030464 0.99999932378742129  0.0034795919144106177 1.0000011999867475  0.0031323501159247679 1.0000006060683362  0.0027849801226614199 1.0000006065632765  0.0024374743416038557 1.0000007790835077  0.0020898205447072659 0.99999973191871749  0.001742007442037801 1.0000006921198143  0.0013940333384729157 1.0000003833690108  0.0010458729432887134 1.00000042710286  0.00069750363171811199 1.0000003578090189  0.00034890192242954988 1.0000004115349177  0.00011633135107855828 1.0000002078713137  4.9873299934333196e-18 1 
 -1.9122336982367799e-05 4 0.00032159574138344307 1 0.00066231381974925392 1 0.0010030318981150647 1 0.0013437499764808755 1 0.0016844680548466864 1 0.0020251861332124975 1 0.0023659042115783085 1 0.0027066222899441192 1 0.0030473403683099298 1 0.0033880584466757409 1 0.003728776525041552 1 0.0040694946034073622 1 0.0044102126817731728 1 0.0047509307601389843 1 0.0050916488385047949 1 0.0054323669168706056 1 0.0057730849952364162 1 0.0061138030736022269 1 0.0064545211519680384 1 0.006795239230333849 1 0.0071359573086996596 1 0.0074766753870654703 4
7 0 0  3 25 23  0.64773111743704159 -4.4630572152435946  0.64903022857935111 -4.4528658887887396  0.6516302029069152 -4.4330002701931912  0.65553546340978719 -4.4047492033258191  0.65944606560283947 -4.3780417555703712  0.66336205287885075 -4.3528741850040591  0.6672834690952214 -4.3292427497368111  0.67121035863652589 -4.3071437077566985  0.67514276639593029 -4.286573317506261  0.67908073776848643 -4.2675278357317481  0.68302431867744262 -4.2500035255106257  0.68697355545600625 -4.2339966262917867  0.69092849527363676 -4.2195034657065955  0.69488918452813431 -4.2065200422856091  0.69885575863070926 -4.1950655962591616  0.70282835496078144 -4.1851596969582392  0.70680711124394602 -4.1768218255314649  0.71079216596467831 -4.1700714867561031  0.71478365823310619 -4.1649281790778918  0.71878172779929539 -4.1614114026392652  0.72278651502185909 -4.159540657127911  0.72679816087014348 -4.1593354423535533  0.73081680683608219 -4.1608152580928559  0.73350066572674377 -4.1629381554521183  0.73484380923960435 -4.1642869424788955 
 0 4 0.00011952648221644999 1 0.00023905296443289998 1 0.00035857944664934998 1 0.00047810592886579997 1 0.00059763241108224991 1 0.00071715889329869995 1 0.00083668537551515 1 0.00095621185773159994 1 0.0010757383399480499 1 0.0011952648221644998 1 0.00131479130438095 1 0.0014343177865973999 1 0.0015538442688138498 1 0.0016733707510303 1 0.0017928972332467499 1 0.0019124237154631999 1 0.0020319501976796498 1 0.0021514766798960997 1 0.0022710031621125497 1 0.0023905296443289996 1 0.00251005612654545 1 0.0026295826087618999 4
7 0 0  3 25 23  0 0  4.1113495314936816e-05 5.7024661822116514e-09  0.00012334348641170628 -3.2811601616996664e-08  0.00024669778965897882 -1.4797261910837185e-07  0.00037006172379907236 -1.170890371753199e-07  0.00049343560631023647 -1.2546234741615253e-07  0.00061681976011448286 -1.2285268838587385e-07  0.00074021450964387116 -1.2491801426615597e-07  0.00086362018390358578 -1.1926636977530622e-07  0.00098703710199540004 -1.3980762185842308e-07  0.0011104656220874921 -5.2504768913405503e-09  0.0012339059555002611 4.6298884746714566e-08  0.0013573588462511899 2.9257941085724245e-08  0.001480823042977594 -1.6167855704160007e-07  0.0016042973853633879 -1.2433482814512787e-07  0.0017277827895094411 -8.2773245603692397e-08  0.0018512796235926495 -2.8636330466590612e-07  0.0019747884119996686 -2.2935743240283935e-07  0.0020983096353617953 -2.2736588187369579e-07  0.002221843788956299 -2.6661280858711189e-07  0.0023453913582998968 -8.6560192701335694e-08  0.0024689528232930509 -1.2893753583334931e-07  0.0025925286553992307 -1.394807791910712e-07  0.0026749224230828198 -7.3032431203174528e-08  0.0027161218531244302 0 
 0 4 0.00011952648221644999 1 0.00023905296443289998 1 0.00035857944664934998 1 0.00047810592886579997 1 0.00059763241108224991 1 0.00071715889329869995 1 0.00083668537551515 1 0.00095621185773159994 1 0.0010757383399480499 1 0.0011952648221644998 1 0.00131479130438095 1 0.0014343177865973999 1 0.0015538442688138498 1 0.0016733707510303 1 0.0017928972332467499 1 0.0019124237154631999 1 0.0020319501976796498 1 0.0021514766798960997 1 0.0022710031621125497 1 0.0023905296443289996 1 0.00251005612654545 1 0.0026295826087618999 4
7 0 0  3 25 23  1.5707963267948966 -4.6103005155560055  1.5830965958342842 -4.6103011112022463  1.6077937322501097 -4.6096857107775779  1.6451057889702754 -4.6068807293755096  1.6826611498317547 -4.6021588446399084  1.7204353845208029 -4.5954952433442724  1.7584032583737188 -4.5868723565056282  1.7965386909805607 -4.5762811157359451  1.8348148916047102 -4.5637209774614123  1.8732044570148021 -4.5492001671552105  1.9116794879348802 -4.5327357473013308  1.950211707642163 -4.5143536103096338  1.9887725855725431 -4.4940883667223934  2.0273334635029228 -4.4719831366758127  2.0658656832102054 -4.4480892450841534  2.1043407141302826 -4.4224658256258751  2.1427302795403755 -4.3951793396444598  2.1810064801645255 -4.366303018625735  2.2191419127713665 -4.3359162379431506  2.2571097866242824 -4.3041038397604696  2.2948840213133312 -4.2709553903794655  2.3324393821748095 -4.2365644828954485  2.3697514388949763 -4.2010277297198888  2.3944485753108009 -4.1766391302691579  2.4067488443501888 -4.1642869424788955 
 0 4 0.03799784170705877 1 0.07599568341411754 1 0.1139935251211763 1 0.15199136682823508 1 0.18998920853529386 1 0.22798705024235261 1 0.26598489194941138 1 0.30398273365647016 1 0.34198057536352894 1 0.37997841707058772 1 0.41797625877764649 1 0.45597410048470521 1 0.49397194219176399 1 0.53196978389882277 1 0.56996762560588154 1 0.60796546731294032 1 0.6459633090199991 1 0.68396115072705788 1 0.72195899243411665 1 0.75995683414117543 1 0.79795467584823421 1 0.83595251755529298 4
7 0 0  3 25 23  6.2831853071795898 1  6.2708851800938588 0.99999985591541296  6.246188211875948 0.99999851238291992  6.2088761896216846 0.99999560734389215  6.1713208841177032 0.99999483797741073  6.1335465814116281 0.99999660797523249  6.095578404802005 0.99999984965491773  6.0574429300261858 1.0000001789743349  6.0191665841260624 0.99999696439729036  5.9807771236318494 0.99999504639918457  5.9423022768238596 0.9999956844736253  5.9037700376082674 0.99999844170712959  5.8652090477666343 1.0000007751754232  5.8266480617368286 0.99999845759102624  5.7881158267730717 0.99999595729486179  5.7496409807143207 0.99999554993983231  5.7112515171024345 0.99999739750308636  5.6729751664841013 1.0000001697033878  5.6348396922608428 0.9999998545634966  5.596871518184404 0.99999733148467973  5.5590972154785163 0.99999612680165573  5.5215419074831482 0.99999685704901464  5.4842298824282461 0.99999898643141705  5.4595329150185838 0.99999992704543161  5.44723278962429 1 
 0 4 0.03799784170705877 1 0.07599568341411754 1 0.1139935251211763 1 0.15199136682823508 1 0.18998920853529386 1 0.22798705024235261 1 0.26598489194941138 1 0.30398273365647016 1 0.34198057536352894 1 0.37997841707058772 1 0.41797625877764649 1 0.45597410048470521 1 0.49397194219176399 1 0.53196978389882277 1 0.56996762560588154 1 0.60796546731294032 1 0.6459633090199991 1 0.68396115072705788 1 0.72195899243411665 1 0.75995683414117543 1 0.79795467584823421 1 0.83595251755529298 4
7 0 0  3 25 23  2.4067488443501888 -4.1642869424788955  2.4080919878630493 -4.162938155452137  2.4107758467537108 -4.1608152580928772  2.4147944927196501 -4.1593354423535338  2.4188061385679345 -4.1595406571279643  2.4228109257904977 -4.1614114026393265  2.4268089953566867 -4.1649281790779344  2.4308004876251159 -4.1700714867561235  2.4347855423458471 -4.1768218255315119  2.4387642986290121 -4.1851596969581992  2.4427368949590837 -4.1950655962591865  2.4467034690616596 -4.2065200422856277  2.4506641583161555 -4.2195034657065849  2.4546190981337879 -4.2339966262918152  2.4585683349123508 -4.2500035255106061  2.4625119158213065 -4.2675278357317978  2.4664498871938627 -4.2865733175062539  2.470382294953267 -4.3071437077566772  2.4743091844945715 -4.3292427497368147  2.4782306007109423 -4.3528741850040662  2.482146587986954 -4.378041755570341  2.4860571901800061 -4.4047492033258493  2.4899624506828779 -4.4330002701931868  2.4925624250104423 -4.4528658887887307  2.4938615361527514 -4.4630572152435946 
 0 4 0.00011952648221644999 1 0.00023905296443289998 1 0.00035857944664934998 1 0.00047810592886579997 1 0.00059763241108224991 1 0.00071715889329869995 1 0.00083668537551515 1 0.00095621185773159994 1 0.0010757383399480499 1 0.0011952648221644998 1 0.00131479130438095 1 0.0014343177865973999 1 0.0015538442688138498 1 0.0016733707510303 1 0.0017928972332467499 1 0.0019124237154631999 1 0.0020319501976796498 1 0.0021514766798960997 1 0.0022710031621125497 1 0.0023905296443289996 1 0.00251005612654545 1 0.0026295826087618999 4
7 0 0  3 25 23  0 0  4.119943004841233e-05 -6.2865786100663639e-08  0.00012359319772872857 -1.3467567660533601e-07  0.00024716902980876547 -1.6100544858860091e-07  0.00037073049483514784 -1.1995067569415046e-07  0.00049427806417272693 -2.5783999528868738e-07  0.00061781221773364809 -2.2906665207889562e-07  0.00074133344123549709 -2.3132716485347098e-07  0.000864842229470943 -2.7678360467050966e-07  0.00098833906374760027 -1.1912231313462078e-07  0.0011118244678459145 -1.4537528944489734e-07  0.0012352988103131487 -1.9802467573968008e-07  0.0013587630068297438 3.8825845749727675e-08  0.0014822158976317858 4.437336227011375e-08  0.0016056562310500131 -7.1164494592914105e-09  0.0017290847510692058 -1.3041875536320888e-07  0.0018525016694472768 -1.5495679195029726e-07  0.0019759073436461261 -1.484022234894921e-07  0.0020993020932127777 -1.5008246074562442e-07  0.0022226862470078731 -1.4991608018190033e-07  0.0023460601295928981 -1.4890136518066439e-07  0.002469424063512771 -1.5312660574933229e-07  0.002592778366704854 -3.1935620855585452e-08  0.0026750083577963737 7.0934737111674435e-09  0.0027161218531244198 0 
 0 4 0.00011952648221644999 1 0.00023905296443289998 1 0.00035857944664934998 1 0.00047810592886579997 1 0.00059763241108224991 1 0.00071715889329869995 1 0.00083668537551515 1 0.00095621185773159994 1 0.0010757383399480499 1 0.0011952648221644998 1 0.00131479130438095 1 0.0014343177865973999 1 0.0015538442688138498 1 0.0016733707510303 1 0.0017928972332467499 1 0.0019124237154631999 1 0.0020319501976796498 1 0.0021514766798960997 1 0.0022710031621125497 1 0.0023905296443289996 1 0.00251005612654545 1 0.0026295826087618999 4
7 0 0  3 25 23  2.4938615361527514 -4.4630572152435946  2.4975566473513302 -4.4920448358285796  2.5048962032250581 -4.5532011326697104  2.5157645633469561 -4.6538411628179963  2.5265029916088881 -4.7627500344481941  2.5371224740246188 -4.8792880686278961  2.5476337517643954 -5.0028264898131436  2.5580480760249165 -5.132695844434263  2.5683729448480421 -5.268469607251812  2.5786154832897559 -5.4097452391696859  2.5887829541844942 -5.5561026108812506  2.5988827537692556 -5.7071323396461588  2.6089213420523092 -5.8623996466694406  2.6189084839880037 -6.021560590808849  2.6288498775955973 -6.1842976079078271  2.6387478387497891 -6.350202809591897  2.6486055452587802 -6.518891906518899  2.6584259760245881 -6.6899765374347346  2.6682118949188509 -6.8630610297014165  2.677964358459842 -7.0377472623445891  2.687687225285861 -7.2136839227794027  2.697401659098944 -7.3908381261266607  2.7071236082300709 -7.5690932567300457  2.7135648800880556 -7.6875588382300917  2.7167682261109052 -7.7464959392698063 
 0 4 0.00033817982220686865 1 0.00067635964441373729 1 0.0010145394666206059 1 0.0013527192888274746 1 0.0016908991110343432 1 0.0020290789332412119 1 0.0023672587554480805 1 0.0027054385776549492 1 0.0030436183998618178 1 0.0033817982220686865 1 0.0037199780442755551 1 0.0040581578664824237 1 0.0043963376886892924 1 0.004734517510896161 1 0.0050726973331030297 1 0.0054108771553098983 1 0.005749056977516767 1 0.0060872367997236356 1 0.0064254166219305043 1 0.0067635964441373729 1 0.0071017762663442415 1 0.0074399560885511102 4
7 0 0  3 25 23  -1.0842021724855e-19 0  0.00011633358430907347 -2.0787145877217084e-07  0.00034890861878687492 -4.11552678624762e-07  0.00069751701378756542 -3.5774953722609871e-07  0.0010458930020710614 -4.2732952487302391e-07  0.0013940600686079092 -3.8253281764964751e-07  0.0017420408307996114 -6.9525452703651267e-07  0.0020898606141922199 2.7976024326349283e-07  0.0024375209874517648 -8.0569362410603871e-07  0.0027850337112942389 -5.1184606012390008e-07  0.0031324092602242892 -9.5838631027324701e-07  0.0034796617743443211 1.1448915535953249e-07  0.003826791806567361 -4.2294778402760226e-06  0.0041738493324703953 1.6884889395183443e-05  0.0045208647494207263 8.5777028461583488e-05  0.0048678075535420178 0.00018437918826781925  0.0052146616878919055 0.00029994048089608262  0.0055614090977851765 0.0004135502810783611  0.0059080209959051491 0.00047486663276749574  0.0062544226621489805 0.00049089174166280065  0.006600637673288238 0.00045679487032980503  0.0069473086245065508 0.00038661806473901545  0.007294900781972714 0.00019594156994972171  0.007525557932422865 0.00017626722370777024  0.0076403400152576396 0.00022280239918744943 
 0 4 0.00033817982220686865 1 0.00067635964441373729 1 0.0010145394666206059 1 0.0013527192888274746 1 0.0016908991110343432 1 0.0020290789332412119 1 0.0023672587554480805 1 0.0027054385776549492 1 0.0030436183998618178 1 0.0033817982220686865 1 0.0037199780442755551 1 0.0040581578664824237 1 0.0043963376886892924 1 0.004734517510896161 1 0.0050726973331030297 1 0.0054108771553098983 1 0.005749056977516767 1 0.0060872367997236356 1 0.0064254166219305043 1 0.0067635964441373729 1 0.0071017762663442415 1 0.0074399560885511102 4
1 2.7167682261109052 0 0 -1 
1 5.8583608797006965 0 0 -1 
7 0 0  3 25 23  2.7167682261109052 -85.020201923123608  2.7231566626251911 -84.723353538379854  2.7359466005292208 -84.126472367727729  2.7551672390515494 -83.222056880754266  2.7744201605293259 -82.309002059985431  2.7937018663793109 -81.387780066165732  2.8130088299911891 -80.458873725851191  2.8323374956515051 -79.522777402762557  2.8516842837103074 -78.579995684960039  2.8710455941630317 -77.631042612224618  2.8904178107315612 -76.676440717743489  2.9097973048722885 -75.71672008294972  2.9291804398503483 -74.752417356799441  2.9485635748284089 -73.784074757287229  2.9679430689691366 -72.812239055372075  2.9873152855376666 -71.837460546205136  3.0066765959903901 -70.860292011862853  3.0260233840491932 -69.881287678231317  3.0453520497095092 -68.90100217583867  3.0646590133213865 -67.919989487464434  3.0839407191713715 -66.938801965978286  3.1031936406491498 -65.957989130078857  3.122414279171478 -64.978097347685903  3.1352042170755077 -64.325809971638606  3.1415926535897931 -64 
 1.14597189931601 4 1.1652821005650504 1 1.1845923018140909 1 1.2039025030631314 1 1.2232127043121719 1 1.2425229055612124 1 1.2618331068102526 1 1.2811433080592931 1 1.3004535093083336 1 1.3197637105573741 1 1.3390739118064146 1 1.358384113055455 1 1.3776943143044955 1 1.397004515553536 1 1.4163147168025765 1 1.4356249180516167 1 1.4549351193006572 1 1.4742453205496977 1 1.4935555217987382 1 1.5128657230477787 1 1.5321759242968191 1 1.5514861255458596 1 1.5707963267949001 4
1 1.5707963267948966 0 0 -1 
1 1.5707963267948966 0 0 -1 
1 6.2831853071795862 -26 -1 0 
1 6.2831853071795862 -98 0 1 
1 4.7123889803846817 0 1.5914973667374059e-16 1 
1 -3.1415926535897931 26 1 0 
1 6.2831853071795862 -56 -1 0 
1 -1.1102230246251565e-16 26 1 0 
1 3.1415926535897931 -26 -1 0 
1 1.5707963267949157 14.475927762631564 1.4588725861759551e-16 -1 
1 3.1415926535897931 -89.443270230062794 0 -1 
1 6.2831853071795862 -4 -1 0 
1 0 26 0 1 
7 0 0  3 25 23  4.7123889803846843 48.091543551356438  4.7338149239541476 48.088737553159575  4.7772431639916393 48.08304841233246  4.8440210178818601 48.074338781441021  4.9123481203870272 48.065505869565364  4.9821126075387649 48.056612377811824  5.0531857828508748 48.047726625316038  5.1254203621279499 48.038922288741574  5.1986522381475329 48.030276560719614  5.2727020214415417 48.02186832383692  5.3473773447151265 48.013776003857011  5.4224756072745803 48.006075319820582  5.4977871437821308 47.998837027556633  5.573098680289676 47.992124799626502  5.6481969428491343 47.985993370077288  5.7228722661227094 47.980487056957969  5.7969220494167368 47.975638745758289  5.8701539254363153 47.97146937785601  5.9423885047133806 47.967987954336515  6.0134616800255056 47.965192001485661  6.0832261671772292 47.963068507374857  6.1515532696824069 47.961594960522007  6.2183311235726277 47.960741437041129  6.2617593636101203 47.960560297258795  6.2831853071795853 47.960560722630881 
 4.7123889803846897 4 4.7837888134208217 1 4.8551886464569529 1 4.926588479493085 1 4.997988312529217 1 5.0693881455653491 1 5.1407879786014803 1 5.2121878116376124 1 5.2835876446737444 1 5.3549874777098765 1 5.4263873107460077 1 5.4977871437821397 1 5.5691869768182718 1 5.640586809854403 1 5.711986642890535 1 5.7833864759266671 1 5.8547863089627992 1 5.9261861419989312 1 5.9975859750350624 1 6.0689858080711945 1 6.1403856411073265 1 6.2117854741434577 1 6.2831853071795898 4
7 0 0  3 25 23  0 47.960560722630881  0.021425943569465439 47.960560297258773  0.064854183606957772 47.960741437041108  0.13163203749717625 47.961594960522049  0.19995914000235995 47.963068507374828  0.26972362715407944 47.965192001485683  0.34079680246620364 47.9679879543365  0.41303138174326726 47.97146937785601  0.486263257762856 47.975638745758289  0.56031304105687019 47.980487056957969  0.6349883643304568 47.98599337007731  0.71008662688991153 47.992124799626502  0.78539816339746282 47.998837027556633  0.86070969990499846 48.006075319820582  0.93580796246445985 48.013776003857018  1.0104832857380397 48.021868323836941  1.084533069032052 48.030276560719606  1.1577649450516458 48.038922288741574  1.2299995243287039 48.047726625316045  1.3010726996408399 48.056612377811817  1.370837186792544 48.065505869565385  1.4391642892977317 48.074338781441035  1.5059421431879403 48.083048412332438  1.5493703832254329 48.088737553159561  1.5707963267949014 48.091543551356438 
 1.15648231731787e-15 4 0.071399833036132454 1 0.14279966607226377 1 0.21419949910839509 1 0.28559933214452637 1 0.35699916518065766 1 0.42839899821678901 1 0.49979883125292029 1 0.57119866428905153 1 0.64259849732518282 1 0.7139983303613141 1 0.78539816339744539 1 0.85679799643357679 1 0.92819782946970808 1 0.99959766250583937 1 1.0709974955419705 1 1.1423973285781019 1 1.2137971616142333 1 1.2851969946503645 1 1.3565968276864959 1 1.4279966607226271 1 1.4993964937587585 1 1.5707963267948899 4
1 0 26 0 1 
7 0 0  3 25 23  1.5707963267948397 -0.17464377163410916  1.5922222703643103 -0.17370843890181301  1.6356505104018266 -0.17181205862611124  1.7024283642920868 -0.16890884832898523  1.7707554667972012 -0.16596454437041827  1.8405199539489283 -0.16300004711922148  1.9115931292610999 -0.16003812962065586  1.9838277085381528 -0.15710335076245863  2.057059584557738 -0.15422144142185584  2.1311093678517663 -0.15141869579426356  2.2057846911253436 -0.14872125580095857  2.2808829536848103 -0.14615436112215172  2.3561944901923697 -0.143741597034164  2.4315060266998727 -0.14150418772413176  2.5066042892593852 -0.13946037787439655  2.5812796125329371 -0.13762494016794399  2.6553293958269686 -0.13600883643473735  2.7285612718465257 -0.13461904713395983  2.8007958511236022 -0.13345857262744923  2.8718690264357227 -0.13252658834384792  2.9416335135874374 -0.13181875697358042  3.0099606160926213 -0.13132757468930839  3.0767384699828435 -0.1310430668623388  3.120166710020333 -0.13098268693488971  3.1415926535897931 -0.13098282872558542 
 1.5707963267949001 4 1.6421961598310315 1 1.7135959928671629 1 1.7849958259032941 1 1.8563956589394255 1 1.9277954919755569 1 1.9991953250116883 1 2.0705951580478197 1 2.1419949910839509 1 2.2133948241200825 1 2.2847946571562137 1 2.3561944901923448 1 2.4275943232284765 1 2.4989941562646076 1 2.5703939893007393 1 2.6417938223368704 1 2.7131936553730016 1 2.7845934884091332 1 2.8559933214452649 1 2.927393154481396 1 2.9987929875175272 1 3.0701928205536584 1 3.14159265358979 4
7 0 0  3 25 23  3.1415926535897931 -0.13098282872558542  3.1630185971592617 -0.13098268693489523  3.2064468371967543 -0.13104306686234771  3.27322469108696 -0.13132757468931169  3.3415517935921537 -0.1318187569735583  3.4113162807438608 -0.1325265883438477  3.4823894560559876 -0.13345857262747216  3.5546240353330489 -0.13461904713395365  3.6278559113526208 -0.13600883643473924  3.7019056946466473 -0.13762494016794269  3.7765810179202068 -0.13946037787439985  3.8516792804796909 -0.14150418772412005  3.9269908169872272 -0.14374159703416486  4.002302353494759 -0.14615436112215999  4.0774006160542218 -0.14872125580096732  4.1520759393278217 -0.1514186957942627  4.2261257226218518 -0.15422144142185068  4.2993575986414188 -0.15710335076248014  4.3715921779184699 -0.1600381296206603  4.4426653532306517 -0.16300004711922467  4.5124298403823344 -0.16596454437044383  4.5807569428875468 -0.16890884832896497  4.6475347967777889 -0.17181205862612392  4.6909630368152868 -0.17370843890182525  4.7123889803847465 -0.17464377163410916 
 3.14159265358979 4 3.2129924866259216 1 3.2843923196620537 1 3.3557921526981853 1 3.4271919857343174 1 3.498591818770449 1 3.5699916518065811 1 3.6413914848427127 1 3.7127913178788443 1 3.7841911509149764 1 3.855590983951108 1 3.9269908169872396 1 3.9983906500233717 1 4.0697904830595037 1 4.1411903160956349 1 4.212590149131767 1 4.2839899821678991 1 4.3553898152040311 1 4.4267896482401623 1 4.4981894812762944 1 4.5695893143124255 1 4.6409891473485576 1 4.7123889803846897 4
1 6.2831853071795871 47.960560722630881 0 -1 
7 0 0  3 25 23  5.44723278962429 0  5.4595329151264433 -1.3097489854762246e-07  5.4842298826383056 -2.5304264035356975e-07  5.5215419076421339 -2.0423284122506553e-07  5.5590972155408043 -2.178551460257666e-07  5.5968715181840549 -2.1512240444567363e-07  5.6348396922556709 -2.1687630673252642e-07  5.6729751664898496 -2.1857594617850674e-07  5.7112515170100648 -2.1758380056815454e-07  5.7496409805679924 -2.2904095700413402e-07  5.7881158266528336 -1.9508666099857854e-07  5.8266480616939242 -3.3209292403682081e-07  5.8652090477870829 1.6749457221266564e-07  5.9037700375693749 -3.3788557882858337e-07  5.9423022767282196 -2.0670445968253933e-07  5.9807771235394425 -2.4654673120143121e-07  6.0191665840770661 -2.4108366541841823e-07  6.0574429300297483 -2.4817426884053806e-07  6.0955784047980393 -2.5284796098238649e-07  6.1335465813773382 -2.5727478030692488e-07  6.1713208840795435 -2.6792255893370633e-07  6.2088761896042683 -2.5695659986159269e-07  6.2461882118741601 -3.2947369975977831e-07  6.2708851800957301 -1.7193705173978392e-07  6.2831853071795898 0 
 5.44723278962429 4 5.4852306313313495 1 5.523228473038408 1 5.5612263147454675 1 5.599224156452526 1 5.6372219981595855 1 5.6752198398666449 1 5.7132176815737035 1 5.7512155232807629 1 5.7892133649878215 1 5.8272112066948809 1 5.8652090484019404 1 5.9032068901089989 1 5.9412047318160583 1 5.9792025735231169 1 6.0172004152301763 1 6.0551982569372349 1 6.0931960986442943 1 6.1311939403513538 1 6.1691917820584123 1 6.2071896237654718 1 6.2451874654725312 1 6.2831853071795898 4
1 0 47.960560722630873 0 1 
7 0 0  3 47 45  4.6499974731823235 1.0000002643790624  4.6496056464351474 0.98478654533977195  4.6480876920433714 0.96141750254493741  4.6444988344691689 0.94025434866870905  4.6408810501526379 0.92340691778152206  4.6371452594533098 0.90931521382757596  4.6333483161819826 0.89714855400749327  4.6295092260650668 0.88615564492821908  4.6256512492958919 0.87605784340327775  4.6217740232755711 0.86676667597831059  4.6178814197432132 0.85814100813198202  4.613975936460406 0.85005985470744283  4.6100603574500267 0.84239359821025328  4.6061366950831335 0.83504432575544274  4.6022051741959391 0.82801124529365189  4.598266503311514 0.82126600211998413  4.5943212264061177 0.81478812593207239  4.5903698960645016 0.80855552015192467  4.586413026521071 0.80254699901504278  4.5824511059625808 0.79674157701673776  4.5784845920840134 0.79111869304204008  4.5745139155459755 0.78565794075836404  4.5705394687388967 0.78033984146825108  4.5665616455742493 0.77514294733227052  4.5625806920060867 0.77005459090651174  4.5585966266192361 0.76507746100947271  4.5546095807206752 0.76020580609842592  4.5506196490842559 0.75543619268921958  4.546626929899114 0.75076462368832875  4.5426315140232836 0.74618731129339089  4.5386334878230841 0.74170047040910692  4.5346329323743069 0.73730037430210948  4.5306299236402543 0.73298333980774133  4.5266245323899481 0.72874573126072351  4.5226168241880096 0.72458395928408292  4.5186068593664022 0.72049448085588685  4.5145946930055425 0.71647379895858465  4.5105803749041655 0.71251846228388571  4.5065639495924756 0.708625064899016  4.5025454561908669 0.70479024587293193  4.4985249288499887 0.70101068905074693  4.4945023950265037 0.69728312230632439  4.4904778818410005 0.6936043188400085  4.4864513911119852 0.6899710913340984  4.4824229287625288 0.68638016809605296  4.4797359765102787 0.68401228675064263  4.4783921736603762 0.68283432583781278 
 0 4 6.3586640475635456e-05 1 0.00012717328095127091 1 0.00019075992142690638 1 0.00025434656190254182 1 0.00031793320237817727 1 0.00038151984285381276 1 0.0004451064833294482 1 0.00050869312380508365 1 0.00057227976428071909 1 0.00063586640475635453 1 0.00069945304523198997 1 0.00076303968570762552 1 0.00082662632618326097 1 0.00089021296665889641 1 0.00095379960713453185 1 0.0010173862476101673 1 0.0010809728880858027 1 0.0011445595285614382 1 0.0012081461690370736 1 0.0012717328095127091 1 0.0013353194499883445 1 0.0013989060904639799 1 0.0014624927309396154 1 0.001526079371415251 1 0.0015896660118908865 1 0.0016532526523665219 1 0.0017168392928421574 1 0.0017804259333177928 1 0.0018440125737934283 1 0.0019075992142690637 1 0.0019711858547446989 1 0.0020347724952203346 1 0.0020983591356959702 1 0.0021619457761716055 1 0.0022255324166472411 1 0.0022891190571228764 1 0.002352705697598512 1 0.0024162923380741472 1 0.0024798789785497829 1 0.0025434656190254181 1 0.0026070522595010538 1 0.002670638899976689 1 0.0027342255404523247 1 0.0027978121809279599 4
7 0 0  3 25 23  3.1415926535897931 -64  3.1718906247597118 -62.611664642555724  3.2352591331095324 -59.699056750379093  3.3393102578396281 -54.966573640608786  3.4530795869646584 -49.899995221839198  3.5771498396246786 -44.580472499061386  3.7119043265626859 -39.138114781915455  3.8574060762711531 -33.765157545251469  4.0132753331383206 -28.716323530229516  4.1785744304768135 -24.296555633100606  4.3517362374514539 -20.829761629675978  4.530572504515761 -18.609997848195619  4.7123889803846888 -17.845001075902253  4.8942054562536166 -18.609997848195665  5.0730417233179228 -20.829761629675971  5.2462035302925667 -24.296555633100606  5.4115026276310569 -28.716323530229516  5.5673718844982263 -33.765157545251476  5.7128736342066944 -39.138114781915462  5.847628121144699 -44.580472499061315  5.9716983738047213 -49.899995221839241  6.0854677029297513 -54.966573640608786  6.1895188276598487 -59.699056750379093  6.2528873360096675 -62.611664642555724  6.2831853071795871 -64 
 1.5707963267949001 4 1.7135959928671634 1 1.8563956589394264 1 1.9991953250116896 1 2.1419949910839526 1 2.2847946571562159 1 2.4275943232284791 1 2.5703939893007424 1 2.7131936553730052 1 2.8559933214452684 1 2.9987929875175316 1 3.1415926535897949 1 3.2843923196620581 1 3.4271919857343214 1 3.5699916518065846 1 3.7127913178788474 1 3.8555909839511107 1 3.9983906500233739 1 4.1411903160956367 1 4.2839899821678999 1 4.4267896482401632 1 4.5695893143124264 1 4.7123889803846897 4
1 3.1415926535897931 -3 1 0 
7 0 0  3 47 45  1.8047931335192222 0.68283432583757053  1.8034487504802301 0.6840127953453824  1.8007606400663385 0.68638169967043194  1.7967304469804515 0.68997417996208121  1.7927022318894152 0.6936089923044374  1.7886760005428313 0.69728941364621422  1.7846517546672778 0.70101863645639884  1.780629521279139 0.70479989295168421  1.7766093277438224 0.70863646074488729  1.7725912081322384 0.71253166160175352  1.7685752014968998 0.71648886217540941  1.7645613523118617 0.72051147423720774  1.7605497103314343 0.72460295505093275  1.7565403306032841 0.72876680770839952  1.7525332734382602 0.73300658142589481  1.7485286043914841 0.73732587189679932  1.7445263942339417 0.74172832122391086  1.7405267189426976 0.74621761913973572  1.7365296596176116 0.75079749904632409  1.7325353026646571 0.75547175292088475  1.7285437389771312 0.76024417524324261  1.724555066849258 0.76511877113669258  1.7205693809524776 0.7700989776540762  1.7165868133185436 0.77519056713283452  1.7126073802222541 0.78039080782748438  1.7086313193171536 0.78571239378548485  1.7046590194141054 0.79117686562156619  1.7006908671167886 0.79680378017864628  1.6967272877411419 0.80261362882134146  1.6927687334592396 0.80862705986523919  1.6888156881168215 0.81486514619559502  1.6848686579762802 0.82134917454529988  1.6809282019184015 0.82810130518452407  1.6769948177078255 0.83514222565922025  1.6730693643596992 0.84249994975205023  1.669151483843714 0.85017702708535137  1.6652434529410698 0.85827144795564814  1.6613490237154358 0.86691075309064924  1.6574715478253566 0.87621394828138399  1.6536154717249194 0.88632103363838455  1.6497822022908388 0.89731490903784838  1.6459839657622264 0.90950611055846386  1.6422425801136227 0.92365920805542301  1.6386244777524217 0.94057778122314262  1.6350673313713797 0.96173296685600795  1.6335710941890411 0.98493456577328764  1.6331878339972783 1.0000002643790624 
 1.7347234759768102e-18 4 6.2948397526031469e-05 1 0.0001258967950520612 1 0.00018884519257809094 1 0.00025179359010412067 1 0.00031474198763015041 1 0.00037769038515618014 1 0.00044063878268220987 1 0.00050358718020823961 1 0.00056653557773426934 1 0.00062948397526029908 1 0.00069243237278632881 1 0.00075538077031235855 1 0.00081832916783838828 1 0.00088127756536441801 1 0.00094422596289044775 1 0.0010071743604164775 1 0.0010701227579425071 1 0.001133071155468537 1 0.0011960195529945668 1 0.0012589679505205964 1 0.001321916348046626 1 0.0013848647455726559 1 0.0014478131430986857 1 0.0015107615406247154 1 0.001573709938150745 1 0.0016366583356767748 1 0.0016996067332028047 1 0.0017625551307288343 1 0.0018255035282548639 1 0.0018884519257808938 1 0.0019514003233069236 1 0.0020143487208329532 1 0.0020772971183589829 1 0.0021402455158850125 1 0.0022031939134110425 1 0.0022661423109370722 1 0.0023290907084631018 1 0.0023920391059891319 1 0.0024549875035151615 1 0.0025179359010411911 1 0.0025808842985672207 1 0.0026438326960932504 1 0.0027067810936192804 1 0.00276972949114531 4
1 -1.1102230246251565e-16 -23 1 0 
1 3.1415926535897931 23 -1 0 
1 4.7123889803846897 34.012970829478 -8.3240827101975701e-16 1 
1 6.2831853071795862 -88.041630560342597 0 -1 
1 6.2831853071795862 -53 -1 0 
1 6.2831853071795862 23 -1 0 
1 3.1415926535897931 -98 0 1 
1 1.5707963267949223 47.960560722630845 -8.3240827101975721e-16 -1 
1 -3.1415926535897931 -23 1 0 
1 6.2831853071795862 -7 -1 0 
1 3.1415926535897931 -5.9480198544292762e-14 0 1 
7 0 0  3 25 23  4.7123889803846897 1  4.7114438186269352 1.0000000649602208  4.7095534514605495 1.0000000941759437  4.7067177816037615 0.99999999873654422  4.7038820044932868 1.0000003366705572  4.7010461319543424 1.0000002463660926  4.6982101757843031 1.0000002708087832  4.6953741477568283 1.0000002645060642  4.6925380596337289 1.0000002664425554  4.6897019231337218 1.0000002661723393  4.6868657499734967 1.0000002664944649  4.6840295518424391 1.0000002666586498  4.6811933403906032 1.000000266866973  4.6783571272837747 1.0000002670613957  4.6755209241284819 1.0000002672719925  4.6726847425364983 1.0000002674365016  4.6698485940934749 1.0000002677738942  4.6670124903535859 1.0000002674705439  4.6641764428879364 1.0000002668949963  4.6613404632032953 1.0000002663972702  4.6585045628129285 1.0000002658835412  4.6556687532217271 1.0000002653789166  4.6528330459087055 1.0000002648766255  4.6509426501823903 1.0000002645445274  4.6499974731823235 1.0000002643790624 
 1.5707963267949001 4 1.5736323239105241 1 1.5764683210261483 1 1.5793043181417723 1 1.5821403152573965 1 1.5849763123730205 1 1.5878123094886447 1 1.5906483066042687 1 1.5934843037198929 1 1.5963203008355169 1 1.5991562979511411 1 1.6019922950667651 1 1.6048282921823891 1 1.6076642892980133 1 1.6105002864136373 1 1.6133362835292615 1 1.6161722806448855 1 1.6190082777605097 1 1.6218442748761337 1 1.6246802719917579 1 1.6275162691073819 1 1.6303522662230061 1 1.6331882633386301 4
7 0 0  3 25 23  1.6331878339972783 1.0000002643790624  1.6322426570014574 1.0000002645445272  1.6303522612766796 1.0000002648766253  1.627516553956738 1.0000002653789166  1.624680744365417 1.0000002658835412  1.6218448439824542 1.00000026639727  1.6190088642914204 1.0000002668949963  1.6161728168208709 1.0000002674705442  1.6133367130861289 1.0000002677738939  1.6105005646482664 1.0000002674365018  1.6076643830486306 1.0000002672719921  1.6048281799006416 1.0000002670613972  1.6019919667874989 1.0000002668669667  1.5991557553383327 1.0000002666586734  1.5963195572029421 1.0000002664943768  1.5934833840464728 1.0000002661726695  1.5906472475466416 1.0000002664413226  1.587811159422561 1.0000002645106645  1.5849751313953524 1.0000002707916145  1.5821391752252396 1.0000002464301676  1.5793033026863097 1.0000003364314265  1.5764675255758311 0.99999999962899222  1.5736318557190445 1.0000000949461838  1.5717414885526551 1.0000000653019625  1.5707963267949001 1 
 4.6499970438409504 4 4.6528330409565752 1 4.6556690380721992 1 4.6585050351878241 1 4.6613410323034481 1 4.664177029419073 1 4.6670130265346979 1 4.6698490236503218 1 4.6726850207659467 1 4.6755210178815707 1 4.6783570149971956 1 4.6811930121128196 1 4.6840290092284445 1 4.6868650063440693 1 4.6897010034596933 1 4.6925370005753182 1 4.6953729976909422 1 4.6982089948065671 1 4.7010449919221919 1 4.7038809890378159 1 4.7067169861534408 1 4.7095529832690648 1 4.7123889803846897 4
1 3.1415926535897931 -0.13098282872558542 0 -1 
1 0.53172406725881427 30 0 1 
7 0 0  3 25 23  3.1415926535897931 -95.530302884685398  3.1479810901040786 -95.367397898866102  3.1607710280081083 -95.041254210842439  3.1799916665304373 -94.551308319645955  3.1992445880082143 -94.060901901696255  3.2185262938581998 -93.570308140953202  3.2378332574700761 -93.079801796766048  3.2571619231303934 -92.589659045569732  3.2765087111891953 -92.10015687875395  3.2958700216419206 -91.611572611582829  3.3152422382104487 -91.124183356999353  3.3346217323511764 -90.638265506041776  3.3540048673292384 -90.154094206285649  3.3733880023072951 -89.67194284321053  3.392767496448025 -89.192082525813646  3.4121397130165536 -88.714781578573067  3.4315010234692771 -88.24030504220535  3.4508478115280812 -87.768914183304133  3.4701764771883967 -87.300866021759788  3.4894834408002744 -86.836412851602532  3.5087651466502612 -86.375801854692668  3.5280180681280373 -85.919274444308272  3.5472387066503672 -85.467066700821533  3.5600286445543969 -85.168626115495485  3.5664170810686828 -85.020201923123608 
 1.5707963267949001 4 1.5901065280439406 1 1.6094167292929811 1 1.6287269305420216 1 1.6480371317910618 1 1.6673473330401023 1 1.6866575342891428 1 1.7059677355381833 1 1.7252779367872237 1 1.7445881380362642 1 1.7638983392853047 1 1.783208540534345 1 1.8025187417833854 1 1.8218289430324259 1 1.8411391442814664 1 1.8604493455305069 1 1.8797595467795474 1 1.8990697480285879 1 1.9183799492776283 1 1.9376901505266686 1 1.9570003517757091 1 1.9763105530247496 1 1.99562075427379 4
7 0 0  3 25 23  5.8583608797006965 -85.020201923123608  5.864749316214982 -85.168626115495485  5.8775392541190117 -85.467066700821505  5.8967598926413407 -85.919274444308272  5.9160128141191191 -86.375801854692668  5.9352945199691041 -86.836412851602546  5.9546014835809826 -87.300866021759759  5.973930149241296 -87.768914183304076  5.9932769373001014 -88.24030504220535  6.0126382477528253 -88.714781578573096  6.0320104643213552 -89.192082525813646  6.0513899584620825 -89.671942843210502  6.0707730934401436 -90.154094206285663  6.0901562284182011 -90.638265506041719  6.1095357225589284 -91.12418335699931  6.1289079391274592 -91.611572611582815  6.1482692495801823 -92.10015687875395  6.167616037638985 -92.589659045569704  6.1869447032993019 -93.079801796766034  6.2062516669111796 -93.570308140953173  6.2255333727611646 -94.060901901696226  6.2447862942389403 -94.551308319645955  6.264006932761272 -95.041254210842453  6.2767968706653008 -95.367397898866116  6.2831853071795862 -95.530302884685398 
 4.2875645529058 4 4.3068747541548404 1 4.3261849554038809 1 4.3454951566529214 1 4.3648053579019619 1 4.3841155591510024 1 4.4034257604000429 1 4.4227359616490833 1 4.4420461628981238 1 4.4613563641471643 1 4.4806665653962048 1 4.4999767666452453 1 4.5192869678942849 1 4.5385971691433253 1 4.5579073703923658 1 4.5772175716414063 1 4.5965277728904468 1 4.6158379741394873 1 4.6351481753885277 1 4.6544583766375682 1 4.6737685778866087 1 4.6930787791356492 1 4.7123889803846897 4
1 0.53172406725881427 30 0 1 
7 0 0  3 25 23  6.2831853071795862 -94.410524493997116  6.2765726476484067 -94.241901848907716  6.2633328263076988 -93.904286081618949  6.2434334233084208 -93.3970514359616  6.2234981682158699 -92.889305092220354  6.2035309392566171 -92.381350336914508  6.1835356480293608 -91.873492333885778  6.1635162407968558 -91.366037936137033  6.1434766923469919 -90.859294968842576  6.1234210017326269 -90.353571643991117  6.1033531874127318 -89.849175932901289  6.0832772824762431 -89.346414946442607  6.0631973297841277 -88.845594312930814  6.0431173770920079 -88.347017559710068  6.0230414721555192 -87.850985500182759  6.0029736578356232 -87.357795628967821  5.9829179672212591 -86.86774152827013  5.9628784187713952 -86.381112285741168  5.9428590115388893 -85.898191934533585  5.9228637203116374 -85.419258886866544  5.9028964913523811 -84.944585478948056  5.8829612362598338 -84.474437197670667  5.863061833260554 -84.009073201913395  5.849822011919847 -83.702185819423491  5.8432093523886683 -83.549622888998201 
 1.5707963267949001 4 1.5907952338308511 1 1.6107941408668018 1 1.6307930479027528 1 1.6507919549387038 1 1.6707908619746548 1 1.6907897690106055 1 1.7107886760465565 1 1.7307875830825075 1 1.7507864901184584 1 1.7707853971544092 1 1.7907843041903602 1 1.8107832112263111 1 1.8307821182622619 1 1.8507810252982129 1 1.8707799323341638 1 1.8907788393701148 1 1.9107777464060658 1 1.9307766534420165 1 1.9507755604779675 1 1.9707744675139185 1 1.9907733745498692 1 2.0107722815858202 4
7 0 0  3 25 23  3.581568608380711 -83.549622888998101  3.5749559488495333 -83.702185819423391  3.5617161275088245 -84.00907320191331  3.5418167245095455 -84.474437197670596  3.5218814694169964 -84.944585478948014  3.5019142404577432 -85.419258886866473  3.4819189492304878 -85.898191934533557  3.4618995419979841 -86.381112285741082  3.4418599935481184 -86.867741528270116  3.4218043029337535 -87.357795628967779  3.401736488613861 -87.850985500182745  3.381660583677371 -88.347017559710039  3.3615806309852538 -88.8455943129308  3.3415006782931358 -89.346414946442607  3.3214247733566458 -89.849175932901261  3.3013569590367515 -90.353571643991103  3.2813012684223879 -90.859294968842562  3.2612617199725231 -91.366037936137033  3.2412423127400172 -91.873492333885807  3.2212470215127631 -92.381350336914494  3.2012797925535086 -92.88930509222034  3.1813445374609586 -93.397051435961586  3.161445134461681 -93.904286081618963  3.1482053131209722 -94.24190184890773  3.1415926535897931 -94.410524493997116 
 4.27241302559377 4 4.2924119326297205 1 4.312410839665672 1 4.3324097467016225 1 4.3524086537375739 1 4.3724075607735244 1 4.392406467809475 1 4.4124053748454264 1 4.4324042818813769 1 4.4524031889173283 1 4.4724020959532789 1 4.4924010029892294 1 4.5123999100251808 1 4.5323988170611313 1 4.5523977240970828 1 4.5723966311330333 1 4.5923955381689847 1 4.6123944452049352 1 4.6323933522408858 1 4.6523922592768372 1 4.6723911663127877 1 4.6923900733487391 1 4.7123889803846897 4
7 0 0  3 25 23  3.581568608380711 -8.7450699005294013  3.5749559488495333 -8.7492493774833022  3.5617161275088245 -8.7576565884550526  3.5418167245095455 -8.7704052823219403  3.5218814694169964 -8.7832850421760593  3.5019142404577432 -8.7962887683334383  3.4819189492304878 -8.8094091877537526  3.4618995419979841 -8.8226388397590192  3.4418599935481184 -8.8359700972183415  3.4218043029337535 -8.8493951790144294  3.401736488613861 -8.8629061655620252  3.381660583677371 -8.8764950141466823  3.3615806309852538 -8.8901535748731924  3.3415006782931358 -8.9038736069278901  3.3214247733566458 -8.917646795148336  3.3013569590367515 -8.9314647668159211  3.2813012684223879 -8.9453191085971628  3.2612617199725231 -8.9592013835865618  3.2412423127400172 -8.9731031482853396  3.2212470215127631 -8.9870159697918499  3.2012797925535086 -9.0009314418366912  3.1813445374609586 -9.014841204425581  3.161445134461681 -9.0287369489936236  3.1482053131209722 -9.0379859671838112  3.1415926535897931 -9.0426054016498938 
 4.27241302559377 4 4.2924119326297205 1 4.312410839665672 1 4.3324097467016225 1 4.3524086537375739 1 4.3724075607735244 1 4.392406467809475 1 4.4124053748454264 1 4.4324042818813769 1 4.4524031889173283 1 4.4724020959532789 1 4.4924010029892294 1 4.5123999100251808 1 4.5323988170611313 1 4.5523977240970828 1 4.5723966311330333 1 4.5923955381689847 1 4.6123944452049352 1 4.6323933522408858 1 4.6523922592768372 1 4.6723911663127877 1 4.6923900733487391 1 4.7123889803846897 4
7 0 0  3 25 23  4.2724129799913575 2.9059772535313286e-09  4.2790255352000335 2.1588462693712631e-08  4.2922652138320405 1.4534011908979157e-07  4.3121645293375064 4.623161828743208e-07  4.3320997348718606 7.6348551739723532e-07  4.3520669244537205 9.6939622304000637e-07  4.3720621837043838 1.0381329404826522e-06  4.3920815829784754 9.6560093193626004e-07  4.4121211685856467 7.7686748424149537e-07  4.4321769573426488 5.1911241730640504e-07  4.4522449187938715 2.5408179665638024e-07  4.4723210028263578 4.8631588754276661e-08  4.4924009977704866 -2.8217615859801414e-08  4.5124810267008506 6.6488392352312381e-08  4.5325571069413382 2.0695387997641456e-07  4.5526250633907663 3.2398362473624706e-07  4.5726808434739805 3.8072898164579232e-07  4.5927204223730769 3.696253655424736e-07  4.6127398180253234 3.0327102610742914e-07  4.6327350767424882 2.0662102702915972e-07  4.6527022668980358 1.090268074600986e-07  4.6726374703712521 3.5452082423093928e-08  4.6925367758618384 1.8094650775106187e-09  4.7057764374486801 -2.0408266417988509e-09  4.7123889803846897 0 
 4.27241302559377 4 4.2924119326297205 1 4.312410839665672 1 4.3324097467016225 1 4.3524086537375739 1 4.3724075607735244 1 4.392406467809475 1 4.4124053748454264 1 4.4324042818813769 1 4.4524031889173283 1 4.4724020959532789 1 4.4924010029892294 1 4.5123999100251808 1 4.5323988170611313 1 4.5523977240970828 1 4.5723966311330333 1 4.5923955381689847 1 4.6123944452049352 1 4.6323933522408858 1 4.6523922592768372 1 4.6723911663127877 1 4.6923900733487391 1 4.7123889803846897 4
7 0 0  3 25 23  6.2831853071795862 -9.0426054016498938  6.2765726476484067 -9.0379859671838112  6.2633328263076988 -9.0287369489936218  6.2434334233084208 -9.0148412044255792  6.2234981682158699 -9.0009314418366966  6.2035309392566171 -8.9870159697918286  6.1835356480293608 -8.9731031482853467  6.1635162407968558 -8.9592013835865565  6.1434766923469919 -8.9453191085971664  6.1234210017326269 -8.9314647668159157  6.1033531874127318 -8.9176467951483609  6.0832772824762431 -8.903873606927883  6.0631973297841277 -8.8901535748731924  6.0431173770920079 -8.8764950141466876  6.0230414721555192 -8.8629061655620163  6.0029736578356232 -8.8493951790144578  5.9829179672212591 -8.8359700972183273  5.9628784187713952 -8.8226388397590476  5.9428590115388893 -8.8094091877537384  5.9228637203116374 -8.7962887683334561  5.9028964913523811 -8.7832850421759971  5.8829612362598338 -8.7704052823219971  5.863061833260554 -8.7576565884550615  5.849822011919847 -8.7492493774832987  5.8432093523886683 -8.7450699005294013 
 1.5707963267949001 4 1.5907952338308511 1 1.6107941408668018 1 1.6307930479027528 1 1.6507919549387038 1 1.6707908619746548 1 1.6907897690106055 1 1.7107886760465565 1 1.7307875830825075 1 1.7507864901184584 1 1.7707853971544092 1 1.7907843041903602 1 1.8107832112263111 1 1.8307821182622619 1 1.8507810252982129 1 1.8707799323341638 1 1.8907788393701148 1 1.9107777464060658 1 1.9307766534420165 1 1.9507755604779675 1 1.9707744675139185 1 1.9907733745498692 1 2.0107722815858202 4
7 0 0  3 25 23  1.5707963267949001 0  1.577408869730917 -2.0408429322496854e-09  1.5906485313177696 1.8094340412830814e-09  1.6105478368083586 3.5452062968024277e-08  1.6304830402815704 1.0902679694700159e-07  1.650450230437112 2.0662104434694063e-07  1.6704454891542624 3.0327106850347125e-07  1.6904648848064969 3.6962542320847458e-07  1.7105044637055815 3.8072904396794226e-07  1.7305602437887866 3.2398368470315709e-07  1.7506282002382179 2.0695392494264566e-07  1.7707042804787121 6.6488441294959098e-08  1.7907843094091012 -2.8217657345480776e-08  1.8108643043532557 4.8631468922854001e-08  1.8309403883857533 2.5408162247969897e-07  1.8510083498369776 5.1911221504357189e-07  1.8710641385939728 7.7686729071374645e-07  1.8911037242011346 9.6560072033980144e-07  1.9111231234752126 1.0381327699122549e-06  1.9311183827258649 9.6939605897034091e-07  1.9510855723077145 7.6348545256132273e-07  1.9710207778420625 4.6231610331220054e-07  1.9909200933475319 1.4534008211792682e-07  2.0041597719795479 2.1588445561562622e-08  2.0107723271882296 2.9059677079613873e-09 
 1.5707963267949001 4 1.5907952338308511 1 1.6107941408668018 1 1.6307930479027528 1 1.6507919549387038 1 1.6707908619746548 1 1.6907897690106055 1 1.7107886760465565 1 1.7307875830825075 1 1.7507864901184584 1 1.7707853971544092 1 1.7907843041903602 1 1.8107832112263111 1 1.8307821182622619 1 1.8507810252982129 1 1.8707799323341638 1 1.8907788393701148 1 1.9107777464060658 1 1.9307766534420165 1 1.9507755604779675 1 1.9707744675139185 1 1.9907733745498692 1 2.0107722815858202 4
7 0 0  3 25 23  3.1415926535897931 -8.0704118814195027  3.1479810901040786 -8.0653912329827566  3.1607710280081083 -8.0553396511408  3.1799916665304373 -8.0402397690817065  3.1992445880082143 -8.0251256938233002  3.2185262938581998 -8.0100058447557227  3.2378332574700761 -7.9948886898217602  3.2571619231303934 -7.9797827406380009  3.2765087111891953 -7.9646965339375626  3.2958700216419206 -7.9496386164352604  3.3152422382104487 -7.934617528610346  3.3346217323511764 -7.9196417886934718  3.3540048673292384 -7.9047198765923783  3.3733880023072951 -7.8898602179078043  3.392767496448025 -7.8750711680805612  3.4121397130165536 -7.8603609967339692  3.4315010234692771 -7.8457378722875166  3.4508478115280812 -7.8312098468441977  3.4701764771883967 -7.8167848416256209  3.4894834408002744 -7.8024706322049537  3.5087651466502612 -7.788274836600916  3.5280180681280373 -7.7742048950472364  3.5472387066503672 -7.7602680834205522  3.5600286445543969 -7.7510702970505552  3.5664170810686828 -7.7464959392698063 
 1.5707963267949001 4 1.5901065280439406 1 1.6094167292929811 1 1.6287269305420216 1 1.6480371317910618 1 1.6673473330401023 1 1.6866575342891428 1 1.7059677355381833 1 1.7252779367872237 1 1.7445881380362642 1 1.7638983392853047 1 1.783208540534345 1 1.8025187417833854 1 1.8218289430324259 1 1.8411391442814664 1 1.8604493455305069 1 1.8797595467795474 1 1.8990697480285879 1 1.9183799492776283 1 1.9376901505266686 1 1.9570003517757091 1 1.9763105530247496 1 1.99562075427379 4
7 0 0  3 25 23  4.7123889803846897 0  4.7060006417892168 -6.4418672878031488e-10  4.6932108380244548 5.7225482591200773e-10  4.6739902813236558 1.1184211175020117e-08  4.6547374031698636 3.4377679978047469e-08  4.6354557298986876 6.5122086573957572e-08  4.6161487935758938 9.5547763001379542e-08  4.5968201376135847 1.1641733586156615e-07  4.5774733239545791 1.1988766286231092e-07  4.5581119383627522 1.0200590911421727e-07  4.5387396024775031 6.5157495337428414e-08  4.5193599612141035 2.0935898972510155e-08  4.4999767622672717 -8.8849607383022183e-09  4.4805935918324833 1.5312516703034151e-08  4.4612139473837242 8.0023229961035851e-08  4.4418416073342 1.6352960409529047e-07  4.4224802145454216 2.4478081954112409e-07  4.4031333953879637 3.0432013268049247e-07  4.3838047365513386 3.2726582468001524e-07  4.3644977999503674 3.0569054701218013e-07  4.3452161272892109 2.4084552631120002e-07  4.3259632474312077 1.4590615213416825e-07  4.3067426821712678 4.5893035708686713e-08  4.2939528638115343 6.8244147900378862e-09  4.2875645147088983 9.170603847028031e-10 
 1.5707963267949001 4 1.5901065280439406 1 1.6094167292929811 1 1.6287269305420216 1 1.6480371317910618 1 1.6673473330401023 1 1.6866575342891428 1 1.7059677355381833 1 1.7252779367872237 1 1.7445881380362642 1 1.7638983392853047 1 1.783208540534345 1 1.8025187417833854 1 1.8218289430324259 1 1.8411391442814664 1 1.8604493455305069 1 1.8797595467795474 1 1.8990697480285879 1 1.9183799492776283 1 1.9376901505266686 1 1.9570003517757091 1 1.9763105530247496 1 1.99562075427379 4
7 0 0  3 25 23  5.8583608797006965 -7.7464959392698063  5.864749316214982 -7.7510702970505552  5.8775392541190117 -7.7602680834205513  5.8967598926413407 -7.7742048950472347  5.9160128141191191 -7.7882748366009178  5.9352945199691041 -7.802470632204952  5.9546014835809826 -7.8167848416256271  5.973930149241296 -7.8312098468441702  5.9932769373001014 -7.8457378722875299  6.0126382477528253 -7.8603609967339434  6.0320104643213552 -7.8750711680805701  6.0513899584620825 -7.8898602179077901  6.0707730934401436 -7.9047198765923339  6.0901562284182011 -7.9196417886934949  6.1095357225589284 -7.9346175286103815  6.1289079391274592 -7.9496386164352622  6.1482692495801823 -7.9646965339376017  6.167616037638985 -7.9797827406380204  6.1869447032993019 -7.9948886898218117  6.2062516669111796 -8.0100058447557512  6.2255333727611646 -8.0251256938233819  6.2447862942389403 -8.0402397690817757  6.264006932761272 -8.0553396511408675  6.2767968706653008 -8.0653912329828383  6.2831853071795862 -8.0704118814196022 
 4.2875645529058 4 4.3068747541548404 1 4.3261849554038809 1 4.3454951566529214 1 4.3648053579019619 1 4.3841155591510024 1 4.4034257604000429 1 4.4227359616490833 1 4.4420461628981238 1 4.4613563641471643 1 4.4806665653962048 1 4.4999767666452453 1 4.5192869678942849 1 4.5385971691433253 1 4.5579073703923658 1 4.5772175716414063 1 4.5965277728904468 1 4.6158379741394873 1 4.6351481753885277 1 4.6544583766375682 1 4.6737685778866087 1 4.6930787791356492 1 4.7123889803846897 4
7 0 0  3 25 23  1.9956207924706886 9.1705762008367282e-10  1.9892324433680462 6.8244032641700555e-09  1.9764426250083043 4.5893013887080989e-08  1.9572220597483583 1.459061274621039e-07  1.9379691798903602 2.4084549827547647e-07  1.9186875072292116 3.0569051606051267e-07  1.8993805706282545 3.2726580530396891e-07  1.8800519117916388 3.0432012315019454e-07  1.8607050926341935 2.4478081291782513e-07  1.8413436998454213 1.6352961094251529e-07  1.8219713597958949 8.0023240941697176e-08  1.8025917153471254 1.5312526059231271e-08  1.7832085449123132 -8.8849510106366319e-09  1.7638253459654558 2.0935899626171664e-08  1.744445704702051 6.5157478652311209e-08  1.7250733688168023 1.0200590434511421e-07  1.7057119832249799 1.1988765319205403e-07  1.6863651695659887 1.1641733209474655e-07  1.6670365136036924 9.5547754186600469e-08  1.6477295772809115 6.5122084205859532e-08  1.6284479040097437 3.4377669252266385e-08  1.6091950258559546 1.118420278322748e-08  1.5899744691551521 5.7224678475405233e-10  1.5771846653903805 -6.4419035796874311e-10  1.5707963267949001 0 
 4.2875645529058 4 4.3068747541548404 1 4.3261849554038809 1 4.3454951566529214 1 4.3648053579019619 1 4.3841155591510024 1 4.4034257604000429 1 4.4227359616490833 1 4.4420461628981238 1 4.4613563641471643 1 4.4806665653962048 1 4.4999767666452453 1 4.5192869678942849 1 4.5385971691433253 1 4.5579073703923658 1 4.5772175716414063 1 4.5965277728904468 1 4.6158379741394873 1 4.6351481753885277 1 4.6544583766375682 1 4.6737685778866087 1 4.6930787791356492 1 4.7123889803846897 4
7 0 0  3 25 23  0 16.671771031334096  0.0069993068733215846 16.640760173251117  0.020952554217962122 16.578712658406712  0.041755125632481828 16.485564320326823  0.062439147385457652 16.392339246655713  0.083013543237130158 16.299037767615399  0.10348731155521999 16.205660213427919  0.12386951499780705 16.112206914315344  0.14416924860212016 16.018678200499664  0.1643956156720433 15.925074402202966  0.18455770337110772 15.83139584964726  0.20466455997048835 15.737642873054595  0.22472517301218833 15.643815802647019  0.24474844837133378 15.549914968646544  0.26474319001561736 15.455940701275246  0.28471808031055207 15.361893330755139  0.30468166074110692 15.267773187308261  0.32464231282927847 15.173580601156678  0.34460823942329993 15.079315902522399  0.36458744510103142 14.984979421627473  0.38458771983450341 14.890571488693949  0.40461660995071558 14.796092433943857  0.42468143554731191 14.701542587599246  0.43808656733255563 14.638462382454511  0.44479745293395379 14.606910591357067 
 7.75791922889773e-18 4 0.00011148034338351967 1 0.00022296068676703158 1 0.00033444103015054351 1 0.00044592137353405541 1 0.00055740171691756742 1 0.00066888206030107933 1 0.00078036240368459123 1 0.00089184274706810313 1 0.0010033230904516151 1 0.001114803433835127 1 0.0012262837772186389 1 0.0013377641206021508 1 0.0014492444639856627 1 0.0015607248073691746 1 0.0016722051507526866 1 0.0017836854941361985 1 0.0018951658375197104 1 0.0020066461809032225 1 0.0021181265242867344 1 0.0022296068676702463 1 0.0023410872110537582 1 0.0024525675544372701 4
7 0 0  3 25 23  0.0027161218531244302 1  0.0026748036451298019 1.0000000337741575  0.0025921803487136126 0.99999985898115329  0.0024682872915064973 0.99999774662380325  0.0023444388726198847 0.99999249836159143  0.0022206370652383374 0.99998339753346299  0.0020968833400902167 0.99997012149094056  0.0019731786034341238 0.99995281072715192  0.0018495232256072929 0.99993207296272935  0.0017259170597730099 0.99990900688894702  0.0016023594229177054 0.99988521446799039  0.0014788492495969468 0.99986283979425694  0.0013553846026225214 0.9998445118205348  0.0012319645941870285 0.99983364223387927  0.0011085878898305249 0.99983086241802821  0.00098525236176000503 0.99983615008821281  0.00086195671759894672 0.99984905731329932  0.00073870006661776145 0.99986862140097899  0.00061548203627070149 0.99989335967822424  0.00049230274069511214 0.99992123788754839  0.00036916278202633093 0.99994965094116939  0.00024606326000533766 0.99997536989051472  0.00012300570793527296 0.99999459934211576  4.0996774910904065e-05 0.99999994161802408  0 1 
 7.75791922889773e-18 4 0.00011148034338351967 1 0.00022296068676703158 1 0.00033444103015054351 1 0.00044592137353405541 1 0.00055740171691756742 1 0.00066888206030107933 1 0.00078036240368459123 1 0.00089184274706810313 1 0.0010033230904516151 1 0.001114803433835127 1 0.0012262837772186389 1 0.0013377641206021508 1 0.0014492444639856627 1 0.0015607248073691746 1 0.0016722051507526866 1 0.0017836854941361985 1 0.0018951658375197104 1 0.0020066461809032225 1 0.0021181265242867344 1 0.0022296068676702463 1 0.0023410872110537582 1 0.0024525675544372701 4
1 6.2831853071796093 14.606910591357069 -1 3.155166280600814e-15 
7 0 0  3 25 23  4.7123889803846897 0  4.7123889803846897 0.012063294423968102  4.7123889803846897 0.035935527921982936  4.7123889803846897 0.071045360313498923  4.7123889803846897 0.10552281390320946  4.7123889803846897 0.1394284597367649  4.7123889803846897 0.17281982657618147  4.7123889803846888 0.20575126984278908  4.7123889803846888 0.23827449965535774  4.7123889803846897 0.27043888724827242  4.7123889803846906 0.30229179249914445  4.7123889803846897 0.33387885342127754  4.7123889803846897 0.36524425866370291  4.7123889803846897 0.39643100200546377  4.7123889803846897 0.42748112326857096  4.7123889803846888 0.4584359382742752  4.7123889803846888 0.48933626055150981  4.7123889803846888 0.52022261766884492  4.7123889803846888 0.55113546336096075  4.7123889803846888 0.58211539260270639  4.7123889803846888 0.61320334418359412  4.7123889803846888 0.64444085966120912  4.7123889803846906 0.67587015304851916  4.7123889803846897 0.6969799975603449  4.7123889803846897 0.7075813774125107 
 4.7123889803847225 4 4.7635707473784006 1 4.8147525143720786 1 4.8659342813657567 1 4.9171160483594347 1 4.9682978153531128 1 5.0194795823467908 1 5.0706613493404689 1 5.1218431163341469 1 5.173024883327825 1 5.2242066503215039 1 5.275388417315181 1 5.32657018430886 1 5.377751951302538 1 5.4289337182962161 1 5.4801154852898941 1 5.5312972522835722 1 5.5824790192772502 1 5.6336607862709283 1 5.6848425532646063 1 5.7360243202582843 1 5.7872060872519624 1 5.8383878542456404 4
7 0 0  3 25 23  4.7123889803846897 0.70758137741251181  4.7066611888678951 0.69520461714394821  4.695114799792619 0.67089024364884453  4.6775322045893386 0.63556361131246164  4.6596960634454376 0.60119930209315253  4.6416156351080158 0.56765003169462336  4.6233001580377557 0.53478837009379854  4.6047579172538375 0.50251385026071127  4.5860008888324417 0.47072260376179187  4.5670413787464508 0.43931877182093332  4.5478915592063167 0.40821687970795723  4.5285636016576118 0.37733925121960593  4.5090698753062259 0.34661811146893001  4.4894216291623339 0.31598758279939371  4.4696321965203678 0.28537515863175811  4.4497164647685103 0.2547154583218938  4.4296891389576816 0.22394465218003562  4.4095645833732497 0.1930006468899744  4.3893585087752447 0.16182737991079857  4.3690693778226493 0.13033387297888399  4.3487224605596957 0.098471121429582156  4.3283397848707148 0.066182843590319368  4.3079444090187202 0.033412433814888225  4.2943541659498621 0.011204229525970784  4.2875645147088983 9.1706175694138473e-10 
 0 4 0.00033593456265729681 1 0.00067186912531459362 1 0.0010078036879718904 1 0.0013437382506291872 1 0.0016796728132864841 1 0.0020156073759437809 1 0.0023515419386010775 1 0.0026874765012583745 1 0.0030234110639156715 1 0.0033593456265729681 1 0.0036952801892302647 1 0.0040312147518875617 1 0.0043671493145448588 1 0.0047030838772021549 1 0.005039018439859452 1 0.005374953002516749 1 0.005710887565174046 1 0.006046822127831343 1 0.0063827566904886392 1 0.0067186912531459362 1 0.0070546258158032333 1 0.0073905603784605303 4
7 0 0  3 25 23  4.9873299934333196e-18 0  0.00012067844887283403 -3.6199568262456397e-07  0.00036153571825553769 1.2862513120202785e-06  0.00072131108032900666 7.2104746114879479e-06  0.0010795628837962608 1.363564607685024e-05  0.001436282870980337 1.5112009359486321e-05  0.0017914657319119938 4.7771723429947288e-06  0.0021450959818089753 -3.009821420427255e-06  0.0024971842941397693 4.067902991258268e-06  0.0028477808330354564 1.3516884754790718e-05  0.0031969277564451201 1.7789139190873012e-05  0.0035446621191050744 1.3572806000925558e-05  0.0038910385033207617 -6.8637538673363965e-06  0.004236016147370558 1.5907261711477988e-05  0.0045797533060437596 3.9497849277190557e-05  0.0049223926102939589 2.8021772648219261e-05  0.0052640672078544818 -9.4918737752652678e-06  0.0056049093794865359 2.2715668067146658e-07  0.0059450281523032965 -2.8616061780278907e-06  0.0062848292841821479 -2.633169818482379e-06  0.0066242641902944672 -4.05902846853941e-06  0.0069633422267110362 -4.5704514132387561e-06  0.0073020563646212285 -1.304665441534612e-05  0.0075276202849513694 -1.3960788936935412e-05  0.00764034001525765 -1.1862487545392214e-05 
 0 4 0.00033593456265729681 1 0.00067186912531459362 1 0.0010078036879718904 1 0.0013437382506291872 1 0.0016796728132864841 1 0.0020156073759437809 1 0.0023515419386010775 1 0.0026874765012583745 1 0.0030234110639156715 1 0.0033593456265729681 1 0.0036952801892302647 1 0.0040312147518875617 1 0.0043671493145448588 1 0.0047030838772021549 1 0.005039018439859452 1 0.005374953002516749 1 0.005710887565174046 1 0.006046822127831343 1 0.0063827566904886392 1 0.0067186912531459362 1 0.0070546258158032333 1 0.0073905603784605303 4
1 6.2831853071795774 14.606910591357085 -1 0 
7 0 0  3 25 23  1.5707963267949001 0.70758137741250948  1.5707963267949001 0.69697999756034412  1.5707963267949001 0.67587015304851794  1.5707963267948999 0.64444085966120512  1.5707963267949003 0.61320334418359135  1.5707963267949001 0.58211539260269507  1.5707963267948999 0.5511354633609622  1.5707963267948999 0.52022261766883993  1.5707963267949001 0.48933626055149809  1.5707963267949003 0.45843593827426765  1.5707963267948997 0.42748112326855831  1.5707963267948999 0.3964310020054565  1.5707963267949001 0.36524425866369065  1.5707963267948997 0.33387885342126378  1.5707963267949003 0.30229179249912991  1.5707963267948997 0.27043888724826121  1.5707963267949001 0.23827449965534586  1.5707963267949001 0.20575126984276121  1.5707963267949001 0.17281982657617137  1.5707963267949001 0.13942845973674337  1.5707963267949001 0.105522813903192  1.5707963267949001 0.071045360313474457  1.5707963267949006 0.035935527921956471  1.5707963267949001 0.012063294423954972  1.5707963267949001 0 
 0.44479745293394535 4 0.49597921992762495 1 0.54716098692130455 1 0.59834275391498415 1 0.64952452090866375 1 0.70070628790234335 1 0.75188805489602295 1 0.80306982188970255 1 0.85425158888338215 1 0.90543335587706175 1 0.95661512287074135 1 1.007796889864421 1 1.0589786568581006 1 1.1101604238517802 1 1.1613421908454598 1 1.2125239578391394 1 1.263705724832819 1 1.3148874918264986 1 1.3660692588201782 1 1.4172510258138578 1 1.4684327928075374 1 1.519614559801217 1 1.5707963267948966 4
7 0 0  3 25 23  5.8383878542456324 14.606910591357067  5.8450987398470309 14.638462382454504  5.8585038716322746 14.701542587599238  5.8785686972288715 14.796092433943855  5.8985975873450807 14.890571488693956  5.9185978620785562 14.984979421627479  5.9385770677562846 15.079315902522394  5.9585429943503065 15.173580601156678  5.9785036464384778 15.26777318730826  5.9984672268690344 15.361893330755141  6.0184421171639686 15.455940701275241  6.0384368588082502 15.549914968646549  6.0584601341673974 15.643815802647021  6.0785207472090974 15.737642873054583  6.0986276038084783 15.831395849647265  6.1187896915075406 15.925074402202966  6.1390160585774654 16.018678200499672  6.1593157921817792 16.11220691431534  6.1796979956243652 16.205660213427926  6.2001717639424587 16.299037767615385  6.2207461597941274 16.392339246655716  6.2414301815471065 16.485564320326819  6.2622327529616237 16.578712658406719  6.2761860003062644 16.640760173251117  6.2831853071795871 16.671771031334096 
 7.75791922889773e-18 4 0.00011148034338351922 1 0.00022296068676703069 1 0.00033444103015054216 1 0.00044592137353405362 1 0.00055740171691756515 1 0.00066888206030107662 1 0.00078036240368458808 1 0.00089184274706809955 1 0.001003323090451611 1 0.0011148034338351225 1 0.001226283777218634 1 0.0013377641206021454 1 0.0014492444639856569 1 0.0015607248073691684 1 0.0016722051507526798 1 0.0017836854941361913 1 0.0018951658375197028 1 0.0020066461809032142 1 0.0021181265242867257 1 0.0022296068676702372 1 0.0023410872110537486 1 0.0024525675544372601 4
7 0 0  3 25 23  0.0027161218531244198 1  0.0026751250782135636 0.99999994161818051  0.0025931161451892468 0.99999459934252777  0.0024700585931191868 0.99997536989115898  0.0023469590710982289 0.99994965094192056  0.0022238191124294491 0.99992123788829501  0.0021006398168538316 0.99989335967888826  0.001977421786506776 0.99986862140153021  0.0018541651355255268 0.99984905731368368  0.0017308694913644636 0.99983615008845994  0.0016075339632938999 0.99983086241813057  0.0014841572589373896 0.99983364223390092  0.0013607372505018882 0.99984451182049872  0.0012372726035274886 0.99986283979430257  0.0011137624302067738 0.99988521446827605  0.00099020479335151356 0.9999090068895381  0.00086659862751728694 0.99993207296366227  0.00074294324969052968 0.99995281072839381  0.00061923851303448201 0.99997012149243836  0.00049548478788640664 0.99998339753507004  0.00037168298050485496 0.99999249836318993  0.00024783456161819086 0.99999774662513763  0.00012394150441103038 0.99999985898201826  4.1318207994722763e-05 1.0000000337744903  0 1 
 7.75791922889773e-18 4 0.00011148034338351922 1 0.00022296068676703069 1 0.00033444103015054216 1 0.00044592137353405362 1 0.00055740171691756515 1 0.00066888206030107662 1 0.00078036240368458808 1 0.00089184274706809955 1 0.001003323090451611 1 0.0011148034338351225 1 0.001226283777218634 1 0.0013377641206021454 1 0.0014492444639856569 1 0.0015607248073691684 1 0.0016722051507526798 1 0.0017836854941361913 1 0.0018951658375197028 1 0.0020066461809032142 1 0.0021181265242867257 1 0.0022296068676702372 1 0.0023410872110537486 1 0.0024525675544372601 4
7 0 0  3 25 23  1.9956207924706886 9.170595891958248e-10  1.9888140191570167 0.011232519834790554  1.9752011027359715 0.03348227148191936  1.9547970854352079 0.066279953290555207  1.9344218023865529 0.098570197592720066  1.9140889447784486 0.13042042915974539  1.8938123373418592 0.16189729227838698  1.8736059145295141 0.19306682476055262  1.8534836528478218 0.22399488261242159  1.8334595235912647 0.25474744411154038  1.8135474119452699 0.28539092398731009  1.7937611559672788 0.3159923606402773  1.7741141466739678 0.34661989791032405  1.7546202781320721 0.37734157541925201  1.7352925461580673 0.4082187998249362  1.7161428515500678 0.43932054256372977  1.6971834909085739 0.47072415759919956  1.6784266025562578 0.50251520420380946  1.6598845011939427 0.53478951647658124  1.6415691602042759 0.56765096720537189  1.6234888650677031 0.60120002016119722  1.6056528538620516 0.63556410353182102  1.5880703851708811 0.67089049873374462  1.5765240780019927 0.69520470420602476  1.5707963267949001 0.70758137741250915 
 -2.0608141269330001e-05 4 0.00031617404044894 1 0.00065295622216720998 1 0.00098973840388547974 1 0.0013265205856037498 1 0.0016633027673220199 1 0.0020000849490402896 1 0.0023368671307585596 1 0.0026736493124768297 1 0.0030104314941950998 1 0.0033472136759133699 1 0.0036839958576316396 1 0.0040207780393499096 1 0.0043575602210681802 1 0.0046943424027864498 1 0.0050311245845047203 1 0.00536790676622299 1 0.0057046889479412596 1 0.0060414711296595302 1 0.0063782533113777998 1 0.0067150354930960703 1 0.00705181767481434 1 0.0073885998565326096 4
7 0 0  3 25 23  0.0076403400152576396 0.99976111809066348  0.0075273359323224705 0.99981605298606913  0.0073013850198408049 0.99979245281242357  0.0069624942845498746 0.99956904422139459  0.0066235032782247742 0.99949518248127589  0.0062842753184594469 0.99947038510822317  0.0059446720291902498 0.999507267519394  0.0056045525415992789 0.99958477725935213  0.0052637727010628266 0.99968838542545846  0.0049221846543394581 0.99980020652820101  0.0045796353796733686 0.99990239107880596  0.0042359694961690798 0.99997767295525819  0.0038910164483583528 1.0000085836783945  0.0035446364309606325 0.99998596873051593  0.0031969060223519777 0.99998233650781798  0.0028477610415469992 0.99998645093424732  0.0024971670069340569 0.99999594049841978  0.0021450810724652279 1.0000030073702799  0.001791453259145862 0.99999522421831422  0.001436272846907173 0.99998489016678749  0.0010795553327492984 0.99998636614094638  0.00072130602340553305 0.99999279039553413  0.00036153317737823941 0.99999871391469108  0.00012067759956791913 1.0000003619661408  -1.0842021724855e-19 1 
 -2.0608141269330001e-05 4 0.00031617404044894 1 0.00065295622216720998 1 0.00098973840388547974 1 0.0013265205856037498 1 0.0016633027673220199 1 0.0020000849490402896 1 0.0023368671307585596 1 0.0026736493124768297 1 0.0030104314941950998 1 0.0033472136759133699 1 0.0036839958576316396 1 0.0040207780393499096 1 0.0043575602210681802 1 0.0046943424027864498 1 0.0050311245845047203 1 0.00536790676622299 1 0.0057046889479412596 1 0.0060414711296595302 1 0.0063782533113777998 1 0.0067150354930960703 1 0.00705181767481434 1 0.0073885998565326096 4
7 0 0  3 25 23  -1.0842021724855e-19 1  -1.0842021724855e-19 0.98390809148170377  -1.0842021724854999e-19 0.95199205744321636  -1.0842021724855002e-19 0.90483755073802097  -1.0842021724854997e-19 0.85831712377917813  -1.0842021724855002e-19 0.81235112183592217  -1.0842021724854997e-19 0.76686294394892784  -1.0842021724855001e-19 0.72177909085563297  -1.0842021724855e-19 0.6770285147952102  -1.0842021724854997e-19 0.63254220007867223  -1.0842021724855002e-19 0.58825271703234205  -1.0842021724855e-19 0.54409381058474848  -1.0842021724855e-19 0.50000000000002964  -1.0842021724855e-19 0.45590618941520356  -1.0842021724855e-19 0.41174728296767865  -1.0842021724854997e-19 0.36745779992131378  -1.0842021724854999e-19 0.3229714852047974  -1.0842021724854999e-19 0.27822090914436087  -1.0842021724855e-19 0.23313705605103938  -1.0842021724854999e-19 0.18764887816410583  -1.0842021724855e-19 0.14168287622078454  -1.0842021724855e-19 0.095162449261997267  -1.0842021724855e-19 0.048007942556803594  -1.0842021724854999e-19 0.016091908518306903  -1.0842021724855e-19 0 
 5.0880451634350266 4 5.142369715423416 1 5.1966942674118046 1 5.2510188194001941 1 5.3053433713885827 1 5.3596679233769722 1 5.4139924753653608 1 5.4683170273537502 1 5.5226415793421388 1 5.5769661313305283 1 5.6312906833189178 1 5.6856152353073064 1 5.739939787295695 1 5.7942643392840845 1 5.8485888912724739 1 5.9029134432608625 1 5.957237995249252 1 6.0115625472376406 1 6.0658870992260301 1 6.1202116512144187 1 6.1745362032028082 1 6.2288607551911976 1 6.2831853071795862 4
7 0 0  3 25 23  0.0027161218531244198 1  0.0027161218531244198 0.98390809148170355  0.0027161218531244198 0.95199205744321713  0.0027161218531244198 0.9048375507380263  0.0027161218531244194 0.85831712377919256  0.0027161218531244198 0.81235112183594127  0.0027161218531244194 0.76686294394895682  0.0027161218531244202 0.72177909085566028  0.0027161218531244194 0.67702851479522963  0.0027161218531244202 0.63254220007870943  0.0027161218531244198 0.5882527170323717  0.0027161218531244198 0.54409381058481376  0.0027161218531244198 0.50000000000003741  0.0027161218531244198 0.45590618941527511  0.0027161218531244194 0.41174728296769242  0.0027161218531244198 0.36745779992139044  0.0027161218531244194 0.32297148520483177  0.0027161218531244194 0.27822090914441522  0.0027161218531244198 0.23313705605113513  0.0027161218531244194 0.18764887816413586  0.0027161218531244202 0.14168287622088296  0.0027161218531244198 0.095162449262060161  0.0027161218531244202 0.048007942556883627  0.0027161218531244198 0.01609190851834737  0.0027161218531244198 0 
 5.0880451634350266 4 5.142369715423416 1 5.1966942674118046 1 5.2510188194001941 1 5.3053433713885827 1 5.3596679233769722 1 5.4139924753653608 1 5.4683170273537502 1 5.5226415793421388 1 5.5769661313305283 1 5.6312906833189178 1 5.6856152353073064 1 5.739939787295695 1 5.7942643392840845 1 5.8485888912724739 1 5.9029134432608625 1 5.957237995249252 1 6.0115625472376406 1 6.0658870992260301 1 6.1202116512144187 1 6.1745362032028082 1 6.2288607551911976 1 6.2831853071795862 4
1 0.0076403400152576396 0.00022280239918744943 0 1 
7 0 0  3 25 23  0 1  0 0.98323852953984192  0 0.95018747674680104  0 0.90186631475650059  0 0.85463525073156332  0 0.80834671761775656  0 0.76286213626441657  0 0.71805195405377542  0 0.67379359667804961  0 0.62997019550874445  0 0.58646927688969219  0 0.5431815913536524  0 0.50000000000001199  0 0.4568184086463693  0 0.41353072311032574  0 0.37002980449127354  0 0.32620640332195794  0 0.28194804594624401  0 0.23713786373562254  0 0.19165328238224888  0 0.14536474926844672  0 0.098133685243511723  0 0.04981252325320517  -0 0.016761470460159737  0 0 
 4.7416386974472964 4 4.8117089978896734 1 4.8817792983320496 1 4.9518495987744267 1 5.0219198992168037 1 5.0919901996591808 1 5.1620605001015569 1 5.232130800543934 1 5.302201100986311 1 5.3722714014286881 1 5.4423417018710643 1 5.5124120023134413 1 5.5824823027558184 1 5.6525526031981954 1 5.7226229036405716 1 5.7926932040829486 1 5.8627635045253257 1 5.9328338049677019 1 6.0029041054100789 1 6.072974405852456 1 6.143044706294833 1 6.2131150067372101 1 6.2831853071795862 4
7 0 0  3 25 23  5.44723278962429 0  5.44723278962429 0.016761470460156296  5.44723278962429 0.049812523253195608  5.4472327896242909 0.098133685243497346  5.4472327896242891 0.14536474926842702  5.4472327896242909 0.19165328238223753  5.4472327896242891 0.23713786373557413  5.4472327896242918 0.28194804594621353  5.4472327896242883 0.3262064033219248  5.4472327896242909 0.37002980449125888  5.4472327896242891 0.41353072311028261  5.4472327896242918 0.45681840864634715  5.4472327896242891 0.49999999999995798  5.44723278962429 0.54318159135362409  5.4472327896242891 0.58646927688964723  5.4472327896242918 0.62997019550872635  5.44723278962429 0.67379359667802396  5.4472327896242891 0.71805195405375177  5.4472327896242918 0.76286213626437593  5.4472327896242883 0.80834671761775134  5.44723278962429 0.85463525073154412  5.4472327896242909 0.90186631475650003  5.4472327896242909 0.95018747674678428  5.44723278962429 0.98323852953983126  5.44723278962429 1 
 4.7416386974472964 4 4.8117089978896734 1 4.8817792983320496 1 4.9518495987744267 1 5.0219198992168037 1 5.0919901996591808 1 5.1620605001015569 1 5.232130800543934 1 5.302201100986311 1 5.3722714014286881 1 5.4423417018710643 1 5.5124120023134413 1 5.5824823027558184 1 5.6525526031981954 1 5.7226229036405716 1 5.7926932040829486 1 5.8627635045253257 1 5.9328338049677019 1 6.0029041054100789 1 6.072974405852456 1 6.143044706294833 1 6.2131150067372101 1 6.2831853071795862 4
7 0 0  3 25 23  0 1  0 0.98390809148169955  0 0.95199205744321036  0 0.90483755073802119  0 0.85831712377918246  0 0.81235112183591429  0 0.76686294394893129  0 0.72177909085561898  0 0.67702851479518733  0 0.63254220007866513  0 0.58825271703232607  0 0.54409381058474859  0 0.49999999999999717  0 0.45590618941519057  0 0.41174728296766455  0 0.36745779992130939  0 0.32297148520478142  0 0.27822090914435693  0 0.23313705605101712  0 0.18764887816407588  0 0.14168287622081108  0 0.095162449261958743  0 0.048007942556790952  -0 0.01609190851830504  0 0 
 5.0880451634349892 4 5.1423697154233796 1 5.1966942674117709 1 5.2510188194001612 1 5.3053433713885525 1 5.3596679233769429 1 5.4139924753653341 1 5.4683170273537245 1 5.5226415793421157 1 5.5769661313305061 1 5.6312906833188965 1 5.6856152353072877 1 5.739939787295679 1 5.7942643392840694 1 5.8485888912724597 1 5.902913443260851 1 5.9572379952492414 1 6.0115625472376326 1 6.065887099226023 1 6.1202116512144134 1 6.1745362032028046 1 6.2288607551911959 1 6.2831853071795862 4
7 0 0  3 25 23  4.9873299934333196e-18 0  4.9873299934333196e-18 0.016091908518300717  4.9873299934333189e-18 0.048007942556791618  4.9873299934333189e-18 0.095162449261984083  4.9873299934333204e-18 0.14168287622083164  4.9873299934333196e-18 0.18764887816409792  4.9873299934333189e-18 0.233137056051091  4.9873299934333189e-18 0.27822090914438502  4.9873299934333189e-18 0.32297148520482427  4.9873299934333196e-18 0.36745779992137256  4.9873299934333204e-18 0.41174728296769075  4.9873299934333189e-18 0.45590618941527894  4.9873299934333204e-18 0.50000000000002998  4.9873299934333189e-18 0.54409381058484552  4.9873299934333204e-18 0.58825271703238546  4.9873299934333189e-18 0.63254220007872952  4.9873299934333196e-18 0.67702851479526305  4.9873299934333204e-18 0.72177909085572034  4.9873299934333196e-18 0.76686294394898769  4.9873299934333204e-18 0.81235112183600311  4.9873299934333204e-18 0.8583171237792564  4.9873299934333181e-18 0.90483755073810412  4.9873299934333219e-18 0.95199205744330129  4.9873299934333196e-18 0.98390809148174507  4.9873299934333196e-18 1 
 5.0880451634349892 4 5.1423697154233796 1 5.1966942674117709 1 5.2510188194001612 1 5.3053433713885525 1 5.3596679233769429 1 5.4139924753653341 1 5.4683170273537245 1 5.5226415793421157 1 5.5769661313305061 1 5.6312906833188965 1 5.6856152353072877 1 5.739939787295679 1 5.7942643392840694 1 5.8485888912724597 1 5.902913443260851 1 5.9572379952492414 1 6.0115625472376326 1 6.065887099226023 1 6.1202116512144134 1 6.1745362032028046 1 6.2288607551911959 1 6.2831853071795862 4
1 0.00764034001525765 -1.1862487545392214e-05 0 1 
1 6.2831853071795862 33.969309886569533 -1 0 
7 0 0  3 25 23  4.7123889803846897 1  4.7123889803846906 0.98317219866294769  4.7123889803846888 0.95000929701119674  4.7123889803846897 0.90157447409595515  4.7123889803846906 0.85427508692465659  4.7123889803846879 0.80795636277703575  4.7123889803846906 0.76247327557707423  4.7123889803846897 0.71769057746055698  4.7123889803846888 0.67348056378569376  4.7123889803846906 0.62972168940937989  4.7123889803846888 0.58629714770798047  4.7123889803846897 0.54309360511476723  4.7123889803846888 0.50000000000002454  4.7123889803846906 0.45690639488526669  4.7123889803846879 0.41370285229207476  4.7123889803846915 0.37027831059064265  4.7123889803846888 0.32651943621433449  4.7123889803846897 0.28230942253948255  4.7123889803846897 0.2375267244229429  4.7123889803846888 0.19204363722299247  4.7123889803846906 0.14572491307536303  4.7123889803846888 0.098425525904038205  4.7123889803846906 0.049990702988827782  4.7123889803846897 0.016827801337070531  4.7123889803846897 0 
 3.1415926535897931 4 3.2129924866259247 1 3.2843923196620564 1 3.355792152698188 1 3.4271919857343196 1 3.4985918187704517 1 3.5699916518065828 1 3.6413914848427149 1 3.7127913178788465 1 3.7841911509149782 1 3.8555909839511098 1 3.9269908169872414 1 3.998390650023373 1 4.0697904830595046 1 4.1411903160956367 1 4.2125901491317679 1 4.2839899821678999 1 4.3553898152040311 1 4.4267896482401632 1 4.4981894812762953 1 4.5695893143124264 1 4.6409891473485576 1 4.7123889803846897 4
1 6.2831853071795294 33.969309886569533 -1 0 
7 0 0  3 25 23  1.5707963267949001 0  1.5707963267949001 0.016827801337064623  1.5707963267949001 0.049990702988823944  1.5707963267949006 0.098425525904054303  1.5707963267948997 0.14572491307536226  1.5707963267949006 0.1920436372229857  1.5707963267949001 0.23752672442295839  1.5707963267948997 0.28230942253946939  1.5707963267948999 0.32651943621434537  1.5707963267949003 0.37027831059064309  1.5707963267948997 0.41370285229206499  1.5707963267948999 0.4569063948852769  1.5707963267949001 0.50000000000001565  1.5707963267948997 0.54309360511477944  1.5707963267949001 0.58629714770796437  1.5707963267948999 0.62972168940939788  1.5707963267948999 0.67348056378568943  1.5707963267949003 0.71769057746056009  1.5707963267949003 0.76247327557707367  1.5707963267949001 0.80795636277703908  1.5707963267949001 0.85427508692464749  1.5707963267948999 0.90157447409595581  1.5707963267949001 0.9500092970111903  1.5707963267949001 0.98317219866294348  1.5707963267949001 1 
 1.5707963267948966 4 1.6421961598310282 1 1.7135959928671598 1 1.7849958259032914 1 1.8563956589394233 1 1.9277954919755549 1 1.9991953250116865 1 2.0705951580478184 1 2.14199499108395 1 2.2133948241200816 1 2.2847946571562132 1 2.3561944901923448 1 2.4275943232284765 1 2.4989941562646081 1 2.5703939893007397 1 2.6417938223368713 1 2.7131936553730034 1 2.7845934884091346 1 2.8559933214452666 1 2.9273931544813983 1 2.9987929875175299 1 3.0701928205536615 1 3.1415926535897931 4
1 -3.1415926535897931 0 1 0 
1 6.2831853071795862 0 -1 0 
1 0 -33.889150471698599 1 0 
1 3.1415926535897931 -3.1415926535897931 0 1 
1 3.1415926535897931 -3.1415926535897931 0 1 
1 -3.1415926535897931 1.012197011451434 1 0 
1 6.2831853071795862 4.6061410377268563 -1 0 
1 0 -4.7123889803846897 0 1 
1 6.2831853071795862 -4.7123889803846897 0 1 
1 6.2831853071795862 1.0121970114510028 -1 0 
1 -3.1415926535897931 0.057359245282300249 1 0 
1 3.1415926535897931 1.3100631690576847e-14 0 1 
1 3.1415926535897931 1.3100631690576847e-14 0 1 
1 0 1.5707963267948966 1 0 
1 0 -1.5707963267948963 0 1 
1 6.2831853071795862 -1.5707963267948963 0 1 
1 6.2831853071795862 -1.5707963267948966 0 1 
1 0 -1.5707963267948966 0 1 
1 6.2831853071795862 4.7123889803846897 -1 0 
1 3.1415926535897931 -3.0642155479654321e-14 0 1 
1 3.1415926535897931 -3.0642155479654321e-14 0 1 
1 0 3.141592653589786 1 9.8950590089976087e-16 
1 6.2831853071795862 -0.19999999999999929 -1 0 
1 6.2831853071795862 1.0121970114510028 -1 0 
1 -3.1415926535897931 0.057359245282300249 1 0 
1 3.1415926535897931 -3.1415926535897931 0 1 
1 3.1415926535897931 -3.1415926535897931 0 1 
1 0 1.5707963267948966 1 0 
1 0 -4.7123889803846764 0 1 
1 6.2831853071795862 -4.7123889803846764 0 1 
1 6.2831853071795862 0 -1 0 
1 9.4247779607693793 -4.1108495283014008 -1 0 
1 3.1415926535897931 0 0 1 
1 3.1415926535897931 0 0 1 
1 -3.1415926535897931 1.012197011451434 1 0 
1 6.2831853071795862 4.6061410377268563 -1 0 
1 0 -1.5707963267948966 0 1 
1 6.2831853071795862 -1.5707963267948966 0 1 
1 6.2831853071795862 1.5707963267948966 0 1 
1 0 1.5707963267948966 0 1 
1 6.2831853071795862 4.7123889803846897 -1 0 
1 3.1415926535897931 3.1415926535897625 0 1 
1 3.1415926535897931 3.1415926535897625 0 1 
1 0 3.141592653589786 1 9.8950590089976087e-16 
1 6.2831853071795862 -0.19999999999999929 -1 0 
1 6.2831853071795862 3.1415926535896874 -1 1.6821600315295934e-14 
1 9.4247779607693793 -9.8000000000000007 -1 0 
1 3.1415926535897931 -2.6201263381153694e-14 0 1 
1 3.1415926535897931 -2.6201263381153694e-14 0 1 
1 0 4.7123889803846897 1 0 
1 0 -1.5707963267948966 0 1 
1 6.2831853071795862 -1.5707963267948966 0 1 
1 6.2831853071795862 1.5707963267948966 -1 0 
1 3.1415926535897931 0 0 1 
1 3.1415926535897931 0 0 1 
1 0 3.1415926535897931 1 -1.4135798584282297e-16 
1 6.2831853071795862 -9.8000000000000007 -1 0 
1 0 -1.5707963267948966 0 1 
1 6.2831853071795862 -1.5707963267948966 0 1 
1 3.1415926535897931 0 0 1 
1 3.1415926535897931 0 0 1 
1 0 2.6367796834847468e-15 0 1 
1 6.2831853071795862 2.6367796834847468e-15 0 1 
1 3.1415926535897931 2.6367796834847468e-15 0 1 
1 3.1415926535897931 2.6367796834847468e-15 0 1 
1 0 0 0 1 
1 6.2831853071795862 0 0 1 
1 0 0 0 -1 
1 6.2831853071795862 0 0 -1 
1 6.2831853071795862 -26 -1 0 
1 3.1415926535897931 0 0 -1 
1 3.1415926535897931 0 0 -1 
1 -3.1415926535897931 -12 1 0 
1 0 0 0 -1 
1 6.2831853071795862 0 0 -1 
1 -3.1415926535897931 -2 1 0 
1 3.1415926535897931 0 0 -1 
1 3.1415926535897931 0 0 -1 
1 -3.1415926535897931 0 1 0 
1 0 0 0 -1 
1 6.2831853071795862 0 0 -1 
1 3.1415926535897931 -9.8000000000000007 -1 0 
1 6.2831853071795862 3.1415926535897931 -1 -1.6821600315295934e-14 
1 3.1415926535897931 0 0 -1 
1 3.1415926535897931 0 0 -1 
1 -3.1415926535897931 0 1 0 
1 6.2831853071795862 -0.19999999999999929 -1 0 
1 0 3.1415926535897931 1 -1.2722218725854067e-15 
1 3.1415926535897931 0 0 -1 
1 3.1415926535897931 0 0 -1 
1 3.1415926535897931 -1.5 1 0 
1 6.2831853071795862 0 0 -1 
1 0 0 0 -1 
1 0 0 0 -1 
1 6.2831853071795862 0 0 -1 
1 6.2831853071795862 -2 -1 0 
1 3.1415926535897931 0 0 -1 
1 3.1415926535897931 0 0 -1 
1 6.2831853071795862 0 -1 0 
1 6.2831853071795862 -0.19999999999999929 -1 0 
1 0 3.1415926535897931 1 -1.2722218725854067e-15 
1 3.1415926535897931 0 0 -1 
1 3.1415926535897931 0 0 -1 
1 6.2831853071795862 -1.5 -1 0 
1 6.2831853071795862 0 0 -1 
1 0 0 0 -1 
1 0 0 0 -1 
1 6.2831853071795862 0 0 -1 
1 6.2831853071795862 -9.8000000000000007 -1 0 
1 0 3.1415926535897927 1 0 
1 3.1415926535897931 0 0 -1 
1 3.1415926535897931 0 0 -1 
1 6.2831853071795862 0 -1 0 
1 3.1415926535897931 0 0 -1 
1 3.1415926535897931 0 0 -1 
1 6.2831853071795862 0 0 -1 
1 0 0 0 -1 
1 3.1415926535897931 0 1 0 
1 3.1415926535897931 -2 1 0 
1 3.1415926535897931 -4.1108495283014008 -1 0 
1 6.2831853071795862 0 -1 0 
1 0 -33.889150471698599 1 0 
1 6.2831853071795862 0 -1 0 
1 6.2831853071795862 -1.5 -1 0 
1 6.2831853071795862 1.5707963267948966 -1 0 
1 6.2831853071795862 0 -1 0 
1 6.2831853071795862 -2 -1 0 
1 0 1.5707963267948966 1 0 
1 6.2831853071795862 4.7123889803846897 -1 0 
1 6.2831853071795862 0 -1 0 
1 6.2831853071795862 -26 -1 0 
1 0 1.5707963267948966 1 0 
1 6.2831853071795862 4.7123889803846897 -1 0 
1 -3.1415926535897931 -1.5 1 0 
1 0 4.7123889803846897 1 0 
1 3.1415926535897931 0 1 0 
1 3.1415926535897931 -12 1 0 
1 3.1415926535897931 0.057359245282300249 1 0 
1 6.2831853071795862 1.0121970114510028 -1 0 
1 6.2831853071795862 4.6061410377268563 -1 0 
1 3.1415926535897931 1.012197011451434 1 0 
1 3.1415926535897931 0.057359245282300249 1 0 
1 6.2831853071795862 1.0121970114510028 -1 0 
1 6.2831853071795862 4.6061410377268563 -1 0 
1 3.1415926535897931 1.012197011451434 1 0 
1 1.5707963267948966 6.2831853071795862 1 0 
1 1.5707963267948966 0 1 0 
1 3.1415926535897931 3.1415926535897909 0 1 
1 3.1415926535897931 3.1415926535897909 0 1 
1 6.2831853071795862 6.1610122595401249 -1 0 
1 6.2831853071795862 -2.2605887727232221 -1 0 
1 6.2831853071795862 1.5707963267948948 0 1 
1 0 1.5707963267948948 0 1 
1 -4.7123889803846897 6.2831853071795862 1 0 
1 -4.7123889803846897 0 1 0 
1 6.2831853071795862 6.1610122595401249 -1 0 
1 6.2831853071795862 -2.2605887727232221 -1 0 
1 0 -15.5 1 0 
1 3.9269908169872414 0 0 -1 
1 0 -10.5 1 0 
1 3.1415926535897931 -13 0 -1 
1 3.1415926535897931 -13 0 -1 
1 9.4247779607693793 -15.5 -1 0 
1 5.497787143782138 0 0 -1 
1 6.2831853071795871 -10.5 -1 0 
1 3.1415926535897931 -13 0 -1 
1 3.1415926535897931 -13 0 -1 
1 3.1415926535897931 -15.5 1 0 
1 3.9269908169872414 0 0 -1 
1 -1.3322676295501878e-15 -10.5 1 0 
1 3.1415926535897931 -13 0 -1 
1 3.1415926535897931 -13 0 -1 
1 6.2831853071795862 -15.5 -1 0 
1 5.497787143782138 0 0 -1 
1 6.2831853071795862 -10.5 -1 0 
1 3.1415926535897931 -13 0 -1 
1 3.1415926535897931 -13 0 -1 
1 0 1.5707963267948966 1 0 
1 3.1415926535897931 0 0 1 
1 3.1415926535897931 0 0 1 
1 0 3.1415926535897931 1 0 
1 0 3.1415926535897931 1 0 
1 0 -1.5707963267948966 0 1 
1 6.2831853071795862 -1.5707963267948966 0 1 
1 0 1.5707963267948966 1 0 
1 0 3.1415926535897931 1 0 
1 0 3.1415926535897931 1 0 
1 6.2831853071795862 -1.5707963267948966 0 1 
1 0 -1.5707963267948966 0 1 
1 9.4247779607693793 3.2637657012292083 -1 0 
1 0 -10.856549202775016 1 0 
1 3.1415926535897931 0 0 1 
1 3.1415926535897931 0 0 1 
1 6.2831853071795862 1.5707963267948966 -1 0 
1 3.1415926535897931 -3.1415926535897931 0 1 
1 3.1415926535897931 -3.1415926535897931 0 1 
1 0 3.1415926535897931 1 0 
1 3.1415926535897931 -2 1 0 
1 0 1.5707963267948966 0 1 
1 6.2831853071795862 1.5707963267948966 0 1 
1 3.1415926535897931 -3.1415926535897931 0 1 
1 3.1415926535897931 -3.1415926535897931 0 1 
1 0 1.5707963267948966 1 0 
1 0 -4.7123889803846897 0 1 
1 6.2831853071795862 -4.7123889803846897 0 1 
1 0 0 0 -1 
1 6.2831853071795862 0 0 -1 
7 0 0  3 91 89  2.0838438070925762 -11  2.0778268925049899 -11.062640507384772  2.0639017787377947 -11.145997663530931  2.0398162738579639 -11.195653733734538  2.0163084195715606 -11.243693884953093  1.9926055722370126 -11.282080446101016  1.9689157402691537 -11.316003186564009  1.9451910360621767 -11.346619937282641  1.9214044227603055 -11.374976954521959  1.8975878466178977 -11.401166565209298  1.8737686906856492 -11.425531262700011  1.8499744818104058 -11.448344279975075  1.8262371119304579 -11.469905725085145  1.8025701049478267 -11.49047746617631  1.7789467309163745 -11.510093810949668  1.755358180350248 -11.528822162544184  1.7317905920979029 -11.546721054662209  1.7082312639968862 -11.563851403315237  1.6846670393375838 -11.58027346471415  1.661084803882686 -11.596047751963544  1.6374713634983344 -11.611234410393962  1.6138136895759094 -11.625894799538059  1.5900983156689266 -11.640085789893899  1.5663137666791984 -11.653880993896014  1.542441714023937 -11.667291545268448  1.5185530148800506 -11.680246522329162  1.4947530343091386 -11.692722170065755  1.4710361349773109 -11.704739403534237  1.4473682401116086 -11.716333076655665  1.4237412679728059 -11.727523369795311  1.4001404721370416 -11.738333022131542  1.3765532128702993 -11.748775045225266  1.3529662156104509 -11.758864275721026  1.3293663716658763 -11.768614882948732  1.3057404175943668 -11.778041880413197  1.2820756791636507 -11.787157572234523  1.2583568005570245 -11.795969280279811  1.2345764935111101 -11.804484797885209  1.2106882047610508 -11.812721299572992  1.1867801648913652 -11.820653542224163  1.1629591274712783 -11.828249892956741  1.1392133750855096 -11.835524075869229  1.1155236159265771 -11.842486125837558  1.0918777386312457 -11.849144425695188  1.0682618564749657 -11.855507769860816  1.0446627524284613 -11.861584958454573  1.0210673268121528 -11.867384357205816  0.99746253300934151 -11.872909564735384  0.97383519176868527 -11.878164616131862  0.95017162637609143 -11.883153533514101  0.92645941857079994 -11.887879954411998  0.90268101873234874 -11.892349067681227  0.87883901741987513 -11.896556170302929  0.85497244678591799 -11.900497648190013  0.83111480309972841 -11.904170001403273  0.80729782627451541 -11.907570414369237  0.78356650540000705 -11.910693219903587  0.75991392724679763 -11.913543472899471  0.73628610943475881 -11.916131979405639  0.71268069230933395 -11.918458807301262  0.68908159438074446 -11.920526932398108  0.66547600560405396 -11.922338436947911  0.64185202398539631 -11.923896069508942  0.61817585793365259 -11.925200412983878  0.59445116807859932 -11.926249745117349  0.57067431716288453 -11.927042739749981  0.54685118311856795 -11.927578259762319  0.5229558807257193 -11.927854015779349  0.49907891378107633 -11.927872138408238  0.47529890894901256 -11.927635553290266  0.45157783604570539 -11.927142756245914  0.42790877994248733 -11.926393429787103  0.40427640766493872 -11.925386939480283  0.38066761295951773 -11.924122731982726  0.35706874701338825 -11.922600246533742  0.33346632069696536 -11.920818870953738  0.30984723055621594 -11.918778206156519  0.28619741663833642 -11.916477052101127  0.2625072698862555 -11.913917199473042  0.23875161227516586 -11.911089277005679  0.21493070469368478 -11.9079852648415  0.19106112138619927 -11.904608305108733  0.16715557248485657 -11.900958549090932  0.14322817675361807 -11.897036949465654  0.119292911757128 -11.892844244177885  0.09536388849744 -11.88838122870995  0.071455141177748399 -11.88364868312695  0.047580528736499157 -11.878647391625247  0.02375367733504603 -11.873378137293777  0.0079096636064892641 -11.86968718144443  0 -11.867797304163005 
 1.11759246059088e-05 4 0.00031237521185652233 1 0.00061357449910713581 1 0.00091477378635774933 1 0.0012159730736083629 1 0.0015171723608589764 1 0.0018183716481095899 1 0.0021195709353602037 1 0.002420770222610817 1 0.0027219695098614303 1 0.003023168797112044 1 0.0033243680843626578 1 0.0036255673716132711 1 0.0039267666588638844 1 0.0042279659461144986 1 0.0045291652333651119 1 0.0048303645206157252 1 0.0051315638078663385 1 0.0054327630951169518 1 0.005733962382367566 1 0.0060351616696181793 1 0.0063363609568687926 1 0.0066375602441194068 1 0.0069387595313700201 1 0.0072399588186206334 1 0.0075411581058712467 1 0.0078423573931218609 1 0.0081435566803724751 1 0.0084447559676230893 1 0.0087459552548737017 1 0.0090471545421243159 1 0.0093483538293749283 1 0.0096495531166255425 1 0.0099507524038761567 1 0.010251951691126769 1 0.010553150978377383 1 0.010854350265627996 1 0.01115554955287861 1 0.011456748840129224 1 0.011757948127379837 1 0.012059147414630451 1 0.012360346701881065 1 0.012661545989131677 1 0.012962745276382292 1 0.013263944563632906 1 0.013565143850883518 1 0.013866343138134132 1 0.014167542425384745 1 0.014468741712635359 1 0.014769940999885973 1 0.015071140287136586 1 0.0153723395743872 1 0.01567353886163781 1 0.015974738148888425 1 0.016275937436139039 1 0.016577136723389653 1 0.016878336010640267 1 0.017179535297890878 1 0.017480734585141492 1 0.017781933872392106 1 0.01808313315964272 1 0.018384332446893335 1 0.018685531734143945 1 0.018986731021394559 1 0.019287930308645174 1 0.019589129595895788 1 0.019890328883146402 1 0.020191528170397013 1 0.020492727457647627 1 0.020793926744898241 1 0.021095126032148855 1 0.021396325319399469 1 0.02169752460665008 1 0.021998723893900694 1 0.022299923181151309 1 0.022601122468401923 1 0.022902321755652537 1 0.023203521042903151 1 0.023504720330153762 1 0.023805919617404376 1 0.02410711890465499 1 0.024408318191905604 1 0.024709517479156218 1 0.025010716766406829 1 0.025311916053657443 1 0.025613115340908058 1 0.025914314628158672 1 0.026215513915409286 1 0.0265167132026599 4
7 0 0  3 91 89  1.0646964715985565 3.1415926535897931  1.070713374645007 3.1290642454803885  1.0846371928053049 3.112390578466437  1.1087169004219732 3.1024523805374611  1.1322150296375091 3.0928352028770805  1.1559042820044005 3.0851472437144838  1.1795766196380184 3.0783503459866841  1.2032799441241737 3.0722133886968392  1.2270412781000342 3.0665282358199302  1.2508286556770956 3.061275192589016  1.2746147272868009 3.0563853782578509  1.2983720297369676 3.0518040757925173  1.3220688073383999 3.0474728828130915  1.3456915913813385 3.0433388638697996  1.3692670773374209 3.0393935706557444  1.392804146025965 3.0356250361365542  1.4163166848605164 3.0320221223882116  1.4398174178673151 3.0285732859458383  1.4633195087193533 3.0252668556785323  1.4868360669695697 3.0220908792164383  1.5103802704201983 3.0190332143616732  1.5339651195433306 3.0160810990875189  1.5576040451648867 3.0132225843913112  1.581308466451762 3.0104410541672473  1.6050966876610218 3.0077355456835879  1.628898128658159 3.0051205713629594  1.6526078809356073 3.0026012014275629  1.6762316629358716 3.000173948407638  1.6998034898144783 2.9978314678583473  1.7233314816531757 2.9955697287008745  1.7468303838531298 2.993383633018738  1.7703128585348 2.9912714109074994  1.7937921848787475 2.9892303248741205  1.8172814686184902 2.9872575402583892  1.8407939582194823 2.9853495365595095  1.8643423145108167 2.9835034536091869  1.8879418771647314 2.9817186915794669  1.9115999411030316 2.9799932330310224  1.9353628733267572 2.9783248753537053  1.9591429234127953 2.9767161130708546  1.9828340202228674 2.9751756384852985  2.0064479057035585 2.9736996154627136  2.0300038644211753 2.9722867819466297  2.0535140300379564 2.9709357781137986  2.076992293296716 2.9696447675249322  2.1004518714323788 2.9684114965919774  2.1239058590854261 2.9672333842157004  2.1473673097596908 2.9661106319819321  2.1708494015553153 2.9650429760068815  2.1943658007452389 2.9640297249399969  2.2179289185344064 2.9630699461445733  2.2415562591360145 2.962161573386437  2.2652453386188136 2.9613089445167691  2.288957429860357 2.9605091112177915  2.3126593360523837 2.9597618937073835  2.336319618020307 2.9590679721297062  2.3598936933492483 2.9584313829757964  2.3833885289362255 2.9578516097049374  2.406857831270921 2.9573242779750668  2.4303040384025518 2.9568507684517984  2.4537432108731645 2.9564303551258053  2.4771881580701134 2.9560624366551198  2.5006507856692872 2.955745449891269  2.5241647425123959 2.9554801764530292  2.5477264784259011 2.9552667013523242  2.5713396933375501 2.9551053036465329  2.5949986387917576 2.9549960328798828  2.6187291117380118 2.9549402775169855  2.642441323807057 2.9549348765349435  2.6660572859351479 2.954978505421014  2.6896148568719016 2.9550740274688785  2.7131209917098529 2.9552226123737406  2.7365910034248455 2.9554253111529341  2.7600379929673853 2.9556826417401663  2.7834756007369368 2.9559946858984616  2.806917310191539 2.9563611411595292  2.8303762253667659 2.9567810525951614  2.8538664021003468 2.9572538814250651  2.8773974897097232 2.9577755572381221  2.9009945741377479 2.958353268998505  2.9246574735463278 2.9589923037734187  2.9483698369532148 2.9596870415594738  2.9721191407248959 2.9604357441565541  2.9958914609119933 2.9612365982477833  3.0196730076068308 2.9620887719368918  3.0434498510614665 2.9629921212364447  3.0672081286249444 2.9639472437098995  3.0909341404363775 2.9649554555216424  3.1146144068744364 2.9660186903705976  3.1303621234301198 2.9667660634694881  3.1382240166691489 2.9671498131095153 
 1.11759246059088e-05 4 0.00031237521185652233 1 0.00061357449910713581 1 0.00091477378635774933 1 0.0012159730736083629 1 0.0015171723608589764 1 0.0018183716481095899 1 0.0021195709353602037 1 0.002420770222610817 1 0.0027219695098614303 1 0.003023168797112044 1 0.0033243680843626578 1 0.0036255673716132711 1 0.0039267666588638844 1 0.0042279659461144986 1 0.0045291652333651119 1 0.0048303645206157252 1 0.0051315638078663385 1 0.0054327630951169518 1 0.005733962382367566 1 0.0060351616696181793 1 0.0063363609568687926 1 0.0066375602441194068 1 0.0069387595313700201 1 0.0072399588186206334 1 0.0075411581058712467 1 0.0078423573931218609 1 0.0081435566803724751 1 0.0084447559676230893 1 0.0087459552548737017 1 0.0090471545421243159 1 0.0093483538293749283 1 0.0096495531166255425 1 0.0099507524038761567 1 0.010251951691126769 1 0.010553150978377383 1 0.010854350265627996 1 0.01115554955287861 1 0.011456748840129224 1 0.011757948127379837 1 0.012059147414630451 1 0.012360346701881065 1 0.012661545989131677 1 0.012962745276382292 1 0.013263944563632906 1 0.013565143850883518 1 0.013866343138134132 1 0.014167542425384745 1 0.014468741712635359 1 0.014769940999885973 1 0.015071140287136586 1 0.0153723395743872 1 0.01567353886163781 1 0.015974738148888425 1 0.016275937436139039 1 0.016577136723389653 1 0.016878336010640267 1 0.017179535297890878 1 0.017480734585141492 1 0.017781933872392106 1 0.01808313315964272 1 0.018384332446893335 1 0.018685531734143945 1 0.018986731021394559 1 0.019287930308645174 1 0.019589129595895788 1 0.019890328883146402 1 0.020191528170397013 1 0.020492727457647627 1 0.020793926744898241 1 0.021095126032148855 1 0.021396325319399469 1 0.02169752460665008 1 0.021998723893900694 1 0.022299923181151309 1 0.022601122468401923 1 0.022902321755652537 1 0.023203521042903151 1 0.023504720330153762 1 0.023805919617404376 1 0.02410711890465499 1 0.024408318191905604 1 0.024709517479156218 1 0.025010716766406829 1 0.025311916053657443 1 0.025613115340908058 1 0.025914314628158672 1 0.026215513915409286 1 0.0265167132026599 4
1 -3.1415926535897931 -11 1 0 
1 3.1415926535897931 0 0 -1 
1 3.1415926535897931 0 0 -1 
1 -3.1415926535897931 -2 1 0 
1 0 3.1415926535897931 1 0 
1 0 -10.856549202775016 1 0 
1 3.1415926535897931 3.2637657012292083 -1 0 
1 3.1415926535897931 5.3290705182007514e-15 0 1 
1 3.1415926535897931 5.3290705182007514e-15 0 1 
1 0 5.3290705182007514e-15 0 1 
1 6.2831853071795862 5.3290705182007514e-15 0 1 
1 3.9269908169872414 0 0 -1 
1 -4.4408920985006262e-16 -15.5 1 0 
1 6.2831853071795862 0 0 -1 
1 0 0 0 -1 
1 -1.7763568394002505e-15 -10.5 1 0 
1 5.497787143782138 0 0 -1 
1 9.4247779607693793 -15.5 -1 0 
1 6.2831853071795862 0 0 -1 
1 0 0 0 -1 
1 6.2831853071795862 -10.5 -1 0 
1 3.9269908169872414 0 0 -1 
1 3.1415926535897931 -15.5 1 0 
1 6.2831853071795862 0 0 -1 
1 0 0 0 -1 
1 0 -10.5 1 0 
1 5.497787143782138 0 0 -1 
1 6.2831853071795862 -15.5 -1 0 
1 6.2831853071795862 0 0 -1 
1 0 0 0 -1 
1 6.2831853071795862 -10.5 -1 0 
1 0 1.5707963267948966 1 0 
1 3.1415926535897931 5.773159728050814e-15 0 1 
1 3.1415926535897931 5.773159728050814e-15 0 1 
7 0 0  3 25 23  3.1382240166691489 2.9671498131095153  3.1382750654810478 2.9671523051877911  3.1383771622903027 2.9671572900974299  3.1385303050643349 2.9671647697213563  3.1386834454022843 2.9671722516049472  3.1388365833079304 2.9671797357484246  3.138989718785036 2.9671872221519733  3.1391428518373825 2.9671947108158054  3.1392959824687328 2.9672022017401192  3.1394491106828628 2.967209694925125  3.1396022364835399 2.9672171903710187  3.1397553598745382 2.967224688078002  3.1399084808596225 2.967232188046256  3.1400615994425656 2.9672396902760152  3.1402147156271387 2.9672471947674497  3.1403678294171029 2.9672547015207527  3.1405209408162373 2.9672622105361381  3.140674049828299 2.9672697218137993  3.1408271564570658 2.9672772353539263  3.1409802607062969 2.9672847511567131  3.1411333625797662 2.9672922692223422  3.1412864620812333 2.9672997895510349  3.141439559214473 2.9673073121429465  3.1415416223936528 2.9673123287131777  3.1415926535897931 2.9673148373755662 
 0.0265167132026599 4 0.026518668939309438 1 0.026520624675958972 1 0.02652258041260851 1 0.026524536149258045 1 0.026526491885907583 1 0.026528447622557117 1 0.026530403359206655 1 0.026532359095856189 1 0.026534314832505727 1 0.026536270569155262 1 0.0265382263058048 1 0.026540182042454338 1 0.026542137779103872 1 0.02654409351575341 1 0.026546049252402944 1 0.026548004989052482 1 0.026549960725702017 1 0.026551916462351555 1 0.026553872199001089 1 0.026555827935650627 1 0.026557783672300161 1 0.026559739408949699 4
7 0 0  3 25 23  6.2831853071795862 -11.867797304163005  6.2831339481771629 -11.867785032878102  6.2830312310181418 -11.867760486583784  6.2828771578133136 -11.867723655967769  6.2827230871384039 -11.867686814176212  6.2825690189896459 -11.867649961208079  6.2824149533632481 -11.867613097062351  6.2822608902554542 -11.867576221738069  6.2821068296624683 -11.86753933523414  6.2819527715805297 -11.867502437549579  6.2817987160058522 -11.867465528683336  6.2816446629346672 -11.867428608634427  6.2814906123631973 -11.867391677401894  6.2813365642876677 -11.867354734984556  6.2811825187043109 -11.86731778138155  6.2810284756093386 -11.867280816591819  6.2808744349989984 -11.867243840614337  6.2807203968694978 -11.867206853448025  6.2805663612170779 -11.867169855091941  6.2804123280379569 -11.867132845545017  6.2802582973283698 -11.867095824806356  6.2801042690845383 -11.867058792874706  6.279950243302701 -11.867021749749325  6.2798475610869531 -11.866997046869107  6.2797962203881532 -11.866984693562998 
 0.0265167132026599 4 0.026518668939309438 1 0.026520624675958972 1 0.02652258041260851 1 0.026524536149258045 1 0.026526491885907583 1 0.026528447622557117 1 0.026530403359206655 1 0.026532359095856189 1 0.026534314832505727 1 0.026536270569155262 1 0.0265382263058048 1 0.026540182042454338 1 0.026542137779103872 1 0.02654409351575341 1 0.026546049252402944 1 0.026548004989052482 1 0.026549960725702017 1 0.026551916462351555 1 0.026553872199001089 1 0.026555827935650627 1 0.026557783672300161 1 0.026559739408949699 4
1 6.2831853071795862 3.1415926535897931 -1 0 
1 0 1.570796326794891 0 1 
1 6.2831853071795862 1.570796326794891 0 1 
1 3.1415926535897931 0 0 1 
1 0 0 0 1 
1 6.2831853071795862 4.7123889803846879 -1 1.8245208461865799e-15 
1 0 0 0 1 
1 0 0 0 1 
1 3.1415926535897931 0 0 1 
1 6.2831853071795862 4.7123889803846968 -1 -1.2163472307910532e-15 
1 3.1415926535897931 0 0 1 
1 0 0 1 0 
1 0 0 1 0 
1 0 0 1 0 
1 0 0 1 0 
1 -1.6653345369377348e-15 -10.5 1 0 
1 0 -10.5 1 0 
1 6.2831853071795862 -10.5 -1 0 
1 6.2831853071795862 -10.5 -1 0 
1 0 4.5 1 0 
1 -4.4408920985006262e-16 4.5 1 0 
1 6.2831853071795862 -10.5 -1 0 
1 6.2831853071795862 -10.5 -1 0 
1 0 -10.5 1 0 
1 0 -10.5 1 0 
1 6.2831853071795862 -5 -1 0 
1 6.2831853071795862 -5 -1 0 
1 6.2831853071795862 -5 -1 0 
1 6.2831853071795862 -5 -1 0 
1 -3.1415926535897931 -15.5 1 0 
1 -3.1415926535897936 -15.5 1 0 
1 6.2831853071795862 -15.5 -1 0 
1 6.2831853071795862 -15.5 -1 0 
1 0 1.5707963267948966 1 0 
1 3.1415926535897931 -29.764702249476631 0 1 
1 3.1415926535897931 3.7499999999999987 0 1 
1 6.2831853071795862 40.000000000000028 0 1 
1 -4.4408920985006262e-16 1.5707963267949154 1 -3.0847544510365091e-15 
1 6.2831853071795862 -29.764702249476667 0 1 
1 6.2831853071795862 3.7500000000000013 0 1 
1 3.1415926535897931 39.999999999999972 0 1 
1 3.1415926535897931 -15.5 -1 0 
1 3.1415926535897931 -15.5 -1 0 
1 0 -15.5 1 0 
1 0 -15.5 1 0 
1 3.1415926535897931 0 0 -1 
1 3.1415926535897931 0 0 1 
1 4.7123889803846897 0 0 1 
1 4.7123889803846897 0 0 -1 
1 6.2831853071795862 0 0 -1 
1 0 0 0 1 
1 1.5707963267948966 0 0 -1 
1 1.5707963267948966 0 0 1 
1 0 1.5707963267948966 1 0 
1 6.2831853071795862 3.1415926535897931 -1 -4.2622120558034119e-16 
7 0 0  3 47 45  3.1415926535897931 2.9673148373755662  3.1496148782080757 2.9677091642721209  3.1656401618015537 2.9685144233596561  3.1896343280017603 2.9697757219355907  3.2135983769433141 2.9710942095993333  3.2375462858851978 2.9724730177076988  3.2614922084593356 2.9739148647142275  3.2854503931359198 2.9754220009295032  3.3094353851290714 2.9769962581600184  3.3334610176319339 2.9786389839578251  3.3575439601649246 2.9803513480493682  3.3816902442916721 2.9821332920813384  3.4059453151369499 2.9839875513704084  3.4302069919493219 2.9859047632683446  3.4543711365116234 2.9878807249846071  3.4784811896000201 2.9899225970786318  3.502541146120238 2.9920340037808515  3.5265656119959288 2.9942190493328313  3.5505663645491383 2.9964812749984602  3.5745558248835194 2.9988239463679349  3.5985463845477801 3.0012500895407341  3.6225494069271593 3.0037622136725961  3.6465796773968702 3.0063635525721191  3.670638383815449 3.0090535581252964  3.6947765252562843 3.0118448825861006  3.7189994772580515 3.0147474636980625  3.743262376794827 3.0177592693693054  3.7675328104280328 3.0208830451942892  3.7917777312133203 3.024121956401935  3.8159545201076459 3.0274794757614067  3.8400916819588362 3.0309609349062323  3.8642040697969415 3.0345863553411618  3.8883046264579439 3.0383732440688425  3.9124091696139485 3.0423383803042898  3.9365238260439384 3.046502421485735  3.960690231615918 3.0508699653086397  3.9849160933866559 3.055486945353445  4.0091732486812246 3.0604170483925066  4.0334430312482068 3.065716804596005  4.0577040536771172 3.0714575958191528  4.0819366401835575 3.0776616366277429  4.1061275829681527 3.0845322469914915  4.130321658223731 3.0922950258224193  4.1543363727279337 3.102024736723866  4.1788469499868306 3.1119952168885008  4.1931188870001108 3.1288766276954205  4.1993415000870113 3.1415926535897918 
 0.026559739408949699 4 0.026867184951078003 1 0.027174630493206304 1 0.027482076035334604 1 0.027789521577462908 1 0.028096967119591212 1 0.028404412661719513 1 0.028711858203847813 1 0.029019303745976117 1 0.029326749288104421 1 0.029634194830232722 1 0.029941640372361022 1 0.030249085914489326 1 0.03055653145661763 1 0.030863976998745931 1 0.031171422540874232 1 0.031478868083002536 1 0.03178631362513084 1 0.032093759167259137 1 0.032401204709387441 1 0.032708650251515745 1 0.033016095793644049 1 0.033323541335772353 1 0.03363098687790065 1 0.033938432420028954 1 0.034245877962157258 1 0.034553323504285555 1 0.034860769046413859 1 0.035168214588542163 1 0.035475660130670467 1 0.035783105672798771 1 0.036090551214927068 1 0.036397996757055372 1 0.036705442299183676 1 0.037012887841311973 1 0.037320333383440277 1 0.037627778925568581 1 0.037935224467696885 1 0.038242670009825189 1 0.038550115551953486 1 0.03885756109408179 1 0.039165006636210094 1 0.039472452178338391 1 0.039779897720466695 1 0.040087343262594999 4
7 0 0  3 47 45  6.2797962203881532 -11.866984693562998  6.2717253415259435 -11.865042730217635  6.2556035305255904 -11.861070135029051  6.2314668944294631 -11.854835810126961  6.2073626736059726 -11.848316626012187  6.1832768716972524 -11.841503157228702  6.1591953206251731 -11.834385972238421  6.1351037642705322 -11.82695566219425  6.1109876567180326 -11.819202733566724  6.0868331772191171 -11.811118008865245  6.0626236655154271 -11.802691131126375  6.0383531635187744 -11.79391614523847  6.0139761184741651 -11.78477066815624  5.989595343846986 -11.775293626716469  5.9653155134286218 -11.765516493595738  5.9410930011977463 -11.755409431922992  5.9169238275769711 -11.744959031591536  5.8927933570350648 -11.734147484985574  5.8686898046044469 -11.722958147760581  5.8446007471023433 -11.711374119996474  5.8205138002920389 -11.699378360803921  5.7964176231959739 -11.686954648746225  5.7722974453826419 -11.674083625545759  5.7481521745673598 -11.660757660835106  5.7239306610936875 -11.646925349447761  5.6996275819752507 -11.632540663560372  5.6752880708277438 -11.617601178105113  5.6509446994431309 -11.602093342256419  5.6266306425520458 -11.586004505464233  5.6023886018226827 -11.569329541834138  5.5781900563393698 -11.552030150571481  5.5540201217279428 -11.53400940498485  5.5298658453701792 -11.515179948917364  5.5057114030150158 -11.495457732546393  5.4815507038993285 -11.474735910177827  5.4573420542751059 -11.452995513269313  5.4330777888472843 -11.430005568796856  5.4087861896795344 -11.405441889784221  5.3844859815945725 -11.379021763929405  5.3601985884423415 -11.350389794184824  5.335943678501101 -11.319439847811458  5.3117344809332021 -11.285150579090423  5.2875262261577776 -11.246391631066006  5.2635013687749712 -11.197790379447198  5.238984758943908 -11.147973899977627  5.2247114680578211 -11.06357844512039  5.2184888355810282 -11 
 0.026559739408949699 4 0.026867184951078003 1 0.027174630493206304 1 0.027482076035334604 1 0.027789521577462908 1 0.028096967119591212 1 0.028404412661719513 1 0.028711858203847813 1 0.029019303745976117 1 0.029326749288104421 1 0.029634194830232722 1 0.029941640372361022 1 0.030249085914489326 1 0.03055653145661763 1 0.030863976998745931 1 0.031171422540874232 1 0.031478868083002536 1 0.03178631362513084 1 0.032093759167259137 1 0.032401204709387441 1 0.032708650251515745 1 0.033016095793644049 1 0.033323541335772353 1 0.03363098687790065 1 0.033938432420028954 1 0.034245877962157258 1 0.034553323504285555 1 0.034860769046413859 1 0.035168214588542163 1 0.035475660130670467 1 0.035783105672798771 1 0.036090551214927068 1 0.036397996757055372 1 0.036705442299183676 1 0.037012887841311973 1 0.037320333383440277 1 0.037627778925568581 1 0.037935224467696885 1 0.038242670009825189 1 0.038550115551953486 1 0.03885756109408179 1 0.039165006636210094 1 0.039472452178338391 1 0.039779897720466695 1 0.040087343262594999 4
1 0 -3.7499999999999987 0 1 
1 0 -39.999999999999972 0 1 
1 6.2831853071795862 4.7123889803846897 -1 9.1604331326669508e-16 
1 0 -39.999999999999957 0 1 
1 3.1415926535897931 3.7499999999999987 0 1 
1 3.1415926535897931 39.999999999999972 0 1 
1 6.2831853071795862 4.7123889803846932 -1 -6.1069554217779672e-16 
1 3.1415926535897931 39.999999999999964 0 1 
7 0 0  3 25 23  1.5707963267948966 -80  1.5493703832253778 -80.000000974262264  1.5059421431879139 -79.999586095951656  1.4391642892979342 -79.997631205782014  1.3708371867925184 -79.994256228617814  1.3010726996410322 -79.989392627491995  1.2299995243287669 -79.982988842634029  1.1577649450517096 -79.975015071827457  1.0845330690321784 -79.965465649335599  1.0104832857381205 -79.954361191033257  0.93580796246457332 -79.941749660561157  0.86070969990504298 -79.927706378073921  0.78539816339757684 -79.912332848592072  0.71008662688995361 -79.895754433693497  0.63498836433050121 -79.878116967520313  0.56031304105686031 -79.859582507563999  0.48626325776290819 -79.840324478940317  0.41303138174324527 -79.820522506179245  0.34079680246625277 -79.800357260108157  0.26972362715402187 -79.780005540919674  0.19995914000237155 -79.759636095916647  0.13163203749718014 -79.739405401645669  0.064854183606957716 -79.719457067250673  0.021425943569463007 -79.706426792483057  0 -79.699999999999989 
 3.14159265358979 4 3.2129924866259216 1 3.2843923196620537 1 3.3557921526981853 1 3.4271919857343174 1 3.498591818770449 1 3.5699916518065811 1 3.6413914848427127 1 3.7127913178788443 1 3.7841911509149764 1 3.855590983951108 1 3.9269908169872396 1 3.9983906500233717 1 4.0697904830595037 1 4.1411903160956349 1 4.212590149131767 1 4.2839899821678991 1 4.3553898152040311 1 4.4267896482401623 1 4.4981894812762944 1 4.5695893143124255 1 4.6409891473485576 1 4.7123889803846897 4
7 0 0  3 25 23  4.7123889803846897 7.5  4.6909630368151713 7.5000009742622717  4.6475347967777072 7.4995860959516616  4.5807569428877279 7.4976312057819978  4.512429840382314 7.494256228617842  4.4426653532308293 7.4893926274920064  4.3715921779185507 7.4829888426340494  4.2993575986414996 7.4750150718274657  4.2261257226219895 7.465465649335612  4.1520759393278812 7.4543611910333052  4.0774006160543621 7.4417496605611264  4.0023023534947875 7.4277063780739674  3.9269908169873817 7.4123328485920581  3.8516792804796318 7.3957544336935692  3.776581017920277 7.3781169675203282  3.701905694646547 7.3595825075640322  3.62785591135267 7.3403244789403441  3.5546240353329721 7.3205225061792749  3.4823894560559827 7.3003572601081981  3.4113162807436908 7.2800055409197384  3.3415517935921231 7.2596360959166484  3.2732246910869214 7.2394054016457172  3.2064468371967521 7.2194570672506613  3.1630185971592648 7.2064267924830521  3.1415926535897931 7.2000000000000002 
 3.14159265358979 4 3.2129924866259216 1 3.2843923196620537 1 3.3557921526981853 1 3.4271919857343174 1 3.498591818770449 1 3.5699916518065811 1 3.6413914848427127 1 3.7127913178788443 1 3.7841911509149764 1 3.855590983951108 1 3.9269908169872396 1 3.9983906500233717 1 4.0697904830595037 1 4.1411903160956349 1 4.212590149131767 1 4.2839899821678991 1 4.3553898152040311 1 4.4267896482401623 1 4.4981894812762944 1 4.5695893143124255 1 4.6409891473485576 1 4.7123889803846897 4
1 1.5707963267948966 0 0 -1 
1 4.7123889803846897 -39.999999999999972 0 1 
7 0 0  3 25 23  0 -69.498940658945699  0.020839117941304608 -69.504503209085357  0.062540614668457714 -69.515632705952441  0.12523454633827619 -69.532294680521701  0.18813452648638856 -69.548878924697263  0.25133131452388202 -69.565339975902646  0.31493370308544039 -69.581632382385948  0.37907076366063064 -69.597710652010804  0.44389147340775098 -69.61352944335421  0.50956133317479591 -69.629042852524449  0.57627011739380973 -69.644207074790756  0.64419360019181326 -69.658970471247798  0.71362235463888879 -69.673310640527262  0.78446056829794775 -69.687096065287534  0.8564473136710743 -69.700133129200182  0.92975437237070846 -69.712336978446288  1.0045048337660571 -69.723594758792984  1.0808695038939251 -69.733796855153273  1.1591705489169386 -69.742848696271139  1.2390557345706863 -69.750508970917267  1.3203087506753886 -69.756674204359115  1.4027448256876112 -69.761225795729302  1.4862097541319519 -69.764049198588509  1.5425019500737687 -69.764702249476585  1.5707963267948966 -69.764702249476599 
 -3.4759050751423701e-06 4 2.162740464171828e-05 1 4.6730714358578931e-05 1 7.1834024075439589e-05 1 9.6937333792300234e-05 1 0.00012204064350916088 1 0.00014714395322602155 1 0.0001722472629428822 1 0.00019735057265974284 1 0.00022245388237660348 1 0.00024755719209346416 1 0.00027266050181032483 1 0.0002977638115271855 1 0.00032286712124404612 1 0.00034797043096090679 1 0.00037307374067776741 1 0.00039817705039462808 1 0.00042328036011148875 1 0.00044838366982834937 1 0.00047348697954521004 1 0.0004985902892620706 1 0.00052369359897893133 1 0.00054879690869579195 4
7 0 0  3 25 23  6.166760853696224 4.7123889803847732  6.1665735536139277 4.7332273479653209  6.1661989170789235 4.7749266562630979  6.1656383910980779 4.8376164136580533  6.1650808348596042 4.900512644131986  6.164527778826832 4.9637069167419918  6.1639807463385852 5.0273084838970146  6.1634412545405901 5.0914464957634893  6.1629108084564033 5.1562696685059617  6.1623909252103601 5.2219429595200744  6.1618830448089703 5.2886553489111847  6.1613888648398376 5.3565817898869206  6.1609090932430002 5.4260115938055682  6.1604481051738844 5.4968493042444289  6.1600123676327438 5.5688358570995877  6.1596046765245207 5.6421429256109406  6.1592287620023622 5.7168936090228524  6.1588882383786174 5.7932584923107742  6.1585862137461218 5.8715595309142179  6.1583307129846867 5.951445050513688  6.1581251306213014 6.0326981464405769  6.1579733802422245 6.1151340446331055  6.1578792500846999 6.1985987651528109  6.1578574778830868 6.2548909069166854  6.1578574760115208 6.2831853071795862 
 -3.4759050751423701e-06 4 2.162740464171828e-05 1 4.6730714358578931e-05 1 7.1834024075439589e-05 1 9.6937333792300234e-05 1 0.00012204064350916088 1 0.00014714395322602155 1 0.0001722472629428822 1 0.00019735057265974284 1 0.00022245388237660348 1 0.00024755719209346416 1 0.00027266050181032483 1 0.0002977638115271855 1 0.00032286712124404612 1 0.00034797043096090679 1 0.00037307374067776741 1 0.00039817705039462808 1 0.00042328036011148875 1 0.00044838366982834937 1 0.00047348697954521004 1 0.0004985902892620706 1 0.00052369359897893133 1 0.00054879690869579195 4
7 0 0  3 25 23  4.7123889803846897 0  4.6909630368151713 -9.7426227225949836e-07  4.6475347967777072 0.00041390404833585126  4.5807569428877279 0.0023687942180008132  4.512429840382314 0.0057437713821535414  4.4426653532308293 0.010607372507988773  4.3715921779185507 0.017011157365945846  4.2993575986414996 0.024984928172529782  4.2261257226219895 0.034534350664381368  4.1520759393278812 0.045638808966687761  4.0774006160543621 0.058250339438869522  4.0023023534947875 0.07229362192602469  3.9269908169873817 0.08766715140793678  3.8516792804796318 0.10424556630642565  3.776581017920277 0.12188303247966722  3.701905694646547 0.14041749243595963  3.62785591135267 0.15967552105965191  3.5546240353329721 0.17947749382071901  3.4823894560559827 0.19964273989179998  3.4113162807436908 0.21999445908025805  3.3415517935921231 0.24036390408334873  3.2732246910869214 0.26059459835428062  3.2064468371967521 0.28054293274933734  3.1630185971592648 0.29357320751694949  3.1415926535897931 0.30000000000000027 
 3.14159265358979 4 3.2129924866259216 1 3.2843923196620537 1 3.3557921526981853 1 3.4271919857343174 1 3.498591818770449 1 3.5699916518065811 1 3.6413914848427127 1 3.7127913178788443 1 3.7841911509149764 1 3.855590983951108 1 3.9269908169872396 1 3.9983906500233717 1 4.0697904830595037 1 4.1411903160956349 1 4.212590149131767 1 4.2839899821678991 1 4.3553898152040311 1 4.4267896482401623 1 4.4981894812762944 1 4.5695893143124255 1 4.6409891473485576 1 4.7123889803846897 4
7 0 0  3 25 23  4.7123889803846897 80  4.6909630368151713 80.000000974262264  4.6475347967777072 79.999586095951656  4.5807569428877279 79.997631205782014  4.5124298403823131 79.994256228617814  4.4426653532308276 79.989392627491995  4.3715921779185658 79.982988842634029  4.2993575986415093 79.975015071827457  4.2261257226219797 79.965465649335599  4.1520759393279256 79.954361191033257  4.0774006160543808 79.941749660561157  4.0023023534948514 79.927706378073921  3.9269908169873839 79.912332848592072  3.8516792804797646 79.895754433693497  3.7765810179203094 79.878116967520313  3.7019056946466717 79.859582507563999  3.6278559113527145 79.840324478940317  3.5546240353330583 79.820522506179245  3.4823894560560564 79.800357260108157  3.4113162807438262 79.780005540919674  3.3415517935921755 79.759636095916647  3.2732246910869782 79.739405401645669  3.2064468371967538 79.719457067250673  3.1630185971592573 79.706426792483057  3.1415926535897931 79.699999999999989 
 3.14159265358979 4 3.2129924866259216 1 3.2843923196620537 1 3.3557921526981853 1 3.4271919857343174 1 3.498591818770449 1 3.5699916518065811 1 3.6413914848427127 1 3.7127913178788443 1 3.7841911509149764 1 3.855590983951108 1 3.9269908169872396 1 3.9983906500233717 1 4.0697904830595037 1 4.1411903160956349 1 4.212590149131767 1 4.2839899821678991 1 4.3553898152040311 1 4.4267896482401623 1 4.4981894812762944 1 4.5695893143124255 1 4.6409891473485576 1 4.7123889803846897 4
1 4.7123889803846897 0 0 -1 
1 1.5707963267948966 3.7499999999999987 0 1 
1 -4.4408920985006262e-16 6.2831853071795862 1 0 
1 -4.4408920985006262e-16 3.1415926535896532 1 2.2581299435256759e-14 
7 0 0  3 25 23  3.2580171070731558 4.712388980384584  3.2582044071554517 4.7332273479651814  3.2585790436904549 4.7749266562630135  3.2591395696713015 4.8376164136579689  3.2596971259097742 4.9005126441319984  3.2602501819425469 4.9637069167419678  3.260797214430792 5.0273084838970465  3.2613367062287892 5.0914464957635284  3.2618671523129756 5.1562696685059883  3.2623870355590192 5.2219429595201436  3.2628949159604081 5.2886553489112389  3.26338909592954 5.3565817898868913  3.2638688675263809 5.4260115938053612  3.2643298555954954 5.4968493042444821  3.2647655931366346 5.5688358570994509  3.2651732842448595 5.6421429256108127  3.2655491987670175 5.7168936090229234  3.2658897223907606 5.7932584923105512  3.2661917470232584 5.8715595309143049  3.2664472477846913 5.9514450505135983  3.2666528301480784 6.0326981464407146  3.2668045805271539 6.1151340446331037  3.266898710684679 6.1985987651528243  3.2669204828862917 6.2548909069166925  3.2669204847578586 6.2831853071795871 
 -3.4759050751469902e-06 4 2.1627404641713868e-05 1 4.6730714358574723e-05 1 7.1834024075435578e-05 1 9.6937333792296439e-05 1 0.00012204064350915729 1 0.00014714395322601816 1 0.00017224726294287902 1 0.00019735057265973989 1 0.00022245388237660075 1 0.00024755719209346155 1 0.00027266050181032244 1 0.00029776381152718328 1 0.00032286712124404417 1 0.000347970430960905 1 0.00037307374067776589 1 0.00039817705039462672 1 0.00042328036011148756 1 0.00044838366982834845 1 0.00047348697954520928 1 0.00049859028926207017 1 0.00052369359897893111 1 0.00054879690869579195 4
7 0 0  3 25 23  0 -10.501059341054297  0.020839117941274056 -10.495496790914638  0.062540614668384523 -10.484367294047514  0.12523454633817047 -10.467705319478274  0.18813452648627696 -10.451121075302664  0.25133131452372004 -10.434660024097292  0.31493370308535545 -10.418367617613994  0.37907076366052822 -10.4022893479891  0.44389147340768509 -10.386470556645738  0.50956133317474472 -10.370957147475456  0.57627011739383982 -10.355792925209176  0.64419360019178729 -10.341029528752118  0.71362235463876345 -10.326689359472715  0.78446056829809041 -10.312903934712441  0.85644731367104376 -10.299866870799779  0.92975437237068859 -10.287663021553719  1.0045048337661675 -10.276405241206962  1.0808695038937512 -10.266203144846704  1.159170548917011 -10.257151303728797  1.2390557345705753 -10.249491029082625  1.3203087506754914 -10.243325795640805  1.4027448256875845 -10.23877420427058  1.486209754131957 -10.235950801411365  1.542501950073774 -10.235297750523305  1.5707963267948966 -10.235297750523298 
 -3.4759050751469902e-06 4 2.1627404641713868e-05 1 4.6730714358574723e-05 1 7.1834024075435578e-05 1 9.6937333792296439e-05 1 0.00012204064350915729 1 0.00014714395322601816 1 0.00017224726294287902 1 0.00019735057265973989 1 0.00022245388237660075 1 0.00024755719209346155 1 0.00027266050181032244 1 0.00029776381152718328 1 0.00032286712124404417 1 0.000347970430960905 1 0.00037307374067776589 1 0.00039817705039462672 1 0.00042328036011148756 1 0.00044838366982834845 1 0.00047348697954520928 1 0.00049859028926207017 1 0.00052369359897893111 1 0.00054879690869579195 4
7 0 0  3 25 23  4.7123889803846897 69.764702249476599  4.68409422105736 69.764702249476585  4.6278012716486936 69.764049180870686  4.5443352458207054 69.761225703023612  4.4618981025550282 69.756673993063956  4.3806440480730453 69.750508602006391  4.300757859171954 69.742848136162976  4.2224558424285163 69.733796072467399  4.1460903064939174 69.723593746342246  4.0713389867175653 69.71233570587863  3.9980312645328819 69.700131642235064  3.9260432185227541 69.68709412490189  3.8552060365162042 69.673309066974468  3.7857694451123112 69.658966128796379  3.7178205725737596 69.644194602664882  3.6510758844510209 69.629019680108669  3.5853640561595563 69.613494446373196  3.5205017039935917 69.597664512605107  3.4563301054021816 69.581577492629748  3.3927075448425112 69.565280463656308  3.3295123658099328 69.548820646680014  3.2666430909756299 69.532245224167937  3.2040160152609105 69.515601388914078  3.1623872783101912 69.504491350259585  3.1415926535897931 69.498940658945699 
 0 4 2.5049791857571366e-05 1 5.0099583715142732e-05 1 7.5149375572714091e-05 1 0.00010019916743028546 1 0.00012524895928785684 1 0.00015029875114542818 1 0.00017534854300299955 1 0.00020039833486057093 1 0.0002254481267181423 1 0.00025049791857571367 1 0.00027554771043328502 1 0.00030059750229085636 1 0.00032564729414842776 1 0.00035069708600599911 1 0.00037574687786357051 1 0.00040079666972114185 1 0.0004258464615787132 1 0.0004508962534362846 1 0.00047594604529385595 1 0.00050099583715142735 1 0.00052604562900899869 1 0.00055109542086657004 4
7 0 0  3 25 23  0.12532783116806542 6.2831853071795862  0.12532782929640404 6.2548905243091655  0.12530605650403945 6.1985976290815978  0.12521192384614646 6.1151318111899329  0.12506016951251556 6.0326948447533848  0.12485458189135581 5.9514407104429692  0.12459907474848619 5.8715541875823529  0.12429704268197277 5.7932521772449377  0.12395651137704743 5.7168864281986753  0.12358058815507024 5.6421348862135847  0.12317288985470526 5.568827154924251  0.12273713716599569 5.4968392987946926  0.12227616119067496 5.4260026298657538  0.12179629747573731 5.3565649522119561  0.12130184667354825 5.2886130133263141  0.12079360909370468 5.2218645935687933  0.12027333028876774 5.156149219972173  0.11974251046261189 5.091284332632025  0.11920272401374706 5.0271117702409374  0.1186555343937042 4.9634900833864339  0.11810251724540249 4.900297527191487  0.11754525477911804 4.8374321389992296  0.11698533658783419 4.7748093645253444  0.11661135428543686 4.7331828552607753  0.11642445348336242 4.7123889803847732 
 0 4 2.5049791857571366e-05 1 5.0099583715142732e-05 1 7.5149375572714091e-05 1 0.00010019916743028546 1 0.00012524895928785684 1 0.00015029875114542818 1 0.00017534854300299955 1 0.00020039833486057093 1 0.0002254481267181423 1 0.00025049791857571367 1 0.00027554771043328502 1 0.00030059750229085636 1 0.00032564729414842776 1 0.00035069708600599911 1 0.00037574687786357051 1 0.00040079666972114185 1 0.0004258464615787132 1 0.0004508962534362846 1 0.00047594604529385595 1 0.00050099583715142735 1 0.00052604562900899869 1 0.00055109542086657004 4
1 4.7123889803846897 0 0 -1 
1 1.5707963267948966 39.999999999999964 0 1 
1 1.5707963267948966 0 0 -1 
1 4.7123889803846897 -39.999999999999964 0 1 
7 0 0  3 25 23  0 -0.29999999999999716  0.021425943569470873 -0.29357320751694027  0.064854183606965141 -0.28054293274932091  0.13163203749717001 -0.26059459835426374  0.19995914000235121 -0.24036390408332853  0.26972362715404724 -0.21999445908024659  0.34079680246624877 -0.1996427398917987  0.41303138174321757 -0.17947749382071221  0.4862632577629169 -0.15967552105964308  0.56031304105685298 -0.14041749243594565  0.63498836433051664 -0.12188303247966197  0.71008662688989654 -0.10424556630641622  0.78539816339759094 -0.087667151407929064  0.86070969990504009 -0.072293621926003263  0.93580796246457565 -0.058250339438859149  1.0104832857381134 -0.045638808966694644  1.0845330690322044 -0.034534350664364222  1.1577649450516132 -0.024984928172540888  1.2299995243288591 -0.017011157365931874  1.3010726996407611 -0.010607372507993498  1.3708371867926865 -0.005743771382143428  1.439164289297816 -0.0023687942180098658  1.5059421431879354 -0.00041390404833375593  1.5493703832254064 9.7426227520333702e-07  1.5707963267948966 0 
 1.5707963267949001 4 1.6421961598310315 1 1.7135959928671629 1 1.7849958259032941 1 1.8563956589394255 1 1.9277954919755569 1 1.9991953250116883 1 2.0705951580478197 1 2.1419949910839509 1 2.2133948241200825 1 2.2847946571562137 1 2.3561944901923448 1 2.4275943232284765 1 2.4989941562646076 1 2.5703939893007393 1 2.6417938223368704 1 2.7131936553730016 1 2.7845934884091332 1 2.8559933214452649 1 2.927393154481396 1 2.9987929875175272 1 3.0701928205536584 1 3.14159265358979 4
7 0 0  3 25 23  0 -7.2000000000000002  0.021425943569489646 -7.2064267924830521  0.064854183607009661 -7.2194570672506639  0.13163203749722532 -7.2394054016457181  0.19995914000241979 -7.2596360959166466  0.26972362715408293 -7.2800055409197384  0.34079680246626015 -7.3003572601081936  0.41303138174324538 -7.3205225061792749  0.48626325776294815 -7.3403244789403423  0.56031304105690394 -7.3595825075640349  0.63498836433053762 -7.3781169675203282  0.71008662688993363 -7.3957544336935657  0.78539816339761659 -7.412332848592059  0.86070969990509516 -7.4277063780739683  0.93580796246460241 -7.4417496605611211  1.010483285738109 -7.4543611910333079  1.0845330690322341 -7.4654656493356129  1.1577649450516028 -7.4750150718274622  1.2299995243288775 -7.4829888426340503  1.301072699640758 -7.4893926274920046  1.3708371867926925 -7.4942562286178447  1.4391642892978118 -7.4976312057819952  1.5059421431879356 -7.4995860959516634  1.5493703832254078 -7.5000009742622717  1.5707963267948966 -7.5 
 1.5707963267949001 4 1.6421961598310315 1 1.7135959928671629 1 1.7849958259032941 1 1.8563956589394255 1 1.9277954919755569 1 1.9991953250116883 1 2.0705951580478197 1 2.1419949910839509 1 2.2133948241200825 1 2.2847946571562137 1 2.3561944901923448 1 2.4275943232284765 1 2.4989941562646076 1 2.5703939893007393 1 2.6417938223368704 1 2.7131936553730016 1 2.7845934884091332 1 2.8559933214452649 1 2.927393154481396 1 2.9987929875175272 1 3.0701928205536584 1 3.14159265358979 4
7 0 0  3 25 23  3.0162648224217277 6.2831853071795862  3.0162648242933892 6.2548905243092294  3.0162865970857542 6.1985976290816751  3.0163807297436462 6.1151318111899036  3.016532484077278 6.0326948447534736  3.0167380716984376 5.9514407104431566  3.0169935788413067 5.8715541875823813  3.0172956109078197 5.7932521772448382  3.0176361422127456 5.7168864281985083  3.0180120654347231 5.642134886213471  3.0184197637350882 5.5688271549242003  3.0188555164237969 5.4968392987944776  3.0193164923991174 5.426002629865649  3.0197963561140555 5.3565649522117109  3.0202908069162455 5.2886130133262519  3.0207990444960884 5.2218645935686396  3.021319323301026 5.1561492199721952  3.0218501431271823 5.0912843326320427  3.0223899295760472 5.0271117702409933  3.0229371191960901 4.9634900833865307  3.0234901363443911 4.9002975271915812  3.0240473988106764 4.8374321389992403  3.0246073170019607 4.7748093645252814  3.0249812993043563 4.7331828552606314  3.0251682001064304 4.7123889803845795 
 0 4 2.5049791857571454e-05 1 5.0099583715142908e-05 1 7.5149375572714362e-05 1 0.00010019916743028582 1 0.00012524895928785727 1 0.00015029875114542872 1 0.00017534854300300018 1 0.00020039833486057163 1 0.00022544812671814309 1 0.00025049791857571454 1 0.00027554771043328599 1 0.00030059750229085745 1 0.0003256472941484289 1 0.00035069708600600036 1 0.00037574687786357181 1 0.00040079666972114326 1 0.00042584646157871472 1 0.00045089625343628617 1 0.00047594604529385763 1 0.00050099583715142908 1 0.00052604562900900053 1 0.00055109542086657199 4
7 0 0  3 25 23  4.7123889803846897 10.235297750523298  4.6840942210574186 10.235297750523298  4.6278012716487602 10.235950819129222  4.5443352458206663 10.238774296976299  4.4618981025551196 10.243326006935989  4.3806440480732727 10.249491397993571  4.3007578591720304 10.257151863836992  4.2224558424285075 10.266203927532587  4.1460903064938615 10.276406253657759  4.0713389867175591 10.287664294121351  3.9980312645329548 10.299868357764936  3.9260432185226741 10.312905875098098  3.8552060365162406 10.32669093302551  3.7857694451122472 10.341033871203624  3.7178205725737765 10.355805397335082  3.6510758844508939 10.370980319891286  3.5853640561595141 10.386505553626728  3.5205017039934878 10.402335487394824  3.4563301054020634 10.418422507370167  3.392707544842378 10.434719536343602  3.3295123658098098 10.45117935331988  3.2666430909754913 10.467754775832008  3.2040160152608395 10.484398611085853  3.162387278310169 10.49550864974039  3.1415926535897931 10.501059341054297 
 0 4 2.5049791857571454e-05 1 5.0099583715142908e-05 1 7.5149375572714362e-05 1 0.00010019916743028582 1 0.00012524895928785727 1 0.00015029875114542872 1 0.00017534854300300018 1 0.00020039833486057163 1 0.00022544812671814309 1 0.00025049791857571454 1 0.00027554771043328599 1 0.00030059750229085745 1 0.0003256472941484289 1 0.00035069708600600036 1 0.00037574687786357181 1 0.00040079666972114326 1 0.00042584646157871472 1 0.00045089625343628617 1 0.00047594604529385763 1 0.00050099583715142908 1 0.00052604562900900053 1 0.00055109542086657199 4
1 0 6.2831853071795862 1 0 
1 0 3.1415926535897927 1 0 
1 1.5707963267948966 0 0 -1 
1 4.7123889803846897 -3.7499999999999987 0 1 
7 0 0  3 25 23  0 -0.30000000000000027  0.021425943569489646 -0.29357320751694838  0.064854183607009661 -0.28054293274933606  0.13163203749722532 -0.26059459835428128  0.19995914000241979 -0.24036390408334987  0.26972362715408293 -0.21999445908025581  0.34079680246626015 -0.19964273989180195  0.41303138174324538 -0.17947749382071918  0.48626325776294815 -0.15967552105965183  0.56031304105690394 -0.14041749243595963  0.63498836433053762 -0.12188303247966654  0.71008662688993363 -0.10424556630642653  0.78539816339761659 -0.0876671514079366  0.86070969990509516 -0.072293621926024079  0.93580796246460241 -0.05825033943886964  1.010483285738109 -0.045638808966687865  1.0845330690322341 -0.03453435066438082  1.1577649450516028 -0.024984928172531898  1.2299995243288775 -0.017011157365945898  1.301072699640758 -0.01060737250798903  1.3708371867926925 -0.0057437713821526072  1.4391642892978118 -0.0023687942180016046  1.5059421431879356 -0.00041390404833630673  1.5493703832254078 9.7426227209497238e-07  1.5707963267948966 0 
 1.5707963267949001 4 1.6421961598310315 1 1.7135959928671629 1 1.7849958259032941 1 1.8563956589394255 1 1.9277954919755569 1 1.9991953250116883 1 2.0705951580478197 1 2.1419949910839509 1 2.2133948241200825 1 2.2847946571562137 1 2.3561944901923448 1 2.4275943232284765 1 2.4989941562646076 1 2.5703939893007393 1 2.6417938223368704 1 2.7131936553730016 1 2.7845934884091332 1 2.8559933214452649 1 2.927393154481396 1 2.9987929875175272 1 3.0701928205536584 1 3.14159265358979 4
7 0 0  3 25 23  3.1415926535897931 0.29999999999999716  3.1630185971592657 0.29357320751694027  3.2064468371967632 0.28054293274932091  3.2732246910869707 0.26059459835426374  3.3415517935921533 0.24036390408332853  3.4113162807438568 0.21999445908024659  3.4823894560560529 0.1996427398917987  3.5546240353330254 0.17947749382071221  3.6278559113527242 0.15967552105964308  3.7019056946466651 0.14041749243594565  3.7765810179203276 0.12188303247966197  3.8516792804797073 0.10424556630641622  3.9269908169873995 0.087667151407929064  4.0023023534948479 0.072293621926003263  4.0774006160543816 0.058250339438859149  4.1520759393279194 0.045638808966694644  4.2261257226220055 0.034534350664364222  4.2993575986414125 0.024984928172540888  4.3715921779186573 0.017011157365931874  4.4426653532305584 0.010607372507993498  4.5124298403824792 0.005743771382143428  4.5807569428876116 0.0023687942180098658  4.6475347967777267 0.00041390404833375593  4.6909630368151998 -9.7426227520333702e-07  4.7123889803846897 0 
 1.5707963267949001 4 1.6421961598310315 1 1.7135959928671629 1 1.7849958259032941 1 1.8563956589394255 1 1.9277954919755569 1 1.9991953250116883 1 2.0705951580478197 1 2.1419949910839509 1 2.2133948241200825 1 2.2847946571562137 1 2.3561944901923448 1 2.4275943232284765 1 2.4989941562646076 1 2.5703939893007393 1 2.6417938223368704 1 2.7131936553730016 1 2.7845934884091332 1 2.8559933214452649 1 2.927393154481396 1 2.9987929875175272 1 3.0701928205536584 1 3.14159265358979 4
1 4.7123889803846897 0 0 -1 
1 1.5707963267948966 39.999999999999972 0 1 
7 0 0  3 25 23  0.12532783116806542 3.1415926535897927  0.12532783035031889 3.1133611725820765  0.12534240608326941 3.0574492402768034  0.12540518377700932 2.975027027027116  0.12550606083031254 2.893808898274699  0.12564221104149662 2.8136729420689983  0.12581080389234817 2.7345674150493258  0.12600900476601684 2.6565118309391127  0.12623397992843929 2.5795816420541602  0.12648288830613716 2.5038933751411911  0.12675292022633519 2.429593360372122  0.12704116041838517 2.3568252956766322  0.12734510591227763 2.2857780357545354  0.12766073899162242 2.2164384542045532  0.12798578532391375 2.1484547794735751  0.12831949369849158 2.0816651847223593  0.1286607081020564 2.015869673312749  0.12900838455665334 1.9508961337945847  0.12936145284971712 1.8865859357208719  0.12971885377675721 1.8227998830848968  0.13007952928548971 1.7594175596759714  0.1304424253464179 1.6963383709837199  0.13080649086189219 1.6334789210726002  0.13104928331491997 1.5916799473341712  0.13117052545811911 1.5707963267950753 
 5.4210108624275198e-20 4 1.6662525798998051e-05 1 3.3325051597996048e-05 1 4.9987577396994049e-05 1 6.6650103195992042e-05 1 8.3312628994990036e-05 1 9.9975154793988043e-05 1 0.00011663768059298604 1 0.00013330020639198403 1 0.00014996273219098204 1 0.00016662525798998002 1 0.00018328778378897802 1 0.00019995030958797603 1 0.00021661283538697401 1 0.00023327536118597202 1 0.00024993788698497 1 0.00026660041278396801 1 0.00028326293858296601 1 0.00029992546438196402 1 0.00031658799018096197 1 0.00033325051597995998 1 0.00034991304177895799 1 0.00036657556757795599 4
7 0 0  3 25 23  1.5707963267948966 -29.764702249476628  1.5990278312885728 -29.764702249476628  1.654939713293764 -29.765139621571056  1.7373616680483244 -29.767023332022415  1.8185794104160729 -29.770050231161129  1.8987150951573555 -29.774135854135519  1.9778206153314477 -29.779195740660061  2.0558764770632956 -29.785145413413819  2.1328071045252659 -29.791900458651472  2.2084957680228099 -29.799376225360508  2.2827959264063016 -29.807488948021682  2.3555638783290611 -29.816151556409878  2.4266107562715376 -29.825289313630066  2.4959510859937897 -29.834781454172919  2.5639368495942105 -29.8445599153359  2.6307289973702974 -29.854602663030843  2.6965269459882828 -29.8648753298394  2.7615022485442133 -29.875346853049187  2.8258131510706219 -29.885985284454467  2.8895986613595634 -29.896758913116781  2.9529792421436869 -29.907635964521955  3.0160557963463996 -29.918584681191383  3.0789122677018881 -29.929573301080111  3.1207096203173621 -29.936904475941777  3.1415926535897931 -29.940566126912127 
 5.4210108624275198e-20 4 1.6662525798998051e-05 1 3.3325051597996048e-05 1 4.9987577396994049e-05 1 6.6650103195992042e-05 1 8.3312628994990036e-05 1 9.9975154793988043e-05 1 0.00011663768059298604 1 0.00013330020639198403 1 0.00014996273219098204 1 0.00016662525798998002 1 0.00018328778378897802 1 0.00019995030958797603 1 0.00021661283538697401 1 0.00023327536118597202 1 0.00024993788698497 1 0.00026660041278396801 1 0.00028326293858296601 1 0.00029992546438196402 1 0.00031658799018096197 1 0.00033325051597995998 1 0.00034991304177895799 1 0.00036657556757795599 4
7 0 0  3 25 23  3.0104221281316743 1.5707963267948608  3.0105436517718851 1.5917285043292158  3.0107869068284194 1.6336069036568523  3.0111514054249007 1.6965394185835061  3.0115145140377511 1.7596523072077583  3.0118752220469585 1.8230366661780815  3.0122325160386767 1.8868010638270574  3.0125853786762886 1.9510739852018193  3.0129327917747681 2.0160025137912259  3.0132737256634661 2.0817526280927061  3.0136071793345662 2.1485033508929998  3.0139320313038924 2.2164594774317599  3.0142475969807965 2.2857904131502091  3.0145515494342194 2.3568385274124068  3.0148397769577362 2.4296048803738897  3.0151098019171227 2.5039038511154361  3.0153587024047974 2.5795908758893709  3.0155836706785708 2.6565198560823768  3.0157818653002191 2.7345742002315521  3.0159504527861545 2.8136784674212092  3.0160865986051921 2.8938131308315747  3.0161874723687903 2.9750299224632442  3.0162502479928537 3.0574507377085798  3.0162648232394225 3.1133616831065782  3.0162648224217281 3.1415926535897754 
 -2.8406776999422101e-06 4 1.3860533133287166e-05 1 3.056174396651654e-05 1 4.7262954799745916e-05 1 6.3964165632975298e-05 1 8.0665376466204674e-05 1 9.736658729943405e-05 1 0.00011406779813266343 1 0.00013076900896589279 1 0.00014747021979912218 1 0.00016417143063235154 1 0.0001808726414655809 1 0.00019757385229881029 1 0.00021427506313203968 1 0.00023097627396526904 1 0.0002476774847984984 1 0.00026437869563172779 1 0.00028107990646495718 1 0.00029778111729818657 1 0.00031448232813141591 1 0.0003311835389646453 1 0.00034788474979787469 1 0.00036458596063110402 4
7 0 0  3 25 23  3.1415926535897931 29.94056612691217  3.1206610639495533 29.936895974764099  3.0787842588578402 29.929550842151549  3.0158546344224604 29.918549184691539  2.95274428478759 29.907594094719858  2.8893615931830583 29.896716099590797  2.8255977008572204 29.885945721738054  2.7613240832129118 29.875313501952942  2.6963938415660476 29.864849912516831  2.6306413695189983 29.854585681393399  2.5638881820630344 29.844550582326828  2.4959300424084643 29.834777950257259  2.4265983843371646 29.825287829560175  2.3555506451061659 29.816149865673896  2.2827844067194127 29.807487638030253  2.2084852918471927 29.799375124998221  2.1327978706364359 29.791899595511445  2.0558684518683705 29.785144757307563  1.977813830147481 29.779195272343816  1.8987095698268566 29.774135546894968  1.818575177885972 29.770050055745902  1.7373587726266655 29.767023255323803  1.6549382158638062 29.76513960697643  1.5990273207626209 29.76470224947667  1.5707963267948966 29.76470224947667 
 -2.8406776999422101e-06 4 1.3860533133287166e-05 1 3.056174396651654e-05 1 4.7262954799745916e-05 1 6.3964165632975298e-05 1 8.0665376466204674e-05 1 9.736658729943405e-05 1 0.00011406779813266343 1 0.00013076900896589279 1 0.00014747021979912218 1 0.00016417143063235154 1 0.0001808726414655809 1 0.00019757385229881029 1 0.00021427506313203968 1 0.00023097627396526904 1 0.0002476774847984984 1 0.00026437869563172779 1 0.00028107990646495718 1 0.00029778111729818657 1 0.00031448232813141591 1 0.0003311835389646453 1 0.00034788474979787469 1 0.00036458596063110402 4
7 0 0  3 25 23  3.1415926535897931 40.199999999999967  3.1201667100203312 40.195715471677943  3.0767384699828435 40.187028621832873  3.0099606160926258 40.173729732236161  2.9416335135874006 40.160242602722228  2.871869026435697 40.146662972720165  2.8007958511235338 40.133095159927862  2.7285612718463144 40.119651662547128  2.6553293958269157 40.106450347373098  2.5812796125327107 40.093611661623967  2.5066042892590716 40.081255354986446  2.4315060266994974 40.069497044204283  2.3561944901919136 40.058444767605287  2.2808829536843738 40.048195747950693  2.2057846911248378 40.038833559625907  2.1311093678510349 40.03042587264445  2.0570595845571455 40.023022900442918  1.9838277085374412 40.016656618781639  1.9115931292603909 40.011340771577267  1.840519953948299 40.007071581671958  1.7707554667967316 40.003829180921386  1.7024283642918328 40.001579196145293  1.6356505104015377 40.000275936032189  1.5922222703641884 39.999999350491784  1.5707963267948966 39.999999999999964 
 1.5707963267949001 4 1.6421961598310315 1 1.7135959928671629 1 1.7849958259032941 1 1.8563956589394255 1 1.9277954919755569 1 1.9991953250116883 1 2.0705951580478197 1 2.1419949910839509 1 2.2133948241200825 1 2.2847946571562137 1 2.3561944901923448 1 2.4275943232284765 1 2.4989941562646076 1 2.5703939893007393 1 2.6417938223368704 1 2.7131936553730016 1 2.7845934884091332 1 2.8559933214452649 1 2.927393154481396 1 2.9987929875175272 1 3.0701928205536584 1 3.14159265358979 4
7 0 0  3 25 23  6.2831853071795862 -3.9499999999999984  6.2617593636101629 -3.945715471677965  6.2183311235726988 -3.9370286218328907  6.1515532696824495 -3.9237297322361866  6.0832261671773242 -3.9102426027222328  6.0134616800256291 -3.8966629727201711  5.9423885047134615 -3.8830951599278682  5.8701539254362052 -3.8696516625471444  5.7969220494168514 -3.8564503473731038  5.7228722661226321 -3.8436116616239739  5.6481969428489451 -3.8312553549864479  5.5730986802894309 -3.8194970442042835  5.49778714378178 -3.8084447676052928  5.4224756072743139 -3.7981957479506834  5.3473773447146957 -3.7888335596259144  5.2727020214408702 -3.7804258726444591  5.1986522381470017 -3.7730229004429225  5.1254203621272127 -3.7666566187816852  5.0531857828502025 -3.761340771577296  4.9821126075380961 -3.7570715816719931  4.9123481203865111 -3.753829180921433  4.8440210178816212 -3.7515791961453333  4.7772431639913311 -3.7502759360322222  4.7338149239539833 -3.7499993504918163  4.7123889803846897 -3.7499999999999987 
 1.5707963267949001 4 1.6421961598310315 1 1.7135959928671629 1 1.7849958259032941 1 1.8563956589394255 1 1.9277954919755569 1 1.9991953250116883 1 2.0705951580478197 1 2.1419949910839509 1 2.2133948241200825 1 2.2847946571562137 1 2.3561944901923448 1 2.4275943232284765 1 2.4989941562646076 1 2.5703939893007393 1 2.6417938223368704 1 2.7131936553730016 1 2.7845934884091332 1 2.8559933214452649 1 2.927393154481396 1 2.9987929875175272 1 3.0701928205536584 1 3.14159265358979 4
7 0 0  3 25 23  1.5707963267948966 -40.000000000000036  1.5922222703642672 -39.999999350491855  1.6356505104016359 -40.00027593603226  1.7024283642918003 -40.001579196145379  1.7707554667967644 -40.003829180921457  1.8405199539486188 -40.007071581672044  1.9115931292603068 -40.011340771577316  1.9838277085374645 -40.016656618781724  2.057059584557142 -40.023022900442946  2.1311093678510229 -40.030425872644486  2.2057846911248866 -40.038833559625957  2.2808829536841921 -40.0481957479507  2.356194490191946 -40.05844476760533  2.4315060266995516 -40.069497044204304  2.5066042892591223 -40.081255354986475  2.5812796125327031 -40.093611661623989  2.6553293958268975 -40.106450347373155  2.7285612718463934 -40.119651662547142  2.8007958511236186 -40.133095159927912  2.8718690264355922 -40.146662972720179  2.9416335135874991 -40.160242602722263  3.0099606160926022 -40.173729732236225  3.076738469982836 -40.187028621832923  3.1201667100203268 -40.195715471677993  3.1415926535897931 -40.200000000000031 
 3.14159265358979 4 3.2129924866259216 1 3.2843923196620537 1 3.3557921526981853 1 3.4271919857343174 1 3.498591818770449 1 3.5699916518065811 1 3.6413914848427127 1 3.7127913178788443 1 3.7841911509149764 1 3.855590983951108 1 3.9269908169872396 1 3.9983906500233717 1 4.0697904830595037 1 4.1411903160956349 1 4.212590149131767 1 4.2839899821678991 1 4.3553898152040311 1 4.4267896482401623 1 4.4981894812762944 1 4.5695893143124255 1 4.6409891473485576 1 4.7123889803846897 4
7 0 0  3 25 23  1.5707963267948966 3.7499999999999987  1.5922222703642679 3.7499993504918172  1.6356505104016372 3.7502759360322226  1.7024283642918052 3.7515791961453337  1.7707554667967662 3.753829180921433  1.8405199539486408 3.7570715816719908  1.911593129260297 3.7613407715772973  1.9838277085374667 3.7666566187816857  2.0570595845571389 3.7730229004429217  2.1311093678510136 3.7804258726444591  2.2057846911248848 3.7888335596259153  2.2808829536841619 3.7981957479506838  2.3561944901919647 3.8084447676052924  2.431506026699489 3.8194970442042866  2.5066042892590823 3.8312553549864461  2.5812796125326551 3.8436116616239748  2.6553293958269633 3.8564503473731033  2.7285612718462282 3.8696516625471475  2.8007958511236741 3.8830951599278691  2.8718690264354843 3.8966629727201703  2.9416335135874769 3.9102426027222346  3.0099606160926431 3.9237297322361853  3.0767384699828035 3.9370286218328907  3.1201667100202952 3.9457154716779654  3.1415926535897931 3.9499999999999984 
 3.14159265358979 4 3.2129924866259216 1 3.2843923196620537 1 3.3557921526981853 1 3.4271919857343174 1 3.498591818770449 1 3.5699916518065811 1 3.6413914848427127 1 3.7127913178788443 1 3.7841911509149764 1 3.855590983951108 1 3.9269908169872396 1 3.9983906500233717 1 4.0697904830595037 1 4.1411903160956349 1 4.212590149131767 1 4.2839899821678991 1 4.3553898152040311 1 4.4267896482401623 1 4.4981894812762944 1 4.5695893143124255 1 4.6409891473485576 1 4.7123889803846897 4
7 0 0  3 25 23  6.2831853071795862 3.9500000000000015  6.2617593636101629 3.9457154716779681  6.2183311235726988 3.9370286218328929  6.1515532696824495 3.9237297322361888  6.0832261671773242 3.9102426027222328  6.0134616800256291 3.8966629727201711  5.9423885047134615 3.8830951599278656  5.8701539254362052 3.8696516625471431  5.7969220494168514 3.8564503473730998  5.7228722661226321 3.8436116616239704  5.6481969428489451 3.831255354986443  5.5730986802894309 3.8194970442042808  5.49778714378178 3.8084447676052888  5.4224756072743139 3.7981957479506798  5.3473773447146957 3.7888335596259095  5.2727020214408702 3.7804258726444555  5.1986522381470017 3.7730229004429181  5.1254203621272127 3.7666566187816826  5.0531857828502025 3.7613407715772937  4.9821126075380961 3.7570715816719917  4.9123481203865111 3.753829180921433  4.8440210178816212 3.7515791961453346  4.7772431639913311 3.7502759360322231  4.7338149239539833 3.749999350491819  4.7123889803846897 3.7500000000000013 
 1.5707963267949001 4 1.6421961598310315 1 1.7135959928671629 1 1.7849958259032941 1 1.8563956589394255 1 1.9277954919755569 1 1.9991953250116883 1 2.0705951580478197 1 2.1419949910839509 1 2.2133948241200825 1 2.2847946571562137 1 2.3561944901923448 1 2.4275943232284765 1 2.4989941562646076 1 2.5703939893007393 1 2.6417938223368704 1 2.7131936553730016 1 2.7845934884091332 1 2.8559933214452649 1 2.927393154481396 1 2.9987929875175272 1 3.0701928205536584 1 3.14159265358979 4
7 0 0  3 25 23  6.2831853071795862 -40.199999999999967  6.2617593636101212 -40.195715471677943  6.2183311235726313 -40.187028621832873  6.151553269682414 -40.173729732236161  6.0832261671771759 -40.160242602722228  6.0134616800254754 -40.146662972720165  5.942388504713298 -40.133095159927862  5.8701539254360844 -40.119651662547128  5.7969220494166773 -40.106450347373098  5.7228722661224731 -40.093611661623967  5.648196942848835 -40.081255354986446  5.5730986802892666 -40.069497044204283  5.4977871437816788 -40.058444767605287  5.4224756072741451 -40.048195747950693  5.347377344714606 -40.038833559625907  5.2727020214408116 -40.03042587264445  5.1986522381469227 -40.023022900442918  5.1254203621272207 -40.016656618781639  5.0531857828501776 -40.011340771577267  4.9821126075380846 -40.007071581671958  4.9123481203865218 -40.003829180921386  4.8440210178816248 -40.001579196145293  4.7772431639913293 -40.000275936032189  4.7338149239539815 -39.999999350491784  4.7123889803846897 -39.999999999999964 
 1.5707963267949001 4 1.6421961598310315 1 1.7135959928671629 1 1.7849958259032941 1 1.8563956589394255 1 1.9277954919755569 1 1.9991953250116883 1 2.0705951580478197 1 2.1419949910839509 1 2.2133948241200825 1 2.2847946571562137 1 2.3561944901923448 1 2.4275943232284765 1 2.4989941562646076 1 2.5703939893007393 1 2.6417938223368704 1 2.7131936553730016 1 2.7845934884091332 1 2.8559933214452649 1 2.927393154481396 1 2.9987929875175272 1 3.0701928205536584 1 3.14159265358979 4
7 0 0  3 25 23  1.5707963267948966 -3.7500000000000013  1.5922222703642679 -3.749999350491819  1.6356505104016372 -3.7502759360322249  1.7024283642918052 -3.7515791961453351  1.7707554667967662 -3.7538291809214313  1.8405199539486408 -3.7570715816719917  1.911593129260297 -3.7613407715772937  1.9838277085374667 -3.7666566187816848  2.0570595845571389 -3.7730229004429181  2.1311093678510136 -3.7804258726444546  2.2057846911248848 -3.7888335596259117  2.2808829536841619 -3.798195747950678  2.3561944901919647 -3.8084447676052884  2.431506026699489 -3.8194970442042817  2.5066042892590823 -3.8312553549864425  2.5812796125326551 -3.8436116616239704  2.6553293958269633 -3.8564503473731007  2.7285612718462282 -3.8696516625471431  2.8007958511236741 -3.8830951599278682  2.8718690264354843 -3.8966629727201685  2.9416335135874769 -3.9102426027222346  3.0099606160926431 -3.9237297322361879  3.0767384699828035 -3.9370286218328916  3.1201667100202952 -3.9457154716779672  3.1415926535897931 -3.9500000000000015 
 3.14159265358979 4 3.2129924866259216 1 3.2843923196620537 1 3.3557921526981853 1 3.4271919857343174 1 3.498591818770449 1 3.5699916518065811 1 3.6413914848427127 1 3.7127913178788443 1 3.7841911509149764 1 3.855590983951108 1 3.9269908169872396 1 3.9983906500233717 1 4.0697904830595037 1 4.1411903160956349 1 4.212590149131767 1 4.2839899821678991 1 4.3553898152040311 1 4.4267896482401623 1 4.4981894812762944 1 4.5695893143124255 1 4.6409891473485576 1 4.7123889803846897 4
7 0 0  3 25 23  4.7123889803846897 40.000000000000036  4.7338149239540606 39.999999350491855  4.777243163991427 40.00027593603226  4.8440210178815928 40.001579196145379  4.9123481203865529 40.003829180921457  4.9821126075384079 40.007071581672044  5.0531857828500897 40.011340771577316  5.1254203621272492 40.016656618781724  5.1986522381469191 40.023022900442946  5.2727020214407991 40.030425872644486  5.3473773447146584 40.038833559625957  5.4224756072739559 40.0481957479507  5.4977871437817134 40.05844476760533  5.5730986802893154 40.069497044204304  5.6481969428488892 40.081255354986475  5.7228722661224642 40.093611661623989  5.7969220494166622 40.106450347373155  5.8701539254361572 40.119651662547142  5.9423885047133886 40.133095159927912  6.0134616800253653 40.146662972720179  6.0832261671772807 40.160242602722263  6.1515532696823891 40.173729732236225  6.2183311235726197 40.187028621832923  6.2617593636101123 40.195715471677993  6.2831853071795862 40.200000000000031 
 3.14159265358979 4 3.2129924866259216 1 3.2843923196620537 1 3.3557921526981853 1 3.4271919857343174 1 3.498591818770449 1 3.5699916518065811 1 3.6413914848427127 1 3.7127913178788443 1 3.7841911509149764 1 3.855590983951108 1 3.9269908169872396 1 3.9983906500233717 1 4.0697904830595037 1 4.1411903160956349 1 4.212590149131767 1 4.2839899821678991 1 4.3553898152040311 1 4.4267896482401623 1 4.4981894812762944 1 4.5695893143124255 1 4.6409891473485576 1 4.7123889803846897 4
7 0 0  3 25 23  6.2831853071795862 -29.94056612691217  6.2622537175393767 -29.936895974764095  6.2203769124477128 -29.929550842151546  6.157447288012377 -29.918549184691543  6.0943369383775208 -29.907594094719844  6.0309542467729962 -29.896716099590805  5.9671903544471112 -29.88594572173804  5.9029167368028617 -29.875313501952949  5.8379864951557741 -29.86484991251681  5.7722340231089886 -29.854585681393417  5.7054808356526232 -29.844550582326811  5.637522695998288 -29.834777950257259  5.568191037926594 -29.825287829560157  5.4971432986960354 -29.8161498656739  5.4243770603090615 -29.80748763803026  5.3500779454369765 -29.799375124998203  5.2743905242262681 -29.791899595511442  5.1974611054582613 -29.785144757307563  5.1194064837371274 -29.779195272343799  5.0403022234166741 -29.774135546894968  4.9601678314757702 -29.770050055745909  4.8789514262163935 -29.767023255323796  4.7965308694534219 -29.76513960697643  4.740619974352307 -29.76470224947667  4.7123889803846897 -29.76470224947667 
 -2.8406776999461302e-06 4 1.3860533133283422e-05 1 3.0561743966512975e-05 1 4.7262954799742527e-05 1 6.3964165632972073e-05 1 8.0665376466201625e-05 1 9.7366587299431176e-05 1 0.00011406779813266073 1 0.00013076900896589029 1 0.00014747021979911985 1 0.0001641714306323494 1 0.00018087264146557895 1 0.0001975738522988085 1 0.00021427506313203805 1 0.00023097627396526761 1 0.00024767748479849716 1 0.00026437869563172671 1 0.00028107990646495626 1 0.00029778111729818581 1 0.00031448232813141537 1 0.00033118353896464492 1 0.00034788474979787447 1 0.00036458596063110402 4
7 0 0  3 25 23  3.2727631790479119 1.5707963267948715  3.2726416554077007 1.591728504329242  3.2723984003511672 1.6336069036568737  3.2720339017546873 1.696539418583471  3.2716707931418352 1.7596523072077432  3.2713100851326296 1.823036666178024  3.27095279114091 1.886801063827102  3.2705999285032976 1.9510739852016683  3.2702525154048199 2.0160025137914195  3.2699115815161197 2.0817526280924343  3.2695781278450204 2.1485033508932418  3.2692532758756938 2.2164594774316884  3.2689377101987893 2.2857904131505822  3.2686337577453668 2.3568385274122567  3.2683455302218483 2.4296048803739994  3.268075505262463 2.5039038511154343  3.2678266047747888 2.5795908758893229  3.2676016365010145 2.6565198560822596  3.2674034418793676 2.7345742002317084  3.2672348543934313 2.8136784674211706  3.2670987085743937 2.8938131308315667  3.2669978348107955 2.9750299224633063  3.2669350591867325 3.0574507377087703  3.2669204839401638 3.1133616831066644  3.2669204847578581 3.1415926535897252 
 -2.8406776999461302e-06 4 1.3860533133283422e-05 1 3.0561743966512975e-05 1 4.7262954799742527e-05 1 6.3964165632972073e-05 1 8.0665376466201625e-05 1 9.7366587299431176e-05 1 0.00011406779813266073 1 0.00013076900896589029 1 0.00014747021979911985 1 0.0001641714306323494 1 0.00018087264146557895 1 0.0001975738522988085 1 0.00021427506313203805 1 0.00023097627396526761 1 0.00024767748479849716 1 0.00026437869563172671 1 0.00028107990646495626 1 0.00029778111729818581 1 0.00031448232813141537 1 0.00033118353896464492 1 0.00034788474979787447 1 0.00036458596063110402 4
7 0 0  3 25 23  4.7123889803846897 29.764702249476628  4.7406204848783657 29.764702249476628  4.7965323668835556 29.765139621571056  4.8789543216381164 29.767023332022415  4.960172064005862 29.770050231161129  5.0403077487471437 29.774135854135519  5.1194132689212317 29.779195740660061  5.1974691306530731 29.785145413413819  5.2743997581150408 29.791900458651472  5.3500884216125781 29.799376225360508  5.4243885799960658 29.807488948021682  5.4971565319188178 29.816151556409878  5.5682034098612911 29.825289313630066  5.6375437395835446 29.834781454172919  5.7055295031839641 29.8445599153359  5.7723216509600537 29.854602663030843  5.8381195995780422 29.8648753298394  5.9030949021339811 29.875346853049187  5.9674058046603902 29.885985284454467  6.0311913149493446 29.896758913116781  6.0945718957334671 29.907635964521955  6.1576484499361896 29.918584681191383  6.220504921291683 29.929573301080111  6.2623022739071565 29.936904475941777  6.2831853071795862 29.940566126912127 
 5.4210108624275198e-20 4 1.6662525798998051e-05 1 3.3325051597996048e-05 1 4.9987577396994049e-05 1 6.6650103195992042e-05 1 8.3312628994990036e-05 1 9.9975154793988043e-05 1 0.00011663768059298604 1 0.00013330020639198403 1 0.00014996273219098204 1 0.00016662525798998002 1 0.00018328778378897802 1 0.00019995030958797603 1 0.00021661283538697401 1 0.00023327536118597202 1 0.00024993788698497 1 0.00026660041278396801 1 0.00028326293858296601 1 0.00029992546438196402 1 0.00031658799018096197 1 0.00033325051597995998 1 0.00034991304177895799 1 0.00036657556757795599 4
7 0 0  3 25 23  6.1578574760115208 3.1415926535897629  6.1578574768292693 3.1133611725820645  6.1578429010963154 3.0574492402768088  6.157780123402576 2.9750270270271133  6.1576792463492742 2.8938088982747003  6.1575430961380899 2.8136729420689996  6.1573745032872385 2.7345674150493235  6.1571763024135695 2.656511830939118  6.1569513272511482 2.5795816420541584  6.156702418873448 2.5038933751411991  6.1564323869532522 2.429593360372118  6.1561441467612008 2.3568252956766305  6.155840201267309 2.2857780357545385  6.1555245681879658 2.2164384542045754  6.1551995218556721 2.148454779473576  6.1548658134810941 2.0816651847223628  6.154524599077531 2.0158696733127579  6.1541769226229315 1.9508961337945654  6.1538238543298709 1.8865859357208787  6.1534664534028281 1.8227998830848848  6.1531057778940967 1.7594175596759727  6.1527428818331673 1.6963383709837181  6.1523788163176967 1.6334789210725977  6.1521360238646672 1.5916799473341676  6.1520147817214674 1.5707963267950722 
 5.4210108624275198e-20 4 1.6662525798998051e-05 1 3.3325051597996048e-05 1 4.9987577396994049e-05 1 6.6650103195992042e-05 1 8.3312628994990036e-05 1 9.9975154793988043e-05 1 0.00011663768059298604 1 0.00013330020639198403 1 0.00014996273219098204 1 0.00016662525798998002 1 0.00018328778378897802 1 0.00019995030958797603 1 0.00021661283538697401 1 0.00023327536118597202 1 0.00024993788698497 1 0.00026660041278396801 1 0.00028326293858296601 1 0.00029992546438196402 1 0.00031658799018096197 1 0.00033325051597995998 1 0.00034991304177895799 1 0.00036657556757795599 4
1 3.2580171070731554 0 0 -1 
1 4.7123889803846897 0 0 -1 
1 1.5707963267948966 0 0 -1 
1 6.1667608536962231 0 0 -1 
1 6.2831853071795862 4.7999999999999972 -1 0 
1 0 6.2831853071795853 1 0 
1 4.7123889803846897 0 0 -1 
1 1.5707963267948966 0 0 -1 
1 3.0251682001064308 0 0 -1 
1 6.2831853071795862 4.7999999999999972 -1 0 
1 -4.4408920985006262e-16 6.2831853071795862 1 0 
1 0.11642445348336264 0 0 -1 
1 4.7123889803846897 0 0 -1 
1 1.5707963267948966 0 0 -1 
1 2.3561944901923448 0 0 -1 
1 2.3561944901923448 0 0 -1 
1 0.78539816339744828 0 0 -1 
1 0.78539816339744828 0 0 -1 
1 2.3561944901923448 0 0 -1 
1 2.3561944901923448 0 0 -1 
1 0.78539816339744828 0 0 -1 
1 0.78539816339744828 0 0 -1 
1 0 1.5707963267948966 1 0 
1 6.2831853071795862 1.5707963267948966 -1 0 
1 3.1415926535897931 -11 1 0 
7 0 0  3 25 23  4.7123889803846897 -39.700000000000031  4.6909630368153694 -39.700000649508212  4.6475347967779781 -39.699724063967807  4.5807569428876151 -39.698420803854695  4.5124298403830565 -39.696170819078596  4.4426653532310327 -39.692928418328037  4.3715921779192 -39.688659228422729  4.2993575986419836 -39.683343381218329  4.2261257226226911 -39.676977099557085  4.152075939328479 -39.669574127355553  4.0774006160548 -39.661166440374096  4.0023023534954447 -39.65180425204931  3.9269908169876984 -39.641555232394715  3.8516792804800613 -39.630502955795713  3.7765810179205874 -39.618744645013543  3.701905694646892 -39.606388338376036  3.6278559113527753 -39.593549652626884  3.5546240353332528 -39.58034833745284  3.4823894560559956 -39.566904840072141  3.4113162807439776 -39.553337027279838  3.3415517935921422 -39.539757397277782  3.273224691086968 -39.526270267763813  3.2064468371967503 -39.512971378167144  3.1630185971592617 -39.504284528322081  3.1415926535897931 -39.500000000000036 
 3.1415926535898002 4 3.2129924866259314 1 3.284392319662063 1 3.3557921526981942 1 3.4271919857343258 1 3.498591818770457 1 3.5699916518065882 1 3.6413914848427198 1 3.712791317878851 1 3.7841911509149826 1 3.8555909839511138 1 3.9269908169872449 1 3.9983906500233761 1 4.0697904830595082 1 4.1411903160956394 1 4.2125901491317705 1 4.2839899821679017 1 4.3553898152040329 1 4.426789648240165 1 4.4981894812762953 1 4.5695893143124273 1 4.6409891473485585 1 4.7123889803846897 4
7 0 0  3 25 23  1.5707963267948966 3.4500000000000015  1.5493703832255767 3.4500006495081825  1.5059421431881839 3.4497240639677762  1.4391642892978136 3.4484208038546673  1.3708371867932723 3.4461708190785654  1.3010726996412205 3.4429284183280084  1.2299995243293889 3.4386592284227033  1.1577649450521426 3.4333433812183149  1.0845330690328485 3.4269770995570781  1.010483285738641 3.4195741273555411  0.93580796246492715 3.4111664403740862  0.86070969990553481 3.4018042520493186  0.7853981633978252 3.3915552323947065  0.71008662689011459 3.3805029557957149  0.63498836433061856 3.368744645013555  0.56031304105700075 3.3563883383760253  0.48626325776280077 3.3435496526268977  0.41303138174327608 3.3303483374528522  0.34079680246608329 3.3169048400721306  0.26972362715407783 3.3033370272798299  0.19995914000225343 3.2897573972777665  0.13163203749696101 3.276270267763814  0.0648541836069675 3.2629713781671086  0.02142594356951576 3.2542845283220352  0 3.2500000000000013 
 3.1415926535898002 4 3.2129924866259314 1 3.284392319662063 1 3.3557921526981942 1 3.4271919857343258 1 3.498591818770457 1 3.5699916518065882 1 3.6413914848427198 1 3.712791317878851 1 3.7841911509149826 1 3.8555909839511138 1 3.9269908169872449 1 3.9983906500233761 1 4.0697904830595082 1 4.1411903160956394 1 4.2125901491317705 1 4.2839899821679017 1 4.3553898152040329 1 4.426789648240165 1 4.4981894812762953 1 4.5695893143124273 1 4.6409891473485585 1 4.7123889803846897 4
7 0 0  3 25 23  3.1415926535897931 -29.320428032346328  3.1624177196237646 -29.324156479716798  3.2040872203233892 -29.331616403689242  3.2667234672501113 -29.342785294413574  3.3295578961857819 -29.353903107377715  3.3926836567390763 -29.364939758645569  3.4562121073093253 -29.375865169519027  3.5202752744550847 -29.38664924175832  3.5850243999890963 -29.397261950052137  3.6506300509453995 -29.40767299691742  3.7172763555135964 -29.417853100628911  3.7851726287797702 -29.427769188602802  3.8544953500626513 -29.437402335930887  3.9255835163546156 -29.446680817861584  3.9984260834057879 -29.455476997190893  4.0728353328848925 -29.463716036558196  4.14866227814308 -29.471308950927465  4.2257578204716388 -29.478170546120847  4.3040032542094151 -29.48421461220315  4.3833224871465815 -29.489355211410491  4.4636969732434197 -29.493506333050863  4.5451812402346983 -29.496581985973712  4.6279016083928335 -29.498496173790596  4.6840379282304276 -29.498940658945724  4.7123889803846897 -29.498940658945727 
 -2.8370971973036501e-06 4 1.3932206767510106e-05 1 3.0701510732323861e-05 1 4.7470814697137617e-05 1 6.4240118661951381e-05 1 8.1009422626765137e-05 1 9.7778726591578894e-05 1 0.00011454803055639265 1 0.00013131733452120641 1 0.00014808663848602015 1 0.00016485594245083392 1 0.00018162524641564769 1 0.00019839455038046143 1 0.00021516385434527518 1 0.00023193315831008895 1 0.00024870246227490272 1 0.00026547176623971646 1 0.0002822410702045302 1 0.00029901037416934394 1 0.00031577967813415774 1 0.00033254898209897148 1 0.00034931828606378523 1 0.00036608759002859902 4
7 0 0  3 25 23  3.0311990756423568 4.7123889803847225  3.0310726827803163 4.7332134288713608  3.0308198452564898 4.7748812749978429  3.0304414565123468 4.8375145506643351  3.0300649595837923 4.9003463854401712  3.0296913740787428 4.9634704543039465  3.0293217164035542 5.0269984060305104  3.0289570002462591 5.0910623017777858  3.0285982336592889 5.1558131903853406  3.0282464308628141 5.2214212565900091  3.027902568702515 5.2880700797979676  3.0275677499047458 5.3559684056722556  3.0272425946226047 5.4252918651840618  3.0269295121553275 5.4963796397455482  3.0266328078204117 5.5692220770554988  3.0263549892249766 5.6436314713569011  3.0260990389350373 5.7194588284882952  3.0258678071502154 5.7965548307098116  3.02566417629789 5.874800558755898  3.0254910190564193 5.9541197899018128  3.0253512118554085 6.0344939972546658  3.0252476341540646 6.1159778638347762  3.0251831702499454 6.1986979631794625  3.0251682009599943 6.2548342305484699  3.0251682001064304 6.2831853071795853 
 -2.8370971973036501e-06 4 1.3932206767510106e-05 1 3.0701510732323861e-05 1 4.7470814697137617e-05 1 6.4240118661951381e-05 1 8.1009422626765137e-05 1 9.7778726591578894e-05 1 0.00011454803055639265 1 0.00013131733452120641 1 0.00014808663848602015 1 0.00016485594245083392 1 0.00018162524641564769 1 0.00019839455038046143 1 0.00021516385434527518 1 0.00023193315831008895 1 0.00024870246227490272 1 0.00026547176623971646 1 0.0002822410702045302 1 0.00029901037416934394 1 0.00031577967813415774 1 0.00033254898209897148 1 0.00034931828606378523 1 0.00036608759002859902 4
7 0 0  3 25 23  0.11039357794743612 4.7123889803849393  0.11051997080947673 4.7332134288715935  0.11077280833330264 4.7748812749980649  0.11115119707744646 4.837514550664503  0.11152769400600016 4.900346385440332  0.11190127951104933 4.9634704543041863  0.11227093718623847 5.0269984060306472  0.11263565334353258 5.0910623017780132  0.11299441993050409 5.1558131903852953  0.11334622272697854 5.2214212565902747  0.11369008488727789 5.2880700797980094  0.11402490368504614 5.3559684056723373  0.11435005896718928 5.4252918651842181  0.11466314143446561 5.4963796397453875  0.11495984576938147 5.5692220770554401  0.11523766436481672 5.6436314713567333  0.11549361465475616 5.7194588284883059  0.11572484643957748 5.7965548307096642  0.11592847729190475 5.8748005587558225  0.11610163453337366 5.9541197899016129  0.11624144173438516 6.0344939972546161  0.11634501943572852 6.1159778638347495  0.11640948333984748 6.1986979631793417  0.11642445262979882 6.2548342305483926  0.11642445348336274 6.2831853071795862 
 -2.83709719730532e-06 4 1.3932206767508424e-05 1 3.0701510732322167e-05 1 4.747081469713591e-05 1 6.4240118661949646e-05 1 8.1009422626763389e-05 1 9.7778726591577132e-05 1 0.00011454803055639087 1 0.00013131733452120462 1 0.00014808663848601836 1 0.0001648559424508321 1 0.00018162524641564585 1 0.00019839455038045959 1 0.00021516385434527333 1 0.00023193315831008708 1 0.00024870246227490082 1 0.00026547176623971456 1 0.0002822410702045283 1 0.00029901037416934205 1 0.00031577967813415579 1 0.00033254898209896953 1 0.00034931828606378328 1 0.00036608759002859702 4
7 0 0  3 25 23  3.1415926535897931 29.320428032346371  3.162417719623746 29.324156479716844  3.204087220323339 29.331616403689278  3.2667234672500349 29.342785294413613  3.3295578961856762 29.35390310737775  3.392683656739008 29.364939758645615  3.4562121073092191 29.375865169519052  3.5202752744550225 29.386649241758377  3.5850243999889591 29.397261950052133  3.6506300509454066 29.407672996917473  3.7172763555135977 29.417853100628911  3.7851726287797622 29.427769188602809  3.8544953500627859 29.437402335930887  3.925583516354556 29.446680817861544  3.9984260834057985 29.455476997190864  4.0728353328848526 29.463716036558157  4.1486622781431839 29.471308950927423  4.2257578204716006 29.478170546120804  4.3040032542094515 29.484214612203083  4.3833224871464607 29.489355211410437  4.4636969732434455 29.493506333050806  4.5451812402347151 29.496581985973656  4.6279016083927393 29.498496173790546  4.6840379282303566 29.498940658945667  4.7123889803846897 29.498940658945671 
 -2.83709719730532e-06 4 1.3932206767508424e-05 1 3.0701510732322167e-05 1 4.747081469713591e-05 1 6.4240118661949646e-05 1 8.1009422626763389e-05 1 9.7778726591577132e-05 1 0.00011454803055639087 1 0.00013131733452120462 1 0.00014808663848601836 1 0.0001648559424508321 1 0.00018162524641564585 1 0.00019839455038045959 1 0.00021516385434527333 1 0.00023193315831008708 1 0.00024870246227490082 1 0.00026547176623971456 1 0.0002822410702045283 1 0.00029901037416934205 1 0.00031577967813415579 1 0.00033254898209896953 1 0.00034931828606378328 1 0.00036608759002859702 4
7 0 0  3 25 23  1.5707963267948966 -3.4499999999999984  1.5493703832255767 -3.4500006495081799  1.5059421431881839 -3.4497240639677744  1.4391642892978136 -3.4484208038546629  1.3708371867932723 -3.4461708190785627  1.3010726996412205 -3.4429284183280067  1.2299995243293889 -3.4386592284226993  1.1577649450521426 -3.4333433812183118  1.0845330690328485 -3.4269770995570759  1.010483285738641 -3.4195741273555367  0.93580796246492715 -3.4111664403740845  0.86070969990553481 -3.4018042520493137  0.7853981633978252 -3.3915552323947047  0.71008662689011459 -3.3805029557957127  0.63498836433061856 -3.3687446450135505  0.56031304105700075 -3.3563883383760231  0.48626325776280077 -3.3435496526268929  0.41303138174327608 -3.3303483374528504  0.34079680246608329 -3.3169048400721279  0.26972362715407783 -3.3033370272798264  0.19995914000225343 -3.2897573972777643  0.13163203749696101 -3.2762702677638109  0.0648541836069675 -3.2629713781671068  0.02142594356951576 -3.2542845283220334  0 -3.2499999999999987 
 3.1415926535898002 4 3.2129924866259314 1 3.284392319662063 1 3.3557921526981942 1 3.4271919857343258 1 3.498591818770457 1 3.5699916518065882 1 3.6413914848427198 1 3.712791317878851 1 3.7841911509149826 1 3.8555909839511138 1 3.9269908169872449 1 3.9983906500233761 1 4.0697904830595082 1 4.1411903160956394 1 4.2125901491317705 1 4.2839899821679017 1 4.3553898152040329 1 4.426789648240165 1 4.4981894812762953 1 4.5695893143124273 1 4.6409891473485585 1 4.7123889803846897 4
7 0 0  3 25 23  1.5707963267948966 39.700000000000031  1.5493703832255763 39.700000649508212  1.505942143188185 39.699724063967807  1.4391642892978216 39.698420803854695  1.3708371867932638 39.696170819078596  1.3010726996412394 39.692928418328037  1.2299995243294033 39.688659228422729  1.1577649450521903 39.683343381218329  1.0845330690328996 39.676977099557085  1.0104832857386818 39.669574127355553  0.93580796246500997 39.661166440374096  0.86070969990564472 39.65180425204931  0.78539816339790947 39.641555232394715  0.71008662689027024 39.630502955795713  0.63498836433079087 39.618744645013543  0.56031304105709967 39.606388338376036  0.48626325776297702 39.593549652626884  0.41303138174346155 39.58034833745284  0.34079680246620253 39.566904840072141  0.26972362715418091 39.553337027279838  0.19995914000235096 39.539757397277782  0.13163203749717275 39.526270267763813  0.064854183606960547 39.512971378167144  0.021425943569470623 39.504284528322081  0 39.500000000000036 
 3.1415926535898002 4 3.2129924866259314 1 3.284392319662063 1 3.3557921526981942 1 3.4271919857343258 1 3.498591818770457 1 3.5699916518065882 1 3.6413914848427198 1 3.712791317878851 1 3.7841911509149826 1 3.8555909839511138 1 3.9269908169872449 1 3.9983906500233761 1 4.0697904830595082 1 4.1411903160956394 1 4.2125901491317705 1 4.2839899821679017 1 4.3553898152040329 1 4.426789648240165 1 4.4981894812762953 1 4.5695893143124273 1 4.6409891473485585 1 4.7123889803846897 4
7 0 0  3 25 23  3.1415926535897931 39.499999999999964  3.1630185971592617 39.504284528321989  3.2064468371967547 39.512971378167059  3.2732246910869658 39.526270267763785  3.3415517935921839 39.539757397277718  3.411316280743887 39.553337027279802  3.4823894560560729 39.566904840072091  3.5546240353332004 39.580348337452833  3.6278559113527593 39.593549652626848  3.7019056946469999 39.606388338376007  3.7765810179206296 39.618744645013543  3.8516792804800457 39.630502955795677  3.9269908169877277 39.641555232394687  4.0023023534953559 39.651804252049274  4.0774006160547822 39.661166440374053  4.1520759393286522 39.669574127355531  4.2261257226223865 39.676977099557028  4.2993575986422687 39.683343381218286  4.3715921779191405 39.688659228422665  4.4426653532313773 39.69292841832798  4.5124298403829659 39.696170819078525  4.5807569428876382 39.698420803854617  4.647534796777971 39.699724063967743  4.6909630368153703 39.700000649508155  4.7123889803846897 39.699999999999967 
 1.5707963267949001 4 1.6421961598310315 1 1.7135959928671629 1 1.7849958259032941 1 1.8563956589394255 1 1.9277954919755569 1 1.9991953250116883 1 2.0705951580478197 1 2.1419949910839509 1 2.2133948241200825 1 2.2847946571562137 1 2.3561944901923448 1 2.4275943232284765 1 2.4989941562646076 1 2.5703939893007393 1 2.6417938223368704 1 2.7131936553730016 1 2.7845934884091332 1 2.8559933214452649 1 2.927393154481396 1 2.9987929875175272 1 3.0701928205536584 1 3.14159265358979 4
7 0 0  3 25 23  3.1415926535897931 -3.2500000000000013  3.1630185971592115 -3.2542845283220365  3.2064468371966788 -3.2629713781671095  3.273224691086972 -3.2762702677638118  3.3415517935921546 -3.2897573972777665  3.4113162807439368 -3.303337027279829  3.4823894560560928 -3.3169048400721319  3.5546240353332856 -3.3303483374528544  3.6278559113527051 -3.3435496526268964  3.7019056946470745 -3.3563883383760258  3.7765810179207153 -3.3687446450135559  3.8516792804800373 -3.380502955795714  3.9269908169877663 -3.3915552323947082  4.0023023534953621 -3.4018042520493159  4.0774006160548044 -3.4111664403740871  4.1520759393286921 -3.4195741273555429  4.2261257226223465 -3.4269770995570772  4.2993575986422989 -3.4333433812183141  4.3715921779191476 -3.4386592284227029  4.4426653532313978 -3.4429284183280084  4.5124298403829624 -3.4461708190785676  4.5807569428876329 -3.4484208038546664  4.647534796777971 -3.4497240639677766  4.6909630368153721 -3.4500006495081834  4.7123889803846897 -3.4500000000000015 
 1.5707963267949001 4 1.6421961598310315 1 1.7135959928671629 1 1.7849958259032941 1 1.8563956589394255 1 1.9277954919755569 1 1.9991953250116883 1 2.0705951580478197 1 2.1419949910839509 1 2.2133948241200825 1 2.2847946571562137 1 2.3561944901923448 1 2.4275943232284765 1 2.4989941562646076 1 2.5703939893007393 1 2.6417938223368704 1 2.7131936553730016 1 2.7845934884091332 1 2.8559933214452649 1 2.927393154481396 1 2.9987929875175272 1 3.0701928205536584 1 3.14159265358979 4
7 0 0  3 25 23  1.5707963267948966 29.498940658945727  1.5424447966453394 29.498940658945724  1.4863075409498341 29.498496157704242  1.4035858169137503 29.496581902732526  1.3221002266070698 29.49350614488953  1.2417244444114406 29.489354885732055  1.1624039447211563 29.484214121919106  1.0841572763240861 29.478169868382544  1.0070605586491259 29.471308071860356  0.93123245267222687 29.463714933593447  0.85682229309352753 29.455475705004609  0.78397825969947355 29.446679182286566  0.71289115338925901 29.437400932369918  0.64356057678078449 29.427765894464201  0.57563861888879597 29.417844268947508  0.50895598061551661 29.407656883918971  0.4433078619975202 29.397237796739944  0.37851662872022246 29.386617520001714  0.31441859752899054 29.37582751611383  0.25086990163187667 29.364898992982745  0.187746045925542 29.353863226708974  0.12494310399476766 29.342751475120014  0.062375095133628773 29.331595000941302  0.020779743588121999 29.324148377366811  0 29.320428032346328 
 0 4 1.6732862316008592e-05 1 3.3465724632017184e-05 1 5.0198586948025776e-05 1 6.6931449264034368e-05 1 8.3664311580042966e-05 1 0.00010039717389605155 1 0.00011713003621206014 1 0.00013386289852806874 1 0.00015059576084407733 1 0.00016732862316008593 1 0.0001840614854760945 1 0.0002007943477921031 1 0.0002175272101081117 1 0.00023426007242412027 1 0.0002509929347401289 1 0.00026772579705613747 1 0.00028445865937214604 1 0.00030119152168815467 1 0.00031792438400416324 1 0.00033465724632017186 1 0.00035139010863618044 1 0.00036812297095218901 4
7 0 0  3 25 23  3.2580171070731554 6.2831853071795862  3.2580171062195364 6.2548337525525612  3.2580021363880407 6.1986965493274448  3.257937670222979 6.1159750941027076  3.2578340889888198 6.0344899041852358  3.2576942771560908 5.9541144006807194  3.2575211143682261 5.8747939027088671  3.257317477196378 5.7965469399183345  3.2570862386196815 5.719449762340763  3.2568302807729252 5.6436212443736657  3.2565524557791732 5.5692109405409216  3.2562557398597494 5.4963670351881477  3.2559426651368577 5.4252803274859813  3.2556174462759366 5.3559489872130506  3.2552824410930041 5.2880249020464696  3.2549383335300042 5.2213396579367259  3.2545862593581956 5.1556890455461115  3.2542272368605492 5.0908959996544212  3.2538623196094503 5.026797231520554  3.2534925557390295 4.9632490707937631  3.2531189989977523 4.9001269810004562  3.2527427060387102 4.8373267276474605  3.2523647368313218 4.7747617773080018  3.252112349744642 4.7331681070249116  3.251986231537229 4.7123889803847145 
 0 4 1.6732862316008592e-05 1 3.3465724632017184e-05 1 5.0198586948025776e-05 1 6.6931449264034368e-05 1 8.3664311580042966e-05 1 0.00010039717389605155 1 0.00011713003621206014 1 0.00013386289852806874 1 0.00015059576084407733 1 0.00016732862316008593 1 0.0001840614854760945 1 0.0002007943477921031 1 0.0002175272101081117 1 0.00023426007242412027 1 0.0002509929347401289 1 0.00026772579705613747 1 0.00028445865937214604 1 0.00030119152168815467 1 0.00031792438400416324 1 0.00033465724632017186 1 0.00035139010863618044 1 0.00036812297095218901 4
7 0 0  3 25 23  3.1415926535897931 3.2499999999999987  3.1630185971592115 3.254284528322033  3.2064468371966788 3.2629713781671068  3.273224691086972 3.2762702677638118  3.3415517935921546 3.2897573972777625  3.4113162807439368 3.303337027279825  3.4823894560560928 3.3169048400721297  3.5546240353332856 3.3303483374528491  3.6278559113527051 3.3435496526268937  3.7019056946470745 3.3563883383760222  3.7765810179207153 3.3687446450135536  3.8516792804800373 3.3805029557957105  3.9269908169877663 3.391555232394706  4.0023023534953621 3.4018042520493128  4.0774006160548044 3.4111664403740836  4.1520759393286921 3.4195741273555393  4.2261257226223465 3.426977099557075  4.2993575986422989 3.4333433812183105  4.3715921779191476 3.4386592284227007  4.4426653532313978 3.4429284183280049  4.5124298403829624 3.4461708190785645  4.5807569428876329 3.4484208038546633  4.647534796777971 3.4497240639677744  4.6909630368153721 3.4500006495081808  4.7123889803846897 3.4499999999999984 
 1.5707963267949001 4 1.6421961598310315 1 1.7135959928671629 1 1.7849958259032941 1 1.8563956589394255 1 1.9277954919755569 1 1.9991953250116883 1 2.0705951580478197 1 2.1419949910839509 1 2.2133948241200825 1 2.2847946571562137 1 2.3561944901923448 1 2.4275943232284765 1 2.4989941562646076 1 2.5703939893007393 1 2.6417938223368704 1 2.7131936553730016 1 2.7845934884091332 1 2.8559933214452649 1 2.927393154481396 1 2.9987929875175272 1 3.0701928205536584 1 3.14159265358979 4
7 0 0  3 25 23  0 -39.499999999999964  0.021425943569465814 -39.504284528321989  0.064854183606960034 -39.512971378167059  0.13163203749718139 -39.526270267763785  0.19995914000238427 -39.539757397277718  0.2697236271540881 -39.553337027279802  0.34079680246628397 -39.566904840072091  0.41303138174339799 -39.580348337452833  0.48626325776296675 -39.593549652626848  0.56031304105720381 -39.606388338376007  0.63498836433083772 -39.618744645013543  0.71008662689025048 -39.630502955795677  0.78539816339793256 -39.641555232394687  0.86070969990556423 -39.651804252049274  0.93580796246498577 -39.661166440374053  1.0104832857388584 -39.669574127355531  1.0845330690325938 -39.676977099557028  1.1577649450524752 -39.683343381218286  1.2299995243293476 -39.688659228422665  1.3010726996415831 -39.69292841832798  1.370837186793173 -39.696170819078525  1.439164289297846 -39.698420803854617  1.5059421431881781 -39.699724063967743  1.549370383225577 -39.700000649508155  1.5707963267948966 -39.699999999999967 
 1.5707963267949001 4 1.6421961598310315 1 1.7135959928671629 1 1.7849958259032941 1 1.8563956589394255 1 1.9277954919755569 1 1.9991953250116883 1 2.0705951580478197 1 2.1419949910839509 1 2.2133948241200825 1 2.2847946571562137 1 2.3561944901923448 1 2.4275943232284765 1 2.4989941562646076 1 2.5703939893007393 1 2.6417938223368704 1 2.7131936553730016 1 2.7845934884091332 1 2.8559933214452649 1 2.927393154481396 1 2.9987929875175272 1 3.0701928205536584 1 3.14159265358979 4
7 0 0  3 25 23  6.166760853696224 6.2831853071795862  6.1667608545498425 6.2548337525525541  6.1667758243813395 6.1986965493274226  6.166840290546399 6.1159750941026685  6.1669438717805587 6.0344899041851754  6.1670836836132894 5.9541144006806785  6.167256846401151 5.874793902708789  6.1674604835730014 5.7965469399184402  6.1676917221496996 5.7194497623405791  6.1679476799964519 5.6436212443740867  6.1682255049902057 5.5692109405407857  6.1685222209096313 5.4963670351884524  6.1688352956325216 5.4252803274861021  6.1691605144934405 5.3559489872132486  6.1694955196763752 5.2880249020465957  6.1698396272393747 5.2213396579367455  6.1701917014111842 5.1556890455461719  6.1705507239088302 5.0908959996545127  6.1709156411599295 5.026797231520459  6.1712854050303481 4.9632490707937249  6.1716589617716267 4.9001269810003265  6.1720352547306696 4.8373267276474854  6.1724132239380562 4.7747617773081741  6.1726656110247369 4.7331681070251364  6.1727917292321504 4.7123889803849384 
 0 4 1.67328623160085e-05 1 3.3465724632017001e-05 1 5.0198586948025498e-05 1 6.6931449264034002e-05 1 8.3664311580042505e-05 1 0.000100397173896051 1 0.0001171300362120595 1 0.000133862898528068 1 0.00015059576084407649 1 0.00016732862316008501 1 0.0001840614854760935 1 0.00020079434779210199 1 0.00021752721010811051 1 0.000234260072424119 1 0.00025099293474012749 1 0.00026772579705613601 1 0.00028445865937214452 1 0.00030119152168815299 1 0.0003179243840041615 1 0.00033465724632017002 1 0.00035139010863617848 1 0.000368122970952187 4
7 0 0  3 25 23  1.5707963267948966 -29.498940658945671  1.5424447966453398 -29.498940658945678  1.4863075409498343 -29.498496157704192  1.4035858169137503 -29.496581902732476  1.3221002266070689 -29.493506144889484  1.2417244444114446 -29.489354885732034  1.1624039447211423 -29.484214121919067  1.0841572763241338 -29.478169868382569  1.0070605586489605 -29.471308071860353  0.93123245267248766 -29.463714933593504  0.85682229309335189 -29.455475705004623  0.78397825969960178 -29.446679182286612  0.71289115338922193 -29.437400932369968  0.64356057678080414 -29.427765894464258  0.57563861888876466 -29.417844268947537  0.50895598061542457 -29.407656883919003  0.44330786199753919 -29.397237796739955  0.37851662872029729 -29.386617520001732  0.31441859752892859 -29.375827516113812  0.2508699016318755 -29.364898992982745  0.18774604592552524 -29.353863226708956  0.12494310399479494 -29.342751475120021  0.062375095133668651 -29.331595000941331  0.020779743588143405 -29.324148377366861  0 -29.320428032346371 
 0 4 1.67328623160085e-05 1 3.3465724632017001e-05 1 5.0198586948025498e-05 1 6.6931449264034002e-05 1 8.3664311580042505e-05 1 0.000100397173896051 1 0.0001171300362120595 1 0.000133862898528068 1 0.00015059576084407649 1 0.00016732862316008501 1 0.0001840614854760935 1 0.00020079434779210199 1 0.00021752721010811051 1 0.000234260072424119 1 0.00025099293474012749 1 0.00026772579705613601 1 0.00028445865937214452 1 0.00030119152168815299 1 0.0003179243840041615 1 0.00033465724632017002 1 0.00035139010863617848 1 0.000368122970952187 4
1 0 0 0 -1 
1 6.2831853071795862 0 0 -1 
1 -3.1415926535897931 -20 1 0 
1 3.1415926535897931 0 0 -1 
1 3.1415926535897931 0 0 -1 
1 -3.1415926535897931 0 1 0 
1 6.2831853071795862 0 -1 0 
1 3.1415926535897931 0 0 -1 
1 3.1415926535897931 0 0 -1 
1 6.2831853071795862 -4 -1 0 
1 6.2831853071795862 0 0 -1 
1 0 0 0 -1 
1 6.2831853071795862 3.5527136788005009e-15 0 1 
1 0 3.5527136788005009e-15 0 1 
1 6.2831853071795862 -2.2752512555105682 -1 0 
1 3.1415926535897931 -0.22474874448939985 -1 0 
1 3.1415926535897931 0 0 1 
1 3.1415926535897931 0 0 1 
1 6.2831853071795862 -26.499999999999943 -1 0 
1 0 0 0 -1 
1 6.2831853071795862 0 0 -1 
1 3.1415926535897931 0 0 -1 
1 3.1415926535897931 0 0 -1 
1 -3.1415926535897931 0 1 0 
1 3.1415926535897931 -26.617663308412329 -1 0 
1 3.1415926535897931 3.5527136788005009e-15 0 1 
1 3.1415926535897931 3.5527136788005009e-15 0 1 
1 3.1415926535897931 0 -1 0 
1 6.2831853071795862 -2.5 -1 0 
1 0 3.5527136788005009e-15 0 1 
1 6.2831853071795862 3.5527136788005009e-15 0 1 
1 3.1415926535897931 0 1 0 
1 3.1415926535897931 0 0 -1 
1 3.1415926535897931 0 0 -1 
1 6.2831853071795862 0 0 -1 
1 0 0 0 -1 
1 6.2831853071795862 -25.173001410241099 -1 0 
1 3.1415926535897931 0 0 -1 
1 3.1415926535897931 0 0 -1 
1 0 -38.673001410241099 1 0 
1 6.2831853071795862 0 0 -1 
1 0 0 0 -1 
1 9.4247779607693793 -26.617663308412329 -1 0 
1 3.1415926535897931 -20 1 0 
1 6.2831853071795862 -4 -1 0 
1 3.1415926535897931 0 1 0 
1 6.2831853071795862 -25.173001410241099 -1 0 
1 0 -38.673001410241099 1 0 
1 -3.1415926535897931 0 1 0 
1 6.2831853071795862 -2.5 -1 0 
1 9.4247779607693793 0 -1 0 
1 3.1415926535897931 0 1 0 
1 9.4247779607693793 -0.22474874448939985 -1 0 
1 6.2831853071795862 -2.2752512555105682 -1 0 
1 6.2831853071795862 -26.499999999999943 -1 0 
1 6.2831853071795862 0 -1 0 
1 0 0 0 -1 
1 6.2831853071795862 0 0 -1 
1 -3.1415926535897931 -20 1 0 
1 3.1415926535897989 0 0 -1 
1 3.1415926535897989 0 0 -1 
1 -3.1415926535897931 0 1 0 
1 6.2831853071795862 0 -1 0 
1 3.1415926535897922 0 0 -1 
1 3.1415926535897922 0 0 -1 
1 6.2831853071795862 -4 -1 0 
1 6.2831853071795862 0 0 -1 
1 0 0 0 -1 
1 6.2831853071795862 1.4210854715202004e-14 0 1 
1 0 1.4210854715202004e-14 0 1 
1 6.2831853071795862 -2.2752512555105615 -1 0 
1 3.1415926535897931 -0.22474874448939985 -1 0 
1 3.1415926535897931 1.4210854715202004e-14 -1.0999227637836685e-16 1 
1 3.1415926535897931 1.4210854715202004e-14 -1.0999227637836685e-16 1 
1 6.2831853071795862 -26.49999999999994 -1 0 
1 0 0 0 -1 
1 6.2831853071795862 0 0 -1 
1 3.1415926535897931 0 0 -1 
1 3.1415926535897931 0 0 -1 
1 -3.1415926535897931 0 1 0 
1 3.1415926535897931 -26.617663308412325 -1 -1.1308638867425838e-15 
1 3.1415926535897936 -7.1054273576010019e-15 -1.0010402597053929e-16 1 
1 3.1415926535897936 -7.1054273576010019e-15 -1.0010402597053929e-16 1 
1 3.1415926535897931 7.0740178352514353e-15 -1 0 
1 6.2831853071795862 -2.5 -1 0 
1 0 -1.4210854715202004e-14 0 1 
1 6.2831853071795862 -1.4210854715202004e-14 0 1 
1 3.1415926535897931 0 1 0 
1 3.1415926535897936 0 0 -1 
1 3.1415926535897936 0 0 -1 
1 6.2831853071795862 0 0 -1 
1 0 0 0 -1 
1 6.2831853071795862 -25.173001410241099 -1 0 
1 3.1415926535897949 0 0 -1 
1 3.1415926535897949 0 0 -1 
1 0 -38.673001410241099 1 0 
1 6.2831853071795862 0 0 -1 
1 0 0 0 -1 
1 9.4247779607693793 -26.617663308412329 -1 0 
1 3.1415926535897944 -20 1 0 
1 6.2831853071795862 -4 -1 0 
1 3.1415926535897944 0 1 0 
1 6.2831853071795862 -25.173001410241099 -1 0 
1 0 -38.673001410241099 1 0 
1 -3.1415926535897931 0 1 0 
1 6.2831853071795862 -2.5 -1 0 
1 9.4247779607693793 1.4148035670502871e-14 -1 -2.2517298120009899e-15 
1 3.1415926535897931 0 1 0 
1 9.4247779607693793 -0.22474874448939985 -1 0 
1 6.2831853071795862 -2.2752512555105615 -1 0 
1 6.2831853071795862 -26.49999999999994 -1 0 
1 6.2831853071795862 0 -1 0 
1 0 0 1 0 
1 0 3.1415926535897931 1 -4.2407395752846889e-16 
1 3.1415926535897931 0 0 1 
1 3.1415926535897931 0 0 1 
1 0 1.5707963267948983 1 0 
1 0 0 0 1 
1 6.2831853071795862 0 0 1 
1 6.2831853071795862 0 0 1 
1 0 0 0 1 
1 6.2831853071795862 4.7123889803846879 -1 5.6543194337129189e-16 
1 3.1415926535897931 -1.3322676295501878e-15 0 1 
1 3.1415926535897931 -1.3322676295501878e-15 0 1 
1 0 3.1415926535897905 1 4.2407395752846889e-16 
1 0 0 1 0 
1 0 4.7123889803846897 1 0 
1 3.1415926535897931 5.3290705182007514e-15 0 1 
1 3.1415926535897931 5.3290705182007514e-15 0 1 
7 0 0  3 47 45  3.1415926535897931 5.1542339826118369  3.1364274006230075 5.154233929139945  3.1260993969725979 5.1545573789555599  3.1106225691827651 5.1560175961604742  3.0951686142994843 5.1584574534719554  3.079745142197837 5.1618807595388887  3.0643596804156639 5.1662909265051766  3.0490196405051089 5.1716909620401008  3.0337323221263008 5.1780835231842932  3.0185048075624947 5.1854709856315804  3.0033442623578188 5.1938552477391839  2.9882567273384346 5.2032384350350087  2.9732515459364977 5.2136201198685228  2.9583247664552208 5.2250074293405335  2.9434807464341999 5.2374209608231777  2.9287365158203067 5.2508725906082265  2.914105149150354 5.265375909182791  2.8996001711131036 5.2809437072538268  2.8852343295550895 5.2975889149983306  2.8710198934901943 5.3153245632880601  2.8569685130128173 5.3341640646665214  2.8430913366767738 5.3541210269497137  2.8293985674442972 5.3752104195983241  2.8159010370350201 5.3974445647670866  2.8026042976508005 5.4208482059826091  2.7895132127535232 5.4454913676727479  2.7766369226277572 5.4714368398317061  2.763981920404369 5.4987573156506802  2.7515574125707345 5.5275237339457739  2.7393608652413568 5.5578336260456265  2.7274733136184377 5.5896019881011547  2.7159217551007888 5.6229219436465741  2.7047353735481492 5.6578799370793122  2.6939427475578346 5.6945678398435966  2.6835634357429847 5.7331201696333078  2.6736450035135073 5.7735526490861639  2.6642806146178266 5.8158389090910161  2.6555317122985933 5.8600987415183683  2.6474636927293225 5.9064523904978037  2.6401440522477317 5.9550105944344676  2.6336171667550272 6.0060641074161607  2.6281261857591032 6.0585155012654299  2.6237025308223565 6.1127626824271237  2.6204285423751781 6.1689618618160402  2.6184458613191524 6.2258576604588427  2.6179939820934579 6.2640861123131764  2.6179938779914975 6.2831853071795862 
 1.35242707143939e-14 4 0.00011438280143016373 1 0.00022876560284680321 1 0.0003431484042634427 1 0.00045753120568008213 1 0.00057191400709672151 1 0.00068629680851336106 1 0.00080067960993000049 1 0.00091506241134663993 1 0.0010294452127632796 1 0.0011438280141799189 1 0.0012582108155965584 1 0.001372593617013198 1 0.0014869764184298373 1 0.0016013592198464769 1 0.0017157420212631162 1 0.0018301248226797557 1 0.0019445076240963953 1 0.0020588904255130348 1 0.0021732732269296741 1 0.0022876560283463135 1 0.0024020388297629532 1 0.0025164216311795926 1 0.0026308044325962319 1 0.0027451872340128716 1 0.002859570035429511 1 0.0029739528368461503 1 0.0030883356382627896 1 0.0032027184396794294 1 0.0033171012410960687 1 0.003431484042512708 1 0.0035458668439293478 1 0.0036602496453459871 1 0.0037746324467626264 1 0.0038890152481792662 1 0.0040033980495959047 1 0.0041177808510125449 1 0.0042321636524291842 1 0.0043465464538458235 1 0.0044609292552624628 1 0.0045753120566791022 1 0.0046896948580957415 1 0.0048040776595123817 1 0.004918460460929021 1 0.0050328432623456603 4
7 0 0  3 69 67  2.6179938779914975 6.2831853071795862  2.6179926384713283 6.2571865083064715  2.6171464167667633 6.2056012472726039  2.6135475468332694 6.1300200257541695  2.6078274382981115 6.056758808546765  2.6001712613799355 5.9864680695872297  2.5907884336668889 5.9198493859803154  2.5800259071261249 5.8572013276406008  2.5681601128030365 5.7987468217276117  2.5551868306952561 5.7434715258172568  2.5412627759744382 5.6913581694711457  2.5267268841472323 5.642981431524646  2.5115447716006769 5.5977406392055604  2.4957724561207506 5.5553525930885836  2.4794416038427465 5.5154667207809087  2.4625709686805428 5.4779864137830883  2.4452535524749144 5.442910885977069  2.4275694785291155 5.4102129811498356  2.4096286497831612 5.3799022123631746  2.3914084786973788 5.3517227240151408  2.3729183319389109 5.3256241828247362  2.3541704054238726 5.3015394484162188  2.3351775941578357 5.279410942225998  2.315953951860847 5.2591841930779406  2.2965148995741824 5.2408090890924131  2.2768757803865141 5.2242409386329438  2.2570572099419954 5.2094327959832931  2.2370620173104276 5.1963636993940705  2.2169093044550605 5.1850469861153146  2.1966221093297804 5.1754851296016211  2.176223448274949 5.1676799210322288  2.1557372412700917 5.1616297151319808  2.1351878269514621 5.1573300862504556  2.1146001750993682 5.1547732263162827  2.093998670101584 5.1539484138448941  2.0734108762916481 5.1548389215799757  2.0528574496522389 5.1574540958075197  2.0323557818474565 5.1618034018409897  2.0119238341070593 5.1678942072549257  1.991578955579866 5.1757327661974077  1.9713382425478563 5.1853243091154528  1.9512177768244048 5.1966727571995017  1.9312348395379084 5.2097820536135666  1.9113993823027178 5.2246506027405735  1.8917099227853518 5.2413174286326027  1.8721977407849673 5.2598270668187315  1.8528851795371639 5.2802240045637676  1.8337953653496308 5.3025552454265252  1.8149497170836231 5.3268703117875296  1.7963676731451288 5.3532218657086057  1.7780698690019718 5.3816648964924152  1.7600654055028151 5.4122591469647592  1.7424422408884497 5.4450190763229074  1.7252212844471624 5.480089777811874  1.7084360573563531 5.5175927685722881  1.6920830545727463 5.5577498294119998  1.6763335645919784 5.6003404223890279  1.661229201558901 5.6456309067727846  1.6468098916205351 5.6939145190155447  1.6330920957913411 5.7455354810623884  1.6201778018355897 5.8008074378660757  1.6082958005951014 5.8596802866960775  1.5976479200952307 5.922096495760834  1.5883875230216409 5.9884601404954081  1.5808512976196936 6.0576974181447323  1.5752045095741207 6.1298046915786548  1.5716334654429447 6.2055857416066109  1.5707938821548435 6.2572563055047805  1.5707963267948966 6.2831853071795862 
 1.96976683346949e-07 4 0.00015388808231088565 1 0.00030757918793842431 1 0.000461270293565963 1 0.00061496139919350174 1 0.00076865250482104042 1 0.00092234361044857911 1 0.0010760347160761177 1 0.0012297258217036564 1 0.0013834169273311951 1 0.0015371080329587338 1 0.0016907991385862724 1 0.0018444902442138111 1 0.0019981813498413502 1 0.0021518724554688887 1 0.0023055635610964272 1 0.0024592546667239661 1 0.002612945772351505 1 0.0027666368779790435 1 0.0029203279836065819 1 0.0030740190892341208 1 0.0032277101948616597 1 0.0033814013004891982 1 0.0035350924061167367 1 0.0036887835117442756 1 0.0038424746173718145 1 0.0039961657229993534 1 0.0041498568286268914 1 0.0043035479342544303 1 0.0044572390398819692 1 0.0046109301455095073 1 0.0047646212511370462 1 0.0049183123567645851 1 0.005072003462392124 1 0.0052256945680196629 1 0.0053793856736472009 1 0.0055330767792747398 1 0.0056867678849022787 1 0.0058404589905298168 1 0.0059941500961573557 1 0.0061478412017848946 1 0.0063015323074124335 1 0.0064552234130399724 1 0.0066089145186675104 1 0.0067626056242950493 1 0.0069162967299225882 1 0.0070699878355501263 1 0.0072236789411776652 1 0.0073773700468052041 1 0.007531061152432743 1 0.0076847522580602819 1 0.0078384433636878199 1 0.0079921344693153588 1 0.008145825574942896 1 0.0082995166805704349 1 0.0084532077861979738 1 0.0086068988918255127 1 0.0087605899974530516 1 0.0089142811030805905 1 0.0090679722087081294 1 0.0092216633143356666 1 0.0093753544199632055 1 0.0095290455255907444 1 0.0096827366312182833 1 0.0098364277368458222 1 0.0099901188424733611 1 0.0101438099481009 4
7 0 0  3 69 67  1.5707963267948966 6.2831853071795862  1.5707950872747274 6.2571865083064706  1.5699488655701626 6.2056012472726039  1.5663499956366673 6.1300200257541766  1.5606298871015092 6.0567588085467623  1.5529737101833274 5.9864680695872359  1.543590882470284 5.9198493859803074  1.5328283559295237 5.8572013276405936  1.5209625616064368 5.7987468217276072  1.5079892794986602 5.7434715258172444  1.4940652247778456 5.6913581694711377  1.479529332950634 5.6429814315246487  1.4643472204040742 5.5977406392055755  1.448574904924145 5.5553525930886103  1.4322440526461466 5.5154667207809247  1.4153734174839461 5.4779864137830927  1.3980560012783174 5.4429108859770698  1.3803719273325212 5.4102129811498285  1.3624310985865633 5.3799022123631799  1.3442109275007801 5.3517227240151444  1.3257207807423126 5.3256241828247477  1.3069728542272745 5.3015394484162224  1.2879800429612382 5.2794109422260078  1.2687564006642482 5.259184193077945  1.2493173483775863 5.2408090890924148  1.2296782291899162 5.2242409386329483  1.209859658745396 5.209432795983302  1.1898644661138271 5.1963636993940803  1.1697117532584591 5.1850469861153305  1.1494245581331775 5.1754851296016344  1.1290258970783451 5.1676799210322253  1.1085396900734859 5.1616297151319932  1.0879902757548554 5.1573300862504521  1.0674026239027634 5.1547732263162862  1.046801118904984 5.1539484138448914  1.0262133250950447 5.1548389215799801  1.0056598984556382 5.1574540958075197  0.98515823065085684 5.1618034018409853  0.9647262829104587 5.1678942072549194  0.94438140438326768 5.1757327661974051  0.92414069135125487 5.1853243091154395  0.90402022562780426 5.1966727571994999  0.88403728834130557 5.2097820536135586  0.86420183110611526 5.2246506027405717  0.84451237158874881 5.2413174286326134  0.82500018958836563 5.2598270668187466  0.80568762834056351 5.2802240045637783  0.78659781415303232 5.302555245426543  0.76775216588702722 5.3268703117875518  0.74917012194853017 5.3532218657086208  0.73087231780537532 5.381664896492433  0.71286785430621791 5.4122591469647707  0.69524468969185327 5.4450190763229163  0.67802373325056464 5.4800897778118811  0.66123850615975666 5.5175927685722908  0.64488550337614758 5.5577498294120042  0.62913601339537872 5.6003404223890252  0.61403165036230223 5.6456309067727837  0.59961234042393463 5.6939145190155456  0.58589454459474044 5.745535481062392  0.57298025063898805 5.8008074378660854  0.56109824939850228 5.859680286696082  0.55045036889863463 5.9220964957608446  0.54118997182504325 5.9884601404954072  0.53365374642309782 6.0576974181447438  0.52800695837752043 6.1298046915786619  0.5244359142463445 6.2055857416066109  0.52359633095824287 6.257256305504777  0.52359877559829582 6.2831853071795862 
 1.9697668334664301e-07 4 0.00015388808231088532 1 0.00030757918793842404 1 0.00046127029356596272 1 0.00061496139919350141 1 0.0007686525048210401 1 0.00092234361044857879 1 0.0010760347160761175 1 0.0012297258217036562 1 0.0013834169273311948 1 0.0015371080329587335 1 0.0016907991385862722 1 0.0018444902442138109 1 0.0019981813498413498 1 0.0021518724554688883 1 0.0023055635610964268 1 0.0024592546667239657 1 0.0026129457723515046 1 0.002766636877979043 1 0.0029203279836065815 1 0.0030740190892341204 1 0.0032277101948616593 1 0.0033814013004891978 1 0.0035350924061167363 1 0.0036887835117442752 1 0.0038424746173718141 1 0.0039961657229993525 1 0.0041498568286268906 1 0.0043035479342544295 1 0.0044572390398819684 1 0.0046109301455095064 1 0.0047646212511370453 1 0.0049183123567645842 1 0.0050720034623921231 1 0.005225694568019662 1 0.0053793856736472001 1 0.005533076779274739 1 0.0056867678849022779 1 0.0058404589905298159 1 0.0059941500961573548 1 0.0061478412017848937 1 0.0063015323074124326 1 0.0064552234130399715 1 0.0066089145186675096 1 0.0067626056242950485 1 0.0069162967299225874 1 0.0070699878355501254 1 0.0072236789411776643 1 0.0073773700468052032 1 0.0075310611524327421 1 0.007684752258060281 1 0.0078384433636878199 1 0.0079921344693153588 1 0.008145825574942896 1 0.0082995166805704349 1 0.0084532077861979738 1 0.0086068988918255127 1 0.0087605899974530516 1 0.0089142811030805905 1 0.0090679722087081294 1 0.0092216633143356666 1 0.0093753544199632055 1 0.0095290455255907444 1 0.0096827366312182833 1 0.0098364277368458222 1 0.0099901188424733611 1 0.0101438099481009 4
7 0 0  3 47 45  0.52359877559829582 6.2831853071795862  0.52359826076135152 6.2639476581571278  0.52313665005728982 6.2254136096033816  0.52111971638916266 6.1680608473836891  0.51783955551492045 6.1119944528850603  0.51334323059446141 6.0573052508130578  0.50777395955822546 6.0043554968968627  0.50128731657842662 5.9538751390484776  0.49388930005062931 5.9051074541729838  0.4857187300432077 5.8584000708303163  0.47692078418094008 5.8140747773313937  0.46756818882298656 5.7719514249978277  0.45768270092763597 5.7317715260963729  0.44730040721286818 5.693346453977397  0.43646732227248136 5.6566511592359037  0.42523193580229485 5.6216474539315024  0.41364612004979695 5.5883134122423108  0.4017602290492483 5.5566233773345814  0.38964257109329953 5.5265883221683394  0.37725663544525595 5.4979720793539393  0.36461080707904037 5.4707236372248635  0.3517113941938167 5.4447780536777683  0.33856906501638856 5.4200838779423277  0.32518312620718454 5.3965769619930688  0.31159807720953059 5.3742582461085666  0.29785528157317509 5.3531496730162136  0.28395210180030717 5.3332136512012243  0.26989826398676475 5.3144295742571357  0.25570074986262231 5.2967734939748352  0.24136783092226088 5.280223651765513  0.22690798914190566 5.2647589827276944  0.21233013112732402 5.2503594912294069  0.19764372354697926 5.2370058418028069  0.18285793152878652 5.2246799382028124  0.1679848056276016 5.2133620964177547  0.15302725367606415 5.2030406516575365  0.1379843471780971 5.1937175341986093  0.12286491811733719 5.1853867819336603  0.10767525033450279 5.1780442724395694  0.092423345187685219 5.1716854376795709  0.077114066887106952 5.1663045270809738  0.061791882030717955 5.1619077264967457  0.046434921684505352 5.158486259989373  0.031030066017745245 5.1560379260067499  0.015561825053368027 5.1545635315897469  0.0051976091231466176 5.1542343253387601  0 5.154233982611836 
 0.015158334229373601 4 0.015273433333374139 1 0.015388532437374678 1 0.015503631541375216 1 0.015618730645375755 1 0.015733829749376295 1 0.015848928853376833 1 0.015964027957377371 1 0.016079127061377908 1 0.01619422616537845 1 0.016309325269378987 1 0.016424424373379525 1 0.016539523477380063 1 0.016654622581380604 1 0.016769721685381142 1 0.01688482078938168 1 0.016999919893382218 1 0.017115018997382755 1 0.017230118101383297 1 0.017345217205383835 1 0.017460316309384372 1 0.017575415413384914 1 0.017690514517385451 1 0.017805613621385989 1 0.017920712725386527 1 0.018035811829387065 1 0.018150910933387606 1 0.018266010037388144 1 0.018381109141388682 1 0.018496208245389219 1 0.018611307349389761 1 0.018726406453390299 1 0.018841505557390836 1 0.018956604661391374 1 0.019071703765391912 1 0.019186802869392453 1 0.019301901973392991 1 0.019417001077393529 1 0.01953210018139407 1 0.019647199285394608 1 0.019762298389395146 1 0.019877397493395683 1 0.019992496597396221 1 0.020107595701396763 1 0.0202226948053973 4
1 0 1.9539925233402755e-14 0 1 
1 6.2831853071795862 1.9539925233402755e-14 0 1 
1 0 0 0 -1 
1 6.2831853071795862 0 0 -1 
1 -3.1415926535897931 -7.5 1 0 
1 3.1415926535897931 0 0 -1 
1 3.1415926535897931 0 0 -1 
1 -3.1415926535897931 0 1 0 
7 0 0  3 25 23  1.2434200572255576 1.0552777537179319  1.249353966325748 1.0514209666840597  1.261164816779333 1.043354621919615  1.2786982117881078 1.0301839489518461  1.2960364440644327 1.0159296278051391  1.3131682977511698 1.0005779363155864  1.3300832838682921 0.98411402826107519  1.3467717361252847 0.96652164389346984  1.3632248342023709 0.94778297451853866  1.3794344417739688 0.92787860634934172  1.395393720221435 0.90678734001772143  1.4110947897326873 0.88448682921038124  1.4265373931076408 0.8609515311104331  1.44169647256065 0.83616112670846421  1.456516607483044 0.81012349752935975  1.4709704328980533 0.78283912972442604  1.4850255887622561 0.75430985172203435  1.4986555751386894 0.72453006459331781  1.5118289615394818 0.69350758404225454  1.5245720120940884 0.66114663351986058  1.5368632837607419 0.62733023147153899  1.5486881064068669 0.59193528063306888  1.5600316211088465 0.55482613726171914  1.5672644975701353 0.5288443213185563  1.5707963267948966 0.51551857307693183 
 1.81367282050289e-06 4 0.00013889437976565233 1 0.00027597508671080176 1 0.00041305579365595119 1 0.00055013650060110062 1 0.0006872172075462501 1 0.00082429791449139948 1 0.00096137862143654885 1 0.0010984593283816983 1 0.0012355400353268478 1 0.0013726207422719973 1 0.0015097014492171466 1 0.001646782156162296 1 0.0017838628631074455 1 0.0019209435700525948 1 0.0020580242769977441 1 0.0021951049839428935 1 0.002332185690888043 1 0.0024692663978331925 1 0.002606347104778342 1 0.0027434278117234915 1 0.0028805085186686405 1 0.00301758922561379 4
7 0 0  3 25 23  0.52359877559829593 0.51551857307694215  0.52713156604368971 0.52884794888923925  0.53436587139492964 0.55483468601061747  0.5457100034117498 0.59194521159423763  0.55753387025177004 0.62733654678885753  0.5698225719620017 0.66114533926006747  0.5825613598475452 0.6934955876248925  0.59572884610287624 0.72450542426757403  0.60934891692293613 0.7542672805688575  0.6233930874138579 0.78277877427766329  0.63783736152470338 0.81004980567522866  0.65265162604910198 0.8360818809378634  0.66781302958004207 0.86088112440099962  0.68326264172442286 0.8844318170665888  0.69896896425129607 0.90674341279432491  0.71493346507353395 0.92784459331421087  0.73114780274661784 0.94775709083408644  0.74760526430558105 0.96650249280808398  0.76429768319864089 0.98410032710486617  0.78121625226087732 1.0005685830064182  0.79835130844832269 1.0159236752433556  0.81569237055125177 1.0301806033775787  0.83322823103743804 1.0433532354216433  0.84504048938661525 1.0514205457487711  0.85097504516763767 1.0552777537179412 
 2.9519504444443201e-07 4 0.00013650488826841015 1 0.00027271458149237586 1 0.00040892427471634154 1 0.00054513396794030728 1 0.00068134366116427301 1 0.00081755335438823864 1 0.00095376304761220438 1 0.00108997274083617 1 0.0012261824340601356 1 0.0013623921272841015 1 0.0014986018205080671 1 0.0016348115137320327 1 0.0017710212069559986 1 0.0019072309001799642 1 0.0020434405934039303 1 0.0021796502866278959 1 0.0023158599798518615 1 0.0024520696730758271 1 0.0025882793662997932 1 0.0027244890595237588 1 0.0028606987527477245 1 0.0029969084459716901 4
7 0 0  3 25 23  2.2906176084221586 1.0552777537179348  2.2965515175223485 1.0514209666840626  2.3083623679759331 1.0433546219196197  2.325895762984711 1.0301839489518569  2.3432339952610337 1.0159296278051428  2.3603658489477728 1.0005779363155933  2.3772808350648926 0.98411402826107963  2.3939692873218856 0.96652164389346962  2.4104223853989701 0.94778297451853799  2.4266319929705666 0.92787860634933106  2.4425912714180305 0.90678734001771155  2.4582923409292832 0.88448682921036836  2.4737349443042342 0.860951531110413  2.4888940237572434 0.83616112670842824  2.5037141586796405 0.8101234975293331  2.5181679840946503 0.78283912972440717  2.5322231399588579 0.75430985172202358  2.5458531263352882 0.72453006459330771  2.5590265127360783 0.69350758404224555  2.5717695632906854 0.66114663351985259  2.5840608349573388 0.62733023147153177  2.5958856576034659 0.59193528063306955  2.6072291723054493 0.55482613726172314  2.6144620487667365 0.52884432131856363  2.6179938779914975 0.51551857307694171 
 1.8136728205927801e-06 4 0.00013889437976574172 1 0.00027597508671089066 1 0.00041305579365603961 1 0.00055013650060118855 1 0.00068721720754633749 1 0.00082429791449148643 1 0.00096137862143663537 1 0.0010984593283817842 1 0.0012355400353269333 1 0.0013726207422720821 1 0.0015097014492172309 1 0.00164678215616238 1 0.001783862863107529 1 0.0019209435700526778 1 0.0020580242769978269 1 0.0021951049839429759 1 0.002332185690888125 1 0.002469266397833274 1 0.0026063471047784227 1 0.0027434278117235717 1 0.0028805085186687208 1 0.0030175892256138698 4
7 0 0  3 25 23  1.5707963267948966 0.51551857307693183  1.5743291172402882 0.52884794888923259  1.581563422591526 0.5548346860106157  1.5929075546083473 0.59194521159423841  1.6047314214483663 0.62733654678885686  1.6170201231586017 0.66114533926006314  1.6297589110441439 0.69349558762487862  1.6429263972994794 0.72450542426755482  1.6565464681195381 0.75426728056884351  1.670590638610461 0.78277877427765219  1.6850349127213071 0.81004980567522533  1.6998491772457056 0.83608188093786007  1.7150105807766445 0.86088112440100673  1.7304601929210273 0.88443181706659169  1.7461665154478998 0.90674341279433235  1.7621310162701354 0.92784459331422031  1.7783453539432186 0.94775709083409831  1.7948028155021811 0.96650249280810119  1.8114952343952397 0.98410032710487338  1.8284138034574735 1.0005685830064424  1.8455488596449205 1.0159236752433611  1.8628899217478503 1.0301806033775822  1.880425782234034 1.0433532354216422  1.8922380405832127 1.0514205457487658  1.8981725963642357 1.0552777537179319 
 2.95195044437944e-07 4 0.00013650488826840395 1 0.00027271458149236995 1 0.00040892427471633596 1 0.00054513396794030197 1 0.00068134366116426803 1 0.00081755335438823398 1 0.00095376304761219993 1 0.0010899727408361661 1 0.0012261824340601322 1 0.0013623921272840982 1 0.0014986018205080641 1 0.0016348115137320301 1 0.0017710212069559962 1 0.001907230900179962 1 0.0020434405934039281 1 0.0021796502866278942 1 0.0023158599798518602 1 0.0024520696730758263 1 0.0025882793662997923 1 0.0027244890595237584 1 0.002860698752747724 1 0.0029969084459716901 4
7 0 0  3 25 23  3.3378151596187555 1.0552777537179354  3.3436911723245912 1.0514586005380859  3.3553934282271136 1.0434642901415858  3.3727874860592215 1.0303923916707642  3.3900120042224793 1.0162277814851952  3.4070574556049666 1.0009576840017111  3.4239154899398319 0.9845671396519704  3.4405761811646687 0.96704594331219895  3.4570639639080953 0.94832984873951365  3.4733389702850452 0.92841969050319095  3.489372557290225 0.90730936734687861  3.5051338090846231 0.88499925301700511  3.5206004509014095 0.86147667473345457  3.5357289443099003 0.83677716537651337  3.5504910025100842 0.81090245157692553  3.5648825200127097 0.7838006609207715  3.5788942571462754 0.75542896860904962  3.5925201958306467 0.7257311238300993  3.6057530334182584 0.69466478321894243  3.6186366995161992 0.66197662924905665  3.6310910396747063 0.62772711747085475  3.6430583327477262 0.59193145529450431  3.6544793155591044 0.55461063321475879  3.6616934827343872 0.52871700147090916  3.6651914291880883 0.51551857307694027 
 0.00147000222480712 4 0.0016064262198096594 1 0.0017428502148121991 1 0.0018792742098147387 1 0.0020156982048172784 1 0.0021521221998198176 1 0.0022885461948223573 1 0.0024249701898248969 1 0.0025613941848274362 1 0.0026978181798299758 1 0.0028342421748325155 1 0.0029706661698350552 1 0.0031070901648375948 1 0.0032435141598401345 1 0.0033799381548426737 1 0.0035163621498452129 1 0.0036527861448477526 1 0.0037892101398502923 1 0.0039256341348528319 1 0.0040620581298553716 1 0.0041984821248579112 1 0.0043349061198604509 1 0.0044713301148629897 4
7 0 0  3 25 23  2.6179938779914975 0.51551857307694171  2.6214838586977196 0.52868825649490581  2.6287060213367619 0.55460588909569108  2.640159017367508 0.59203906231213477  2.6521045187151127 0.62776589811479822  2.6644866616412481 0.66182079539872174  2.6773128120083958 0.69437260984109517  2.690563915858315 0.72550518494529415  2.7042598947907814 0.75535491935553511  2.7183689814208791 0.78391586486433007  2.7328642256178419 0.81119977822978329  2.7477129001172957 0.83720989787932565  2.7628870141535469 0.86195050150403885  2.7783314855135774 0.88542020012919653  2.7940220704051306 0.90764314508005872  2.8099584163906006 0.92864684525147023  2.826132848568867 0.94845617190775411  2.8425387132156943 0.96709472186911438  2.8591681281278265 0.98458433259943912  2.8760125755642685 1.0009451962108837  2.8930627478025905 1.0161959132003253  2.9103085719777071 1.0303536079556939  2.9277392998667664 1.0434342187119132  2.9394752301486782 1.0514462989941598  2.9453701475608307 1.0552777537179356 
 0.019365723593035102 4 0.019502480682141492 1 0.019639237771247882 1 0.019775994860354276 1 0.019912751949460666 1 0.020049509038567056 1 0.020186266127673446 1 0.020323023216779836 1 0.020459780305886226 1 0.02059653739499262 1 0.02073329448409901 1 0.0208700515732054 1 0.021006808662311791 1 0.021143565751418181 1 0.021280322840524571 1 0.021417079929630965 1 0.021553837018737355 1 0.021690594107843745 1 0.021827351196950135 1 0.021964108286056525 1 0.022100865375162919 1 0.022237622464269309 1 0.022374379553375699 4
7 0 0  3 47 45  3.6651914291880883 6.2831853071795862  3.6651909143511445 6.2639476581568889  3.6647293036470718 6.2254136096026862  3.6627123699788977 6.1680608473823444  3.6594322091045792 6.1119944528830636  3.654935884184018 6.0573052508104794  3.6493666131476599 6.0043554968937327  3.6428799701677228 5.9538751390448379  3.6354819536397662 5.9051074541689239  3.6273113836321804 5.8584000708258914  3.6185134377697459 5.8140747773266703  3.6091608424116228 5.771951424992861  3.5992753545160912 5.731771526091145  3.5888930608011322 5.6933464539719543  3.578059975860552 5.6566511592302842  3.5668245893901731 5.6216474539257577  3.5552387736374795 5.5883134122364675  3.5433528826367344 5.5566233773286564  3.5312352246805854 5.5265883221623531  3.5188492890323344 5.4979720793478926  3.5062034606659127 5.4707236372187937  3.4933040477804753 5.4447780536716817  3.4801617186028282 5.4200838779362446  3.4667757797934078 5.396576961987015  3.453190730795531 5.3742582461025554  3.4394479351589604 5.3531496730102752  3.4255447553858787 5.3332136511953845  3.4114909175721233 5.3144295742514167  3.3972934034477724 5.2967734939692663  3.3829604845072003 5.280223651760104  3.3685006427266369 5.2647589827224719  3.3539227847118513 5.2503594912243923  3.3392363771312965 5.237005841798017  3.3244505851128996 5.2246799381982685  3.3095774592115044 5.2133620964134719  3.2946199072597557 5.203040651653537  3.2795770007615772 5.1937175341949047  3.2644575717006097 5.185386781930287  3.2492679039175583 5.1780442724364839  3.2340159987705488 5.1716854376770538  3.2187067204696929 5.1663045270780987  3.2033845356141621 5.1619077265100515  3.1880275752696927 5.158486260021812  3.172622719605156 5.1560379260515647  3.1571544786427896 5.1545635316293126  3.1467902627130626 5.1542343253562128  3.1415926535897931 5.1542339826118369 
 0.015158334229508101 4 0.015273433333511074 1 0.015388532437514046 1 0.015503631541517019 1 0.015618730645519991 1 0.015733829749522966 1 0.015848928853525936 1 0.015964027957528909 1 0.016079127061531882 1 0.016194226165534856 1 0.016309325269537829 1 0.016424424373540799 1 0.016539523477543772 1 0.016654622581546746 1 0.016769721685549719 1 0.016884820789552692 1 0.016999919893555662 1 0.017115018997558636 1 0.017230118101561609 1 0.017345217205564582 1 0.017460316309567556 1 0.017575415413570529 1 0.017690514517573499 1 0.017805613621576472 1 0.017920712725579446 1 0.018035811829582419 1 0.018150910933585389 1 0.018266010037588362 1 0.018381109141591336 1 0.018496208245594309 1 0.018611307349597282 1 0.018726406453600256 1 0.018841505557603225 1 0.018956604661606199 1 0.019071703765609172 1 0.019186802869612146 1 0.019301901973615115 1 0.019417001077618089 1 0.019532100181621062 1 0.019647199285624035 1 0.019762298389627009 1 0.019877397493629982 1 0.019992496597632956 1 0.020107595701635925 1 0.020222694805638899 4
7 0 0  3 25 23  4.3850127108153512 1.0552777537179305  4.3909466199155416 1.0514209666840593  4.4027574703691252 1.0433546219196148  4.4202908653779014 1.0301839489518447  4.4376290976542236 1.0159296278051388  4.4547609513409627 1.000577936315586  4.4716759374580857 0.98411402826107652  4.4883643897150769 0.96652164389346318  4.504817487792165 0.9477829745185371  4.5210270953637623 0.92787860634934194  4.5369863738112288 0.90678734001771888  4.5526874433224798 0.88448682921039001  4.5681300466974353 0.86095153111043221  4.5832891261504427 0.83616112670845832  4.598109261072838 0.81012349752935442  4.612563086487846 0.78283912972441838  4.6266182423520519 0.75430985172201237  4.640248228728483 0.72453006459330593  4.6534216151292753 0.69350758404224522  4.6661646656838824 0.66114663351985892  4.6784559373505337 0.62733023147153588  4.6902807599966589 0.59193528063307355  4.7016242746986414 0.55482613726171792  4.7088571511599291 0.52884432131855441  4.7123889803846897 0.51551857307693183 
 1.81367282058351e-06 4 0.00013889437976573289 1 0.00027597508671088226 1 0.00041305579365603164 1 0.00055013650060118096 1 0.00068721720754633033 1 0.00082429791449147971 1 0.00096137862143662908 1 0.0010984593283817786 1 0.001235540035326928 1 0.0013726207422720773 1 0.0015097014492172266 1 0.0016467821561623761 1 0.0017838628631075255 1 0.0019209435700526748 1 0.0020580242769978239 1 0.0021951049839429733 1 0.0023321856908881228 1 0.0024692663978332723 1 0.0026063471047784214 1 0.0027434278117235708 1 0.0028805085186687203 1 0.0030175892256138698 4
7 0 0  3 25 23  3.6651914291880883 0.51551857307694027  3.6687242196334822 0.5288479488892377  3.6759585249847211 0.55483468601061547  3.6873026570015446 0.5919452115942333  3.6991265238415592 0.62733654678885564  3.7114152255517929 0.66114533926005969  3.7241540134373339 0.69349558762488206  3.7373214996926669 0.72450542426756259  3.7509415705127274 0.7542672805688474  3.7649857410036525 0.78277877427764908  3.7794300151145035 0.81004980567521545  3.7942442796389004 0.8360818809378423  3.8094056831698424 0.86088112440097997  3.8248552953142254 0.8844318170665697  3.8405616178410993 0.90674341279431137  3.8565261186633366 0.92784459331419  3.8727404563364192 0.94775709083407578  3.8891979178953795 0.96650249280807854  3.9058903367884388 0.98410032710485718  3.9228089058506712 1.0005685830064166  3.9399439620381194 1.0159236752433474  3.9572850241410449 1.0301806033775727  3.9748208846272282 1.0433532354216444  3.9866331429764039 1.0514205457487698  3.9925676987574277 1.0552777537179345 
 2.9519504443729099e-07 4 0.00013650488826840378 1 0.00027271458149237028 1 0.00040892427471633677 1 0.00054513396794030327 1 0.00068134366116426976 1 0.00081755335438823626 1 0.00095376304761220275 1 0.0010899727408361694 1 0.0012261824340601358 1 0.0013623921272841023 1 0.0014986018205080688 1 0.0016348115137320353 1 0.0017710212069560018 1 0.0019072309001799683 1 0.0020434405934039346 1 0.0021796502866279011 1 0.0023158599798518676 1 0.0024520696730758341 1 0.0025882793662998006 1 0.0027244890595237671 1 0.0028606987527477336 1 0.0029969084459717001 4
7 0 0  3 69 67  4.7123889803846897 6.2831853071795862  4.7123877408645205 6.2571865083064724  4.7115415191599546 6.2056012472726056  4.7079426492264602 6.1300200257541722  4.7022225406913014 6.0567588085467623  4.6945663637731219 5.986468069587243  4.6851835360600766 5.9198493859803083  4.6744210095193148 5.8572013276406096  4.6625552151962308 5.7987468217276135  4.6495819330884531 5.7434715258172462  4.6356578783676392 5.6913581694711368  4.6211219865404276 5.6429814315246629  4.6059398739938677 5.5977406392055968  4.5901675585139401 5.5553525930886325  4.57383670623594 5.5154667207809318  4.5569660710737416 5.4779864137830945  4.5396486548681105 5.4429108859770787  4.5219645809223152 5.4102129811498267  4.5040237521763586 5.3799022123631826  4.4858035810905736 5.3517227240151408  4.4673134343321061 5.3256241828247459  4.4485655078170687 5.3015394484162268  4.4295726965510314 5.2794109422260052  4.4103490542540431 5.2591841930779468  4.3909100019673781 5.2408090890924157  4.3712708827797089 5.2242409386329456  4.3514523123351907 5.2094327959833038  4.3314571197036198 5.1963636993940856  4.3113044068482527 5.1850469861153377  4.2910172117229708 5.1754851296016424  4.2706185506681438 5.167679921032259  4.2501323436632825 5.1616297151320074  4.2295829293446543 5.1573300862504849  4.2089952774925612 5.1547732263163013  4.1883937724947806 5.1539484138449136  4.1678059786848429 5.1548389215799837  4.147252552045436 5.1574540958075223  4.1267508842406517 5.1618034018409906  4.1063189365002515 5.1678942072549194  4.0859740579730603 5.175732766197406  4.065733344941048 5.1853243091154528  4.0456128792175949 5.1966727571994973  4.025629941931097 5.2097820536135631  4.0057944846959082 5.2246506027405824  3.9861050251785417 5.2413174286326116  3.9665928431781583 5.2598270668187457  3.9472802819303574 5.2802240045637792  3.9281904677428234 5.3025552454265421  3.9093448194768152 5.3268703117875429  3.8907627755383247 5.3532218657086315  3.8724649713951638 5.3816648964924303  3.8544605078960092 5.4122591469647912  3.8368373432816418 5.4450190763229216  3.8196163868403583 5.4800897778118864  3.8028311597495486 5.5175927685722845  3.7864781569659418 5.557749829411998  3.7707286669851725 5.6003404223890234  3.7556243039520942 5.6456309067727872  3.7412049940137257 5.6939145190155482  3.7274871981845328 5.7455354810624  3.7145729042287803 5.8008074378660845  3.7026909029882957 5.8596802866960838  3.6920430224884262 5.9220964957608428  3.6827826254148355 5.9884601404954036  3.6752464000128926 6.0576974181447421  3.669599611967314 6.1298046915786637  3.6660285678361388 6.2055857416066091  3.6651889845480365 6.257256305504777  3.6651914291880883 6.2831853071795862 
 1.96976683347079e-07 4 0.00015388808231088576 1 0.00030757918793842447 1 0.00046127029356596316 1 0.00061496139919350185 1 0.00076865250482104053 1 0.00092234361044857922 1 0.0010760347160761179 1 0.0012297258217036566 1 0.0013834169273311953 1 0.001537108032958734 1 0.0016907991385862727 1 0.0018444902442138113 1 0.0019981813498413502 1 0.0021518724554688887 1 0.0023055635610964272 1 0.0024592546667239661 1 0.002612945772351505 1 0.0027666368779790435 1 0.0029203279836065819 1 0.0030740190892341208 1 0.0032277101948616597 1 0.0033814013004891982 1 0.0035350924061167367 1 0.0036887835117442756 1 0.0038424746173718145 1 0.0039961657229993534 1 0.0041498568286268914 1 0.0043035479342544303 1 0.0044572390398819692 1 0.0046109301455095073 1 0.0047646212511370462 1 0.0049183123567645851 1 0.005072003462392124 1 0.0052256945680196629 1 0.0053793856736472009 1 0.0055330767792747398 1 0.0056867678849022787 1 0.0058404589905298168 1 0.0059941500961573557 1 0.0061478412017848946 1 0.0063015323074124335 1 0.0064552234130399724 1 0.0066089145186675104 1 0.0067626056242950493 1 0.0069162967299225882 1 0.0070699878355501263 1 0.0072236789411776652 1 0.0073773700468052041 1 0.007531061152432743 1 0.0076847522580602819 1 0.0078384433636878199 1 0.0079921344693153588 1 0.008145825574942896 1 0.0082995166805704349 1 0.0084532077861979738 1 0.0086068988918255127 1 0.0087605899974530516 1 0.0089142811030805905 1 0.0090679722087081294 1 0.0092216633143356666 1 0.0093753544199632055 1 0.0095290455255907444 1 0.0096827366312182833 1 0.0098364277368458222 1 0.0099901188424733611 1 0.0101438099481009 4
7 0 0  3 25 23  5.4322102620119486 1.0552777537179412  5.4381441711121408 1.0514209666840706  5.4499550215657262 1.0433546219196252  5.4674884165745032 1.0301839489518512  5.4848266488508273 1.015929627805148  5.5019585025375681 1.0005779363155878  5.5188734886546875 0.98411402826107963  5.5355619409116805 0.96652164389346651  5.5520150389887615 0.94778297451853855  5.5682246465603615 0.9278786063493355  5.5841839250078236 0.90678734001771677  5.5998849945190763 0.8844868292103687  5.6153275978940282 0.86095153111042599  5.6304866773470366 0.83616112670844578  5.6453068122694328 0.81012349752934409  5.6597606376844434 0.78283912972442038  5.6738157935486484 0.75430985172202347  5.6874457799250804 0.72453006459331215  5.7006191663258718 0.69350758404224677  5.7133622168804772 0.66114663351984837  5.7256534885471293 0.62733023147152467  5.7374783111932528 0.59193528063306389  5.748821825895237 0.55482613726171692  5.7560547023565283 0.52884432131856074  5.7595865315812906 0.51551857307694215 
 1.8136728205998001e-06 4 0.00013889437976574798 1 0.00027597508671089614 1 0.00041305579365604432 1 0.00055013650060119256 1 0.00068721720754634074 1 0.00082429791449148892 1 0.0009613786214366371 1 0.0010984593283817853 1 0.0012355400353269335 1 0.0013726207422720817 1 0.0015097014492172298 1 0.001646782156162378 1 0.0017838628631075262 1 0.0019209435700526744 1 0.0020580242769978226 1 0.0021951049839429707 1 0.0023321856908881189 1 0.0024692663978332671 1 0.0026063471047784153 1 0.0027434278117235635 1 0.0028805085186687117 1 0.0030175892256138598 4
7 0 0  3 25 23  4.7123889803846897 0.51551857307693183  4.7159217708300813 0.52884794888923226  4.7231560761813176 0.5548346860106147  4.7345002081981375 0.59194521159423696  4.746324075038153 0.62733654678886364  4.7586127767483877 0.66114533926006247  4.77135156463393 0.69349558762487806  4.7845190508892683 0.72450542426755804  4.7981391217093279 0.75426728056883452  4.8121832922002516 0.78277877427764364  4.8266275663110978 0.81004980567521123  4.8414418308354961 0.83608188093783553  4.8566032343664363 0.86088112440097742  4.8720528465108188 0.88443181706656693  4.8877591690376887 0.90674341279430848  4.903723669859926 0.927844593314195  4.9199380075330108 0.94775709083408188  4.9363954690919725 0.96650249280808087  4.9530878879850304 0.98410032710486206  4.9700064570472655 1.000568583006425  4.9871415132347128 1.0159236752433567  5.0044825753376418 1.030180603377576  5.0220184358238287 1.0433532354216444  5.0338306941730044 1.0514205457487675  5.0397652499540282 1.0552777537179308 
 2.9519504444021802e-07 4 0.00013650488826840565 1 0.00027271458149237109 1 0.00040892427471633656 1 0.00054513396794030197 1 0.00068134366116426738 1 0.00081755335438823289 1 0.00095376304761219831 1 0.0010899727408361637 1 0.0012261824340601291 1 0.0013623921272840945 1 0.0014986018205080599 1 0.0016348115137320256 1 0.001771021206955991 1 0.0019072309001799564 1 0.0020434405934039216 1 0.0021796502866278872 1 0.0023158599798518528 1 0.002452069673075818 1 0.0025882793662997837 1 0.0027244890595237489 1 0.0028606987527477145 1 0.0029969084459716801 4
7 0 0  3 69 67  5.7595865315812906 6.2831853071795862  5.7595852920611206 6.2571865083064715  5.7587390703565546 6.2056012472726048  5.7551402004230612 6.1300200257541695  5.7494200918878997 6.0567588085467641  5.7417639149697184 5.9864680695872297  5.7323810872566749 5.9198493859803172  5.7216185607159185 5.8572013276406016  5.7097527663928274 5.7987468217276117  5.6967794842850505 5.7434715258172631  5.6828554295642331 5.6913581694711564  5.6683195377370215 5.6429814315246638  5.6531374251904651 5.597740639205564  5.6373651097105331 5.5553525930886023  5.6210342574325391 5.5154667207809114  5.6041636222703382 5.4779864137831016  5.5868462060647079 5.4429108859770752  5.5691621321189118 5.4102129811498338  5.5512213033729552 5.379902212363187  5.5330011322871737 5.3517227240151373  5.5145109855287062 5.325624182824737  5.4957630590136679 5.3015394484162162  5.4767702477476314 5.2794109422260034  5.4575466054506405 5.2591841930779397  5.4381075531639782 5.2408090890924166  5.418468433976309 5.2242409386329358  5.3986498635317881 5.2094327959832887  5.3786546709002208 5.1963636993940634  5.3585019580448527 5.1850469861153146  5.3382147629195709 5.1754851296016176  5.317816101864743 5.1676799210322102  5.2973298948598826 5.1616297151319772  5.2767804805412526 5.1573300862504556  5.2561928286891595 5.1547732263162764  5.2355913236913798 5.1539484138448888  5.2150035298814403 5.1548389215799704  5.1944501032420316 5.1574540958075215  5.1739484354372509 5.1618034018409853  5.1535164876968507 5.1678942072549319  5.1331716091696613 5.1757327661974086  5.1129308961376472 5.1853243091154617  5.0928104304141977 5.1966727571995097  5.0728274931277015 5.2097820536135853  5.0529920358925082 5.2246506027405939  5.033302576375144 5.2413174286326338  5.0137903943747579 5.2598270668187528  4.9944778331269575 5.280224004563788  4.9753880189394213 5.3025552454265323  4.9565423706734144 5.3268703117875393  4.9379603267349195 5.3532218657086021  4.9196625225917581 5.3816648964924001  4.9016580590925987 5.4122591469647565  4.8840348944782352 5.4450190763228949  4.8668139380369526 5.4800897778118678  4.8500287109461473 5.5175927685722872  4.8336757081625379 5.5577498294119971  4.8179262181817712 5.6003404223890305  4.8028218551486965 5.645630906772789  4.788402545210328 5.6939145190155438  4.7746847493811364 5.7455354810624026  4.761770455425383 5.8008074378660819  4.7498884541848954 5.8596802866960909  4.7392405736850227 5.922096495760834  4.729980176611436 5.9884601404954028  4.7224439512094856 6.0576974181447278  4.7167971631639141 6.1298046915786539  4.7132261190327389 6.2055857416066083  4.7123865357446366 6.2572563055047787  4.7123889803846897 6.2831853071795862 
 1.9697668334793299e-07 4 0.0001538880823108866 1 0.00030757918793842523 1 0.00046127029356596386 1 0.0006149613991935026 1 0.00076865250482104129 1 0.00092234361044857987 1 0.0010760347160761186 1 0.0012297258217036572 1 0.0013834169273311959 1 0.0015371080329587346 1 0.0016907991385862733 1 0.0018444902442138118 1 0.0019981813498413507 1 0.0021518724554688892 1 0.0023055635610964281 1 0.0024592546667239665 1 0.002612945772351505 1 0.0027666368779790439 1 0.0029203279836065824 1 0.0030740190892341213 1 0.0032277101948616597 1 0.0033814013004891987 1 0.0035350924061167371 1 0.0036887835117442756 1 0.0038424746173718145 1 0.0039961657229993534 1 0.0041498568286268914 1 0.0043035479342544303 1 0.0044572390398819692 1 0.0046109301455095082 1 0.0047646212511370462 1 0.0049183123567645851 1 0.005072003462392124 1 0.005225694568019662 1 0.0053793856736472009 1 0.0055330767792747398 1 0.0056867678849022787 1 0.0058404589905298168 1 0.0059941500961573557 1 0.0061478412017848946 1 0.0063015323074124326 1 0.0064552234130399715 1 0.0066089145186675104 1 0.0067626056242950493 1 0.0069162967299225874 1 0.0070699878355501263 1 0.0072236789411776652 1 0.0073773700468052032 1 0.0075310611524327421 1 0.007684752258060281 1 0.0078384433636878199 1 0.0079921344693153588 1 0.0081458255749428977 1 0.0082995166805704349 1 0.0084532077861979738 1 0.0086068988918255127 1 0.0087605899974530516 1 0.0089142811030805905 1 0.0090679722087081294 1 0.0092216633143356683 1 0.0093753544199632055 1 0.0095290455255907444 1 0.0096827366312182833 1 0.0098364277368458222 1 0.0099901188424733611 1 0.0101438099481009 4
7 0 0  3 25 23  0.19622250602896277 1.0552777537179363  0.20209851873479656 1.051458600538087  0.21380077463731989 1.0434642901415874  0.23119483246942832 1.0303923916707645  0.24841935063268705 1.0162277814851954  0.26546480201517325 1.0009576840017114  0.28232283635003952 0.98456713965197118  0.2989835275748754 0.96704594331219962  0.31547131031830405 0.94832984873951354  0.33174631669525279 0.92841969050319062  0.34777990370043238 0.90730936734687961  0.36354115549483096 0.88499925301700533  0.37900779731162126 0.86147667473345169  0.39413629072010781 0.83677716537651148  0.40889834892029225 0.81090245157692376  0.42328986642291944 0.78380066092076717  0.43730160355648079 0.75542896860904896  0.45092754224085596 0.72573112383009464  0.46416037982846475 0.69466478321894631  0.47704404592640831 0.6619766292490511  0.48949838608491325 0.62772711747085885  0.50146567915793394 0.59193145529449553  0.51288666196931276 0.55461063321475768  0.52010082914459577 0.52871700147091105  0.52359877559829593 0.51551857307694215 
 0.0014700022248071299 4 0.0016064262198096694 1 0.001742850214812209 1 0.0018792742098147487 1 0.0020156982048172879 1 0.0021521221998198276 1 0.0022885461948223672 1 0.0024249701898249069 1 0.0025613941848274466 1 0.0026978181798299862 1 0.0028342421748325255 1 0.0029706661698350647 1 0.0031070901648376044 1 0.003243514159840144 1 0.0033799381548426837 1 0.0035163621498452233 1 0.003652786144847763 1 0.0037892101398503027 1 0.0039256341348528423 1 0.0040620581298553811 1 0.0041984821248579208 1 0.0043349061198604604 1 0.0044713301148630001 4
7 0 0  3 25 23  5.7595865315812906 0.51551857307694215  5.7630765122875127 0.52868825649490592  5.7702986749265559 0.55460588909569131  5.7817516709573002 0.59203906231213521  5.7936971723049062 0.62776589811479944  5.806079315231039 0.66182079539871952  5.8189054655981804 0.69437260984108695  5.8321565694480997 0.7255051849452876  5.8458525483805728 0.75535491935553434  5.85996163501067 0.78391586486432874  5.8744568792076377 0.81119977822978628  5.8893055537070902 0.83720989787932665  5.90447966774334 0.8619505015040394  5.919924139103367 0.88542020012919531  5.9356147239949264 0.90764314508006017  5.9515510699803915 0.92864684525146846  5.9677255021586575 0.948456171907753  5.9841313668054843 0.96709472186911127  6.0007607817176156 0.98458433259943823  6.0176052291540536 1.0009451962108782  6.0346554013923823 1.0161959132003251  6.0519012255674962 1.0303536079556921  6.0693319534565564 1.0434342187119128  6.0810678837384708 1.05144629899416  6.0869628011506238 1.0552777537179361 
 0.019365723593035102 4 0.019502480682141492 1 0.019639237771247882 1 0.019775994860354276 1 0.019912751949460666 1 0.020049509038567056 1 0.020186266127673446 1 0.020323023216779836 1 0.020459780305886226 1 0.02059653739499262 1 0.02073329448409901 1 0.0208700515732054 1 0.021006808662311791 1 0.021143565751418181 1 0.021280322840524571 1 0.021417079929630965 1 0.021553837018737355 1 0.021690594107843745 1 0.021827351196950135 1 0.021964108286056525 1 0.022100865375162919 1 0.022237622464269309 1 0.022374379553375699 4
7 0 0  3 47 45  6.2831853071795862 5.154233982611836  6.2780200542128632 5.1542339291312276  6.2676920505624745 5.1545573789325925  6.2522152227724739 5.1560175961243937  6.2367612678889923 5.1584574534297936  6.2213377957871927 5.1618807594963014  6.2059523340049987 5.1662909264664645  6.1906122940945716 5.1716909620081788  6.1753249757160518 5.1780835231606996  6.160097461152656 5.1854709856165435  6.1449369159484313 5.1938552477316149  6.1298493809294641 5.2032384350328202  6.1148441995277132 5.2136201198678664  6.099917420046439 5.225007429339299  6.0850734000254327 5.2374209608219386  6.0703291694115391 5.2508725906068641  6.0556978027415553 5.2653759091813406  6.0411928247042672 5.2809437072523018  6.0268269831462034 5.2975889149967452  6.0126125470812548 5.3153245632864277  5.998561166603813 5.3341640646648525  5.9846839902677029 5.3541210269480137  5.9709912210351597 5.3752104195966037  5.9574936906258182 5.3974445647653502  5.9441969512415387 5.4208482059808576  5.9311058663442049 5.4454913676709946  5.9182295762183799 5.4714368398299422  5.9055745739949375 5.4987573156489367  5.8931500661612439 5.5275237339440411  5.8809535188318121 5.557833626043915  5.869065967208833 5.5896019880994832  5.8575144086911255 5.6229219436449309  5.8463280271384344 5.6578799370777206  5.8355354011480607 5.694567839842045  5.8251560893331638 5.7331201696318015  5.8152376571036362 5.773552649084726  5.8058732682079048 5.8158389090896456  5.7971243658886253 5.8600987415170955  5.7890563463193052 5.9064523904966384  5.7817367058376679 5.9550105944334319  5.7752098203449203 6.0060641074152752  5.7697188393489585 6.0585155012647061  5.7652951844121842 6.1127626824265739  5.7620211959649827 6.1689618618156645  5.7600385149089428 6.2258576604586375  5.759586635683247 6.2640861123131018  5.7595865315812906 6.2831853071795862 
 2.75149804451964e-18 4 0.00011438280141599337 1 0.00022876560283198401 1 0.0003431484042479746 1 0.00045753120566396525 1 0.00057191400707995584 1 0.00068629680849594638 1 0.00080067960991193703 1 0.00091506241132792768 1 0.0010294452127439183 1 0.0011438280141599091 1 0.0012582108155758996 1 0.0013725936169918902 1 0.0014869764184078809 1 0.0016013592198238715 1 0.0017157420212398622 1 0.0018301248226558528 1 0.0019445076240718433 1 0.0020588904254878336 1 0.0021732732269038246 1 0.0022876560283198151 1 0.0024020388297358057 1 0.0025164216311517962 1 0.0026308044325677868 1 0.0027451872339837773 1 0.0028595700353997683 1 0.0029739528368157588 1 0.0030883356382317493 1 0.0032027184396477399 1 0.0033171012410637304 1 0.0034314840424797214 1 0.0035458668438957119 1 0.0036602496453117025 1 0.003774632446727693 1 0.0038890152481436836 1 0.0040033980495596741 1 0.0041177808509756646 1 0.0042321636523916552 1 0.0043465464538076466 1 0.0044609292552236371 1 0.0045753120566396277 1 0.0046896948580556182 1 0.0048040776594716087 1 0.0049184604608875993 1 0.0050328432623035898 4
1 0 1.0552777537179361 1 1.0173825605188053e-15 
1 2.2204460492503131e-16 1.055277753717931 1 1.6956376008646666e-15 
1 0 1.0552777537179376 1 -1.3565100806917452e-15 
1 -4.4408920985006262e-16 1.0552777537179314 1 6.7825504034587311e-16 
1 0 1.0552777537179319 1 3.391275201729338e-16 
1 -8.8817841970012523e-16 1.0552777537179254 1 1.356510080691737e-15 
1 6.2831853071795862 4.7123889803846915 -1 -5.6543194337129189e-16 
1 0 4.7123889803846897 1 0 
1 3.1415926535897931 -7.5 1 0 
1 0 1.5707963267948983 1 0 
1 3.1415926535897931 0 1 0 
1 0 4.934059327188784 1 0 
1 3.1415926535897327 8.8817841970012523e-16 1.1093332551278868e-14 1 
1 3.1415926535897327 8.8817841970012523e-16 1.1093332551278868e-14 1 
7 0 0  3 25 23  2.0943951023931957 5.1342197423738813  2.1074027935497672 5.1294140397299701  2.134028136160941 5.1201519165164422  2.1757605561797297 5.1073576940463088  2.2192632142925972 5.0957131915486231  2.2644723687471955 5.0852704214131101  2.3112940482746276 5.0760807583114218  2.3595982648647884 5.0681931731118155  2.4092195030493713 5.0616541903105485  2.4599580121024753 5.0565079451932577  2.5115818167715673 5.0527907979236124  2.563831961780966 5.0505306451100545  2.6164295204776895 5.0497455796608959  2.669084105787356 5.050442916885415  2.7215050852644875 5.052624103436071  2.7734091033967907 5.0562798933079005  2.8245311026837556 5.0613912777680872  2.8746240717084808 5.0679288350558167  2.9234943759741268 5.0758603444633321  2.9707801518303003 5.0851098216748882  3.0163536227447505 5.0956182106338934  3.0601062744887404 5.107321493727726  3.1019696036790152 5.120154596440738  3.1286019301053591 5.1294201842046299  3.141592653589794 5.1342197423738813 
 2.33254409271883e-07 4 0.00042072198642337775 1 0.00084121071843748355 1 0.0012616994504515895 1 0.0016821881824656954 1 0.0021026769144798013 1 0.002523165646493907 1 0.0029436543785080131 1 0.0033641431105221188 1 0.0037846318425362245 1 0.0042051205745503306 1 0.0046256093065644363 1 0.005046098038578542 1 0.0054665867705926477 1 0.0058870755026067543 1 0.0063075642346208599 1 0.0067280529666349656 1 0.0071485416986490713 1 0.007569030430663177 1 0.0079895191626772836 1 0.0084100078946913893 1 0.008830496626705495 1 0.0092509853587196007 4
7 0 0  3 25 23  1.0471975511965974 5.1342197423738805  1.0601570700323619 5.1294318637615204  1.0867068294684217 5.1201934778999503  1.1283962290823759 5.1074057575939937  1.1719346510822 5.0957450839392058  1.2172655237348344 5.0852705919129662  1.2643019342201152 5.0760411185196901  1.3129145436620659 5.0681136974389771  1.3629864878889995 5.0615377906400258  1.4142831161257996 5.0563719661075393  1.4665444421725189 5.0526624396623117  1.5194646090517041 5.0504443333475502  1.5727579969408412 5.0497396533718044  1.6259675087450973 5.0505551453539521  1.6786683368927662 5.0528716568530578  1.7306107845865111 5.0566601962156792  1.7815272620499241 5.061881687554413  1.8311927997630433 5.0684889598274108  1.8794156005578266 5.0764276687679022  1.9260396238849584 5.0856414841115818  1.9709460564919263 5.096071527622601  2.0140535881190584 5.1076573556328837  2.0553116566951339 5.1203384999353778  2.0815765375731421 5.1294839744035539  2.0943951023931957 5.1342197423738813 
 0.094693892820569503 4 0.095113866540076114 1 0.095533840259582725 1 0.09595381397908935 1 0.096373787698595961 1 0.096793761418102572 1 0.097213735137609184 1 0.097633708857115795 1 0.098053682576622406 1 0.098473656296129031 1 0.098893630015635642 1 0.099313603735142253 1 0.099733577454648864 1 0.10015355117415548 1 0.1005735248936621 1 0.10099349861316871 1 0.10141347233267532 1 0.10183344605218193 1 0.10225341977168854 1 0.10267339349119517 1 0.10309336721070178 1 0.10351334093020839 1 0.103933314649715 4
7 0 0  3 25 23  0 5.1342197423738813  0.013007691156571246 5.1294140397299683  0.039633033767743069 5.1201519165164413  0.081365453786527736 5.1073576940463097  0.12486811189939964 5.0957131915486196  0.17007726635399392 5.0852704214131101  0.21689894588143185 5.0760807583114191  0.26520316247159104 5.0681931731118146  0.31482440065617645 5.061654190310545  0.36556290970928118 5.0565079451932586  0.41718671437837229 5.0527907979236115  0.46943685938777152 5.0505306451100536  0.52203441808449036 5.049745579660895  0.57468900339415896 5.050442916885415  0.62710998287129238 5.0526241034360702  0.67901400100359832 5.0562798933078987  0.73013600029056414 5.0613912777680881  0.78022896931528973 5.0679288350558158  0.82909927358093849 5.0758603444633312  0.87638504943710849 5.0851098216748865  0.9219585203515539 5.0956182106338925  0.96571117209554136 5.1073214937277269  1.007574501285815 5.1201545964407371  1.0342068277121617 5.129420184204629  1.0471975511965974 5.1342197423738805 
 2.3325440927446899e-07 4 0.00042072198642338063 1 0.00084121071843748681 1 0.0012616994504515932 1 0.0016821881824656993 1 0.0021026769144798056 1 0.0025231656464939117 1 0.0029436543785080179 1 0.003364143110522124 1 0.0037846318425362301 1 0.0042051205745503367 1 0.0046256093065644424 1 0.0050460980385785489 1 0.0054665867705926546 1 0.0058870755026067612 1 0.0063075642346208669 1 0.0067280529666349734 1 0.00714854169864908 1 0.0075690304306631857 1 0.0079895191626772905 1 0.008410007894691398 1 0.0088304966267055036 1 0.0092509853587196093 4
1 0 4.7123889803846906 0 1 
1 6.2831853071795862 4.7123889803846906 0 1 
1 3.1415926535897931 0 1 0 
1 3.1415926535897931 0 0 -1 
1 3.1415926535897931 0 0 -1 
1 3.1415926535897931 -55.5 1 0 
1 6.2831853071795862 0 0 -1 
1 0 0 0 -1 
1 -3.1415926535897931 0 1 0 
1 -3.1415926535897931 -55.5 1 0 
7 0 0  3 25 23  5.2359877559829888 5.1342197423738813  5.248995447139559 5.1294140397299701  5.2756207897507332 5.1201519165164422  5.3173532097695206 5.1073576940463061  5.3608558678823917 5.0957131915486205  5.4060650223369855 5.0852704214131101  5.4528867018644203 5.0760807583114191  5.5011909184545766 5.0681931731118155  5.5508121566391635 5.0616541903105476  5.6015506656922662 5.0565079451932577  5.6531744703613604 5.0527907979236124  5.7054246153707568 5.0505306451100509  5.7580221740674764 5.0497455796608941  5.8106767593771496 5.0504429168854159  5.8630977388542798 5.0526241034360684  5.9150017569865865 5.0562798933078987  5.9661237562735492 5.0613912777680872  6.016216725298273 5.0679288350558158  6.0650870295639239 5.0758603444633303  6.1123728054200939 5.0851098216748856  6.1579462763345409 5.0956182106338925  6.2016989280785317 5.107321493727726  6.2435622572688061 5.120154596440738  6.27019458369515 5.129420184204629  6.2831853071795862 5.1342197423738813 
 2.3325440927532701e-07 4 0.00042072198642338101 1 0.0008412107184374867 1 0.0012616994504515925 1 0.0016821881824656982 1 0.0021026769144798039 1 0.0025231656464939096 1 0.0029436543785080153 1 0.003364143110522121 1 0.0037846318425362267 1 0.0042051205745503323 1 0.004625609306564438 1 0.0050460980385785437 1 0.0054665867705926494 1 0.0058870755026067551 1 0.0063075642346208608 1 0.0067280529666349665 1 0.0071485416986490722 1 0.0075690304306631779 1 0.0079895191626772836 1 0.0084100078946913893 1 0.008830496626705495 1 0.0092509853587196007 4
7 0 0  3 25 23  3.141592653589794 5.1342197423738813  3.1546003447463646 5.1294140397299701  3.1812256873575375 5.120151916516444  3.2229581073763209 5.107357694046307  3.2664607654891924 5.0957131915486196  3.3116699199437893 5.0852704214131101  3.358491599471225 5.07608075831142  3.4067958160613845 5.0681931731118164  3.4564170542459687 5.0616541903105476  3.507155563299075 5.0565079451932569  3.5587793679681634 5.0527907979236142  3.6110295129775642 5.0505306451100509  3.663627071674282 5.049745579660895  3.7162816569839525 5.0504429168854159  3.7687026364610823 5.0526241034360675  3.8206066545933925 5.0562798933079023  3.8717286538803561 5.0613912777680863  3.9218216229050817 5.0679288350558158  3.9706919271707308 5.0758603444633321  4.0179777030268999 5.0851098216748865  4.0635511739413488 5.0956182106338943  4.1073038256853325 5.107321493727726  4.1491671548756095 5.1201545964407371  4.1757994813019552 5.1294201842046299  4.1887902047863905 5.1342197423738813 
 2.3325440926770199e-07 4 0.00042072198642337374 1 0.00084121071843747976 1 0.0012616994504515856 1 0.0016821881824656917 1 0.0021026769144797978 1 0.0025231656464939035 1 0.0029436543785080096 1 0.0033641431105221158 1 0.0037846318425362219 1 0.004205120574550328 1 0.0046256093065644337 1 0.0050460980385785394 1 0.005466586770592646 1 0.0058870755026067517 1 0.0063075642346208582 1 0.0067280529666349639 1 0.0071485416986490696 1 0.0075690304306631762 1 0.0079895191626772836 1 0.0084100078946913893 1 0.008830496626705495 1 0.0092509853587196007 4
7 0 0  3 25 23  4.1887902047863905 5.1342197423738813  4.201749723678172 5.1294318637408143  4.2282994832314786 5.1201934778408296  4.2699888830372155 5.1074057574869007  4.3135273052416245 5.0957450837946254  4.358858178120359 5.0852705917415708  4.4058945888147827 5.07604111833483  4.4545071985836762 5.0681136972471315  4.5045791415960004 5.0615377906304166  4.5558757678691544 5.0563719662644679  4.6081370918074542 5.0526624398858591  4.6610572570550186 5.0504443335039744  4.7143506448156396 5.0497396533620256  4.7675601574580018 5.0505551452018604  4.8202609861843468 5.0528716565972678  4.8722034345124303 5.0566601958888029  4.9231199125691534 5.0618816871880279  4.9727854508498686 5.0684889594502271  5.0210082521740125 5.0764276684058851  5.0676322759889816 5.0856414837877573  5.1125387090386702 5.0960715273569441  5.1556462410620743 5.1076573554423028  5.1969043099878229 5.1203384998338146  5.2231691910688145 5.1294839743687719  5.2359877559829888 5.1342197423738813 
 0.094693893178915398 4 0.095113866901887292 1 0.095533840624859173 1 0.095953814347831068 1 0.096373788070802963 1 0.096793761793774857 1 0.097213735516746738 1 0.097633709239718633 1 0.098053682962690528 1 0.098473656685662422 1 0.098893630408634303 1 0.099313604131606198 1 0.099733577854578093 1 0.10015355157754997 1 0.10057352530052187 1 0.10099349902349376 1 0.10141347274646566 1 0.10183344646943754 1 0.10225342019240943 1 0.10267339391538133 1 0.10309336763835322 1 0.1035133413613251 1 0.103933315084297 4
1 0 4.934059327188784 1 0 
Curves 593
2 0 113 0 0 1 0 0 -0 1 1 0 -0 12.5
1 1.5308084989341899e-15 113 12.5 -0 -1 -0 
2 0 98 0 0 1 0 0 -0 1 1 0 -0 12.5
1 0 113 -12.5 -0 -1 -0 
2 -20.7846096908265 93.835713057521104 -23 -0.74154651663338311 -0.032376620126741404 0.67011977894855812 0.67047128034924208 1.3877787807814457e-17 0.74193548387096842 -0.024021363319840429 0.99947573981021109 0.021707593949757339 1
7 1 0  3 4 2  -20.114138410477299 93.835713057521104 -22.258064516129  1 -26.504075327686198 93.547422697558801 -16.483614743381601  0.94260818106431399 -30 93.389699484443994 -8.6125236710207105  0.94260818106431399 -30 93.389699484443994 0  1
 5.44723278962429 4 6.2831853071795898 4
2 -31 93.389699484443994 0 0 -0 1 1 0 0 -0 1 0 1
7 1 0  3 4 2  -30.9563806126347 92.390651262862207 0  1 -30.9563806126347 92.390651262862207 -8.8996077933880695  0.94260818106431399 -27.343925117910398 92.5483744759769 -17.033068568160999  0.94260818106431399 -20.740990303461199 92.836664835939303 -23  1
 0 4 0.83595251755529298 4
2 0 94.5 0 0 -1 0 0 0 1 -1 0 0 30
2 3.2453140177404901e-15 94.5 -26.5 1 -0 1.22464679914735e-16 1.22464679914735e-16 0 -1 0 1 0 3.5
2 0 98 0 0 1 0 0 -0 1 1 0 -0 26.5
2 0 94.5 26.5 -1 0 0 0 0 1 0 1 -0 3.5
1 -33.5 14 -30 -0 -0 1 
2 -38.5 14 26 0 0 1 1 0 -0 -0 1 0 5
1 -43.5 14 -30 -0 -0 1 
2 -38.5 14 23 0 0 1 1 0 -0 -0 1 0 5
1 -33.5 14 -30 -0 -0 1 
2 -38.5 14 -23 0 0 1 1 0 -0 -0 1 0 5
1 -43.5 14 -30 -0 -0 1 
2 -38.5 14 -26 0 0 1 1 0 -0 -0 1 0 5
1 0 98 -27 -0 -1 -0 
7 1 0  3 4 2  0 34 -27  1 -3.9920609425820199 27.213496397610601 -27  0.98393338196568902 -7.8879135076628 20.590547036973199 -26.128860883416198  0.98393338196568902 -11.499778169998899 14.450377111001901 -24.428571428571399  1
 4.7123889803846897 4 5.1523649351756102 4
1 -11.499778169998899 98 -24.428571428571399 -0 -1 -0 
7 0 0  3 6 3  -14.324567584909 90 -22.8868251075892  -13.8602209949171 89.928161751934695 -23.177453627704701  -13.394938327200499 89.814188563331697 -23.449143813351  -12.4546901289829 89.552336639735501 -23.9617906709774  -11.9795606307196 89.403488891381002 -24.2027132819223  -11.499778169998899 89.254930099470599 -24.428571428571399 
 0 4 0.0016521062705493999 2 0.0033042125410987899 4
2 0 90 0 0 -1 0 0 0 -1 1 0 0 27
7 1 0  3 4 2  -16.9345397671336 90 -21.0290599617617  1 -31.4647861996072 89.365595740065103 -9.3279645973276608  0.751470117707003 -31.4647861996072 89.365595740065103 9.3279645973276608  0.751470117707003 -16.9345397671336 90 21.0290599617617  1
 5.3903486057061496 4 7.1760220086530202 4
2 0 90 0 0 -1 0 0 0 -1 1 0 0 27
7 0 0  3 6 3  -11.499778169998899 89.254930099470599 24.428571428571399  -11.980300347656099 89.403717935715505 24.202365059321401  -12.454707538548 89.552341797702695 23.9617815130967  -13.394946902289901 89.814190641883201 23.449138803738201  -13.860225272470901 89.928162413707597 23.177450950439098  -14.324567584909 90 22.8868251075892 
 -1.9655401377614001e-05 4 0.00163499804646411 2 0.00328965149430584 4
1 -11.499778169998899 98 24.428571428571399 0 1 0 
7 1 0  3 4 2  -11.499778169998899 14.450377111001799 24.428571428571399  1 -7.8879135076628 20.590547036973199 26.128860883416198  0.98393338196568902 -3.9920609425820199 27.213496397610601 27  0.98393338196568902 3.3065463576978502e-15 34 27  1
 1.13082037200398 4 1.5707963267949001 4
1 3.3065463576978502e-15 98 27 -0 -1 -0 
2 0 95 0 0 1 0 0 -0 1 1 0 -0 27
1 3.67394039744206e-15 98 30 -0 -1 -0 
7 1 0  3 4 2  3.67394039744206e-15 34 30  1 60 136 30  0.33333333333333298 60 136 -30  0.33333333333333298 0 34 -30  1
 1.5707963267949001 4 4.7123889803846897 4
1 0 98 -30 -0 -1 -0 
2 0 98 0 0 1 0 0 -0 1 1 0 -0 26.5
2 0 98 0 0 1 0 0 -0 1 1 0 -0 12.5
1 -52 0 -26 1 0 0 
1 -22.287784217250799 0 0 0 -0 1 
1 0 0 -23 1 0 0 
1 -48 0 0 -0 0 -1 
2 0 94.5 0 0 -1 0 0 0 1 -1 0 0 30
7 1 0  3 4 2  0 34 -30  1 -4.2805058317257902 26.723140086066199 -30  0.98501681327178603 -8.4648082361996604 19.6098259984606 -29.097590135607501  0.98501681327178603 -12.364824660660901 12.979798076876399 -27.3333333333333  1
 4.7123889803846897 4 5.1372134078635803 4
1 -12.364824660660901 98 -27.3333333333333 0 1 0 
7 0 0  3 8 4  -12.364824660660901 90.253504060730194 -27.3333333333333  -13.335132827123701 90.906637630838105 -26.894393442658199  -14.286629467509201 91.560606480504504 -26.4027487867844  -15.709735867661999 92.425173671330001 -25.563791389938199  -16.183438928801898 92.694016643293907 -25.267062422458601  -17.1362131220449 93.169973783234198 -24.630841212969901  -17.6151645756471 93.377513932060694 -24.2915147689028  -18.1013588681827 93.536942784756405 -23.923645356117099 
 -1.9122336982367799e-05 4 0.0037287765250415498 2 0.00560272595605351 2 0.0074766753870654703 4
7 0 0  3 6 3  -18.1013588681827 93.536942784756405 -23.923645356117099  -18.4432330734553 93.649047375759693 -23.664972917812001  -18.7821006771862 93.729871390761602 -23.397056057423399  -19.453123992201899 93.830618432103805 -22.842186956291901  -19.785284874810099 93.850549714815401 -22.555242445880801  -20.114138410477299 93.835713057521104 -22.258064516129 
 0 4 0.00131479130438095 2 0.0026295826087618999 4
7 1 0  3 4 2  -30 93.389699484443994 0  1 -30 93.389699484443994 8.6125236710207105  0.94260818106431399 -26.504075327686198 93.547422697558801 16.483614743381601  0.94260818106431399 -20.114138410477299 93.835713057521104 22.258064516129  1
 0 4 0.83595251755529298 4
7 0 0  3 6 3  -20.114138410477299 93.835713057521104 22.258064516129  -19.785284874810099 93.850549714815301 22.555242445880801  -19.453123992201899 93.830618432103805 22.842186956291901  -18.7821006771862 93.729871390761602 23.397056057423399  -18.4432330734553 93.649047375759693 23.664972917812001  -18.1013588681827 93.536942784756405 23.923645356117099 
 0 4 0.00131479130438095 2 0.0026295826087618999 4
7 0 0  3 12 6  -18.1013588681827 93.536942784756405 23.923645356117099  -17.615155242279101 93.377510871539002 24.291521830813402  -17.1361947266196 93.169965843675001 24.630854254079701  -16.183402453624801 92.693997172241197 25.2670860215093  -15.709690383928599 92.425147515404404 25.563819555161601  -14.760934475008799 91.848755312218003 26.1231325769376  -14.285309272633601 91.540645030174005 26.3859745816344  -13.568526517054501 91.064784194311201 26.757569341503199  -13.3291780664351 90.903960922753697 26.877580302015701  -12.8486097549831 90.579961877345298 27.1105982630814  -12.605594569910201 90.415571036789203 27.224415856085901  -12.364824660660901 90.253504060730194 27.3333333333333 
 0 4 0.0018599890221377799 2 0.0037199780442755599 2 0.00557996706641334 2 0.0065099615774822303 2 0.0074399560885511102 4
1 -12.364824660660901 98 27.3333333333333 -0 -1 -0 
7 1 0  3 4 2  -12.364824660660901 12.979798076876399 27.3333333333333  1 -8.4648082361996604 19.6098259984606 29.097590135607501  0.98501681327178603 -4.2805058317258 26.723140086066199 30  0.98501681327178603 3.67394039744206e-15 34 30  1
 1.14597189931601 4 1.5707963267949001 4
1 0 0 23 1 0 0 
1 -22.287784217250799 0 0 0 -0 1 
1 -52 0 26 1 0 0 
1 -48 0 0 -0 0 -1 
2 -22.287784217250799 4 26 0 0 1 1 0 -0 -0 1 0 4
1 -14.858611825192799 8.7403598971722403 26 -0.50702012656339368 -0.86193421515776958 0 
1 -18.547236990991401 0 26 -0 1 -0 
1 -3.9542289418909098 90.5667326098758 26 -0.99904822158185747 -0.043619387365343223 0 
1 -52 93 26 2.2383528722281401e-16 -1 0 
2 -48 4 26 0 0 1 1 0 -0 -0 1 0 4
2 -38.5 14 26 0 0 1 1 0 -0 -0 1 0 5
1 -14.858611825192799 8.7403598971722403 -26 -0.50702012656339368 -0.86193421515776958 0 
2 -22.287784217250799 4 -26 0 0 -1 1 0 0 0 -1 0 4
2 -48 4 -26 0 0 -1 1 0 0 0 -1 0 4
1 -52 93 -26 2.2383528722281401e-16 -1 0 
1 -18.4163788288954 89.935301509324802 -26 0.99904822158185747 0.043619387365343223 -0 
1 -18.547236990991401 8.5567297699372098 -26 -0 -1 0 
2 -38.5 14 -26 0 0 1 1 0 -0 -0 1 0 5
1 -52 93 23 2.2383528722281401e-16 -1 0 
1 -52 4 26 0 -0 1 
7 1 0  3 4 2  -52 88.469008942711895 26  1 -52 90.228042465736607 26  0.80473785412436505 -52 91.471866998201804 24.757359312880698  0.80473785412436505 -52 91.471866998201804 23  1
 4.7123889803846897 4 6.2831853071795898 4
1 -52 91.471866998201804 26 0 0 -1 
7 1 0  3 4 2  -52 91.471866998201804 -23  1 -52 91.471866998201804 -24.757359312880698  0.80473785412436605 -52 90.228042465736607 -26  0.80473785412436605 -52 88.469008942711895 -26  1
 1.15648231731787e-15 4 1.5707963267948899 4
1 -52 4 26 0 -0 1 
1 -52 93 -23 2.2383528722281401e-16 -1 0 
7 1 0  3 4 2  -52 87.468056257548497 -23  1 -52 88.054400765223505 -23  0.80473785412436505 -52 88.469008942711895 -22.585786437626901  0.80473785412436505 -52 88.469008942711895 -22  1
 1.5707963267949001 4 3.14159265358979 4
1 -52 88.469008942711895 26 -0 -0 -1 
7 1 0  3 4 2  -52 88.469008942711895 22  1 -52 88.469008942711895 22.585786437626901  0.80473785412436505 -52 88.054400765223505 23  0.80473785412436505 -52 87.468056257548497 23  1
 3.14159265358979 4 4.7123889803846897 4
1 -52 91.471866998201804 23 0.99904822158185747 0.043619387365343223 -0 
7 1 0  3 4 2  -20.740990303461199 92.836664835939303 23  1 -27.343925117910398 92.5483744759769 17.033068568160999  0.94260818106431399 -30.9563806126347 92.390651262862207 8.8996077933880695  0.94260818106431399 -30.9563806126347 92.390651262862207 0  1
 5.44723278962429 4 6.2831853071795898 4
1 -52 91.471866998201804 -23 -0.99904822158185747 -0.043619387365343223 0 
1 -16.9345397671336 90 26 -0 -0 1 
7 0 0  3 16 8  -16.9345397671336 90 -22.031131928921699  -16.9345397671336 90 -22.0459791013086  -16.926997460819099 90 -22.059434836279401  -16.908195740851699 90 -22.081993001524001  -16.8970989304459 90 -22.0912857689353  -16.861968022806199 90 -22.117008485565599  -16.836304798010001 90 -22.130867757335199  -16.758651725261799 90 -22.168848997154999  -16.704744014309799 90 -22.189480224839802  -16.541442724936601 90 -22.2476660711209  -16.430863605206099 90 -22.2805512078465  -16.0982966736773 90 -22.376344385071  -15.8751666223549 90 -22.435313223087899  -15.2073161124879 90 -22.617519728421399  -14.7637485055767 90 -22.744681126729098  -14.324567584909 90 -22.8868251075892 
 0 4 4.3715815326998201e-05 2 8.7431630653996294e-05 2 0.00017486326130799001 2 0.00034972652261598799 2 0.00069945304523198705 2 0.0013989060904639799 2 0.0027978121809279599 4
7 1 0  3 4 2  3.3065463576978502e-15 34 27  1 54 125.8 27  0.33333333333333298 54 125.8 -27  0.33333333333333298 0 34 -27  1
 1.5707963267949001 4 4.7123889803846897 4
2 0 95 0 0 1 0 0 -0 1 1 0 -0 27
7 0 0  3 16 8  -14.324567584909 90 22.8868251075892  -14.763938122930901 90 22.7446197557442  -15.2076935035406 90 22.617413169288699  -15.8758212134108 90 22.4351364361615  -16.099044479380101 90 22.376146247118601  -16.431777955523899 90 22.280279155886301  -16.5424871894053 90 22.247335346998199  -16.7055619378181 90 22.189167820136099  -16.7595471028493 90 22.168491672735001  -16.837290656656101 90 22.130344127772901  -16.862831679803801 90 22.1164692827148  -16.897566683724801 90 22.0908948724948  -16.9086720793739 90 22.081511340605999  -16.927104863539199 90 22.059213250436901  -16.934539767133799 90 22.045761288232999  -16.9345397671336 90 22.031131928921699 
 1.7347234759768102e-18 4 0.00138486474557266 2 0.0020772971183589798 2 0.0024235133047521402 2 0.0025966213979487199 2 0.0026831754445470202 2 0.0027264524678461701 2 0.00276972949114531 4
1 -16.9345397671336 90 26 -0 -0 1 
1 -14.858611825192799 8.7403598971722403 23 -0.50702012656339368 -0.86193421515776958 0 
2 -22.287784217250799 4 23 0 0 -1 1 0 0 0 -1 0 4
2 -48 4 23 0 0 -1 1 0 0 0 -1 0 4
1 -17.844924432633 88.959299061931503 23 0.99904822158185747 0.043619387365343223 -0 
1 -17.888543819998301 9.9583694396573996 23 -0 -1 0 
2 -38.5 14 23 0 0 1 1 0 -0 -0 1 0 5
2 -22.287784217250799 4 -23 0 0 1 1 0 -0 -0 1 0 4
1 -14.858611825192799 8.7403598971722403 -23 -0.50702012656339368 -0.86193421515776958 0 
1 -17.888543819998301 0 -23 -0 1 -0 
1 -3.9106095545255699 89.567684388293898 -23 -0.99904822158185747 -0.043619387365343223 0 
2 -48 4 -23 0 0 1 1 0 -0 -0 1 0 4
2 -38.5 14 -23 0 0 1 1 0 -0 -0 1 0 5
1 -51.869141837904003 88.474722333456299 -22 0.99904822158185747 0.043619387365343223 0 
7 1 0  3 4 2  -17.932163207363701 89.956442819931894 -22  1 -17.599352228537501 89.970973661077807 -22  0.99967563016188798 -17.266703180476199 89.985497432173801 -22.010380676819  0.99967563016188798 -16.9345397671336 90 -22.031131928921699  1
 1.5707963267949001 4 1.6331882633386301 4
7 1 0  3 4 2  -16.9345397671336 90 22.031131928921699  1 -17.266703180476199 89.985497432173801 22.010380676819  0.99967563016188798 -17.599352228537501 89.970973661077807 22  0.99967563016188798 -17.932163207363701 89.956442819931894 22  1
 4.6499970438409504 4 4.7123889803846897 4
1 -52 88.469008942711895 22 -0.99904822158185747 -0.043619387365343223 0 
1 -18.840047356619799 1.9719194937464299 -30 -0 -0 -1 
7 1 0  3 4 2  -18.547236990991401 2.4696971153146001 -26  1 -16.406984075128499 6.1081270722815297 -26  0.98501681327178603 -14.3148328728916 9.6647841160843093 -26.451204932196202  0.98501681327178603 -12.364824660660901 12.979798076876399 -27.3333333333333  1
 1.5707963267949001 4 1.99562075427379 4
7 1 0  3 4 2  -12.364824660660901 12.979798076876399 27.3333333333333  1 -14.3148328728916 9.6647841160843306 26.451204932196202  0.98501681327178603 -16.406984075128499 6.1081270722815404 26  0.98501681327178603 -18.547236990991401 2.4696971153146001 26  1
 4.2875645529058 4 4.7123889803846897 4
1 -18.840047356619799 1.9719194937464299 -30 -0 -0 -1 
7 1 0  3 4 2  -17.888543819998301 3.5894755060028798 23  1 -15.6707321852305 7.35975528510812 23  0.98393338196568902 -13.5063696490745 11.039171596573301 23.4839661758799  0.98393338196568902 -11.499778169998899 14.450377111001799 24.428571428571399  1
 1.5707963267949001 4 2.0107722815858202 4
7 1 0  3 4 2  -11.499778169998899 14.450377111001901 -24.428571428571399  1 -13.5063696490745 11.039171596573301 -23.4839661758799  0.98393338196568902 -15.6707321852305 7.3597552851081298 -23  0.98393338196568902 -17.888543819998301 3.5894755060028798 -23  1
 4.27241302559377 4 4.7123889803846897 4
7 1 0  3 4 2  -11.499778169998899 89.254930099470599 -24.428571428571399  1 -13.5063696490745 89.161479778394707 -23.4839661758799  0.98393338196568902 -15.6707321852305 89.060681795328705 -23  0.98393338196568902 -17.888543819998301 88.957394598350106 -23  1
 4.27241302559377 4 4.7123889803846897 4
7 1 0  3 4 2  -17.888543819998301 88.957394598350106 23  1 -15.6707321852305 89.060681795328705 23  0.98393338196568902 -13.5063696490745 89.161479778394707 23.4839661758799  0.98393338196568902 -11.499778169998899 89.254930099470599 24.428571428571399  1
 1.5707963267949001 4 2.0107722815858202 4
7 1 0  3 4 2  -18.547236990991401 89.929588118580497 -26  1 -16.406984075128499 90.041722671023507 -26  0.98501681327178603 -14.3148328728916 90.151337024059799 -26.451204932196202  0.98501681327178603 -12.364824660660901 90.253504060730194 -27.3333333333333  1
 1.5707963267949001 4 1.99562075427379 4
7 1 0  3 4 2  -12.364824660660901 90.253504060730194 27.3333333333333  1 -14.3148328728916 90.151337024059799 26.451204932196202  0.98501681327178603 -16.406984075128499 90.041722671023507 26  0.98501681327178603 -18.547236990991401 89.929588118580398 26  1
 4.2875645529058 4 4.7123889803846897 4
7 0 0  3 4 2  -20.740990303461199 92.836664835939303 -23  -20.059400765875498 92.866423677826802 -23.461953451350102  -19.367153919213798 92.795220865661406 -23.8910050710085  -18.665362370589399 92.635104118212396 -24.290825150990798 
 7.75791922889773e-18 4 0.0024525675544372701 4
2 -18.547236990991401 89.929588118580398 -23 0.99904822158185747 0.043619387365342918 0 -0.043619387365342918 0.99904822158185747 0 0 -0 1 3
7 0 0  3 10 5  -18.665362370589399 92.635104118212396 -24.290825150990798  -18.132743143530501 92.517262221551107 -24.5865576790784  -17.6034518126827 92.362125093152997 -24.8626045693142  -16.548427479987101 92.009864365336 -25.3921562920867  -16.022786407742199 91.812356405999907 -25.645574702975299  -14.974056539889 91.393620824618097 -26.140772003909799  -14.4508623353057 91.172176391744898 -26.382591311932799  -13.4067196056456 90.718509445403697 -26.861040539338202  -12.884571309620499 90.485648108717896 -27.098214692515601  -12.364824660660901 90.253504060730194 -27.3333333333333 
 0 4 0.00184764009461513 2 0.0036952801892302599 2 0.0055429202838454001 2 0.0073905603784605303 4
2 -18.547236990991401 89.929588118580398 23 0.99904822158185747 0.043619387365342918 -0 -0.043619387365342918 0.99904822158185747 0 0 0 1 3
7 0 0  3 4 2  -18.665362370589399 92.635104118212396 24.290825150990798  -19.367153919213798 92.795220865661406 23.8910050710085  -20.059400765875498 92.866423677826802 23.461953451350102  -20.740990303461199 92.836664835939303 23 
 7.75791922889773e-18 4 0.0024525675544372601 4
7 0 0  3 8 4  -12.364824660660901 90.253504060730194 27.3333333333333  -13.4069407739346 90.718963633220795 26.861909564430501  -14.4497210548362 91.184265508055006 26.388357052807098  -16.022804895598799 91.812363429888606 25.6455658213204  -16.5484423027393 92.009869629845099 25.392149001260201  -17.603459264352399 92.362127265815502 24.862600679865899  -18.132746891875399 92.517263050871605 24.5865555978401  -18.665362370589399 92.635104118212396 24.290825150990798 
 -2.0608141269330001e-05 4 0.00368399585763164 2 0.00553629785708213 2 0.0073885998565326096 4
2 -18.7047374971221 93.536942784756306 24.721100201321001 0.77308509551918603 -0.245326196597036 0.58493973394643295 0.60337862893941985 8.3266726846886704e-17 -0.7974548452039063 0.19563656413175232 0.96944058985748716 0.14802458414564218 1
2 -20.7846096908265 93.835713057521104 23 0.74154651663338222 0.032376620126741411 0.67011977894855923 0.67047128034924319 -6.9388939039072268e-18 -0.74193548387096753 -0.024021363319840384 0.99947573981021098 -0.021707593949757392 0.999999999999999
2 -18.7047374971221 93.536942784756405 -24.721100201321001 -0.77308509551918403 0.245326196597037 0.58493973394643495 0.60337862893942207 -5.5511151231257827e-17 0.79745484520390453 0.19563656413175282 0.96944058985748682 -0.14802458414564323 1
2 -17.888543819998301 88.957394598350106 -22 -0.99904822158185747 -0.043619387365343119 0 0.043619387365343119 -0.99904822158185747 0 0 0 1 0.999999999999995
2 -17.888543819998301 88.957394598350106 22 -0.99904822158185747 -0.043619387365343119 0 0.043619387365343119 -0.99904822158185747 0 0 0 1 0.999999999999995
2 0 113 0 0 1 0 0 -0 1 1 0 -0 12.5
2 -38.5 14 -14.889150471698599 0 0 1 -1 0 0 0 -1 0 62.5
2 23.800000000000001 14 -14.889150471698599 -1.22464679914737e-16 1 0 -1 -1.22464679914737e-16 0 0 0 1 0.19999999999999901
2 -38.5 14 -15.0587501324996 0 0 -1 1 0 0 0 -1 0 62.405999788000599
2 -100.8 14 -14.889150471698599 0 -1 0 0 0 -1 1 0 0 0.20000000000000001
2 -38.5 14 17.469599660800998 0 0 -1 1 0 0 0 -1 0 58.548640542718402
2 -96.942640754717701 14 17.300000000000001 1.22464679914737e-16 1 0 -1 1.22464679914737e-16 0 0 -0 1 0.19999999999999901
2 -38.5 14 17.5 0 0 1 1 0 -0 -0 1 0 58.442640754717701
2 19.942640754717701 14 17.300000000000001 0 -1 0 0 0 -1 1 0 0 0.19999999999999901
2 11.699999999999999 14 17.699999999999999 0 -1 0 0 0 -1 1 0 0 0.19999999999999901
2 -38.5 14 17.5 0 0 -1 1 0 0 0 -1 0 50.200000000000003
2 -88.700000000000003 14 17.699999999999999 1.22464679914737e-16 1 0 -1 1.22464679914737e-16 0 0 -0 1 0.19999999999999901
2 -38.5 14 17.699999999999999 0 0 1 1 0 -0 -0 1 0 50
2 -38.5 14 -17.469599660800998 0 0 1 -1 0 0 0 -1 0 58.548640542718402
2 19.942640754717701 14 -17.300000000000001 -1.22464679914737e-16 1 0 -1 -1.22464679914737e-16 0 0 0 1 0.19999999999999901
2 -38.5 14 -17.5 0 0 -1 -1 0 0 0 1 0 58.442640754717701
2 -96.942640754717701 14 -17.300000000000001 0 -1 0 0 0 -1 1 0 0 0.19999999999999901
2 -38.5 14 14.889150471698599 0 0 -1 1 0 0 0 -1 0 62.5
2 -100.8 14 14.889150471698599 1.22464679914737e-16 1 0 -1 1.22464679914737e-16 0 0 -0 1 0.19999999999999901
2 -38.5 14 15.0587501324996 0 0 1 -1 0 0 0 -1 0 62.405999788000599
2 23.800000000000001 14 14.889150471698599 0 -1 0 0 0 -1 1 0 0 0.20000000000000001
2 -88.700000000000003 14 -17.699999999999999 0 -1 0 0 0 -1 1 0 0 0.19999999999999901
2 -38.5 14 -17.5 0 0 1 -1 0 0 0 -1 0 50.200000000000003
2 11.699999999999999 14 -17.699999999999999 -1.22464679914737e-16 1 0 -1 -1.22464679914737e-16 0 0 0 1 0.19999999999999901
2 -38.5 14 -17.699999999999999 0 0 -1 -1 0 0 0 1 0 50
2 -38.5 14 -18.800000000000001 0 0 -1 1 0 0 0 -1 0 43
2 -81.700000000000003 14 -18.800000000000001 1.22464679914737e-16 1 0 -1 1.22464679914737e-16 0 0 -0 1 0.19999999999999901
2 -38.5 14 -19 0 0 1 1 0 -0 -0 1 0 43.200000000000003
2 4.7000000000000002 14 -18.800000000000001 0 -1 0 0 0 -1 1 0 0 0.19999999999999901
2 -38.5 14 19 0 0 -1 1 0 0 0 -1 0 43.200000000000003
2 -81.700000000000003 14 18.800000000000001 1.22464679914737e-16 1 0 -1 1.22464679914737e-16 0 0 -0 1 0.19999999999999901
2 -38.5 14 18.800000000000001 0 0 1 1 0 -0 -0 1 0 43
2 4.7000000000000002 14 18.800000000000001 0 -1 0 0 0 -1 1 0 0 0.19999999999999901
1 -97 14 -17.5 -0.84799830400508791 1.0384984086822198e-16 0.52999894000317993 
1 20 14 -17.5 0.84799830400508791 0 0.52999894000317993 
1 20 14 17.5 0.84799830400508791 1.0384984086822198e-16 -0.52999894000317993 
1 -97 14 17.5 -0.84799830400508791 0 -0.52999894000317993 
1 -33.5 14 -19 0 0 1 
2 -38.5 14 7 0 0 1 1 0 -0 -0 1 0 5
1 -43.5 14 -19 0 0 1 
2 -38.5 14 -7 0 0 -1 -1 0 0 0 1 0 5
1 -46 14 -7 -0 -0 -1 
2 -38.5 14 -9 0 0 1 1 0 -0 -0 1 0 7.5
1 -31 14 -7 -0 -0 -1 
2 -38.5 14 -7 0 0 1 1 0 -0 -0 1 0 7.5
1 -81.5 14 -9 -0 -0 -1 
2 -38.5 14 -18.800000000000001 0 0 -1 1 0 0 0 -1 0 43
1 4.4999999999999902 14 -9 -0 -0 -1 
2 -38.5 14 -9 0 0 1 1 0 -0 -0 1 0 43
2 -38.5 14 -17.699999999999999 0 0 -1 -1 0 0 0 1 0 50
1 11.5 14 -17.5 -0 -0 -1 
2 -38.5 14 -19 0 0 1 1 0 -0 -0 1 0 50
1 -88.5 14 -17.5 -0 -0 -1 
1 -31 14 7 0 0 1 
2 -38.5 14 9 0 0 1 1 0 -0 -0 1 0 7.5
1 -46 14 7 0 0 1 
2 -38.5 14 7 0 0 1 1 0 -0 -0 1 0 7.5
2 -38.5 14 17.699999999999999 0 0 1 1 0 -0 -0 1 0 50
1 -88.5 14 17.5 0 0 1 
2 -38.5 14 19 0 0 1 1 0 -0 -0 1 0 50
1 11.5 14 17.5 0 0 1 
1 4.4999999999999902 14 9 0 0 1 
2 -38.5 14 18.800000000000001 0 0 1 1 0 -0 -0 1 0 43
1 -81.5 14 9 0 0 1 
2 -38.5 14 9 0 0 1 1 0 -0 -0 1 0 43
1 24 14 19 -0 -0 -1 
1 -101 14 19 -0 -0 -1 
2 -38.5 14 -9 0 0 1 1 0 -0 -0 1 0 43
2 -38.5 14 -9 0 0 1 1 0 -0 -0 1 0 7.5
2 -38.5 14 14.889150471698599 0 0 -1 1 0 0 0 -1 0 62.5
2 -38.5 14 -14.889150471698599 0 0 1 -1 0 0 0 -1 0 62.5
2 -38.5 14 19 0 0 1 1 0 -0 -0 1 0 50
2 -38.5 14 19 0 0 -1 1 0 0 0 -1 0 43.200000000000003
2 -38.5 14 9 0 0 1 1 0 -0 -0 1 0 43
2 -38.5 14 9 0 0 1 1 0 -0 -0 1 0 7.5
2 -38.5 14 17.5 0 0 1 1 0 -0 -0 1 0 58.442640754717701
2 -38.5 14 17.5 0 0 -1 1 0 0 0 -1 0 50.200000000000003
2 -38.5 14 7 0 0 1 1 0 -0 -0 1 0 7.5
2 -38.5 14 7 0 0 1 1 0 -0 -0 1 0 5
2 -38.5 14 -17.5 0 0 -1 -1 0 0 0 1 0 58.442640754717701
2 -38.5 14 -17.5 0 0 1 -1 0 0 0 -1 0 50.200000000000003
2 -38.5 14 -19 0 0 1 1 0 -0 -0 1 0 50
2 -38.5 14 -19 0 0 1 1 0 -0 -0 1 0 43.200000000000003
2 -38.5 14 -7 0 0 1 1 0 -0 -0 1 0 7.5
2 -38.5 14 -7 0 0 -1 -1 0 0 0 1 0 5
2 -38.5 14 17.469599660800998 0 0 -1 1 0 0 0 -1 0 58.548640542718402
2 -38.5 14 15.0587501324996 0 0 1 -1 0 0 0 -1 0 62.405999788000599
2 -38.5 14 -17.469599660800998 0 0 1 -1 0 0 0 -1 0 58.548640542718402
2 -38.5 14 -15.0587501324996 0 0 -1 1 0 0 0 -1 0 62.405999788000599
2 0 100 0 0 -1 0 0 0 -1 1 0 0 29.739411227276499
2 27.739411227276499 100 -3.3970981169716299e-15 -1.22464679914735e-16 0 -1 -1 0 1.22464679914735e-16 0 1 0 2
2 0 100.24373868681 0 0 1 0 -1 0 0 0 -0 1 29.724503530559101
2 -27.739411227276499 100 0 0 0 1 0 -1 0 1 0 -0 2
2 0 100 0 0 -1 0 0 0 -1 1 0 0 29.739411227276499
2 0 100.24373868681 0 0 1 0 -1 0 0 0 -0 1 29.724503530559101
2 -44 114.5 37.5 0 -1 0 1 0 0 -0 0 1 5.5
1 -47.889087296526 99 33.610912703474 0 1 0 
2 -44 109.5 37.5 0 -1 0 1 0 0 -0 0 1 5.5
1 -49.5 112 37.5 -0 1 0 
2 40.5 114.5 34 0 1 0 -1 0 0 0 -0 1 5.5
1 44.389087296526 99 30.110912703474 0 1 0 
2 40.5 109.5 34 -0 1 0 1 0 0 0 0 -1 5.5
1 35 112 34 -0 1 0 
2 40.5 114.5 -34 -0 -1 -0 -1 0 0 0 0 -1 5.5
1 36.610912703474 99 -37.889087296526 0 1 0 
2 40.5 109.5 -34 0 -1 0 1 0 -1.26161707343768e-15 1.26161707343768e-15 0 1 5.5
1 35 112 -34 -0 1 0 
2 -44 114.5 -37.5 -0 1 0 1 0 0 0 0 -1 5.5
1 -40.110912703474 99 -41.389087296526 0 1 0 
2 -44 109.5 -37.5 -0 1 0 1 0 0 0 0 -1 5.5
1 -49.5 112 -37.5 -0 1 0 
2 0 109 0 -0 1 0 1 0 0 0 0 -1 28.875428707340401
2 -28.875428707340401 108.8 -3.5362201340451999e-15 1.22464679914737e-16 0 -1 -1 0 -1.22464679914737e-16 0 1 0 0.19999999999999901
2 0 108.8 0 -0 1 0 1 0 0 0 0 -1 28.675428707340402
2 28.875428707340401 108.8 0 0 0 1 0 -1 0 1 0 -0 0.20000000000000001
2 0 109 0 -0 1 0 1 0 0 0 0 -1 28.875428707340401
2 0 108.8 0 -0 1 0 1 0 0 0 0 -1 28.675428707340402
2 28.875428707340401 108.8 0 0 0 1 0 -1 0 1 0 -0 0.20000000000000001
2 0 108.775626131319 0 0 -1 0 -1 0 0 -0 -0 -1 28.676919477012099
2 -28.875428707340401 108.8 -3.5362201340451999e-15 1.22464679914737e-16 0 -1 -1 0 -1.22464679914737e-16 0 1 0 0.19999999999999901
2 0 98 0 0 1 0 -1 0 0 0 -0 1 14.5
2 14.5 100 -1.77573785876366e-15 -1.22464679914735e-16 0 -1 -1 0 1.22464679914735e-16 0 1 0 2
2 0 100 0 0 -1 0 -1 0 0 -0 -0 -1 12.5
2 -14.5 100 0 0 0 1 0 -1 0 1 0 -0 2
2 27.739411227276499 100 -3.3970981169716299e-15 -1.22464679914735e-16 0 -1 -1 0 1.22464679914735e-16 0 1 0 2
2 0 98 0 0 -1 0 -1 0 0 -0 -0 -1 27.739411227276499
2 -27.739411227276499 100 0 0 0 1 0 -1 0 1 0 -0 2
1 12.5 98 0 0 1 0 
7 0 0  3 42 21  -6.1354330946943803 109 10.890659334518199  -6.1354330946943501 109.01739514504 10.890659334518199  -6.1240707969593604 109.031978021474 10.897060776108299  -6.1008815102423899 109.053567598309 10.910060562726001  -6.08767153372583 109.062150179786 10.9174397913677  -6.0473662877684804 109.085098263848 10.9398494589392  -6.0189614023534803 109.096810750334 10.9555087479671  -5.9328999231538102 109.12851991991801 11.002498428132601  -5.87398057085736 109.14465720803101 11.034077201376  -5.6956854984157097 109.188537232906 11.1277669113834  -5.5746172421468403 109.210966608205 11.188922711854  -5.2089454887331099 109.271816944837 11.3661903155165  -4.9608301672808004 109.302958867679 11.476674536083699  -4.2054058542363597 109.38759099891099 11.783893203196399  -3.6840171080098001 109.431107792522 11.9571307616105  -2.1075881210844298 109.547006738202 12.3688279445267  -1.03584758263557 109.603898532326 12.504784790177  0.32922953474274802 109.666296473324 12.498645800341601  0.603686604358043 109.678243864732 12.4883846464461  1.1471007836499501 109.700897657832 12.450234872725201  1.4170777483588299 109.711651546504 12.422366716583699  2.2219035260118201 109.74243220397 12.312853506227301  2.7516680205016399 109.76099165109601 12.2054066381972  3.53609343235944 109.78648916866101 11.992474734696099  3.7958598490745601 109.79459410212 11.912843840778001  4.3119030176342896 109.81007704628701 11.735923173534101  4.5689506421917097 109.817474815805 11.6382636304267  5.3243969557257804 109.83836553959399 11.322489049067  5.8097786836869201 109.85065163414301 11.081015511114201  6.7450478492763803 109.872425686152 10.537872774993399  7.1949345651002101 109.881910732249 10.236202240424101  8.0583874952238492 109.898296489739 9.5712752901458398  8.4718259184878004 109.905176022608 9.2072101647159403  9.2379618096516793 109.916119566353 8.4382827052562792  9.5940244613048602 109.92025086788701 8.0310554864039503  10.252522124856201 109.92596242642701 7.1713978880793698  10.555682971693701 109.927543146405 6.7177167640945399  11.3765770305675 109.92834693783399 5.2937832552500996  11.7897030739976 109.923742760005 4.2935811105433697  12.3539270321094 109.90400228232799 2.1937238229001901  12.5 109.888585954259 1.08758408374292  12.5 109.86779730416301 1.9712961226349301e-15 
 1.11759246059088e-05 4 6.2944552102107805e-05 2 0.00011471317959830699 2 0.00021825043459070399 2 0.000425324944575502 2 0.00083947396454509503 2 0.00166777200448428 2 0.0033243680843626599 2 0.0066375602441193999 2 0.0074658582840585897 2 0.0082941563239977804 2 0.0099507524038761393 2 0.010779050443815301 2 0.0116073484837545 2 0.013263944563632901 2 0.014920540643511299 2 0.016577136723389601 2 0.018233732803268 2 0.019890328883146399 2 0.023203521042903099 2 0.0265167132026599 4
2 0 109 0 0 -1 0 -1 0 0 -0 -0 -1 12.5
1 -12.5 98 -1.5308084989341899e-15 0 1 0 
2 0 100 0 0 -1 0 -1 0 0 -0 -0 -1 12.5
2 0 108.775626131319 0 0 -1 0 -1 0 0 -0 -0 -1 28.676919477012099
1 30 98 -3.67394039744206e-15 0.121869343405148 -0.99254615164132198 -1.49246901315304e-17 
1 -30 98 0 -0.121869343405148 -0.99254615164132198 -0 
1 -44.389087296526 99 30.110912703474 0 1 0 
2 -40.5 114.5 34 0 -1 0 1 0 0 -0 0 1 5.5
1 -35 99 34 0 1 0 
2 -40.5 109.5 34 0 -1 0 1 0 -1.26161707343768e-15 1.26161707343768e-15 0 1 5.5
1 47.889087296526 99 33.610912703474 0 1 0 
2 44 114.5 37.5 0 1 0 -1 0 0 0 -0 1 5.5
1 49.5 99 37.5 0 1 0 
2 44 109.5 37.5 -0 1 0 1 0 0 0 0 -1 5.5
1 40.110912703474 99 -41.389087296526 0 1 0 
2 44 114.5 -37.5 -0 -1 -0 -1 0 0 0 0 -1 5.5
1 49.5 99 -37.5 0 1 0 
2 44 109.5 -37.5 0 -1 0 1 0 0 -0 0 1 5.5
1 -36.610912703474 99 -37.889087296526 0 1 0 
2 -40.5 114.5 -34 -0 1 0 1 0 0 0 0 -1 5.5
1 -35 99 -34 0 1 0 
2 -40.5 109.5 -34 -0 1 0 1 0 0 0 0 -1 5.5
2 -0.075811685983371097 114 -0.042363503795578301 0 1 0 -1 0 0 0 -0 1 17.5
2 17.4241883140166 109 -0.042363503795576199 -1.21972744404619e-16 0 1 1 0 1.21972744404619e-16 0 1 -0 5
7 0 0  3 4 2  12.5 109.86779730416301 1.9712961226349301e-15  12.5 109.86752733589501 -0.0141237256664541  12.4999760625173 109.86725646629699 -0.0282448927086935  12.4999282131357 109.866984693563 -0.042363503795577503 
 0.0265167132026599 4 0.026559739408949699 4
2 -0.075811685983371097 109 -0.042363503795578301 0 -1 0 -1 0 0 -0 -0 -1 12.5
2 -17.5758116859834 109 -0.042363503795578301 0 0 -1 0 1 0 1 -0 0 5
1 39.424188314016597 109 -0.042363503795578301 -0 -0 1 
1 -0.075811685983371097 109 3.2076364962044202 -1 0 0 
2 -0.075811685983371097 109 -0.042363503795578301 0 -1 0 1 0 0 -0 0 1 29.5
1 -0.075811685983371097 109 3.2076364962044202 -1 0 0 
1 -39.575811685983403 109 -0.042363503795578301 0 0 -1 
1 -0.075811685983371097 109 -3.2923635037955798 1 0 0 
2 -0.075811685983371097 109 -0.042363503795578301 0 -1 0 1 0 0 -0 0 1 29.5
1 -0.075811685983371097 109 -3.2923635037955798 1 0 0 
1 -56.5 109.5 -49.5 -1 -0 0 
2 52.5 109.5 -45.5 0 -1 0 1 0 0 -0 0 1 4
1 56.5 109.5 -49.5 -7.0089837413204298e-17 0 -1 
2 52.5 109.5 45.5 0 -1 0 1 0 0 -0 0 1 4
1 -56.5 109.5 49.5 1 0 0 
2 -52.5 109.5 45.5 0 -1 0 1 0 0 -0 0 1 4
1 -56.5 109.5 -49.5 -7.0089837413204298e-17 0 1 
2 -52.5 109.5 -45.5 0 -1 0 1 0 0 -0 0 1 4
1 -0.63908729652597496 109.5 -0.63908729652597396 0.70710678118654702 0 -0.70710678118654802 
2 40.5 109.5 -34 0 -1 0 1 0 -1.26161707343768e-15 1.26161707343768e-15 0 1 5.5
1 7.1390872965260197 109.5 7.1390872965260197 -0.70710678118654746 0 0.70710678118654746 
2 44 109.5 -37.5 0 -1 0 1 0 0 -0 0 1 5.5
1 0.63908729652597496 109.5 -0.63908729652597396 -0.70710678118654702 0 -0.70710678118654802 
2 -44 109.5 -37.5 -0 1 0 1 0 0 0 0 -1 5.5
1 -7.1390872965260197 109.5 7.1390872965260197 0.70710678118654746 0 0.70710678118654746 
2 -40.5 109.5 -34 -0 1 0 1 0 0 0 0 -1 5.5
2 -0.075811685983371097 109.5 -0.042363503795578301 0 -1 0 1 0 0 -0 0 1 29.699999999999999
1 0 109.5 3.4076364962044199 -1 -0 0 
1 39.6241883140166 109.5 0 0 0 1 
1 0 109.5 -3.49236350379558 1 0 0 
2 -0.075811685983371097 109.5 -0.042363503795578301 0 -1 0 1 0 0 -0 0 1 29.699999999999999
1 0 109.5 -3.49236350379558 1 0 0 
1 -39.775811685983399 109.5 0 0 0 -1 
1 0 109.5 3.4076364962044199 -1 -0 0 
1 -0.63908729652597496 109.5 0.63908729652597396 0.70710678118654702 0 0.70710678118654802 
2 44 109.5 37.5 -0 1 0 1 0 0 0 0 -1 5.5
1 7.1390872965260197 109.5 -7.1390872965260197 -0.70710678118654746 0 -0.70710678118654746 
2 40.5 109.5 34 -0 1 0 1 0 0 0 0 -1 5.5
2 -44 109.5 37.5 0 -1 0 1 0 0 -0 0 1 5.5
1 0.63908729652597496 109.5 0.63908729652597396 -0.70710678118654702 0 0.70710678118654802 
2 -40.5 109.5 34 0 -1 0 1 0 0 -0 0 1 5.5
1 -7.1390872965260197 109.5 -7.1390872965260197 0.70710678118654746 0 -0.70710678118654746 
1 56.5 114.5 -49.5 -7.0089837413204298e-17 0 -1 
2 52.5 114.5 -45.5 -0 1 0 1 0 0 0 0 -1 4
1 -56.5 114.5 -49.5 -1 -0 0 
2 -52.5 114.5 -45.5 -0 1 0 1 0 0 0 0 -1 4
1 -56.5 114.5 -49.5 -7.0089837413204298e-17 0 1 
2 -52.5 114.5 45.5 -0 1 0 1 0 0 0 0 -1 4
1 -56.5 114.5 49.5 1 0 0 
2 52.5 114.5 45.5 -0 1 0 1 0 0 0 0 -1 4
1 40.110912703474 114.5 -41.389087296526 0.70710678118654702 0 -0.70710678118654802 
2 44 114.5 -37.5 -0 -1 -0 -1 0 0 0 0 -1 5.5
1 47.889087296526 114.5 -33.610912703474 -0.70710678118654746 0 0.70710678118654746 
2 40.5 114.5 -34 -0 -1 -0 -1 0 0 0 0 -1 5.5
1 -40.110912703474 114.5 -41.389087296526 -0.70710678118654702 0 -0.70710678118654802 
2 -40.5 114.5 -34 -0 1 0 1 0 0 0 0 -1 5.5
1 -47.889087296526 114.5 -33.610912703474 0.70710678118654746 0 0.70710678118654746 
2 -44 114.5 -37.5 -0 1 0 1 0 0 0 0 -1 5.5
2 -0.075811685983371097 114.5 -0.042363503795578301 0 1 0 -1 0 0 0 -0 1 30.199999999999999
1 -29.840513935459999 114.5 3.9076364962044199 1 0 0 
1 -40.275811685983399 114.5 3.7076364962044202 0 0 1 
1 -40.075811685983403 114.5 -3.99236350379558 -1 0 0 
2 -0.075811685983371097 114.5 -0.042363503795578301 0 1 0 -1 0 0 0 -0 1 30.199999999999999
1 29.688890563493299 114.5 -3.99236350379558 -1 0 0 
1 40.1241883140166 114.5 -3.7923635037955798 0 0 -1 
1 39.924188314016597 114.5 3.9076364962044199 1 0 0 
2 44 114.5 37.5 0 1 0 -1 0 0 0 -0 1 5.5
1 40.110912703474 114.5 41.389087296526 0.70710678118654702 0 0.70710678118654802 
2 40.5 114.5 34 0 1 0 -1 0 0 0 -0 1 5.5
1 47.889087296526 114.5 33.610912703474 -0.70710678118654746 0 -0.70710678118654746 
1 -40.110912703474 114.5 41.389087296526 -0.70710678118654702 0 0.70710678118654802 
2 -44 114.5 37.5 0 -1 0 1 0 0 -0 0 1 5.5
1 -47.889087296526 114.5 33.610912703474 0.70710678118654746 0 -0.70710678118654746 
2 -40.5 114.5 34 0 -1 0 1 0 0 -0 0 1 5.5
1 -56.5 109.5 45.5 0 1 0 
1 -56.5 109.5 -45.5 -0 -1 0 
1 52.5 109.5 -49.5 0 -1 -0 
1 -52.5 109.5 -49.5 0 1 0 
1 56.5 109.5 -45.5 0 1 0 
1 56.5 109.5 45.5 -0 -1 0 
1 52.5 109.5 49.5 0 1 0 
1 -52.5 109.5 49.5 -0 -1 0 
2 -0.075811685983371097 114 -0.042363503795578301 0 1 0 -1 0 0 0 -0 1 17.5
2 -0.075811685983371097 109 -0.042363503795578301 0 -1 0 -1 0 0 -0 -0 -1 12.5
7 0 0  3 24 12  12.4999282131357 109.866984693563 -0.042363503795577503  12.496167205984399 109.845623096764 -1.15209983785971  12.347277216919601 109.818897056631 -2.2463260372437999  11.752256880282401 109.750533758229 -4.4029187542942196  11.3180089506744 109.710434621777 -5.4203614794724002  10.4705941009024 109.635792593695 -6.8500781359099996  10.152480972727799 109.608221881527 -7.3133979733352996  9.4636322445162904 109.547060036001 -8.1852504273563191  9.0922030202783102 109.51351885353399 -8.5958626478876106  8.2959830904164598 109.43561344197499 -9.3666255923268196  7.8688140690589501 109.391803875094 -9.7283426498232703  7.1979947272731701 109.30625378191699 -10.2233112687424  6.9693060636393298 109.274779493849 -10.3805261741844  6.6197082274188404 109.21332176983999 -10.604178452348201  6.5017596042732304 109.190650456507 -10.676883804364101  6.3252864597262297 109.146462371241 -10.7817175177852  6.2664942064591802 109.13024156969701 -10.815984075892199  6.1795377843561496 109.098310796004 -10.865745628538299  6.1504781537145696 109.08642790415399 -10.882215467074699  6.10922811343376 109.063280099536 -10.9053922719827  6.0957862473778404 109.054752728579 -10.9129090651951  6.07143627234184 109.032579046515 -10.926474995616401  6.0596214087111999 109.01785996018999 -10.9330228383137  6.0596214087110001 109 -10.9330228383138 
 0.026559739408949699 4 0.029941640372361002 2 0.033323541335772297 2 0.035014491817477997 2 0.036705442299183599 2 0.038396392780889299 2 0.0392418680217421 2 0.039664605642168498 2 0.0398759744523818 2 0.039981658857488299 2 0.040034501060041597 2 0.040087343262594999 4
1 39.6241883140166 114 -0.042363503795578301 -0 -0 1 
1 -0.075811685983371097 114 -3.49236350379558 1 0 0 
2 -0.075811685983371097 114 -0.042363503795578301 -0 -1 -0 -1 0 0 0 0 -1 29.699999999999999
1 -0.075811685983371097 114 -3.49236350379558 1 0 0 
1 -39.775811685983399 114 -0.042363503795578301 0 0 -1 
1 -0.075811685983371097 114 3.4076364962044199 -1 -0 0 
2 -0.075811685983371097 114 -0.042363503795578301 -0 -1 -0 -1 0 0 0 0 -1 29.699999999999999
1 -0.075811685983371097 114 3.4076364962044199 -1 -0 0 
7 1 0  3 4 2  -40.075811685983403 114.3 -3.7923635037955798  1 -40.075811685983403 114.12426406871199 -3.7923635037955701  0.80473785412436505 -39.951547617271402 114 -3.6680994350836502  0.80473785412436505 -39.775811685983399 114 -3.49236350379558  1
 3.14159265358979 4 4.7123889803846897 4
1 39.924188314016597 114.3 -3.7923635037955798 -1 0 0 
7 0 0  3 8 4  -29.574752344929099 114 -3.49236350379558  -29.635940396465202 114 -3.5611274425502901  -29.697394440164999 114.022684702101 -3.6304206208491299  -29.774847583553701 114.09852877355399 -3.7179742979058501  -29.797526426312299 114.130563516981 -3.74365022832384  -29.830636409745502 114.208074611679 -3.7811600804442498  -29.840513935459999 114.253302685422 -3.7923635037955798  -29.840513935459999 114.3 -3.7923635037955798 
 -3.4759050751423701e-06 4 0.00027266050181032499 2 0.00041072870525305801 2 0.00054879690869579195 4
7 1 0  3 4 2  -40.075811685983403 114.3 3.7076364962044202  1 -40.075811685983403 114.12426406871199 3.7076364962044202  0.80473785412436505 -39.951547617271402 114 3.5833724274924998  0.80473785412436505 -39.775811685983399 114 3.4076364962044199  1
 3.14159265358979 4 4.7123889803846897 4
1 -40.075811685983403 114.3 3.7076364962044202 0 0 1 
2 -0.075811685983371097 114.3 -0.042363503795578301 0 1 0 -1 0 0 0 -0 1 30
7 0 0  3 8 4  29.423128972962299 114 -3.49236350379558  29.484317024498498 114 -3.5611274425502  29.545771068198299 114.022684702101 -3.6304206208491299  29.623224211586901 114.09852877355399 -3.7179742979058501  29.645903054345499 114.130563516981 -3.74365022832384  29.679013037778802 114.208074611679 -3.7811600804442498  29.688890563493299 114.253302685422 -3.7923635037955798  29.688890563493299 114.3 -3.7923635037955798 
 -3.4759050751469902e-06 4 0.00027266050181032299 2 0.000410728705253056 2 0.00054879690869579195 4
7 0 0  3 8 4  -29.840513935459999 114.3 3.7076364962044202  -29.840513935459999 114.253302053521 3.7076364962044202  -29.8306361417348 114.20807340753301 3.6964327688035099  -29.797525350199098 114.130561574531 3.6589220020424702  -29.774846038315701 114.09852672482199 3.6332455415032099  -29.6973912421169 114.02268264175 3.5456900022812299  -29.635809949381901 114 3.47625383680773  -29.574752344929099 114 3.4076364962044199 
 0 4 0.00013777385521664199 2 0.00027554771043328502 2 0.00055109542086657004 4
1 39.924188314016597 114.3 3.7076364962044202 1 0 0 
1 39.924188314016597 114.3 -3.7923635037955798 -1 0 0 
7 1 0  3 4 2  39.6241883140166 114 -3.49236350379558  1 39.799924245304702 114 -3.6680994350836502  0.80473785412436505 39.924188314016597 114.12426406871199 -3.7923635037955701  0.80473785412436505 39.924188314016597 114.3 -3.7923635037955798  1
 1.5707963267949001 4 3.14159265358979 4
7 0 0  3 8 4  29.688890563493299 114.3 3.7076364962044202  29.688890563493299 114.253302053521 3.7076364962044202  29.679012769768001 114.20807340753301 3.6964327688035099  29.645901978232299 114.130561574531 3.6589220020424702  29.623222666348902 114.09852672482199 3.6332455415032099  29.545767870150101 114.02268264175 3.5456900022812299  29.484186577415301 114 3.4762538368076399  29.423128972962299 114 3.4076364962044199 
 0 4 0.00013777385521664199 2 0.00027554771043328599 2 0.00055109542086657199 4
2 -0.075811685983371097 114.3 -0.042363503795578301 0 1 0 -1 0 0 0 -0 1 30
1 39.924188314016597 114.3 3.7076364962044202 0 0 -1 
7 1 0  3 4 2  39.6241883140166 114 3.4076364962044199  1 39.799924245304702 114 3.5833724274924998  0.80473785412436505 39.924188314016597 114.12426406871199 3.7076364962044202  0.80473785412436505 39.924188314016597 114.3 3.7076364962044202  1
 1.5707963267949001 4 3.14159265358979 4
1 39.924188314016597 114.3 3.7076364962044202 1 0 0 
7 0 0  3 6 3  -29.840513935459999 114.3 3.7076364962044202  -29.840513935459999 114.362125635838 3.7076364962044202  -29.8669749465828 114.41724125621499 3.7376315399657498  -29.935345180418299 114.484726187417 3.8153140558818301  -29.976099652221698 114.5 3.8616969450307099  -30.016377812895499 114.5 3.9076364962044199 
 5.4210108624275198e-20 4 0.000183287783788978 2 0.00036657556757795599 4
7 0 0  3 6 3  29.864754440928799 114.5 3.9076364962044199  29.824382767300001 114.5 3.8615902881449999  29.783718981164899 114.48472434608399 3.8153108410922498  29.715350691592299 114.41723943522901 3.73763053908687  29.688890563493299 114.362124512023 3.7076364962044202  29.688890563493299 114.3 3.7076364962044202 
 -2.8406776999422101e-06 4 0.00018087264146558101 2 0.00036458596063110402 4
7 1 0  3 4 2  40.1241883140166 114.5 3.9076364962044199  1 40.007031026491298 114.5 3.7904792086790402  0.80473785412436505 39.924188314016597 114.417157287525 3.7076364962044202  0.80473785412436505 39.924188314016597 114.3 3.7076364962044202  1
 1.5707963267949001 4 3.14159265358979 4
7 1 0  3 4 2  -40.075811685983403 114.3 3.7076364962044202  1 -40.075811685983403 114.417157287525 3.7076364962044202  0.80473785412436505 -40.158654398457998 114.5 3.7904792086790402  0.80473785412436505 -40.275811685983399 114.5 3.9076364962044199  1
 3.14159265358979 4 4.7123889803846897 4
7 1 0  3 4 2  40.1241883140166 114.5 -3.99236350379558  1 40.007031026491298 114.5 -3.8752062162701901  0.80473785412436505 39.924188314016597 114.417157287525 -3.7923635037955701  0.80473785412436505 39.924188314016597 114.3 -3.7923635037955798  1
 1.5707963267949001 4 3.14159265358979 4
7 1 0  3 4 2  -40.075811685983403 114.3 -3.7923635037955798  1 -40.075811685983403 114.417157287525 -3.7923635037955701  0.80473785412436505 -40.158654398457998 114.5 -3.8752062162701901  0.80473785412436505 -40.275811685983399 114.5 -3.99236350379558  1
 3.14159265358979 4 4.7123889803846897 4
7 0 0  3 6 3  29.864754440928799 114.5 -3.99236350379558  29.824382767300001 114.5 -3.9463172957362298  29.783718981164899 114.48472434608399 -3.9000378486834002  29.715350691592299 114.41723943522901 -3.82235754667802  29.688890563493299 114.362124512023 -3.7923635037955798  29.688890563493299 114.3 -3.7923635037955798 
 -2.8406776999461302e-06 4 0.000180872641465579 2 0.00036458596063110402 4
7 0 0  3 6 3  -29.840513935459999 114.3 -3.7923635037955798  -29.840513935459999 114.362125635838 -3.7923635037955798  -29.8669749465828 114.41724125621499 -3.8223585475569002  -29.935345180418299 114.484726187417 -3.9000410634729801  -29.976099652221698 114.5 -3.9464239526218701  -30.016377812895499 114.5 -3.99236350379558 
 5.4210108624275198e-20 4 0.000183287783788978 2 0.00036657556757795599 4
1 -29.574752344929099 114 -3.49236350379558 0 1 0 
1 -0.075811685983371097 109.2 -3.49236350379558 -1 0 -0 
1 -39.775811685983399 114 -3.49236350379558 0 1 0 
1 -39.775811685983399 109.2 -0.042363503795578301 0 0 1 
1 -39.775811685983399 114 3.4076364962044199 0 1 0 
1 29.423128972962299 114 -3.49236350379558 0 1 0 
2 -0.075811685983371097 109.2 -0.042363503795578301 -0 1 0 1 0 0 0 0 -1 29.699999999999999
1 39.6241883140166 114 -3.49236350379558 0 1 0 
1 -0.075811685983371097 109.2 -3.49236350379558 -1 0 -0 
1 -0.075811685983371097 109.2 3.4076364962044199 1 0 0 
1 -29.574752344929099 114 3.4076364962044199 0 1 0 
2 -0.075811685983371097 109.2 -0.042363503795578301 -0 1 0 1 0 0 0 0 -1 29.699999999999999
1 29.423128972962299 114 3.4076364962044199 0 1 0 
1 39.6241883140166 114 3.4076364962044199 0 1 0 
1 39.6241883140166 109.2 -0.042363503795578301 0 0 -1 
1 -0.075811685983371097 109.2 3.4076364962044199 1 0 0 
1 -47.889087296526 99 -33.610912703474 0 1 0 
1 -44.389087296526 99 -30.110912703474 0 1 0 
1 47.889087296526 99 -33.610912703474 0 1 0 
1 44.389087296526 99 -30.110912703474 0 1 0 
1 40.110912703474 99 41.389087296526 0 1 0 
1 36.610912703474 99 37.889087296526 0 1 0 
1 -40.110912703474 99 41.389087296526 0 1 0 
1 -36.610912703474 99 37.889087296526 0 1 0 
2 0 98 0 0 -1 0 -1 0 0 -0 -0 -1 27.739411227276499
2 0 98 0 0 1 0 -1 0 0 0 -0 1 14.5
2 0 109 0 0 -1 0 -1 0 0 -0 -0 -1 12.5
7 1 0  3 4 2  -39.775811685983399 109.2 -3.49236350379558  1 -39.775811685983399 109.082842712475 -3.49236350379558  0.80473785412436605 -39.692968973508698 109 -3.40952079132096  0.80473785412436605 -39.575811685983403 109 -3.2923635037955798  1
 3.1415926535898002 4 4.7123889803846897 4
7 0 0  3 6 3  -29.396239718329699 109 -3.2923635037955798  -29.4372526394049 109 -3.3381751306965399  -29.4784488283081 109.015075211992 -3.3842942925772799  -29.547860993721301 109.08241513502399 -3.4621346635204899  -29.574752344929099 109.137611087363 -3.49236350379558  -29.574752344929099 109.2 -3.49236350379558 
 -2.8370971973036501e-06 4 0.00018162524641564799 2 0.00036608759002859902 4
7 0 0  3 6 3  29.244616346362999 109 -3.2923635037955798  29.2856292674382 109 -3.3381751306965  29.3268254563414 109.015075211992 -3.3842942925772701  29.396237621754501 109.08241513502399 -3.4621346635204899  29.423128972962299 109.137611087363 -3.49236350379558  29.423128972962299 109.2 -3.49236350379558 
 -2.83709719730532e-06 4 0.00018162524641564601 2 0.00036608759002859702 4
7 1 0  3 4 2  -39.775811685983399 109.2 3.4076364962044199  1 -39.775811685983399 109.082842712475 3.4076364962044199  0.80473785412436605 -39.692968973508698 109 3.3247937837297998  0.80473785412436605 -39.575811685983403 109 3.2076364962044202  1
 3.1415926535898002 4 4.7123889803846897 4
7 1 0  3 4 2  39.424188314016597 109 -3.2923635037955798  1 39.541345601541998 109 -3.40952079132096  0.80473785412436605 39.6241883140166 109.082842712475 -3.49236350379558  0.80473785412436605 39.6241883140166 109.2 -3.49236350379558  1
 1.5707963267949001 4 3.14159265358979 4
7 0 0  3 6 3  -29.574752344929099 109.2 3.4076364962044199  -29.574752344929099 109.13761003435501 3.4076364962044199  -29.547860020452699 109.082413302216 3.3774065621605498  -29.4784462869242 109.01507363511899 3.2995644373442801  -29.437163513555099 109 3.2533485691094399  -29.396239718329699 109 3.2076364962044202 
 0 4 0.00018406148547609399 2 0.00036812297095218901 4
7 1 0  3 4 2  39.424188314016597 109 3.2076364962044202  1 39.541345601541998 109 3.3247937837297998  0.80473785412436605 39.6241883140166 109.082842712475 3.4076364962044199  0.80473785412436605 39.6241883140166 109.2 3.4076364962044199  1
 1.5707963267949001 4 3.14159265358979 4
7 0 0  3 6 3  29.423128972962299 109.2 3.4076364962044199  29.423128972962299 109.13761003435501 3.4076364962044199  29.396236648485999 109.082413302216 3.3774065621605498  29.3268229149575 109.01507363511899 3.2995644373442801  29.285540141588299 109 3.2533485691094501  29.244616346362999 109 3.2076364962044202 
 0 4 0.00018406148547609301 2 0.000368122970952187 4
1 -38.5 9 3 0 0 1 
2 -38.5 14 23 0 0 -1 0 1 0 1 -0 0 5
1 -38.5 19 3 0 0 1 
2 -38.5 14 3 0 0 -1 0 1 0 1 -0 0 5
2 -38.5 14 7 0 0 -1 0 1 0 1 -0 0 7.5
1 -38.5 6.5 7 0 0 -1 
2 -38.5 14 3 0 0 -1 0 1 0 1 -0 0 7.5
1 -38.5 21.5 7 0 0 -1 
1 -38.5 55.265193513510802 18.011051243214801 0 0.99557950271408135 -0.093922594595668138 
2 -38.5 14 18.2247487444894 0 -0 1 0 1 0 -1 0 0 39
1 -38.5 -27.265193513510798 18.011051243214801 1.2192332512955104e-16 -0.99557950271408135 -0.093922594595668138 
2 -38.5 14 20.5 0 -0 1 0 1 0 -1 0 0 14.8823366915877
1 -38.5 -25 18 -0 -0 1 
1 -38.5 53 18 -0 -0 1 
2 -38.5 14 18 0 0 -1 0 1 0 1 -0 0 39
2 -38.5 14 23 0 0 1 0 -1 0 1 0 -0 15
1 -38.5 -27.5 20.5 1.2192332512955104e-16 -0.99557950271408135 -0.093922594595668138 
2 -38.5 14 20.5 0 0 1 0 -1 0 1 0 -0 41.5
1 -38.5 55.5 20.5 0 0.99557950271408135 -0.093922594595668138 
2 -38.5 14 18 0 0 -1 0 1 0 1 -0 0 41.5
1 -38.5 55.5 18 -0 -0 1 
1 -38.5 -27.5 18 -0 -0 1 
2 -38.5 14 20.5 0 0 -1 0 1 0 1 -0 0 8.9000000000000004
1 -38.5 5.0999999999999996 45.673001410241099 0 0 -1 
2 -38.5 14 7 0 -0 1 0 1 0 -1 0 0 8.9000000000000004
1 -38.5 22.899999999999999 45.673001410241099 0 0 -1 
2 -38.5 14 23 0 0 1 0 -1 0 1 0 -0 15
2 -38.5 14 23 0 0 -1 0 1 0 1 -0 0 5
2 -38.5 14 3 0 0 -1 0 1 0 1 -0 0 7.5
2 -38.5 14 3 0 0 -1 0 1 0 1 -0 0 5
2 -38.5 14 20.5 0 0 -1 0 1 0 1 -0 0 8.9000000000000004
2 -38.5 14 7 0 -0 1 0 1 0 -1 0 0 8.9000000000000004
2 -38.5 14 18 0 0 -1 0 1 0 1 -0 0 41.5
2 -38.5 14 20.5 0 0 1 0 -1 0 1 0 -0 41.5
2 -38.5 14 18 0 0 -1 0 1 0 1 -0 0 39
2 -38.5 14 18.2247487444894 0 -0 1 0 1 0 -1 0 0 39
2 -38.5 14 20.5 0 -0 1 0 1 0 -1 0 0 14.8823366915877
2 -38.5 14 7 0 0 -1 0 1 0 1 -0 0 7.5
1 -36.584754959683799 9.3813598932646602 -3 -0 0 -1 
2 -38.5 14 -23 0 0 1 -0.38304900806323805 0.92372802134706811 0 -0.92372802134706811 -0.38304900806323805 0 5
1 -40.415245040316201 18.618640106735299 -3 -0 0 -1 
2 -38.5 14 -3 0 0 1 -0.38304900806323805 0.92372802134706811 0 -0.92372802134706811 -0.38304900806323805 0 5
2 -38.5 14 -7 0 0 1 -0.38304900806323805 0.92372802134706811 0 -0.92372802134706811 -0.38304900806323805 0 7.5
1 -35.627132439525703 7.0720398398969904 -7 0 0 1 
2 -38.5 14 -3 0 0 1 -0.38304900806323805 0.92372802134706811 0 -0.92372802134706811 -0.38304900806323805 0 7.5
1 -41.372867560474297 20.927960160103002 -7 0 0 1 
1 -54.3065914428879 52.117815554739202 -18.011051243214801 -0.38135574096271985 0.91964468413577671 0.093922594595668166 
2 -38.5 14 -18.2247487444894 0 0 -1 -0.38304900806323805 0.92372802134706811 0 0.92372802134706811 0.38304900806323805 0 39
1 -22.6934085571121 -24.117815554739199 -18.011051243214801 0.38135574096271985 -0.91964468413577671 0.093922594595668166 
2 -38.5 14 -20.5 0 0 -1 -0.38304900806323805 0.92372802134706811 0 0.92372802134706811 0.38304900806323805 0 14.8823366915877
1 -23.561088685533701 -22.025392832535701 -18 0 0 -1 
1 -53.438911314466303 50.025392832535701 -18 0 0 -1 
2 -38.5 14 -18 0 0 1 -0.38304900806323805 0.92372802134706811 0 -0.92372802134706811 -0.38304900806323805 0 39
2 -38.5 14 -23 0 -0 -1 0.38304900806323805 -0.92372802134706811 0 -0.92372802134706811 -0.38304900806323805 0 15
1 -22.6034661653756 -24.334712885903301 -20.5 0.38135574096271985 -0.91964468413577671 0.093922594595668166 
2 -38.5 14 -20.5 0 -0 -1 0.38304900806323805 -0.92372802134706811 0 -0.92372802134706811 -0.38304900806323805 0 41.5
1 -54.3965338346244 52.334712885903301 -20.5 -0.38135574096271985 0.91964468413577671 0.093922594595668166 
2 -38.5 14 -18 0 0 1 -0.38304900806323805 0.92372802134706811 0 -0.92372802134706811 -0.38304900806323805 0 41.5
1 -54.3965338346244 52.334712885903301 -18 0 0 -1 
1 -22.6034661653756 -24.334712885903301 -18 0 0 -1 
2 -38.5 14 -20.5 0 0 1 -0.38304900806323805 0.92372802134706811 0 -0.92372802134706811 -0.38304900806323805 0 8.9000000000000004
1 -35.090863828237197 5.7788206100110902 -45.673001410241099 0 0 1 
2 -38.5 14 -7 0 0 -1 -0.38304900806323805 0.92372802134706811 0 0.92372802134706811 0.38304900806323805 0 8.9000000000000004
1 -41.909136171762803 22.221179389988901 -45.673001410241099 0 0 1 
2 -38.5 14 -23 0 -0 -1 0.38304900806323805 -0.92372802134706811 0 -0.92372802134706811 -0.38304900806323805 0 15
2 -38.5 14 -23 0 0 1 -0.38304900806323805 0.92372802134706811 0 -0.92372802134706811 -0.38304900806323805 0 5
2 -38.5 14 -3 0 0 1 -0.38304900806323805 0.92372802134706811 0 -0.92372802134706811 -0.38304900806323805 0 7.5
2 -38.5 14 -3 0 0 1 -0.38304900806323805 0.92372802134706811 0 -0.92372802134706811 -0.38304900806323805 0 5
2 -38.5 14 -20.5 0 0 1 -0.38304900806323805 0.92372802134706811 0 -0.92372802134706811 -0.38304900806323805 0 8.9000000000000004
2 -38.5 14 -7 0 0 -1 -0.38304900806323805 0.92372802134706811 0 0.92372802134706811 0.38304900806323805 0 8.9000000000000004
2 -38.5 14 -18 0 0 1 -0.38304900806323805 0.92372802134706811 0 -0.92372802134706811 -0.38304900806323805 0 41.5
2 -38.5 14 -20.5 0 -0 -1 0.38304900806323805 -0.92372802134706811 0 -0.92372802134706811 -0.38304900806323805 0 41.5
2 -38.5 14 -18 0 0 1 -0.38304900806323805 0.92372802134706811 0 -0.92372802134706811 -0.38304900806323805 0 39
2 -38.5 14 -18.2247487444894 0 0 -1 -0.38304900806323805 0.92372802134706811 0 0.92372802134706811 0.38304900806323805 0 39
2 -38.5 14 -20.5 0 0 -1 -0.38304900806323805 0.92372802134706811 0 0.92372802134706811 0.38304900806323805 0 14.8823366915877
2 -38.5 14 -7 0 0 1 -0.38304900806323805 0.92372802134706811 0 -0.92372802134706811 -0.38304900806323805 0 7.5
2 -38.5 14 -33 0 0 -1 0 1 0 1 -0 0 6.2000000000000002
2 -38.5 8.3000000000000007 -33 1 1.22464679914735e-16 0 1.22464679914735e-16 -1 0 0 0 -1 0.5
2 -38.5 14 -33.5 0 0 -1 0 1 0 1 -0 0 5.7000000000000002
2 -38.5 19.699999999999999 -33 -1 0 0 0 1 0 0 0 -1 0.5
2 -38.5 20.699999999999999 -33 -1 0 0 0 1 0 0 0 -1 0.5
2 -38.5 14 -32.5 0 -0 1 0 1 0 -1 0 0 6.7000000000000002
2 -38.5 7.2999999999999998 -33 1 1.22464679914735e-16 0 1.22464679914735e-16 -1 0 0 0 -1 0.5
2 -38.5 14 -33 0 0 -1 0 1 0 1 -0 0 6.2000000000000002
2 -38.5 14 -26 0 0 -1 0 1 0 1 -0 0 6.5447839840064601
2 -38.5 7.4552160159935301 -28 1 1.22464679914735e-16 0 1.22464679914735e-16 -1 0 0 0 -1 2
7 0 0  3 16 8  -38.5 6.5999999999999996 -26.1920714709956  -38.079548738875403 6.5999999996972996 -26.192071470803899  -37.6602111210834 6.5999999999999899 -26.2078173467889  -36.824734761309699 6.5999999999999996 -26.284538212322701  -36.406096102322302 6.5999999999999996 -26.3455857986654  -35.798695151006697 6.5999999999999996 -26.504425486788001  -35.599412859425399 6.5999999999999996 -26.568731450401199  -35.210790209027103 6.5999999999999996 -26.732805015137799  -35.023758198381699 6.5999999999999996 -26.831507879873101  -34.681305040966599 6.5999999999999996 -27.078589725844701  -34.527572464891897 6.5999999999999996 -27.225556519552001  -34.354718382175399 6.5999999999999996 -27.493307726484101  -34.308616335882903 6.5999999999999996 -27.587846984138601  -34.244445096490701 6.5999999999999996 -27.789799930363401  -34.2276080079968 6.5999999999999996 -27.894931215490299  -34.2276080079968 6.5999999999999996 -28 
 1.35242707143939e-14 4 0.00125821081559656 2 0.00251642163117959 2 0.0031455270389711102 2 0.0037746324467626199 2 0.0044037378545541397 2 0.0047182905584499 2 0.0050328432623456603 4
7 0 0  3 30 15  -34.2276080079968 6.5999999999999996 -28  -34.2276080079968 6.5999999999999899 -27.785434953927801  -34.191987499846697 6.6616965299073598 -27.578481778305601  -34.1049548572853 6.8124414887407596 -27.310928828039099  -34.070602856779097 6.8719408989591102 -27.2287604871313  -33.9958977681721 7.0013339080102703 -27.079949828663398  -33.955165463904102 7.0718843285117998 -27.012337755148199  -33.8252447726545 7.2969135667105398 -26.826293113892401  -33.732064959411602 7.4583057374871604 -26.728939355652098  -33.537874409254698 7.7946536367086203 -26.566046815300101  -33.436359823063398 7.9704820577012301 -26.5009579764337  -33.1316501746673 8.4982546502797796 -26.343086793744  -32.925289454481799 8.8556819023275199 -26.2836397938974  -32.509546822294801 9.5757692641478709 -26.207705717072699  -32.2995099038055 9.9395638784365694 -26.1919936010231  -31.880397431540899 10.6654879744846 -26.192149884772899  -31.6714829758773 11.0273384261295 -26.207887794244598  -31.2554899530071 11.747859477335 -26.284160218838899  -31.047374081706302 12.108326740289399 -26.344299102257501  -30.7414348790034 12.6382289833979 -26.503954848206501  -30.6411335132413 12.811956044966401 -26.568701933287699  -30.446551263959901 13.148982386972801 -26.733037864913999  -30.353798092044102 13.3096355932941 -26.830960997850401  -30.182834005949601 13.605754076679499 -27.077296044653401  -30.105000140266 13.7405662865929 -27.226270637235299  -30.019009702356001 13.889506094018101 -27.492518781914999  -29.996070907516401 13.9292372521447 -27.5864172529947  -29.9640148606086 13.9847599540789 -27.786646035106699  -29.9552160159922 14.0000000000023 -27.893198332197599  -29.9552160159935 14 -28 
 1.96976683346949e-07 4 0.00063417278739694302 2 0.00095116069275374103 2 0.00126814859811054 2 0.00190212440882413 2 0.0025361002195377299 2 0.0038040518409649198 2 0.0050720034623921197 2 0.0063399550838193104 2 0.0076079067052465003 2 0.0082418825159601 2 0.0088758583266736902 2 0.0095098341373872908 2 0.0098268220427440902 2 0.0101438099481009 4
7 0 0  3 30 15  -29.9552160159935 14 -28  -29.9552160159935 14 -27.785434953927801  -29.990836524143599 14.061696529907399 -27.578481778305601  -30.077869166705099 14.212441488740801 -27.310928828039099  -30.112221167211299 14.2719408989591 -27.2287604871313  -30.1869262558182 14.401333908010299 -27.079949828663398  -30.227658560086201 14.4718843285118 -27.012337755148199  -30.3575792513358 14.696913566710499 -26.826293113892401  -30.450759064578801 14.8583057374872 -26.728939355652201  -30.644949614735602 15.194653636708599 -26.566046815300101  -30.746464200926901 15.370482057701199 -26.5009579764337  -31.051173849323 15.898254650279799 -26.343086793744  -31.257534569508501 16.255681902327499 -26.2836397938974  -31.673277201695502 16.9757692641479 -26.207705717072699  -31.883314120184899 17.3395638784366 -26.1919936010231  -32.3024265924494 18.065487974484601 -26.192149884772899  -32.511341048113003 18.427338426129499 -26.207887794244598  -32.927334070983299 19.147859477335 -26.284160218838899  -33.135449942283998 19.508326740289402 -26.344299102257501  -33.4413891449869 20.0382289833979 -26.503954848206501  -33.541690510749 20.211956044966399 -26.568701933287699  -33.736272760030403 20.548982386972799 -26.733037864913999  -33.829025931946198 20.709635593294099 -26.830960997850401  -33.999990018040798 21.005754076679501 -27.077296044653401  -34.077823883724299 21.1405662865929 -27.226270637235299  -34.163814321634298 21.289506094018101 -27.492518781914999  -34.186753116473902 21.329237252144701 -27.5864172529947  -34.218809163381799 21.384759954078898 -27.786646035106699  -34.2276080079981 21.400000000002301 -27.893198332197599  -34.2276080079968 21.399999999999999 -28 
 1.9697668334664301e-07 4 0.00063417278739693998 2 0.00095116069275373702 2 0.00126814859811053 2 0.00190212440882413 2 0.0025361002195377199 2 0.0038040518409649198 2 0.0050720034623921101 2 0.0063399550838193 2 0.0076079067052464899 2 0.0082418825159600896 2 0.0088758583266736798 2 0.0095098341373872804 2 0.0098268220427440798 2 0.0101438099481009 4
7 0 0  3 20 10  -34.2276080079968 21.399999999999999 -28  -34.227608007995698 21.399999999999999 -27.894194770465401  -34.244865861476697 21.399999999999999 -27.787905931870899  -34.309279925655602 21.399999999999999 -27.586338116186099  -34.356755950318501 21.399999999999999 -27.489688571497901  -34.471423739695197 21.399999999999999 -27.313008341450399  -34.539971673171998 21.399999999999999 -27.230593939669301  -34.689542449881301 21.399999999999999 -27.081240486468701  -34.770361422058897 21.399999999999999 -27.0141065141373  -35.026597170347998 21.399999999999999 -26.829929905534101  -35.215769041891903 21.399999999999999 -26.730446299695899  -35.601938288873697 21.399999999999999 -26.5679269633664  -35.801485240331203 21.399999999999999 -26.503523557926702  -36.413082532667303 21.399999999999999 -26.344108766943201  -36.828901164437603 21.399999999999999 -26.2840520876141  -37.453339213158003 21.399999999999999 -26.226866437598101  -37.662055932072803 21.399999999999999 -26.213627766641501  -38.0803790018713 21.399999999999999 -26.1962278587858  -38.288457867653001 21.399999999999999 -26.1920714709956  -38.5 21.399999999999999 -26.1920714709956 
 0.015158334229373601 4 0.0154748567653751 2 0.015791379301376599 2 0.016107901837378098 2 0.016424424373379501 2 0.0170574694453825 2 0.017690514517385399 2 0.018956604661391301 2 0.019589649733394301 2 0.0202226948053973 4
2 -38.5 20.5447839840065 -28 -1 0 0 0 1 0 0 0 -1 2
1 -38.5 9 -33.5 0 0 1 
2 -38.5 14 -26 0 0 -1 0 1 0 1 -0 0 5
1 -38.5 19 -33.5 0 0 1 
2 -38.5 14 -33.5 0 0 -1 0 1 0 1 -0 0 5
7 0 0  3 8 4  -31.3559248664038 16.426098895521999 -32.5  -31.104874515554101 15.991266932592399 -32.444531559981698  -30.857252353956198 15.5623727676247 -32.356906617710301  -30.4963024274826 14.9371891559841 -32.127135434679701  -30.378417490366701 14.733006455452299 -32.033732995813899  -30.1562584491362 14.3482157086803 -31.8046769595081  -30.051048725300699 14.1659871215469 -31.669128545956202  -29.9552160159935 14 -31.5 
 1.81367282050289e-06 4 0.00150970144921715 2 0.00226364533741547 2 0.00301758922561379 4
1 -34.2276080079968 21.399999999999999 -32.5 0.49999999999999983 -0.86602540378443871 0 
7 0 0  3 8 4  -34.2276080079968 21.399999999999999 -31.5  -34.131749210587799 21.233967692535298 -31.6691745870496  -34.026552050113601 21.051760865781901 -31.8046848174445  -33.804492018081 20.667141607971001 -32.033650942177303  -33.686762251574898 20.463227670819201 -32.126963040363201  -33.325655064684497 19.837771676146801 -32.356891885202899  -33.0779768739853 19.408780465929201 -32.444525513687402  -32.826899157586503 18.973901104477999 -32.5 
 2.9519504444443201e-07 4 0.00074944850777625702 2 0.0014986018205080699 2 0.0029969084459716901 4
1 -34.2276080079968 21.399999999999999 -33.5 -0 -0 1 
1 -29.9552160159935 14 -33.5 -0 -0 1 
7 0 0  3 8 4  -32.826899157586503 9.0260988955219705 -32.5  -33.077949508436198 8.5912669325923492 -32.444531559981698  -33.325571670034101 8.1623727676246993 -32.356906617710301  -33.686521596507703 7.5371891559841302 -32.127135434679602  -33.804406533623698 7.3330064554522796 -32.033732995813899  -34.026565574854096 6.94821570868032 -31.8046769595081  -34.131775298689703 6.7659871215469103 -31.669128545956202  -34.2276080079968 6.5999999999999996 -31.5 
 1.8136728205927801e-06 4 0.00150970144921723 2 0.0022636453374155498 2 0.0030175892256138698 4
1 -29.9552160159935 14 -32.5 -0.50000000000000033 -0.86602540378443837 -0 
7 0 0  3 8 4  -29.9552160159935 14 -31.5  -30.051074813402501 13.8339676925353 -31.6691745870496  -30.156271973876699 13.651760865781901 -31.8046848174445  -30.3783320059093 13.267141607971 -32.033650942177303  -30.496061772415501 13.063227670819201 -32.126963040363201  -30.857168959305898 12.4377716761468 -32.356891885202899  -31.104847150005 12.008780465929201 -32.444525513687402  -31.3559248664038 11.573901104478001 -32.5 
 2.95195044437944e-07 4 0.00074944850777625095 2 0.0014986018205080599 2 0.0029969084459716901 4
1 -34.2276080079968 6.5999999999999996 -33.5 -0 -0 1 
7 0 0  3 10 5  -39.970974291182699 6.5999999999999996 -32.5  -40.219575700503498 6.5999999999999996 -32.472536321270397  -40.467199771488502 6.5999999999999996 -32.436614639275597  -40.959710443634698 6.5999999999999996 -32.341080882861199  -41.206151659825998 6.5999999999999996 -32.281058068058002  -41.687169738768098 6.5999999999999996 -32.128253875892398  -41.920510310456201 6.5999999999999996 -32.0361649148604  -42.366617072112398 6.5999999999999996 -31.806963766463198  -42.582556289929101 6.5999999999999996 -31.6675139756275  -42.7723919920032 6.5999999999999899 -31.5 
 0.00147000222480712 4 0.00222033419732109 2 0.0029706661698350599 2 0.0037209981423490298 2 0.0044713301148629897 4
1 -34.2276080079968 6.5999999999999996 -32.5 -1 1.0150774315791599e-16 0 
7 0 0  3 10 5  -34.2276080079968 6.5999999999999996 -31.5  -34.322311774613098 6.5999999999999996 -31.5835680763917  -34.424449986430403 6.5999999999999996 -31.660863947688799  -34.634935304990499 6.5999999999999996 -31.800634473516801  -34.743747111759397 6.5999999999999996 -31.8636243196575  -35.078820613847 6.5999999999999996 -32.035905510458399  -35.315190342151702 6.5999999999999996 -32.129129567046903  -36.037117271269103 6.5999999999999996 -32.358082989101597  -36.530223944581699 6.5999999999999996 -32.444896002640803  -37.029025708817301 6.5999999999999996 -32.5 
 0.019365723593035102 4 0.019741805588077699 2 0.0201178875831203 2 0.0208700515732054 2 0.022374379553375699 4
7 0 0  3 20 10  -42.7723919920032 6.5999999999999899 -28  -42.772391992004302 6.5999999999999996 -27.8941947704641  -42.755134138522898 6.5999999999999996 -27.787905931868401  -42.690720074342501 6.5999999999999996 -27.586338116181398  -42.6432440496786 6.5999999999999996 -27.489688571492302  -42.528576260299502 6.5999999999999996 -27.313008341443201  -42.460028326821302 6.5999999999999996 -27.230593939661599  -42.310457550109199 6.5999999999999996 -27.081240486460199  -42.229638577930302 6.5999999999999996 -27.014106514128599  -41.973402829636697 6.5999999999999996 -26.8299299055248  -41.784230958089999 6.5999999999999996 -26.7304462996869  -41.398061711102599 6.5999999999999996 -26.567926963357898  -41.198514759642201 6.5999999999999996 -26.503523557918601  -40.586917467297503 6.5999999999999996 -26.3441087669365  -40.1710988355225 6.5999999999999996 -26.2840520876087  -39.546660786794597 6.5999999999999996 -26.226866437594602  -39.337944067877203 6.5999999999999996 -26.213627766638599  -38.919620998073697 6.5999999999999996 -26.196227858784301  -38.711542132353003 6.5999999996972898 -26.192071470803899  -38.5 6.5999999999999996 -26.1920714709956 
 0.015158334229508101 4 0.0154748567655163 2 0.0157913793015244 2 0.0161079018375326 2 0.016424424373540799 2 0.0170574694455571 2 0.017690514517573499 2 0.018956604661606199 2 0.0195896497336225 2 0.020222694805638899 4
1 -42.7723919920032 6.5999999999999996 -33.5 -0 -0 1 
7 0 0  3 8 4  -45.644075133596203 11.573901104478001 -32.5  -45.895125484445899 12.008733067407601 -32.444531559981698  -46.142747646043802 12.4376272323753 -32.356906617710301  -46.503697572517403 13.0628108440159 -32.127135434679701  -46.621582509633399 13.266993544547701 -32.033732995813899  -46.843741550863797 13.6517842913197 -31.8046769595081  -46.948951274699297 13.8340128784531 -31.669128545956202  -47.0447839840065 14 -31.5 
 1.81367282058351e-06 4 0.00150970144921723 2 0.0022636453374155498 2 0.0030175892256138698 4
1 -42.7723919920032 6.5999999999999996 -32.5 -0.49999999999999983 0.86602540378443871 0 
7 0 0  3 8 4  -42.7723919920032 6.5999999999999899 -31.5  -42.868250789412201 6.7660323074647097 -31.6691745870496  -42.973447949886399 6.9482391342180501 -31.8046848174445  -43.195507981919 7.3328583920289603 -32.033650942177303  -43.313237748425202 7.5367723291807698 -32.126963040363201  -43.674344935315602 8.1622283238532294 -32.356891885202899  -43.9220231260147 8.5912195340708095 -32.444525513687402  -44.173100842413497 9.0260988955219705 -32.5 
 2.9519504443729099e-07 4 0.00074944850777625301 2 0.0014986018205080699 2 0.0029969084459717001 4
7 0 0  3 30 15  -47.0447839840065 14 -28  -47.0447839840065 14 -27.785434953927801  -47.009163475856397 13.938303470092601 -27.578481778305601  -46.922130833294901 13.787558511259199 -27.310928828039099  -46.887778832788797 13.7280591010409 -27.2287604871313  -46.8130737441818 13.598666091989701 -27.079949828663398  -46.772341439913802 13.5281156714882 -27.012337755148199  -46.6424207486642 13.303086433289501 -26.826293113892401  -46.549240935421302 13.1416942625128 -26.728939355652201  -46.355050385264398 12.805346363291401 -26.566046815300101  -46.253535799073099 12.629517942298801 -26.5009579764337  -45.948826150677 12.101745349720201 -26.343086793744  -45.742465430491499 11.744318097672499 -26.2836397938974  -45.326722798304502 11.0242307358521 -26.207705717072699  -45.116685879815201 10.6604361215634 -26.1919936010231  -44.6975734075506 9.9345120255154296 -26.192149884772899  -44.488658951886997 9.5726615738704695 -26.207887794244598  -44.072665929016701 8.8521405226649996 -26.284160218838899  -43.864550057716002 8.4916732597106197 -26.344299102257501  -43.5586108550131 7.9617710166020403 -26.503954848206501  -43.458309489251 7.7880439550336096 -26.568701933287699  -43.263727239969597 7.4510176130272301 -26.733037864913999  -43.170974068053802 7.2903644067058604 -26.830960997850401  -43.000009981959202 6.9942459233205003 -27.077296044653401  -42.922176116275701 6.8594337134070997 -27.226270637235299  -42.836185678365702 6.7104939059819202 -27.492518781914999  -42.813246883526098 6.6707627478553198 -27.5864172529947  -42.781190836618201 6.6152400459210901 -27.786646035106699  -42.7723919920019 6.5999999999977401 -27.893198332197599  -42.7723919920032 6.5999999999999899 -28 
 1.96976683347079e-07 4 0.00063417278739693998 2 0.00095116069275373799 2 0.00126814859811054 2 0.00190212440882413 2 0.0025361002195377299 2 0.0038040518409649198 2 0.0050720034623921101 2 0.0063399550838193 2 0.0076079067052464899 2 0.0082418825159600896 2 0.0088758583266736798 2 0.0095098341373872804 2 0.0098268220427440798 2 0.0101438099481009 4
1 -47.0447839840065 14 -33.5 -0 -0 1 
7 0 0  3 8 4  -44.173100842413497 18.973901104477999 -32.5  -43.922050491563802 19.408733067407699 -32.444531559981698  -43.674428329965899 19.837627232375301 -32.356906617710301  -43.313478403492297 20.462810844015898 -32.127135434679701  -43.195593466376302 20.666993544547701 -32.033732995813899  -42.973434425145904 21.051784291319699 -31.8046769595081  -42.868224701310403 21.2340128784531 -31.669128545956202  -42.7723919920032 21.399999999999999 -31.5 
 1.8136728205998001e-06 4 0.00150970144921723 2 0.0022636453374155498 2 0.0030175892256138598 4
1 -47.0447839840065 14 -32.5 0.49999999999999983 0.86602540378443871 0 
7 0 0  3 8 4  -47.0447839840065 14 -31.5  -46.948925186597499 14.1660323074647 -31.6691745870496  -46.843728026123301 14.348239134218 -31.8046848174445  -46.6216679940907 14.732858392029 -32.033650942177303  -46.503938227584598 14.936772329180799 -32.126963040363201  -46.142831040694197 15.5622283238532 -32.356891885202899  -45.895152849995 15.991219534070799 -32.444525513687402  -45.644075133596203 16.426098895521999 -32.5 
 2.9519504444021802e-07 4 0.00074944850777624802 2 0.0014986018205080599 2 0.0029969084459716801 4
7 0 0  3 30 15  -42.7723919920032 21.399999999999999 -28  -42.7723919920032 21.399999999999999 -27.785434953927801  -42.808012500153303 21.338303470092601 -27.578481778305601  -42.8950451427148 21.187558511259201 -27.310928828039099  -42.929397143220903 21.1280591010409 -27.2287604871313  -43.0041022318279 20.998666091989701 -27.079949828663398  -43.044834536095898 20.9281156714882 -27.012337755148199  -43.1747552273455 20.703086433289499 -26.826293113892401  -43.267935040588497 20.541694262512799 -26.728939355652098  -43.462125590745302 20.205346363291401 -26.566046815300101  -43.563640176936602 20.029517942298799 -26.5009579764337  -43.8683498253327 19.501745349720199 -26.343086793744  -44.074710545518201 19.1443180976725 -26.2836397938974  -44.490453177705199 18.424230735852099 -26.207705717072699  -44.7004900961945 18.060436121563399 -26.1919936010231  -45.119602568459101 17.334512025515401 -26.192149884772899  -45.328517024122696 16.9726615738705 -26.207887794244598  -45.744510046993 16.252140522665002 -26.284160218838899  -45.952625918293698 15.891673259710601 -26.344299102257501  -46.2585651209966 15.361771016602001 -26.503954848206501  -46.3588664867587 15.188043955033599 -26.568701933287699  -46.553448736040103 14.851017613027199 -26.733037864913999  -46.646201907955898 14.6903644067059 -26.830960997850401  -46.817165994050498 14.394245923320501 -27.077296044653401  -46.894999859734 14.2594337134071 -27.226270637235299  -46.980990297643999 14.110493905981899 -27.492518781914999  -47.003929092483602 14.0707627478553 -27.5864172529947  -47.035985139391499 14.0152400459211 -27.786646035106699  -47.0447839840078 13.9999999999977 -27.893198332197599  -47.0447839840065 14 -28 
 1.9697668334793299e-07 4 0.00063417278739694703 2 0.00095116069275374699 2 0.00126814859811055 2 0.00190212440882414 2 0.0025361002195377399 2 0.0038040518409649302 2 0.0050720034623921197 2 0.00633995508381932 2 0.0076079067052465098 2 0.0082418825159601104 2 0.0088758583266737006 2 0.0095098341373872994 2 0.0098268220427441006 2 0.0101438099481009 4
1 -42.7723919920032 21.399999999999999 -33.5 -0 -0 1 
7 0 0  3 10 5  -37.029025708817301 21.399999999999999 -32.5  -36.780424299496502 21.399999999999999 -32.472536321270397  -36.532800228511498 21.399999999999999 -32.436614639275597  -36.040289556365302 21.399999999999999 -32.341080882861199  -35.793848340174002 21.399999999999999 -32.281058068058002  -35.312830261231902 21.399999999999999 -32.128253875892398  -35.079489689543799 21.399999999999999 -32.0361649148604  -34.633382927887602 21.399999999999999 -31.806963766463198  -34.417443710070899 21.399999999999999 -31.6675139756275  -34.2276080079968 21.399999999999999 -31.5 
 0.0014700022248071299 4 0.0022203341973211 2 0.0029706661698350599 2 0.0037209981423490298 2 0.0044713301148630001 4
1 -42.7723919920032 21.399999999999999 -32.5 1 -1.0150774315791599e-16 0 
7 0 0  3 10 5  -42.7723919920032 21.399999999999999 -31.5  -42.677688225386902 21.399999999999999 -31.5835680763917  -42.575550013569597 21.399999999999999 -31.660863947688799  -42.365064695009501 21.399999999999999 -31.800634473516801  -42.256252888240702 21.399999999999999 -31.8636243196575  -41.921179386153 21.399999999999999 -32.035905510458399  -41.684809657848298 21.399999999999999 -32.129129567046903  -40.962882728730897 21.399999999999999 -32.358082989101597  -40.4697760554184 21.399999999999999 -32.444896002640803  -39.970974291182699 21.399999999999999 -32.5 
 0.019365723593035102 4 0.019741805588077699 2 0.0201178875831203 2 0.0208700515732054 2 0.022374379553375699 4
7 0 0  3 16 8  -38.5 21.399999999999999 -26.1920714709956  -38.920451261119197 21.399999999999999 -26.1920714709956  -39.339788878907498 21.399999999999999 -26.207817346788499  -40.1752652386782 21.399999999999999 -26.284538212321198  -40.593903897667801 21.399999999999999 -26.3455857986635  -41.201304848985799 21.399999999999999 -26.5044254867856  -41.400587140567801 21.399999999999999 -26.568731450398701  -41.789209790967703 21.399999999999999 -26.732805015135199  -41.976241801614002 21.399999999999999 -26.8315078798705  -42.318694959030601 21.399999999999999 -27.0785897258422  -42.472427535106199 21.399999999999999 -27.225556519549698  -42.645281617823798 21.399999999999999 -27.493307726482499  -42.6913836641166 21.399999999999999 -27.5878469841373  -42.7555549035092 21.399999999999999 -27.789799930362701  -42.7723919920033 21.399999999999999 -27.894931215489901  -42.7723919920032 21.399999999999999 -28 
 2.75149804451964e-18 4 0.0012582108155759001 2 0.0025164216311517901 2 0.0031455270389397398 2 0.00377463244672769 2 0.0044037378545156401 2 0.0047182905584096102 2 0.0050328432623035898 4
2 -38.5 14 -32.5 0 0 -1 0 1 0 1 -0 0 7.5447839840064601
2 -38.5 14 -32.5 0 0 -1 0 1 0 1 -0 0 7.5447839840064699
2 -38.5 14 -32.5 0 0 -1 0 1 0 1 -0 0 7.5447839840064699
2 -38.5 14 -32.5 0 0 -1 0 1 0 1 -0 0 7.5447839840064699
2 -38.5 14 -32.5 0 0 -1 0 1 0 1 -0 0 7.5447839840064699
2 -38.5 14 -32.5 0 0 -1 0 1 0 1 -0 0 7.5447839840064699
2 -38.5 14 -32.5 0 -0 1 0 1 0 -1 0 0 6.7000000000000002
2 -38.5 14 -26 0 0 -1 0 1 0 1 -0 0 6.5447839840064601
2 -38.5 14 -26 0 0 -1 0 1 0 1 -0 0 5
2 -38.5 14 -33.5 0 0 -1 0 1 0 1 -0 0 5.7000000000000002
2 -38.5 14 -33.5 0 0 -1 0 1 0 1 -0 0 5
2 -38.5 14 30.5 -0 0 -1 -0.86602540378443849 -0.50000000000000033 0 -0.50000000000000033 0.86602540378443849 0 6.2376043070340099
2 -36.111239828826697 15.3791513278564 15.0620950460362 -0.500000000000001 0.86602540378443804 0 0.86602540378443804 0.500000000000001 0 0 0 -1 15.825120832034999
7 0 0  3 10 5  -38.5 23.237604307034001 29.5  -37.8390081972424 22.855980511779801 29.671261391085402  -37.175872038988899 22.4731186723028 29.793359601518802  -35.845972016555997 21.7053005363558 29.9543843831072  -35.179215699683098 21.320348597325399 29.9934839897481  -33.8423289939184 20.5484966978761 29.994326574190801  -33.172200185341502 20.161597649852499 29.956105783532699  -31.828220369119101 19.385650541171099 29.7943261388343  -31.160143364255799 18.999936102573798 29.671041562704101  -30.5 18.618802153516999 29.5 
 2.33254409271883e-07 4 0.0023129212804868498 2 0.0046256093065644398 2 0.0069382973326420202 2 0.0092509853587196007 4
7 0 0  3 10 5  -46.5 18.618802153516999 29.5  -45.841453973926903 18.999013878944101 29.670627696211199  -45.177274280619102 19.382478203665599 29.793305859039901  -43.839097073196903 20.155075174594302 29.955100286755201  -43.163256211463299 20.5452720780455 29.994437641472601  -41.809755759047199 21.326715928596201 29.993369058365801  -41.1389857961153 21.713985147259201 29.9531768698183  -39.809780642510702 22.4814021005011 29.7909949020294  -39.151380728805201 22.8615294679134 29.668771184870899  -38.5 23.237604307034001 29.5 
 0.094693892820569503 4 0.097003748277855906 2 0.099313603735142295 2 0.101623459192429 2 0.103933314649715 4
7 0 0  3 10 5  -46.5 9.3811978464829906 29.5  -46.5 10.144445436991401 29.671261391085402  -46.5 10.9101691159455 29.793359601518802  -46.5 12.4458053878394 29.9543843831072  -46.5 13.215709265900299 29.9934839897481  -46.5 14.7594130647988 29.994326574190801  -46.5 15.533211160846101 29.956105783532699  -46.5 17.085105378208901 29.7943261388343  -46.5 17.8565342554033 29.671041562704101  -46.5 18.618802153516999 29.5 
 2.3325440927446899e-07 4 0.0023129212804868602 2 0.0046256093065644398 2 0.0069382973326420298 2 0.0092509853587196093 4
2 -40.888760171173303 12.6208486721436 15.0620950460362 0.50000000000000033 -0.86602540378443849 0 -0 0 1 -0.86602540378443849 -0.50000000000000033 0 15.825120832034999
2 -38.5 14 -29.5 -0 0 -1 -0.86602540378443849 -0.50000000000000033 0 -0.50000000000000033 0.86602540378443849 0 5
1 -42.830127018922198 11.5 -29.5 0 0 1 
2 -38.5 14 26 -0 0 -1 -0.86602540378443849 -0.50000000000000033 0 -0.50000000000000033 0.86602540378443849 0 5
1 -34.169872981077802 16.5 -29.5 0 0 1 
2 -38.5 14 -29.5 -0 0 -1 -0.86602540378443849 -0.50000000000000033 0 -0.50000000000000033 0.86602540378443849 0 5
2 -38.5 14 26 -0 0 -1 -0.86602540378443849 -0.50000000000000033 0 -0.50000000000000033 0.86602540378443849 0 5
1 -38.5 4.7623956929659901 26 -0.86602540378443915 0.49999999999999906 0 
1 -46.5 9.3811978464829906 26 -3.41060513164848e-16 1 0 
1 -46.5 18.618802153516999 26 0.86602540378443837 0.50000000000000033 -0 
1 -38.5 23.237604307034001 26 0.86602540378443915 -0.49999999999999906 -0 
1 -30.5 18.618802153516999 26 1.70530256582424e-16 -1 0 
1 -30.5 9.3811978464829995 26 -0.86602540378443837 -0.50000000000000033 0 
1 -38.5 4.7623956929659901 26 0 0 1 
7 0 0  3 10 5  -38.5 4.7623956929659901 29.5  -39.1609918027576 5.1440194882202102 29.671261391085402  -39.824127961011101 5.5268813276972404 29.793359601518802  -41.154027983444003 6.2946994636441804 29.9543843831072  -41.820784300316902 6.6796514026746303 29.9934839897481  -43.1576710060816 7.4515033021238999 29.994326574190801  -43.827799814658498 7.83840235014753 29.956105783532699  -45.171779630880899 8.6143494588289204 29.7943261388343  -45.839856635744198 9.0000638974261609 29.671041562704101  -46.5 9.3811978464829906 29.5 
 2.3325440927532701e-07 4 0.0023129212804868602 2 0.0046256093065644398 2 0.0069382973326420202 2 0.0092509853587196007 4
1 -46.5 9.3811978464829906 26 0 0 1 
1 -46.5 18.618802153516999 26 0 0 1 
1 -38.5 23.237604307034001 26 0 0 1 
1 -30.5 18.618802153516999 26 0 0 1 
7 0 0  3 10 5  -30.5 18.618802153516999 29.5  -30.5 17.855554563008599 29.671261391085402  -30.5 17.0898308840545 29.793359601518802  -30.5 15.5541946121606 29.9543843831072  -30.5 14.784290734099701 29.9934839897481  -30.5 13.2405869352012 29.994326574190801  -30.5 12.466788839153899 29.956105783532699  -30.5 10.914894621791101 29.7943261388343  -30.5 10.1434657445967 29.671041562704101  -30.5 9.3811978464829995 29.5 
 2.3325440926770199e-07 4 0.0023129212804868498 2 0.0046256093065644398 2 0.0069382973326420202 2 0.0092509853587196007 4
1 -30.5 9.3811978464829995 26 0 0 1 
7 0 0  3 10 5  -30.5 9.3811978464829995 29.5  -31.158546028921201 9.0009861194115892 29.670627696949101  -31.822725725095001 8.61752179303536 29.793305860095899  -33.160902938273203 7.8449248187835199 29.955100287776901  -33.836743742052199 7.4547279487923799 29.994437639985701  -35.190244210479499 6.6732840889976002 29.993369059913501  -35.861014180614703 6.2860148661756803 29.953176871945701  -37.190219347066403 5.5185979055165602 29.790994904013001  -37.848619266408598 5.1384705348499002 29.668771186111002  -38.5 4.7623956929659901 29.5 
 0.094693893178915398 4 0.097003748655260694 2 0.099313604131606004 2 0.10162345960795099 2 0.103933315084297 4
2 -38.5 14 30.5 -0 0 -1 -0.86602540378443849 -0.50000000000000033 0 -0.50000000000000033 0.86602540378443849 0 6.2376043070340099
Polygon3D 0
PolygonOnTriangulations 0
Surfaces 253
2 0 113 0 0 1 0 0 0 -1 -1 0 0 12.5
1 0 113 0 -0 1 0 1 0 0 0 0 -1 
2 0 113 0 0 1 0 0 0 -1 -1 0 0 12.5
1 0 98 0 -0 1 0 1 0 0 0 0 -1 
9 1 1 0 0 3 2 10 3 5 2 -30.9563806126347 92.390651262862207 0  1 -30 92.432407742189298 0  0.72236396205975795 -30 93.389699484443994 0  1 
-30.956380612633399 92.390651262862207 -2.1595754345061202  1 -30.000000000015 92.432407742219198 -2.0928235427363999  0.72236410220529601 -30 93.389699484473994 -2.0899117108123901  1 
-30.729903338103401 92.400539474215606 -4.3190194914331101  1 -29.7800803695899 92.442009640599693 -4.1861369337744803  0.72225369908658699 -29.780828444000701 93.399587695795901 -4.1796962820320296  1 
-29.833821490462601 92.439663252606806 -8.5441299670620001  1 -28.910536240954698 92.479974757191101 -8.2802909772560405  0.721817135958849 -28.913652462415499 93.4387114741902 -8.2685128713503406  1 
-29.164245347067901 92.468897578376399 -10.609630905787199  1 -28.260436299439501 92.508358733601099 -10.2821013669564  0.72149084566787502 -28.265675549454802 93.467945799954606 -10.267384747538401  1 
-27.411076717182599 92.545442573834904 -14.556898437146801  1 -26.5594684012461 92.582624595901393 -14.1059943898162  0.72063556584583699 -26.569060746333498 93.544490795420401 -14.087321068204201  1 
-26.3275398529263 92.592750815004393 -16.438539796033002  1 -25.507731644950201 92.628544414375796 -15.9287888538625  0.72010659605719496 -25.520476684148399 93.591799036599795 -15.9082643187394  1 
-23.793577611453799 92.703385995761707 -19.936189945458501  1 -23.049880643599099 92.735856506609395 -19.315512048908701  0.71886769970474795 -23.0682551601524 93.702434217329994 -19.293087043994301  1 
-22.343256163900001 92.766708397682393 -21.5520664987007  1 -21.6426769154649 92.797296348207396 -20.879705968324998  0.71815791488611702 -21.664718289527901 93.765756618604797 -20.856838534367501  1 
-20.740990303461199 92.836664835939303 -23  1 -20.090809586326198 92.865052339110306 -22.279146277195299  0.71737213024164703 -20.114138410477299 93.835713057521104 -22.258064516129  1 

-0 4
0.208988129388823 2
0.41797625877764699 2
0.62696438816647004 2
0.83595251755529298 4

0 3
1 3

9 1 1 0 0 3 2 6 3 3 2 -18.1013588681827 93.536942784756405 -23.923645356117099  1 -18.234504317171101 92.877165287757904 -23.822903453370699  0.82670521757087501 -18.665362370589399 92.635104118212396 -24.290825150990798  1 
-18.443564579476899 93.6491560790774 -23.6647220902573  1 -18.566324322819401 92.940446297613093 -23.568781256109901  0.80983897577381403 -19.017598721611002 92.715468349986807 -24.090151366987001  1 
-18.782620036539502 93.729980679944404 -23.396639270342199  1 -18.885239938326499 92.969124316879203 -23.3134521745353  0.79232576799575904 -19.3668943472201 92.772304983157198 -23.8823954345097  1 
-19.453642546071599 93.830664926124797 -22.841745473435498  1 -19.505775426248601 92.966110042230099 -22.7968810866418  0.75592216601094198 -20.0588575526195 92.840311945730093 -23.452352741917998  1 
-19.785652584702898 93.850533122571704 -22.554910154289399  1 -19.807750949443999 92.931275596509906 -22.5343314675277  0.73703246314362203 -20.401554808815099 92.851484909692104 -23.230055465243801  1 
-20.114138410477299 93.835713057521104 -22.258064516129  1 -20.090809586326301 92.865052339110306 -22.279146277195299  0.71737213024165303 -20.740990303461199 92.836664835939303 -23  1 

0 4
0.0013580609265622201 2
0.0027161218531244302 4

0 3
1 3

2 0 98 0 0 1 0 0 0 -1 -1 0 0 30
9 1 1 0 0 3 2 10 3 5 2 -20.740990303461199 92.836664835939303 23  1 -20.090809586326198 92.865052339110306 22.279146277195299  0.71737213024164703 -20.114138410477299 93.835713057521104 22.258064516129  1 
-22.3432561639016 92.766708397682294 21.552066498705599  1 -21.642676915471299 92.797296348206601 20.879705968339  0.71815791488692904 -21.664718289526402 93.765756618603902 20.856838534368801  1 
-23.7935776114562 92.703385995761593 19.936189945456999  1 -23.0498806436004 92.7358565066247 19.315512048909699  0.71886769970366604 -23.068255160154202 93.7024342173452 19.293087043991701  1 
-26.327539852923799 92.592750815004607 16.4385397960346  1 -25.5077316449451 92.628544414360704 15.9287888538668  0.72010659605827598 -25.520476684146399 93.591799036584703 15.9082643187421  1 
-27.411076717181899 92.545442573834904 14.556898437145501  1 -26.559468401245098 92.582624595901294 14.105994389817701  0.72063556584559896 -26.569060746333001 93.544490795420302 14.087321068205201  1 
-29.164245347068601 92.468897578376399 10.6096309057883  1 -28.260436299440101 92.508358733601298 10.282101366956001  0.72149084566811295 -28.265675549455299 93.467945799954705 10.2673847475372  1 
-29.833821490460998 92.439663252606806 8.5441299670618598  1 -28.910536240944101 92.479974757176294 8.2802909772631494  0.721817135956211 -28.913652462415101 93.4387114741902 8.2685128713519394  1 
-30.729903338104901 92.400539474215506 4.3190194914334201  1 -29.780080369597201 92.442009640614799 4.1861369337824801  0.72225369908922499 -29.780828444000999 93.399587695795802 4.1796962820305801  1 
-30.956380612633399 92.390651262862207 2.15957543450586  1 -30.000000000015 92.432407742219198 2.0928235427417201  0.72236410220331504 -30 93.389699484473994 2.08991171081344  1 
-30.9563806126347 92.390651262862207 5.5067062021407802e-14  1 -30 92.432407742189298 5.3364950254507099e-14  0.72236396205975795 -30 93.389699484443994 5.3290705182007501e-14  1 

5.44723278962429 4
5.6562209190131201 2
5.8652090484019404 2
6.0741971777907597 2
6.2831853071795898 4

0 3
1 3

1 -52 91.471866998201804 26 0.043619387365343223 -0.99904822158185747 0 0 0 -1 0.99904822158185747 0.043619387365343223 0 
5 0 94.5 0 0 1 0 0 -0 1 1 0 -0 26.5 3.5
2 0 98 0 0 1 0 0 0 -1 -1 0 0 30
5 0 94.5 0 0 1 0 0 -0 1 1 0 -0 26.5 3.5
2 -38.5 14 -30 0 0 -1 1 0 0 0 -1 0 5
2 -38.5 14 -30 0 0 -1 1 0 0 0 -1 0 5
1 0 0 26 0 0 1 1 0 -0 -0 1 0 
1 0 0 23 0 0 1 1 0 -0 -0 1 0 
2 -38.5 14 -30 0 0 -1 1 0 0 0 -1 0 5
2 -38.5 14 -30 0 0 -1 1 0 0 0 -1 0 5
1 0 0 -23 0 0 1 1 0 -0 -0 1 0 
1 0 0 -26 0 0 1 1 0 -0 -0 1 0 
2 0 98 0 0 1 0 0 0 -1 -1 0 0 27
2 0 98 0 0 1 0 0 0 -1 -1 0 0 27
1 -24.311681453573499 -7.3298584710750303 -30 -0.86193421515776947 0.50702012656339368 0 0 0 1 0.50702012656339379 0.86193421515776958 -0 
2 -17.888543819998301 98 -38 0 1 0 0 0 -1 -1 0 0 15
9 1 1 0 0 3 2 6 3 3 2 -11.463973859273301 89.256597566101505 -24.445484117101401  1 -11.4989382743926 90.237323486448005 -24.428911682275199  0.71368143700516296 -11.0792885825903 90.255645787683406 -23.5418497249082  1 
-12.463899184663999 89.210029371381594 -23.971539472823999  1 -12.5028443115414 90.193492002257599 -23.956243600257501  0.71266295976420801 -12.145875614542099 90.209077592174395 -23.036308762379601  1 
-13.5164042134488 89.161012451948594 -23.6087239974173  1 -13.5577133125682 90.147435427041998 -23.596247426849501  0.71158852008496998 -13.2685476270445 90.160060673531504 -22.649305597245899  1 
-15.675508902433601 89.060459335620806 -23.122940271165401  1 -15.719809211552199 90.053036281439304 -23.116165223707199  0.70937925525772805 -15.571592628627601 90.059507557201599 -22.131136289242299  1 
-16.781984048502601 89.008928937557997 -23  1 -16.827244347138301 90.004684619199296 -22.9967873485841  0.708244472180378 -16.751832784435202 90.007977159140594 -22.000000000002  1 
-17.888543819998301 88.957394598350106 -23  1 -17.932163207363701 89.956442819931894 -23  0.70710678118654802 -17.932163207363701 89.956442819931894 -22  1 

4.2697731698650196 4
4.4910810751248604 2
4.7123889803846897 4

0 3
1 3

1 -13.638757979696599 90 26 0 -1 0 0 0 -1 1 0 0 
1 -51.869141837904003 88.474722333456299 26 0.043619387365343223 -0.99904822158185747 0 0 0 -1 0.99904822158185747 0.043619387365343223 0 
1 -13.638757979696599 90 26 0 -1 0 0 0 -1 1 0 0 
9 1 1 0 0 3 2 6 3 3 2 -17.888543819998301 88.957394598350106 23  1 -17.932163207363701 89.956442819931894 23  0.70710678118654802 -17.932163207363701 89.956442819931894 22  1 
-16.781984048503801 89.008928937558096 23  1 -16.827244347137398 90.004684619199494 22.996787348584  0.70824447217974495 -16.751832784435901 90.007977159140495 22.000000000002  1 
-15.675508902432 89.060459335620493 23.122940271165799  1 -15.7198092115504 90.053036281430806 23.116165223707799  0.70937925525857204 -15.5715926286266 90.059507557201698 22.131136289244601  1 
-13.5164042134504 89.161012451949006 23.608723997416899  1 -13.557713312567399 90.147435427050496 23.596247426849398  0.71158852008412499 -13.2685476270455 90.160060673531504 22.6493055972437  1 
-12.463899184662999 89.210029371381793 23.971539472824499  1 -12.502844311540899 90.193492002257898 23.9562436002591  0.71266295976484095 -12.1458756145409 90.209077592174395 23.036308762380202  1 
-11.463973859273301 89.256597566101505 24.445484117101401  1 -11.4989382743926 90.237323486448005 24.428911682275199  0.71368143700516296 -11.0792885825903 90.255645787683406 23.5418497249082  1 

1.5707963267949001 4
1.79210423205473 2
2.0134121373145701 4

0 3
1 3

2 -17.888543819998301 98 38 0 1 0 0 0 -1 -1 0 0 15
1 0 95 0 -0 1 0 1 0 0 0 0 -1 
1 0 0 0 -0 1 0 1 0 0 0 0 -1 
2 -22.287784217250799 4 0 0 0 -1 1 0 0 0 -1 0 4
2 -48 4 0 0 0 1 -1 0 0 0 -1 0 4
2 -18.547236990991401 98 -41 0 1 0 0 0 -1 -1 0 0 15
9 1 1 0 0 3 2 8 3 4 2 -18.665362370589399 92.635104118212396 -24.290825150990798  1 -18.234504317171201 92.877165287757904 -23.822903453370699  0.826705217570877 -18.1013588681827 93.536942784756306 -23.923645356117099  1 
-18.154436889116599 92.522061958235099 -24.574512402215799  1 -17.7823281562194 92.796255665082896 -24.1691388794166  0.85291850506403 -17.6175404888467 93.378293017491899 -24.289717080597999  1 
-17.641015565794699 92.373282098977299 -24.843094293243698  1 -17.3061919669269 92.659691518631504 -24.5128928402609  0.87701191918630905 -17.139855296490101 93.171594319267498 -24.628288644999198  1 
-16.6054391206034 92.030164349064094 -25.3641389216743  1 -16.348033565104501 92.309334184951794 -25.161315429031401  0.91964307633537201 -16.1884962824093 92.696740135288394 -25.263804726929699  1 
-16.083307148663799 91.835509189242103 -25.616566826302201  1 -15.8606969882405 92.096936368439103 -25.471537876938601  0.93817480079339699 -15.714888851310199 92.428171640379603 -25.560632335268799  1 
-14.503926374753901 91.207772529289102 -26.363555494423402  1 -14.414911444559801 91.4002656553794 -26.333245666073999  0.98360705315002195 -14.290942135328001 91.5634896415079 -26.4004469817462  1 
-13.4323798686577 90.730328053349496 -26.850401639585002  1 -13.383702747775301 90.818535817870099 -26.872421788502901  1.0001718940430999 -13.3361971180975 90.907353967187007 -26.8939119876114  1 
-12.364824660660901 90.253504060730194 -27.3333333333333  1 -12.364824660660901 90.253504060730194 -27.3333333333333  1 -12.364824660660901 90.253504060730194 -27.3333333333333  1 

4.9873299934333196e-18 4
0.0019100850038144201 2
0.0038201700076288302 2
0.00764034001525765 4

0 3
1 3

9 1 1 0 0 3 2 6 3 3 2 -20.114138410477299 93.835713057521104 22.258064516129  1 -20.090809586326301 92.865052339110306 22.279146277195299  0.71737213024165203 -20.740990303461199 92.836664835939303 23  1 
-19.785652584702898 93.850533122571605 22.554910154289399  1 -19.807750949439502 92.931275596510204 22.534331467522701  0.73703246314361703 -20.401554808812399 92.851484909692303 23.230055465239801  1 
-19.453642546071599 93.830664926124797 22.841745473435498  1 -19.505775426248601 92.966110042230099 22.7968810866418  0.75592216601094697 -20.0588575526195 92.840311945730093 23.452352741917998  1 
-18.782620036539502 93.729980679944404 23.396639270342199  1 -18.885239938326599 92.969124316879103 23.3134521745353  0.79232576799576304 -19.3668943472201 92.772304983157099 23.8823954345097  1 
-18.443564579477201 93.649156079076107 23.664722090257001  1 -18.566324322819501 92.940446297612496 23.568781256109901  0.80983897577380903 -19.01759872161 92.715468349987603 24.090151366985499  1 
-18.1013588681827 93.536942784756405 23.923645356117099  1 -18.234504317171101 92.877165287757904 23.822903453370699  0.82670521757087501 -18.665362370589399 92.635104118212396 24.290825150990798  1 

0 4
0.0013580609265622099 2
0.0027161218531244198 4

0 3
1 3

9 1 1 0 0 3 2 8 3 4 2 -18.1013588681827 93.536942784756306 23.923645356117099  1 -18.234504317171201 92.877165287757904 23.822903453370699  0.82670521757087501 -18.665362370589399 92.635104118212396 24.290825150990798  1 
-17.617540488845101 93.378293017504603 24.2897170805992  1 -17.782328156223102 92.796255665083194 24.1691388794186  0.85291850506403299 -18.154436889114201 92.522061958238993 24.574512402207699  1 
-17.139855296488602 93.171594319267498 24.6282886450002  1 -17.3061919669247 92.659691518631504 24.512892840262101  0.87701191918630905 -17.641015565791399 92.373282098977 24.843094293244501  1 
-16.188496282410799 92.696740135288394 25.263804726928701  1 -16.3480335651067 92.309334184951794 25.161315429030299  0.91964307633537201 -16.6054391206068 92.030164349064407 25.364138921673401  1 
-15.7148888513111 92.428171640379603 25.560632335268199  1 -15.8606969882416 92.096936368439103 25.471537876935301  0.93817480079346804 -16.0833071486636 91.835509189243098 25.6165668263016  1 
-14.2909421353261 91.5634896415079 26.4004469817474  1 -14.4149114445576 91.4002656553794 26.333245666080501  0.98360705314987995 -14.5039263747543 91.207772529287098 26.363555494424499  1 
-13.3361971181063 90.907353967173904 26.8939119876074  1 -13.3837027477039 90.818535817855206 26.872421788318398  1.0001718940432101 -13.4323798686645 90.730328053332997 26.8504016395819  1 
-12.364824660660901 90.253504060730194 27.3333333333333  1 -12.364824660660901 90.253504060730194 27.3333333333333  1 -12.364824660660901 90.253504060730194 27.3333333333333  1 

-1.0842021724855e-19 4
0.0019100850038144099 2
0.0038201700076288198 2
0.0076403400152576396 4

0 3
1 3

2 -18.547236990991401 98 41 0 1 0 0 0 -1 -1 0 0 15
1 0 0 0 -0 1 0 1 0 0 0 0 -1 
2 -22.287784217250799 4 0 0 0 -1 1 0 0 0 -1 0 4
2 -48 4 0 0 0 1 -1 0 0 0 -1 0 4
2 -3.9542289418909098 90.5667326098758 23 -0.99904822158185747 -0.043619387365343223 0 -0.043619387365343223 0.99904822158185747 0 -0 0 -1 3
1 -52 93 26 1 2.2383528722281401e-16 -0 -2.2383528722281401e-16 1 0 0 0 1 
2 -3.9542289418909098 90.5667326098758 -23 -0.99904822158185747 -0.043619387365343223 0 -0.043619387365343223 0.99904822158185747 0 -0 0 -1 3
2 -51.8255224505386 87.475674111874397 -22 0.99904822158185747 0.043619387365343119 0 0.043619387365343119 -0.99904822158185747 0 0 0 -1 0.999999999999995
2 -51.8255224505386 87.475674111874397 22 0.99904822158185747 0.043619387365343119 0 0.043619387365343119 -0.99904822158185747 0 0 0 -1 0.999999999999995
9 1 1 0 0 3 2 6 3 3 2 -12.3300091792826 90.255328152823907 -27.3491363519624  1 -12.3979329006182 92.133739147938996 -27.318200781858501  0.79602189135748702 -11.7263676090929 92.952902904450596 -25.765149170602999  0.88246431417119098 
-13.3023604355009 90.204383625591404 -26.9062831062793  1 -13.375717346229299 92.087025965696 -26.878720044347499  0.79531662292609695 -12.812965861845001 92.904534190906702 -25.272444002426202  0.88205792640081504 
-14.3221417469546 90.150954089254995 -26.567740295334701  1 -14.3993965791348 92.038102930798303 -26.545098134720099  0.79457534580529998 -13.951739304146299 92.853841039653005 -24.8967574760403  0.881630789805805 
-16.410407167969499 90.041543324475199 -26.114587398680101  1 -16.4929296618518 91.938009528068505 -26.1025692092533  0.79305394597503298 -16.282611458074701 92.750076446749702 -24.3953268659989  0.88075413312112305 
-17.478786561378499 89.985567582418099 -26  1 -17.5628605942977 91.886835291775995 -25.994077792257901  0.79227384851259197 -17.474700801740301 92.697005404370998 -24.2698355121729  0.88030462757922201 
-18.547236990991401 89.929588118580398 -26  1 -18.630461864118899 91.835751100490796 -26  0.79149183009436797 -18.66574982673 92.643978322817802 -24.272022219501402  0.87985401514964101 

4.2850156063409299 4
4.4987022933628102 2
4.7123889803846897 4

0 3
0.71189142155740204 3

9 1 1 0 0 3 2 6 3 3 2 -18.547236990991401 89.929588118580398 26  1 -18.630461864118899 91.835751100490796 26  0.79149183009436896 -18.665749826730099 92.643978322817802 24.272022219501402  0.87985401514964101 
-17.4787865613797 89.9855675824179 26  1 -17.562860594299501 91.886835291775796 25.994077792258  0.79227384851251403 -17.474700801741399 92.697005404370898 24.269835512172801  0.88030462757917705 
-16.4104071679679 90.041543324475398 26.114587398680499  1 -16.4929296618491 91.938009528068804 26.1025692092526  0.79305394597513801 -16.282611458073099 92.750076446749802 24.395326865998001  0.880754133121183 
-14.322141746956101 90.150954089254796 26.567740295334399  1 -14.3993965791371 92.038102930798004 26.545098134720799  0.79457534580519695 -13.951739304147599 92.853841039652906 24.896757476041302  0.88163078980574505 
-13.3023604354998 90.204383625591802 26.906283106279801  1 -13.3757173462279 92.087025965696597 26.878720044348398  0.795316622926176 -12.8129658618441 92.904534190906901 25.272444002425999  0.88205792640086 
-12.3300091792826 90.255328152823907 27.3491363519624  1 -12.3979329006182 92.133739147938996 27.318200781858501  0.79602189135748702 -11.7263676090929 92.952902904450596 25.765149170602999  0.88246431417119098 

1.5707963267949001 4
1.78448301381678 2
1.9981697008386601 4

0 3
0.71189142155740004 3

5 -38.5 14 -14.889150471698599 0 0 -1 -1 0 0 0 1 0 62.299999999999997 0.20000000000000001
2 -38.5 14 19 0 0 1 -1 0 0 0 -1 0 62.5
5 -38.5 14 -14.889150471698599 0 0 -1 -1 0 0 0 1 0 62.299999999999997 0.20000000000000001
3 -38.5 14 -17.5 -0 -0 1 1 0 0 -0 1 0 58.5
1.0121970114513299
5 -38.5 14 17.300000000000001 0 0 1 1 0 -0 -0 1 0 58.442640754717701 0.20000000000000001
3 -38.5 14 17.5 -0 -0 -1 -1 0 0 0 1 -0 58.5
1.0121970114513299
5 -38.5 14 17.300000000000001 0 0 1 1 0 -0 -0 1 0 58.442640754717701 0.20000000000000001
1 -38.5 14 17.5 0 0 1 1 0 -0 -0 1 0 
5 -38.5 14 17.699999999999999 0 0 1 1 0 -0 -0 1 0 50.200000000000003 0.20000000000000001
5 -38.5 14 17.699999999999999 0 0 1 1 0 -0 -0 1 0 50.200000000000003 0.20000000000000001
2 -38.5 14 17.5 0 0 -1 1 0 0 0 -1 0 50
5 -38.5 14 -17.300000000000001 0 0 -1 -1 0 0 0 1 0 58.442640754717701 0.20000000000000001
5 -38.5 14 -17.300000000000001 0 0 -1 -1 0 0 0 1 0 58.442640754717701 0.20000000000000001
1 -38.5 14 -17.5 0 0 -1 0 -1 0 -1 -0 -0 
5 -38.5 14 14.889150471698599 0 0 1 1 0 -0 -0 1 0 62.299999999999997 0.20000000000000001
5 -38.5 14 14.889150471698599 0 0 1 1 0 -0 -0 1 0 62.299999999999997 0.20000000000000001
5 -38.5 14 -17.699999999999999 0 0 -1 -1 0 0 0 1 0 50.200000000000003 0.20000000000000001
5 -38.5 14 -17.699999999999999 0 0 -1 -1 0 0 0 1 0 50.200000000000003 0.20000000000000001
2 -38.5 14 -17.5 0 0 1 -1 0 0 0 -1 0 50
5 -38.5 14 -18.800000000000001 0 0 1 1 0 -0 -0 1 0 43.200000000000003 0.20000000000000001
2 -38.5 14 -9 0 0 1 -1 0 0 0 -1 0 43
5 -38.5 14 -18.800000000000001 0 0 1 1 0 -0 -0 1 0 43.200000000000003 0.20000000000000001
1 -38.5 14 -19 0 0 1 1 0 -0 -0 1 0 
5 -38.5 14 18.800000000000001 0 0 1 1 0 -0 -0 1 0 43.200000000000003 0.20000000000000001
1 -38.5 14 19 0 0 1 1 0 -0 -0 1 0 
5 -38.5 14 18.800000000000001 0 0 1 1 0 -0 -0 1 0 43.200000000000003 0.20000000000000001
2 -38.5 14 9 0 0 -1 1 0 0 0 -1 0 43
3 -38.5 14 -17.5 -0 -0 1 1 0 0 -0 1 0 58.5
1.0121970114513299
3 -38.5 14 17.5 -0 -0 -1 -1 0 0 0 1 -0 58.5
1.0121970114513299
2 -38.5 14 -19 0 0 -1 1 0 0 0 -1 0 5
2 -38.5 14 -19 0 0 -1 1 0 0 0 -1 0 5
1 -38.5 14 7 0 0 1 1 0 -0 -0 1 0 
1 -38.5 14 -7 0 0 -1 0 -1 0 -1 -0 -0 
2 -38.5 14 -7 0 0 1 -1 0 0 0 -1 0 7.5
2 -38.5 14 -7 0 0 1 -1 0 0 0 -1 0 7.5
1 -38.5 14 -9 0 0 -1 0 -1 0 -1 -0 -0 
2 -38.5 14 -9 0 0 1 -1 0 0 0 -1 0 43
2 -38.5 14 -17.5 0 0 1 -1 0 0 0 -1 0 50
2 -38.5 14 7 0 0 -1 1 0 0 0 -1 0 7.5
2 -38.5 14 7 0 0 -1 1 0 0 0 -1 0 7.5
1 -38.5 14 9 0 0 1 1 0 -0 -0 1 0 
2 -38.5 14 17.5 0 0 -1 1 0 0 0 -1 0 50
2 -38.5 14 9 0 0 -1 1 0 0 0 -1 0 43
2 -38.5 14 19 0 0 1 -1 0 0 0 -1 0 62.5
5 0 100 0 0 -1 0 -1 0 0 -0 -0 -1 27.739411227276499 2
5 0 100 0 0 -1 0 -1 0 0 -0 -0 -1 27.739411227276499 2
5 0 100 0 0 -1 0 -1 0 0 -0 -0 -1 27.739411227276499 2
3 0 98 0 -0 -1 -0 -1 0 0 0 0 -1 30
0.122173047639604
5 0 100 0 0 -1 0 -1 0 0 -0 -0 -1 27.739411227276499 2
3 0 98 0 -0 -1 -0 -1 0 0 0 0 -1 30
0.122173047639604
2 -44 99 37.5 0 -1 0 1 0 0 -0 0 1 5.5
1 0 114.5 0 -0 1 0 1 0 0 0 0 -1 
1 -47.889087296526 99 33.610912703474 0.70710678118654757 0 0.70710678118654757 0 -1 0 0.70710678118654757 0 -0.70710678118654757 
1 0 109.5 0 -0 1 0 1 0 0 0 0 -1 
2 -44 99 37.5 0 -1 0 1 0 0 -0 0 1 5.5
2 40.5 99 34 0 -1 0 1 0 0 -0 0 1 5.5
1 47.889087296526 99 33.610912703474 0.70710678118654757 0 -0.70710678118654757 0 -1 0 -0.70710678118654757 -0 -0.70710678118654757 
2 40.5 99 34 0 -1 0 1 0 0 -0 0 1 5.5
2 40.5 99 -34 0 -1 0 1 0 0 -0 0 1 5.5
1 40.110912703474 99 -41.389087296526 0.70710678118654802 0 0.70710678118654702 0 -1 0 0.70710678118654702 0 -0.70710678118654802 
2 40.5 99 -34 0 -1 0 1 0 0 -0 0 1 5.5
2 -44 99 -37.5 0 -1 0 1 0 0 -0 0 1 5.5
1 -40.110912703474 99 -41.389087296526 0.70710678118654802 0 -0.70710678118654702 0 -1 0 -0.70710678118654702 -0 -0.70710678118654802 
2 -44 99 -37.5 0 -1 0 1 0 0 -0 0 1 5.5
5 0 108.8 0 -0 1 0 1 0 0 0 0 -1 28.875428707340401 0.20000000000000001
1 -0.075811685983371097 109 -0.042363503795578301 -0 1 0 1 0 0 0 0 -1 
5 0 108.8 0 -0 1 0 1 0 0 0 0 -1 28.875428707340401 0.20000000000000001
5 0 108.8 0 -0 1 0 1 0 0 0 0 -1 28.875428707340401 0.20000000000000001
5 0 108.8 0 -0 1 0 1 0 0 0 0 -1 28.875428707340401 0.20000000000000001
5 0 100 0 0 -1 0 -1 0 0 -0 -0 -1 14.5 2
1 0 98 0 0 -1 0 0 0 1 -1 0 0 
5 0 100 0 0 -1 0 -1 0 0 -0 -0 -1 14.5 2
2 0 98 0 0 -1 0 1 0 0 -0 0 1 12.5
2 0 98 0 0 -1 0 1 0 0 -0 0 1 12.5
5 -0.075811685983371097 109 -0.042363503795578301 0 1 0 -1 0 0 0 -0 1 17.5 5
1 0 109 0 0 -1 0 0 0 1 -1 0 0 
2 -40.5 99 34 0 -1 0 1 0 0 -0 0 1 5.5
2 -40.5 99 34 0 -1 0 1 0 0 -0 0 1 5.5
2 44 99 37.5 0 -1 0 1 0 0 -0 0 1 5.5
2 44 99 37.5 0 -1 0 1 0 0 -0 0 1 5.5
2 44 99 -37.5 0 -1 0 1 0 0 -0 0 1 5.5
2 44 99 -37.5 0 -1 0 1 0 0 -0 0 1 5.5
2 -40.5 99 -34 0 -1 0 1 0 0 -0 0 1 5.5
2 -40.5 99 -34 0 -1 0 1 0 0 -0 0 1 5.5
1 -0.075811685983371097 114 -0.042363503795578301 -0 1 0 1 0 0 0 0 -1 
5 -0.075811685983371097 109 -0.042363503795578301 0 1 0 -1 0 0 0 -0 1 17.5 5
2 39.424188314016597 109.2 -0.042363503795578301 0 -0 1 0 1 0 -1 0 0 0.20000000000000001
2 -0.075811685983371097 109.2 3.2076364962044202 -1 0 0 0 -1 0 0 0 1 0.20000000000000001
5 -0.075811685983371097 109.2 -0.042363503795578301 -0 1 0 1 0 0 0 0 -1 29.5 0.20000000000000001
2 -0.075811685983371097 109.2 3.2076364962044202 -1 0 0 0 -1 0 0 0 1 0.20000000000000001
2 -39.575811685983403 109.2 -0.042363503795578301 0 0 -1 0 -1 0 -1 -0 -0 0.20000000000000001
2 -0.075811685983371097 109.2 -3.2923635037955798 1 0 0 -0 1 0 0 -0 1 0.20000000000000001
5 -0.075811685983371097 109.2 -0.042363503795578301 -0 1 0 1 0 0 0 0 -1 29.5 0.20000000000000001
2 -0.075811685983371097 109.2 -3.2923635037955798 1 0 0 -0 1 0 0 -0 1 0.20000000000000001
1 -56.5 109.5 -49.5 0 0 -1 1 0 0 0 -1 0 
2 52.5 109.5 -45.5 0 -1 0 1 0 0 -0 0 1 4
1 56.5 109.5 -49.5 1 0 -7.0089837413204298e-17 -7.0089837413204298e-17 0 -1 0 1 0 
2 52.5 109.5 45.5 0 -1 0 1 0 0 -0 0 1 4
1 -56.5 109.5 49.5 0 0 1 0 -1 0 1 0 -0 
2 -52.5 109.5 45.5 0 -1 0 1 0 0 -0 0 1 4
1 -56.5 109.5 -49.5 -1 0 -7.0089837413204298e-17 0 1 0 7.0089837413204298e-17 0 -1 
2 -52.5 109.5 -45.5 0 -1 0 1 0 0 -0 0 1 4
1 47.889087296526 99 -33.610912703474 -0.70710678118654757 0 -0.70710678118654757 0 1 0 0.70710678118654757 0 -0.70710678118654757 
1 -47.889087296526 99 -33.610912703474 -0.70710678118654757 0 0.70710678118654757 -0.70710678118654757 0 -0.70710678118654757 -0 -1 0 
2 -0.075811685983371097 114 -0.042363503795578301 0 -1 0 1 0 0 -0 0 1 29.699999999999999
1 -0.075811685983371097 114 3.4076364962044199 0 0 1 0 -1 0 1 0 -0 
1 39.6241883140166 114 -0.042363503795578301 1 0 0 0 0 -1 -0 1 0 
1 -0.075811685983371097 114 -3.49236350379558 0 0 -1 1 0 0 0 -1 0 
2 -0.075811685983371097 114 -0.042363503795578301 0 -1 0 1 0 0 -0 0 1 29.699999999999999
1 -0.075811685983371097 114 -3.49236350379558 0 0 -1 1 0 0 0 -1 0 
1 -39.775811685983399 114 -0.042363503795578301 -1 0 0 0 1 0 0 0 -1 
1 -0.075811685983371097 114 3.4076364962044199 0 0 1 0 -1 0 1 0 -0 
1 40.110912703474 99 41.389087296526 -0.70710678118654802 0 0.70710678118654702 -0.70710678118654702 0 -0.70710678118654802 -0 -1 0 
1 -40.110912703474 99 41.389087296526 -0.70710678118654802 0 -0.70710678118654702 0 1 0 0.70710678118654702 0 -0.70710678118654802 
5 -0.075811685983371097 114.3 -0.042363503795578301 0 1 0 -1 0 0 0 -0 1 30.199999999999999 0.20000000000000001
2 -0.075811685983371097 114.3 3.9076364962044199 1 0 0 0 -1 0 0 0 -1 0.20000000000000001
2 -40.275811685983399 114.3 -0.042363503795578301 -0 0 1 0 -1 0 1 0 0 0.20000000000000001
2 -0.075811685983371097 114.3 -3.99236350379558 -1 0 0 0 1 0 0 0 -1 0.20000000000000001
5 -0.075811685983371097 114.3 -0.042363503795578301 0 1 0 -1 0 0 0 -0 1 30.199999999999999 0.20000000000000001
2 -0.075811685983371097 114.3 -3.99236350379558 -1 0 0 0 1 0 0 0 -1 0.20000000000000001
2 40.1241883140166 114.3 -0.042363503795578301 0 0 -1 0 1 0 1 -0 0 0.20000000000000001
2 -0.075811685983371097 114.3 3.9076364962044199 1 0 0 0 -1 0 0 0 -1 0.20000000000000001
2 39.6241883140166 114.3 3.7076364962044202 -0 0 1 0 -1 0 1 0 0 0.29999999999999999
2 39.924188314016597 114.3 -3.49236350379558 1 0 0 0 -1 0 0 0 -1 0.29999999999999999
5 -0.075811685983371097 114.3 -0.042363503795578301 0 1 0 -1 0 0 0 -0 1 29.699999999999999 0.29999999999999999
2 39.924188314016597 114.3 -3.49236350379558 1 0 0 0 -1 0 0 0 -1 0.29999999999999999
2 -39.775811685983399 114.3 3.7076364962044202 0 0 -1 0 1 0 1 -0 0 0.29999999999999999
2 39.924188314016597 114.3 3.4076364962044199 -1 0 0 0 1 0 0 0 -1 0.29999999999999999
5 -0.075811685983371097 114.3 -0.042363503795578301 0 1 0 -1 0 0 0 -0 1 29.699999999999999 0.29999999999999999
2 39.924188314016597 114.3 3.4076364962044199 -1 0 0 0 1 0 0 0 -1 0.29999999999999999
2 -38.5 14 3 0 0 -1 0 -1 0 -1 -0 -0 5
2 -38.5 14 3 0 0 -1 0 -1 0 -1 -0 -0 5
1 -38.5 14 23 0 0 -1 1 0 0 0 -1 0 
1 -38.5 14 3 0 0 -1 1 0 0 0 -1 0 
2 -38.5 14 7 0 -0 1 0 1 0 -1 0 0 7.5
1 -38.5 14 7 0 0 -1 1 0 0 0 -1 0 
2 -38.5 14 7 0 -0 1 0 1 0 -1 0 0 7.5
3 -38.5 14 18.011051243214801 -0 0 -1 0 1 0 1 0 -0 41.265193513510802
1.47673509216691
3 -38.5 14 18.011051243214801 -0 0 -1 0 1 0 1 0 -0 41.265193513510802
1.47673509216691
2 -38.5 14 18 0 0 -1 0 -1 0 -1 -0 -0 39
1 -38.5 14 20.5 0 0 -1 1 0 0 0 -1 0 
2 -38.5 14 18 0 0 -1 0 -1 0 -1 -0 -0 39
1 -38.5 14 18 0 0 -1 1 0 0 0 -1 0 
3 -38.5 14 20.5 -0 0 -1 0 1 0 1 0 -0 41.5
1.47673509216691
3 -38.5 14 20.5 -0 0 -1 0 1 0 1 0 -0 41.5
1.47673509216691
2 -38.5 14 18 0 0 -1 0 -1 0 -1 -0 -0 41.5
2 -38.5 14 18 0 0 -1 0 -1 0 -1 -0 -0 41.5
2 -38.5 14 45.673001410241099 0 -0 1 0 1 0 -1 0 0 8.9000000000000004
2 -38.5 14 45.673001410241099 0 -0 1 0 1 0 -1 0 0 8.9000000000000004
2 -38.5 14 -3 0 0 1 0.38304900806323805 -0.92372802134706811 0 0.92372802134706811 0.38304900806323805 -0 5
2 -38.5 14 -3 0 0 1 0.38304900806323805 -0.92372802134706811 0 0.92372802134706811 0.38304900806323805 -0 5
1 -38.5 14 -23 0 0 1 -0.92372802134706811 -0.38304900806323805 0 0.38304900806323805 -0.92372802134706811 0 
1 -38.5 14 -3 0 0 1 -0.92372802134706811 -0.38304900806323805 0 0.38304900806323805 -0.92372802134706811 0 
2 -38.5 14 -7 0 0 -1 -0.38304900806323805 0.92372802134706811 0 0.92372802134706811 0.38304900806323805 0 7.5
1 -38.5 14 -7 0 0 1 -0.92372802134706811 -0.38304900806323805 0 0.38304900806323805 -0.92372802134706811 0 
2 -38.5 14 -7 0 0 -1 -0.38304900806323805 0.92372802134706811 0 0.92372802134706811 0.38304900806323805 0 7.5
3 -38.5 14 -18.011051243214801 -0 -0 1 -0.38304900806323805 0.92372802134706811 0 -0.92372802134706811 -0.38304900806323805 -0 41.265193513510802
1.47673509216691
3 -38.5 14 -18.011051243214801 -0 -0 1 -0.38304900806323805 0.92372802134706811 0 -0.92372802134706811 -0.38304900806323805 -0 41.265193513510802
1.47673509216691
2 -38.5 14 -18 0 0 1 0.38304900806323805 -0.92372802134706811 0 0.92372802134706811 0.38304900806323805 -0 39
1 -38.5 14 -20.5 0 0 1 -0.92372802134706811 -0.38304900806323805 0 0.38304900806323805 -0.92372802134706811 0 
2 -38.5 14 -18 0 0 1 0.38304900806323805 -0.92372802134706811 0 0.92372802134706811 0.38304900806323805 -0 39
1 -38.5 14 -18 0 0 1 -0.92372802134706811 -0.38304900806323805 0 0.38304900806323805 -0.92372802134706811 0 
3 -38.5 14 -20.5 -0 -0 1 -0.38304900806323805 0.92372802134706811 0 -0.92372802134706811 -0.38304900806323805 -0 41.5
1.47673509216691
3 -38.5 14 -20.5 -0 -0 1 -0.38304900806323805 0.92372802134706811 0 -0.92372802134706811 -0.38304900806323805 -0 41.5
1.47673509216691
2 -38.5 14 -18 0 0 1 0.38304900806323805 -0.92372802134706811 0 0.92372802134706811 0.38304900806323805 -0 41.5
2 -38.5 14 -18 0 0 1 0.38304900806323805 -0.92372802134706811 0 0.92372802134706811 0.38304900806323805 -0 41.5
2 -38.5 14 -45.673001410241099 0 0 -1 -0.38304900806323805 0.92372802134706811 0 0.92372802134706811 0.38304900806323805 0 8.9000000000000004
2 -38.5 14 -45.673001410241099 0 0 -1 -0.38304900806323805 0.92372802134706811 0 0.92372802134706811 0.38304900806323805 0 8.9000000000000004
5 -38.5 14 -33 0 0 -1 0 1 0 1 -0 0 5.7000000000000002 0.5
5 -38.5 14 -33 0 0 -1 0 1 0 1 -0 0 6.7000000000000002 0.5
5 -38.5 14 -33 0 0 -1 0 1 0 1 -0 0 5.7000000000000002 0.5
1 -38.5 14 -33.5 0 0 -1 1 0 0 0 -1 0 
5 -38.5 14 -33 0 0 -1 0 1 0 1 -0 0 6.7000000000000002 0.5
1 -38.5 14 -32.5 0 0 -1 1 0 0 0 -1 0 
5 -38.5 14 -28 0 0 -1 0 1 0 1 -0 0 6.5447839840064601 2
1 -38.5 14 -26 0 0 -1 1 0 0 0 -1 0 
5 -38.5 14 -28 0 0 -1 0 1 0 1 -0 0 6.5447839840064601 2
1 -34.2276080079968 6.5999999999999996 -33.5 1.0150774315791599e-16 1 0 1 -1.0150774315791599e-16 0 0 0 -1 
1 -29.9552160159935 14 -33.5 -0.86602540378443882 0.49999999999999989 0 0 0 -1 -0.49999999999999989 -0.86602540378443882 -0 
1 -34.2276080079968 21.399999999999999 -33.5 -0.86602540378443882 -0.49999999999999989 -0 -0.49999999999999989 0.86602540378443882 0 0 0 -1 
1 -42.7723919920032 21.399999999999999 -33.5 -1.0150774315791599e-16 -1 -0 -1 1.0150774315791599e-16 0 0 0 -1 
2 -38.5 14 -33.5 0 0 -1 0 -1 0 -1 -0 -0 5
2 -38.5 14 -33.5 0 0 -1 0 -1 0 -1 -0 -0 5
5 -38.5 14 -30.192521789935 0 0 -1 0 1 0 1 -0 0 6.2373057739414204 2.6521604325002399
5 -38.5 14 -30.192521789935 0 0 -1 0 1 0 1 -0 0 6.2373057739414204 2.6521604325002399
5 -38.5 14 -30.192521789935 0 0 -1 0 1 0 1 -0 0 6.2373057739414204 2.6521604325002399
5 -38.5 14 -30.192521789935 0 0 -1 0 1 0 1 -0 0 6.2373057739414204 2.6521604325002399
1 -42.7723919920032 6.5999999999999996 -33.5 0.86602540378443882 0.49999999999999989 -0 0 0 1 0.49999999999999989 -0.86602540378443882 0 
5 -38.5 14 -30.192521789935 0 0 -1 0 1 0 1 -0 0 6.2373057739414204 2.6521604325002399
1 -47.0447839840065 14 -33.5 0.86602540378443882 -0.49999999999999989 0 0 0 1 -0.49999999999999989 -0.86602540378443882 0 
5 -38.5 14 -30.192521789935 0 0 -1 0 1 0 1 -0 0 6.2373057739414204 2.6521604325002399
5 -38.5 14 15.0620950460362 -0 0 -1 -0.86602540378443849 -0.50000000000000033 0 -0.50000000000000033 0.86602540378443849 0 2.7583026557127299 15.825120832034999
1 -38.5 14 30.5 -0 0 -1 -0.86602540378443849 -0.50000000000000033 0 -0.50000000000000033 0.86602540378443849 0 
5 -38.5 14 15.0620950460362 -0 0 -1 -0.86602540378443849 -0.50000000000000033 0 -0.50000000000000033 0.86602540378443849 0 2.7583026557127299 15.825120832034999
1 -38.5 23.237604307034001 26 -0.49999999999999911 -0.86602540378443926 0 0 0 1 -0.86602540378443926 0.49999999999999911 0 
1 -46.5 18.618802153516999 26 0.50000000000000033 -0.86602540378443849 0 0 0 1 -0.86602540378443849 -0.50000000000000033 0 
1 -46.5 9.3811978464829906 26 1 2.2204460492503101e-16 -0 -2.2204460492503101e-16 1 0 0 0 1 
2 -38.5 14 -29.5 0 0 -1 0.86602540378443849 0.50000000000000033 0 0.50000000000000033 -0.86602540378443849 0 5
1 -38.5 14 -29.5 -0 0 -1 -0.86602540378443849 -0.50000000000000033 0 -0.50000000000000033 0.86602540378443849 0 
2 -38.5 14 -29.5 0 0 -1 0.86602540378443849 0.50000000000000033 0 0.50000000000000033 -0.86602540378443849 0 5
1 -38.5 14 26 -0 0 -1 -0.86602540378443849 -0.50000000000000033 0 -0.50000000000000033 0.86602540378443849 0 
1 -38.5 4.7623956929659901 26 0.49999999999999911 0.86602540378443926 0 0 0 -1 -0.86602540378443926 0.49999999999999911 0 
1 -30.5 18.618802153516999 26 -1 -2.2204460492503101e-16 0 0 0 1 -2.2204460492503101e-16 1 0 
1 -30.5 9.3811978464829995 26 -0.50000000000000033 0.86602540378443849 0 -0.86602540378443849 -0.50000000000000033 0 0 0 1 
Triangulations 0

TShapes 1528
Ve
1e-07
1.53080849893419e-15 113 12.5
0 0

0101101
*
Ve
1e-07
0 113 -12.5
0 0

0101101
*
Ed
 1e-07 1 1 0
1  1 0 0 3.14159265358979
2  1 1 0 0 3.14159265358979
4 C0 1 0 2 0
0

0101000
+1528 0 -1527 0 *
Ve
1e-07
1.53080849893419e-15 98 12.5
0 0

0101101
*
Ed
 1e-07 1 1 0
1  2 0 -0 15
2  2 1 0 -0 15
2  3 3 0 -0 15
4 CN 1 0 3 0
0

0101000
+1528 0 -1525 0 *
Ve
1e-07
0 98 -12.5
0 0

0101101
*
Ed
 1e-07 1 1 0
1  3 0 0 3.14159265358979
2  4 1 0 0 3.14159265358979
4 C0 1 0 4 0
0

0101000
+1525 0 -1523 0 *
Ed
 1e-07 1 1 0
1  4 0 -0 15
2  5 1 0 -0 15
2  6 3 0 -0 15
4 CN 1 0 3 0
0

0101000
+1527 0 -1523 0 *
Wi

0101100
-1526 0 +1524 0 +1522 0 -1521 0 *
Fa
0  1e-07 1 0

0111000
+1520 0 *
Ve
0.00096677778491294
-20.7409903034612 92.8366648359393 -23
0 0

0101101
*
Ve
0.000146251180136953
-20.1141384104773 93.8357130575211 -22.258064516129
0 0

0101101
*
Ed
 1e-07 1 1 0
1  5 0 4.7416386974473 6.28318530717959
2  7 5 0 4.7416386974473 6.28318530717959
2  8 6 0 4.7416386974473 6.28318530717959
4 C0 5 0 6 0
0

0101000
+1518 0 -1517 0 *
Ve
0.000146251180136953
-30 93.389699484444 0
0 0

0101101
*
Ed
 0.000146251180136953 1 1 0
1  6 0 5.44723278962429 6.28318530717959
2  9 5 0 5.44723278962429 6.28318530717959
2  10 7 0 5.44723278962429 6.28318530717959
4 C0 5 0 7 0
0

0101000
+1517 0 -1515 0 *
Ve
0.000150902655012967
-30.9563806126347 92.3906512628622 0
0 0

0101101
*
Ed
 1e-07 1 1 0
1  7 0 4.75602221168451 6.28318530717959
2  11 5 0 4.75602221168451 6.28318530717959
2  12 8 0 4.75602221168451 6.28318530717959
4 G2 5 0 8 0
0

0101000
+1513 0 -1515 0 *
Ed
 0.000150902655012967 1 1 0
1  8 0 0 0.835952517555293
2  13 5 0 0 0.835952517555293
4 G1 5 0 9 0
0

0101000
+1513 0 -1518 0 *
Wi

0101100
+1516 0 +1514 0 -1512 0 +1511 0 *
Fa
0  1e-07 5 0

0111000
+1510 0 *
Ve
1e-07
0 94.5 -30
0 0

0101101
*
Ve
1e-07
3.67394039744206e-15 94.5 30
0 0

0101101
*
Ed
 1e-07 1 1 0
1  9 0 3.14159265358979 6.28318530717959
2  14 10 0 3.14159265358979 6.28318530717959
2  15 11 0 3.14159265358979 6.28318530717959
4 G1 10 0 11 0
0

0101000
+1508 0 -1507 0 *
Ve
1e-07
3.45962720759127e-15 98 -26.5
0 0

0101101
*
Ed
 1e-07 1 1 0
1  10 0 0 1.5707963267949
2  16 10 0 0 1.5707963267949
2  17 12 0 0 1.5707963267949
4 CN 10 0 12 0
0

0101000
+1508 0 -1505 0 *
Ve
1e-07
0 98 26.5
0 0

0101101
*
Ed
 1e-07 1 1 0
1  11 0 0 3.14159265358979
2  18 10 0 0 3.14159265358979
4 G1 10 0 4 0
0

0101000
+1503 0 -1505 0 *
Ed
 1e-07 1 1 0
1  12 0 0 1.5707963267949
2  19 10 0 0 1.5707963267949
2  20 12 0 0 1.5707963267949
4 CN 10 0 12 0
0

0101000
+1507 0 -1503 0 *
Wi

0101100
-1506 0 +1504 0 -1502 0 -1501 0 *
Fa
0  1e-07 10 0

0111000
+1500 0 *
Ve
1e-07
-33.5 14 23
0 0

0101101
*
Ve
1e-07
-33.5 14 26
0 0

0101101
*
Ed
 1e-07 1 1 0
1  13 0 53 56
2  21 13 0 53 56
2  22 14 0 53 56
4 CN 13 0 14 0
0

0101000
+1498 0 -1497 0 *
Ve
1e-07
-43.5 14 26
0 0

0101101
*
Ed
 1e-07 1 1 0
1  14 0 3.14159265358979 6.28318530717959
2  23 13 0 3.14159265358979 6.28318530717959
4 C0 13 0 15 0
0

0101000
+1495 0 -1497 0 *
Ve
1e-07
-43.5 14 23
0 0

0101101
*
Ed
 1e-07 1 1 0
1  15 0 53 56
2  24 13 0 53 56
2  25 14 0 53 56
4 CN 13 0 14 0
0

0101000
+1493 0 -1495 0 *
Ed
 1e-07 1 1 0
1  16 0 3.14159265358979 6.28318530717959
2  26 13 0 3.14159265358979 6.28318530717959
4 C0 13 0 16 0
0

0101000
+1493 0 -1498 0 *
Wi

0101100
+1496 0 -1494 0 -1492 0 +1491 0 *
Fa
0  1e-07 13 0

0111000
+1490 0 *
Ve
1e-07
-33.5 14 -26
0 0

0101101
*
Ve
1e-07
-33.5 14 -23
0 0

0101101
*
Ed
 1e-07 1 1 0
1  17 0 4 7
2  27 17 0 4 7
2  28 18 0 4 7
4 CN 17 0 18 0
0

0101000
+1488 0 -1487 0 *
Ve
1e-07
-43.5 14 -23
0 0

0101101
*
Ed
 1e-07 1 1 0
1  18 0 3.14159265358979 6.28318530717959
2  29 17 0 3.14159265358979 6.28318530717959
4 C0 17 0 19 0
0

0101000
+1485 0 -1487 0 *
Ve
1e-07
-43.5 14 -26
0 0

0101101
*
Ed
 1e-07 1 1 0
1  19 0 4 7
2  30 17 0 4 7
2  31 18 0 4 7
4 CN 17 0 18 0
0

0101000
+1483 0 -1485 0 *
Ed
 1e-07 1 1 0
1  20 0 3.14159265358979 6.28318530717959
2  32 17 0 3.14159265358979 6.28318530717959
4 C0 17 0 20 0
0

0101000
+1483 0 -1488 0 *
Wi

0101100
+1486 0 -1484 0 -1482 0 +1481 0 *
Fa
0  1e-07 17 0

0111000
+1480 0 *
Ve
1e-07
0 95 -27
0 0

0101101
*
Ve
1e-07
0 34 -27
0 0

0101101
*
Ed
 1e-07 1 1 0
1  21 0 3 64
2  33 21 0 3 64
2  34 22 0 3 64
4 CN 21 0 22 0
0

0101000
+1478 0 -1477 0 *
Ve
1e-07
-11.4997781699989 14.4503771110019 -24.4285714285714
0 0

0101101
*
Ed
 1e-07 1 1 0
1  22 0 4.71238898038469 5.15236493517561
2  35 21 0 4.71238898038469 5.15236493517561
4 C0 21 0 23 0
0

0101000
+1477 0 -1475 0 *
Ve
0.000166037677823037
-11.4997781699989 89.2549300994706 -24.4285714285714
0 0

0101101
*
Ed
 1e-07 1 1 0
1  23 0 8.7450699005294 83.5496228889981
2  36 21 0 8.7450699005294 83.5496228889981
2  37 24 0 8.7450699005294 83.5496228889981
4 G1 21 0 24 0
0

0101000
+1473 0 -1475 0 *
Ve
0.000166037677823037
-14.324567584909 90 -22.8868251075892
0 0

0101101
*
Ed
 0.000166037677823037 1 1 0
1  24 0 0 0.00330421254109879
2  38 21 0 0 0.00330421254109879
2  39 25 0 0 0.00330421254109879
4 C0 21 0 25 0
0

0101000
+1471 0 -1473 0 *
Ve
1e-07
-16.9345397671336 90 -21.0290599617617
0 0

0101101
*
Ed
 1e-07 1 1 0
1  25 0 5.60522568185813 5.72394836325398
2  40 21 0 5.60522568185813 5.72394836325398
4 C0 21 0 26 0
0

0101000
+1469 0 -1471 0 *
Ve
1e-07
-16.9345397671336 90 21.0290599617617
0 0

0101101
*
Ed
 1e-07 1 1 0
1  26 0 5.39034860570615 7.17602200865302
2  41 21 0 5.39034860570615 7.17602200865302
4 C0 21 0 27 0
0

0101000
+1469 0 -1467 0 *
Ve
0.000166032224098349
-14.324567584909 90 22.8868251075892
0 0

0101101
*
Ed
 1e-07 1 1 0
1  27 0 3.7008295975154 3.81955227891125
2  42 21 0 3.7008295975154 3.81955227891125
4 C0 21 0 28 0
0

0101000
+1465 0 -1467 0 *
Ve
0.000166032224098349
-11.4997781699989 89.2549300994706 24.4285714285714
0 0

0101101
*
Ed
 0.000166032224098349 1 1 0
1  28 0 -1.9655401377614e-05 0.00328965149430584
2  43 21 0 -1.9655401377614e-05 0.00328965149430584
2  44 29 0 -1.9655401377614e-05 0.00328965149430584
4 C0 21 0 29 0
0

0101000
+1463 0 -1465 0 *
Ve
1e-07
-11.4997781699989 14.4503771110018 24.4285714285714
0 0

0101101
*
Ed
 1e-07 1 1 0
1  29 0 -83.5496228889982 -8.7450699005294
2  45 21 0 -83.5496228889982 -8.7450699005294
2  46 30 0 -83.5496228889982 -8.7450699005294
4 G1 21 0 30 0
0

0101000
+1461 0 -1463 0 *
Ve
1e-07
3.30654635769785e-15 34 27
0 0

0101101
*
Ed
 1e-07 1 1 0
1  30 0 1.13082037200398 1.5707963267949
2  47 21 0 1.13082037200398 1.5707963267949
4 C0 21 0 23 0
0

0101000
+1461 0 -1459 0 *
Ve
1e-07
3.30654635769785e-15 95 27
0 0

0101101
*
Ed
 1e-07 1 1 0
1  31 0 3 64
2  48 21 0 3 64
2  49 22 0 3 64
4 CN 21 0 22 0
0

0101000
+1457 0 -1459 0 *
Ed
 1e-07 1 1 0
1  32 0 3.14159265358979 6.28318530717959
2  50 21 0 3.14159265358979 6.28318530717959
4 C0 21 0 31 0
0

0101000
+1478 0 -1457 0 *
Wi

0101100
+1476 0 +1474 0 -1472 0 -1470 0 -1468 0 +1466 0 -1464 0 -1462 0 -1460 0 +1458 0 
-1456 0 -1455 0 *
Fa
0  1e-07 21 0

0101000
+1454 0 *
Ve
1e-07
3.67394039744206e-15 34 30
0 0

0101101
*
Ed
 1e-07 1 1 0
1  33 0 3.5 64
2  51 11 0 3.5 64
2  52 7 0 3.5 64
4 CN 11 0 7 0
0

0101000
+1507 0 -1452 0 *
Ve
1e-07
0 34 -30
0 0

0101101
*
Ed
 1e-07 1 1 0
1  34 0 1.5707963267949 4.71238898038469
2  53 11 0 1.5707963267949 4.71238898038469
4 C0 11 0 23 0
0

0101000
+1452 0 -1450 0 *
Ed
 1e-07 1 1 0
1  35 0 3.5 64
2  54 11 0 3.5 64
2  55 7 0 3.5 64
4 CN 11 0 7 0
0

0101000
+1508 0 -1450 0 *
Wi

0101100
+1506 0 +1451 0 +1449 0 -1448 0 *
Fa
0  1e-07 11 0

0111000
+1447 0 *
Ed
 1e-07 1 1 0
1  36 0 3.14159265358979 6.28318530717959
2  56 12 0 3.14159265358979 6.28318530717959
4 G1 4 0 12 0
0

0101000
+1505 0 -1503 0 *
Wi

0101100
+1502 0 +1445 0 *
Ed
 1e-07 1 1 0
1  37 0 3.14159265358979 6.28318530717959
2  57 3 0 3.14159265358979 6.28318530717959
4 C0 4 0 3 0
0

0101000
+1523 0 -1525 0 *
Wi

0101100
-1443 0 -1522 0 *
Fa
0  1e-07 4 0

0111000
+1444 0 +1442 0 *
Ve
1e-07
-48 0 -26
0 0

0101101
*
Ve
1e-07
-22.2877842172508 0 -26
0 0

0101101
*
Ed
 1e-07 1 1 0
1  38 0 4 29.7122157827492
4 C0 32 0 20 0
0

0101000
+1440 0 -1439 0 *
Ve
1e-07
-22.2877842172508 0 -23
0 0

0101101
*
Ed
 1e-07 1 1 0
1  39 0 -26 -23
2  58 33 0 -26 -23
4 G1 32 0 33 0
0

0101000
+1439 0 -1437 0 *
Ve
1e-07
-48 0 -23
0 0

0101101
*
Ed
 1e-07 1 1 0
1  40 0 -48 -22.2877842172508
4 C0 32 0 19 0
0

0101000
+1435 0 -1437 0 *
Ed
 1e-07 1 1 0
1  41 0 23 26
2  59 34 0 23 26
4 G1 32 0 34 0
0

0101000
+1435 0 -1440 0 *
Wi

0101100
+1438 0 +1436 0 -1434 0 +1433 0 *
Fa
0  1e-07 32 0

0111000
-1432 0 *
Ed
 1e-07 1 1 0
1  42 0 0 3.14159265358979
2  60 7 0 0 3.14159265358979
2  61 12 0 0 3.14159265358979
4 G1 7 0 12 0
0

0101000
+1507 0 -1508 0 *
Ve
1e-07
-12.3648246606609 12.9797980768764 -27.3333333333333
0 0

0101101
*
Ed
 1e-07 1 1 0
1  43 0 4.71238898038469 5.13721340786358
2  62 7 0 4.71238898038469 5.13721340786358
4 C0 7 0 23 0
0

0101000
+1450 0 -1429 0 *
Ve
0.000466703869833882
-12.3648246606609 90.2535040607302 -27.3333333333333
0 0

0101101
*
Ed
 1e-07 1 1 0
1  44 0 -85.0202019231236 -7.74649593926981
2  63 7 0 -85.0202019231236 -7.74649593926981
2  64 35 0 -85.0202019231236 -7.74649593926981
4 G1 7 0 35 0
0

0101000
+1429 0 -1427 0 *
Ve
0.000174749924733814
-18.1013588681827 93.5369427847564 -23.9236453561171
0 0

0101101
*
Ed
 0.000174749924733814 1 1 0
1  45 0 -1.91223369823678e-05 0.00747667538706547
2  65 7 0 -1.91223369823678e-05 0.00747667538706547
2  66 36 0 -1.91223369823678e-05 0.00747667538706547
4 C0 7 0 36 0
0

0101000
+1427 0 -1425 0 *
Ed
 2.36857378805898e-06 1 1 0
1  46 0 0 0.0026295826087619
2  67 7 0 0 0.0026295826087619
2  68 6 0 0 0.0026295826087619
4 C0 7 0 6 0
0

0101000
+1425 0 -1517 0 *
Ve
0.000146251180042917
-20.1141384104773 93.8357130575211 22.258064516129
0 0

0101101
*
Ed
 0.000146251180042917 1 1 0
1  47 0 0 0.835952517555293
2  69 7 0 0 0.835952517555293
2  70 8 0 0 0.835952517555293
4 C0 7 0 8 0
0

0101000
+1515 0 -1422 0 *
Ve
0.000137161492578685
-18.1013588681827 93.5369427847564 23.9236453561171
0 0

0101101
*
Ed
 2.36857378608481e-06 1 1 0
1  48 0 0 0.0026295826087619
2  71 7 0 0 0.0026295826087619
2  72 37 0 0 0.0026295826087619
4 C0 7 0 37 0
0

0101000
+1422 0 -1420 0 *
Ve
0.000463663846737549
-12.3648246606609 90.2535040607302 27.3333333333333
0 0

0101101
*
Ed
 0.000137161492578685 1 1 0
1  49 0 0 0.00743995608855111
2  73 7 0 0 0.00743995608855111
2  74 38 0 0 0.00743995608855111
4 C0 7 0 38 0
0

0101000
+1420 0 -1418 0 *
Ve
1e-07
-12.3648246606609 12.9797980768764 27.3333333333333
0 0

0101101
*
Ed
 1e-07 1 1 0
1  50 0 7.74649593926981 85.0202019231236
2  75 7 0 7.74649593926981 85.0202019231236
2  76 39 0 7.74649593926981 85.0202019231236
4 G1 7 0 39 0
0

0101000
+1418 0 -1416 0 *
Ed
 1e-07 1 1 0
1  51 0 1.14597189931601 1.5707963267949
2  77 7 0 1.14597189931601 1.5707963267949
4 C0 7 0 23 0
0

0101000
+1416 0 -1452 0 *
Wi

0101100
-1451 0 +1430 0 +1448 0 +1428 0 +1426 0 +1424 0 +1423 0 +1514 0 +1421 0 +1419 0 
+1417 0 +1415 0 +1414 0 *
Fa
0  1e-07 7 0

0101000
+1413 0 *
Ve
1e-07
-48 0 23
0 0

0101101
*
Ve
1e-07
-22.2877842172508 0 23
0 0

0101101
*
Ed
 1e-07 1 1 0
1  52 0 -48 -22.2877842172508
4 C0 40 0 16 0
0

0101000
+1411 0 -1410 0 *
Ve
1e-07
-22.2877842172508 0 26
0 0

0101101
*
Ed
 1e-07 1 1 0
1  53 0 23 26
2  78 41 0 23 26
4 G1 40 0 41 0
0

0101000
+1410 0 -1408 0 *
Ve
1e-07
-48 0 26
0 0

0101101
*
Ed
 1e-07 1 1 0
1  54 0 4 29.7122157827492
4 C0 40 0 15 0
0

0101000
+1406 0 -1408 0 *
Ed
 1e-07 1 1 0
1  55 0 -26 -23
2  79 42 0 -26 -23
4 G1 40 0 42 0
0

0101000
+1406 0 -1411 0 *
Wi

0101100
+1409 0 +1407 0 -1405 0 +1404 0 *
Fa
0  1e-07 40 0

0111000
-1403 0 *
Ve
1e-07
-18.8400473566198 1.97191949374642 26
0 0

0101101
*
Ed
 1e-07 1 1 0
1  56 0 4.71238898038469 5.75146123992077
2  80 41 0 4.71238898038469 5.75146123992077
4 C0 15 0 41 0
0

0101000
+1408 0 -1401 0 *
Ve
1e-07
-18.5472369909914 2.4696971153146 26
0 0

0101101
*
Ed
 1e-07 1 1 0
1  57 0 7.27510600180763 7.85261831401708
4 C0 15 0 23 0
0

0101000
+1399 0 -1401 0 *
Ve
7.97961648540698e-05
-18.5472369909914 89.9295881185804 26
0 0

0101101
*
Ed
 1e-07 1 1 0
1  58 0 2.4696971153146 89.9295881185804
2  81 39 0 2.4696971153146 89.9295881185804
4 G1 15 0 39 0
0

0101000
+1399 0 -1397 0 *
Ve
1e-07
-52 88.4690089427119 26
0 0

0101101
*
Ed
 1e-07 1 1 0
1  59 0 14.6069105913571 48.0915435513564
2  82 43 0 14.6069105913571 48.0915435513564
4 G1 15 0 43 0
0

0101000
+1397 0 -1395 0 *
Ve
1e-07
-52 4.00000000000003 26
0 0

0101101
*
Ed
 1e-07 1 1 0
1  60 0 4.53099105728811 89
4 C0 15 0 44 0
0

0101000
+1395 0 -1393 0 *
Ed
 1e-07 1 1 0
1  61 0 3.14159265358979 4.71238898038469
2  83 42 0 3.14159265358979 4.71238898038469
4 C0 15 0 42 0
0

0101000
+1393 0 -1406 0 *
Wi

0101100
+1405 0 +1400 0 -1398 0 +1396 0 +1394 0 +1392 0 +1391 0 *
Ed
 1e-07 1 1 0
1  62 0 0 3.14159265358979
2  84 14 0 0 3.14159265358979
4 C0 15 0 14 0
0

0101000
+1497 0 -1495 0 *
Wi

0101100
-1389 0 -1494 0 *
Fa
0  1e-07 15 0

0101000
+1390 0 +1388 0 *
Ve
1e-07
-18.5472369909914 2.4696971153146 -26
0 0

0101101
*
Ve
1e-07
-18.8400473566198 1.97191949374642 -26
0 0

0101101
*
Ed
 1e-07 1 1 0
1  63 0 7.27510600180763 7.85261831401708
4 C0 20 0 23 0
0

0101000
+1386 0 -1385 0 *
Ed
 1e-07 1 1 0
1  64 0 0.531724067258816 1.5707963267949
2  85 33 0 0.531724067258816 1.5707963267949
4 C0 20 0 33 0
0

0101000
+1385 0 -1439 0 *
Ve
1e-07
-52 4.00000000000003 -26
0 0

0101101
*
Ed
 1e-07 1 1 0
1  65 0 1.5707963267949 3.14159265358979
2  86 34 0 1.5707963267949 3.14159265358979
4 C0 20 0 34 0
0

0101000
+1440 0 -1382 0 *
Ve
1e-07
-52 88.4690089427119 -26
0 0

0101101
*
Ed
 1e-07 1 1 0
1  66 0 4.53099105728811 89
4 C0 20 0 44 0
0

0101000
+1380 0 -1382 0 *
Ve
7.97961647418011e-05
-18.5472369909914 89.9295881185805 -26
0 0

0101101
*
Ed
 1e-07 1 1 0
1  67 0 -33.6156157887249 -0.130982828725529
2  87 45 0 -33.6156157887249 -0.130982828725529
4 G1 20 0 45 0
0

0101000
+1380 0 -1378 0 *
Ed
 1e-07 1 1 0
1  68 0 -81.3728583486433 6.0870326546226
2  88 35 0 -81.3728583486433 6.0870326546226
4 G1 20 0 35 0
0

0101000
+1378 0 -1386 0 *
Wi

0101100
+1384 0 +1383 0 -1438 0 +1381 0 -1379 0 +1377 0 +1376 0 *
Ed
 1e-07 1 1 0
1  69 0 0 3.14159265358979
2  89 18 0 0 3.14159265358979
4 C0 20 0 18 0
0

0101000
+1488 0 -1483 0 *
Wi

0101100
+1374 0 +1481 0 *
Fa
0  1e-07 20 0

0101000
-1375 0 -1373 0 *
Ve
1e-07
-52 87.4680562575485 23
0 0

0101101
*
Ve
1e-07
-52 4 23
0 0

0101101
*
Ed
 1e-07 1 1 0
1  70 0 5.5319437424515 89
4 C0 44 0 16 0
0

0101000
+1371 0 -1370 0 *
Ed
 1e-07 1 1 0
1  71 0 -3 0
2  90 42 0 -3 0
4 G1 44 0 42 0
0

0101000
+1370 0 -1393 0 *
Ve
1e-07
-52 91.4718669982018 23
0 0

0101101
*
Ed
 1e-07 1 1 0
1  72 0 4.71238898038469 6.28318530717959
2  91 43 0 4.71238898038469 6.28318530717959
4 C0 44 0 43 0
0

0101000
+1395 0 -1367 0 *
Ve
1e-07
-52 91.4718669982018 -23
0 0

0101101
*
Ed
 1e-07 1 1 0
1  73 0 3 49
4 C0 44 0 9 0
0

0101000
+1367 0 -1365 0 *
Ed
 1e-07 1 1 0
1  74 0 1.15648231731787e-15 1.57079632679489
2  92 45 0 1.15648231731787e-15 1.57079632679489
4 C0 44 0 45 0
0

0101000
+1365 0 -1380 0 *
Ve
1e-07
-52 4 -23
0 0

0101101
*
Ed
 1e-07 1 1 0
1  75 0 -52 -49
2  93 34 0 -52 -49
4 G1 44 0 34 0
0

0101000
+1382 0 -1362 0 *
Ve
1e-07
-52 87.4680562575485 -23
0 0

0101101
*
Ed
 1e-07 1 1 0
1  76 0 5.5319437424515 89
4 C0 44 0 19 0
0

0101000
+1360 0 -1362 0 *
Ve
1e-07
-52 88.4690089427119 -22
0 0

0101101
*
Ed
 1e-07 1 1 0
1  77 0 1.5707963267949 3.14159265358979
2  94 46 0 1.5707963267949 3.14159265358979
4 C0 44 0 46 0
0

0101000
+1360 0 -1358 0 *
Ve
1e-07
-52 88.4690089427119 22
0 0

0101101
*
Ed
 1e-07 1 1 0
1  78 0 4 48
4 C0 44 0 27 0
0

0101000
+1356 0 -1358 0 *
Ed
 1e-07 1 1 0
1  79 0 3.14159265358979 4.71238898038469
2  95 47 0 3.14159265358979 4.71238898038469
4 C0 44 0 47 0
0

0101000
+1356 0 -1371 0 *
Wi

0101100
+1369 0 +1368 0 -1392 0 +1366 0 +1364 0 +1363 0 +1379 0 +1361 0 -1359 0 +1357 0 
-1355 0 +1354 0 *
Fa
0  1e-07 44 0

0111000
-1353 0 *
Ve
0.000966777784912148
-20.7409903034612 92.8366648359393 23
0 0

0101101
*
Ed
 1e-07 1 1 0
1  80 0 0 31.2887896912968
2  96 43 0 0 31.2887896912968
4 G1 9 0 43 0
0

0101000
+1367 0 -1351 0 *
Ed
 0.000150902654416731 1 1 0
1  81 0 5.44723278962429 6.28318530717959
2  97 8 0 5.44723278962429 6.28318530717959
4 G1 9 0 8 0
0

0101000
+1351 0 -1513 0 *
Ed
 1e-07 1 1 0
1  82 0 -31.2887896912968 0
2  98 45 0 -31.2887896912968 0
4 G1 9 0 45 0
0

0101000
+1518 0 -1365 0 *
Wi

0101100
+1350 0 +1349 0 +1511 0 +1348 0 -1364 0 *
Fa
0  1e-07 9 0

0111000
-1347 0 *
Ve
9.50357326386365e-05
-16.9345397671336 90 -22.0311319289217
0 0

0101101
*
Ed
 1e-07 1 1 0
1  83 0 -48.0311319289217 -47.0290599617617
4 C0 26 0 27 0
0

0101000
+1345 0 -1469 0 *
Ed
 9.50357326386365e-05 1 1 0
1  84 0 0 0.00279781218092796
2  99 25 0 0 0.00279781218092796
4 C0 26 0 25 0
0

0101000
+1345 0 -1471 0 *
Wi

0101100
-1344 0 +1343 0 -1468 0 *
Fa
0  1e-07 26 0

0101000
+1342 0 *
Ed
 1e-07 1 1 0
1  85 0 1.5707963267949 4.71238898038469
2  100 22 0 1.5707963267949 4.71238898038469
4 C0 22 0 23 0
0

0101000
+1459 0 -1477 0 *
Ed
 1e-07 1 1 0
1  86 0 0 3.14159265358979
2  101 22 0 0 3.14159265358979
4 C0 22 0 31 0
0

0101000
+1457 0 -1478 0 *
Wi

0101100
+1340 0 -1476 0 -1339 0 +1456 0 *
Fa
0  1e-07 22 0

0111000
+1338 0 *
Wi

0101100
-1455 0 -1339 0 *
Fa
0  1e-07 31 0

0111000
-1336 0 *
Ve
9.52489185660317e-05
-16.9345397671336 90 22.0311319289217
0 0

0101101
*
Ed
 9.52489185660317e-05 1 1 0
1  87 0 1.73472347597681e-18 0.00276972949114531
2  102 29 0 1.73472347597681e-18 0.00276972949114531
4 C0 28 0 29 0
0

0101000
+1465 0 -1334 0 *
Ed
 1e-07 1 1 0
1  88 0 -4.9709400382383 -3.9688680710783
4 C0 28 0 27 0
0

0101000
+1467 0 -1334 0 *
Wi

0101100
-1464 0 +1333 0 -1332 0 *
Fa
0  1e-07 28 0

0101000
+1331 0 *
Ve
1e-07
-17.8885438199983 3.58947550600288 23
0 0

0101101
*
Ve
1e-07
-18.8400473566198 1.97191949374642 23
0 0

0101101
*
Ed
 1e-07 1 1 0
1  89 0 5.97595999855573 7.85261831401708
4 C0 16 0 23 0
0

0101000
+1329 0 -1328 0 *
Ed
 1e-07 1 1 0
1  90 0 0.531724067258816 1.5707963267949
2  103 41 0 0.531724067258816 1.5707963267949
4 C0 16 0 41 0
0

0101000
+1328 0 -1410 0 *
Ed
 1e-07 1 1 0
1  91 0 1.5707963267949 3.14159265358979
2  104 42 0 1.5707963267949 3.14159265358979
4 C0 16 0 42 0
0

0101000
+1411 0 -1370 0 *
Ve
9.17354253721492e-05
-17.8885438199983 88.9573945983501 23
0 0

0101101
*
Ed
 1e-07 1 1 0
1  92 0 -34.1876146011121 -0.043660942908474
2  105 47 0 -34.1876146011121 -0.043660942908474
4 C1 16 0 47 0
0

0101000
+1371 0 -1324 0 *
Ed
 1e-07 1 1 0
1  93 0 -78.9990251586927 6.36889393365452
2  106 30 0 -78.9990251586927 6.36889393365452
4 G1 16 0 30 0
0

0101000
+1324 0 -1329 0 *
Wi

0101100
+1327 0 +1326 0 -1409 0 +1325 0 -1369 0 +1323 0 +1322 0 *
Ed
 1e-07 1 1 0
1  94 0 0 3.14159265358979
2  107 14 0 0 3.14159265358979
4 C0 16 0 14 0
0

0101000
+1498 0 -1493 0 *
Wi

0101100
+1320 0 +1491 0 *
Fa
0  1e-07 16 0

0101000
-1321 0 -1319 0 *
Ve
1e-07
-18.8400473566198 1.97191949374642 -23
0 0

0101101
*
Ed
 1e-07 1 1 0
1  95 0 4.71238898038469 5.75146123992077
2  108 33 0 4.71238898038469 5.75146123992077
4 C0 19 0 33 0
0

0101000
+1437 0 -1317 0 *
Ve
1e-07
-17.8885438199983 3.58947550600288 -23
0 0

0101101
*
Ed
 1e-07 1 1 0
1  96 0 5.97595999855573 7.85261831401708
4 C0 19 0 23 0
0

0101000
+1315 0 -1317 0 *
Ve
9.17354252566478e-05
-17.8885438199983 88.9573945983501 -23
0 0

0101101
*
Ed
 1e-07 1 1 0
1  97 0 3.58947550600288 88.9573945983501
2  109 24 0 3.58947550600288 88.9573945983501
4 G1 19 0 24 0
0

0101000
+1315 0 -1313 0 *
Ed
 1e-07 1 1 0
1  98 0 13.9912508360613 48.1352044942649
2  110 46 0 13.9912508360613 48.1352044942649
4 C1 19 0 46 0
0

0101000
+1313 0 -1360 0 *
Ed
 1e-07 1 1 0
1  99 0 3.14159265358979 4.71238898038469
2  111 34 0 3.14159265358979 4.71238898038469
4 C0 19 0 34 0
0

0101000
+1362 0 -1435 0 *
Wi

0101100
+1434 0 +1316 0 -1314 0 +1312 0 +1311 0 +1359 0 +1310 0 *
Ed
 1e-07 1 1 0
1  100 0 0 3.14159265358979
2  112 18 0 0 3.14159265358979
4 C0 19 0 18 0
0

0101000
+1487 0 -1485 0 *
Wi

0101100
-1308 0 -1484 0 *
Fa
0  1e-07 19 0

0111000
+1309 0 +1307 0 *
Ve
6.44746056392148e-05
-17.9321632073637 89.9564428199319 -22
0 0

0101101
*
Ed
 1e-07 1 1 0
1  101 0 -0.130982828725526 33.9693098865695
2  113 46 0 -0.130982828725526 33.9693098865695
4 C1 27 0 46 0
0

0101000
+1358 0 -1305 0 *
Ed
 6.44746056392148e-05 1 1 0
1  102 0 1.5707963267949 1.63318826333863
2  114 25 0 1.5707963267949 1.63318826333863
4 G1 27 0 25 0
0

0101000
+1305 0 -1345 0 *
Ve
6.44746060471332e-05
-17.9321632073637 89.9564428199319 22
0 0

0101101
*
Ed
 6.44746060471332e-05 1 1 0
1  103 0 4.64999704384095 4.71238898038469
2  115 29 0 4.64999704384095 4.71238898038469
4 G1 27 0 29 0
0

0101000
+1334 0 -1302 0 *
Ed
 1e-07 1 1 0
1  104 0 -34.1002927152951 0
2  116 47 0 -34.1002927152951 0
4 C1 27 0 47 0
0

0101000
+1302 0 -1356 0 *
Wi

0101100
+1304 0 +1303 0 +1344 0 +1466 0 +1332 0 +1301 0 +1300 0 +1355 0 *
Fa
0  1e-07 27 0

0101000
+1299 0 *
Ed
 1e-07 1 1 0
1  105 0 -7 -4
2  117 33 0 -7 -4
4 G1 23 0 33 0
0

0101000
+1317 0 -1385 0 *
Ed
 1e-07 1 1 0
1  106 0 1.5707963267949 1.99562075427379
2  118 35 0 1.5707963267949 1.99562075427379
4 C0 23 0 35 0
0

0101000
+1386 0 -1429 0 *
Ed
 1e-07 1 1 0
1  107 0 4.2875645529058 4.71238898038469
2  119 39 0 4.2875645529058 4.71238898038469
4 C0 23 0 39 0
0

0101000
+1416 0 -1399 0 *
Ed
 1e-07 1 1 0
1  108 0 -56 -53
2  120 41 0 -56 -53
4 G1 23 0 41 0
0

0101000
+1401 0 -1328 0 *
Ed
 1e-07 1 1 0
1  109 0 1.5707963267949 2.01077228158582
2  121 30 0 1.5707963267949 2.01077228158582
4 C0 23 0 30 0
0

0101000
+1329 0 -1461 0 *
Ed
 1e-07 1 1 0
1  110 0 4.27241302559377 4.71238898038469
2  122 24 0 4.27241302559377 4.71238898038469
4 C0 23 0 24 0
0

0101000
+1475 0 -1315 0 *
Wi

0101100
+1314 0 +1297 0 -1384 0 +1296 0 -1428 0 -1449 0 -1414 0 +1295 0 +1398 0 +1294 0 
-1327 0 +1293 0 +1458 0 +1340 0 +1474 0 +1292 0 *
Fa
0  1e-07 23 0

0111000
-1291 0 *
Wi

0101100
-1308 0 -1486 0 +1374 0 +1482 0 *
Fa
0  1e-07 18 0

0111000
+1289 0 *
Wi

0101100
-1389 0 -1496 0 +1320 0 +1492 0 *
Fa
0  1e-07 14 0

0111000
+1287 0 *
Ed
 9.17354252566478e-05 1 1 0
1  111 0 4.27241302559377 4.71238898038469
2  123 24 0 4.27241302559377 4.71238898038469
2  124 25 0 4.27241302559377 4.71238898038469
4 C0 24 0 25 0
0

0101000
+1473 0 -1313 0 *
Wi

0101100
-1472 0 +1285 0 -1312 0 -1292 0 *
Fa
0  1e-07 24 0

0101000
+1284 0 *
Ed
 9.17354253721492e-05 1 1 0
1  112 0 1.5707963267949 2.01077228158582
2  125 30 0 1.5707963267949 2.01077228158582
2  126 29 0 1.5707963267949 2.01077228158582
4 C0 30 0 29 0
0

0101000
+1324 0 -1463 0 *
Wi

0101100
-1322 0 +1282 0 -1460 0 -1293 0 *
Fa
0  1e-07 30 0

0101000
+1281 0 *
Ed
 7.97961647418011e-05 1 1 0
1  113 0 1.5707963267949 1.99562075427379
2  127 35 0 1.5707963267949 1.99562075427379
2  128 48 0 1.5707963267949 1.99562075427379
4 C0 35 0 48 0
0

0101000
+1378 0 -1427 0 *
Wi

0101100
+1296 0 +1426 0 -1279 0 +1376 0 *
Fa
0  1e-07 35 0

0101000
+1278 0 *
Ed
 7.97961648540698e-05 1 1 0
1  114 0 4.2875645529058 4.71238898038469
2  129 39 0 4.2875645529058 4.71238898038469
2  130 49 0 4.2875645529058 4.71238898038469
4 C0 39 0 49 0
0

0101000
+1418 0 -1397 0 *
Wi

0101100
+1295 0 +1396 0 -1276 0 +1415 0 *
Fa
0  1e-07 39 0

0101000
+1275 0 *
Wi

0101100
-1504 0 -1430 0 +1501 0 -1445 0 *
Fa
0  1e-07 12 0

0111000
+1273 0 *
Ve
0.00096677778491294
-18.6653623705894 92.6351041182124 -24.2908251509908
0 0

0101101
*
Ed
 0.00096677778491294 1 1 0
1  115 0 7.75791922889773e-18 0.00245256755443727
2  131 45 0 7.75791922889773e-18 0.00245256755443727
2  132 6 0 7.75791922889773e-18 0.00245256755443727
4 C0 45 0 6 0
0

0101000
+1518 0 -1271 0 *
Ed
 1e-07 1 1 0
1  116 0 4.71238898038472 5.83838785424564
2  133 45 0 4.71238898038472 5.83838785424564
2  134 48 0 4.71238898038472 5.83838785424564
4 G1 45 0 48 0
0

0101000
+1378 0 -1271 0 *
Wi

0101100
-1348 0 +1270 0 -1269 0 -1377 0 -1363 0 *
Fa
0  1e-07 45 0

0101000
+1268 0 *
Ed
 0.000466703869833882 1 1 0
1  117 0 0 0.00739056037846053
2  135 48 0 0 0.00739056037846053
2  136 36 0 0 0.00739056037846053
4 C0 48 0 36 0
0

0101000
+1271 0 -1427 0 *
Wi

0101100
+1269 0 +1266 0 -1279 0 *
Fa
0  1e-07 48 0

0111000
+1265 0 *
Ve
0.000966777784912148
-18.6653623705894 92.6351041182124 24.2908251509908
0 0

0101101
*
Ed
 1e-07 1 1 0
1  118 0 0.444797452933945 1.5707963267949
2  137 43 0 0.444797452933945 1.5707963267949
2  138 49 0 0.444797452933945 1.5707963267949
4 G1 43 0 49 0
0

0101000
+1263 0 -1397 0 *
Ed
 0.000966777784912148 1 1 0
1  119 0 7.75791922889773e-18 0.00245256755443726
2  139 43 0 7.75791922889773e-18 0.00245256755443726
2  140 37 0 7.75791922889773e-18 0.00245256755443726
4 C0 43 0 37 0
0

0101000
+1263 0 -1351 0 *
Wi

0101100
-1262 0 +1261 0 -1350 0 -1366 0 -1394 0 *
Fa
0  1e-07 43 0

0101000
+1260 0 *
Ed
 0.000463663846737549 1 1 0
1  120 0 -2.060814126933e-05 0.00738859985653261
2  141 49 0 -2.060814126933e-05 0.00738859985653261
2  142 38 0 -2.060814126933e-05 0.00738859985653261
4 C0 49 0 38 0
0

0101000
+1418 0 -1263 0 *
Wi

0101100
-1276 0 +1258 0 +1262 0 *
Fa
0  1e-07 49 0

0111000
+1257 0 *
Ed
 1e-07 1 1 0
1  121 0 5.08804516343503 6.28318530717959
2  143 38 0 5.08804516343503 6.28318530717959
2  144 37 0 5.08804516343503 6.28318530717959
4 C0 38 0 37 0
0

0101000
+1263 0 -1420 0 *
Ed
 1e-07 1 1 1
2  145 38 0 0 0.999538315691476
0

0101000
+1418 0 -1418 0 *
Wi

0101100
+1255 0 +1417 0 +1254 0 +1258 0 *
Fa
0  1e-07 38 0

0111000
+1253 0 *
Ed
 1e-07 1 1 0
1  122 0 4.7416386974473 6.28318530717959
2  146 37 0 4.7416386974473 6.28318530717959
2  147 8 0 4.7416386974473 6.28318530717959
4 C0 37 0 8 0
0

0101000
+1351 0 -1422 0 *
Wi

0101100
+1261 0 +1251 0 +1419 0 -1255 0 *
Fa
0  1e-07 37 0

0111000
+1250 0 *
Wi

0101100
+1421 0 -1251 0 +1349 0 +1512 0 *
Fa
0  1e-07 8 0

0111000
+1248 0 *
Ed
 1e-07 1 1 0
1  123 0 5.08804516343499 6.28318530717959
2  148 6 0 5.08804516343499 6.28318530717959
2  149 36 0 5.08804516343499 6.28318530717959
4 C0 6 0 36 0
0

0101000
+1271 0 -1425 0 *
Wi

0101100
+1270 0 +1246 0 +1423 0 -1516 0 *
Fa
0  1e-07 6 0

0111000
+1245 0 *
Ed
 1e-07 1 1 1
2  150 36 0 0 1.00002343310669
0

0101000
+1427 0 -1427 0 *
Wi

0101100
-1246 0 +1266 0 +1243 0 +1424 0 *
Fa
0  1e-07 36 0

0111000
+1242 0 *
Ed
 1e-07 1 1 0
1  124 0 3.14159265358979 4.71238898038469
2  151 46 0 3.14159265358979 4.71238898038469
2  152 25 0 3.14159265358979 4.71238898038469
4 G1 46 0 25 0
0

0101000
+1305 0 -1313 0 *
Wi

0101100
+1304 0 +1240 0 +1311 0 +1357 0 *
Fa
0  1e-07 46 0

0101000
+1239 0 *
Wi

0101100
+1303 0 +1343 0 +1470 0 +1285 0 -1240 0 *
Fa
0  1e-07 25 0

0111000
+1237 0 *
Ed
 1e-07 1 1 0
1  125 0 1.5707963267949 3.14159265358979
2  153 47 0 1.5707963267949 3.14159265358979
2  154 29 0 1.5707963267949 3.14159265358979
4 G1 47 0 29 0
0

0101000
+1324 0 -1302 0 *
Wi

0101100
+1323 0 +1235 0 +1300 0 +1354 0 *
Fa
0  1e-07 47 0

0101000
+1234 0 *
Wi

0101100
+1333 0 +1301 0 -1235 0 +1282 0 +1462 0 *
Fa
0  1e-07 29 0

0111000
+1232 0 *
Wi

0101100
-1383 0 -1297 0 -1316 0 -1436 0 *
Fa
0  1e-07 33 0

0111000
+1230 0 *
Wi

0101100
-1326 0 -1294 0 -1400 0 -1407 0 *
Fa
0  1e-07 41 0

0111000
+1228 0 *
Wi

0101100
-1391 0 -1368 0 -1325 0 -1404 0 *
Fa
0  1e-07 42 0

0111000
+1226 0 *
Wi

0101100
-1310 0 -1361 0 -1381 0 -1433 0 *
Fa
0  1e-07 34 0

0111000
+1224 0 *
Ed
 1e-07 1 1 0
1  126 0 3.14159265358979 6.28318530717959
2  155 3 0 3.14159265358979 6.28318530717959
4 C0 3 0 2 0
0

0101000
+1527 0 -1528 0 *
Wi

0101100
-1524 0 -1222 0 +1521 0 +1443 0 *
Fa
0  1e-07 3 0

0111000
+1221 0 *
Wi

0101100
+1222 0 +1526 0 *
Fa
0  1e-07 2 0

0111000
+1219 0 *
Sh

0101100
+1519 0 -1509 0 +1499 0 -1489 0 -1479 0 -1453 0 +1446 0 +1441 0 -1431 0 +1412 0 
-1402 0 +1387 0 -1372 0 -1352 0 -1346 0 +1341 0 -1337 0 -1335 0 +1330 0 -1318 0 
+1306 0 +1298 0 -1290 0 -1288 0 -1286 0 +1283 0 +1280 0 -1277 0 -1274 0 +1272 0 
+1267 0 +1264 0 +1259 0 +1256 0 -1252 0 -1249 0 -1247 0 -1244 0 -1241 0 -1238 0 
-1236 0 -1233 0 -1231 0 +1229 0 +1227 0 +1225 0 +1223 0 +1220 0 +1218 0 *
So

0100000
+1217 0 *
Ve
1e-07
24 14 -14.8891504716986
0 0

0101101
*
Ve
1e-07
-101 14 -14.8891504716986
0 0

0101101
*
Ed
 1e-07 1 1 0
1  127 0 3.14159265358979 6.28318530717959
2  156 50 0 3.14159265358979 6.28318530717959
2  157 51 0 3.14159265358979 6.28318530717959
4 G1 50 0 51 0
0

0101000
+1215 0 -1214 0 *
Ve
1e-07
23.9059997880006 14 -15.0587501324996
0 0

0101101
*
Ed
 1e-07 1 1 0
1  128 0 3.14159265358979 4.15378966504124
2  158 50 0 3.14159265358979 4.15378966504124
2  159 52 0 3.14159265358979 4.15378966504124
4 CN 50 0 52 0
0

0101000
+1215 0 -1212 0 *
Ve
1e-07
-100.905999788001 14 -15.0587501324996
0 0

0101101
*
Ed
 1e-07 1 1 0
1  129 0 3.14159265358979 6.28318530717959
2  160 50 0 3.14159265358979 6.28318530717959
2  161 53 0 3.14159265358979 6.28318530717959
4 G1 50 0 53 0
0

0101000
+1210 0 -1212 0 *
Ed
 1e-07 1 1 0
1  130 0 4.71238898038469 5.72458599183444
2  162 50 0 4.71238898038469 5.72458599183444
2  163 52 0 4.71238898038469 5.72458599183444
4 CN 50 0 52 0
0

0101000
+1214 0 -1210 0 *
Wi

0101100
-1213 0 +1211 0 -1209 0 -1208 0 *
Fa
0  1e-07 50 0

0111000
+1207 0 *
Ve
1e-07
-97.0486405427184 14 17.469599660801
0 0

0101101
*
Ve
1e-07
20.0486405427183 14 17.469599660801
0 0

0101101
*
Ed
 1e-07 1 1 0
1  131 0 3.14159265358979 6.28318530717959
2  164 54 0 3.14159265358979 6.28318530717959
2  165 55 0 3.14159265358979 6.28318530717959
4 G1 54 0 55 0
0

0101000
+1205 0 -1204 0 *
Ve
1e-07
-96.9426407547177 14 17.5
0 0

0101101
*
Ed
 1e-07 1 1 0
1  132 0 1.012197011451 1.5707963267949
2  166 54 0 1.012197011451 1.5707963267949
2  167 56 0 1.012197011451 1.5707963267949
4 CN 54 0 56 0
0

0101000
+1205 0 -1202 0 *
Ve
1e-07
19.9426407547177 14 17.5
0 0

0101101
*
Ed
 1e-07 1 1 0
1  133 0 0 3.14159265358979
2  168 54 0 0 3.14159265358979
4 G1 54 0 57 0
0

0101000
+1200 0 -1202 0 *
Ed
 1e-07 1 1 0
1  134 0 2.58299333824634 3.14159265358979
2  169 54 0 2.58299333824634 3.14159265358979
2  170 56 0 2.58299333824634 3.14159265358979
4 CN 54 0 56 0
0

0101000
+1204 0 -1200 0 *
Wi

0101100
-1203 0 +1201 0 -1199 0 -1198 0 *
Fa
0  1e-07 54 0

0111000
+1197 0 *
Ve
1e-07
11.5 14 17.7
0 0

0101101
*
Ve
1e-07
11.7 14 17.5
0 0

0101101
*
Ed
 1e-07 1 1 0
1  135 0 4.71238898038469 6.28318530717959
2  171 58 0 4.71238898038469 6.28318530717959
2  172 59 0 4.71238898038469 6.28318530717959
4 CN 58 0 59 0
0

0101000
+1195 0 -1194 0 *
Ve
1e-07
-88.7 14 17.5
0 0

0101101
*
Ed
 1e-07 1 1 0
1  136 0 0 3.14159265358979
2  173 58 0 0 3.14159265358979
4 G1 58 0 57 0
0

0101000
+1194 0 -1192 0 *
Ve
1e-07
-88.5 14 17.7
0 0

0101101
*
Ed
 1e-07 1 1 0
1  137 0 3.14159265358979 4.71238898038469
2  174 58 0 3.14159265358979 4.71238898038469
2  175 59 0 3.14159265358979 4.71238898038469
4 CN 58 0 59 0
0

0101000
+1190 0 -1192 0 *
Ed
 1e-07 1 1 0
1  138 0 3.14159265358979 6.28318530717959
2  176 58 0 3.14159265358979 6.28318530717959
2  177 60 0 3.14159265358979 6.28318530717959
4 G1 58 0 60 0
0

0101000
+1190 0 -1195 0 *
Wi

0101100
+1193 0 +1191 0 -1189 0 +1188 0 *
Fa
0  1e-07 58 0

0111000
+1187 0 *
Ve
1e-07
20.0486405427183 14 -17.469599660801
0 0

0101101
*
Ve
1e-07
-97.0486405427184 14 -17.469599660801
0 0

0101101
*
Ed
 1e-07 1 1 0
1  139 0 3.14159265358979 6.28318530717959
2  178 61 0 3.14159265358979 6.28318530717959
2  179 53 0 3.14159265358979 6.28318530717959
4 G1 61 0 53 0
0

0101000
+1185 0 -1184 0 *
Ve
1e-07
19.9426407547177 14 -17.5
0 0

0101101
*
Ed
 1e-07 1 1 0
1  140 0 4.15378966504123 4.71238898038469
2  180 61 0 4.15378966504123 4.71238898038469
2  181 62 0 4.15378966504123 4.71238898038469
4 CN 61 0 62 0
0

0101000
+1185 0 -1182 0 *
Ve
1e-07
-96.9426407547177 14 -17.5
0 0

0101101
*
Ed
 1e-07 1 1 0
1  141 0 0 3.14159265358979
2  182 61 0 0 3.14159265358979
4 G1 61 0 63 0
0

0101000
+1180 0 -1182 0 *
Ed
 1e-07 1 1 0
1  142 0 5.72458599183569 6.28318530717959
2  183 61 0 5.72458599183569 6.28318530717959
2  184 62 0 5.72458599183569 6.28318530717959
4 CN 61 0 62 0
0

0101000
+1184 0 -1180 0 *
Wi

0101100
-1183 0 +1181 0 -1179 0 -1178 0 *
Fa
0  1e-07 61 0

0111000
+1177 0 *
Ve
1e-07
-101 14 14.8891504716986
0 0

0101101
*
Ve
1e-07
24 14 14.8891504716986
0 0

0101101
*
Ed
 1e-07 1 1 0
1  143 0 3.14159265358979 6.28318530717959
2  185 64 0 3.14159265358979 6.28318530717959
2  186 51 0 3.14159265358979 6.28318530717959
4 G1 64 0 51 0
0

0101000
+1175 0 -1174 0 *
Ve
1e-07
-100.905999788001 14 15.0587501324996
0 0

0101101
*
Ed
 1e-07 1 1 0
1  144 0 0 1.01219701144975
2  187 64 0 0 1.01219701144975
2  188 65 0 0 1.01219701144975
4 CN 64 0 65 0
0

0101000
+1175 0 -1172 0 *
Ve
1e-07
23.9059997880006 14 15.0587501324996
0 0

0101101
*
Ed
 1e-07 1 1 0
1  145 0 3.14159265358979 6.28318530717959
2  189 64 0 3.14159265358979 6.28318530717959
2  190 55 0 3.14159265358979 6.28318530717959
4 G1 64 0 55 0
0

0101000
+1170 0 -1172 0 *
Ed
 1e-07 1 1 0
1  146 0 1.5707963267949 2.58299333824635
2  191 64 0 1.5707963267949 2.58299333824635
2  192 65 0 1.5707963267949 2.58299333824635
4 CN 64 0 65 0
0

0101000
+1174 0 -1170 0 *
Wi

0101100
-1173 0 +1171 0 -1169 0 -1168 0 *
Fa
0  1e-07 64 0

0111000
+1167 0 *
Ve
1e-07
-88.5 14 -17.7
0 0

0101101
*
Ve
1e-07
-88.7 14 -17.5
0 0

0101101
*
Ed
 1e-07 1 1 0
1  147 0 1.5707963267949 3.14159265358979
2  193 66 0 1.5707963267949 3.14159265358979
2  194 67 0 1.5707963267949 3.14159265358979
4 CN 66 0 67 0
0

0101000
+1165 0 -1164 0 *
Ve
1e-07
11.7 14 -17.5
0 0

0101101
*
Ed
 1e-07 1 1 0
1  148 0 0 3.14159265358979
2  195 66 0 0 3.14159265358979
4 G1 66 0 63 0
0

0101000
+1164 0 -1162 0 *
Ve
1e-07
11.5 14 -17.7
0 0

0101101
*
Ed
 1e-07 1 1 0
1  149 0 0 1.5707963267949
2  196 66 0 0 1.5707963267949
2  197 67 0 0 1.5707963267949
4 CN 66 0 67 0
0

0101000
+1160 0 -1162 0 *
Ed
 1e-07 1 1 0
1  150 0 3.14159265358979 6.28318530717959
2  198 66 0 3.14159265358979 6.28318530717959
2  199 68 0 3.14159265358979 6.28318530717959
4 G1 66 0 68 0
0

0101000
+1160 0 -1165 0 *
Wi

0101100
+1163 0 +1161 0 -1159 0 +1158 0 *
Fa
0  1e-07 66 0

0111000
+1157 0 *
Ve
1e-07
-81.5 14 -18.8
0 0

0101101
*
Ve
1e-07
4.49999999999999 14 -18.8
0 0

0101101
*
Ed
 1e-07 1 1 0
1  151 0 3.14159265358979 6.28318530717959
2  200 69 0 3.14159265358979 6.28318530717959
2  201 70 0 3.14159265358979 6.28318530717959
4 G1 69 0 70 0
0

0101000
+1155 0 -1154 0 *
Ve
1e-07
-81.7 14 -19
0 0

0101101
*
Ed
 1e-07 1 1 0
1  152 0 3.14159265358979 4.71238898038469
2  202 69 0 3.14159265358979 4.71238898038469
2  203 71 0 3.14159265358979 4.71238898038469
4 CN 69 0 71 0
0

0101000
+1155 0 -1152 0 *
Ve
1e-07
4.7 14 -19
0 0

0101101
*
Ed
 1e-07 1 1 0
1  153 0 0 3.14159265358979
2  204 69 0 0 3.14159265358979
4 G1 69 0 72 0
0

0101000
+1150 0 -1152 0 *
Ed
 1e-07 1 1 0
1  154 0 4.71238898038469 6.28318530717959
2  205 69 0 4.71238898038469 6.28318530717959
2  206 71 0 4.71238898038469 6.28318530717959
4 CN 69 0 71 0
0

0101000
+1154 0 -1150 0 *
Wi

0101100
-1153 0 +1151 0 -1149 0 -1148 0 *
Fa
0  1e-07 69 0

0111000
+1147 0 *
Ve
1e-07
-81.7 14 19
0 0

0101101
*
Ve
1e-07
4.7 14 19
0 0

0101101
*
Ed
 1e-07 1 1 0
1  155 0 3.14159265358979 6.28318530717959
2  207 73 0 3.14159265358979 6.28318530717959
4 G1 73 0 74 0
0

0101000
+1145 0 -1144 0 *
Ve
1e-07
-81.5 14 18.8
0 0

0101101
*
Ed
 1e-07 1 1 0
1  156 0 1.5707963267949 3.14159265358979
2  208 73 0 1.5707963267949 3.14159265358979
2  209 75 0 1.5707963267949 3.14159265358979
4 CN 73 0 75 0
0

0101000
+1145 0 -1142 0 *
Ve
1e-07
4.49999999999999 14 18.8
0 0

0101101
*
Ed
 1e-07 1 1 0
1  157 0 0 3.14159265358979
2  210 73 0 0 3.14159265358979
2  211 76 0 0 3.14159265358979
4 G1 73 0 76 0
0

0101000
+1140 0 -1142 0 *
Ed
 1e-07 1 1 0
1  158 0 3.14159265358979 4.71238898038469
2  212 73 0 3.14159265358979 4.71238898038469
2  213 75 0 3.14159265358979 4.71238898038469
4 CN 73 0 75 0
0

0101000
+1144 0 -1140 0 *
Wi

0101100
-1143 0 +1141 0 -1139 0 -1138 0 *
Fa
0  1e-07 73 0

0111000
+1137 0 *
Ed
 1e-07 1 1 0
1  159 0 0.0573592452823002 4.60614103772719
2  214 53 0 0.0573592452823002 4.60614103772719
2  215 77 0 0.0573592452823002 4.60614103772719
4 CN 53 0 77 0
0

0101000
+1184 0 -1210 0 *
Ed
 1e-07 1 1 0
1  160 0 0.0573592452822129 4.60614103772686
2  216 53 0 0.0573592452822129 4.60614103772686
2  217 77 0 0.0573592452822129 4.60614103772686
4 CN 53 0 77 0
0

0101000
+1185 0 -1212 0 *
Wi

0101100
+1183 0 +1135 0 +1209 0 -1134 0 *
Fa
0  1e-07 53 0

0111000
+1133 0 *
Ed
 1e-07 1 1 0
1  161 0 0.0573592452822129 4.60614103772686
2  218 55 0 0.0573592452822129 4.60614103772686
2  219 78 0 0.0573592452822129 4.60614103772686
4 CN 55 0 78 0
0

0101000
+1204 0 -1170 0 *
Ed
 1e-07 1 1 0
1  162 0 0.0573592452823002 4.60614103772719
2  220 55 0 0.0573592452823002 4.60614103772719
2  221 78 0 0.0573592452823002 4.60614103772719
4 CN 55 0 78 0
0

0101000
+1205 0 -1172 0 *
Wi

0101100
+1203 0 +1131 0 +1169 0 -1130 0 *
Fa
0  1e-07 55 0

0111000
+1129 0 *
Ve
1e-07
-33.5 14 -7
0 0

0101101
*
Ve
1e-07
-33.5 14 7
0 0

0101101
*
Ed
 1e-07 1 1 0
1  163 0 12 26
2  222 79 0 12 26
2  223 80 0 12 26
4 CN 79 0 80 0
0

0101000
+1127 0 -1126 0 *
Ve
1e-07
-43.5 14 7
0 0

0101101
*
Ed
 1e-07 1 1 0
1  164 0 3.14159265358979 6.28318530717959
2  224 79 0 3.14159265358979 6.28318530717959
4 C0 79 0 81 0
0

0101000
+1124 0 -1126 0 *
Ve
1e-07
-43.5 14 -7
0 0

0101101
*
Ed
 1e-07 1 1 0
1  165 0 12 26
2  225 79 0 12 26
2  226 80 0 12 26
4 CN 79 0 80 0
0

0101000
+1122 0 -1124 0 *
Ed
 1e-07 1 1 0
1  166 0 3.14159265358979 6.28318530717959
2  227 79 0 3.14159265358979 6.28318530717959
4 C0 79 0 82 0
0

0101000
+1127 0 -1122 0 *
Wi

0101100
+1125 0 -1123 0 -1121 0 -1120 0 *
Fa
0  1e-07 79 0

0111000
+1119 0 *
Ve
1e-07
-46 14 -7
0 0

0101101
*
Ve
1e-07
-46 14 -9
0 0

0101101
*
Ed
 1e-07 1 1 0
1  167 0 -0 2
2  228 83 0 -0 2
2  229 84 0 -0 2
4 CN 83 0 84 0
0

0101000
+1117 0 -1116 0 *
Ve
1e-07
-31 14 -9
0 0

0101101
*
Ed
 1e-07 1 1 0
1  168 0 3.14159265358979 6.28318530717959
2  230 83 0 3.14159265358979 6.28318530717959
4 C0 83 0 85 0
0

0101000
+1116 0 -1114 0 *
Ve
1e-07
-31 14 -7
0 0

0101101
*
Ed
 1e-07 1 1 0
1  169 0 -0 2
2  231 83 0 -0 2
2  232 84 0 -0 2
4 CN 83 0 84 0
0

0101000
+1112 0 -1114 0 *
Ed
 1e-07 1 1 0
1  170 0 3.14159265358979 6.28318530717959
2  233 83 0 3.14159265358979 6.28318530717959
4 C0 83 0 82 0
0

0101000
+1117 0 -1112 0 *
Wi

0101100
+1115 0 +1113 0 -1111 0 -1110 0 *
Fa
0  1e-07 83 0

0111000
+1109 0 *
Ve
1e-07
-81.5 14 -9
0 0

0101101
*
Ed
 1e-07 1 1 0
1  171 0 -0 9.8
2  234 86 0 -0 9.8
2  235 70 0 -0 9.8
4 CN 86 0 70 0
0

0101000
+1107 0 -1155 0 *
Ed
 1e-07 1 1 0
1  172 0 0 3.14159265358979
2  236 86 0 0 3.14159265358979
2  237 71 0 0 3.14159265358979
4 G1 86 0 71 0
0

0101000
+1154 0 -1155 0 *
Ve
1e-07
4.49999999999999 14 -9
0 0

0101101
*
Ed
 1e-07 1 1 0
1  173 0 -0 9.8
2  238 86 0 -0 9.8
2  239 70 0 -0 9.8
4 CN 86 0 70 0
0

0101000
+1104 0 -1154 0 *
Ed
 1e-07 1 1 0
1  174 0 3.14159265358979 6.28318530717959
2  240 86 0 3.14159265358979 6.28318530717959
4 C0 86 0 85 0
0

0101000
+1107 0 -1104 0 *
Wi

0101100
+1106 0 -1105 0 -1103 0 -1102 0 *
Fa
0  1e-07 86 0

0111000
+1101 0 *
Ed
 1e-07 1 1 0
1  175 0 0 3.14159265358979
2  241 87 0 0 3.14159265358979
2  242 67 0 0 3.14159265358979
4 G1 87 0 67 0
0

0101000
+1165 0 -1160 0 *
Ve
1e-07
11.5 14 -19
0 0

0101101
*
Ed
 1e-07 1 1 0
1  176 0 0.199999999999999 1.5
2  243 87 0 0.199999999999999 1.5
2  244 68 0 0.199999999999999 1.5
4 CN 87 0 68 0
0

0101000
+1160 0 -1098 0 *
Ve
1e-07
-88.5 14 -19
0 0

0101101
*
Ed
 1e-07 1 1 0
1  177 0 0 3.14159265358979
2  245 87 0 0 3.14159265358979
4 C0 87 0 72 0
0

0101000
+1098 0 -1096 0 *
Ed
 1e-07 1 1 0
1  178 0 0.199999999999999 1.5
2  246 87 0 0.199999999999999 1.5
2  247 68 0 0.199999999999999 1.5
4 CN 87 0 68 0
0

0101000
+1165 0 -1096 0 *
Wi

0101100
+1099 0 +1097 0 +1095 0 -1094 0 *
Fa
0  1e-07 87 0

0111000
+1093 0 *
Ve
1e-07
-31 14 7
0 0

0101101
*
Ve
1e-07
-31 14 9
0 0

0101101
*
Ed
 1e-07 1 1 0
1  179 0 0 2
2  248 88 0 0 2
2  249 89 0 0 2
4 CN 88 0 89 0
0

0101000
+1091 0 -1090 0 *
Ve
1e-07
-46 14 9
0 0

0101101
*
Ed
 1e-07 1 1 0
1  180 0 3.14159265358979 6.28318530717959
2  250 88 0 3.14159265358979 6.28318530717959
4 C0 88 0 90 0
0

0101000
+1088 0 -1090 0 *
Ve
1e-07
-46 14 7
0 0

0101101
*
Ed
 1e-07 1 1 0
1  181 0 0 2
2  251 88 0 0 2
2  252 89 0 0 2
4 CN 88 0 89 0
0

0101000
+1086 0 -1088 0 *
Ed
 1e-07 1 1 0
1  182 0 3.14159265358979 6.28318530717959
2  253 88 0 3.14159265358979 6.28318530717959
4 C0 88 0 81 0
0

0101000
+1086 0 -1091 0 *
Wi

0101100
+1089 0 -1087 0 -1085 0 +1084 0 *
Fa
0  1e-07 88 0

0111000
+1083 0 *
Ed
 1e-07 1 1 0
1  183 0 0 3.14159265358979
2  254 91 0 0 3.14159265358979
2  255 59 0 0 3.14159265358979
4 G1 91 0 59 0
0

0101000
+1195 0 -1190 0 *
Ve
1e-07
-88.5 14 19
0 0

0101101
*
Ed
 1e-07 1 1 0
1  184 0 0.199999999999999 1.5
2  256 91 0 0.199999999999999 1.5
2  257 60 0 0.199999999999999 1.5
4 CN 91 0 60 0
0

0101000
+1190 0 -1080 0 *
Ve
1e-07
11.5 14 19
0 0

0101101
*
Ed
 1e-07 1 1 0
1  185 0 0 3.14159265358979
2  258 91 0 0 3.14159265358979
4 C0 91 0 74 0
0

0101000
+1078 0 -1080 0 *
Ed
 1e-07 1 1 0
1  186 0 0.199999999999999 1.5
2  259 91 0 0.199999999999999 1.5
2  260 60 0 0.199999999999999 1.5
4 CN 91 0 60 0
0

0101000
+1195 0 -1078 0 *
Wi

0101100
+1081 0 +1079 0 -1077 0 -1076 0 *
Fa
0  1e-07 91 0

0111000
+1075 0 *
Ve
1e-07
4.49999999999999 14 9
0 0

0101101
*
Ed
 1e-07 1 1 0
1  187 0 0 9.8
2  261 92 0 0 9.8
2  262 76 0 0 9.8
4 CN 92 0 76 0
0

0101000
+1073 0 -1140 0 *
Ed
 1e-07 1 1 0
1  188 0 3.14159265358979 6.28318530717959
2  263 92 0 3.14159265358979 6.28318530717959
2  264 75 0 3.14159265358979 6.28318530717959
4 G1 92 0 75 0
0

0101000
+1142 0 -1140 0 *
Ve
1e-07
-81.5 14 9
0 0

0101101
*
Ed
 1e-07 1 1 0
1  189 0 0 9.8
2  265 92 0 0 9.8
2  266 76 0 0 9.8
4 CN 92 0 76 0
0

0101000
+1070 0 -1142 0 *
Ed
 1e-07 1 1 0
1  190 0 3.14159265358979 6.28318530717959
2  267 92 0 3.14159265358979 6.28318530717959
4 C0 92 0 90 0
0

0101000
+1070 0 -1073 0 *
Wi

0101100
+1072 0 -1071 0 -1069 0 +1068 0 *
Fa
0  1e-07 92 0

0111000
+1067 0 *
Ed
 1e-07 1 1 0
1  191 0 4.1108495283014 33.8891504716986
2  268 51 0 4.1108495283014 33.8891504716986
2  269 93 0 4.1108495283014 33.8891504716986
4 CN 51 0 93 0
0

0101000
+1174 0 -1215 0 *
Ed
 1e-07 1 1 0
1  192 0 4.1108495283014 33.8891504716986
2  270 51 0 4.1108495283014 33.8891504716986
2  271 93 0 4.1108495283014 33.8891504716986
4 CN 51 0 93 0
0

0101000
+1175 0 -1214 0 *
Wi

0101100
+1173 0 +1065 0 +1213 0 -1064 0 *
Fa
0  1e-07 51 0

0111000
+1063 0 *
Ed
 1e-07 1 1 0
1  193 0 0 3.14159265358979
2  272 70 0 0 3.14159265358979
4 C0 85 0 70 0
0

0101000
+1104 0 -1107 0 *
Wi

0101100
-1102 0 -1061 0 *
Ed
 1e-07 1 1 0
1  194 0 0 3.14159265358979
2  273 84 0 0 3.14159265358979
4 C0 85 0 84 0
0

0101000
+1114 0 -1116 0 *
Wi

0101100
+1113 0 +1059 0 *
Fa
0  1e-07 85 0

0111000
+1060 0 +1058 0 *
Ed
 1e-07 1 1 0
1  195 0 0 3.14159265358979
2  274 93 0 0 3.14159265358979
2  275 65 0 0 3.14159265358979
4 G1 93 0 65 0
0

0101000
+1174 0 -1175 0 *
Ed
 1e-07 1 1 0
1  196 0 0 3.14159265358979
2  276 93 0 0 3.14159265358979
2  277 52 0 0 3.14159265358979
4 G1 93 0 52 0
0

0101000
+1214 0 -1215 0 *
Wi

0101100
-1065 0 +1056 0 +1064 0 +1055 0 *
Fa
0  1e-07 93 0

0111000
+1054 0 *
Ed
 1e-07 1 1 0
1  197 0 3.14159265358979 6.28318530717959
2  278 60 0 3.14159265358979 6.28318530717959
4 C0 74 0 60 0
0

0101000
+1080 0 -1078 0 *
Wi

0101100
+1077 0 +1052 0 *
Ed
 1e-07 1 1 0
1  198 0 0 3.14159265358979
2  279 75 0 0 3.14159265358979
4 G1 74 0 75 0
0

0101000
+1144 0 -1145 0 *
Wi

0101100
+1050 0 +1143 0 *
Fa
0  1e-07 74 0

0111000
+1051 0 +1049 0 *
Ed
 1e-07 1 1 0
1  199 0 0 3.14159265358979
2  280 76 0 0 3.14159265358979
4 C0 76 0 90 0
0

0101000
+1073 0 -1070 0 *
Wi

0101100
-1139 0 -1072 0 +1047 0 +1069 0 *
Fa
0  1e-07 76 0

0111000
+1046 0 *
Wi

0101100
+1047 0 +1068 0 *
Ed
 1e-07 1 1 0
1  200 0 0 3.14159265358979
2  281 89 0 0 3.14159265358979
4 C0 90 0 89 0
0

0101000
+1090 0 -1088 0 *
Wi

0101100
-1043 0 -1087 0 *
Fa
0  1e-07 90 0

0111000
+1044 0 +1042 0 *
Ed
 1e-07 1 1 0
1  201 0 3.14159265358979 6.28318530717959
2  282 56 0 3.14159265358979 6.28318530717959
4 G1 57 0 56 0
0

0101000
+1202 0 -1200 0 *
Wi

0101100
+1199 0 +1040 0 *
Ed
 1e-07 1 1 0
1  202 0 3.14159265358979 6.28318530717959
2  283 59 0 3.14159265358979 6.28318530717959
4 G1 57 0 59 0
0

0101000
+1192 0 -1194 0 *
Wi

0101100
+1191 0 +1038 0 *
Fa
0  1e-07 57 0

0111000
+1039 0 +1037 0 *
Wi

0101100
-1079 0 +1188 0 +1076 0 -1052 0 *
Fa
0  1e-07 60 0

0111000
+1035 0 *
Ed
 1e-07 1 1 0
1  203 0 0 3.14159265358979
2  284 89 0 0 3.14159265358979
4 C0 89 0 81 0
0

0101000
+1091 0 -1086 0 *
Wi

0101100
-1043 0 -1089 0 +1033 0 +1085 0 *
Fa
0  1e-07 89 0

0111000
+1032 0 *
Wi

0101100
+1033 0 +1084 0 *
Ed
 1e-07 1 1 0
1  204 0 0 3.14159265358979
2  285 80 0 0 3.14159265358979
4 C0 81 0 80 0
0

0101000
+1126 0 -1124 0 *
Wi

0101100
-1029 0 -1123 0 *
Fa
0  1e-07 81 0

0111000
+1030 0 +1028 0 *
Ed
 1e-07 1 1 0
1  205 0 3.14159265358979 6.28318530717959
2  286 62 0 3.14159265358979 6.28318530717959
4 G1 63 0 62 0
0

0101000
+1182 0 -1180 0 *
Wi

0101100
+1179 0 +1026 0 *
Ed
 1e-07 1 1 0
1  206 0 3.14159265358979 6.28318530717959
2  287 67 0 3.14159265358979 6.28318530717959
4 G1 63 0 67 0
0

0101000
+1162 0 -1164 0 *
Wi

0101100
+1161 0 +1024 0 *
Fa
0  1e-07 63 0

0111000
+1025 0 +1023 0 *
Ed
 1e-07 1 1 0
1  207 0 3.14159265358979 6.28318530717959
2  288 68 0 3.14159265358979 6.28318530717959
4 C0 68 0 72 0
0

0101000
+1096 0 -1098 0 *
Wi

0101100
-1097 0 +1158 0 +1094 0 +1021 0 *
Fa
0  1e-07 68 0

0111000
+1020 0 *
Wi

0101100
-1153 0 -1106 0 -1061 0 +1103 0 *
Fa
0  1e-07 70 0

0111000
+1018 0 *
Wi

0101100
-1021 0 -1095 0 *
Ed
 1e-07 1 1 0
1  208 0 3.14159265358979 6.28318530717959
2  289 71 0 3.14159265358979 6.28318530717959
4 G1 72 0 71 0
0

0101000
+1152 0 -1150 0 *
Wi

0101100
+1149 0 +1015 0 *
Fa
0  1e-07 72 0

0111000
-1016 0 -1014 0 *
Ed
 1e-07 1 1 0
1  209 0 0 3.14159265358979
2  290 84 0 0 3.14159265358979
4 C0 84 0 82 0
0

0101000
+1112 0 -1117 0 *
Wi

0101100
+1059 0 -1115 0 -1012 0 +1111 0 *
Fa
0  1e-07 84 0

0111000
+1011 0 *
Wi

0101100
-1110 0 -1012 0 *
Ed
 1e-07 1 1 0
1  210 0 0 3.14159265358979
2  291 80 0 0 3.14159265358979
4 C0 82 0 80 0
0

0101000
+1122 0 -1127 0 *
Wi

0101100
-1120 0 -1008 0 *
Fa
0  1e-07 82 0

0111000
+1009 0 +1007 0 *
Wi

0101100
-1029 0 -1125 0 -1008 0 +1121 0 *
Fa
0  1e-07 80 0

0111000
+1005 0 *
Ed
 1e-07 1 1 0
1  211 0 0 3.14159265358979
2  292 78 0 0 3.14159265358979
2  293 56 0 0 3.14159265358979
4 G1 78 0 56 0
0

0101000
+1204 0 -1205 0 *
Ed
 1e-07 1 1 0
1  212 0 0 3.14159265358979
2  294 78 0 0 3.14159265358979
2  295 65 0 0 3.14159265358979
4 G1 78 0 65 0
0

0101000
+1172 0 -1170 0 *
Wi

0101100
-1131 0 +1003 0 +1130 0 +1002 0 *
Fa
0  1e-07 78 0

0111000
+1001 0 *
Ed
 1e-07 1 1 0
1  213 0 0 3.14159265358979
2  296 77 0 0 3.14159265358979
2  297 62 0 0 3.14159265358979
4 G1 77 0 62 0
0

0101000
+1184 0 -1185 0 *
Ed
 1e-07 1 1 0
1  214 0 0 3.14159265358979
2  298 77 0 0 3.14159265358979
2  299 52 0 0 3.14159265358979
4 G1 77 0 52 0
0

0101000
+1212 0 -1210 0 *
Wi

0101100
-1135 0 +999 0 +1134 0 +998 0 *
Fa
0  1e-07 77 0

0111000
+997 0 *
Wi

0101100
-1141 0 -1050 0 +1138 0 -1071 0 *
Fa
0  1e-07 75 0

0111000
+995 0 *
Wi

0101100
-1151 0 -1105 0 +1148 0 -1015 0 *
Fa
0  1e-07 71 0

0111000
+993 0 *
Wi

0101100
+1024 0 -1163 0 +1099 0 +1159 0 *
Fa
0  1e-07 67 0

0111000
+991 0 *
Wi

0101100
-1171 0 -1056 0 +1168 0 -1002 0 *
Fa
0  1e-07 65 0

0111000
+989 0 *
Wi

0101100
-1181 0 -999 0 +1178 0 -1026 0 *
Fa
0  1e-07 62 0

0111000
+987 0 *
Wi

0101100
+1038 0 -1193 0 +1081 0 +1189 0 *
Fa
0  1e-07 59 0

0111000
+985 0 *
Wi

0101100
-1201 0 -1003 0 +1198 0 -1040 0 *
Fa
0  1e-07 56 0

0111000
+983 0 *
Wi

0101100
-1211 0 -1055 0 +1208 0 -998 0 *
Fa
0  1e-07 52 0

0111000
+981 0 *
Sh

0101100
+1206 0 +1196 0 -1186 0 +1176 0 +1166 0 -1156 0 +1146 0 +1136 0 +1132 0 +1128 0 
-1118 0 -1108 0 -1100 0 +1092 0 -1082 0 +1074 0 -1066 0 +1062 0 +1057 0 +1053 0 
+1048 0 -1045 0 +1041 0 +1036 0 +1034 0 -1031 0 +1027 0 +1022 0 +1019 0 -1017 0 
-1013 0 -1010 0 +1006 0 -1004 0 +1000 0 +996 0 +994 0 +992 0 -990 0 +988 0 
+986 0 -984 0 +982 0 +980 0 *
So

0100000
+979 0 *
Ve
1e-07
29.7394112272765 100 -3.71983525771554e-15
0 0

0101101
*
Ve
1e-07
-29.7394112272765 100 0
0 0

0101101
*
Ed
 1e-07 1 1 0
1  215 0 1.5707963267949 4.71238898038469
2  300 94 0 1.5707963267949 4.71238898038469
2  301 95 0 1.5707963267949 4.71238898038469
4 CN 94 0 95 0
0

0101000
+977 0 -976 0 *
Ve
1e-07
29.7245035305591 100.24373868681 -3.64020181049434e-15
0 0

0101101
*
Ed
 1e-07 1 1 0
1  216 0 3.01941960595033 3.14159265358979
2  302 94 0 3.01941960595033 3.14159265358979
2  303 96 0 3.01941960595033 3.14159265358979
4 CN 94 0 96 0
0

0101000
+974 0 -977 0 *
Ve
1e-07
-29.7245035305591 100.24373868681 0
0 0

0101101
*
Ed
 1e-07 1 1 0
1  217 0 0 3.14159265358979
2  304 94 0 0 3.14159265358979
2  305 97 0 0 3.14159265358979
4 G1 94 0 97 0
0

0101000
+972 0 -974 0 *
Ed
 1e-07 1 1 0
1  218 0 4.59021593274523 4.71238898038469
2  306 94 0 4.59021593274523 4.71238898038469
2  307 96 0 4.59021593274523 4.71238898038469
4 CN 94 0 96 0
0

0101000
+972 0 -976 0 *
Wi

0101100
-975 0 -973 0 -971 0 +970 0 *
Fa
0  1e-07 94 0

0111000
+969 0 *
Ed
 1e-07 1 1 0
1  219 0 4.71238898038469 7.85398163397448
2  308 96 0 4.71238898038469 7.85398163397448
2  309 98 0 4.71238898038469 7.85398163397448
4 CN 96 0 98 0
0

0101000
+976 0 -977 0 *
Ed
 1e-07 1 1 0
1  220 0 3.14159265358979 6.28318530717959
2  310 96 0 3.14159265358979 6.28318530717959
2  311 99 0 3.14159265358979 6.28318530717959
4 G1 96 0 99 0
0

0101000
+974 0 -972 0 *
Wi

0101100
-967 0 -970 0 -966 0 +973 0 *
Fa
0  1e-07 96 0

0111000
+965 0 *
Ve
1e-07
-49.5 114.5 37.5
0 0

0101101
*
Ve
1e-07
-47.889087296526 114.5 33.610912703474
0 0

0101101
*
Ed
 1e-07 1 1 0
1  221 0 3.14159265358979 3.92699081698724
2  312 100 0 3.14159265358979 3.92699081698724
4 C0 100 0 101 0
0

0101000
+963 0 -962 0 *
Ve
1e-07
-47.889087296526 109.5 33.610912703474
0 0

0101101
*
Ed
 1e-07 1 1 0
1  222 0 10.5 15.5
2  313 100 0 10.5 15.5
4 G1 100 0 102 0
0

0101000
+960 0 -962 0 *
Ve
1e-07
-49.5 109.5 37.5
0 0

0101101
*
Ed
 1e-07 1 1 0
1  223 0 3.14159265358979 3.92699081698724
2  314 100 0 3.14159265358979 3.92699081698724
4 C0 100 0 103 0
0

0101000
+958 0 -960 0 *
Ed
 1e-07 1 1 0
1  224 0 -2.5 2.5
2  315 100 0 -2.5 2.5
2  316 104 0 -2.5 2.5
4 CN 100 0 104 0
0

0101000
+958 0 -963 0 *
Wi

0101100
+961 0 -959 0 -957 0 +956 0 *
Fa
0  1e-07 100 0

0111000
+955 0 *
Ve
1e-07
44.389087296526 114.5 30.110912703474
0 0

0101101
*
Ve
1e-07
35 114.5 34
0 0

0101101
*
Ed
 1e-07 1 1 0
1  225 0 3.92699081698724 6.28318530717959
2  317 105 0 3.92699081698724 6.28318530717959
4 C0 105 0 101 0
0

0101000
+953 0 -952 0 *
Ve
1e-07
44.389087296526 109.5 30.110912703474
0 0

0101101
*
Ed
 1e-07 1 1 0
1  226 0 10.5 15.5
2  318 105 0 10.5 15.5
4 G1 105 0 106 0
0

0101000
+950 0 -953 0 *
Ve
1e-07
35 109.5 34
0 0

0101101
*
Ed
 1e-07 1 1 0
1  227 0 0.785398163397448 3.14159265358979
2  319 105 0 0.785398163397448 3.14159265358979
4 C0 105 0 103 0
0

0101000
+950 0 -948 0 *
Ed
 1e-07 1 1 0
1  228 0 -2.5 2.5
2  320 105 0 -2.5 2.5
2  321 107 0 -2.5 2.5
4 CN 105 0 107 0
0

0101000
+948 0 -952 0 *
Wi

0101100
-951 0 -949 0 +947 0 +946 0 *
Fa
0  1e-07 105 0

0111000
+945 0 *
Ve
1e-07
35 114.5 -34
0 0

0101101
*
Ve
1e-07
36.610912703474 114.5 -37.889087296526
0 0

0101101
*
Ed
 1e-07 1 1 0
1  229 0 0 0.785398163397448
2  322 108 0 0 0.785398163397448
4 C0 108 0 101 0
0

0101000
+943 0 -942 0 *
Ve
1e-07
36.610912703474 109.5 -37.889087296526
0 0

0101101
*
Ed
 1e-07 1 1 0
1  230 0 10.5 15.5
2  323 108 0 10.5 15.5
4 G1 108 0 109 0
0

0101000
+940 0 -942 0 *
Ve
1e-07
35 109.5 -34
0 0

0101101
*
Ed
 1e-07 1 1 0
1  231 0 3.14159265358979 3.92699081698724
2  324 108 0 3.14159265358979 3.92699081698724
4 C0 108 0 103 0
0

0101000
+938 0 -940 0 *
Ed
 1e-07 1 1 0
1  232 0 -2.5 2.5
2  325 108 0 -2.5 2.5
2  326 110 0 -2.5 2.5
4 CN 108 0 110 0
0

0101000
+938 0 -943 0 *
Wi

0101100
+941 0 -939 0 -937 0 +936 0 *
Fa
0  1e-07 108 0

0111000
+935 0 *
Ve
1e-07
-40.110912703474 114.5 -41.389087296526
0 0

0101101
*
Ve
1e-07
-49.5 114.5 -37.5
0 0

0101101
*
Ed
 1e-07 1 1 0
1  233 0 0.785398163397448 3.14159265358979
2  327 111 0 0.785398163397448 3.14159265358979
4 C0 111 0 101 0
0

0101000
+933 0 -932 0 *
Ve
1e-07
-40.110912703474 109.5 -41.389087296526
0 0

0101101
*
Ed
 1e-07 1 1 0
1  234 0 10.5 15.5
2  328 111 0 10.5 15.5
4 G1 111 0 112 0
0

0101000
+930 0 -933 0 *
Ve
1e-07
-49.5 109.5 -37.5
0 0

0101101
*
Ed
 1e-07 1 1 0
1  235 0 0.785398163397448 3.14159265358979
2  329 111 0 0.785398163397448 3.14159265358979
4 C0 111 0 103 0
0

0101000
+930 0 -928 0 *
Ed
 1e-07 1 1 0
1  236 0 -2.5 2.5
2  330 111 0 -2.5 2.5
2  331 113 0 -2.5 2.5
4 CN 111 0 113 0
0

0101000
+928 0 -932 0 *
Wi

0101100
-931 0 -929 0 +927 0 +926 0 *
Fa
0  1e-07 111 0

0111000
+925 0 *
Ve
1e-07
28.8754287073404 109 0
0 0

0101101
*
Ve
1e-07
-28.8754287073404 109 -3.5362201340452e-15
0 0

0101101
*
Ed
 1e-07 1 1 0
1  237 0 0 3.14159265358979
2  332 114 0 0 3.14159265358979
4 G1 114 0 115 0
0

0101000
+923 0 -922 0 *
Ve
1e-07
-28.6754287073404 108.8 -3.51172719806225e-15
0 0

0101101
*
Ed
 1e-07 1 1 0
1  238 0 1.5707963267949 3.14159265358979
2  333 114 0 1.5707963267949 3.14159265358979
2  334 116 0 1.5707963267949 3.14159265358979
4 CN 114 0 116 0
0

0101000
+922 0 -920 0 *
Ve
1e-07
28.6754287073404 108.8 0
0 0

0101101
*
Ed
 1e-07 1 1 0
1  239 0 0 3.14159265358979
2  335 114 0 0 3.14159265358979
2  336 117 0 0 3.14159265358979
4 CN 114 0 117 0
0

0101000
+918 0 -920 0 *
Ed
 1e-07 1 1 0
1  240 0 3.14159265358979 4.71238898038469
2  337 114 0 3.14159265358979 4.71238898038469
2  338 116 0 3.14159265358979 4.71238898038469
4 CN 114 0 116 0
0

0101000
+923 0 -918 0 *
Wi

0101100
+921 0 +919 0 -917 0 -916 0 *
Fa
0  1e-07 114 0

0111000
+915 0 *
Ed
 1e-07 1 1 0
1  241 0 3.14159265358979 6.28318530717959
2  339 116 0 3.14159265358979 6.28318530717959
4 G1 116 0 115 0
0

0101000
+922 0 -923 0 *
Ed
 1e-07 1 1 0
1  242 0 3.14159265358979 6.28318530717959
2  340 116 0 3.14159265358979 6.28318530717959
2  341 118 0 3.14159265358979 6.28318530717959
4 CN 116 0 118 0
0

0101000
+920 0 -918 0 *
Wi

0101100
+913 0 +916 0 -912 0 -919 0 *
Fa
0  1e-07 116 0

0111000
+911 0 *
Ve
1e-07
28.6769194770121 108.775626131319 -3.57605578759364e-15
0 0

0101101
*
Ed
 1e-07 1 1 0
1  243 0 4.71238898038469 4.8345620280241
2  342 118 0 4.71238898038469 4.8345620280241
2  343 117 0 4.71238898038469 4.8345620280241
4 CN 118 0 117 0
0

0101000
+918 0 -909 0 *
Ve
1e-07
-28.6769194770121 108.775626131319 0
0 0

0101101
*
Ed
 1e-07 1 1 0
1  244 0 3.14159265358979 6.28318530717959
2  344 118 0 3.14159265358979 6.28318530717959
2  345 97 0 3.14159265358979 6.28318530717959
4 G1 118 0 97 0
0

0101000
+909 0 -907 0 *
Ed
 1e-07 1 1 0
1  245 0 3.14159265358979 3.26376570122921
2  346 118 0 3.14159265358979 3.26376570122921
2  347 117 0 3.14159265358979 3.26376570122921
4 CN 118 0 117 0
0

0101000
+920 0 -907 0 *
Wi

0101100
+908 0 +906 0 -905 0 +912 0 *
Fa
0  1e-07 118 0

0111000
+904 0 *
Ve
1e-07
14.5 98 -1.77573785876366e-15
0 0

0101101
*
Ve
1e-07
-14.5 98 0
0 0

0101101
*
Ed
 1e-07 1 1 0
1  246 0 3.14159265358979 6.28318530717959
2  348 119 0 3.14159265358979 6.28318530717959
4 G1 119 0 120 0
0

0101000
+902 0 -901 0 *
Ve
1e-07
12.5 100 0
0 0

0101101
*
Ed
 1e-07 1 1 0
1  247 0 4.71238898038469 6.28318530717959
2  349 119 0 4.71238898038469 6.28318530717959
2  350 121 0 4.71238898038469 6.28318530717959
4 CN 119 0 121 0
0

0101000
+902 0 -899 0 *
Ve
1e-07
-12.5 100 -1.53080849893419e-15
0 0

0101101
*
Ed
 1e-07 1 1 0
1  248 0 0 3.14159265358979
2  351 119 0 0 3.14159265358979
2  352 122 0 0 3.14159265358979
4 G1 119 0 122 0
0

0101000
+897 0 -899 0 *
Ed
 1e-07 1 1 0
1  249 0 0 1.5707963267949
2  353 119 0 0 1.5707963267949
2  354 121 0 0 1.5707963267949
4 CN 119 0 121 0
0

0101000
+901 0 -897 0 *
Wi

0101100
-900 0 +898 0 -896 0 -895 0 *
Fa
0  1e-07 119 0

0111000
+894 0 *
Ve
1e-07
27.7394112272765 98 -3.51864996373299e-15
0 0

0101101
*
Ed
 1e-07 1 1 0
1  250 0 3.14159265358979 4.71238898038469
2  355 98 0 3.14159265358979 4.71238898038469
2  356 95 0 3.14159265358979 4.71238898038469
4 CN 98 0 95 0
0

0101000
+977 0 -892 0 *
Ve
1e-07
-27.7394112272765 98 0
0 0

0101101
*
Ed
 1e-07 1 1 0
1  251 0 0 3.14159265358979
2  357 98 0 0 3.14159265358979
4 G1 98 0 120 0
0

0101000
+890 0 -892 0 *
Ed
 1e-07 1 1 0
1  252 0 4.71238898038469 6.28318530717959
2  358 98 0 4.71238898038469 6.28318530717959
2  359 95 0 4.71238898038469 6.28318530717959
4 CN 98 0 95 0
0

0101000
+976 0 -890 0 *
Wi

0101100
+967 0 +891 0 -889 0 -888 0 *
Fa
0  1e-07 98 0

0111000
+887 0 *
Ve
0.000666708624435697
12.5 109.867797304163 1.97129612263493e-15
0 0

0101101
*
Ed
 1e-07 1 1 0
1  253 0 2 11.867797304163
2  360 123 0 2 11.867797304163
2  361 122 0 2 11.867797304163
4 CN 123 0 122 0
0

0101000
+899 0 -885 0 *
Ve
0.000666708624435697
-6.13543309469438 109 10.8906593345182
0 0

0101101
*
Ed
 0.000666708624435697 1 1 0
1  254 0 1.11759246059088e-05 0.0265167132026599
2  362 123 0 1.11759246059088e-05 0.0265167132026599
2  363 124 0 1.11759246059088e-05 0.0265167132026599
4 C0 123 0 124 0
0

0101000
+883 0 -885 0 *
Ve
1e-07
-12.5 109 -1.53080849893419e-15
0 0

0101101
*
Ed
 1e-07 1 1 0
1  255 0 5.22543646068237 6.28318530717959
2  364 123 0 5.22543646068237 6.28318530717959
4 C0 123 0 125 0
0

0101000
+883 0 -881 0 *
Ed
 1e-07 1 1 0
1  256 0 2 11
2  365 123 0 2 11
2  366 122 0 2 11
4 CN 123 0 122 0
0

0101000
+897 0 -881 0 *
Ed
 1e-07 1 1 0
1  257 0 3.14159265358979 6.28318530717959
2  367 123 0 3.14159265358979 6.28318530717959
2  368 121 0 3.14159265358979 6.28318530717959
4 G1 123 0 121 0
0

0101000
+899 0 -897 0 *
Wi

0101100
+884 0 -882 0 +880 0 -879 0 -878 0 *
Fa
0  1e-07 123 0

0111000
+877 0 *
Ed
 1e-07 1 1 0
1  258 0 0 3.14159265358979
2  369 99 0 0 3.14159265358979
2  370 117 0 0 3.14159265358979
4 G1 99 0 117 0
0

0101000
+907 0 -909 0 *
Ed
 1e-07 1 1 0
1  259 0 -10.856549202775 -2.26058877272322
2  371 99 0 -10.856549202775 -2.26058877272322
2  372 97 0 -10.856549202775 -2.26058877272322
4 CN 99 0 97 0
0

0101000
+909 0 -974 0 *
Ed
 1e-07 1 1 0
1  260 0 -10.856549202775 -2.26058877272322
2  373 99 0 -10.856549202775 -2.26058877272322
2  374 97 0 -10.856549202775 -2.26058877272322
4 CN 99 0 97 0
0

0101000
+907 0 -972 0 *
Wi

0101100
+875 0 +874 0 +966 0 -873 0 *
Fa
0  1e-07 99 0

0111000
+872 0 *
Ve
1e-07
-44.389087296526 109.5 30.110912703474
0 0

0101101
*
Ve
1e-07
-44.389087296526 114.5 30.110912703474
0 0

0101101
*
Ed
 1e-07 1 1 0
1  261 0 10.5 15.5
2  375 126 0 10.5 15.5
4 G1 126 0 102 0
0

0101000
+870 0 -869 0 *
Ve
1e-07
-35 114.5 34
0 0

0101101
*
Ed
 1e-07 1 1 0
1  262 0 3.92699081698724 6.28318530717959
2  376 126 0 3.92699081698724 6.28318530717959
4 C0 126 0 101 0
0

0101000
+869 0 -867 0 *
Ve
1e-07
-35 109.5 34
0 0

0101101
*
Ed
 1e-07 1 1 0
1  263 0 10.5 15.5
2  377 126 0 10.5 15.5
2  378 127 0 10.5 15.5
4 CN 126 0 127 0
0

0101000
+865 0 -867 0 *
Ed
 1e-07 1 1 0
1  264 0 3.92699081698724 6.28318530717959
2  379 126 0 3.92699081698724 6.28318530717959
4 C0 126 0 103 0
0

0101000
+870 0 -865 0 *
Wi

0101100
+868 0 +866 0 -864 0 -863 0 *
Fa
0  1e-07 126 0

0111000
+862 0 *
Ve
1e-07
47.889087296526 109.5 33.610912703474
0 0

0101101
*
Ve
1e-07
47.889087296526 114.5 33.610912703474
0 0

0101101
*
Ed
 1e-07 1 1 0
1  265 0 10.5 15.5
2  380 128 0 10.5 15.5
4 G1 128 0 106 0
0

0101000
+860 0 -859 0 *
Ve
1e-07
49.5 114.5 37.5
0 0

0101101
*
Ed
 1e-07 1 1 0
1  266 0 3.14159265358979 3.92699081698724
2  381 128 0 3.14159265358979 3.92699081698724
4 C0 128 0 101 0
0

0101000
+857 0 -859 0 *
Ve
1e-07
49.5 109.5 37.5
0 0

0101101
*
Ed
 1e-07 1 1 0
1  267 0 10.5 15.5
2  382 128 0 10.5 15.5
2  383 129 0 10.5 15.5
4 CN 128 0 129 0
0

0101000
+855 0 -857 0 *
Ed
 1e-07 1 1 0
1  268 0 0 0.785398163397448
2  384 128 0 0 0.785398163397448
4 C0 128 0 103 0
0

0101000
+855 0 -860 0 *
Wi

0101100
+858 0 -856 0 -854 0 +853 0 *
Fa
0  1e-07 128 0

0111000
+852 0 *
Ve
1e-07
40.110912703474 109.5 -41.389087296526
0 0

0101101
*
Ve
1e-07
40.110912703474 114.5 -41.389087296526
0 0

0101101
*
Ed
 1e-07 1 1 0
1  269 0 10.5 15.5
2  385 130 0 10.5 15.5
4 G1 130 0 109 0
0

0101000
+850 0 -849 0 *
Ve
1e-07
49.5 114.5 -37.5
0 0

0101101
*
Ed
 1e-07 1 1 0
1  270 0 0.785398163397448 3.14159265358979
2  386 130 0 0.785398163397448 3.14159265358979
4 C0 130 0 101 0
0

0101000
+849 0 -847 0 *
Ve
1e-07
49.5 109.5 -37.5
0 0

0101101
*
Ed
 1e-07 1 1 0
1  271 0 10.5 15.5
2  387 130 0 10.5 15.5
2  388 131 0 10.5 15.5
4 CN 130 0 131 0
0

0101000
+845 0 -847 0 *
Ed
 1e-07 1 1 0
1  272 0 3.92699081698724 6.28318530717959
2  389 130 0 3.92699081698724 6.28318530717959
4 C0 130 0 103 0
0

0101000
+850 0 -845 0 *
Wi

0101100
+848 0 +846 0 -844 0 -843 0 *
Fa
0  1e-07 130 0

0111000
+842 0 *
Ve
1e-07
-36.610912703474 109.5 -37.889087296526
0 0

0101101
*
Ve
1e-07
-36.610912703474 114.5 -37.889087296526
0 0

0101101
*
Ed
 1e-07 1 1 0
1  273 0 10.5 15.5
2  390 132 0 10.5 15.5
4 G1 132 0 112 0
0

0101000
+840 0 -839 0 *
Ve
1e-07
-35 114.5 -34
0 0

0101101
*
Ed
 1e-07 1 1 0
1  274 0 0 0.785398163397448
2  391 132 0 0 0.785398163397448
4 C0 132 0 101 0
0

0101000
+837 0 -839 0 *
Ve
1e-07
-35 109.5 -34
0 0

0101101
*
Ed
 1e-07 1 1 0
1  275 0 10.5 15.5
2  392 132 0 10.5 15.5
2  393 133 0 10.5 15.5
4 CN 132 0 133 0
0

0101000
+835 0 -837 0 *
Ed
 1e-07 1 1 0
1  276 0 0 0.785398163397448
2  394 132 0 0 0.785398163397448
4 C0 132 0 103 0
0

0101000
+835 0 -840 0 *
Wi

0101100
+838 0 -836 0 -834 0 +833 0 *
Fa
0  1e-07 132 0

0111000
+832 0 *
Ve
1e-07
-17.5758116859834 114 -0.0423635037955783
0 0

0101101
*
Ve
1e-07
17.4241883140166 114 -0.0423635037955762
0 0

0101101
*
Ed
 1e-07 1 1 0
1  277 0 0 3.14159265358979
2  395 124 0 0 3.14159265358979
4 G1 124 0 134 0
0

0101000
+830 0 -829 0 *
Ve
0.000484150220239484
12.4999282131357 109.866984693563 -0.0423635037955775
0 0

0101101
*
Ed
 1e-07 1 1 0
1  278 0 1.5707963267949 2.96731483737557
2  396 124 0 1.5707963267949 2.96731483737557
2  397 135 0 1.5707963267949 2.96731483737557
4 CN 124 0 135 0
0

0101000
+829 0 -827 0 *
Ed
 1e-07 1 1 0
1  279 0 0.0265167132026599 0.0265597394089497
2  398 124 0 0.0265167132026599 0.0265597394089497
2  399 122 0 0.0265167132026599 0.0265597394089497
4 C0 124 0 122 0
0

0101000
+885 0 -827 0 *
Ve
1e-07
-12.5758116859834 109 -0.0423635037955783
0 0

0101101
*
Ed
 1e-07 1 1 0
1  280 0 5.21848883558103 6.28318530717959
2  400 124 0 5.21848883558103 6.28318530717959
4 C0 124 0 125 0
0

0101000
+883 0 -824 0 *
Ed
 1e-07 1 1 0
1  281 0 0 1.5707963267949
2  401 124 0 0 1.5707963267949
2  402 135 0 0 1.5707963267949
4 CN 124 0 135 0
0

0101000
+830 0 -824 0 *
Wi

0101100
+828 0 +826 0 -825 0 -882 0 +823 0 -822 0 *
Fa
0  1e-07 124 0

0111000
+821 0 *
Ve
1e-07
39.4241883140166 109 -3.29236350379558
0 0

0101101
*
Ve
1e-07
39.4241883140166 109 3.20763649620442
0 0

0101101
*
Ed
 1e-07 1 1 0
1  282 0 -3.25 3.25
2  403 136 0 -3.25 3.25
4 G1 115 0 136 0
0

0101000
+819 0 -818 0 *
Ve
0.000324136662845264
29.244616346363 109 3.20763649620442
0 0

0101101
*
Ed
 1e-07 1 1 0
1  283 0 -39.5 -29.3204280323464
2  404 137 0 -39.5 -29.3204280323464
4 G1 115 0 137 0
0

0101000
+818 0 -816 0 *
Ve
0.000324136662845264
-29.3962397183297 109 3.20763649620442
0 0

0101101
*
Ed
 1e-07 1 1 0
1  284 0 0.110393577947436 3.03119907564236
2  405 138 0 0.110393577947436 3.03119907564236
4 G1 115 0 138 0
0

0101000
+816 0 -814 0 *
Ve
1e-07
-39.5758116859834 109 3.20763649620442
0 0

0101101
*
Ed
 1e-07 1 1 0
1  285 0 29.3204280323463 39.5
2  406 139 0 29.3204280323463 39.5
4 G1 115 0 139 0
0

0101000
+814 0 -812 0 *
Ve
1e-07
-39.5758116859834 109 -3.29236350379558
0 0

0101101
*
Ed
 1e-07 1 1 0
1  286 0 -3.25 3.25
2  407 140 0 -3.25 3.25
4 G1 115 0 140 0
0

0101000
+812 0 -810 0 *
Ve
0.000324105054019093
-29.3962397183297 109 -3.29236350379558
0 0

0101101
*
Ed
 1e-07 1 1 0
1  287 0 -39.5 -29.3204280323463
2  408 141 0 -39.5 -29.3204280323463
4 G1 115 0 141 0
0

0101000
+810 0 -808 0 *
Ve
0.000324105054019486
29.244616346363 109 -3.29236350379558
0 0

0101101
*
Ed
 1e-07 1 1 0
1  288 0 3.25198623153723 6.17279172923215
2  409 142 0 3.25198623153723 6.17279172923215
4 G1 115 0 142 0
0

0101000
+808 0 -806 0 *
Ed
 1e-07 1 1 0
1  289 0 29.3204280323464 39.5
2  410 143 0 29.3204280323464 39.5
4 G1 115 0 143 0
0

0101000
+806 0 -819 0 *
Wi

0101100
+817 0 +815 0 +813 0 +811 0 +809 0 +807 0 +805 0 +804 0 *
Wi

0101100
+921 0 +913 0 *
Fa
0  1e-07 115 0

0111000
-803 0 -802 0 *
Ve
1e-07
52.5 109.5 -49.5
0 0

0101101
*
Ve
1e-07
-52.5 109.5 -49.5
0 0

0101101
*
Ed
 1e-07 1 1 0
1  290 0 -109 -4
4 C0 103 0 144 0
0

0101000
+800 0 -799 0 *
Ve
1e-07
56.5 109.5 -45.5
0 0

0101101
*
Ed
 1e-07 1 1 0
1  291 0 4.71238898038469 6.28318530717959
2  411 145 0 4.71238898038469 6.28318530717959
4 C0 103 0 145 0
0

0101000
+800 0 -797 0 *
Ve
1e-07
56.5 109.5 45.5
0 0

0101101
*
Ed
 1e-07 1 1 0
1  292 0 -95 -4
4 C0 103 0 146 0
0

0101000
+795 0 -797 0 *
Ve
1e-07
52.5 109.5 49.5
0 0

0101101
*
Ed
 1e-07 1 1 0
1  293 0 0 1.5707963267949
2  412 147 0 0 1.5707963267949
4 C0 103 0 147 0
0

0101000
+795 0 -793 0 *
Ve
1e-07
-52.5 109.5 49.5
0 0

0101101
*
Ed
 1e-07 1 1 0
1  294 0 4 109
4 C0 103 0 148 0
0

0101000
+791 0 -793 0 *
Ve
1e-07
-56.5 109.5 45.5
0 0

0101101
*
Ed
 1e-07 1 1 0
1  295 0 1.5707963267949 3.14159265358979
2  413 149 0 1.5707963267949 3.14159265358979
4 C0 103 0 149 0
0

0101000
+791 0 -789 0 *
Ve
1e-07
-56.5 109.5 -45.5
0 0

0101101
*
Ed
 1e-07 1 1 0
1  296 0 4 95
4 C0 103 0 150 0
0

0101000
+787 0 -789 0 *
Ed
 1e-07 1 1 0
1  297 0 3.14159265358979 4.71238898038469
2  414 151 0 3.14159265358979 4.71238898038469
4 C0 103 0 151 0
0

0101000
+787 0 -799 0 *
Wi

0101100
-798 0 +796 0 -794 0 +792 0 -790 0 +788 0 -786 0 +785 0 *
Ed
 1e-07 1 1 0
1  298 0 52.6794551983978 57.6292026667036
4 C0 103 0 109 0
0

0101000
+940 0 -850 0 *
Ve
1e-07
44.389087296526 109.5 -30.110912703474
0 0

0101101
*
Ed
 1e-07 1 1 0
1  299 0 0.78539816339745 3.14159265358979
2  415 110 0 0.78539816339745 3.14159265358979
4 C0 103 0 110 0
0

0101000
+782 0 -938 0 *
Ve
1e-07
47.889087296526 109.5 -33.610912703474
0 0

0101101
*
Ed
 1e-07 1 1 0
1  300 0 -57.6292026667036 -52.6794551983978
4 C0 103 0 152 0
0

0101000
+780 0 -782 0 *
Ed
 1e-07 1 1 0
1  301 0 0 0.785398163397448
2  416 131 0 0 0.785398163397448
4 C0 103 0 131 0
0

0101000
+845 0 -780 0 *
Wi

0101100
-843 0 -783 0 -937 0 -781 0 -779 0 -778 0 *
Ed
 1e-07 1 1 0
1  302 0 52.6794551983978 57.6292026667036
4 C0 103 0 112 0
0

0101000
+840 0 -930 0 *
Ve
1e-07
-47.889087296526 109.5 -33.610912703474
0 0

0101101
*
Ed
 1e-07 1 1 0
1  303 0 3.14159265358979 3.92699081698724
2  417 113 0 3.14159265358979 3.92699081698724
4 C0 103 0 113 0
0

0101000
+928 0 -775 0 *
Ve
1e-07
-44.389087296526 109.5 -30.110912703474
0 0

0101101
*
Ed
 1e-07 1 1 0
1  304 0 -57.6292026667036 -52.6794551983978
4 C0 103 0 153 0
0

0101000
+775 0 -773 0 *
Ed
 1e-07 1 1 0
1  305 0 3.92699081698724 6.28318530717959
2  418 133 0 3.92699081698724 6.28318530717959
4 C0 103 0 133 0
0

0101000
+773 0 -835 0 *
Wi

0101100
+776 0 +927 0 +774 0 +772 0 +771 0 +833 0 *
Ve
1e-07
29.4231289729623 109.5 3.40763649620442
0 0

0101101
*
Ve
1e-07
-29.5747523449291 109.5 3.40763649620442
0 0

0101101
*
Ed
 1e-07 1 1 0
1  306 0 0.116424453483363 3.02516820010643
2  419 154 0 0.116424453483363 3.02516820010643
4 C0 103 0 154 0
0

0101000
+769 0 -768 0 *
Ve
1e-07
39.6241883140166 109.5 3.40763649620442
0 0

0101101
*
Ed
 1e-07 1 1 0
1  307 0 -39.6241883140166 -29.4231289729623
4 C0 103 0 155 0
0

0101000
+766 0 -769 0 *
Ve
1e-07
39.6241883140166 109.5 -3.49236350379558
0 0

0101101
*
Ed
 1e-07 1 1 0
1  308 0 -3.49236350379558 3.40763649620442
4 C0 103 0 156 0
0

0101000
+764 0 -766 0 *
Ve
1e-07
29.4231289729623 109.5 -3.49236350379558
0 0

0101101
*
Ed
 1e-07 1 1 0
1  309 0 29.4231289729623 39.6241883140166
4 C0 103 0 157 0
0

0101000
+762 0 -764 0 *
Ve
1e-07
-29.5747523449291 109.5 -3.49236350379558
0 0

0101101
*
Ed
 1e-07 1 1 0
1  310 0 3.25801710707316 6.16676085369622
2  420 158 0 3.25801710707316 6.16676085369622
4 C0 103 0 158 0
0

0101000
+760 0 -762 0 *
Ve
1e-07
-39.7758116859834 109.5 -3.49236350379558
0 0

0101101
*
Ed
 1e-07 1 1 0
1  311 0 -39.7758116859834 -29.5747523449291
4 C0 103 0 159 0
0

0101000
+758 0 -760 0 *
Ve
1e-07
-39.7758116859834 109.5 3.40763649620442
0 0

0101101
*
Ed
 1e-07 1 1 0
1  312 0 -3.40763649620442 3.49236350379558
4 C0 103 0 160 0
0

0101000
+756 0 -758 0 *
Ed
 1e-07 1 1 0
1  313 0 29.5747523449291 39.7758116859834
4 C0 103 0 161 0
0

0101000
+768 0 -756 0 *
Wi

0101100
-767 0 -765 0 -763 0 -761 0 -759 0 -757 0 -755 0 -754 0 *
Ve
1e-07
36.610912703474 109.5 37.889087296526
0 0

0101101
*
Ve
1e-07
40.110912703474 109.5 41.389087296526
0 0

0101101
*
Ed
 1e-07 1 1 0
1  314 0 52.6794551983978 57.6292026667036
4 C0 103 0 162 0
0

0101000
+752 0 -751 0 *
Ed
 1e-07 1 1 0
1  315 0 3.92699081698724 6.28318530717959
2  421 129 0 3.92699081698724 6.28318530717959
4 C0 103 0 129 0
0

0101000
+751 0 -855 0 *
Ed
 1e-07 1 1 0
1  316 0 -57.6292026667036 -52.6794551983978
4 C0 103 0 106 0
0

0101000
+860 0 -950 0 *
Ed
 1e-07 1 1 0
1  317 0 3.14159265358979 3.92699081698724
2  422 107 0 3.14159265358979 3.92699081698724
4 C0 103 0 107 0
0

0101000
+948 0 -752 0 *
Wi

0101100
+750 0 +749 0 +853 0 +748 0 +947 0 +747 0 *
Ve
1e-07
-40.110912703474 109.5 41.389087296526
0 0

0101101
*
Ed
 1e-07 1 1 0
1  318 0 0.785398163397448 3.14159265358979
2  423 104 0 0.785398163397448 3.14159265358979
4 C0 103 0 104 0
0

0101000
+745 0 -958 0 *
Ve
1e-07
-36.610912703474 109.5 37.889087296526
0 0

0101101
*
Ed
 1e-07 1 1 0
1  319 0 52.6794551983978 57.6292026667036
4 C0 103 0 163 0
0

0101000
+743 0 -745 0 *
Ed
 1e-07 1 1 0
1  320 0 0 0.785398163397448
2  424 127 0 0 0.785398163397448
4 C0 103 0 127 0
0

0101000
+865 0 -743 0 *
Ed
 1e-07 1 1 0
1  321 0 -57.6292026667036 -52.6794551983978
4 C0 103 0 102 0
0

0101000
+960 0 -870 0 *
Wi

0101100
-744 0 -742 0 -741 0 -863 0 -740 0 -957 0 *
Fa
0  1e-07 103 0

0111000
-784 0 -777 0 -770 0 -753 0 -746 0 -739 0 *
Ve
1e-07
56.5 114.5 45.5
0 0

0101101
*
Ve
1e-07
56.5 114.5 -45.5
0 0

0101101
*
Ed
 1e-07 1 1 0
1  322 0 -95 -4
4 C0 101 0 146 0
0

0101000
+737 0 -736 0 *
Ve
1e-07
52.5 114.5 -49.5
0 0

0101101
*
Ed
 1e-07 1 1 0
1  323 0 0 1.5707963267949
2  425 145 0 0 1.5707963267949
4 C0 101 0 145 0
0

0101000
+736 0 -734 0 *
Ve
1e-07
-52.5 114.5 -49.5
0 0

0101101
*
Ed
 1e-07 1 1 0
1  324 0 -109 -4
4 C0 101 0 144 0
0

0101000
+734 0 -732 0 *
Ve
1e-07
-56.5 114.5 -45.5
0 0

0101101
*
Ed
 1e-07 1 1 0
1  325 0 1.5707963267949 3.14159265358979
2  426 151 0 1.5707963267949 3.14159265358979
4 C0 101 0 151 0
0

0101000
+732 0 -730 0 *
Ve
1e-07
-56.5 114.5 45.5
0 0

0101101
*
Ed
 1e-07 1 1 0
1  326 0 4 95
4 C0 101 0 150 0
0

0101000
+730 0 -728 0 *
Ve
1e-07
-52.5 114.5 49.5
0 0

0101101
*
Ed
 1e-07 1 1 0
1  327 0 3.14159265358979 4.71238898038469
2  427 149 0 3.14159265358979 4.71238898038469
4 C0 101 0 149 0
0

0101000
+728 0 -726 0 *
Ve
1e-07
52.5 114.5 49.5
0 0

0101101
*
Ed
 1e-07 1 1 0
1  328 0 4 109
4 C0 101 0 148 0
0

0101000
+726 0 -724 0 *
Ed
 1e-07 1 1 0
1  329 0 4.71238898038469 6.28318530717959
2  428 147 0 4.71238898038469 6.28318530717959
4 C0 101 0 147 0
0

0101000
+724 0 -737 0 *
Wi

0101100
+735 0 +733 0 +731 0 +729 0 +727 0 +725 0 +723 0 +722 0 *
Ed
 1e-07 1 1 0
1  330 0 -4.94974746830583 0
4 C0 101 0 109 0
0

0101000
+942 0 -849 0 *
Ve
1e-07
47.889087296526 114.5 -33.610912703474
0 0

0101101
*
Ed
 1e-07 1 1 0
1  331 0 3.14159265358979 3.92699081698724
2  429 131 0 3.14159265358979 3.92699081698724
4 C0 101 0 131 0
0

0101000
+847 0 -719 0 *
Ve
1e-07
44.389087296526 114.5 -30.110912703474
0 0

0101101
*
Ed
 1e-07 1 1 0
1  332 0 0 4.94974746830583
4 C0 101 0 152 0
0

0101000
+719 0 -717 0 *
Ed
 1e-07 1 1 0
1  333 0 3.92699081698724 6.28318530717959
2  430 110 0 3.92699081698724 6.28318530717959
4 C0 101 0 110 0
0

0101000
+717 0 -943 0 *
Wi

0101100
+720 0 +846 0 +718 0 +716 0 +715 0 +941 0 *
Ed
 1e-07 1 1 0
1  334 0 -4.94974746830583 0
4 C0 101 0 112 0
0

0101000
+839 0 -933 0 *
Ve
1e-07
-44.389087296526 114.5 -30.110912703474
0 0

0101101
*
Ed
 1e-07 1 1 0
1  335 0 3.92699081698724 6.28318530717959
2  431 133 0 3.92699081698724 6.28318530717959
4 C0 101 0 133 0
0

0101000
+712 0 -837 0 *
Ve
1e-07
-47.889087296526 114.5 -33.610912703474
0 0

0101101
*
Ed
 1e-07 1 1 0
1  336 0 0 4.94974746830583
4 C0 101 0 153 0
0

0101000
+710 0 -712 0 *
Ed
 1e-07 1 1 0
1  337 0 3.14159265358979 3.92699081698724
2  432 113 0 3.14159265358979 3.92699081698724
4 C0 101 0 113 0
0

0101000
+932 0 -710 0 *
Wi

0101100
-931 0 -713 0 -836 0 -711 0 -709 0 -708 0 *
Ve
0.000322744794449284
-30.0163778128955 114.5 3.90763649620442
0 0

0101101
*
Ve
0.000322742891929489
29.8647544409288 114.5 3.90763649620442
0 0

0101101
*
Ed
 1e-07 1 1 0
1  338 0 0.131170525458119 3.01042212813167
2  433 164 0 0.131170525458119 3.01042212813167
4 G1 101 0 164 0
0

0101000
+706 0 -705 0 *
Ve
1e-07
-40.2758116859834 114.5 3.90763649620442
0 0

0101101
*
Ed
 1e-07 1 1 0
1  339 0 -10.4352977505234 -0.1758638774355
2  434 165 0 -10.4352977505234 -0.1758638774355
4 G1 101 0 165 0
0

0101000
+703 0 -706 0 *
Ve
1e-07
-40.2758116859834 114.5 -3.99236350379558
0 0

0101101
*
Ed
 1e-07 1 1 0
1  340 0 -7.7 0.2
2  435 166 0 -7.7 0.2
4 G1 101 0 166 0
0

0101000
+701 0 -703 0 *
Ve
0.000322744794451365
-30.0163778128955 114.5 -3.99236350379558
0 0

0101101
*
Ed
 1e-07 1 1 0
1  341 0 -10.0594338730879 0.199999999999996
2  436 167 0 -10.0594338730879 0.199999999999996
4 G1 101 0 167 0
0

0101000
+699 0 -701 0 *
Ve
0.000322742891931802
29.8647544409288 114.5 -3.99236350379558
0 0

0101101
*
Ed
 1e-07 1 1 0
1  342 0 3.27276317904791 6.15201478172147
2  437 168 0 3.27276317904791 6.15201478172147
4 G1 101 0 168 0
0

0101000
+697 0 -699 0 *
Ve
1e-07
40.1241883140166 114.5 -3.99236350379558
0 0

0101101
*
Ed
 1e-07 1 1 0
1  343 0 -10.4352977505233 -0.1758638774355
2  438 169 0 -10.4352977505233 -0.1758638774355
4 G1 101 0 169 0
0

0101000
+695 0 -697 0 *
Ve
1e-07
40.1241883140166 114.5 3.90763649620442
0 0

0101101
*
Ed
 1e-07 1 1 0
1  344 0 -7.7 0.2
2  439 170 0 -7.7 0.2
4 G1 101 0 170 0
0

0101000
+693 0 -695 0 *
Ed
 1e-07 1 1 0
1  345 0 -10.0594338730878 0.200000000000003
2  440 171 0 -10.0594338730878 0.200000000000003
4 G1 101 0 171 0
0

0101000
+705 0 -693 0 *
Wi

0101100
-704 0 -702 0 -700 0 -698 0 -696 0 -694 0 -692 0 -691 0 *
Ve
1e-07
40.110912703474 114.5 41.389087296526
0 0

0101101
*
Ed
 1e-07 1 1 0
1  346 0 0.785398163397448 3.14159265358979
2  441 129 0 0.785398163397448 3.14159265358979
4 C0 101 0 129 0
0

0101000
+689 0 -857 0 *
Ve
1e-07
36.610912703474 114.5 37.889087296526
0 0

0101101
*
Ed
 1e-07 1 1 0
1  347 0 -4.94974746830583 0
4 C0 101 0 162 0
0

0101000
+687 0 -689 0 *
Ed
 1e-07 1 1 0
1  348 0 0 0.785398163397448
2  442 107 0 0 0.785398163397448
4 C0 101 0 107 0
0

0101000
+952 0 -687 0 *
Ed
 1e-07 1 1 0
1  349 0 0 4.94974746830583
4 C0 101 0 106 0
0

0101000
+859 0 -953 0 *
Wi

0101100
-688 0 -686 0 -685 0 -951 0 -684 0 -856 0 *
Ve
1e-07
-36.610912703474 114.5 37.889087296526
0 0

0101101
*
Ve
1e-07
-40.110912703474 114.5 41.389087296526
0 0

0101101
*
Ed
 1e-07 1 1 0
1  350 0 -4.94974746830583 0
4 C0 101 0 163 0
0

0101000
+682 0 -681 0 *
Ed
 1e-07 1 1 0
1  351 0 0.785398163397448 3.14159265358979
2  443 104 0 0.785398163397448 3.14159265358979
4 C0 101 0 104 0
0

0101000
+681 0 -963 0 *
Ed
 1e-07 1 1 0
1  352 0 0 4.94974746830583
4 C0 101 0 102 0
0

0101000
+962 0 -869 0 *
Ed
 1e-07 1 1 0
1  353 0 0 0.785398163397448
2  444 127 0 0 0.785398163397448
4 C0 101 0 127 0
0

0101000
+867 0 -682 0 *
Wi

0101100
+680 0 +679 0 +961 0 +678 0 +866 0 +677 0 *
Fa
0  1e-07 101 0

0111000
+721 0 +714 0 +707 0 +690 0 +683 0 +676 0 *
Ed
 1e-07 1 1 0
1  354 0 0 5
2  445 149 0 0 5
4 G1 150 0 149 0
0

0101000
+789 0 -728 0 *
Ed
 1e-07 1 1 0
1  355 0 -5 0
2  446 151 0 -5 0
4 G1 150 0 151 0
0

0101000
+730 0 -787 0 *
Wi

0101100
+786 0 +674 0 -727 0 +673 0 *
Fa
0  1e-07 150 0

0111000
+672 0 *
Ed
 1e-07 1 1 0
1  356 0 -5 0
2  447 145 0 -5 0
4 G1 144 0 145 0
0

0101000
+734 0 -800 0 *
Ed
 1e-07 1 1 0
1  357 0 0 5
2  448 151 0 0 5
4 G1 144 0 151 0
0

0101000
+799 0 -732 0 *
Wi

0101100
-731 0 +670 0 +798 0 +669 0 *
Fa
0  1e-07 144 0

0111000
+668 0 *
Ed
 1e-07 1 1 0
1  358 0 0 5
2  449 145 0 0 5
4 G1 146 0 145 0
0

0101000
+797 0 -736 0 *
Ed
 1e-07 1 1 0
1  359 0 -5 0
2  450 147 0 -5 0
4 G1 146 0 147 0
0

0101000
+737 0 -795 0 *
Wi

0101100
+794 0 +666 0 -735 0 +665 0 *
Fa
0  1e-07 146 0

0111000
+664 0 *
Ed
 1e-07 1 1 0
1  360 0 0 5
2  451 147 0 0 5
4 G1 148 0 147 0
0

0101000
+793 0 -724 0 *
Ed
 1e-07 1 1 0
1  361 0 -5 0
2  452 149 0 -5 0
4 G1 148 0 149 0
0

0101000
+726 0 -791 0 *
Wi

0101100
+790 0 +662 0 -723 0 +661 0 *
Fa
0  1e-07 148 0

0111000
+660 0 *
Ed
 1e-07 1 1 0
1  362 0 3.14159265358979 6.28318530717959
2  453 135 0 3.14159265358979 6.28318530717959
4 G1 135 0 134 0
0

0101000
+829 0 -830 0 *
Ve
0.000484150220239484
6.059621408711 109 -10.9330228383138
0 0

0101101
*
Ed
 1e-07 1 1 0
1  363 0 0 2.08384380709257
2  454 135 0 0 2.08384380709257
4 C0 135 0 125 0
0

0101000
+824 0 -657 0 *
Ed
 0.000484150220239484 1 1 0
1  364 0 0.0265597394089497 0.040087343262595
2  455 135 0 0.0265597394089497 0.040087343262595
2  456 122 0 0.0265597394089497 0.040087343262595
4 C0 135 0 122 0
0

0101000
+827 0 -657 0 *
Wi

0101100
-826 0 +658 0 +822 0 +656 0 -655 0 *
Fa
0  1e-07 135 0

0111000
+654 0 *
Ve
1e-07
39.6241883140166 114 -3.49236350379558
0 0

0101101
*
Ve
1e-07
39.6241883140166 114 3.40763649620442
0 0

0101101
*
Ed
 1e-07 1 1 0
1  365 0 -3.45 3.45
2  457 172 0 -3.45 3.45
4 G1 134 0 172 0
0

0101000
+652 0 -651 0 *
Ve
0.000236485803044025
29.4231289729623 114 -3.49236350379558
0 0

0101101
*
Ed
 1e-07 1 1 0
1  366 0 29.4989406589457 39.7
2  458 173 0 29.4989406589457 39.7
4 G1 134 0 173 0
0

0101000
+649 0 -652 0 *
Ve
0.000236485803059034
-29.5747523449291 114 -3.49236350379558
0 0

0101101
*
Ed
 1e-07 1 1 0
1  367 0 0.116424453483363 3.02516820010643
2  459 174 0 0.116424453483363 3.02516820010643
4 G1 134 0 174 0
0

0101000
+647 0 -649 0 *
Ve
1e-07
-39.7758116859834 114 -3.49236350379558
0 0

0101101
*
Ed
 1e-07 1 1 0
1  368 0 -39.7 -29.4989406589457
2  460 175 0 -39.7 -29.4989406589457
4 G1 134 0 175 0
0

0101000
+645 0 -647 0 *
Ve
1e-07
-39.7758116859834 114 3.40763649620442
0 0

0101101
*
Ed
 1e-07 1 1 0
1  369 0 -3.45 3.45
2  461 176 0 -3.45 3.45
4 G1 134 0 176 0
0

0101000
+643 0 -645 0 *
Ve
0.00021854420320104
-29.5747523449291 114 3.40763649620442
0 0

0101101
*
Ed
 1e-07 1 1 0
1  370 0 29.4989406589457 39.7
2  462 177 0 29.4989406589457 39.7
4 G1 134 0 177 0
0

0101000
+641 0 -643 0 *
Ve
0.000218544203186523
29.4231289729623 114 3.40763649620442
0 0

0101101
*
Ed
 1e-07 1 1 0
1  371 0 3.25801710707316 6.16676085369622
2  463 178 0 3.25801710707316 6.16676085369622
4 G1 134 0 178 0
0

0101000
+639 0 -641 0 *
Ed
 1e-07 1 1 0
1  372 0 -39.7 -29.4989406589457
2  464 179 0 -39.7 -29.4989406589457
4 G1 134 0 179 0
0

0101000
+651 0 -639 0 *
Wi

0101100
-650 0 -648 0 -646 0 -644 0 -642 0 -640 0 -638 0 -637 0 *
Wi

0101100
-828 0 -658 0 *
Fa
0  1e-07 134 0

0111000
+636 0 +635 0 *
Ve
1e-07
-40.0758116859834 114.3 -3.79236350379558
0 0

0101101
*
Ed
 1e-07 1 1 0
1  373 0 3.14159265358979 4.71238898038469
2  465 175 0 3.14159265358979 4.71238898038469
2  466 176 0 3.14159265358979 4.71238898038469
4 C0 175 0 176 0
0

0101000
+633 0 -645 0 *
Ve
0.000322744794451365
-29.84051393546 114.3 -3.79236350379558
0 0

0101101
*
Ed
 1e-07 1 1 0
1  374 0 69.7647022494766 80
2  467 175 0 69.7647022494766 80
2  468 167 0 69.7647022494766 80
4 G1 175 0 167 0
0

0101000
+631 0 -633 0 *
Ed
 0.000236485803059034 1 1 0
1  375 0 -3.47590507514237e-06 0.000548796908695792
2  469 175 0 -3.47590507514237e-06 0.000548796908695792
2  470 174 0 -3.47590507514237e-06 0.000548796908695792
4 C0 175 0 174 0
0

0101000
+647 0 -631 0 *
Wi

0101100
-644 0 -632 0 -630 0 -629 0 *
Fa
0  1e-07 175 0

0111000
+628 0 *
Ve
1e-07
-40.0758116859834 114.3 3.70763649620442
0 0

0101101
*
Ed
 1e-07 1 1 0
1  376 0 3.14159265358979 4.71238898038469
2  471 176 0 3.14159265358979 4.71238898038469
2  472 177 0 3.14159265358979 4.71238898038469
4 C0 176 0 177 0
0

0101000
+626 0 -643 0 *
Ed
 1e-07 1 1 0
1  377 0 -7.5 0
2  473 176 0 -7.5 0
2  474 166 0 -7.5 0
4 G1 176 0 166 0
0

0101000
+633 0 -626 0 *
Wi

0101100
-642 0 -625 0 -624 0 +632 0 *
Fa
0  1e-07 176 0

0111000
+623 0 *
Ve
0.000322742891931802
29.6888905634933 114.3 -3.79236350379558
0 0

0101101
*
Ed
 1e-07 1 1 0
1  378 0 3.26692048475786 6.15785747601152
2  475 174 0 3.26692048475786 6.15785747601152
2  476 168 0 3.26692048475786 6.15785747601152
4 G1 174 0 168 0
0

0101000
+621 0 -631 0 *
Ed
 0.000236485803044025 1 1 0
1  379 0 -3.47590507514699e-06 0.000548796908695792
2  477 174 0 -3.47590507514699e-06 0.000548796908695792
2  478 173 0 -3.47590507514699e-06 0.000548796908695792
4 C0 174 0 173 0
0

0101000
+649 0 -621 0 *
Wi

0101100
-620 0 -619 0 -646 0 +629 0 *
Fa
0  1e-07 174 0

0111000
+618 0 *
Ve
0.000322744794449284
-29.84051393546 114.3 3.70763649620442
0 0

0101101
*
Ed
 0.00021854420320104 1 1 0
1  380 0 0 0.00055109542086657
2  479 177 0 0 0.00055109542086657
2  480 178 0 0 0.00055109542086657
4 C0 177 0 178 0
0

0101000
+616 0 -641 0 *
Ed
 1e-07 1 1 0
1  381 0 -80 -69.7647022494766
2  481 177 0 -80 -69.7647022494766
2  482 165 0 -80 -69.7647022494766
4 G1 177 0 165 0
0

0101000
+626 0 -616 0 *
Wi

0101100
-640 0 -615 0 -614 0 +625 0 *
Fa
0  1e-07 177 0

0111000
+613 0 *
Ve
1e-07
39.9241883140166 114.3 -3.79236350379558
0 0

0101101
*
Ed
 1e-07 1 1 0
1  382 0 0 10.2352977505233
2  483 173 0 0 10.2352977505233
2  484 169 0 0 10.2352977505233
4 G1 173 0 169 0
0

0101000
+611 0 -621 0 *
Ed
 1e-07 1 1 0
1  383 0 1.5707963267949 3.14159265358979
2  485 173 0 1.5707963267949 3.14159265358979
2  486 172 0 1.5707963267949 3.14159265358979
4 C0 173 0 172 0
0

0101000
+652 0 -611 0 *
Wi

0101100
-610 0 -609 0 -648 0 +619 0 *
Fa
0  1e-07 173 0

0111000
+608 0 *
Ve
0.000322742891929489
29.6888905634933 114.3 3.70763649620442
0 0

0101101
*
Ed
 0.000218544203186523 1 1 0
1  384 0 0 0.000551095420866572
2  487 178 0 0 0.000551095420866572
2  488 179 0 0 0.000551095420866572
4 C0 178 0 179 0
0

0101000
+606 0 -639 0 *
Ed
 1e-07 1 1 0
1  385 0 0.125327831168065 3.01626482242173
2  489 178 0 0.125327831168065 3.01626482242173
2  490 164 0 0.125327831168065 3.01626482242173
4 G1 178 0 164 0
0

0101000
+616 0 -606 0 *
Wi

0101100
-638 0 -605 0 -604 0 +615 0 *
Fa
0  1e-07 178 0

0111000
+603 0 *
Ve
1e-07
39.9241883140166 114.3 3.70763649620442
0 0

0101101
*
Ed
 1e-07 1 1 0
1  386 0 0 7.5
2  491 172 0 0 7.5
2  492 170 0 0 7.5
4 G1 172 0 170 0
0

0101000
+601 0 -611 0 *
Ed
 1e-07 1 1 0
1  387 0 1.5707963267949 3.14159265358979
2  493 172 0 1.5707963267949 3.14159265358979
2  494 179 0 1.5707963267949 3.14159265358979
4 C0 172 0 179 0
0

0101000
+651 0 -601 0 *
Wi

0101100
-600 0 -599 0 -650 0 +609 0 *
Fa
0  1e-07 172 0

0111000
+598 0 *
Ed
 1e-07 1 1 0
1  388 0 -10.2352977505233 0
2  495 179 0 -10.2352977505233 0
2  496 171 0 -10.2352977505233 0
4 G1 179 0 171 0
0

0101000
+606 0 -601 0 *
Wi

0101100
-637 0 +599 0 -596 0 +605 0 *
Fa
0  1e-07 179 0

0111000
+595 0 *
Ed
 0.000322744794449284 1 1 0
1  389 0 5.42101086242752e-20 0.000366575567577956
2  497 164 0 5.42101086242752e-20 0.000366575567577956
2  498 165 0 5.42101086242752e-20 0.000366575567577956
4 C0 164 0 165 0
0

0101000
+616 0 -706 0 *
Ed
 0.000322742891929489 1 1 0
1  390 0 -2.84067769994221e-06 0.000364585960631104
2  499 164 0 -2.84067769994221e-06 0.000364585960631104
2  500 171 0 -2.84067769994221e-06 0.000364585960631104
4 C0 164 0 171 0
0

0101000
+705 0 -606 0 *
Wi

0101100
+593 0 +704 0 +592 0 -604 0 *
Fa
0  1e-07 164 0

0111000
+591 0 *
Ed
 1e-07 1 1 0
1  391 0 1.5707963267949 3.14159265358979
2  501 171 0 1.5707963267949 3.14159265358979
2  502 170 0 1.5707963267949 3.14159265358979
4 C0 171 0 170 0
0

0101000
+693 0 -601 0 *
Wi

0101100
-592 0 +691 0 +589 0 -596 0 *
Fa
0  1e-07 171 0

0111000
+588 0 *
Ed
 1e-07 1 1 0
1  392 0 3.14159265358979 4.71238898038469
2  503 165 0 3.14159265358979 4.71238898038469
2  504 166 0 3.14159265358979 4.71238898038469
4 C0 165 0 166 0
0

0101000
+626 0 -703 0 *
Wi

0101100
-593 0 -614 0 +586 0 +702 0 *
Fa
0  1e-07 165 0

0111000
+585 0 *
Ed
 1e-07 1 1 0
1  393 0 1.5707963267949 3.14159265358979
2  505 170 0 1.5707963267949 3.14159265358979
2  506 169 0 1.5707963267949 3.14159265358979
4 C0 170 0 169 0
0

0101000
+695 0 -611 0 *
Wi

0101100
-589 0 +692 0 +583 0 -600 0 *
Fa
0  1e-07 170 0

0111000
+582 0 *
Ed
 1e-07 1 1 0
1  394 0 3.14159265358979 4.71238898038469
2  507 166 0 3.14159265358979 4.71238898038469
2  508 167 0 3.14159265358979 4.71238898038469
4 C0 166 0 167 0
0

0101000
+633 0 -701 0 *
Wi

0101100
-586 0 -624 0 +580 0 +700 0 *
Fa
0  1e-07 166 0

0111000
+579 0 *
Ed
 0.000322742891931802 1 1 0
1  395 0 -2.84067769994613e-06 0.000364585960631104
2  509 169 0 -2.84067769994613e-06 0.000364585960631104
2  510 168 0 -2.84067769994613e-06 0.000364585960631104
4 C0 169 0 168 0
0

0101000
+697 0 -621 0 *
Wi

0101100
-583 0 +694 0 +577 0 -610 0 *
Fa
0  1e-07 169 0

0111000
+576 0 *
Ed
 0.000322744794451365 1 1 0
1  396 0 5.42101086242752e-20 0.000366575567577956
2  511 167 0 5.42101086242752e-20 0.000366575567577956
2  512 168 0 5.42101086242752e-20 0.000366575567577956
4 C0 167 0 168 0
0

0101000
+631 0 -699 0 *
Wi

0101100
-580 0 -630 0 +574 0 +698 0 *
Fa
0  1e-07 167 0

0111000
+573 0 *
Wi

0101100
-577 0 +696 0 -574 0 -620 0 *
Fa
0  1e-07 168 0

0111000
+571 0 *
Ve
0.000324105054019093
-29.5747523449291 109.2 -3.49236350379558
0 0

0101101
*
Ed
 1e-07 1 1 0
1  397 0 -4.8 -4.5
2  513 158 0 -4.8 -4.5
4 C0 159 0 158 0
0

0101000
+569 0 -760 0 *
Ve
1e-07
-39.7758116859834 109.2 -3.49236350379558
0 0

0101101
*
Ed
 1e-07 1 1 0
1  398 0 29.4989406589457 39.7
2  514 141 0 29.4989406589457 39.7
4 G1 159 0 141 0
0

0101000
+569 0 -567 0 *
Ed
 1e-07 1 1 0
1  399 0 -4.8 -4.5
4 C0 159 0 160 0
0

0101000
+567 0 -758 0 *
Wi

0101100
-568 0 +566 0 +565 0 +757 0 *
Fa
0  1e-07 159 0

0111000
+564 0 *
Ve
1e-07
-39.7758116859834 109.2 3.40763649620442
0 0

0101101
*
Ed
 1e-07 1 1 0
1  400 0 -3.45 3.45
2  515 140 0 -3.45 3.45
4 G1 160 0 140 0
0

0101000
+567 0 -562 0 *
Ed
 1e-07 1 1 0
1  401 0 -4.8 -4.5
4 C0 160 0 161 0
0

0101000
+562 0 -756 0 *
Wi

0101100
-565 0 +561 0 +560 0 +755 0 *
Fa
0  1e-07 160 0

0111000
+559 0 *
Ve
0.000324105054019486
29.4231289729623 109.2 -3.49236350379558
0 0

0101101
*
Ed
 1e-07 1 1 0
1  402 0 -4.8 -4.5
2  516 158 0 -4.8 -4.5
4 C0 158 0 157 0
0

0101000
+557 0 -762 0 *
Ed
 1e-07 1 1 0
1  403 0 0.116424453483363 3.02516820010643
2  517 158 0 0.116424453483363 3.02516820010643
2  518 142 0 0.116424453483363 3.02516820010643
4 G1 158 0 142 0
0

0101000
+557 0 -569 0 *
Wi

0101100
-556 0 +555 0 +568 0 +759 0 *
Fa
0  1e-07 158 0

0111000
+554 0 *
Ve
1e-07
39.6241883140166 109.2 -3.49236350379558
0 0

0101101
*
Ed
 1e-07 1 1 0
1  404 0 -4.8 -4.5
4 C0 157 0 156 0
0

0101000
+552 0 -764 0 *
Ed
 1e-07 1 1 0
1  405 0 -39.7 -29.4989406589457
2  519 143 0 -39.7 -29.4989406589457
4 G1 157 0 143 0
0

0101000
+552 0 -557 0 *
Wi

0101100
-551 0 +550 0 +556 0 +761 0 *
Fa
0  1e-07 157 0

0111000
+549 0 *
Ve
0.000324136662845264
-29.5747523449291 109.2 3.40763649620442
0 0

0101101
*
Ed
 1e-07 1 1 0
1  406 0 -39.7 -29.4989406589457
2  520 139 0 -39.7 -29.4989406589457
4 G1 161 0 139 0
0

0101000
+562 0 -547 0 *
Ed
 1e-07 1 1 0
1  407 0 -4.8 -4.5
2  521 154 0 -4.8 -4.5
4 C0 161 0 154 0
0

0101000
+547 0 -768 0 *
Wi

0101100
-560 0 +546 0 +545 0 +754 0 *
Fa
0  1e-07 161 0

0111000
+544 0 *
Ve
0.000324136662845264
29.4231289729623 109.2 3.40763649620442
0 0

0101101
*
Ed
 1e-07 1 1 0
1  408 0 3.25801710707316 6.16676085369622
2  522 154 0 3.25801710707316 6.16676085369622
2  523 138 0 3.25801710707316 6.16676085369622
4 G1 154 0 138 0
0

0101000
+547 0 -542 0 *
Ed
 1e-07 1 1 0
1  409 0 -4.8 -4.5
2  524 154 0 -4.8 -4.5
4 C0 154 0 155 0
0

0101000
+542 0 -769 0 *
Wi

0101100
-545 0 +541 0 +540 0 +767 0 *
Fa
0  1e-07 154 0

0111000
+539 0 *
Ve
1e-07
39.6241883140166 109.2 3.40763649620442
0 0

0101101
*
Ed
 1e-07 1 1 0
1  410 0 -4.8 -4.5
4 C0 156 0 155 0
0

0101000
+537 0 -766 0 *
Ed
 1e-07 1 1 0
1  411 0 -3.45 3.45
2  525 136 0 -3.45 3.45
4 G1 156 0 136 0
0

0101000
+537 0 -552 0 *
Wi

0101100
-536 0 +535 0 +551 0 +763 0 *
Fa
0  1e-07 156 0

0111000
+534 0 *
Ed
 1e-07 1 1 0
1  412 0 29.4989406589457 39.7
2  526 137 0 29.4989406589457 39.7
4 G1 155 0 137 0
0

0101000
+542 0 -537 0 *
Wi

0101100
-540 0 +532 0 +536 0 +765 0 *
Fa
0  1e-07 155 0

0111000
+531 0 *
Ed
 1e-07 1 1 0
1  413 0 10.5 15.5
2  527 113 0 10.5 15.5
4 G1 113 0 153 0
0

0101000
+775 0 -710 0 *
Wi

0101100
+774 0 +529 0 -708 0 -926 0 *
Fa
0  1e-07 113 0

0111000
+528 0 *
Wi

0101100
+838 0 +713 0 -929 0 -776 0 *
Fa
0  1e-07 112 0

0111000
-526 0 *
Ed
 1e-07 1 1 0
1  414 0 10.5 15.5
2  528 133 0 10.5 15.5
4 G1 133 0 153 0
0

0101000
+773 0 -712 0 *
Wi

0101100
-711 0 -524 0 +771 0 +834 0 *
Fa
0  1e-07 133 0

0111000
+523 0 *
Wi

0101100
+529 0 +709 0 -524 0 -772 0 *
Fa
0  1e-07 153 0

0111000
-521 0 *
Ed
 1e-07 1 1 0
1  415 0 10.5 15.5
2  529 131 0 10.5 15.5
4 G1 131 0 152 0
0

0101000
+780 0 -719 0 *
Wi

0101100
+718 0 -519 0 -778 0 +844 0 *
Fa
0  1e-07 131 0

0111000
+518 0 *
Ed
 1e-07 1 1 0
1  416 0 10.5 15.5
2  530 110 0 10.5 15.5
4 G1 152 0 110 0
0

0101000
+782 0 -717 0 *
Wi

0101100
+779 0 +516 0 -716 0 -519 0 *
Fa
0  1e-07 152 0

0111000
+515 0 *
Wi

0101100
-781 0 +516 0 +715 0 -936 0 *
Fa
0  1e-07 110 0

0111000
+513 0 *
Wi

0101100
+783 0 +848 0 -720 0 -939 0 *
Fa
0  1e-07 109 0

0111000
+511 0 *
Ed
 1e-07 1 1 0
1  417 0 10.5 15.5
2  531 129 0 10.5 15.5
4 G1 129 0 162 0
0

0101000
+751 0 -689 0 *
Wi

0101100
-688 0 -509 0 +749 0 +854 0 *
Fa
0  1e-07 129 0

0111000
+508 0 *
Ed
 1e-07 1 1 0
1  418 0 10.5 15.5
2  532 107 0 10.5 15.5
4 G1 162 0 107 0
0

0101000
+752 0 -687 0 *
Wi

0101100
+506 0 +686 0 -509 0 -750 0 *
Fa
0  1e-07 162 0

0111000
-505 0 *
Wi

0101100
+747 0 +506 0 -685 0 -946 0 *
Fa
0  1e-07 107 0

0111000
+503 0 *
Wi

0101100
+858 0 +684 0 -949 0 -748 0 *
Fa
0  1e-07 106 0

0111000
-501 0 *
Ed
 1e-07 1 1 0
1  419 0 10.5 15.5
2  533 104 0 10.5 15.5
4 G1 104 0 163 0
0

0101000
+745 0 -681 0 *
Wi

0101100
-744 0 +499 0 +679 0 -956 0 *
Fa
0  1e-07 104 0

0111000
+498 0 *
Wi

0101100
+740 0 +868 0 -678 0 -959 0 *
Fa
0  1e-07 102 0

0111000
+496 0 *
Ed
 1e-07 1 1 0
1  420 0 10.5 15.5
2  534 127 0 10.5 15.5
4 G1 127 0 163 0
0

0101000
+743 0 -682 0 *
Wi

0101100
+677 0 -494 0 -741 0 +864 0 *
Fa
0  1e-07 127 0

0111000
+493 0 *
Wi

0101100
+742 0 +499 0 -680 0 -494 0 *
Fa
0  1e-07 163 0

0111000
+491 0 *
Wi

0101100
-796 0 -670 0 -733 0 -666 0 *
Fa
0  1e-07 145 0

0111000
+489 0 *
Wi

0101100
-792 0 -665 0 -722 0 -662 0 *
Fa
0  1e-07 147 0

0111000
+487 0 *
Wi

0101100
-788 0 -661 0 -725 0 -674 0 *
Fa
0  1e-07 149 0

0111000
+485 0 *
Wi

0101100
-785 0 -673 0 -729 0 -669 0 *
Fa
0  1e-07 151 0

0111000
+483 0 *
Ed
 1e-07 1 1 0
1  421 0 3.14159265358979 6.28318530717959
2  535 95 0 3.14159265358979 6.28318530717959
4 G1 120 0 95 0
0

0101000
+892 0 -890 0 *
Wi

0101100
+889 0 +481 0 *
Ed
 1e-07 1 1 0
1  422 0 0 3.14159265358979
2  536 121 0 0 3.14159265358979
4 G1 120 0 121 0
0

0101000
+901 0 -902 0 *
Wi

0101100
+479 0 +900 0 *
Fa
0  1e-07 120 0

0111000
+480 0 +478 0 *
Wi

0101100
-874 0 +906 0 +873 0 +971 0 *
Fa
0  1e-07 97 0

0111000
+476 0 *
Ed
 1e-07 1 1 0
1  423 0 0 2.07689618199124
2  537 122 0 0 2.07689618199124
4 C0 125 0 122 0
0

0101000
+881 0 -657 0 *
Wi

0101100
-823 0 +880 0 +474 0 -656 0 *
Fa
0  1e-07 125 0

0111000
-473 0 *
Wi

0101100
+474 0 -655 0 -825 0 -884 0 -896 0 +879 0 *
Fa
0  1e-07 122 0

0111000
+471 0 *
Wi

0101100
+975 0 +888 0 -481 0 -891 0 *
Fa
0  1e-07 95 0

0111000
+469 0 *
Wi

0101100
-898 0 -479 0 +895 0 -878 0 *
Fa
0  1e-07 121 0

0111000
+467 0 *
Wi

0101100
+905 0 +875 0 -908 0 +917 0 *
Fa
0  1e-07 117 0

0111000
+465 0 *
Ed
 1e-07 1 1 0
1  424 0 3.1415926535898 4.71238898038469
2  538 141 0 3.1415926535898 4.71238898038469
2  539 140 0 3.1415926535898 4.71238898038469
4 C0 141 0 140 0
0

0101000
+567 0 -810 0 *
Ed
 0.000324105054019093 1 1 0
1  425 0 -2.83709719730365e-06 0.000366087590028599
2  540 141 0 -2.83709719730365e-06 0.000366087590028599
2  541 142 0 -2.83709719730365e-06 0.000366087590028599
4 C0 141 0 142 0
0

0101000
+808 0 -569 0 *
Wi

0101100
-463 0 -566 0 -462 0 -807 0 *
Fa
0  1e-07 141 0

0111000
+461 0 *
Ed
 0.000324105054019486 1 1 0
1  426 0 -2.83709719730532e-06 0.000366087590028597
2  542 142 0 -2.83709719730532e-06 0.000366087590028597
2  543 143 0 -2.83709719730532e-06 0.000366087590028597
4 C0 142 0 143 0
0

0101000
+806 0 -557 0 *
Wi

0101100
+462 0 -555 0 -459 0 -805 0 *
Fa
0  1e-07 142 0

0111000
+458 0 *
Ed
 1e-07 1 1 0
1  427 0 3.1415926535898 4.71238898038469
2  544 140 0 3.1415926535898 4.71238898038469
2  545 139 0 3.1415926535898 4.71238898038469
4 C0 140 0 139 0
0

0101000
+562 0 -812 0 *
Wi

0101100
+463 0 -809 0 -456 0 -561 0 *
Fa
0  1e-07 140 0

0111000
+455 0 *
Ed
 1e-07 1 1 0
1  428 0 1.5707963267949 3.14159265358979
2  546 143 0 1.5707963267949 3.14159265358979
2  547 136 0 1.5707963267949 3.14159265358979
4 C0 143 0 136 0
0

0101000
+819 0 -552 0 *
Wi

0101100
+459 0 -550 0 -453 0 -804 0 *
Fa
0  1e-07 143 0

0111000
+452 0 *
Ed
 0.000324136662845264 1 1 0
1  429 0 0 0.000368122970952189
2  548 139 0 0 0.000368122970952189
2  549 138 0 0 0.000368122970952189
4 C0 139 0 138 0
0

0101000
+547 0 -814 0 *
Wi

0101100
+456 0 -811 0 -450 0 -546 0 *
Fa
0  1e-07 139 0

0111000
+449 0 *
Ed
 1e-07 1 1 0
1  430 0 1.5707963267949 3.14159265358979
2  550 136 0 1.5707963267949 3.14159265358979
2  551 137 0 1.5707963267949 3.14159265358979
4 C0 136 0 137 0
0

0101000
+818 0 -537 0 *
Wi

0101100
+453 0 -535 0 -447 0 -817 0 *
Fa
0  1e-07 136 0

0111000
+446 0 *
Ed
 0.000324136662845264 1 1 0
1  431 0 0 0.000368122970952187
2  552 138 0 0 0.000368122970952187
2  553 137 0 0 0.000368122970952187
4 C0 138 0 137 0
0

0101000
+542 0 -816 0 *
Wi

0101100
+450 0 -813 0 -444 0 -541 0 *
Fa
0  1e-07 138 0

0111000
+443 0 *
Wi

0101100
+447 0 -532 0 +444 0 -815 0 *
Fa
0  1e-07 137 0

0111000
+441 0 *
Sh

0101100
+968 0 +964 0 -954 0 -944 0 -934 0 -924 0 -914 0 -910 0 -903 0 +893 0 
+886 0 -876 0 +871 0 -861 0 -851 0 -841 0 -831 0 +820 0 -801 0 -738 0 
+675 0 +671 0 +667 0 +663 0 +659 0 +653 0 +634 0 -627 0 -622 0 -617 0 
-612 0 -607 0 -602 0 -597 0 -594 0 +590 0 +587 0 +584 0 +581 0 +578 0 
+575 0 +572 0 +570 0 +563 0 +558 0 +553 0 +548 0 +543 0 +538 0 +533 0 
+530 0 -527 0 -525 0 -522 0 -520 0 -517 0 +514 0 -512 0 +510 0 -507 0 
-504 0 -502 0 -500 0 -497 0 +495 0 -492 0 +490 0 +488 0 +486 0 +484 0 
+482 0 +477 0 +475 0 -472 0 -470 0 +468 0 +466 0 -464 0 +460 0 +457 0 
+454 0 +451 0 +448 0 +445 0 +442 0 +440 0 *
So

0100000
+439 0 *
Ve
1e-07
-38.5 9 3
0 0

0101101
*
Ve
1e-07
-38.5 9 23
0 0

0101101
*
Ed
 1e-07 1 1 0
1  432 0 0 20
2  554 180 0 0 20
2  555 181 0 0 20
4 CN 180 0 181 0
0

0101000
+437 0 -436 0 *
Ve
1e-07
-38.5 19 23
0 0

0101101
*
Ed
 1e-07 1 1 0
1  433 0 3.14159265358979 6.28318530717959
2  556 180 0 3.14159265358979 6.28318530717959
4 C0 180 0 182 0
0

0101000
+436 0 -434 0 *
Ve
1e-07
-38.5 19 3
0 0

0101101
*
Ed
 1e-07 1 1 0
1  434 0 0 20
2  557 180 0 0 20
2  558 181 0 0 20
4 CN 180 0 181 0
0

0101000
+432 0 -434 0 *
Ed
 1e-07 1 1 0
1  435 0 3.14159265358979 6.28318530717959
2  559 180 0 3.14159265358979 6.28318530717959
4 C0 180 0 183 0
0

0101000
+437 0 -432 0 *
Wi

0101100
+435 0 +433 0 -431 0 -430 0 *
Fa
0  1e-07 180 0

0111000
+429 0 *
Ve
1e-07
-38.5 21.5 7
0 0

0101101
*
Ve
1e-07
-38.5 6.5 7
0 0

0101101
*
Ed
 1e-07 1 1 0
1  436 0 0 3.14159265358979
2  560 184 0 0 3.14159265358979
4 C0 184 0 185 0
0

0101000
+427 0 -426 0 *
Ve
1e-07
-38.5 6.5 3
0 0

0101101
*
Ed
 1e-07 1 1 0
1  437 0 0 4
2  561 184 0 0 4
2  562 186 0 0 4
4 CN 184 0 186 0
0

0101000
+426 0 -424 0 *
Ve
1e-07
-38.5 21.5 3
0 0

0101101
*
Ed
 1e-07 1 1 0
1  438 0 0 3.14159265358979
2  563 184 0 0 3.14159265358979
4 C0 184 0 183 0
0

0101000
+422 0 -424 0 *
Ed
 1e-07 1 1 0
1  439 0 0 4
2  564 184 0 0 4
2  565 186 0 0 4
4 CN 184 0 186 0
0

0101000
+427 0 -422 0 *
Wi

0101100
+425 0 +423 0 -421 0 -420 0 *
Fa
0  1e-07 184 0

0111000
+419 0 *
Ve
1e-07
-38.5 28.8823366915877 20.5
0 0

0101101
*
Ve
1e-07
-38.5 53 18.2247487444894
0 0

0101101
*
Ed
 1e-07 1 1 0
1  440 0 -26.4999999999999 -2.27525125551057
2  566 187 0 -26.4999999999999 -2.27525125551057
2  567 188 0 -26.4999999999999 -2.27525125551057
4 CN 187 0 188 0
0

0101000
+417 0 -416 0 *
Ve
1e-07
-38.5 -25 18.2247487444894
0 0

0101101
*
Ed
 1e-07 1 1 0
1  441 0 0 3.14159265358979
2  568 187 0 0 3.14159265358979
2  569 189 0 0 3.14159265358979
4 C0 187 0 189 0
0

0101000
+416 0 -414 0 *
Ve
1e-07
-38.5 -0.882336691587684 20.5
0 0

0101101
*
Ed
 1e-07 1 1 0
1  442 0 -26.5 -2.27525125551056
2  570 187 0 -26.5 -2.27525125551056
2  571 188 0 -26.5 -2.27525125551056
4 CN 187 0 188 0
0

0101000
+412 0 -414 0 *
Ed
 1e-07 1 1 0
1  443 0 0 3.14159265358979
2  572 187 0 0 3.14159265358979
4 C0 187 0 190 0
0

0101000
+417 0 -412 0 *
Wi

0101100
+415 0 +413 0 -411 0 -410 0 *
Fa
0  1e-07 187 0

0111000
+409 0 *
Ve
1e-07
-38.5 -25 18
0 0

0101101
*
Ed
 1e-07 1 1 0
1  444 0 0 0.2247487444894
2  573 189 0 0 0.2247487444894
2  574 191 0 0 0.2247487444894
4 CN 189 0 191 0
0

0101000
+407 0 -414 0 *
Ve
1e-07
-38.5 53 18
0 0

0101101
*
Ed
 1e-07 1 1 0
1  445 0 0 0.2247487444894
2  575 189 0 0 0.2247487444894
2  576 191 0 0 0.2247487444894
4 CN 189 0 191 0
0

0101000
+405 0 -416 0 *
Ed
 1e-07 1 1 0
1  446 0 3.14159265358979 6.28318530717959
2  577 189 0 3.14159265358979 6.28318530717959
4 C0 189 0 192 0
0

0101000
+407 0 -405 0 *
Wi

0101100
+406 0 -413 0 -404 0 -403 0 *
Fa
0  1e-07 189 0

0111000
+402 0 *
Ve
1e-07
-38.5 -1 23
0 0

0101101
*
Ve
1e-07
-38.5 29 23
0 0

0101101
*
Ed
 1e-07 1 1 0
1  447 0 0 3.14159265358979
2  578 193 0 0 3.14159265358979
4 C0 193 0 182 0
0

0101000
+400 0 -399 0 *
Ve
1e-07
-38.5 -27.5 20.5
0 0

0101101
*
Ed
 1e-07 1 1 0
1  448 0 -26.6176633084123 0
2  579 193 0 -26.6176633084123 0
2  580 194 0 -26.6176633084123 0
4 CN 193 0 194 0
0

0101000
+400 0 -397 0 *
Ve
1e-07
-38.5 55.5 20.5
0 0

0101101
*
Ed
 1e-07 1 1 0
1  449 0 0 3.14159265358979
2  581 193 0 0 3.14159265358979
2  582 195 0 0 3.14159265358979
4 C0 193 0 195 0
0

0101000
+397 0 -395 0 *
Ed
 1e-07 1 1 0
1  450 0 -26.6176633084123 0
2  583 193 0 -26.6176633084123 0
2  584 194 0 -26.6176633084123 0
4 CN 193 0 194 0
0

0101000
+399 0 -395 0 *
Wi

0101100
-398 0 +396 0 +394 0 -393 0 *
Fa
0  1e-07 193 0

0111000
+392 0 *
Ve
1e-07
-38.5 55.5 18
0 0

0101101
*
Ve
1e-07
-38.5 -27.5 18
0 0

0101101
*
Ed
 1e-07 1 1 0
1  451 0 0 3.14159265358979
2  585 195 0 0 3.14159265358979
4 C0 195 0 192 0
0

0101000
+390 0 -389 0 *
Ed
 1e-07 1 1 0
1  452 0 0 2.5
2  586 195 0 0 2.5
2  587 196 0 0 2.5
4 CN 195 0 196 0
0

0101000
+390 0 -395 0 *
Ed
 1e-07 1 1 0
1  453 0 0 2.5
2  588 195 0 0 2.5
2  589 196 0 0 2.5
4 CN 195 0 196 0
0

0101000
+389 0 -397 0 *
Wi

0101100
-388 0 +387 0 -394 0 -386 0 *
Fa
0  1e-07 195 0

0111000
+385 0 *
Ve
1e-07
-38.5 22.9 20.5
0 0

0101101
*
Ve
1e-07
-38.5 5.1 20.5
0 0

0101101
*
Ed
 1e-07 1 1 0
1  454 0 0 3.14159265358979
2  590 197 0 0 3.14159265358979
4 C0 197 0 190 0
0

0101000
+383 0 -382 0 *
Ve
1e-07
-38.5 5.1 7
0 0

0101101
*
Ed
 1e-07 1 1 0
1  455 0 25.1730014102411 38.6730014102411
2  591 197 0 25.1730014102411 38.6730014102411
2  592 198 0 25.1730014102411 38.6730014102411
4 CN 197 0 198 0
0

0101000
+382 0 -380 0 *
Ve
1e-07
-38.5 22.9 7
0 0

0101101
*
Ed
 1e-07 1 1 0
1  456 0 3.14159265358979 6.28318530717959
2  593 197 0 3.14159265358979 6.28318530717959
4 C0 197 0 185 0
0

0101000
+380 0 -378 0 *
Ed
 1e-07 1 1 0
1  457 0 25.1730014102411 38.6730014102411
2  594 197 0 25.1730014102411 38.6730014102411
2  595 198 0 25.1730014102411 38.6730014102411
4 CN 197 0 198 0
0

0101000
+383 0 -378 0 *
Wi

0101100
+381 0 +379 0 +377 0 -376 0 *
Fa
0  1e-07 197 0

0111000
+375 0 *
Ed
 1e-07 1 1 0
1  458 0 3.14159265358979 6.28318530717959
2  596 194 0 3.14159265358979 6.28318530717959
4 C0 182 0 194 0
0

0101000
+399 0 -400 0 *
Wi

0101100
+373 0 +398 0 *
Ed
 1e-07 1 1 0
1  459 0 0 3.14159265358979
2  597 181 0 0 3.14159265358979
4 C0 182 0 181 0
0

0101000
+434 0 -436 0 *
Wi

0101100
+433 0 +371 0 *
Fa
0  1e-07 182 0

0111000
-372 0 -370 0 *
Ed
 1e-07 1 1 0
1  460 0 3.14159265358979 6.28318530717959
2  598 186 0 3.14159265358979 6.28318530717959
4 C0 183 0 186 0
0

0101000
+424 0 -422 0 *
Wi

0101100
+421 0 +368 0 *
Ed
 1e-07 1 1 0
1  461 0 0 3.14159265358979
2  599 181 0 0 3.14159265358979
4 C0 183 0 181 0
0

0101000
+432 0 -437 0 *
Wi

0101100
-430 0 -366 0 *
Fa
0  1e-07 183 0

0111000
+367 0 +365 0 *
Ed
 1e-07 1 1 0
1  462 0 3.14159265358979 6.28318530717959
2  600 198 0 3.14159265358979 6.28318530717959
4 C0 198 0 190 0
0

0101000
+382 0 -383 0 *
Ed
 1e-07 1 1 0
1  463 0 0 3.14159265358979
2  601 198 0 0 3.14159265358979
4 C0 198 0 185 0
0

0101000
+378 0 -380 0 *
Wi

0101100
-379 0 +363 0 +376 0 +362 0 *
Fa
0  1e-07 198 0

0111000
+361 0 *
Ed
 1e-07 1 1 0
1  464 0 3.14159265358979 6.28318530717959
2  602 196 0 3.14159265358979 6.28318530717959
4 C0 196 0 192 0
0

0101000
+389 0 -390 0 *
Ed
 1e-07 1 1 0
1  465 0 3.14159265358979 6.28318530717959
2  603 196 0 3.14159265358979 6.28318530717959
2  604 194 0 3.14159265358979 6.28318530717959
4 C0 196 0 194 0
0

0101000
+395 0 -397 0 *
Wi

0101100
-387 0 -359 0 +386 0 -358 0 *
Fa
0  1e-07 196 0

0111000
+357 0 *
Wi

0101100
+359 0 +388 0 *
Ed
 1e-07 1 1 0
1  466 0 0 3.14159265358979
2  605 191 0 0 3.14159265358979
4 C0 192 0 191 0
0

0101000
+405 0 -407 0 *
Wi

0101100
-403 0 -354 0 *
Fa
0  1e-07 192 0

0111000
+355 0 +353 0 *
Wi

0101100
-396 0 -373 0 +393 0 +358 0 *
Fa
0  1e-07 194 0

0111000
+351 0 *
Ed
 1e-07 1 1 0
1  467 0 3.14159265358979 6.28318530717959
2  606 191 0 3.14159265358979 6.28318530717959
2  607 188 0 3.14159265358979 6.28318530717959
4 C0 191 0 188 0
0

0101000
+414 0 -416 0 *
Wi

0101100
-349 0 -406 0 -354 0 +404 0 *
Fa
0  1e-07 191 0

0111000
+348 0 *
Ed
 1e-07 1 1 0
1  468 0 3.14159265358979 6.28318530717959
2  608 188 0 3.14159265358979 6.28318530717959
4 C0 188 0 190 0
0

0101000
+412 0 -417 0 *
Wi

0101100
+349 0 -415 0 -346 0 +411 0 *
Fa
0  1e-07 188 0

0111000
+345 0 *
Wi

0101100
-410 0 -346 0 *
Wi

0101100
-381 0 -363 0 *
Fa
0  1e-07 190 0

0111000
+343 0 +342 0 *
Wi

0101100
-362 0 -377 0 *
Ed
 1e-07 1 1 0
1  469 0 3.14159265358979 6.28318530717959
2  609 186 0 3.14159265358979 6.28318530717959
4 C0 185 0 186 0
0

0101000
+426 0 -427 0 *
Wi

0101100
-425 0 -339 0 *
Fa
0  1e-07 185 0

0111000
+340 0 +338 0 *
Wi

0101100
-423 0 +339 0 +420 0 -368 0 *
Fa
0  1e-07 186 0

0111000
+336 0 *
Wi

0101100
+371 0 -435 0 -366 0 +431 0 *
Fa
0  1e-07 181 0

0111000
+334 0 *
Sh

0101100
-428 0 +418 0 -408 0 -401 0 +391 0 +384 0 +374 0 -369 0 +364 0 +360 0 
+356 0 +352 0 +350 0 -347 0 -344 0 +341 0 +337 0 +335 0 -333 0 *
So

0100000
+332 0 *
Ve
1e-07
-36.5847549596838 9.38135989326466 -3
0 0

0101101
*
Ve
1e-07
-36.5847549596838 9.38135989326466 -23
0 0

0101101
*
Ed
 1e-07 1 1 0
1  470 0 0 20
2  610 199 0 0 20
2  611 200 0 0 20
4 CN 199 0 200 0
0

0101000
+330 0 -329 0 *
Ve
1e-07
-40.4152450403162 18.6186401067353 -23
0 0

0101101
*
Ed
 1e-07 1 1 0
1  471 0 3.14159265358979 6.28318530717959
2  612 199 0 3.14159265358979 6.28318530717959
4 C0 199 0 201 0
0

0101000
+329 0 -327 0 *
Ve
1e-07
-40.4152450403162 18.6186401067353 -3
0 0

0101101
*
Ed
 1e-07 1 1 0
1  472 0 0 20
2  613 199 0 0 20
2  614 200 0 0 20
4 CN 199 0 200 0
0

0101000
+325 0 -327 0 *
Ed
 1e-07 1 1 0
1  473 0 3.14159265358979 6.28318530717959
2  615 199 0 3.14159265358979 6.28318530717959
4 C0 199 0 202 0
0

0101000
+330 0 -325 0 *
Wi

0101100
+328 0 +326 0 -324 0 -323 0 *
Fa
0  1e-07 199 0

0111000
+322 0 *
Ve
1e-07
-41.3728675604743 20.927960160103 -7
0 0

0101101
*
Ve
1e-07
-35.6271324395257 7.07203983989699 -7
0 0

0101101
*
Ed
 1e-07 1 1 0
1  474 0 0 3.14159265358979
2  616 203 0 0 3.14159265358979
4 C0 203 0 204 0
0

0101000
+320 0 -319 0 *
Ve
1e-07
-35.6271324395257 7.07203983989699 -3
0 0

0101101
*
Ed
 1e-07 1 1 0
1  475 0 0 4
2  617 203 0 0 4
2  618 205 0 0 4
4 CN 203 0 205 0
0

0101000
+319 0 -317 0 *
Ve
1e-07
-41.3728675604743 20.927960160103 -3
0 0

0101101
*
Ed
 1e-07 1 1 0
1  476 0 0 3.14159265358979
2  619 203 0 0 3.14159265358979
4 C0 203 0 202 0
0

0101000
+315 0 -317 0 *
Ed
 1e-07 1 1 0
1  477 0 0 4
2  620 203 0 0 4
2  621 205 0 0 4
4 CN 203 0 205 0
0

0101000
+320 0 -315 0 *
Wi

0101100
+318 0 +316 0 -314 0 -313 0 *
Fa
0  1e-07 203 0

0111000
+312 0 *
Ve
1e-07
-44.2006643073758 27.7472314251412 -20.5
0 0

0101101
*
Ve
1e-07
-53.4389113144663 50.0253928325357 -18.2247487444894
0 0

0101101
*
Ed
 1e-07 1 1 0
1  478 0 -26.4999999999999 -2.27525125551053
2  622 206 0 -26.4999999999999 -2.27525125551053
2  623 207 0 -26.4999999999999 -2.27525125551053
4 G2 206 0 207 0
0

0101000
+310 0 -309 0 *
Ve
1e-07
-23.5610886855337 -22.0253928325357 -18.2247487444894
0 0

0101101
*
Ed
 1e-07 1 1 0
1  479 0 0 3.14159265358979
2  624 206 0 0 3.14159265358979
2  625 208 0 0 3.14159265358979
4 C0 206 0 208 0
0

0101000
+309 0 -307 0 *
Ve
1e-07
-32.7993356926242 0.252768574858834 -20.5
0 0

0101101
*
Ed
 1e-07 1 1 0
1  480 0 -26.5 -2.27525125551053
2  626 206 0 -26.5 -2.27525125551053
2  627 207 0 -26.5 -2.27525125551053
4 CN 206 0 207 0
0

0101000
+305 0 -307 0 *
Ed
 1e-07 1 1 0
1  481 0 0 3.14159265358979
2  628 206 0 0 3.14159265358979
4 C0 206 0 209 0
0

0101000
+310 0 -305 0 *
Wi

0101100
+308 0 +306 0 -304 0 -303 0 *
Fa
0  1e-07 206 0

0111000
+302 0 *
Ve
1e-07
-23.5610886855337 -22.0253928325357 -18
0 0

0101101
*
Ed
 1e-07 1 1 0
1  482 0 0 0.2247487444894
2  629 208 0 0 0.2247487444894
2  630 210 0 0 0.2247487444894
4 CN 208 0 210 0
0

0101000
+300 0 -307 0 *
Ve
1e-07
-53.4389113144663 50.0253928325357 -18
0 0

0101101
*
Ed
 1e-07 1 1 0
1  483 0 0 0.2247487444894
2  631 208 0 0 0.2247487444894
2  632 210 0 0 0.2247487444894
4 CN 208 0 210 0
0

0101000
+298 0 -309 0 *
Ed
 1e-07 1 1 0
1  484 0 3.14159265358979 6.28318530717959
2  633 208 0 3.14159265358979 6.28318530717959
4 C0 208 0 211 0
0

0101000
+300 0 -298 0 *
Wi

0101100
+299 0 -306 0 -297 0 -296 0 *
Fa
0  1e-07 208 0

0111000
+295 0 *
Ve
1e-07
-32.7542648790514 0.144079679793974 -23
0 0

0101101
*
Ve
1e-07
-44.2457351209486 27.855920320206 -23
0 0

0101101
*
Ed
 1e-07 1 1 0
1  485 0 0 3.14159265358979
2  634 212 0 0 3.14159265358979
4 C0 212 0 201 0
0

0101000
+293 0 -292 0 *
Ve
1e-07
-22.6034661653756 -24.3347128859033 -20.5
0 0

0101101
*
Ed
 1e-07 1 1 0
1  486 0 -26.6176633084123 0
2  635 212 0 -26.6176633084123 0
2  636 213 0 -26.6176633084123 0
4 CN 212 0 213 0
0

0101000
+293 0 -290 0 *
Ve
1e-07
-54.3965338346244 52.3347128859033 -20.5
0 0

0101101
*
Ed
 1e-07 1 1 0
1  487 0 0 3.14159265358979
2  637 212 0 0 3.14159265358979
2  638 214 0 0 3.14159265358979
4 C0 212 0 214 0
0

0101000
+290 0 -288 0 *
Ed
 1e-07 1 1 0
1  488 0 -26.6176633084123 0
2  639 212 0 -26.6176633084123 0
2  640 213 0 -26.6176633084123 0
4 G2 212 0 213 0
0

0101000
+292 0 -288 0 *
Wi

0101100
-291 0 +289 0 +287 0 -286 0 *
Fa
0  1e-07 212 0

0111000
+285 0 *
Ve
1e-07
-54.3965338346244 52.3347128859033 -18
0 0

0101101
*
Ve
1e-07
-22.6034661653756 -24.3347128859033 -18
0 0

0101101
*
Ed
 1e-07 1 1 0
1  489 0 0 3.14159265358979
2  641 214 0 0 3.14159265358979
4 C0 214 0 211 0
0

0101000
+283 0 -282 0 *
Ed
 1e-07 1 1 0
1  490 0 0 2.5
2  642 214 0 0 2.5
2  643 215 0 0 2.5
4 CN 214 0 215 0
0

0101000
+283 0 -288 0 *
Ed
 1e-07 1 1 0
1  491 0 0 2.5
2  644 214 0 0 2.5
2  645 215 0 0 2.5
4 CN 214 0 215 0
0

0101000
+282 0 -290 0 *
Wi

0101100
-281 0 +280 0 -287 0 -279 0 *
Fa
0  1e-07 214 0

0111000
+278 0 *
Ve
1e-07
-41.9091361717628 22.2211793899889 -20.5
0 0

0101101
*
Ve
1e-07
-35.0908638282372 5.77882061001109 -20.5
0 0

0101101
*
Ed
 1e-07 1 1 0
1  492 0 0 3.14159265358979
2  646 216 0 0 3.14159265358979
4 C0 216 0 209 0
0

0101000
+276 0 -275 0 *
Ve
1e-07
-35.0908638282372 5.77882061001109 -7
0 0

0101101
*
Ed
 1e-07 1 1 0
1  493 0 25.1730014102411 38.6730014102411
2  647 216 0 25.1730014102411 38.6730014102411
2  648 217 0 25.1730014102411 38.6730014102411
4 CN 216 0 217 0
0

0101000
+275 0 -273 0 *
Ve
1e-07
-41.9091361717628 22.2211793899889 -7
0 0

0101101
*
Ed
 1e-07 1 1 0
1  494 0 3.14159265358979 6.28318530717959
2  649 216 0 3.14159265358979 6.28318530717959
4 C0 216 0 204 0
0

0101000
+273 0 -271 0 *
Ed
 1e-07 1 1 0
1  495 0 25.1730014102411 38.6730014102411
2  650 216 0 25.1730014102411 38.6730014102411
2  651 217 0 25.1730014102411 38.6730014102411
4 CN 216 0 217 0
0

0101000
+276 0 -271 0 *
Wi

0101100
+274 0 +272 0 +270 0 -269 0 *
Fa
0  1e-07 216 0

0111000
+268 0 *
Ed
 1e-07 1 1 0
1  496 0 3.14159265358979 6.28318530717959
2  652 213 0 3.14159265358979 6.28318530717959
4 C0 201 0 213 0
0

0101000
+292 0 -293 0 *
Wi

0101100
+266 0 +291 0 *
Ed
 1e-07 1 1 0
1  497 0 0 3.14159265358979
2  653 200 0 0 3.14159265358979
4 C0 201 0 200 0
0

0101000
+327 0 -329 0 *
Wi

0101100
+326 0 +264 0 *
Fa
0  1e-07 201 0

0111000
-265 0 -263 0 *
Ed
 1e-07 1 1 0
1  498 0 3.14159265358979 6.28318530717959
2  654 205 0 3.14159265358979 6.28318530717959
4 C0 202 0 205 0
0

0101000
+317 0 -315 0 *
Wi

0101100
+314 0 +261 0 *
Ed
 1e-07 1 1 0
1  499 0 0 3.14159265358979
2  655 200 0 0 3.14159265358979
4 C0 202 0 200 0
0

0101000
+325 0 -330 0 *
Wi

0101100
-323 0 -259 0 *
Fa
0  1e-07 202 0

0111000
+260 0 +258 0 *
Ed
 1e-07 1 1 0
1  500 0 3.14159265358979 6.28318530717959
2  656 217 0 3.14159265358979 6.28318530717959
4 C0 217 0 209 0
0

0101000
+275 0 -276 0 *
Ed
 1e-07 1 1 0
1  501 0 0 3.14159265358979
2  657 217 0 0 3.14159265358979
4 C0 217 0 204 0
0

0101000
+271 0 -273 0 *
Wi

0101100
-272 0 +256 0 +269 0 +255 0 *
Fa
0  1e-07 217 0

0111000
+254 0 *
Ed
 1e-07 1 1 0
1  502 0 3.14159265358979 6.28318530717959
2  658 215 0 3.14159265358979 6.28318530717959
4 C0 215 0 211 0
0

0101000
+282 0 -283 0 *
Ed
 1e-07 1 1 0
1  503 0 3.14159265358979 6.28318530717959
2  659 215 0 3.14159265358979 6.28318530717959
2  660 213 0 3.14159265358979 6.28318530717959
4 C0 215 0 213 0
0

0101000
+288 0 -290 0 *
Wi

0101100
-280 0 -252 0 +279 0 -251 0 *
Fa
0  1e-07 215 0

0111000
+250 0 *
Wi

0101100
+252 0 +281 0 *
Ed
 1e-07 1 1 0
1  504 0 0 3.14159265358979
2  661 210 0 0 3.14159265358979
4 C0 211 0 210 0
0

0101000
+298 0 -300 0 *
Wi

0101100
-296 0 -247 0 *
Fa
0  1e-07 211 0

0111000
+248 0 +246 0 *
Wi

0101100
-289 0 -266 0 +286 0 +251 0 *
Fa
0  1e-07 213 0

0111000
+244 0 *
Ed
 1e-07 1 1 0
1  505 0 3.14159265358979 6.28318530717959
2  662 210 0 3.14159265358979 6.28318530717959
2  663 207 0 3.14159265358979 6.28318530717959
4 C0 210 0 207 0
0

0101000
+307 0 -309 0 *
Wi

0101100
-242 0 -299 0 -247 0 +297 0 *
Fa
0  1e-07 210 0

0111000
+241 0 *
Ed
 1e-07 1 1 0
1  506 0 3.14159265358979 6.28318530717959
2  664 207 0 3.14159265358979 6.28318530717959
4 C0 207 0 209 0
0

0101000
+305 0 -310 0 *
Wi

0101100
+242 0 -308 0 -239 0 +304 0 *
Fa
0  1e-07 207 0

0111000
+238 0 *
Wi

0101100
-303 0 -239 0 *
Wi

0101100
-274 0 -256 0 *
Fa
0  1e-07 209 0

0111000
+236 0 +235 0 *
Wi

0101100
-255 0 -270 0 *
Ed
 1e-07 1 1 0
1  507 0 3.14159265358979 6.28318530717959
2  665 205 0 3.14159265358979 6.28318530717959
4 C0 204 0 205 0
0

0101000
+319 0 -320 0 *
Wi

0101100
-318 0 -232 0 *
Fa
0  1e-07 204 0

0111000
+233 0 +231 0 *
Wi

0101100
-316 0 +232 0 +313 0 -261 0 *
Fa
0  1e-07 205 0

0111000
+229 0 *
Wi

0101100
+264 0 -328 0 -259 0 +324 0 *
Fa
0  1e-07 200 0

0111000
+227 0 *
Sh

0101100
-321 0 +311 0 -301 0 -294 0 +284 0 +277 0 +267 0 -262 0 +257 0 +253 0 
+249 0 +245 0 +243 0 -240 0 -237 0 +234 0 +230 0 +228 0 -226 0 *
So

0100000
+225 0 *
Ve
1e-07
-38.5 20.2 -33
0 0

0101101
*
Ve
1e-07
-38.5 7.8 -33
0 0

0101101
*
Ed
 1e-07 1 1 0
1  508 0 0 3.14159265358979
2  666 218 0 0 3.14159265358979
2  667 219 0 0 3.14159265358979
4 C1 218 0 219 0
0

0101000
+223 0 -222 0 *
Ve
1e-07
-38.5 8.3 -33.5
0 0

0101101
*
Ed
 1e-07 1 1 0
1  509 0 0 1.5707963267949
2  668 218 0 0 1.5707963267949
2  669 220 0 0 1.5707963267949
4 CN 218 0 220 0
0

0101000
+222 0 -220 0 *
Ve
1e-07
-38.5 19.7 -33.5
0 0

0101101
*
Ed
 1e-07 1 1 0
1  510 0 0 3.14159265358979
2  670 218 0 0 3.14159265358979
4 G1 218 0 221 0
0

0101000
+218 0 -220 0 *
Ed
 1e-07 1 1 0
1  511 0 0 1.5707963267949
2  671 218 0 0 1.5707963267949
2  672 220 0 0 1.5707963267949
4 CN 218 0 220 0
0

0101000
+223 0 -218 0 *
Wi

0101100
+221 0 +219 0 -217 0 -216 0 *
Fa
0  1e-07 218 0

0111000
+215 0 *
Ve
1e-07
-38.5 20.7 -32.5
0 0

0101101
*
Ed
 1e-07 1 1 0
1  512 0 3.14159265358979 4.71238898038469
2  673 222 0 3.14159265358979 4.71238898038469
2  674 219 0 3.14159265358979 4.71238898038469
4 CN 222 0 219 0
0

0101000
+223 0 -213 0 *
Ve
1e-07
-38.5 7.3 -32.5
0 0

0101101
*
Ed
 1e-07 1 1 0
1  513 0 0 3.14159265358979
2  675 222 0 0 3.14159265358979
4 G1 222 0 223 0
0

0101000
+213 0 -211 0 *
Ed
 1e-07 1 1 0
1  514 0 3.14159265358979 4.71238898038469
2  676 222 0 3.14159265358979 4.71238898038469
2  677 219 0 3.14159265358979 4.71238898038469
4 CN 222 0 219 0
0

0101000
+222 0 -211 0 *
Ed
 1e-07 1 1 0
1  515 0 3.14159265358979 6.28318530717959
2  678 222 0 3.14159265358979 6.28318530717959
2  679 220 0 3.14159265358979 6.28318530717959
4 C1 222 0 220 0
0

0101000
+222 0 -223 0 *
Wi

0101100
+212 0 +210 0 -209 0 +208 0 *
Fa
0  1e-07 222 0

0111000
+207 0 *
Ve
1e-07
-38.5 20.5447839840065 -26
0 0

0101101
*
Ve
1e-07
-38.5 7.45521601599353 -26
0 0

0101101
*
Ed
 1e-07 1 1 0
1  516 0 0 3.14159265358979
2  680 224 0 0 3.14159265358979
4 G1 224 0 225 0
0

0101000
+205 0 -204 0 *
Ve
0.000318704130339872
-38.5 6.6 -26.1920714709956
0 0

0101101
*
Ed
 1e-07 1 1 0
1  517 0 4.71238898038469 5.15423398261183
2  681 224 0 4.71238898038469 5.15423398261183
2  682 226 0 4.71238898038469 5.15423398261183
4 CN 224 0 226 0
0

0101000
+204 0 -202 0 *
Ve
0.000341445192351797
-34.2276080079968 6.6 -28
0 0

0101101
*
Ed
 0.000240492235449674 1 1 0
1  518 0 1.35242707143939e-14 0.00503284326234566
2  683 224 0 1.35242707143939e-14 0.00503284326234566
4 C0 224 0 227 0
0

0101000
+202 0 -200 0 *
Ve
0.000341445192358396
-29.9552160159935 14 -28
0 0

0101101
*
Ed
 0.000341445192351797 1 1 0
1  519 0 1.96976683346949e-07 0.0101438099481009
2  684 224 0 1.96976683346949e-07 0.0101438099481009
4 C0 224 0 228 0
0

0101000
+200 0 -198 0 *
Ve
0.000341445192358396
-34.2276080079968 21.4 -28
0 0

0101101
*
Ed
 0.000341445192358396 1 1 0
1  520 0 1.96976683346643e-07 0.0101438099481009
2  685 224 0 1.96976683346643e-07 0.0101438099481009
4 C0 224 0 229 0
0

0101000
+198 0 -196 0 *
Ve
0.000318704130312441
-38.5 21.4 -26.1920714709956
0 0

0101101
*
Ed
 0.000318704130312441 1 1 0
1  521 0 0.0151583342293736 0.0202226948053973
2  686 224 0 0.0151583342293736 0.0202226948053973
4 C0 224 0 230 0
0

0101000
+196 0 -194 0 *
Ed
 1e-07 1 1 0
1  522 0 4.71238898038469 5.15423398261182
2  687 224 0 4.71238898038469 5.15423398261182
2  688 226 0 4.71238898038469 5.15423398261182
4 CN 224 0 226 0
0

0101000
+205 0 -194 0 *
Wi

0101100
+203 0 +201 0 +199 0 +197 0 +195 0 +193 0 -192 0 *
Fa
0  1e-07 224 0

0111000
+191 0 *
Ve
1e-07
-38.5 9 -33.5
0 0

0101101
*
Ve
1e-07
-38.5 9 -26
0 0

0101101
*
Ed
 1e-07 1 1 0
1  523 0 0 7.5
2  689 231 0 0 7.5
2  690 232 0 0 7.5
4 CN 231 0 232 0
0

0101000
+189 0 -188 0 *
Ve
1e-07
-38.5 19 -26
0 0

0101101
*
Ed
 1e-07 1 1 0
1  524 0 3.14159265358979 6.28318530717959
2  691 231 0 3.14159265358979 6.28318530717959
4 C0 231 0 225 0
0

0101000
+188 0 -186 0 *
Ve
1e-07
-38.5 19 -33.5
0 0

0101101
*
Ed
 1e-07 1 1 0
1  525 0 0 7.5
2  692 231 0 0 7.5
2  693 232 0 0 7.5
4 CN 231 0 232 0
0

0101000
+184 0 -186 0 *
Ed
 1e-07 1 1 0
1  526 0 3.14159265358979 6.28318530717959
2  694 231 0 3.14159265358979 6.28318530717959
4 C0 231 0 221 0
0

0101000
+189 0 -184 0 *
Wi

0101100
+187 0 +185 0 -183 0 -182 0 *
Fa
0  1e-07 231 0

0111000
+181 0 *
Ve
0.000457823009998396
-31.3559248664038 16.426098895522 -32.5
0 0

0101101
*
Ve
0.000459918652709847
-29.9552160159935 14 -31.5
0 0

0101101
*
Ed
 0.000457823009998396 1 1 0
1  527 0 1.81367282050289e-06 0.00301758922561379
2  695 233 0 1.81367282050289e-06 0.00301758922561379
4 C0 229 0 233 0
0

0101000
+179 0 -178 0 *
Ve
0.000459918652734324
-32.8268991575865 18.973901104478 -32.5
0 0

0101101
*
Ed
 1e-07 1 1 0
1  528 0 2.80141770082057 5.74336628318592
4 C0 229 0 223 0
0

0101000
+176 0 -179 0 *
Ve
0.000459918652734324
-34.2276080079968 21.4 -31.5
0 0

0101101
*
Ed
 0.000459918652734324 1 1 0
1  529 0 2.95195044444432e-07 0.00299690844597169
2  696 234 0 2.95195044444432e-07 0.00299690844597169
4 C0 229 0 234 0
0

0101000
+174 0 -176 0 *
Ed
 1e-07 1 1 0
1  530 0 2 5.5
4 C0 229 0 230 0
0

0101000
+174 0 -196 0 *
Ed
 1e-07 1 1 0
1  531 0 2 5.5
4 C0 229 0 228 0
0

0101000
+178 0 -198 0 *
Wi

0101100
-177 0 -175 0 -173 0 +172 0 -195 0 -171 0 *
Fa
0  1e-07 229 0

0111000
-170 0 *
Ve
0.000457823009986386
-32.8268991575865 9.02609889552197 -32.5
0 0

0101101
*
Ve
0.000478409407214014
-34.2276080079968 6.6 -31.5
0 0

0101101
*
Ed
 0.000457823009986386 1 1 0
1  532 0 1.81367282059278e-06 0.00301758922561387
2  697 235 0 1.81367282059278e-06 0.00301758922561387
4 C0 228 0 235 0
0

0101000
+168 0 -167 0 *
Ve
0.000459918652709847
-31.3559248664038 11.573901104478 -32.5
0 0

0101101
*
Ed
 1e-07 1 1 0
1  533 0 2.80141770082057 5.74336628318595
4 C0 228 0 223 0
0

0101000
+165 0 -168 0 *
Ed
 0.000459918652709847 1 1 0
1  534 0 2.95195044437944e-07 0.00299690844597169
2  698 233 0 2.95195044437944e-07 0.00299690844597169
4 C0 228 0 233 0
0

0101000
+178 0 -165 0 *
Ed
 1e-07 1 1 0
1  535 0 2 5.5
4 C0 228 0 227 0
0

0101000
+167 0 -200 0 *
Wi

0101100
-166 0 -164 0 -163 0 +171 0 -197 0 -162 0 *
Fa
0  1e-07 228 0

0111000
-161 0 *
Ve
5.49403895986666e-05
-39.9709742911827 6.6 -32.5
0 0

0101101
*
Ve
0.000459918652748623
-42.7723919920032 6.59999999999999 -31.5
0 0

0101101
*
Ed
 5.49403895986666e-05 1 1 0
1  536 0 0.00147000222480712 0.00447133011486299
2  699 236 0 0.00147000222480712 0.00447133011486299
4 C0 227 0 236 0
0

0101000
+159 0 -158 0 *
Ve
0.000478409407214014
-37.0290257088173 6.6 -32.5
0 0

0101101
*
Ed
 1e-07 1 1 0
1  537 0 2.8014177008205 5.7433662831859
4 C0 227 0 223 0
0

0101000
+156 0 -159 0 *
Ed
 0.000478409407214014 1 1 0
1  538 0 0.0193657235930351 0.0223743795533757
2  700 235 0 0.0193657235930351 0.0223743795533757
4 C0 227 0 235 0
0

0101000
+167 0 -156 0 *
Ve
0.000341445192364162
-42.7723919920032 6.59999999999999 -28
0 0

0101101
*
Ed
 0.000318704130339872 1 1 0
1  539 0 0.0151583342295081 0.0202226948056389
2  701 226 0 0.0151583342295081 0.0202226948056389
4 C0 227 0 226 0
0

0101000
+153 0 -202 0 *
Ed
 1e-07 1 1 0
1  540 0 2 5.5
4 C0 227 0 237 0
0

0101000
+158 0 -153 0 *
Wi

0101100
-157 0 -155 0 -154 0 +162 0 -199 0 -152 0 -151 0 *
Fa
0  1e-07 227 0

0111000
-150 0 *
Ve
0.000457823010001825
-45.6440751335962 11.573901104478 -32.5
0 0

0101101
*
Ve
0.000459918652735709
-47.0447839840065 14 -31.5
0 0

0101101
*
Ed
 0.000457823010001825 1 1 0
1  541 0 1.81367282058351e-06 0.00301758922561387
2  702 238 0 1.81367282058351e-06 0.00301758922561387
4 C0 237 0 238 0
0

0101000
+148 0 -147 0 *
Ve
0.000459918652748623
-44.1731008424135 9.02609889552197 -32.5
0 0

0101101
*
Ed
 1e-07 1 1 0
1  542 0 2.80141770082054 5.74336628318593
4 C0 237 0 223 0
0

0101000
+145 0 -148 0 *
Ed
 0.000459918652748623 1 1 0
1  543 0 2.95195044437291e-07 0.0029969084459717
2  703 236 0 2.95195044437291e-07 0.0029969084459717
4 C0 237 0 236 0
0

0101000
+158 0 -145 0 *
Ve
0.000341445192364162
-47.0447839840065 14 -28
0 0

0101101
*
Ed
 0.000341445192364162 1 1 0
1  544 0 1.96976683347079e-07 0.0101438099481009
2  704 226 0 1.96976683347079e-07 0.0101438099481009
4 C0 237 0 226 0
0

0101000
+142 0 -153 0 *
Ed
 1e-07 1 1 0
1  545 0 2 5.5
4 C0 237 0 239 0
0

0101000
+147 0 -142 0 *
Wi

0101100
-146 0 -144 0 -143 0 +151 0 -141 0 -140 0 *
Fa
0  1e-07 237 0

0111000
-139 0 *
Ve
0.000457823009997199
-44.1731008424135 18.973901104478 -32.5
0 0

0101101
*
Ve
0.000478409407217131
-42.7723919920032 21.4 -31.5
0 0

0101101
*
Ed
 0.000457823009997199 1 1 0
1  546 0 1.8136728205998e-06 0.00301758922561386
2  705 240 0 1.8136728205998e-06 0.00301758922561386
4 C0 239 0 240 0
0

0101000
+137 0 -136 0 *
Ve
0.000459918652735709
-45.6440751335962 16.426098895522 -32.5
0 0

0101101
*
Ed
 1e-07 1 1 0
1  547 0 2.80141770082057 5.74336628318593
4 C0 239 0 223 0
0

0101000
+134 0 -137 0 *
Ed
 0.000459918652735709 1 1 0
1  548 0 2.95195044440218e-07 0.00299690844597168
2  706 238 0 2.95195044440218e-07 0.00299690844597168
4 C0 239 0 238 0
0

0101000
+147 0 -134 0 *
Ve
0.000341445192359224
-42.7723919920032 21.4 -28
0 0

0101101
*
Ed
 0.000341445192359224 1 1 0
1  549 0 1.96976683347933e-07 0.0101438099481009
2  707 226 0 1.96976683347933e-07 0.0101438099481009
4 C0 239 0 226 0
0

0101000
+131 0 -142 0 *
Ed
 1e-07 1 1 0
1  550 0 2 5.5
4 C0 239 0 230 0
0

0101000
+136 0 -131 0 *
Wi

0101100
-135 0 -133 0 -132 0 +140 0 -130 0 -129 0 *
Fa
0  1e-07 239 0

0111000
-128 0 *
Ve
5.49403896019608e-05
-37.0290257088173 21.4 -32.5
0 0

0101101
*
Ed
 5.49403896019608e-05 1 1 0
1  551 0 0.00147000222480713 0.004471330114863
2  708 234 0 0.00147000222480713 0.004471330114863
4 C0 230 0 234 0
0

0101000
+126 0 -174 0 *
Ve
0.000478409407217131
-39.9709742911827 21.4 -32.5
0 0

0101101
*
Ed
 1e-07 1 1 0
1  552 0 2.8014177008205 5.7433662831859
4 C0 230 0 223 0
0

0101000
+124 0 -126 0 *
Ed
 0.000478409407217131 1 1 0
1  553 0 0.0193657235930351 0.0223743795533757
2  709 240 0 0.0193657235930351 0.0223743795533757
4 C0 230 0 240 0
0

0101000
+136 0 -124 0 *
Ed
 0.000240492235423622 1 1 0
1  554 0 2.75149804451964e-18 0.00503284326230359
2  710 226 0 2.75149804451964e-18 0.00503284326230359
4 C0 230 0 226 0
0

0101000
+194 0 -131 0 *
Wi

0101100
-125 0 -123 0 -122 0 +129 0 -121 0 -193 0 -172 0 *
Fa
0  1e-07 230 0

0111000
-120 0 *
Ed
 1e-07 1 1 0
1  555 0 0.196222506028963 0.850975045167638
2  711 234 0 0.196222506028963 0.850975045167638
4 C0 223 0 234 0
0

0101000
+126 0 -176 0 *
Ed
 1e-07 1 1 0
1  556 0 1.24342005722556 1.89817259636424
2  712 233 0 1.24342005722556 1.89817259636424
4 C0 223 0 233 0
0

0101000
+179 0 -165 0 *
Ed
 1e-07 1 1 0
1  557 0 2.29061760842216 2.94537014756083
2  713 235 0 2.29061760842216 2.94537014756083
4 C0 223 0 235 0
0

0101000
+168 0 -156 0 *
Ed
 1e-07 1 1 0
1  558 0 3.33781515961876 3.99256769875743
2  714 236 0 3.33781515961876 3.99256769875743
4 C0 223 0 236 0
0

0101000
+159 0 -145 0 *
Ed
 1e-07 1 1 0
1  559 0 4.38501271081535 5.03976524995403
2  715 238 0 4.38501271081535 5.03976524995403
4 C0 223 0 238 0
0

0101000
+148 0 -134 0 *
Ed
 1e-07 1 1 0
1  560 0 5.43221026201195 6.08696280115062
2  716 240 0 5.43221026201195 6.08696280115062
4 C0 223 0 240 0
0

0101000
+137 0 -124 0 *
Wi

0101100
+123 0 +118 0 +175 0 +117 0 +164 0 +116 0 +155 0 +115 0 +144 0 +114 0 
+133 0 +113 0 *
Ed
 1e-07 1 1 0
1  561 0 3.14159265358979 6.28318530717959
2  717 219 0 3.14159265358979 6.28318530717959
4 G1 223 0 219 0
0

0101000
+211 0 -213 0 *
Wi

0101100
+210 0 +111 0 *
Fa
0  1e-07 223 0

0111000
+112 0 +110 0 *
Ed
 1e-07 1 1 0
1  562 0 3.14159265358979 6.28318530717959
2  718 226 0 3.14159265358979 6.28318530717959
4 G1 225 0 226 0
0

0101000
+204 0 -205 0 *
Wi

0101100
-203 0 -108 0 *
Ed
 1e-07 1 1 0
1  563 0 0 3.14159265358979
2  719 232 0 0 3.14159265358979
4 C0 225 0 232 0
0

0101000
+186 0 -188 0 *
Wi

0101100
+185 0 +106 0 *
Fa
0  1e-07 225 0

0111000
-107 0 -105 0 *
Ed
 1e-07 1 1 0
1  564 0 3.14159265358979 6.28318530717959
2  720 220 0 3.14159265358979 6.28318530717959
4 G1 221 0 220 0
0

0101000
+220 0 -218 0 *
Wi

0101100
+217 0 +103 0 *
Ed
 1e-07 1 1 0
1  565 0 0 3.14159265358979
2  721 232 0 0 3.14159265358979
4 C0 221 0 232 0
0

0101000
+184 0 -189 0 *
Wi

0101100
-182 0 -101 0 *
Fa
0  1e-07 221 0

0111000
+102 0 +100 0 *
Wi

0101100
+106 0 -187 0 -101 0 +183 0 *
Fa
0  1e-07 232 0

0111000
+98 0 *
Wi

0101100
-201 0 +108 0 +192 0 +121 0 +130 0 +141 0 +152 0 *
Fa
0  1e-07 226 0

0111000
+96 0 *
Wi

0101100
+135 0 +122 0 -113 0 *
Fa
0  1e-07 240 0

0111000
+94 0 *
Wi

0101100
+146 0 +132 0 -114 0 *
Fa
0  1e-07 238 0

0111000
+92 0 *
Wi

0101100
+157 0 +143 0 -115 0 *
Fa
0  1e-07 236 0

0111000
+90 0 *
Wi

0101100
+166 0 +154 0 -116 0 *
Fa
0  1e-07 235 0

0111000
+88 0 *
Wi

0101100
+177 0 +163 0 -117 0 *
Fa
0  1e-07 233 0

0111000
+86 0 *
Wi

0101100
+173 0 -118 0 +125 0 *
Fa
0  1e-07 234 0

0111000
+84 0 *
Wi

0101100
+111 0 -212 0 +221 0 +209 0 *
Fa
0  1e-07 219 0

0111000
+82 0 *
Wi

0101100
-219 0 +208 0 +216 0 -103 0 *
Fa
0  1e-07 220 0

0111000
+80 0 *
Sh

0101100
+214 0 -206 0 +190 0 -180 0 -169 0 -160 0 -149 0 -138 0 -127 0 -119 0 
+109 0 -104 0 +99 0 -97 0 +95 0 +93 0 +91 0 +89 0 +87 0 +85 0 
+83 0 -81 0 +79 0 *
So

0100000
+78 0 *
Ve
1e-07
-43.9019237886467 10.881197846483 30.5
0 0

0101101
*
Ve
1e-07
-33.0980762113533 17.118802153517 30.5
0 0

0101101
*
Ed
 1e-07 1 1 0
1  566 0 0 3.14159265358979
2  722 241 0 0 3.14159265358979
4 C0 241 0 242 0
0

0101000
+76 0 -75 0 *
Ve
9.67271359415145e-05
-30.5 18.618802153517 29.5
0 0

0101101
*
Ed
 1e-07 1 1 0
1  567 0 4.93405932718878 5.13421974237388
2  723 241 0 4.93405932718878 5.13421974237388
2  724 243 0 4.93405932718878 5.13421974237388
4 CN 241 0 243 0
0

0101000
+75 0 -73 0 *
Ve
9.67271359415145e-05
-38.5 23.237604307034 29.5
0 0

0101101
*
Ed
 9.67271359415145e-05 1 1 0
1  568 0 2.33254409271883e-07 0.0092509853587196
2  725 241 0 2.33254409271883e-07 0.0092509853587196
4 C0 241 0 244 0
0

0101000
+71 0 -73 0 *
Ve
9.67271359411237e-05
-46.5 18.618802153517 29.5
0 0

0101101
*
Ed
 8.74133977040535e-05 1 1 0
1  569 0 0.0946938928205695 0.103933314649715
2  726 241 0 0.0946938928205695 0.103933314649715
4 C0 241 0 245 0
0

0101000
+69 0 -71 0 *
Ve
9.67271359411237e-05
-46.5 9.38119784648299 29.5
0 0

0101101
*
Ed
 9.67271359411237e-05 1 1 0
1  570 0 2.33254409274469e-07 0.00925098535871961
2  727 241 0 2.33254409274469e-07 0.00925098535871961
4 C0 241 0 246 0
0

0101000
+67 0 -69 0 *
Ed
 1e-07 1 1 0
1  571 0 0.221670346804095 0.421830761989191
2  728 241 0 0.221670346804095 0.421830761989191
2  729 243 0 0.221670346804095 0.421830761989191
4 CN 241 0 243 0
0

0101000
+76 0 -67 0 *
Wi

0101100
+74 0 +72 0 -70 0 -68 0 -66 0 -65 0 *
Fa
0  1e-07 241 0

0111000
+64 0 *
Ve
1e-07
-42.8301270189222 11.5 -29.5
0 0

0101101
*
Ve
1e-07
-34.1698729810778 16.5 -29.5
0 0

0101101
*
Ed
 1e-07 1 1 0
1  572 0 0 3.14159265358979
2  730 247 0 0 3.14159265358979
4 C0 247 0 248 0
0

0101000
+62 0 -61 0 *
Ve
1e-07
-42.8301270189222 11.5 26
0 0

0101101
*
Ed
 1e-07 1 1 0
1  573 0 0 55.5
2  731 247 0 0 55.5
2  732 249 0 0 55.5
4 CN 247 0 249 0
0

0101000
+62 0 -59 0 *
Ve
1e-07
-34.1698729810778 16.5 26
0 0

0101101
*
Ed
 1e-07 1 1 0
1  574 0 0 3.14159265358979
2  733 247 0 0 3.14159265358979
4 C0 247 0 250 0
0

0101000
+59 0 -57 0 *
Ed
 1e-07 1 1 0
1  575 0 0 55.5
2  734 247 0 0 55.5
2  735 249 0 0 55.5
4 CN 247 0 249 0
0

0101000
+61 0 -57 0 *
Wi

0101100
-60 0 +58 0 +56 0 -55 0 *
Fa
0  1e-07 247 0

0111000
+54 0 *
Ed
 1e-07 1 1 0
1  576 0 3.14159265358979 6.28318530717959
2  736 249 0 3.14159265358979 6.28318530717959
4 C0 249 0 248 0
0

0101000
+61 0 -62 0 *
Ed
 1e-07 1 1 0
1  577 0 3.14159265358979 6.28318530717959
2  737 249 0 3.14159265358979 6.28318530717959
4 C0 249 0 250 0
0

0101000
+57 0 -59 0 *
Wi

0101100
-58 0 -52 0 +55 0 +51 0 *
Fa
0  1e-07 249 0

0111000
+50 0 *
Wi

0101100
+52 0 +60 0 *
Fa
0  1e-07 248 0

0111000
+48 0 *
Ve
1e-07
-38.5 4.76239569296599 26
0 0

0101101
*
Ve
1e-07
-46.5 9.38119784648299 26
0 0

0101101
*
Ed
 1e-07 1 1 0
1  578 0 0 9.23760430703401
4 C0 250 0 251 0
0

0101000
+46 0 -45 0 *
Ve
1e-07
-46.5 18.618802153517 26
0 0

0101101
*
Ed
 1e-07 1 1 0
1  579 0 0 9.23760430703401
4 C0 250 0 246 0
0

0101000
+45 0 -43 0 *
Ve
1e-07
-38.5 23.237604307034 26
0 0

0101101
*
Ed
 1e-07 1 1 0
1  580 0 0 9.23760430703401
4 C0 250 0 245 0
0

0101000
+43 0 -41 0 *
Ve
1e-07
-30.5 18.618802153517 26
0 0

0101101
*
Ed
 1e-07 1 1 0
1  581 0 0 9.23760430703401
4 C0 250 0 244 0
0

0101000
+41 0 -39 0 *
Ve
1e-07
-30.5 9.381197846483 26
0 0

0101101
*
Ed
 1e-07 1 1 0
1  582 0 0 9.237604307034
4 C0 250 0 252 0
0

0101000
+39 0 -37 0 *
Ed
 1e-07 1 1 0
1  583 0 0 9.23760430703401
4 C0 250 0 253 0
0

0101000
+37 0 -46 0 *
Wi

0101100
+44 0 +42 0 +40 0 +38 0 +36 0 +35 0 *
Wi

0101100
-51 0 -56 0 *
Fa
0  1e-07 250 0

0111000
+34 0 +33 0 *
Ve
9.67271359372904e-05
-38.5 4.76239569296599 29.5
0 0

0101101
*
Ed
 1e-07 1 1 0
1  584 0 0 3.5
4 C0 251 0 253 0
0

0101000
+46 0 -31 0 *
Ed
 9.67271359372904e-05 1 1 0
1  585 0 2.33254409275327e-07 0.0092509853587196
2  738 243 0 2.33254409275327e-07 0.0092509853587196
4 C0 251 0 243 0
0

0101000
+31 0 -67 0 *
Ed
 1e-07 1 1 0
1  586 0 0 3.5
4 C0 251 0 246 0
0

0101000
+45 0 -67 0 *
Wi

0101100
+30 0 +29 0 -28 0 -44 0 *
Fa
0  1e-07 251 0

0111000
-27 0 *
Ed
 1e-07 1 1 0
1  587 0 0 3.5
4 C0 246 0 245 0
0

0101000
+43 0 -69 0 *
Wi

0101100
+28 0 +66 0 -25 0 -42 0 *
Fa
0  1e-07 246 0

0111000
-24 0 *
Ed
 1e-07 1 1 0
1  588 0 0 3.5
4 C0 245 0 244 0
0

0101000
+41 0 -71 0 *
Wi

0101100
+25 0 +68 0 -22 0 -40 0 *
Fa
0  1e-07 245 0

0111000
-21 0 *
Ed
 1e-07 1 1 0
1  589 0 0 3.5
4 C0 244 0 252 0
0

0101000
+39 0 -73 0 *
Wi

0101100
+22 0 +70 0 -19 0 -38 0 *
Fa
0  1e-07 244 0

0111000
-18 0 *
Ve
9.67271359379682e-05
-30.5 9.381197846483 29.5
0 0

0101101
*
Ed
 9.67271359379682e-05 1 1 0
1  590 0 2.33254409267702e-07 0.0092509853587196
2  739 243 0 2.33254409267702e-07 0.0092509853587196
4 C0 252 0 243 0
0

0101000
+73 0 -16 0 *
Ed
 1e-07 1 1 0
1  591 0 0 3.5
4 C0 252 0 253 0
0

0101000
+37 0 -16 0 *
Wi

0101100
+19 0 +15 0 -14 0 -36 0 *
Fa
0  1e-07 252 0

0111000
-13 0 *
Ed
 8.74134017791625e-05 1 1 0
1  592 0 0.0946938931789154 0.103933315084297
2  740 243 0 0.0946938931789154 0.103933315084297
4 C0 253 0 243 0
0

0101000
+16 0 -31 0 *
Wi

0101100
+14 0 +11 0 -30 0 -35 0 *
Fa
0  1e-07 253 0

0111000
-10 0 *
Ed
 1e-07 1 1 0
1  593 0 3.14159265358979 6.28318530717959
2  741 243 0 3.14159265358979 6.28318530717959
4 C0 243 0 242 0
0

0101000
+75 0 -76 0 *
Wi

0101100
-72 0 +8 0 +65 0 -29 0 -11 0 -15 0 *
Fa
0  1e-07 243 0

0111000
+7 0 *
Wi

0101100
-74 0 -8 0 *
Fa
0  1e-07 242 0

0111000
-5 0 *
Sh

0101100
+63 0 +53 0 +49 0 +47 0 +32 0 -26 0 -23 0 -20 0 -17 0 -12 0 
-9 0 +6 0 -4 0 *
So

0100000
+3 0 *
Co

1100000
+1216 0 +978 0 +438 0 +331 0 +224 0 +77 0 +2 0 *

+1 0 