DBRep_DrawableShape

CASCADE Topology V1, (c) Matra-Datavision
Locations 0
Curve2ds 420
1 0 -6.0000000000000036 1 0 
1 5.2247784406954327 2.6961826728651979e-16 0 -1 
1 0 0 1 0 
1 3.1415926535897931 0 0 -1 
1 3.1415926535897931 0 0 -1 
1 9.4247779607693793 -5.9999999999999964 -1 -8.3916539832219908e-16 
1 4.1999995200739466 -6.1856015241368117e-16 0 -1 
1 9.4247779607693793 1.8732150767531928e-29 -1 -2.9813143893953476e-30 
1 3.1415926535897931 0 0 -1 
1 3.1415926535897931 0 0 -1 
1 3.1415926535897931 -5.9999999999999982 1 0 
1 5.2247784406954327 2.6961826728651348e-16 0 -1 
1 3.1415926535897931 0 1 0 
1 3.1415926535897931 0 0 -1 
1 3.1415926535897931 0 0 -1 
1 6.2831853071795862 -5.9999999999999964 -1 0 
1 4.1999995200739466 2.6961826728651348e-16 0 -1 
1 6.2831853071795862 0 -1 0 
1 3.1415926535897931 0 0 -1 
1 3.1415926535897931 0 0 -1 
1 0 0 0 -1 
1 6.2831853071795862 0 0 -1 
1 6.2831853071795862 -87 -1 0 
1 3.1415926535897931 0 0 -1 
1 3.1415926535897931 0 0 -1 
1 6.2831853071795862 -81.199999999999974 -1 -4.5234555469703351e-15 
1 0 7.1054273576010019e-15 0 -1 
1 6.2831853071795862 7.1054273576010019e-15 0 -1 
1 -3.1415926535897931 -18.800000000000004 1 1.1308638867425838e-15 
1 3.1415926535897931 0 0 -1 
1 3.1415926535897931 0 0 -1 
1 -3.1415926535897931 -12.999999999999986 1 -2.2617277734851675e-15 
1 0 0 0 -1 
1 6.2831853071795862 0 0 -1 
1 6.2831853071795862 -6 -1 0 
1 3.1415926535897931 0 0 -1 
1 3.1415926535897931 0 0 -1 
1 0 -0.5 1 0 
1 5.2247784406954327 -6.1856015241368117e-16 0 -1 
1 0 -5.9999999999999964 1 -8.3916539832219908e-16 
1 6.2831853071795862 0 0 -1 
1 0 0 0 -1 
1 0 1.8732150767531928e-29 1 -2.9813143893953476e-30 
1 4.1999995200739466 2.6961826728651979e-16 0 -1 
1 9.4247779607693793 -6.0000000000000036 -1 0 
1 6.2831853071795862 0 0 -1 
1 0 0 0 -1 
1 9.4247779607693793 0 -1 0 
1 5.2247784406954327 2.6961826728651348e-16 0 -1 
1 3.1415926535897931 -5.9999999999999964 1 0 
1 6.2831853071795862 0 0 -1 
1 0 0 0 -1 
1 3.1415926535897931 0 1 0 
1 4.1999995200739466 2.6961826728651348e-16 0 -1 
1 6.2831853071795862 -5.9999999999999982 -1 0 
1 6.2831853071795862 0 0 -1 
1 0 0 0 -1 
1 6.2831853071795862 0 -1 0 
1 6.2831853071795862 -6.0000000000000027 -1 0 
1 6.2831853071795862 -6.0000000000000027 -1 0 
1 6.2831853071795862 -5.9999999999999973 -1 0 
1 6.2831853071795862 -5.9999999999999973 -1 0 
1 -1.3322676295501878e-15 -3.0562359104163163e-15 1 1.38022826621957e-15 
1 3.1415926535897918 8.8817841970012523e-16 -1 0 
1 0 -6.0000000000000036 1 0 
1 0 -6.0000000000000018 1 0 
1 3.1415926535897931 -6.0000000000000036 -1 0 
1 3.1415926535897931 -6.0000000000000018 -1 0 
1 6.2831853071795862 -6.0000000000000036 -1 8.3916539832219908e-16 
1 6.2831853071795862 -5.9999999999999964 -1 0 
1 -3.1415926535897931 -5.9999999999999964 1 0 
1 -3.1415926535897931 -6.0000000000000036 1 8.3916539832219908e-16 
1 6.2831853071795862 -6 -1 0 
1 4.4408920985006262e-15 5.0421469839530615e-15 1 1.3802282662195713e-15 
1 9.4247779607693811 -2.4554664400398763e-14 -1 2.7604565324391387e-15 
1 4.0688878715914054 0 0 -1 
1 3.1415926535897931 5.3558900891779739 1 0 
1 4.0688878715914054 -1.7763568394002505e-15 -1.1842378929335004e-17 -1 
1 6.2831853071795862 -5.7999999999999972 -1 0 
1 6.2831853071795871 -5.7999999999999652 -1 -6.1897072131003179e-15 
1 6.2831853071795862 -5.8000000000000043 -1 6.1897072131003274e-15 
1 6.2831853071795862 -5.7999999999999972 -1 0 
1 4.0688878715914054 -1.4210854715202004e-14 1.1842378929335004e-17 -1 
1 -3.1415926535897931 5.3558900891779739 1 0 
1 6.2831853071795862 -87 -1 0 
1 0 1.2621774483536189e-29 1 -2.0088177996459389e-30 
1 0 0 1 -2.0088177996459389e-30 
1 0 -6.3108872417680944e-30 1 2.0088177996459389e-30 
1 0 -6.3108872417680944e-30 1 2.0088177996459389e-30 
1 0 0 1 0 
1 0 0 1 0 
1 3.1415926535897931 0 -1 0 
1 3.1415926535897931 0 -1 0 
1 6.2831853071795862 0 -1 0 
1 6.2831853071795862 -1.8732150767531928e-29 -1 2.9813143893953476e-30 
1 -3.1415926535897931 -1.8732150767531928e-29 1 2.9813143893953476e-30 
1 -3.1415926535897931 0 1 0 
1 -3.1415926535897931 -0.5 1 0 
1 3.1415926535897931 -0.5 1 0 
1 3.1415926535897931 0 0 -1 
1 3.1415926535897931 0 0 1 
1 4.7123889803846897 0 0 1 
1 4.7123889803846897 -2.220446049250818e-16 0 -1 
1 6.2831853071795862 0 0 -1 
1 0 0 0 1 
1 1.5707963267948966 2.220446049250818e-16 0 -1 
1 1.5707963267948966 0 0 1 
1 1.0584068664841533 -2.6961826728651979e-16 0 -1 
1 1.0584068664841535 6.1856015241368117e-16 0 -1 
1 2.0831857871056401 -2.6961826728651979e-16 0 -1 
1 2.0831857871056396 6.1856015241368117e-16 0 -1 
1 1.0584068664841535 -2.6961826728651348e-16 0 -1 
1 1.0584068664841535 -2.6961826728651348e-16 0 -1 
1 2.0831857871056396 -2.6961826728651348e-16 0 -1 
1 2.0831857871056396 -2.6961826728651348e-16 0 -1 
1 0 -0.5 1 0 
1 3.1415926535897931 0 1 0 
1 -3.1415926535897931 0 1 0 
1 2.7950769905659092 -4.9960036108132044e-16 0 -1 
1 0.34651566302388426 -4.9960036108132044e-16 0 -1 
1 3.488108316613677 5.5511151231257827e-16 0 -1 
1 5.9366696441557023 5.5511151231257827e-16 0 -1 
1 1.5707963267948966 0 0 -1 
1 4.7123889803846897 3.5527136788005009e-15 0 1 
1 5.1352429065176324 3.5527136788005009e-15 0 1 
1 5.1352429065176342 3.5527136788005009e-15 0 -1 
1 0 3.5527136788005009e-15 0 1 
1 6.2831853071795862 3.5527136788005009e-15 0 -1 
1 1.1479424006619521 3.5527136788005009e-15 0 1 
1 1.1479424006619545 3.5527136788005009e-15 0 -1 
1 -3.9968028886505635e-15 0 1 0 
1 1.7763568394002505e-15 0 1 0 
1 -1.7763568394002505e-15 0 1 0 
1 0 0 1 0 
1 6.2831853071795862 -81.200000000000003 -1 4.5234555469703351e-15 
1 1.5707963267948966 -3.5527136788005009e-15 0 1 
1 1.9936502529278386 -3.5527136788005009e-15 0 1 
1 1.9936502529278413 -3.5527136788005009e-15 0 -1 
1 3.1415926535897931 -3.5527136788005009e-15 0 -1 
1 3.1415926535897931 -3.5527136788005009e-15 0 1 
1 4.2895350542517496 -3.5527136788005009e-15 0 1 
1 4.289535054251747 -3.5527136788005009e-15 0 -1 
1 4.7123889803846897 0 0 -1 
1 0 0 1 0 
1 -1.7763568394002505e-15 0 1 0 
1 4.4408920985006262e-16 0 1 0 
1 -8.8817841970012523e-16 0 1 0 
1 3.1415926535897931 -18.799999999999997 1 -1.1308638867425838e-15 
1 2.2142974355881808 1.7763568394002505e-15 -1.1842378929335007e-17 -1 
1 3.1415926535897931 5.3558900891779739 1 0 
1 2.2142974355881808 0 0 -1 
1 -3.1415926535897931 5.3558900891779739 1 0 
1 2.2142974355881808 0 1.1842378929335005e-17 -1 
1 6.2831853071795862 -5.8000000000000043 -1 0 
1 6.2831853071795862 -5.8000000000000167 -1 6.1897072131003274e-15 
1 6.2831853071795862 -5.7999999999999776 -1 -6.1897072131003266e-15 
1 6.2831853071795862 -5.8000000000000043 -1 0 
1 3.1415926535897931 -13 1 2.2617277734851675e-15 
1 3.1415926535897931 4.7123889803846897 -1 0 
1 4.7123889803846897 -1.4210854715202004e-14 0 -1 
1 4.7123889803846888 -75.000000000000014 0 -1 
1 9.4247779607693793 4.7123889803846897 -1 0 
1 4.7123889803846897 -15 0 -1 
1 6.2831853071795853 -75 -1 0 
1 4.7123889803846897 3.1415926535897931 0 1 
1 3.1415926535897931 3.1415926535897922 0 1 
1 6.2831853071795871 -4.9999999999999991 -1 0 
1 6.2831853071795871 -15 -1 0 
1 3.1415926535897931 3.1415926535897922 0 1 
1 1.5707963267948966 3.1415926535897913 0 1 
1 6.2831853071795871 75 -1 0 
1 1.5707963267948959 74.999999999999972 0 1 
1 3.1415926535897931 4.7123889803846897 -1 0 
1 1.5707963267948966 -5 0 1 
1 9.4247779607693793 4.7123889803846897 -1 0 
1 1.5707963267948966 0 0 1 
1 6.2831853071795312 -74.999999999999986 -1 0 
1 4.7123889803846897 9.4247779607693278 0 -1 
1 6.2831853071795862 9.4247779607693332 0 -1 
1 6.28318530717954 -4.9999999999999991 -1 0 
1 6.28318530717954 -15 -1 0 
1 0 9.4247779607693332 0 -1 
1 1.5707963267948966 9.4247779607693296 0 -1 
1 6.2831853071795312 74.999999999999986 -1 0 
1 0 4.9340593271887849 1 0 
1 3.1415926535902288 -1.1546319456101628e-14 -7.7653327858951376e-14 1 
1 3.1415926535902288 -1.1546319456101628e-14 -7.7653327858951376e-14 1 
7 0 0  3 25 23  2.0943951023931944 5.1342197423738805  2.1074027935497672 5.1294140397299719  2.1340281361609406 5.1201519165164484  2.1757605561797231 5.1073576940463177  2.2192632142925937 5.0957131915486285  2.2644723687471839 5.0852704214131244  2.3112940482746218 5.0760807583114307  2.3595982648647764 5.0681931731118297  2.4092195030493646 5.0616541903105494  2.4599580121024767 5.0565079451932542  2.5115818167715753 5.0527907979236009  2.5638319617809806 5.0505306451100349  2.6164295204776966 5.0497455796608826  2.6690841057873667 5.0504429168854035  2.7215050852645075 5.0526241034360551  2.773409103396816 5.0562798933078845  2.8245311026837836 5.061391277768073  2.874624071708511 5.0679288350558025  2.9234943759741494 5.0758603444633223  2.9707801518303123 5.0851098216748829  3.0163536227447496 5.0956182106338925  3.0601062744887351 5.1073214937277296  3.1019696036790103 5.1201545964407398  3.1286019301053565 5.1294201842046299  3.1415926535897931 5.1342197423738805 
 2.33254409271883e-07 4 0.00042072198642337775 1 0.00084121071843748355 1 0.0012616994504515895 1 0.0016821881824656954 1 0.0021026769144798013 1 0.002523165646493907 1 0.0029436543785080131 1 0.0033641431105221188 1 0.0037846318425362245 1 0.0042051205745503306 1 0.0046256093065644363 1 0.005046098038578542 1 0.0054665867705926477 1 0.0058870755026067543 1 0.0063075642346208599 1 0.0067280529666349656 1 0.0071485416986490713 1 0.007569030430663177 1 0.0079895191626772836 1 0.0084100078946913893 1 0.008830496626705495 1 0.0092509853587196007 4
7 0 0  3 25 23  1.0471975511965967 5.1342197423738805  1.0601570700323575 5.1294318637615168  1.086706829468417 5.1201934778999458  1.1283962290823828 5.1074057575939982  1.17193465108221 5.0957450839392067  1.2172655237348495 5.0852705919129715  1.2643019342201307 5.0760411185196954  1.3129145436620593 5.0681136974389709  1.3629864878889866 5.061537790640017  1.4142831161257732 5.0563719661075242  1.4665444421724896 5.052662439662293  1.5194646090516726 5.0504443333475306  1.5727579969408132 5.049739653371784  1.6259675087450776 5.0505551453539388  1.6786683368927491 5.0528716568530436  1.7306107845864971 5.0566601962156659  1.7815272620499152 5.0618816875543988  1.8311927997630368 5.0684889598274001  1.8794156005578249 5.0764276687678924  1.926039623884954 5.0856414841115711  1.9709460564919223 5.0960715276225885  2.0140535881190553 5.1076573556328695  2.055311656695133 5.1203384999353689  2.0815765375731408 5.1294839744035494  2.0943951023931944 5.1342197423738805 
 0.094693892820569503 4 0.095113866540076114 1 0.095533840259582725 1 0.09595381397908935 1 0.096373787698595961 1 0.096793761418102572 1 0.097213735137609184 1 0.097633708857115795 1 0.098053682576622406 1 0.098473656296129031 1 0.098893630015635642 1 0.099313603735142253 1 0.099733577454648864 1 0.10015355117415548 1 0.1005735248936621 1 0.10099349861316871 1 0.10141347233267532 1 0.10183344605218193 1 0.10225341977168854 1 0.10267339349119517 1 0.10309336721070178 1 0.10351334093020839 1 0.103933314649715 4
7 0 0  3 25 23  0 5.1342197423738813  0.013007691156566486 5.129414039729971  0.039633033767726131 5.1201519165164466  0.081365453786490294 5.1073576940463195  0.1248681118993599 5.0957131915486276  0.17007726635393886 5.0852704214131217  0.21689894588138489 5.0760807583114262  0.26520316247153597 5.0681931731118217  0.31482440065612732 5.0616541903105512  0.36556290970923599 5.0565079451932595  0.41718671437833688 5.0527907979236133  0.4694368593877461 5.0505306451100518  0.52203441808448647 5.0497455796608941  0.5746890033941644 5.0504429168854132  0.62710998287129649 5.052624103436071  0.67901400100360276 5.0562798933078978  0.73013600029056092 5.0613912777680898  0.7802289693152834 5.0679288350558158  0.82909927358094093 5.0758603444633321  0.87638504943711037 5.0851098216748873  0.92195852035154424 5.0956182106338916  0.9657111720955357 5.1073214937277251  1.0075745012857997 5.1201545964407353  1.0342068277121523 5.1294201842046272  1.0471975511965965 5.1342197423738805 
 2.3325440927446899e-07 4 0.00042072198642338063 1 0.00084121071843748681 1 0.0012616994504515932 1 0.0016821881824656993 1 0.0021026769144798056 1 0.0025231656464939117 1 0.0029436543785080179 1 0.003364143110522124 1 0.0037846318425362301 1 0.0042051205745503367 1 0.0046256093065644424 1 0.0050460980385785489 1 0.0054665867705926546 1 0.0058870755026067612 1 0.0063075642346208669 1 0.0067280529666349734 1 0.00714854169864908 1 0.0075690304306631857 1 0.0079895191626772905 1 0.008410007894691398 1 0.0088304966267055036 1 0.0092509853587196093 4
1 0 4.712388980384679 0 1 
1 6.2831853071795862 4.712388980384679 0 1 
1 3.1415926535897931 0 1 0 
1 3.1415926535897931 0 0 -1 
1 3.1415926535897931 0 0 -1 
1 3.1415926535897931 -80.5 1 0 
1 6.2831853071795862 0 0 -1 
1 0 0 0 -1 
1 -3.1415926535897931 0 1 0 
1 -3.1415926535897931 -80.5 1 0 
7 0 0  3 25 23  5.2359877559829888 5.1342197423738813  5.2489954471395599 5.1294140397299728  5.2756207897507332 5.1201519165164502  5.3173532097695162 5.1073576940463177  5.3608558678823863 5.0957131915486311  5.4060650223369766 5.0852704214131244  5.452886701864414 5.0760807583114307  5.5011909184545686 5.0681931731118253  5.5508121566391599 5.0616541903105521  5.6015506656922689 5.0565079451932551  5.6531744703613693 5.0527907979235991  5.7054246153707711 5.0505306451100367  5.7580221740674924 5.0497455796608808  5.8106767593771584 5.0504429168854017  5.8630977388542966 5.0526241034360586  5.9150017569866078 5.0562798933078845  5.9661237562735758 5.061391277768073  6.0162167252983014 5.0679288350558052  6.0650870295639434 5.0758603444633232  6.1123728054201019 5.0851098216748838  6.1579462763345445 5.0956182106338934  6.2016989280785255 5.1073214937277287  6.2435622572688025 5.1201545964407416  6.2701945836951491 5.1294201842046308  6.2831853071795862 5.1342197423738813 
 2.3325440927532701e-07 4 0.00042072198642338101 1 0.0008412107184374867 1 0.0012616994504515925 1 0.0016821881824656982 1 0.0021026769144798039 1 0.0025231656464939096 1 0.0029436543785080153 1 0.003364143110522121 1 0.0037846318425362267 1 0.0042051205745503323 1 0.004625609306564438 1 0.0050460980385785437 1 0.0054665867705926494 1 0.0058870755026067551 1 0.0063075642346208608 1 0.0067280529666349665 1 0.0071485416986490722 1 0.0075690304306631779 1 0.0079895191626772836 1 0.0084100078946913893 1 0.008830496626705495 1 0.0092509853587196007 4
7 0 0  3 25 23  3.1415926535897931 5.1342197423738805  3.1546003447463575 5.129414039729971  3.1812256873575184 5.1201519165164484  3.2229581073762881 5.1073576940463168  3.2664607654891511 5.0957131915486276  3.3116699199437365 5.0852704214131217  3.358491599471173 5.0760807583114262  3.4067958160613387 5.0681931731118217  3.4564170542459181 5.0616541903105494  3.5071555632990306 5.0565079451932586  3.5587793679681354 5.0527907979236115  3.6110295129775407 5.0505306451100491  3.6636270716742714 5.0497455796608905  3.716281656983961 5.0504429168854141  3.7687026364610881 5.0526241034360657  3.8206066545933948 5.0562798933078987  3.8717286538803557 5.0613912777680872  3.9218216229050777 5.067928835055814  3.9706919271707322 5.0758603444633321  4.0179777030268973 5.0851098216748865  4.0635511739413399 5.0956182106338925  4.1073038256853245 5.1073214937277243  4.1491671548755962 5.1201545964407336  4.1757994813019472 5.129420184204629  4.1887902047863896 5.1342197423738813 
 2.3325440926770199e-07 4 0.00042072198642337374 1 0.00084121071843747976 1 0.0012616994504515856 1 0.0016821881824656917 1 0.0021026769144797978 1 0.0025231656464939035 1 0.0029436543785080096 1 0.0033641431105221158 1 0.0037846318425362219 1 0.004205120574550328 1 0.0046256093065644337 1 0.0050460980385785394 1 0.005466586770592646 1 0.0058870755026067517 1 0.0063075642346208582 1 0.0067280529666349639 1 0.0071485416986490696 1 0.0075690304306631762 1 0.0079895191626772836 1 0.0084100078946913893 1 0.008830496626705495 1 0.0092509853587196007 4
7 0 0  3 25 23  4.1887902047863896 5.1342197423738813  4.2017497236781631 5.1294318637408107  4.2282994832314635 5.1201934778408251  4.2699888830372048 5.1074057574868963  4.313527305241621 5.0957450837946254  4.3588581781203661 5.0852705917415726  4.4058945888147907 5.0760411183348344  4.4545071985836566 5.0681136972471226  4.5045791415959835 5.0615377906304087  4.5558757678691455 5.0563719662644635  4.6081370918074587 5.0526624398858635  4.6610572570550248 5.0504443335039841  4.714350644815636 5.0497396533620265  4.7675601574579876 5.0505551452018516  4.82026098618433 5.0528716565972527  4.8722034345124161 5.0566601958887851  4.9231199125691418 5.061881687188011  4.9727854508498606 5.0684889594502041  5.0210082521740054 5.0764276684058611  5.067632275988978 5.0856414837877351  5.1125387090386676 5.0960715273569246  5.1556462410620734 5.107657355442293  5.1969043099878229 5.1203384998338102  5.2231691910688145 5.129483974368771  5.2359877559829888 5.1342197423738813 
 0.094693893178915398 4 0.095113866901887292 1 0.095533840624859173 1 0.095953814347831068 1 0.096373788070802963 1 0.096793761793774857 1 0.097213735516746738 1 0.097633709239718633 1 0.098053682962690528 1 0.098473656685662422 1 0.098893630408634303 1 0.099313604131606198 1 0.099733577854578093 1 0.10015355157754997 1 0.10057352530052187 1 0.10099349902349376 1 0.10141347274646566 1 0.10183344646943754 1 0.10225342019240943 1 0.10267339391538133 1 0.10309336763835322 1 0.1035133413613251 1 0.103933315084297 4
1 2.2204460492503131e-15 4.9340593271887849 1 0 
1 0 0 1 0 
1 0 3.1415926535897931 1 -4.5234555469703351e-15 
1 3.1415926535897931 0 0 1 
1 3.1415926535897931 0 0 1 
1 0 1.5707963267948628 1 0 
1 0 0 0 1 
1 6.2831853071795862 0 0 1 
1 6.2831853071795862 0 0 1 
1 0 0 0 1 
1 6.2831853071795862 4.7123889803847234 -1 0 
1 3.1415926535897931 -1.4210854715202004e-14 0 1 
1 3.1415926535897931 -1.4210854715202004e-14 0 1 
1 0 3.1415926535897647 1 4.5234555469703351e-15 
1 0 0 1 0 
1 0 4.712388980384695 1 0 
1 3.1415926535897931 -2.2915003228263231e-13 0 1 
1 3.1415926535897931 -2.2915003228263231e-13 0 1 
7 0 0  3 47 45  3.1415926535897931 5.1542339826118413  3.1364274006230075 5.1542339291399619  3.1260993969725988 5.1545573789555919  3.1106225691827634 5.1560175961605212  3.0951686142994879 5.1584574534720149  3.0797451421978401 5.1618807595389509  3.0643596804156692 5.1662909265052654  3.0490196405051129 5.1716909620401319  3.0337323221263057 5.1780835231843669  3.0185048075624983 5.1854709856316124  3.0033442623578206 5.193855247739199  2.9882567273384386 5.2032384350350451  2.9732515459365003 5.213620119868529  2.958324766455223 5.225007429340546  2.9434807464342021 5.2374209608231821  2.9287365158203098 5.250872590608231  2.9141051491503549 5.2653759091827954  2.899600171113101 5.2809437072538277  2.8852343295550891 5.2975889149983582  2.8710198934901912 5.3153245632880637  2.8569685130128142 5.3341640646665276  2.8430913366767694 5.354121026949727  2.8293985674442941 5.3752104195983295  2.8159010370350135 5.3974445647670972  2.8026042976507974 5.4208482059826153  2.7895132127535214 5.445491367672755  2.7766369226277567 5.4714368398317079  2.7639819204043712 5.4987573156506961  2.751557412570738 5.5275237339458068  2.7393608652413586 5.5578336260456505  2.7274733136184377 5.5896019881011911  2.7159217551007884 5.6229219436466158  2.7047353735481501 5.6578799370793513  2.6939427475578346 5.6945678398436295  2.6835634357429878 5.7331201696333265  2.6736450035135095 5.7735526490861799  2.6642806146178293 5.8158389090910196  2.6555317122985951 5.8600987415183665  2.6474636927293251 5.9064523904978072  2.6401440522477349 5.9550105944344649  2.6336171667550308 6.0060641074161722  2.6281261857591045 6.0585155012654415  2.6237025308223609 6.1127626824271859  2.6204285423751807 6.168961861816082  2.6184458613191528 6.2258576604588685  2.6179939820934561 6.2640861123131826  2.6179938779914949 6.2831853071795862 
 1.3533482778631001e-14 4 0.00011438280143017273 1 0.00022876560284681196 1 0.00034314840426345126 1 0.00045753120568009048 1 0.00057191400709672964 1 0.00068629680851336897 1 0.00080067960993000819 1 0.00091506241134664741 1 0.0010294452127632867 1 0.0011438280141799258 1 0.0012582108155965652 1 0.0013725936170132045 1 0.0014869764184298436 1 0.0016013592198464829 1 0.001715742021263122 1 0.0018301248226797614 1 0.0019445076240964007 1 0.00205889042551304 1 0.0021732732269296789 1 0.0022876560283463182 1 0.0024020388297629576 1 0.0025164216311795969 1 0.0026308044325962362 1 0.0027451872340128755 1 0.0028595700354295144 1 0.0029739528368461538 1 0.0030883356382627931 1 0.0032027184396794324 1 0.0033171012410960717 1 0.0034314840425127106 1 0.00354586684392935 1 0.0036602496453459893 1 0.0037746324467626286 1 0.0038890152481792679 1 0.0040033980495959073 1 0.0041177808510125466 1 0.0042321636524291859 1 0.0043465464538458244 1 0.0044609292552624637 1 0.004575312056679103 1 0.0046896948580957424 1 0.0048040776595123817 1 0.004918460460929021 1 0.0050328432623456603 4
7 0 0  3 69 67  2.6179938779914949 6.2831853071795862  2.6179926384713261 6.2571865083064697  2.6171464167667651 6.2056012472726056  2.6135475468332756 6.1300200257541873  2.6078274382981212 6.0567588085467916  2.6001712613799328 5.9864680695872776  2.5907884336668756 5.919849385980342  2.5800259071261396 5.8572013276406887  2.5681601128030498 5.7987468217276499  2.5551868306952361 5.7434715258171956  2.5412627759744195 5.6913581694711013  2.5267268841472164 5.6429814315246256  2.5115447716006734 5.5977406392055968  2.4957724561207471 5.555352593088613  2.4794416038427287 5.5154667207808625  2.4625709686805335 5.4779864137830705  2.4452535524749184 5.4429108859771054  2.427569478529128 5.4102129811498871  2.4096286497831643 5.3799022123632101  2.3914084786973744 5.3517227240151337  2.3729183319388936 5.3256241828246953  2.3541704054238521 5.3015394484161638  2.3351775941578055 5.2794109422259208  2.3159539518608123 5.2591841930778562  2.2965148995741527 5.2408090890923438  2.2768757803864812 5.2242409386328745  2.2570572099419675 5.2094327959832372  2.2370620173104059 5.1963636993940403  2.2169093044550321 5.1850469861152746  2.1966221093297524 5.1754851296015847  2.1762234482749161 5.1676799210321773  2.1557372412700522 5.1616297151319266  2.1351878269514177 5.1573300862503881  2.1146001750993206 5.1547732263162063  2.0939986701015392 5.1539484138448168  2.0734108762916019 5.1548389215798984  2.0528574496521887 5.1574540958074335  2.0323557818474098 5.1618034018409045  2.0119238341070087 5.1678942072548537  1.9915789555798147 5.1757327661973322  1.9713382425478132 5.1853243091154004  1.9512177768243639 5.1966727571994618  1.9312348395378727 5.2097820536135364  1.9113993823026965 5.2246506027405673  1.8917099227853424 5.2413174286326152  1.8721977407849701 5.2598270668187599  1.8528851795371799 5.2802240045637996  1.8337953653496568 5.3025552454265759  1.8149497170836548 5.3268703117875891  1.7963676731451517 5.3532218657086501  1.7780698690019916 5.3816648964924623  1.7600654055028189 5.4122591469648018  1.7424422408884623 5.4450190763229358  1.725221284447189 5.4800897778118962  1.7084360573563864 5.5175927685722872  1.6920830545727503 5.5577498294119891  1.6763335645919761 5.6003404223890234  1.6612292015589023 5.6456309067727961  1.6468098916205605 5.6939145190155687  1.6330920957913864 5.7455354810624035  1.6201778018356294 5.8008074378660899  1.6082958005951231 5.8596802866960873  1.5976479200952234 5.9220964957608553  1.5883875230216569 5.9884601404954045  1.5808512976196771 6.0576974181447207  1.5752045095740888 6.1298046915786388  1.5716334654429589 6.2055857416066003  1.5707938821548599 6.2572563055047752  1.570796326794897 6.2831853071795862 
 1.9697668334609501e-07 4 0.00015388808231088478 1 0.00030757918793842349 1 0.00046127029356596218 1 0.00061496139919350087 1 0.00076865250482103956 1 0.00092234361044857824 1 0.0010760347160761168 1 0.0012297258217036555 1 0.0013834169273311942 1 0.0015371080329587329 1 0.0016907991385862716 1 0.0018444902442138103 1 0.0019981813498413494 1 0.0021518724554688879 1 0.0023055635610964263 1 0.0024592546667239652 1 0.0026129457723515041 1 0.0027666368779790426 1 0.0029203279836065811 1 0.00307401908923412 1 0.0032277101948616589 1 0.0033814013004891974 1 0.0035350924061167358 1 0.0036887835117442747 1 0.0038424746173718136 1 0.0039961657229993525 1 0.0041498568286268906 1 0.0043035479342544295 1 0.0044572390398819684 1 0.0046109301455095064 1 0.0047646212511370453 1 0.0049183123567645842 1 0.0050720034623921231 1 0.005225694568019662 1 0.0053793856736472001 1 0.005533076779274739 1 0.0056867678849022779 1 0.0058404589905298159 1 0.0059941500961573548 1 0.0061478412017848937 1 0.0063015323074124326 1 0.0064552234130399715 1 0.0066089145186675096 1 0.0067626056242950485 1 0.0069162967299225874 1 0.0070699878355501254 1 0.0072236789411776643 1 0.0073773700468052032 1 0.0075310611524327421 1 0.007684752258060281 1 0.0078384433636878199 1 0.0079921344693153588 1 0.008145825574942896 1 0.0082995166805704349 1 0.0084532077861979738 1 0.0086068988918255127 1 0.0087605899974530516 1 0.0089142811030805905 1 0.0090679722087081294 1 0.0092216633143356666 1 0.0093753544199632055 1 0.0095290455255907444 1 0.0096827366312182833 1 0.0098364277368458222 1 0.0099901188424733611 1 0.0101438099481009 4
7 0 0  3 69 67  1.570796326794897 6.2831853071795862  1.5707950872747289 6.2571865083064688  1.5699488655701692 6.2056012472726003  1.5663499956366818 6.1300200257541784  1.5606298871015376 6.0567588085467738  1.5529737101833287 5.9864680695872652  1.5435908824702689 5.9198493859803669  1.5328283559295506 5.8572013276406318  1.5209625616064613 5.7987468217276108  1.5079892794986169 5.7434715258172675  1.4940652247778072 5.6913581694711777  1.4795293329506043 5.642981431524686  1.4643472204040728 5.5977406392056128  1.4485749049241459 5.5553525930886236  1.4322440526461184 5.5154667207809593  1.4153734174839279 5.4779864137831318  1.3980560012783174 5.4429108859770983  1.3803719273325374 5.4102129811498498  1.3624310985865693 5.3799022123631888  1.344210927500771 5.3517227240151648  1.3257207807422933 5.325624182824769  1.3069728542272443 5.3015394484162623  1.2879800429611918 5.279410942226054  1.2687564006642116 5.2591841930780028  1.2493173483775386 5.2408090890924921  1.2296782291898705 5.2242409386330202  1.2098596587453614 5.2094327959833615  1.1898644661137974 5.1963636993941407  1.1697117532584271 5.1850469861153927  1.1494245581331515 5.1754851296016939  1.1290258970783109 5.1676799210323177  1.1085396900734514 5.1616297151320758  1.0879902757548152 5.157330086250564  1.0674026239027146 5.1547732263164061  1.046801118904944 5.1539484138449927  1.0262133250949965 5.1548389215801027  1.0056598984555982 5.1574540958076254  0.98515823065080776 5.1618034018411105  0.96472628291041351 5.1678942072550482  0.94438140438322171 5.1757327661975259  0.92414069135121857 5.1853243091155656  0.90402022562776585 5.1966727571996154  0.88403728834128359 5.2097820536136465  0.86420183110609827 5.2246506027406472  0.8445123715887447 5.2413174286326463  0.82500018958836729 5.2598270668187608  0.8056876283405755 5.2802240045637623  0.78659781415304519 5.3025552454265128  0.76775216588704076 5.3268703117875074  0.74917012194854593 5.3532218657085915  0.73087231780538486 5.3816648964924063  0.71286785430621413 5.4122591469647974  0.69524468969185582 5.4450190763229021  0.67802373325057808 5.4800897778118429  0.66123850615977386 5.5175927685722259  0.64488550337615069 5.557749829411998  0.62913601339537673 5.6003404223890456  0.61403165036230556 5.6456309067727926  0.59961234042394906 5.6939145190155305  0.58589454459476709 5.7455354810623298  0.5729802506390127 5.8008074378660357  0.5610982493985136 5.8596802866960784  0.55045036889863319 5.922096495760873  0.54118997182505046 5.9884601404954116  0.53365374642308838 6.0576974181447572  0.52800695837750622 6.1298046915786726  0.52443591424635461 6.2055857416066136  0.52359633095825442 6.2572563055047761  0.52359877559829904 6.2831853071795862 
 1.9697668334431301e-07 4 0.00015388808231088302 1 0.00030757918793842176 1 0.0004612702935659605 1 0.00061496139919349913 1 0.00076865250482103782 1 0.00092234361044857662 1 0.0010760347160761153 1 0.001229725821703654 1 0.0013834169273311927 1 0.0015371080329587314 1 0.0016907991385862701 1 0.001844490244213809 1 0.0019981813498413476 1 0.0021518724554688866 1 0.002305563561096425 1 0.0024592546667239639 1 0.0026129457723515028 1 0.0027666368779790413 1 0.0029203279836065802 1 0.0030740190892341187 1 0.0032277101948616576 1 0.0033814013004891961 1 0.003535092406116735 1 0.0036887835117442739 1 0.0038424746173718123 1 0.0039961657229993508 1 0.0041498568286268897 1 0.0043035479342544286 1 0.0044572390398819675 1 0.0046109301455095055 1 0.0047646212511370445 1 0.0049183123567645834 1 0.0050720034623921223 1 0.0052256945680196612 1 0.0053793856736471992 1 0.0055330767792747381 1 0.005686767884902277 1 0.0058404589905298159 1 0.005994150096157354 1 0.0061478412017848929 1 0.0063015323074124318 1 0.0064552234130399707 1 0.0066089145186675096 1 0.0067626056242950476 1 0.0069162967299225865 1 0.0070699878355501254 1 0.0072236789411776643 1 0.0073773700468052032 1 0.0075310611524327413 1 0.0076847522580602802 1 0.0078384433636878182 1 0.0079921344693153571 1 0.008145825574942896 1 0.0082995166805704349 1 0.0084532077861979738 1 0.0086068988918255127 1 0.0087605899974530516 1 0.0089142811030805905 1 0.0090679722087081294 1 0.0092216633143356666 1 0.0093753544199632055 1 0.0095290455255907444 1 0.0096827366312182833 1 0.0098364277368458222 1 0.0099901188424733611 1 0.0101438099481009 4
7 0 0  3 47 45  0.52359877559829904 6.2831853071795862  0.52359826076135352 6.2639476581571278  0.52313665005729015 6.2254136096033932  0.52111971638916299 6.1680608473837317  0.51783955551492011 6.1119944528851136  0.51334323059445908 6.0573052508131022  0.5077739595582238 6.0043554968969017  0.50128731657842274 5.9538751390484874  0.49388930005062753 5.9051074541729829  0.48571873004320737 5.8584000708303128  0.47692078418093509 5.8140747773313937  0.46756818882298568 5.7719514249978232  0.45768270092763691 5.73177152609638  0.44730040721286846 5.6933464539774006  0.4364673222724812 5.6566511592359126  0.42523193580229618 5.6216474539315282  0.41364612004979867 5.5883134122423535  0.40176022904925451 5.5566233773346134  0.3896425710933023 5.5265883221683936  0.37725663544525956 5.4979720793539801  0.36461080707904442 5.4707236372248982  0.35171139419382086 5.4447780536777906  0.33856906501639128 5.4200838779423455  0.3251831262071917 5.3965769619930972  0.31159807720953664 5.374258246108595  0.29785528157318358 5.3531496730162464  0.28395210180031516 5.3332136512012571  0.26989826398677386 5.3144295742571659  0.25570074986263097 5.2967734939748663  0.24136783092226882 5.2802236517655379  0.22690798914191285 5.2647589827277175  0.21233013112733259 5.2503594912294247  0.19764372354698467 5.2370058418028398  0.18285793152879437 5.2246799382028284  0.16798480562760976 5.2133620964177778  0.15302725367607212 5.2030406516575596  0.13798434717810273 5.1937175341986306  0.12286491811734368 5.1853867819336763  0.10767525033450653 5.1780442724395801  0.092423345187684719 5.1716854376795807  0.077114066887109547 5.1663045270809924  0.061791882030719496 5.1619077264967617  0.046434921684506823 5.1584862599893855  0.031030066017743878 5.1560379260067553  0.015561825053364462 5.1545635315897522  0.0051976091231445299 5.1542343253387646  0 5.1542339826118404 
 0.015158334229373601 4 0.015273433333374139 1 0.015388532437374678 1 0.015503631541375216 1 0.015618730645375755 1 0.015733829749376295 1 0.015848928853376833 1 0.015964027957377371 1 0.016079127061377908 1 0.01619422616537845 1 0.016309325269378987 1 0.016424424373379525 1 0.016539523477380063 1 0.016654622581380604 1 0.016769721685381142 1 0.01688482078938168 1 0.016999919893382218 1 0.017115018997382755 1 0.017230118101383297 1 0.017345217205383835 1 0.017460316309384372 1 0.017575415413384914 1 0.017690514517385451 1 0.017805613621385989 1 0.017920712725386527 1 0.018035811829387065 1 0.018150910933387606 1 0.018266010037388144 1 0.018381109141388682 1 0.018496208245389219 1 0.018611307349389761 1 0.018726406453390299 1 0.018841505557390836 1 0.018956604661391374 1 0.019071703765391912 1 0.019186802869392453 1 0.019301901973392991 1 0.019417001077393529 1 0.01953210018139407 1 0.019647199285394608 1 0.019762298389395146 1 0.019877397493395683 1 0.019992496597396221 1 0.020107595701396763 1 0.0202226948053973 4
1 0 -2.2826185386293218e-13 0 1 
1 6.2831853071795862 -2.2826185386293218e-13 0 1 
1 0 7.1054273576010019e-15 0 -1 
1 6.2831853071795862 7.1054273576010019e-15 0 -1 
1 -3.1415926535897931 -7.4999999999999858 1 -2.2617277734851675e-15 
1 3.1415926535897931 0 0 -1 
1 3.1415926535897931 0 0 -1 
1 -3.1415926535897931 1.4210854715202004e-14 1 -2.2617277734851675e-15 
7 0 0  3 25 23  1.2434200572255554 1.0552777537179292  1.2493539663257507 1.0514209666840659  1.2611648167793434 1.0433546219196317  1.2786982117881229 1.0301839489518665  1.2960364440644461 1.0159296278051622  1.3131682977511814 1.0005779363156089  1.3300832838682983 0.9841140282610964  1.3467717361252807 0.96652164389348694  1.3632248342023663 0.9477829745185542  1.3794344417739568 0.92787860634934793  1.3953937202214188 0.9067873400177312  1.4110947897326731 0.8844868292103848  1.4265373931076366 0.86095153111044376  1.44169647256065 0.83616112670846054  1.4565166074830576 0.81012349752935786  1.4709704328980722 0.78283912972442604  1.4850255887622872 0.75430985172203158  1.4986555751387265 0.72453006459331559  1.5118289615395133 0.6935075840422481  1.5245720120941146 0.66114663351985881  1.5368632837607585 0.62733023147153189  1.5486881064068689 0.59193528063306589  1.5600316211088461 0.55482613726171726  1.5672644975701349 0.52884432131855841  1.5707963267948966 0.51551857307693705 
 1.81367282050289e-06 4 0.00013889437976565233 1 0.00027597508671080176 1 0.00041305579365595119 1 0.00055013650060110062 1 0.0006872172075462501 1 0.00082429791449139948 1 0.00096137862143654885 1 0.0010984593283816983 1 0.0012355400353268478 1 0.0013726207422719973 1 0.0015097014492171466 1 0.001646782156162296 1 0.0017838628631074455 1 0.0019209435700525948 1 0.0020580242769977441 1 0.0021951049839428935 1 0.002332185690888043 1 0.0024692663978331925 1 0.002606347104778342 1 0.0027434278117234915 1 0.0028805085186686405 1 0.00301758922561379 4
7 0 0  3 25 23  0.52359877559829893 0.51551857307693782  0.5271315660436936 0.52884794888925102  0.53436587139493485 0.55483468601064845  0.54571000341175513 0.59194521159426805  0.55753387025177104 0.6273365467888915  0.56982257196199881 0.66114533926005714  0.58256135984753676 0.69349558762486974  0.59572884610287802 0.72450542426756215  0.60934891692293647 0.7542672805688535  0.62339308741386512 0.78277877427767972  0.63783736152471437 0.8100498056752693  0.6526516260491142 0.83608188093789648  0.66781302958004973 0.86088112440103104  0.68326264172442741 0.8844318170666019  0.69896896425129673 0.9067434127943298  0.71493346507353261 0.92784459331420843  0.73114780274661817 0.94775709083408721  0.74760526430558194 0.96650249280809364  0.76429768319863933 0.98410032710486506  0.78121625226087388 1.0005685830064224  0.79835130844832813 1.0159236752433776  0.81569237055125443 1.0301806033775778  0.83322823103744081 1.0433532354216586  0.8450404893866158 1.0514205457487791  0.85097504516763645 1.0552777537179356 
 2.9519504445265098e-07 4 0.00013650488826841934 1 0.000272714581492386 1 0.00040892427471635266 1 0.00054513396794031942 1 0.00068134366116428613 1 0.00081755335438825274 1 0.00095376304761221945 1 0.001089972740836186 1 0.0012261824340601528 1 0.0013623921272841195 1 0.0014986018205080862 1 0.0016348115137320527 1 0.0017710212069560194 1 0.0019072309001799861 1 0.0020434405934039532 1 0.0021796502866279197 1 0.0023158599798518862 1 0.0024520696730758532 1 0.0025882793662998197 1 0.0027244890595237866 1 0.0028606987527477531 1 0.00299690844597172 4
7 0 0  3 25 23  2.290617608422155 1.0552777537179467  2.2965515175223485 1.051420966684069  2.3083623679759389 1.043354621919617  2.3258957629847181 1.0301839489518463  2.3432339952610426 1.0159296278051408  2.3603658489477768 1.0005779363155933  2.3772808350648917 0.98411402826110439  2.3939692873218839 0.96652164389349005  2.4104223853989653 0.94778297451857796  2.4266319929705635 0.92787860634936703  2.4425912714180229 0.9067873400177664  2.4582923409292774 0.88448682921041055  2.4737349443042316 0.86095153111046163  2.488894023757251 0.836161126708447  2.5037141586796503 0.81012349752932944  2.5181679840946698 0.78283912972436709  2.5322231399588722 0.75430985172198028  2.5458531263353117 0.72453006459325153  2.5590265127360996 0.69350758404219104  2.5717695632907018 0.66114663351981007  2.5840608349573477 0.62733023147151146  2.5958856576034663 0.59193528063306355  2.6072291723054466 0.55482613726171814  2.6144620487667343 0.5288443213185603  2.6179938779914949 0.51551857307694071 
 1.8136728205979099e-06 4 0.00013889437976574706 1 0.00027597508671089625 1 0.00041305579365604541 1 0.00055013650060119451 1 0.00068721720754634367 1 0.00082429791449149283 1 0.00096137862143664198 1 0.0010984593283817911 1 0.0012355400353269402 1 0.0013726207422720895 1 0.0015097014492172387 1 0.0016467821561623878 1 0.0017838628631075368 1 0.0019209435700526861 1 0.0020580242769978356 1 0.0021951049839429846 1 0.0023321856908881337 1 0.0024692663978332827 1 0.0026063471047784322 1 0.0027434278117235813 1 0.0028805085186687303 1 0.0030175892256138798 4
7 0 0  3 25 23  1.5707963267948966 0.51551857307693705  1.574329117240294 0.52884794888924436  1.5815634225915387 0.55483468601063235  1.5929075546083611 0.59194521159424829  1.6047314214483686 0.62733654678886919  1.617020123158599 0.66114533926006402  1.6297589110441375 0.69349558762488106  1.6429263972994688 0.72450542426756548  1.6565464681195434 0.75426728056884507  1.670590638610465 0.78277877427764908  1.6850349127213207 0.81004980567522178  1.6998491772457156 0.8360818809378513  1.7150105807766516 0.86088112440099651  1.7304601929210255 0.88443181706659235  1.7461665154478918 0.90674341279433512  1.7621310162701287 0.92784459331422153  1.7783453539432144 0.94775709083409709  1.7948028155021798 0.96650249280809708  1.8114952343952335 0.98410032710487683  1.8284138034574806 1.0005685830064237  1.8455488596449248 1.0159236752433602  1.8628899217478545 1.0301806033775707  1.8804257822340378 1.0433532354216415  1.8922380405832129 1.0514205457487678  1.8981725963642344 1.0552777537179328 
 2.9519504443322899e-07 4 0.00013650488826839945 1 0.00027271458149236567 1 0.00040892427471633189 1 0.00054513396794029817 1 0.00068134366116426445 1 0.00081755335438823062 1 0.00095376304761219679 1 0.0010899727408361631 1 0.0012261824340601293 1 0.0013623921272840956 1 0.0014986018205080617 1 0.001634811513732028 1 0.0017710212069559942 1 0.0019072309001799603 1 0.0020434405934039268 1 0.0021796502866278929 1 0.0023158599798518589 1 0.0024520696730758254 1 0.0025882793662997915 1 0.002724489059523758 1 0.002860698752747724 1 0.0029969084459716901 4
7 0 0  3 25 23  3.3378151596187564 1.0552777537179396  3.3436911723245899 1.0514586005380904  3.3553934282271127 1.0434642901415907  3.372787486059222 1.0303923916707678  3.3900120042224771 1.0162277814852008  3.4070574556049644 1.0009576840017174  3.4239154899398274 0.98456713965197862  3.4405761811646669 0.96704594331220284  3.4570639639080931 0.9483298487395232  3.4733389702850448 0.92841969050320383  3.4893725572902241 0.90730936734689505  3.5051338090846254 0.88499925301702276  3.5206004509014117 0.86147667473347  3.535728944309902 0.83677716537652147  3.5504910025100851 0.81090245157693053  3.5648825200127101 0.7838006609207766  3.5788942571462732 0.75542896860905828  3.5925201958306459 0.72573112383011207  3.6057530334182566 0.69466478321896763  3.6186366995161996 0.66197662924907885  3.631091039674704 0.62772711747087728  3.6430583327477235 0.59193145529451319  3.6544793155591049 0.55461063321476212  3.6616934827343899 0.52871700147091005  3.6651914291880918 0.51551857307694038 
 0.0014700022248071299 4 0.0016064262198096694 1 0.001742850214812209 1 0.0018792742098147487 1 0.0020156982048172879 1 0.0021521221998198276 1 0.0022885461948223672 1 0.0024249701898249069 1 0.0025613941848274466 1 0.0026978181798299862 1 0.0028342421748325255 1 0.0029706661698350647 1 0.0031070901648376044 1 0.003243514159840144 1 0.0033799381548426837 1 0.0035163621498452233 1 0.003652786144847763 1 0.0037892101398503027 1 0.0039256341348528423 1 0.0040620581298553811 1 0.0041984821248579208 1 0.0043349061198604604 1 0.0044713301148630001 4
7 0 0  3 25 23  2.6179938779914949 0.51551857307694071  2.62148385869772 0.52868825649490514  2.6287060213367655 0.55460588909570252  2.6401590173675111 0.59203906231217396  2.6521045187151175 0.62776589811483918  2.6644866616412508 0.66182079539874372  2.6773128120083949 0.69437260984109528  2.6905639158583123 0.72550518494530047  2.7042598947907819 0.75535491935553978  2.7183689814208778 0.78391586486432951  2.7328642256178419 0.81119977822979183  2.7477129001172957 0.83720989787933175  2.762887014153546 0.86195050150404373  2.7783314855135779 0.88542020012919587  2.794022070405132 0.90764314508006461  2.8099584163906015 0.92864684525146846  2.8261328485688675 0.94845617190776188  2.8425387132156943 0.96709472186911616  2.8591681281278265 0.98458433259944189  2.8760125755642649 1.0009451962108853  2.893062747802591 1.0161959132003315  2.9103085719777058 1.030353607955693  2.927739299866766 1.0434342187119177  2.9394752301486777 1.0514462989941655  2.9453701475608303 1.0552777537179399 
 0.019365723593035102 4 0.019502480682141492 1 0.019639237771247882 1 0.019775994860354276 1 0.019912751949460666 1 0.020049509038567056 1 0.020186266127673446 1 0.020323023216779836 1 0.020459780305886226 1 0.02059653739499262 1 0.02073329448409901 1 0.0208700515732054 1 0.021006808662311791 1 0.021143565751418181 1 0.021280322840524571 1 0.021417079929630965 1 0.021553837018737355 1 0.021690594107843745 1 0.021827351196950135 1 0.021964108286056525 1 0.022100865375162919 1 0.022237622464269309 1 0.022374379553375699 4
7 0 0  3 47 45  3.6651914291880918 6.2831853071795862  3.6651909143511467 6.2639476581568889  3.6647293036470718 6.225413609602688  3.6627123699788964 6.1680608473823559  3.659432209104577 6.1119944528830636  3.6549358841840132 6.0573052508104857  3.6493666131476554 6.0043554968937416  3.6428799701677144 5.9538751390448761  3.6354819536397613 5.9051074541689372  3.6273113836321773 5.8584000708259145  3.618513437769745 5.8140747773267112  3.6091608424116206 5.7719514249928716  3.5992753545160885 5.7317715260911637  3.5888930608011296 5.693346453971972  3.5780599758605507 5.6566511592303144  3.566824589390174 5.6216474539257675  3.5552387736374804 5.5883134122364817  3.5433528826367344 5.5566233773286653  3.5312352246805854 5.5265883221623548  3.5188492890323348 5.4979720793479032  3.5062034606659118 5.4707236372187928  3.4933040477804749 5.4447780536716834  3.4801617186028277 5.4200838779362472  3.4667757797934065 5.3965769619870194  3.4531907307955305 5.3742582461025563  3.4394479351589586 5.3531496730102761  3.4255447553858773 5.333213651195388  3.411490917572122 5.3144295742514167  3.3972934034477715 5.2967734939692761  3.382960484507199 5.2802236517601058  3.368500642726636 5.2647589827224808  3.3539227847118496 5.2503594912243994  3.3392363771312943 5.2370058417980285  3.3244505851128952 5.2246799381982836  3.3095774592115017 5.2133620964134897  3.2946199072597517 5.2030406516535601  3.279577000761575 5.1937175341949242  3.2644575717006066 5.1853867819303145  3.2492679039175587 5.1780442724365088  3.2340159987705528 5.1716854376770724  3.2187067204696964 5.1663045270781103  3.2033845356141639 5.161907726510071  3.1880275752696932 5.1584862600218786  3.1726227196051542 5.156037926051626  3.1571544786427861 5.1545635316293588  3.1467902627130617 5.1542343253562333  3.1415926535897931 5.1542339826118413 
 0.015158334229508101 4 0.015273433333511074 1 0.015388532437514046 1 0.015503631541517019 1 0.015618730645519991 1 0.015733829749522966 1 0.015848928853525936 1 0.015964027957528909 1 0.016079127061531882 1 0.016194226165534856 1 0.016309325269537829 1 0.016424424373540799 1 0.016539523477543772 1 0.016654622581546746 1 0.016769721685549719 1 0.016884820789552692 1 0.016999919893555662 1 0.017115018997558636 1 0.017230118101561609 1 0.017345217205564582 1 0.017460316309567556 1 0.017575415413570529 1 0.017690514517573499 1 0.017805613621576472 1 0.017920712725579446 1 0.018035811829582419 1 0.018150910933585389 1 0.018266010037588362 1 0.018381109141591336 1 0.018496208245594309 1 0.018611307349597282 1 0.018726406453600256 1 0.018841505557603225 1 0.018956604661606199 1 0.019071703765609172 1 0.019186802869612146 1 0.019301901973615115 1 0.019417001077618089 1 0.019532100181621062 1 0.019647199285624035 1 0.019762298389627009 1 0.019877397493629982 1 0.019992496597632956 1 0.020107595701635925 1 0.020222694805638899 4
7 0 0  3 25 23  4.3850127108153512 1.0552777537179359  4.390946619915546 1.051420966684071  4.4027574703691368 1.0433546219196357  4.4202908653779174 1.0301839489518718  4.4376290976542432 1.0159296278051666  4.4547609513409769 1.0005779363156149  4.4716759374580954 0.98411402826110073  4.4883643897150778 0.96652164389348894  4.5048174877921632 0.94778297451855642  4.5210270953637535 0.92787860634935271  4.5369863738112164 0.90678734001773187  4.55268744332247 0.88448682921038368  4.5681300466974388 0.86095153111044642  4.583289126150448 0.83616112670845921  4.5981092610728576 0.81012349752935509  4.6125630864878664 0.78283912972442626  4.6266182423520892 0.7543098517220268  4.6402482287285194 0.72453006459331482  4.653421615129318 0.69350758404224844  4.6661646656839064 0.66114663351985914  4.678455937350555 0.62733023147153155  4.6902807599966616 0.5919352806330701  4.7016242746986379 0.55482613726171848  4.7088571511599264 0.52884432131855874  4.7123889803846897 0.51551857307693782 
 1.81367282058521e-06 4 0.00013889437976573451 1 0.00027597508671088378 1 0.0004130557936560331 1 0.00055013650060118237 1 0.00068721720754633163 1 0.00082429791449148101 1 0.00096137862143663027 1 0.0010984593283817796 1 0.0012355400353269289 1 0.0013726207422720782 1 0.0015097014492172274 1 0.0016467821561623769 1 0.0017838628631075262 1 0.0019209435700526755 1 0.0020580242769978243 1 0.0021951049839429738 1 0.0023321856908881233 1 0.0024692663978332723 1 0.0026063471047784218 1 0.0027434278117235708 1 0.0028805085186687203 1 0.0030175892256138698 4
7 0 0  3 25 23  3.6651914291880918 0.51551857307694038  3.6687242196334848 0.52884794888925291  3.6759585249847273 0.55483468601065189  3.6873026570015517 0.59194521159427993  3.6991265238415614 0.62733654678888262  3.711415225551796 0.66114533926007413  3.7241540134373334 0.69349558762488206  3.737321499692674 0.72450542426757236  3.7509415705127314 0.75426728056885628  3.7649857410036605 0.78277877427767972  3.7794300151145093 0.81004980567525542  3.7942442796389124 0.83608188093789704  3.8094056831698442 0.86088112440101938  3.8248552953142227 0.88443181706659513  3.8405616178410944 0.90674341279433168  3.8565261186633286 0.92784459331421032  3.8727404563364138 0.94775709083409443  3.8891979178953768 0.96650249280809408  3.9058903367884383 0.98410032710488438  3.9228089058506721 1.0005685830064359  3.9399439620381269 1.0159236752433873  3.9572850241410511 1.030180603377592  3.9748208846272362 1.0433532354216626  3.9866331429764119 1.0514205457487817  3.992567698757433 1.0552777537179416 
 2.9519504444086198e-07 4 0.0001365048882684072 1 0.00027271458149237353 1 0.00040892427471633986 1 0.00054513396794030619 1 0.00068134366116427247 1 0.00081755335438823886 1 0.00095376304761220524 1 0.0010899727408361715 1 0.0012261824340601378 1 0.0013623921272841041 1 0.0014986018205080706 1 0.0016348115137320368 1 0.0017710212069560031 1 0.0019072309001799696 1 0.0020434405934039355 1 0.002179650286627902 1 0.0023158599798518685 1 0.0024520696730758345 1 0.002588279366299801 1 0.0027244890595237671 1 0.0028606987527477336 1 0.0029969084459717001 4
7 0 0  3 69 67  4.7123889803846897 6.2831853071795862  4.7123877408645214 6.2571865083064697  4.7115415191599626 6.2056012472725994  4.7079426492264753 6.1300200257541766  4.7022225406913254 6.0567588085467765  4.6945663637731219 5.9864680695872652  4.6851835360600669 5.9198493859803687  4.674421009519345 5.8572013276406363  4.6625552151962486 5.7987468217276117  4.6495819330884176 5.7434715258172613  4.6356578783675957 5.6913581694711803  4.6211219865403974 5.6429814315246913  4.6059398739938651 5.5977406392056022  4.5901675585139383 5.5553525930886352  4.5738367062359124 5.5154667207809602  4.5569660710737212 5.4779864137831389  4.5396486548681132 5.4429108859770974  4.5219645809223303 5.4102129811498525  4.5040237521763631 5.3799022123631932  4.485803581090563 5.3517227240151639  4.4673134343320866 5.325624182824769  4.448565507817035 5.301539448416265  4.4295726965509914 5.2794109422260576  4.4103490542540023 5.2591841930780037  4.3909100019673337 5.2408090890924859  4.3712708827796671 5.2242409386330282  4.3514523123351525 5.2094327959833642  4.3314571197035967 5.1963636993941362  4.3113044068482234 5.1850469861153927  4.2910172117229415 5.1754851296017028  4.27061855066811 5.1676799210323043  4.2501323436632443 5.1616297151320838  4.229582929344609 5.1573300862505613  4.2089952774925141 5.1547732263164026  4.1883937724947353 5.1539484138450007  4.1678059786847967 5.1548389215800894  4.1472525520453871 5.157454095807636  4.1267508842406038 5.1618034018411061  4.1063189365002088 5.1678942072550429  4.0859740579730159 5.1757327661975374  4.0657333449410071 5.1853243091155719  4.0456128792175665 5.1966727571996012  4.025629941931073 5.2097820536136661  4.0057944846958931 5.224650602740641  3.9861050251785373 5.2413174286326534  3.9665928431781619 5.2598270668187581  3.9472802819303725 5.2802240045637525  3.9281904677428408 5.3025552454265128  3.9093448194768361 5.3268703117875065  3.890762775538342 5.3532218657085764  3.872464971395178 5.381664896492409  3.8544605078960092 5.4122591469647983  3.8368373432816498 5.4450190763229109  3.8196163868403716 5.4800897778118367  3.802831159749569 5.5175927685722286  3.786478156965944 5.5577498294120007  3.7707286669851712 5.6003404223890501  3.7556243039520996 5.6456309067728014  3.7412049940137435 5.6939145190155216  3.7274871981845639 5.7455354810623307  3.7145729042288052 5.8008074378660357  3.7026909029883108 5.8596802866960687  3.6920430224884262 5.9220964957608828  3.6827826254148435 5.9884601404954081  3.6752464000128855 6.0576974181447438  3.6695996119673007 6.1298046915786779  3.6660285678361486 6.2055857416066065  3.6651889845480476 6.2572563055047716  3.6651914291880918 6.2831853071795862 
 1.96976683345772e-07 4 0.00015388808231088445 1 0.00030757918793842317 1 0.00046127029356596186 1 0.00061496139919350054 1 0.00076865250482103923 1 0.00092234361044857792 1 0.0010760347160761166 1 0.0012297258217036553 1 0.001383416927331194 1 0.0015371080329587327 1 0.0016907991385862714 1 0.00184449024421381 1 0.0019981813498413489 1 0.0021518724554688874 1 0.0023055635610964259 1 0.0024592546667239648 1 0.0026129457723515037 1 0.0027666368779790422 1 0.0029203279836065806 1 0.0030740190892341195 1 0.0032277101948616584 1 0.0033814013004891969 1 0.0035350924061167354 1 0.0036887835117442743 1 0.0038424746173718132 1 0.0039961657229993517 1 0.0041498568286268897 1 0.0043035479342544286 1 0.0044572390398819675 1 0.0046109301455095055 1 0.0047646212511370445 1 0.0049183123567645834 1 0.0050720034623921223 1 0.0052256945680196612 1 0.0053793856736471992 1 0.0055330767792747381 1 0.005686767884902277 1 0.005840458990529815 1 0.005994150096157354 1 0.0061478412017848929 1 0.0063015323074124318 1 0.0064552234130399707 1 0.0066089145186675087 1 0.0067626056242950476 1 0.0069162967299225865 1 0.0070699878355501245 1 0.0072236789411776635 1 0.0073773700468052024 1 0.0075310611524327413 1 0.0076847522580602802 1 0.0078384433636878199 1 0.0079921344693153588 1 0.008145825574942896 1 0.0082995166805704349 1 0.0084532077861979738 1 0.0086068988918255127 1 0.0087605899974530516 1 0.0089142811030805905 1 0.0090679722087081294 1 0.0092216633143356666 1 0.0093753544199632055 1 0.0095290455255907444 1 0.0096827366312182833 1 0.0098364277368458222 1 0.0099901188424733611 1 0.0101438099481009 4
7 0 0  3 25 23  5.4322102620119512 1.0552777537179396  5.4381441711121452 1.0514209666840655  5.4499550215657333 1.0433546219196148  5.4674884165745139 1.0301839489518378  5.4848266488508388 1.0159296278051391  5.5019585025375735 1.0005779363155858  5.518873488654692 0.98411402826108674  5.5355619409116761 0.96652164389349726  5.5520150389887659 0.94778297451855986  5.5682246465603518 0.92787860634937902  5.5841839250078191 0.90678734001776118  5.5998849945190754 0.88448682921040278  5.6153275978940309 0.86095153111043987  5.6304866773470454 0.83616112670844933  5.6453068122694479 0.81012349752930857  5.659760637684462 0.78283912972437142  5.6738157935486653 0.75430985172197285  5.6874457799251044 0.72453006459324165  5.7006191663258932 0.6935075840421796  5.7133622168804949 0.66114663351980341  5.7256534885471453 0.6273302314714988  5.7374783111932599 0.59193528063305567  5.7488218258952353 0.55482613726172914  5.7560547023565256 0.52884432131856796  5.759586531581288 0.51551857307693838 
 1.8136728205986401e-06 4 0.00013889437976574687 1 0.00027597508671089511 1 0.00041305579365604335 1 0.00055013650060119158 1 0.00068721720754633976 1 0.00082429791449148805 1 0.00096137862143663635 1 0.0010984593283817846 1 0.0012355400353269328 1 0.001372620742272081 1 0.0015097014492172294 1 0.0016467821561623776 1 0.0017838628631075258 1 0.0019209435700526742 1 0.0020580242769978221 1 0.0021951049839429703 1 0.0023321856908881185 1 0.0024692663978332667 1 0.0026063471047784149 1 0.002743427811723563 1 0.0028805085186687117 1 0.0030175892256138598 4
7 0 0  3 25 23  4.7123889803846897 0.51551857307693782  4.7159217708300849 0.52884794888924003  4.7231560761813318 0.55483468601062591  4.734500208198158 0.59194521159424862  4.7463240750381646 0.62733654678887185  4.7586127767483966 0.66114533926006158  4.7713515646339264 0.69349558762488372  4.784519050889271 0.72450542426755815  4.7981391217093323 0.75426728056884473  4.8121832922002632 0.78277877427764697  4.8266275663111147 0.8100498056752139  4.8414418308355183 0.83608188093784563  4.8566032343664478 0.86088112440099407  4.8720528465108215 0.88443181706658947  4.8877591690376914 0.90674341279433068  4.9037236698599207 0.9278445933142192  4.9199380075330117 0.94775709083409798  4.9363954690919751 0.96650249280809208  4.9530878879850331 0.98410032710487616  4.9700064570472735 1.0005685830064253  4.9871415132347217 1.0159236752433511  5.0044825753376534 1.0301806033775662  5.022018435823834 1.0433532354216364  5.033830694173008 1.0514205457487626  5.0397652499540309 1.0552777537179274 
 2.9519504444203798e-07 4 0.00013650488826840742 1 0.00027271458149237283 1 0.00040892427471633818 1 0.00054513396794030359 1 0.000681343661164269 1 0.0008175533543882343 1 0.00095376304761219971 1 0.001089972740836165 1 0.0012261824340601304 1 0.0013623921272840958 1 0.0014986018205080612 1 0.0016348115137320264 1 0.0017710212069559919 1 0.0019072309001799573 1 0.0020434405934039229 1 0.0021796502866278881 1 0.0023158599798518533 1 0.0024520696730758189 1 0.0025882793662997841 1 0.0027244890595237497 1 0.0028606987527477149 1 0.0029969084459716801 4
7 0 0  3 69 67  5.759586531581288 6.2831853071795862  5.7595852920611188 6.2571865083064688  5.7587390703565573 6.205601247272603  5.7551402004230692 6.1300200257541837  5.7494200918879121 6.0567588085467916  5.7417639149697246 5.9864680695872652  5.7323810872566678 5.9198493859803412  5.7216185607159318 5.8572013276406807  5.7097527663928416 5.7987468217276454  5.696779484285031 5.7434715258171956  5.6828554295642117 5.6913581694710924  5.6683195377370099 5.6429814315246256  5.6531374251904642 5.5977406392055888  5.6373651097105411 5.5553525930886325  5.6210342574325196 5.5154667207808847  5.604163622270331 5.4779864137831051  5.5868462060647079 5.4429108859771054  5.5691621321189242 5.4102129811498978  5.5512213033729578 5.3799022123632039  5.5330011322871675 5.3517227240151346  5.5145109855286885 5.3256241828246971  5.4957630590136466 5.3015394484161655  5.4767702477476021 5.2794109422259234  5.4575466054506059 5.2591841930778571  5.4381075531639436 5.240809089092334  5.4184684339762725 5.2242409386328701  5.3986498635317606 5.2094327959832381  5.3786546709001986 5.1963636993940385  5.3585019580448252 5.1850469861152737  5.3382147629195451 5.1754851296015829  5.3178161018647101 5.1676799210321773  5.2973298948598471 5.1616297151319301  5.2767804805412153 5.1573300862503926  5.256192828689108 5.1547732263161992  5.2355913236913318 5.1539484138448062  5.2150035298813942 5.1548389215798984  5.1944501032419828 5.1574540958074326  5.1739484354372021 5.1618034018409036  5.1535164876968 5.167894207254851  5.1331716091696151 5.175732766197342  5.1129308961376001 5.1853243091153951  5.0928104304141604 5.196672757199468  5.0728274931276705 5.2097820536135417  5.0529920358924914 5.2246506027405681  5.033302576375136 5.2413174286326152  5.0137903943747641 5.2598270668187528  4.9944778331269735 5.2802240045638023  4.9753880189394479 5.3025552454265696  4.9565423706734464 5.3268703117875829  4.9379603267349443 5.3532218657086519  4.9196625225917892 5.3816648964924623  4.9016580590926067 5.4122591469647983  4.8840348944782566 5.4450190763229349  4.8668139380369819 5.4800897778118962  4.850028710946181 5.5175927685722881  4.8336757081625397 5.5577498294119829  4.8179262181817668 5.6003404223890261  4.8028218551486921 5.6456309067727943  4.7884025452103263 5.6939145190155651  4.7746847493811027 5.7455354810623893  4.7617704554253457 5.800807437866081  4.7498884541848696 5.8596802866960953  4.7392405736850156 5.92209649576085  4.7299801766114529 5.988460140495409  4.7224439512094678 6.0576974181447207  4.7167971631638812 6.1298046915786388  4.713226119032754 6.2055857416066003  4.7123865357446535 6.2572563055047761  4.7123889803846897 6.2831853071795862 
 1.9697668334793299e-07 4 0.0001538880823108866 1 0.00030757918793842523 1 0.00046127029356596386 1 0.0006149613991935026 1 0.00076865250482104129 1 0.00092234361044857987 1 0.0010760347160761186 1 0.0012297258217036572 1 0.0013834169273311959 1 0.0015371080329587346 1 0.0016907991385862733 1 0.0018444902442138118 1 0.0019981813498413507 1 0.0021518724554688892 1 0.0023055635610964281 1 0.0024592546667239665 1 0.002612945772351505 1 0.0027666368779790439 1 0.0029203279836065824 1 0.0030740190892341213 1 0.0032277101948616597 1 0.0033814013004891987 1 0.0035350924061167371 1 0.0036887835117442756 1 0.0038424746173718145 1 0.0039961657229993534 1 0.0041498568286268914 1 0.0043035479342544303 1 0.0044572390398819692 1 0.0046109301455095082 1 0.0047646212511370462 1 0.0049183123567645851 1 0.005072003462392124 1 0.005225694568019662 1 0.0053793856736472009 1 0.0055330767792747398 1 0.0056867678849022787 1 0.0058404589905298168 1 0.0059941500961573557 1 0.0061478412017848946 1 0.0063015323074124326 1 0.0064552234130399715 1 0.0066089145186675104 1 0.0067626056242950493 1 0.0069162967299225874 1 0.0070699878355501263 1 0.0072236789411776652 1 0.0073773700468052032 1 0.0075310611524327421 1 0.007684752258060281 1 0.0078384433636878199 1 0.0079921344693153588 1 0.0081458255749428977 1 0.0082995166805704349 1 0.0084532077861979738 1 0.0086068988918255127 1 0.0087605899974530516 1 0.0089142811030805905 1 0.0090679722087081294 1 0.0092216633143356683 1 0.0093753544199632055 1 0.0095290455255907444 1 0.0096827366312182833 1 0.0098364277368458222 1 0.0099901188424733611 1 0.0101438099481009 4
7 0 0  3 25 23  0.19622250602896543 1.0552777537179276  0.20209851873479895 1.0514586005380793  0.21380077463732225 1.0434642901415794  0.23119483246943062 1.0303923916707538  0.24841935063268472 1.0162277814851879  0.26546480201517253 1.0009576840017151  0.28232283635003513 0.98456713965196641  0.29898352757487451 0.96704594331219562  0.315471310318301 0.9483298487395101  0.33174631669525123 0.92841969050319795  0.34777990370043227 0.90730936734688739  0.36354115549483074 0.88499925301701876  0.37900779731161988 0.86147667473347256  0.39413629072010814 0.83677716537652813  0.40889834892029103 0.81090245157693941  0.42328986642291666 0.78380066092077827  0.43730160355647912 0.75542896860905706  0.45092754224085146 0.72573112383009875  0.46416037982846231 0.69466478321896175  0.47704404592640248 0.66197662924906875  0.48949838608490942 0.62772711747087273  0.50146567915792828 0.59193145529450764  0.51288666196931243 0.55461063321476933  0.52010082914459854 0.5287170014709146  0.52359877559829893 0.51551857307693782 
 0.0014700022248071501 4 0.0016064262198096891 1 0.0017428502148122281 1 0.0018792742098147673 1 0.0020156982048173061 1 0.0021521221998198454 1 0.0022885461948223846 1 0.0024249701898249234 1 0.0025613941848274626 1 0.0026978181798300018 1 0.0028342421748325406 1 0.0029706661698350799 1 0.0031070901648376191 1 0.0032435141598401579 1 0.0033799381548426971 1 0.0035163621498452359 1 0.0036527861448477751 1 0.0037892101398503144 1 0.0039256341348528536 1 0.0040620581298553924 1 0.0041984821248579312 1 0.00433490611986047 1 0.0044713301148630097 4
7 0 0  3 25 23  5.759586531581288 0.51551857307693838  5.7630765122875127 0.52868825649490525  5.7702986749265595 0.55460588909570152  5.7817516709573074 0.59203906231216419  5.7936971723049133 0.62776589811483796  5.8060793152310497 0.66182079539874672  5.8189054655981947 0.69437260984110905  5.8321565694481112 0.7255051849453007  5.8458525483805817 0.75535491935554522  5.8599616350106771 0.78391586486433484  5.8744568792076413 0.8111997782297854  5.8893055537070929 0.83720989787932976  5.9044796677433418 0.86195050150403585  5.9199241391033697 0.88542020012919176  5.9356147239949264 0.90764314508005461  5.9515510699803951 0.92864684525146379  5.967725502158661 0.94845617190774922  5.9841313668054861 0.96709472186910561  6.0007607817176183 0.9845843325994289  6.0176052291540554 1.0009451962108775  6.034655401392385 1.0161959132003038  6.0519012255674962 1.030353607955685  6.0693319534565573 1.0434342187119048  6.0810678837384682 1.051446298994152  6.0869628011506203 1.0552777537179276 
 0.019365723593035102 4 0.019502480682141492 1 0.019639237771247882 1 0.019775994860354276 1 0.019912751949460666 1 0.020049509038567056 1 0.020186266127673446 1 0.020323023216779836 1 0.020459780305886226 1 0.02059653739499262 1 0.02073329448409901 1 0.0208700515732054 1 0.021006808662311791 1 0.021143565751418181 1 0.021280322840524571 1 0.021417079929630965 1 0.021553837018737355 1 0.021690594107843745 1 0.021827351196950135 1 0.021964108286056525 1 0.022100865375162919 1 0.022237622464269309 1 0.022374379553375699 4
7 0 0  3 47 45  6.2831853071795862 5.1542339826118404  6.2780200542128641 5.1542339291312329  6.2676920505624745 5.1545573789325951  6.2522152227724712 5.1560175961244008  6.2367612678889923 5.1584574534298016  6.2213377957871909 5.1618807594963076  6.2059523340049951 5.1662909264664805  6.1906122940945743 5.1716909620081903  6.1753249757160509 5.1780835231607201  6.160097461152656 5.1854709856165613  6.1449369159484322 5.1938552477316318  6.1298493809294641 5.2032384350328424  6.1148441995277105 5.2136201198678753  6.0999174200464363 5.2250074293393203  6.085073400025431 5.237420960821952  6.0703291694115338 5.2508725906068729  6.0556978027415536 5.265375909181353  6.0411928247042628 5.2809437072523107  6.0268269831462034 5.2975889149967568  6.012612547081253 5.3153245632864321  5.998561166603813 5.334164064664864  5.9846839902677047 5.3541210269480279  5.9709912210351659 5.3752104195966206  5.9574936906258218 5.3974445647653715  5.9441969512415449 5.4208482059808816  5.9311058663442093 5.4454913676710186  5.9182295762183852 5.4714368398299769  5.9055745739949428 5.4987573156489544  5.8931500661612501 5.5275237339440642  5.8809535188318165 5.5578336260439194  5.8690659672088392 5.5896019880994903  5.857514408691129 5.6229219436449513  5.846328027138437 5.6578799370777366  5.8355354011480634 5.6945678398420743  5.8251560893331629 5.733120169631821  5.815237657103637 5.7735526490847393  5.8058732682079039 5.815838909089651  5.7971243658886271 5.8600987415171026  5.7890563463193061 5.9064523904966295  5.7817367058376705 5.9550105944334302  5.7752098203449265 6.0060641074152672  5.7697188393489673 6.0585155012647123  5.7652951844121931 6.1127626824265695  5.7620211959649907 6.1689618618156681  5.7600385149089481 6.2258576604586544  5.7595866356832479 6.2640861123131124  5.759586531581288 6.2831853071795871 
 1.06750850315336e-17 4 0.00011438280141600066 1 0.00022876560283199065 1 0.00034314840424798062 1 0.00045753120566397062 1 0.00057191400707996051 1 0.0006862968084959505 1 0.0008006796099119405 1 0.0009150624113279305 1 0.0010294452127439205 1 0.0011438280141599104 1 0.0012582108155759005 1 0.0013725936169918904 1 0.0014869764184078805 1 0.0016013592198238704 1 0.0017157420212398605 1 0.0018301248226558504 1 0.0019445076240718403 1 0.0020588904254878306 1 0.0021732732269038207 1 0.0022876560283198104 1 0.0024020388297358005 1 0.0025164216311517906 1 0.0026308044325677807 1 0.0027451872339837704 1 0.0028595700353997605 1 0.0029739528368157506 1 0.0030883356382317402 1 0.0032027184396477303 1 0.0033171012410637205 1 0.0034314840424797106 1 0.0035458668438957002 1 0.0036602496453116903 1 0.0037746324467276804 1 0.0038890152481436701 1 0.0040033980495596602 1 0.0041177808509756499 1 0.0042321636523916396 1 0.0043465464538076301 1 0.0044609292552236198 1 0.0045753120566396095 1 0.0046896948580556 1 0.0048040776594715897 1 0.0049184604608875793 1 0.0050328432623035699 4
1 -4.7184478546569153e-16 1.055277753717929 1 6.78255040345874e-16 
1 -2.4424906541753444e-15 1.055277753717925 1 5.4260403227669202e-15 
1 -1.7763568394002505e-15 1.0552777537179414 1 -1.0173825605188041e-15 
1 0 1.0552777537179463 1 -2.3738926412105397e-15 
1 8.8817841970012523e-16 1.0552777537179436 1 -2.0347651210375972e-15 
1 8.8817841970012523e-16 1.0552777537179576 1 -4.7477852824211307e-15 
1 6.2831853071795862 4.7123889803847234 -1 0 
1 0 4.712388980384695 1 0 
1 3.1415926535897931 -7.5 1 2.2617277734851675e-15 
1 0 1.5707963267948628 1 0 
1 3.1415926535897931 0 1 2.2617277734851675e-15 
1 0 0 0 -1 
1 6.2831853071795862 0 0 -1 
1 6.2831853071795862 -28 -1 0 
1 3.1415926535897931 0 0 -1 
1 3.1415926535897931 0 0 -1 
1 -3.1415926535897931 -20 1 0 
1 6.2831853071795862 0 -1 0 
1 9.4247779607693793 -14 -1 0 
1 3.1415926535897931 0 0 1 
1 3.1415926535897931 0 0 1 
1 0 1.5707963267948966 1 0 
1 0 -1.5707963267948966 0 1 
1 6.2831853071795862 -1.5707963267948966 0 1 
1 6.2831853071795862 0 -1 0 
1 0 -34 1 0 
1 3.1415926535897931 -3.1415926535897931 0 1 
1 3.1415926535897931 -3.1415926535897931 0 1 
1 0 1.5707963267948966 1 0 
1 0 -4.7123889803846897 0 1 
1 6.2831853071795862 -4.7123889803846897 0 1 
1 0 0 0 -1 
1 6.2831853071795862 0 0 -1 
1 -3.1415926535897931 -20 1 0 
1 3.1415926535897931 0 0 -1 
1 3.1415926535897931 0 0 -1 
1 -3.1415926535897931 0 1 0 
1 3.1415926535897931 0 1 0 
1 3.1415926535897931 0 0 -1 
1 3.1415926535897931 0 0 -1 
1 3.1415926535897931 -4 1 0 
1 6.2831853071795862 0 0 -1 
1 0 0 0 -1 
1 0 0 0 -1 
1 6.2831853071795862 0 0 -1 
1 6.2831853071795862 -20 -1 0 
1 3.1415926535897931 0 0 -1 
1 3.1415926535897931 0 0 -1 
1 6.2831853071795862 0 -1 0 
1 6.2831853071795862 0 -1 0 
1 3.1415926535897931 0 0 -1 
1 3.1415926535897931 0 0 -1 
1 6.2831853071795862 -4 -1 0 
1 6.2831853071795862 0 0 -1 
1 0 0 0 -1 
1 3.1415926535897931 0 0 -1 
1 3.1415926535897931 0 0 -1 
1 6.2831853071795862 0 0 -1 
1 0 0 0 -1 
1 -3.1415926535897931 -4 1 0 
1 3.1415926535897931 -20 1 0 
1 3.1415926535897931 -14 -1 0 
1 6.2831853071795862 0 -1 0 
1 0 -34 1 0 
1 6.2831853071795862 0 -1 0 
1 0 1.5707963267948966 1 0 
1 6.2831853071795862 0 -1 0 
1 6.2831853071795862 -4 -1 0 
1 6.2831853071795862 -20 -1 0 
1 6.2831853071795862 0 -1 0 
1 6.2831853071795862 -28 -1 0 
1 0 1.5707963267948966 1 0 
1 -3.1415926535897931 0 1 0 
1 3.1415926535897931 0 1 0 
1 3.1415926535897931 -20 1 0 
7 0 0  3 25 23  0 0  0 0.02374735748557108  0 0.068051316043715657  0 0.12668455998945286  0 0.17943857413436254  0 0.22757821196810976  0 0.27212464287535615  0 0.31386912281980711  0 0.35345671684424596  0 0.39142453098811536  0 0.42823510551895055  0 0.46430016495116527  0 0.49999999999999967  0 0.53569983504883523  0 0.57176489448104861  0 0.60857546901188642  0 0.64654328315574716  0 0.68613087718019472  0 0.72787535712464357  0 0.77242178803189077  0 0.82056142586563763  0 0.87331544001054762  0 0.93194868395628383  -0 0.97625264251442867  0 1 
 3.1415926535897931 4 3.2843923196620564 1 3.4271919857343196 1 3.5699916518065828 1 3.7127913178788465 1 3.8555909839511098 1 3.998390650023373 1 4.1411903160956367 1 4.2839899821678999 1 4.4267896482401632 1 4.5695893143124264 1 4.7123889803846897 1 4.8551886464569529 1 4.9979883125292162 1 5.1407879786014794 1 5.2835876446737426 1 5.4263873107460068 1 5.5691869768182691 1 5.7119866428905333 1 5.8547863089627965 1 5.9975859750350597 1 6.140385641107323 1 6.2831853071795862 4
7 0 0  1 2 2  5.3493646723170168e-15 -1.2089267013159841e-45  0.99999999999999478 -3.7951492355420022e-17 
 0.0018606522012246101 2 0.83649554773409895 2
7 0 0  1 2 2  6.1085140491404149e-15 1  0.99999999999999456 1 
 0.0018606522012246101 2 0.83649554773409895 2
7 0 0  3 25 23  1 0  1 0.023747357485570938  0.99999999999999978 0.068051316043715199  1.0000000000000004 0.12668455998945208  0.99999999999999967 0.17943857413436173  1 0.22757821196810912  1 0.27212464287535576  1 0.31386912281980628  0.99999999999999989 0.35345671684424534  1 0.39142453098811519  1 0.42823510551895039  0.99999999999999978 0.46430016495116538  0.99999999999999978 0.49999999999999983  0.99999999999999989 0.53569983504883556  1 0.57176489448104906  1.0000000000000002 0.60857546901188708  0.99999999999999967 0.64654328315574772  1.0000000000000002 0.68613087718019572  0.99999999999999989 0.72787535712464402  1.0000000000000002 0.77242178803189099  1 0.82056142586563796  0.99999999999999989 0.87331544001054784  1 0.9319486839562845  1 0.97625264251442878  1 1 
 3.1415926535897931 4 3.2843923196620564 1 3.4271919857343196 1 3.5699916518065828 1 3.7127913178788465 1 3.8555909839511098 1 3.998390650023373 1 4.1411903160956367 1 4.2839899821678999 1 4.4267896482401632 1 4.5695893143124264 1 4.7123889803846897 1 4.8551886464569529 1 4.9979883125292162 1 5.1407879786014794 1 5.2835876446737426 1 5.4263873107460068 1 5.5691869768182691 1 5.7119866428905333 1 5.8547863089627965 1 5.9975859750350597 1 6.140385641107323 1 6.2831853071795862 4
1 -3.1415926535897931 -0.3489581476443 1 0 
7 0 0  1 2 2  5.6839616448985271e-15 0.99999999975000553  0.99999999999999456 1 
 0.0018606522012249401 2 0.83649554773409895 2
7 0 0  1 2 2  5.0302499685683911e-15 -5.9440091701839232e-17  0.99999999999999456 1.7677674738690029e-10 
 0.0018606522012249401 2 0.83649554773409895 2
1 2.3234704438081169e-16 3.0156381292756716e-16 1 -3.0843884310697694e-16 
1 7.3255820684978075e-17 1 1 0 
7 0 0  3 25 23  1 0  1 0.023747357485570879  1.0000000000000002 0.068051316043715088  0.99999999999999978 0.1266845599894518  1 0.17943857413436165  1 0.22757821196810868  1 0.27212464287535493  1 0.31386912281980589  1 0.3534567168442449  1 0.39142453098811453  1 0.42823510551895005  1 0.46430016495116516  1.0000000000000002 0.49999999999999967  1 0.53569983504883545  0.99999999999999989 0.57176489448104917  1 0.60857546901188708  1.0000000000000002 0.64654328315574805  0.99999999999999978 0.68613087718019616  1.0000000000000002 0.72787535712464435  1 0.77242178803189121  1.0000000000000002 0.82056142586563841  0.99999999999999978 0.87331544001054795  1.0000000000000002 0.93194868395628538  1 0.97625264251442911  1 1 
 0 4 0.14279966607226333 1 0.28559933214452665 1 0.42839899821678995 1 0.5711986642890533 1 0.71399833036131666 1 0.8567979964335799 1 0.99959766250584325 1 1.1423973285781066 1 1.2851969946503699 1 1.4279966607226333 1 1.5707963267948966 1 1.7135959928671598 1 1.8563956589394233 1 1.9991953250116865 1 2.14199499108395 1 2.2847946571562132 1 2.4275943232284765 1 2.5703939893007397 1 2.7131936553730034 1 2.8559933214452666 1 2.9987929875175299 1 3.1415926535897931 4
1 3.1415926535897931 -4 1 0 
1 2.2988030487606802e-16 0.99999999999999967 1 3.3306690738754706e-16 
1 1.5906413580002682e-16 2.6939036515654905e-34 1 1.3476567182051154e-16 
7 0 0  3 25 23  0 0  0 0.02374735748557083  0 0.068051316043715171  0 0.12668455998945227  0 0.17943857413436129  0 0.22757821196810846  0 0.27212464287535509  0 0.31386912281980556  0 0.35345671684424518  0 0.39142453098811425  0 0.42823510551895033  0 0.46430016495116511  0 0.49999999999999972  0 0.53569983504883545  0 0.57176489448104895  0 0.6085754690118873  0 0.64654328315574805  0 0.68613087718019594  0 0.7278753571246448  0 0.7724217880318911  0 0.82056142586563841  0 0.87331544001054773  0 0.9319486839562855  -0 0.97625264251442945  0 1 
 0 4 0.14279966607226333 1 0.28559933214452665 1 0.42839899821678995 1 0.5711986642890533 1 0.71399833036131666 1 0.8567979964335799 1 0.99959766250584325 1 1.1423973285781066 1 1.2851969946503699 1 1.4279966607226333 1 1.5707963267948966 1 1.7135959928671598 1 1.8563956589394233 1 1.9991953250116865 1 2.14199499108395 1 2.2847946571562132 1 2.4275943232284765 1 2.5703939893007397 1 2.7131936553730034 1 2.8559933214452666 1 2.9987929875175299 1 3.1415926535897931 4
1 0 0 0 -1 
1 6.2831853071795862 0 0 -1 
1 6.2831853071795862 -25 -1 0 
1 3.1415926535897931 0 0 -1 
1 3.1415926535897931 0 0 -1 
1 6.2831853071795862 0 -1 0 
1 6.2831853071795862 0 -1 0 
1 3.1415926535897931 0 0 -1 
1 3.1415926535897931 0 0 -1 
1 3.1415926535897931 -20 1 0 
1 6.2831853071795862 0 0 -1 
1 0 0 0 -1 
1 0 0 0 -1 
1 6.2831853071795862 0 0 -1 
1 3.1415926535897931 0 0 -1 
1 3.1415926535897931 0 0 -1 
1 -3.1415926535897931 0 1 0 
1 3.1415926535897931 0 1 0 
1 3.1415926535897931 0 0 -1 
1 3.1415926535897931 0 0 -1 
1 6.2831853071795862 0 0 -1 
1 0 0 0 -1 
1 -3.1415926535897931 0 1 0 
1 -3.1415926535897931 -4 1 0 
7 0 0  3 25 23  1 0  1 0.023747357485571087  0.99999999999999978 0.068051316043715337  1.0000000000000004 0.12668455998945163  0.99999999999999967 0.17943857413436173  1 0.2275782119681086  1 0.27212464287535493  1 0.313869122819806  0.99999999999999989 0.35345671684424473  1 0.39142453098811475  1 0.42823510551895005  0.99999999999999978 0.46430016495116511  0.99999999999999978 0.49999999999999967  0.99999999999999989 0.53569983504883523  1 0.57176489448104917  1.0000000000000002 0.60857546901188719  0.99999999999999967 0.64654328315574783  1.0000000000000002 0.68613087718019594  0.99999999999999989 0.72787535712464457  1.0000000000000002 0.77242178803189132  1 0.82056142586563796  0.99999999999999989 0.87331544001054817  1 0.93194868395628472  1 0.976252642514429  1 1 
 3.1415926535897931 4 3.2843923196620564 1 3.4271919857343196 1 3.5699916518065828 1 3.7127913178788465 1 3.8555909839511098 1 3.998390650023373 1 4.1411903160956367 1 4.2839899821678999 1 4.4267896482401632 1 4.5695893143124264 1 4.7123889803846897 1 4.8551886464569529 1 4.9979883125292162 1 5.1407879786014794 1 5.2835876446737426 1 5.4263873107460068 1 5.5691869768182691 1 5.7119866428905333 1 5.8547863089627965 1 5.9975859750350597 1 6.140385641107323 1 6.2831853071795862 4
1 3.1415926535897931 0 1 0 
7 0 0  3 25 23  0 0  0 0.023747357485570584  0 0.068051316043714616  0 0.12668455998945174  0 0.17943857413436193  0 0.22757821196810854  0 0.27212464287535482  0 0.31386912281980561  0 0.35345671684424479  0 0.39142453098811458  0 0.42823510551895011  0 0.46430016495116522  0 0.49999999999999972  0 0.53569983504883523  0 0.57176489448104917  0 0.60857546901188719  0 0.64654328315574783  0 0.68613087718019605  0 0.72787535712464424  0 0.77242178803189132  0 0.82056142586563796  0 0.87331544001054795  0 0.93194868395628516  -0 0.97625264251442911  0 1 
 3.1415926535897931 4 3.2843923196620564 1 3.4271919857343196 1 3.5699916518065828 1 3.7127913178788465 1 3.8555909839511098 1 3.998390650023373 1 4.1411903160956367 1 4.2839899821678999 1 4.4267896482401632 1 4.5695893143124264 1 4.7123889803846897 1 4.8551886464569529 1 4.9979883125292162 1 5.1407879786014794 1 5.2835876446737426 1 5.4263873107460068 1 5.5691869768182691 1 5.7119866428905333 1 5.8547863089627965 1 5.9975859750350597 1 6.140385641107323 1 6.2831853071795862 4
1 6.2831853071795862 0 -1 0 
1 3.1415926535897931 -0.3489581476443 1 0 
7 0 0  3 25 23  1 0  1 0.016820606483585729  1.0000000000000002 0.049499721437384202  0.99999999999999978 0.096228926051242863  1 0.1412976684393577  1 0.18522232640547051  1 0.22848079212887273  1 0.27151872169829333  1 0.31478010581842697  1 0.35869309021157736  1 0.40380560852331915  1 0.45037138305988939  1.0000000000000002 0.49999999993808714  1 0.5496286171877619  0.99999999999999989 0.59619439161552334  1 0.64130690994970507  1.0000000000000002 0.68521989433240271  0.99999999999999978 0.72848127845290167  1.0000000000000002 0.77151920802200491  1 0.81477767374631083  1.0000000000000002 0.85870233171843546  0.99999999999999978 0.90377107410060287  1.0000000000000002 0.95050027876174192  1 0.98317939362097029  1 1 
 0 4 0.14279966607226333 1 0.28559933214452665 1 0.42839899821678995 1 0.5711986642890533 1 0.71399833036131666 1 0.8567979964335799 1 0.99959766250584325 1 1.1423973285781066 1 1.2851969946503699 1 1.4279966607226333 1 1.5707963267948966 1 1.7135959928671598 1 1.8563956589394233 1 1.9991953250116865 1 2.14199499108395 1 2.2847946571562132 1 2.4275943232284765 1 2.5703939893007397 1 2.7131936553730034 1 2.8559933214452666 1 2.9987929875175299 1 3.1415926535897931 4
7 0 0  3 25 23  0 0  0 0.016820606483583727  0 0.049499721437380621  0 0.096228926051240782  0 0.1412976684393569  0 0.18522232640546962  0 0.22848079212887226  0 0.271518721698293  0 0.31478010581842697  0 0.35869309021157725  0 0.40380560852331898  0 0.45037138305988922  0 0.49999999993808736  0 0.54962861718776157  0 0.59619439161552323  0 0.64130690994970507  0 0.68521989433240238  0 0.72848127845290134  0 0.77151920802200491  0 0.81477767374631083  0 0.85870233171843535  0 0.90377107410060309  0 0.9505002787617417  -0 0.98317939362097018  0 1 
 0 4 0.14279966607226333 1 0.28559933214452665 1 0.42839899821678995 1 0.5711986642890533 1 0.71399833036131666 1 0.8567979964335799 1 0.99959766250584325 1 1.1423973285781066 1 1.2851969946503699 1 1.4279966607226333 1 1.5707963267948966 1 1.7135959928671598 1 1.8563956589394233 1 1.9991953250116865 1 2.14199499108395 1 2.2847946571562132 1 2.4275943232284765 1 2.5703939893007397 1 2.7131936553730034 1 2.8559933214452666 1 2.9987929875175299 1 3.1415926535897931 4
1 -3.1415926535897931 -20 1 0 
1 6.2831853071795862 0 -1 0 
1 6.2831853071795862 -25 -1 0 
7 0 0  3 25 23  0 0  0 0.023747357485569675  0 0.068051316043712715  0 0.12668455998944989  0 0.17943857413436096  0 0.22757821196810757  0 0.27212464287535515  0 0.31386912281980522  0 0.35345671684424529  0 0.3914245309881148  0 0.42823510551895022  0 0.46430016495116538  0 0.50000000000000033  0 0.53569983504883556  0 0.57176489448104928  0 0.60857546901188697  0 0.64654328315574783  0 0.68613087718019516  0 0.72787535712464368  0 0.77242178803189065  0 0.82056142586563652  0 0.87331544001054706  0 0.93194868395628205  -0 0.97625264251442745  0 1 
 3.1415926535897931 4 3.2843923196620564 1 3.4271919857343196 1 3.5699916518065828 1 3.7127913178788465 1 3.8555909839511098 1 3.998390650023373 1 4.1411903160956367 1 4.2839899821678999 1 4.4267896482401632 1 4.5695893143124264 1 4.7123889803846897 1 4.8551886464569529 1 4.9979883125292162 1 5.1407879786014794 1 5.2835876446737426 1 5.4263873107460068 1 5.5691869768182691 1 5.7119866428905333 1 5.8547863089627965 1 5.9975859750350597 1 6.140385641107323 1 6.2831853071795862 4
7 0 0  1 2 2  5.7939635797295573e-15 5.0437659464647814e-16  0.99999999999999334 5.2191084641374256e-16 
 0.0018606522012246101 2 0.83649554773409895 2
7 0 0  1 2 2  5.8458703897763694e-15 1.0000000000000002  0.99999999999999289 1.0000000000000004 
 0.0018606522012246101 2 0.83649554773409895 2
7 0 0  3 25 23  1 0  1 0.023747357485570934  0.99999999999999978 0.068051316043715088  1.0000000000000004 0.12668455998945158  0.99999999999999967 0.17943857413436129  1 0.22757821196810823  1 0.27212464287535459  1 0.31386912281980578  0.99999999999999989 0.35345671684424457  1 0.39142453098811408  1 0.42823510551894983  0.99999999999999978 0.46430016495116483  0.99999999999999978 0.49999999999999956  0.99999999999999989 0.535699835048835  1 0.57176489448104884  1.0000000000000002 0.60857546901188719  0.99999999999999967 0.64654328315574772  1.0000000000000002 0.68613087718019627  0.99999999999999989 0.7278753571246448  1.0000000000000002 0.77242178803189199  1 0.82056142586563907  0.99999999999999989 0.87331544001054884  1 0.93194868395628672  1 0.97625264251443011  1 1 
 3.1415926535897931 4 3.2843923196620564 1 3.4271919857343196 1 3.5699916518065828 1 3.7127913178788465 1 3.8555909839511098 1 3.998390650023373 1 4.1411903160956367 1 4.2839899821678999 1 4.4267896482401632 1 4.5695893143124264 1 4.7123889803846897 1 4.8551886464569529 1 4.9979883125292162 1 5.1407879786014794 1 5.2835876446737426 1 5.4263873107460068 1 5.5691869768182691 1 5.7119866428905333 1 5.8547863089627965 1 5.9975859750350597 1 6.140385641107323 1 6.2831853071795862 4
1 -3.1415926535897931 -0.3489581476443 1 0 
7 0 0  1 2 2  2.505531075937529e-15 0.99999999975000264  0.99999999999999534 0.99999999999999956 
 0.0018606522012249401 2 0.83649554773409895 2
7 0 0  1 2 2  4.6642025527395718e-15 8.1197472756686385e-16  0.99999999999999212 1.7677718773424953e-10 
 0.0018606522012249401 2 0.83649554773409895 2
1 -2.6286833236277151e-16 -1.8448009607651053e-16 1 3.43362496567345e-16 
1 -9.5398384936539519e-17 1 1 0 
7 0 0  3 25 23  1 0  1 0.023747357485571632  1.0000000000000002 0.068051316043716434  0.99999999999999978 0.12668455998945255  1 0.17943857413436218  1 0.22757821196810898  1 0.27212464287535548  1 0.31386912281980606  1 0.35345671684424507  1 0.39142453098811464  1 0.42823510551895017  1 0.46430016495116516  1.0000000000000002 0.49999999999999983  1 0.53569983504883556  0.99999999999999989 0.57176489448104906  1 0.60857546901188719  1.0000000000000002 0.64654328315574805  0.99999999999999978 0.68613087718019594  1.0000000000000002 0.72787535712464435  1 0.77242178803189177  1.0000000000000002 0.82056142586563807  0.99999999999999978 0.87331544001054795  1.0000000000000002 0.93194868395628538  1 0.97625264251442934  1 1 
 0 4 0.14279966607226333 1 0.28559933214452665 1 0.42839899821678995 1 0.5711986642890533 1 0.71399833036131666 1 0.8567979964335799 1 0.99959766250584325 1 1.1423973285781066 1 1.2851969946503699 1 1.4279966607226333 1 1.5707963267948966 1 1.7135959928671598 1 1.8563956589394233 1 1.9991953250116865 1 2.14199499108395 1 2.2847946571562132 1 2.4275943232284765 1 2.5703939893007397 1 2.7131936553730034 1 2.8559933214452666 1 2.9987929875175299 1 3.1415926535897931 4
1 3.1415926535897931 -4 1 0 
1 -3.763141276822131e-16 1 1 0 
1 -2.7958370377335006e-16 -4.9485943658078458e-17 1 1.2705365225391136e-16 
7 0 0  3 25 23  0 0  0 0.023747357485569998  0 0.0680513160437137  0 0.1266845599894515  0 0.1794385741343609  0 0.22757821196810796  0 0.27212464287535504  0 0.31386912281980567  0 0.35345671684424473  0 0.39142453098811447  0 0.42823510551895061  0 0.46430016495116483  0 0.49999999999999989  0 0.53569983504883556  0 0.57176489448104895  0 0.60857546901188697  0 0.64654328315574805  0 0.68613087718019539  0 0.72787535712464402  0 0.77242178803189088  0 0.82056142586563718  0 0.87331544001054662  0 0.9319486839562825  -0 0.97625264251442778  0 1 
 0 4 0.14279966607226333 1 0.28559933214452665 1 0.42839899821678995 1 0.5711986642890533 1 0.71399833036131666 1 0.8567979964335799 1 0.99959766250584325 1 1.1423973285781066 1 1.2851969946503699 1 1.4279966607226333 1 1.5707963267948966 1 1.7135959928671598 1 1.8563956589394233 1 1.9991953250116865 1 2.14199499108395 1 2.2847946571562132 1 2.4275943232284765 1 2.5703939893007397 1 2.7131936553730034 1 2.8559933214452666 1 2.9987929875175299 1 3.1415926535897931 4
1 0 0 0 -1 
1 6.2831853071795862 0 0 -1 
1 6.2831853071795862 -25 -1 0 
1 3.1415926535897274 0 0 -1 
1 3.1415926535897269 0 0 -1 
1 6.2831853071795862 0 -1 0 
1 6.2831853071795862 0 -1 0 
1 3.1415926535897611 0 0 -1 
1 3.1415926535897611 0 0 -1 
1 3.1415926535897931 -20 1 0 
1 6.2831853071795862 0 0 -1 
1 0 0 0 -1 
1 0 0 0 -1 
1 6.2831853071795862 0 0 -1 
1 3.1415926535897878 0 0 -1 
1 3.1415926535897878 0 0 -1 
1 -3.1415926535897931 0 1 0 
1 3.1415926535897931 0 1 0 
1 3.1415926535897913 0 0 -1 
1 3.1415926535897913 0 0 -1 
1 6.2831853071795862 0 0 -1 
1 0 0 0 -1 
1 -3.1415926535897931 0 1 0 
1 -3.1415926535897931 -4 1 0 
7 0 0  3 25 23  1 0  1 0.023747357485570979  0.99999999999999978 0.068051316043715074  1.0000000000000004 0.12668455998945133  0.99999999999999967 0.17943857413436173  1 0.22757821196810815  1 0.27212464287535476  1 0.31386912281980556  0.99999999999999989 0.35345671684424451  1 0.39142453098811419  1 0.42823510551894967  0.99999999999999978 0.46430016495116477  0.99999999999999978 0.49999999999999956  0.99999999999999989 0.535699835048835  1 0.57176489448104906  1.0000000000000002 0.60857546901188708  0.99999999999999967 0.64654328315574816  1.0000000000000002 0.68613087718019605  0.99999999999999989 0.7278753571246448  1.0000000000000002 0.77242178803189165  1 0.82056142586563907  0.99999999999999989 0.87331544001054828  1 0.9319486839562855  1 0.97625264251442945  1 1 
 3.1415926535897931 4 3.2843923196620564 1 3.4271919857343196 1 3.5699916518065828 1 3.7127913178788465 1 3.8555909839511098 1 3.998390650023373 1 4.1411903160956367 1 4.2839899821678999 1 4.4267896482401632 1 4.5695893143124264 1 4.7123889803846897 1 4.8551886464569529 1 4.9979883125292162 1 5.1407879786014794 1 5.2835876446737426 1 5.4263873107460068 1 5.5691869768182691 1 5.7119866428905333 1 5.8547863089627965 1 5.9975859750350597 1 6.140385641107323 1 6.2831853071795862 4
1 3.1415926535897931 0 1 0 
7 0 0  3 25 23  0 0  0 0.023747357485570497  0 0.068051316043714019  0 0.12668455998945011  0 0.1794385741343609  0 0.22757821196810696  0 0.27212464287535415  0 0.31386912281980456  0 0.35345671684424451  0 0.39142453098811364  0 0.4282351055189495  0 0.46430016495116394  0 0.49999999999999956  0 0.53569983504883478  0 0.57176489448104895  0 0.60857546901188686  0 0.64654328315574805  0 0.68613087718019594  0 0.7278753571246448  0 0.7724217880318911  0 0.82056142586563829  0 0.87331544001054828  0 0.93194868395628383  -0 0.97625264251442867  0 1 
 3.1415926535897931 4 3.2843923196620564 1 3.4271919857343196 1 3.5699916518065828 1 3.7127913178788465 1 3.8555909839511098 1 3.998390650023373 1 4.1411903160956367 1 4.2839899821678999 1 4.4267896482401632 1 4.5695893143124264 1 4.7123889803846897 1 4.8551886464569529 1 4.9979883125292162 1 5.1407879786014794 1 5.2835876446737426 1 5.4263873107460068 1 5.5691869768182691 1 5.7119866428905333 1 5.8547863089627965 1 5.9975859750350597 1 6.140385641107323 1 6.2831853071795862 4
1 6.2831853071795862 0 -1 0 
1 3.1415926535897931 -0.3489581476443 1 0 
7 0 0  3 25 23  1 0  1 0.016820606483587051  1.0000000000000002 0.04949972143738636  0.99999999999999978 0.096228926051243363  1 0.14129766843935784  1 0.18522232640547029  1 0.22848079212887207  1 0.27151872169829278  1 0.31478010581842658  1 0.3586930902115768  1 0.4038056085233187  1 0.45037138305988911  1.0000000000000002 0.49999999993808741  1 0.54962861718776135  0.99999999999999989 0.59619439161552334  1 0.64130690994970452  1.0000000000000002 0.68521989433240271  0.99999999999999978 0.72848127845290123  1.0000000000000002 0.77151920802200469  1 0.81477767374631083  1.0000000000000002 0.85870233171843546  0.99999999999999978 0.90377107410060287  1.0000000000000002 0.95050027876174192  1 0.98317939362097029  1 1 
 0 4 0.14279966607226333 1 0.28559933214452665 1 0.42839899821678995 1 0.5711986642890533 1 0.71399833036131666 1 0.8567979964335799 1 0.99959766250584325 1 1.1423973285781066 1 1.2851969946503699 1 1.4279966607226333 1 1.5707963267948966 1 1.7135959928671598 1 1.8563956589394233 1 1.9991953250116865 1 2.14199499108395 1 2.2847946571562132 1 2.4275943232284765 1 2.5703939893007397 1 2.7131936553730034 1 2.8559933214452666 1 2.9987929875175299 1 3.1415926535897931 4
7 0 0  3 25 23  0 0  0 0.016820606483584313  0 0.049499721437381905  0 0.096228926051242267  0 0.14129766843935793  0 0.1852223264054709  0 0.22848079212887346  0 0.271518721698294  0 0.3147801058184278  0 0.35869309021157736  0 0.40380560852331931  0 0.4503713830598895  0 0.49999999993808725  0 0.54962861718776146  0 0.59619439161552323  0 0.64130690994970507  0 0.68521989433240238  0 0.72848127845290145  0 0.7715192080220048  0 0.81477767374631049  0 0.85870233171843535  0 0.90377107410060276  0 0.95050027876174026  -0 0.98317939362096907  0 1 
 0 4 0.14279966607226333 1 0.28559933214452665 1 0.42839899821678995 1 0.5711986642890533 1 0.71399833036131666 1 0.8567979964335799 1 0.99959766250584325 1 1.1423973285781066 1 1.2851969946503699 1 1.4279966607226333 1 1.5707963267948966 1 1.7135959928671598 1 1.8563956589394233 1 1.9991953250116865 1 2.14199499108395 1 2.2847946571562132 1 2.4275943232284765 1 2.5703939893007397 1 2.7131936553730034 1 2.8559933214452666 1 2.9987929875175299 1 3.1415926535897931 4
1 -3.1415926535897931 -20 1 0 
1 6.2831853071795862 0 -1 0 
1 6.2831853071795862 -25 -1 0 
Curves 430
2 -46 -6.0000000000000204 -33.5 0 1 -4.9960036108132103e-16 1 0 0 0 -4.9960036108132103e-16 -1 5.5
1 -43.303563182020902 -1.4210854715202001e-14 -28.706334545815 0 -1 4.9960036108132103e-16 
2 -46 -1.6875389974302402e-14 -33.5 0 1 -4.9960036108132103e-16 1 0 0 0 -4.9960036108132103e-16 -1 5.5
1 -51.5 -1.6875389974302402e-14 -33.5 -0 -1 4.9960036108132103e-16 
2 38 -6.0000000000000204 -38 0 -1 4.9960036108132103e-16 -1 0 0 -0 -4.9960036108132103e-16 -1 5.5
1 35.303563182020902 -1.6875389974302402e-14 -33.206334545814997 0 -1 4.9960036108132103e-16 
2 38 -1.8651746813702601e-14 -38 0 -1 4.9960036108132103e-16 -1 0 0 -0 -4.9960036108132103e-16 -1 5.5
1 32.5 -1.8651746813702601e-14 -38 -0 -1 4.9960036108132103e-16 
2 38 -5.9999999999999796 38 0 1 -4.9960036108132103e-16 -1 0 0 0 4.9960036108132103e-16 1 5.5
1 40.696436817979098 2.1316282072802999e-14 42.793665454185003 0 -1 4.9960036108132103e-16 
2 38 1.8651746813702601e-14 38 0 1 -4.9960036108132103e-16 -1 0 0 0 4.9960036108132103e-16 1 5.5
1 32.5 1.8651746813702601e-14 38 -0 -1 4.9960036108132103e-16 
2 -46 -5.9999999999999796 33.5 0 -1 4.9960036108132103e-16 1 0 0 -0 4.9960036108132103e-16 1 5.5
1 -48.696436817979098 1.9539925233402799e-14 38.293665454185003 0 -1 4.9960036108132103e-16 
2 -46 1.6875389974302402e-14 33.5 0 -1 4.9960036108132103e-16 1 0 0 -0 4.9960036108132103e-16 1 5.5
1 -51.5 1.6875389974302402e-14 33.5 -0 -1 4.9960036108132103e-16 
1 1.3471114790620899e-14 -121.25 -49.999999999999901 0 4.9960036108132103e-16 1 
2 1.3471114790620899e-14 -116 37.000000000000099 0 4.9960036108132103e-16 1 0 -1 4.9960036108132103e-16 1 0 -0 5.25
1 1.4114054360173201e-14 -110.75 -49.999999999999901 0 4.9960036108132103e-16 1 
2 1.3471114790620899e-14 -116 31.200000000000099 0 4.9960036108132103e-16 1 0 -1 4.9960036108132103e-16 1 0 -0 5.25
1 1.3471114790620899e-14 -121.25 -49.999999999999901 0 4.9960036108132103e-16 1 
2 1.3471114790620899e-14 -116 -31.1999999999999 0 -4.9960036108132103e-16 -1 0 1 -4.9960036108132103e-16 1 0 0 5.25
1 1.4114054360173201e-14 -110.75 -49.999999999999901 0 4.9960036108132103e-16 1 
2 1.3471114790620899e-14 -116 -36.999999999999901 0 -4.9960036108132103e-16 -1 0 1 -4.9960036108132103e-16 1 0 0 5.25
1 5.4000000000000004 0 1.33226762955019e-15 0 -1 4.9960036108132103e-16 
2 0 -6 4.3298697960381097e-15 0 -1 4.9960036108132103e-16 1 0 0 -0 4.9960036108132103e-16 1 5.4000000000000004
1 -5.4000000000000004 0 1.9935769010897602e-15 0 -1 4.9960036108132103e-16 
2 0 -0.5 1.58206781009085e-15 0 1 -4.9960036108132103e-16 1 0 0 0 -4.9960036108132103e-16 -1 5.4000000000000004
1 -35.303563182020902 -1.6875389974302402e-14 -33.206334545814997 0 -1 4.9960036108132103e-16 
2 -38 -6.0000000000000204 -38 0 1 -4.9960036108132103e-16 1 0 0 0 -4.9960036108132103e-16 -1 5.5
1 -32.5 -1.8651746813702601e-14 -38 0 -1 4.9960036108132103e-16 
2 -38 -1.8651746813702601e-14 -38 0 1 -4.9960036108132103e-16 1 0 0 0 -4.9960036108132103e-16 -1 5.5
1 43.303563182020902 -1.4210854715202001e-14 -28.706334545815 0 -1 4.9960036108132103e-16 
2 46 -6.0000000000000204 -33.5 0 -1 4.9960036108132103e-16 -1 0 0 -0 -4.9960036108132103e-16 -1 5.5
1 51.5 -1.6875389974302402e-14 -33.5 0 -1 4.9960036108132103e-16 
2 46 -1.6875389974302402e-14 -33.5 0 -1 4.9960036108132103e-16 -1 0 0 -0 -4.9960036108132103e-16 -1 5.5
1 48.696436817979098 1.9539925233402799e-14 38.293665454185003 0 -1 4.9960036108132103e-16 
2 46 -5.9999999999999796 33.5 0 1 -4.9960036108132103e-16 -1 0 0 0 4.9960036108132103e-16 1 5.5
1 51.5 1.6875389974302402e-14 33.5 0 -1 4.9960036108132103e-16 
2 46 1.6875389974302402e-14 33.5 0 1 -4.9960036108132103e-16 -1 0 0 0 4.9960036108132103e-16 1 5.5
1 -40.696436817979098 2.1316282072802999e-14 42.793665454185003 0 -1 4.9960036108132103e-16 
2 -38 -5.9999999999999796 38 0 -1 4.9960036108132103e-16 1 0 0 -0 4.9960036108132103e-16 1 5.5
1 -32.5 1.8651746813702601e-14 38 0 -1 4.9960036108132103e-16 
2 -38 1.8651746813702601e-14 38 0 -1 4.9960036108132103e-16 1 0 0 -0 4.9960036108132103e-16 1 5.5
1 57.5 -5.9999999999999796 50 -6.9388939039072296e-17 4.9960036108132103e-16 1 
2 53.5 -5.9999999999999796 46 0 -1 4.9960036108132103e-16 1 0 0 -0 4.9960036108132103e-16 1 4
1 -57.5 -5.9999999999999796 50 -1 0 -0 
2 -53.5 -5.9999999999999796 46 0 -1 4.9960036108132103e-16 1 0 0 -0 4.9960036108132103e-16 1 4
1 -57.5 -5.9999999999999796 50 -6.9388939039072296e-17 -4.9960036108132103e-16 -1 
2 -53.5 -6.0000000000000204 -46 0 -1 4.9960036108132103e-16 1 0 0 -0 4.9960036108132103e-16 1 4
1 -57.5 -6.0000000000000204 -50 1 0 0 
2 53.5 -6.0000000000000204 -46 0 -1 4.9960036108132103e-16 1 0 0 -0 4.9960036108132103e-16 1 4
1 -9.9999999999999893 -6.0000000000000204 -38 -1 0 0 
2 -6.9999999999999902 -6.0000000000000204 -33 0 1 -4.9960036108132103e-16 1 6.9333477997940788e-31 1.38777878078145e-15 1.38777878078145e-15 -4.9960036108132103e-16 -1 5
1 -25 -6.0000000000000302 -37 -1 -1.22464679914735e-16 6.1183398305110099e-32 
1 -25 -6.0000000000000204 -31.199999999999999 0 -4.9960036108132103e-16 -1 
1 -25 -6.0000000000000204 -31.199999999999999 -1 -1.22464679914735e-16 6.1183398305110099e-32 
1 25 -6.0000000000000204 -31.199999999999999 0 -4.9960036108132103e-16 -1 
1 -25 -6.0000000000000302 -37 -1 -1.22464679914735e-16 6.1183398305110099e-32 
2 6.9999999999999902 -6.0000000000000204 -33 1.12103877145985e-46 1 -4.9960036108132103e-16 1 -6.9333477997940797e-31 -1.38777878078145e-15 -1.38777878078145e-15 -4.9960036108132103e-16 -1 5
1 -48.696436817979098 -6.0000000000000204 -38.293665454185003 -0.87157553712454927 2.4493469234460201e-16 0.49026123963255908 
2 -46 -6.0000000000000204 -33.5 0 1 -4.9960036108132103e-16 1 0 0 0 -4.9960036108132103e-16 -1 5.5
1 -43.303563182020902 -6.0000000000000098 -28.706334545815 0.87157553712454927 -2.4493469234460201e-16 -0.49026123963255908 
2 -38 -6.0000000000000204 -38 0 1 -4.9960036108132103e-16 1 0 0 0 -4.9960036108132103e-16 -1 5.5
2 46 -6.0000000000000204 -33.5 0 -1 4.9960036108132103e-16 -1 0 0 -0 -4.9960036108132103e-16 -1 5.5
1 48.696436817979098 -6.0000000000000204 -38.293665454185003 0.87157553712454927 2.4493469234460201e-16 0.49026123963255908 
2 38 -6.0000000000000204 -38 0 -1 4.9960036108132103e-16 -1 0 0 -0 -4.9960036108132103e-16 -1 5.5
1 43.303563182020902 -6.0000000000000098 -28.706334545815 -0.87157553712454927 -2.4493469234460201e-16 -0.49026123963255908 
1 -48.696436817979098 -5.9999999999999796 38.293665454185003 -0.87157553712454927 -2.4493469234460201e-16 -0.49026123963255908 
2 -38 -5.9999999999999796 38 0 -1 4.9960036108132103e-16 1 0 0 -0 4.9960036108132103e-16 1 5.5
1 -43.303563182020902 -5.9999999999999902 28.706334545815 0.87157553712454927 2.4493469234460201e-16 0.49026123963255908 
2 -46 -5.9999999999999796 33.5 0 -1 4.9960036108132103e-16 1 0 0 -0 4.9960036108132103e-16 1 5.5
1 48.696436817979098 -5.9999999999999796 38.293665454185003 0.87157553712454927 -2.4493469234460201e-16 -0.49026123963255908 
2 46 -5.9999999999999796 33.5 0 1 -4.9960036108132103e-16 -1 0 0 0 4.9960036108132103e-16 1 5.5
1 43.303563182020902 -5.9999999999999902 28.706334545815 -0.87157553712454927 2.4493469234460201e-16 0.49026123963255908 
2 38 -5.9999999999999796 38 0 1 -4.9960036108132103e-16 -1 0 0 0 4.9960036108132103e-16 1 5.5
2 0 -6 4.3298697960381097e-15 0 -1 4.9960036108132103e-16 1 0 0 -0 4.9960036108132103e-16 1 5.4000000000000004
1 -25 -5.9999999999999902 37 -1 -1.22464679914735e-16 6.1183398305110099e-32 
2 -6.9999999999999902 -5.9999999999999796 33 4.4841550858394101e-46 1 -4.9960036108132103e-16 1 -2.0800043399382193e-30 -4.1633363423443402e-15 -4.1633363423443402e-15 -4.9960036108132103e-16 -1 5
1 -9.9999999999999893 -5.9999999999999902 38 -1 0 -0 
2 6.9999999999999902 -5.9999999999999796 33 -1.12103877145985e-46 1 -4.9960036108132103e-16 1 6.9333477997940797e-31 1.38777878078145e-15 1.38777878078145e-15 -4.9960036108132103e-16 -1 5
1 -25 -5.9999999999999902 37 -1 -1.22464679914735e-16 6.1183398305110099e-32 
1 25 -5.9999999999999902 31.199999999999999 0 4.9960036108132103e-16 1 
1 -25 -5.9999999999999902 31.199999999999999 -1 -1.22464679914735e-16 6.1183398305110099e-32 
1 -25 -5.9999999999999902 31.199999999999999 0 4.9960036108132103e-16 1 
1 -9.9999999999999893 -86 37 1 0 0 
2 -4.9999999999999902 -81 37 0 -4.9960036108132103e-16 -1 0 -1 4.9960036108132103e-16 -1 -0 0 5
1 -9.9999999999999893 -5.9999999999999902 37 4.3368086899420202e-17 -1 4.9960036108132103e-16 
1 -25 -5.9999999999999902 37 6.6084703846735495e-17 -1 4.9960036108132103e-16 
2 -15 -108.85365311171 37.000000000000099 0 4.9960036108132103e-16 1 0 -1 4.9960036108132103e-16 1 0 -0 9.9999999999999893
1 -25 -111 37.000000000000099 0.41036467732879778 -0.91192150517510639 4.5559631326330479e-16 
2 -9.53414390026931 -121 37.000000000000099 0 4.9960036108132103e-16 1 0 -1 4.9960036108132103e-16 1 0 -0 9.9999999999999893
1 -16 -131 37.000000000000099 1 0 0 
2 9.5341439002693402 -121 37.000000000000099 0 4.9960036108132103e-16 1 0 -1 4.9960036108132103e-16 1 0 -0 9.9999999999999893
1 16 -131 37.000000000000099 0.41036467732879778 0.91192150517510639 -4.5559631326330479e-16 
2 15 -108.85365311171 37.000000000000099 0 4.9960036108132103e-16 1 0 -1 4.9960036108132103e-16 1 0 -0 9.9999999999999893
1 25 -5.9999999999999796 37 -1.3216940769347099e-16 1 -4.9960036108132103e-16 
1 9.9999999999999893 -5.9999999999999902 37 -1.7347234759768101e-16 1 -4.9960036108132103e-16 
2 5.0000000000000098 -81 37 0 -4.9960036108132103e-16 -1 0 -1 4.9960036108132103e-16 -1 -0 0 5
2 1.3471114790620899e-14 -116 37.000000000000099 0 4.9960036108132103e-16 1 0 -1 4.9960036108132103e-16 1 0 -0 5.25
1 -45 -0.499999999999996 9.0000000000000107 -1 8.6342575699047999e-32 1.7282328521975201e-16 
1 -24.924887161229002 -0.499999999999996 9 0 -4.9960036108132103e-16 -1 
1 -45 -0.500000000000004 -9 1 8.6342575699047999e-32 1.7282328521975201e-16 
1 -45 -0.499999999999996 9.0000000000000107 0 -4.9960036108132103e-16 -1 
1 24.924887161229002 -0.500000000000004 -9 1 -8.6342575699047999e-32 -1.7282328521975201e-16 
1 24.924887161229002 -0.500000000000004 -9 0 4.9960036108132103e-16 1 
1 24.924887161229002 -0.499999999999996 9 -1 -4.3171287849523999e-32 -8.6411642609875895e-17 
1 45 -0.499999999999996 9 0 4.9960036108132103e-16 1 
1 -57.5 2.48689957516035e-14 50 -1 0 -0 
2 53.5 2.30926389122033e-14 46 0 1 -4.9960036108132103e-16 1 0 0 0 -4.9960036108132103e-16 -1 4
1 57.5 2.48689957516035e-14 50 -6.9388939039072296e-17 4.9960036108132103e-16 1 
2 53.5 -2.30926389122033e-14 -46 0 1 -4.9960036108132103e-16 1 0 0 0 -4.9960036108132103e-16 -1 4
1 -57.5 -2.48689957516035e-14 -50 1 0 0 
2 -53.5 -2.30926389122033e-14 -46 0 1 -4.9960036108132103e-16 1 0 0 0 -4.9960036108132103e-16 -1 4
1 -57.5 2.48689957516035e-14 50 -6.9388939039072296e-17 -4.9960036108132103e-16 -1 
2 -53.5 2.30926389122033e-14 46 0 1 -4.9960036108132103e-16 1 0 0 0 -4.9960036108132103e-16 -1 4
2 -46 -1.6875389974302402e-14 -33.5 0 1 -4.9960036108132103e-16 1 0 0 0 -4.9960036108132103e-16 -1 5.5
1 -48.696436817979098 -1.9539925233402799e-14 -38.293665454185003 -0.87157553712454927 2.4493469234460201e-16 0.49026123963255908 
2 -38 -1.8651746813702601e-14 -38 0 1 -4.9960036108132103e-16 1 0 0 0 -4.9960036108132103e-16 -1 5.5
1 -43.303563182020902 -1.4210854715202001e-14 -28.706334545815 0.87157553712454927 -2.4493469234460201e-16 -0.49026123963255908 
1 48.696436817979098 -1.9539925233402799e-14 -38.293665454185003 0.87157553712454927 2.4493469234460201e-16 0.49026123963255908 
2 46 -1.6875389974302402e-14 -33.5 0 -1 4.9960036108132103e-16 -1 0 0 -0 -4.9960036108132103e-16 -1 5.5
1 43.303563182020902 -1.4210854715202001e-14 -28.706334545815 -0.87157553712454927 -2.4493469234460201e-16 -0.49026123963255908 
2 38 -1.8651746813702601e-14 -38 0 -1 4.9960036108132103e-16 -1 0 0 -0 -4.9960036108132103e-16 -1 5.5
1 -48.696436817979098 1.9539925233402799e-14 38.293665454185003 -0.87157553712454927 -2.4493469234460201e-16 -0.49026123963255908 
2 -46 1.6875389974302402e-14 33.5 0 -1 4.9960036108132103e-16 1 0 0 -0 4.9960036108132103e-16 1 5.5
1 -43.303563182020902 1.4210854715202001e-14 28.706334545815 0.87157553712454927 2.4493469234460201e-16 0.49026123963255908 
2 -38 1.8651746813702601e-14 38 0 -1 4.9960036108132103e-16 1 0 0 -0 4.9960036108132103e-16 1 5.5
1 48.696436817979098 1.9539925233402799e-14 38.293665454185003 0.87157553712454927 -2.4493469234460201e-16 -0.49026123963255908 
2 38 1.8651746813702601e-14 38 0 1 -4.9960036108132103e-16 -1 0 0 0 4.9960036108132103e-16 1 5.5
1 43.303563182020902 1.4210854715202001e-14 28.706334545815 -0.87157553712454927 2.4493469234460201e-16 0.49026123963255908 
2 46 1.6875389974302402e-14 33.5 0 1 -4.9960036108132103e-16 -1 0 0 0 4.9960036108132103e-16 1 5.5
2 0 0 1.33226762955019e-15 0 -1 4.9960036108132103e-16 1 0 0 -0 4.9960036108132103e-16 1 26.5
1 24.924887161229002 -4.4408920985006301e-15 -9 1 -8.6342575699047999e-32 -1.7282328521975201e-16 
1 45 4.4408920985006301e-15 9 0 4.9960036108132103e-16 1 
1 24.924887161229002 4.4408920985006301e-15 9 -1 -4.3171287849523999e-32 -8.6411642609875895e-17 
2 0 0 1.33226762955019e-15 0 -1 4.9960036108132103e-16 1 0 0 -0 4.9960036108132103e-16 1 26.5
1 -45 4.4408920985006301e-15 9.0000000000000107 -1 8.6342575699047999e-32 1.7282328521975201e-16 
1 -45 4.4408920985006301e-15 9.0000000000000107 0 -4.9960036108132103e-16 -1 
1 -45 -4.4408920985006301e-15 -9 1 8.6342575699047999e-32 1.7282328521975201e-16 
1 -57.5 -2.30926389122033e-14 -46 0 -1 4.9960036108132103e-16 
1 -57.5 2.30926389122033e-14 46 -0 1 -4.9960036108132103e-16 
1 53.5 2.48689957516035e-14 50 0 1 -4.9960036108132103e-16 
1 -53.5 2.48689957516035e-14 50 0 -1 4.9960036108132103e-16 
1 57.5 2.30926389122033e-14 46 0 -1 4.9960036108132103e-16 
1 57.5 -2.30926389122033e-14 -46 -0 1 -4.9960036108132103e-16 
1 53.5 -2.48689957516035e-14 -50 0 -1 4.9960036108132103e-16 
1 -53.5 -2.48689957516035e-14 -50 -0 1 -4.9960036108132103e-16 
1 -43.303563182020902 1.4210854715202001e-14 28.706334545815 0 -1 4.9960036108132103e-16 
1 -35.303563182020902 1.6875389974302402e-14 33.206334545814997 0 -1 4.9960036108132103e-16 
1 43.303563182020902 1.4210854715202001e-14 28.706334545815 0 -1 4.9960036108132103e-16 
1 35.303563182020902 1.6875389974302402e-14 33.206334545814997 0 -1 4.9960036108132103e-16 
1 48.696436817979098 -1.9539925233402799e-14 -38.293665454185003 0 -1 4.9960036108132103e-16 
1 40.696436817979098 -2.1316282072802999e-14 -42.793665454185003 0 -1 4.9960036108132103e-16 
1 -48.696436817979098 -1.9539925233402799e-14 -38.293665454185003 0 -1 4.9960036108132103e-16 
1 -40.696436817979098 -2.1316282072802999e-14 -42.793665454185003 0 -1 4.9960036108132103e-16 
2 0 -0.5 1.58206781009085e-15 0 1 -4.9960036108132103e-16 1 0 0 0 -4.9960036108132103e-16 -1 5.4000000000000004
2 0 -0.5 1.58206781009085e-15 0 -1 4.9960036108132103e-16 1 0 0 -0 4.9960036108132103e-16 1 26.5
2 0 -0.5 1.58206781009085e-15 0 -1 4.9960036108132103e-16 1 0 0 -0 4.9960036108132103e-16 1 26.5
1 24.924887161229002 -0.500000000000004 -9 0 1 -4.9960036108132103e-16 
1 -24.924887161229002 -0.500000000000004 -9 0 1 -4.9960036108132103e-16 
1 45 -0.500000000000004 -9 0 1 -4.9960036108132103e-16 
1 45 -0.499999999999996 9 0 1 -4.9960036108132103e-16 
1 24.924887161229002 -0.499999999999996 9 0 1 -4.9960036108132103e-16 
1 -24.924887161229002 -0.499999999999996 9 0 1 -4.9960036108132103e-16 
1 -45 -0.499999999999996 9.0000000000000107 0 1 -4.9960036108132103e-16 
1 -45 -0.500000000000004 -9 0 1 -4.9960036108132103e-16 
1 -25 -5.9999999999999902 31.199999999999999 6.6084703846735495e-17 -1 4.9960036108132103e-16 
1 -25 -108.85365311171 31.200000000000099 0 4.9960036108132103e-16 1 
1 25 -108.85365311171 31.200000000000099 -0 -4.9960036108132103e-16 -1 
1 25 -5.9999999999999902 31.199999999999999 -1.3216940769347099e-16 1 -4.9960036108132103e-16 
1 18.653358952020401 -125.10364677328801 31.200000000000099 -0 -4.9960036108132103e-16 -1 
1 16 -131 31.200000000000099 0.41036467732879778 0.91192150517510639 -4.5559631326330479e-16 
1 24.119215051750999 -112.95729988499799 31.200000000000099 0 4.9960036108132103e-16 1 
1 -9.53414390026931 -131 31.200000000000099 0 -4.9960036108132103e-16 -1 
1 -16 -131 31.200000000000099 1 0 0 
1 9.5341439002693402 -131 31.200000000000099 0 4.9960036108132103e-16 1 
1 -24.119215051750999 -112.95729988499799 31.200000000000099 -0 -4.9960036108132103e-16 -1 
1 -25 -111 31.200000000000099 0.41036467732879778 -0.91192150517510639 4.5559631326330479e-16 
1 -18.653358952020401 -125.10364677328801 31.200000000000099 0 4.9960036108132103e-16 1 
2 -15 -108.85365311171 31.200000000000099 0 -4.9960036108132103e-16 -1 4.5102810375397e-15 -1 4.9960036108132103e-16 -1 -4.5102810375397e-15 2.2533380349330695e-30 9.9999999999999893
2 15 -108.85365311171 31.200000000000099 -1.12103877145985e-46 -4.9960036108132103e-16 -1 -1.7347234759768101e-15 -1 4.9960036108132103e-16 -1 1.7347234759768101e-15 -8.6666847497425841e-31 9.9999999999999893
2 9.5341439002693402 -121 31.200000000000099 1.12103877145985e-46 -4.9960036108132103e-16 -1 1.7347234759768101e-15 -1 4.9960036108132103e-16 -1 -1.7347234759768101e-15 8.6666847497425841e-31 9.9999999999999893
2 -9.53414390026931 -121 31.200000000000099 0 -4.9960036108132103e-16 -1 0 -1 4.9960036108132103e-16 -1 -0 0 9.9999999999999893
2 1.3471114790620899e-14 -116 31.200000000000099 0 4.9960036108132103e-16 1 0 -1 4.9960036108132103e-16 1 0 -0 5.25
1 -25 -6.0000000000000302 -37 6.6084703846735495e-17 -1 4.9960036108132103e-16 
1 -25 -108.85365311171 -31.1999999999999 0 4.9960036108132103e-16 1 
1 -25 -6.0000000000000204 -31.199999999999999 6.6084703846735495e-17 -1 4.9960036108132103e-16 
1 -25 -111 -36.999999999999901 0.41036467732879778 -0.91192150517510639 4.5559631326330479e-16 
1 -18.653358952020401 -125.10364677328801 -31.1999999999999 0 4.9960036108132103e-16 1 
1 -25 -111 -31.1999999999999 0.41036467732879778 -0.91192150517510639 4.5559631326330479e-16 
1 -24.119215051750999 -112.95729988499799 -31.1999999999999 0 -4.9960036108132103e-16 -1 
1 -16 -131 -31.1999999999999 1 0 0 
1 -9.53414390026931 -131 -31.1999999999999 0 -4.9960036108132103e-16 -1 
1 -16 -131 -36.999999999999901 1 0 0 
1 9.5341439002693296 -131 -31.1999999999999 0 4.9960036108132103e-16 1 
1 16 -131 -36.999999999999901 0.41036467732879778 0.91192150517510639 -4.5559631326330479e-16 
1 24.119215051751102 -112.95729988499799 -31.1999999999999 0 4.9960036108132103e-16 1 
1 16 -131 -31.1999999999999 0.41036467732879778 0.91192150517510639 -4.5559631326330479e-16 
1 18.653358952020401 -125.10364677328801 -31.1999999999999 0 -4.9960036108132103e-16 -1 
1 25 -6.0000000000000204 -31.199999999999999 -1.3216940769347099e-16 1 -4.9960036108132103e-16 
1 25 -108.85365311171 -31.1999999999999 0 -4.9960036108132103e-16 -1 
1 25 -6.0000000000000204 -37 -1.3216940769347099e-16 1 -4.9960036108132103e-16 
2 15 -108.85365311171 -31.1999999999999 0 4.9960036108132103e-16 1 0 1 -4.9960036108132103e-16 -1 0 0 9.9999999999999893
2 -15 -108.85365311171 -31.1999999999999 1.12103877145985e-46 4.9960036108132103e-16 1 1.7347234759768101e-15 1 -4.9960036108132103e-16 -1 1.7347234759768101e-15 -8.6666847497425841e-31 9.9999999999999893
2 -9.53414390026931 -121 -31.1999999999999 0 4.9960036108132103e-16 1 0 1 -4.9960036108132103e-16 -1 0 0 9.9999999999999893
2 9.5341439002693296 -121 -31.1999999999999 5.6051938572992703e-47 4.9960036108132103e-16 1 8.6736173798840404e-16 1 -4.9960036108132103e-16 -1 8.6736173798840404e-16 -4.3333423748712877e-31 9.9999999999999893
2 1.3471114790620899e-14 -116 -31.1999999999999 0 -4.9960036108132103e-16 -1 0 1 -4.9960036108132103e-16 1 0 0 5.25
1 -9.9999999999999893 -6.0000000000000204 -37 4.3368086899420202e-17 -1 4.9960036108132103e-16 
2 -4.9999999999999902 -81 -37 0 4.9960036108132103e-16 1 0 1 -4.9960036108132103e-16 -1 0 0 5
1 -9.9999999999999893 -86 -37 1 0 0 
2 5.0000000000000098 -81 -37 0 4.9960036108132103e-16 1 0 1 -4.9960036108132103e-16 -1 0 0 5
1 9.9999999999999893 -6.0000000000000204 -37 -1.7347234759768101e-16 1 -4.9960036108132103e-16 
2 15 -108.85365311171 -36.999999999999901 0 -4.9960036108132103e-16 -1 0 1 -4.9960036108132103e-16 1 0 0 9.9999999999999893
2 9.5341439002693296 -121 -36.999999999999901 0 -4.9960036108132103e-16 -1 0 1 -4.9960036108132103e-16 1 0 0 9.9999999999999893
2 -9.53414390026931 -121 -36.999999999999901 0 -4.9960036108132103e-16 -1 0 1 -4.9960036108132103e-16 1 0 0 9.9999999999999893
2 -15 -108.85365311171 -36.999999999999901 0 -4.9960036108132103e-16 -1 0 1 -4.9960036108132103e-16 1 0 0 9.9999999999999893
2 1.3471114790620899e-14 -116 -36.999999999999901 0 -4.9960036108132103e-16 -1 0 1 -4.9960036108132103e-16 1 0 0 5.25
2 5.0000000000000098 -81 38 0 4.9960036108132103e-16 1 0 -1 4.9960036108132103e-16 1 0 -0 2
1 6.9999999999999902 -5.9999999999999902 38 -1.7347234759768101e-16 1 -4.9960036108132103e-16 
1 -6.9999999999999902 -81 38 4.3368086899420202e-17 -1 4.9960036108132103e-16 
2 -4.9999999999999902 -81 38 0 4.9960036108132103e-16 1 0 -1 4.9960036108132103e-16 1 0 -0 2
1 5.0000000000000098 -83 38 1 0 0 
2 -6.9999999999999902 -81 33 0 -1 4.9960036108132103e-16 1 0 0 -0 4.9960036108132103e-16 1 5
2 -4.9999999999999902 -83 33 1 0 0 0 1 -4.9960036108132103e-16 -0 4.9960036108132103e-16 1 5
2 5.0000000000000098 -83 33 1 0 0 0 1 -4.9960036108132103e-16 -0 4.9960036108132103e-16 1 5
2 7 -81 33 0 1 -4.9960036108132103e-16 -1 0 0 0 4.9960036108132103e-16 1 5
1 7 -81 -38 1.7347234759768101e-16 -1 4.9960036108132103e-16 
2 5.0000000000000098 -81 -38 0 -4.9960036108132103e-16 -1 0 1 -4.9960036108132103e-16 1 0 0 2
1 -4.9999999999999902 -83 -38 -1 0 0 
2 -4.9999999999999902 -81 -38 0 -4.9960036108132103e-16 -1 0 1 -4.9960036108132103e-16 1 0 0 2
1 -6.9999999999999902 -6.0000000000000204 -38 -4.3368086899420202e-17 1 -4.9960036108132103e-16 
2 -6.9999999999996696 -81 -33 0 -1 4.9960036108132103e-16 1 0 0 -0 4.9960036108132103e-16 1 5
2 -4.9999999999999902 -82.999999999999702 -33 1 0 0 0 1 -4.9960036108132103e-16 -0 4.9960036108132103e-16 1 5
2 5.0000000000000098 -82.999999999999702 -33 1 0 0 0 1 -4.9960036108132103e-16 -0 4.9960036108132103e-16 1 5
2 6.99999999999969 -81 -33 0 1 -4.9960036108132103e-16 -1 0 0 0 4.9960036108132103e-16 1 5
2 1.3763681898452899e-14 -116 41.5 -6.5014912851549895e-17 -4.2483832923030502e-18 -1 -0.86602540378443882 -0.49999999999999989 5.8428757800425125e-17 -0.49999999999999989 0.86602540378443882 2.8828248569627126e-17 6.2376043070340197
2 2.38876017117332 -114.62084867214401 26.062095046036202 -0.49999999999999989 0.86602540378443882 2.8828248569627095e-17 0.86602540378443882 0.49999999999999989 -5.8428757800425088e-17 -6.5014912851549846e-17 -4.2483832923030618e-18 -1 15.825120832034999
7 0 0  3 10 5  7.0373288378503703e-15 -106.762395692966 40.5  0.66099180275758895 -107.14401948822 40.671261391085402  1.3241279610110801 -107.526881327697 40.793359601518802  2.6540279834440099 -108.29469946364399 40.954384383107303  3.32078430031692 -108.67965140267501 40.993483989748199  4.6576710060815802 -109.451503302124 40.9943265741909  5.3277998146585501 -109.838402350148 40.956105783532699  6.6717796308809003 -110.614349458829 40.7943261388343  7.3398566357442103 -111.000063897426 40.671041562704097  8.0000000000000107 -111.381197846483 40.5 
 2.33254409271883e-07 4 0.0023129212804868498 2 0.0046256093065644398 2 0.0069382973326420202 2 0.0092509853587196007 4
7 0 0  3 10 5  -7.9999999999999796 -111.381197846483 40.5  -7.3414539739268996 -111.000986121056 40.670627696211298  -6.6772742806190903 -110.617521796334 40.793305859039997  -5.3390970731968599 -109.844924825406 40.955100286755197  -4.6632562114632998 -109.454727921955 40.994437641472601  -3.3097557590472202 -108.673284071404 40.9933690583659  -2.63898579611531 -108.286014852741 40.9531768698184  -1.30978064251066 -107.518597899499 40.790994902029396  -0.65138072880520004 -107.138470532087 40.668771184870998  7.0373288378503703e-15 -106.762395692966 40.5 
 0.094693892820569503 4 0.097003748277855906 2 0.099313603735142295 2 0.101623459192429 2 0.103933314649715 4
7 0 0  3 10 5  -7.9999999999999902 -120.618802153517 40.5  -7.9999999999999902 -119.85555456300899 40.671261391085402  -7.9999999999999902 -119.089830884055 40.793359601518802  -7.9999999999999902 -117.554194612161 40.954384383107303  -7.9999999999999902 -116.7842907341 40.9934839897481  -7.9999999999999902 -115.24058693520099 40.9943265741909  -7.9999999999999902 -114.46678883915401 40.956105783532699  -7.9999999999999902 -112.91489462179101 40.7943261388343  -7.9999999999999902 -112.14346574459699 40.671041562704097  -7.9999999999999796 -111.381197846483 40.5 
 2.3325440927446899e-07 4 0.0023129212804868602 2 0.0046256093065644398 2 0.0069382973326420298 2 0.0092509853587196093 4
2 -2.3887601711733 -117.37915132785599 26.062095046036202 0.49999999999999989 -0.86602540378443882 -2.8828248569627095e-17 6.5014912851549883e-17 4.2483832923030864e-18 1 -0.86602540378443882 -0.49999999999999989 5.8428757800425137e-17 15.825120832034999
2 8.2374143060711208e-15 -116 -43.5 -6.5014912851549895e-17 -4.2483832923030502e-18 -1 -0.86602540378443882 -0.49999999999999989 5.8428757800425125e-17 -0.49999999999999989 0.86602540378443882 2.8828248569627126e-17 5
1 -4.3301270189221901 -118.5 -43.5 6.5014912851549895e-17 4.2483832923030502e-18 1 
2 1.3471114790620899e-14 -116 37 -6.5014912851549895e-17 -4.2483832923030502e-18 -1 -0.86602540378443882 -0.49999999999999989 5.8428757800425125e-17 -0.49999999999999989 0.86602540378443882 2.8828248569627126e-17 5
1 4.3301270189221999 -113.5 -43.5 6.5014912851549895e-17 4.2483832923030502e-18 1 
2 8.2374143060711208e-15 -116 -43.5 -6.5014912851549895e-17 -4.2483832923030502e-18 -1 -0.86602540378443882 -0.49999999999999989 5.8428757800425125e-17 -0.49999999999999989 0.86602540378443882 2.8828248569627126e-17 5
2 1.3471114790620899e-14 -116 37 -6.5014912851549895e-17 -4.2483832923030502e-18 -1 -0.86602540378443882 -0.49999999999999989 5.8428757800425125e-17 -0.49999999999999989 0.86602540378443882 2.8828248569627126e-17 5
1 9.9184011118203796e-15 -125.237604307034 37 -0.86602540378443871 0.49999999999999983 5.4180374508122084e-17 
1 -7.9999999999999902 -120.618802153517 37 5.6843418860808004e-17 1 -4.2483832923030803e-18 
1 -7.9999999999999902 -111.381197846483 37 0.86602540378443871 0.49999999999999983 -5.8428757800425088e-17 
1 1.16947579512206e-14 -106.762395692966 37 0.86602540378443871 -0.49999999999999983 -5.4180374508122084e-17 
1 8.0000000000000107 -111.381197846483 37 -2.8421709430403998e-16 -1 4.2483832923030903e-18 
1 8.0000000000000107 -120.618802153517 37 -0.86602540378443871 -0.49999999999999983 5.8428757800425088e-17 
1 9.9184011118203796e-15 -125.237604307034 37 6.5014912851549895e-17 4.2483832923030502e-18 1 
7 0 0  3 10 5  1.0145953306800801e-14 -125.237604307034 40.5  -0.66099180275756897 -124.85598051178 40.671261391085402  -1.3241279610110599 -124.473118672303 40.793359601518802  -2.6540279834439899 -123.70530053635601 40.954384383107303  -3.3207843003169 -123.32034859732499 40.993483989748199  -4.6576710060815598 -122.548496697876 40.9943265741909  -5.3277998146585297 -122.161597649852 40.956105783532699  -6.6717796308808799 -121.385650541171 40.7943261388343  -7.3398566357441899 -120.999936102574 40.671041562704097  -7.9999999999999902 -120.618802153517 40.5 
 2.3325440927532701e-07 4 0.0023129212804868602 2 0.0046256093065644398 2 0.0069382973326420202 2 0.0092509853587196007 4
1 -7.9999999999999902 -120.618802153517 37 6.5014912851549895e-17 4.2483832923030502e-18 1 
1 -7.9999999999999902 -111.381197846483 37 6.5014912851549895e-17 4.2483832923030502e-18 1 
1 1.16947579512206e-14 -106.762395692966 37 6.5014912851549895e-17 4.2483832923030502e-18 1 
1 8.0000000000000107 -111.381197846483 37 6.5014912851549895e-17 4.2483832923030502e-18 1 
7 0 0  3 10 5  8.0000000000000107 -111.381197846483 40.5  8.0000000000000195 -112.14444543699101 40.671261391085402  8.0000000000000195 -112.910169115945 40.793359601518802  8.0000000000000107 -114.445805387839 40.954384383107303  8.0000000000000107 -115.2157092659 40.993483989748199  8.0000000000000107 -116.75941306479901 40.9943265741909  8.0000000000000107 -117.53321116084599 40.956105783532699  8.0000000000000107 -119.08510537820899 40.7943261388343  8.0000000000000107 -119.85653425540301 40.671041562704097  8.0000000000000195 -120.618802153517 40.5 
 2.3325440926770199e-07 4 0.0023129212804868498 2 0.0046256093065644398 2 0.0069382973326420202 2 0.0092509853587196007 4
1 8.0000000000000107 -120.618802153517 37 6.5014912851549895e-17 4.2483832923030502e-18 1 
7 0 0  3 10 5  8.0000000000000195 -120.618802153517 40.5  7.3414539710788302 -120.999013880588 40.670627696949197  6.6772742749050202 -121.382478206965 40.793305860095899  5.3390970617268403 -122.15507518121601 40.955100287777  4.6632562579478503 -122.545272051208 40.994437639985698  3.3097557895205498 -123.326715911002 40.993369059913498  2.63898581938528 -123.713985133824 40.953176871945701  1.3097806529336 -124.481402094483 40.790994904013097  0.65138073359138604 -124.86152946515 40.668771186111101  1.0145953306800801e-14 -125.237604307034 40.5 
 0.094693893178915398 4 0.097003748655260694 2 0.099313604131606004 2 0.10162345960795099 2 0.103933315084297 4
2 1.3763681898452899e-14 -116 41.5 -6.5014912851549895e-17 -4.2483832923030502e-18 -1 -0.86602540378443882 -0.49999999999999989 5.8428757800425125e-17 -0.49999999999999989 0.86602540378443882 2.8828248569627126e-17 6.2376043070340197
2 8.6600112396061902e-15 -116 -43.999999999999901 0 -4.9960036108132103e-16 -1 -3.88578058618804e-16 1 -4.9960036108132103e-16 1 3.88578058618804e-16 -1.941337383942332e-31 6.2000000000000099
2 1.1572954849247399e-14 -121.7 -43.999999999999901 1 5.1104273853354004e-16 -2.5531713669934299e-31 5.1104273853354004e-16 -1 4.9960036108132005e-16 2.627434620609032e-46 -4.9960036108132005e-16 -1 0.5
2 8.6600112396061902e-15 -116 -44.499999999999901 0 -4.9960036108132005e-16 -1 -3.88578058618804e-16 1 -4.9960036108132005e-16 1 3.88578058618804e-16 -1.9413373839423283e-31 5.7000000000000099
2 6.4451163054790097e-15 -110.3 -43.999999999999901 -1 -3.8857805861880499e-16 1.94133738394233e-31 -3.8857805861880499e-16 1 -4.9960036108132005e-16 3.0653403907105373e-46 -4.9960036108132005e-16 -1 0.5
2 6.0565382468602002e-15 -109.3 -43.999999999999901 -1 -3.8857805861880499e-16 1.94133738394233e-31 -3.8857805861880499e-16 1 -4.9960036108132005e-16 3.0653403907105373e-46 -4.9960036108132005e-16 -1 0.5
2 8.6600112396061902e-15 -116 -43.499999999999901 0 4.9960036108132005e-16 1 -3.88578058618804e-16 1 -4.9960036108132005e-16 -1 -3.88578058618804e-16 1.9413373839423283e-31 6.7000000000000099
2 1.20839975877809e-14 -122.7 -43.999999999999901 1 5.1104273853354102e-16 -2.55317136699344e-31 5.1104273853354102e-16 -1 4.9960036108132005e-16 -2.627434620609032e-46 -4.9960036108132005e-16 -1 0.5
2 8.6600112396061902e-15 -116 -43.999999999999901 0 -4.9960036108132103e-16 -1 -3.88578058618804e-16 1 -4.9960036108132103e-16 1 3.88578058618804e-16 -1.941337383942332e-31 6.2000000000000099
2 8.6600112396061902e-15 -116 -36.999999999999901 0 -4.9960036108132005e-16 -1 -3.88578058618804e-16 1 -4.9960036108132005e-16 1 3.88578058618804e-16 -1.9413373839423283e-31 6.5447839840064699
2 1.20046755699033e-14 -122.544783984006 -38.999999999999901 1 5.1104273853354004e-16 -2.5531713669934299e-31 5.1104273853354004e-16 -1 4.9960036108132005e-16 2.627434620609032e-46 -4.9960036108132005e-16 -1 2
7 0 0  3 16 8  1.24417275047544e-14 -123.40000000000001 -37.192071470995501  0.42045126112459402 -123.400000000303 -37.192071470803803  0.83978887891658904 -123.40000000000001 -37.2078173467889  1.67526523869029 -123.40000000000001 -37.284538212322602  2.09390389767777 -123.40000000000001 -37.345585798665297  2.7013048489933502 -123.40000000000001 -37.504425486787902  2.90058714057459 -123.40000000000001 -37.568731450401103  3.2892097909729099 -123.40000000000001 -37.732805015137799  3.4762418016183299 -123.40000000000001 -37.831507879873101  3.8186949590333801 -123.40000000000001 -38.078589725844601  3.97242753510811 -123.40000000000001 -38.225556519551901  4.1452816178245797 -123.40000000000001 -38.493307726483998  4.1913836641170796 -123.40000000000001 -38.587846984138601  4.2555549035092701 -123.40000000000001 -38.789799930363401  4.2723919920032296 -123.40000000000001 -38.894931215490203  4.2723919920032403 -123.40000000000001 -38.999999999999901 
 1.3533482778631001e-14 4 0.0012582108155965699 2 0.0025164216311795999 2 0.0031455270389711102 2 0.0037746324467626299 2 0.0044037378545541397 2 0.0047182905584499 2 0.0050328432623456603 4
7 0 0  3 30 15  4.2723919920032403 -123.40000000000001 -38.999999999999901  4.2723919920032296 -123.40000000000001 -38.785434953927698  4.3080125001533096 -123.338303470093 -38.578481778305502  4.3950451427147597 -123.187558511259 -38.310928828039103  4.4293971432209496 -123.128059101041 -38.228760487131296  4.5041022318278996 -122.99866609199 -38.079949828663302  4.5448345360958902 -122.928115671488 -38.012337755148103  4.6747552273454698 -122.703086433289 -37.826293113892397  4.7679350405884504 -122.541694262513 -37.728939355652102  4.9621255907453197 -122.205346363291 -37.566046815299998  5.0636401769365902 -122.02951794229899 -37.500957976433703  5.3683498253327304 -121.50174534972 -37.3430867937439  5.5747105455182 -121.144318097672 -37.2836397938974  5.9904531777052297 -120.42423073585201 -37.207705717072699  6.2004900961945504 -120.060436121563 -37.1919936010231  6.61960256845909 -119.334512025515 -37.192149884772803  6.8285170241226902 -118.97266157387 -37.207887794244598  7.2445100469929704 -118.252140522665 -37.284160218838799  7.4526259182937302 -117.891673259711 -37.344299102257501  7.75856512099665 -117.36177101660201 -37.503954848206497  7.8588664867587097 -117.188043955034 -37.568701933287599  8.0534487360400906 -116.851017613027 -37.733037864913904  8.1462019079559091 -116.690364406706 -37.830960997850397  8.3171659940504608 -116.39424592332099 -38.077296044653302  8.3949998597340105 -116.25943371340701 -38.226270637235302  8.4809902976440004 -116.110493905982 -38.492518781914903  8.5039290924836095 -116.070762747855 -38.5864172529946  8.5359851393914603 -116.015240045921 -38.7866460351066  8.5447839840077702 -115.999999999998 -38.8931983321975  8.5447839840064805 -116 -38.999999999999901 
 1.9697668334609501e-07 4 0.00063417278739694605 2 0.00095116069275374602 2 0.00126814859811055 2 0.00190212440882414 2 0.0025361002195377399 2 0.0038040518409649402 2 0.0050720034623921301 2 0.0063399550838193304 2 0.0076079067052465298 2 0.0082418825159601295 2 0.0088758583266737197 2 0.0095098341373873203 2 0.0098268220427441197 2 0.0101438099481009 4
7 0 0  3 30 15  8.5447839840064805 -116 -38.999999999999901  8.5447839840064805 -116 -38.785434953927698  8.5091634758563899 -115.938303470093 -38.578481778305502  8.4221308332949398 -115.78755851125899 -38.310928828039103  8.3877788327887597 -115.728059101041 -38.228760487131296  8.3130737441818106 -115.59866609199 -38.079949828663302  8.27234143991382 -115.528115671488 -38.012337755148103  8.1424207486642306 -115.303086433289 -37.826293113892397  8.0492409354212509 -115.141694262513 -37.728939355652102  7.8550503852643798 -114.80534636329099 -37.566046815300098  7.7535357990731102 -114.629517942299 -37.500957976433703  7.4488261506769797 -114.10174534972001 -37.3430867937439  7.2424654304915101 -113.74431809767199 -37.2836397938974  6.8267227983044796 -113.024230735852 -37.207705717072699  6.6166858798151598 -112.660436121563 -37.1919936010231  6.1975734075506201 -111.93451202551501 -37.192149884772803  5.9886589518870101 -111.57266157386999 -37.207887794244598  5.5726659290167397 -110.852140522665 -37.284160218838799  5.3645500577159799 -110.49167325971101 -37.344299102257501  5.0586108550130602 -109.961771016602 -37.503954848206497  4.9583094892509996 -109.788043955034 -37.568701933287599  4.7637272399696204 -109.45101761302701 -37.733037864913904  4.6709740680538001 -109.290364406706 -37.830960997850397  4.5000099819592396 -108.994245923321 -38.077296044653302  4.4221761162756898 -108.859433713407 -38.226270637235302  4.3361856783657098 -108.71049390598201 -38.492518781914903  4.3132468835260998 -108.67076274785499 -38.5864172529946  4.2811908366182401 -108.615240045921 -38.7866460351066  4.2723919920019302 -108.599999999998 -38.8931983321975  4.2723919920032403 -108.59999999999999 -38.999999999999901 
 1.9697668334431301e-07 4 0.00063417278739694204 2 0.00095116069275374005 2 0.00126814859811054 2 0.00190212440882413 2 0.0025361002195377299 2 0.0038040518409649198 2 0.0050720034623921101 2 0.0063399550838193104 2 0.0076079067052465003 2 0.0082418825159600896 2 0.0088758583266736902 2 0.0095098341373872804 2 0.0098268220427440798 2 0.0101438099481009 4
7 0 0  3 20 10  4.2723919920032403 -108.59999999999999 -38.999999999999901  4.2723919920042999 -108.59999999999999 -38.894194770465297  4.2551341385233403 -108.59999999999999 -38.787905931870903  4.1907200743443704 -108.59999999999999 -38.586338116186099  4.1432440496815 -108.59999999999999 -38.489688571497901  4.0285762603047699 -108.59999999999999 -38.313008341450299  3.9600283268280201 -108.59999999999999 -38.230593939669198  3.8104575501186502 -108.59999999999999 -38.081240486468602  3.7296385779411301 -108.59999999999999 -38.014106514137197  3.4734028296519899 -108.59999999999999 -37.829929905534001  3.2842309581081301 -108.59999999999999 -37.730446299695899  2.8980617111263198 -108.59999999999999 -37.567926963366403  2.6985147596687602 -108.59999999999999 -37.503523557926599  2.0869174673326998 -108.59999999999999 -37.344108766943201  1.6710988355623499 -108.59999999999999 -37.284052087614  1.0466607868419999 -108.59999999999999 -37.226866437598098  0.83794406792718101 -108.59999999999999 -37.213627766641402  0.41962099812872999 -108.59999999999999 -37.196227858785797  0.21154213234697 -108.59999999999999 -37.192071470995501  5.7845336058270397e-15 -108.59999999999999 -37.192071470995501 
 0.015158334229373601 4 0.0154748567653751 2 0.015791379301376599 2 0.016107901837378098 2 0.016424424373379501 2 0.0170574694453825 2 0.0176905145173855 2 0.018956604661391398 2 0.019589649733394301 2 0.0202226948053973 4
2 6.1168517850215198e-15 -109.455216015994 -38.999999999999901 -1 -3.88578058618804e-16 1.94133738394233e-31 -3.88578058618804e-16 1 -4.9960036108132005e-16 -1.7516230804060213e-46 -4.9960036108132005e-16 -1 2
1 1.06029015327002e-14 -121 -44.499999999999901 0 4.9960036108132005e-16 1 
2 8.6600112396061902e-15 -116 -36.999999999999901 0 -4.9960036108132005e-16 -1 -3.88578058618804e-16 1 -4.9960036108132005e-16 1 3.88578058618804e-16 -1.9413373839423283e-31 5
1 7.3294443460858499e-15 -111 -44.499999999999901 0 4.9960036108132005e-16 1 
2 8.6600112396061902e-15 -116 -44.499999999999901 0 -4.9960036108132005e-16 -1 -3.88578058618804e-16 1 -4.9960036108132005e-16 1 3.88578058618804e-16 -1.9413373839423283e-31 5
7 0 0  3 8 4  7.1440751335962096 -113.573901104478 -43.499999999999901  7.39512548444588 -114.008733067408 -43.444531559981698  7.6427476460438104 -114.43762723237499 -43.356906617710301  8.0036975725174297 -115.062810844016 -43.127135434679602  8.1215825096333596 -115.266993544548 -43.0337329958138  8.3437415508638306 -115.65178429132 -42.804676959508001  8.4489512746993505 -115.834012878453 -42.669128545956099  8.5447839840064805 -116 -42.499999999999901 
 1.81367282050289e-06 4 0.00150970144921715 2 0.00226364533741547 2 0.00301758922561379 4
1 4.2723919920032403 -108.59999999999999 -43.499999999999901 0.50000000000000033 -0.86602540378443837 4.3266660443630219e-16 
7 0 0  3 8 4  4.2723919920032403 -108.59999999999999 -42.499999999999901  4.3682507894121603 -108.766032307465 -42.669174587049604  4.4734479498863902 -108.948239134218 -42.804684817444397  4.6955079819190404 -109.332858392029 -43.033650942177204  4.8132377484251503 -109.53677232918101 -43.126963040363201  5.1743449353155597 -110.162228323853 -43.356891885202899  5.4220231260146701 -110.591219534071 -43.444525513687303  5.6731008424135103 -111.026098895522 -43.499999999999901 
 2.9519504445265098e-07 4 0.00074944850777627003 2 0.0014986018205080901 2 0.00299690844597172 4
1 4.2723919920032403 -108.59999999999999 -44.499999999999901 0 4.9960036108132005e-16 1 
1 8.5447839840064805 -116 -44.499999999999901 0 4.9960036108132005e-16 1 
7 0 0  3 8 4  5.6731008424134997 -120.973901104478 -43.499999999999901  5.4220504915638301 -121.40873306740799 -43.444531559981698  5.1744283299658997 -121.837627232375 -43.356906617710301  4.8134784034922697 -122.462810844016 -43.127135434679602  4.6955934663763399 -122.66699354454801 -43.0337329958138  4.4734344251458698 -123.05178429132 -42.804676959508001  4.3682247013103499 -123.234012878453 -42.669128545956099  4.2723919920032403 -123.40000000000001 -42.499999999999901 
 1.8136728205979099e-06 4 0.00150970144921724 2 0.0022636453374155598 2 0.0030175892256138798 4
1 8.5447839840064805 -116 -43.499999999999901 -0.49999999999999983 -0.86602540378443871 4.326666044363018e-16 
7 0 0  3 8 4  8.5447839840064805 -116 -42.499999999999901  8.4489251865975401 -116.166032307465 -42.669174587049604  8.3437280261233209 -116.34823913421801 -42.804684817444397  8.1216679940906698 -116.732858392029 -43.033650942177204  8.0039382275845607 -116.936772329181 -43.126963040363101  7.6428310406941504 -117.56222832385301 -43.356891885202899  7.3951528499950498 -117.99121953407101 -43.444525513687303  7.1440751335962096 -118.426098895522 -43.499999999999901 
 2.9519504443322899e-07 4 0.00074944850777624705 2 0.0014986018205080599 2 0.0029969084459716901 4
1 4.2723919920032403 -123.40000000000001 -44.499999999999901 0 4.9960036108132005e-16 1 
7 0 0  3 10 5  -1.47097429118269 -123.40000000000001 -43.499999999999901  -1.71957570050349 -123.40000000000001 -43.472536321270297  -1.9671997714884599 -123.40000000000001 -43.436614639275497  -2.45971044363466 -123.40000000000001 -43.3410808828611  -2.70615165982599 -123.40000000000001 -43.281058068058002  -3.1871697387680902 -123.40000000000001 -43.128253875892298  -3.4205103104561698 -123.40000000000001 -43.036164914860301  -3.8666170721123598 -123.40000000000001 -42.806963766463198  -4.0825562899290402 -123.40000000000001 -42.667513975627401  -4.2723919920032198 -123.40000000000001 -42.499999999999901 
 0.0014700022248071299 4 0.0022203341973211 2 0.0029706661698350599 2 0.0037209981423490298 2 0.0044713301148630001 4
1 4.2723919920032403 -123.40000000000001 -43.499999999999901 -1 4.9960036108132005e-16 -2.4960052079258599e-31 
7 0 0  3 10 5  4.2723919920032403 -123.40000000000001 -42.499999999999901  4.1776882253868699 -123.40000000000001 -42.5835680763916  4.0755500135695701 -123.40000000000001 -42.660863947688803  3.86506469500946 -123.40000000000001 -42.800634473516801  3.7562528882406401 -123.40000000000001 -42.863624319657397  3.4211793861530002 -123.40000000000001 -43.035905510458299  3.1848096578483198 -123.40000000000001 -43.129129567046803  2.4628827287308801 -123.40000000000001 -43.358082989101497  1.9697760554183501 -123.40000000000001 -43.444896002640697  1.4709742911827099 -123.40000000000001 -43.499999999999901 
 0.019365723593035102 4 0.019741805588077699 2 0.0201178875831203 2 0.0208700515732054 2 0.022374379553375699 4
7 0 0  3 20 10  -4.2723919920032198 -123.40000000000001 -38.999999999999901  -4.2723919920042803 -123.40000000000001 -38.894194770463997  -4.2551341385229096 -123.40000000000001 -38.787905931868302  -4.1907200743424404 -123.40000000000001 -38.586338116181302  -4.1432440496785397 -123.40000000000001 -38.489688571492202  -4.0285762602994204 -123.40000000000001 -38.313008341443201  -3.9600283268212402 -123.40000000000001 -38.230593939661503  -3.8104575501092 -123.40000000000001 -38.081240486460203  -3.7296385779302499 -123.40000000000001 -38.0141065141285  -3.4734028296366799 -123.40000000000001 -37.8299299055248  -3.2842309580900002 -123.40000000000001 -37.730446299686797  -2.8980617111025899 -123.40000000000001 -37.567926963357799  -2.6985147596421801 -123.40000000000001 -37.503523557918498  -2.08691746729748 -123.40000000000001 -37.344108766936401  -1.6710988355224801 -123.40000000000001 -37.2840520876086  -1.0466607867945501 -123.40000000000001 -37.226866437594602  -0.83794406787719999 -123.40000000000001 -37.213627766638602  -0.419620998073717 -123.40000000000001 -37.196227858784198  -0.21154213235295299 -123.400000000303 -37.192071470803803  1.24417275047544e-14 -123.40000000000001 -37.192071470995501 
 0.015158334229508101 4 0.0154748567655163 2 0.0157913793015244 2 0.0161079018375326 2 0.016424424373540799 2 0.0170574694455571 2 0.017690514517573499 2 0.018956604661606199 2 0.0195896497336225 2 0.020222694805638899 4
1 -4.2723919920032198 -123.40000000000001 -44.499999999999901 0 4.9960036108132005e-16 1 
7 0 0  3 8 4  -7.1440751335961803 -118.426098895522 -43.499999999999901  -7.3951254844458596 -117.991266932592 -43.444531559981698  -7.64274764604379 -117.56237276762501 -43.356906617710301  -8.0036975725174209 -116.937189155984 -43.127135434679602  -8.1215825096333507 -116.733006455452 -43.0337329958138  -8.3437415508638093 -116.34821570868 -42.804676959508001  -8.4489512746993292 -116.165987121547 -42.669128545956099  -8.5447839840064592 -116 -42.499999999999901 
 1.81367282058521e-06 4 0.00150970144921723 2 0.0022636453374155498 2 0.0030175892256138698 4
1 -4.2723919920032198 -123.40000000000001 -43.499999999999901 -0.50000000000000033 0.86602540378443837 -4.3266660443630219e-16 
7 0 0  3 8 4  -4.2723919920032198 -123.40000000000001 -42.499999999999901  -4.3682507894121496 -123.233967692535 -42.669174587049604  -4.4734479498863804 -123.051760865782 -42.804684817444397  -4.69550798191902 -122.667141607971 -43.033650942177204  -4.8132377484251396 -122.46322767081899 -43.126963040363101  -5.1743449353155402 -121.837771676147 -43.356891885202899  -5.4220231260146496 -121.408780465929 -43.444525513687303  -5.6731008424134997 -120.973901104478 -43.499999999999901 
 2.9519504444086198e-07 4 0.00074944850777625702 2 0.0014986018205080699 2 0.0029969084459717001 4
7 0 0  3 30 15  -8.5447839840064592 -116 -38.999999999999901  -8.5447839840064592 -116 -38.785434953927698  -8.5091634758563792 -116.061696529907 -38.578481778305502  -8.4221308332949292 -116.21244148874101 -38.310928828039103  -8.3877788327887401 -116.271940898959 -38.228760487131296  -8.3130737441817999 -116.40133390801 -38.079949828663302  -8.2723414399138004 -116.471884328512 -38.012337755148103  -8.1424207486642199 -116.696913566711 -37.826293113892397  -8.0492409354212402 -116.858305737487 -37.728939355652102  -7.85505038526437 -117.19465363670901 -37.566046815300098  -7.7535357990731004 -117.370482057701 -37.500957976433703  -7.4488261506769602 -117.89825465027999 -37.3430867937439  -7.2424654304915004 -118.25568190232801 -37.2836397938974  -6.82672279830446 -118.975769264148 -37.207705717072699  -6.61668587981515 -119.339563878437 -37.1919936010231  -6.1975734075505997 -120.06548797448499 -37.192149884772803  -5.9886589518870004 -120.42733842613001 -37.207887794244598  -5.5726659290167202 -121.147859477335 -37.284160218838799  -5.3645500577159604 -121.50832674028899 -37.344299102257501  -5.0586108550130504 -122.038228983398 -37.503954848206497  -4.95830948925098 -122.211956044966 -37.568701933287599  -4.7637272399696098 -122.54898238697299 -37.733037864913904  -4.6709740680537903 -122.709635593294 -37.830960997850397  -4.5000099819592299 -123.005754076679 -38.077296044653302  -4.4221761162756801 -123.140566286593 -38.226270637235302  -4.3361856783657 -123.28950609401799 -38.492518781914903  -4.31324688352609 -123.32923725214501 -38.5864172529946  -4.2811908366182303 -123.384759954079 -38.7866460351066  -4.2723919920019204 -123.400000000002 -38.8931983321975  -4.2723919920032198 -123.40000000000001 -38.999999999999901 
 1.96976683345772e-07 4 0.00063417278739694096 2 0.00095116069275373897 2 0.00126814859811054 2 0.00190212440882413 2 0.0025361002195377299 2 0.0038040518409649302 2 0.0050720034623921197 2 0.0063399550838193104 2 0.0076079067052465098 2 0.0082418825159601104 2 0.0088758583266737006 2 0.0095098341373872994 2 0.0098268220427441006 2 0.0101438099481009 4
1 -8.5447839840064592 -116 -44.499999999999901 0 4.9960036108132005e-16 1 
7 0 0  3 8 4  -5.6731008424134801 -111.026098895522 -43.499999999999901  -5.4220504915637999 -110.59126693259201 -43.444531559981698  -5.1744283299658704 -110.162372767625 -43.356906617710301  -4.8134784034922502 -109.537189155984 -43.127135434679602  -4.6955934663763301 -109.33300645545199 -43.0337329958138  -4.47343442514586 -108.94821570868 -42.804676959508001  -4.3682247013103401 -108.765987121547 -42.669128545956099  -4.2723919920032198 -108.59999999999999 -42.499999999999901 
 1.8136728205986401e-06 4 0.00150970144921723 2 0.0022636453374155398 2 0.0030175892256138598 4
1 -8.5447839840064592 -116 -43.499999999999901 0.49999999999999983 0.86602540378443871 -4.326666044363018e-16 
7 0 0  3 8 4  -8.5447839840064592 -116 -42.499999999999901  -8.4489251865975294 -115.833967692535 -42.669174587049604  -8.3437280261232996 -115.65176086578199 -42.804684817444397  -8.1216679940906609 -115.267141607971 -43.033650942177204  -8.0039382275845501 -115.063227670819 -43.126963040363101  -7.6428310406941398 -114.43777167614699 -43.356891885202899  -7.3951528499950303 -114.00878046592899 -43.444525513687303  -7.1440751335961998 -113.573901104478 -43.499999999999901 
 2.9519504444203798e-07 4 0.00074944850777625203 2 0.0014986018205080599 2 0.0029969084459716801 4
7 0 0  3 30 15  -4.2723919920032198 -108.59999999999999 -38.999999999999901  -4.2723919920032198 -108.59999999999999 -38.785434953927698  -4.3080125001532998 -108.661696529907 -38.578481778305502  -4.3950451427147401 -108.812441488741 -38.310928828039103  -4.42939714322093 -108.871940898959 -38.228760487131296  -4.5041022318278703 -109.00133390801 -38.079949828663302  -4.5448345360958697 -109.071884328512 -38.012337755148103  -4.6747552273454502 -109.296913566711 -37.826293113892397  -4.76793504058843 -109.458305737487 -37.728939355652102  -4.9621255907453099 -109.794653636709 -37.566046815300098  -5.0636401769365804 -109.97048205770101 -37.500957976433703  -5.36834982533271 -110.49825465028 -37.3430867937439  -5.5747105455181796 -110.855681902328 -37.2836397938974  -5.9904531777052101 -111.57576926414799 -37.207705717072699  -6.20049009619453 -111.939563878437 -37.1919936010231  -6.6196025684590696 -112.665487974485 -37.192149884772803  -6.8285170241226796 -113.02733842613 -37.207887794244598  -7.24451004699295 -113.747859477335 -37.284160218838799  -7.4526259182937098 -114.108326740289 -37.344299102257501  -7.7585651209966304 -114.63822898339799 -37.503954848206497  -7.8588664867586902 -114.811956044966 -37.568701933287599  -8.0534487360400693 -115.148982386973 -37.733037864913904  -8.1462019079558896 -115.309635593294 -37.830960997850397  -8.3171659940504394 -115.60575407668 -38.077296044653302  -8.3949998597339999 -115.74056628659299 -38.226270637235302  -8.4809902976439808 -115.889506094018 -38.492518781914903  -8.50392909248359 -115.929237252145 -38.5864172529946  -8.5359851393914496 -115.984759954079 -38.7866460351066  -8.5447839840077595 -116.000000000002 -38.8931983321975  -8.5447839840064592 -116 -38.999999999999901 
 1.9697668334793299e-07 4 0.000634172787396948 2 0.00095116069275374797 2 0.00126814859811055 2 0.0019021244088241499 2 0.0025361002195377499 2 0.0038040518409649402 2 0.0050720034623921301 2 0.0063399550838193304 2 0.0076079067052465298 2 0.0082418825159601295 2 0.0088758583266737197 2 0.0095098341373873203 2 0.0098268220427441197 2 0.0101438099481009 4
1 -4.2723919920032198 -108.59999999999999 -44.499999999999901 0 4.9960036108132005e-16 1 
7 0 0  3 10 5  1.4709742911827299 -108.59999999999999 -43.499999999999901  1.7195757005035299 -108.59999999999999 -43.472536321270297  1.9671997714884899 -108.59999999999999 -43.436614639275497  2.4597104436346902 -108.59999999999999 -43.3410808828611  2.7061516598260198 -108.59999999999999 -43.281058068058002  3.1871697387681199 -108.59999999999999 -43.128253875892398  3.4205103104561898 -108.59999999999999 -43.036164914860301  3.8666170721123798 -108.59999999999999 -42.806963766463198  4.0825562899290597 -108.59999999999999 -42.667513975627401  4.2723919920032403 -108.59999999999999 -42.499999999999901 
 0.0014700022248071501 4 0.00222033419732112 2 0.0029706661698350799 2 0.0037209981423490502 2 0.0044713301148630097 4
1 -4.2723919920032198 -108.59999999999999 -43.499999999999901 1 -4.9960036108132005e-16 2.4960052079258599e-31 
7 0 0  3 10 5  -4.2723919920032198 -108.59999999999999 -42.499999999999901  -4.1776882253868504 -108.59999999999999 -42.5835680763916  -4.0755500135695497 -108.59999999999999 -42.660863947688803  -3.8650646950094498 -108.59999999999999 -42.800634473516801  -3.7562528882406299 -108.59999999999999 -42.863624319657397  -3.42117938615299 -108.59999999999999 -43.035905510458299  -3.18480965784831 -108.59999999999999 -43.129129567046803  -2.4628827287308801 -108.59999999999999 -43.358082989101497  -1.9697760554183501 -108.59999999999999 -43.444896002640697  -1.4709742911827199 -108.59999999999999 -43.499999999999901 
 0.019365723593035102 4 0.019741805588077699 2 0.020117887583120199 2 0.0208700515732054 2 0.022374379553375699 4
7 0 0  3 16 8  5.7845336058270397e-15 -108.59999999999999 -37.192071470995501  -0.42045126111922498 -108.59999999999999 -37.192071470995501  -0.83978887890746601 -108.59999999999999 -37.207817346788502  -1.6752652386782401 -108.59999999999999 -37.284538212321102  -2.0939038976678002 -108.59999999999999 -37.3455857986634  -2.7013048489857501 -108.59999999999999 -37.5044254867856  -2.9005871405677701 -108.59999999999999 -37.568731450398701  -3.2892097909676501 -108.59999999999999 -37.732805015135099  -3.4762418016139698 -108.59999999999999 -37.8315078798705  -3.8186949590306298 -108.59999999999999 -38.0785897258421  -3.97242753510618 -108.59999999999999 -38.225556519549599  -4.1452816178237297 -108.59999999999999 -38.493307726482399  -4.1913836641165201 -108.59999999999999 -38.587846984137201  -4.2555549035091298 -108.59999999999999 -38.789799930362598  -4.2723919920032101 -108.59999999999999 -38.894931215489898  -4.2723919920032198 -108.59999999999999 -38.999999999999901 
 1.06750850315336e-17 4 0.0012582108155759001 2 0.0025164216311517901 2 0.0031455270389397398 2 0.00377463244672768 2 0.0044037378545156297 2 0.0047182905584095998 2 0.0050328432623035699 4
2 8.6600112396061902e-15 -116 -43.499999999999901 0 -4.9960036108132005e-16 -1 -3.88578058618804e-16 1 -4.9960036108132005e-16 1 3.88578058618804e-16 -1.9413373839423283e-31 7.5447839840064699
2 8.6600112396061902e-15 -116 -43.499999999999901 0 -4.9960036108132005e-16 -1 -3.88578058618804e-16 1 -4.9960036108132005e-16 1 3.88578058618804e-16 -1.9413373839423283e-31 7.5447839840064699
2 8.6600112396061902e-15 -116 -43.499999999999901 0 -4.9960036108132005e-16 -1 -3.88578058618804e-16 1 -4.9960036108132005e-16 1 3.88578058618804e-16 -1.9413373839423283e-31 7.5447839840064699
2 8.6600112396061902e-15 -116 -43.499999999999901 0 -4.9960036108132005e-16 -1 -3.88578058618804e-16 1 -4.9960036108132005e-16 1 3.88578058618804e-16 -1.9413373839423283e-31 7.5447839840064699
2 8.6600112396061902e-15 -116 -43.499999999999901 0 -4.9960036108132005e-16 -1 -3.88578058618804e-16 1 -4.9960036108132005e-16 1 3.88578058618804e-16 -1.9413373839423283e-31 7.5447839840064699
2 8.6600112396061902e-15 -116 -43.499999999999901 0 -4.9960036108132005e-16 -1 -3.88578058618804e-16 1 -4.9960036108132005e-16 1 3.88578058618804e-16 -1.9413373839423283e-31 7.5447839840064699
2 8.6600112396061902e-15 -116 -43.499999999999901 0 4.9960036108132005e-16 1 -3.88578058618804e-16 1 -4.9960036108132005e-16 -1 -3.88578058618804e-16 1.9413373839423283e-31 6.7000000000000099
2 8.6600112396061902e-15 -116 -36.999999999999901 0 -4.9960036108132005e-16 -1 -3.88578058618804e-16 1 -4.9960036108132005e-16 1 3.88578058618804e-16 -1.9413373839423283e-31 6.5447839840064699
2 8.6600112396061902e-15 -116 -36.999999999999901 0 -4.9960036108132005e-16 -1 -3.88578058618804e-16 1 -4.9960036108132005e-16 1 3.88578058618804e-16 -1.9413373839423283e-31 5
2 8.6600112396061902e-15 -116 -44.499999999999901 0 -4.9960036108132005e-16 -1 -3.88578058618804e-16 1 -4.9960036108132005e-16 1 3.88578058618804e-16 -1.9413373839423283e-31 5.7000000000000099
2 8.6600112396061902e-15 -116 -44.499999999999901 0 -4.9960036108132005e-16 -1 -3.88578058618804e-16 1 -4.9960036108132005e-16 1 3.88578058618804e-16 -1.9413373839423283e-31 5
1 6 -116 -24 0 0 1 
2 0 -116 4 0 0 1 1 0 -0 -0 1 0 6
1 -6 -116 -24 0 0 1 
2 0 -116 -4 0 0 -1 -1 0 0 0 1 0 6
2 0 -116 10 0 0 -1 1 0 0 0 -1 0 75
2 -65 -116 10 1.22464679914735e-16 1 0 -1 1.22464679914735e-16 0 0 -0 1 9.9999999999999893
2 0 -116 20 0 0 1 1 0 -0 -0 1 0 65
2 65 -116 10 0 -1 0 0 0 -1 1 0 0 10
2 0 -116 -10 0 0 1 -1 0 0 0 -1 0 75
2 65 -116 -10 -1.22464679914735e-16 1 0 -1 -1.22464679914735e-16 0 0 0 1 10
2 0 -116 -20 0 0 -1 -1 0 0 0 1 0 65
2 -65 -116 -10 0 -1 0 0 0 -1 1 0 0 10
1 -52.5 -116 -4 -0 -0 -1 
2 0 -116 -24 0 0 1 1 0 -0 -0 1 0 52.5
1 52.5 -116 -4 -0 -0 -1 
2 0 -116 -4 0 0 1 1 0 -0 -0 1 0 52.5
2 0 -116 -20 0 0 1 1 0 -0 -0 1 0 60
1 60 -116 -20 -0 -0 -1 
2 0 -116 -24 0 0 1 1 0 -0 -0 1 0 60
1 -60 -116 -20 -0 -0 -1 
1 52.5 -116 4 0 0 1 
2 0 -116 24 0 0 1 1 0 -0 -0 1 0 52.5
1 -52.5 -116 4 0 0 1 
2 0 -116 4 0 0 1 1 0 -0 -0 1 0 52.5
2 0 -116 20 0 0 1 1 0 -0 -0 1 0 60
1 -60 -116 20 0 0 1 
2 0 -116 24 0 0 1 1 0 -0 -0 1 0 60
1 60 -116 20 0 0 1 
1 75 -116 24 -0 -0 -1 
1 -75 -116 24 -0 -0 -1 
2 0 -116 -24 0 0 1 1 0 -0 -0 1 0 60
2 0 -116 -24 0 0 1 1 0 -0 -0 1 0 52.5
2 0 -116 10 0 0 -1 1 0 0 0 -1 0 75
2 0 -116 -10 0 0 1 -1 0 0 0 -1 0 75
2 0 -116 20 0 0 1 1 0 -0 -0 1 0 65
2 0 -116 20 0 0 1 1 0 -0 -0 1 0 60
2 0 -116 24 0 0 1 1 0 -0 -0 1 0 60
2 0 -116 24 0 0 1 1 0 -0 -0 1 0 52.5
2 0 -116 4 0 0 1 1 0 -0 -0 1 0 52.5
2 0 -116 4 0 0 1 1 0 -0 -0 1 0 6
2 0 -116 -20 0 0 -1 -1 0 0 0 1 0 65
2 0 -116 -20 0 0 1 1 0 -0 -0 1 0 60
2 0 -116 -4 0 0 1 1 0 -0 -0 1 0 52.5
2 0 -116 -4 0 0 -1 -1 0 0 0 1 0 6
2 -2.8337791723134101e-16 -116 -24 0 0 1 1 0 -0 -0 1 0 27.4585885865778
7 0 0  3 4 2  -27.4585885865778 -116 -24  -33.4341266383408 -116 -23.899227459420999  -39.265821786774502 -116 -23.017811827465  -45 -116 -21.3489581476443 
 0.0018606522012246101 4 0.83649554773409895 4
2 -2.8337791723134101e-16 -116 -21.3489581476443 0 0 1 1 0 -0 -0 1 0 45
7 0 0  3 4 2  27.4585885865778 -116.00000001372899 -24  33.4341266383408 -116 -23.899227459420999  39.265821786774502 -116 -23.017811827465  45 -116 -21.3489581476443 
 0.0018606522012249401 4 0.83649554773409895 4
7 0 0  2 3 2  27.5 -116 -29  39.028058991982199 -116 -28.8123505129556  50 -116 -25 
 0 3 1 3
2 -2.8337791723134101e-16 -116 -25 0 0 1 1 0 -0 -0 1 0 50
7 0 0  2 3 2  -27.5 -116 -29  -39.028058991982199 -116 -28.8123505129556  -50 -116 -25 
 0 3 1 3
2 -2.8337791723134101e-16 -116 -29 0 0 1 1 0 -0 -0 1 0 27.5
1 6 -116 -29 0 0 1 
2 -2.8337791723134101e-16 -116 -4 0 0 1 1 0 -0 -0 1 0 6
1 -6 -116 -29 0 0 1 
2 -2.8337791723134101e-16 -116 -29 0 0 1 1 0 -0 -0 1 0 6
2 -2.8337791723134101e-16 -116 -4 0 0 -1 -1 0 0 0 1 0 11
1 11 -116 -4 0 0 -1 
2 -2.8337791723134101e-16 -116 -24 0 0 1 1 0 -0 -0 1 0 11
1 -11 -116 -4 0 0 -1 
1 -45 -116 -21 -0 -0 -1 
1 45 -116 -21 -0 -0 -1 
2 -2.8337791723134101e-16 -116 -21 0 0 1 1 0 -0 -0 1 0 45
2 -2.8337791723134101e-16 -116 -21 0 0 1 1 0 -0 -0 1 0 50
1 50 -116 -21 -0 -0 -1 
1 -50 -116 -21 -0 -0 -1 
2 -2.8337791723134101e-16 -116 -21 0 0 1 1 0 -0 -0 1 0 50
2 -2.8337791723134101e-16 -116 -25 0 0 1 1 0 -0 -0 1 0 50
2 -2.8337791723134101e-16 -116 -21 0 0 1 1 0 -0 -0 1 0 45
2 -2.8337791723134101e-16 -116 -29 0 0 1 1 0 -0 -0 1 0 27.5
2 -2.8337791723134101e-16 -116 -29 0 0 1 1 0 -0 -0 1 0 6
2 -2.8337791723134101e-16 -116 -21.3489581476443 0 0 1 1 0 -0 -0 1 0 45
2 -2.8337791723134101e-16 -116 -24 0 0 1 1 0 -0 -0 1 0 27.4585885865778
2 -2.8337791723134101e-16 -116 -24 0 0 1 1 0 -0 -0 1 0 11
2 -2.8337791723134101e-16 -116 -4 0 0 -1 -1 0 0 0 1 0 11
2 -2.8337791723134101e-16 -116 -4 0 0 1 1 0 -0 -0 1 0 6
2 1.13256226665197e-14 -116 24 2.0116075012350099e-51 -3.0784530816998399e-50 -1 -0.92372802134706811 -0.38304900806323805 9.9338057763006849e-51 -0.38304900806323805 0.92372802134706811 -2.9207077997644416e-50 27.4585885865778
7 0 0  3 4 2  25.364267704062701 -105.482014879095 24  30.884039645101801 -103.19309095572299 23.899227459420999  36.270939865663799 -100.959265913788 23.017811827465  41.567760960618102 -98.7627946371543 21.3489581476443 
 0.0018606522012246101 4 0.83649554773409895 4
2 1.13256226665197e-14 -116 21.3489581476443 2.0116075012350099e-51 -3.0784530816998399e-50 -1 -0.92372802134706811 -0.38304900806323805 9.9338057763006849e-51 -0.38304900806323805 0.92372802134706811 -2.9207077997644416e-50 45
7 0 0  3 4 2  -25.364267698803701 -126.517985133587 24  -30.884039645101801 -128.80690904427701 23.899227459420999  -36.270939865663799 -131.04073408621201 23.017811827465  -41.567760960618102 -133.237205362846 21.3489581476443 
 0.0018606522012249401 4 0.83649554773409895 4
7 0 0  2 3 2  -25.4025205870444 -126.53384772173899 29  -36.051311709680299 -130.94965928351201 28.8123505129556  -46.186401067353401 -135.15245040316199 25 
 0 3 1 3
2 1.13256226665197e-14 -116 25 2.0116075012350099e-51 -3.0784530816998399e-50 -1 -0.92372802134706811 -0.38304900806323805 9.9338057763006849e-51 -0.38304900806323805 0.92372802134706811 -2.9207077997644416e-50 50
7 0 0  2 3 2  25.4025205870444 -105.46615227826101 29  36.051311709680398 -101.05034071648799 28.8123505129556  46.186401067353401 -96.847549596838107 25 
 0 3 1 3
2 1.13256226665197e-14 -116 29 2.0116075012350099e-51 -3.0784530816998399e-50 -1 -0.92372802134706811 -0.38304900806323805 9.9338057763006849e-51 -0.38304900806323805 0.92372802134706811 -2.9207077997644416e-50 27.5
1 -5.5423681280824004 -118.29829404837901 29 2.0116075012350099e-51 -3.0784530816998399e-50 -1 
2 1.13256226665197e-14 -116 4 2.0116075012350099e-51 -3.0784530816998399e-50 -1 -0.92372802134706811 -0.38304900806323805 9.9338057763006849e-51 -0.38304900806323805 0.92372802134706811 -2.9207077997644416e-50 6
1 5.54236812808242 -113.70170595162099 29 2.0116075012350099e-51 -3.0784530816998399e-50 -1 
2 1.13256226665197e-14 -116 29 2.0116075012350099e-51 -3.0784530816998399e-50 -1 -0.92372802134706811 -0.38304900806323805 9.9338057763006849e-51 -0.38304900806323805 0.92372802134706811 -2.9207077997644416e-50 6
2 1.13256226665197e-14 -116 4 -2.0116075012350099e-51 3.0784530816998399e-50 1 0.92372802134706811 0.38304900806323805 -9.9338057763006849e-51 -0.38304900806323805 0.92372802134706811 -2.9207077997644416e-50 11
1 -10.1610082348177 -120.213539088696 4 -2.0116075012350099e-51 3.0784530816998399e-50 1 
2 1.13256226665197e-14 -116 24 2.0116075012350099e-51 -3.0784530816998399e-50 -1 -0.92372802134706811 -0.38304900806323805 9.9338057763006849e-51 -0.38304900806323805 0.92372802134706811 -2.9207077997644416e-50 11
1 10.1610082348178 -111.786460911304 4 -2.0116075012350099e-51 3.0784530816998399e-50 1 
1 41.567760960618102 -98.7627946371543 21 -2.0116075012350099e-51 3.0784530816998399e-50 1 
1 -41.567760960618102 -133.237205362846 21 -2.0116075012350099e-51 3.0784530816998399e-50 1 
2 1.13256226665197e-14 -116 21 2.0116075012350099e-51 -3.0784530816998399e-50 -1 -0.92372802134706811 -0.38304900806323805 9.9338057763006849e-51 -0.38304900806323805 0.92372802134706811 -2.9207077997644416e-50 45
2 1.13256226665197e-14 -116 21 2.0116075012350099e-51 -3.0784530816998399e-50 -1 -0.92372802134706811 -0.38304900806323805 9.9338057763006849e-51 -0.38304900806323805 0.92372802134706811 -2.9207077997644416e-50 50
1 -46.186401067353401 -135.15245040316199 21 -2.0116075012350099e-51 3.0784530816998399e-50 1 
1 46.186401067353401 -96.847549596838107 21 -2.0116075012350099e-51 3.0784530816998399e-50 1 
2 1.13256226665197e-14 -116 21 2.0116075012350099e-51 -3.0784530816998399e-50 -1 -0.92372802134706811 -0.38304900806323805 9.9338057763006849e-51 -0.38304900806323805 0.92372802134706811 -2.9207077997644416e-50 50
2 1.13256226665197e-14 -116 25 2.0116075012350099e-51 -3.0784530816998399e-50 -1 -0.92372802134706811 -0.38304900806323805 9.9338057763006849e-51 -0.38304900806323805 0.92372802134706811 -2.9207077997644416e-50 50
2 1.13256226665197e-14 -116 21 2.0116075012350099e-51 -3.0784530816998399e-50 -1 -0.92372802134706811 -0.38304900806323805 9.9338057763006849e-51 -0.38304900806323805 0.92372802134706811 -2.9207077997644416e-50 45
2 1.13256226665197e-14 -116 29 2.0116075012350099e-51 -3.0784530816998399e-50 -1 -0.92372802134706811 -0.38304900806323805 9.9338057763006849e-51 -0.38304900806323805 0.92372802134706811 -2.9207077997644416e-50 27.5
2 1.13256226665197e-14 -116 29 2.0116075012350099e-51 -3.0784530816998399e-50 -1 -0.92372802134706811 -0.38304900806323805 9.9338057763006849e-51 -0.38304900806323805 0.92372802134706811 -2.9207077997644416e-50 6
2 1.13256226665197e-14 -116 21.3489581476443 2.0116075012350099e-51 -3.0784530816998399e-50 -1 -0.92372802134706811 -0.38304900806323805 9.9338057763006849e-51 -0.38304900806323805 0.92372802134706811 -2.9207077997644416e-50 45
2 1.13256226665197e-14 -116 24 2.0116075012350099e-51 -3.0784530816998399e-50 -1 -0.92372802134706811 -0.38304900806323805 9.9338057763006849e-51 -0.38304900806323805 0.92372802134706811 -2.9207077997644416e-50 27.4585885865778
2 1.13256226665197e-14 -116 24 2.0116075012350099e-51 -3.0784530816998399e-50 -1 -0.92372802134706811 -0.38304900806323805 9.9338057763006849e-51 -0.38304900806323805 0.92372802134706811 -2.9207077997644416e-50 11
2 1.13256226665197e-14 -116 4 -2.0116075012350099e-51 3.0784530816998399e-50 1 0.92372802134706811 0.38304900806323805 -9.9338057763006849e-51 -0.38304900806323805 0.92372802134706811 -2.9207077997644416e-50 11
2 1.13256226665197e-14 -116 4 2.0116075012350099e-51 -3.0784530816998399e-50 -1 -0.92372802134706811 -0.38304900806323805 9.9338057763006849e-51 -0.38304900806323805 0.92372802134706811 -2.9207077997644416e-50 6
Polygon3D 0
PolygonOnTriangulations 0
Surfaces 175
2 -46 -1.6875389974302402e-14 -33.5 0 1 -4.9960036108132103e-16 1 0 0 0 -4.9960036108132103e-16 -1 5.5
1 0 -6 4.3298697960381097e-15 0 -1 4.9960036108132103e-16 1 0 0 -0 4.9960036108132103e-16 1 
1 -43.303563182020902 -1.4210854715202001e-14 -28.706334545815 -0.49026123963255913 -4.3543945305707112e-16 -0.87157553712454927 -0.87157553712454927 2.4493469234460205e-16 0.49026123963255913 -4.4373425918681905e-31 1 -4.9960036108132074e-16 
1 0 0 1.33226762955019e-15 0 -1 4.9960036108132103e-16 1 0 0 -0 4.9960036108132103e-16 1 
2 -46 -1.6875389974302402e-14 -33.5 0 1 -4.9960036108132103e-16 1 0 0 0 -4.9960036108132103e-16 -1 5.5
2 38 -1.8651746813702601e-14 -38 0 1 -4.9960036108132103e-16 1 0 0 0 -4.9960036108132103e-16 -1 5.5
1 43.303563182020902 -1.4210854715202001e-14 -28.706334545815 -0.49026123963255913 4.3543945305707112e-16 0.87157553712454927 -2.4651903288156613e-32 -1 4.9960036108132094e-16 0.87157553712454927 2.4493469234460255e-16 0.49026123963255913 
2 38 -1.8651746813702601e-14 -38 0 1 -4.9960036108132103e-16 1 0 0 0 -4.9960036108132103e-16 -1 5.5
2 38 1.8651746813702601e-14 38 0 1 -4.9960036108132103e-16 1 0 0 0 -4.9960036108132103e-16 -1 5.5
1 48.696436817979098 1.9539925233402799e-14 38.293665454185003 -0.49026123963255913 -4.3543945305707112e-16 -0.87157553712454927 -0.87157553712454927 2.4493469234460205e-16 0.49026123963255913 -4.4373425918681905e-31 1 -4.9960036108132074e-16 
2 38 1.8651746813702601e-14 38 0 1 -4.9960036108132103e-16 1 0 0 0 -4.9960036108132103e-16 -1 5.5
2 -46 1.6875389974302402e-14 33.5 0 1 -4.9960036108132103e-16 1 0 0 0 -4.9960036108132103e-16 -1 5.5
1 -48.696436817979098 1.9539925233402799e-14 38.293665454185003 -0.49026123963255913 4.3543945305707112e-16 0.87157553712454927 -2.4651903288156613e-32 -1 4.9960036108132094e-16 0.87157553712454927 2.4493469234460255e-16 0.49026123963255913 
2 -46 1.6875389974302402e-14 33.5 0 1 -4.9960036108132103e-16 1 0 0 0 -4.9960036108132103e-16 -1 5.5
2 1.3471114790620899e-14 -116 -49.999999999999901 0 -4.9960036108132103e-16 -1 0 -1 4.9960036108132103e-16 -1 -0 0 5.25
2 1.3471114790620899e-14 -116 -49.999999999999901 0 -4.9960036108132103e-16 -1 0 -1 4.9960036108132103e-16 -1 -0 0 5.25
1 0 -5.9999999999999796 37 -0 4.9960036108132103e-16 1 1 0 0 0 1 -4.9960036108132103e-16 
1 0 -5.9999999999999796 31.199999999999999 -0 4.9960036108132103e-16 1 1 0 0 0 1 -4.9960036108132103e-16 
2 1.3471114790620899e-14 -116 -49.999999999999901 0 -4.9960036108132103e-16 -1 0 -1 4.9960036108132103e-16 -1 -0 0 5.25
2 1.3471114790620899e-14 -116 -49.999999999999901 0 -4.9960036108132103e-16 -1 0 -1 4.9960036108132103e-16 -1 -0 0 5.25
1 0 -6.0000000000000204 -31.199999999999999 0 -4.9960036108132103e-16 -1 0 1 -4.9960036108132103e-16 1 0 0 
1 0 -6.0000000000000204 -37 0 -4.9960036108132103e-16 -1 0 1 -4.9960036108132103e-16 1 0 0 
2 0 0 1.33226762955019e-15 0 1 -4.9960036108132103e-16 1 0 0 0 -4.9960036108132103e-16 -1 5.4000000000000004
2 0 0 1.33226762955019e-15 0 1 -4.9960036108132103e-16 1 0 0 0 -4.9960036108132103e-16 -1 5.4000000000000004
1 0 -0.5 1.58206781009085e-15 0 -1 4.9960036108132103e-16 1 0 0 -0 4.9960036108132103e-16 1 
2 -38 -1.8651746813702601e-14 -38 0 1 -4.9960036108132103e-16 1 0 0 0 -4.9960036108132103e-16 -1 5.5
2 -38 -1.8651746813702601e-14 -38 0 1 -4.9960036108132103e-16 1 0 0 0 -4.9960036108132103e-16 -1 5.5
2 46 -1.6875389974302402e-14 -33.5 0 1 -4.9960036108132103e-16 1 0 0 0 -4.9960036108132103e-16 -1 5.5
2 46 -1.6875389974302402e-14 -33.5 0 1 -4.9960036108132103e-16 1 0 0 0 -4.9960036108132103e-16 -1 5.5
2 46 1.6875389974302402e-14 33.5 0 1 -4.9960036108132103e-16 1 0 0 0 -4.9960036108132103e-16 -1 5.5
2 46 1.6875389974302402e-14 33.5 0 1 -4.9960036108132103e-16 1 0 0 0 -4.9960036108132103e-16 -1 5.5
2 -38 1.8651746813702601e-14 38 0 1 -4.9960036108132103e-16 1 0 0 0 -4.9960036108132103e-16 -1 5.5
2 -38 1.8651746813702601e-14 38 0 1 -4.9960036108132103e-16 1 0 0 0 -4.9960036108132103e-16 -1 5.5
1 57.5 2.48689957516035e-14 50 1 3.46667389989703e-32 6.9388939039072296e-17 -6.9388939039072296e-17 4.9960036108132103e-16 1 5.4738221262688167e-48 -1 4.9960036108132103e-16 
2 53.5 2.30926389122033e-14 46 0 1 -4.9960036108132103e-16 1 0 0 0 -4.9960036108132103e-16 -1 4
1 -57.5 2.48689957516035e-14 50 -0 4.9960036108132103e-16 1 1 0 0 0 1 -4.9960036108132103e-16 
2 -53.5 2.30926389122033e-14 46 0 1 -4.9960036108132103e-16 1 0 0 0 -4.9960036108132103e-16 -1 4
1 -57.5 2.48689957516035e-14 50 -1 3.46667389989703e-32 6.9388939039072296e-17 -5.4738221262688167e-48 -1 4.9960036108132103e-16 6.9388939039072296e-17 4.9960036108132103e-16 1 
2 -53.5 -2.30926389122033e-14 -46 0 1 -4.9960036108132103e-16 1 0 0 0 -4.9960036108132103e-16 -1 4
1 -57.5 -2.48689957516035e-14 -50 0 -4.9960036108132103e-16 -1 0 1 -4.9960036108132103e-16 1 0 0 
2 53.5 -2.30926389122033e-14 -46 0 1 -4.9960036108132103e-16 1 0 0 0 -4.9960036108132103e-16 -1 4
1 0 -6.0000000000000204 -38 0 -4.9960036108132103e-16 -1 0 1 -4.9960036108132103e-16 1 0 0 
2 -6.9999999999999902 -6.0000000000000204 -33 -4.3368086899420202e-17 1 -4.9960036108132103e-16 1 4.3368086899420202e-17 -2.1666711874356401e-32 4.1053665947016125e-47 -4.9960036108132103e-16 -1 5
1 -25 -6.0000000000000204 -31.199999999999999 1 6.6084703846735495e-17 -3.30159419037812e-32 -6.6084703846735495e-17 1 -4.9960036108132103e-16 -1.642146637880645e-47 4.9960036108132103e-16 1 
1 25 -6.0000000000000204 -31.199999999999999 -1 -1.3216940769347099e-16 6.60318838075624e-32 -3.28429327576129e-47 4.9960036108132103e-16 1 -1.3216940769347099e-16 1 -4.9960036108132103e-16 
2 6.9999999999999902 -6.0000000000000204 -33 1.7347234759768101e-16 -1 4.9960036108132103e-16 -1 -1.7347234759768101e-16 8.6666847497425602e-32 2.627434620609032e-46 -4.9960036108132103e-16 -1 5
1 -48.696436817979098 -1.9539925233402799e-14 -38.293665454185003 0.49026123963255913 4.3543945305707112e-16 0.87157553712454927 -2.4651903288156613e-32 1 -4.9960036108132094e-16 -0.87157553712454927 2.4493469234460255e-16 0.49026123963255913 
1 48.696436817979098 -1.9539925233402799e-14 -38.293665454185003 0.49026123963255913 -4.3543945305707112e-16 -0.87157553712454927 2.4651903288156613e-32 1 -4.9960036108132094e-16 0.87157553712454927 2.4493469234460255e-16 0.49026123963255913 
1 -43.303563182020902 1.4210854715202001e-14 28.706334545815 0.49026123963255913 -4.3543945305707112e-16 -0.87157553712454927 2.4651903288156613e-32 1 -4.9960036108132094e-16 0.87157553712454927 2.4493469234460255e-16 0.49026123963255913 
1 43.303563182020902 1.4210854715202001e-14 28.706334545815 0.49026123963255913 4.3543945305707112e-16 0.87157553712454927 -2.4651903288156613e-32 1 -4.9960036108132094e-16 -0.87157553712454927 2.4493469234460255e-16 0.49026123963255913 
2 -6.9999999999999902 -5.9999999999999902 33 -4.3368086899420202e-17 1 -4.9960036108132103e-16 1 4.3368086899420202e-17 -2.1666711874356401e-32 4.1053665947016125e-47 -4.9960036108132103e-16 -1 5
1 0 -5.9999999999999796 38 -0 4.9960036108132103e-16 1 1 0 0 0 1 -4.9960036108132103e-16 
2 6.9999999999999902 -5.9999999999999902 33 1.7347234759768101e-16 -1 4.9960036108132103e-16 -1 -1.7347234759768101e-16 8.6666847497425602e-32 2.627434620609032e-46 -4.9960036108132103e-16 -1 5
1 25 -5.9999999999999902 31.199999999999999 1 1.3216940769347099e-16 -6.60318838075624e-32 -1.3216940769347099e-16 1 -4.9960036108132103e-16 -3.28429327576129e-47 4.9960036108132103e-16 1 
1 -25 -5.9999999999999902 31.199999999999999 -1 -6.6084703846735495e-17 3.30159419037812e-32 -1.642146637880645e-47 4.9960036108132103e-16 1 -6.6084703846735495e-17 1 -4.9960036108132103e-16 
2 -9.9999999999999893 -83 33 -1 0 0 0 1 -4.9960036108132103e-16 -0 -4.9960036108132103e-16 -1 5
5 -4.9999999999999902 -81 33 0 -4.9960036108132103e-16 -1 0 1 -4.9960036108132103e-16 1 0 0 2 5
2 -15 -108.85365311171 31.200000000000099 0 -4.9960036108132103e-16 -1 0 -1 4.9960036108132103e-16 -1 -0 0 9.9999999999999893
1 -25 -111 31.200000000000099 -0.91192150517510639 -0.41036467732879817 2.050183409684871e-16 -2.2186712959340953e-31 4.9960036108132094e-16 1 -0.41036467732879817 0.91192150517510639 -4.5559631326330489e-16 
2 -9.53414390026931 -121 31.200000000000099 0 -4.9960036108132103e-16 -1 0 -1 4.9960036108132103e-16 -1 -0 0 9.9999999999999893
1 -16 -131 31.200000000000099 0 -1 4.9960036108132103e-16 1 0 0 -0 4.9960036108132103e-16 1 
2 9.5341439002693402 -121 31.200000000000099 0 -4.9960036108132103e-16 -1 0 -1 4.9960036108132103e-16 -1 -0 0 9.9999999999999893
1 16 -131 31.200000000000099 0.91192150517510651 -0.41036467732879783 2.050183409684869e-16 -3.2047474274603605e-31 -4.9960036108132113e-16 -1 0.41036467732879783 0.91192150517510651 -4.5559631326330519e-16 
2 15 -108.85365311171 31.200000000000099 0 -4.9960036108132103e-16 -1 0 -1 4.9960036108132103e-16 -1 -0 0 9.9999999999999893
5 5.0000000000000098 -81 33 0 -4.9960036108132103e-16 -1 0 1 -4.9960036108132103e-16 1 0 0 2 5
1 0 -0.5 1.58206781009085e-15 0 -1 4.9960036108132103e-16 1 0 0 -0 4.9960036108132103e-16 1 
1 -45 -0.499999999999996 9.0000000000000107 -1.7282328521975201e-16 -4.9960036108132103e-16 -1 -1 8.6342575699047999e-32 1.7282328521975201e-16 -2.4084817355582793e-46 1 -4.9960036108132103e-16 
1 -45 -0.500000000000004 -9 -1.7282328521975201e-16 4.9960036108132103e-16 1 1 8.6342575699047999e-32 1.7282328521975201e-16 2.4084817355582793e-46 1 -4.9960036108132103e-16 
1 -45 -0.499999999999996 9.0000000000000107 1 0 -0 0 4.9960036108132103e-16 1 0 -1 4.9960036108132103e-16 
1 0 -0.5 1.58206781009085e-15 0 -1 4.9960036108132103e-16 1 0 0 -0 4.9960036108132103e-16 1 
1 24.924887161229002 -0.500000000000004 -9 1.7282328521975201e-16 4.9960036108132103e-16 1 1 -8.6342575699047999e-32 -1.7282328521975201e-16 -2.4084817355582793e-46 1 -4.9960036108132103e-16 
1 24.924887161229002 -0.499999999999996 9 8.6411642609875895e-17 -4.9960036108132103e-16 -1 0 1 -4.9960036108132103e-16 1 4.3171287849524065e-32 8.6411642609875895e-17 
1 45 -0.499999999999996 9 -1 0 0 0 -1 4.9960036108132103e-16 0 4.9960036108132103e-16 1 
2 0 -0.5 1.58206781009085e-15 0 -1 4.9960036108132103e-16 -1 0 0 -0 -4.9960036108132103e-16 -1 26.5
2 0 -0.5 1.58206781009085e-15 0 -1 4.9960036108132103e-16 -1 0 0 -0 -4.9960036108132103e-16 -1 26.5
2 -15 -108.85365311171 -31.1999999999999 0 4.9960036108132103e-16 1 0 1 -4.9960036108132103e-16 -1 0 0 9.9999999999999893
1 -25 -111 -31.1999999999999 0.91192150517510639 0.41036467732879817 -2.050183409684871e-16 2.2186712959340953e-31 -4.9960036108132094e-16 -1 -0.41036467732879817 0.91192150517510639 -4.5559631326330489e-16 
2 -9.53414390026931 -121 -31.1999999999999 0 4.9960036108132103e-16 1 0 1 -4.9960036108132103e-16 -1 0 0 9.9999999999999893
1 -16 -131 -31.1999999999999 0 1 -4.9960036108132103e-16 0 -4.9960036108132103e-16 -1 -1 0 -0 
2 9.5341439002693296 -121 -31.1999999999999 0 4.9960036108132103e-16 1 0 1 -4.9960036108132103e-16 -1 0 0 9.9999999999999893
1 16 -131 -31.1999999999999 -0.91192150517510651 0.41036467732879783 -2.050183409684869e-16 -0.41036467732879783 -0.91192150517510651 4.5559631326330499e-16 2.7117093616972281e-31 4.9960036108132103e-16 1 
2 15 -108.85365311171 -31.1999999999999 0 4.9960036108132103e-16 1 0 1 -4.9960036108132103e-16 -1 0 0 9.9999999999999893
5 -4.9999999999999902 -81 -33 0 4.9960036108132103e-16 1 0 -1 4.9960036108132103e-16 1 0 -0 2 5
2 -9.9999999999999893 -83 -33 -1 0 0 0 1 -4.9960036108132103e-16 -0 -4.9960036108132103e-16 -1 5
5 5.0000000000000098 -81 -33 0 4.9960036108132103e-16 1 0 -1 4.9960036108132103e-16 1 0 -0 2 5
5 1.27599878532604e-14 -116 26.062095046036202 -6.5014912851549895e-17 -4.2483832923030502e-18 -1 -0.86602540378443882 -0.49999999999999989 5.8428757800425125e-17 -0.49999999999999989 0.86602540378443882 2.8828248569627126e-17 2.7583026557127299 15.825120832034999
1 1.3763681898452899e-14 -116 41.5 -6.5014912851549895e-17 -4.2483832923030602e-18 -1 -0.86602540378443882 -0.49999999999999989 5.8428757800425137e-17 -0.49999999999999989 0.86602540378443882 2.882824856962712e-17 
5 1.27599878532604e-14 -116 26.062095046036202 -6.5014912851549895e-17 -4.2483832923030502e-18 -1 -0.86602540378443882 -0.49999999999999989 5.8428757800425125e-17 -0.49999999999999989 0.86602540378443882 2.8828248569627126e-17 2.7583026557127299 15.825120832034999
1 1.16947579512206e-14 -106.762395692966 37 -0.49999999999999989 -0.86602540378443882 3.6186664281922794e-17 6.501491285154992e-17 4.2483832923030895e-18 1 -0.86602540378443882 0.49999999999999989 5.4180374508122071e-17 
1 -7.9999999999999902 -111.381197846483 37 0.49999999999999989 -0.86602540378443882 -2.8828248569627095e-17 6.5014912851549883e-17 4.2483832923030864e-18 1 -0.86602540378443882 -0.49999999999999989 5.8428757800425137e-17 
1 -7.9999999999999902 -120.618802153517 37 1 -2.2204460492503101e-16 -6.5014912851549895e-17 2.2204460492503101e-16 1 -4.2483832923030803e-18 6.5014912851549895e-17 4.2483832923030656e-18 1 
2 8.2374143060711208e-15 -116 -43.5 -6.5014912851549895e-17 -4.2483832923030502e-18 -1 0.86602540378443882 0.49999999999999989 -5.8428757800425125e-17 0.49999999999999989 -0.86602540378443882 -2.8828248569627126e-17 5
1 8.2374143060711208e-15 -116 -43.5 -6.5014912851549895e-17 -4.2483832923030602e-18 -1 -0.86602540378443882 -0.49999999999999989 5.8428757800425137e-17 -0.49999999999999989 0.86602540378443882 2.882824856962712e-17 
2 8.2374143060711208e-15 -116 -43.5 -6.5014912851549895e-17 -4.2483832923030502e-18 -1 0.86602540378443882 0.49999999999999989 -5.8428757800425125e-17 0.49999999999999989 -0.86602540378443882 -2.8828248569627126e-17 5
1 1.3471114790620899e-14 -116 37 -6.5014912851549895e-17 -4.2483832923030602e-18 -1 -0.86602540378443882 -0.49999999999999989 5.8428757800425137e-17 -0.49999999999999989 0.86602540378443882 2.882824856962712e-17 
1 9.9184011118203796e-15 -125.237604307034 37 0.49999999999999989 0.86602540378443882 -3.6186664281922794e-17 -6.501491285154992e-17 -4.2483832923030895e-18 -1 -0.86602540378443882 0.49999999999999989 5.4180374508122071e-17 
1 8.0000000000000107 -111.381197846483 37 -1 2.2204460492503101e-16 6.5014912851549895e-17 6.5014912851549895e-17 4.2483832923030502e-18 1 2.2204460492503101e-16 1 -4.2483832923030649e-18 
1 8.0000000000000107 -120.618802153517 37 -0.49999999999999989 0.86602540378443882 2.8828248569627095e-17 -0.86602540378443882 -0.49999999999999989 5.8428757800425088e-17 6.5014912851549846e-17 4.2483832923030618e-18 1 
5 8.6600112396061902e-15 -116 -43.999999999999901 0 -4.9960036108132005e-16 -1 -3.88578058618804e-16 1 -4.9960036108132005e-16 1 3.88578058618804e-16 -1.9413373839423283e-31 5.7000000000000002 0.5
5 8.6600112396061902e-15 -116 -43.999999999999901 0 -4.9960036108132005e-16 -1 -3.88578058618804e-16 1 -4.9960036108132005e-16 1 3.88578058618804e-16 -1.9413373839423283e-31 6.7000000000000002 0.5
5 8.6600112396061902e-15 -116 -43.999999999999901 0 -4.9960036108132005e-16 -1 -3.88578058618804e-16 1 -4.9960036108132005e-16 1 3.88578058618804e-16 -1.9413373839423283e-31 5.7000000000000002 0.5
1 8.6600112396061902e-15 -116 -44.499999999999901 0 -4.9960036108132005e-16 -1 1 0 0 0 -1 4.9960036108132005e-16 
5 8.6600112396061902e-15 -116 -43.999999999999901 0 -4.9960036108132005e-16 -1 -3.88578058618804e-16 1 -4.9960036108132005e-16 1 3.88578058618804e-16 -1.9413373839423283e-31 6.7000000000000002 0.5
1 8.6600112396061902e-15 -116 -43.499999999999901 0 -4.9960036108132005e-16 -1 1 0 0 0 -1 4.9960036108132005e-16 
5 8.6600112396061902e-15 -116 -38.999999999999901 0 -4.9960036108132005e-16 -1 -3.88578058618804e-16 1 -4.9960036108132005e-16 1 3.88578058618804e-16 -1.9413373839423283e-31 6.5447839840064601 2
1 8.6600112396061902e-15 -116 -36.999999999999901 0 -4.9960036108132005e-16 -1 1 0 0 0 -1 4.9960036108132005e-16 
5 8.6600112396061902e-15 -116 -38.999999999999901 0 -4.9960036108132005e-16 -1 -3.88578058618804e-16 1 -4.9960036108132005e-16 1 3.88578058618804e-16 -1.9413373839423283e-31 6.5447839840064601 2
1 4.2723919920032403 -123.40000000000001 -44.499999999999901 4.9960036108132005e-16 1 -4.9960036108132005e-16 1 -4.9960036108132005e-16 2.4960052079258599e-31 6.1306807814210747e-46 -4.9960036108132005e-16 -1 
1 8.5447839840064805 -116 -44.499999999999901 -0.86602540378443882 0.49999999999999989 -2.4980018054065998e-16 0 -4.9960036108132005e-16 -1 -0.49999999999999989 -0.86602540378443882 4.3266660443630165e-16 
1 4.2723919920032403 -108.59999999999999 -44.499999999999901 -0.86602540378443882 -0.49999999999999989 2.4980018054065998e-16 -0.49999999999999989 0.86602540378443882 -4.3266660443630194e-16 1.4791141972893969e-31 -4.9960036108132034e-16 -1 
1 -4.2723919920032198 -108.59999999999999 -44.499999999999901 -4.9960036108132005e-16 -1 4.9960036108132005e-16 -1 4.9960036108132005e-16 -2.4960052079258599e-31 6.1306807814210747e-46 -4.9960036108132005e-16 -1 
2 8.6600112396061902e-15 -116 -44.499999999999901 0 -4.9960036108132005e-16 -1 3.88578058618804e-16 -1 4.9960036108132005e-16 -1 -3.88578058618804e-16 1.9413373839423283e-31 5
2 8.6600112396061902e-15 -116 -44.499999999999901 0 -4.9960036108132005e-16 -1 3.88578058618804e-16 -1 4.9960036108132005e-16 -1 -3.88578058618804e-16 1.9413373839423283e-31 5
5 8.6600112396061902e-15 -116 -41.192521789934901 0 -4.9960036108132005e-16 -1 -3.88578058618804e-16 1 -4.9960036108132005e-16 1 3.88578058618804e-16 -1.9413373839423283e-31 6.2373057739414204 2.6521604325002399
5 8.6600112396061902e-15 -116 -41.192521789934901 0 -4.9960036108132005e-16 -1 -3.88578058618804e-16 1 -4.9960036108132005e-16 1 3.88578058618804e-16 -1.9413373839423283e-31 6.2373057739414204 2.6521604325002399
5 8.6600112396061902e-15 -116 -41.192521789934901 0 -4.9960036108132005e-16 -1 -3.88578058618804e-16 1 -4.9960036108132005e-16 1 3.88578058618804e-16 -1.9413373839423283e-31 6.2373057739414204 2.6521604325002399
5 8.6600112396061902e-15 -116 -41.192521789934901 0 -4.9960036108132005e-16 -1 -3.88578058618804e-16 1 -4.9960036108132005e-16 1 3.88578058618804e-16 -1.9413373839423283e-31 6.2373057739414204 2.6521604325002399
1 -4.2723919920032198 -123.40000000000001 -44.499999999999901 0.86602540378443882 0.49999999999999989 -2.4980018054065998e-16 0 4.9960036108132005e-16 1 0.49999999999999989 -0.86602540378443882 4.3266660443630165e-16 
5 8.6600112396061902e-15 -116 -41.192521789934901 0 -4.9960036108132005e-16 -1 -3.88578058618804e-16 1 -4.9960036108132005e-16 1 3.88578058618804e-16 -1.9413373839423283e-31 6.2373057739414204 2.6521604325002399
1 -8.5447839840064592 -116 -44.499999999999901 0.86602540378443882 -0.49999999999999989 2.4980018054065998e-16 0 4.9960036108132005e-16 1 -0.49999999999999989 -0.86602540378443882 4.3266660443630165e-16 
5 8.6600112396061902e-15 -116 -41.192521789934901 0 -4.9960036108132005e-16 -1 -3.88578058618804e-16 1 -4.9960036108132005e-16 1 3.88578058618804e-16 -1.9413373839423283e-31 6.2373057739414204 2.6521604325002399
2 0 -116 -24 0 0 -1 1 0 0 0 -1 0 6
2 0 -116 -24 0 0 -1 1 0 0 0 -1 0 6
1 0 -116 4 0 0 1 1 0 -0 -0 1 0 
1 0 -116 -4 0 0 -1 0 -1 0 -1 -0 -0 
5 0 -116 10 0 0 1 1 0 -0 -0 1 0 65 10
2 0 -116 24 0 0 1 -1 0 0 0 -1 0 75
5 0 -116 10 0 0 1 1 0 -0 -0 1 0 65 10
1 0 -116 20 0 0 1 1 0 -0 -0 1 0 
5 0 -116 -10 0 0 -1 -1 0 0 0 1 0 65 10
5 0 -116 -10 0 0 -1 -1 0 0 0 1 0 65 10
1 0 -116 -20 0 0 -1 0 -1 0 -1 -0 -0 
2 0 -116 -4 0 0 1 -1 0 0 0 -1 0 52.5
2 0 -116 -4 0 0 1 -1 0 0 0 -1 0 52.5
1 0 -116 -24 0 0 1 1 0 -0 -0 1 0 
2 0 -116 -20 0 0 1 -1 0 0 0 -1 0 60
2 0 -116 -20 0 0 1 -1 0 0 0 -1 0 60
2 0 -116 4 0 0 -1 1 0 0 0 -1 0 52.5
2 0 -116 4 0 0 -1 1 0 0 0 -1 0 52.5
1 0 -116 24 0 0 1 1 0 -0 -0 1 0 
2 0 -116 20 0 0 -1 1 0 0 0 -1 0 60
2 0 -116 20 0 0 -1 1 0 0 0 -1 0 60
2 0 -116 24 0 0 1 -1 0 0 0 -1 0 75
9 1 0 0 0 3 3 4 4 2 2 -27.458588586577701 -116 -24  1 -27.458588586577701 -170.91717717315501 -24  0.33333333333333298 27.458588586577701 -170.91717717315501 -24  0.33333333333333298 27.458588586577701 -116 -24  1 
-33.4341266383408 -116 -23.899227459420999  1 -33.4341266383408 -182.868253276682 -23.899227459420999  0.33333333333333298 33.4341266383407 -182.868253276682 -23.899227459420999  0.33333333333333298 33.4341266383408 -116 -23.899227459420999  1 
-39.265821786774602 -116 -23.0178118274649  1 -39.265821786774602 -194.53164357354899 -23.0178118274649  0.33333333333333298 39.265821786774602 -194.53164357354899 -23.0178118274649  0.33333333333333298 39.265821786774602 -116 -23.0178118274649  1 
-45.000000000000099 -116 -21.3489581476443  1 -45.000000000000199 -206 -21.3489581476443  0.33333333333333298 45.000000000000099 -206 -21.3489581476443  0.33333333333333298 45.000000000000099 -116 -21.3489581476443  1 

0 4
1 4

0 4
1 4

1 -2.8337791723134101e-16 -116 -24 0 0 1 1 0 -0 -0 1 0 
9 1 0 0 0 3 3 4 7 2 3 27.458588586577701 -116.00000001372899 -24  1 27.458588594620199 -99.915131220146705 -24  0.80473785406543896 16.0848688004472 -88.541411417443499 -24  0.80473785406543896 6.8646558380181202e-09 -88.541411413422296 -24  1 -16.084868786717902 -88.541411409401107 -24  0.80473785406543896 -27.458588586577701 -99.915131206417399 -24  0.80473785406543896 -27.458588586577701 -116 -24  1 
33.4341266383408 -116.000000016717 -23.899227459420999  1 33.4341266481334 -96.414742074194393 -23.899227459420999  0.80473785406543896 19.5852579508812 -82.565873366555607 -23.899227459420999  0.80473785406543896 8.3585423040443196e-09 -82.5658733616592 -23.899227459420999  1 -19.585257934164201 -82.565873356762907 -23.899227459420999  0.80473785406543896 -33.4341266383408 -96.414742057477298 -23.899227459420999  0.80473785406543896 -33.4341266383408 -116 -23.899227459420999  1 
39.265821786774602 -116.00000001963301 -23.0178118274649  1 39.265821798275297 -92.998614150105894 -23.0178118274649  0.80473785406543896 23.001385879343498 -76.734178218975799 -23.0178118274649  0.80473785406543896 9.8164679972236397e-09 -76.734178213225405 -23.0178118274649  1 -23.001385859710499 -76.734178207475097 -23.0178118274649  0.80473785406543896 -39.265821786774602 -92.998614130473001 -23.0178118274649  0.80473785406543896 -39.265821786774602 -116 -23.0178118274649  1 
45.000000000000099 -116.0000000225 -21.3489581476443  1 45.000000013180298 -89.639610324063895 -21.3489581476443  0.80473785406543896 26.3603897096861 -71.00000000659 -21.3489581476443  0.80473785406543896 1.12500144247278e-08 -70.999999999999901 -21.3489581476443  1 -26.360389687186 -70.999999993409702 -21.3489581476443  0.80473785406543896 -45.000000000000099 -89.639610301563906 -21.3489581476443  0.80473785406543896 -45.000000000000099 -116 -21.3489581476443  1 

0 4
1 4

0 4
0.5 3
1 4

2 -2.8337791723134101e-16 -116 -21 0 0 1 -1 0 0 0 -1 0 45
9 1 0 0 0 2 3 3 4 2 2 27.5 -116 -29  1 27.5 -61 -29  0.33333333333333298 -27.5 -61 -29  0.33333333333333298 -27.5 -116 -29  1 
39.028058991982199 -116 -28.8123505129556  1 39.028058991982199 -37.943882016035701 -28.8123505129556  0.33333333333333298 -39.028058991982199 -37.943882016035701 -28.8123505129556  0.33333333333333298 -39.028058991982199 -116 -28.8123505129556  1 
50 -116 -25  1 50 -16 -25  0.33333333333333298 -50 -16 -25  0.33333333333333298 -50 -116 -25  1 

0 3
1 3

0 4
1 4

9 1 0 0 0 2 3 3 4 2 2 -27.5 -116 -29  1 -27.5 -171 -29  0.33333333333333298 27.5 -171 -29  0.33333333333333298 27.5 -116 -29  1 
-39.028058991982199 -116 -28.8123505129556  1 -39.028058991982199 -194.05611798396399 -28.8123505129556  0.33333333333333298 39.0280589919821 -194.05611798396399 -28.8123505129556  0.33333333333333298 39.028058991982199 -116 -28.8123505129556  1 
-50 -116 -25  1 -50 -216 -25  0.33333333333333298 50 -216 -25  0.33333333333333298 50 -116 -25  1 

0 3
1 3

0 4
1 4

2 -2.8337791723134101e-16 -116 -21 0 0 1 -1 0 0 0 -1 0 50
1 -2.8337791723134101e-16 -116 -29 0 0 1 1 0 -0 -0 1 0 
2 -2.8337791723134101e-16 -116 -29 0 0 -1 1 0 0 0 -1 0 6
2 -2.8337791723134101e-16 -116 -29 0 0 -1 1 0 0 0 -1 0 6
1 -2.8337791723134101e-16 -116 -4 0 0 -1 0 -1 0 -1 -0 -0 
2 -2.8337791723134101e-16 -116 -4 0 0 1 -1 0 0 0 -1 0 11
2 -2.8337791723134101e-16 -116 -4 0 0 1 -1 0 0 0 -1 0 11
2 -2.8337791723134101e-16 -116 -21 0 0 1 -1 0 0 0 -1 0 45
1 -2.8337791723134101e-16 -116 -21 0 0 1 1 0 -0 -0 1 0 
2 -2.8337791723134101e-16 -116 -21 0 0 1 -1 0 0 0 -1 0 50
9 1 0 0 0 3 3 4 4 2 2 25.364267704062598 -105.482014879095 24  1 46.400237945872902 -156.21055028722 24  0.33333333333333298 -4.3282974622523298 -177.24652052902999 24  0.33333333333333298 -25.364267704062598 -126.517985120905 24  1 
30.884039645101801 -103.19309095572299 23.899227459420999  1 56.497857733655998 -164.96117024592601 23.899227459420999  0.33333333333333298 -5.2702215565475896 -190.57498833448099 23.899227459420999  0.33333333333333298 -30.884039645101801 -128.80690904427701 23.899227459420999  1 
36.270939865663898 -100.959265913788 23.0178118274649  1 66.352408038087603 -173.501145645116 23.0178118274649  0.33333333333333298 -6.1894716932401099 -203.58261381753999 23.0178118274649  0.33333333333333298 -36.270939865663898 -131.04073408621201 23.0178118274649  1 
41.567760960618202 -98.762794637154201 21.3489581476443  1 76.0421716863097 -181.898316558391 21.3489581476443  0.33333333333333298 -7.0933502349266604 -216.372727284082 21.3489581476443  0.33333333333333298 -41.567760960618202 -133.237205362846 21.3489581476443  1 

0 4
1 4

0 4
1 4

1 1.13256226665197e-14 -116 24 2.0116075012350099e-51 -3.0784530816998399e-50 -1 -0.92372802134706811 -0.38304900806323805 9.9338057763006849e-51 -0.38304900806323805 0.92372802134706811 -2.9207077997644416e-50 
9 1 0 0 0 3 3 4 7 2 3 -25.364267698803602 -126.517985133587 24  1 -31.525560742441801 -111.659941112345 24  0.80473785406543896 -25.376029150029101 -96.797025338490499 24  0.80473785406543896 -10.517985127246201 -90.635732298566893 24  1 4.3400588955366901 -84.474439258643201 24  0.80473785406543896 19.2029746678535 -90.623970854771599 24  0.80473785406543896 25.364267704062598 -105.482014879095 24  1 
-30.8840396386984 -128.806909059719 23.899227459420999  1 -38.386153275289999 -110.71545749665199 23.899227459420999  0.80473785406543896 -30.898360616941002 -92.618073990168796 23.899227459420999  0.80473785406543896 -12.806909051998099 -85.115960358099898 23.899227459420999  1 5.2845425129448103 -77.613846726031099 23.899227459420999  0.80473785406543896 23.381926017555799 -85.101639388904402 23.899227459420999  0.80473785406543896 30.884039645101801 -103.19309095572299 23.899227459420999  1 
-36.2709398581435 -131.040734104347 23.0178118274649  1 -45.081597910169101 -109.793709451254 23.0178118274649  0.80473785406543896 -36.287758750575499 -88.539718184810198 23.0178118274649  0.80473785406543896 -15.0407340952796 -79.729060138096301 23.0178118274649  1 6.2062905600163196 -70.918402091382404 23.0178118274649  0.80473785406543896 27.460281824261799 -79.712241256289502 23.0178118274649  0.80473785406543896 36.270939865663898 -100.959265913788 23.0178118274649  1 
-41.567760951999603 -133.23720538363 21.3489581476443  1 -51.665082090320801 -108.887374770604 21.3489581476443  0.80473785406543896 -41.587035988787299 -84.5295601759249 21.3489581476443  0.80473785406543896 -17.2372053732377 -74.432239043691098 21.3489581476443  1 7.1126252423119496 -64.334917911457296 21.3489581476443  0.80473785406543896 31.4704398344719 -74.412964019080206 21.3489581476443  0.80473785406543896 41.567760960618202 -98.762794637154201 21.3489581476443  1 

0 4
1 4

0 4
0.5 3
1 4

2 1.13256226665197e-14 -116 21 2.0116075012350099e-51 -3.0784530816998399e-50 -1 0.92372802134706811 0.38304900806323805 -9.9338057763006849e-51 0.38304900806323805 -0.92372802134706811 2.9207077997644416e-50 45
9 1 0 0 0 2 3 3 4 2 2 -25.4025205870444 -126.53384772173899 29  1 -46.470216030522401 -75.728806547650294 29  0.33333333333333298 4.3348251435663103 -54.661111104172299 29  0.33333333333333298 25.4025205870444 -105.46615227826101 29  1 
-36.051311709680299 -130.94965928351201 28.8123505129556  1 -65.950630276704899 -58.8470358641516 28.8123505129556  0.33333333333333298 6.1519931426557699 -28.947717297127099 28.8123505129556  0.33333333333333298 36.051311709680398 -101.05034071648799 28.8123505129556  1 
-46.186401067353401 -135.15245040316199 25  1 -84.491301873677202 -42.779648268455098 25  0.33333333333333298 7.8815002610296396 -4.4747474621313197 25  0.33333333333333298 46.186401067353401 -96.847549596838107 25  1 

0 3
1 3

0 4
1 4

9 1 0 0 0 2 3 3 4 2 2 25.4025205870444 -105.46615227826101 29  1 46.470216030522501 -156.27119345234999 29  0.33333333333333298 -4.3348251435662704 -177.33888889582801 29  0.33333333333333298 -25.4025205870444 -126.53384772173899 29  1 
36.051311709680398 -101.05034071648799 28.8123505129556  1 65.950630276704899 -173.15296413584801 28.8123505129556  0.33333333333333298 -6.1519931426557202 -203.05228270287299 28.8123505129556  0.33333333333333298 -36.051311709680299 -130.94965928351201 28.8123505129556  1 
46.186401067353401 -96.847549596838107 25  1 84.491301873677202 -189.22035173154501 25  0.33333333333333298 -7.8815002610295997 -227.52525253786899 25  0.33333333333333298 -46.186401067353401 -135.15245040316199 25  1 

0 3
1 3

0 4
1 4

2 1.13256226665197e-14 -116 21 2.0116075012350099e-51 -3.0784530816998399e-50 -1 0.92372802134706811 0.38304900806323805 -9.9338057763006849e-51 0.38304900806323805 -0.92372802134706811 2.9207077997644416e-50 50
1 1.13256226665197e-14 -116 29 2.0116075012350099e-51 -3.0784530816998399e-50 -1 -0.92372802134706811 -0.38304900806323805 9.9338057763006849e-51 -0.38304900806323805 0.92372802134706811 -2.9207077997644416e-50 
2 1.13256226665197e-14 -116 29 -2.0116075012350099e-51 3.0784530816998399e-50 1 -0.92372802134706811 -0.38304900806323805 9.9338057763006849e-51 0.38304900806323805 -0.92372802134706811 2.9207077997644416e-50 6
2 1.13256226665197e-14 -116 29 -2.0116075012350099e-51 3.0784530816998399e-50 1 -0.92372802134706811 -0.38304900806323805 9.9338057763006849e-51 0.38304900806323805 -0.92372802134706811 2.9207077997644416e-50 6
1 1.13256226665197e-14 -116 4 -2.0116075012350099e-51 3.0784530816998399e-50 1 0.38304900806323805 -0.92372802134706811 2.9207077997644416e-50 0.92372802134706811 0.38304900806323805 -9.9338057763006849e-51 
2 1.13256226665197e-14 -116 4 2.0116075012350099e-51 -3.0784530816998399e-50 -1 0.92372802134706811 0.38304900806323805 -9.9338057763006849e-51 0.38304900806323805 -0.92372802134706811 2.9207077997644416e-50 11
2 1.13256226665197e-14 -116 4 2.0116075012350099e-51 -3.0784530816998399e-50 -1 0.92372802134706811 0.38304900806323805 -9.9338057763006849e-51 0.38304900806323805 -0.92372802134706811 2.9207077997644416e-50 11
2 1.13256226665197e-14 -116 21 2.0116075012350099e-51 -3.0784530816998399e-50 -1 0.92372802134706811 0.38304900806323805 -9.9338057763006849e-51 0.38304900806323805 -0.92372802134706811 2.9207077997644416e-50 45
1 1.13256226665197e-14 -116 21 2.0116075012350099e-51 -3.0784530816998399e-50 -1 -0.92372802134706811 -0.38304900806323805 9.9338057763006849e-51 -0.38304900806323805 0.92372802134706811 -2.9207077997644416e-50 
2 1.13256226665197e-14 -116 21 2.0116075012350099e-51 -3.0784530816998399e-50 -1 0.92372802134706811 0.38304900806323805 -9.9338057763006849e-51 0.38304900806323805 -0.92372802134706811 2.9207077997644416e-50 50
Triangulations 0

TShapes 1108
Ve
1e-07
-51.5 -6.00000000000002 -33.5
0 0

0101101
*
Ve
1e-07
-43.3035631820209 -6.00000000000001 -28.706334545815
0 0

0101101
*
Ed
 1e-07 1 1 0
1  1 0 3.14159265358979 5.22477844069543
2  1 1 0 3.14159265358979 5.22477844069543
4 C0 1 0 2 0
0

0101000
+1108 0 -1107 0 *
Ve
1e-07
-43.3035631820209 -1.4210854715202e-14 -28.706334545815
0 0

0101101
*
Ed
 1e-07 1 1 0
1  2 0 0 6
2  2 1 0 0 6
4 G1 1 0 3 0
0

0101000
+1105 0 -1107 0 *
Ve
1e-07
-51.5 -1.68753899743024e-14 -33.5
0 0

0101101
*
Ed
 1e-07 1 1 0
1  3 0 3.14159265358979 5.22477844069543
2  3 1 0 3.14159265358979 5.22477844069543
4 C0 1 0 4 0
0

0101000
+1103 0 -1105 0 *
Ed
 1e-07 1 1 0
1  4 0 0 6
2  4 1 0 0 6
2  5 5 0 0 6
4 CN 1 0 5 0
0

0101000
+1103 0 -1108 0 *
Wi

0101100
+1106 0 -1104 0 -1102 0 +1101 0 *
Fa
0  1e-07 1 0

0111000
+1100 0 *
Ve
1e-07
35.3035631820209 -6.00000000000002 -33.206334545815
0 0

0101101
*
Ve
1e-07
32.5 -6.00000000000002 -38
0 0

0101101
*
Ed
 1e-07 1 1 0
1  5 0 5.22477844069543 6.28318530717959
2  6 6 0 5.22477844069543 6.28318530717959
4 C0 6 0 2 0
0

0101000
+1098 0 -1097 0 *
Ve
1e-07
35.3035631820209 -1.68753899743024e-14 -33.206334545815
0 0

0101101
*
Ed
 1e-07 1 1 0
1  6 0 0 6
2  7 6 0 0 6
4 G1 6 0 7 0
0

0101000
+1095 0 -1098 0 *
Ve
1e-07
32.5 -1.86517468137026e-14 -38
0 0

0101101
*
Ed
 1e-07 1 1 0
1  7 0 5.22477844069543 6.28318530717959
2  8 6 0 5.22477844069543 6.28318530717959
4 C0 6 0 4 0
0

0101000
+1095 0 -1093 0 *
Ed
 1e-07 1 1 0
1  8 0 0 6
2  9 6 0 0 6
2  10 8 0 0 6
4 CN 6 0 8 0
0

0101000
+1093 0 -1097 0 *
Wi

0101100
-1096 0 -1094 0 +1092 0 +1091 0 *
Fa
0  1e-07 6 0

0111000
+1090 0 *
Ve
1e-07
32.5 -5.99999999999998 38
0 0

0101101
*
Ve
1e-07
40.6964368179791 -5.99999999999998 42.793665454185
0 0

0101101
*
Ed
 1e-07 1 1 0
1  9 0 0 2.08318578710564
2  11 9 0 0 2.08318578710564
4 C0 9 0 2 0
0

0101000
+1088 0 -1087 0 *
Ve
1e-07
40.6964368179791 2.1316282072803e-14 42.793665454185
0 0

0101101
*
Ed
 1e-07 1 1 0
1  10 0 0 6
2  12 9 0 0 6
4 G1 9 0 10 0
0

0101000
+1085 0 -1087 0 *
Ve
1e-07
32.5 1.86517468137026e-14 38
0 0

0101101
*
Ed
 1e-07 1 1 0
1  11 0 0 2.08318578710564
2  13 9 0 0 2.08318578710564
4 C0 9 0 4 0
0

0101000
+1083 0 -1085 0 *
Ed
 1e-07 1 1 0
1  12 0 0 6
2  14 9 0 0 6
2  15 11 0 0 6
4 CN 9 0 11 0
0

0101000
+1083 0 -1088 0 *
Wi

0101100
+1086 0 -1084 0 -1082 0 +1081 0 *
Fa
0  1e-07 9 0

0111000
+1080 0 *
Ve
1e-07
-48.6964368179791 -5.99999999999998 38.293665454185
0 0

0101101
*
Ve
1e-07
-51.5 -5.99999999999998 33.5
0 0

0101101
*
Ed
 1e-07 1 1 0
1  13 0 2.08318578710564 3.14159265358979
2  16 12 0 2.08318578710564 3.14159265358979
4 C0 12 0 2 0
0

0101000
+1078 0 -1077 0 *
Ve
1e-07
-48.6964368179791 1.95399252334028e-14 38.293665454185
0 0

0101101
*
Ed
 1e-07 1 1 0
1  14 0 0 6
2  17 12 0 0 6
4 G1 12 0 13 0
0

0101000
+1075 0 -1078 0 *
Ve
1e-07
-51.5 1.68753899743024e-14 33.5
0 0

0101101
*
Ed
 1e-07 1 1 0
1  15 0 2.08318578710564 3.14159265358979
2  18 12 0 2.08318578710564 3.14159265358979
4 C0 12 0 4 0
0

0101000
+1075 0 -1073 0 *
Ed
 1e-07 1 1 0
1  16 0 0 6
2  19 12 0 0 6
2  20 14 0 0 6
4 CN 12 0 14 0
0

0101000
+1073 0 -1077 0 *
Wi

0101100
-1076 0 -1074 0 +1072 0 +1071 0 *
Fa
0  1e-07 12 0

0111000
+1070 0 *
Ve
1e-07
1.34711147906209e-14 -121.25 31.2000000000001
0 0

0101101
*
Ve
1e-07
1.34711147906209e-14 -121.25 37.0000000000001
0 0

0101101
*
Ed
 1e-07 1 1 0
1  17 0 81.2 87
2  21 15 0 81.2 87
2  22 16 0 81.2 87
4 CN 15 0 16 0
0

0101000
+1068 0 -1067 0 *
Ve
1e-07
1.41140543601732e-14 -110.75 37.0000000000001
0 0

0101101
*
Ed
 1e-07 1 1 0
1  18 0 3.14159265358979 6.28318530717959
2  23 15 0 3.14159265358979 6.28318530717959
4 C0 15 0 17 0
0

0101000
+1065 0 -1067 0 *
Ve
1e-07
1.41140543601732e-14 -110.75 31.2000000000001
0 0

0101101
*
Ed
 1e-07 1 1 0
1  19 0 81.2 87
2  24 15 0 81.2 87
2  25 16 0 81.2 87
4 CN 15 0 16 0
0

0101000
+1063 0 -1065 0 *
Ed
 1e-07 1 1 0
1  20 0 3.14159265358979 6.28318530717959
2  26 15 0 3.14159265358979 6.28318530717959
4 C0 15 0 18 0
0

0101000
+1063 0 -1068 0 *
Wi

0101100
+1066 0 -1064 0 -1062 0 +1061 0 *
Fa
0  1e-07 15 0

0111000
+1060 0 *
Ve
1e-07
1.34711147906209e-14 -121.25 -36.9999999999999
0 0

0101101
*
Ve
1e-07
1.34711147906209e-14 -121.25 -31.1999999999999
0 0

0101101
*
Ed
 1e-07 1 1 0
1  21 0 13 18.8
2  27 19 0 13 18.8
2  28 20 0 13 18.8
4 CN 19 0 20 0
0

0101000
+1058 0 -1057 0 *
Ve
1e-07
1.41140543601732e-14 -110.75 -31.1999999999999
0 0

0101101
*
Ed
 1e-07 1 1 0
1  22 0 3.14159265358979 6.28318530717959
2  29 19 0 3.14159265358979 6.28318530717959
4 C0 19 0 21 0
0

0101000
+1057 0 -1055 0 *
Ve
1e-07
1.41140543601732e-14 -110.75 -36.9999999999999
0 0

0101101
*
Ed
 1e-07 1 1 0
1  23 0 13 18.8
2  30 19 0 13 18.8
2  31 20 0 13 18.8
4 CN 19 0 20 0
0

0101000
+1053 0 -1055 0 *
Ed
 1e-07 1 1 0
1  24 0 3.14159265358979 6.28318530717959
2  32 19 0 3.14159265358979 6.28318530717959
4 C0 19 0 22 0
0

0101000
+1058 0 -1053 0 *
Wi

0101100
+1056 0 +1054 0 -1052 0 -1051 0 *
Fa
0  1e-07 19 0

0111000
+1050 0 *
Ve
1e-07
5.4 -0.5 1.58206781009085e-15
0 0

0101101
*
Ve
1e-07
5.4 -6 4.32986979603811e-15
0 0

0101101
*
Ed
 1e-07 1 1 0
1  25 0 0.5 6
2  33 23 0 0.5 6
2  34 24 0 0.5 6
4 CN 23 0 24 0
0

0101000
+1048 0 -1047 0 *
Ve
1e-07
-5.4 -6 4.99117906757768e-15
0 0

0101101
*
Ed
 1e-07 1 1 0
1  26 0 3.14159265358979 6.28318530717959
2  35 23 0 3.14159265358979 6.28318530717959
4 C0 23 0 2 0
0

0101000
+1045 0 -1047 0 *
Ve
1e-07
-5.4 -0.5 2.24337708163042e-15
0 0

0101101
*
Ed
 1e-07 1 1 0
1  27 0 0.5 6
2  36 23 0 0.5 6
2  37 24 0 0.5 6
4 CN 23 0 24 0
0

0101000
+1043 0 -1045 0 *
Ed
 1e-07 1 1 0
1  28 0 0 3.14159265358979
2  38 23 0 0 3.14159265358979
4 C0 23 0 25 0
0

0101000
+1048 0 -1043 0 *
Wi

0101100
+1046 0 -1044 0 -1042 0 -1041 0 *
Fa
0  1e-07 23 0

0111000
+1040 0 *
Ve
1e-07
-35.3035631820209 -1.68753899743024e-14 -33.206334545815
0 0

0101101
*
Ve
1e-07
-35.3035631820209 -6.00000000000002 -33.206334545815
0 0

0101101
*
Ed
 1e-07 1 1 0
1  29 0 0 6
2  39 26 0 0 6
4 G1 26 0 3 0
0

0101000
+1038 0 -1037 0 *
Ve
1e-07
-32.5 -6.00000000000002 -38
0 0

0101101
*
Ed
 1e-07 1 1 0
1  30 0 5.22477844069543 6.28318530717959
2  40 26 0 5.22477844069543 6.28318530717959
4 C0 26 0 2 0
0

0101000
+1037 0 -1035 0 *
Ve
1e-07
-32.5 -1.86517468137026e-14 -38
0 0

0101101
*
Ed
 1e-07 1 1 0
1  31 0 0 6
2  41 26 0 0 6
2  42 27 0 0 6
4 CN 26 0 27 0
0

0101000
+1033 0 -1035 0 *
Ed
 1e-07 1 1 0
1  32 0 5.22477844069543 6.28318530717959
2  43 26 0 5.22477844069543 6.28318530717959
4 C0 26 0 4 0
0

0101000
+1038 0 -1033 0 *
Wi

0101100
+1036 0 +1034 0 -1032 0 -1031 0 *
Fa
0  1e-07 26 0

0111000
+1030 0 *
Ve
1e-07
43.3035631820209 -1.4210854715202e-14 -28.706334545815
0 0

0101101
*
Ve
1e-07
43.3035631820209 -6.00000000000001 -28.706334545815
0 0

0101101
*
Ed
 1e-07 1 1 0
1  33 0 0 6
2  44 28 0 0 6
4 G1 28 0 7 0
0

0101000
+1028 0 -1027 0 *
Ve
1e-07
51.5 -6.00000000000002 -33.5
0 0

0101101
*
Ed
 1e-07 1 1 0
1  34 0 3.14159265358979 5.22477844069543
2  45 28 0 3.14159265358979 5.22477844069543
4 C0 28 0 2 0
0

0101000
+1025 0 -1027 0 *
Ve
1e-07
51.5 -1.68753899743024e-14 -33.5
0 0

0101101
*
Ed
 1e-07 1 1 0
1  35 0 0 6
2  46 28 0 0 6
2  47 29 0 0 6
4 CN 28 0 29 0
0

0101000
+1023 0 -1025 0 *
Ed
 1e-07 1 1 0
1  36 0 3.14159265358979 5.22477844069543
2  48 28 0 3.14159265358979 5.22477844069543
4 C0 28 0 4 0
0

0101000
+1023 0 -1028 0 *
Wi

0101100
+1026 0 -1024 0 -1022 0 +1021 0 *
Fa
0  1e-07 28 0

0111000
+1020 0 *
Ve
1e-07
48.6964368179791 1.95399252334028e-14 38.293665454185
0 0

0101101
*
Ve
1e-07
48.6964368179791 -5.99999999999998 38.293665454185
0 0

0101101
*
Ed
 1e-07 1 1 0
1  37 0 0 6
2  49 30 0 0 6
4 G1 30 0 10 0
0

0101000
+1018 0 -1017 0 *
Ve
1e-07
51.5 -5.99999999999998 33.5
0 0

0101101
*
Ed
 1e-07 1 1 0
1  38 0 2.08318578710564 3.14159265358979
2  50 30 0 2.08318578710564 3.14159265358979
4 C0 30 0 2 0
0

0101000
+1017 0 -1015 0 *
Ve
1e-07
51.5 1.68753899743024e-14 33.5
0 0

0101101
*
Ed
 1e-07 1 1 0
1  39 0 0 6
2  51 30 0 0 6
2  52 31 0 0 6
4 CN 30 0 31 0
0

0101000
+1013 0 -1015 0 *
Ed
 1e-07 1 1 0
1  40 0 2.08318578710564 3.14159265358979
2  53 30 0 2.08318578710564 3.14159265358979
4 C0 30 0 4 0
0

0101000
+1018 0 -1013 0 *
Wi

0101100
+1016 0 +1014 0 -1012 0 -1011 0 *
Fa
0  1e-07 30 0

0111000
+1010 0 *
Ve
1e-07
-40.6964368179791 2.1316282072803e-14 42.793665454185
0 0

0101101
*
Ve
1e-07
-40.6964368179791 -5.99999999999998 42.793665454185
0 0

0101101
*
Ed
 1e-07 1 1 0
1  41 0 0 6
2  54 32 0 0 6
4 G1 32 0 13 0
0

0101000
+1008 0 -1007 0 *
Ve
1e-07
-32.5 -5.99999999999998 38
0 0

0101101
*
Ed
 1e-07 1 1 0
1  42 0 0 2.08318578710564
2  55 32 0 0 2.08318578710564
4 C0 32 0 2 0
0

0101000
+1005 0 -1007 0 *
Ve
1e-07
-32.5 1.86517468137026e-14 38
0 0

0101101
*
Ed
 1e-07 1 1 0
1  43 0 0 6
2  56 32 0 0 6
2  57 33 0 0 6
4 CN 32 0 33 0
0

0101000
+1003 0 -1005 0 *
Ed
 1e-07 1 1 0
1  44 0 0 2.08318578710564
2  58 32 0 0 2.08318578710564
4 C0 32 0 4 0
0

0101000
+1003 0 -1008 0 *
Wi

0101100
+1006 0 -1004 0 -1002 0 +1001 0 *
Fa
0  1e-07 32 0

0111000
+1000 0 *
Ve
1e-07
57.5 -6.00000000000002 -46
0 0

0101101
*
Ve
1e-07
57.5 -5.99999999999998 46
0 0

0101101
*
Ed
 1e-07 1 1 0
1  45 0 -96 -4
4 C0 2 0 34 0
0

0101000
+998 0 -997 0 *
Ve
1e-07
53.5 -5.99999999999998 50
0 0

0101101
*
Ed
 1e-07 1 1 0
1  46 0 0 1.5707963267949
2  59 35 0 0 1.5707963267949
4 C0 2 0 35 0
0

0101000
+997 0 -995 0 *
Ve
1e-07
-53.5 -5.99999999999998 50
0 0

0101101
*
Ed
 1e-07 1 1 0
1  47 0 -111 -4
4 C0 2 0 36 0
0

0101000
+995 0 -993 0 *
Ve
1e-07
-57.5 -5.99999999999998 46
0 0

0101101
*
Ed
 1e-07 1 1 0
1  48 0 1.5707963267949 3.14159265358979
2  60 37 0 1.5707963267949 3.14159265358979
4 C0 2 0 37 0
0

0101000
+993 0 -991 0 *
Ve
1e-07
-57.5 -6.00000000000002 -46
0 0

0101101
*
Ed
 1e-07 1 1 0
1  49 0 4 96
4 C0 2 0 38 0
0

0101000
+991 0 -989 0 *
Ve
1e-07
-53.5 -6.00000000000002 -50
0 0

0101101
*
Ed
 1e-07 1 1 0
1  50 0 3.14159265358979 4.71238898038469
2  61 39 0 3.14159265358979 4.71238898038469
4 C0 2 0 39 0
0

0101000
+989 0 -987 0 *
Ve
1e-07
53.5 -6.00000000000002 -50
0 0

0101101
*
Ed
 1e-07 1 1 0
1  51 0 4 111
4 C0 2 0 40 0
0

0101000
+987 0 -985 0 *
Ed
 1e-07 1 1 0
1  52 0 4.71238898038469 6.28318530717959
2  62 41 0 4.71238898038469 6.28318530717959
4 C0 2 0 41 0
0

0101000
+985 0 -998 0 *
Wi

0101100
+996 0 +994 0 +992 0 +990 0 +988 0 +986 0 +984 0 +983 0 *
Ve
1e-07
6.99999999999999 -6.00000000000002 -38
0 0

0101101
*
Ve
1e-07
-6.99999999999999 -6.00000000000002 -38
0 0

0101101
*
Ed
 1e-07 1 1 0
1  53 0 -17 -3
4 C0 2 0 42 0
0

0101000
+981 0 -980 0 *
Ve
1e-07
-9.99999999999999 -6.00000000000003 -37
0 0

0101101
*
Ed
 1e-07 1 1 0
1  54 0 1.5707963267949 2.21429743558818
2  63 43 0 1.5707963267949 2.21429743558818
4 C0 2 0 43 0
0

0101000
+980 0 -978 0 *
Ve
1e-07
-25 -6.00000000000002 -37
0 0

0101101
*
Ed
 1e-07 1 1 0
1  55 0 -15 -1.19647534463326e-30
4 C0 2 0 22 0
0

0101000
+978 0 -976 0 *
Ve
1e-07
-25 -6.00000000000002 -31.2
0 0

0101101
*
Ed
 1e-07 1 1 0
1  56 0 0 5.8
4 C0 2 0 44 0
0

0101000
+974 0 -976 0 *
Ve
1e-07
25 -6.00000000000002 -31.2
0 0

0101101
*
Ed
 1e-07 1 1 0
1  57 0 -50 0
4 C0 2 0 21 0
0

0101000
+972 0 -974 0 *
Ve
1e-07
25 -6.00000000000002 -37
0 0

0101101
*
Ed
 1e-07 1 1 0
1  58 0 0 5.8
4 C0 2 0 45 0
0

0101000
+972 0 -970 0 *
Ve
1e-07
10 -6.00000000000002 -37
0 0

0101101
*
Ed
 1e-07 1 1 0
1  59 0 -50 -35
4 C0 2 0 22 0
0

0101000
+970 0 -968 0 *
Ed
 1e-07 1 1 0
1  60 0 0.927295218001609 1.5707963267949
2  64 46 0 0.927295218001609 1.5707963267949
4 C0 2 0 46 0
0

0101000
+968 0 -981 0 *
Wi

0101100
+979 0 +977 0 +975 0 -973 0 -971 0 +969 0 +967 0 +966 0 *
Ve
1e-07
-40.6964368179791 -6.00000000000002 -42.793665454185
0 0

0101101
*
Ve
1e-07
-48.6964368179791 -6.00000000000002 -38.293665454185
0 0

0101101
*
Ed
 1e-07 1 1 0
1  61 0 -9.17877987534291 0
4 C0 2 0 47 0
0

0101000
+964 0 -963 0 *
Ed
 1e-07 1 1 0
1  62 0 2.08318578710564 3.14159265358979
2  65 5 0 2.08318578710564 3.14159265358979
4 C0 2 0 5 0
0

0101000
+963 0 -1108 0 *
Ed
 1e-07 1 1 0
1  63 0 0 9.17877987534291
4 C0 2 0 3 0
0

0101000
+1107 0 -1037 0 *
Ed
 1e-07 1 1 0
1  64 0 0 2.08318578710564
2  66 27 0 0 2.08318578710564
4 C0 2 0 27 0
0

0101000
+1035 0 -964 0 *
Wi

0101100
+962 0 +961 0 +1106 0 +960 0 +1034 0 +959 0 *
Ve
1e-07
48.6964368179791 -6.00000000000002 -38.293665454185
0 0

0101101
*
Ed
 1e-07 1 1 0
1  65 0 2.08318578710564 3.14159265358979
2  67 29 0 2.08318578710564 3.14159265358979
4 C0 2 0 29 0
0

0101000
+957 0 -1025 0 *
Ve
1e-07
40.6964368179791 -6.00000000000002 -42.793665454185
0 0

0101101
*
Ed
 1e-07 1 1 0
1  66 0 -9.17877987534291 0
4 C0 2 0 48 0
0

0101000
+955 0 -957 0 *
Ed
 1e-07 1 1 0
1  67 0 0 2.08318578710564
2  68 8 0 0 2.08318578710564
4 C0 2 0 8 0
0

0101000
+1097 0 -955 0 *
Ed
 1e-07 1 1 0
1  68 0 -0 9.17877987534291
4 C0 2 0 7 0
0

0101000
+1027 0 -1098 0 *
Wi

0101100
-956 0 -954 0 -953 0 -1096 0 -952 0 -1024 0 *
Ed
 1e-07 1 1 0
1  69 0 -9.17877987534291 -0
4 C0 2 0 13 0
0

0101000
+1007 0 -1078 0 *
Ve
1e-07
-35.3035631820209 -5.99999999999998 33.206334545815
0 0

0101101
*
Ed
 1e-07 1 1 0
1  70 0 5.22477844069543 6.28318530717959
2  69 33 0 5.22477844069543 6.28318530717959
4 C0 2 0 33 0
0

0101000
+949 0 -1005 0 *
Ve
1e-07
-43.3035631820209 -5.99999999999999 28.706334545815
0 0

0101101
*
Ed
 1e-07 1 1 0
1  71 0 0 9.17877987534291
4 C0 2 0 49 0
0

0101000
+947 0 -949 0 *
Ed
 1e-07 1 1 0
1  72 0 3.14159265358979 5.22477844069543
2  70 14 0 3.14159265358979 5.22477844069543
4 C0 2 0 14 0
0

0101000
+1077 0 -947 0 *
Wi

0101100
-1076 0 -950 0 -1004 0 -948 0 -946 0 -945 0 *
Ed
 1e-07 1 1 0
1  73 0 -9.17877987534291 0
4 C0 2 0 10 0
0

0101000
+1087 0 -1017 0 *
Ve
1e-07
43.3035631820209 -5.99999999999999 28.706334545815
0 0

0101101
*
Ed
 1e-07 1 1 0
1  74 0 3.14159265358979 5.22477844069543
2  71 31 0 3.14159265358979 5.22477844069543
4 C0 2 0 31 0
0

0101000
+1015 0 -942 0 *
Ve
1e-07
35.3035631820209 -5.99999999999998 33.206334545815
0 0

0101101
*
Ed
 1e-07 1 1 0
1  75 0 0 9.17877987534291
4 C0 2 0 50 0
0

0101000
+942 0 -940 0 *
Ed
 1e-07 1 1 0
1  76 0 5.22477844069543 6.28318530717959
2  72 11 0 5.22477844069543 6.28318530717959
4 C0 2 0 11 0
0

0101000
+940 0 -1088 0 *
Wi

0101100
+943 0 +1014 0 +941 0 +939 0 +938 0 +1086 0 *
Ed
 1e-07 1 1 0
1  77 0 0 3.14159265358979
2  73 24 0 0 3.14159265358979
4 C0 2 0 24 0
0

0101000
+1047 0 -1045 0 *
Wi

0101100
-936 0 -1044 0 *
Ve
1e-07
-9.99999999999999 -5.99999999999999 37
0 0

0101101
*
Ve
1e-07
-25 -5.99999999999999 37
0 0

0101101
*
Ed
 1e-07 1 1 0
1  78 0 -15 0
4 C0 2 0 17 0
0

0101000
+934 0 -933 0 *
Ve
1e-07
-6.99999999999999 -5.99999999999999 38
0 0

0101101
*
Ed
 1e-07 1 1 0
1  79 0 4.0688878715914 4.71238898038469
2  74 51 0 4.0688878715914 4.71238898038469
4 C0 2 0 51 0
0

0101000
+934 0 -931 0 *
Ve
1e-07
6.99999999999999 -5.99999999999999 38
0 0

0101101
*
Ed
 1e-07 1 1 0
1  80 0 -17 -3
4 C0 2 0 52 0
0

0101000
+929 0 -931 0 *
Ve
1e-07
9.99999999999999 -5.99999999999999 37
0 0

0101101
*
Ed
 1e-07 1 1 0
1  81 0 4.71238898038469 5.35589008917798
2  75 53 0 4.71238898038469 5.35589008917798
4 C0 2 0 53 0
0

0101000
+929 0 -927 0 *
Ve
1e-07
25 -5.99999999999998 37
0 0

0101101
*
Ed
 1e-07 1 1 0
1  82 0 -50 -35
4 C0 2 0 17 0
0

0101000
+925 0 -927 0 *
Ve
1e-07
25 -5.99999999999998 31.2
0 0

0101101
*
Ed
 1e-07 1 1 0
1  83 0 5.32481111024184e-30 5.8
4 C0 2 0 54 0
0

0101000
+923 0 -925 0 *
Ve
1e-07
-25 -5.99999999999998 31.2
0 0

0101101
*
Ed
 1e-07 1 1 0
1  84 0 -50 -1.30524583050901e-30
4 C0 2 0 18 0
0

0101000
+923 0 -921 0 *
Ed
 1e-07 1 1 0
1  85 0 5.32481111024184e-30 5.8
4 C0 2 0 55 0
0

0101000
+921 0 -933 0 *
Wi

0101100
-932 0 +930 0 -928 0 +926 0 -924 0 -922 0 +920 0 +919 0 *
Fa
0  1e-07 2 0

0111000
+982 0 +965 0 +958 0 +951 0 +944 0 +937 0 +935 0 +918 0 *
Ve
1e-07
-4.99999999999999 -86 37
0 0

0101101
*
Ve
1e-07
5.00000000000001 -86 37
0 0

0101101
*
Ed
 1e-07 1 1 0
1  86 0 5 15
2  76 56 0 5 15
4 C0 17 0 56 0
0

0101000
+916 0 -915 0 *
Ve
1e-07
-9.99999999999999 -81 37
0 0

0101101
*
Ed
 1e-07 1 1 0
1  87 0 0 1.5707963267949
2  77 57 0 0 1.5707963267949
4 C0 17 0 57 0
0

0101000
+916 0 -913 0 *
Ed
 1e-07 1 1 0
1  88 0 0 75
2  78 51 0 0 75
4 C0 17 0 51 0
0

0101000
+934 0 -913 0 *
Ve
1e-07
-25 -108.85365311171 37.0000000000001
0 0

0101101
*
Ed
 1e-07 1 1 0
1  89 0 0 102.85365311171
4 C0 17 0 55 0
0

0101000
+933 0 -910 0 *
Ve
1e-07
-24.119215051751 -112.957299884998 37.0000000000001
0 0

0101101
*
Ed
 1e-07 1 1 0
1  90 0 4.71238898038469 5.13524290651763
2  79 58 0 4.71238898038469 5.13524290651763
4 C0 17 0 58 0
0

0101000
+910 0 -908 0 *
Ve
1e-07
-18.6533589520204 -125.103646773288 37.0000000000001
0 0

0101101
*
Ed
 1e-07 1 1 0
1  91 0 2.1463468882907 15.4658560997307
4 C0 17 0 59 0
0

0101000
+908 0 -906 0 *
Ve
1e-07
-9.53414390026931 -131 37.0000000000001
0 0

0101101
*
Ed
 1e-07 1 1 0
1  92 0 5.13524290651763 6.28318530717959
2  80 60 0 5.13524290651763 6.28318530717959
4 C0 17 0 60 0
0

0101000
+906 0 -904 0 *
Ve
1e-07
9.53414390026934 -131 37.0000000000001
0 0

0101101
*
Ed
 1e-07 1 1 0
1  93 0 6.46585609973069 25.5341439002693
4 C0 17 0 61 0
0

0101000
+904 0 -902 0 *
Ve
1e-07
18.6533589520204 -125.103646773288 37.0000000000001
0 0

0101101
*
Ed
 1e-07 1 1 0
1  94 0 0 1.14794240066195
2  81 62 0 0 1.14794240066195
4 C0 17 0 62 0
0

0101000
+902 0 -900 0 *
Ve
1e-07
24.119215051751 -112.957299884998 37.0000000000001
0 0

0101101
*
Ed
 1e-07 1 1 0
1  95 0 6.46585609973063 19.7853653111706
4 C0 17 0 63 0
0

0101000
+900 0 -898 0 *
Ve
1e-07
25 -108.85365311171 37.0000000000001
0 0

0101101
*
Ed
 1e-07 1 1 0
1  96 0 1.14794240066195 1.5707963267949
2  82 64 0 1.14794240066195 1.5707963267949
4 C0 17 0 64 0
0

0101000
+898 0 -896 0 *
Ed
 1e-07 1 1 0
1  97 0 -102.85365311171 0
4 C0 17 0 54 0
0

0101000
+896 0 -925 0 *
Ve
1e-07
10 -81 37
0 0

0101101
*
Ed
 1e-07 1 1 0
1  98 0 -75 0
2  83 53 0 -75 0
4 C0 17 0 53 0
0

0101000
+893 0 -927 0 *
Ed
 1e-07 1 1 0
1  99 0 4.71238898038469 6.28318530717959
2  84 65 0 4.71238898038469 6.28318530717959
4 C0 17 0 65 0
0

0101000
+893 0 -915 0 *
Wi

0101100
-914 0 +912 0 -911 0 +932 0 +909 0 +907 0 +905 0 +903 0 +901 0 +899 0 
+897 0 +895 0 +894 0 +924 0 -892 0 +891 0 *
Ed
 1e-07 1 1 0
1  100 0 0 3.14159265358979
2  85 16 0 0 3.14159265358979
4 C0 17 0 16 0
0

0101000
+1067 0 -1065 0 *
Wi

0101100
-889 0 -1064 0 *
Fa
0  1e-07 17 0

0111000
+890 0 +888 0 *
Ve
1e-07
-24.924887161229 -0.499999999999996 9
0 0

0101101
*
Ve
1e-07
-45 -0.499999999999996 9.00000000000001
0 0

0101101
*
Ed
 1e-07 1 1 0
1  101 0 -20.075112838771 0
4 C0 66 0 67 0
0

0101000
+886 0 -885 0 *
Ve
1e-07
-24.924887161229 -0.500000000000004 -9
0 0

0101101
*
Ed
 1e-07 1 1 0
1  102 0 0 18
4 CN 66 0 25 0
0

0101000
+886 0 -883 0 *
Ve
1e-07
-45 -0.500000000000004 -9
0 0

0101101
*
Ed
 1e-07 1 1 0
1  103 0 0 20.075112838771
4 C0 66 0 68 0
0

0101000
+881 0 -883 0 *
Ed
 1e-07 1 1 0
1  104 0 0 18
4 C0 66 0 69 0
0

0101000
+885 0 -881 0 *
Wi

0101100
-884 0 +882 0 -880 0 -879 0 *
Fa
0  1e-07 66 0

0111000
-878 0 *
Ve
1e-07
24.924887161229 -0.500000000000004 -9
0 0

0101101
*
Ve
1e-07
45 -0.500000000000004 -9
0 0

0101101
*
Ed
 1e-07 1 1 0
1  105 0 0 20.075112838771
4 C0 70 0 71 0
0

0101000
+876 0 -875 0 *
Ve
1e-07
24.924887161229 -0.499999999999996 9
0 0

0101101
*
Ed
 1e-07 1 1 0
1  106 0 0 18
4 CN 70 0 25 0
0

0101000
+876 0 -873 0 *
Ve
1e-07
45 -0.499999999999996 9
0 0

0101101
*
Ed
 1e-07 1 1 0
1  107 0 -20.075112838771 -0
4 C0 70 0 72 0
0

0101000
+871 0 -873 0 *
Ed
 1e-07 1 1 0
1  108 0 -18 0
4 C0 70 0 73 0
0

0101000
+875 0 -871 0 *
Wi

0101100
-874 0 +872 0 -870 0 -869 0 *
Fa
0  1e-07 70 0

0111000
-868 0 *
Ve
1e-07
53.5 2.48689957516035e-14 50
0 0

0101101
*
Ve
1e-07
-53.5 2.48689957516035e-14 50
0 0

0101101
*
Ed
 1e-07 1 1 0
1  109 0 -111 -4
4 C0 4 0 36 0
0

0101000
+866 0 -865 0 *
Ve
1e-07
57.5 2.30926389122033e-14 46
0 0

0101101
*
Ed
 1e-07 1 1 0
1  110 0 4.71238898038469 6.28318530717959
2  86 35 0 4.71238898038469 6.28318530717959
4 C0 4 0 35 0
0

0101000
+866 0 -863 0 *
Ve
1e-07
57.5 -2.30926389122033e-14 -46
0 0

0101101
*
Ed
 1e-07 1 1 0
1  111 0 -96 -4
4 C0 4 0 34 0
0

0101000
+861 0 -863 0 *
Ve
1e-07
53.5 -2.48689957516035e-14 -50
0 0

0101101
*
Ed
 1e-07 1 1 0
1  112 0 0 1.5707963267949
2  87 41 0 0 1.5707963267949
4 C0 4 0 41 0
0

0101000
+861 0 -859 0 *
Ve
1e-07
-53.5 -2.48689957516035e-14 -50
0 0

0101101
*
Ed
 1e-07 1 1 0
1  113 0 4 111
4 C0 4 0 40 0
0

0101000
+857 0 -859 0 *
Ve
1e-07
-57.5 -2.30926389122033e-14 -46
0 0

0101101
*
Ed
 1e-07 1 1 0
1  114 0 1.5707963267949 3.14159265358979
2  88 39 0 1.5707963267949 3.14159265358979
4 C0 4 0 39 0
0

0101000
+857 0 -855 0 *
Ve
1e-07
-57.5 2.30926389122033e-14 46
0 0

0101101
*
Ed
 1e-07 1 1 0
1  115 0 4 96
4 C0 4 0 38 0
0

0101000
+853 0 -855 0 *
Ed
 1e-07 1 1 0
1  116 0 3.14159265358979 4.71238898038469
2  89 37 0 3.14159265358979 4.71238898038469
4 C0 4 0 37 0
0

0101000
+853 0 -865 0 *
Wi

0101100
-864 0 +862 0 -860 0 +858 0 -856 0 +854 0 -852 0 +851 0 *
Ve
1e-07
-48.6964368179791 -1.95399252334028e-14 -38.293665454185
0 0

0101101
*
Ed
 1e-07 1 1 0
1  117 0 2.08318578710564 3.14159265358979
2  90 5 0 2.08318578710564 3.14159265358979
4 C0 4 0 5 0
0

0101000
+849 0 -1103 0 *
Ve
1e-07
-40.6964368179791 -2.1316282072803e-14 -42.793665454185
0 0

0101101
*
Ed
 1e-07 1 1 0
1  118 0 -9.17877987534291 0
4 C0 4 0 47 0
0

0101000
+847 0 -849 0 *
Ed
 1e-07 1 1 0
1  119 0 0 2.08318578710564
2  91 27 0 0 2.08318578710564
4 C0 4 0 27 0
0

0101000
+1033 0 -847 0 *
Ed
 1e-07 1 1 0
1  120 0 0 9.17877987534291
4 C0 4 0 3 0
0

0101000
+1105 0 -1038 0 *
Wi

0101100
-848 0 -846 0 -845 0 -1031 0 -844 0 -1102 0 *
Ve
1e-07
40.6964368179791 -2.1316282072803e-14 -42.793665454185
0 0

0101101
*
Ve
1e-07
48.6964368179791 -1.95399252334028e-14 -38.293665454185
0 0

0101101
*
Ed
 1e-07 1 1 0
1  121 0 -9.17877987534291 0
4 C0 4 0 48 0
0

0101000
+842 0 -841 0 *
Ed
 1e-07 1 1 0
1  122 0 2.08318578710564 3.14159265358979
2  92 29 0 2.08318578710564 3.14159265358979
4 C0 4 0 29 0
0

0101000
+841 0 -1023 0 *
Ed
 1e-07 1 1 0
1  123 0 -0 9.17877987534291
4 C0 4 0 7 0
0

0101000
+1028 0 -1095 0 *
Ed
 1e-07 1 1 0
1  124 0 0 2.08318578710564
2  93 8 0 0 2.08318578710564
4 C0 4 0 8 0
0

0101000
+1093 0 -842 0 *
Wi

0101100
+840 0 +839 0 +1021 0 +838 0 +1092 0 +837 0 *
Ed
 1e-07 1 1 0
1  125 0 -9.17877987534291 -0
4 C0 4 0 13 0
0

0101000
+1008 0 -1075 0 *
Ve
1e-07
-43.3035631820209 1.4210854715202e-14 28.706334545815
0 0

0101101
*
Ed
 1e-07 1 1 0
1  126 0 3.14159265358979 5.22477844069543
2  94 14 0 3.14159265358979 5.22477844069543
4 C0 4 0 14 0
0

0101000
+1073 0 -834 0 *
Ve
1e-07
-35.3035631820209 1.68753899743024e-14 33.206334545815
0 0

0101101
*
Ed
 1e-07 1 1 0
1  127 0 0 9.17877987534291
4 C0 4 0 49 0
0

0101000
+834 0 -832 0 *
Ed
 1e-07 1 1 0
1  128 0 5.22477844069543 6.28318530717959
2  95 33 0 5.22477844069543 6.28318530717959
4 C0 4 0 33 0
0

0101000
+832 0 -1003 0 *
Wi

0101100
+835 0 +1072 0 +833 0 +831 0 +830 0 +1001 0 *
Ed
 1e-07 1 1 0
1  129 0 -9.17877987534291 0
4 C0 4 0 10 0
0

0101000
+1085 0 -1018 0 *
Ve
1e-07
35.3035631820209 1.68753899743024e-14 33.206334545815
0 0

0101101
*
Ed
 1e-07 1 1 0
1  130 0 5.22477844069543 6.28318530717959
2  96 11 0 5.22477844069543 6.28318530717959
4 C0 4 0 11 0
0

0101000
+827 0 -1083 0 *
Ve
1e-07
43.3035631820209 1.4210854715202e-14 28.706334545815
0 0

0101101
*
Ed
 1e-07 1 1 0
1  131 0 0 9.17877987534291
4 C0 4 0 50 0
0

0101000
+825 0 -827 0 *
Ed
 1e-07 1 1 0
1  132 0 3.14159265358979 5.22477844069543
2  97 31 0 3.14159265358979 5.22477844069543
4 C0 4 0 31 0
0

0101000
+1013 0 -825 0 *
Wi

0101100
-1011 0 -828 0 -1082 0 -826 0 -824 0 -823 0 *
Ve
1e-07
-24.924887161229 -4.44089209850063e-15 -9
0 0

0101101
*
Ve
1e-07
24.924887161229 -4.44089209850063e-15 -9
0 0

0101101
*
Ed
 1e-07 1 1 0
1  133 0 3.48810831661368 5.9366696441557
2  98 74 0 3.48810831661368 5.9366696441557
4 C0 4 0 74 0
0

0101000
+821 0 -820 0 *
Ve
1e-07
45 -4.44089209850063e-15 -9
0 0

0101101
*
Ed
 1e-07 1 1 0
1  134 0 0 20.075112838771
4 C0 4 0 71 0
0

0101000
+820 0 -818 0 *
Ve
1e-07
45 4.44089209850063e-15 9
0 0

0101101
*
Ed
 1e-07 1 1 0
1  135 0 -18 0
4 C0 4 0 73 0
0

0101000
+818 0 -816 0 *
Ve
1e-07
24.924887161229 4.44089209850063e-15 9
0 0

0101101
*
Ed
 1e-07 1 1 0
1  136 0 -20.075112838771 -0
4 C0 4 0 72 0
0

0101000
+816 0 -814 0 *
Ve
1e-07
-24.924887161229 4.44089209850063e-15 9
0 0

0101101
*
Ed
 1e-07 1 1 0
1  137 0 0.346515663023884 2.79507699056591
2  99 75 0 0.346515663023884 2.79507699056591
4 C0 4 0 75 0
0

0101000
+814 0 -812 0 *
Ve
1e-07
-45 4.44089209850063e-15 9.00000000000001
0 0

0101101
*
Ed
 1e-07 1 1 0
1  138 0 -20.075112838771 0
4 C0 4 0 67 0
0

0101000
+812 0 -810 0 *
Ve
1e-07
-45 -4.44089209850063e-15 -9
0 0

0101101
*
Ed
 1e-07 1 1 0
1  139 0 0 18
4 C0 4 0 69 0
0

0101000
+810 0 -808 0 *
Ed
 1e-07 1 1 0
1  140 0 0 20.075112838771
4 C0 4 0 68 0
0

0101000
+808 0 -821 0 *
Wi

0101100
+819 0 +817 0 +815 0 +813 0 +811 0 +809 0 +807 0 +806 0 *
Fa
0  1e-07 4 0

0111000
-850 0 -843 0 -836 0 -829 0 -822 0 -805 0 *
Ed
 1e-07 1 1 0
1  141 0 0 6
2  100 39 0 0 6
4 G1 38 0 39 0
0

0101000
+855 0 -989 0 *
Ed
 1e-07 1 1 0
1  142 0 -6 0
2  101 37 0 -6 0
4 G1 38 0 37 0
0

0101000
+991 0 -853 0 *
Wi

0101100
+852 0 +803 0 -988 0 +802 0 *
Fa
0  1e-07 38 0

0111000
+801 0 *
Ed
 1e-07 1 1 0
1  143 0 -6 0
2  102 35 0 -6 0
4 G1 36 0 35 0
0

0101000
+995 0 -866 0 *
Ed
 1e-07 1 1 0
1  144 0 0 6
2  103 37 0 0 6
4 G1 36 0 37 0
0

0101000
+865 0 -993 0 *
Wi

0101100
-992 0 +799 0 +864 0 +798 0 *
Fa
0  1e-07 36 0

0111000
+797 0 *
Ed
 1e-07 1 1 0
1  145 0 0 6
2  104 35 0 0 6
4 G1 34 0 35 0
0

0101000
+863 0 -997 0 *
Ed
 1e-07 1 1 0
1  146 0 -6 0
2  105 41 0 -6 0
4 G1 34 0 41 0
0

0101000
+998 0 -861 0 *
Wi

0101100
+860 0 +795 0 -996 0 +794 0 *
Fa
0  1e-07 34 0

0111000
+793 0 *
Ed
 1e-07 1 1 0
1  147 0 0 6
2  106 41 0 0 6
4 G1 40 0 41 0
0

0101000
+859 0 -985 0 *
Ed
 1e-07 1 1 0
1  148 0 -6 0
2  107 39 0 -6 0
4 G1 40 0 39 0
0

0101000
+987 0 -857 0 *
Wi

0101100
+856 0 +791 0 -984 0 +790 0 *
Fa
0  1e-07 40 0

0111000
+789 0 *
Ed
 1e-07 1 1 0
1  149 0 0 6
2  108 14 0 0 6
4 G1 14 0 49 0
0

0101000
+834 0 -947 0 *
Wi

0101100
+833 0 +787 0 -945 0 -1071 0 *
Fa
0  1e-07 14 0

0111000
+786 0 *
Wi

0101100
+950 0 -1074 0 -835 0 +1006 0 *
Fa
0  1e-07 13 0

0111000
-784 0 *
Ed
 1e-07 1 1 0
1  150 0 0 6
2  109 33 0 0 6
4 G1 33 0 49 0
0

0101000
+832 0 -949 0 *
Wi

0101100
-948 0 -782 0 +830 0 +1002 0 *
Fa
0  1e-07 33 0

0111000
+781 0 *
Wi

0101100
+946 0 -782 0 -831 0 +787 0 *
Fa
0  1e-07 49 0

0111000
-779 0 *
Ed
 1e-07 1 1 0
1  151 0 0 6
2  110 31 0 0 6
4 G1 31 0 50 0
0

0101000
+825 0 -942 0 *
Wi

0101100
+941 0 -777 0 -823 0 +1012 0 *
Fa
0  1e-07 31 0

0111000
+776 0 *
Ed
 1e-07 1 1 0
1  152 0 0 6
2  111 11 0 0 6
4 G1 50 0 11 0
0

0101000
+827 0 -940 0 *
Wi

0101100
-939 0 -777 0 +824 0 +774 0 *
Fa
0  1e-07 50 0

0111000
+773 0 *
Wi

0101100
-826 0 +774 0 +938 0 -1081 0 *
Fa
0  1e-07 11 0

0111000
+771 0 *
Wi

0101100
-943 0 -1084 0 +828 0 +1016 0 *
Fa
0  1e-07 10 0

0111000
+769 0 *
Ed
 1e-07 1 1 0
1  153 0 0 6
2  112 29 0 0 6
4 G1 29 0 48 0
0

0101000
+841 0 -957 0 *
Wi

0101100
-956 0 -767 0 +839 0 +1022 0 *
Fa
0  1e-07 29 0

0111000
+766 0 *
Ed
 1e-07 1 1 0
1  154 0 0 6
2  113 8 0 0 6
4 G1 48 0 8 0
0

0101000
+842 0 -955 0 *
Wi

0101100
+954 0 -767 0 -840 0 +764 0 *
Fa
0  1e-07 48 0

0111000
-763 0 *
Wi

0101100
+837 0 +764 0 -953 0 -1091 0 *
Fa
0  1e-07 8 0

0111000
+761 0 *
Wi

0101100
+952 0 -1094 0 -838 0 +1026 0 *
Fa
0  1e-07 7 0

0111000
-759 0 *
Ed
 1e-07 1 1 0
1  155 0 0 6
2  114 5 0 0 6
4 G1 5 0 47 0
0

0101000
+849 0 -963 0 *
Wi

0101100
-848 0 +757 0 +961 0 -1101 0 *
Fa
0  1e-07 5 0

0111000
+756 0 *
Wi

0101100
-960 0 -1104 0 +844 0 +1036 0 *
Fa
0  1e-07 3 0

0111000
+754 0 *
Ed
 1e-07 1 1 0
1  156 0 0 6
2  115 27 0 0 6
4 G1 27 0 47 0
0

0101000
+847 0 -964 0 *
Wi

0101100
+959 0 -752 0 -845 0 +1032 0 *
Fa
0  1e-07 27 0

0111000
+751 0 *
Wi

0101100
-962 0 -752 0 +846 0 +757 0 *
Fa
0  1e-07 47 0

0111000
+749 0 *
Wi

0101100
-862 0 -799 0 -994 0 -795 0 *
Fa
0  1e-07 35 0

0111000
+747 0 *
Wi

0101100
-858 0 -794 0 -983 0 -791 0 *
Fa
0  1e-07 41 0

0111000
+745 0 *
Wi

0101100
-854 0 -790 0 -986 0 -803 0 *
Fa
0  1e-07 39 0

0111000
+743 0 *
Wi

0101100
-851 0 -802 0 -990 0 -798 0 *
Fa
0  1e-07 37 0

0111000
+741 0 *
Ed
 1e-07 1 1 0
1  157 0 3.14159265358979 6.28318530717959
2  116 24 0 3.14159265358979 6.28318530717959
4 C0 24 0 25 0
0

0101000
+1043 0 -1048 0 *
Wi

0101100
-936 0 -1046 0 -739 0 +1042 0 *
Fa
0  1e-07 24 0

0111000
+738 0 *
Ed
 1e-07 1 1 0
1  158 0 0.346515663023884 2.79507699056591
2  117 75 0 0.346515663023884 2.79507699056591
4 C0 25 0 75 0
0

0101000
+873 0 -886 0 *
Ed
 1e-07 1 1 0
1  159 0 3.48810831661368 5.9366696441557
2  118 74 0 3.48810831661368 5.9366696441557
4 C0 25 0 74 0
0

0101000
+883 0 -876 0 *
Wi

0101100
-882 0 -736 0 -872 0 -735 0 *
Wi

0101100
-1041 0 -739 0 *
Fa
0  1e-07 25 0

0111000
-734 0 -733 0 *
Ed
 1e-07 1 1 0
1  160 0 0 0.5
2  119 74 0 0 0.5
4 C0 74 0 71 0
0

0101000
+876 0 -820 0 *
Ed
 1e-07 1 1 0
1  161 0 0 0.5
2  120 74 0 0 0.5
4 C0 74 0 68 0
0

0101000
+883 0 -821 0 *
Wi

0101100
-731 0 -735 0 +730 0 +819 0 *
Fa
0  1e-07 74 0

0111000
+729 0 *
Ed
 1e-07 1 1 0
1  162 0 0 0.5
4 C0 71 0 73 0
0

0101000
+875 0 -818 0 *
Wi

0101100
-817 0 -731 0 +874 0 +727 0 *
Fa
0  1e-07 71 0

0111000
+726 0 *
Ed
 1e-07 1 1 0
1  163 0 0 0.5
4 C0 73 0 72 0
0

0101000
+871 0 -816 0 *
Wi

0101100
-815 0 -727 0 +869 0 +724 0 *
Fa
0  1e-07 73 0

0111000
+723 0 *
Ed
 1e-07 1 1 0
1  164 0 0 0.5
2  121 75 0 0 0.5
4 C0 72 0 75 0
0

0101000
+873 0 -814 0 *
Wi

0101100
-813 0 -724 0 +870 0 +721 0 *
Fa
0  1e-07 72 0

0111000
+720 0 *
Ed
 1e-07 1 1 0
1  165 0 0 0.5
2  122 75 0 0 0.5
4 C0 75 0 67 0
0

0101000
+886 0 -812 0 *
Wi

0101100
-718 0 -736 0 +721 0 +811 0 *
Fa
0  1e-07 75 0

0111000
+717 0 *
Ed
 1e-07 1 1 0
1  166 0 0 0.5
4 C0 67 0 69 0
0

0101000
+885 0 -810 0 *
Wi

0101100
-809 0 -718 0 +884 0 +715 0 *
Fa
0  1e-07 67 0

0111000
+714 0 *
Ed
 1e-07 1 1 0
1  167 0 0 0.5
4 C0 69 0 68 0
0

0101000
+881 0 -808 0 *
Wi

0101100
-807 0 -715 0 +879 0 +712 0 *
Fa
0  1e-07 69 0

0111000
+711 0 *
Wi

0101100
-806 0 -712 0 +880 0 +730 0 *
Fa
0  1e-07 68 0

0111000
+709 0 *
Ve
1e-07
-25 -108.85365311171 31.2000000000001
0 0

0101101
*
Ed
 1e-07 1 1 0
1  168 0 -1.06581410364015e-14 102.85365311171
4 C0 55 0 18 0
0

0101000
+921 0 -707 0 *
Ed
 1e-07 1 1 0
1  169 0 0 5.8
2  123 58 0 0 5.8
4 G1 55 0 58 0
0

0101000
+707 0 -910 0 *
Wi

0101100
+706 0 +705 0 -909 0 -919 0 *
Fa
0  1e-07 55 0

0111000
+704 0 *
Ve
1e-07
25 -108.85365311171 31.2000000000001
0 0

0101101
*
Ed
 1e-07 1 1 0
1  170 0 -5.8 -0
2  124 64 0 -5.8 -0
4 G1 54 0 64 0
0

0101000
+896 0 -702 0 *
Ed
 1e-07 1 1 0
1  171 0 -102.85365311171 1.06581410364015e-14
4 C0 54 0 18 0
0

0101000
+702 0 -923 0 *
Wi

0101100
-894 0 +701 0 +700 0 +922 0 *
Fa
0  1e-07 54 0

0111000
+699 0 *
Ve
1e-07
18.6533589520204 -125.103646773288 31.2000000000001
0 0

0101101
*
Ed
 1e-07 1 1 0
1  172 0 -5.8 -0
2  125 62 0 -5.8 -0
4 G1 63 0 62 0
0

0101000
+900 0 -697 0 *
Ve
1e-07
24.119215051751 -112.957299884998 31.2000000000001
0 0

0101101
*
Ed
 1e-07 1 1 0
1  173 0 6.46585609973063 19.7853653111706
4 C0 63 0 18 0
0

0101000
+697 0 -695 0 *
Ed
 1e-07 1 1 0
1  174 0 0 5.8
2  126 64 0 0 5.8
4 G1 63 0 64 0
0

0101000
+695 0 -898 0 *
Wi

0101100
-897 0 +696 0 +694 0 +693 0 *
Fa
0  1e-07 63 0

0111000
+692 0 *
Ve
1e-07
-9.53414390026931 -131 31.2000000000001
0 0

0101101
*
Ed
 1e-07 1 1 0
1  175 0 -5.8 0
2  127 60 0 -5.8 0
4 G1 61 0 60 0
0

0101000
+904 0 -690 0 *
Ve
1e-07
9.53414390026934 -131 31.2000000000001
0 0

0101101
*
Ed
 1e-07 1 1 0
1  176 0 6.46585609973069 25.5341439002693
4 C0 61 0 18 0
0

0101000
+690 0 -688 0 *
Ed
 1e-07 1 1 0
1  177 0 0 5.8
2  128 62 0 0 5.8
4 G1 61 0 62 0
0

0101000
+688 0 -902 0 *
Wi

0101100
-901 0 +689 0 +687 0 +686 0 *
Fa
0  1e-07 61 0

0111000
+685 0 *
Ve
1e-07
-24.119215051751 -112.957299884998 31.2000000000001
0 0

0101101
*
Ed
 1e-07 1 1 0
1  178 0 -5.8 -0
2  129 58 0 -5.8 -0
4 G1 59 0 58 0
0

0101000
+908 0 -683 0 *
Ve
1e-07
-18.6533589520204 -125.103646773288 31.2000000000001
0 0

0101101
*
Ed
 1e-07 1 1 0
1  179 0 2.1463468882907 15.4658560997307
4 C0 59 0 18 0
0

0101000
+683 0 -681 0 *
Ed
 1e-07 1 1 0
1  180 0 0 5.8
2  130 60 0 0 5.8
4 G1 59 0 60 0
0

0101000
+681 0 -906 0 *
Wi

0101100
-905 0 +682 0 +680 0 +679 0 *
Fa
0  1e-07 59 0

0111000
+678 0 *
Ed
 1e-07 1 1 0
1  181 0 1.14794240066196 1.5707963267949
2  131 58 0 1.14794240066196 1.5707963267949
4 C0 18 0 58 0
0

0101000
+683 0 -707 0 *
Ed
 1e-07 1 1 0
1  182 0 4.71238898038469 5.13524290651763
2  132 64 0 4.71238898038469 5.13524290651763
4 C0 18 0 64 0
0

0101000
+702 0 -695 0 *
Ed
 1e-07 1 1 0
1  183 0 5.13524290651763 6.28318530717959
2  133 62 0 5.13524290651763 6.28318530717959
4 C0 18 0 62 0
0

0101000
+697 0 -688 0 *
Ed
 1e-07 1 1 0
1  184 0 0 1.14794240066195
2  134 60 0 0 1.14794240066195
4 C0 18 0 60 0
0

0101000
+690 0 -681 0 *
Wi

0101100
-680 0 +676 0 -706 0 -920 0 -700 0 +675 0 -694 0 +674 0 -687 0 +673 0 
*
Ed
 1e-07 1 1 0
1  185 0 0 3.14159265358979
2  135 16 0 0 3.14159265358979
4 C0 18 0 16 0
0

0101000
+1068 0 -1063 0 *
Wi

0101100
+671 0 +1061 0 *
Fa
0  1e-07 18 0

0111000
-672 0 -670 0 *
Ve
1e-07
-25 -108.85365311171 -36.9999999999999
0 0

0101101
*
Ed
 1e-07 1 1 0
1  186 0 -9.76996261670138e-15 102.85365311171
4 C0 44 0 22 0
0

0101000
+976 0 -668 0 *
Ve
1e-07
-25 -108.85365311171 -31.1999999999999
0 0

0101101
*
Ed
 1e-07 1 1 0
1  187 0 -5.8 0
2  136 76 0 -5.8 0
4 G1 44 0 76 0
0

0101000
+668 0 -666 0 *
Ed
 1e-07 1 1 0
1  188 0 0 102.85365311171
4 C0 44 0 21 0
0

0101000
+974 0 -666 0 *
Wi

0101100
+667 0 +665 0 -664 0 +973 0 *
Fa
0  1e-07 44 0

0111000
-663 0 *
Ve
1e-07
-24.119215051751 -112.957299884998 -36.9999999999999
0 0

0101101
*
Ve
1e-07
-18.6533589520204 -125.103646773288 -36.9999999999999
0 0

0101101
*
Ed
 1e-07 1 1 0
1  189 0 2.1463468882907 15.4658560997307
4 C0 77 0 22 0
0

0101000
+661 0 -660 0 *
Ve
1e-07
-18.6533589520204 -125.103646773288 -31.1999999999999
0 0

0101101
*
Ed
 1e-07 1 1 0
1  190 0 -5.8 0
2  137 78 0 -5.8 0
4 G1 77 0 78 0
0

0101000
+660 0 -658 0 *
Ve
1e-07
-24.119215051751 -112.957299884998 -31.1999999999999
0 0

0101101
*
Ed
 1e-07 1 1 0
1  191 0 2.1463468882907 15.4658560997307
4 C0 77 0 21 0
0

0101000
+656 0 -658 0 *
Ed
 1e-07 1 1 0
1  192 0 0 5.8
2  138 76 0 0 5.8
4 G1 77 0 76 0
0

0101000
+656 0 -661 0 *
Wi

0101100
+659 0 +657 0 -655 0 +654 0 *
Fa
0  1e-07 77 0

0111000
-653 0 *
Ve
1e-07
-9.53414390026931 -131 -31.1999999999999
0 0

0101101
*
Ve
1e-07
9.53414390026933 -131 -31.1999999999999
0 0

0101101
*
Ed
 1e-07 1 1 0
1  193 0 6.46585609973069 25.5341439002693
4 C0 79 0 21 0
0

0101000
+651 0 -650 0 *
Ve
1e-07
-9.53414390026931 -131 -36.9999999999999
0 0

0101101
*
Ed
 1e-07 1 1 0
1  194 0 0 5.8
2  139 78 0 0 5.8
4 G1 79 0 78 0
0

0101000
+651 0 -648 0 *
Ve
1e-07
9.53414390026933 -131 -36.9999999999999
0 0

0101101
*
Ed
 1e-07 1 1 0
1  195 0 6.46585609973069 25.5341439002693
4 C0 79 0 22 0
0

0101000
+648 0 -646 0 *
Ed
 1e-07 1 1 0
1  196 0 -5.8 0
2  140 80 0 -5.8 0
4 G1 79 0 80 0
0

0101000
+646 0 -650 0 *
Wi

0101100
-649 0 +647 0 +645 0 +644 0 *
Fa
0  1e-07 79 0

0111000
-643 0 *
Ve
1e-07
18.6533589520204 -125.103646773288 -36.9999999999999
0 0

0101101
*
Ve
1e-07
24.1192150517511 -112.957299884998 -36.9999999999999
0 0

0101101
*
Ed
 1e-07 1 1 0
1  197 0 6.46585609973063 19.7853653111707
4 C0 81 0 22 0
0

0101000
+641 0 -640 0 *
Ve
1e-07
24.1192150517511 -112.957299884998 -31.1999999999999
0 0

0101101
*
Ed
 1e-07 1 1 0
1  198 0 -5.8 0
2  141 82 0 -5.8 0
4 G1 81 0 82 0
0

0101000
+640 0 -638 0 *
Ve
1e-07
18.6533589520204 -125.103646773288 -31.1999999999999
0 0

0101101
*
Ed
 1e-07 1 1 0
1  199 0 6.46585609973063 19.7853653111707
4 C0 81 0 21 0
0

0101000
+636 0 -638 0 *
Ed
 1e-07 1 1 0
1  200 0 0 5.8
2  142 80 0 0 5.8
4 G1 81 0 80 0
0

0101000
+636 0 -641 0 *
Wi

0101100
+639 0 +637 0 -635 0 +634 0 *
Fa
0  1e-07 81 0

0111000
-633 0 *
Ve
1e-07
25 -108.85365311171 -31.1999999999999
0 0

0101101
*
Ed
 1e-07 1 1 0
1  201 0 -102.85365311171 0
4 C0 45 0 21 0
0

0101000
+631 0 -972 0 *
Ve
1e-07
25 -108.85365311171 -36.9999999999999
0 0

0101101
*
Ed
 1e-07 1 1 0
1  202 0 0 5.8
2  143 82 0 0 5.8
4 G1 45 0 82 0
0

0101000
+631 0 -629 0 *
Ed
 1e-07 1 1 0
1  203 0 -102.85365311171 0
4 C0 45 0 22 0
0

0101000
+629 0 -970 0 *
Wi

0101100
-630 0 +628 0 +627 0 -969 0 *
Fa
0  1e-07 45 0

0111000
-626 0 *
Ed
 1e-07 1 1 0
1  204 0 4.28953505425175 4.71238898038469
2  144 82 0 4.28953505425175 4.71238898038469
4 C0 21 0 82 0
0

0101000
+638 0 -631 0 *
Ed
 1e-07 1 1 0
1  205 0 1.5707963267949 1.99365025292784
2  145 76 0 1.5707963267949 1.99365025292784
4 C0 21 0 76 0
0

0101000
+666 0 -656 0 *
Ed
 1e-07 1 1 0
1  206 0 1.99365025292784 3.14159265358979
2  146 78 0 1.99365025292784 3.14159265358979
4 C0 21 0 78 0
0

0101000
+658 0 -651 0 *
Ed
 1e-07 1 1 0
1  207 0 3.14159265358979 4.28953505425175
2  147 80 0 3.14159265358979 4.28953505425175
4 C0 21 0 80 0
0

0101000
+650 0 -636 0 *
Wi

0101100
+635 0 +624 0 +630 0 +971 0 +664 0 +623 0 +655 0 +622 0 +649 0 +621 0 
*
Ed
 1e-07 1 1 0
1  208 0 0 3.14159265358979
2  148 20 0 0 3.14159265358979
4 C0 21 0 20 0
0

0101000
+1055 0 -1057 0 *
Wi

0101100
+1054 0 +619 0 *
Fa
0  1e-07 21 0

0111000
-620 0 -618 0 *
Ve
1e-07
-9.99999999999999 -81 -37
0 0

0101101
*
Ed
 1e-07 1 1 0
1  209 0 9.76996261670138e-15 75
2  149 43 0 9.76996261670138e-15 75
4 C0 22 0 43 0
0

0101000
+978 0 -616 0 *
Ve
1e-07
-4.99999999999999 -86 -37
0 0

0101101
*
Ed
 1e-07 1 1 0
1  210 0 1.5707963267949 3.14159265358979
2  150 83 0 1.5707963267949 3.14159265358979
4 C0 22 0 83 0
0

0101000
+616 0 -614 0 *
Ve
1e-07
5.00000000000001 -86 -37
0 0

0101101
*
Ed
 1e-07 1 1 0
1  211 0 5 15
2  151 84 0 5 15
4 C0 22 0 84 0
0

0101000
+614 0 -612 0 *
Ve
1e-07
10 -81 -37
0 0

0101101
*
Ed
 1e-07 1 1 0
1  212 0 3.14159265358979 4.71238898038469
2  152 85 0 3.14159265358979 4.71238898038469
4 C0 22 0 85 0
0

0101000
+612 0 -610 0 *
Ed
 1e-07 1 1 0
1  213 0 -75 -1.84889274661175e-30
2  153 46 0 -75 -1.84889274661175e-30
4 C0 22 0 46 0
0

0101000
+610 0 -968 0 *
Ed
 1e-07 1 1 0
1  214 0 1.5707963267949 1.99365025292784
2  154 82 0 1.5707963267949 1.99365025292784
4 C0 22 0 82 0
0

0101000
+629 0 -640 0 *
Ed
 1e-07 1 1 0
1  215 0 1.99365025292784 3.14159265358979
2  155 80 0 1.99365025292784 3.14159265358979
4 C0 22 0 80 0
0

0101000
+641 0 -646 0 *
Ed
 1e-07 1 1 0
1  216 0 3.14159265358979 4.28953505425175
2  156 78 0 3.14159265358979 4.28953505425175
4 C0 22 0 78 0
0

0101000
+648 0 -660 0 *
Ed
 1e-07 1 1 0
1  217 0 4.28953505425175 4.71238898038469
2  157 76 0 4.28953505425175 4.71238898038469
4 C0 22 0 76 0
0

0101000
+661 0 -668 0 *
Wi

0101100
+615 0 +613 0 +611 0 +609 0 +608 0 -967 0 -627 0 +607 0 -639 0 +606 0 
-645 0 +605 0 -659 0 +604 0 -667 0 -975 0 *
Ed
 1e-07 1 1 0
1  218 0 0 3.14159265358979
2  158 20 0 0 3.14159265358979
4 C0 22 0 20 0
0

0101000
+1053 0 -1058 0 *
Wi

0101100
-1051 0 -602 0 *
Fa
0  1e-07 22 0

0111000
+603 0 +601 0 *
Wi

0101100
-624 0 -637 0 -607 0 -628 0 *
Fa
0  1e-07 82 0

0111000
+599 0 *
Wi

0101100
-622 0 -657 0 -605 0 -647 0 *
Fa
0  1e-07 78 0

0111000
+597 0 *
Wi

0101100
-621 0 -644 0 -606 0 -634 0 *
Fa
0  1e-07 80 0

0111000
+595 0 *
Wi

0101100
-623 0 -665 0 -604 0 -654 0 *
Fa
0  1e-07 76 0

0111000
+593 0 *
Wi

0101100
-676 0 -682 0 -907 0 -705 0 *
Fa
0  1e-07 58 0

0111000
+591 0 *
Wi

0101100
-673 0 -689 0 -903 0 -679 0 *
Fa
0  1e-07 60 0

0111000
+589 0 *
Wi

0101100
-674 0 -696 0 -899 0 -686 0 *
Fa
0  1e-07 62 0

0111000
+587 0 *
Wi

0101100
-675 0 -701 0 -895 0 -693 0 *
Fa
0  1e-07 64 0

0111000
+585 0 *
Wi

0101100
+619 0 -1056 0 -602 0 +1052 0 *
Fa
0  1e-07 20 0

0111000
+583 0 *
Wi

0101100
-889 0 -1066 0 +671 0 +1062 0 *
Fa
0  1e-07 16 0

0111000
+581 0 *
Ve
1e-07
5.00000000000001 -83 38
0 0

0101101
*
Ve
1e-07
7 -81 38
0 0

0101101
*
Ed
 1e-07 1 1 0
1  219 0 0 1.5707963267949
2  159 65 0 0 1.5707963267949
4 G1 52 0 65 0
0

0101000
+579 0 -578 0 *
Ed
 1e-07 1 1 0
1  220 0 -75 0
2  160 53 0 -75 0
4 G1 52 0 53 0
0

0101000
+578 0 -929 0 *
Ve
1e-07
-6.99999999999999 -81 38
0 0

0101101
*
Ed
 1e-07 1 1 0
1  221 0 -75 0
2  161 51 0 -75 0
4 G1 52 0 51 0
0

0101000
+931 0 -575 0 *
Ve
1e-07
-4.99999999999999 -83 38
0 0

0101101
*
Ed
 1e-07 1 1 0
1  222 0 4.71238898038469 6.28318530717959
2  162 57 0 4.71238898038469 6.28318530717959
4 G1 52 0 57 0
0

0101000
+575 0 -573 0 *
Ed
 1e-07 1 1 0
1  223 0 -10 0
2  163 56 0 -10 0
4 G1 52 0 56 0
0

0101000
+573 0 -579 0 *
Wi

0101100
+577 0 +576 0 +928 0 +574 0 +572 0 +571 0 *
Fa
0  1e-07 52 0

0111000
+570 0 *
Ed
 1e-07 1 1 0
1  224 0 1.5707963267949 2.21429743558818
2  164 51 0 1.5707963267949 2.21429743558818
2  165 57 0 1.5707963267949 2.21429743558818
4 G1 51 0 57 0
0

0101000
+575 0 -913 0 *
Wi

0101100
-930 0 +911 0 -568 0 -574 0 *
Fa
0  1e-07 51 0

0111000
+567 0 *
Ed
 1e-07 1 1 0
1  225 0 1.5707963267949 2.21429743558818
2  166 57 0 1.5707963267949 2.21429743558818
2  167 56 0 1.5707963267949 2.21429743558818
4 G1 57 0 56 0
0

0101000
+573 0 -916 0 *
Wi

0101100
+568 0 -912 0 -565 0 -572 0 *
Fa
0  1e-07 57 0

0111000
+564 0 *
Ed
 1e-07 1 1 0
1  226 0 1.5707963267949 2.21429743558818
2  168 56 0 1.5707963267949 2.21429743558818
2  169 65 0 1.5707963267949 2.21429743558818
4 G1 56 0 65 0
0

0101000
+579 0 -915 0 *
Wi

0101100
+565 0 +914 0 -562 0 -571 0 *
Fa
0  1e-07 56 0

0111000
+561 0 *
Ed
 1e-07 1 1 0
1  227 0 1.5707963267949 2.21429743558818
2  170 65 0 1.5707963267949 2.21429743558818
2  171 53 0 1.5707963267949 2.21429743558818
4 G1 65 0 53 0
0

0101000
+578 0 -893 0 *
Wi

0101100
+562 0 -891 0 -559 0 -577 0 *
Fa
0  1e-07 65 0

0111000
+558 0 *
Wi

0101100
+559 0 +892 0 -926 0 -576 0 *
Fa
0  1e-07 53 0

0111000
+556 0 *
Ve
1e-07
7 -81 -38
0 0

0101101
*
Ed
 1e-07 1 1 0
1  228 0 -75 0
2  172 46 0 -75 0
4 G1 42 0 46 0
0

0101000
+981 0 -554 0 *
Ve
1e-07
5.00000000000001 -83 -38
0 0

0101101
*
Ed
 1e-07 1 1 0
1  229 0 1.5707963267949 3.14159265358979
2  173 85 0 1.5707963267949 3.14159265358979
4 G1 42 0 85 0
0

0101000
+554 0 -552 0 *
Ve
1e-07
-4.99999999999999 -83 -38
0 0

0101101
*
Ed
 1e-07 1 1 0
1  230 0 -10 0
2  174 84 0 -10 0
4 G1 42 0 84 0
0

0101000
+552 0 -550 0 *
Ve
1e-07
-6.99999999999999 -81 -38
0 0

0101101
*
Ed
 1e-07 1 1 0
1  231 0 3.14159265358979 4.71238898038469
2  175 83 0 3.14159265358979 4.71238898038469
4 G1 42 0 83 0
0

0101000
+550 0 -548 0 *
Ed
 1e-07 1 1 0
1  232 0 -75 0
2  176 43 0 -75 0
4 G1 42 0 43 0
0

0101000
+548 0 -980 0 *
Wi

0101100
-979 0 +553 0 +551 0 +549 0 +547 0 +546 0 *
Fa
0  1e-07 42 0

0111000
+545 0 *
Ed
 1e-07 1 1 0
1  233 0 4.06888787159135 4.71238898038463
2  177 43 0 4.06888787159135 4.71238898038463
2  178 83 0 4.06888787159135 4.71238898038463
4 G1 43 0 83 0
0

0101000
+616 0 -548 0 *
Wi

0101100
-977 0 -546 0 -543 0 -615 0 *
Fa
0  1e-07 43 0

0111000
+542 0 *
Ed
 1e-07 1 1 0
1  234 0 4.06888787159136 4.71238898038463
2  179 83 0 4.06888787159136 4.71238898038463
2  180 84 0 4.06888787159136 4.71238898038463
4 G1 83 0 84 0
0

0101000
+614 0 -550 0 *
Wi

0101100
+543 0 -547 0 -540 0 -613 0 *
Fa
0  1e-07 83 0

0111000
+539 0 *
Ed
 1e-07 1 1 0
1  235 0 4.06888787159136 4.71238898038463
2  181 84 0 4.06888787159136 4.71238898038463
2  182 85 0 4.06888787159136 4.71238898038463
4 G1 84 0 85 0
0

0101000
+612 0 -552 0 *
Wi

0101100
+540 0 -549 0 -537 0 -611 0 *
Fa
0  1e-07 84 0

0111000
+536 0 *
Ed
 1e-07 1 1 0
1  236 0 4.06888787159136 4.71238898038463
2  183 85 0 4.06888787159136 4.71238898038463
2  184 46 0 4.06888787159136 4.71238898038463
4 G1 85 0 46 0
0

0101000
+610 0 -554 0 *
Wi

0101100
+537 0 -551 0 -534 0 -609 0 *
Fa
0  1e-07 85 0

0111000
+533 0 *
Wi

0101100
+534 0 -553 0 -966 0 -608 0 *
Fa
0  1e-07 46 0

0111000
+531 0 *
Sh

0101100
-1099 0 -1089 0 -1079 0 -1069 0 -1059 0 -1049 0 -1039 0 -1029 0 -1019 0 -1009 0 
-999 0 +917 0 +887 0 -877 0 -867 0 -804 0 +800 0 +796 0 +792 0 +788 0 
-785 0 -783 0 -780 0 -778 0 -775 0 +772 0 -770 0 +768 0 -765 0 -762 0 
-760 0 -758 0 -755 0 +753 0 -750 0 +748 0 +746 0 +744 0 +742 0 +740 0 
-737 0 -732 0 -728 0 +725 0 +722 0 +719 0 -716 0 +713 0 +710 0 +708 0 
+703 0 +698 0 +691 0 +684 0 +677 0 -669 0 -662 0 -652 0 -642 0 -632 0 
-625 0 -617 0 +600 0 +598 0 +596 0 +594 0 +592 0 +590 0 +588 0 +586 0 
+584 0 -582 0 -580 0 +569 0 +566 0 +563 0 +560 0 +557 0 +555 0 +544 0 
+541 0 +538 0 +535 0 +532 0 +530 0 *
So

0100000
+529 0 *
Ve
1e-07
-5.40192378864667 -119.118802153517 41.5
0 0

0101101
*
Ve
1e-07
5.4019237886467 -112.881197846483 41.5
0 0

0101101
*
Ed
 1e-07 1 1 0
1  237 0 0 3.14159265358979
2  185 86 0 0 3.14159265358979
4 C0 86 0 87 0
0

0101000
+527 0 -526 0 *
Ve
9.67271359813546e-05
8.00000000000001 -111.381197846483 40.5
0 0

0101101
*
Ed
 1e-07 1 1 0
1  238 0 4.9340593271888 5.13421974237389
2  186 86 0 4.9340593271888 5.13421974237389
2  187 88 0 4.9340593271888 5.13421974237389
4 CN 86 0 88 0
0

0101000
+526 0 -524 0 *
Ve
9.67271359035701e-05
7.03732883785037e-15 -106.762395692966 40.5
0 0

0101101
*
Ed
 9.67271359035701e-05 1 1 0
1  239 0 2.33254409271883e-07 0.0092509853587196
2  188 86 0 2.33254409271883e-07 0.0092509853587196
4 C0 86 0 89 0
0

0101000
+522 0 -524 0 *
Ve
9.67271359698997e-05
-7.99999999999998 -111.381197846483 40.5
0 0

0101101
*
Ed
 8.74133977213807e-05 1 1 0
1  240 0 0.0946938928205695 0.103933314649715
2  189 86 0 0.0946938928205695 0.103933314649715
4 C0 86 0 90 0
0

0101000
+520 0 -522 0 *
Ve
9.67271359698997e-05
-7.99999999999999 -120.618802153517 40.5
0 0

0101101
*
Ed
 9.67271359698997e-05 1 1 0
1  241 0 2.33254409274469e-07 0.00925098535871961
2  190 86 0 2.33254409274469e-07 0.00925098535871961
4 C0 86 0 91 0
0

0101000
+518 0 -520 0 *
Ed
 1e-07 1 1 0
1  242 0 0.221670346804106 0.421830761989202
2  191 86 0 0.221670346804106 0.421830761989202
2  192 88 0 0.221670346804106 0.421830761989202
4 CN 86 0 88 0
0

0101000
+527 0 -518 0 *
Wi

0101100
+525 0 +523 0 -521 0 -519 0 -517 0 -516 0 *
Fa
0  1e-07 86 0

0111000
+515 0 *
Ve
1e-07
-4.33012701892219 -118.5 -43.5
0 0

0101101
*
Ve
1e-07
4.3301270189222 -113.5 -43.5
0 0

0101101
*
Ed
 1e-07 1 1 0
1  243 0 0 3.14159265358979
2  193 92 0 0 3.14159265358979
4 C0 92 0 93 0
0

0101000
+513 0 -512 0 *
Ve
1e-07
-4.33012701892218 -118.5 37
0 0

0101101
*
Ed
 1e-07 1 1 0
1  244 0 0 80.5
2  194 92 0 0 80.5
2  195 94 0 0 80.5
4 CN 92 0 94 0
0

0101000
+513 0 -510 0 *
Ve
1e-07
4.33012701892221 -113.5 37
0 0

0101101
*
Ed
 1e-07 1 1 0
1  245 0 0 3.14159265358979
2  196 92 0 0 3.14159265358979
4 C0 92 0 95 0
0

0101000
+510 0 -508 0 *
Ed
 1e-07 1 1 0
1  246 0 0 80.5
2  197 92 0 0 80.5
2  198 94 0 0 80.5
4 CN 92 0 94 0
0

0101000
+512 0 -508 0 *
Wi

0101100
-511 0 +509 0 +507 0 -506 0 *
Fa
0  1e-07 92 0

0111000
+505 0 *
Ed
 1e-07 1 1 0
1  247 0 3.14159265358979 6.28318530717959
2  199 94 0 3.14159265358979 6.28318530717959
4 C0 94 0 93 0
0

0101000
+512 0 -513 0 *
Ed
 1e-07 1 1 0
1  248 0 3.14159265358979 6.28318530717959
2  200 94 0 3.14159265358979 6.28318530717959
4 C0 94 0 95 0
0

0101000
+508 0 -510 0 *
Wi

0101100
-509 0 -503 0 +506 0 +502 0 *
Fa
0  1e-07 94 0

0111000
+501 0 *
Wi

0101100
+503 0 +511 0 *
Fa
0  1e-07 93 0

0111000
+499 0 *
Ve
1e-07
9.91840111182038e-15 -125.237604307034 37
0 0

0101101
*
Ve
1e-07
-7.99999999999999 -120.618802153517 37
0 0

0101101
*
Ed
 1e-07 1 1 0
1  249 0 0 9.23760430703401
4 C0 95 0 96 0
0

0101000
+497 0 -496 0 *
Ve
1e-07
-7.99999999999999 -111.381197846483 37
0 0

0101101
*
Ed
 1e-07 1 1 0
1  250 0 0 9.23760430703399
4 C0 95 0 91 0
0

0101000
+496 0 -494 0 *
Ve
1e-07
1.16947579512206e-14 -106.762395692966 37
0 0

0101101
*
Ed
 1e-07 1 1 0
1  251 0 0 9.23760430703402
4 C0 95 0 90 0
0

0101000
+494 0 -492 0 *
Ve
1e-07
8.00000000000001 -111.381197846483 37
0 0

0101101
*
Ed
 1e-07 1 1 0
1  252 0 0 9.23760430703401
4 C0 95 0 89 0
0

0101000
+492 0 -490 0 *
Ve
1e-07
8.00000000000001 -120.618802153517 37
0 0

0101101
*
Ed
 1e-07 1 1 0
1  253 0 0 9.23760430703399
4 C0 95 0 97 0
0

0101000
+490 0 -488 0 *
Ed
 1e-07 1 1 0
1  254 0 0 9.23760430703401
4 C0 95 0 98 0
0

0101000
+488 0 -497 0 *
Wi

0101100
+495 0 +493 0 +491 0 +489 0 +487 0 +486 0 *
Wi

0101100
-502 0 -507 0 *
Fa
0  1e-07 95 0

0111000
+485 0 +484 0 *
Ve
9.67271359002468e-05
1.01459533068008e-14 -125.237604307034 40.5
0 0

0101101
*
Ed
 1e-07 1 1 0
1  255 0 0 3.5
4 C0 96 0 98 0
0

0101000
+497 0 -482 0 *
Ed
 9.67271359002468e-05 1 1 0
1  256 0 2.33254409275327e-07 0.0092509853587196
2  201 88 0 2.33254409275327e-07 0.0092509853587196
4 C0 96 0 88 0
0

0101000
+482 0 -518 0 *
Ed
 1e-07 1 1 0
1  257 0 0 3.5
4 C0 96 0 91 0
0

0101000
+496 0 -518 0 *
Wi

0101100
+481 0 +480 0 -479 0 -495 0 *
Fa
0  1e-07 96 0

0111000
-478 0 *
Ed
 1e-07 1 1 0
1  258 0 0 3.5
4 C0 91 0 90 0
0

0101000
+494 0 -520 0 *
Wi

0101100
+479 0 +517 0 -476 0 -493 0 *
Fa
0  1e-07 91 0

0111000
-475 0 *
Ed
 1e-07 1 1 0
1  259 0 0 3.5
4 C0 90 0 89 0
0

0101000
+492 0 -522 0 *
Wi

0101100
+476 0 +519 0 -473 0 -491 0 *
Fa
0  1e-07 90 0

0111000
-472 0 *
Ed
 1e-07 1 1 0
1  260 0 0 3.5
4 C0 89 0 97 0
0

0101000
+490 0 -524 0 *
Wi

0101100
+473 0 +521 0 -470 0 -489 0 *
Fa
0  1e-07 89 0

0111000
-469 0 *
Ve
9.67271359813546e-05
8.00000000000002 -120.618802153517 40.5
0 0

0101101
*
Ed
 9.67271359813546e-05 1 1 0
1  261 0 2.33254409267702e-07 0.0092509853587196
2  202 88 0 2.33254409267702e-07 0.0092509853587196
4 C0 97 0 88 0
0

0101000
+524 0 -467 0 *
Ed
 1e-07 1 1 0
1  262 0 0 3.5
4 C0 97 0 98 0
0

0101000
+488 0 -467 0 *
Wi

0101100
+470 0 +466 0 -465 0 -487 0 *
Fa
0  1e-07 97 0

0111000
-464 0 *
Ed
 8.74134016786968e-05 1 1 0
1  263 0 0.0946938931789154 0.103933315084297
2  203 88 0 0.0946938931789154 0.103933315084297
4 C0 98 0 88 0
0

0101000
+467 0 -482 0 *
Wi

0101100
+465 0 +462 0 -481 0 -486 0 *
Fa
0  1e-07 98 0

0111000
-461 0 *
Ed
 1e-07 1 1 0
1  264 0 3.14159265358979 6.28318530717959
2  204 88 0 3.14159265358979 6.28318530717959
4 C0 88 0 87 0
0

0101000
+526 0 -527 0 *
Wi

0101100
-523 0 +459 0 +516 0 -480 0 -462 0 -466 0 *
Fa
0  1e-07 88 0

0111000
+458 0 *
Wi

0101100
-525 0 -459 0 *
Fa
0  1e-07 87 0

0111000
-456 0 *
Sh

0101100
+514 0 +504 0 +500 0 +498 0 +483 0 -477 0 -474 0 -471 0 -468 0 -463 0 
-460 0 +457 0 -455 0 *
So

0100000
+454 0 *
Ve
1e-07
6.2508272761696e-15 -109.8 -43.9999999999999
0 0

0101101
*
Ve
1e-07
1.19562369031475e-14 -122.2 -43.9999999999999
0 0

0101101
*
Ed
 1e-07 1 1 0
1  265 0 0 3.14159265358979
2  205 99 0 0 3.14159265358979
2  206 100 0 0 3.14159265358979
4 C1 99 0 100 0
0

0101000
+452 0 -451 0 *
Ve
1e-07
1.17007155338808e-14 -121.7 -44.4999999999999
0 0

0101101
*
Ed
 1e-07 1 1 0
1  266 0 0 1.5707963267949
2  207 99 0 0 1.5707963267949
2  208 101 0 0 1.5707963267949
4 CN 99 0 101 0
0

0101000
+451 0 -449 0 *
Ve
1e-07
6.44511630547901e-15 -110.3 -44.4999999999999
0 0

0101101
*
Ed
 1e-07 1 1 0
1  267 0 0 3.14159265358979
2  209 99 0 0 3.14159265358979
4 G1 99 0 102 0
0

0101000
+447 0 -449 0 *
Ed
 1e-07 1 1 0
1  268 0 0 1.5707963267949
2  210 99 0 0 1.5707963267949
2  211 101 0 0 1.5707963267949
4 CN 99 0 101 0
0

0101000
+452 0 -447 0 *
Wi

0101100
+450 0 +448 0 -446 0 -445 0 *
Fa
0  1e-07 99 0

0111000
+444 0 *
Ve
1e-07
6.0565382468602e-15 -109.3 -43.4999999999999
0 0

0101101
*
Ed
 1e-07 1 1 0
1  269 0 3.14159265358979 4.71238898038469
2  212 103 0 3.14159265358979 4.71238898038469
2  213 100 0 3.14159265358979 4.71238898038469
4 CN 103 0 100 0
0

0101000
+452 0 -442 0 *
Ve
1e-07
1.20839975877809e-14 -122.7 -43.4999999999999
0 0

0101101
*
Ed
 1e-07 1 1 0
1  270 0 0 3.14159265358979
2  214 103 0 0 3.14159265358979
4 G1 103 0 104 0
0

0101000
+442 0 -440 0 *
Ed
 1e-07 1 1 0
1  271 0 3.14159265358979 4.71238898038469
2  215 103 0 3.14159265358979 4.71238898038469
2  216 100 0 3.14159265358979 4.71238898038469
4 CN 103 0 100 0
0

0101000
+451 0 -440 0 *
Ed
 1e-07 1 1 0
1  272 0 3.14159265358979 6.28318530717959
2  217 103 0 3.14159265358979 6.28318530717959
2  218 101 0 3.14159265358979 6.28318530717959
4 C1 103 0 101 0
0

0101000
+451 0 -452 0 *
Wi

0101100
+441 0 +439 0 -438 0 +437 0 *
Fa
0  1e-07 103 0

0111000
+436 0 *
Ve
1e-07
6.11685178502152e-15 -109.455216015994 -36.9999999999999
0 0

0101101
*
Ve
1e-07
1.25156956115514e-14 -122.544783984006 -36.9999999999999
0 0

0101101
*
Ed
 1e-07 1 1 0
1  273 0 0 3.14159265358979
2  219 105 0 0 3.14159265358979
4 G1 105 0 106 0
0

0101000
+434 0 -433 0 *
Ve
0.000318704130319633
1.24417275047544e-14 -123.4 -37.1920714709955
0 0

0101101
*
Ed
 1e-07 1 1 0
1  274 0 4.71238898038469 5.15423398261205
2  220 105 0 4.71238898038469 5.15423398261205
2  221 107 0 4.71238898038469 5.15423398261205
4 CN 105 0 107 0
0

0101000
+433 0 -431 0 *
Ve
0.000341445192186291
4.27239199200324 -123.4 -38.9999999999999
0 0

0101101
*
Ed
 0.000240492235444163 1 1 0
1  275 0 1.3533482778631e-14 0.00503284326234566
2  222 105 0 1.3533482778631e-14 0.00503284326234566
4 C0 105 0 108 0
0

0101000
+431 0 -429 0 *
Ve
0.000341445192348737
8.54478398400648 -116 -38.9999999999999
0 0

0101101
*
Ed
 0.000341445192186291 1 1 0
1  276 0 1.96976683346095e-07 0.0101438099481009
2  223 105 0 1.96976683346095e-07 0.0101438099481009
4 C0 105 0 109 0
0

0101000
+429 0 -427 0 *
Ve
0.000341445192348737
4.27239199200324 -108.6 -38.9999999999999
0 0

0101101
*
Ed
 0.000341445192348737 1 1 0
1  277 0 1.96976683344313e-07 0.0101438099481009
2  224 105 0 1.96976683344313e-07 0.0101438099481009
4 C0 105 0 110 0
0

0101000
+427 0 -425 0 *
Ve
0.000318704130273581
5.78453360582704e-15 -108.6 -37.1920714709955
0 0

0101101
*
Ed
 0.000318704130273581 1 1 0
1  278 0 0.0151583342293736 0.0202226948053973
2  225 105 0 0.0151583342293736 0.0202226948053973
4 C0 105 0 111 0
0

0101000
+425 0 -423 0 *
Ed
 1e-07 1 1 0
1  279 0 4.71238898038469 5.15423398261205
2  226 105 0 4.71238898038469 5.15423398261205
2  227 107 0 4.71238898038469 5.15423398261205
4 CN 105 0 107 0
0

0101000
+434 0 -423 0 *
Wi

0101100
+432 0 +430 0 +428 0 +426 0 +424 0 +422 0 -421 0 *
Fa
0  1e-07 105 0

0111000
+420 0 *
Ve
1e-07
1.06029015327002e-14 -121 -44.4999999999999
0 0

0101101
*
Ve
1e-07
1.06029015327002e-14 -121 -36.9999999999999
0 0

0101101
*
Ed
 1e-07 1 1 0
1  280 0 0 7.5
2  228 112 0 0 7.5
2  229 113 0 0 7.5
4 CN 112 0 113 0
0

0101000
+418 0 -417 0 *
Ve
1e-07
7.32944434608585e-15 -111 -36.9999999999999
0 0

0101101
*
Ed
 1e-07 1 1 0
1  281 0 3.14159265358979 6.28318530717959
2  230 112 0 3.14159265358979 6.28318530717959
4 C0 112 0 106 0
0

0101000
+417 0 -415 0 *
Ve
1e-07
7.32944434608585e-15 -111 -44.4999999999999
0 0

0101101
*
Ed
 1e-07 1 1 0
1  282 0 0 7.5
2  231 112 0 0 7.5
2  232 113 0 0 7.5
4 CN 112 0 113 0
0

0101000
+413 0 -415 0 *
Ed
 1e-07 1 1 0
1  283 0 3.14159265358979 6.28318530717959
2  233 112 0 3.14159265358979 6.28318530717959
4 C0 112 0 102 0
0

0101000
+418 0 -413 0 *
Wi

0101100
+416 0 +414 0 -412 0 -411 0 *
Fa
0  1e-07 112 0

0111000
+410 0 *
Ve
0.000457823010056988
7.14407513359621 -113.573901104478 -43.4999999999999
0 0

0101101
*
Ve
0.000459918652770153
8.54478398400648 -116 -42.4999999999999
0 0

0101101
*
Ed
 0.000457823010056988 1 1 0
1  284 0 1.81367282050289e-06 0.00301758922561379
2  234 114 0 1.81367282050289e-06 0.00301758922561379
4 C0 110 0 114 0
0

0101000
+408 0 -407 0 *
Ve
0.000459918652780601
5.67310084241351 -111.026098895522 -43.4999999999999
0 0

0101101
*
Ed
 1e-07 1 1 0
1  285 0 2.80141770082056 5.74336628318591
4 C0 110 0 104 0
0

0101000
+405 0 -408 0 *
Ve
0.000459918652780601
4.27239199200324 -108.6 -42.4999999999999
0 0

0101101
*
Ed
 0.000459918652780601 1 1 0
1  286 0 2.95195044452651e-07 0.00299690844597172
2  235 115 0 2.95195044452651e-07 0.00299690844597172
4 C0 110 0 115 0
0

0101000
+403 0 -405 0 *
Ed
 1e-07 1 1 0
1  287 0 2 5.5
4 C0 110 0 111 0
0

0101000
+403 0 -425 0 *
Ed
 1e-07 1 1 0
1  288 0 2 5.5
4 C0 110 0 109 0
0

0101000
+407 0 -427 0 *
Wi

0101100
-406 0 -404 0 -402 0 +401 0 -424 0 -400 0 *
Fa
0  1e-07 110 0

0111000
-399 0 *
Ve
0.000457823010051438
5.6731008424135 -120.973901104478 -43.4999999999999
0 0

0101101
*
Ve
0.000478409407221135
4.27239199200324 -123.4 -42.4999999999999
0 0

0101101
*
Ed
 0.000457823010051438 1 1 0
1  289 0 1.81367282059791e-06 0.00301758922561388
2  236 116 0 1.81367282059791e-06 0.00301758922561388
4 C0 109 0 116 0
0

0101000
+397 0 -396 0 *
Ve
0.000459918652770153
7.14407513359621 -118.426098895522 -43.4999999999999
0 0

0101101
*
Ed
 1e-07 1 1 0
1  290 0 2.80141770082056 5.74336628318592
4 C0 109 0 104 0
0

0101000
+394 0 -397 0 *
Ed
 0.000459918652770153 1 1 0
1  291 0 2.95195044433229e-07 0.00299690844597169
2  237 114 0 2.95195044433229e-07 0.00299690844597169
4 C0 109 0 114 0
0

0101000
+407 0 -394 0 *
Ed
 1e-07 1 1 0
1  292 0 2 5.5
4 C0 109 0 108 0
0

0101000
+396 0 -429 0 *
Wi

0101100
-395 0 -393 0 -392 0 +400 0 -426 0 -391 0 *
Fa
0  1e-07 109 0

0111000
-390 0 *
Ve
5.49403896109121e-05
-1.47097429118269 -123.4 -43.4999999999999
0 0

0101101
*
Ve
0.00045991865278351
-4.27239199200322 -123.4 -42.4999999999999
0 0

0101101
*
Ed
 5.49403896109121e-05 1 1 0
1  293 0 0.00147000222480713 0.004471330114863
2  238 117 0 0.00147000222480713 0.004471330114863
4 C0 108 0 117 0
0

0101000
+388 0 -387 0 *
Ve
0.000478409407221135
1.47097429118271 -123.4 -43.4999999999999
0 0

0101101
*
Ed
 1e-07 1 1 0
1  294 0 2.80141770082053 5.74336628318593
4 C0 108 0 104 0
0

0101000
+385 0 -388 0 *
Ed
 0.000478409407221135 1 1 0
1  295 0 0.0193657235930351 0.0223743795533757
2  239 116 0 0.0193657235930351 0.0223743795533757
4 C0 108 0 116 0
0

0101000
+396 0 -385 0 *
Ve
0.000341445192350249
-4.27239199200322 -123.4 -38.9999999999999
0 0

0101101
*
Ed
 0.000318704130319633 1 1 0
1  296 0 0.0151583342295081 0.0202226948056389
2  240 107 0 0.0151583342295081 0.0202226948056389
4 C0 108 0 107 0
0

0101000
+382 0 -431 0 *
Ed
 1e-07 1 1 0
1  297 0 2 5.5
4 C0 108 0 118 0
0

0101000
+387 0 -382 0 *
Wi

0101100
-386 0 -384 0 -383 0 +391 0 -428 0 -381 0 -380 0 *
Fa
0  1e-07 108 0

0111000
-379 0 *
Ve
0.000457823010058116
-7.14407513359618 -118.426098895522 -43.4999999999999
0 0

0101101
*
Ve
0.000459918652774379
-8.54478398400646 -116 -42.4999999999999
0 0

0101101
*
Ed
 0.000457823010058116 1 1 0
1  298 0 1.81367282058521e-06 0.00301758922561387
2  241 119 0 1.81367282058521e-06 0.00301758922561387
4 C0 118 0 119 0
0

0101000
+377 0 -376 0 *
Ve
0.00045991865278351
-5.6731008424135 -120.973901104478 -43.4999999999999
0 0

0101101
*
Ed
 1e-07 1 1 0
1  299 0 2.80141770082056 5.74336628318591
4 C0 118 0 104 0
0

0101000
+374 0 -377 0 *
Ed
 0.00045991865278351 1 1 0
1  300 0 2.95195044440862e-07 0.0029969084459717
2  242 117 0 2.95195044440862e-07 0.0029969084459717
4 C0 118 0 117 0
0

0101000
+387 0 -374 0 *
Ve
0.000341445192350249
-8.54478398400646 -116 -38.9999999999999
0 0

0101101
*
Ed
 0.000341445192350249 1 1 0
1  301 0 1.96976683345772e-07 0.0101438099481009
2  243 107 0 1.96976683345772e-07 0.0101438099481009
4 C0 118 0 107 0
0

0101000
+371 0 -382 0 *
Ed
 1e-07 1 1 0
1  302 0 2 5.5
4 C0 118 0 120 0
0

0101000
+376 0 -371 0 *
Wi

0101100
-375 0 -373 0 -372 0 +380 0 -370 0 -369 0 *
Fa
0  1e-07 118 0

0111000
-368 0 *
Ve
0.000457823010044562
-5.67310084241348 -111.026098895522 -43.4999999999999
0 0

0101101
*
Ve
0.000478409407212755
-4.27239199200322 -108.6 -42.4999999999999
0 0

0101101
*
Ed
 0.000457823010044562 1 1 0
1  303 0 1.81367282059864e-06 0.00301758922561386
2  244 121 0 1.81367282059864e-06 0.00301758922561386
4 C0 120 0 121 0
0

0101000
+366 0 -365 0 *
Ve
0.000459918652774379
-7.1440751335962 -113.573901104478 -43.4999999999999
0 0

0101101
*
Ed
 1e-07 1 1 0
1  304 0 2.80141770082055 5.74336628318592
4 C0 120 0 104 0
0

0101000
+363 0 -366 0 *
Ed
 0.000459918652774379 1 1 0
1  305 0 2.95195044442038e-07 0.00299690844597168
2  245 119 0 2.95195044442038e-07 0.00299690844597168
4 C0 120 0 119 0
0

0101000
+376 0 -363 0 *
Ve
0.000341445192189392
-4.27239199200322 -108.6 -38.9999999999999
0 0

0101101
*
Ed
 0.000341445192189392 1 1 0
1  306 0 1.96976683347933e-07 0.0101438099481009
2  246 107 0 1.96976683347933e-07 0.0101438099481009
4 C0 120 0 107 0
0

0101000
+360 0 -371 0 *
Ed
 1e-07 1 1 0
1  307 0 2 5.5
4 C0 120 0 111 0
0

0101000
+365 0 -360 0 *
Wi

0101100
-364 0 -362 0 -361 0 +369 0 -359 0 -358 0 *
Fa
0  1e-07 120 0

0111000
-357 0 *
Ve
5.49403896365577e-05
1.47097429118273 -108.6 -43.4999999999999
0 0

0101101
*
Ed
 5.49403896365577e-05 1 1 0
1  308 0 0.00147000222480715 0.00447133011486301
2  247 115 0 0.00147000222480715 0.00447133011486301
4 C0 111 0 115 0
0

0101000
+355 0 -403 0 *
Ve
0.000478409407212755
-1.47097429118272 -108.6 -43.4999999999999
0 0

0101101
*
Ed
 1e-07 1 1 0
1  309 0 2.8014177008205 5.74336628318595
4 C0 111 0 104 0
0

0101000
+353 0 -355 0 *
Ed
 0.000478409407212755 1 1 0
1  310 0 0.0193657235930351 0.0223743795533757
2  248 121 0 0.0193657235930351 0.0223743795533757
4 C0 111 0 121 0
0

0101000
+365 0 -353 0 *
Ed
 0.00024049223542301 1 1 0
1  311 0 1.06750850315336e-17 0.00503284326230357
2  249 107 0 1.06750850315336e-17 0.00503284326230357
4 C0 111 0 107 0
0

0101000
+423 0 -360 0 *
Wi

0101100
-354 0 -352 0 -351 0 +358 0 -350 0 -422 0 -401 0 *
Fa
0  1e-07 111 0

0111000
-349 0 *
Ed
 1e-07 1 1 0
1  312 0 0.196222506028966 0.850975045167638
2  250 115 0 0.196222506028966 0.850975045167638
4 C0 104 0 115 0
0

0101000
+355 0 -405 0 *
Ed
 1e-07 1 1 0
1  313 0 1.24342005722556 1.89817259636424
2  251 114 0 1.24342005722556 1.89817259636424
4 C0 104 0 114 0
0

0101000
+408 0 -394 0 *
Ed
 1e-07 1 1 0
1  314 0 2.29061760842216 2.94537014756083
2  252 116 0 2.29061760842216 2.94537014756083
4 C0 104 0 116 0
0

0101000
+397 0 -385 0 *
Ed
 1e-07 1 1 0
1  315 0 3.33781515961876 3.99256769875743
2  253 117 0 3.33781515961876 3.99256769875743
4 C0 104 0 117 0
0

0101000
+388 0 -374 0 *
Ed
 1e-07 1 1 0
1  316 0 4.38501271081535 5.03976524995403
2  254 119 0 4.38501271081535 5.03976524995403
4 C0 104 0 119 0
0

0101000
+377 0 -363 0 *
Ed
 1e-07 1 1 0
1  317 0 5.43221026201195 6.08696280115062
2  255 121 0 5.43221026201195 6.08696280115062
4 C0 104 0 121 0
0

0101000
+366 0 -353 0 *
Wi

0101100
+352 0 +347 0 +404 0 +346 0 +393 0 +345 0 +384 0 +344 0 +373 0 +343 0 
+362 0 +342 0 *
Ed
 1e-07 1 1 0
1  318 0 3.14159265358979 6.28318530717959
2  256 100 0 3.14159265358979 6.28318530717959
4 G1 104 0 100 0
0

0101000
+440 0 -442 0 *
Wi

0101100
+439 0 +340 0 *
Fa
0  1e-07 104 0

0111000
+341 0 +339 0 *
Ed
 1e-07 1 1 0
1  319 0 3.14159265358979 6.28318530717959
2  257 107 0 3.14159265358979 6.28318530717959
4 G1 106 0 107 0
0

0101000
+433 0 -434 0 *
Wi

0101100
-432 0 -337 0 *
Ed
 1e-07 1 1 0
1  320 0 0 3.14159265358979
2  258 113 0 0 3.14159265358979
4 C0 106 0 113 0
0

0101000
+415 0 -417 0 *
Wi

0101100
+414 0 +335 0 *
Fa
0  1e-07 106 0

0111000
-336 0 -334 0 *
Ed
 1e-07 1 1 0
1  321 0 3.14159265358979 6.28318530717959
2  259 101 0 3.14159265358979 6.28318530717959
4 G1 102 0 101 0
0

0101000
+449 0 -447 0 *
Wi

0101100
+446 0 +332 0 *
Ed
 1e-07 1 1 0
1  322 0 0 3.14159265358979
2  260 113 0 0 3.14159265358979
4 C0 102 0 113 0
0

0101000
+413 0 -418 0 *
Wi

0101100
-411 0 -330 0 *
Fa
0  1e-07 102 0

0111000
+331 0 +329 0 *
Wi

0101100
+335 0 -416 0 -330 0 +412 0 *
Fa
0  1e-07 113 0

0111000
+327 0 *
Wi

0101100
-430 0 +337 0 +421 0 +350 0 +359 0 +370 0 +381 0 *
Fa
0  1e-07 107 0

0111000
+325 0 *
Wi

0101100
+364 0 +351 0 -342 0 *
Fa
0  1e-07 121 0

0111000
+323 0 *
Wi

0101100
+375 0 +361 0 -343 0 *
Fa
0  1e-07 119 0

0111000
+321 0 *
Wi

0101100
+386 0 +372 0 -344 0 *
Fa
0  1e-07 117 0

0111000
+319 0 *
Wi

0101100
+395 0 +383 0 -345 0 *
Fa
0  1e-07 116 0

0111000
+317 0 *
Wi

0101100
+406 0 +392 0 -346 0 *
Fa
0  1e-07 114 0

0111000
+315 0 *
Wi

0101100
+402 0 -347 0 +354 0 *
Fa
0  1e-07 115 0

0111000
+313 0 *
Wi

0101100
+340 0 -441 0 +450 0 +438 0 *
Fa
0  1e-07 100 0

0111000
+311 0 *
Wi

0101100
-448 0 +437 0 +445 0 -332 0 *
Fa
0  1e-07 101 0

0111000
+309 0 *
Sh

0101100
+443 0 -435 0 +419 0 -409 0 -398 0 -389 0 -378 0 -367 0 -356 0 -348 0 
+338 0 -333 0 +328 0 -326 0 +324 0 +322 0 +320 0 +318 0 +316 0 +314 0 
+312 0 -310 0 +308 0 *
So

0100000
+307 0 *
Ve
1e-07
6 -116 -4
0 0

0101101
*
Ve
1e-07
6 -116 4
0 0

0101101
*
Ed
 1e-07 1 1 0
1  323 0 20 28
2  261 122 0 20 28
2  262 123 0 20 28
4 CN 122 0 123 0
0

0101000
+305 0 -304 0 *
Ve
1e-07
-6 -116 4
0 0

0101101
*
Ed
 1e-07 1 1 0
1  324 0 3.14159265358979 6.28318530717959
2  263 122 0 3.14159265358979 6.28318530717959
4 C0 122 0 124 0
0

0101000
+302 0 -304 0 *
Ve
1e-07
-6 -116 -4
0 0

0101101
*
Ed
 1e-07 1 1 0
1  325 0 20 28
2  264 122 0 20 28
2  265 123 0 20 28
4 CN 122 0 123 0
0

0101000
+300 0 -302 0 *
Ed
 1e-07 1 1 0
1  326 0 3.14159265358979 6.28318530717959
2  266 122 0 3.14159265358979 6.28318530717959
4 C0 122 0 125 0
0

0101000
+305 0 -300 0 *
Wi

0101100
+303 0 -301 0 -299 0 -298 0 *
Fa
0  1e-07 122 0

0111000
+297 0 *
Ve
1e-07
-75 -116 10
0 0

0101101
*
Ve
1e-07
75 -116 10
0 0

0101101
*
Ed
 1e-07 1 1 0
1  327 0 3.14159265358979 6.28318530717959
2  267 126 0 3.14159265358979 6.28318530717959
2  268 127 0 3.14159265358979 6.28318530717959
4 G1 126 0 127 0
0

0101000
+295 0 -294 0 *
Ve
1e-07
-65 -116 20
0 0

0101101
*
Ed
 1e-07 1 1 0
1  328 0 0 1.5707963267949
2  269 126 0 0 1.5707963267949
2  270 128 0 0 1.5707963267949
4 CN 126 0 128 0
0

0101000
+295 0 -292 0 *
Ve
1e-07
65 -116 20
0 0

0101101
*
Ed
 1e-07 1 1 0
1  329 0 0 3.14159265358979
2  271 126 0 0 3.14159265358979
4 G1 126 0 129 0
0

0101000
+290 0 -292 0 *
Ed
 1e-07 1 1 0
1  330 0 1.5707963267949 3.14159265358979
2  272 126 0 1.5707963267949 3.14159265358979
2  273 128 0 1.5707963267949 3.14159265358979
4 CN 126 0 128 0
0

0101000
+294 0 -290 0 *
Wi

0101100
-293 0 +291 0 -289 0 -288 0 *
Fa
0  1e-07 126 0

0111000
+287 0 *
Ve
1e-07
75 -116 -10
0 0

0101101
*
Ve
1e-07
-75 -116 -10
0 0

0101101
*
Ed
 1e-07 1 1 0
1  331 0 3.14159265358979 6.28318530717959
2  274 130 0 3.14159265358979 6.28318530717959
2  275 127 0 3.14159265358979 6.28318530717959
4 G1 130 0 127 0
0

0101000
+285 0 -284 0 *
Ve
1e-07
65 -116 -20
0 0

0101101
*
Ed
 1e-07 1 1 0
1  332 0 3.14159265358979 4.71238898038469
2  276 130 0 3.14159265358979 4.71238898038469
2  277 131 0 3.14159265358979 4.71238898038469
4 CN 130 0 131 0
0

0101000
+285 0 -282 0 *
Ve
1e-07
-65 -116 -20
0 0

0101101
*
Ed
 1e-07 1 1 0
1  333 0 0 3.14159265358979
2  278 130 0 0 3.14159265358979
4 G1 130 0 132 0
0

0101000
+280 0 -282 0 *
Ed
 1e-07 1 1 0
1  334 0 4.71238898038469 6.28318530717959
2  279 130 0 4.71238898038469 6.28318530717959
2  280 131 0 4.71238898038469 6.28318530717959
4 CN 130 0 131 0
0

0101000
+284 0 -280 0 *
Wi

0101100
-283 0 +281 0 -279 0 -278 0 *
Fa
0  1e-07 130 0

0111000
+277 0 *
Ve
1e-07
-52.5 -116 -4
0 0

0101101
*
Ve
1e-07
-52.5 -116 -24
0 0

0101101
*
Ed
 1e-07 1 1 0
1  335 0 -0 20
2  281 133 0 -0 20
2  282 134 0 -0 20
4 CN 133 0 134 0
0

0101000
+275 0 -274 0 *
Ve
1e-07
52.5 -116 -24
0 0

0101101
*
Ed
 1e-07 1 1 0
1  336 0 3.14159265358979 6.28318530717959
2  283 133 0 3.14159265358979 6.28318530717959
4 C0 133 0 135 0
0

0101000
+274 0 -272 0 *
Ve
1e-07
52.5 -116 -4
0 0

0101101
*
Ed
 1e-07 1 1 0
1  337 0 -0 20
2  284 133 0 -0 20
2  285 134 0 -0 20
4 CN 133 0 134 0
0

0101000
+270 0 -272 0 *
Ed
 1e-07 1 1 0
1  338 0 3.14159265358979 6.28318530717959
2  286 133 0 3.14159265358979 6.28318530717959
4 C0 133 0 125 0
0

0101000
+275 0 -270 0 *
Wi

0101100
+273 0 +271 0 -269 0 -268 0 *
Fa
0  1e-07 133 0

0111000
+267 0 *
Ve
1e-07
60 -116 -20
0 0

0101101
*
Ve
1e-07
-60 -116 -20
0 0

0101101
*
Ed
 1e-07 1 1 0
1  339 0 0 3.14159265358979
2  287 136 0 0 3.14159265358979
4 C0 136 0 132 0
0

0101000
+265 0 -264 0 *
Ve
1e-07
60 -116 -24
0 0

0101101
*
Ed
 1e-07 1 1 0
1  340 0 -0 4
2  288 136 0 -0 4
2  289 137 0 -0 4
4 CN 136 0 137 0
0

0101000
+265 0 -262 0 *
Ve
1e-07
-60 -116 -24
0 0

0101101
*
Ed
 1e-07 1 1 0
1  341 0 0 3.14159265358979
2  290 136 0 0 3.14159265358979
4 C0 136 0 135 0
0

0101000
+262 0 -260 0 *
Ed
 1e-07 1 1 0
1  342 0 -0 4
2  291 136 0 -0 4
2  292 137 0 -0 4
4 CN 136 0 137 0
0

0101000
+264 0 -260 0 *
Wi

0101100
-263 0 +261 0 +259 0 -258 0 *
Fa
0  1e-07 136 0

0111000
+257 0 *
Ve
1e-07
52.5 -116 4
0 0

0101101
*
Ve
1e-07
52.5 -116 24
0 0

0101101
*
Ed
 1e-07 1 1 0
1  343 0 0 20
2  293 138 0 0 20
2  294 139 0 0 20
4 CN 138 0 139 0
0

0101000
+255 0 -254 0 *
Ve
1e-07
-52.5 -116 24
0 0

0101101
*
Ed
 1e-07 1 1 0
1  344 0 3.14159265358979 6.28318530717959
2  295 138 0 3.14159265358979 6.28318530717959
4 C0 138 0 140 0
0

0101000
+252 0 -254 0 *
Ve
1e-07
-52.5 -116 4
0 0

0101101
*
Ed
 1e-07 1 1 0
1  345 0 0 20
2  296 138 0 0 20
2  297 139 0 0 20
4 CN 138 0 139 0
0

0101000
+250 0 -252 0 *
Ed
 1e-07 1 1 0
1  346 0 3.14159265358979 6.28318530717959
2  298 138 0 3.14159265358979 6.28318530717959
4 C0 138 0 124 0
0

0101000
+250 0 -255 0 *
Wi

0101100
+253 0 -251 0 -249 0 +248 0 *
Fa
0  1e-07 138 0

0111000
+247 0 *
Ve
1e-07
60 -116 20
0 0

0101101
*
Ve
1e-07
-60 -116 20
0 0

0101101
*
Ed
 1e-07 1 1 0
1  347 0 0 3.14159265358979
2  299 141 0 0 3.14159265358979
4 C0 141 0 129 0
0

0101000
+245 0 -244 0 *
Ve
1e-07
-60 -116 24
0 0

0101101
*
Ed
 1e-07 1 1 0
1  348 0 0 4
2  300 141 0 0 4
2  301 142 0 0 4
4 CN 141 0 142 0
0

0101000
+244 0 -242 0 *
Ve
1e-07
60 -116 24
0 0

0101101
*
Ed
 1e-07 1 1 0
1  349 0 0 3.14159265358979
2  302 141 0 0 3.14159265358979
4 C0 141 0 140 0
0

0101000
+240 0 -242 0 *
Ed
 1e-07 1 1 0
1  350 0 0 4
2  303 141 0 0 4
2  304 142 0 0 4
4 CN 141 0 142 0
0

0101000
+245 0 -240 0 *
Wi

0101100
+243 0 +241 0 -239 0 -238 0 *
Fa
0  1e-07 141 0

0111000
+237 0 *
Ed
 1e-07 1 1 0
1  351 0 14 34
2  305 127 0 14 34
2  306 143 0 14 34
4 CN 127 0 143 0
0

0101000
+294 0 -285 0 *
Ed
 1e-07 1 1 0
1  352 0 14 34
2  307 127 0 14 34
2  308 143 0 14 34
4 CN 127 0 143 0
0

0101000
+295 0 -284 0 *
Wi

0101100
+293 0 +235 0 +283 0 -234 0 *
Fa
0  1e-07 127 0

0111000
+233 0 *
Ed
 1e-07 1 1 0
1  353 0 3.14159265358979 6.28318530717959
2  309 137 0 3.14159265358979 6.28318530717959
4 C0 135 0 137 0
0

0101000
+260 0 -262 0 *
Wi

0101100
-231 0 -259 0 *
Ed
 1e-07 1 1 0
1  354 0 0 3.14159265358979
2  310 134 0 0 3.14159265358979
4 C0 135 0 134 0
0

0101000
+272 0 -274 0 *
Wi

0101100
+271 0 +229 0 *
Fa
0  1e-07 135 0

0111000
-230 0 -228 0 *
Ed
 1e-07 1 1 0
1  355 0 0 3.14159265358979
2  311 143 0 0 3.14159265358979
2  312 128 0 0 3.14159265358979
4 G1 143 0 128 0
0

0101000
+294 0 -295 0 *
Ed
 1e-07 1 1 0
1  356 0 0 3.14159265358979
2  313 143 0 0 3.14159265358979
2  314 131 0 0 3.14159265358979
4 G1 143 0 131 0
0

0101000
+284 0 -285 0 *
Wi

0101100
-235 0 +226 0 +234 0 +225 0 *
Fa
0  1e-07 143 0

0111000
+224 0 *
Ed
 1e-07 1 1 0
1  357 0 3.14159265358979 6.28318530717959
2  315 128 0 3.14159265358979 6.28318530717959
4 G1 129 0 128 0
0

0101000
+292 0 -290 0 *
Wi

0101100
+289 0 +222 0 *
Ed
 1e-07 1 1 0
1  358 0 3.14159265358979 6.28318530717959
2  316 142 0 3.14159265358979 6.28318530717959
4 C0 129 0 142 0
0

0101000
+244 0 -245 0 *
Wi

0101100
-243 0 -220 0 *
Fa
0  1e-07 129 0

0111000
+221 0 +219 0 *
Ed
 1e-07 1 1 0
1  359 0 3.14159265358979 6.28318530717959
2  317 142 0 3.14159265358979 6.28318530717959
4 C0 142 0 140 0
0

0101000
+242 0 -240 0 *
Wi

0101100
-241 0 +220 0 +238 0 -217 0 *
Fa
0  1e-07 142 0

0111000
+216 0 *
Wi

0101100
+239 0 +217 0 *
Ed
 1e-07 1 1 0
1  360 0 0 3.14159265358979
2  318 139 0 0 3.14159265358979
4 C0 140 0 139 0
0

0101000
+254 0 -252 0 *
Wi

0101100
-213 0 -251 0 *
Fa
0  1e-07 140 0

0111000
+214 0 +212 0 *
Ed
 1e-07 1 1 0
1  361 0 0 3.14159265358979
2  319 139 0 0 3.14159265358979
4 C0 139 0 124 0
0

0101000
+255 0 -250 0 *
Wi

0101100
-213 0 -253 0 +210 0 +249 0 *
Fa
0  1e-07 139 0

0111000
+209 0 *
Wi

0101100
+210 0 +248 0 *
Ed
 1e-07 1 1 0
1  362 0 0 3.14159265358979
2  320 123 0 0 3.14159265358979
4 C0 124 0 123 0
0

0101000
+304 0 -302 0 *
Wi

0101100
-206 0 -301 0 *
Fa
0  1e-07 124 0

0111000
+207 0 +205 0 *
Ed
 1e-07 1 1 0
1  363 0 3.14159265358979 6.28318530717959
2  321 131 0 3.14159265358979 6.28318530717959
4 G1 132 0 131 0
0

0101000
+282 0 -280 0 *
Wi

0101100
+279 0 +203 0 *
Ed
 1e-07 1 1 0
1  364 0 3.14159265358979 6.28318530717959
2  322 137 0 3.14159265358979 6.28318530717959
4 C0 132 0 137 0
0

0101000
+264 0 -265 0 *
Wi

0101100
+201 0 +263 0 *
Fa
0  1e-07 132 0

0111000
+202 0 +200 0 *
Wi

0101100
-261 0 -201 0 +258 0 +231 0 *
Fa
0  1e-07 137 0

0111000
+198 0 *
Ed
 1e-07 1 1 0
1  365 0 0 3.14159265358979
2  323 134 0 0 3.14159265358979
4 C0 134 0 125 0
0

0101000
+270 0 -275 0 *
Wi

0101100
+229 0 -273 0 -196 0 +269 0 *
Fa
0  1e-07 134 0

0111000
+195 0 *
Wi

0101100
-268 0 -196 0 *
Ed
 1e-07 1 1 0
1  366 0 0 3.14159265358979
2  324 123 0 0 3.14159265358979
4 C0 125 0 123 0
0

0101000
+300 0 -305 0 *
Wi

0101100
-298 0 -192 0 *
Fa
0  1e-07 125 0

0111000
+193 0 +191 0 *
Wi

0101100
-281 0 -225 0 +278 0 -203 0 *
Fa
0  1e-07 131 0

0111000
+189 0 *
Wi

0101100
-291 0 -226 0 +288 0 -222 0 *
Fa
0  1e-07 128 0

0111000
+187 0 *
Wi

0101100
-206 0 -303 0 -192 0 +299 0 *
Fa
0  1e-07 123 0

0111000
+185 0 *
Sh

0101100
-296 0 +286 0 +276 0 -266 0 +256 0 -246 0 +236 0 +232 0 -227 0 +223 0 
+218 0 +215 0 +211 0 -208 0 +204 0 +199 0 +197 0 -194 0 +190 0 +188 0 
+186 0 -184 0 *
So

0100000
+183 0 *
Ve
1e-07
-27.4585885865778 -116 -24
0 0

0101101
*
Ve
1e-07
27.4585885865778 -116.000000013729 -24
0 0

0101101
*
Ed
 1e-07 1 1 0
1  367 0 3.14159265358979 6.28318530717959
2  325 144 0 3.14159265358979 6.28318530717959
4 C0 144 0 145 0
0

0101000
+181 0 -180 0 *
Ve
1e-07
-45 -116 -21.3489581476443
0 0

0101101
*
Ed
 1e-07 1 1 0
1  368 0 0.00186065220122461 0.836495547734099
2  326 144 0 0.00186065220122461 0.836495547734099
2  327 146 0 0.00186065220122461 0.836495547734099
4 G2 144 0 146 0
0

0101000
+181 0 -178 0 *
Ve
1e-07
45 -116 -21.3489581476443
0 0

0101101
*
Ed
 1e-07 1 1 0
1  369 0 3.14159265358979 6.28318530717959
2  328 144 0 3.14159265358979 6.28318530717959
2  329 147 0 3.14159265358979 6.28318530717959
4 C0 144 0 147 0
0

0101000
+178 0 -176 0 *
Ed
 1e-07 1 1 0
1  370 0 0.00186065220122494 0.836495547734099
2  330 144 0 0.00186065220122494 0.836495547734099
2  331 146 0 0.00186065220122494 0.836495547734099
4 G2 144 0 146 0
0

0101000
+180 0 -176 0 *
Wi

0101100
-179 0 +177 0 +175 0 -174 0 *
Fa
0  1e-07 144 0

0111000
+173 0 *
Ve
1e-07
27.5 -116 -29
0 0

0101101
*
Ve
1e-07
50 -116 -25
0 0

0101101
*
Ed
 1e-07 1 1 0
1  371 0 0 1
2  332 148 0 0 1
2  333 149 0 0 1
4 G2 148 0 149 0
0

0101000
+171 0 -170 0 *
Ve
1e-07
-50 -116 -25
0 0

0101101
*
Ed
 1e-07 1 1 0
1  372 0 0 3.14159265358979
2  334 148 0 0 3.14159265358979
2  335 150 0 0 3.14159265358979
4 C0 148 0 150 0
0

0101000
+170 0 -168 0 *
Ve
1e-07
-27.5 -116 -29
0 0

0101101
*
Ed
 1e-07 1 1 0
1  373 0 0 1
2  336 148 0 0 1
2  337 149 0 0 1
4 G2 148 0 149 0
0

0101000
+166 0 -168 0 *
Ed
 1e-07 1 1 0
1  374 0 0 3.14159265358979
2  338 148 0 0 3.14159265358979
4 C0 148 0 151 0
0

0101000
+171 0 -166 0 *
Wi

0101100
+169 0 +167 0 -165 0 -164 0 *
Fa
0  1e-07 148 0

0111000
+163 0 *
Ve
1e-07
6 -116 -29
0 0

0101101
*
Ve
1e-07
6 -116 -4
0 0

0101101
*
Ed
 1e-07 1 1 0
1  375 0 0 25
2  339 152 0 0 25
2  340 153 0 0 25
4 CN 152 0 153 0
0

0101000
+161 0 -160 0 *
Ve
1e-07
-6 -116 -4
0 0

0101101
*
Ed
 1e-07 1 1 0
1  376 0 3.14159265358979 6.28318530717959
2  341 152 0 3.14159265358979 6.28318530717959
4 C0 152 0 154 0
0

0101000
+158 0 -160 0 *
Ve
1e-07
-6 -116 -29
0 0

0101101
*
Ed
 1e-07 1 1 0
1  377 0 0 25
2  342 152 0 0 25
2  343 153 0 0 25
4 CN 152 0 153 0
0

0101000
+156 0 -158 0 *
Ed
 1e-07 1 1 0
1  378 0 3.14159265358979 6.28318530717959
2  344 152 0 3.14159265358979 6.28318530717959
4 C0 152 0 151 0
0

0101000
+156 0 -161 0 *
Wi

0101100
+159 0 -157 0 -155 0 +154 0 *
Fa
0  1e-07 152 0

0111000
+153 0 *
Ve
1e-07
-11 -116 -4
0 0

0101101
*
Ve
1e-07
11 -116 -4
0 0

0101101
*
Ed
 1e-07 1 1 0
1  379 0 0 3.14159265358979
2  345 155 0 0 3.14159265358979
4 C0 155 0 154 0
0

0101000
+151 0 -150 0 *
Ve
1e-07
11 -116 -24
0 0

0101101
*
Ed
 1e-07 1 1 0
1  380 0 0 20
2  346 155 0 0 20
2  347 156 0 0 20
4 CN 155 0 156 0
0

0101000
+150 0 -148 0 *
Ve
1e-07
-11 -116 -24
0 0

0101101
*
Ed
 1e-07 1 1 0
1  381 0 0 3.14159265358979
2  348 155 0 0 3.14159265358979
4 C0 155 0 145 0
0

0101000
+148 0 -146 0 *
Ed
 1e-07 1 1 0
1  382 0 0 20
2  349 155 0 0 20
2  350 156 0 0 20
4 CN 155 0 156 0
0

0101000
+151 0 -146 0 *
Wi

0101100
+149 0 +147 0 +145 0 -144 0 *
Fa
0  1e-07 155 0

0111000
+143 0 *
Ve
1e-07
-45 -116 -21
0 0

0101101
*
Ed
 1e-07 1 1 0
1  383 0 -0 0.3489581476443
2  351 147 0 -0 0.3489581476443
2  352 157 0 -0 0.3489581476443
4 CN 147 0 157 0
0

0101000
+141 0 -178 0 *
Ve
1e-07
45 -116 -21
0 0

0101101
*
Ed
 1e-07 1 1 0
1  384 0 -0 0.3489581476443
2  353 147 0 -0 0.3489581476443
2  354 157 0 -0 0.3489581476443
4 CN 147 0 157 0
0

0101000
+139 0 -176 0 *
Ed
 1e-07 1 1 0
1  385 0 3.14159265358979 6.28318530717959
2  355 147 0 3.14159265358979 6.28318530717959
4 C0 147 0 158 0
0

0101000
+141 0 -139 0 *
Wi

0101100
+140 0 +175 0 -138 0 -137 0 *
Fa
0  1e-07 147 0

0111000
+136 0 *
Ve
1e-07
50 -116 -21
0 0

0101101
*
Ve
1e-07
-50 -116 -21
0 0

0101101
*
Ed
 1e-07 1 1 0
1  386 0 0 3.14159265358979
2  356 150 0 0 3.14159265358979
4 C0 150 0 158 0
0

0101000
+134 0 -133 0 *
Ed
 1e-07 1 1 0
1  387 0 -0 4
2  357 150 0 -0 4
2  358 159 0 -0 4
4 CN 150 0 159 0
0

0101000
+134 0 -170 0 *
Ed
 1e-07 1 1 0
1  388 0 -0 4
2  359 150 0 -0 4
2  360 159 0 -0 4
4 CN 150 0 159 0
0

0101000
+133 0 -168 0 *
Wi

0101100
-132 0 +131 0 +167 0 -130 0 *
Fa
0  1e-07 150 0

0111000
+129 0 *
Ed
 1e-07 1 1 0
1  389 0 3.14159265358979 6.28318530717959
2  361 159 0 3.14159265358979 6.28318530717959
4 C0 159 0 158 0
0

0101000
+133 0 -134 0 *
Ed
 1e-07 1 1 0
1  390 0 3.14159265358979 6.28318530717959
2  362 159 0 3.14159265358979 6.28318530717959
2  363 149 0 3.14159265358979 6.28318530717959
4 C0 159 0 149 0
0

0101000
+168 0 -170 0 *
Wi

0101100
-131 0 -127 0 +130 0 +126 0 *
Fa
0  1e-07 159 0

0111000
+125 0 *
Wi

0101100
+127 0 +132 0 *
Ed
 1e-07 1 1 0
1  391 0 0 3.14159265358979
2  364 157 0 0 3.14159265358979
4 C0 158 0 157 0
0

0101000
+139 0 -141 0 *
Wi

0101100
-137 0 -122 0 *
Fa
0  1e-07 158 0

0111000
+123 0 +121 0 *
Ed
 1e-07 1 1 0
1  392 0 3.14159265358979 6.28318530717959
2  365 149 0 3.14159265358979 6.28318530717959
4 C0 149 0 151 0
0

0101000
+166 0 -171 0 *
Wi

0101100
+126 0 -169 0 -119 0 +165 0 *
Fa
0  1e-07 149 0

0111000
+118 0 *
Wi

0101100
-164 0 -119 0 *
Ed
 1e-07 1 1 0
1  393 0 0 3.14159265358979
2  366 153 0 0 3.14159265358979
4 C0 151 0 153 0
0

0101000
+161 0 -156 0 *
Wi

0101100
+115 0 +154 0 *
Fa
0  1e-07 151 0

0111000
-116 0 -114 0 *
Ed
 1e-07 1 1 0
1  394 0 0 3.14159265358979
2  367 157 0 0 3.14159265358979
2  368 146 0 0 3.14159265358979
4 C0 157 0 146 0
0

0101000
+176 0 -178 0 *
Wi

0101100
+112 0 -140 0 -122 0 +138 0 *
Fa
0  1e-07 157 0

0111000
+111 0 *
Ed
 1e-07 1 1 0
1  395 0 0 3.14159265358979
2  369 146 0 0 3.14159265358979
4 C0 146 0 145 0
0

0101000
+180 0 -181 0 *
Wi

0101100
-177 0 -109 0 +174 0 +112 0 *
Fa
0  1e-07 146 0

0111000
+108 0 *
Wi

0101100
+109 0 +179 0 *
Ed
 1e-07 1 1 0
1  396 0 3.14159265358979 6.28318530717959
2  370 156 0 3.14159265358979 6.28318530717959
4 C0 145 0 156 0
0

0101000
+146 0 -148 0 *
Wi

0101100
-105 0 -145 0 *
Fa
0  1e-07 145 0

0111000
+106 0 +104 0 *
Ed
 1e-07 1 1 0
1  397 0 3.14159265358979 6.28318530717959
2  371 156 0 3.14159265358979 6.28318530717959
4 C0 156 0 154 0
0

0101000
+150 0 -151 0 *
Wi

0101100
-147 0 +102 0 +144 0 +105 0 *
Fa
0  1e-07 156 0

0111000
+101 0 *
Wi

0101100
-149 0 -102 0 *
Ed
 1e-07 1 1 0
1  398 0 0 3.14159265358979
2  372 153 0 0 3.14159265358979
4 C0 154 0 153 0
0

0101000
+160 0 -158 0 *
Wi

0101100
-98 0 -157 0 *
Fa
0  1e-07 154 0

0111000
-99 0 -97 0 *
Wi

0101100
-98 0 -159 0 +115 0 +155 0 *
Fa
0  1e-07 153 0

0111000
+95 0 *
Sh

0101100
+172 0 -162 0 -152 0 +142 0 -135 0 +128 0 +124 0 +120 0 -117 0 -113 0 
-110 0 +107 0 +103 0 +100 0 -96 0 -94 0 *
So

0100000
+93 0 *
Ve
1e-07
25.3642677040627 -105.482014879095 24
0 0

0101101
*
Ve
1e-07
-25.3642676988037 -126.517985133587 24
0 0

0101101
*
Ed
 1e-07 1 1 0
1  399 0 3.14159265358979 6.28318530717959
2  373 160 0 3.14159265358979 6.28318530717959
4 C0 160 0 161 0
0

0101000
+91 0 -90 0 *
Ve
1e-07
41.5677609606181 -98.7627946371543 21.3489581476443
0 0

0101101
*
Ed
 1e-07 1 1 0
1  400 0 0.00186065220122461 0.836495547734099
2  374 160 0 0.00186065220122461 0.836495547734099
2  375 162 0 0.00186065220122461 0.836495547734099
4 G2 160 0 162 0
0

0101000
+91 0 -88 0 *
Ve
1e-07
-41.5677609606181 -133.237205362846 21.3489581476443
0 0

0101101
*
Ed
 1e-07 1 1 0
1  401 0 3.14159265358979 6.28318530717959
2  376 160 0 3.14159265358979 6.28318530717959
2  377 163 0 3.14159265358979 6.28318530717959
4 C0 160 0 163 0
0

0101000
+88 0 -86 0 *
Ed
 1e-07 1 1 0
1  402 0 0.00186065220122494 0.836495547734099
2  378 160 0 0.00186065220122494 0.836495547734099
2  379 162 0 0.00186065220122494 0.836495547734099
4 G2 160 0 162 0
0

0101000
+90 0 -86 0 *
Wi

0101100
-89 0 +87 0 +85 0 -84 0 *
Fa
0  1e-07 160 0

0111000
+83 0 *
Ve
1e-07
-25.4025205870444 -126.533847721739 29
0 0

0101101
*
Ve
1e-07
-46.1864010673534 -135.152450403162 25
0 0

0101101
*
Ed
 1e-07 1 1 0
1  403 0 0 1
2  380 164 0 0 1
2  381 165 0 0 1
4 G2 164 0 165 0
0

0101000
+81 0 -80 0 *
Ve
1e-07
46.1864010673534 -96.8475495968381 25
0 0

0101101
*
Ed
 1e-07 1 1 0
1  404 0 0 3.14159265358979
2  382 164 0 0 3.14159265358979
2  383 166 0 0 3.14159265358979
4 C0 164 0 166 0
0

0101000
+80 0 -78 0 *
Ve
1e-07
25.4025205870444 -105.466152278261 29
0 0

0101101
*
Ed
 1e-07 1 1 0
1  405 0 0 1
2  384 164 0 0 1
2  385 165 0 0 1
4 G2 164 0 165 0
0

0101000
+76 0 -78 0 *
Ed
 1e-07 1 1 0
1  406 0 0 3.14159265358979
2  386 164 0 0 3.14159265358979
4 C0 164 0 167 0
0

0101000
+81 0 -76 0 *
Wi

0101100
+79 0 +77 0 -75 0 -74 0 *
Fa
0  1e-07 164 0

0111000
+73 0 *
Ve
1e-07
-5.5423681280824 -118.298294048379 29
0 0

0101101
*
Ve
1e-07
-5.5423681280824 -118.298294048379 4
0 0

0101101
*
Ed
 1e-07 1 1 0
1  407 0 0 25
2  387 168 0 0 25
2  388 169 0 0 25
4 CN 168 0 169 0
0

0101000
+71 0 -70 0 *
Ve
1e-07
5.54236812808242 -113.701705951621 4
0 0

0101101
*
Ed
 1e-07 1 1 0
1  408 0 3.14159265358979 6.28318530717959
2  389 168 0 3.14159265358979 6.28318530717959
4 C0 168 0 170 0
0

0101000
+68 0 -70 0 *
Ve
1e-07
5.54236812808242 -113.701705951621 29
0 0

0101101
*
Ed
 1e-07 1 1 0
1  409 0 0 25
2  390 168 0 0 25
2  391 169 0 0 25
4 CN 168 0 169 0
0

0101000
+66 0 -68 0 *
Ed
 1e-07 1 1 0
1  410 0 3.14159265358979 6.28318530717959
2  392 168 0 3.14159265358979 6.28318530717959
4 C0 168 0 167 0
0

0101000
+66 0 -71 0 *
Wi

0101100
+69 0 -67 0 -65 0 +64 0 *
Fa
0  1e-07 168 0

0111000
+63 0 *
Ve
1e-07
10.1610082348178 -111.786460911304 4
0 0

0101101
*
Ve
1e-07
-10.1610082348177 -120.213539088696 4
0 0

0101101
*
Ed
 1e-07 1 1 0
1  411 0 0 3.14159265358979
2  393 171 0 0 3.14159265358979
4 C0 171 0 170 0
0

0101000
+61 0 -60 0 *
Ve
1e-07
-10.1610082348177 -120.213539088696 24
0 0

0101101
*
Ed
 1e-07 1 1 0
1  412 0 0 20
2  394 171 0 0 20
2  395 172 0 0 20
4 CN 171 0 172 0
0

0101000
+60 0 -58 0 *
Ve
1e-07
10.1610082348178 -111.786460911304 24
0 0

0101101
*
Ed
 1e-07 1 1 0
1  413 0 0 3.14159265358979
2  396 171 0 0 3.14159265358979
4 C0 171 0 161 0
0

0101000
+58 0 -56 0 *
Ed
 1e-07 1 1 0
1  414 0 0 20
2  397 171 0 0 20
2  398 172 0 0 20
4 CN 171 0 172 0
0

0101000
+61 0 -56 0 *
Wi

0101100
+59 0 +57 0 +55 0 -54 0 *
Fa
0  1e-07 171 0

0111000
+53 0 *
Ve
1e-07
41.5677609606181 -98.7627946371543 21
0 0

0101101
*
Ed
 1e-07 1 1 0
1  415 0 0 0.3489581476443
2  399 163 0 0 0.3489581476443
2  400 173 0 0 0.3489581476443
4 CN 163 0 173 0
0

0101000
+51 0 -88 0 *
Ve
1e-07
-41.5677609606181 -133.237205362846 21
0 0

0101101
*
Ed
 1e-07 1 1 0
1  416 0 0 0.3489581476443
2  401 163 0 0 0.3489581476443
2  402 173 0 0 0.3489581476443
4 CN 163 0 173 0
0

0101000
+49 0 -86 0 *
Ed
 1e-07 1 1 0
1  417 0 3.14159265358979 6.28318530717959
2  403 163 0 3.14159265358979 6.28318530717959
4 C0 163 0 174 0
0

0101000
+51 0 -49 0 *
Wi

0101100
+50 0 +85 0 -48 0 -47 0 *
Fa
0  1e-07 163 0

0111000
+46 0 *
Ve
1e-07
-46.1864010673534 -135.152450403162 21
0 0

0101101
*
Ve
1e-07
46.1864010673534 -96.8475495968381 21
0 0

0101101
*
Ed
 1e-07 1 1 0
1  418 0 0 3.14159265358979
2  404 166 0 0 3.14159265358979
4 C0 166 0 174 0
0

0101000
+44 0 -43 0 *
Ed
 1e-07 1 1 0
1  419 0 0 4
2  405 166 0 0 4
2  406 175 0 0 4
4 CN 166 0 175 0
0

0101000
+44 0 -80 0 *
Ed
 1e-07 1 1 0
1  420 0 0 4
2  407 166 0 0 4
2  408 175 0 0 4
4 CN 166 0 175 0
0

0101000
+43 0 -78 0 *
Wi

0101100
-42 0 +41 0 +77 0 -40 0 *
Fa
0  1e-07 166 0

0111000
+39 0 *
Ed
 1e-07 1 1 0
1  421 0 3.14159265358979 6.28318530717959
2  409 175 0 3.14159265358979 6.28318530717959
4 C0 175 0 174 0
0

0101000
+43 0 -44 0 *
Ed
 1e-07 1 1 0
1  422 0 3.14159265358979 6.28318530717959
2  410 175 0 3.14159265358979 6.28318530717959
2  411 165 0 3.14159265358979 6.28318530717959
4 C0 175 0 165 0
0

0101000
+78 0 -80 0 *
Wi

0101100
-41 0 -37 0 +40 0 +36 0 *
Fa
0  1e-07 175 0

0111000
+35 0 *
Wi

0101100
+37 0 +42 0 *
Ed
 1e-07 1 1 0
1  423 0 0 3.14159265358979
2  412 173 0 0 3.14159265358979
4 C0 174 0 173 0
0

0101000
+49 0 -51 0 *
Wi

0101100
-47 0 -32 0 *
Fa
0  1e-07 174 0

0111000
+33 0 +31 0 *
Ed
 1e-07 1 1 0
1  424 0 3.14159265358979 6.28318530717959
2  413 165 0 3.14159265358979 6.28318530717959
4 C0 165 0 167 0
0

0101000
+76 0 -81 0 *
Wi

0101100
+36 0 -79 0 -29 0 +75 0 *
Fa
0  1e-07 165 0

0111000
+28 0 *
Wi

0101100
-74 0 -29 0 *
Ed
 1e-07 1 1 0
1  425 0 0 3.14159265358979
2  414 169 0 0 3.14159265358979
4 C0 167 0 169 0
0

0101000
+71 0 -66 0 *
Wi

0101100
+25 0 +64 0 *
Fa
0  1e-07 167 0

0111000
-26 0 -24 0 *
Ed
 1e-07 1 1 0
1  426 0 0 3.14159265358979
2  415 173 0 0 3.14159265358979
2  416 162 0 0 3.14159265358979
4 C0 173 0 162 0
0

0101000
+86 0 -88 0 *
Wi

0101100
+22 0 -50 0 -32 0 +48 0 *
Fa
0  1e-07 173 0

0111000
+21 0 *
Ed
 1e-07 1 1 0
1  427 0 0 3.14159265358979
2  417 162 0 0 3.14159265358979
4 C0 162 0 161 0
0

0101000
+90 0 -91 0 *
Wi

0101100
-87 0 -19 0 +84 0 +22 0 *
Fa
0  1e-07 162 0

0111000
+18 0 *
Wi

0101100
+19 0 +89 0 *
Ed
 1e-07 1 1 0
1  428 0 3.14159265358979 6.28318530717959
2  418 172 0 3.14159265358979 6.28318530717959
4 C0 161 0 172 0
0

0101000
+56 0 -58 0 *
Wi

0101100
-15 0 -55 0 *
Fa
0  1e-07 161 0

0111000
+16 0 +14 0 *
Ed
 1e-07 1 1 0
1  429 0 3.14159265358979 6.28318530717959
2  419 172 0 3.14159265358979 6.28318530717959
4 C0 172 0 170 0
0

0101000
+60 0 -61 0 *
Wi

0101100
-57 0 +12 0 +54 0 +15 0 *
Fa
0  1e-07 172 0

0111000
+11 0 *
Wi

0101100
-59 0 -12 0 *
Ed
 1e-07 1 1 0
1  430 0 0 3.14159265358979
2  420 169 0 0 3.14159265358979
4 C0 170 0 169 0
0

0101000
+70 0 -68 0 *
Wi

0101100
-8 0 -67 0 *
Fa
0  1e-07 170 0

0111000
-9 0 -7 0 *
Wi

0101100
-8 0 -69 0 +25 0 +65 0 *
Fa
0  1e-07 169 0

0111000
+5 0 *
Sh

0101100
+82 0 -72 0 -62 0 +52 0 -45 0 +38 0 +34 0 +30 0 -27 0 -23 0 
-20 0 +17 0 +13 0 +10 0 -6 0 -4 0 *
So

0100000
+3 0 *
Co

1100000
+528 0 +453 0 +306 0 +182 0 +92 0 +2 0 *

+1 0 