DBRep_DrawableShape

CASCADE Topology V1, (c) Matra-Datavision
Locations 0
Curve2ds 512
1 0 -0.035355339059328819 1 0 
1 6.2831853071795862 -20.950000000000003 -1 0 
1 3.1415926535897931 -3.0531133177191805e-16 0 1 
1 3.1415926535897931 -3.0531133177191805e-16 0 1 
1 6.2831853071795862 0.035355339059325683 -1 1.987846675914698e-16 
1 0 3.0531133177191805e-16 0 -1 
1 6.2831853071795862 3.0531133177191805e-16 0 -1 
1 6.2831853071795862 -10.600000000000005 -1 0 
1 3.1415926535897931 -15.775000000000006 0 -1 
1 3.1415926535897931 -15.775000000000006 0 -1 
1 6.2831853071795862 -15.775000000000004 0 1 
1 0 -15.775000000000004 0 1 
1 6.2831853071795862 10.399999999999995 -1 0 
1 3.1415926535897931 5.2499999999999947 0 -1 
1 3.1415926535897931 5.2499999999999947 0 -1 
1 0 0.099999999999996536 1 0 
1 6.2831853071795862 5.2499999999999956 0 1 
1 0 5.2499999999999956 0 1 
1 6.2831853071795862 0.75 -1 0 
1 3.1415926535897931 0 0 -1 
1 3.1415926535897931 0 0 -1 
1 0 -0.75 1 0 
1 6.2831853071795862 0 0 1 
1 0 0 0 1 
1 6.2831853071795862 0.99999999999999967 -1 0 
1 3.1415926535897931 0 0 -1 
1 3.1415926535897931 0 0 -1 
1 6.2831853071795862 -1.0000000000000031 -1 0 
1 6.2831853071795862 0 0 1 
1 0 0 0 1 
1 6.2831853071795862 -0.17499999999999982 -1 0 
1 0 -1.7324116139070416 1 0 
1 3.1415926535897936 0 0 1 
1 3.1415926535897936 0 0 1 
1 6.2831853071795862 0.17499999999999982 -1 0 
1 0 0 0 -1 
1 6.2831853071795862 0 0 -1 
1 0 1.7324116139070402 1 2.1203697876423444e-16 
1 3.1415926535897927 -2.2204460492503131e-16 0 -1 
1 3.1415926535897927 -2.2204460492503131e-16 0 -1 
1 6.2831853071795862 -4.4408920985006262e-16 0 1 
1 0 -4.4408920985006262e-16 0 1 
1 6.2831853071795862 6.106226635438361e-16 0 -1 
1 0 6.106226635438361e-16 0 -1 
1 6.2831853071795862 0.106066017177983 -1 -6.0077143983199761e-16 
1 6.2831853071795862 -1.4499999999999997 -1 0 
1 3.1415926535897936 0 0 1 
1 3.1415926535897936 0 0 1 
1 6.2831853071795862 -0.10606601717798175 -1 -1.987846675914698e-16 
1 6.2831853071795862 0 0 -1 
1 0 0 0 -1 
1 6.2831853071795862 1.4499999999999997 -1 0 
1 0 0.1767766952966375 1 -6.0077143983199761e-16 
1 3.1415926535897936 0 0 1 
1 3.1415926535897936 0 0 1 
1 0 6.3837823915946501e-16 0 1 
1 6.2831853071795862 6.3837823915946501e-16 0 1 
1 6.2831853071795862 -0.16263455967291374 -1 1.3959101101978769e-15 
1 3.1415926535897931 -1.2490009027033011e-15 0 -1 
1 3.1415926535897927 -1.2490009027033011e-15 0 -1 
1 6.2831853071795862 -0.35355339059327689 -1 6.0077143983199751e-16 
1 3.1415926535897936 -1.27675647831893e-15 0 1 
1 3.1415926535897936 -1.27675647831893e-15 0 1 
1 6.2831853071795862 0.33941125496954433 -1 -1.9436723053388158e-16 
1 0 7.7715611723760958e-16 0 -1 
1 6.2831853071795862 7.7715611723760958e-16 0 -1 
1 6.2831853071795862 0.75 -1 0 
1 3.1415926535897931 0 0 -1 
1 3.1415926535897931 0 0 -1 
1 0 -0.75 1 0 
1 6.2831853071795862 0 0 1 
1 0 0 0 1 
1 6.2831853071795862 0.99999999999999967 -1 0 
1 3.1415926535897931 0 0 -1 
1 3.1415926535897931 0 0 -1 
1 6.2831853071795862 -1.0000000000000031 -1 0 
1 6.2831853071795862 0 0 1 
1 0 0 0 1 
1 6.2831853071795862 -0.17499999999999982 -1 0 
1 0 -1.7324116139070416 1 0 
1 3.1415926535897936 0 0 1 
1 3.1415926535897936 0 0 1 
1 6.2831853071795862 0.17499999999999982 -1 0 
1 0 0 0 -1 
1 6.2831853071795862 0 0 -1 
1 0 1.7324116139070465 1 -9.8950590089976087e-16 
1 3.1415926535897927 2.4424906541753444e-15 0 -1 
1 3.1415926535897927 2.4424906541753444e-15 0 -1 
1 6.2831853071795862 -4.4408920985006262e-16 0 1 
1 0 -4.4408920985006262e-16 0 1 
1 6.2831853071795862 -6.3837823915946501e-16 0 -1 
1 0 -6.3837823915946501e-16 0 -1 
1 6.2831853071795862 0.10606601717798175 -1 6.0077143983199761e-16 
1 6.2831853071795862 -1.4499999999999997 -1 0 
1 3.1415926535897936 2.5118795932144167e-15 0 1 
1 3.1415926535897936 2.5118795932144167e-15 0 1 
1 6.2831853071795862 -0.106066017177983 -1 9.983407750149373e-16 
1 6.2831853071795862 0 0 -1 
1 0 0 0 -1 
1 6.2831853071795862 1.4499999999999997 -1 0 
1 0 0.17677669529663625 1 6.0077143983199761e-16 
1 3.1415926535897936 0 0 1 
1 3.1415926535897936 0 0 1 
1 0 -6.106226635438361e-16 0 1 
1 6.2831853071795862 -6.106226635438361e-16 0 1 
1 6.2831853071795862 -0.16263455967290746 -1 1.9436723053388158e-16 
1 3.1415926535897931 1.27675647831893e-15 0 -1 
1 3.1415926535897927 1.27675647831893e-15 0 -1 
1 6.2831853071795862 -0.35355339059327062 -1 -6.0077143983199751e-16 
1 3.1415926535897936 1.2212453270876722e-15 0 1 
1 3.1415926535897936 1.2212453270876722e-15 0 1 
1 6.2831853071795862 0.33941125496955071 -1 -1.4135798584282298e-15 
1 0 -4.9960036108132044e-16 0 -1 
1 6.2831853071795862 -4.9960036108132044e-16 0 -1 
1 6.2831853071795862 0.33941125496954183 -1 1.4135798584282298e-15 
1 6.2831853071795862 -0.3535533905932744 -1 6.0077143983199771e-16 
1 0 0.17677669529664003 1 -6.0077143983199761e-16 
1 6.2831853071795862 1.4499999999999997 -1 0 
1 6.2831853071795862 -0.16263455967290624 -1 -1.9436723053388158e-16 
1 6.2831853071795862 0.17499999999999982 -1 0 
1 6.2831853071795862 -1.4499999999999997 -1 0 
1 6.2831853071795862 0.10606601717798553 -1 -6.0077143983199761e-16 
1 6.2831853071795862 -0.10606601717797673 -1 -9.983407750149373e-16 
1 0 1.7324116139070402 1 9.8950590089976087e-16 
1 0 -1.7324116139070416 1 0 
1 6.2831853071795862 -0.17499999999999982 -1 0 
1 6.2831853071795862 0.75 -1 0 
1 6.2831853071795862 -1.0000000000000031 -1 0 
1 6.2831853071795862 0.99999999999999967 -1 0 
1 0 -0.75 1 0 
1 6.2831853071795862 0.33941125496954311 -1 1.9436723053388158e-16 
1 6.2831853071795862 -0.35355339059327312 -1 -6.0077143983199771e-16 
1 0 0.17677669529663373 1 6.0077143983199761e-16 
1 6.2831853071795862 1.4499999999999997 -1 0 
1 6.2831853071795862 -0.16263455967290497 -1 -1.3959101101978769e-15 
1 6.2831853071795862 0.17499999999999982 -1 0 
1 6.2831853071795862 -1.4499999999999997 -1 0 
1 6.2831853071795862 0.10606601717797923 -1 6.0077143983199761e-16 
1 6.2831853071795862 -0.106066017177983 -1 1.987846675914698e-16 
1 0 1.7324116139070416 1 -2.1203697876423444e-16 
1 0 -1.7324116139070416 1 0 
1 6.2831853071795862 -0.17499999999999982 -1 0 
1 6.2831853071795862 0.75 -1 0 
1 6.2831853071795862 -1.0000000000000031 -1 0 
1 6.2831853071795862 0.99999999999999967 -1 0 
1 0 -0.75 1 0 
1 6.2831853071795862 0 -1 0 
1 6.2831853071795862 0 -1 0 
1 1.3858697652669789 0 0 -1 
1 3.4694469519536142e-18 -1.3000000000000007 1 0 
1 6.2831853071795862 0 0 -1 
1 0 -1.3000000000000007 1 0 
1 4.7123889803846772 0 0 -1 
1 6.2831853071795862 -40.700000000000003 -1 0 
1 6.2831853071795862 -40.700000000000003 -1 0 
1 6.2831853071795862 0 0 -1 
7 0 0  3 47 45  4.7123889803846772 -4.5981657074925408  4.7237924445886117 -4.59928788145944  4.7467411773159363 -4.6015365216807282  4.781543299771994 -4.6049132855020272  4.8166774689892238 -4.6082847856977871  4.8520987629008552 -4.611641933249417  4.887764526323104 -4.6149757204948276  4.9236354175333084 -4.6182768362496152  4.9596754911044583 -4.6215374513397665  4.995848281266464 -4.6247510031145884  5.0321167132883264 -4.627910621602318  5.0684454297135764 -4.6310096188013938  5.1047958029454454 -4.6340408861505429  5.1411478884196624 -4.6369988153570532  5.1774825073787278 -4.6398802496192193  5.2137608098898447 -4.642680453130331  5.2499475130376831 -4.6453950908710882  5.286005494506699 -4.6480198032508442  5.3218985178517491 -4.6505499281768756  5.3575899643463423 -4.6529824917601346  5.3930431211454115 -4.6553159244337481  5.4282056228592754 -4.657547661164422  5.4630689298992205 -4.6596778588027954  5.4974504651402087 -4.6616967821302246  5.5318101389761507 -4.6636315423212764  5.5666707509016113 -4.6655096471860293  5.6018326295885386 -4.6673171956010879  5.6372913769529474 -4.6690513424419064  5.6729930908313833 -4.670706384482795  5.7089010532798374 -4.6722769949037781  5.7449782792331137 -4.6737598049116054  5.7811882941007662 -4.6751527675145192  5.8174937232336132 -4.6764534915443345  5.8538589834330006 -4.6776597198365257  5.8902451763876771 -4.6787690033884148  5.9266321856914255 -4.6797795265461737  5.9630007091921433 -4.6806916284191464  5.9993116676089953 -4.6815049887594196  6.035529544945553 -4.6822194455918336  6.0716170360622783 -4.6828348630270593  6.1075374832610239 -4.6833508425597072  6.1432547417597219 -4.6837682577821633  6.1787292371316109 -4.6840893576076956  6.2139180764544042 -4.6843161041005974  6.2487760956126674 -4.6844505362124966  6.2717627541696785 -4.6844799602005605  6.2831853071795862 -4.6844799602005605 
 -2.5632012400544602 4 -2.5049466664168589 1 -2.4466920927792573 1 -2.388437519141656 1 -2.3301829455040548 1 -2.2719283718664531 1 -2.2136737982288519 1 -2.1554192245912507 1 -2.0971646509536495 1 -2.0389100773160478 1 -1.9806555036784466 1 -1.9224009300408451 1 -1.8641463564032437 1 -1.8058917827656424 1 -1.747637209128041 1 -1.6893826354904395 1 -1.6311280618528383 1 -1.5728734882152371 1 -1.5146189145776356 1 -1.4563643409400342 1 -1.398109767302433 1 -1.3398551936648315 1 -1.2816006200272301 1 -1.2233460463896288 1 -1.1650914727520274 1 -1.106836899114426 1 -1.0485823254768247 1 -0.99032775183922328 1 -0.93207317820162183 1 -0.87381860456402061 1 -0.81556403092641916 1 -0.75730945728881793 1 -0.69905488365121649 1 -0.64080031001361504 1 -0.58254573637601381 1 -0.52429116273841236 1 -0.46603658910081114 1 -0.40778201546320947 1 -0.34952744182560824 1 -0.29127286818800702 1 -0.23301829455040579 1 -0.17476372091280412 1 -0.1165091472752029 1 -0.05825457363760167 1 0 4
7 0 0  3 47 45  0.024021286926974354 -40.700000000000003  0.023859468666959264 -40.699999999999996  0.02353382005926425 -40.699326137400476  0.023040583936457342 -40.696254374764095  0.022543857370986947 -40.6910824373794  0.02204491412240632 -40.683770506989525  0.021545024261618174 -40.674281039393016  0.02104547159638593 -40.662568006412165  0.020547473615606208 -40.6486262519335  0.020052186538057352 -40.632487478111983  0.019560783797778439 -40.614175566290221  0.01907441999075982 -40.593715757060295  0.018594307890088476 -40.57113567482881  0.018121446421844031 -40.546452049494548  0.017656634798844682 -40.519736073729653  0.017200898132891752 -40.491070803753793  0.016755203355048993 -40.460535656685913  0.016320524361976309 -40.428212745564153  0.015897865437115716 -40.394177038850415  0.015488073113486678 -40.358534621547619  0.015091759602424516 -40.321423443788646  0.014709702277455643 -40.282989031456523  0.014342203965531311 -40.243323372530881  0.01399130059527352 -40.202725030854715  0.01365257030700219 -40.160719804720706  0.013321422493816274 -40.11670257103102  0.013000524589400176 -40.070937354469628  0.012690605242512551 -40.023455213213261  0.012392897789352608 -39.974350827950012  0.012108555637954399 -39.923697355829667  0.011838485090502948 -39.871595444617476  0.011583315307087271 -39.818165941099302  0.011343737380000433 -39.763525865249228  0.011120420055646027 -39.707791527236239  0.010914059565622469 -39.651085903261389  0.010725264578182894 -39.593506015202465  0.010554179294258854 -39.535170536633288  0.010401038215532513 -39.476225795107823  0.010266056088313302 -39.416810606022018  0.010149436419490933 -39.35706618677581  0.010051447443740815 -39.297131658911312  0.0099720548445879371 -39.237153417164883  0.0099108756071986416 -39.177286020730641  0.0098675983967365221 -39.117682353048451  0.0098418926656028104 -39.058495746729449  0.0098362529147744456 -39.019418191212516  0.0098362529147615618 -39 
 -2.5632012400544602 4 -2.5049466664168589 1 -2.4466920927792573 1 -2.388437519141656 1 -2.3301829455040548 1 -2.2719283718664531 1 -2.2136737982288519 1 -2.1554192245912507 1 -2.0971646509536495 1 -2.0389100773160478 1 -1.9806555036784466 1 -1.9224009300408451 1 -1.8641463564032437 1 -1.8058917827656424 1 -1.747637209128041 1 -1.6893826354904395 1 -1.6311280618528383 1 -1.5728734882152371 1 -1.5146189145776356 1 -1.4563643409400342 1 -1.398109767302433 1 -1.3398551936648315 1 -1.2816006200272301 1 -1.2233460463896288 1 -1.1650914727520274 1 -1.106836899114426 1 -1.0485823254768247 1 -0.99032775183922328 1 -0.93207317820162183 1 -0.87381860456402061 1 -0.81556403092641916 1 -0.75730945728881793 1 -0.69905488365121649 1 -0.64080031001361504 1 -0.58254573637601381 1 -0.52429116273841236 1 -0.46603658910081114 1 -0.40778201546320947 1 -0.34952744182560824 1 -0.29127286818800702 1 -0.23301829455040579 1 -0.17476372091280412 1 -0.1165091472752029 1 -0.05825457363760167 1 0 4
1 0.0098362529147615618 -21 0 1 
1 4.7123889803846897 0 0 -1 
7 0 0  3 47 45  4.7123889803846897 -4.6844799602005605  4.7238115333945938 -4.6844799602005596  4.7467981919516022 -4.684450536212494  4.7816562111098664 -4.6843161041005983  4.816845050432657 -4.6840893576076956  4.8523195458045443 -4.6837682577821642  4.8880368043032485 -4.6833508425597055  4.9239572515019852 -4.6828348630270646  4.9600447426187158 -4.68221944559183  4.9962626199552673 -4.6815049887594213  5.0325735783721255 -4.6806916284191447  5.068942101872846 -4.6797795265461746  5.1053291111765864 -4.6787690033884184  5.1417153041312691 -4.6776597198365222  5.1780805643306547 -4.6764534915443416  5.2143859934634991 -4.6751527675145192  5.2505960083311454 -4.6737598049116151  5.2866732342844056 -4.6722769949037835  5.3225811967328553 -4.6707063844827994  5.3582829106112992 -4.6690513424419091  5.3937416579757098 -4.6673171956010933  5.4289035366626406 -4.6655096471860302  5.463764148588119 -4.6636315423212871  5.4981238224240645 -4.6616967821302264  5.5325053576650438 -4.6596778588027998  5.5673686647050022 -4.6575476611644229  5.6025311664188555 -4.6553159244337481  5.6379843232179301 -4.6529824917601346  5.6736757697125215 -4.6505499281768738  5.7095687930575725 -4.6480198032508442  5.745626774526583 -4.6453950908710864  5.7818134776744294 -4.642680453130331  5.8180917801855436 -4.6398802496192246  5.8544263991446073 -4.6369988153570514  5.8907784846188243 -4.6340408861505464  5.9271288578506898 -4.6310096188013912  5.9634575742759424 -4.6279106216023251  5.9997260062978031 -4.6247510031145893  6.0358987964598096 -4.6215374513397665  6.0719388700309631 -4.6182768362496214  6.1078097612411648 -4.614975720494825  6.143475524663411 -4.6116419332494205  6.1788968185750432 -4.6082847856977889  6.2140309877922668 -4.6049132855020281  6.2488331102483308 -4.6015365216807265  6.2717818429756544 -4.5992878814594373  6.2831853071795862 -4.5981657074925408 
 0 4 0.058254573637601587 1 0.11650914727520317 1 0.17476372091280476 1 0.23301829455040635 1 0.29127286818800791 1 0.34952744182560952 1 0.40778201546321113 1 0.46603658910081269 1 0.52429116273841425 1 0.58254573637601581 1 0.64080031001361748 1 0.69905488365121904 1 0.7573094572888206 1 0.81556403092642227 1 0.87381860456402383 1 0.93207317820162539 1 0.99032775183922694 1 1.0485823254768285 1 1.1068368991144302 1 1.1650914727520316 1 1.2233460463896333 1 1.281600620027235 1 1.3398551936648364 1 1.3981097673024381 1 1.4563643409400397 1 1.5146189145776412 1 1.5728734882152429 1 1.6311280618528445 1 1.689382635490446 1 1.7476372091280477 1 1.8058917827656491 1 1.8641463564032508 1 1.9224009300408524 1 1.9806555036784539 1 2.0389100773160553 1 2.097164650953657 1 2.1554192245912587 1 2.2136737982288603 1 2.271928371866462 1 2.3301829455040632 1 2.3884375191416649 1 2.4466920927792666 1 2.5049466664168683 1 2.5632012400544699 4
7 0 0  3 47 45  0.0098362529147615618 -3  0.0098362529147744664 -2.98058180878748  0.0098418926656028312 -2.94150425327055  0.009867598396736503 -2.8823176469515475  0.0099108756071986451 -2.8227139792693601  0.0099720548445879423 -2.7628465828351141  0.010051447443740799 -2.7028683410886924  0.010149436419490943 -2.6429338132241882  0.010266056088313297 -2.5831893939779911  0.010401038215532487 -2.5237742048921827  0.01055417929425884 -2.464829463366716  0.010725264578182885 -2.4064939847975362  0.010914059565622478 -2.3489140967386173  0.011120420055646006 -2.2922084727637615  0.011343737380000432 -2.2364741347507699  0.01158331530708726 -2.1818340589006984  0.011838485090502943 -2.1284045553825606  0.012108555637954427 -2.0763026441703705  0.012392897789352625 -2.0256491720500569  0.012690605242512625 -1.976544786786796  0.013000524589400214 -1.9290626455304178  0.013321422493816334 -1.8832974289690261  0.013652570307002246 -1.8392801952792979  0.01399130059527358 -1.7972749691452636  0.014342203965531351 -1.756676627469141  0.014709702277455725 -1.7170109685434591  0.01509175960242456 -1.6785765562113539  0.015488073113486725 -1.6414653784523834  0.01589786543711575 -1.6058229611495873  0.016320524361976372 -1.5717872544358615  0.016755203355049039 -1.5394643433140833  0.017200898132891811 -1.5089291962461999  0.017656634798844738 -1.4802639262703494  0.018121446421844052 -1.4535479505054547  0.018594307890088497 -1.4288643251711926  0.019074419990759768 -1.4062842429397147  0.019560783797778428 -1.3858244337097669  0.020052186538057341 -1.3675125218880249  0.020547473615606188 -1.3513737480664938  0.021045471596385978 -1.3374319935878367  0.021545024261618192 -1.3257189606069744  0.022044914122406306 -1.3162294930104903  0.022543857370986926 -1.3089175626205909  0.023040583936457276 -1.3037456252359048  0.023533820059264195 -1.3006738625995273  0.023859468666959236 -1.3000000000000047  0.024021286926974354 -1.3000000000000007 
 0 4 0.058254573637601587 1 0.11650914727520317 1 0.17476372091280476 1 0.23301829455040635 1 0.29127286818800791 1 0.34952744182560952 1 0.40778201546321113 1 0.46603658910081269 1 0.52429116273841425 1 0.58254573637601581 1 0.64080031001361748 1 0.69905488365121904 1 0.7573094572888206 1 0.81556403092642227 1 0.87381860456402383 1 0.93207317820162539 1 0.99032775183922694 1 1.0485823254768285 1 1.1068368991144302 1 1.1650914727520316 1 1.2233460463896333 1 1.281600620027235 1 1.3398551936648364 1 1.3981097673024381 1 1.4563643409400397 1 1.5146189145776412 1 1.5728734882152429 1 1.6311280618528445 1 1.689382635490446 1 1.7476372091280477 1 1.8058917827656491 1 1.8641463564032508 1 1.9224009300408524 1 1.9806555036784539 1 2.0389100773160553 1 2.097164650953657 1 2.1554192245912587 1 2.2136737982288603 1 2.271928371866462 1 2.3301829455040632 1 2.3884375191416649 1 2.4466920927792666 1 2.5049466664168683 1 2.5632012400544699 4
1 1.3858697652669789 0 0 -1 
1 0 0 0 -1 
1 0.13367251116974968 0 0 -1 
1 0 -42 1 0 
1 0 0 1 0 
1 0 0 0 -1 
1 0.13367251116974968 0 0 -1 
1 0 0.099999999999996536 1 0 
1 6.2831853071795862 10.399999999999995 -1 0 
1 6.2831853071795862 -20.950000000000003 -1 0 
1 0 -0.035355339059328819 1 0 
1 6.2831853071795862 -10.600000000000005 -1 0 
1 6.2831853071795862 0.035355339059326932 -1 -1.987846675914698e-16 
1 6.2831853071795862 -10.6 -1 0 
1 0 -31.399999999999999 1 0 
1 6.2831853071795862 -31.399999999999999 -1 0 
1 0 -31.399999999999999 1 0 
1 0 -31.399999999999999 1 0 
1 1.5707963267948832 0 0 -1 
1 0.18293941625062152 0 0 1 
1 0.0041488410356382843 -42 0 -1 
1 -2.4980018054066022e-16 0 1 0 
1 0 0 0 -1 
1 1.3089969389957468 0 0 -1 
1 2.7470832373267298 0 0 -1 
1 6.2831853071795862 0 0 -1 
1 6.2831853071795862 -21.100000000000001 -1 0 
1 -1.7763568394002505e-15 -21.100000000000001 1 0 
1 5.1406993284173783 0 0 -1 
1 0 0 0 -1 
1 0 0 1 0 
1 0 0 0 -1 
1 5.1406993284173783 0 0 -1 
1 0 -10.4 1 0 
1 0.0041488410356382843 -21.100000000000001 0 -1 
1 0.18293941625062152 0 0 1 
1 6.2831853071795862 -21.100000000000001 -1 0 
1 -6.0715321659188248e-18 -42 1 0 
1 1.5707963267948832 0 0 -1 
1 6.2831853071795862 -10.700000000000001 -1 0 
1 6.2831853071795862 -10.4 -1 0 
1 0 -10.4 1 0 
1 0 -10.4 1 0 
1 -2.4980018054066022e-16 0 1 0 
1 6.2831853071795862 -21.100000000000001 -1 0 
1 0 0 0 -1 
1 0 0 0 -1 
1 1.3089969389957468 0 0 -1 
1 0 0 1 0 
1 0 0 0 -1 
1 2.7470832373267298 0 0 -1 
1 6.2831853071795862 0 0 -1 
1 0 0 1 0 
1 6.2831853071795862 0 -1 0 
1 8.8817841970012523e-16 -3.7300000000000026 1 0 
1 4.7123889803846897 -5.9572399801002636 0 1 
7 0 0  3 47 45  6.2831853071795862 -8.098165707492484  6.2717818429756544 -8.0992878814593841  6.2488331102483308 -8.1015365216806732  6.2140309877922659 -8.1049132855019721  6.1788968185750432 -8.1082847856977391  6.143475524663411 -8.1116419332493681  6.1078097612411639 -8.1149757204947832  6.0719388700309622 -8.1182768362495743  6.0358987964598088 -8.1215374513397212  5.9997260062978031 -8.1247510031145449  5.9634575742759433 -8.1279106216022772  5.9271288578506889 -8.1310096188013397  5.8907784846188234 -8.1340408861504923  5.8544263991446046 -8.1369988153570034  5.8180917801855445 -8.1398802496191784  5.7818134776744321 -8.1426804531302892  5.7456267745265865 -8.1453950908710517  5.7095687930575769 -8.1480198032508095  5.6736757697125224 -8.1505499281768383  5.6379843232179327 -8.1529824917601008  5.6025311664188546 -8.1553159244337081  5.5673686647050022 -8.1575476611643793  5.5325053576650447 -8.1596778588027536  5.4981238224240601 -8.1616967821301802  5.4637641485881199 -8.1636315423212391  5.4289035366626424 -8.165509647185992  5.3937416579757063 -8.1673171956010471  5.3582829106112939 -8.1690513424418629  5.3225811967328527 -8.1707063844827488  5.2866732342844065 -8.1722769949037382  5.2505960083311463 -8.1737598049115654  5.2143859934635 -8.1751527675144722  5.1780805643306547 -8.1764534915442848  5.1417153041312691 -8.1776597198364698  5.1053291111765882 -8.1787690033883624  5.0689421018728451 -8.1797795265461257  5.0325735783721299 -8.1806916284191011  4.9962626199552655 -8.1815049887593858  4.9600447426187166 -8.1822194455918051  4.9239572515019798 -8.1828348630270309  4.8880368043032529 -8.1833508425596797  4.8523195458045434 -8.1837682577821358  4.8168450504326579 -8.1840893576076663  4.7816562111098655 -8.1843161041005601  4.746798191951604 -8.1844505362124611  4.7238115333945938 -8.1844799602005232  4.7123889803846897 -8.1844799602005232 
 -2.5632012400544699 4 -2.5049466664168683 1 -2.4466920927792666 1 -2.3884375191416654 1 -2.3301829455040637 1 -2.271928371866462 1 -2.2136737982288603 1 -2.1554192245912587 1 -2.0971646509536574 1 -2.0389100773160558 1 -1.9806555036784541 1 -1.9224009300408524 1 -1.8641463564032508 1 -1.8058917827656493 1 -1.7476372091280477 1 -1.6893826354904462 1 -1.6311280618528445 1 -1.5728734882152429 1 -1.5146189145776414 1 -1.4563643409400397 1 -1.3981097673024383 1 -1.3398551936648366 1 -1.281600620027235 1 -1.2233460463896335 1 -1.1650914727520318 1 -1.1068368991144302 1 -1.0485823254768287 1 -0.99032775183922706 1 -0.93207317820162539 1 -0.87381860456402394 1 -0.81556403092642227 1 -0.75730945728882082 1 -0.69905488365121915 1 -0.64080031001361748 1 -0.58254573637601603 1 -0.52429116273841458 1 -0.46603658910081291 1 -0.40778201546321124 1 -0.34952744182560957 1 -0.29127286818800791 1 -0.23301829455040668 1 -0.17476372091280501 1 -0.11650914727520334 1 -0.05825457363760167 1 0 4
7 0 0  3 47 45  0.014185034012214087 0  0.014023215752198949 -5.9730582733482308e-16  0.013697567144503871 -0.00067386259952119973  0.013204331021696932 -0.0037456252359053511  0.012707604456226524 -0.0089175626205898837  0.012208661207645865 -0.016229493010489579  0.011708771346857688 -0.025718960606974459  0.011209218681625438 -0.037431993587834091  0.010711220700845655 -0.051373748066500934  0.010215933623296732 -0.067512521888016389  0.0097245308830178206 -0.085824433709768541  0.0092381670759990962 -0.10628424293971361  0.0087580549753277816 -0.12886432517119054  0.0082851935070832883 -0.15354795050546002  0.007820381884083941 -0.18026392627034721  0.0073646452181310171 -0.20892919624619985  0.0069189504402882209 -0.23946434331408228  0.0064842714472154945 -0.27178725443586249  0.0060616125223548331 -0.30582296114958041  0.0056518201987257695 -0.34146537845238462  0.0052555066876635347 -0.37857655621135278  0.004873449362694687 -0.41701096854345854  0.0045059510507702537 -0.45667662746913884  0.0041550476805124635 -0.49727496914526875  0.0038163173922411064 -0.53928019527929716  0.0034851695790551534 -0.58329742896902037  0.0031642716746389794 -0.62906264553041669  0.0028543523277513271 -0.67654478678680086  0.0025566448745913445 -0.72564917205005597  0.0022723027231931064 -0.77630264417036532  0.0020022321757416413 -0.82840455538255686  0.0017470623923259367 -0.88183405890069233  0.0015074844652390963 -0.93647413475077002  0.0012841671408846636 -0.99220847276376245  0.0010778066508611084 -1.0489140967386097  0.00088901166342149026 -1.106493984797539  0.00071792637949745432 -1.1648294633667085  0.00056478530077109742 -1.2237742048921845  0.00042980317355184708 -1.2831893939779881  0.00031318350472951266 -1.342933813224195  0.00021519452897936518 -1.402868341088684  0.00013580192982648741 -1.4628465828351152  7.4622692437171273e-05 -1.5227139792693589  3.134548197506887e-05 -1.5823176469515463  5.639750841375552e-06 -1.6415042532705504  1.2950386865094016e-14 -1.6805818087874789  0 -1.6999999999999993 
 -2.5632012400544699 4 -2.5049466664168683 1 -2.4466920927792666 1 -2.3884375191416654 1 -2.3301829455040637 1 -2.271928371866462 1 -2.2136737982288603 1 -2.1554192245912587 1 -2.0971646509536574 1 -2.0389100773160558 1 -1.9806555036784541 1 -1.9224009300408524 1 -1.8641463564032508 1 -1.8058917827656493 1 -1.7476372091280477 1 -1.6893826354904462 1 -1.6311280618528445 1 -1.5728734882152429 1 -1.5146189145776414 1 -1.4563643409400397 1 -1.3981097673024383 1 -1.3398551936648366 1 -1.281600620027235 1 -1.2233460463896335 1 -1.1650914727520318 1 -1.1068368991144302 1 -1.0485823254768287 1 -0.99032775183922706 1 -0.93207317820162539 1 -0.87381860456402394 1 -0.81556403092642227 1 -0.75730945728882082 1 -0.69905488365121915 1 -0.64080031001361748 1 -0.58254573637601603 1 -0.52429116273841458 1 -0.46603658910081291 1 -0.40778201546321124 1 -0.34952744182560957 1 -0.29127286818800791 1 -0.23301829455040668 1 -0.17476372091280501 1 -0.11650914727520334 1 -0.05825457363760167 1 0 4
1 6.2831853071795862 -4.0922399801002634 0 1 
7 0 0  3 25 23  5.8065146298641315 -6.9650000000001526  5.813837569492839 -6.9644033679578223  5.8284916832636835 -6.9631995650182796  5.8504895946242499 -6.961363478781962  5.872496969097555 -6.9594981581110273  5.8945041307365367 -6.9576050561062805  5.9165113408592305 -6.9556843812909976  5.9385136218824108 -6.9537374456321022  5.9605027611291481 -6.9517659092518445  5.9824711051005304 -6.9497713389870412  6.0044106165893449 -6.9477553266609453  6.0263132021056363 -6.945719457436514  6.0481706976424272 -6.9436653181313996  6.0699749509605967 -6.9415944956048428  6.0917178573554018 -6.9395085748949406  6.1133914805726635 -6.9374091477778501  6.1349876592593233 -6.9352983242402857  6.1564976695878704 -6.933178202213174  6.177912350418211 -6.9310508828577824  6.1992221484884622 -6.9289184664698062  6.220417186290053 -6.9267830535768846  6.2414873195629861 -6.9246467446444875  6.2624222111883512 -6.9225116401547684  6.2762816333752163 -6.921090440441831  6.2831853071795862 -6.9203807414852427 
 1.7873704075982599 4 1.822643418172105 1 1.85791642874595 1 1.893189439319795 1 1.92846244989364 1 1.963735460467485 1 1.9990084710413301 1 2.0342814816151749 1 2.0695544921890199 1 2.1048275027628649 1 2.1401005133367099 1 2.1753735239105549 1 2.2106465344844 1 2.245919545058245 1 2.28119255563209 1 2.316465566205935 1 2.35173857677978 1 2.3870115873536251 1 2.4222845979274701 1 2.4575576085013151 1 2.4928306190751601 1 2.5281036296490051 1 2.5633766402228502 4
7 0 0  3 25 23  6.1658763766415294 -0.18950339292009843  6.1659686879432725 -0.18379149917797633  6.1661544653569056 -0.17260487551557643  6.166436360334707 -0.15655057359906238  6.1667212595851915 -0.14123617261451843  6.1670089000642472 -0.12667550156517043  6.1672991750912685 -0.11288425864290073  6.1675918608710374 -0.099868180373606188  6.1678866888516302 -0.087632872729309766  6.1681834024736535 -0.076183976476649817  6.1684817419660085 -0.065527123757742875  6.1687814484147747 -0.055667946418069034  6.1690822626933475 -0.046612086114347064  6.1693839256743574 -0.038365145554721765  6.1696861784532926 -0.030932873430650834  6.1699887612525428 -0.024320478956423513  6.1702913908877273 -0.018518811965800294  6.1705937850345451 -0.013519250749922915  6.1708956611367336 -0.0093130320002396804  6.1711967366990095 -0.0058914303497193087  6.1714967292088971 -0.0032457102648996441  6.1717953561580297 -0.0013671389364789662  6.1720923350367132 -0.00024698282498733954  6.17228903390279 -2.3685006964250954e-15  6.1723870144876907 0 
 1.7873704075982599 4 1.822643418172105 1 1.85791642874595 1 1.893189439319795 1 1.92846244989364 1 1.963735460467485 1 1.9990084710413301 1 2.0342814816151749 1 2.0695544921890199 1 2.1048275027628649 1 2.1401005133367099 1 2.1753735239105549 1 2.2106465344844 1 2.245919545058245 1 2.28119255563209 1 2.316465566205935 1 2.35173857677978 1 2.3870115873536251 1 2.4222845979274701 1 2.4575576085013151 1 2.4928306190751601 1 2.5281036296490051 1 2.5633766402228502 4
1 5.8065146298641315 -5.347500000000073 0 -1 
1 -8.8817841970012523e-16 -3.7300000000000026 1 0 
1 5.1890596577001373 -5.347500000000073 0 1 
7 0 0  3 25 23  4.7123889803846772 -6.9203807414852427  4.7192926541890508 -6.921090440441831  4.7331520763759203 -6.9225116401547657  4.7540869680012809 -6.9246467446444901  4.7751571012742122 -6.9267830535768828  4.7963521390758057 -6.9289184664698098  4.8176619371460543 -6.9310508828577815  4.8390766179763984 -6.9331782022131705  4.8605866283049419 -6.9352983242402884  4.8821828069916062 -6.9374091477778528  4.9038564302088634 -6.9395085748949379  4.9255993366036703 -6.9415944956048437  4.9474035899218389 -6.9436653181313961  4.9692610854586281 -6.9457194574365202  4.9911636709749247 -6.9477553266609418  5.013103182463734 -6.9497713389870421  5.035071526435118 -6.9517659092518409  5.0570606656818491 -6.9537374456320986  5.0790629467050294 -6.9556843812909985  5.1010701568277161 -6.9576050561062779  5.1230773184666907 -6.9594981581110318  5.14508469294001 -6.961363478781962  5.1670826043005853 -6.9631995650182779  5.1817367180714315 -6.9644033679578197  5.1890596577001373 -6.9650000000001526 
 7.6920114212537696 4 7.7272844318276146 1 7.7625574424014596 1 7.7978304529753046 1 7.8331034635491497 1 7.8683764741229947 1 7.9036494846968397 1 7.9389224952706847 1 7.9741955058445297 1 8.0094685164183748 1 8.0447415269922189 1 8.0800145375660648 1 8.1152875481399089 1 8.1505605587137548 1 8.185833569287599 1 8.2211065798614449 1 8.256379590435289 1 8.2916526010091349 1 8.3269256115829791 1 8.362198622156825 1 8.3974716327306691 1 8.4327446433045132 1 8.4680176538783591 4
7 0 0  3 25 23  6.1723870144876907 -39.399999999999999  6.17228903390279 -39.400000000000006  6.1720923350367123 -39.399753017175016  6.1717953561580297 -39.398632861063518  6.1714967292088989 -39.3967542897351  6.1711967366990086 -39.394108569650285  6.1708956611367345 -39.39068696799977  6.1705937850345451 -39.386480749250069  6.1702913908877255 -39.381481188034201  6.1699887612525446 -39.375679521043594  6.1696861784532917 -39.369067126569355  6.1693839256743583 -39.361634854445256  6.1690822626933466 -39.353387913885655  6.1687814484147765 -39.344332053581937  6.1684817419660094 -39.334472876242259  6.1681834024736508 -39.323816023523349  6.1678866888516319 -39.312367127270711  6.1675918608710338 -39.300131819626415  6.1672991750912693 -39.287115741357148  6.1670089000642463 -39.273324498434881  6.1667212595851915 -39.258763827385579  6.1664363603347079 -39.243449426400979  6.1661544653569056 -39.227395124484424  6.1659686879432716 -39.21620850082202  6.1658763766415294 -39.210496607079904 
 7.6920114212537696 4 7.7272844318276146 1 7.7625574424014596 1 7.7978304529753046 1 7.8331034635491497 1 7.8683764741229947 1 7.9036494846968397 1 7.9389224952706847 1 7.9741955058445297 1 8.0094685164183748 1 8.0447415269922189 1 8.0800145375660648 1 8.1152875481399089 1 8.1505605587137548 1 8.185833569287599 1 8.2211065798614449 1 8.256379590435289 1 8.2916526010091349 1 8.3269256115829791 1 8.362198622156825 1 8.3974716327306691 1 8.4327446433045132 1 8.4680176538783591 4
1 4.7123889803846835 -4.0922399801002634 0 1 
7 0 0  3 47 45  6.2831853071795862 -8.1844799602005232  6.2717627541696741 -8.1844799602005249  6.2487760956126603 -8.1844505362124611  6.2139180764544042 -8.1843161041005601  6.1787292371316127 -8.1840893576076681  6.143254741759721 -8.1837682577821322  6.107537483261023 -8.1833508425596779  6.0716170360622828 -8.1828348630270362  6.035529544945553 -8.1822194455918034  5.9993116676090024 -8.181504988759384  5.9630007091921478 -8.1806916284191029  5.9266321856914272 -8.1797795265461275  5.890245176387686 -8.1787690033883642  5.8538589834330024 -8.177659719836468  5.8174937232336141 -8.1764534915442901  5.7811882941007688 -8.1751527675144722  5.7449782792331154 -8.1737598049115654  5.7089010532798454 -8.1722769949037399  5.6729930908313877 -8.1707063844827488  5.6372913769529456 -8.1690513424418629  5.6018326295885457 -8.1673171956010489  5.5666707509016202 -8.1655096471859849  5.5318101389761516 -8.1636315423212409  5.4974504651402114 -8.1616967821301802  5.4630689298992303 -8.1596778588027536  5.4282056228592719 -8.1575476611643811  5.3930431211454195 -8.1553159244337046  5.3575899643463405 -8.1529824917601044  5.3218985178517544 -8.150549928176833  5.2860054945066945 -8.1480198032508131  5.2499475130376947 -8.14539509087105  5.213760809889842 -8.1426804531302928  5.1774825073787305 -8.1398802496191767  5.1411478884196686 -8.1369988153570052  5.1047958029454508 -8.1340408861504887  5.0684454297135835 -8.1310096188013414  5.0321167132883309 -8.1279106216022701  4.995848281266472 -8.1247510031145449  4.9596754911044654 -8.1215374513397212  4.9236354175333084 -8.1182768362495814  4.8877645263231067 -8.1149757204947779  4.852098762900857 -8.1116419332493717  4.8166774689892238 -8.1082847856977374  4.781543299771994 -8.1049132855019774  4.7467411773159398 -8.1015365216806696  4.7237924445886135 -8.0992878814593805  4.7123889803846772 -8.098165707492484 
 0 4 0.058254573637601365 1 0.11650914727520273 1 0.17476372091280409 1 0.23301829455040546 1 0.29127286818800679 1 0.34952744182560819 1 0.40778201546320958 1 0.46603658910081092 1 0.52429116273841225 1 0.58254573637601359 1 0.64080031001361504 1 0.69905488365121637 1 0.75730945728881771 1 0.81556403092641916 1 0.8738186045640205 1 0.93207317820162183 1 0.99032775183922317 1 1.0485823254768245 1 1.106836899114426 1 1.1650914727520272 1 1.2233460463896286 1 1.2816006200272301 1 1.3398551936648313 1 1.3981097673024327 1 1.4563643409400342 1 1.5146189145776354 1 1.5728734882152369 1 1.6311280618528383 1 1.6893826354904395 1 1.747637209128041 1 1.8058917827656422 1 1.8641463564032437 1 1.9224009300408451 1 1.9806555036784463 1 2.0389100773160478 1 2.097164650953649 1 2.1554192245912507 1 2.2136737982288519 1 2.2719283718664531 1 2.3301829455040544 1 2.388437519141656 1 2.4466920927792573 1 2.5049466664168585 1 2.5632012400544602 4
7 0 0  3 47 45  0 -37.700000000000003  1.2950390023080713e-14 -37.719418191212526  5.6397508413756554e-06 -37.758495746729466  3.1345481975068504e-05 -37.81768235304844  7.4622692437172655e-05 -37.877286020730644  0.00013580192982648245 -37.937153417164893  0.00021519452897938461 -37.9971316589113  0.00031318350472948317 -38.057066186775813  0.00042980317355185657 -38.116810606022  0.0005647853007710444 -38.176225795107818  0.00071792637949739187 -38.235170536633284  0.00088901166342143974 -38.293506015202475  0.0010778066508610636 -38.351085903261385  0.0012841671408846253 -38.407791527236242  0.0015074844652390716 -38.463525865249245  0.0017470623923258998 -38.518165941099298  0.0020022321757415906 -38.571595444617465  0.0022723027231930822 -38.623697355829677  0.0025566448745913124 -38.674350827950008  0.002854352327751301 -38.723455213213271  0.0031642716746389439 -38.770937354469631  0.0034851695790550537 -38.816702571030994  0.003816317392241011 -38.860719804720716  0.0041550476805123672 -38.902725030854725  0.0045059510507701479 -38.94332337253087  0.004873449362694582 -38.982989031456526  0.0052555066876634367 -39.021423443788642  0.0056518201987256836 -39.058534621547622  0.0060616125223547056 -39.094177038850418  0.0064842714472153808 -39.128212745564134  0.006918950440288083 -39.160535656685909  0.0073646452181308861 -39.191070803753789  0.0078203818840838386 -39.219736073729656  0.0082851935070832033 -39.24645204949455  0.0087580549753276931 -39.271135674828791  0.0092381670759990372 -39.293715757060276  0.0097245308830177391 -39.314175566290245  0.010215933623296666 -39.332487478111965  0.010711220700845571 -39.348626251933496  0.011209218681625379 -39.362568006412168  0.011708771346857655 -39.374281039393026  0.012208661207645872 -39.383770506989514  0.012707604456226533 -39.391082437379403  0.013204331021697014 -39.396254374764098  0.013697567144503885 -39.399326137400486  0.014023215752198937 -39.399999999999991  0.014185034012214087 -39.399999999999999 
 0 4 0.058254573637601365 1 0.11650914727520273 1 0.17476372091280409 1 0.23301829455040546 1 0.29127286818800679 1 0.34952744182560819 1 0.40778201546320958 1 0.46603658910081092 1 0.52429116273841225 1 0.58254573637601359 1 0.64080031001361504 1 0.69905488365121637 1 0.75730945728881771 1 0.81556403092641916 1 0.8738186045640205 1 0.93207317820162183 1 0.99032775183922317 1 1.0485823254768245 1 1.106836899114426 1 1.1650914727520272 1 1.2233460463896286 1 1.2816006200272301 1 1.3398551936648313 1 1.3981097673024327 1 1.4563643409400342 1 1.5146189145776354 1 1.5728734882152369 1 1.6311280618528383 1 1.6893826354904395 1 1.747637209128041 1 1.8058917827656422 1 1.8641463564032437 1 1.9224009300408451 1 1.9806555036784463 1 2.0389100773160478 1 2.097164650953649 1 2.1554192245912507 1 2.2136737982288519 1 2.2719283718664531 1 2.3301829455040544 1 2.388437519141656 1 2.4466920927792573 1 2.5049466664168585 1 2.5632012400544602 4
1 6.2831853071795862 -5.9572399801002636 0 1 
1 6.9388939039072284e-18 0 1 0 
1 0 0 1 0 
1 6.2831853071795862 0 -1 0 
1 6.1658763766415294 0 0 -1 
1 0 0 0 -1 
1 6.9388939039072284e-18 -39.399999999999999 1 0 
1 0.12383625825499875 0 0 -1 
1 0 0 0 -1 
1 6.2831853071795862 -39.399999999999999 -1 0 
1 6.2831853071795862 0 0 -1 
1 0 -39.399999999999999 1 0 
1 1.3858697652669789 0 0 -1 
1 8.8817841970012523e-16 -3.73 1 0 
1 4.7123889803846897 -5.95723998010026 0 1 
7 0 0  3 47 45  6.2831853071795862 -8.0981657074924804  6.2717818429756544 -8.0992878814593805  6.2488331102483308 -8.1015365216806714  6.2140309877922659 -8.1049132855019774  6.1788968185750432 -8.1082847856977445  6.143475524663411 -8.1116419332493734  6.1078097612411639 -8.1149757204947814  6.0719388700309622 -8.1182768362495761  6.0358987964598088 -8.1215374513397194  5.9997260062978031 -8.1247510031145449  5.9634575742759433 -8.1279106216022718  5.9271288578506889 -8.1310096188013361  5.8907784846188234 -8.1340408861504869  5.8544263991446046 -8.1369988153569981  5.8180917801855445 -8.1398802496191749  5.7818134776744321 -8.1426804531302857  5.7456267745265865 -8.14539509087105  5.7095687930575769 -8.1480198032508095  5.6736757697125224 -8.1505499281768401  5.6379843232179327 -8.1529824917601044  5.6025311664188546 -8.1553159244337099  5.5673686647050022 -8.15754766116439  5.5325053576650447 -8.159677858802759  5.4981238224240601 -8.1616967821301873  5.4637641485881199 -8.1636315423212427  5.4289035366626424 -8.1655096471859974  5.3937416579757063 -8.1673171956010506  5.3582829106112939 -8.1690513424418683  5.3225811967328527 -8.1707063844827541  5.2866732342844065 -8.1722769949037435  5.2505960083311463 -8.1737598049115707  5.2143859934635 -8.175152767514474  5.1780805643306547 -8.1764534915442848  5.1417153041312691 -8.1776597198364698  5.1053291111765882 -8.1787690033883571  5.0689421018728451 -8.1797795265461222  5.0325735783721299 -8.1806916284191011  4.9962626199552655 -8.1815049887593911  4.9600447426187166 -8.1822194455918051  4.9239572515019798 -8.1828348630270362  4.8880368043032529 -8.1833508425596779  4.8523195458045549 -8.183768257782134  4.8168450504326747 -8.184089357607661  4.7816562111098984 -8.1843161041005565  4.7467981919516316 -8.1844505362124593  4.7238115333946054 -8.1844799602005178  4.7123889803846897 -8.1844799602005196 
 -2.5632012400544699 4 -2.5049466664168683 1 -2.4466920927792666 1 -2.3884375191416654 1 -2.3301829455040637 1 -2.271928371866462 1 -2.2136737982288603 1 -2.1554192245912587 1 -2.0971646509536574 1 -2.0389100773160558 1 -1.9806555036784541 1 -1.9224009300408524 1 -1.8641463564032508 1 -1.8058917827656493 1 -1.7476372091280477 1 -1.6893826354904462 1 -1.6311280618528445 1 -1.5728734882152429 1 -1.5146189145776414 1 -1.4563643409400397 1 -1.3981097673024383 1 -1.3398551936648366 1 -1.281600620027235 1 -1.2233460463896335 1 -1.1650914727520318 1 -1.1068368991144302 1 -1.0485823254768287 1 -0.99032775183922706 1 -0.93207317820162539 1 -0.87381860456402394 1 -0.81556403092642227 1 -0.75730945728882082 1 -0.69905488365121915 1 -0.64080031001361748 1 -0.58254573637601603 1 -0.52429116273841458 1 -0.46603658910081291 1 -0.40778201546321124 1 -0.34952744182560957 1 -0.29127286818800791 1 -0.23301829455040668 1 -0.17476372091280501 1 -0.11650914727520334 1 -0.05825457363760167 1 0 4
7 0 0  3 47 45  0.014185034012214087 0  0.014023215752198949 -5.9730582733482308e-16  0.013697567144503875 -0.00067386259952119973  0.01320433102169693 -0.0037456252359053511  0.012707604456226524 -0.0089175626205898837  0.012208661207645865 -0.016229493010489579  0.011708771346857683 -0.025718960606974459  0.01120921868162544 -0.037431993587834091  0.010711220700845658 -0.051373748066500934  0.010215933623296718 -0.067512521888016389  0.0097245308830178241 -0.085824433709768541  0.0092381670759990927 -0.10628424293971361  0.0087580549753277816 -0.12886432517119054  0.0082851935070832883 -0.15354795050546002  0.007820381884083941 -0.18026392627034721  0.0073646452181310171 -0.20892919624619985  0.0069189504402882235 -0.23946434331408228  0.0064842714472154806 -0.27178725443586249  0.0060616125223548374 -0.30582296114958041  0.0056518201987257686 -0.34146537845238462  0.0052555066876635338 -0.37857655621135278  0.0048734493626946852 -0.41701096854345854  0.0045059510507702563 -0.45667662746913884  0.0041550476805124531 -0.49727496914526875  0.003816317392241099 -0.53928019527929716  0.0034851695790551421 -0.58329742896902037  0.0031642716746389851 -0.62906264553041669  0.0028543523277513162 -0.67654478678680086  0.002556644874591335 -0.72564917205005597  0.0022723027231931077 -0.77630264417036532  0.0020022321757416431 -0.82840455538255686  0.0017470623923259269 -0.88183405890069233  0.001507484465239087 -0.93647413475077002  0.001284167140884666 -0.99220847276376245  0.0010778066508611078 -1.0489140967386097  0.00088901166342149037 -1.106493984797539  0.00071792637949745464 -1.1648294633667085  0.00056478530077109634 -1.2237742048921845  0.00042980317355185093 -1.2831893939779879  0.00031318350472949884 -1.3429338132241952  0.00021519452897937206 -1.4028683410886835  0.00013580192982647367 -1.4628465828350961  7.4622692437174972e-05 -1.5227139792693301  3.1345481975067874e-05 -1.5823176469514908  5.6397508413758358e-06 -1.6415042532705022  1.2950386865094016e-14 -1.6805818087874576  0 -1.6999999999999993 
 -2.5632012400544699 4 -2.5049466664168683 1 -2.4466920927792666 1 -2.3884375191416654 1 -2.3301829455040637 1 -2.271928371866462 1 -2.2136737982288603 1 -2.1554192245912587 1 -2.0971646509536574 1 -2.0389100773160558 1 -1.9806555036784541 1 -1.9224009300408524 1 -1.8641463564032508 1 -1.8058917827656493 1 -1.7476372091280477 1 -1.6893826354904462 1 -1.6311280618528445 1 -1.5728734882152429 1 -1.5146189145776414 1 -1.4563643409400397 1 -1.3981097673024383 1 -1.3398551936648366 1 -1.281600620027235 1 -1.2233460463896335 1 -1.1650914727520318 1 -1.1068368991144302 1 -1.0485823254768287 1 -0.99032775183922706 1 -0.93207317820162539 1 -0.87381860456402394 1 -0.81556403092642227 1 -0.75730945728882082 1 -0.69905488365121915 1 -0.64080031001361748 1 -0.58254573637601603 1 -0.52429116273841458 1 -0.46603658910081291 1 -0.40778201546321124 1 -0.34952744182560957 1 -0.29127286818800791 1 -0.23301829455040668 1 -0.17476372091280501 1 -0.11650914727520334 1 -0.05825457363760167 1 0 4
1 6.2831853071795862 -4.0922399801002598 0 1 
7 0 0  3 25 23  5.8065146298641315 -6.96500000000015  5.8138375694928399 -6.9644033679578197  5.8284916832636888 -6.9631995650182752  5.8504895946242623 -6.9613634787819594  5.8724969690975737 -6.9594981581110256  5.8945041307365509 -6.9576050561062779  5.9165113408592402 -6.955684381290995  5.938513621882417 -6.9537374456320995  5.9605027611291517 -6.9517659092518427  5.9824711051005339 -6.9497713389870439  6.0044106165893449 -6.9477553266609489  6.0263132021056363 -6.9457194574365202  6.0481706976424272 -6.9436653181314059  6.0699749509605967 -6.9415944956048534  6.0917178573554018 -6.9395085748949477  6.1133914805726635 -6.9374091477778563  6.1349876592593233 -6.9352983242402928  6.1564976695878704 -6.9331782022131803  6.177912350418211 -6.9310508828577841  6.1992221484884622 -6.9289184664698125  6.220417186290053 -6.9267830535768846  6.2414873195629861 -6.9246467446444919  6.2624222111883512 -6.9225116401547702  6.2762816333752163 -6.921090440441839  6.2831853071795862 -6.9203807414852498 
 1.7873704075982599 4 1.822643418172105 1 1.85791642874595 1 1.893189439319795 1 1.92846244989364 1 1.963735460467485 1 1.9990084710413301 1 2.0342814816151749 1 2.0695544921890199 1 2.1048275027628649 1 2.1401005133367099 1 2.1753735239105549 1 2.2106465344844 1 2.245919545058245 1 2.28119255563209 1 2.316465566205935 1 2.35173857677978 1 2.3870115873536251 1 2.4222845979274701 1 2.4575576085013151 1 2.4928306190751601 1 2.5281036296490051 1 2.5633766402228502 4
7 0 0  3 25 23  6.1658763766415294 -0.18950339292009843  6.1659686879432725 -0.18379149917797161  6.1661544653569056 -0.17260487551555573  6.166436360334707 -0.15655057359901389  6.1667212595851915 -0.14123617261443455  6.1670089000642472 -0.12667550156510676  6.1672991750912685 -0.11288425864285566  6.1675918608710374 -0.099868180373572951  6.1678866888516302 -0.087632872729295944  6.1681834024736535 -0.07618397647663179  6.1684817419660085 -0.065527123757743513  6.1687814484147747 -0.055667946418063143  6.1690822626933475 -0.046612086114348639  6.1693839256743574 -0.038365145554721335  6.1696861784532926 -0.030932873430650949  6.1699887612525428 -0.024320478956423475  6.1702913908877273 -0.0185188119658003  6.1705937850345451 -0.013519250749922914  6.1708956611367336 -0.0093130320002396821  6.1711967366990095 -0.0058914303497193069  6.1714967292088971 -0.0032457102648996441  6.1717953561580297 -0.0013671389364789662  6.1720923350367132 -0.00024698282498733954  6.17228903390279 -2.3685006964250954e-15  6.1723870144876907 0 
 1.7873704075982599 4 1.822643418172105 1 1.85791642874595 1 1.893189439319795 1 1.92846244989364 1 1.963735460467485 1 1.9990084710413301 1 2.0342814816151749 1 2.0695544921890199 1 2.1048275027628649 1 2.1401005133367099 1 2.1753735239105549 1 2.2106465344844 1 2.245919545058245 1 2.28119255563209 1 2.316465566205935 1 2.35173857677978 1 2.3870115873536251 1 2.4222845979274701 1 2.4575576085013151 1 2.4928306190751601 1 2.5281036296490051 1 2.5633766402228502 4
1 5.8065146298641315 -5.3475000000000703 0 -1 
1 -8.8817841970012523e-16 -3.73 1 0 
1 5.1890596577001373 -5.3475000000000703 0 1 
7 0 0  3 25 23  4.7123889803846772 -6.9203807414852498  4.7192926541890508 -6.921090440441839  4.7331520763759203 -6.9225116401547684  4.7540869680012809 -6.924646744644491  4.7751571012742122 -6.9267830535768891  4.7963521390758057 -6.9289184664698107  4.8176619371460543 -6.9310508828577868  4.8390766179763984 -6.9331782022131776  4.8605866283049419 -6.9352983242402928  4.8821828069916062 -6.9374091477778599  4.9038564302088634 -6.939508574894945  4.9255993366036703 -6.9415944956048525  4.9474035899218398 -6.9436653181314041  4.9692610854586281 -6.9457194574365229  4.9911636709749239 -6.9477553266609489  5.0131031824637358 -6.9497713389870448  5.0350715264351207 -6.9517659092518409  5.0570606656818535 -6.9537374456320977  5.0790629467050419 -6.9556843812909976  5.1010701568277304 -6.9576050561062734  5.123077318466712 -6.9594981581110291  5.1450846929400216 -6.9613634787819594  5.1670826043005871 -6.9631995650182761  5.1817367180714307 -6.964403367957817  5.1890596577001373 -6.96500000000015 
 7.6920114212537696 4 7.7272844318276146 1 7.7625574424014596 1 7.7978304529753046 1 7.8331034635491497 1 7.8683764741229947 1 7.9036494846968397 1 7.9389224952706847 1 7.9741955058445297 1 8.0094685164183748 1 8.0447415269922189 1 8.0800145375660648 1 8.1152875481399089 1 8.1505605587137548 1 8.185833569287599 1 8.2211065798614449 1 8.256379590435289 1 8.2916526010091349 1 8.3269256115829791 1 8.362198622156825 1 8.3974716327306691 1 8.4327446433045132 1 8.4680176538783591 4
7 0 0  3 25 23  6.1723870144876907 -39.399999999999999  6.17228903390279 -39.400000000000006  6.1720923350367123 -39.399753017175016  6.1717953561580297 -39.398632861063518  6.1714967292088989 -39.3967542897351  6.1711967366990086 -39.394108569650285  6.1708956611367345 -39.39068696799977  6.1705937850345451 -39.386480749250069  6.1702913908877255 -39.381481188034201  6.1699887612525446 -39.375679521043594  6.1696861784532917 -39.369067126569355  6.1693839256743583 -39.361634854445256  6.1690822626933466 -39.353387913885655  6.1687814484147765 -39.344332053581937  6.1684817419660094 -39.334472876242245  6.1681834024736508 -39.323816023523342  6.1678866888516319 -39.312367127270704  6.1675918608710338 -39.300131819626387  6.1672991750912693 -39.287115741357091  6.1670089000642463 -39.273324498434825  6.1667212595851915 -39.258763827385465  6.1664363603347079 -39.24344942640095  6.1661544653569056 -39.22739512448441  6.1659686879432716 -39.21620850082202  6.1658763766415294 -39.210496607079904 
 7.6920114212537696 4 7.7272844318276146 1 7.7625574424014596 1 7.7978304529753046 1 7.8331034635491497 1 7.8683764741229947 1 7.9036494846968397 1 7.9389224952706847 1 7.9741955058445297 1 8.0094685164183748 1 8.0447415269922189 1 8.0800145375660648 1 8.1152875481399089 1 8.1505605587137548 1 8.185833569287599 1 8.2211065798614449 1 8.256379590435289 1 8.2916526010091349 1 8.3269256115829791 1 8.362198622156825 1 8.3974716327306691 1 8.4327446433045132 1 8.4680176538783591 4
1 4.7123889803846835 -4.0922399801002598 0 1 
7 0 0  3 47 45  6.2831853071795862 -8.1844799602005196  6.2717627541696741 -8.1844799602005214  6.2487760956126603 -8.1844505362124593  6.2139180764544042 -8.1843161041005565  6.1787292371316127 -8.1840893576076663  6.143254741759721 -8.1837682577821322  6.107537483261023 -8.1833508425596779  6.0716170360622828 -8.182834863027038  6.035529544945553 -8.1822194455918051  5.9993116676090024 -8.1815049887593876  5.9630007091921478 -8.1806916284191029  5.9266321856914272 -8.1797795265461222  5.890245176387686 -8.1787690033883589  5.8538589834330015 -8.1776597198364662  5.8174937232336168 -8.1764534915442866  5.7811882941007715 -8.1751527675144775  5.744978279233127 -8.1737598049115672  5.7089010532798632 -8.172276994903747  5.6729930908314188 -8.1707063844827559  5.6372913769529758 -8.1690513424418718  5.6018326295885643 -8.1673171956010524  5.5666707509016327 -8.1655096471859956  5.5318101389761551 -8.1636315423212427  5.4974504651402096 -8.1616967821301873  5.4630689298992303 -8.1596778588027608  5.4282056228592719 -8.15754766116439  5.3930431211454195 -8.1553159244337099  5.3575899643463405 -8.1529824917601044  5.3218985178517544 -8.1505499281768401  5.2860054945066945 -8.1480198032508095  5.2499475130376947 -8.1453950908710482  5.213760809889842 -8.142680453130291  5.1774825073787305 -8.1398802496191731  5.1411478884196686 -8.1369988153570034  5.1047958029454508 -8.1340408861504852  5.0684454297135835 -8.1310096188013379  5.0321167132883309 -8.1279106216022701  4.995848281266472 -8.1247510031145396  4.9596754911044654 -8.1215374513397212  4.9236354175333084 -8.1182768362495796  4.8877645263231067 -8.114975720494785  4.852098762900857 -8.1116419332493734  4.8166774689892238 -8.1082847856977409  4.781543299771994 -8.104913285501981  4.7467411773159398 -8.1015365216806696  4.7237924445886135 -8.0992878814593769  4.7123889803846772 -8.0981657074924804 
 0 4 0.058254573637601365 1 0.11650914727520273 1 0.17476372091280409 1 0.23301829455040546 1 0.29127286818800679 1 0.34952744182560819 1 0.40778201546320958 1 0.46603658910081092 1 0.52429116273841225 1 0.58254573637601359 1 0.64080031001361504 1 0.69905488365121637 1 0.75730945728881771 1 0.81556403092641916 1 0.8738186045640205 1 0.93207317820162183 1 0.99032775183922317 1 1.0485823254768245 1 1.106836899114426 1 1.1650914727520272 1 1.2233460463896286 1 1.2816006200272301 1 1.3398551936648313 1 1.3981097673024327 1 1.4563643409400342 1 1.5146189145776354 1 1.5728734882152369 1 1.6311280618528383 1 1.6893826354904395 1 1.747637209128041 1 1.8058917827656422 1 1.8641463564032437 1 1.9224009300408451 1 1.9806555036784463 1 2.0389100773160478 1 2.097164650953649 1 2.1554192245912507 1 2.2136737982288519 1 2.2719283718664531 1 2.3301829455040544 1 2.388437519141656 1 2.4466920927792573 1 2.5049466664168585 1 2.5632012400544602 4
7 0 0  3 47 45  0 -37.700000000000003  1.2950390023080713e-14 -37.719418191212526  5.6397508413758485e-06 -37.758495746729466  3.1345481975067827e-05 -37.81768235304844  7.4622692437175162e-05 -37.877286020730644  0.00013580192982647307 -37.937153417164893  0.00021519452897937524 -37.9971316589113  0.00031318350472948561 -38.057066186775813  0.00042980317355185597 -38.116810606022  0.00056478530077104429 -38.176225795107818  0.00071792637949739187 -38.235170536633284  0.00088901166342143984 -38.293506015202475  0.0010778066508610629 -38.351085903261385  0.0012841671408846277 -38.407791527236242  0.0015074844652390622 -38.463525865249238  0.0017470623923258905 -38.518165941099312  0.0020022321757415915 -38.571595444617436  0.0022723027231930843 -38.623697355829634  0.0025566448745913042 -38.674350827949937  0.0028543523277512893 -38.723455213213207  0.0031642716746389508 -38.770937354469588  0.0034851695790550385 -38.81670257103098  0.0038163173922410179 -38.860719804720695  0.0041550476805123533 -38.902725030854725  0.0045059510507701513 -38.94332337253087  0.004873449362694582 -38.982989031456526  0.0052555066876634341 -39.021423443788642  0.0056518201987256862 -39.058534621547622  0.0060616125223546934 -39.094177038850418  0.0064842714472153826 -39.128212745564134  0.006918950440288083 -39.160535656685909  0.0073646452181308861 -39.191070803753789  0.0078203818840838386 -39.219736073729656  0.0082851935070832033 -39.24645204949455  0.0087580549753276931 -39.271135674828791  0.0092381670759990372 -39.293715757060276  0.0097245308830177391 -39.314175566290245  0.010215933623296666 -39.332487478111965  0.010711220700845571 -39.348626251933496  0.011209218681625379 -39.362568006412168  0.011708771346857655 -39.374281039393026  0.012208661207645872 -39.383770506989514  0.012707604456226531 -39.391082437379403  0.013204331021697015 -39.396254374764098  0.013697567144503885 -39.399326137400486  0.014023215752198937 -39.399999999999991  0.014185034012214087 -39.399999999999999 
 0 4 0.058254573637601365 1 0.11650914727520273 1 0.17476372091280409 1 0.23301829455040546 1 0.29127286818800679 1 0.34952744182560819 1 0.40778201546320958 1 0.46603658910081092 1 0.52429116273841225 1 0.58254573637601359 1 0.64080031001361504 1 0.69905488365121637 1 0.75730945728881771 1 0.81556403092641916 1 0.8738186045640205 1 0.93207317820162183 1 0.99032775183922317 1 1.0485823254768245 1 1.106836899114426 1 1.1650914727520272 1 1.2233460463896286 1 1.2816006200272301 1 1.3398551936648313 1 1.3981097673024327 1 1.4563643409400342 1 1.5146189145776354 1 1.5728734882152369 1 1.6311280618528383 1 1.6893826354904395 1 1.747637209128041 1 1.8058917827656422 1 1.8641463564032437 1 1.9224009300408451 1 1.9806555036784463 1 2.0389100773160478 1 2.097164650953649 1 2.1554192245912507 1 2.2136737982288519 1 2.2719283718664531 1 2.3301829455040544 1 2.388437519141656 1 2.4466920927792573 1 2.5049466664168585 1 2.5632012400544602 4
1 6.2831853071795862 -5.95723998010026 0 1 
1 6.9388939039072284e-18 0 1 0 
1 0 0 1 0 
1 6.2831853071795862 0 -1 0 
1 6.1658763766415294 0 0 -1 
1 0 0 0 -1 
1 6.9388939039072284e-18 -39.399999999999999 1 0 
1 0.12383625825499875 0 0 -1 
1 0 0 0 -1 
1 6.2831853071795862 -39.399999999999999 -1 0 
1 6.2831853071795862 0 0 -1 
1 0 -39.399999999999999 1 0 
1 1.3858697652669789 0 0 -1 
1 6.2831853071795862 1.4155343563970746e-15 0 -1 
1 0 1.4155343563970746e-15 0 -1 
1 6.2831853071795862 0.21213203435596556 -1 0 
1 6.2831853071795862 -20.25 -1 0 
1 3.1415926535897931 -4.7184478546569153e-16 0 1 
1 3.1415926535897931 -4.7184478546569153e-16 0 1 
1 6.2831853071795862 -0.21213203435596334 -1 1.9436723053388158e-16 
1 6.2831853071795862 0 0 -1 
1 0 0 0 -1 
1 6.2831853071795862 20.25 -1 0 
1 0 0.62116570824604667 1 0 
1 3.1415926535897931 0 0 1 
1 3.1415926535897931 0 0 1 
1 0 -1.1102230246251565e-15 0 1 
1 6.2831853071795862 -1.1102230246251565e-15 0 1 
1 0 -0.62116570824605288 1 0 
1 3.1415926535897931 -4.1078251911130792e-15 0 -1 
1 3.1415926535897931 -4.1078251911130792e-15 0 -1 
1 0 -0.62116570824605288 1 0 
1 0 0.62116570824604667 1 0 
1 6.2831853071795862 20.25 -1 0 
1 6.2831853071795862 -20.25 -1 0 
1 6.2831853071795862 0.21213203435596556 -1 0 
1 6.2831853071795862 -0.21213203435596212 -1 -1.9436723053388158e-16 
1 0 -0.035355339059328819 1 0 
1 6.2831853071795862 -20.950000000000003 -1 0 
1 3.1415926535897931 -3.0531133177191805e-16 0 1 
1 3.1415926535897931 -3.0531133177191805e-16 0 1 
1 6.2831853071795862 0.035355339059325683 -1 1.987846675914698e-16 
1 0 3.0531133177191805e-16 0 -1 
1 6.2831853071795862 3.0531133177191805e-16 0 -1 
1 6.2831853071795862 -10.600000000000003 -1 0 
1 3.1415926535897931 -15.775000000000004 0 -1 
1 3.1415926535897931 -15.775000000000004 0 -1 
1 6.2831853071795862 -15.775000000000004 0 1 
1 0 -15.775000000000004 0 1 
1 6.2831853071795862 10.399999999999997 -1 0 
1 3.1415926535897931 5.2499999999999964 0 -1 
1 3.1415926535897931 5.2499999999999964 0 -1 
1 0 0.099999999999996453 1 0 
1 6.2831853071795862 5.2499999999999964 0 1 
1 0 5.2499999999999964 0 1 
1 6.2831853071795862 0.75 -1 0 
1 3.1415926535897931 0 0 -1 
1 3.1415926535897931 0 0 -1 
1 0 -0.75 1 0 
1 6.2831853071795862 0 0 1 
1 0 0 0 1 
1 6.2831853071795862 1 -1 0 
1 3.1415926535897931 0 0 -1 
1 3.1415926535897931 0 0 -1 
1 6.2831853071795862 -1 -1 0 
1 6.2831853071795862 0 0 1 
1 0 0 0 1 
1 6.2831853071795862 -0.17499999999999982 -1 0 
1 0 -1.7324116139070416 1 0 
1 3.1415926535897936 0 0 1 
1 3.1415926535897936 0 0 1 
1 6.2831853071795862 0.17499999999999982 -1 0 
1 0 0 0 -1 
1 6.2831853071795862 0 0 -1 
1 0 1.7324116139070402 1 2.1203697876423444e-16 
1 3.1415926535897927 -2.2204460492503131e-16 0 -1 
1 3.1415926535897927 -2.2204460492503131e-16 0 -1 
1 6.2831853071795862 -4.4408920985006262e-16 0 1 
1 0 -4.4408920985006262e-16 0 1 
1 6.2831853071795862 6.106226635438361e-16 0 -1 
1 0 6.106226635438361e-16 0 -1 
1 6.2831853071795862 0.106066017177983 -1 -6.0077143983199761e-16 
1 6.2831853071795862 -1.4499999999999997 -1 0 
1 3.1415926535897936 0 0 1 
1 3.1415926535897936 0 0 1 
1 6.2831853071795862 -0.10606601717798175 -1 -1.987846675914698e-16 
1 6.2831853071795862 0 0 -1 
1 0 0 0 -1 
1 6.2831853071795862 1.4499999999999997 -1 0 
1 0 0.1767766952966375 1 -6.0077143983199761e-16 
1 3.1415926535897936 0 0 1 
1 3.1415926535897936 0 0 1 
1 0 6.3837823915946501e-16 0 1 
1 6.2831853071795862 6.3837823915946501e-16 0 1 
1 6.2831853071795862 -0.16263455967291374 -1 1.3959101101978769e-15 
1 3.1415926535897931 -1.2490009027033011e-15 0 -1 
1 3.1415926535897927 -1.2490009027033011e-15 0 -1 
1 6.2831853071795862 -0.35355339059327689 -1 6.0077143983199751e-16 
1 3.1415926535897936 -1.27675647831893e-15 0 1 
1 3.1415926535897936 -1.27675647831893e-15 0 1 
1 6.2831853071795862 0.33941125496954433 -1 -1.9436723053388158e-16 
1 0 7.7715611723760958e-16 0 -1 
1 6.2831853071795862 7.7715611723760958e-16 0 -1 
1 6.2831853071795862 0.75 -1 0 
1 3.1415926535897931 0 0 -1 
1 3.1415926535897931 0 0 -1 
1 0 -0.75 1 0 
1 6.2831853071795862 0 0 1 
1 0 0 0 1 
1 6.2831853071795862 1 -1 0 
1 3.1415926535897931 0 0 -1 
1 3.1415926535897931 0 0 -1 
1 6.2831853071795862 -1 -1 0 
1 6.2831853071795862 0 0 1 
1 0 0 0 1 
1 6.2831853071795862 -0.17499999999999982 -1 0 
1 0 -1.7324116139070416 1 0 
1 3.1415926535897936 0 0 1 
1 3.1415926535897936 0 0 1 
1 6.2831853071795862 0.17499999999999982 -1 0 
1 0 0 0 -1 
1 6.2831853071795862 0 0 -1 
1 0 1.7324116139070465 1 -9.8950590089976087e-16 
1 3.1415926535897927 2.4424906541753444e-15 0 -1 
1 3.1415926535897927 2.4424906541753444e-15 0 -1 
1 6.2831853071795862 -4.4408920985006262e-16 0 1 
1 0 -4.4408920985006262e-16 0 1 
1 6.2831853071795862 -6.3837823915946501e-16 0 -1 
1 0 -6.3837823915946501e-16 0 -1 
1 6.2831853071795862 0.10606601717798175 -1 6.0077143983199761e-16 
1 6.2831853071795862 -1.4499999999999997 -1 0 
1 3.1415926535897936 2.5118795932144167e-15 0 1 
1 3.1415926535897936 2.5118795932144167e-15 0 1 
1 6.2831853071795862 -0.106066017177983 -1 9.983407750149373e-16 
1 6.2831853071795862 0 0 -1 
1 0 0 0 -1 
1 6.2831853071795862 1.4499999999999997 -1 0 
1 0 0.17677669529663625 1 6.0077143983199761e-16 
1 3.1415926535897936 0 0 1 
1 3.1415926535897936 0 0 1 
1 0 -6.106226635438361e-16 0 1 
1 6.2831853071795862 -6.106226635438361e-16 0 1 
1 6.2831853071795862 -0.16263455967290746 -1 1.9436723053388158e-16 
1 3.1415926535897931 1.27675647831893e-15 0 -1 
1 3.1415926535897927 1.27675647831893e-15 0 -1 
1 6.2831853071795862 -0.35355339059327062 -1 -6.0077143983199751e-16 
1 3.1415926535897936 1.2212453270876722e-15 0 1 
1 3.1415926535897936 1.2212453270876722e-15 0 1 
1 6.2831853071795862 0.33941125496955071 -1 -1.4135798584282298e-15 
1 0 -4.9960036108132044e-16 0 -1 
1 6.2831853071795862 -4.9960036108132044e-16 0 -1 
1 6.2831853071795862 0.33941125496954183 -1 1.4135798584282298e-15 
1 6.2831853071795862 -0.3535533905932744 -1 6.0077143983199771e-16 
1 0 0.17677669529664003 1 -6.0077143983199761e-16 
1 6.2831853071795862 1.4499999999999997 -1 0 
1 6.2831853071795862 -0.16263455967290624 -1 -1.9436723053388158e-16 
1 6.2831853071795862 0.17499999999999982 -1 0 
1 6.2831853071795862 -1.4499999999999997 -1 0 
1 6.2831853071795862 0.10606601717798553 -1 -6.0077143983199761e-16 
1 6.2831853071795862 -0.10606601717797673 -1 -9.983407750149373e-16 
1 0 1.7324116139070402 1 9.8950590089976087e-16 
1 0 -1.7324116139070416 1 0 
1 6.2831853071795862 -0.17499999999999982 -1 0 
1 6.2831853071795862 0.75 -1 0 
1 6.2831853071795862 -1 -1 0 
1 6.2831853071795862 1 -1 0 
1 0 -0.75 1 0 
1 6.2831853071795862 0.33941125496954311 -1 1.9436723053388158e-16 
1 6.2831853071795862 -0.35355339059327312 -1 -6.0077143983199771e-16 
1 0 0.17677669529663373 1 6.0077143983199761e-16 
1 6.2831853071795862 1.4499999999999997 -1 0 
1 6.2831853071795862 -0.16263455967290497 -1 -1.3959101101978769e-15 
1 6.2831853071795862 0.17499999999999982 -1 0 
1 6.2831853071795862 -1.4499999999999997 -1 0 
1 6.2831853071795862 0.10606601717797923 -1 6.0077143983199761e-16 
1 6.2831853071795862 -0.106066017177983 -1 1.987846675914698e-16 
1 0 1.7324116139070416 1 -2.1203697876423444e-16 
1 0 -1.7324116139070416 1 0 
1 6.2831853071795862 -0.17499999999999982 -1 0 
1 6.2831853071795862 0.75 -1 0 
1 6.2831853071795862 -1 -1 0 
1 6.2831853071795862 1 -1 0 
1 0 -0.75 1 0 
1 6.2831853071795862 0 -1 0 
1 6.2831853071795862 0 -1 0 
1 1.3858697652669789 0 0 -1 
1 3.4694469519536142e-18 -1.3000000000000007 1 0 
1 6.2831853071795862 0 0 -1 
1 0 -1.3000000000000007 1 0 
1 4.7123889803846772 0 0 -1 
1 6.2831853071795862 -40.700000000000003 -1 0 
1 6.2831853071795862 -40.700000000000003 -1 0 
1 6.2831853071795862 0 0 -1 
7 0 0  3 47 45  4.7123889803846772 -4.5981657074925408  4.7237924445886117 -4.59928788145944  4.7467411773159363 -4.6015365216807282  4.781543299771994 -4.6049132855020272  4.8166774689892238 -4.6082847856977871  4.8520987629008552 -4.611641933249417  4.887764526323104 -4.6149757204948276  4.9236354175333084 -4.6182768362496152  4.9596754911044583 -4.6215374513397656  4.995848281266464 -4.6247510031145911  5.0321167132883264 -4.6279106216023198  5.0684454297135764 -4.6310096188013947  5.1047958029454454 -4.6340408861505473  5.1411478884196624 -4.6369988153570594  5.1774825073787278 -4.6398802496192246  5.2137608098898447 -4.6426804531303336  5.2499475130376831 -4.6453950908710917  5.286005494506699 -4.6480198032508468  5.3218985178517491 -4.650549928176881  5.3575899643463423 -4.6529824917601434  5.3930431211454115 -4.6553159244337561  5.4282056228592754 -4.6575476611644229  5.4630689298992205 -4.6596778588027998  5.4974504651402087 -4.6616967821302273  5.5318101389761507 -4.6636315423212826  5.5666707509016113 -4.6655096471860364  5.6018326295885386 -4.6673171956010933  5.6372913769529474 -4.6690513424419091  5.6729930908313833 -4.6707063844827994  5.7089010532798374 -4.6722769949037826  5.7449782792331137 -4.6737598049116142  5.7811882941007662 -4.6751527675145219  5.8174937232336132 -4.676453491544339  5.8538589834330006 -4.677659719836524  5.8902451763876771 -4.6787690033884148  5.9266321856914255 -4.6797795265461737  5.9630007091921433 -4.6806916284191464  5.9993116676089953 -4.6815049887594196  6.035529544945553 -4.6822194455918336  6.0716170360622783 -4.6828348630270593  6.1075374832610239 -4.6833508425597072  6.1432547417597219 -4.6837682577821633  6.1787292371316109 -4.6840893576076956  6.2139180764544042 -4.6843161041005974  6.2487760956126674 -4.6844505362124966  6.2717627541696785 -4.6844799602005605  6.2831853071795862 -4.6844799602005605 
 -2.5632012400544602 4 -2.5049466664168589 1 -2.4466920927792573 1 -2.388437519141656 1 -2.3301829455040548 1 -2.2719283718664531 1 -2.2136737982288519 1 -2.1554192245912507 1 -2.0971646509536495 1 -2.0389100773160478 1 -1.9806555036784466 1 -1.9224009300408451 1 -1.8641463564032437 1 -1.8058917827656424 1 -1.747637209128041 1 -1.6893826354904395 1 -1.6311280618528383 1 -1.5728734882152371 1 -1.5146189145776356 1 -1.4563643409400342 1 -1.398109767302433 1 -1.3398551936648315 1 -1.2816006200272301 1 -1.2233460463896288 1 -1.1650914727520274 1 -1.106836899114426 1 -1.0485823254768247 1 -0.99032775183922328 1 -0.93207317820162183 1 -0.87381860456402061 1 -0.81556403092641916 1 -0.75730945728881793 1 -0.69905488365121649 1 -0.64080031001361504 1 -0.58254573637601381 1 -0.52429116273841236 1 -0.46603658910081114 1 -0.40778201546320947 1 -0.34952744182560824 1 -0.29127286818800702 1 -0.23301829455040579 1 -0.17476372091280412 1 -0.1165091472752029 1 -0.05825457363760167 1 0 4
7 0 0  3 47 45  0.024021286926974354 -40.700000000000003  0.023859468666959264 -40.699999999999996  0.02353382005926425 -40.699326137400476  0.023040583936457342 -40.696254374764095  0.022543857370986947 -40.6910824373794  0.02204491412240632 -40.683770506989525  0.021545024261618174 -40.674281039393016  0.02104547159638593 -40.662568006412165  0.020547473615606208 -40.6486262519335  0.020052186538057352 -40.632487478111983  0.019560783797778439 -40.614175566290221  0.01907441999075982 -40.593715757060295  0.018594307890088476 -40.57113567482881  0.018121446421844031 -40.546452049494548  0.017656634798844675 -40.519736073729653  0.017200898132891756 -40.491070803753793  0.016755203355048993 -40.460535656685913  0.016320524361976309 -40.428212745564153  0.015897865437115716 -40.394177038850415  0.015488073113486678 -40.358534621547619  0.015091759602424513 -40.321423443788646  0.014709702277455643 -40.282989031456523  0.014342203965531311 -40.243323372530881  0.01399130059527352 -40.202725030854715  0.013652570307002187 -40.160719804720706  0.013321422493816274 -40.11670257103102  0.013000524589400162 -40.070937354469628  0.012690605242512551 -40.023455213213261  0.012392897789352608 -39.974350827950012  0.012108555637954396 -39.923697355829667  0.011838485090502948 -39.871595444617476  0.011583315307087271 -39.818165941099302  0.011343737380000433 -39.763525865249228  0.011120420055646027 -39.707791527236239  0.010914059565622469 -39.651085903261389  0.010725264578182894 -39.593506015202465  0.010554179294258854 -39.535170536633288  0.010401038215532513 -39.476225795107823  0.010266056088313302 -39.416810606022018  0.010149436419490933 -39.35706618677581  0.010051447443740815 -39.297131658911312  0.0099720548445879371 -39.237153417164883  0.0099108756071986416 -39.177286020730641  0.0098675983967365221 -39.117682353048451  0.0098418926656028104 -39.058495746729449  0.0098362529147744456 -39.019418191212516  0.0098362529147615618 -39 
 -2.5632012400544602 4 -2.5049466664168589 1 -2.4466920927792573 1 -2.388437519141656 1 -2.3301829455040548 1 -2.2719283718664531 1 -2.2136737982288519 1 -2.1554192245912507 1 -2.0971646509536495 1 -2.0389100773160478 1 -1.9806555036784466 1 -1.9224009300408451 1 -1.8641463564032437 1 -1.8058917827656424 1 -1.747637209128041 1 -1.6893826354904395 1 -1.6311280618528383 1 -1.5728734882152371 1 -1.5146189145776356 1 -1.4563643409400342 1 -1.398109767302433 1 -1.3398551936648315 1 -1.2816006200272301 1 -1.2233460463896288 1 -1.1650914727520274 1 -1.106836899114426 1 -1.0485823254768247 1 -0.99032775183922328 1 -0.93207317820162183 1 -0.87381860456402061 1 -0.81556403092641916 1 -0.75730945728881793 1 -0.69905488365121649 1 -0.64080031001361504 1 -0.58254573637601381 1 -0.52429116273841236 1 -0.46603658910081114 1 -0.40778201546320947 1 -0.34952744182560824 1 -0.29127286818800702 1 -0.23301829455040579 1 -0.17476372091280412 1 -0.1165091472752029 1 -0.05825457363760167 1 0 4
1 0.0098362529147615618 -21 0 1 
1 4.7123889803846897 0 0 -1 
7 0 0  3 47 45  4.7123889803846897 -4.6844799602005605  4.7238115333945938 -4.6844799602005596  4.7467981919516022 -4.684450536212494  4.7816562111098664 -4.6843161041005983  4.816845050432657 -4.6840893576076956  4.8523195458045443 -4.6837682577821642  4.8880368043032485 -4.6833508425597055  4.9239572515019852 -4.6828348630270646  4.9600447426187158 -4.68221944559183  4.9962626199552673 -4.6815049887594213  5.0325735783721255 -4.6806916284191447  5.068942101872846 -4.6797795265461746  5.1053291111765864 -4.6787690033884184  5.1417153041312691 -4.6776597198365222  5.1780805643306547 -4.6764534915443416  5.2143859934634991 -4.6751527675145192  5.2505960083311454 -4.6737598049116151  5.2866732342844056 -4.6722769949037835  5.3225811967328553 -4.6707063844827994  5.3582829106112992 -4.6690513424419091  5.3937416579757098 -4.6673171956010933  5.4289035366626406 -4.6655096471860302  5.463764148588119 -4.6636315423212871  5.4981238224240645 -4.6616967821302264  5.5325053576650438 -4.6596778588027981  5.5673686647050022 -4.6575476611644291  5.6025311664188555 -4.6553159244337499  5.6379843232179301 -4.6529824917601426  5.6736757697125215 -4.6505499281768827  5.7095687930575725 -4.6480198032508451  5.745626774526583 -4.6453950908710926  5.7818134776744294 -4.6426804531303372  5.8180917801855436 -4.6398802496192264  5.8544263991446073 -4.6369988153570612  5.8907784846188243 -4.6340408861505473  5.9271288578506898 -4.6310096188013974  5.9634575742759424 -4.6279106216023225  5.9997260062978031 -4.6247510031145902  6.0358987964598096 -4.6215374513397665  6.0719388700309631 -4.6182768362496214  6.1078097612411648 -4.614975720494825  6.143475524663411 -4.6116419332494205  6.1788968185750432 -4.6082847856977889  6.2140309877922668 -4.6049132855020281  6.2488331102483308 -4.6015365216807265  6.2717818429756544 -4.5992878814594373  6.2831853071795862 -4.5981657074925408 
 0 4 0.058254573637601587 1 0.11650914727520317 1 0.17476372091280476 1 0.23301829455040635 1 0.29127286818800791 1 0.34952744182560952 1 0.40778201546321113 1 0.46603658910081269 1 0.52429116273841425 1 0.58254573637601581 1 0.64080031001361748 1 0.69905488365121904 1 0.7573094572888206 1 0.81556403092642227 1 0.87381860456402383 1 0.93207317820162539 1 0.99032775183922694 1 1.0485823254768285 1 1.1068368991144302 1 1.1650914727520316 1 1.2233460463896333 1 1.281600620027235 1 1.3398551936648364 1 1.3981097673024381 1 1.4563643409400397 1 1.5146189145776412 1 1.5728734882152429 1 1.6311280618528445 1 1.689382635490446 1 1.7476372091280477 1 1.8058917827656491 1 1.8641463564032508 1 1.9224009300408524 1 1.9806555036784539 1 2.0389100773160553 1 2.097164650953657 1 2.1554192245912587 1 2.2136737982288603 1 2.271928371866462 1 2.3301829455040632 1 2.3884375191416649 1 2.4466920927792666 1 2.5049466664168683 1 2.5632012400544699 4
7 0 0  3 47 45  0.0098362529147615618 -3  0.0098362529147744664 -2.98058180878748  0.0098418926656028312 -2.94150425327055  0.009867598396736503 -2.8823176469515475  0.0099108756071986451 -2.8227139792693601  0.0099720548445879423 -2.7628465828351141  0.010051447443740799 -2.7028683410886924  0.010149436419490943 -2.6429338132241882  0.010266056088313297 -2.5831893939779911  0.010401038215532487 -2.5237742048921827  0.01055417929425884 -2.464829463366716  0.010725264578182885 -2.4064939847975362  0.010914059565622478 -2.3489140967386173  0.011120420055646006 -2.2922084727637615  0.011343737380000432 -2.2364741347507699  0.01158331530708726 -2.1818340589006984  0.011838485090502943 -2.1284045553825606  0.012108555637954427 -2.0763026441703705  0.012392897789352625 -2.0256491720500569  0.012690605242512625 -1.976544786786796  0.013000524589400214 -1.9290626455304178  0.013321422493816334 -1.8832974289690261  0.013652570307002246 -1.8392801952792979  0.01399130059527358 -1.7972749691452636  0.014342203965531351 -1.756676627469141  0.014709702277455725 -1.7170109685434591  0.01509175960242456 -1.6785765562113539  0.01548807311348672 -1.6414653784523834  0.01589786543711575 -1.6058229611495873  0.016320524361976375 -1.5717872544358615  0.016755203355049028 -1.5394643433140833  0.017200898132891818 -1.5089291962461999  0.017656634798844738 -1.4802639262703494  0.018121446421844052 -1.4535479505054547  0.018594307890088497 -1.4288643251711926  0.019074419990759768 -1.4062842429397147  0.019560783797778428 -1.3858244337097669  0.020052186538057341 -1.3675125218880249  0.020547473615606188 -1.3513737480664938  0.021045471596385978 -1.3374319935878367  0.021545024261618192 -1.3257189606069744  0.022044914122406306 -1.3162294930104903  0.022543857370986926 -1.3089175626205909  0.023040583936457276 -1.3037456252359048  0.023533820059264195 -1.3006738625995273  0.023859468666959236 -1.3000000000000047  0.024021286926974354 -1.3000000000000007 
 0 4 0.058254573637601587 1 0.11650914727520317 1 0.17476372091280476 1 0.23301829455040635 1 0.29127286818800791 1 0.34952744182560952 1 0.40778201546321113 1 0.46603658910081269 1 0.52429116273841425 1 0.58254573637601581 1 0.64080031001361748 1 0.69905488365121904 1 0.7573094572888206 1 0.81556403092642227 1 0.87381860456402383 1 0.93207317820162539 1 0.99032775183922694 1 1.0485823254768285 1 1.1068368991144302 1 1.1650914727520316 1 1.2233460463896333 1 1.281600620027235 1 1.3398551936648364 1 1.3981097673024381 1 1.4563643409400397 1 1.5146189145776412 1 1.5728734882152429 1 1.6311280618528445 1 1.689382635490446 1 1.7476372091280477 1 1.8058917827656491 1 1.8641463564032508 1 1.9224009300408524 1 1.9806555036784539 1 2.0389100773160553 1 2.097164650953657 1 2.1554192245912587 1 2.2136737982288603 1 2.271928371866462 1 2.3301829455040632 1 2.3884375191416649 1 2.4466920927792666 1 2.5049466664168683 1 2.5632012400544699 4
1 1.3858697652669789 0 0 -1 
1 0 0 0 -1 
1 0.13367251116974968 0 0 -1 
1 0 -42 1 0 
1 0 0 1 0 
1 0 0 0 -1 
1 0.13367251116974968 0 0 -1 
1 0 0.099999999999996453 1 0 
1 6.2831853071795862 10.399999999999997 -1 0 
1 6.2831853071795862 -20.950000000000003 -1 0 
1 0 -0.035355339059328819 1 0 
1 6.2831853071795862 -10.600000000000003 -1 0 
1 6.2831853071795862 0.035355339059326932 -1 -1.987846675914698e-16 
1 6.2831853071795862 -10.6 -1 0 
1 0 -31.399999999999999 1 0 
1 6.2831853071795862 -31.399999999999999 -1 0 
1 0 -31.399999999999999 1 0 
1 0 -31.399999999999999 1 0 
1 1.570796326794893 0 0 -1 
1 0.18293941625062329 0 0 1 
1 0.0041488410356382843 -42 0 -1 
1 -4.163336342344337e-16 0 1 0 
1 0 0 0 -1 
1 1.308996938995737 0 0 -1 
1 2.7470832373267271 0 0 -1 
1 6.2831853071795862 0 0 -1 
1 6.2831853071795862 -21.100000000000001 -1 0 
1 -8.8817841970012523e-16 -21.100000000000001 1 0 
1 5.1406993284173774 0 0 -1 
1 0 0 0 -1 
1 0 0 1 0 
1 0 0 0 -1 
1 5.1406993284173774 0 0 -1 
1 0 -10.4 1 0 
1 0.0041488410356382843 -21.100000000000001 0 -1 
1 0.18293941625062329 0 0 1 
1 6.2831853071795862 -21.100000000000001 -1 0 
1 -6.0715321659188248e-18 -42 1 0 
1 1.570796326794893 0 0 -1 
1 6.2831853071795862 -10.699999999999999 -1 0 
1 6.2831853071795862 -10.4 -1 0 
1 0 -10.4 1 0 
1 0 -10.4 1 0 
1 -4.163336342344337e-16 0 1 0 
1 6.2831853071795862 -21.100000000000001 -1 0 
1 0 0 0 -1 
1 0 0 0 -1 
1 1.308996938995737 0 0 -1 
1 0 0 1 0 
1 0 0 0 -1 
1 2.7470832373267271 0 0 -1 
1 6.2831853071795862 0 0 -1 
1 0 0 1 0 
1 6.2831853071795862 0 -1 0 
Curves 478
2 0 7.5 -20.949999999999999 0 0 -1 0 1 0 1 -0 0 2
1 2.4798278664903102e-16 5.4749999999999996 -20.975000000000001 8.6592745707193332e-17 -0.70710678118654757 -0.70710678118654757 
2 0 7.5 -21 0 -0 1 0 1 0 -1 0 0 2.0499999999999998
1 -2.4798278664903102e-16 9.5250000000000004 -20.975000000000001 8.6592745707193505e-17 -0.70710678118654802 0.70710678118654702 
2 0 7.5 -10.6 0 0 -1 0 1 0 1 -0 0 2
1 2.4492127076447501e-16 5.5 -15.775 0 0 -1 
1 -2.4492127076447501e-16 9.5 -15.775 0 0 1 
2 0 7.5 10.4 0 0 -1 0 1 0 1 -0 0 2
1 2.4492127076447501e-16 5.5 5.25 0 0 -1 
2 0 7.5 0.100000000000001 0 -0 1 0 1 0 -1 0 0 2
1 -2.4492127076447501e-16 9.5 5.25 0 0 1 
2 12.5 2 -12.5 0 1 0 -1 0 0 0 -0 1 6.5
1 19 2.75 -12.5 0 1 0 
2 12.5 3.5 -12.5 0 -1 0 -1 0 0 -0 -0 -1 6.5
1 6 2.75 -12.5 0 -1 0 
2 12.5 -2.66453525910038e-15 -12.5 0 1 0 -1 0 0 0 -0 1 3.6499999999999999
1 16.149999999999999 0.999999999999997 -12.5 0 1 0 
2 12.5 2 -12.5 0 1 0 -1 0 0 0 -0 1 3.6499999999999999
1 8.8499999999999996 0.999999999999997 -12.5 0 -1 0 
2 12.5 2.8399999999999999 -12.5 0 1 0 -1 0 6.7032333562273597e-16 6.7032333562273597e-16 -0 1 2.6499999999999999
1 15.15 2.665 -12.5 0 -1 0 
2 12.5 2.4900000000000002 -12.5 0 1 0 -1 0 6.7032333562273597e-16 6.7032333562273597e-16 -0 1 2.6499999999999999
1 9.8499999999999996 2.665 -12.5 0 1 0 
2 12.5 5.29 -12.5 0 1 0 -1 0 6.7032333562273597e-16 6.7032333562273597e-16 -0 1 5.0999999999999996
1 16.375 4.0650000000000004 -12.5 -0.70710678118654702 -0.70710678118654802 3.2414812050245701e-16 
1 8.625 4.0650000000000004 -12.5 -0.70710678118654702 0.70710678118654802 3.2414812050245701e-16 
1 7.0750000000000002 5.2149999999999999 -12.5 0.70710678118654757 0.70710678118654757 -4.6306874357493774e-16 
2 12.5 5.1399999999999997 -12.5 0 1 0 -1 0 6.7032333562273597e-16 6.7032333562273597e-16 -0 1 5.5
1 17.925000000000001 5.2149999999999999 -12.5 0.70710678118654757 -0.70710678118654757 -4.6306874357493774e-16 
2 12.5 5.29 -12.5 0 1 0 -1 0 6.7032333562273597e-16 6.7032333562273597e-16 -0 1 5.3499999999999996
1 7 3.6899999999999999 -12.5 0 1 0 
2 12.5 2.2400000000000002 -12.5 0 1 0 -1 0 6.7032333562273597e-16 6.7032333562273597e-16 -0 1 5.5
1 18 3.6899999999999999 -12.5 0 -1 0 
1 7.125 2.1150000000000002 -12.5 -0.70710678118654702 0.70710678118654802 4.6737635979424001e-16 
2 12.5 2 -12.5 -1.55820775385987e-16 -1 0 -1 1.55820775385987e-16 6.7032333562273597e-16 -6.7032333562273597e-16 1.0445030191605592e-31 -1 5.2599999999999998
1 17.875 2.1150000000000002 -12.5 -0.70710678118654702 -0.70710678118654802 4.6737635979424001e-16 
2 12.5 2.4900000000000002 -12.5 0 1 0 -1 0 6.7032333562273597e-16 6.7032333562273597e-16 -0 1 4.75
1 17.5 2.2400000000000002 -12.5 0.70710678118654702 -0.70710678118654802 -5.0242958677880801e-16 
2 12.5 2 -12.5 1.55820775385987e-16 1 0 -1 1.55820775385987e-16 6.7032333562273597e-16 6.7032333562273597e-16 -1.0445030191605592e-31 1 5.2400000000000002
1 7.5 2.2400000000000002 -12.5 0.70710678118654702 0.70710678118654802 -5.0242958677880801e-16 
2 12.5 2 12.5 0 1 0 -1 0 0 0 -0 1 6.5
1 19 2.75 12.5 0 1 0 
2 12.5 3.5 12.5 0 -1 0 -1 0 0 -0 -0 -1 6.5
1 6 2.75 12.5 0 -1 0 
2 12.5 -2.66453525910038e-15 12.5 0 1 0 -1 0 0 0 -0 1 3.6499999999999999
1 16.149999999999999 0.999999999999997 12.5 0 1 0 
2 12.5 2 12.5 0 1 0 -1 0 0 0 -0 1 3.6499999999999999
1 8.8499999999999996 0.999999999999997 12.5 0 -1 0 
2 12.5 2.8399999999999999 12.5 0 1 0 -1 0 6.7032333562273597e-16 6.7032333562273597e-16 -0 1 2.6499999999999999
1 15.15 2.665 12.5 0 -1 0 
2 12.5 2.4900000000000002 12.5 0 1 0 -1 0 6.7032333562273597e-16 6.7032333562273597e-16 -0 1 2.6499999999999999
1 9.8499999999999996 2.665 12.5 0 1 0 
2 12.5 5.29 12.5 0 1 0 -1 0 6.7032333562273597e-16 6.7032333562273597e-16 -0 1 5.0999999999999996
1 16.375 4.0650000000000004 12.5 -0.70710678118654702 -0.70710678118654802 3.2414812050245701e-16 
1 8.625 4.0650000000000004 12.5 -0.70710678118654702 0.70710678118654802 3.2414812050245701e-16 
1 7.0750000000000002 5.2149999999999999 12.5 0.70710678118654757 0.70710678118654757 -4.6306874357493774e-16 
2 12.5 5.1399999999999997 12.5 0 1 0 -1 0 6.7032333562273597e-16 6.7032333562273597e-16 -0 1 5.5
1 17.925000000000001 5.2149999999999999 12.5 0.70710678118654757 -0.70710678118654757 -4.6306874357493774e-16 
2 12.5 5.29 12.5 0 1 0 -1 0 6.7032333562273597e-16 6.7032333562273597e-16 -0 1 5.3499999999999996
1 7 3.6899999999999999 12.5 0 1 0 
2 12.5 2.2400000000000002 12.5 0 1 0 -1 0 6.7032333562273597e-16 6.7032333562273597e-16 -0 1 5.5
1 18 3.6899999999999999 12.5 0 -1 0 
1 7.125 2.1150000000000002 12.5 -0.70710678118654702 0.70710678118654802 4.6737635979424001e-16 
2 12.5 2 12.5 -1.55820775385987e-16 -1 0 -1 1.55820775385987e-16 6.7032333562273597e-16 -6.7032333562273597e-16 1.0445030191605592e-31 -1 5.2599999999999998
1 17.875 2.1150000000000002 12.5 -0.70710678118654702 -0.70710678118654802 4.6737635979424001e-16 
2 12.5 2.4900000000000002 12.5 0 1 0 -1 0 6.7032333562273597e-16 6.7032333562273597e-16 -0 1 4.75
1 17.5 2.2400000000000002 12.5 0.70710678118654702 -0.70710678118654802 -5.0242958677880801e-16 
2 12.5 2 12.5 1.55820775385987e-16 1 0 -1 1.55820775385987e-16 6.7032333562273597e-16 6.7032333562273597e-16 -1.0445030191605592e-31 1 5.2400000000000002
1 7.5 2.2400000000000002 12.5 0.70710678118654702 0.70710678118654802 -5.0242958677880801e-16 
2 12.5 2 12.5 1.55820775385987e-16 1 0 -1 1.55820775385987e-16 6.7032333562273597e-16 6.7032333562273597e-16 -1.0445030191605592e-31 1 5.2400000000000002
2 12.5 2.4900000000000002 12.5 0 1 0 -1 0 6.7032333562273597e-16 6.7032333562273597e-16 -0 1 4.75
2 12.5 2.2400000000000002 12.5 0 1 0 -1 0 6.7032333562273597e-16 6.7032333562273597e-16 -0 1 5.5
2 12.5 2 12.5 -1.55820775385987e-16 -1 0 -1 1.55820775385987e-16 6.7032333562273597e-16 -6.7032333562273597e-16 1.0445030191605592e-31 -1 5.2599999999999998
2 12.5 2.4900000000000002 12.5 0 1 0 -1 0 6.7032333562273597e-16 6.7032333562273597e-16 -0 1 2.6499999999999999
2 12.5 5.1399999999999997 12.5 0 1 0 -1 0 6.7032333562273597e-16 6.7032333562273597e-16 -0 1 5.5
2 12.5 5.29 12.5 0 1 0 -1 0 6.7032333562273597e-16 6.7032333562273597e-16 -0 1 5.3499999999999996
2 12.5 5.29 12.5 0 1 0 -1 0 6.7032333562273597e-16 6.7032333562273597e-16 -0 1 5.0999999999999996
2 12.5 2.8399999999999999 12.5 0 1 0 -1 0 6.7032333562273597e-16 6.7032333562273597e-16 -0 1 2.6499999999999999
2 12.5 2 12.5 0 1 0 -1 0 0 0 -0 1 6.5
2 12.5 2 12.5 0 1 0 -1 0 0 0 -0 1 3.6499999999999999
2 12.5 -2.66453525910038e-15 12.5 0 1 0 -1 0 0 0 -0 1 3.6499999999999999
2 12.5 3.5 12.5 0 -1 0 -1 0 0 -0 -0 -1 6.5
2 12.5 2 -12.5 1.55820775385987e-16 1 0 -1 1.55820775385987e-16 6.7032333562273597e-16 6.7032333562273597e-16 -1.0445030191605592e-31 1 5.2400000000000002
2 12.5 2.4900000000000002 -12.5 0 1 0 -1 0 6.7032333562273597e-16 6.7032333562273597e-16 -0 1 4.75
2 12.5 2.2400000000000002 -12.5 0 1 0 -1 0 6.7032333562273597e-16 6.7032333562273597e-16 -0 1 5.5
2 12.5 2 -12.5 -1.55820775385987e-16 -1 0 -1 1.55820775385987e-16 6.7032333562273597e-16 -6.7032333562273597e-16 1.0445030191605592e-31 -1 5.2599999999999998
2 12.5 2.4900000000000002 -12.5 0 1 0 -1 0 6.7032333562273597e-16 6.7032333562273597e-16 -0 1 2.6499999999999999
2 12.5 5.1399999999999997 -12.5 0 1 0 -1 0 6.7032333562273597e-16 6.7032333562273597e-16 -0 1 5.5
2 12.5 5.29 -12.5 0 1 0 -1 0 6.7032333562273597e-16 6.7032333562273597e-16 -0 1 5.3499999999999996
2 12.5 5.29 -12.5 0 1 0 -1 0 6.7032333562273597e-16 6.7032333562273597e-16 -0 1 5.0999999999999996
2 12.5 2.8399999999999999 -12.5 0 1 0 -1 0 6.7032333562273597e-16 6.7032333562273597e-16 -0 1 2.6499999999999999
2 12.5 2 -12.5 0 1 0 -1 0 0 0 -0 1 6.5
2 12.5 2 -12.5 0 1 0 -1 0 0 0 -0 1 3.6499999999999999
2 12.5 -2.66453525910038e-15 -12.5 0 1 0 -1 0 0 0 -0 1 3.6499999999999999
2 12.5 3.5 -12.5 0 -1 0 -1 0 0 -0 -0 -1 6.5
1 19.300000000000001 -2.66453525910038e-15 19.699999999999999 0 1 0 
1 19.300000000000001 -2.66453525910038e-15 -20.350000000000001 0 0 1 
1 19.300000000000001 -2.66453525910038e-15 -19.699999999999999 0 1 0 
1 19.300000000000001 0.999999999999997 -19.699999999999999 0 0 1 
1 19.300000000000001 0.999999999999997 19.699999999999999 1 0 0 
1 19.300000000000001 0.999999999999997 -19.699999999999999 1 0 0 
1 20.100000000000001 0.999999999999997 -19.699999999999999 0 0 1 
1 20.100000000000001 0.999999999999997 19.699999999999999 0 1 0 
1 20.100000000000001 0.999999999999997 -19.699999999999999 0 1 0 
1 20.100000000000001 2.9900000000000002 -19.699999999999999 0 0 1 
1 20.100000000000001 2.9900000000000002 19.699999999999999 -0.69935642736289183 0.71477310211437883 0 
1 20.100000000000001 2.9900000000000002 -19.699999999999999 -0.69935642736289183 0.71477310211437883 0 
1 19.600999999999999 3.5 -9.8499999999999996 0 0 -1 
1 21 3.5 -19.699999999999999 -1 0 0 
2 6.9999999999999902 3.5 -18 0 1 0 1.04491578788251e-15 0 -1 -1 0 -1.04491578788251e-15 1.69999999999999
1 5.2999999999999998 3.5 -18 0 0 1 
2 6.9999999999999902 3.5 18 0 1 0 -1 0 -6.2694947272950504e-15 -6.2694947272950504e-15 0 1 1.69999999999999
1 7 3.5 19.699999999999999 1 0 0 
1 20.918009382032501 4.6972393574390603 -19.699999999999999 0.017452406437283602 -0.99984769515639127 0 
1 21 -2.66453525910038e-15 -21 0 0 1 
1 20.901357094160801 5.6512482906772004 -21 0.017452406437283602 -0.99984769515639127 0 
1 20.901357094160801 5.6512482906772004 -21 0 0 1 
2 0.065220413479888606 -111.701286845873 -19.699999999999999 0 0 -1 0.033794322027694015 0.99942880876963347 0 0.99942880876963347 -0.033794322027694015 0 119.99999999999901
1 7 3.5 -19.699999999999999 0 1 0 
1 21 -2.66453525910038e-15 -19.699999999999999 -1 0 0 
2 19.9015093990044 5.6337958842399303 -19.699999999999999 0 0 -1 0.16669150408000197 0.98600909857239483 0 0.98600909857239483 -0.16669150408000197 0 0.99999999999995604
1 20.920141487465699 4.5750911189803096 19.699999999999999 -0.017452406437283602 0.99984769515639127 0 
1 21 -2.66453525910038e-15 19.699999999999999 1 0 0 
1 7 3.5 19.699999999999999 0 1 0 
2 0.065220413479888606 -111.701286845873 19.699999999999999 0 -0 1 0.033794322027694015 0.99942880876963347 0 -0.99942880876963347 0.033794322027694015 0 119.99999999999901
2 19.9015093990044 5.6337958842399303 19.699999999999999 0 -0 1 0.16669150408000197 0.98600909857239483 0 -0.98600909857239483 0.16669150408000197 0 0.99999999999995604
1 5.2999999999999998 3.5 18 0 1 0 
7 0 0  3 18 9  7 8.0981657074925408 19.699999999999999  6.8932952163227696 8.1043424815917309 19.699999999999999  6.7829304464123004 8.1105842752882609 19.689791838156701  6.5633583025594797 8.1226936155305705 19.646772502640498  6.4541491796306802 8.1285616493951895 19.613970393523601  6.2446640186745102 8.1395470877574603 19.527193866284399  6.1442213827050702 8.1446742709690092 19.473150287134899  5.9584550598059103 8.1539526483050899 19.348225851949898  5.8731367175621996 8.1581050428308206 19.277337137548301  5.7222222957958397 8.1653224646920908 19.126347898625301  5.6514510388987702 8.1686340117030802 19.041114376409599  5.5266994391939299 8.1743826865788307 18.855505057138402  5.4727114381149597 8.17682176481431 18.755134467881899  5.3860051780351803 8.1807015124513303 18.5457647220436  5.353217767426 8.1821463185185408 18.436598536771001  5.3102105856835804 8.1840356143429496 18.2170754226055  5.2999999999999998 8.1844799602005605 18.106716693035398  5.2999999999999998 8.1844799602005605 18 
 -2.5632012400544602 4 -2.2425510091471699 2 -1.92190077823989 2 -1.60125054733261 2 -1.2806003164253199 2 -0.96045023731899404 2 -0.64030015821266195 2 -0.32015007910632998 2 0 4
1 5.2999999999999998 8.1844799602005605 9.1845476536678294e-16 0 0 -1 
1 5.2999999999999998 3.5 -18 0 1 0 
7 0 0  3 18 9  5.2999999999999998 8.1844799602005605 -18  5.2999999999999998 8.1844799602005605 -18.106716693035398  5.3102105856835804 8.1840356143429496 -18.2170754226055  5.353217767426 8.1821463185185408 -18.436598536771001  5.3860051780351803 8.1807015124513303 -18.5457647220436  5.4727114381149597 8.17682176481431 -18.755134467881899  5.5266994391939299 8.1743826865788396 -18.855505057138402  5.65145103889878 8.1686340117030802 -19.041114376409499  5.7222222957958504 8.1653224646920997 -19.126347898625301  5.8731367175622102 8.1581050428308206 -19.277337137548301  5.9584550598059201 8.1539526483050899 -19.348225851949898  6.14422138270508 8.1446742709690092 -19.473150287134899  6.2446640186745199 8.1395470877574603 -19.527193866284399  6.4541491796306802 8.1285616493951895 -19.613970393523601  6.5633583025594904 8.1226936155305705 -19.646772502640498  6.7829304464123101 8.1105842752882609 -19.689791838156701  6.8932952163227599 8.1043424815917309 -19.699999999999999  7 8.0981657074925408 -19.699999999999999 
 0 4 0.32015007910633397 2 0.64030015821266695 2 0.96045023731900103 2 1.2806003164253299 2 1.60125054733262 2 1.9219007782399 2 2.2425510091471899 2 2.5632012400544699 4
1 20.901357094160801 5.6512482906772004 -21 0 0 1 
1 20.901357094160801 5.6512482906772004 21 0.017452406437283602 -0.99984769515639127 0 
1 21 -2.66453525910038e-15 -21 0 0 1 
1 20.068200903084399 6.61980498281235 -21 0 0 1 
2 19.9015093990044 5.6337958842399303 21 0 0 -1 0.16669150408000197 0.98600909857239483 0 0.98600909857239483 -0.16669150408000197 0 0.99999999999995604
2 19.9015093990044 5.6337958842399303 -21 0 0 -1 0.16669150408000197 0.98600909857239483 0 0.98600909857239483 -0.16669150408000197 0 0.99999999999995604
1 20.068200903084399 6.61980498281235 -21 0 0 1 
2 0 7.5 0.100000000000001 0 -0 1 0 1 0 -1 0 0 2
2 0 7.5 10.4 0 0 -1 0 1 0 1 -0 0 2
2 0 7.5 -20.949999999999999 0 0 -1 0 1 0 1 -0 0 2
2 0 7.5 -10.6 0 0 -1 0 1 0 1 -0 0 2
2 0 7.5 -21 0 -0 1 0 1 0 -1 0 0 2.0499999999999998
1 12.5 0.29999999999999699 10.4 -1 0 0 
1 3.7999999999999998 7.2290000000000001 10.4 0 1 0 
2 4.7999999999999998 7.2289999999999903 10.4 0 0 -1 -3.5527136788004899e-15 1 0 1 3.5527136788004899e-15 0 1
2 0.065220413479888606 -111.701286845873 10.4 0 0 -1 0.033794322027694015 0.99942880876963347 0 0.99942880876963347 -0.033794322027694015 0 119.99999999999901
2 4.1543335526624698 9.2295990093739402 10.4 0 0 1 -0.92318523392478125 -0.38435533541665212 0 0.38435533541665212 -0.92318523392478125 0 1.0000000000004601
2 2.48689957516035e-14 7.4999999999999796 10.4 0 0 -1 -1 8.1204884086868004e-15 0 8.1204884086868004e-15 1 0 3.50000000000002
1 -0.87658792458270096 -2.2907071546470799 10.4 -0.25881904510251991 0.96592582628906853 0 
2 -0.80343882651695298 1.3 10.4 -0 0 -1 -3.55271367880048e-15 -1 0 -1 3.55271367880048e-15 0 1.00000000000001
1 3.7999999999999998 0.29999999999999699 9.1845476536678294e-16 0 0 -1 
1 3.7999999999999998 -2.66453525910038e-15 21 0 -1 0 
1 3.7999999999999998 7.2290000000000001 21 0 0 -1 
1 4.6180792780221998 8.2123132008241697 21 0 0 1 
2 4.7999999999999998 7.2289999999999903 21 0 0 1 -3.5527136788004899e-15 1 0 -1 -3.5527136788004899e-15 0 1
1 -3.5 7.5 -21 0 0 1 
1 -0.87658792458270096 -2.2907071546470799 0.100000000000002 0.25881904510251991 -0.96592582628906853 0 
1 -1.7693646528060301 1.04118095489748 -21 0 0 1 
1 3.2311483187372598 8.8452436739571105 -21 0 0 1 
2 2.48689957516035e-14 7.4999999999999796 0.100000000000002 0 0 1 -1 8.1204884086868004e-15 0 -8.1204884086868004e-15 -1 0 3.50000000000002
2 4.1543335526624698 9.2295990093739402 0.100000000000002 -0 0 -1 -0.92318523392478125 -0.38435533541665212 0 -0.38435533541665212 0.92318523392478125 0 1.0000000000004601
1 4.1205390568031097 8.2301702064817395 -21 0 0 1 
2 0.065220413479888606 -111.701286845873 -21 0 0 -1 0.033794322027694015 0.99942880876963347 0 0.99942880876963347 -0.033794322027694015 0 119.99999999999901
1 4.1205390568031097 8.2301702064817395 -21 0 0 1 
2 0.065220413479888606 -111.701286845873 -10.6 0 0 -1 0.033794322027694015 0.99942880876963347 0 0.99942880876963347 -0.033794322027694015 0 119.99999999999901
1 4.6180792780221998 8.2123132008241697 0.100000000000001 0 0 1 
2 0.065220413479888606 -111.701286845873 0.100000000000002 0 -0 1 0.033794322027694015 0.99942880876963347 0 -0.99942880876963347 0.033794322027694015 0 119.99999999999901
2 0.065220413479888606 -111.701286845873 21 0 0 -1 0.033794322027694015 0.99942880876963347 0 0.99942880876963347 -0.033794322027694015 0 119.99999999999901
1 3.7999999999999998 0.29999999999999699 -10.449999999999999 0 0 -1 
1 3.7999999999999998 7.2290000000000001 0.100000000000001 0 -1 0 
1 3.7999999999999998 7.2290000000000001 0.100000000000001 0 0 -1 
1 3.7999999999999998 7.2290000000000001 -10.6 0 1 0 
1 12.5 0.29999999999999699 -10.6 -1 0 0 
2 4.7999999999999998 7.2289999999999903 -10.6 0 0 -1 -3.5527136788004899e-15 1 0 1 3.5527136788004899e-15 0 1
2 4.1543335526624698 9.2295990093739402 -10.6 0 0 1 -0.92318523392478125 -0.38435533541665212 0 0.38435533541665212 -0.92318523392478125 0 1.0000000000004601
2 2.48689957516035e-14 7.4999999999999796 -10.6 0 0 -1 -1 8.1204884086868004e-15 0 8.1204884086868004e-15 1 0 3.50000000000002
1 -0.87658792458270096 -2.2907071546470799 -10.6 -0.25881904510251991 0.96592582628906853 0 
2 -0.80343882651695298 1.3 -10.6 -0 0 -1 -3.55271367880048e-15 -1 0 -1 3.55271367880048e-15 0 1.00000000000001
2 4.7999999999999998 7.2289999999999903 0.100000000000001 0 0 1 -3.5527136788004899e-15 1 0 -1 -3.5527136788004899e-15 0 1
1 12.5 0.29999999999999699 0.100000000000002 1 0 0 
2 -0.80343882651695298 1.3 0.100000000000002 0 0 1 -3.55271367880048e-15 -1 0 1 -3.55271367880048e-15 0 1.00000000000001
1 -0.80343882651695597 0.29999999999999699 -21 0 0 1 
1 -0.80343882651695597 0.29999999999999699 -21 0 0 1 
1 4 0.29999999999999699 -21 -1 0 0 
1 4 0.29999999999999699 -21 0 0 1 
1 4 0.29999999999999699 21 -1 0 0 
1 -1.7693646528060301 1.04118095489748 -21 0 0 1 
2 -0.80343882651695298 1.3 -21 -0 0 -1 -3.55271367880048e-15 -1 0 -1 3.55271367880048e-15 0 1.00000000000001
1 -3.5 7.5 -21 0 0 1 
1 -1.7693646528060301 1.04118095489748 -21 -0.25881904510251991 0.96592582628906853 0 
1 3.2311483187372598 8.8452436739571105 -21 0 0 1 
2 2.48689957516035e-14 7.4999999999999796 -21 0 0 -1 -1 8.1204884086868004e-15 0 8.1204884086868004e-15 1 0 3.50000000000002
2 4.1543335526624698 9.2295990093739402 -21 0 0 1 -0.92318523392478125 -0.38435533541665212 0 0.38435533541665212 -0.92318523392478125 0 1.0000000000004601
1 4 -2.66453525910038e-15 21 0 1 0 
1 4 -2.66453525910038e-15 -21 0 1 0 
1 4 -2.66453525910038e-15 -21 0 0 1 
1 21 -2.66453525910038e-15 21 -1 0 0 
1 21 -2.66453525910038e-15 -21 -1 0 0 
2 6.9999999999999902 3.73 -18 0 -1 0 1.04491578788251e-15 0 -1 1 0 1.04491578788251e-15 1.69999999999999
1 5.2999999999999998 5.95723998010026 -18 0 -1 0 
7 0 0  3 18 9  7 8.0981657074924804 -19.699999999999999  6.8932952163227599 8.1043424815916705 -19.699999999999999  6.7829304464123101 8.1105842752882094 -19.689791838156701  6.5633583025594904 8.1226936155305296 -19.646772502640498  6.4541491796306802 8.1285616493951292 -19.613970393523601  6.2446640186745199 8.1395470877574105 -19.527193866284399  6.1442213827050898 8.1446742709689701 -19.473150287134899  5.9584550598059201 8.1539526483050508 -19.348225851949898  5.8731367175622102 8.1581050428307709 -19.277337137548301  5.7222222957958504 8.1653224646920499 -19.126347898625301  5.6514510388987702 8.1686340117030305 -19.041114376409499  5.5266994391939299 8.1743826865787899 -18.855505057138402  5.4727114381149597 8.1768217648142496 -18.755134467881899  5.3860051780351803 8.1807015124512805 -18.5457647220436  5.353217767426 8.1821463185185106 -18.436598536771001  5.3102105856835804 8.1840356143429194 -18.2170754226055  5.2999999999999998 8.1844799602005196 -18.106716693035398  5.2999999999999998 8.1844799602005196 -18 
 -2.5632012400544699 4 -2.2425510091471899 2 -1.9219007782399 2 -1.60125054733262 2 -1.2806003164253299 2 -0.96045023731900203 2 -0.64030015821266795 2 -0.32015007910633397 2 0 4
1 6.9999999999999902 4.0922399801002598 -19.699999999999999 0 -1 0 
7 0 0  3 8 4  6.2200000000000104 6.96500000000015 -19.510496607079901  6.2622130450461801 6.9627230788895798 -19.532294852095301  6.3054322759784203 6.9603694311259403 -19.552366086944499  6.4541447391272104 6.9521869839339203 -19.613969141293499  6.5633561310297202 6.9460368067191096 -19.646772016122799  6.7829308307458502 6.9333601712705901 -19.689791974520201  6.8932958847738899 6.9268332213650803 -19.699999999999999  7 6.9203807414852401 -19.699999999999999 
 1.7873704075982599 4 1.9219824577575799 2 2.24267954899021 2 2.5633766402228502 4
1 6.2200000000000104 5.3475000000000703 -19.510496607079901 0 1 0 
2 6.9999999999999902 3.73 18 0 -1 -0 -1 0 -6.2694947272950504e-15 6.2694947272950504e-15 0 -1 1.69999999999999
1 6.2200000000000104 5.3475000000000703 19.510496607079901 0 -1 0 
7 0 0  3 8 4  7 6.9203807414852401 19.699999999999999  6.8932958847738899 6.9268332213650803 19.699999999999999  6.7829308307458502 6.9333601712705901 19.689791974520201  6.5633561310297202 6.9460368067191096 19.646772016122799  6.4541447391272104 6.9521869839339203 19.613969141293499  6.3054322759784203 6.9603694311259403 19.552366086944598  6.2622130450461704 6.9627230788895798 19.532294852095301  6.2200000000000104 6.96500000000015 19.510496607079901 
 7.6920114212537696 4 8.0127085124864106 2 8.33340560371904 2 8.4680176538783591 4
1 6.9999999999999902 4.0922399801002598 19.699999999999999 0 -1 0 
7 0 0  3 18 9  5.2999999999999998 8.1844799602005196 18  5.2999999999999998 8.1844799602005196 18.106716693035398  5.3102105856835804 8.1840356143429194 18.2170754226055  5.353217767426 8.1821463185185106 18.436598536771001  5.3860051780351696 8.1807015124512805 18.5457647220436  5.4727114381149597 8.1768217648142496 18.755134467881899  5.5266994391939201 8.1743826865787899 18.855505057138402  5.6514510388987702 8.1686340117030305 19.041114376409599  5.7222222957958397 8.1653224646920499 19.126347898625301  5.8731367175621996 8.1581050428307709 19.277337137548301  5.9584550598059103 8.1539526483050508 19.348225851949898  6.1442213827050702 8.1446742709689701 19.473150287134899  6.2446640186745102 8.1395470877574105 19.527193866284399  6.4541491796306802 8.1285616493951292 19.613970393523601  6.5633583025594797 8.1226936155305296 19.646772502640498  6.7829304464123101 8.1105842752882094 19.689791838156701  6.8932952163227696 8.1043424815916705 19.699999999999999  7 8.0981657074924804 19.699999999999999 
 0 4 0.32015007910633198 2 0.64030015821266495 2 0.96045023731899704 2 1.2806003164253299 2 1.60125054733261 2 1.9219007782399 2 2.2425510091471801 2 2.5632012400544602 4
1 5.2999999999999998 5.95723998010026 18 0 -1 0 
2 0.0652204134791603 -111.701286845863 -19.699999999999999 0 0 -1 0.043623163221010994 0.9990480567172898 0 0.9990480567172898 -0.043623163221010994 0 119.999999999989
2 19.9015093990044 5.6337958842399303 -19.699999999999999 0 0 -1 0.16669150408000197 0.98600909857239483 0 0.98600909857239483 -0.16669150408000197 0 0.99999999999995604
1 20.901357094160801 5.6512482906772004 -19.699999999999999 0.017452406437283602 -0.99984769515639127 0 
1 21 -2.66453525910038e-15 -19.699999999999999 -1 1.1102230246251601e-15 0 
1 20.199999999999999 -1.7763568394002501e-15 -19.699999999999999 0 1 0 
2 -0.24326107172706599 -112.860816318179 -19.699999999999999 0 -0 1 0.170360508931063 0.98538180265151498 0 -0.98538180265151498 0.170360508931063 0 119.999999999997
1 6.2200000000000104 6.96500000000015 -19.699999999999999 0 0 1 
1 6.2199999999999998 3.73 -19.699999999999999 0 0 1 
1 5.2999999999999998 8.1844799602005196 -19.699999999999999 0 0 1 
2 0.0652204134791603 -111.701286845863 19.699999999999999 0 0 -1 0.043623163221010994 0.9990480567172898 0 0.9990480567172898 -0.043623163221010994 0 119.999999999989
1 20.068200903084399 6.6198049828121199 -19.699999999999999 0 0 1 
2 -0.24326107172706599 -112.860816318179 19.699999999999999 0 -0 1 0.170360508931063 0.98538180265151498 0 -0.98538180265151498 0.170360508931063 0 119.999999999997
1 20.199999999999999 5.3849999999999696 -19.699999999999999 0 0 1 
1 20.199999999999999 -1.7763568394002501e-15 19.699999999999999 0 1 0 
1 21 -2.66453525910038e-15 19.699999999999999 -1 1.1102230246251601e-15 0 
1 20.901357094160801 5.6512482906772004 19.699999999999999 0.017452406437283602 -0.99984769515639127 0 
2 19.9015093990044 5.6337958842399303 19.699999999999999 0 0 -1 0.16669150408000197 0.98600909857239483 0 0.98600909857239483 -0.16669150408000197 0 0.99999999999995604
1 20.199999999999999 -1.7763568394002501e-15 -19.699999999999999 0 0 1 
1 5.2999999999999998 3.73 -19.699999999999999 0 0 1 
1 20.901357094160801 5.6512482906772004 -19.699999999999999 0 0 1 
1 21 -2.66453525910038e-15 -19.699999999999999 0 0 1 
2 -6.9999999999999902 3.73 18 0 -1 0 -1.04491578788251e-15 0 1 -1 -0 -1.04491578788251e-15 1.69999999999999
1 -5.2999999999999998 5.95723998010026 18 0 -1 0 
7 0 0  3 18 9  -7 8.0981657074924804 19.699999999999999  -6.8932952163227599 8.1043424815916794 19.699999999999999  -6.7829304464123101 8.11058427528822 19.689791838156701  -6.5633583025594904 8.1226936155305296 19.646772502640498  -6.4541491796306802 8.1285616493951292 19.613970393523601  -6.2446640186745199 8.1395470877574105 19.527193866284399  -6.1442213827050898 8.1446742709689701 19.473150287134899  -5.9584550598059201 8.1539526483050597 19.348225851949898  -5.8731367175622102 8.1581050428307798 19.277337137548301  -5.7222222957958504 8.1653224646920606 19.126347898625301  -5.6514510388987702 8.1686340117030394 19.041114376409499  -5.5266994391939299 8.1743826865788005 18.855505057138402  -5.4727114381149597 8.1768217648142496 18.755134467881899  -5.3860051780351803 8.1807015124512805 18.5457647220436  -5.353217767426 8.1821463185185195 18.436598536771001  -5.3102105856835804 8.1840356143429194 18.2170754226055  -5.2999999999999998 8.1844799602005196 18.106716693035501  -5.2999999999999998 8.1844799602005196 18 
 -2.5632012400544699 4 -2.2425510091471899 2 -1.9219007782399 2 -1.60125054733262 2 -1.2806003164253299 2 -0.96045023731900203 2 -0.64030015821266795 2 -0.32015007910633397 2 0 4
1 -6.9999999999999902 4.0922399801002598 19.699999999999999 0 -1 0 
7 0 0  3 8 4  -6.2200000000000104 6.96500000000015 19.510496607079901  -6.2622130450461801 6.9627230788895798 19.532294852095301  -6.3054322759784203 6.9603694311259403 19.552366086944598  -6.4541447391272104 6.9521869839339203 19.613969141293499  -6.5633561310297202 6.9460368067191203 19.646772016122799  -6.7829308307458502 6.9333601712705999 19.689791974520201  -6.8932958847738899 6.9268332213650803 19.699999999999999  -7 6.9203807414852498 19.699999999999999 
 1.7873704075982599 4 1.9219824577575799 2 2.24267954899021 2 2.5633766402228502 4
1 -6.2200000000000104 5.3475000000000703 19.510496607079901 0 1 0 
2 -6.9999999999999902 3.73 -18 0 -1 0 1 0 6.2694947272950504e-15 -6.2694947272950504e-15 0 1 1.69999999999999
1 -6.2200000000000104 5.3475000000000703 -19.510496607079901 0 -1 0 
7 0 0  3 8 4  -7 6.9203807414852498 -19.699999999999999  -6.8932958847738899 6.9268332213650803 -19.699999999999999  -6.7829308307458502 6.9333601712705999 -19.689791974520201  -6.5633561310297202 6.9460368067191203 -19.646772016122799  -6.4541447391272104 6.9521869839339203 -19.613969141293499  -6.3054322759784203 6.9603694311259403 -19.552366086944499  -6.2622130450461704 6.9627230788895798 -19.532294852095301  -6.2200000000000104 6.96500000000015 -19.510496607079901 
 7.6920114212537696 4 8.0127085124864106 2 8.33340560371904 2 8.4680176538783591 4
1 -6.9999999999999902 4.0922399801002598 -19.699999999999999 0 -1 0 
7 0 0  3 18 9  -5.2999999999999998 8.1844799602005196 -18  -5.2999999999999998 8.1844799602005196 -18.106716693035398  -5.3102105856835804 8.1840356143429194 -18.2170754226055  -5.353217767426 8.1821463185185195 -18.436598536771001  -5.3860051780351696 8.1807015124512805 -18.5457647220436  -5.4727114381149597 8.1768217648142496 -18.755134467881899  -5.5266994391939201 8.1743826865788005 -18.855505057138402  -5.6514510388987702 8.1686340117030394 -19.041114376409499  -5.7222222957958397 8.1653224646920606 -19.126347898625301  -5.8731367175621996 8.1581050428307798 -19.277337137548301  -5.9584550598059103 8.1539526483050597 -19.348225851949898  -6.1442213827050702 8.1446742709689701 -19.473150287134899  -6.2446640186745102 8.1395470877574105 -19.527193866284399  -6.4541491796306802 8.1285616493951292 -19.613970393523601  -6.5633583025594797 8.1226936155305296 -19.646772502640498  -6.7829304464123101 8.11058427528822 -19.689791838156701  -6.8932952163227696 8.1043424815916794 -19.699999999999999  -7 8.0981657074924804 -19.699999999999999 
 0 4 0.32015007910633198 2 0.64030015821266495 2 0.96045023731899704 2 1.2806003164253299 2 1.60125054733261 2 1.9219007782399 2 2.2425510091471801 2 2.5632012400544602 4
1 -5.2999999999999998 5.95723998010026 -18 0 -1 0 
2 -0.0652204134791603 -111.701286845863 19.699999999999999 0 0 1 -0.043623163221010994 0.9990480567172898 0 -0.9990480567172898 -0.043623163221010994 0 119.999999999989
2 -19.9015093990044 5.6337958842399303 19.699999999999999 0 0 1 -0.16669150408000197 0.98600909857239483 0 -0.98600909857239483 -0.16669150408000197 0 0.99999999999995604
1 -20.901357094160801 5.6512482906772004 19.699999999999999 -0.017452406437283602 -0.99984769515639127 0 
1 -21 0 19.699999999999999 1 1.1102230246251601e-15 0 
1 -20.199999999999999 8.8817841970012504e-16 19.699999999999999 0 1 0 
2 0.24326107172706599 -112.860816318179 19.699999999999999 0 0 -1 -0.170360508931063 0.98538180265151498 0 0.98538180265151498 0.170360508931063 0 119.999999999997
1 -6.2200000000000104 6.96500000000015 19.699999999999999 0 0 -1 
1 -6.2199999999999998 3.73 19.699999999999999 0 0 -1 
1 -5.2999999999999998 8.1844799602005196 19.699999999999999 0 0 -1 
2 -0.0652204134791603 -111.701286845863 -19.699999999999999 0 0 1 -0.043623163221010994 0.9990480567172898 0 -0.9990480567172898 -0.043623163221010994 0 119.999999999989
1 -20.068200903084399 6.6198049828121199 19.699999999999999 0 0 -1 
2 0.24326107172706599 -112.860816318179 -19.699999999999999 0 0 -1 -0.170360508931063 0.98538180265151498 0 0.98538180265151498 0.170360508931063 0 119.999999999997
1 -20.199999999999999 5.3849999999999802 19.699999999999999 0 0 -1 
1 -20.199999999999999 8.8817841970012504e-16 -19.699999999999999 0 1 0 
1 -21 0 -19.699999999999999 1 1.1102230246251601e-15 0 
1 -20.901357094160801 5.6512482906772004 -19.699999999999999 -0.017452406437283602 -0.99984769515639127 0 
2 -19.9015093990044 5.6337958842399303 -19.699999999999999 0 0 1 -0.16669150408000197 0.98600909857239483 0 -0.98600909857239483 -0.16669150408000197 0 0.99999999999995604
1 -20.199999999999999 8.8817841970012504e-16 19.699999999999999 0 0 -1 
1 -5.2999999999999998 3.73 19.699999999999999 0 0 -1 
1 -20.901357094160801 5.6512482906772004 19.699999999999999 0 0 -1 
1 -21 0 19.699999999999999 0 0 -1 
1 -2.2777678181096201e-16 5.6399999999999997 20.850000000000001 8.6592745707193332e-17 0.70710678118654757 0.70710678118654757 
2 0 7.5 20.699999999999999 0 0 1 0 -1 0 1 0 -0 2.0099999999999998
1 2.2777678181096201e-16 9.3599999999999994 20.850000000000001 8.6592745707193332e-17 0.70710678118654757 -0.70710678118654757 
2 0 7.5 21 0 0 1 0 -1 0 1 0 -0 1.71
1 -2.4614587711829798e-16 5.4900000000000002 0.44999999999999901 0 0 1 
2 0 7.5 -19.800000000000001 0 0 1 0 -1 0 1 0 -0 2.0099999999999998
1 2.4614587711829798e-16 9.5099999999999998 0.44999999999999901 0 0 -1 
1 -2.2645794010513402e-16 5.6507695154586699 -20.399999999999999 -3.16951447122788e-17 -0.25881904510252202 0.96592582628906798 
2 0 7.5 -21 0 0 1 0 -1 0 1 0 -0 1.68846096908265
1 2.2645794010513402e-16 9.3492304845413194 -20.399999999999999 -3.16951447122788e-17 -0.25881904510252202 -0.96592582628906798 
2 0 7.5 -21 0 0 1 0 -1 0 1 0 -0 1.68846096908265
2 0 7.5 -19.800000000000001 0 0 1 0 -1 0 1 0 -0 2.0099999999999998
2 0 7.5 20.699999999999999 0 0 1 0 -1 0 1 0 -0 2.0099999999999998
2 0 7.5 21 0 0 1 0 -1 0 1 0 -0 1.71
2 0 7.5 20.949999999999999 0 -0 1 0 1 0 -1 0 0 2
1 -2.4798278664903102e-16 5.4749999999999996 20.975000000000001 -8.6592745707193332e-17 -0.70710678118654757 0.70710678118654757 
2 0 7.5 21 0 0 -1 0 1 0 1 -0 0 2.0499999999999998
1 2.4798278664903102e-16 9.5250000000000004 20.975000000000001 -8.6592745707193332e-17 -0.70710678118654757 -0.70710678118654757 
2 0 7.5 10.6 0 -0 1 0 1 0 -1 0 0 2
1 -2.4492127076447501e-16 5.5 15.775 0 0 1 
1 2.4492127076447501e-16 9.5 15.775 0 0 -1 
2 0 7.5 -10.4 0 -0 1 0 1 0 -1 0 0 2
1 -2.4492127076447501e-16 5.5 -5.25 0 0 1 
2 0 7.5 -0.10000000000000001 0 0 -1 0 1 0 1 -0 0 2
1 2.4492127076447501e-16 9.5 -5.25 0 0 -1 
2 -12.5 2 12.5 -0 1 0 1 0 0 0 0 -1 6.5
1 -19 2.75 12.5 0 1 0 
2 -12.5 3.5 12.5 0 -1 0 1 0 0 -0 0 1 6.5
1 -6 2.75 12.5 0 -1 0 
2 -12.5 0 12.5 -0 1 0 1 0 0 0 0 -1 3.6499999999999999
1 -16.149999999999999 1 12.5 0 1 0 
2 -12.5 2 12.5 -0 1 0 1 0 0 0 0 -1 3.6499999999999999
1 -8.8499999999999996 1 12.5 0 -1 0 
2 -12.5 2.8399999999999999 12.5 0 1 0 1 0 -6.7032333562273597e-16 -6.7032333562273597e-16 0 -1 2.6499999999999999
1 -15.15 2.665 12.5 0 -1 0 
2 -12.5 2.4900000000000002 12.5 0 1 0 1 0 -6.7032333562273597e-16 -6.7032333562273597e-16 0 -1 2.6499999999999999
1 -9.8499999999999996 2.665 12.5 0 1 0 
2 -12.5 5.29 12.5 0 1 0 1 0 -6.7032333562273597e-16 -6.7032333562273597e-16 0 -1 5.0999999999999996
1 -16.375 4.0650000000000004 12.5 0.70710678118654702 -0.70710678118654802 -3.2414812050245701e-16 
1 -8.625 4.0650000000000004 12.5 0.70710678118654702 0.70710678118654802 -3.2414812050245701e-16 
1 -7.0750000000000002 5.2149999999999999 12.5 -0.70710678118654757 0.70710678118654757 4.6306874357493774e-16 
2 -12.5 5.1399999999999997 12.5 0 1 0 1 0 -6.7032333562273597e-16 -6.7032333562273597e-16 0 -1 5.5
1 -17.925000000000001 5.2149999999999999 12.5 -0.70710678118654757 -0.70710678118654757 4.6306874357493774e-16 
2 -12.5 5.29 12.5 0 1 0 1 0 -6.7032333562273597e-16 -6.7032333562273597e-16 0 -1 5.3499999999999996
1 -7 3.6899999999999999 12.5 0 1 0 
2 -12.5 2.2400000000000002 12.5 0 1 0 1 0 -6.7032333562273597e-16 -6.7032333562273597e-16 0 -1 5.5
1 -18 3.6899999999999999 12.5 0 -1 0 
1 -7.125 2.1150000000000002 12.5 0.70710678118654702 0.70710678118654802 -4.6737635979424001e-16 
2 -12.5 2 12.5 1.55820775385987e-16 -1 0 1 1.55820775385987e-16 -6.7032333562273597e-16 6.7032333562273597e-16 1.0445030191605592e-31 1 5.2599999999999998
1 -17.875 2.1150000000000002 12.5 0.70710678118654702 -0.70710678118654802 -4.6737635979424001e-16 
2 -12.5 2.4900000000000002 12.5 0 1 0 1 0 -6.7032333562273597e-16 -6.7032333562273597e-16 0 -1 4.75
1 -17.5 2.2400000000000002 12.5 -0.70710678118654702 -0.70710678118654802 5.0242958677880801e-16 
2 -12.5 2 12.5 -1.55820775385987e-16 1 0 1 1.55820775385987e-16 -6.7032333562273597e-16 -6.7032333562273597e-16 -1.0445030191605592e-31 -1 5.2400000000000002
1 -7.5 2.2400000000000002 12.5 -0.70710678118654702 0.70710678118654802 5.0242958677880801e-16 
2 -12.5 2 -12.5 -0 1 0 1 0 0 0 0 -1 6.5
1 -19 2.75 -12.5 0 1 0 
2 -12.5 3.5 -12.5 0 -1 0 1 0 0 -0 0 1 6.5
1 -6 2.75 -12.5 0 -1 0 
2 -12.5 0 -12.5 -0 1 0 1 0 0 0 0 -1 3.6499999999999999
1 -16.149999999999999 1 -12.5 0 1 0 
2 -12.5 2 -12.5 -0 1 0 1 0 0 0 0 -1 3.6499999999999999
1 -8.8499999999999996 1 -12.5 0 -1 0 
2 -12.5 2.8399999999999999 -12.5 0 1 0 1 0 -6.7032333562273597e-16 -6.7032333562273597e-16 0 -1 2.6499999999999999
1 -15.15 2.665 -12.5 0 -1 0 
2 -12.5 2.4900000000000002 -12.5 0 1 0 1 0 -6.7032333562273597e-16 -6.7032333562273597e-16 0 -1 2.6499999999999999
1 -9.8499999999999996 2.665 -12.5 0 1 0 
2 -12.5 5.29 -12.5 0 1 0 1 0 -6.7032333562273597e-16 -6.7032333562273597e-16 0 -1 5.0999999999999996
1 -16.375 4.0650000000000004 -12.5 0.70710678118654702 -0.70710678118654802 -3.2414812050245701e-16 
1 -8.625 4.0650000000000004 -12.5 0.70710678118654702 0.70710678118654802 -3.2414812050245701e-16 
1 -7.0750000000000002 5.2149999999999999 -12.5 -0.70710678118654757 0.70710678118654757 4.6306874357493774e-16 
2 -12.5 5.1399999999999997 -12.5 0 1 0 1 0 -6.7032333562273597e-16 -6.7032333562273597e-16 0 -1 5.5
1 -17.925000000000001 5.2149999999999999 -12.5 -0.70710678118654757 -0.70710678118654757 4.6306874357493774e-16 
2 -12.5 5.29 -12.5 0 1 0 1 0 -6.7032333562273597e-16 -6.7032333562273597e-16 0 -1 5.3499999999999996
1 -7 3.6899999999999999 -12.5 0 1 0 
2 -12.5 2.2400000000000002 -12.5 0 1 0 1 0 -6.7032333562273597e-16 -6.7032333562273597e-16 0 -1 5.5
1 -18 3.6899999999999999 -12.5 0 -1 0 
1 -7.125 2.1150000000000002 -12.5 0.70710678118654702 0.70710678118654802 -4.6737635979424001e-16 
2 -12.5 2 -12.5 1.55820775385987e-16 -1 0 1 1.55820775385987e-16 -6.7032333562273597e-16 6.7032333562273597e-16 1.0445030191605592e-31 1 5.2599999999999998
1 -17.875 2.1150000000000002 -12.5 0.70710678118654702 -0.70710678118654802 -4.6737635979424001e-16 
2 -12.5 2.4900000000000002 -12.5 0 1 0 1 0 -6.7032333562273597e-16 -6.7032333562273597e-16 0 -1 4.75
1 -17.5 2.2400000000000002 -12.5 -0.70710678118654702 -0.70710678118654802 5.0242958677880801e-16 
2 -12.5 2 -12.5 -1.55820775385987e-16 1 0 1 1.55820775385987e-16 -6.7032333562273597e-16 -6.7032333562273597e-16 -1.0445030191605592e-31 -1 5.2400000000000002
1 -7.5 2.2400000000000002 -12.5 -0.70710678118654702 0.70710678118654802 5.0242958677880801e-16 
2 -12.5 2 -12.5 -1.55820775385987e-16 1 0 1 1.55820775385987e-16 -6.7032333562273597e-16 -6.7032333562273597e-16 -1.0445030191605592e-31 -1 5.2400000000000002
2 -12.5 2.4900000000000002 -12.5 0 1 0 1 0 -6.7032333562273597e-16 -6.7032333562273597e-16 0 -1 4.75
2 -12.5 2.2400000000000002 -12.5 0 1 0 1 0 -6.7032333562273597e-16 -6.7032333562273597e-16 0 -1 5.5
2 -12.5 2 -12.5 1.55820775385987e-16 -1 0 1 1.55820775385987e-16 -6.7032333562273597e-16 6.7032333562273597e-16 1.0445030191605592e-31 1 5.2599999999999998
2 -12.5 2.4900000000000002 -12.5 0 1 0 1 0 -6.7032333562273597e-16 -6.7032333562273597e-16 0 -1 2.6499999999999999
2 -12.5 5.1399999999999997 -12.5 0 1 0 1 0 -6.7032333562273597e-16 -6.7032333562273597e-16 0 -1 5.5
2 -12.5 5.29 -12.5 0 1 0 1 0 -6.7032333562273597e-16 -6.7032333562273597e-16 0 -1 5.3499999999999996
2 -12.5 5.29 -12.5 0 1 0 1 0 -6.7032333562273597e-16 -6.7032333562273597e-16 0 -1 5.0999999999999996
2 -12.5 2.8399999999999999 -12.5 0 1 0 1 0 -6.7032333562273597e-16 -6.7032333562273597e-16 0 -1 2.6499999999999999
2 -12.5 2 -12.5 -0 1 0 1 0 0 0 0 -1 6.5
2 -12.5 2 -12.5 -0 1 0 1 0 0 0 0 -1 3.6499999999999999
2 -12.5 0 -12.5 -0 1 0 1 0 0 0 0 -1 3.6499999999999999
2 -12.5 3.5 -12.5 0 -1 0 1 0 0 -0 0 1 6.5
2 -12.5 2 12.5 -1.55820775385987e-16 1 0 1 1.55820775385987e-16 -6.7032333562273597e-16 -6.7032333562273597e-16 -1.0445030191605592e-31 -1 5.2400000000000002
2 -12.5 2.4900000000000002 12.5 0 1 0 1 0 -6.7032333562273597e-16 -6.7032333562273597e-16 0 -1 4.75
2 -12.5 2.2400000000000002 12.5 0 1 0 1 0 -6.7032333562273597e-16 -6.7032333562273597e-16 0 -1 5.5
2 -12.5 2 12.5 1.55820775385987e-16 -1 0 1 1.55820775385987e-16 -6.7032333562273597e-16 6.7032333562273597e-16 1.0445030191605592e-31 1 5.2599999999999998
2 -12.5 2.4900000000000002 12.5 0 1 0 1 0 -6.7032333562273597e-16 -6.7032333562273597e-16 0 -1 2.6499999999999999
2 -12.5 5.1399999999999997 12.5 0 1 0 1 0 -6.7032333562273597e-16 -6.7032333562273597e-16 0 -1 5.5
2 -12.5 5.29 12.5 0 1 0 1 0 -6.7032333562273597e-16 -6.7032333562273597e-16 0 -1 5.3499999999999996
2 -12.5 5.29 12.5 0 1 0 1 0 -6.7032333562273597e-16 -6.7032333562273597e-16 0 -1 5.0999999999999996
2 -12.5 2.8399999999999999 12.5 0 1 0 1 0 -6.7032333562273597e-16 -6.7032333562273597e-16 0 -1 2.6499999999999999
2 -12.5 2 12.5 -0 1 0 1 0 0 0 0 -1 6.5
2 -12.5 2 12.5 -0 1 0 1 0 0 0 0 -1 3.6499999999999999
2 -12.5 0 12.5 -0 1 0 1 0 0 0 0 -1 3.6499999999999999
2 -12.5 3.5 12.5 0 -1 0 1 0 0 -0 0 1 6.5
1 -19.300000000000001 0 -19.699999999999999 0 1 0 
1 -19.300000000000001 0 20.350000000000001 0 0 -1 
1 -19.300000000000001 0 19.699999999999999 0 1 0 
1 -19.300000000000001 1 19.699999999999999 0 0 -1 
1 -19.300000000000001 1 -19.699999999999999 -1 0 0 
1 -19.300000000000001 1 19.699999999999999 -1 0 0 
1 -20.100000000000001 1 19.699999999999999 0 0 -1 
1 -20.100000000000001 1 -19.699999999999999 0 1 0 
1 -20.100000000000001 1 19.699999999999999 0 1 0 
1 -20.100000000000001 2.9900000000000002 19.699999999999999 0 0 -1 
1 -20.100000000000001 2.9900000000000002 -19.699999999999999 0.69935642736289183 0.71477310211437883 0 
1 -20.100000000000001 2.9900000000000002 19.699999999999999 0.69935642736289183 0.71477310211437883 0 
1 -19.600999999999999 3.5 9.8499999999999996 0 0 1 
1 -21 3.5 19.699999999999999 1 0 0 
2 -6.9999999999999902 3.5 18 0 1 0 -1.04491578788251e-15 0 1 1 -0 1.04491578788251e-15 1.69999999999999
1 -5.2999999999999998 3.5 18 0 0 -1 
2 -6.9999999999999902 3.5 -18 -0 1 0 1 0 6.2694947272950504e-15 6.2694947272950504e-15 0 -1 1.69999999999999
1 -7 3.5 -19.699999999999999 -1 0 0 
1 -20.918009382032501 4.6972393574390603 19.699999999999999 -0.017452406437283602 -0.99984769515639127 0 
1 -21 0 21 0 0 -1 
1 -20.901357094160801 5.6512482906772004 21 -0.017452406437283602 -0.99984769515639127 0 
1 -20.901357094160801 5.6512482906772004 21 0 0 -1 
2 -0.065220413479888606 -111.701286845873 19.699999999999999 0 0 1 -0.033794322027694015 0.99942880876963347 0 -0.99942880876963347 -0.033794322027694015 0 119.99999999999901
1 -7 3.5 19.699999999999999 0 1 0 
1 -21 0 19.699999999999999 1 0 0 
2 -19.9015093990044 5.6337958842399303 19.699999999999999 0 0 1 -0.16669150408000197 0.98600909857239483 0 -0.98600909857239483 -0.16669150408000197 0 0.99999999999995604
1 -20.920141487465699 4.5750911189803096 -19.699999999999999 0.017452406437283602 0.99984769515639127 0 
1 -21 0 -19.699999999999999 -1 0 0 
1 -7 3.5 -19.699999999999999 0 1 0 
2 -0.065220413479888606 -111.701286845873 -19.699999999999999 0 0 -1 -0.033794322027694015 0.99942880876963347 0 0.99942880876963347 0.033794322027694015 0 119.99999999999901
2 -19.9015093990044 5.6337958842399303 -19.699999999999999 0 0 -1 -0.16669150408000197 0.98600909857239483 0 0.98600909857239483 0.16669150408000197 0 0.99999999999995604
1 -5.2999999999999998 3.5 -18 0 1 0 
7 0 0  3 18 9  -7 8.0981657074925408 -19.699999999999999  -6.8932952163227696 8.1043424815917309 -19.699999999999999  -6.7829304464123004 8.1105842752882609 -19.689791838156701  -6.5633583025594797 8.1226936155305705 -19.646772502640498  -6.4541491796306802 8.1285616493951895 -19.613970393523601  -6.2446640186745102 8.1395470877574692 -19.527193866284399  -6.1442213827050702 8.1446742709690092 -19.473150287134899  -5.9584550598059103 8.1539526483051006 -19.348225851949898  -5.8731367175621996 8.1581050428308206 -19.277337137548301  -5.7222222957958397 8.1653224646920997 -19.126347898625301  -5.6514510388987702 8.1686340117030802 -19.041114376409599  -5.5266994391939299 8.1743826865788396 -18.855505057138402  -5.4727114381149597 8.17682176481431 -18.755134467881899  -5.3860051780351803 8.1807015124513303 -18.5457647220436  -5.353217767426 8.1821463185185408 -18.436598536771001  -5.3102105856835804 8.1840356143429496 -18.2170754226055  -5.2999999999999998 8.1844799602005605 -18.106716693035398  -5.2999999999999998 8.1844799602005605 -18 
 -2.5632012400544602 4 -2.2425510091471699 2 -1.92190077823989 2 -1.60125054733261 2 -1.2806003164253199 2 -0.96045023731899404 2 -0.64030015821266195 2 -0.32015007910632998 2 0 4
1 -5.2999999999999998 8.1844799602005605 0 0 0 1 
1 -5.2999999999999998 3.5 18 0 1 0 
7 0 0  3 18 9  -5.2999999999999998 8.1844799602005605 18  -5.2999999999999998 8.1844799602005605 18.106716693035398  -5.3102105856835804 8.1840356143429496 18.2170754226055  -5.353217767426 8.1821463185185408 18.436598536771001  -5.3860051780351803 8.1807015124513303 18.5457647220436  -5.4727114381149597 8.17682176481431 18.755134467881899  -5.5266994391939299 8.1743826865788396 18.855505057138402  -5.65145103889878 8.1686340117030802 19.041114376409499  -5.7222222957958504 8.1653224646920997 19.126347898625301  -5.8731367175622102 8.1581050428308206 19.277337137548301  -5.9584550598059201 8.1539526483051006 19.348225851949898  -6.14422138270508 8.1446742709690092 19.473150287134899  -6.2446640186745199 8.1395470877574692 19.527193866284399  -6.4541491796306802 8.1285616493951895 19.613970393523601  -6.5633583025594904 8.1226936155305705 19.646772502640498  -6.7829304464123101 8.1105842752882609 19.689791838156701  -6.8932952163227599 8.1043424815917309 19.699999999999999  -7 8.0981657074925408 19.699999999999999 
 0 4 0.32015007910633397 2 0.64030015821266695 2 0.96045023731900103 2 1.2806003164253299 2 1.60125054733262 2 1.9219007782399 2 2.2425510091471899 2 2.5632012400544699 4
1 -20.901357094160801 5.6512482906772004 21 0 0 -1 
1 -20.901357094160801 5.6512482906772004 -21 -0.017452406437283602 -0.99984769515639127 0 
1 -21 0 21 0 0 -1 
1 -20.068200903084399 6.61980498281235 21 0 0 -1 
2 -19.9015093990044 5.6337958842399303 -21 0 0 1 -0.16669150408000197 0.98600909857239483 0 -0.98600909857239483 -0.16669150408000197 0 0.99999999999995604
2 -19.9015093990044 5.6337958842399303 21 0 0 1 -0.16669150408000197 0.98600909857239483 0 -0.98600909857239483 -0.16669150408000197 0 0.99999999999995604
1 -20.068200903084399 6.61980498281235 21 0 0 -1 
2 0 7.5 -0.10000000000000001 0 0 -1 0 1 0 1 -0 0 2
2 0 7.5 -10.4 0 -0 1 0 1 0 -1 0 0 2
2 0 7.5 20.949999999999999 0 -0 1 0 1 0 -1 0 0 2
2 0 7.5 10.6 0 -0 1 0 1 0 -1 0 0 2
2 0 7.5 21 0 0 -1 0 1 0 1 -0 0 2.0499999999999998
1 -12.5 0.29999999999999999 -10.4 1 0 0 
1 -3.7999999999999998 7.2290000000000001 -10.4 0 1 0 
2 -4.7999999999999998 7.2290000000000001 -10.4 0 -0 1 3.5527136788004899e-15 1 0 -1 3.5527136788004899e-15 0 1
2 -0.065220413479888606 -111.701286845873 -10.4 0 0 1 -0.033794322027694015 0.99942880876963347 0 -0.99942880876963347 -0.033794322027694015 0 119.99999999999901
2 -4.1543335526624698 9.2295990093739508 -10.4 0 0 -1 0.92318523392478125 -0.38435533541665212 0 -0.38435533541665212 -0.92318523392478125 -0 1.0000000000004601
2 -2.48689957516035e-14 7.4999999999999796 -10.4 0 -0 1 1 8.1204884086868004e-15 0 -8.1204884086868004e-15 1 0 3.50000000000002
1 0.87658792458270096 -2.2907071546470799 -10.4 0.25881904510251991 0.96592582628906853 0 
2 0.80343882651695298 1.30000000000001 -10.4 0 0 1 3.55271367880048e-15 -1 0 1 3.55271367880048e-15 -0 1.00000000000001
1 -3.7999999999999998 0.29999999999999999 0 0 0 1 
1 -3.7999999999999998 0 -21 0 -1 0 
1 -3.7999999999999998 7.2290000000000001 -21 0 0 1 
1 -4.6180792780221998 8.2123132008241697 -21 0 0 -1 
2 -4.7999999999999998 7.2290000000000001 -21 0 0 -1 3.5527136788004899e-15 1 0 1 -3.5527136788004899e-15 0 1
1 3.5 7.5000000000000098 21 0 0 -1 
1 0.87658792458270096 -2.2907071546470799 -0.100000000000001 -0.25881904510251991 -0.96592582628906853 0 
1 1.7693646528060301 1.04118095489748 21 0 0 -1 
1 -3.2311483187372598 8.8452436739571194 21 0 0 -1 
2 -2.48689957516035e-14 7.4999999999999796 -0.100000000000001 0 0 -1 1 8.1204884086868004e-15 0 8.1204884086868004e-15 -1 0 3.50000000000002
2 -4.1543335526624698 9.2295990093739508 -0.100000000000001 0 0 1 0.92318523392478125 -0.38435533541665212 0 0.38435533541665212 0.92318523392478125 -0 1.0000000000004601
1 -4.1205390568031097 8.2301702064817501 21 0 0 -1 
2 -0.065220413479888606 -111.701286845873 21 0 0 1 -0.033794322027694015 0.99942880876963347 0 -0.99942880876963347 -0.033794322027694015 0 119.99999999999901
1 -4.1205390568031097 8.2301702064817501 21 0 0 -1 
2 -0.065220413479888606 -111.701286845873 10.6 0 0 1 -0.033794322027694015 0.99942880876963347 0 -0.99942880876963347 -0.033794322027694015 0 119.99999999999901
1 -4.6180792780221998 8.2123132008241697 -0.10000000000000001 0 0 -1 
2 -0.065220413479888606 -111.701286845873 -0.100000000000001 0 0 -1 -0.033794322027694015 0.99942880876963347 0 0.99942880876963347 0.033794322027694015 0 119.99999999999901
2 -0.065220413479888606 -111.701286845873 -21 0 0 1 -0.033794322027694015 0.99942880876963347 0 -0.99942880876963347 -0.033794322027694015 0 119.99999999999901
1 -3.7999999999999998 0.29999999999999999 10.449999999999999 0 0 1 
1 -3.7999999999999998 7.2290000000000001 -0.10000000000000001 0 -1 0 
1 -3.7999999999999998 7.2290000000000001 -0.10000000000000001 0 0 1 
1 -3.7999999999999998 7.2290000000000001 10.6 0 1 0 
1 -12.5 0.29999999999999999 10.6 1 0 0 
2 -4.7999999999999998 7.2290000000000001 10.6 0 -0 1 3.5527136788004899e-15 1 0 -1 3.5527136788004899e-15 0 1
2 -4.1543335526624698 9.2295990093739508 10.6 0 0 -1 0.92318523392478125 -0.38435533541665212 0 -0.38435533541665212 -0.92318523392478125 -0 1.0000000000004601
2 -2.48689957516035e-14 7.4999999999999796 10.6 0 -0 1 1 8.1204884086868004e-15 0 -8.1204884086868004e-15 1 0 3.50000000000002
1 0.87658792458270096 -2.2907071546470799 10.6 0.25881904510251991 0.96592582628906853 0 
2 0.80343882651695298 1.30000000000001 10.6 0 0 1 3.55271367880048e-15 -1 0 1 3.55271367880048e-15 -0 1.00000000000001
2 -4.7999999999999998 7.2290000000000001 -0.10000000000000001 0 0 -1 3.5527136788004899e-15 1 0 1 -3.5527136788004899e-15 0 1
1 -12.5 0.29999999999999999 -0.100000000000001 -1 0 0 
2 0.80343882651695298 1.30000000000001 -0.100000000000001 0 0 -1 3.55271367880048e-15 -1 0 -1 -3.55271367880048e-15 -0 1.00000000000001
1 0.80343882651695597 0.29999999999999999 21 0 0 -1 
1 0.80343882651695597 0.29999999999999999 21 0 0 -1 
1 -4 0.29999999999999999 21 1 0 0 
1 -4 0.29999999999999999 21 0 0 -1 
1 -4 0.29999999999999999 -21 1 0 0 
1 1.7693646528060301 1.04118095489748 21 0 0 -1 
2 0.80343882651695298 1.30000000000001 21 0 0 1 3.55271367880048e-15 -1 0 1 3.55271367880048e-15 -0 1.00000000000001
1 3.5 7.5000000000000098 21 0 0 -1 
1 1.7693646528060301 1.04118095489748 21 0.25881904510251991 0.96592582628906853 0 
1 -3.2311483187372598 8.8452436739571194 21 0 0 -1 
2 -2.48689957516035e-14 7.4999999999999796 21 0 -0 1 1 8.1204884086868004e-15 0 -8.1204884086868004e-15 1 0 3.50000000000002
2 -4.1543335526624698 9.2295990093739508 21 0 0 -1 0.92318523392478125 -0.38435533541665212 0 -0.38435533541665212 -0.92318523392478125 -0 1.0000000000004601
1 -4 0 -21 0 1 0 
1 -4 0 21 0 1 0 
1 -4 0 21 0 0 -1 
1 -21 0 -21 1 0 0 
1 -21 0 21 1 0 0 
Polygon3D 0
PolygonOnTriangulations 0
Surfaces 196
3 0 7.5 -20.975000000000001 0 -0 -1 0 1 0 1 -0 0 2.0249999999999999
0.78539816339744795
2 0 7.5 4.4711684441672799e-15 -0 0 1 0 1 0 -1 0 -0 2
3 0 7.5 -20.975000000000001 0 -0 -1 0 1 0 1 -0 0 2.0249999999999999
0.78539816339744795
1 21 -2.66453525910038e-15 -21 0 0 -1 0 -1 0 -1 -0 -0 
1 21 -2.66453525910038e-15 -10.6 0 0 -1 0 -1 0 -1 -0 -0 
2 0 7.5 4.4711684441672799e-15 -0 0 1 0 1 0 -1 0 -0 2
2 0 7.5 4.4711684441672799e-15 -0 0 1 0 1 0 -1 0 -0 2
1 21 -2.66453525910038e-15 10.4 0 0 -1 0 -1 0 -1 -0 -0 
2 0 7.5 4.4711684441672799e-15 -0 0 1 0 1 0 -1 0 -0 2
1 21 -2.66453525910038e-15 0.100000000000001 0 0 -1 0 -1 0 -1 -0 -0 
2 12.5 2.75 -12.5 0 -1 0 -1 0 0 -0 -0 -1 6.5
1 7.4249999999999998 2 -12.5 -1.55820775385987e-16 -1 0 -1 1.55820775385987e-16 0 -0 0 -1 
2 12.5 2.75 -12.5 0 -1 0 -1 0 0 -0 -0 -1 6.5
1 21 3.5 9.1845476536678294e-16 -0 1 0 1 0 0 0 0 -1 
2 12.5 0.999999999999997 -12.5 0 -1 0 -1 0 0 -0 -0 -1 3.6499999999999999
1 21 -2.66453525910038e-15 -21 0 -1 0 0 0 -1 1 0 0 
2 12.5 0.999999999999997 -12.5 0 -1 0 -1 0 0 -0 -0 -1 3.6499999999999999
1 7.4249999999999998 2 -12.5 -1.55820775385987e-16 -1 0 -1 1.55820775385987e-16 0 -0 0 -1 
2 12.5 2.665 -12.5 0 -1 0 -1 0 6.7032333562273597e-16 -6.7032333562273597e-16 -0 -1 2.6499999999999999
3 12.5 4.0650000000000004 -12.5 -0 1 -0 -1 0 6.7032333562273597e-16 6.7032333562273597e-16 0 1 3.875
0.78539816339744795
2 12.5 2.665 -12.5 0 -1 0 -1 0 6.7032333562273597e-16 -6.7032333562273597e-16 -0 -1 2.6499999999999999
1 8.8000000000000007 2.4900000000000002 -12.5 0 -1 0 0 0 -1 1 0 0 
1 7.2750000000000004 5.29 -12.5 -0 1 0 1 0 0 0 0 -1 
3 12.5 4.0650000000000004 -12.5 -0 1 -0 -1 0 6.7032333562273597e-16 6.7032333562273597e-16 0 1 3.875
0.78539816339744795
3 12.5 5.2149999999999999 -12.5 -0 -1 -0 -1 0 6.7032333562273597e-16 -6.7032333562273597e-16 0 -1 5.4249999999999998
0.78539816339744795
3 12.5 5.2149999999999999 -12.5 -0 -1 -0 -1 0 6.7032333562273597e-16 -6.7032333562273597e-16 0 -1 5.4249999999999998
0.78539816339744795
2 12.5 3.6899999999999999 -12.5 0 -1 0 -1 0 6.7032333562273597e-16 -6.7032333562273597e-16 -0 -1 5.5
2 12.5 3.6899999999999999 -12.5 0 -1 0 -1 0 6.7032333562273597e-16 -6.7032333562273597e-16 -0 -1 5.5
3 12.5 2.1150000000000002 -12.5 -0 1 -0 -1 0 6.7032333562273597e-16 6.7032333562273597e-16 0 1 5.375
0.78539816339744795
3 12.5 2.1150000000000002 -12.5 -0 1 -0 -1 0 6.7032333562273597e-16 6.7032333562273597e-16 0 1 5.375
0.78539816339744795
3 12.5 2.2400000000000002 -12.5 -0 -1 -0 -1 0 6.7032333562273597e-16 -6.7032333562273597e-16 0 -1 5
0.78539816339744795
3 12.5 2.2400000000000002 -12.5 -0 -1 -0 -1 0 6.7032333562273597e-16 -6.7032333562273597e-16 0 -1 5
0.78539816339744795
2 12.5 2.75 12.5 0 -1 0 -1 0 0 -0 -0 -1 6.5
1 7.4249999999999998 2 12.5 -1.55820775385987e-16 -1 0 -1 1.55820775385987e-16 0 -0 0 -1 
2 12.5 2.75 12.5 0 -1 0 -1 0 0 -0 -0 -1 6.5
2 12.5 0.999999999999997 12.5 0 -1 0 -1 0 0 -0 -0 -1 3.6499999999999999
2 12.5 0.999999999999997 12.5 0 -1 0 -1 0 0 -0 -0 -1 3.6499999999999999
1 7.4249999999999998 2 12.5 -1.55820775385987e-16 -1 0 -1 1.55820775385987e-16 0 -0 0 -1 
2 12.5 2.665 12.5 0 -1 0 -1 0 6.7032333562273597e-16 -6.7032333562273597e-16 -0 -1 2.6499999999999999
3 12.5 4.0650000000000004 12.5 -0 1 -0 -1 0 6.7032333562273597e-16 6.7032333562273597e-16 0 1 3.875
0.78539816339744795
2 12.5 2.665 12.5 0 -1 0 -1 0 6.7032333562273597e-16 -6.7032333562273597e-16 -0 -1 2.6499999999999999
1 8.8000000000000007 2.4900000000000002 12.5 0 -1 0 0 0 -1 1 0 0 
1 7.2750000000000004 5.29 12.5 -0 1 0 1 0 0 0 0 -1 
3 12.5 4.0650000000000004 12.5 -0 1 -0 -1 0 6.7032333562273597e-16 6.7032333562273597e-16 0 1 3.875
0.78539816339744795
3 12.5 5.2149999999999999 12.5 -0 -1 -0 -1 0 6.7032333562273597e-16 -6.7032333562273597e-16 0 -1 5.4249999999999998
0.78539816339744795
3 12.5 5.2149999999999999 12.5 -0 -1 -0 -1 0 6.7032333562273597e-16 -6.7032333562273597e-16 0 -1 5.4249999999999998
0.78539816339744795
2 12.5 3.6899999999999999 12.5 0 -1 0 -1 0 6.7032333562273597e-16 -6.7032333562273597e-16 -0 -1 5.5
2 12.5 3.6899999999999999 12.5 0 -1 0 -1 0 6.7032333562273597e-16 -6.7032333562273597e-16 -0 -1 5.5
3 12.5 2.1150000000000002 12.5 -0 1 -0 -1 0 6.7032333562273597e-16 6.7032333562273597e-16 0 1 5.375
0.78539816339744795
3 12.5 2.1150000000000002 12.5 -0 1 -0 -1 0 6.7032333562273597e-16 6.7032333562273597e-16 0 1 5.375
0.78539816339744795
3 12.5 2.2400000000000002 12.5 -0 -1 -0 -1 0 6.7032333562273597e-16 -6.7032333562273597e-16 0 -1 5
0.78539816339744795
3 12.5 2.2400000000000002 12.5 -0 -1 -0 -1 0 6.7032333562273597e-16 -6.7032333562273597e-16 0 -1 5
0.78539816339744795
1 19.300000000000001 -2.66453525910038e-15 -19.699999999999999 -1 0 0 0 0 1 0 1 -0 
1 21 3.5 19.699999999999999 0 0 1 1 0 -0 -0 1 0 
1 7 3.5 -19.699999999999999 0 0 -1 0 -1 0 -1 -0 -0 
1 19.300000000000001 0.999999999999997 -19.699999999999999 -0 1 0 1 0 0 0 0 -1 
1 20.100000000000001 0.999999999999997 -19.699999999999999 -1 0 0 0 0 1 0 1 -0 
1 20.100000000000001 2.9900000000000002 -19.699999999999999 -0.71477310211437883 -0.69935642736289183 0 -0.69935642736289183 0.71477310211437883 0 -0 0 -1 
2 6.9999999999999902 3.5 -18 0 -1 0 1.04491578788251e-15 0 -1 1 0 1.04491578788251e-15 1.69999999999999
1 5.2999999999999998 3.5 18 -1 0 0 0 0 1 0 1 -0 
2 6.9999999999999902 3.5 18 -0 -1 0 -1 0 -6.2694947272950504e-15 6.2694947272950504e-15 -0 -1 1.69999999999999
1 20.901357094160801 5.6512482906772004 -21 0.99984769515639127 0.017452406437283602 0 0 0 -1 -0.017452406437283602 0.99984769515639127 0 
2 19.9015093990044 5.6337958842399303 -21 0 0 -1 0.16669150408000197 0.98600909857239483 0 0.98600909857239483 -0.16669150408000197 0 0.99999999999995604
2 0.065220413479888606 -111.701286845873 -21 0 0 -1 0.033794322027694015 0.99942880876963347 0 0.99942880876963347 -0.033794322027694015 0 119.99999999999901
1 20.901357094160801 5.6512482906772004 -21 0.99984769515639127 0.017452406437283602 0 0 0 -1 -0.017452406437283602 0.99984769515639127 0 
2 19.9015093990044 5.6337958842399303 -21 0 0 -1 0.16669150408000197 0.98600909857239483 0 0.98600909857239483 -0.16669150408000197 0 0.99999999999995604
1 21 -2.66453525910038e-15 21 0 0 -1 0 -1 0 -1 -0 -0 
1 4 0.29999999999999699 -21 0 -1 0 0 0 -1 1 0 0 
1 3.7999999999999998 -2.66453525910038e-15 21 1 0 0 -0 1 0 0 -0 1 
2 4.7999999999999998 7.2289999999999903 21 0 0 1 -3.5527136788004899e-15 1 0 -1 -3.5527136788004899e-15 0 1
2 4.1543335526624698 9.2295990093739402 -21 0 -0 -1 -0.92318523392478125 -0.38435533541665212 0 -0.38435533541665212 0.92318523392478125 -0 1.0000000000004601
2 2.48689957516035e-14 7.4999999999999796 -21 0 0 -1 -1 8.1204884086868004e-15 0 8.1204884086868004e-15 1 0 3.50000000000002
1 -1.7693646528060301 1.04118095489748 -21 -0.96592582628906853 -0.25881904510251991 0 -0.25881904510251991 0.96592582628906853 0 -0 0 -1 
2 -0.80343882651695298 1.3 -21 0 -0 -1 -3.55271367880048e-15 -1 0 -1 3.55271367880048e-15 -0 1.00000000000001
2 4.1543335526624698 9.2295990093739402 -21 0 -0 -1 -0.92318523392478125 -0.38435533541665212 0 -0.38435533541665212 0.92318523392478125 -0 1.0000000000004601
2 4.7999999999999998 7.2289999999999903 0.100000000000001 0 0 1 -3.5527136788004899e-15 1 0 -1 -3.5527136788004899e-15 0 1
1 3.7999999999999998 -2.66453525910038e-15 0.100000000000001 1 0 0 -0 1 0 0 -0 1 
2 2.48689957516035e-14 7.4999999999999796 -21 0 0 -1 -1 8.1204884086868004e-15 0 8.1204884086868004e-15 1 0 3.50000000000002
1 -1.7693646528060301 1.04118095489748 -21 -0.96592582628906853 -0.25881904510251991 0 -0.25881904510251991 0.96592582628906853 0 -0 0 -1 
2 -0.80343882651695298 1.3 -21 0 -0 -1 -3.55271367880048e-15 -1 0 -1 3.55271367880048e-15 -0 1.00000000000001
1 4 -2.66453525910038e-15 -21 -1 0 0 0 0 1 0 1 -0 
2 6.9999999999999902 -2.66453525910038e-15 -18 0 -1 0 1.04491578788251e-15 0 -1 1 0 1.04491578788251e-15 1.69999999999999
1 6.2199999999999998 3.73 -19.699999999999999 0 -1 0 0 0 -1 1 0 0 
1 5.2999999999999998 3.73 -19.699999999999999 -1 0 0 0 0 1 0 1 -0 
2 0.0652204134791603 -111.701286845863 -19.699999999999999 0 0 -1 0.043623163221010994 0.9990480567172898 0 0.9990480567172898 -0.043623163221010994 0 119.999999999989
1 21 -2.66453525910038e-15 -19.699999999999999 0 0 -1 0 -1 0 -1 -0 -0 
2 -0.24326107172706599 -112.860816318179 -19.699999999999999 0 0 -1 0.170360508931063 0.98538180265151498 0 0.98538180265151498 -0.170360508931063 0 119.999999999997
1 6.2200000000000104 6.96500000000015 -19.699999999999999 1 0 0 -0 1 0 0 -0 1 
2 6.9999999999999902 -2.66453525910038e-15 18 -0 -1 0 -1 0 -6.2694947272950504e-15 6.2694947272950504e-15 -0 -1 1.69999999999999
1 21 -2.66453525910038e-15 19.699999999999999 0 0 -1 0 -1 0 -1 -0 -0 
2 19.9015093990044 5.6337958842399303 -19.699999999999999 0 0 -1 0.16669150408000197 0.98600909857239483 0 0.98600909857239483 -0.16669150408000197 0 0.99999999999995604
1 20.901357094160801 5.6512482906772004 -19.699999999999999 0.99984769515639127 0.017452406437283602 0 0 0 -1 -0.017452406437283602 0.99984769515639127 0 
1 21 -2.66453525910038e-15 -19.699999999999999 -1.1102230246251601e-15 -1 0 -1 1.1102230246251601e-15 0 -0 0 -1 
1 20.199999999999999 -1.7763568394002501e-15 -19.699999999999999 -1 0 0 0 0 1 0 1 -0 
2 -6.9999999999999902 0 18 0 -1 0 -1.04491578788251e-15 0 1 -1 -0 -1.04491578788251e-15 1.69999999999999
1 -6.2199999999999998 3.73 19.699999999999999 0 -1 0 0 0 -1 1 0 0 
1 -5.2999999999999998 3.73 19.699999999999999 1 0 0 -0 1 0 0 -0 1 
2 -0.0652204134791603 -111.701286845863 19.699999999999999 0 0 1 -0.043623163221010994 0.9990480567172898 0 -0.9990480567172898 -0.043623163221010994 0 119.999999999989
1 -21 0 19.699999999999999 0 0 1 1 0 -0 -0 1 0 
2 0.24326107172706599 -112.860816318179 19.699999999999999 0 0 1 -0.170360508931063 0.98538180265151498 0 -0.98538180265151498 -0.170360508931063 0 119.999999999997
1 -6.2200000000000104 6.96500000000015 19.699999999999999 -1 0 0 0 0 1 0 1 -0 
2 -6.9999999999999902 0 -18 0 -1 0 1 0 6.2694947272950504e-15 -6.2694947272950504e-15 0 1 1.69999999999999
1 -21 0 -19.699999999999999 0 0 1 1 0 -0 -0 1 0 
2 -19.9015093990044 5.6337958842399303 19.699999999999999 0 0 1 -0.16669150408000197 0.98600909857239483 0 -0.98600909857239483 -0.16669150408000197 0 0.99999999999995604
1 -20.901357094160801 5.6512482906772004 19.699999999999999 -0.99984769515639127 0.017452406437283602 0 0 0 1 0.017452406437283602 0.99984769515639127 -0 
1 -21 0 19.699999999999999 1.1102230246251601e-15 -1 0 0 0 -1 1 1.1102230246251601e-15 0 
1 -20.199999999999999 8.8817841970012504e-16 19.699999999999999 1 0 0 -0 1 0 0 -0 1 
3 0 7.5 20.850000000000001 -0 -0 -1 0 -1 0 -1 0 0 1.8600000000000001
0.78539816339744795
3 0 7.5 20.850000000000001 -0 -0 -1 0 -1 0 -1 0 0 1.8600000000000001
0.78539816339744795
2 0 7.5 0.44999999999999901 0 0 -1 0 -1 0 -1 -0 -0 2.0099999999999998
1 0 6.6449999999999996 21 0 0 1 1 0 -0 -0 1 0 
2 0 7.5 0.44999999999999901 0 0 -1 0 -1 0 -1 -0 -0 2.0099999999999998
3 0 7.5 -20.399999999999999 -0 -0 1 0 -1 0 1 0 0 1.8492304845413301
0.26179938779915002
3 0 7.5 -20.399999999999999 -0 -0 1 0 -1 0 1 0 0 1.8492304845413301
0.26179938779915002
1 0 6.6557695154586698 -21 0 0 -1 0 -1 0 -1 -0 -0 
3 0 7.5 20.975000000000001 -0 -0 1 0 1 0 -1 0 0 2.0249999999999999
0.78539816339744795
2 0 7.5 -3.5527136788005001e-15 0 0 -1 0 1 0 1 -0 0 2
3 0 7.5 20.975000000000001 -0 -0 1 0 1 0 -1 0 0 2.0249999999999999
0.78539816339744795
1 -21 0 21 0 0 1 1 0 -0 -0 1 0 
1 -21 0 10.6 0 0 1 1 0 -0 -0 1 0 
2 0 7.5 -3.5527136788005001e-15 0 0 -1 0 1 0 1 -0 0 2
2 0 7.5 -3.5527136788005001e-15 0 0 -1 0 1 0 1 -0 0 2
1 -21 0 -10.4 0 0 1 1 0 -0 -0 1 0 
2 0 7.5 -3.5527136788005001e-15 0 0 -1 0 1 0 1 -0 0 2
1 -21 0 -0.10000000000000001 0 0 1 1 0 -0 -0 1 0 
2 -12.5 2.75 12.5 0 -1 0 1 0 0 -0 0 1 6.5
1 -7.4249999999999998 2 12.5 1.55820775385987e-16 -1 0 0 0 -1 1 1.55820775385987e-16 0 
2 -12.5 2.75 12.5 0 -1 0 1 0 0 -0 0 1 6.5
1 -21 3.5 0 -0 1 0 1 0 0 0 0 -1 
2 -12.5 1 12.5 0 -1 0 1 0 0 -0 0 1 3.6499999999999999
1 -21 0 21 0 -1 0 0 0 -1 1 0 0 
2 -12.5 1 12.5 0 -1 0 1 0 0 -0 0 1 3.6499999999999999
1 -7.4249999999999998 2 12.5 1.55820775385987e-16 -1 0 0 0 -1 1 1.55820775385987e-16 0 
2 -12.5 2.665 12.5 0 -1 0 1 0 -6.7032333562273597e-16 6.7032333562273597e-16 0 1 2.6499999999999999
3 -12.5 4.0650000000000004 12.5 -0 1 -0 1 0 -6.7032333562273597e-16 -6.7032333562273597e-16 -0 -1 3.875
0.78539816339744795
2 -12.5 2.665 12.5 0 -1 0 1 0 -6.7032333562273597e-16 6.7032333562273597e-16 0 1 2.6499999999999999
1 -8.8000000000000007 2.4900000000000002 12.5 0 -1 0 0 0 -1 1 0 0 
1 -7.2750000000000004 5.29 12.5 -0 1 0 1 0 0 0 0 -1 
3 -12.5 4.0650000000000004 12.5 -0 1 -0 1 0 -6.7032333562273597e-16 -6.7032333562273597e-16 -0 -1 3.875
0.78539816339744795
3 -12.5 5.2149999999999999 12.5 -0 -1 -0 1 0 -6.7032333562273597e-16 6.7032333562273597e-16 -0 1 5.4249999999999998
0.78539816339744795
3 -12.5 5.2149999999999999 12.5 -0 -1 -0 1 0 -6.7032333562273597e-16 6.7032333562273597e-16 -0 1 5.4249999999999998
0.78539816339744795
2 -12.5 3.6899999999999999 12.5 0 -1 0 1 0 -6.7032333562273597e-16 6.7032333562273597e-16 0 1 5.5
2 -12.5 3.6899999999999999 12.5 0 -1 0 1 0 -6.7032333562273597e-16 6.7032333562273597e-16 0 1 5.5
3 -12.5 2.1150000000000002 12.5 -0 1 -0 1 0 -6.7032333562273597e-16 -6.7032333562273597e-16 -0 -1 5.375
0.78539816339744795
3 -12.5 2.1150000000000002 12.5 -0 1 -0 1 0 -6.7032333562273597e-16 -6.7032333562273597e-16 -0 -1 5.375
0.78539816339744795
3 -12.5 2.2400000000000002 12.5 -0 -1 -0 1 0 -6.7032333562273597e-16 6.7032333562273597e-16 -0 1 5
0.78539816339744795
3 -12.5 2.2400000000000002 12.5 -0 -1 -0 1 0 -6.7032333562273597e-16 6.7032333562273597e-16 -0 1 5
0.78539816339744795
2 -12.5 2.75 -12.5 0 -1 0 1 0 0 -0 0 1 6.5
1 -7.4249999999999998 2 -12.5 1.55820775385987e-16 -1 0 0 0 -1 1 1.55820775385987e-16 0 
2 -12.5 2.75 -12.5 0 -1 0 1 0 0 -0 0 1 6.5
2 -12.5 1 -12.5 0 -1 0 1 0 0 -0 0 1 3.6499999999999999
2 -12.5 1 -12.5 0 -1 0 1 0 0 -0 0 1 3.6499999999999999
1 -7.4249999999999998 2 -12.5 1.55820775385987e-16 -1 0 0 0 -1 1 1.55820775385987e-16 0 
2 -12.5 2.665 -12.5 0 -1 0 1 0 -6.7032333562273597e-16 6.7032333562273597e-16 0 1 2.6499999999999999
3 -12.5 4.0650000000000004 -12.5 -0 1 -0 1 0 -6.7032333562273597e-16 -6.7032333562273597e-16 -0 -1 3.875
0.78539816339744795
2 -12.5 2.665 -12.5 0 -1 0 1 0 -6.7032333562273597e-16 6.7032333562273597e-16 0 1 2.6499999999999999
1 -8.8000000000000007 2.4900000000000002 -12.5 0 -1 0 0 0 -1 1 0 0 
1 -7.2750000000000004 5.29 -12.5 -0 1 0 1 0 0 0 0 -1 
3 -12.5 4.0650000000000004 -12.5 -0 1 -0 1 0 -6.7032333562273597e-16 -6.7032333562273597e-16 -0 -1 3.875
0.78539816339744795
3 -12.5 5.2149999999999999 -12.5 -0 -1 -0 1 0 -6.7032333562273597e-16 6.7032333562273597e-16 -0 1 5.4249999999999998
0.78539816339744795
3 -12.5 5.2149999999999999 -12.5 -0 -1 -0 1 0 -6.7032333562273597e-16 6.7032333562273597e-16 -0 1 5.4249999999999998
0.78539816339744795
2 -12.5 3.6899999999999999 -12.5 0 -1 0 1 0 -6.7032333562273597e-16 6.7032333562273597e-16 0 1 5.5
2 -12.5 3.6899999999999999 -12.5 0 -1 0 1 0 -6.7032333562273597e-16 6.7032333562273597e-16 0 1 5.5
3 -12.5 2.1150000000000002 -12.5 -0 1 -0 1 0 -6.7032333562273597e-16 -6.7032333562273597e-16 -0 -1 5.375
0.78539816339744795
3 -12.5 2.1150000000000002 -12.5 -0 1 -0 1 0 -6.7032333562273597e-16 -6.7032333562273597e-16 -0 -1 5.375
0.78539816339744795
3 -12.5 2.2400000000000002 -12.5 -0 -1 -0 1 0 -6.7032333562273597e-16 6.7032333562273597e-16 -0 1 5
0.78539816339744795
3 -12.5 2.2400000000000002 -12.5 -0 -1 -0 1 0 -6.7032333562273597e-16 6.7032333562273597e-16 -0 1 5
0.78539816339744795
1 -19.300000000000001 0 19.699999999999999 1 0 0 -0 1 0 0 -0 1 
1 -21 3.5 -19.699999999999999 0 0 -1 0 -1 0 -1 -0 -0 
1 -7 3.5 19.699999999999999 0 0 1 1 0 -0 -0 1 0 
1 -19.300000000000001 1 19.699999999999999 -0 1 0 1 0 0 0 0 -1 
1 -20.100000000000001 1 19.699999999999999 1 0 0 -0 1 0 0 -0 1 
1 -20.100000000000001 2.9900000000000002 19.699999999999999 0.71477310211437883 -0.69935642736289183 0 0 0 -1 0.69935642736289183 0.71477310211437883 0 
2 -6.9999999999999902 3.5 18 0 -1 0 -1.04491578788251e-15 0 1 -1 -0 -1.04491578788251e-15 1.69999999999999
1 -5.2999999999999998 3.5 -18 1 0 0 -0 1 0 0 -0 1 
2 -6.9999999999999902 3.5 -18 0 -1 0 1 0 6.2694947272950504e-15 -6.2694947272950504e-15 0 1 1.69999999999999
1 -20.901357094160801 5.6512482906772004 21 -0.99984769515639127 0.017452406437283602 0 0 0 1 0.017452406437283602 0.99984769515639127 -0 
2 -19.9015093990044 5.6337958842399303 21 0 0 1 -0.16669150408000197 0.98600909857239483 0 -0.98600909857239483 -0.16669150408000197 0 0.99999999999995604
2 -0.065220413479888606 -111.701286845873 21 0 0 1 -0.033794322027694015 0.99942880876963347 0 -0.99942880876963347 -0.033794322027694015 0 119.99999999999901
1 -20.901357094160801 5.6512482906772004 21 -0.99984769515639127 0.017452406437283602 0 0 0 1 0.017452406437283602 0.99984769515639127 -0 
2 -19.9015093990044 5.6337958842399303 21 0 0 1 -0.16669150408000197 0.98600909857239483 0 -0.98600909857239483 -0.16669150408000197 0 0.99999999999995604
1 -21 0 -21 0 0 1 1 0 -0 -0 1 0 
1 -4 0.29999999999999999 21 0 -1 0 0 0 -1 1 0 0 
1 -3.7999999999999998 0 -21 -1 0 0 0 0 1 0 1 -0 
2 -4.7999999999999998 7.2290000000000001 -21 0 0 -1 3.5527136788004899e-15 1 0 1 -3.5527136788004899e-15 0 1
2 -4.1543335526624698 9.2295990093739508 21 0 0 1 0.92318523392478125 -0.38435533541665212 0 0.38435533541665212 0.92318523392478125 -0 1.0000000000004601
2 -2.48689957516035e-14 7.4999999999999796 21 -0 0 1 1 8.1204884086868004e-15 0 -8.1204884086868004e-15 1 -0 3.50000000000002
1 1.7693646528060301 1.04118095489748 21 0.96592582628906853 -0.25881904510251991 0 0 0 -1 0.25881904510251991 0.96592582628906853 0 
2 0.80343882651695298 1.30000000000001 21 0 0 1 3.55271367880048e-15 -1 0 1 3.55271367880048e-15 -0 1.00000000000001
2 -4.1543335526624698 9.2295990093739508 21 0 0 1 0.92318523392478125 -0.38435533541665212 0 0.38435533541665212 0.92318523392478125 -0 1.0000000000004601
2 -4.7999999999999998 7.2290000000000001 -0.10000000000000001 0 0 -1 3.5527136788004899e-15 1 0 1 -3.5527136788004899e-15 0 1
1 -3.7999999999999998 0 -0.10000000000000001 -1 0 0 0 0 1 0 1 -0 
2 -2.48689957516035e-14 7.4999999999999796 21 -0 0 1 1 8.1204884086868004e-15 0 -8.1204884086868004e-15 1 -0 3.50000000000002
1 1.7693646528060301 1.04118095489748 21 0.96592582628906853 -0.25881904510251991 0 0 0 -1 0.25881904510251991 0.96592582628906853 0 
2 0.80343882651695298 1.30000000000001 21 0 0 1 3.55271367880048e-15 -1 0 1 3.55271367880048e-15 -0 1.00000000000001
1 -4 0 21 1 0 0 -0 1 0 0 -0 1 
Triangulations 0

TShapes 1221
Ve
1e-07
0 9.5 -20.95
0 0

0101101
*
Ve
1e-07
2.44921270764475e-16 5.5 -20.95
0 0

0101101
*
Ed
 1e-07 1 1 0
1  1 0 0 3.14159265358979
2  1 1 0 0 3.14159265358979
2  2 2 0 0 3.14159265358979
4 C0 1 0 2 0
0

0101000
+1221 0 -1220 0 *
Ve
1e-07
2.51044302533587e-16 5.45 -21
0 0

0101101
*
Ed
 1e-07 1 1 0
1  2 0 -0.0353553390593291 0.035355339059326
2  3 1 0 -0.0353553390593291 0.035355339059326
2  4 3 0 -0.0353553390593291 0.035355339059326
4 CN 1 0 3 0
0

0101000
+1220 0 -1218 0 *
Ve
1e-07
0 9.55 -21
0 0

0101101
*
Ed
 1e-07 1 1 0
1  3 0 3.14159265358979 6.28318530717959
2  5 1 0 3.14159265358979 6.28318530717959
4 C0 1 0 4 0
0

0101000
+1218 0 -1216 0 *
Ed
 1e-07 1 1 0
1  4 0 -0.0353553390593266 0.0353553390593291
2  6 1 0 -0.0353553390593266 0.0353553390593291
2  7 3 0 -0.0353553390593266 0.0353553390593291
4 CN 1 0 3 0
0

0101000
+1216 0 -1221 0 *
Wi

0101100
+1219 0 +1217 0 +1215 0 +1214 0 *
Fa
0  1e-07 1 0

0111000
+1213 0 *
Ve
1e-07
-2.44921270764475e-16 9.5 -10.6
0 0

0101101
*
Ve
1e-07
0 5.5 -10.6
0 0

0101101
*
Ed
 1e-07 1 1 0
1  5 0 0 3.14159265358979
2  8 2 0 0 3.14159265358979
4 C0 2 0 5 0
0

0101000
+1211 0 -1210 0 *
Ed
 1e-07 1 1 0
1  6 0 -5.175 5.175
2  9 2 0 -5.175 5.175
2  10 6 0 -5.175 5.175
4 CN 2 0 6 0
0

0101000
+1210 0 -1220 0 *
Ed
 1e-07 1 1 0
1  7 0 -5.175 5.175
2  11 2 0 -5.175 5.175
2  12 6 0 -5.175 5.175
4 CN 2 0 6 0
0

0101000
+1221 0 -1211 0 *
Wi

0101100
+1209 0 +1208 0 -1219 0 +1207 0 *
Fa
0  1e-07 2 0

0111000
+1206 0 *
Ve
1e-07
-2.44921270764475e-16 9.5 10.4
0 0

0101101
*
Ve
1e-07
0 5.5 10.4
0 0

0101101
*
Ed
 1e-07 1 1 0
1  8 0 0 3.14159265358979
2  13 7 0 0 3.14159265358979
4 C0 7 0 8 0
0

0101000
+1204 0 -1203 0 *
Ve
1e-07
0 5.5 0.100000000000001
0 0

0101101
*
Ed
 1e-07 1 1 0
1  9 0 -5.15 5.15
2  14 7 0 -5.15 5.15
2  15 9 0 -5.15 5.15
4 CN 7 0 9 0
0

0101000
+1203 0 -1201 0 *
Ve
1e-07
-2.44921270764475e-16 9.5 0.100000000000001
0 0

0101101
*
Ed
 1e-07 1 1 0
1  10 0 3.14159265358979 6.28318530717959
2  16 7 0 3.14159265358979 6.28318530717959
4 C0 7 0 10 0
0

0101000
+1201 0 -1199 0 *
Ed
 1e-07 1 1 0
1  11 0 -5.15 5.15
2  17 7 0 -5.15 5.15
2  18 9 0 -5.15 5.15
4 CN 7 0 9 0
0

0101000
+1199 0 -1204 0 *
Wi

0101100
+1202 0 +1200 0 +1198 0 +1197 0 *
Fa
0  1e-07 7 0

0111000
+1196 0 *
Ve
1e-07
6 2 -12.5
0 0

0101101
*
Ve
1e-07
19 2 -12.5
0 0

0101101
*
Ed
 1e-07 1 1 0
1  12 0 0 3.14159265358979
2  19 11 0 0 3.14159265358979
4 C0 11 0 12 0
0

0101000
+1194 0 -1193 0 *
Ve
1e-07
19 3.5 -12.5
0 0

0101101
*
Ed
 1e-07 1 1 0
1  13 0 -0.75 0.75
2  20 11 0 -0.75 0.75
2  21 13 0 -0.75 0.75
4 CN 11 0 13 0
0

0101000
+1193 0 -1191 0 *
Ve
1e-07
6 3.5 -12.5
0 0

0101101
*
Ed
 1e-07 1 1 0
1  14 0 3.14159265358979 6.28318530717959
2  22 11 0 3.14159265358979 6.28318530717959
4 C0 11 0 14 0
0

0101000
+1191 0 -1189 0 *
Ed
 1e-07 1 1 0
1  15 0 -0.75 0.75
2  23 11 0 -0.75 0.75
2  24 13 0 -0.75 0.75
4 CN 11 0 13 0
0

0101000
+1189 0 -1194 0 *
Wi

0101100
+1192 0 +1190 0 +1188 0 +1187 0 *
Fa
0  1e-07 11 0

0111000
+1186 0 *
Ve
1e-07
8.85 -2.66453525910038e-15 -12.5
0 0

0101101
*
Ve
1e-07
16.15 -2.66453525910038e-15 -12.5
0 0

0101101
*
Ed
 1e-07 1 1 0
1  16 0 0 3.14159265358979
2  25 15 0 0 3.14159265358979
4 C0 15 0 16 0
0

0101000
+1184 0 -1183 0 *
Ve
1e-07
16.15 2 -12.5
0 0

0101101
*
Ed
 1e-07 1 1 0
1  17 0 -1 1
2  26 15 0 -1 1
2  27 17 0 -1 1
4 CN 15 0 17 0
0

0101000
+1183 0 -1181 0 *
Ve
1e-07
8.85 2 -12.5
0 0

0101101
*
Ed
 1e-07 1 1 0
1  18 0 0 3.14159265358979
2  28 15 0 0 3.14159265358979
4 C0 15 0 18 0
0

0101000
+1179 0 -1181 0 *
Ed
 1e-07 1 1 0
1  19 0 -1 1
2  29 15 0 -1 1
2  30 17 0 -1 1
4 CN 15 0 17 0
0

0101000
+1179 0 -1184 0 *
Wi

0101100
+1182 0 +1180 0 -1178 0 +1177 0 *
Fa
0  1e-07 15 0

0111000
+1176 0 *
Ve
1e-07
15.15 2.84 -12.5
0 0

0101101
*
Ve
1e-07
9.85 2.84 -12.5
0 0

0101101
*
Ed
 1e-07 1 1 0
1  20 0 3.14159265358979 6.28318530717959
2  31 19 0 3.14159265358979 6.28318530717959
2  32 20 0 3.14159265358979 6.28318530717959
4 C0 19 0 20 0
0

0101000
+1174 0 -1173 0 *
Ve
1e-07
15.15 2.49 -12.5
0 0

0101101
*
Ed
 1e-07 1 1 0
1  21 0 -0.175 0.175
2  33 19 0 -0.175 0.175
2  34 21 0 -0.175 0.175
4 CN 19 0 21 0
0

0101000
+1174 0 -1171 0 *
Ve
1e-07
9.85 2.49 -12.5
0 0

0101101
*
Ed
 1e-07 1 1 0
1  22 0 3.14159265358979 6.28318530717959
2  35 19 0 3.14159265358979 6.28318530717959
4 C0 19 0 22 0
0

0101000
+1171 0 -1169 0 *
Ed
 1e-07 1 1 0
1  23 0 -0.175 0.175
2  36 19 0 -0.175 0.175
2  37 21 0 -0.175 0.175
4 CN 19 0 21 0
0

0101000
+1169 0 -1173 0 *
Wi

0101100
-1172 0 +1170 0 +1168 0 +1167 0 *
Fa
0  1e-07 19 0

0111000
+1166 0 *
Ve
1e-07
17.6 5.29 -12.5
0 0

0101101
*
Ve
1e-07
7.4 5.29 -12.5
0 0

0101101
*
Ed
 1e-07 1 1 0
1  24 0 3.14159265358979 6.28318530717959
2  38 20 0 3.14159265358979 6.28318530717959
4 C0 20 0 23 0
0

0101000
+1164 0 -1163 0 *
Ed
 1e-07 1 1 0
1  25 0 -1.73241161390704 1.73241161390704
2  39 20 0 -1.73241161390704 1.73241161390704
2  40 24 0 -1.73241161390704 1.73241161390704
4 CN 20 0 24 0
0

0101000
+1164 0 -1174 0 *
Ed
 1e-07 1 1 0
1  26 0 -1.73241161390704 1.73241161390704
2  41 20 0 -1.73241161390704 1.73241161390704
2  42 24 0 -1.73241161390704 1.73241161390704
4 CN 20 0 24 0
0

0101000
+1173 0 -1163 0 *
Wi

0101100
-1162 0 +1161 0 +1172 0 +1160 0 *
Fa
0  1e-07 20 0

0111000
+1159 0 *
Ve
1e-07
7 5.14 -12.5
0 0

0101101
*
Ve
1e-07
7.15 5.29 -12.5
0 0

0101101
*
Ed
 1e-07 1 1 0
1  27 0 -0.106066017177982 0.106066017177982
2  43 25 0 -0.106066017177982 0.106066017177982
2  44 26 0 -0.106066017177982 0.106066017177982
4 CN 25 0 26 0
0

0101000
+1157 0 -1156 0 *
Ve
1e-07
18 5.14 -12.5
0 0

0101101
*
Ed
 1e-07 1 1 0
1  28 0 0 3.14159265358979
2  45 25 0 0 3.14159265358979
2  46 27 0 0 3.14159265358979
4 C0 25 0 27 0
0

0101000
+1157 0 -1154 0 *
Ve
1e-07
17.85 5.29 -12.5
0 0

0101101
*
Ed
 1e-07 1 1 0
1  29 0 -0.106066017177982 0.106066017177982
2  47 25 0 -0.106066017177982 0.106066017177982
2  48 26 0 -0.106066017177982 0.106066017177982
4 CN 25 0 26 0
0

0101000
+1152 0 -1154 0 *
Ed
 1e-07 1 1 0
1  30 0 0 3.14159265358979
2  49 25 0 0 3.14159265358979
4 C0 25 0 23 0
0

0101000
+1156 0 -1152 0 *
Wi

0101100
-1155 0 +1153 0 -1151 0 -1150 0 *
Fa
0  1e-07 25 0

0111000
+1149 0 *
Ve
1e-07
7 2.24 -12.5
0 0

0101101
*
Ed
 1e-07 1 1 0
1  31 0 -1.45 1.45
2  50 27 0 -1.45 1.45
2  51 28 0 -1.45 1.45
4 CN 27 0 28 0
0

0101000
+1147 0 -1157 0 *
Ve
1e-07
18 2.24 -12.5
0 0

0101101
*
Ed
 1e-07 1 1 0
1  32 0 0 3.14159265358979
2  52 27 0 0 3.14159265358979
2  53 29 0 0 3.14159265358979
4 C0 27 0 29 0
0

0101000
+1147 0 -1145 0 *
Ed
 1e-07 1 1 0
1  33 0 -1.45 1.45
2  54 27 0 -1.45 1.45
2  55 28 0 -1.45 1.45
4 CN 27 0 28 0
0

0101000
+1154 0 -1145 0 *
Wi

0101100
-1146 0 +1144 0 -1143 0 -1153 0 *
Fa
0  1e-07 27 0

0111000
+1142 0 *
Ve
1e-07
7.24 2 -12.5
0 0

0101101
*
Ed
 1e-07 1 1 0
1  34 0 -0.162634559672906 0.176776695296637
2  56 29 0 -0.162634559672906 0.176776695296637
2  57 30 0 -0.162634559672906 0.176776695296637
4 CN 29 0 30 0
0

0101000
+1140 0 -1147 0 *
Ve
1e-07
17.76 2 -12.5
0 0

0101101
*
Ed
 1e-07 1 1 0
1  35 0 3.14159265358979 6.28318530717959
2  58 29 0 3.14159265358979 6.28318530717959
4 C0 29 0 12 0
0

0101000
+1138 0 -1140 0 *
Ed
 1e-07 1 1 0
1  36 0 -0.176776695296637 0.162634559672905
2  59 29 0 -0.176776695296637 0.162634559672905
2  60 30 0 -0.176776695296637 0.162634559672905
4 CN 29 0 30 0
0

0101000
+1145 0 -1138 0 *
Wi

0101100
-1139 0 -1137 0 -1136 0 -1144 0 *
Fa
0  1e-07 29 0

0111000
+1135 0 *
Ve
1e-07
17.25 2.49 -12.5
0 0

0101101
*
Ve
1e-07
7.75 2.49 -12.5
0 0

0101101
*
Ed
 1e-07 1 1 0
1  37 0 3.14159265358979 6.28318530717959
2  61 31 0 3.14159265358979 6.28318530717959
4 C0 31 0 22 0
0

0101000
+1133 0 -1132 0 *
Ve
1e-07
17.74 2 -12.5
0 0

0101101
*
Ed
 1e-07 1 1 0
1  38 0 -0.353553390593274 0.339411254969542
2  62 31 0 -0.353553390593274 0.339411254969542
2  63 32 0 -0.353553390593274 0.339411254969542
4 CN 31 0 32 0
0

0101000
+1133 0 -1130 0 *
Ve
1e-07
7.26 2 -12.5
0 0

0101101
*
Ed
 1e-07 1 1 0
1  39 0 3.14159265358979 6.28318530717959
2  64 31 0 3.14159265358979 6.28318530717959
4 C0 31 0 18 0
0

0101000
+1130 0 -1128 0 *
Ed
 1e-07 1 1 0
1  40 0 -0.339411254969543 0.353553390593274
2  65 31 0 -0.339411254969543 0.353553390593274
2  66 32 0 -0.339411254969543 0.353553390593274
4 CN 31 0 32 0
0

0101000
+1128 0 -1132 0 *
Wi

0101100
-1131 0 +1129 0 +1127 0 +1126 0 *
Fa
0  1e-07 31 0

0111000
+1125 0 *
Ve
1e-07
6 2 12.5
0 0

0101101
*
Ve
1e-07
19 2 12.5
0 0

0101101
*
Ed
 1e-07 1 1 0
1  41 0 0 3.14159265358979
2  67 33 0 0 3.14159265358979
4 C0 33 0 34 0
0

0101000
+1123 0 -1122 0 *
Ve
1e-07
19 3.5 12.5
0 0

0101101
*
Ed
 1e-07 1 1 0
1  42 0 -0.75 0.75
2  68 33 0 -0.75 0.75
2  69 35 0 -0.75 0.75
4 CN 33 0 35 0
0

0101000
+1122 0 -1120 0 *
Ve
1e-07
6 3.5 12.5
0 0

0101101
*
Ed
 1e-07 1 1 0
1  43 0 3.14159265358979 6.28318530717959
2  70 33 0 3.14159265358979 6.28318530717959
4 C0 33 0 14 0
0

0101000
+1120 0 -1118 0 *
Ed
 1e-07 1 1 0
1  44 0 -0.75 0.75
2  71 33 0 -0.75 0.75
2  72 35 0 -0.75 0.75
4 CN 33 0 35 0
0

0101000
+1118 0 -1123 0 *
Wi

0101100
+1121 0 +1119 0 +1117 0 +1116 0 *
Fa
0  1e-07 33 0

0111000
+1115 0 *
Ve
1e-07
8.85 -2.66453525910038e-15 12.5
0 0

0101101
*
Ve
1e-07
16.15 -2.66453525910038e-15 12.5
0 0

0101101
*
Ed
 1e-07 1 1 0
1  45 0 0 3.14159265358979
2  73 36 0 0 3.14159265358979
4 C0 36 0 16 0
0

0101000
+1113 0 -1112 0 *
Ve
1e-07
16.15 2 12.5
0 0

0101101
*
Ed
 1e-07 1 1 0
1  46 0 -1 1
2  74 36 0 -1 1
2  75 37 0 -1 1
4 CN 36 0 37 0
0

0101000
+1112 0 -1110 0 *
Ve
1e-07
8.85 2 12.5
0 0

0101101
*
Ed
 1e-07 1 1 0
1  47 0 0 3.14159265358979
2  76 36 0 0 3.14159265358979
4 C0 36 0 38 0
0

0101000
+1108 0 -1110 0 *
Ed
 1e-07 1 1 0
1  48 0 -1 1
2  77 36 0 -1 1
2  78 37 0 -1 1
4 CN 36 0 37 0
0

0101000
+1108 0 -1113 0 *
Wi

0101100
+1111 0 +1109 0 -1107 0 +1106 0 *
Fa
0  1e-07 36 0

0111000
+1105 0 *
Ve
1e-07
15.15 2.84 12.5
0 0

0101101
*
Ve
1e-07
9.85 2.84 12.5
0 0

0101101
*
Ed
 1e-07 1 1 0
1  49 0 3.14159265358979 6.28318530717959
2  79 39 0 3.14159265358979 6.28318530717959
2  80 40 0 3.14159265358979 6.28318530717959
4 C0 39 0 40 0
0

0101000
+1103 0 -1102 0 *
Ve
1e-07
15.15 2.49 12.5
0 0

0101101
*
Ed
 1e-07 1 1 0
1  50 0 -0.175 0.175
2  81 39 0 -0.175 0.175
2  82 41 0 -0.175 0.175
4 CN 39 0 41 0
0

0101000
+1103 0 -1100 0 *
Ve
1e-07
9.85 2.49 12.5
0 0

0101101
*
Ed
 1e-07 1 1 0
1  51 0 3.14159265358979 6.28318530717959
2  83 39 0 3.14159265358979 6.28318530717959
4 C0 39 0 42 0
0

0101000
+1100 0 -1098 0 *
Ed
 1e-07 1 1 0
1  52 0 -0.175 0.175
2  84 39 0 -0.175 0.175
2  85 41 0 -0.175 0.175
4 CN 39 0 41 0
0

0101000
+1098 0 -1102 0 *
Wi

0101100
-1101 0 +1099 0 +1097 0 +1096 0 *
Fa
0  1e-07 39 0

0111000
+1095 0 *
Ve
1e-07
17.6 5.29 12.5
0 0

0101101
*
Ve
1e-07
7.4 5.29 12.5
0 0

0101101
*
Ed
 1e-07 1 1 0
1  53 0 3.14159265358979 6.28318530717959
2  86 40 0 3.14159265358979 6.28318530717959
4 C0 40 0 43 0
0

0101000
+1093 0 -1092 0 *
Ed
 1e-07 1 1 0
1  54 0 -1.73241161390704 1.73241161390704
2  87 40 0 -1.73241161390704 1.73241161390704
2  88 44 0 -1.73241161390704 1.73241161390704
4 CN 40 0 44 0
0

0101000
+1093 0 -1103 0 *
Ed
 1e-07 1 1 0
1  55 0 -1.73241161390704 1.73241161390704
2  89 40 0 -1.73241161390704 1.73241161390704
2  90 44 0 -1.73241161390704 1.73241161390704
4 CN 40 0 44 0
0

0101000
+1102 0 -1092 0 *
Wi

0101100
-1091 0 +1090 0 +1101 0 +1089 0 *
Fa
0  1e-07 40 0

0111000
+1088 0 *
Ve
1e-07
7 5.14 12.5
0 0

0101101
*
Ve
1e-07
7.15 5.29 12.5
0 0

0101101
*
Ed
 1e-07 1 1 0
1  56 0 -0.106066017177982 0.106066017177982
2  91 45 0 -0.106066017177982 0.106066017177982
2  92 46 0 -0.106066017177982 0.106066017177982
4 CN 45 0 46 0
0

0101000
+1086 0 -1085 0 *
Ve
1e-07
18 5.14 12.5
0 0

0101101
*
Ed
 1e-07 1 1 0
1  57 0 0 3.14159265358979
2  93 45 0 0 3.14159265358979
2  94 47 0 0 3.14159265358979
4 C0 45 0 47 0
0

0101000
+1086 0 -1083 0 *
Ve
1e-07
17.85 5.29 12.5
0 0

0101101
*
Ed
 1e-07 1 1 0
1  58 0 -0.106066017177982 0.106066017177982
2  95 45 0 -0.106066017177982 0.106066017177982
2  96 46 0 -0.106066017177982 0.106066017177982
4 CN 45 0 46 0
0

0101000
+1081 0 -1083 0 *
Ed
 1e-07 1 1 0
1  59 0 0 3.14159265358979
2  97 45 0 0 3.14159265358979
4 C0 45 0 43 0
0

0101000
+1085 0 -1081 0 *
Wi

0101100
-1084 0 +1082 0 -1080 0 -1079 0 *
Fa
0  1e-07 45 0

0111000
+1078 0 *
Ve
1e-07
7 2.24 12.5
0 0

0101101
*
Ed
 1e-07 1 1 0
1  60 0 -1.45 1.45
2  98 47 0 -1.45 1.45
2  99 48 0 -1.45 1.45
4 CN 47 0 48 0
0

0101000
+1076 0 -1086 0 *
Ve
1e-07
18 2.24 12.5
0 0

0101101
*
Ed
 1e-07 1 1 0
1  61 0 0 3.14159265358979
2  100 47 0 0 3.14159265358979
2  101 49 0 0 3.14159265358979
4 C0 47 0 49 0
0

0101000
+1076 0 -1074 0 *
Ed
 1e-07 1 1 0
1  62 0 -1.45 1.45
2  102 47 0 -1.45 1.45
2  103 48 0 -1.45 1.45
4 CN 47 0 48 0
0

0101000
+1083 0 -1074 0 *
Wi

0101100
-1075 0 +1073 0 -1072 0 -1082 0 *
Fa
0  1e-07 47 0

0111000
+1071 0 *
Ve
1e-07
7.24 2 12.5
0 0

0101101
*
Ed
 1e-07 1 1 0
1  63 0 -0.162634559672906 0.176776695296637
2  104 49 0 -0.162634559672906 0.176776695296637
2  105 50 0 -0.162634559672906 0.176776695296637
4 CN 49 0 50 0
0

0101000
+1069 0 -1076 0 *
Ve
1e-07
17.76 2 12.5
0 0

0101101
*
Ed
 1e-07 1 1 0
1  64 0 3.14159265358979 6.28318530717959
2  106 49 0 3.14159265358979 6.28318530717959
4 C0 49 0 34 0
0

0101000
+1067 0 -1069 0 *
Ed
 1e-07 1 1 0
1  65 0 -0.176776695296637 0.162634559672905
2  107 49 0 -0.176776695296637 0.162634559672905
2  108 50 0 -0.176776695296637 0.162634559672905
4 CN 49 0 50 0
0

0101000
+1074 0 -1067 0 *
Wi

0101100
-1068 0 -1066 0 -1065 0 -1073 0 *
Fa
0  1e-07 49 0

0111000
+1064 0 *
Ve
1e-07
17.25 2.49 12.5
0 0

0101101
*
Ve
1e-07
7.75 2.49 12.5
0 0

0101101
*
Ed
 1e-07 1 1 0
1  66 0 3.14159265358979 6.28318530717959
2  109 51 0 3.14159265358979 6.28318530717959
4 C0 51 0 42 0
0

0101000
+1062 0 -1061 0 *
Ve
1e-07
17.74 2 12.5
0 0

0101101
*
Ed
 1e-07 1 1 0
1  67 0 -0.353553390593274 0.339411254969542
2  110 51 0 -0.353553390593274 0.339411254969542
2  111 52 0 -0.353553390593274 0.339411254969542
4 CN 51 0 52 0
0

0101000
+1062 0 -1059 0 *
Ve
1e-07
7.26 2 12.5
0 0

0101101
*
Ed
 1e-07 1 1 0
1  68 0 3.14159265358979 6.28318530717959
2  112 51 0 3.14159265358979 6.28318530717959
4 C0 51 0 38 0
0

0101000
+1059 0 -1057 0 *
Ed
 1e-07 1 1 0
1  69 0 -0.339411254969543 0.353553390593274
2  113 51 0 -0.339411254969543 0.353553390593274
2  114 52 0 -0.339411254969543 0.353553390593274
4 CN 51 0 52 0
0

0101000
+1057 0 -1061 0 *
Wi

0101100
-1060 0 +1058 0 +1056 0 +1055 0 *
Fa
0  1e-07 51 0

0111000
+1054 0 *
Ed
 1e-07 1 1 0
1  70 0 0 3.14159265358979
2  115 52 0 0 3.14159265358979
4 C0 52 0 38 0
0

0101000
+1057 0 -1059 0 *
Ed
 1e-07 1 1 0
1  71 0 0 3.14159265358979
2  116 52 0 0 3.14159265358979
4 C0 52 0 42 0
0

0101000
+1061 0 -1062 0 *
Wi

0101100
+1052 0 -1058 0 -1051 0 -1055 0 *
Fa
0  1e-07 52 0

0111000
+1050 0 *
Ed
 1e-07 1 1 0
1  72 0 3.14159265358979 6.28318530717959
2  117 50 0 3.14159265358979 6.28318530717959
2  118 48 0 3.14159265358979 6.28318530717959
4 C0 50 0 48 0
0

0101000
+1074 0 -1076 0 *
Ed
 1e-07 1 1 0
1  73 0 0 3.14159265358979
2  119 50 0 0 3.14159265358979
4 C0 50 0 34 0
0

0101000
+1069 0 -1067 0 *
Wi

0101100
+1068 0 -1048 0 +1065 0 -1047 0 *
Fa
0  1e-07 50 0

0111000
+1046 0 *
Wi

0101100
-1051 0 -1060 0 *
Ed
 1e-07 1 1 0
1  74 0 0 3.14159265358979
2  120 41 0 0 3.14159265358979
4 C0 42 0 41 0
0

0101000
+1098 0 -1100 0 *
Wi

0101100
+1043 0 +1097 0 *
Fa
0  1e-07 42 0

0111000
+1044 0 +1042 0 *
Ed
 1e-07 1 1 0
1  75 0 3.14159265358979 6.28318530717959
2  121 48 0 3.14159265358979 6.28318530717959
2  122 46 0 3.14159265358979 6.28318530717959
4 C0 48 0 46 0
0

0101000
+1083 0 -1086 0 *
Wi

0101100
+1075 0 -1040 0 +1072 0 +1048 0 *
Fa
0  1e-07 48 0

0111000
+1039 0 *
Ed
 1e-07 1 1 0
1  76 0 3.14159265358979 6.28318530717959
2  123 46 0 3.14159265358979 6.28318530717959
4 C0 46 0 43 0
0

0101000
+1081 0 -1085 0 *
Wi

0101100
+1084 0 -1037 0 +1080 0 +1040 0 *
Fa
0  1e-07 46 0

0111000
+1036 0 *
Wi

0101100
+1079 0 +1037 0 *
Ed
 1e-07 1 1 0
1  77 0 0 3.14159265358979
2  124 44 0 0 3.14159265358979
4 C0 43 0 44 0
0

0101000
+1092 0 -1093 0 *
Wi

0101100
-1033 0 -1091 0 *
Fa
0  1e-07 43 0

0111000
+1034 0 +1032 0 *
Ed
 1e-07 1 1 0
1  78 0 0 3.14159265358979
2  125 44 0 0 3.14159265358979
2  126 41 0 0 3.14159265358979
4 C0 44 0 41 0
0

0101000
+1102 0 -1103 0 *
Wi

0101100
+1030 0 -1090 0 -1033 0 -1089 0 *
Fa
0  1e-07 44 0

0111000
+1029 0 *
Wi

0101100
+1043 0 -1099 0 -1030 0 -1096 0 *
Fa
0  1e-07 41 0

0111000
+1027 0 *
Ed
 1e-07 1 1 0
1  79 0 3.14159265358979 6.28318530717959
2  127 35 0 3.14159265358979 6.28318530717959
4 C0 34 0 35 0
0

0101000
+1122 0 -1123 0 *
Wi

0101100
+1121 0 +1025 0 *
Wi

0101100
+1066 0 +1047 0 *
Fa
0  1e-07 34 0

0111000
-1024 0 -1023 0 *
Ed
 1e-07 1 1 0
1  80 0 3.14159265358979 6.28318530717959
2  128 37 0 3.14159265358979 6.28318530717959
4 C0 37 0 38 0
0

0101000
+1110 0 -1108 0 *
Ed
 1e-07 1 1 0
1  81 0 3.14159265358979 6.28318530717959
2  129 37 0 3.14159265358979 6.28318530717959
4 C0 37 0 16 0
0

0101000
+1112 0 -1113 0 *
Wi

0101100
-1021 0 -1109 0 +1020 0 -1106 0 *
Fa
0  1e-07 37 0

0111000
+1019 0 *
Wi

0101100
+1056 0 +1052 0 *
Wi

0101100
-1107 0 -1021 0 *
Fa
0  1e-07 38 0

0111000
-1017 0 -1016 0 *
Ed
 1e-07 1 1 0
1  82 0 0 3.14159265358979
2  130 35 0 0 3.14159265358979
4 C0 35 0 14 0
0

0101000
+1118 0 -1120 0 *
Wi

0101100
+1014 0 -1119 0 +1025 0 -1116 0 *
Fa
0  1e-07 35 0

0111000
+1013 0 *
Ed
 1e-07 1 1 0
1  83 0 0 3.14159265358979
2  131 32 0 0 3.14159265358979
4 C0 32 0 18 0
0

0101000
+1128 0 -1130 0 *
Ed
 1e-07 1 1 0
1  84 0 0 3.14159265358979
2  132 32 0 0 3.14159265358979
4 C0 32 0 22 0
0

0101000
+1132 0 -1133 0 *
Wi

0101100
+1011 0 -1129 0 -1010 0 -1126 0 *
Fa
0  1e-07 32 0

0111000
+1009 0 *
Ed
 1e-07 1 1 0
1  85 0 3.14159265358979 6.28318530717959
2  133 30 0 3.14159265358979 6.28318530717959
2  134 28 0 3.14159265358979 6.28318530717959
4 C0 30 0 28 0
0

0101000
+1145 0 -1147 0 *
Ed
 1e-07 1 1 0
1  86 0 0 3.14159265358979
2  135 30 0 0 3.14159265358979
4 C0 30 0 12 0
0

0101000
+1140 0 -1138 0 *
Wi

0101100
+1139 0 -1007 0 +1136 0 -1006 0 *
Fa
0  1e-07 30 0

0111000
+1005 0 *
Wi

0101100
-1010 0 -1131 0 *
Ed
 1e-07 1 1 0
1  87 0 0 3.14159265358979
2  136 21 0 0 3.14159265358979
4 C0 22 0 21 0
0

0101000
+1169 0 -1171 0 *
Wi

0101100
+1002 0 +1168 0 *
Fa
0  1e-07 22 0

0111000
+1003 0 +1001 0 *
Ed
 1e-07 1 1 0
1  88 0 3.14159265358979 6.28318530717959
2  137 28 0 3.14159265358979 6.28318530717959
2  138 26 0 3.14159265358979 6.28318530717959
4 C0 28 0 26 0
0

0101000
+1154 0 -1157 0 *
Wi

0101100
+1146 0 -999 0 +1143 0 +1007 0 *
Fa
0  1e-07 28 0

0111000
+998 0 *
Ed
 1e-07 1 1 0
1  89 0 3.14159265358979 6.28318530717959
2  139 26 0 3.14159265358979 6.28318530717959
4 C0 26 0 23 0
0

0101000
+1152 0 -1156 0 *
Wi

0101100
+1155 0 -996 0 +1151 0 +999 0 *
Fa
0  1e-07 26 0

0111000
+995 0 *
Wi

0101100
+1150 0 +996 0 *
Ed
 1e-07 1 1 0
1  90 0 0 3.14159265358979
2  140 24 0 0 3.14159265358979
4 C0 23 0 24 0
0

0101000
+1163 0 -1164 0 *
Wi

0101100
-992 0 -1162 0 *
Fa
0  1e-07 23 0

0111000
+993 0 +991 0 *
Ed
 1e-07 1 1 0
1  91 0 0 3.14159265358979
2  141 24 0 0 3.14159265358979
2  142 21 0 0 3.14159265358979
4 C0 24 0 21 0
0

0101000
+1173 0 -1174 0 *
Wi

0101100
+989 0 -1161 0 -992 0 -1160 0 *
Fa
0  1e-07 24 0

0111000
+988 0 *
Wi

0101100
+1002 0 -1170 0 -989 0 -1167 0 *
Fa
0  1e-07 21 0

0111000
+986 0 *
Ed
 1e-07 1 1 0
1  92 0 3.14159265358979 6.28318530717959
2  143 13 0 3.14159265358979 6.28318530717959
4 C0 12 0 13 0
0

0101000
+1193 0 -1194 0 *
Wi

0101100
+1192 0 +984 0 *
Wi

0101100
+1137 0 +1006 0 *
Fa
0  1e-07 12 0

0111000
-983 0 -982 0 *
Ed
 1e-07 1 1 0
1  93 0 3.14159265358979 6.28318530717959
2  144 17 0 3.14159265358979 6.28318530717959
4 C0 17 0 18 0
0

0101000
+1181 0 -1179 0 *
Ed
 1e-07 1 1 0
1  94 0 3.14159265358979 6.28318530717959
2  145 17 0 3.14159265358979 6.28318530717959
4 C0 17 0 16 0
0

0101000
+1183 0 -1184 0 *
Wi

0101100
-980 0 -1180 0 +979 0 -1177 0 *
Fa
0  1e-07 17 0

0111000
+978 0 *
Wi

0101100
+1127 0 +1011 0 *
Wi

0101100
-1178 0 -980 0 *
Fa
0  1e-07 18 0

0111000
-976 0 -975 0 *
Ed
 1e-07 1 1 0
1  95 0 0 3.14159265358979
2  146 13 0 0 3.14159265358979
4 C0 13 0 14 0
0

0101000
+1189 0 -1191 0 *
Wi

0101100
+973 0 -1190 0 +984 0 -1187 0 *
Fa
0  1e-07 13 0

0111000
+972 0 *
Ve
1e-07
19.3 -2.66453525910038e-15 19.7
0 0

0101101
*
Ve
1e-07
19.3 0.999999999999997 19.7
0 0

0101101
*
Ed
 1e-07 1 1 0
1  96 0 0 1
4 C0 53 0 54 0
0

0101000
+970 0 -969 0 *
Ve
1e-07
19.3 -2.66453525910038e-15 -19.7
0 0

0101101
*
Ed
 1e-07 1 1 0
1  97 0 0.650000000000002 40.05
4 C0 53 0 16 0
0

0101000
+967 0 -970 0 *
Ve
1e-07
19.3 0.999999999999997 -19.7
0 0

0101101
*
Ed
 1e-07 1 1 0
1  98 0 0 1
4 C0 53 0 55 0
0

0101000
+967 0 -965 0 *
Ed
 1e-07 1 1 0
1  99 0 0 39.4
4 C0 53 0 56 0
0

0101000
+965 0 -969 0 *
Wi

0101100
-968 0 -966 0 +964 0 +963 0 *
Fa
0  1e-07 53 0

0111000
-962 0 *
Ve
1e-07
20.1 0.999999999999997 19.7
0 0

0101101
*
Ed
 1e-07 1 1 0
1  100 0 0 0.800000000000001
4 C0 56 0 54 0
0

0101000
+969 0 -960 0 *
Ve
1e-07
20.1 0.999999999999997 -19.7
0 0

0101101
*
Ed
 1e-07 1 1 0
1  101 0 0 0.800000000000001
4 C0 56 0 55 0
0

0101000
+965 0 -958 0 *
Ed
 1e-07 1 1 0
1  102 0 0 39.4
4 C0 56 0 57 0
0

0101000
+958 0 -960 0 *
Wi

0101100
-959 0 -963 0 +957 0 +956 0 *
Fa
0  1e-07 56 0

0111000
-955 0 *
Ve
1e-07
20.1 2.99 19.7
0 0

0101101
*
Ed
 1e-07 1 1 0
1  103 0 0 1.99
4 C0 57 0 54 0
0

0101000
+960 0 -953 0 *
Ve
1e-07
20.1 2.99 -19.7
0 0

0101101
*
Ed
 1e-07 1 1 0
1  104 0 0 1.99
4 C0 57 0 55 0
0

0101000
+958 0 -951 0 *
Ed
 1e-07 1 1 0
1  105 0 0 39.4
4 C0 57 0 58 0
0

0101000
+951 0 -953 0 *
Wi

0101100
-952 0 -956 0 +950 0 +949 0 *
Fa
0  1e-07 57 0

0111000
-948 0 *
Ve
1e-07
19.601 3.5 19.7
0 0

0101101
*
Ed
 1e-07 1 1 0
1  106 0 0 0.713513139332418
4 C0 58 0 54 0
0

0101000
+953 0 -946 0 *
Ve
1e-07
19.601 3.5 -19.7
0 0

0101101
*
Ed
 1e-07 1 1 0
1  107 0 0 0.713513139332418
4 C0 58 0 55 0
0

0101000
+951 0 -944 0 *
Ed
 1e-07 1 1 0
1  108 0 -29.55 9.85
4 C0 58 0 14 0
0

0101000
+946 0 -944 0 *
Wi

0101100
-945 0 -949 0 +943 0 -942 0 *
Fa
0  1e-07 58 0

0111000
-941 0 *
Ve
1e-07
7 3.5 -19.7
0 0

0101101
*
Ed
 1e-07 1 1 0
1  109 0 1.399 14
4 C0 14 0 55 0
0

0101000
+944 0 -939 0 *
Ve
1e-07
5.3 3.5 -18
0 0

0101101
*
Ed
 1e-07 1 1 0
1  110 0 0 1.5707963267949
2  147 59 0 0 1.5707963267949
4 C0 14 0 59 0
0

0101000
+939 0 -937 0 *
Ve
1e-07
5.3 3.5 18
0 0

0101101
*
Ed
 1e-07 1 1 0
1  111 0 0 36
4 C0 14 0 60 0
0

0101000
+937 0 -935 0 *
Ve
1e-07
7 3.5 19.7
0 0

0101101
*
Ed
 1e-07 1 1 0
1  112 0 0 1.57079632679491
2  148 61 0 0 1.57079632679491
4 C0 14 0 61 0
0

0101000
+935 0 -933 0 *
Ed
 1e-07 1 1 0
1  113 0 0 12.601
4 C0 14 0 54 0
0

0101000
+933 0 -946 0 *
Wi

0101100
+942 0 +938 0 +936 0 +934 0 +932 0 +931 0 *
Wi

0101100
+1014 0 +1117 0 *
Wi

0101100
+973 0 +1188 0 *
Fa
0  1e-07 14 0

0111000
+930 0 +929 0 +928 0 *
Ve
1e-07
20.9013570941608 5.6512482906772 -19.7
0 0

0101101
*
Ve
1e-07
21 -2.66453525910038e-15 -19.7
0 0

0101101
*
Ed
 1e-07 1 1 0
1  114 0 -0.95415425555281 4.69795487872215
4 C0 62 0 55 0
0

0101000
+926 0 -925 0 *
Ve
1e-07
21 -2.66453525910038e-15 -21
0 0

0101101
*
Ed
 1e-07 1 1 0
1  115 0 0 1.3
4 C0 62 0 16 0
0

0101000
+923 0 -925 0 *
Ve
1e-07
20.9013570941608 5.6512482906772 -21
0 0

0101101
*
Ed
 1e-07 1 1 0
1  116 0 0 5.65210913427496
4 C0 62 0 4 0
0

0101000
+921 0 -923 0 *
Ed
 1e-07 1 1 0
1  117 0 0 1.3
2  149 63 0 0 1.3
4 C1 62 0 63 0
0

0101000
+921 0 -926 0 *
Wi

0101100
+924 0 -922 0 -920 0 +919 0 *
Fa
0  1e-07 62 0

0111000
+918 0 *
Ve
2.75904404719391e-05
7 8.09816570749254 -19.7
0 0

0101101
*
Ve
1e-07
20.0682009030844 6.61980498281235 -19.7
0 0

0101101
*
Ed
 1e-07 1 1 0
1  118 0 0.0240212869269744 0.13367251116975
2  150 64 0 0.0240212869269744 0.13367251116975
4 C0 55 0 64 0
0

0101000
+916 0 -915 0 *
Ed
 1e-07 1 1 0
1  119 0 0 4.59816570749254
2  151 59 0 0 4.59816570749254
4 G1 55 0 59 0
0

0101000
+939 0 -916 0 *
Ed
 1e-07 1 1 0
1  120 0 0 1.7
4 C0 55 0 16 0
0

0101000
+925 0 -967 0 *
Ed
 1e-07 1 1 0
1  121 0 0 1.38586976526698
2  152 63 0 0 1.38586976526698
4 C0 55 0 63 0
0

0101000
+915 0 -926 0 *
Wi

0101100
-914 0 -913 0 -938 0 -943 0 -950 0 -957 0 -964 0 -912 0 -924 0 -911 0 
*
Fa
0  1e-07 55 0

0111000
-910 0 *
Ve
1e-07
21 -2.66453525910038e-15 19.7
0 0

0101101
*
Ve
1e-07
20.9013570941608 5.6512482906772 19.7
0 0

0101101
*
Ed
 1e-07 1 1 0
1  122 0 -4.57578803366117 1.07632110061379
4 C0 54 0 65 0
0

0101000
+908 0 -907 0 *
Ed
 1e-07 1 1 0
1  123 0 -1.7 0
4 C0 54 0 16 0
0

0101000
+970 0 -908 0 *
Ve
2.75904404648543e-05
7 8.09816570749254 19.7
0 0

0101101
*
Ed
 1e-07 1 1 0
1  124 0 0 4.59816570749254
2  153 61 0 0 4.59816570749254
4 G1 54 0 61 0
0

0101000
+933 0 -904 0 *
Ve
1e-07
20.0682009030844 6.61980498281235 19.7
0 0

0101101
*
Ed
 1e-07 1 1 0
1  125 0 6.14951279600984 6.25916402025261
2  154 64 0 6.14951279600984 6.25916402025261
4 C0 54 0 64 0
0

0101000
+902 0 -904 0 *
Ed
 1e-07 1 1 0
1  126 0 4.89731554191261 6.28318530717959
2  155 66 0 4.89731554191261 6.28318530717959
4 C0 54 0 66 0
0

0101000
+907 0 -902 0 *
Wi

0101100
-906 0 -905 0 +968 0 +959 0 +952 0 +945 0 -931 0 +903 0 -901 0 -900 0 
*
Fa
0  1e-07 54 0

0111000
-899 0 *
Ve
2.75904404648543e-05
5.3 8.18447996020056 18
0 0

0101101
*
Ed
 1e-07 1 1 0
1  127 0 0 4.68447996020056
2  156 61 0 0 4.68447996020056
4 G1 61 0 60 0
0

0101000
+935 0 -897 0 *
Ed
 2.75904404648543e-05 1 1 0
1  128 0 -2.56320124005446 0
2  157 61 0 -2.56320124005446 0
2  158 64 0 -2.56320124005446 0
4 C0 61 0 64 0
0

0101000
+904 0 -897 0 *
Wi

0101100
-896 0 +932 0 +903 0 +895 0 *
Fa
0  1e-07 61 0

0111000
+894 0 *
Ve
2.75904404719391e-05
5.3 8.18447996020056 -18
0 0

0101101
*
Ed
 1e-07 1 1 0
1  129 0 -18 18
2  159 64 0 -18 18
4 C0 60 0 64 0
0

0101000
+897 0 -892 0 *
Ed
 1e-07 1 1 0
1  130 0 0 4.68447996020056
2  160 59 0 0 4.68447996020056
4 G1 60 0 59 0
0

0101000
+937 0 -892 0 *
Wi

0101100
-891 0 -896 0 -934 0 +890 0 *
Fa
0  1e-07 60 0

0111000
-889 0 *
Ed
 2.75904404719391e-05 1 1 0
1  131 0 0 2.56320124005447
2  161 59 0 0 2.56320124005447
2  162 64 0 0 2.56320124005447
4 C0 59 0 64 0
0

0101000
+892 0 -916 0 *
Wi

0101100
-913 0 +936 0 +890 0 +887 0 *
Fa
0  1e-07 59 0

0111000
+886 0 *
Ve
1e-07
20.9013570941608 5.6512482906772 21
0 0

0101101
*
Ed
 1e-07 1 1 0
1  132 0 40.7 42
2  163 66 0 40.7 42
4 C1 65 0 66 0
0

0101000
+907 0 -884 0 *
Ve
1e-07
21 -2.66453525910038e-15 21
0 0

0101101
*
Ed
 1e-07 1 1 0
1  133 0 0 5.65210913427496
4 C0 65 0 67 0
0

0101000
+884 0 -882 0 *
Ed
 1e-07 1 1 0
1  134 0 40.7 42
4 C0 65 0 16 0
0

0101000
+908 0 -882 0 *
Wi

0101100
+906 0 +883 0 +881 0 -880 0 *
Fa
0  1e-07 65 0

0111000
+879 0 *
Ve
1e-07
20.0682009030844 6.61980498281235 21
0 0

0101101
*
Ed
 1e-07 1 1 0
1  135 0 40.7 42
2  164 66 0 40.7 42
2  165 64 0 40.7 42
4 G1 66 0 64 0
0

0101000
+902 0 -877 0 *
Ed
 1e-07 1 1 0
1  136 0 0 1.38586976526698
2  166 66 0 0 1.38586976526698
4 C0 66 0 67 0
0

0101000
+877 0 -884 0 *
Wi

0101100
+900 0 +876 0 +875 0 -883 0 *
Fa
0  1e-07 66 0

0111000
+874 0 *
Ve
1e-07
20.0682009030844 6.61980498281235 -21
0 0

0101101
*
Ed
 1e-07 1 1 0
1  137 0 0 1.38586976526698
2  167 63 0 0 1.38586976526698
4 C0 63 0 4 0
0

0101000
+872 0 -921 0 *
Ed
 1e-07 1 1 0
1  138 0 0 1.3
2  168 63 0 0 1.3
2  169 64 0 0 1.3
4 G1 63 0 64 0
0

0101000
+872 0 -915 0 *
Wi

0101100
+911 0 -919 0 -871 0 +870 0 *
Fa
0  1e-07 63 0

0111000
+869 0 *
Ed
 1e-07 1 1 0
1  139 0 0 3.14159265358979
2  170 9 0 0 3.14159265358979
4 C0 9 0 10 0
0

0101000
+1199 0 -1201 0 *
Ed
 1e-07 1 1 0
1  140 0 3.14159265358979 6.28318530717959
2  171 9 0 3.14159265358979 6.28318530717959
4 C0 9 0 8 0
0

0101000
+1203 0 -1204 0 *
Wi

0101100
+867 0 -1200 0 +866 0 -1197 0 *
Fa
0  1e-07 9 0

0111000
+865 0 *
Ed
 1e-07 1 1 0
1  141 0 3.14159265358979 6.28318530717959
2  172 6 0 3.14159265358979 6.28318530717959
2  173 3 0 3.14159265358979 6.28318530717959
4 C0 6 0 3 0
0

0101000
+1220 0 -1221 0 *
Ed
 1e-07 1 1 0
1  142 0 3.14159265358979 6.28318530717959
2  174 6 0 3.14159265358979 6.28318530717959
4 C0 6 0 5 0
0

0101000
+1210 0 -1211 0 *
Wi

0101100
-863 0 -1208 0 +862 0 -1207 0 *
Fa
0  1e-07 6 0

0111000
+861 0 *
Ed
 1e-07 1 1 0
1  143 0 0 3.14159265358979
2  175 3 0 0 3.14159265358979
4 C0 3 0 4 0
0

0101000
+1216 0 -1218 0 *
Wi

0101100
+859 0 -1217 0 +863 0 -1214 0 *
Fa
0  1e-07 3 0

0111000
+858 0 *
Ve
1e-07
3.8 0.299999999999997 10.4
0 0

0101101
*
Ve
1e-07
-0.803438826516956 0.299999999999997 10.4
0 0

0101101
*
Ed
 1e-07 1 1 0
1  144 0 8.7 13.303438826517
4 C0 8 0 68 0
0

0101000
+856 0 -855 0 *
Ve
1e-07
3.8 7.229 10.4
0 0

0101101
*
Ed
 1e-07 1 1 0
1  145 0 -6.929 0
4 C0 8 0 69 0
0

0101000
+856 0 -853 0 *
Ve
1e-07
4.6180792780222 8.21231320082417 10.4
0 0

0101101
*
Ed
 1e-07 1 1 0
1  146 0 4.7123889803847 6.10024589092896
2  176 70 0 4.7123889803847 6.10024589092896
4 C0 8 0 70 0
0

0101000
+853 0 -851 0 *
Ve
1e-07
4.12053905680311 8.23017020648174 10.4
0 0

0101101
*
Ed
 1e-07 1 1 0
1  147 0 0 0.00414884103563828
2  177 64 0 0 0.00414884103563828
4 C0 8 0 64 0
0

0101000
+849 0 -851 0 *
Ve
1e-07
3.23114831873726 8.84524367395711 10.4
0 0

0101101
*
Ed
 1e-07 1 1 0
1  148 0 0 1.14248597876221
2  178 71 0 0 1.14248597876221
4 C0 8 0 71 0
0

0101000
+847 0 -849 0 *
Ve
1e-07
-3.5 7.5 10.4
0 0

0101101
*
Ed
 1e-07 1 1 0
1  149 0 0 2.74708323732673
2  179 72 0 0 2.74708323732673
4 C0 8 0 72 0
0

0101000
+845 0 -847 0 *
Ve
1e-07
-1.76936465280603 1.04118095489748 10.4
0 0

0101101
*
Ed
 1e-07 1 1 0
1  150 0 3.44942439560307 10.1360859065767
4 C0 8 0 73 0
0

0101000
+843 0 -845 0 *
Ed
 1e-07 1 1 0
1  151 0 0 1.30899693899575
2  180 74 0 0 1.30899693899575
4 C0 8 0 74 0
0

0101000
+855 0 -843 0 *
Wi

0101100
-854 0 +852 0 +850 0 -848 0 -846 0 -844 0 -842 0 -841 0 *
Wi

0101100
+866 0 +1202 0 *
Fa
0  1e-07 8 0

0111000
-840 0 -839 0 *
Ve
1e-07
3.8 0.299999999999997 21
0 0

0101101
*
Ed
 1e-07 1 1 0
1  152 0 -21 -10.4
4 C0 69 0 68 0
0

0101000
+837 0 -856 0 *
Ve
1e-07
3.8 7.229 21
0 0

0101101
*
Ed
 1e-07 1 1 0
1  153 0 -7.229 -0.3
4 C0 69 0 67 0
0

0101000
+835 0 -837 0 *
Ed
 1e-07 1 1 0
1  154 0 0 10.6
2  181 70 0 0 10.6
4 C1 69 0 70 0
0

0101000
+835 0 -853 0 *
Wi

0101100
-836 0 -834 0 +833 0 -852 0 *
Fa
0  1e-07 69 0

0111000
-832 0 *
Ve
1e-07
4.6180792780222 8.21231320082417 21
0 0

0101101
*
Ed
 1e-07 1 1 0
1  155 0 -10.6 0
2  182 70 0 -10.6 0
2  183 64 0 -10.6 0
4 C0 70 0 64 0
0

0101000
+851 0 -830 0 *
Ed
 1e-07 1 1 0
1  156 0 0.182939416250622 1.57079632679488
2  184 70 0 0.182939416250622 1.57079632679488
4 C0 70 0 67 0
0

0101000
+830 0 -835 0 *
Wi

0101100
-829 0 -850 0 -833 0 -828 0 *
Fa
0  1e-07 70 0

0111000
+827 0 *
Ve
1e-07
-3.5 7.5 0.100000000000002
0 0

0101101
*
Ed
 1e-07 1 1 0
1  157 0 21.1 31.4
2  185 72 0 21.1 31.4
4 C0 73 0 72 0
0

0101000
+825 0 -845 0 *
Ve
1e-07
-1.76936465280603 1.04118095489748 0.100000000000002
0 0

0101101
*
Ed
 1e-07 1 1 0
1  158 0 -10.1360859065767 -3.44942439560307
4 C0 73 0 10 0
0

0101000
+825 0 -823 0 *
Ed
 1e-07 1 1 0
1  159 0 21.1 31.4
2  186 74 0 21.1 31.4
4 C1 73 0 74 0
0

0101000
+823 0 -843 0 *
Wi

0101100
+842 0 -824 0 +822 0 +821 0 *
Fa
0  1e-07 73 0

0111000
+820 0 *
Ve
1e-07
3.23114831873726 8.84524367395711 0.100000000000002
0 0

0101101
*
Ed
 1e-07 1 1 0
1  160 0 21.1 31.4
2  187 72 0 21.1 31.4
2  188 71 0 21.1 31.4
4 G1 72 0 71 0
0

0101000
+818 0 -847 0 *
Ed
 1e-07 1 1 0
1  161 0 3.53610206985286 6.28318530717959
2  189 72 0 3.53610206985286 6.28318530717959
4 C0 72 0 10 0
0

0101000
+818 0 -825 0 *
Wi

0101100
+844 0 -817 0 +816 0 +824 0 *
Fa
0  1e-07 72 0

0111000
+815 0 *
Ve
1e-07
4.12053905680311 8.23017020648174 0.100000000000002
0 0

0101101
*
Ed
 1e-07 1 1 0
1  162 0 5.14069932841738 6.28318530717959
2  190 71 0 5.14069932841738 6.28318530717959
4 C0 71 0 10 0
0

0101000
+813 0 -818 0 *
Ed
 1e-07 1 1 0
1  163 0 21.1 31.4
2  191 71 0 21.1 31.4
2  192 64 0 21.1 31.4
4 G1 71 0 64 0
0

0101000
+813 0 -849 0 *
Wi

0101100
-817 0 -812 0 +811 0 -846 0 *
Fa
0  1e-07 71 0

0111000
+810 0 *
Ve
1e-07
4.12053905680311 8.23017020648174 -21
0 0

0101101
*
Ed
 1e-07 1 1 0
1  164 0 0 0.13367251116975
2  193 64 0 0 0.13367251116975
4 C0 64 0 4 0
0

0101000
+808 0 -872 0 *
Ve
1e-07
4.12053905680311 8.23017020648174 -10.6
0 0

0101101
*
Ed
 1e-07 1 1 0
1  165 0 0 10.4
2  194 64 0 0 10.4
2  195 75 0 0 10.4
4 G1 64 0 75 0
0

0101000
+808 0 -806 0 *
Ve
1e-07
4.6180792780222 8.21231320082417 -10.6
0 0

0101101
*
Ed
 1e-07 1 1 0
1  166 0 0 0.00414884103563828
2  196 64 0 0 0.00414884103563828
4 C0 64 0 5 0
0

0101000
+806 0 -804 0 *
Ve
1e-07
4.6180792780222 8.21231320082417 0.100000000000001
0 0

0101101
*
Ed
 1e-07 1 1 0
1  167 0 -10.7 0
2  197 64 0 -10.7 0
2  198 76 0 -10.7 0
4 C0 64 0 76 0
0

0101000
+804 0 -802 0 *
Ed
 1e-07 1 1 0
1  168 0 6.27903646614395 6.28318530717959
2  199 64 0 6.27903646614395 6.28318530717959
4 C0 64 0 10 0
0

0101000
+802 0 -813 0 *
Ed
 1e-07 1 1 0
1  169 0 0.00414884103563828 0.13367251116975
2  200 64 0 0.00414884103563828 0.13367251116975
4 C0 64 0 67 0
0

0101000
+830 0 -877 0 *
Wi

0101100
+914 0 -870 0 -807 0 +805 0 +803 0 +801 0 +800 0 +811 0 +848 0 +829 0 
+799 0 -876 0 +901 0 +895 0 +891 0 +887 0 *
Fa
0  1e-07 64 0

0111000
+798 0 *
Ve
1e-07
3.8 0.299999999999997 0.100000000000001
0 0

0101101
*
Ve
1e-07
3.8 0.299999999999997 -10.6
0 0

0101101
*
Ed
 1e-07 1 1 0
1  170 0 -10.55 0.15
4 C0 77 0 68 0
0

0101000
+796 0 -795 0 *
Ve
1e-07
3.8 7.229 0.100000000000001
0 0

0101101
*
Ed
 1e-07 1 1 0
1  171 0 0 6.929
4 C0 77 0 10 0
0

0101000
+793 0 -796 0 *
Ve
1e-07
3.8 7.229 -10.6
0 0

0101101
*
Ed
 1e-07 1 1 0
1  172 0 0 10.7
2  201 76 0 0 10.7
4 C1 77 0 76 0
0

0101000
+793 0 -791 0 *
Ed
 1e-07 1 1 0
1  173 0 -6.929 0
4 C0 77 0 5 0
0

0101000
+795 0 -791 0 *
Wi

0101100
-794 0 -792 0 +790 0 -789 0 *
Fa
0  1e-07 77 0

0111000
-788 0 *
Ve
1e-07
-0.803438826516956 0.299999999999997 -10.6
0 0

0101101
*
Ed
 1e-07 1 1 0
1  174 0 8.7 13.303438826517
4 C0 5 0 68 0
0

0101000
+795 0 -786 0 *
Ed
 1e-07 1 1 0
1  175 0 4.7123889803847 6.10024589092896
2  202 76 0 4.7123889803847 6.10024589092896
4 C0 5 0 76 0
0

0101000
+791 0 -804 0 *
Ve
1e-07
3.23114831873726 8.84524367395711 -10.6
0 0

0101101
*
Ed
 1e-07 1 1 0
1  176 0 0 1.14248597876221
2  203 75 0 0 1.14248597876221
4 C0 5 0 75 0
0

0101000
+783 0 -806 0 *
Ve
1e-07
-3.5 7.5 -10.6
0 0

0101101
*
Ed
 1e-07 1 1 0
1  177 0 0 2.74708323732673
2  204 78 0 0 2.74708323732673
4 C0 5 0 78 0
0

0101000
+781 0 -783 0 *
Ve
1e-07
-1.76936465280603 1.04118095489748 -10.6
0 0

0101101
*
Ed
 1e-07 1 1 0
1  178 0 3.44942439560307 10.1360859065767
4 C0 5 0 79 0
0

0101000
+779 0 -781 0 *
Ed
 1e-07 1 1 0
1  179 0 0 1.30899693899575
2  205 80 0 0 1.30899693899575
4 C0 5 0 80 0
0

0101000
+786 0 -779 0 *
Wi

0101100
-785 0 +789 0 +784 0 -803 0 -782 0 -780 0 -778 0 -777 0 *
Wi

0101100
+862 0 +1209 0 *
Fa
0  1e-07 5 0

0111000
-776 0 -775 0 *
Ed
 1e-07 1 1 0
1  180 0 0.182939416250622 1.57079632679488
2  206 76 0 0.182939416250622 1.57079632679488
4 C0 76 0 10 0
0

0101000
+802 0 -793 0 *
Wi

0101100
-801 0 -784 0 -790 0 -773 0 *
Fa
0  1e-07 76 0

0111000
+772 0 *
Ve
1e-07
-0.803438826516956 0.299999999999997 0.100000000000002
0 0

0101101
*
Ed
 1e-07 1 1 0
1  181 0 -13.303438826517 -8.7
4 C0 10 0 68 0
0

0101000
+770 0 -796 0 *
Ed
 1e-07 1 1 0
1  182 0 4.97418836818384 6.28318530717959
2  207 74 0 4.97418836818384 6.28318530717959
4 C0 10 0 74 0
0

0101000
+823 0 -770 0 *
Wi

0101100
-769 0 -768 0 -822 0 -816 0 -812 0 -800 0 +773 0 +792 0 *
Wi

0101100
+1198 0 +867 0 *
Fa
0  1e-07 10 0

0111000
+767 0 +766 0 *
Ed
 1e-07 1 1 0
1  183 0 21.1 31.4
2  208 74 0 21.1 31.4
4 C1 68 0 74 0
0

0101000
+770 0 -855 0 *
Ve
1e-07
-0.803438826516956 0.299999999999997 -21
0 0

0101101
*
Ed
 1e-07 1 1 0
1  184 0 0 10.4
2  209 80 0 0 10.4
4 C1 68 0 80 0
0

0101000
+763 0 -786 0 *
Ve
1e-07
4 0.299999999999997 -21
0 0

0101101
*
Ed
 1e-07 1 1 0
1  185 0 0 4.80343882651696
4 C0 68 0 4 0
0

0101000
+761 0 -763 0 *
Ve
1e-07
4 0.299999999999997 21
0 0

0101101
*
Ed
 1e-07 1 1 0
1  186 0 0 42
4 C0 68 0 81 0
0

0101000
+761 0 -759 0 *
Ed
 1e-07 1 1 0
1  187 0 0 0.2
4 C0 68 0 67 0
0

0101000
+759 0 -837 0 *
Wi

0101100
+854 0 -764 0 +769 0 +794 0 +785 0 -762 0 -760 0 +758 0 +757 0 +836 0 
*
Fa
0  1e-07 68 0

0111000
+756 0 *
Ve
1e-07
-1.76936465280603 1.04118095489748 -21
0 0

0101101
*
Ed
 1e-07 1 1 0
1  188 0 0 10.4
2  210 80 0 0 10.4
4 C1 80 0 79 0
0

0101000
+754 0 -779 0 *
Ed
 1e-07 1 1 0
1  189 0 0 1.30899693899575
2  211 80 0 0 1.30899693899575
4 C0 80 0 4 0
0

0101000
+763 0 -754 0 *
Wi

0101100
+777 0 -753 0 -752 0 +762 0 *
Fa
0  1e-07 80 0

0111000
+751 0 *
Ve
1e-07
-3.5 7.5 -21
0 0

0101101
*
Ed
 1e-07 1 1 0
1  190 0 0 10.4
2  212 78 0 0 10.4
4 C0 79 0 78 0
0

0101000
+749 0 -781 0 *
Ed
 1e-07 1 1 0
1  191 0 0 6.68666151097364
4 C0 79 0 4 0
0

0101000
+754 0 -749 0 *
Wi

0101100
+778 0 -748 0 -747 0 +753 0 *
Fa
0  1e-07 79 0

0111000
+746 0 *
Ve
1e-07
3.23114831873726 8.84524367395711 -21
0 0

0101101
*
Ed
 1e-07 1 1 0
1  192 0 0 10.4
2  213 78 0 0 10.4
2  214 75 0 0 10.4
4 G1 78 0 75 0
0

0101000
+744 0 -783 0 *
Ed
 1e-07 1 1 0
1  193 0 0 2.74708323732673
2  215 78 0 0 2.74708323732673
4 C0 78 0 4 0
0

0101000
+749 0 -744 0 *
Wi

0101100
+780 0 -743 0 -742 0 +748 0 *
Fa
0  1e-07 78 0

0111000
+741 0 *
Ed
 1e-07 1 1 0
1  194 0 0 1.14248597876221
2  216 75 0 0 1.14248597876221
4 C0 75 0 4 0
0

0101000
+744 0 -808 0 *
Wi

0101100
-743 0 +739 0 +805 0 -782 0 *
Fa
0  1e-07 75 0

0111000
+738 0 *
Ve
1e-07
4 -2.66453525910038e-15 21
0 0

0101101
*
Ed
 1e-07 1 1 0
1  195 0 0 0.3
4 C0 81 0 67 0
0

0101000
+736 0 -759 0 *
Ve
1e-07
4 -2.66453525910038e-15 -21
0 0

0101101
*
Ed
 1e-07 1 1 0
1  196 0 0 0.3
4 C0 81 0 4 0
0

0101000
+734 0 -761 0 *
Ed
 1e-07 1 1 0
1  197 0 0 42
4 C0 81 0 16 0
0

0101000
+734 0 -736 0 *
Wi

0101100
+735 0 -758 0 -733 0 +732 0 *
Fa
0  1e-07 81 0

0111000
+731 0 *
Wi

0101100
+841 0 -821 0 +768 0 +764 0 *
Fa
0  1e-07 74 0

0111000
+729 0 *
Ed
 1e-07 1 1 0
1  198 0 0 17
4 C0 16 0 67 0
0

0101000
+882 0 -736 0 *
Ed
 1e-07 1 1 0
1  199 0 0 17
4 C0 16 0 4 0
0

0101000
+923 0 -734 0 *
Wi

0101100
+905 0 +880 0 +727 0 -732 0 -726 0 +922 0 +912 0 +966 0 *
Wi

0101100
+1111 0 +1020 0 *
Wi

0101100
+1182 0 +979 0 *
Fa
0  1e-07 16 0

0111000
+725 0 +724 0 +723 0 *
Wi

0101100
+834 0 -757 0 -735 0 -727 0 -881 0 -875 0 -799 0 +828 0 *
Fa
0  1e-07 67 0

0111000
-721 0 *
Wi

0101100
+726 0 +733 0 +760 0 +752 0 +747 0 +742 0 +739 0 +807 0 +871 0 +920 0 
*
Wi

0101100
+859 0 +1215 0 *
Fa
0  1e-07 4 0

0111000
+719 0 +718 0 *
Sh

0101100
-1212 0 -1205 0 -1195 0 -1185 0 -1175 0 -1165 0 -1158 0 +1148 0 +1141 0 +1134 0 
-1124 0 -1114 0 -1104 0 -1094 0 -1087 0 +1077 0 +1070 0 +1063 0 -1053 0 -1049 0 
+1045 0 +1041 0 +1038 0 +1035 0 +1031 0 -1028 0 -1026 0 -1022 0 -1018 0 -1015 0 
-1012 0 -1008 0 +1004 0 +1000 0 +997 0 +994 0 +990 0 -987 0 -985 0 -981 0 
-977 0 -974 0 -971 0 -961 0 -954 0 -947 0 -940 0 +927 0 +917 0 -909 0 
-898 0 -893 0 -888 0 -885 0 +878 0 +873 0 +868 0 -864 0 -860 0 -857 0 
-838 0 -831 0 +826 0 +819 0 +814 0 -809 0 +797 0 -787 0 -774 0 +771 0 
+765 0 +755 0 +750 0 +745 0 +740 0 -737 0 +730 0 +728 0 +722 0 -720 0 
+717 0 *
So

0100000
+716 0 *
Ve
1e-07
5.3 3.73 -18
0 0

0101101
*
Ve
1e-07
6.22 3.73 -19.5104966070799
0 0

0101101
*
Ed
 1e-07 1 1 0
1  200 0 4.71238898038469 5.80651462986413
2  217 82 0 4.71238898038469 5.80651462986413
4 C0 82 0 83 0
0

0101000
+714 0 -713 0 *
Ve
2.75904404719391e-05
5.3 8.18447996020052 -18
0 0

0101101
*
Ed
 1e-07 1 1 0
1  201 0 -2.22723998010026 2.22723998010026
2  218 82 0 -2.22723998010026 2.22723998010026
4 G1 82 0 84 0
0

0101000
+711 0 -714 0 *
Ve
2.75904404719391e-05
7 8.09816570749248 -19.7
0 0

0101101
*
Ed
 2.75904404719391e-05 1 1 0
1  202 0 -2.56320124005447 0
2  219 82 0 -2.56320124005447 0
2  220 85 0 -2.56320124005447 0
4 C0 82 0 85 0
0

0101000
+709 0 -711 0 *
Ve
2.95027262831228e-05
7 6.92038074148524 -19.7
0 0

0101101
*
Ed
 1e-07 1 1 0
1  203 0 -4.00592572739222 -2.82814076138498
2  221 82 0 -4.00592572739222 -2.82814076138498
4 G1 82 0 86 0
0

0101000
+709 0 -707 0 *
Ve
2.95027262831228e-05
6.22000000000001 6.96500000000015 -19.5104966070799
0 0

0101101
*
Ed
 2.95027262831228e-05 1 1 0
1  204 0 1.78737040759826 2.56337664022285
2  222 82 0 1.78737040759826 2.56337664022285
2  223 87 0 1.78737040759826 2.56337664022285
4 C0 82 0 87 0
0

0101000
+705 0 -707 0 *
Ed
 1e-07 1 1 0
1  205 0 -1.61750000000007 1.61750000000008
2  224 82 0 -1.61750000000007 1.61750000000008
4 C0 82 0 88 0
0

0101000
+713 0 -705 0 *
Wi

0101100
-712 0 -710 0 -708 0 +706 0 -704 0 -703 0 *
Fa
0  1e-07 82 0

0111000
+702 0 *
Ve
1e-07
6.22 3.73 19.5104966070799
0 0

0101101
*
Ve
1e-07
5.3 3.73 18
0 0

0101101
*
Ed
 1e-07 1 1 0
1  206 0 5.18905965770014 6.28318530717959
2  225 89 0 5.18905965770014 6.28318530717959
4 C0 89 0 83 0
0

0101000
+700 0 -699 0 *
Ve
2.95027262827494e-05
6.22000000000001 6.96500000000015 19.5104966070799
0 0

0101101
*
Ed
 1e-07 1 1 0
1  207 0 -1.61750000000008 1.61750000000007
2  226 89 0 -1.61750000000008 1.61750000000007
4 C0 89 0 88 0
0

0101000
+697 0 -700 0 *
Ve
2.95027262827494e-05
7 6.92038074148524 19.7
0 0

0101101
*
Ed
 2.95027262827494e-05 1 1 0
1  208 0 7.69201142125377 8.46801765387836
2  227 89 0 7.69201142125377 8.46801765387836
2  228 87 0 7.69201142125377 8.46801765387836
4 C0 89 0 87 0
0

0101000
+695 0 -697 0 *
Ve
2.75904404635737e-05
7 8.09816570749248 19.7
0 0

0101101
*
Ed
 1e-07 1 1 0
1  209 0 -4.00592572739222 -2.82814076138498
2  229 89 0 -4.00592572739222 -2.82814076138498
4 G1 89 0 90 0
0

0101000
+693 0 -695 0 *
Ve
2.75904404635737e-05
5.3 8.18447996020052 18
0 0

0101101
*
Ed
 2.75904404635737e-05 1 1 0
1  210 0 0 2.56320124005446
2  230 89 0 0 2.56320124005446
2  231 85 0 0 2.56320124005446
4 C0 89 0 85 0
0

0101000
+691 0 -693 0 *
Ed
 1e-07 1 1 0
1  211 0 -2.22723998010026 2.22723998010026
2  232 89 0 -2.22723998010026 2.22723998010026
4 G1 89 0 84 0
0

0101000
+691 0 -699 0 *
Wi

0101100
-698 0 -696 0 -694 0 -692 0 -690 0 +689 0 *
Fa
0  1e-07 89 0

0111000
+688 0 *
Ve
1e-07
20.0682009030844 6.61980498281212 -19.7
0 0

0101101
*
Ed
 1e-07 1 1 0
1  212 0 0.0141850340122141 0.123836258254999
2  233 85 0 0.0141850340122141 0.123836258254999
4 C0 86 0 85 0
0

0101000
+709 0 -686 0 *
Ve
1e-07
20.9013570941608 5.6512482906772 -19.7
0 0

0101101
*
Ed
 1e-07 1 1 0
1  213 0 0 1.38586976526698
2  234 91 0 0 1.38586976526698
4 C0 86 0 91 0
0

0101000
+686 0 -684 0 *
Ve
1e-07
21 -2.66453525910038e-15 -19.7
0 0

0101101
*
Ed
 1e-07 1 1 0
1  214 0 0 5.65210913427496
4 C0 86 0 92 0
0

0101000
+684 0 -682 0 *
Ve
1e-07
20.2 -1.77635683940025e-15 -19.7
0 0

0101101
*
Ed
 1e-07 1 1 0
1  215 0 0 0.800000000000001
4 C0 86 0 93 0
0

0101000
+682 0 -680 0 *
Ve
1e-07
20.2 5.38499999999997 -19.7
0 0

0101101
*
Ed
 1e-07 1 1 0
1  216 0 0 5.38499999999997
4 C0 86 0 94 0
0

0101000
+680 0 -678 0 *
Ed
 1e-07 1 1 0
1  217 0 0 0.110798292691896
2  235 87 0 0 0.110798292691896
4 C0 86 0 87 0
0

0101000
+678 0 -707 0 *
Wi

0101100
-706 0 +685 0 +683 0 +681 0 +679 0 +677 0 +676 0 *
Fa
0  1e-07 86 0

0111000
+675 0 *
Ed
 1e-07 1 1 0
1  218 0 0.189503392920098 39.2104966070799
2  236 87 0 0.189503392920098 39.2104966070799
4 C0 88 0 87 0
0

0101000
+705 0 -697 0 *
Ed
 1e-07 1 1 0
1  219 0 0.189503392920098 39.2104966070799
4 C0 88 0 83 0
0

0101000
+713 0 -700 0 *
Wi

0101100
+703 0 +673 0 +696 0 -672 0 *
Fa
0  1e-07 88 0

0111000
+671 0 *
Ed
 1e-07 1 1 0
1  220 0 1.7 37.7
2  237 85 0 1.7 37.7
4 C0 85 0 84 0
0

0101000
+711 0 -691 0 *
Ve
1e-07
20.0682009030844 6.61980498281212 19.7
0 0

0101101
*
Ed
 1e-07 1 1 0
1  221 0 0.0141850340122141 0.123836258254999
2  238 85 0 0.0141850340122141 0.123836258254999
4 C0 85 0 90 0
0

0101000
+693 0 -668 0 *
Ed
 1e-07 1 1 0
1  222 0 0 39.4
2  239 85 0 0 39.4
2  240 91 0 0 39.4
4 G1 85 0 91 0
0

0101000
+686 0 -668 0 *
Wi

0101100
+708 0 +669 0 +690 0 +667 0 -666 0 -685 0 *
Fa
0  1e-07 85 0

0111000
+665 0 *
Ve
1e-07
20.2 5.38499999999997 19.7
0 0

0101101
*
Ed
 1e-07 1 1 0
1  223 0 0 0.110798292691896
2  241 87 0 0 0.110798292691896
4 C0 87 0 90 0
0

0101000
+663 0 -695 0 *
Ed
 1e-07 1 1 0
1  224 0 0 39.4
2  242 87 0 0 39.4
4 C0 87 0 94 0
0

0101000
+678 0 -663 0 *
Wi

0101100
+673 0 -694 0 -662 0 -661 0 +676 0 -704 0 *
Fa
0  1e-07 87 0

0111000
+660 0 *
Ve
1e-07
20.2 -1.77635683940025e-15 19.7
0 0

0101101
*
Ed
 1e-07 1 1 0
1  225 0 0 5.38499999999997
4 C0 90 0 94 0
0

0101000
+658 0 -663 0 *
Ve
1e-07
21 -2.66453525910038e-15 19.7
0 0

0101101
*
Ed
 1e-07 1 1 0
1  226 0 0 0.800000000000001
4 C0 90 0 93 0
0

0101000
+656 0 -658 0 *
Ve
1e-07
20.9013570941608 5.6512482906772 19.7
0 0

0101101
*
Ed
 1e-07 1 1 0
1  227 0 0 5.65210913427496
4 C0 90 0 92 0
0

0101000
+654 0 -656 0 *
Ed
 1e-07 1 1 0
1  228 0 0 1.38586976526698
2  243 91 0 0 1.38586976526698
4 C0 90 0 91 0
0

0101000
+668 0 -654 0 *
Wi

0101100
+692 0 -662 0 -657 0 -655 0 -653 0 -652 0 -667 0 *
Fa
0  1e-07 90 0

0111000
-651 0 *
Ed
 1e-07 1 1 0
1  229 0 0 39.4
4 C0 94 0 93 0
0

0101000
+680 0 -658 0 *
Wi

0101100
+657 0 -661 0 -677 0 +649 0 *
Fa
0  1e-07 94 0

0111000
+648 0 *
Ed
 1e-07 1 1 0
1  230 0 1.7 37.7
4 C0 83 0 84 0
0

0101000
+714 0 -699 0 *
Wi

0101100
+712 0 +672 0 +698 0 -646 0 *
Fa
0  1e-07 83 0

0111000
+645 0 *
Wi

0101100
+710 0 +646 0 -689 0 -669 0 *
Fa
0  1e-07 84 0

0111000
+643 0 *
Ed
 1e-07 1 1 0
1  231 0 0 39.4
2  244 91 0 0 39.4
4 C1 91 0 92 0
0

0101000
+684 0 -654 0 *
Wi

0101100
+652 0 -641 0 -683 0 +666 0 *
Fa
0  1e-07 91 0

0111000
+640 0 *
Ed
 1e-07 1 1 0
1  232 0 0 39.4
4 C0 92 0 93 0
0

0101000
+682 0 -656 0 *
Wi

0101100
+653 0 -638 0 -681 0 +641 0 *
Fa
0  1e-07 92 0

0111000
+637 0 *
Wi

0101100
+655 0 -649 0 -679 0 +638 0 *
Fa
0  1e-07 93 0

0111000
+635 0 *
Sh

0101100
+701 0 +687 0 +674 0 +670 0 +664 0 -659 0 -650 0 +647 0 +644 0 +642 0 
+639 0 +636 0 +634 0 *
So

0100000
+633 0 *
Ve
1e-07
-5.3 3.73 18
0 0

0101101
*
Ve
1e-07
-6.22 3.73 19.5104966070799
0 0

0101101
*
Ed
 1e-07 1 1 0
1  233 0 4.71238898038469 5.80651462986413
2  245 95 0 4.71238898038469 5.80651462986413
4 C0 95 0 96 0
0

0101000
+631 0 -630 0 *
Ve
2.75904404719391e-05
-5.3 8.18447996020052 18
0 0

0101101
*
Ed
 1e-07 1 1 0
1  234 0 -2.22723998010026 2.22723998010026
2  246 95 0 -2.22723998010026 2.22723998010026
4 G1 95 0 97 0
0

0101000
+628 0 -631 0 *
Ve
2.75904404719391e-05
-7 8.09816570749248 19.7
0 0

0101101
*
Ed
 2.75904404719391e-05 1 1 0
1  235 0 -2.56320124005447 0
2  247 95 0 -2.56320124005447 0
2  248 98 0 -2.56320124005447 0
4 C0 95 0 98 0
0

0101000
+626 0 -628 0 *
Ve
2.95027262831228e-05
-7 6.92038074148525 19.7
0 0

0101101
*
Ed
 1e-07 1 1 0
1  236 0 -4.00592572739222 -2.82814076138499
2  249 95 0 -4.00592572739222 -2.82814076138499
4 G1 95 0 99 0
0

0101000
+626 0 -624 0 *
Ve
2.95027262831228e-05
-6.22000000000001 6.96500000000015 19.5104966070799
0 0

0101101
*
Ed
 2.95027262831228e-05 1 1 0
1  237 0 1.78737040759826 2.56337664022285
2  250 95 0 1.78737040759826 2.56337664022285
2  251 100 0 1.78737040759826 2.56337664022285
4 C0 95 0 100 0
0

0101000
+622 0 -624 0 *
Ed
 1e-07 1 1 0
1  238 0 -1.61750000000007 1.61750000000008
2  252 95 0 -1.61750000000007 1.61750000000008
4 C0 95 0 101 0
0

0101000
+630 0 -622 0 *
Wi

0101100
-629 0 -627 0 -625 0 +623 0 -621 0 -620 0 *
Fa
0  1e-07 95 0

0111000
+619 0 *
Ve
1e-07
-6.22 3.73 -19.5104966070799
0 0

0101101
*
Ve
1e-07
-5.3 3.73 -18
0 0

0101101
*
Ed
 1e-07 1 1 0
1  239 0 5.18905965770014 6.28318530717959
2  253 102 0 5.18905965770014 6.28318530717959
4 C0 102 0 96 0
0

0101000
+617 0 -616 0 *
Ve
2.95027262827494e-05
-6.22000000000001 6.96500000000015 -19.5104966070799
0 0

0101101
*
Ed
 1e-07 1 1 0
1  240 0 -1.61750000000008 1.61750000000007
2  254 102 0 -1.61750000000008 1.61750000000007
4 C0 102 0 101 0
0

0101000
+614 0 -617 0 *
Ve
2.95027262827494e-05
-7 6.92038074148525 -19.7
0 0

0101101
*
Ed
 2.95027262827494e-05 1 1 0
1  241 0 7.69201142125377 8.46801765387836
2  255 102 0 7.69201142125377 8.46801765387836
2  256 100 0 7.69201142125377 8.46801765387836
4 C0 102 0 100 0
0

0101000
+612 0 -614 0 *
Ve
2.75904404635737e-05
-7 8.09816570749248 -19.7
0 0

0101101
*
Ed
 1e-07 1 1 0
1  242 0 -4.00592572739222 -2.82814076138499
2  257 102 0 -4.00592572739222 -2.82814076138499
4 G1 102 0 103 0
0

0101000
+610 0 -612 0 *
Ve
2.75904404635737e-05
-5.3 8.18447996020052 -18
0 0

0101101
*
Ed
 2.75904404635737e-05 1 1 0
1  243 0 0 2.56320124005446
2  258 102 0 0 2.56320124005446
2  259 98 0 0 2.56320124005446
4 C0 102 0 98 0
0

0101000
+608 0 -610 0 *
Ed
 1e-07 1 1 0
1  244 0 -2.22723998010026 2.22723998010026
2  260 102 0 -2.22723998010026 2.22723998010026
4 G1 102 0 97 0
0

0101000
+608 0 -616 0 *
Wi

0101100
-615 0 -613 0 -611 0 -609 0 -607 0 +606 0 *
Fa
0  1e-07 102 0

0111000
+605 0 *
Ve
1e-07
-20.0682009030844 6.61980498281212 19.7
0 0

0101101
*
Ed
 1e-07 1 1 0
1  245 0 0.0141850340122141 0.123836258254999
2  261 98 0 0.0141850340122141 0.123836258254999
4 C0 99 0 98 0
0

0101000
+626 0 -603 0 *
Ve
1e-07
-20.9013570941608 5.6512482906772 19.7
0 0

0101101
*
Ed
 1e-07 1 1 0
1  246 0 0 1.38586976526698
2  262 104 0 0 1.38586976526698
4 C0 99 0 104 0
0

0101000
+603 0 -601 0 *
Ve
1e-07
-21 0 19.7
0 0

0101101
*
Ed
 1e-07 1 1 0
1  247 0 0 5.65210913427495
4 C0 99 0 105 0
0

0101000
+601 0 -599 0 *
Ve
1e-07
-20.2 8.88178419700125e-16 19.7
0 0

0101101
*
Ed
 1e-07 1 1 0
1  248 0 0 0.800000000000001
4 C0 99 0 106 0
0

0101000
+599 0 -597 0 *
Ve
1e-07
-20.2 5.38499999999998 19.7
0 0

0101101
*
Ed
 1e-07 1 1 0
1  249 0 0 5.38499999999998
4 C0 99 0 107 0
0

0101000
+597 0 -595 0 *
Ed
 1e-07 1 1 0
1  250 0 0 0.110798292691896
2  263 100 0 0 0.110798292691896
4 C0 99 0 100 0
0

0101000
+595 0 -624 0 *
Wi

0101100
-623 0 +602 0 +600 0 +598 0 +596 0 +594 0 +593 0 *
Fa
0  1e-07 99 0

0111000
+592 0 *
Ed
 1e-07 1 1 0
1  251 0 0.189503392920098 39.2104966070799
2  264 100 0 0.189503392920098 39.2104966070799
4 C0 101 0 100 0
0

0101000
+622 0 -614 0 *
Ed
 1e-07 1 1 0
1  252 0 0.189503392920098 39.2104966070799
4 C0 101 0 96 0
0

0101000
+630 0 -617 0 *
Wi

0101100
+620 0 +590 0 +613 0 -589 0 *
Fa
0  1e-07 101 0

0111000
+588 0 *
Ed
 1e-07 1 1 0
1  253 0 1.7 37.7
2  265 98 0 1.7 37.7
4 C0 98 0 97 0
0

0101000
+628 0 -608 0 *
Ve
1e-07
-20.0682009030844 6.61980498281212 -19.7
0 0

0101101
*
Ed
 1e-07 1 1 0
1  254 0 0.0141850340122141 0.123836258254999
2  266 98 0 0.0141850340122141 0.123836258254999
4 C0 98 0 103 0
0

0101000
+610 0 -585 0 *
Ed
 1e-07 1 1 0
1  255 0 0 39.4
2  267 98 0 0 39.4
2  268 104 0 0 39.4
4 G1 98 0 104 0
0

0101000
+603 0 -585 0 *
Wi

0101100
+625 0 +586 0 +607 0 +584 0 -583 0 -602 0 *
Fa
0  1e-07 98 0

0111000
+582 0 *
Ve
1e-07
-20.2 5.38499999999998 -19.7
0 0

0101101
*
Ed
 1e-07 1 1 0
1  256 0 0 0.110798292691896
2  269 100 0 0 0.110798292691896
4 C0 100 0 103 0
0

0101000
+580 0 -612 0 *
Ed
 1e-07 1 1 0
1  257 0 0 39.4
2  270 100 0 0 39.4
4 C0 100 0 107 0
0

0101000
+595 0 -580 0 *
Wi

0101100
+590 0 -611 0 -579 0 -578 0 +593 0 -621 0 *
Fa
0  1e-07 100 0

0111000
+577 0 *
Ve
1e-07
-20.2 8.88178419700125e-16 -19.7
0 0

0101101
*
Ed
 1e-07 1 1 0
1  258 0 0 5.38499999999998
4 C0 103 0 107 0
0

0101000
+575 0 -580 0 *
Ve
1e-07
-21 0 -19.7
0 0

0101101
*
Ed
 1e-07 1 1 0
1  259 0 0 0.800000000000001
4 C0 103 0 106 0
0

0101000
+573 0 -575 0 *
Ve
1e-07
-20.9013570941608 5.6512482906772 -19.7
0 0

0101101
*
Ed
 1e-07 1 1 0
1  260 0 0 5.65210913427495
4 C0 103 0 105 0
0

0101000
+571 0 -573 0 *
Ed
 1e-07 1 1 0
1  261 0 0 1.38586976526698
2  271 104 0 0 1.38586976526698
4 C0 103 0 104 0
0

0101000
+585 0 -571 0 *
Wi

0101100
+609 0 -579 0 -574 0 -572 0 -570 0 -569 0 -584 0 *
Fa
0  1e-07 103 0

0111000
-568 0 *
Ed
 1e-07 1 1 0
1  262 0 0 39.4
4 C0 107 0 106 0
0

0101000
+597 0 -575 0 *
Wi

0101100
+574 0 -578 0 -594 0 +566 0 *
Fa
0  1e-07 107 0

0111000
+565 0 *
Ed
 1e-07 1 1 0
1  263 0 1.7 37.7
4 C0 96 0 97 0
0

0101000
+631 0 -616 0 *
Wi

0101100
+629 0 +589 0 +615 0 -563 0 *
Fa
0  1e-07 96 0

0111000
+562 0 *
Wi

0101100
+627 0 +563 0 -606 0 -586 0 *
Fa
0  1e-07 97 0

0111000
+560 0 *
Ed
 1e-07 1 1 0
1  264 0 0 39.4
2  272 104 0 0 39.4
4 C1 104 0 105 0
0

0101000
+601 0 -571 0 *
Wi

0101100
+569 0 -558 0 -600 0 +583 0 *
Fa
0  1e-07 104 0

0111000
+557 0 *
Ed
 1e-07 1 1 0
1  265 0 0 39.4
4 C0 105 0 106 0
0

0101000
+599 0 -573 0 *
Wi

0101100
+570 0 -555 0 -598 0 +558 0 *
Fa
0  1e-07 105 0

0111000
+554 0 *
Wi

0101100
+572 0 -566 0 -596 0 +555 0 *
Fa
0  1e-07 106 0

0111000
+552 0 *
Sh

0101100
+618 0 +604 0 +591 0 +587 0 +581 0 -576 0 -567 0 +564 0 +561 0 +559 0 
+556 0 +553 0 +551 0 *
So

0100000
+550 0 *
Ve
1e-07
0 5.49 20.7
0 0

0101101
*
Ve
1e-07
0 5.79 21
0 0

0101101
*
Ed
 1e-07 1 1 0
1  266 0 -0.212132034355965 0.212132034355964
2  273 108 0 -0.212132034355965 0.212132034355964
2  274 109 0 -0.212132034355965 0.212132034355964
4 CN 108 0 109 0
0

0101000
+548 0 -547 0 *
Ve
1e-07
2.46145877118298e-16 9.51 20.7
0 0

0101101
*
Ed
 1e-07 1 1 0
1  267 0 0 3.14159265358979
2  275 108 0 0 3.14159265358979
2  276 110 0 0 3.14159265358979
4 C0 108 0 110 0
0

0101000
+548 0 -545 0 *
Ve
1e-07
2.09407686503626e-16 9.21 21
0 0

0101101
*
Ed
 1e-07 1 1 0
1  268 0 -0.212132034355962 0.212132034355966
2  277 108 0 -0.212132034355962 0.212132034355966
2  278 109 0 -0.212132034355962 0.212132034355966
4 CN 108 0 109 0
0

0101000
+543 0 -545 0 *
Ed
 1e-07 1 1 0
1  269 0 0 3.14159265358979
2  279 108 0 0 3.14159265358979
4 C0 108 0 111 0
0

0101000
+547 0 -543 0 *
Wi

0101100
-546 0 +544 0 -542 0 -541 0 *
Fa
0  1e-07 108 0

0111000
+540 0 *
Ve
1e-07
0 5.49 -19.8
0 0

0101101
*
Ed
 1e-07 1 1 0
1  270 0 -20.25 20.25
2  280 110 0 -20.25 20.25
2  281 112 0 -20.25 20.25
4 CN 110 0 112 0
0

0101000
+538 0 -548 0 *
Ve
1e-07
2.46145877118298e-16 9.51 -19.8
0 0

0101101
*
Ed
 1e-07 1 1 0
1  271 0 0 3.14159265358979
2  282 110 0 0 3.14159265358979
2  283 113 0 0 3.14159265358979
4 C0 110 0 113 0
0

0101000
+538 0 -536 0 *
Ed
 1e-07 1 1 0
1  272 0 -20.25 20.25
2  284 110 0 -20.25 20.25
2  285 112 0 -20.25 20.25
4 CN 110 0 112 0
0

0101000
+545 0 -536 0 *
Wi

0101100
-537 0 +535 0 -534 0 -544 0 *
Fa
0  1e-07 110 0

0111000
+533 0 *
Ve
1e-07
0 5.81153903091734 -21
0 0

0101101
*
Ed
 1e-07 1 1 0
1  273 0 -0.62116570824605 0.621165708246047
2  286 113 0 -0.62116570824605 0.621165708246047
2  287 114 0 -0.62116570824605 0.621165708246047
4 CN 113 0 114 0
0

0101000
+531 0 -538 0 *
Ve
1e-07
2.0677000309197e-16 9.18846096908265 -21
0 0

0101101
*
Ed
 1e-07 1 1 0
1  274 0 0 3.14159265358979
2  288 113 0 0 3.14159265358979
4 C0 113 0 115 0
0

0101000
+531 0 -529 0 *
Ed
 1e-07 1 1 0
1  275 0 -0.621165708246049 0.62116570824605
2  289 113 0 -0.621165708246049 0.62116570824605
2  290 114 0 -0.621165708246049 0.62116570824605
4 CN 113 0 114 0
0

0101000
+536 0 -529 0 *
Wi

0101100
-530 0 +528 0 -527 0 -535 0 *
Fa
0  1e-07 113 0

0111000
+526 0 *
Ed
 1e-07 1 1 0
1  276 0 3.14159265358979 6.28318530717959
2  291 114 0 3.14159265358979 6.28318530717959
4 C0 115 0 114 0
0

0101000
+529 0 -531 0 *
Wi

0101100
-528 0 -524 0 *
Fa
0  1e-07 115 0

0111000
+523 0 *
Ed
 1e-07 1 1 0
1  277 0 3.14159265358979 6.28318530717959
2  292 114 0 3.14159265358979 6.28318530717959
2  293 112 0 3.14159265358979 6.28318530717959
4 C0 114 0 112 0
0

0101000
+536 0 -538 0 *
Wi

0101100
+530 0 -521 0 +527 0 +524 0 *
Fa
0  1e-07 114 0

0111000
+520 0 *
Ed
 1e-07 1 1 0
1  278 0 3.14159265358979 6.28318530717959
2  294 112 0 3.14159265358979 6.28318530717959
2  295 109 0 3.14159265358979 6.28318530717959
4 C0 112 0 109 0
0

0101000
+545 0 -548 0 *
Wi

0101100
+537 0 -518 0 +534 0 +521 0 *
Fa
0  1e-07 112 0

0111000
+517 0 *
Ed
 1e-07 1 1 0
1  279 0 3.14159265358979 6.28318530717959
2  296 109 0 3.14159265358979 6.28318530717959
4 C0 109 0 111 0
0

0101000
+543 0 -547 0 *
Wi

0101100
+546 0 -515 0 +542 0 +518 0 *
Fa
0  1e-07 109 0

0111000
+514 0 *
Wi

0101100
+541 0 +515 0 *
Fa
0  1e-07 111 0

0111000
+512 0 *
Sh

0101100
+539 0 +532 0 +525 0 +522 0 +519 0 +516 0 +513 0 +511 0 *
So

0100000
+510 0 *
Ve
1e-07
0 9.5 20.95
0 0

0101101
*
Ve
1e-07
-2.44921270764475e-16 5.5 20.95
0 0

0101101
*
Ed
 1e-07 1 1 0
1  280 0 0 3.14159265358979
2  297 116 0 0 3.14159265358979
2  298 117 0 0 3.14159265358979
4 C0 116 0 117 0
0

0101000
+508 0 -507 0 *
Ve
1e-07
-2.51044302533587e-16 5.45 21
0 0

0101101
*
Ed
 1e-07 1 1 0
1  281 0 -0.0353553390593291 0.035355339059326
2  299 116 0 -0.0353553390593291 0.035355339059326
2  300 118 0 -0.0353553390593291 0.035355339059326
4 CN 116 0 118 0
0

0101000
+507 0 -505 0 *
Ve
1e-07
0 9.55 21
0 0

0101101
*
Ed
 1e-07 1 1 0
1  282 0 3.14159265358979 6.28318530717959
2  301 116 0 3.14159265358979 6.28318530717959
4 C0 116 0 119 0
0

0101000
+505 0 -503 0 *
Ed
 1e-07 1 1 0
1  283 0 -0.0353553390593266 0.0353553390593291
2  302 116 0 -0.0353553390593266 0.0353553390593291
2  303 118 0 -0.0353553390593266 0.0353553390593291
4 CN 116 0 118 0
0

0101000
+503 0 -508 0 *
Wi

0101100
+506 0 +504 0 +502 0 +501 0 *
Fa
0  1e-07 116 0

0111000
+500 0 *
Ve
1e-07
2.44921270764475e-16 9.5 10.6
0 0

0101101
*
Ve
1e-07
0 5.5 10.6
0 0

0101101
*
Ed
 1e-07 1 1 0
1  284 0 0 3.14159265358979
2  304 117 0 0 3.14159265358979
4 C0 117 0 120 0
0

0101000
+498 0 -497 0 *
Ed
 1e-07 1 1 0
1  285 0 -5.175 5.175
2  305 117 0 -5.175 5.175
2  306 121 0 -5.175 5.175
4 CN 117 0 121 0
0

0101000
+497 0 -507 0 *
Ed
 1e-07 1 1 0
1  286 0 -5.175 5.175
2  307 117 0 -5.175 5.175
2  308 121 0 -5.175 5.175
4 CN 117 0 121 0
0

0101000
+508 0 -498 0 *
Wi

0101100
+496 0 +495 0 -506 0 +494 0 *
Fa
0  1e-07 117 0

0111000
+493 0 *
Ve
1e-07
2.44921270764475e-16 9.5 -10.4
0 0

0101101
*
Ve
1e-07
0 5.5 -10.4
0 0

0101101
*
Ed
 1e-07 1 1 0
1  287 0 0 3.14159265358979
2  309 122 0 0 3.14159265358979
4 C0 122 0 123 0
0

0101000
+491 0 -490 0 *
Ve
1e-07
0 5.5 -0.1
0 0

0101101
*
Ed
 1e-07 1 1 0
1  288 0 -5.15 5.15
2  310 122 0 -5.15 5.15
2  311 124 0 -5.15 5.15
4 CN 122 0 124 0
0

0101000
+490 0 -488 0 *
Ve
1e-07
2.44921270764475e-16 9.5 -0.0999999999999996
0 0

0101101
*
Ed
 1e-07 1 1 0
1  289 0 3.14159265358979 6.28318530717959
2  312 122 0 3.14159265358979 6.28318530717959
4 C0 122 0 125 0
0

0101000
+488 0 -486 0 *
Ed
 1e-07 1 1 0
1  290 0 -5.15 5.15
2  313 122 0 -5.15 5.15
2  314 124 0 -5.15 5.15
4 CN 122 0 124 0
0

0101000
+486 0 -491 0 *
Wi

0101100
+489 0 +487 0 +485 0 +484 0 *
Fa
0  1e-07 122 0

0111000
+483 0 *
Ve
1e-07
-6 2 12.5
0 0

0101101
*
Ve
1e-07
-19 2 12.5
0 0

0101101
*
Ed
 1e-07 1 1 0
1  291 0 0 3.14159265358979
2  315 126 0 0 3.14159265358979
4 C0 126 0 127 0
0

0101000
+481 0 -480 0 *
Ve
1e-07
-19 3.5 12.5
0 0

0101101
*
Ed
 1e-07 1 1 0
1  292 0 -0.75 0.75
2  316 126 0 -0.75 0.75
2  317 128 0 -0.75 0.75
4 CN 126 0 128 0
0

0101000
+480 0 -478 0 *
Ve
1e-07
-6 3.5 12.5
0 0

0101101
*
Ed
 1e-07 1 1 0
1  293 0 3.14159265358979 6.28318530717959
2  318 126 0 3.14159265358979 6.28318530717959
4 C0 126 0 129 0
0

0101000
+478 0 -476 0 *
Ed
 1e-07 1 1 0
1  294 0 -0.75 0.75
2  319 126 0 -0.75 0.75
2  320 128 0 -0.75 0.75
4 CN 126 0 128 0
0

0101000
+476 0 -481 0 *
Wi

0101100
+479 0 +477 0 +475 0 +474 0 *
Fa
0  1e-07 126 0

0111000
+473 0 *
Ve
1e-07
-8.85 0 12.5
0 0

0101101
*
Ve
1e-07
-16.15 0 12.5
0 0

0101101
*
Ed
 1e-07 1 1 0
1  295 0 0 3.14159265358979
2  321 130 0 0 3.14159265358979
4 C0 130 0 131 0
0

0101000
+471 0 -470 0 *
Ve
1e-07
-16.15 2 12.5
0 0

0101101
*
Ed
 1e-07 1 1 0
1  296 0 -1 1
2  322 130 0 -1 1
2  323 132 0 -1 1
4 CN 130 0 132 0
0

0101000
+470 0 -468 0 *
Ve
1e-07
-8.85 2 12.5
0 0

0101101
*
Ed
 1e-07 1 1 0
1  297 0 0 3.14159265358979
2  324 130 0 0 3.14159265358979
4 C0 130 0 133 0
0

0101000
+466 0 -468 0 *
Ed
 1e-07 1 1 0
1  298 0 -1 1
2  325 130 0 -1 1
2  326 132 0 -1 1
4 CN 130 0 132 0
0

0101000
+466 0 -471 0 *
Wi

0101100
+469 0 +467 0 -465 0 +464 0 *
Fa
0  1e-07 130 0

0111000
+463 0 *
Ve
1e-07
-15.15 2.84 12.5
0 0

0101101
*
Ve
1e-07
-9.85 2.84 12.5
0 0

0101101
*
Ed
 1e-07 1 1 0
1  299 0 3.14159265358979 6.28318530717959
2  327 134 0 3.14159265358979 6.28318530717959
2  328 135 0 3.14159265358979 6.28318530717959
4 C0 134 0 135 0
0

0101000
+461 0 -460 0 *
Ve
1e-07
-15.15 2.49 12.5
0 0

0101101
*
Ed
 1e-07 1 1 0
1  300 0 -0.175 0.175
2  329 134 0 -0.175 0.175
2  330 136 0 -0.175 0.175
4 CN 134 0 136 0
0

0101000
+461 0 -458 0 *
Ve
1e-07
-9.85 2.49 12.5
0 0

0101101
*
Ed
 1e-07 1 1 0
1  301 0 3.14159265358979 6.28318530717959
2  331 134 0 3.14159265358979 6.28318530717959
4 C0 134 0 137 0
0

0101000
+458 0 -456 0 *
Ed
 1e-07 1 1 0
1  302 0 -0.175 0.175
2  332 134 0 -0.175 0.175
2  333 136 0 -0.175 0.175
4 CN 134 0 136 0
0

0101000
+456 0 -460 0 *
Wi

0101100
-459 0 +457 0 +455 0 +454 0 *
Fa
0  1e-07 134 0

0111000
+453 0 *
Ve
1e-07
-17.6 5.29 12.5
0 0

0101101
*
Ve
1e-07
-7.4 5.29 12.5
0 0

0101101
*
Ed
 1e-07 1 1 0
1  303 0 3.14159265358979 6.28318530717959
2  334 135 0 3.14159265358979 6.28318530717959
4 C0 135 0 138 0
0

0101000
+451 0 -450 0 *
Ed
 1e-07 1 1 0
1  304 0 -1.73241161390704 1.73241161390704
2  335 135 0 -1.73241161390704 1.73241161390704
2  336 139 0 -1.73241161390704 1.73241161390704
4 CN 135 0 139 0
0

0101000
+451 0 -461 0 *
Ed
 1e-07 1 1 0
1  305 0 -1.73241161390704 1.73241161390704
2  337 135 0 -1.73241161390704 1.73241161390704
2  338 139 0 -1.73241161390704 1.73241161390704
4 CN 135 0 139 0
0

0101000
+460 0 -450 0 *
Wi

0101100
-449 0 +448 0 +459 0 +447 0 *
Fa
0  1e-07 135 0

0111000
+446 0 *
Ve
1e-07
-7 5.14 12.5
0 0

0101101
*
Ve
1e-07
-7.15 5.29 12.5
0 0

0101101
*
Ed
 1e-07 1 1 0
1  306 0 -0.106066017177982 0.106066017177982
2  339 140 0 -0.106066017177982 0.106066017177982
2  340 141 0 -0.106066017177982 0.106066017177982
4 CN 140 0 141 0
0

0101000
+444 0 -443 0 *
Ve
1e-07
-18 5.14 12.5
0 0

0101101
*
Ed
 1e-07 1 1 0
1  307 0 0 3.14159265358979
2  341 140 0 0 3.14159265358979
2  342 142 0 0 3.14159265358979
4 C0 140 0 142 0
0

0101000
+444 0 -441 0 *
Ve
1e-07
-17.85 5.29 12.5
0 0

0101101
*
Ed
 1e-07 1 1 0
1  308 0 -0.106066017177982 0.106066017177982
2  343 140 0 -0.106066017177982 0.106066017177982
2  344 141 0 -0.106066017177982 0.106066017177982
4 CN 140 0 141 0
0

0101000
+439 0 -441 0 *
Ed
 1e-07 1 1 0
1  309 0 0 3.14159265358979
2  345 140 0 0 3.14159265358979
4 C0 140 0 138 0
0

0101000
+443 0 -439 0 *
Wi

0101100
-442 0 +440 0 -438 0 -437 0 *
Fa
0  1e-07 140 0

0111000
+436 0 *
Ve
1e-07
-7 2.24 12.5
0 0

0101101
*
Ed
 1e-07 1 1 0
1  310 0 -1.45 1.45
2  346 142 0 -1.45 1.45
2  347 143 0 -1.45 1.45
4 CN 142 0 143 0
0

0101000
+434 0 -444 0 *
Ve
1e-07
-18 2.24 12.5
0 0

0101101
*
Ed
 1e-07 1 1 0
1  311 0 0 3.14159265358979
2  348 142 0 0 3.14159265358979
2  349 144 0 0 3.14159265358979
4 C0 142 0 144 0
0

0101000
+434 0 -432 0 *
Ed
 1e-07 1 1 0
1  312 0 -1.45 1.45
2  350 142 0 -1.45 1.45
2  351 143 0 -1.45 1.45
4 CN 142 0 143 0
0

0101000
+441 0 -432 0 *
Wi

0101100
-433 0 +431 0 -430 0 -440 0 *
Fa
0  1e-07 142 0

0111000
+429 0 *
Ve
1e-07
-7.24 2 12.5
0 0

0101101
*
Ed
 1e-07 1 1 0
1  313 0 -0.162634559672906 0.176776695296637
2  352 144 0 -0.162634559672906 0.176776695296637
2  353 145 0 -0.162634559672906 0.176776695296637
4 CN 144 0 145 0
0

0101000
+427 0 -434 0 *
Ve
1e-07
-17.76 2 12.5
0 0

0101101
*
Ed
 1e-07 1 1 0
1  314 0 3.14159265358979 6.28318530717959
2  354 144 0 3.14159265358979 6.28318530717959
4 C0 144 0 127 0
0

0101000
+425 0 -427 0 *
Ed
 1e-07 1 1 0
1  315 0 -0.176776695296637 0.162634559672905
2  355 144 0 -0.176776695296637 0.162634559672905
2  356 145 0 -0.176776695296637 0.162634559672905
4 CN 144 0 145 0
0

0101000
+432 0 -425 0 *
Wi

0101100
-426 0 -424 0 -423 0 -431 0 *
Fa
0  1e-07 144 0

0111000
+422 0 *
Ve
1e-07
-17.25 2.49 12.5
0 0

0101101
*
Ve
1e-07
-7.75 2.49 12.5
0 0

0101101
*
Ed
 1e-07 1 1 0
1  316 0 3.14159265358979 6.28318530717959
2  357 146 0 3.14159265358979 6.28318530717959
4 C0 146 0 137 0
0

0101000
+420 0 -419 0 *
Ve
1e-07
-17.74 2 12.5
0 0

0101101
*
Ed
 1e-07 1 1 0
1  317 0 -0.353553390593274 0.339411254969542
2  358 146 0 -0.353553390593274 0.339411254969542
2  359 147 0 -0.353553390593274 0.339411254969542
4 CN 146 0 147 0
0

0101000
+420 0 -417 0 *
Ve
1e-07
-7.26 2 12.5
0 0

0101101
*
Ed
 1e-07 1 1 0
1  318 0 3.14159265358979 6.28318530717959
2  360 146 0 3.14159265358979 6.28318530717959
4 C0 146 0 133 0
0

0101000
+417 0 -415 0 *
Ed
 1e-07 1 1 0
1  319 0 -0.339411254969543 0.353553390593274
2  361 146 0 -0.339411254969543 0.353553390593274
2  362 147 0 -0.339411254969543 0.353553390593274
4 CN 146 0 147 0
0

0101000
+415 0 -419 0 *
Wi

0101100
-418 0 +416 0 +414 0 +413 0 *
Fa
0  1e-07 146 0

0111000
+412 0 *
Ve
1e-07
-6 2 -12.5
0 0

0101101
*
Ve
1e-07
-19 2 -12.5
0 0

0101101
*
Ed
 1e-07 1 1 0
1  320 0 0 3.14159265358979
2  363 148 0 0 3.14159265358979
4 C0 148 0 149 0
0

0101000
+410 0 -409 0 *
Ve
1e-07
-19 3.5 -12.5
0 0

0101101
*
Ed
 1e-07 1 1 0
1  321 0 -0.75 0.75
2  364 148 0 -0.75 0.75
2  365 150 0 -0.75 0.75
4 CN 148 0 150 0
0

0101000
+409 0 -407 0 *
Ve
1e-07
-6 3.5 -12.5
0 0

0101101
*
Ed
 1e-07 1 1 0
1  322 0 3.14159265358979 6.28318530717959
2  366 148 0 3.14159265358979 6.28318530717959
4 C0 148 0 129 0
0

0101000
+407 0 -405 0 *
Ed
 1e-07 1 1 0
1  323 0 -0.75 0.75
2  367 148 0 -0.75 0.75
2  368 150 0 -0.75 0.75
4 CN 148 0 150 0
0

0101000
+405 0 -410 0 *
Wi

0101100
+408 0 +406 0 +404 0 +403 0 *
Fa
0  1e-07 148 0

0111000
+402 0 *
Ve
1e-07
-8.85 0 -12.5
0 0

0101101
*
Ve
1e-07
-16.15 0 -12.5
0 0

0101101
*
Ed
 1e-07 1 1 0
1  324 0 0 3.14159265358979
2  369 151 0 0 3.14159265358979
4 C0 151 0 131 0
0

0101000
+400 0 -399 0 *
Ve
1e-07
-16.15 2 -12.5
0 0

0101101
*
Ed
 1e-07 1 1 0
1  325 0 -1 1
2  370 151 0 -1 1
2  371 152 0 -1 1
4 CN 151 0 152 0
0

0101000
+399 0 -397 0 *
Ve
1e-07
-8.85 2 -12.5
0 0

0101101
*
Ed
 1e-07 1 1 0
1  326 0 0 3.14159265358979
2  372 151 0 0 3.14159265358979
4 C0 151 0 153 0
0

0101000
+395 0 -397 0 *
Ed
 1e-07 1 1 0
1  327 0 -1 1
2  373 151 0 -1 1
2  374 152 0 -1 1
4 CN 151 0 152 0
0

0101000
+395 0 -400 0 *
Wi

0101100
+398 0 +396 0 -394 0 +393 0 *
Fa
0  1e-07 151 0

0111000
+392 0 *
Ve
1e-07
-15.15 2.84 -12.5
0 0

0101101
*
Ve
1e-07
-9.85 2.84 -12.5
0 0

0101101
*
Ed
 1e-07 1 1 0
1  328 0 3.14159265358979 6.28318530717959
2  375 154 0 3.14159265358979 6.28318530717959
2  376 155 0 3.14159265358979 6.28318530717959
4 C0 154 0 155 0
0

0101000
+390 0 -389 0 *
Ve
1e-07
-15.15 2.49 -12.5
0 0

0101101
*
Ed
 1e-07 1 1 0
1  329 0 -0.175 0.175
2  377 154 0 -0.175 0.175
2  378 156 0 -0.175 0.175
4 CN 154 0 156 0
0

0101000
+390 0 -387 0 *
Ve
1e-07
-9.85 2.49 -12.5
0 0

0101101
*
Ed
 1e-07 1 1 0
1  330 0 3.14159265358979 6.28318530717959
2  379 154 0 3.14159265358979 6.28318530717959
4 C0 154 0 157 0
0

0101000
+387 0 -385 0 *
Ed
 1e-07 1 1 0
1  331 0 -0.175 0.175
2  380 154 0 -0.175 0.175
2  381 156 0 -0.175 0.175
4 CN 154 0 156 0
0

0101000
+385 0 -389 0 *
Wi

0101100
-388 0 +386 0 +384 0 +383 0 *
Fa
0  1e-07 154 0

0111000
+382 0 *
Ve
1e-07
-17.6 5.29 -12.5
0 0

0101101
*
Ve
1e-07
-7.4 5.29 -12.5
0 0

0101101
*
Ed
 1e-07 1 1 0
1  332 0 3.14159265358979 6.28318530717959
2  382 155 0 3.14159265358979 6.28318530717959
4 C0 155 0 158 0
0

0101000
+380 0 -379 0 *
Ed
 1e-07 1 1 0
1  333 0 -1.73241161390704 1.73241161390704
2  383 155 0 -1.73241161390704 1.73241161390704
2  384 159 0 -1.73241161390704 1.73241161390704
4 CN 155 0 159 0
0

0101000
+380 0 -390 0 *
Ed
 1e-07 1 1 0
1  334 0 -1.73241161390704 1.73241161390704
2  385 155 0 -1.73241161390704 1.73241161390704
2  386 159 0 -1.73241161390704 1.73241161390704
4 CN 155 0 159 0
0

0101000
+389 0 -379 0 *
Wi

0101100
-378 0 +377 0 +388 0 +376 0 *
Fa
0  1e-07 155 0

0111000
+375 0 *
Ve
1e-07
-7 5.14 -12.5
0 0

0101101
*
Ve
1e-07
-7.15 5.29 -12.5
0 0

0101101
*
Ed
 1e-07 1 1 0
1  335 0 -0.106066017177982 0.106066017177982
2  387 160 0 -0.106066017177982 0.106066017177982
2  388 161 0 -0.106066017177982 0.106066017177982
4 CN 160 0 161 0
0

0101000
+373 0 -372 0 *
Ve
1e-07
-18 5.14 -12.5
0 0

0101101
*
Ed
 1e-07 1 1 0
1  336 0 0 3.14159265358979
2  389 160 0 0 3.14159265358979
2  390 162 0 0 3.14159265358979
4 C0 160 0 162 0
0

0101000
+373 0 -370 0 *
Ve
1e-07
-17.85 5.29 -12.5
0 0

0101101
*
Ed
 1e-07 1 1 0
1  337 0 -0.106066017177982 0.106066017177982
2  391 160 0 -0.106066017177982 0.106066017177982
2  392 161 0 -0.106066017177982 0.106066017177982
4 CN 160 0 161 0
0

0101000
+368 0 -370 0 *
Ed
 1e-07 1 1 0
1  338 0 0 3.14159265358979
2  393 160 0 0 3.14159265358979
4 C0 160 0 158 0
0

0101000
+372 0 -368 0 *
Wi

0101100
-371 0 +369 0 -367 0 -366 0 *
Fa
0  1e-07 160 0

0111000
+365 0 *
Ve
1e-07
-7 2.24 -12.5
0 0

0101101
*
Ed
 1e-07 1 1 0
1  339 0 -1.45 1.45
2  394 162 0 -1.45 1.45
2  395 163 0 -1.45 1.45
4 CN 162 0 163 0
0

0101000
+363 0 -373 0 *
Ve
1e-07
-18 2.24 -12.5
0 0

0101101
*
Ed
 1e-07 1 1 0
1  340 0 0 3.14159265358979
2  396 162 0 0 3.14159265358979
2  397 164 0 0 3.14159265358979
4 C0 162 0 164 0
0

0101000
+363 0 -361 0 *
Ed
 1e-07 1 1 0
1  341 0 -1.45 1.45
2  398 162 0 -1.45 1.45
2  399 163 0 -1.45 1.45
4 CN 162 0 163 0
0

0101000
+370 0 -361 0 *
Wi

0101100
-362 0 +360 0 -359 0 -369 0 *
Fa
0  1e-07 162 0

0111000
+358 0 *
Ve
1e-07
-7.24 2 -12.5
0 0

0101101
*
Ed
 1e-07 1 1 0
1  342 0 -0.162634559672906 0.176776695296637
2  400 164 0 -0.162634559672906 0.176776695296637
2  401 165 0 -0.162634559672906 0.176776695296637
4 CN 164 0 165 0
0

0101000
+356 0 -363 0 *
Ve
1e-07
-17.76 2 -12.5
0 0

0101101
*
Ed
 1e-07 1 1 0
1  343 0 3.14159265358979 6.28318530717959
2  402 164 0 3.14159265358979 6.28318530717959
4 C0 164 0 149 0
0

0101000
+354 0 -356 0 *
Ed
 1e-07 1 1 0
1  344 0 -0.176776695296637 0.162634559672905
2  403 164 0 -0.176776695296637 0.162634559672905
2  404 165 0 -0.176776695296637 0.162634559672905
4 CN 164 0 165 0
0

0101000
+361 0 -354 0 *
Wi

0101100
-355 0 -353 0 -352 0 -360 0 *
Fa
0  1e-07 164 0

0111000
+351 0 *
Ve
1e-07
-17.25 2.49 -12.5
0 0

0101101
*
Ve
1e-07
-7.75 2.49 -12.5
0 0

0101101
*
Ed
 1e-07 1 1 0
1  345 0 3.14159265358979 6.28318530717959
2  405 166 0 3.14159265358979 6.28318530717959
4 C0 166 0 157 0
0

0101000
+349 0 -348 0 *
Ve
1e-07
-17.74 2 -12.5
0 0

0101101
*
Ed
 1e-07 1 1 0
1  346 0 -0.353553390593274 0.339411254969542
2  406 166 0 -0.353553390593274 0.339411254969542
2  407 167 0 -0.353553390593274 0.339411254969542
4 CN 166 0 167 0
0

0101000
+349 0 -346 0 *
Ve
1e-07
-7.26 2 -12.5
0 0

0101101
*
Ed
 1e-07 1 1 0
1  347 0 3.14159265358979 6.28318530717959
2  408 166 0 3.14159265358979 6.28318530717959
4 C0 166 0 153 0
0

0101000
+346 0 -344 0 *
Ed
 1e-07 1 1 0
1  348 0 -0.339411254969543 0.353553390593274
2  409 166 0 -0.339411254969543 0.353553390593274
2  410 167 0 -0.339411254969543 0.353553390593274
4 CN 166 0 167 0
0

0101000
+344 0 -348 0 *
Wi

0101100
-347 0 +345 0 +343 0 +342 0 *
Fa
0  1e-07 166 0

0111000
+341 0 *
Ed
 1e-07 1 1 0
1  349 0 0 3.14159265358979
2  411 167 0 0 3.14159265358979
4 C0 167 0 153 0
0

0101000
+344 0 -346 0 *
Ed
 1e-07 1 1 0
1  350 0 0 3.14159265358979
2  412 167 0 0 3.14159265358979
4 C0 167 0 157 0
0

0101000
+348 0 -349 0 *
Wi

0101100
+339 0 -345 0 -338 0 -342 0 *
Fa
0  1e-07 167 0

0111000
+337 0 *
Ed
 1e-07 1 1 0
1  351 0 3.14159265358979 6.28318530717959
2  413 165 0 3.14159265358979 6.28318530717959
2  414 163 0 3.14159265358979 6.28318530717959
4 C0 165 0 163 0
0

0101000
+361 0 -363 0 *
Ed
 1e-07 1 1 0
1  352 0 0 3.14159265358979
2  415 165 0 0 3.14159265358979
4 C0 165 0 149 0
0

0101000
+356 0 -354 0 *
Wi

0101100
+355 0 -335 0 +352 0 -334 0 *
Fa
0  1e-07 165 0

0111000
+333 0 *
Wi

0101100
-338 0 -347 0 *
Ed
 1e-07 1 1 0
1  353 0 0 3.14159265358979
2  416 156 0 0 3.14159265358979
4 C0 157 0 156 0
0

0101000
+385 0 -387 0 *
Wi

0101100
+330 0 +384 0 *
Fa
0  1e-07 157 0

0111000
+331 0 +329 0 *
Ed
 1e-07 1 1 0
1  354 0 3.14159265358979 6.28318530717959
2  417 163 0 3.14159265358979 6.28318530717959
2  418 161 0 3.14159265358979 6.28318530717959
4 C0 163 0 161 0
0

0101000
+370 0 -373 0 *
Wi

0101100
+362 0 -327 0 +359 0 +335 0 *
Fa
0  1e-07 163 0

0111000
+326 0 *
Ed
 1e-07 1 1 0
1  355 0 3.14159265358979 6.28318530717959
2  419 161 0 3.14159265358979 6.28318530717959
4 C0 161 0 158 0
0

0101000
+368 0 -372 0 *
Wi

0101100
+371 0 -324 0 +367 0 +327 0 *
Fa
0  1e-07 161 0

0111000
+323 0 *
Wi

0101100
+366 0 +324 0 *
Ed
 1e-07 1 1 0
1  356 0 0 3.14159265358979
2  420 159 0 0 3.14159265358979
4 C0 158 0 159 0
0

0101000
+379 0 -380 0 *
Wi

0101100
-320 0 -378 0 *
Fa
0  1e-07 158 0

0111000
+321 0 +319 0 *
Ed
 1e-07 1 1 0
1  357 0 0 3.14159265358979
2  421 159 0 0 3.14159265358979
2  422 156 0 0 3.14159265358979
4 C0 159 0 156 0
0

0101000
+389 0 -390 0 *
Wi

0101100
+317 0 -377 0 -320 0 -376 0 *
Fa
0  1e-07 159 0

0111000
+316 0 *
Wi

0101100
+330 0 -386 0 -317 0 -383 0 *
Fa
0  1e-07 156 0

0111000
+314 0 *
Ed
 1e-07 1 1 0
1  358 0 3.14159265358979 6.28318530717959
2  423 150 0 3.14159265358979 6.28318530717959
4 C0 149 0 150 0
0

0101000
+409 0 -410 0 *
Wi

0101100
+408 0 +312 0 *
Wi

0101100
+353 0 +334 0 *
Fa
0  1e-07 149 0

0111000
-311 0 -310 0 *
Ed
 1e-07 1 1 0
1  359 0 3.14159265358979 6.28318530717959
2  424 152 0 3.14159265358979 6.28318530717959
4 C0 152 0 153 0
0

0101000
+397 0 -395 0 *
Ed
 1e-07 1 1 0
1  360 0 3.14159265358979 6.28318530717959
2  425 152 0 3.14159265358979 6.28318530717959
4 C0 152 0 131 0
0

0101000
+399 0 -400 0 *
Wi

0101100
-308 0 -396 0 +307 0 -393 0 *
Fa
0  1e-07 152 0

0111000
+306 0 *
Wi

0101100
+343 0 +339 0 *
Wi

0101100
-394 0 -308 0 *
Fa
0  1e-07 153 0

0111000
-304 0 -303 0 *
Ed
 1e-07 1 1 0
1  361 0 0 3.14159265358979
2  426 150 0 0 3.14159265358979
4 C0 150 0 129 0
0

0101000
+405 0 -407 0 *
Wi

0101100
+301 0 -406 0 +312 0 -403 0 *
Fa
0  1e-07 150 0

0111000
+300 0 *
Ed
 1e-07 1 1 0
1  362 0 0 3.14159265358979
2  427 147 0 0 3.14159265358979
4 C0 147 0 133 0
0

0101000
+415 0 -417 0 *
Ed
 1e-07 1 1 0
1  363 0 0 3.14159265358979
2  428 147 0 0 3.14159265358979
4 C0 147 0 137 0
0

0101000
+419 0 -420 0 *
Wi

0101100
+298 0 -416 0 -297 0 -413 0 *
Fa
0  1e-07 147 0

0111000
+296 0 *
Ed
 1e-07 1 1 0
1  364 0 3.14159265358979 6.28318530717959
2  429 145 0 3.14159265358979 6.28318530717959
2  430 143 0 3.14159265358979 6.28318530717959
4 C0 145 0 143 0
0

0101000
+432 0 -434 0 *
Ed
 1e-07 1 1 0
1  365 0 0 3.14159265358979
2  431 145 0 0 3.14159265358979
4 C0 145 0 127 0
0

0101000
+427 0 -425 0 *
Wi

0101100
+426 0 -294 0 +423 0 -293 0 *
Fa
0  1e-07 145 0

0111000
+292 0 *
Wi

0101100
-297 0 -418 0 *
Ed
 1e-07 1 1 0
1  366 0 0 3.14159265358979
2  432 136 0 0 3.14159265358979
4 C0 137 0 136 0
0

0101000
+456 0 -458 0 *
Wi

0101100
+289 0 +455 0 *
Fa
0  1e-07 137 0

0111000
+290 0 +288 0 *
Ed
 1e-07 1 1 0
1  367 0 3.14159265358979 6.28318530717959
2  433 143 0 3.14159265358979 6.28318530717959
2  434 141 0 3.14159265358979 6.28318530717959
4 C0 143 0 141 0
0

0101000
+441 0 -444 0 *
Wi

0101100
+433 0 -286 0 +430 0 +294 0 *
Fa
0  1e-07 143 0

0111000
+285 0 *
Ed
 1e-07 1 1 0
1  368 0 3.14159265358979 6.28318530717959
2  435 141 0 3.14159265358979 6.28318530717959
4 C0 141 0 138 0
0

0101000
+439 0 -443 0 *
Wi

0101100
+442 0 -283 0 +438 0 +286 0 *
Fa
0  1e-07 141 0

0111000
+282 0 *
Wi

0101100
+437 0 +283 0 *
Ed
 1e-07 1 1 0
1  369 0 0 3.14159265358979
2  436 139 0 0 3.14159265358979
4 C0 138 0 139 0
0

0101000
+450 0 -451 0 *
Wi

0101100
-279 0 -449 0 *
Fa
0  1e-07 138 0

0111000
+280 0 +278 0 *
Ed
 1e-07 1 1 0
1  370 0 0 3.14159265358979
2  437 139 0 0 3.14159265358979
2  438 136 0 0 3.14159265358979
4 C0 139 0 136 0
0

0101000
+460 0 -461 0 *
Wi

0101100
+276 0 -448 0 -279 0 -447 0 *
Fa
0  1e-07 139 0

0111000
+275 0 *
Wi

0101100
+289 0 -457 0 -276 0 -454 0 *
Fa
0  1e-07 136 0

0111000
+273 0 *
Ed
 1e-07 1 1 0
1  371 0 3.14159265358979 6.28318530717959
2  439 128 0 3.14159265358979 6.28318530717959
4 C0 127 0 128 0
0

0101000
+480 0 -481 0 *
Wi

0101100
+479 0 +271 0 *
Wi

0101100
+424 0 +293 0 *
Fa
0  1e-07 127 0

0111000
-270 0 -269 0 *
Ed
 1e-07 1 1 0
1  372 0 3.14159265358979 6.28318530717959
2  440 132 0 3.14159265358979 6.28318530717959
4 C0 132 0 133 0
0

0101000
+468 0 -466 0 *
Ed
 1e-07 1 1 0
1  373 0 3.14159265358979 6.28318530717959
2  441 132 0 3.14159265358979 6.28318530717959
4 C0 132 0 131 0
0

0101000
+470 0 -471 0 *
Wi

0101100
-267 0 -467 0 +266 0 -464 0 *
Fa
0  1e-07 132 0

0111000
+265 0 *
Wi

0101100
+414 0 +298 0 *
Wi

0101100
-465 0 -267 0 *
Fa
0  1e-07 133 0

0111000
-263 0 -262 0 *
Ed
 1e-07 1 1 0
1  374 0 0 3.14159265358979
2  442 128 0 0 3.14159265358979
4 C0 128 0 129 0
0

0101000
+476 0 -478 0 *
Wi

0101100
+260 0 -477 0 +271 0 -474 0 *
Fa
0  1e-07 128 0

0111000
+259 0 *
Ve
1e-07
-19.3 0 -19.7
0 0

0101101
*
Ve
1e-07
-19.3 1 -19.7
0 0

0101101
*
Ed
 1e-07 1 1 0
1  375 0 0 1
4 C0 168 0 169 0
0

0101000
+257 0 -256 0 *
Ve
1e-07
-19.3 0 19.7
0 0

0101101
*
Ed
 1e-07 1 1 0
1  376 0 0.650000000000002 40.05
4 C0 168 0 131 0
0

0101000
+254 0 -257 0 *
Ve
1e-07
-19.3 1 19.7
0 0

0101101
*
Ed
 1e-07 1 1 0
1  377 0 0 1
4 C0 168 0 170 0
0

0101000
+254 0 -252 0 *
Ed
 1e-07 1 1 0
1  378 0 0 39.4
4 C0 168 0 171 0
0

0101000
+252 0 -256 0 *
Wi

0101100
-255 0 -253 0 +251 0 +250 0 *
Fa
0  1e-07 168 0

0111000
-249 0 *
Ve
1e-07
-20.1 1 -19.7
0 0

0101101
*
Ed
 1e-07 1 1 0
1  379 0 0 0.800000000000001
4 C0 171 0 169 0
0

0101000
+256 0 -247 0 *
Ve
1e-07
-20.1 1 19.7
0 0

0101101
*
Ed
 1e-07 1 1 0
1  380 0 0 0.800000000000001
4 C0 171 0 170 0
0

0101000
+252 0 -245 0 *
Ed
 1e-07 1 1 0
1  381 0 0 39.4
4 C0 171 0 172 0
0

0101000
+245 0 -247 0 *
Wi

0101100
-246 0 -250 0 +244 0 +243 0 *
Fa
0  1e-07 171 0

0111000
-242 0 *
Ve
1e-07
-20.1 2.99 -19.7
0 0

0101101
*
Ed
 1e-07 1 1 0
1  382 0 0 1.99
4 C0 172 0 169 0
0

0101000
+247 0 -240 0 *
Ve
1e-07
-20.1 2.99 19.7
0 0

0101101
*
Ed
 1e-07 1 1 0
1  383 0 0 1.99
4 C0 172 0 170 0
0

0101000
+245 0 -238 0 *
Ed
 1e-07 1 1 0
1  384 0 0 39.4
4 C0 172 0 173 0
0

0101000
+238 0 -240 0 *
Wi

0101100
-239 0 -243 0 +237 0 +236 0 *
Fa
0  1e-07 172 0

0111000
-235 0 *
Ve
1e-07
-19.601 3.5 -19.7
0 0

0101101
*
Ed
 1e-07 1 1 0
1  385 0 0 0.713513139332418
4 C0 173 0 169 0
0

0101000
+240 0 -233 0 *
Ve
1e-07
-19.601 3.5 19.7
0 0

0101101
*
Ed
 1e-07 1 1 0
1  386 0 0 0.713513139332418
4 C0 173 0 170 0
0

0101000
+238 0 -231 0 *
Ed
 1e-07 1 1 0
1  387 0 -29.55 9.85
4 C0 173 0 129 0
0

0101000
+233 0 -231 0 *
Wi

0101100
-232 0 -236 0 +230 0 -229 0 *
Fa
0  1e-07 173 0

0111000
-228 0 *
Ve
1e-07
-7 3.5 19.7
0 0

0101101
*
Ed
 1e-07 1 1 0
1  388 0 1.399 14
4 C0 129 0 170 0
0

0101000
+231 0 -226 0 *
Ve
1e-07
-5.3 3.5 18
0 0

0101101
*
Ed
 1e-07 1 1 0
1  389 0 0 1.5707963267949
2  443 174 0 0 1.5707963267949
4 C0 129 0 174 0
0

0101000
+226 0 -224 0 *
Ve
1e-07
-5.3 3.5 -18
0 0

0101101
*
Ed
 1e-07 1 1 0
1  390 0 0 36
4 C0 129 0 175 0
0

0101000
+224 0 -222 0 *
Ve
1e-07
-7 3.5 -19.7
0 0

0101101
*
Ed
 1e-07 1 1 0
1  391 0 0 1.57079632679491
2  444 176 0 0 1.57079632679491
4 C0 129 0 176 0
0

0101000
+222 0 -220 0 *
Ed
 1e-07 1 1 0
1  392 0 0 12.601
4 C0 129 0 169 0
0

0101000
+220 0 -233 0 *
Wi

0101100
+229 0 +225 0 +223 0 +221 0 +219 0 +218 0 *
Wi

0101100
+301 0 +404 0 *
Wi

0101100
+260 0 +475 0 *
Fa
0  1e-07 129 0

0111000
+217 0 +216 0 +215 0 *
Ve
1e-07
-20.9013570941608 5.6512482906772 19.7
0 0

0101101
*
Ve
1e-07
-21 0 19.7
0 0

0101101
*
Ed
 1e-07 1 1 0
1  393 0 -0.95415425555281 4.69795487872215
4 C0 177 0 170 0
0

0101000
+213 0 -212 0 *
Ve
1e-07
-21 0 21
0 0

0101101
*
Ed
 1e-07 1 1 0
1  394 0 0 1.3
4 C0 177 0 131 0
0

0101000
+210 0 -212 0 *
Ve
1e-07
-20.9013570941608 5.6512482906772 21
0 0

0101101
*
Ed
 1e-07 1 1 0
1  395 0 0 5.65210913427495
4 C0 177 0 119 0
0

0101000
+208 0 -210 0 *
Ed
 1e-07 1 1 0
1  396 0 0 1.3
2  445 178 0 0 1.3
4 C1 177 0 178 0
0

0101000
+208 0 -213 0 *
Wi

0101100
+211 0 -209 0 -207 0 +206 0 *
Fa
0  1e-07 177 0

0111000
+205 0 *
Ve
2.75904404719391e-05
-7 8.09816570749254 19.7
0 0

0101101
*
Ve
1e-07
-20.0682009030844 6.61980498281235 19.7
0 0

0101101
*
Ed
 1e-07 1 1 0
1  397 0 0.0240212869269744 0.13367251116975
2  446 179 0 0.0240212869269744 0.13367251116975
4 C0 170 0 179 0
0

0101000
+203 0 -202 0 *
Ed
 1e-07 1 1 0
1  398 0 0 4.59816570749254
2  447 174 0 0 4.59816570749254
4 G1 170 0 174 0
0

0101000
+226 0 -203 0 *
Ed
 1e-07 1 1 0
1  399 0 0 1.7
4 C0 170 0 131 0
0

0101000
+212 0 -254 0 *
Ed
 1e-07 1 1 0
1  400 0 0 1.38586976526698
2  448 178 0 0 1.38586976526698
4 C0 170 0 178 0
0

0101000
+202 0 -213 0 *
Wi

0101100
-201 0 -200 0 -225 0 -230 0 -237 0 -244 0 -251 0 -199 0 -211 0 -198 0 
*
Fa
0  1e-07 170 0

0111000
-197 0 *
Ve
1e-07
-21 0 -19.7
0 0

0101101
*
Ve
1e-07
-20.9013570941608 5.6512482906772 -19.7
0 0

0101101
*
Ed
 1e-07 1 1 0
1  401 0 -4.57578803366116 1.07632110061379
4 C0 169 0 180 0
0

0101000
+195 0 -194 0 *
Ed
 1e-07 1 1 0
1  402 0 -1.7 0
4 C0 169 0 131 0
0

0101000
+257 0 -195 0 *
Ve
2.75904404648543e-05
-7 8.09816570749254 -19.7
0 0

0101101
*
Ed
 1e-07 1 1 0
1  403 0 0 4.59816570749254
2  449 176 0 0 4.59816570749254
4 G1 169 0 176 0
0

0101000
+220 0 -191 0 *
Ve
1e-07
-20.0682009030844 6.61980498281235 -19.7
0 0

0101101
*
Ed
 1e-07 1 1 0
1  404 0 6.14951279600984 6.25916402025261
2  450 179 0 6.14951279600984 6.25916402025261
4 C0 169 0 179 0
0

0101000
+189 0 -191 0 *
Ed
 1e-07 1 1 0
1  405 0 4.89731554191261 6.28318530717959
2  451 181 0 4.89731554191261 6.28318530717959
4 C0 169 0 181 0
0

0101000
+194 0 -189 0 *
Wi

0101100
-193 0 -192 0 +255 0 +246 0 +239 0 +232 0 -218 0 +190 0 -188 0 -187 0 
*
Fa
0  1e-07 169 0

0111000
-186 0 *
Ve
2.75904404648543e-05
-5.3 8.18447996020056 -18
0 0

0101101
*
Ed
 1e-07 1 1 0
1  406 0 0 4.68447996020056
2  452 176 0 0 4.68447996020056
4 G1 176 0 175 0
0

0101000
+222 0 -184 0 *
Ed
 2.75904404648543e-05 1 1 0
1  407 0 -2.56320124005446 0
2  453 176 0 -2.56320124005446 0
2  454 179 0 -2.56320124005446 0
4 C0 176 0 179 0
0

0101000
+191 0 -184 0 *
Wi

0101100
-183 0 +219 0 +190 0 +182 0 *
Fa
0  1e-07 176 0

0111000
+181 0 *
Ve
2.75904404719391e-05
-5.3 8.18447996020056 18
0 0

0101101
*
Ed
 1e-07 1 1 0
1  408 0 -18 18
2  455 179 0 -18 18
4 C0 175 0 179 0
0

0101000
+184 0 -179 0 *
Ed
 1e-07 1 1 0
1  409 0 0 4.68447996020056
2  456 174 0 0 4.68447996020056
4 G1 175 0 174 0
0

0101000
+224 0 -179 0 *
Wi

0101100
-178 0 -183 0 -221 0 +177 0 *
Fa
0  1e-07 175 0

0111000
-176 0 *
Ed
 2.75904404719391e-05 1 1 0
1  410 0 0 2.56320124005447
2  457 174 0 0 2.56320124005447
2  458 179 0 0 2.56320124005447
4 C0 174 0 179 0
0

0101000
+179 0 -203 0 *
Wi

0101100
-200 0 +223 0 +177 0 +174 0 *
Fa
0  1e-07 174 0

0111000
+173 0 *
Ve
1e-07
-20.9013570941608 5.6512482906772 -21
0 0

0101101
*
Ed
 1e-07 1 1 0
1  411 0 40.7 42
2  459 181 0 40.7 42
4 C1 180 0 181 0
0

0101000
+194 0 -171 0 *
Ve
1e-07
-21 0 -21
0 0

0101101
*
Ed
 1e-07 1 1 0
1  412 0 0 5.65210913427495
4 C0 180 0 182 0
0

0101000
+171 0 -169 0 *
Ed
 1e-07 1 1 0
1  413 0 40.7 42
4 C0 180 0 131 0
0

0101000
+195 0 -169 0 *
Wi

0101100
+193 0 +170 0 +168 0 -167 0 *
Fa
0  1e-07 180 0

0111000
+166 0 *
Ve
1e-07
-20.0682009030844 6.61980498281235 -21
0 0

0101101
*
Ed
 1e-07 1 1 0
1  414 0 40.7 42
2  460 181 0 40.7 42
2  461 179 0 40.7 42
4 G1 181 0 179 0
0

0101000
+189 0 -164 0 *
Ed
 1e-07 1 1 0
1  415 0 0 1.38586976526698
2  462 181 0 0 1.38586976526698
4 C0 181 0 182 0
0

0101000
+164 0 -171 0 *
Wi

0101100
+187 0 +163 0 +162 0 -170 0 *
Fa
0  1e-07 181 0

0111000
+161 0 *
Ve
1e-07
-20.0682009030844 6.61980498281235 21
0 0

0101101
*
Ed
 1e-07 1 1 0
1  416 0 0 1.38586976526698
2  463 178 0 0 1.38586976526698
4 C0 178 0 119 0
0

0101000
+159 0 -208 0 *
Ed
 1e-07 1 1 0
1  417 0 0 1.3
2  464 178 0 0 1.3
2  465 179 0 0 1.3
4 G1 178 0 179 0
0

0101000
+159 0 -202 0 *
Wi

0101100
+198 0 -206 0 -158 0 +157 0 *
Fa
0  1e-07 178 0

0111000
+156 0 *
Ed
 1e-07 1 1 0
1  418 0 0 3.14159265358979
2  466 124 0 0 3.14159265358979
4 C0 124 0 125 0
0

0101000
+486 0 -488 0 *
Ed
 1e-07 1 1 0
1  419 0 3.14159265358979 6.28318530717959
2  467 124 0 3.14159265358979 6.28318530717959
4 C0 124 0 123 0
0

0101000
+490 0 -491 0 *
Wi

0101100
+154 0 -487 0 +153 0 -484 0 *
Fa
0  1e-07 124 0

0111000
+152 0 *
Ed
 1e-07 1 1 0
1  420 0 3.14159265358979 6.28318530717959
2  468 121 0 3.14159265358979 6.28318530717959
2  469 118 0 3.14159265358979 6.28318530717959
4 C0 121 0 118 0
0

0101000
+507 0 -508 0 *
Ed
 1e-07 1 1 0
1  421 0 3.14159265358979 6.28318530717959
2  470 121 0 3.14159265358979 6.28318530717959
4 C0 121 0 120 0
0

0101000
+497 0 -498 0 *
Wi

0101100
-150 0 -495 0 +149 0 -494 0 *
Fa
0  1e-07 121 0

0111000
+148 0 *
Ed
 1e-07 1 1 0
1  422 0 0 3.14159265358979
2  471 118 0 0 3.14159265358979
4 C0 118 0 119 0
0

0101000
+503 0 -505 0 *
Wi

0101100
+146 0 -504 0 +150 0 -501 0 *
Fa
0  1e-07 118 0

0111000
+145 0 *
Ve
1e-07
-3.8 0.3 -10.4
0 0

0101101
*
Ve
1e-07
0.803438826516956 0.3 -10.4
0 0

0101101
*
Ed
 1e-07 1 1 0
1  423 0 8.7 13.303438826517
4 C0 123 0 183 0
0

0101000
+143 0 -142 0 *
Ve
1e-07
-3.8 7.229 -10.4
0 0

0101101
*
Ed
 1e-07 1 1 0
1  424 0 -6.929 0
4 C0 123 0 184 0
0

0101000
+143 0 -140 0 *
Ve
1e-07
-4.6180792780222 8.21231320082417 -10.4
0 0

0101101
*
Ed
 1e-07 1 1 0
1  425 0 4.71238898038469 6.10024589092896
2  472 185 0 4.71238898038469 6.10024589092896
4 C0 123 0 185 0
0

0101000
+140 0 -138 0 *
Ve
1e-07
-4.12053905680311 8.23017020648175 -10.4
0 0

0101101
*
Ed
 1e-07 1 1 0
1  426 0 0 0.00414884103563828
2  473 179 0 0 0.00414884103563828
4 C0 123 0 179 0
0

0101000
+136 0 -138 0 *
Ve
1e-07
-3.23114831873726 8.84524367395712 -10.4
0 0

0101101
*
Ed
 1e-07 1 1 0
1  427 0 0 1.14248597876221
2  474 186 0 0 1.14248597876221
4 C0 123 0 186 0
0

0101000
+134 0 -136 0 *
Ve
1e-07
3.5 7.50000000000001 -10.4
0 0

0101101
*
Ed
 1e-07 1 1 0
1  428 0 0 2.74708323732673
2  475 187 0 0 2.74708323732673
4 C0 123 0 187 0
0

0101000
+132 0 -134 0 *
Ve
1e-07
1.76936465280603 1.04118095489748 -10.4
0 0

0101101
*
Ed
 1e-07 1 1 0
1  429 0 3.44942439560307 10.1360859065767
4 C0 123 0 188 0
0

0101000
+130 0 -132 0 *
Ed
 1e-07 1 1 0
1  430 0 0 1.30899693899574
2  476 189 0 0 1.30899693899574
4 C0 123 0 189 0
0

0101000
+142 0 -130 0 *
Wi

0101100
-141 0 +139 0 +137 0 -135 0 -133 0 -131 0 -129 0 -128 0 *
Wi

0101100
+153 0 +489 0 *
Fa
0  1e-07 123 0

0111000
-127 0 -126 0 *
Ve
1e-07
-3.8 0.3 -21
0 0

0101101
*
Ed
 1e-07 1 1 0
1  431 0 -21 -10.4
4 C0 184 0 183 0
0

0101000
+124 0 -143 0 *
Ve
1e-07
-3.8 7.229 -21
0 0

0101101
*
Ed
 1e-07 1 1 0
1  432 0 -7.229 -0.3
4 C0 184 0 182 0
0

0101000
+122 0 -124 0 *
Ed
 1e-07 1 1 0
1  433 0 0 10.6
2  477 185 0 0 10.6
4 C1 184 0 185 0
0

0101000
+122 0 -140 0 *
Wi

0101100
-123 0 -121 0 +120 0 -139 0 *
Fa
0  1e-07 184 0

0111000
-119 0 *
Ve
1e-07
-4.6180792780222 8.21231320082417 -21
0 0

0101101
*
Ed
 1e-07 1 1 0
1  434 0 -10.6 0
2  478 185 0 -10.6 0
2  479 179 0 -10.6 0
4 C0 185 0 179 0
0

0101000
+138 0 -117 0 *
Ed
 1e-07 1 1 0
1  435 0 0.182939416250623 1.57079632679489
2  480 185 0 0.182939416250623 1.57079632679489
4 C0 185 0 182 0
0

0101000
+117 0 -122 0 *
Wi

0101100
-116 0 -137 0 -120 0 -115 0 *
Fa
0  1e-07 185 0

0111000
+114 0 *
Ve
1e-07
3.5 7.50000000000001 -0.100000000000001
0 0

0101101
*
Ed
 1e-07 1 1 0
1  436 0 21.1 31.4
2  481 187 0 21.1 31.4
4 C0 188 0 187 0
0

0101000
+112 0 -132 0 *
Ve
1e-07
1.76936465280603 1.04118095489748 -0.100000000000001
0 0

0101101
*
Ed
 1e-07 1 1 0
1  437 0 -10.1360859065767 -3.44942439560307
4 C0 188 0 125 0
0

0101000
+112 0 -110 0 *
Ed
 1e-07 1 1 0
1  438 0 21.1 31.4
2  482 189 0 21.1 31.4
4 C1 188 0 189 0
0

0101000
+110 0 -130 0 *
Wi

0101100
+129 0 -111 0 +109 0 +108 0 *
Fa
0  1e-07 188 0

0111000
+107 0 *
Ve
1e-07
-3.23114831873726 8.84524367395712 -0.100000000000001
0 0

0101101
*
Ed
 1e-07 1 1 0
1  439 0 21.1 31.4
2  483 187 0 21.1 31.4
2  484 186 0 21.1 31.4
4 G1 187 0 186 0
0

0101000
+105 0 -134 0 *
Ed
 1e-07 1 1 0
1  440 0 3.53610206985286 6.28318530717959
2  485 187 0 3.53610206985286 6.28318530717959
4 C0 187 0 125 0
0

0101000
+105 0 -112 0 *
Wi

0101100
+131 0 -104 0 +103 0 +111 0 *
Fa
0  1e-07 187 0

0111000
+102 0 *
Ve
1e-07
-4.12053905680311 8.23017020648175 -0.100000000000001
0 0

0101101
*
Ed
 1e-07 1 1 0
1  441 0 5.14069932841738 6.28318530717959
2  486 186 0 5.14069932841738 6.28318530717959
4 C0 186 0 125 0
0

0101000
+100 0 -105 0 *
Ed
 1e-07 1 1 0
1  442 0 21.1 31.4
2  487 186 0 21.1 31.4
2  488 179 0 21.1 31.4
4 G1 186 0 179 0
0

0101000
+100 0 -136 0 *
Wi

0101100
-104 0 -99 0 +98 0 -133 0 *
Fa
0  1e-07 186 0

0111000
+97 0 *
Ve
1e-07
-4.12053905680311 8.23017020648175 21
0 0

0101101
*
Ed
 1e-07 1 1 0
1  443 0 0 0.13367251116975
2  489 179 0 0 0.13367251116975
4 C0 179 0 119 0
0

0101000
+95 0 -159 0 *
Ve
1e-07
-4.12053905680311 8.23017020648175 10.6
0 0

0101101
*
Ed
 1e-07 1 1 0
1  444 0 0 10.4
2  490 179 0 0 10.4
2  491 190 0 0 10.4
4 G1 179 0 190 0
0

0101000
+95 0 -93 0 *
Ve
1e-07
-4.6180792780222 8.21231320082417 10.6
0 0

0101101
*
Ed
 1e-07 1 1 0
1  445 0 0 0.00414884103563828
2  492 179 0 0 0.00414884103563828
4 C0 179 0 120 0
0

0101000
+93 0 -91 0 *
Ve
1e-07
-4.6180792780222 8.21231320082417 -0.1
0 0

0101101
*
Ed
 1e-07 1 1 0
1  446 0 -10.7 0
2  493 179 0 -10.7 0
2  494 191 0 -10.7 0
4 C0 179 0 191 0
0

0101000
+91 0 -89 0 *
Ed
 1e-07 1 1 0
1  447 0 6.27903646614395 6.28318530717959
2  495 179 0 6.27903646614395 6.28318530717959
4 C0 179 0 125 0
0

0101000
+89 0 -100 0 *
Ed
 1e-07 1 1 0
1  448 0 0.00414884103563828 0.13367251116975
2  496 179 0 0.00414884103563828 0.13367251116975
4 C0 179 0 182 0
0

0101000
+117 0 -164 0 *
Wi

0101100
+201 0 -157 0 -94 0 +92 0 +90 0 +88 0 +87 0 +98 0 +135 0 +116 0 
+86 0 -163 0 +188 0 +182 0 +178 0 +174 0 *
Fa
0  1e-07 179 0

0111000
+85 0 *
Ve
1e-07
-3.8 0.3 -0.1
0 0

0101101
*
Ve
1e-07
-3.8 0.3 10.6
0 0

0101101
*
Ed
 1e-07 1 1 0
1  449 0 -10.55 0.15
4 C0 192 0 183 0
0

0101000
+83 0 -82 0 *
Ve
1e-07
-3.8 7.229 -0.1
0 0

0101101
*
Ed
 1e-07 1 1 0
1  450 0 0 6.929
4 C0 192 0 125 0
0

0101000
+80 0 -83 0 *
Ve
1e-07
-3.8 7.229 10.6
0 0

0101101
*
Ed
 1e-07 1 1 0
1  451 0 0 10.7
2  497 191 0 0 10.7
4 C1 192 0 191 0
0

0101000
+80 0 -78 0 *
Ed
 1e-07 1 1 0
1  452 0 -6.929 0
4 C0 192 0 120 0
0

0101000
+82 0 -78 0 *
Wi

0101100
-81 0 -79 0 +77 0 -76 0 *
Fa
0  1e-07 192 0

0111000
-75 0 *
Ve
1e-07
0.803438826516956 0.3 10.6
0 0

0101101
*
Ed
 1e-07 1 1 0
1  453 0 8.7 13.303438826517
4 C0 120 0 183 0
0

0101000
+82 0 -73 0 *
Ed
 1e-07 1 1 0
1  454 0 4.71238898038469 6.10024589092896
2  498 191 0 4.71238898038469 6.10024589092896
4 C0 120 0 191 0
0

0101000
+78 0 -91 0 *
Ve
1e-07
-3.23114831873726 8.84524367395712 10.6
0 0

0101101
*
Ed
 1e-07 1 1 0
1  455 0 0 1.14248597876221
2  499 190 0 0 1.14248597876221
4 C0 120 0 190 0
0

0101000
+70 0 -93 0 *
Ve
1e-07
3.5 7.50000000000001 10.6
0 0

0101101
*
Ed
 1e-07 1 1 0
1  456 0 0 2.74708323732673
2  500 193 0 0 2.74708323732673
4 C0 120 0 193 0
0

0101000
+68 0 -70 0 *
Ve
1e-07
1.76936465280603 1.04118095489748 10.6
0 0

0101101
*
Ed
 1e-07 1 1 0
1  457 0 3.44942439560307 10.1360859065767
4 C0 120 0 194 0
0

0101000
+66 0 -68 0 *
Ed
 1e-07 1 1 0
1  458 0 0 1.30899693899574
2  501 195 0 0 1.30899693899574
4 C0 120 0 195 0
0

0101000
+73 0 -66 0 *
Wi

0101100
-72 0 +76 0 +71 0 -90 0 -69 0 -67 0 -65 0 -64 0 *
Wi

0101100
+149 0 +496 0 *
Fa
0  1e-07 120 0

0111000
-63 0 -62 0 *
Ed
 1e-07 1 1 0
1  459 0 0.182939416250623 1.57079632679489
2  502 191 0 0.182939416250623 1.57079632679489
4 C0 191 0 125 0
0

0101000
+89 0 -80 0 *
Wi

0101100
-88 0 -71 0 -77 0 -60 0 *
Fa
0  1e-07 191 0

0111000
+59 0 *
Ve
1e-07
0.803438826516956 0.3 -0.100000000000001
0 0

0101101
*
Ed
 1e-07 1 1 0
1  460 0 -13.303438826517 -8.7
4 C0 125 0 183 0
0

0101000
+57 0 -83 0 *
Ed
 1e-07 1 1 0
1  461 0 4.97418836818385 6.28318530717959
2  503 189 0 4.97418836818385 6.28318530717959
4 C0 125 0 189 0
0

0101000
+110 0 -57 0 *
Wi

0101100
-56 0 -55 0 -109 0 -103 0 -99 0 -87 0 +60 0 +79 0 *
Wi

0101100
+485 0 +154 0 *
Fa
0  1e-07 125 0

0111000
+54 0 +53 0 *
Ed
 1e-07 1 1 0
1  462 0 21.1 31.4
2  504 189 0 21.1 31.4
4 C1 183 0 189 0
0

0101000
+57 0 -142 0 *
Ve
1e-07
0.803438826516956 0.3 21
0 0

0101101
*
Ed
 1e-07 1 1 0
1  463 0 0 10.4
2  505 195 0 0 10.4
4 C1 183 0 195 0
0

0101000
+50 0 -73 0 *
Ve
1e-07
-4 0.3 21
0 0

0101101
*
Ed
 1e-07 1 1 0
1  464 0 0 4.80343882651696
4 C0 183 0 119 0
0

0101000
+48 0 -50 0 *
Ve
1e-07
-4 0.3 -21
0 0

0101101
*
Ed
 1e-07 1 1 0
1  465 0 0 42
4 C0 183 0 196 0
0

0101000
+48 0 -46 0 *
Ed
 1e-07 1 1 0
1  466 0 0 0.2
4 C0 183 0 182 0
0

0101000
+46 0 -124 0 *
Wi

0101100
+141 0 -51 0 +56 0 +81 0 +72 0 -49 0 -47 0 +45 0 +44 0 +123 0 
*
Fa
0  1e-07 183 0

0111000
+43 0 *
Ve
1e-07
1.76936465280603 1.04118095489748 21
0 0

0101101
*
Ed
 1e-07 1 1 0
1  467 0 0 10.4
2  506 195 0 0 10.4
4 C1 195 0 194 0
0

0101000
+41 0 -66 0 *
Ed
 1e-07 1 1 0
1  468 0 0 1.30899693899574
2  507 195 0 0 1.30899693899574
4 C0 195 0 119 0
0

0101000
+50 0 -41 0 *
Wi

0101100
+64 0 -40 0 -39 0 +49 0 *
Fa
0  1e-07 195 0

0111000
+38 0 *
Ve
1e-07
3.5 7.50000000000001 21
0 0

0101101
*
Ed
 1e-07 1 1 0
1  469 0 0 10.4
2  508 193 0 0 10.4
4 C0 194 0 193 0
0

0101000
+36 0 -68 0 *
Ed
 1e-07 1 1 0
1  470 0 0 6.68666151097365
4 C0 194 0 119 0
0

0101000
+41 0 -36 0 *
Wi

0101100
+65 0 -35 0 -34 0 +40 0 *
Fa
0  1e-07 194 0

0111000
+33 0 *
Ve
1e-07
-3.23114831873726 8.84524367395712 21
0 0

0101101
*
Ed
 1e-07 1 1 0
1  471 0 0 10.4
2  509 193 0 0 10.4
2  510 190 0 0 10.4
4 G1 193 0 190 0
0

0101000
+31 0 -70 0 *
Ed
 1e-07 1 1 0
1  472 0 0 2.74708323732673
2  511 193 0 0 2.74708323732673
4 C0 193 0 119 0
0

0101000
+36 0 -31 0 *
Wi

0101100
+67 0 -30 0 -29 0 +35 0 *
Fa
0  1e-07 193 0

0111000
+28 0 *
Ed
 1e-07 1 1 0
1  473 0 0 1.14248597876221
2  512 190 0 0 1.14248597876221
4 C0 190 0 119 0
0

0101000
+31 0 -95 0 *
Wi

0101100
-30 0 +26 0 +92 0 -69 0 *
Fa
0  1e-07 190 0

0111000
+25 0 *
Ve
1e-07
-4 0 -21
0 0

0101101
*
Ed
 1e-07 1 1 0
1  474 0 0 0.3
4 C0 196 0 182 0
0

0101000
+23 0 -46 0 *
Ve
1e-07
-4 0 21
0 0

0101101
*
Ed
 1e-07 1 1 0
1  475 0 0 0.3
4 C0 196 0 119 0
0

0101000
+21 0 -48 0 *
Ed
 1e-07 1 1 0
1  476 0 0 42
4 C0 196 0 131 0
0

0101000
+21 0 -23 0 *
Wi

0101100
+22 0 -45 0 -20 0 +19 0 *
Fa
0  1e-07 196 0

0111000
+18 0 *
Wi

0101100
+128 0 -108 0 +55 0 +51 0 *
Fa
0  1e-07 189 0

0111000
+16 0 *
Ed
 1e-07 1 1 0
1  477 0 0 17
4 C0 131 0 182 0
0

0101000
+169 0 -23 0 *
Ed
 1e-07 1 1 0
1  478 0 0 17
4 C0 131 0 119 0
0

0101000
+210 0 -21 0 *
Wi

0101100
+192 0 +167 0 +14 0 -19 0 -13 0 +209 0 +199 0 +253 0 *
Wi

0101100
+398 0 +307 0 *
Wi

0101100
+469 0 +266 0 *
Fa
0  1e-07 131 0

0111000
+12 0 +11 0 +10 0 *
Wi

0101100
+121 0 -44 0 -22 0 -14 0 -168 0 -162 0 -86 0 +115 0 *
Fa
0  1e-07 182 0

0111000
-8 0 *
Wi

0101100
+13 0 +20 0 +47 0 +39 0 +34 0 +29 0 +26 0 +94 0 +158 0 +207 0 
*
Wi

0101100
+146 0 +502 0 *
Fa
0  1e-07 119 0

0111000
+6 0 +5 0 *
Sh

0101100
-499 0 -492 0 -482 0 -472 0 -462 0 -452 0 -445 0 +435 0 +428 0 +421 0 
-411 0 -401 0 -391 0 -381 0 -374 0 +364 0 +357 0 +350 0 -340 0 -336 0 
+332 0 +328 0 +325 0 +322 0 +318 0 -315 0 -313 0 -309 0 -305 0 -302 0 
-299 0 -295 0 +291 0 +287 0 +284 0 +281 0 +277 0 -274 0 -272 0 -268 0 
-264 0 -261 0 -258 0 -248 0 -241 0 -234 0 -227 0 +214 0 +204 0 -196 0 
-185 0 -180 0 -175 0 -172 0 +165 0 +160 0 +155 0 -151 0 -147 0 -144 0 
-125 0 -118 0 +113 0 +106 0 +101 0 -96 0 +84 0 -74 0 -61 0 +58 0 
+52 0 +42 0 +37 0 +32 0 +27 0 -24 0 +17 0 +15 0 +9 0 -7 0 
+4 0 *
So

0100000
+3 0 *
Co

1100000
+715 0 +632 0 +549 0 +509 0 +2 0 *

+1 0 