DBRep_DrawableShape

CASCADE Topology V1, (c) Matra-Datavision
Locations 0
Curve2ds 328
1 0 0 1 0 
1 3.1415926535897931 0 0 -1 
1 3.1415926535897931 0 0 -1 
1 0 -2.7999999999999998 1 0 
1 9.4247779607693793 -5.7982756057296925 -1 2.8271597168564594e-16 
1 6.2831853071795862 0 0 1 
1 0 0 0 1 
1 3.1415926535897931 -5.7982756057296907 -1 -2.8271597168564594e-16 
1 0 -2.7999999999999998 1 0 
1 3.1415926535897931 -8.8817841970012523e-16 0 1 
1 3.1415926535897931 -8.8817841970012523e-16 0 1 
1 3.1415926535897931 0 -1 0 
1 3.1415926535897931 -0.58999999999999986 -1 0 
1 0 0 0 -1 
1 6.2831853071795862 0 0 -1 
1 0 0 1 0 
1 3.1415926535897931 0 0 -1 
1 3.1415926535897931 0 0 -1 
1 0 -2.7999999999999998 1 0 
1 9.4247779607693793 -5.7982756057296898 -1 -2.8271597168564594e-16 
1 6.2831853071795862 0 0 1 
1 0 0 0 1 
1 3.1415926535897931 -5.7982756057296916 -1 2.8271597168564594e-16 
1 0 -2.7999999999999998 1 0 
1 3.1415926535897931 0 0 1 
1 3.1415926535897931 0 0 1 
1 3.1415926535897931 0 -1 0 
1 3.1415926535897931 -0.58999999999999986 -1 0 
1 0 0 0 -1 
1 6.2831853071795862 0 0 -1 
1 0 0 1 0 
1 0 -14.17820454904432 1 0 
1 3.1415926535897931 0 0 1 
1 3.1415926535897931 0 0 1 
1 0 14.396926207859128 1 0 
1 0 0 0 -1 
1 6.2831853071795862 0 0 -1 
1 0 0 1 0 
1 3.1415926535897931 0 0 -1 
1 3.1415926535897931 0 0 -1 
1 9.4247779607693793 -0.58999999999999986 -1 0 
1 9.4247779607693793 0 -1 0 
1 6.2831853071795862 0 0 1 
1 0 0 0 1 
1 0 -14.17820454904432 1 0 
1 0 0 1 0 
1 3.1415926535897931 -16.000000000000025 0 -1 
1 3.1415926535897931 -16.000000000000025 0 -1 
1 0 -17.821795450955729 1 0 
1 9.4247779607693793 -14.39692620785908 -1 0 
1 6.2831853071795862 -16.000000000000025 0 1 
1 0 -16.000000000000025 0 1 
1 3.1415926535897931 -14.39692620785908 -1 0 
1 0 -17.821795450955729 1 0 
1 3.1415926535897931 0 0 1 
1 3.1415926535897931 0 0 1 
1 3.1415926535897931 0 -1 0 
1 0 0 0 -1 
1 6.2831853071795862 0 0 -1 
1 3.1415926535897931 0 0 1 
1 3.1415926535897931 0 0 1 
1 9.4247779607693793 0 -1 0 
1 4.7123889803846897 0 0 1 
1 9.4247779607693793 32 -1 0 
1 0 0 1 0 
1 3.1415926535897931 0 0 -1 
1 3.1415926535897931 0 0 -1 
1 9.4247779607693793 -0.58999999999999986 -1 0 
1 9.4247779607693793 0 -1 0 
1 6.2831853071795862 0 0 1 
1 0 0 0 1 
1 3.1415926535897931 0 0 1 
7 0 0  3 25 23  2.5595857212164113 1.3494583490015994  2.568461013406969 1.3381225574080449  2.5861718231158419 1.3154543495707589  2.6126374083433084 1.2814796129953907  2.6390209680228915 1.2475499007676865  2.6653414240677704 1.2136826619287002  2.6916177997238568 1.1798953459877126  2.7178691775906039 1.1462054007070952  2.7441146013036377 1.1126302803686663  2.7703730396687716 1.0791874149233434  2.7966631639860986 1.045894325126232  2.823003811602939 1.0127681928465433  2.8494118877176935 0.97982746469291271  2.8759098194514054 0.94708586720213739  2.9024716226478966 0.91460964353158059  2.9290652513964099 0.88246932549774815  2.9556589325816112 0.85073569012230221  2.982224854748651 0.81947424494711041  3.0087197114622577 0.78877133022806944  3.0352165974772474 0.75856243170800619  3.0617313014956258 0.72885634863684468  3.0882835456301714 0.69965741464770648  3.1148922686121381 0.67097116034315141  3.1326819644346036 0.65219224949087562  3.1415926535897931 0.64288999213844988 
 0 4 0.00021914256729519411 1 0.00043828513459038821 1 0.00065742770188558235 1 0.00087657026918077643 1 0.0010957128364759705 1 0.0013148554037711647 1 0.0015339979710663587 1 0.0017531405383615529 1 0.0019722831056567468 1 0.002191425672951941 1 0.0024105682402471352 1 0.0026297108075423294 1 0.0028488533748375236 1 0.0030679959421327173 1 0.0032871385094279115 1 0.0035062810767231057 1 0.0037254236440182999 1 0.0039445662113134937 1 0.0041637087786086883 1 0.004382851345903882 1 0.0046019939131990767 1 0.0048211364804942704 4
7 0 0  3 25 23  4.5291396326448821 4.8917292328324002  4.5299172265144767 4.9319789118197921  4.5314819347489896 5.0107045696168475  4.5338575125328306 5.1234825132398285  4.5362615592781399 5.2309604723307777  4.538694029972711 5.3331490016502983  4.5411548804301178 5.4300586699988234  4.5436440679725569 5.521699993797478  4.5461615493565128 5.608083684944785  4.5487072884082789 5.6892197258089254  4.5512812275741137 5.7651208214021752  4.5538833940987358 5.8357895156906308  4.5565135037726927 5.9012662741810837  4.5591724397725804 5.9614500372637345  4.5618560787176827 6.0161345365680949  4.5645591646469272 6.0652557782241621  4.5672766365702469 6.1087092239776783  4.5700037886265736 6.1464102386109714  4.5727343041038155 6.1782351191441585  4.5754736226629475 6.2043467569848447  4.5782215411146083 6.2247022555414038  4.5809781930194573 6.2392780838205262  4.5837436221456818 6.2480455200500051  4.5855931387644038 6.25  4.586519381622618 6.25 
 0 4 0.00021914256729519411 1 0.00043828513459038821 1 0.00065742770188558235 1 0.00087657026918077643 1 0.0010957128364759705 1 0.0013148554037711647 1 0.0015339979710663587 1 0.0017531405383615529 1 0.0019722831056567468 1 0.002191425672951941 1 0.0024105682402471352 1 0.0026297108075423294 1 0.0028488533748375236 1 0.0030679959421327173 1 0.0032871385094279115 1 0.0035062810767231057 1 0.0037254236440182999 1 0.0039445662113134937 1 0.0041637087786086883 1 0.004382851345903882 1 0.0046019939131990767 1 0.0048211364804942704 4
7 0 0  3 25 23  2.229134520647162 2.0410679387478101  2.234101384157714 2.0278416046069458  2.2440277290918633 2.0015437361501349  2.2588995294204515 1.9625995127428113  2.2737580304952409 1.9241960484982019  2.2886076899279377 1.886371523015246  2.3034529825559269 1.8491641169547643  2.3182983975278924 1.8126120070158811  2.3331484308732633 1.7767533846826526  2.348007576673838 1.7416263862610784  2.3628803283552386 1.707269353984501  2.3777711407301645 1.6737198615549134  2.3926845385688988 1.6410183508723624  2.4076246777854342 1.6091945595760444  2.4225960087803089 1.5782872093794296  2.4376034337743699 1.5483457262568225  2.4526518676252533 1.5194166679844874  2.4677463457356388 1.4915473608700378  2.482891985064434 1.464784925293739  2.4980939842693846 1.439176536813902  2.5133576125995685 1.4147693562039385  2.528688202759064 1.3916105481989254  2.5440911369437407 1.3697472764720682  2.5544116147882154 1.3560668954789956  2.5595857212164113 1.3494583490015692 
 0 4 0.00012729890589607956 1 0.00025459781179215912 1 0.00038189671768823865 1 0.00050919562358431824 1 0.00063649452948039782 1 0.0007637934353764773 1 0.00089109234127255688 1 0.0010183912471686365 1 0.0011456901530647161 1 0.0012729890589607956 1 0.0014002879648568752 1 0.0015275868707529546 1 0.0016548857766490342 1 0.0017821846825451138 1 0.0019094835884411934 1 0.0020367824943372729 1 0.0021640814002333525 1 0.0022913803061294321 1 0.0024186792120255117 1 0.0025459781179215913 1 0.0026732770238176709 1 0.00280057592971375 4
7 0 0  3 25 23  4.2269182671738967 3.0473763343239  4.2309675202940822 3.0797892364921617  4.2391113860219871 3.1441970608487098  4.2514636125964085 3.2395614213805506  4.2639525623423564 3.3336849698437421  4.2765787206073034 3.4265742701817867  4.2893426984312173 3.5182358863041987  4.3022452505443587 3.6086763822472441  4.315287271016266 3.6979023215741464  4.3284697942730057 3.7859202696135581  4.3417939953044371 3.8727367851054568  4.3552611859252792 3.9583584513791474  4.3688728256710965 4.0427917599951764  4.3826304759877699 4.1260435449999315  4.3965375436331193 4.2081065769326615  4.4105977098523317 4.2889732838467758  4.4248148825058431 4.368636185564454  4.4391932038617137 4.4470877773185311  4.4537370423144349 4.5243205609305264  4.4684509878037471 4.6003270364565383  4.4833398431183573 4.6750997044256888  4.4984086220582977 4.7486310652403665  4.5136625178071208 4.8209136193369284  4.5239588236077255 4.8682644512073612  4.5291396326448803 4.8917292328324002 
 0 4 0.00012729890589607956 1 0.00025459781179215912 1 0.00038189671768823865 1 0.00050919562358431824 1 0.00063649452948039782 1 0.0007637934353764773 1 0.00089109234127255688 1 0.0010183912471686365 1 0.0011456901530647161 1 0.0012729890589607956 1 0.0014002879648568752 1 0.0015275868707529546 1 0.0016548857766490342 1 0.0017821846825451138 1 0.0019094835884411934 1 0.0020367824943372729 1 0.0021640814002333525 1 0.0022913803061294321 1 0.0024186792120255117 1 0.0025459781179215913 1 0.0026732770238176709 1 0.00280057592971375 4
1 2.229134520647162 0 0 1 
1 0 0 1 0 
1 4.5291396326448821 0 0 1 
1 4.5291396326448794 0 0 1 
1 9.4247779607693793 6.25 -1 0 
1 4.7123889803846861 0 0 1 
1 0 25.75 1 0 
7 0 0  3 25 23  4.586519381622618 25.75  4.585593085699923 25.75  4.583744630254591 25.751923652904154  4.580984299565781 25.760563887616829  4.57823626443008 25.774942673073468  4.5755004686391922 25.795043809059223  4.5727768564472244 25.820851079025214  4.5700653726931568 25.852348327361007  4.5673659625891458 25.889519171036408  4.5646785724664731 25.932348075761944  4.5620031470239937 25.980816339704816  4.5593396396078507 26.034917082464947  4.5566879738626422 26.094599305454697  4.5540481868644163 26.159976661403885  4.5514251697339319 26.231033813994156  4.5488236690868824 26.307591618564832  4.5462485793036942 26.389512098229616  4.5437043557004264 26.476656413347289  4.5411970676024547 26.568848007521702  4.5387210144037775 26.666183325799935  4.5362766398836101 26.768684742469098  4.5338639715285245 26.876373114940534  4.5314831497260988 26.989269707210848  4.5299172407501471 27.068020351611199  4.5291396326448821 27.1082707671676 
 0 4 0.00021912826189938726 1 0.00043825652379877452 1 0.00065738478569816181 1 0.00087651304759754905 1 0.0010956413094969364 1 0.0013147695713963236 1 0.0015338978332957109 1 0.0017530260951950981 1 0.0019721543570944853 1 0.0021912826189938728 1 0.0024104108808932598 1 0.0026295391427926472 1 0.0028486674046920343 1 0.0030677956665914217 1 0.0032869239284908087 1 0.0035060521903901962 1 0.0037251804522895836 1 0.0039443087141889707 1 0.0041634369760883581 1 0.0043825652379877456 1 0.0046016934998871321 1 0.0048208217617865196 4
7 0 0  3 25 23  0 0.64288999213843923  0.0089112243702561666 0.65219278252366153  0.026690669427364821 0.67096085217175272  0.053249615906535132 0.69959301370687654  0.07971705619638067 0.72869782268184902  0.10611196780699575 0.75826786965968118  0.13245339217276914 0.78829574451191931  0.15876038658778377 0.81877403968989459  0.18505192972980994 0.84969533801716324  0.21134687665911503 0.88105225824871913  0.23766377147042175 0.91283728504142958  0.26402118379663442 0.94504340351336535  0.29043609117423946 0.97766173103582921  0.31692954829045095 1.0106903555060567  0.34347509463248682 1.0440568348545882  0.37004157991738468 1.077682161882147  0.39659771010998796 1.1114877782497548  0.42311620034235381 1.1453998953070597  0.44955422340532442 1.1793251967889038  0.47598515163141997 1.2133136024924895  0.50242490374436966 1.247341235304525  0.52889331909299087 1.2813891383111811  0.55540941190069248 1.3154370357822585  0.57313150242407451 1.3381223499630999  0.58200693237338175 1.3494583490016101 
 0 4 0.00021912826189938726 1 0.00043825652379877452 1 0.00065738478569816181 1 0.00087651304759754905 1 0.0010956413094969364 1 0.0013147695713963236 1 0.0015338978332957109 1 0.0017530260951950981 1 0.0019721543570944853 1 0.0021912826189938728 1 0.0024104108808932598 1 0.0026295391427926472 1 0.0028486674046920343 1 0.0030677956665914217 1 0.0032869239284908087 1 0.0035060521903901962 1 0.0037251804522895836 1 0.0039443087141889707 1 0.0041634369760883581 1 0.0043825652379877456 1 0.0046016934998871321 1 0.0048208217617865196 4
1 1.5707963267948966 14 0 1 
1 9.4247779607693793 32 -1 0 
1 3.1415926535897931 32 -1 0 
1 0 14.396926207859128 1 0 
1 9.4247779607693793 0 -1 0 
1 3.1415926535897931 0 -1 0 
1 9.4247779607693793 0 -1 0 
1 3.1415926535897931 60 -1 0 
1 0 0 1 0 
1 1.4707546131833473 0 0 1 
1 1.4707546131833473 0 0 1 
1 0.91245813294263112 0 0 1 
7 0 0  3 25 23  3.779512764013965 32.000000000005514  3.7862916352739595 31.963463654634264  3.7998493777939522 31.88938826813478  3.8201859915739402 31.775314393284987  3.8405226053539292 31.658326541127479  3.8608592191339208 31.538473189776788  3.8811958329139125 31.415803880441352  3.9015324466939081 31.290369351589735  3.9218690604739037 31.162221476527442  3.9422056742539016 31.031413253047667  3.9625422880338994 30.897998778538209  3.9828789018138995 30.76203322840589  4.0032155155939035 30.623572833044346  4.0235521293739049 30.482674854636961  4.0438887431539117 30.339397563457556  4.0642253569339175 30.193800213785497  4.0845619707139269 30.045943019363641  4.1048985844939327 29.895887128628896  4.1252351982739484 29.743694598929334  4.1455718120539586 29.589428372703125  4.1659084258339725 29.433152244567427  4.1862450396139872 29.274930860613363  4.2065816533940037 29.114829595838923  4.220139395914015 29.00688645512043  4.2269182671740211 28.952623665676871 
 0.63792011042506547 4 0.65825672420506243 1 0.6785933379850595 1 0.69892995176505646 1 0.71926656554505342 1 0.73960317932505037 1 0.75993979310504745 1 0.7802764068850444 1 0.80061302066504147 1 0.82094963444503843 1 0.84128624822503539 1 0.86162286200503235 1 0.88195947578502942 1 0.90229608956502638 1 0.92263270334502345 1 0.94296931712502041 1 0.96330593090501737 1 0.98364254468501433 1 1.0039791584650113 1 1.0243157722450085 1 1.0446523860250054 1 1.0649889998050024 1 1.0853256135849993 4
7 0 0  3 25 23  4.2269182671740211 3.0473763343231344  4.2201393959140141 2.9931135448795696  4.2065816533940028 2.8851704041610859  4.1862450396139872 2.7250691393866444  4.1659084258339698 2.5668477554325748  4.1455718120539577 2.41057162729689  4.1252351982739457 2.2563054010706707  4.1048985844939345 2.1041128713711008  4.0845619707139242 1.9540569806363626  4.0642253569339157 1.8061997862145152  4.043888743153909 1.6606024365424399  4.0235521293739041 1.5173251453630479  4.0032155155939018 1.3764271669556627  3.9828789018138977 1.2379667715941114  3.9625422880338994 1.102001221461802  3.9422056742538998 0.96858674695234181  3.9218690604739024 0.83777852347257142  3.9015324466939068 0.70963064841026857  3.881195832913912 0.58419611955864936  3.8608592191339199 0.46152681022321829  3.8405226053539279 0.34167345887252754  3.820185991573938 0.22468560671501797  3.7998493777939517 0.1106117318652295  3.7862916352739586 0.036536345365739263  3.7795127640139641 -5.5031534884619759e-12 
 2.0562670400047947 4 2.0766036537847916 1 2.0969402675647886 1 2.1172768813447855 1 2.1376134951247825 1 2.1579501089047795 1 2.1782867226847769 1 2.1986233364647738 1 2.2189599502447708 1 2.2392965640247677 1 2.2596331778047647 1 2.2799697915847617 1 2.3003064053647586 1 2.3206430191447556 1 2.3409796329247525 1 2.3613162467047495 1 2.3816528604847464 1 2.4019894742647439 1 2.4223260880447408 1 2.4426627018247378 1 2.4629993156047347 1 2.4833359293847317 1 2.5036725431647286 4
1 3.1415926535897931 20.25 -1 0 
1 0.39942751396449244 0 0 1 
1 3.5410201675542687 0 0 1 
1 0 0 1 0 
1 0 0 1 0 
1 0 0 0 1 
7 0 0  3 25 23  4.5291396326448794 27.1082707671676  4.5239588236077246 27.131735548792637  4.5136625178071172 27.179086380663072  4.4984086220582951 27.251368934759636  4.4833398431183555 27.324900295574306  4.4684509878037435 27.399672963543473  4.4537370423144296 27.47567943906947  4.4391932038617048 27.552912222681464  4.4248148825058369 27.631363814435549  4.4105977098523228 27.711026716153228  4.3965375436331087 27.791893423067325  4.3826304759877628 27.873956455000087  4.3688728256710885 27.957208240004814  4.3552611859252748 28.041641548620852  4.3417939953044336 28.127263214894555  4.328469794273003 28.214079730386455  4.3152872710162642 28.302097678425884  4.3022452505443578 28.391323617752793  4.2893426984312164 28.481764113695835  4.2765787206073016 28.573425729818251  4.2639525623423546 28.666315030156287  4.2514636125964094 28.760438578619492  4.2391113860219871 28.855802939151307  4.2309675202940822 28.920210763507843  4.2269182671738967 28.9526236656761 
 3.0641346920929998e-17 4 0.00012729890589610832 1 0.00025459781179218601 1 0.00038189671768826369 1 0.00050919562358434144 1 0.00063649452948041907 1 0.00076379343537649681 1 0.00089109234127257456 1 0.0010183912471686521 1 0.0011456901530647297 1 0.0012729890589608074 1 0.0014002879648568852 1 0.0015275868707529628 1 0.0016548857766490405 1 0.0017821846825451183 1 0.001909483588441196 1 0.0020367824943372738 1 0.0021640814002333517 1 0.0022913803061294291 1 0.0024186792120255069 1 0.0025459781179215843 1 0.0026732770238176622 1 0.00280057592971374 4
7 0 0  3 25 23  0.58200693237338175 1.3494583490015906  0.5871810388015779 1.3560668954790169  0.59750151664605289 1.3697472764720875  0.61290445083073009 1.3916105481989416  0.62823504099022565 1.4147693562039492  0.64349866932041211 1.4391765368139182  0.65870066852536269 1.4647849252937482  0.67384630785415967 1.4915473608700489  0.68894078596454433 1.5194166679844987  0.70398921981542961 1.5483457262568319  0.71899664480948899 1.5782872093794367  0.73396797580436524 1.6091945595760593  0.74890811502089805 1.6410183508723715  0.76382151285963151 1.6737198615549245  0.77871232523455758 1.7072693539845119  0.79358507691595881 1.7416263862610877  0.80844422271653327 1.7767533846826569  0.82329425606190509 1.8126120070158878  0.83813967103386999 1.8491641169547659  0.85298496366185883 1.8863715230152445  0.86783462309455672 1.9241960484982061  0.88269312416934509 1.9625995127428133  0.89756492449793213 2.0015437361501323  0.90749126943208014 2.0278416046069436  0.91245813294263112 2.0410679387478101 
 3.0641346920929998e-17 4 0.00012729890589610832 1 0.00025459781179218601 1 0.00038189671768826369 1 0.00050919562358434144 1 0.00063649452948041907 1 0.00076379343537649681 1 0.00089109234127257456 1 0.0010183912471686521 1 0.0011456901530647297 1 0.0012729890589608074 1 0.0014002879648568852 1 0.0015275868707529628 1 0.0016548857766490405 1 0.0017821846825451183 1 0.001909483588441196 1 0.0020367824943372738 1 0.0021640814002333517 1 0.0022913803061294291 1 0.0024186792120255069 1 0.0025459781179215843 1 0.0026732770238176622 1 0.00280057592971374 4
1 0 39.75 1 0 
1 3.1415926535897931 0 -1 0 
1 0 0 0 1 
1 0 -1.2560739669502253e-15 1 3.9982076145834868e-16 
1 0 -4.7000000000000002 1 0 
1 3.1415926535897931 0 0 1 
1 3.1415926535897931 0 0 1 
1 0 5.7982756057296907 1 0 
1 0 -0.60000000000000142 1 8.4814791505693778e-16 
1 0 -8.8817841970012523e-16 0 -1 
1 6.2831853071795862 -8.8817841970012523e-16 0 -1 
1 0 5.3290705182007514e-15 1 -1.1308638867425838e-15 
1 4.7123889803846897 0 0 1 
7 0 0  3 25 23  4.7123889803846897 0.63288999213843944  4.7034777560144327 0.64219278252365886  4.6856983109573234 0.66096085217174672  4.6591393644781558 0.68959301370687065  4.6326719241883065 0.71869782268183757  4.6062770125776913 0.74826786965967063  4.5799355882119164 0.77829574451189942  4.5536285937969003 0.80877403968987926  4.5273370506548734 0.83969533801713836  4.5010421037255668 0.87105225824869636  4.4747252089142631 0.9028372850414077  4.4483677965880464 0.9350434035133488  4.4219528892104476 0.9676617310358121  4.3954594320942357 1.0006903555060456  4.3689138857521987 1.0340568348545864  4.3423474004672986 1.0676821618821544  4.3157912702746906 1.1014877782497707  4.2892727800423218 1.1353998953070747  4.2628347569793519 1.1693251967889253  4.2364038287532528 1.2033136024925069  4.2099640766403006 1.2373412353045417  4.183495661291678 1.2713891383111933  4.1569795684839779 1.3054370357822691  4.1392574779605962 1.3281223499631098  4.1303820480112909 1.3394583490016192 
 3.5299065311586198e-18 4 0.00021912826189939791 1 0.0004382565237987923 1 0.00065738478569818675 1 0.00087651304759758114 1 0.0010956413094969754 1 0.0013147695713963698 1 0.0015338978332957642 1 0.0017530260951951586 1 0.001972154357094553 1 0.0021912826189939474 1 0.0024104108808933418 1 0.0026295391427927362 1 0.0028486674046921305 1 0.0030677956665915249 1 0.0032869239284909193 1 0.0035060521903903137 1 0.0037251804522897081 1 0.0039443087141891025 1 0.0041634369760884969 1 0.0043825652379878913 1 0.0046016934998872857 1 0.0048208217617866801 4
7 0 0  3 25 23  3.0157230548277192 10.149999999999988  3.0147967589050242 10.149999999999986  3.0129483034596927 10.148076347095833  3.0101879727708809 10.139436112383164  3.007439937635183 10.125057326926518  3.0047041418442917 10.104956190940772  3.0019805296523252 10.079148920974774  2.9992690458982572 10.047651672638983  2.9965696357942457 10.010480828963589  2.993882245671573 9.9676519242380515  2.9912068202290922 9.9191836602951771  2.9885433128129515 9.8650829175350463  2.9858916470677395 9.8054006945452823  2.983251860069517 9.7400233385960977  2.9806288429390291 9.6689661860058411  2.9780273422919823 9.5924083814351384  2.9754522525087901 9.5104879017703627  2.972908028905525 9.4233435866526456  2.9704007408075528 9.3311519924782331  2.9679246876088752 9.2338166741999714  2.965480313088706 9.1313152575307992  2.9630676447336226 9.023626885059354  2.9606868229311951 8.9107302927890473  2.9591209139552435 8.8319796483886925  2.9583433058499793 8.7917292328322887 
 3.5299065311586198e-18 4 0.00021912826189939791 1 0.0004382565237987923 1 0.00065738478569818675 1 0.00087651304759758114 1 0.0010956413094969754 1 0.0013147695713963698 1 0.0015338978332957642 1 0.0017530260951951586 1 0.001972154357094553 1 0.0021912826189939474 1 0.0024104108808933418 1 0.0026295391427927362 1 0.0028486674046921305 1 0.0030677956665915249 1 0.0032869239284909193 1 0.0035060521903903137 1 0.0037251804522897081 1 0.0039443087141891025 1 0.0041634369760884969 1 0.0043825652379878913 1 0.0046016934998872857 1 0.0048208217617866801 4
7 0 0  3 47 45  4.1303820480112909 1.3394583490016192  4.1230851906720316 1.348778142782489  4.1085452760257937 1.3683322131635878  4.0868823569379042 1.40028291052985  4.0653519229319777 1.4347293420668703  4.0439395782529104 1.4715476535121665  4.0226310447481959 1.5106139781180326  4.0014121980449273 1.5518044957163757  3.980269169148301 1.5949952123058024  3.9591881776632678 1.6400627826385941  3.9381563599824054 1.6868814402855778  3.9171588756348994 1.7353344547896978  3.8961898982294163 1.7852713729869536  3.875211784382079 1.8366675965689523  3.8542128375559446 1.8894417804047792  3.8332137681779397 1.9433866167847955  3.8122266926852539 1.9983288977372342  3.7912661871876319 2.0540849789175111  3.7703456076304209 2.1104788617345234  3.7494975741071865 2.167257007784678  3.7287019641770081 2.2243134193043606  3.707946322781229 2.2815217640833714  3.6872162517755176 2.3387615661180252  3.6664979569699065 2.3959092590251454  3.6457779370878773 2.4528477817330483  3.6250421007861511 2.5094418170622754  3.6042758716865833 2.5655498652122697  3.5834646603000677 2.6210323873455024  3.5625935534366713 2.6757481833933734  3.5416483684749669 2.7295607372486046  3.5205861204730406 2.7823574749079398  3.4994428413804721 2.8338552533364614  3.4782437429697675 2.8837960906598403  3.4570148985471123 2.9319203348696647  3.435789178895388 2.9779498533333002  3.414569994357517 3.0216821060491346  3.3933219947208788 3.0630192329877435  3.3720387198144905 3.101787232499615  3.3507054664942824 3.1378325050208637  3.3293092892687874 3.1709959842652387  3.3078363726544548 3.2011200687503418  3.2862727888029886 3.2280467645006956  3.2646043504814379 3.2516181827092638  3.2428167081264223 3.2716764063884454  3.2208953888145033 3.2880635261042581  3.206182356311218 3.2964355956274285  3.1987987135267564 3.2999571426694008 
 5.6772984131132897e-18 4 0.00017967310173519895 1 0.00035934620347039225 1 0.00053901930520558548 1 0.00071869240694077876 1 0.00089836550867597204 1 0.0010780386104111653 1 0.0012577117121463587 1 0.0014373848138815519 1 0.0016170579156167451 1 0.0017967310173519384 1 0.0019764041190871318 1 0.002156077220822325 1 0.0023357503225575182 1 0.0025154234242927118 1 0.002695096526027905 1 0.0028747696277630981 1 0.0030544427294982913 1 0.0032341158312334845 1 0.0034137889329686781 1 0.0035934620347038712 1 0.0037731351364390644 1 0.0039528082381742585 1 0.0041324813399094516 1 0.0043121544416446448 1 0.004491827543379838 1 0.0046715006451150311 1 0.0048511737468502243 1 0.0050308468485854184 1 0.0052105199503206115 1 0.0053901930520558047 1 0.0055698661537909979 1 0.005749539255526191 1 0.0059292123572613842 1 0.0061088854589965774 1 0.0062885585607317706 1 0.0064682316624669637 1 0.0066479047642021578 1 0.0068275778659373509 1 0.0070072509676725441 1 0.0071869240694077373 1 0.0073665971711429305 1 0.0075462702728781236 1 0.0077259433746133168 1 0.00790561647634851 4
7 0 0  3 47 45  2.9583433058499709 8.7917292328322958  2.9510370276306777 8.7586377010400387  2.9365521387946445 8.6916213548482393  2.9151945673671533 8.5886093126071703  2.8941932677963393 8.4831220742130871  2.8735356215730317 8.3751719597048275  2.8532096498008612 8.2647713142354249  2.8332041199972346 8.1519323892626421  2.8135085991031183 8.0366677859111917  2.7941133374784433 7.918988800333298  2.775009842489224 7.7989115989040174  2.7561888270945172 7.6764341720796523  2.7376479371768387 7.551622343768746  2.7193629606331591 7.4242887799895412  2.7013356972569467 7.2943830426451708  2.6835913421145428 7.1621080404462454  2.6661496366071802 7.0275981874411499  2.6490323996211993 6.8910085295196293  2.6322618079222071 6.7524800798682874  2.6158699645945043 6.6123269595645615  2.5998518846567911 6.4704830279987808  2.5842088217125232 6.3269355161596099  2.5689410387818379 6.1816574983624832  2.5540498836559422 6.0346253040173554  2.5395366830137878 5.8858163988296619  2.5254090138218435 5.7351815527167602  2.5116754070887364 5.5826691100861874  2.4983446530512317 5.4282286725007705  2.4854263121354832 5.2718072384119896  2.4729292538231102 5.1133609615614271  2.4608592074453624 4.9525950815410953  2.4492562010554209 4.7898543719587572  2.4381558541724386 4.6253956633381108  2.4275937740438809 4.4594859776471916  2.4176123712608022 4.2924395141606766  2.4082289344132128 4.1243715714824942  2.3994418497867027 3.9550855241830476  2.3912752031291102 3.784585540409076  2.3837463994937544 3.6128219858306951  2.3768748442385936 3.4397596424481995  2.3706796203247578 3.2653594294178427  2.3651801114548898 3.0895833009418769  2.3603958304243675 2.9123929338824404  2.3563464573944666 2.7337500794164273  2.3530518006313592 2.5536164688014482  2.3513718099056367 2.432508048705746  2.3506642450973625 2.3716926245844938 
 5.6772984131132897e-18 4 0.00017967310173519895 1 0.00035934620347039225 1 0.00053901930520558548 1 0.00071869240694077876 1 0.00089836550867597204 1 0.0010780386104111653 1 0.0012577117121463587 1 0.0014373848138815519 1 0.0016170579156167451 1 0.0017967310173519384 1 0.0019764041190871318 1 0.002156077220822325 1 0.0023357503225575182 1 0.0025154234242927118 1 0.002695096526027905 1 0.0028747696277630981 1 0.0030544427294982913 1 0.0032341158312334845 1 0.0034137889329686781 1 0.0035934620347038712 1 0.0037731351364390644 1 0.0039528082381742585 1 0.0041324813399094516 1 0.0043121544416446448 1 0.004491827543379838 1 0.0046715006451150311 1 0.0048511737468502243 1 0.0050308468485854184 1 0.0052105199503206115 1 0.0053901930520558047 1 0.0055698661537909979 1 0.005749539255526191 1 0.0059292123572613842 1 0.0061088854589965774 1 0.0062885585607317706 1 0.0064682316624669637 1 0.0066479047642021578 1 0.0068275778659373509 1 0.0070072509676725441 1 0.0071869240694077373 1 0.0073665971711429305 1 0.0075462702728781236 1 0.0077259433746133168 1 0.00790561647634851 4
1 3.1987987135267564 8.8817841970012523e-16 0 1 
1 0 8.8817841970012523e-16 1 0 
1 3.1415926535897931 8.8817841970012523e-16 0 -1 
1 3.1415926535897931 8.8817841970012523e-16 0 -1 
1 0 -0.59999999999999609 1 -8.4814791505693778e-16 
1 0 5.7982756057296907 1 0 
1 6.2831853071795862 -1.7763568394002505e-15 0 1 
1 0 -1.7763568394002505e-15 0 1 
1 3.1415926535897931 -3.5527136788005009e-15 0 1 
1 3.1415926535897931 -3.5527136788005009e-15 0 1 
1 4.7123889803846897 1.2114475180204493e-15 -1 -3.0329592166426171e-15 
1 4.3129614142727126 0 0 1 
1 1.1713688798771764 3.5527136788005009e-15 0 1 
1 4.7123889803846897 13.9 -1 -3.0329592166426171e-15 
1 7.8539816339744828 10.799999999999997 -1 0 
1 3.6302848140103534 0 0 1 
1 10.995574287564276 0 -1 0 
1 6.2831853071795862 0 0 1 
1 0 0 0 1 
1 -1.5707963267948966 13.799999999999985 1 2.0060982803188031e-15 
1 4.9125495970531592 0 0 1 
1 10.995574287564276 13.900000000000011 -1 -2.0060982803188011e-15 
1 3.1415926535897931 13.849999999999994 0 -1 
1 3.1415926535897931 13.849999999999994 0 -1 
1 10.995574287564276 13.899999999999999 -1 0 
1 5.4897599898791709 0 0 1 
1 4.7123889803846897 13.799999999999997 1 0 
1 6.2831853071795862 13.849999999999998 0 1 
1 0 13.849999999999998 0 1 
1 0 8.5072800178427625e-17 0 1 
1 6.2831853071795862 8.5072800178427625e-17 0 1 
1 0 0 1 0 
1 3.1415926535897931 1.7763568394002505e-15 0 -1 
1 3.1415926535897931 1.7763568394002505e-15 0 -1 
1 0 14.215972566397216 1 0 
1 -1.6653345369377348e-16 14.215972566397216 1 0 
1 -1.6653345369377348e-16 0 1 0 
1 0 14.215972566397216 1 0 
1 0 -12.100000000000001 1 0 
1 3.1415926535897931 -13.050000000000001 0 -1 
1 3.1415926535897931 -13.050000000000001 0 -1 
1 0 -14.000000000000002 1 0 
1 6.2831853071795862 -13.050000000000002 0 1 
1 0 -13.050000000000002 0 1 
1 0 0 1 0 
1 3.1415926535897931 0 0 -1 
1 3.1415926535897931 0 0 -1 
1 9.4247779607693793 -1.8999999999999999 -1 0 
1 6.2831853071795862 0 0 1 
1 0 0 0 1 
1 0 0 0 1 
1 6.2831853071795862 0 0 1 
1 3.1415926535897931 0 -1 0 
1 3.1415926535897931 1.7763568394002505e-15 0 -1 
1 3.1415926535897931 1.7763568394002505e-15 0 -1 
1 3.1415926535897931 14.215972566397216 -1 0 
1 3.1415926535897931 14.215972566397216 -1 0 
1 -1.3877787807814457e-16 -46 1 0 
1 3.1415926535897931 14.215972566397216 -1 0 
1 6.2831853071795862 -29.899999999999999 0 -1 
1 0 -29.899999999999999 0 -1 
1 0 -25.899999999999999 1 0 
1 3.1415926535897931 -29.899999999999999 0 1 
1 3.1415926535897931 -29.899999999999999 0 1 
1 0 -33.899999999999999 1 0 
1 10.995574287564276 13.799999999999997 -1 0 
1 5.7944931467590255 0 0 1 
1 -1.5707963267948966 13.899999999999999 1 0 
1 3.1415926535897931 13.849999999999998 0 -1 
1 3.1415926535897931 13.849999999999998 0 -1 
1 10.995574287564276 13.899999999999999 -1 0 
1 3.6302848140103534 0 0 1 
1 7.8539816339744828 13.799999999999997 -1 0 
1 6.2831853071795862 13.849999999999998 0 1 
1 0 13.849999999999998 0 1 
1 0 -4.7000000000000002 1 0 
1 0 1.2560739669502253e-15 1 -3.9982076145834868e-16 
1 3.1415926535897931 -6.0999999999999996 0 -1 
1 3.1415926535897931 -6.0999999999999996 0 -1 
1 0 -7.5 1 0 
1 6.2831853071795862 -6.0999999999999996 0 1 
1 0 -6.0999999999999996 0 1 
1 0 -4.7000000000000002 1 0 
1 0 1.2560739669502253e-15 1 -3.9982076145834868e-16 
1 3.1415926535897931 -6.0999999999999996 0 -1 
1 3.1415926535897931 -6.0999999999999996 0 -1 
1 0 -7.5 1 0 
1 6.2831853071795862 -6.0999999999999996 0 1 
1 0 -6.0999999999999996 0 1 
1 0 -1.2560739669502253e-15 1 3.9982076145834868e-16 
1 0 -4.7000000000000002 1 0 
1 3.1415926535897931 0 0 1 
1 3.1415926535897931 0 0 1 
1 0 5.7982756057296907 1 0 
1 0 -0.60000000000000142 1 8.4814791505693778e-16 
1 0 -8.8817841970012523e-16 0 -1 
1 6.2831853071795862 -8.8817841970012523e-16 0 -1 
1 6.2831853071795862 3.5527136788005009e-15 0 -1 
1 0 3.5527136788005009e-15 0 -1 
1 4.7123889803846897 13.899999999999997 1 3.0329592166426171e-15 
1 5.1118165464966667 0 0 1 
1 1.9702237737126169 -3.5527136788005009e-15 0 1 
1 4.7123889803846897 -1.2114475180204493e-15 1 3.0329592166426171e-15 
1 4.7123889803846897 13.799999999999997 -1 0 
1 3.9350179708902071 0 0 1 
1 -1.5707963267948966 13.899999999999999 1 0 
1 3.1415926535897931 13.849999999999998 0 -1 
1 3.1415926535897931 13.849999999999998 0 -1 
1 -1.5707963267948974 13.899999999999986 1 2.0060982803188003e-15 
1 4.5122283637162193 0 0 1 
1 10.995574287564276 13.80000000000001 -1 -2.0060982803188011e-15 
1 6.2831853071795862 13.850000000000001 0 1 
1 0 13.850000000000001 0 1 
1 -1.5707963267948966 0 1 0 
1 5.7944931467590255 0 0 1 
1 10.995574287564276 10.799999999999997 -1 0 
1 3.1415926535897931 0 0 -1 
1 3.1415926535897931 0 0 -1 
1 0 3.5527136788005009e-15 1 -8.4814791505693778e-16 
1 3.1415926535897931 8.8817841970012523e-16 0 -1 
1 3.1415926535897931 8.8817841970012523e-16 0 -1 
1 0 -0.59999999999999609 1 -8.4814791505693778e-16 
1 0 5.7982756057296907 1 0 
1 6.2831853071795862 -1.7763568394002505e-15 0 1 
1 0 -1.7763568394002505e-15 0 1 
1 0 8.8817841970012523e-16 1 0 
1 3.0843865936528179 8.8817841970012395e-16 0 1 
7 0 0  3 47 45  2.1528032591682784 1.3394583490016103  2.1601001165075395 1.3487781427824757  2.1746400311537779 1.3683322131635718  2.196302950241674 1.4002829105298411  2.2178333842476028 1.4347293420668494  2.2392457289266723 1.4715476535121514  2.2605542624313864 1.5106139781180079  2.2817731091346545 1.5518044957163619  2.3029161380312821 1.5949952123057878  2.3239971295163149 1.6400627826385694  2.3450289471971759 1.686881440285563  2.366026431544678 1.7353344547896774  2.3869954089501588 1.7852713729869309  2.407973522797493 1.8366675965689343  2.4289724696236261 1.8894417804047563  2.449971539001635 1.9433866167847762  2.4709586144943194 1.9983288977372162  2.4919191199919406 2.0540849789174849  2.5128396995491515 2.1104788617344972  2.533687733072381 2.1672570077846496  2.5544833430025635 2.2243134193043415  2.5752389843983439 2.2815217640833478  2.595969055404054 2.3387615661180075  2.6166873502096717 2.3959092590251294  2.637407370091704 2.4528477817330452  2.6581432063934334 2.5094418170622719  2.6789094354929999 2.565549865212259  2.6997206468795136 2.6210323873454864  2.720591753742911 2.6757481833933352  2.7415369387046069 2.7295607372485367  2.7625991867065345 2.7823574749078781  2.7837424657990999 2.8338552533364072  2.8049415642098063 2.8837960906598088  2.8261704086324606 2.9319203348696652  2.8473961282841853 2.9779498533332913  2.8686153128220551 3.0216821060491386  2.8898633124586932 3.0630192329877408  2.9111465873650841 3.1017872324996136  2.9324798406852897 3.1378325050208611  2.9538760179107859 3.17099598426524  2.9753489345251189 3.2011200687503378  2.996912518376583 3.2280467645007018  3.0185809566981368 3.2516181827092554  3.0403685990531493 3.2716764063884503  3.0622899183650722 3.2880635261042572  3.0770029508683563 3.2964355956274272  3.0843865936528179 3.2999571426694008 
 3.3204389843146799e-18 4 0.00017967310173519618 1 0.000359346203470389 1 0.0005390193052055819 1 0.00071869240694077475 1 0.00089836550867596759 1 0.0010780386104111603 1 0.0012577117121463533 1 0.001437384813881546 1 0.0016170579156167388 1 0.0017967310173519317 1 0.0019764041190871249 1 0.0021560772208223176 1 0.0023357503225575104 1 0.0025154234242927035 1 0.0026950965260278963 1 0.002874769627763089 1 0.0030544427294982818 1 0.0032341158312334745 1 0.0034137889329686677 1 0.0035934620347038604 1 0.0037731351364390531 1 0.0039528082381742463 1 0.0041324813399094386 1 0.0043121544416446318 1 0.004491827543379825 1 0.0046715006451150173 1 0.0048511737468502104 1 0.0050308468485854036 1 0.0052105199503205959 1 0.0053901930520557891 1 0.0055698661537909814 1 0.0057495392555261746 1 0.0059292123572613677 1 0.00610888545899656 1 0.0062885585607317532 1 0.0064682316624669455 1 0.0066479047642021387 1 0.0068275778659373319 1 0.0070072509676725242 1 0.0071869240694077173 1 0.0073665971711429105 1 0.0075462702728781028 1 0.007725943374613296 1 0.0079056164763484892 4
7 0 0  3 47 45  0.18324934773980781 8.7917292328324024  0.19055562595910253 8.7586377010401399  0.20504051479513766 8.6916213548483228  0.22639808622263236 8.588609312607236  0.24739938579344939 8.4831220742131315  0.26805703201675668 8.3751719597048577  0.28838300378892789 8.2647713142354569  0.30838853359255586 8.1519323892626776  0.32808405448667188 8.0366677859112148  0.34747931611134664 7.9189888003333264  0.36658281110056301 7.7989115989040494  0.385403826495269 7.6764341720797091  0.40394471641294455 7.5516223437688037  0.4222296929566231 7.4242887799896362  0.44025695633283624 7.294383042645264  0.45800131147524475 7.1621080404463555  0.47544301698260683 7.027598187441253  0.49256025396858766 6.8910085295197421  0.50933084566757669 6.7524800798683913  0.52572268899527552 6.612326959564669  0.54174076893299095 6.4704830279988856  0.55738383187725726 6.3269355161596863  0.57265161480794469 6.1816574983625792  0.58754276993384436 6.0346253040174078  0.60205597057600257 5.8858163988297028  0.61618363976794777 5.7351815527167789  0.62991724650105452 5.5826691100862078  0.64324800053855791 5.4282286725008015  0.65616634145430319 5.2718072384120207  0.66866339976666911 5.1133609615615088  0.68073344614441778 4.9525950815411806  0.69233645253436138 4.7898543719588664  0.70343679941734893 4.6253956633382138  0.71399887954591124 4.4594859776473115  0.72398028232898892 4.2924395141607823  0.73336371917657939 4.1243715714826141  0.74215080380308829 3.9550855241831666  0.75031745046068188 3.7845855404091888  0.75784625409603679 3.6128219858308075  0.76471780935119749 3.4397596424483163  0.77091303326503391 3.2653594294179435  0.77641254213490174 3.089583300942  0.78119682316542394 2.9123929338825336  0.78524619619532565 2.7337500794165539  0.78854085295843235 2.5536164688015517  0.79022084368415502 2.4325080487058468  0.79092840849242985 2.3716926245846004 
 3.3204389843146799e-18 4 0.00017967310173519618 1 0.000359346203470389 1 0.0005390193052055819 1 0.00071869240694077475 1 0.00089836550867596759 1 0.0010780386104111603 1 0.0012577117121463533 1 0.001437384813881546 1 0.0016170579156167388 1 0.0017967310173519317 1 0.0019764041190871249 1 0.0021560772208223176 1 0.0023357503225575104 1 0.0025154234242927035 1 0.0026950965260278963 1 0.002874769627763089 1 0.0030544427294982818 1 0.0032341158312334745 1 0.0034137889329686677 1 0.0035934620347038604 1 0.0037731351364390531 1 0.0039528082381742463 1 0.0041324813399094386 1 0.0043121544416446318 1 0.004491827543379825 1 0.0046715006451150173 1 0.0048511737468502104 1 0.0050308468485854036 1 0.0052105199503205959 1 0.0053901930520557891 1 0.0055698661537909814 1 0.0057495392555261746 1 0.0059292123572613677 1 0.00610888545899656 1 0.0062885585607317532 1 0.0064682316624669455 1 0.0066479047642021387 1 0.0068275778659373319 1 0.0070072509676725242 1 0.0071869240694077173 1 0.0073665971711429105 1 0.0075462702728781028 1 0.007725943374613296 1 0.0079056164763484892 4
7 0 0  3 25 23  1.5707963267948966 0.63288999213843944  1.5797075511651533 0.64219278252365908  1.5974869962222615 0.66096085217174683  1.6240459427014322 0.68959301370687021  1.6505133829912799 0.71869782268183935  1.6769082946018943 0.74826786965967407  1.7032497189676705 0.77829574451190597  1.729556713382685 0.80877403968988126  1.7558482565247129 0.83969533801714624  1.782143203454017 0.87105225824870569  1.8084600982653245 0.90283728504141558  1.834817510591537 0.9350434035133508  1.8612324179691386 0.96766173103581743  1.8877258750853494 1.0006903555060433  1.9142714214273877 1.0340568348545898  1.9408379067122865 1.0676821618821537  1.9673940369048943 1.1014877782497698  1.9939125271372622 1.1353998953070787  2.0203505502002339 1.169325196788922  2.0467814784263316 1.2033136024925064  2.0732212305392808 1.2373412353045368  2.0996896458878993 1.2713891383111819  2.1262057386955973 1.3054370357822556  2.1439278292189745 1.3281223499630925  2.1528032591682784 1.3394583490015997 
 0 4 0.00021912826189939182 1 0.00043825652379878363 1 0.00065738478569817547 1 0.00087651304759756726 1 0.0010956413094969592 1 0.0013147695713963509 1 0.0015338978332957427 1 0.0017530260951951345 1 0.0019721543570945265 1 0.0021912826189939183 1 0.0024104108808933101 1 0.0026295391427927019 1 0.0028486674046920937 1 0.0030677956665914855 1 0.0032869239284908773 1 0.003506052190390269 1 0.0037251804522896608 1 0.0039443087141890531 1 0.0041634369760884448 1 0.0043825652379878366 1 0.0046016934998872284 1 0.0048208217617866202 4
7 0 0  3 25 23  0.12586959876207246 10.150000000000009  0.1267958946847676 10.150000000000007  0.12864435013009845 10.148076347095854  0.13140468081891085 10.139436112383191  0.13415271595460951 10.125057326926544  0.13688851174549871 10.104956190940792  0.13961212393746639 10.079148920974802  0.14232360769153379 10.047651672639001  0.14502301779554422 10.010480828963603  0.14771040791821893 9.967651924238087  0.1503858333606975 9.9191836602951948  0.15304934077683974 9.8650829175350712  0.15570100652205099 9.805400694545316  0.15834079352027242 9.740023338596103  0.16096381065076185 9.6689661860058642  0.16356531129780649 9.5924083814351651  0.16614040108100017 9.510487901770377  0.16868462468426434 9.4233435866526882  0.17119191278223736 9.3311519924782544  0.17366796598091511 9.2338166741999963  0.17611234050108265 9.1313152575308241  0.17852500885616598 9.0236268850594055  0.1809058306585937 8.910730292789113  0.18247173963454466 8.8319796483887885  0.18324934773980883 8.7917292328324095 
 0 4 0.00021912826189939182 1 0.00043825652379878363 1 0.00065738478569817547 1 0.00087651304759756726 1 0.0010956413094969592 1 0.0013147695713963509 1 0.0015338978332957427 1 0.0017530260951951345 1 0.0019721543570945265 1 0.0021912826189939183 1 0.0024104108808933101 1 0.0026295391427927019 1 0.0028486674046920937 1 0.0030677956665914855 1 0.0032869239284908773 1 0.003506052190390269 1 0.0037251804522896608 1 0.0039443087141890531 1 0.0041634369760884448 1 0.0043825652379878366 1 0.0046016934998872284 1 0.0048208217617866202 4
1 1.5707963267948966 0 0 1 
1 0 -1.7763568394002505e-15 1 1.1308638867425838e-15 
7 0 0  3 25 23  0.79092840849231194 2.3716926245844654  0.79173029190527233 2.3347524884868229  0.79333405873119278 2.2609620702003865  0.79573970897007407 2.1505466433336831  0.79814535920895402 2.0404020564809358  0.80055100944783553 1.9305289469420541  0.80295665968671592 1.8209279506023281  0.80536230992559699 1.7115997017303011  0.80776796016447794 1.6025448330273515  0.81017361040335889 1.4937639756097667  0.81257926064223995 1.3852577590089161  0.81498491088112068 1.2770268111664915  0.81739056112000141 1.1690717584313037  0.81979621135888203 1.0613932255554193  0.8222018615977631 0.95399183569073098  0.8246075118366436 0.84686821038518378  0.827013162075525 0.7400229695793541  0.82941881231440573 0.63345673160255178  0.83182446255328679 0.52717011317021678  0.83423011279216708 0.42116372937659052  0.83663576303104814 0.31543819370570608  0.83904141326992843 0.20999411797267761  0.84144706350881004 0.10483211252704347  0.84305083033473027 0.03491256115973191  0.84385271374769055 -1.5987211554602254e-13 
 2.3617247352870798 4 2.3641303855259608 1 2.3665360357648417 1 2.3689416860037227 1 2.3713473362426032 1 2.3737529864814841 1 2.3761586367203651 1 2.378564286959246 1 2.380969937198127 1 2.3833755874370079 1 2.3857812376758889 1 2.3881868879147694 1 2.3905925381536504 1 2.3929981883925313 1 2.3954038386314123 1 2.3978094888702932 1 2.4002151391091742 1 2.4026207893480551 1 2.4050264395869361 1 2.4074320898258166 1 2.4098377400646975 1 2.4122433903035785 1 2.4146490405424594 4
1 4.7123889803846897 3.5527136788005009e-15 -1 0 
1 4.7123889803846897 13.900000000000002 -1 0 
1 0.18324934773980778 3.5527136788005009e-15 0 1 
1 0.18324934773980889 1.0658141036401503e-14 0 1 
1 4.7123889803846897 10.799999999999997 -1 0 
1 -5.5511151231257827e-17 -56.799999999999997 1 0 
1 -1.5707963267948968 -3.5527136788005009e-15 1 0 
1 -1.5707963267948966 5.3290705182007514e-15 1 -1.1308638867425838e-15 
1 -1.5707963267948966 0 1 0 
1 9.4247779607693793 14.215972566397216 -1 0 
1 9.4247779607693793 60 -1 0 
1 -1.5707963267948966 13.899999999999999 1 0 
1 -1.5707963267948966 13.899999999999995 1 0 
1 -1.5707963267948966 13.900000000000004 1 -1.1308638867425838e-15 
1 -1.5707963267948961 13.899999999999999 1 0 
1 -1.5707963267948966 13.900000000000004 1 -1.1308638867425838e-15 
1 0.20016061666847051 -46 -2.3129646346357435e-17 -1 
1 2.6529004328935151 0 4.1119371282413215e-17 1 
1 0.77737100949448257 -46 -1.0279842820603304e-17 -1 
1 4.7123889803846897 13.799999999999995 -1 1.1308638867425838e-15 
1 3.1415926535897931 0 0 1 
1 0 0 0 1 
1 0 -7.5 1 0 
1 0 -7.5 1 0 
1 3.1415926535897882 0 0 1 
7 0 0  1 2 2  4.7123889803846897 56.25  4.7123889803846897 3.75 
 1.9580173152175761e-17 2 1 2
1 0 -1.7763568394002505e-15 1 8.4814791505693778e-16 
1 9.4247779607693793 0 -1 0 
7 0 0  1 2 2  4.7123889803846897 3.75  4.7123889803846897 0 
 2.7413019962821907e-16 2 0.99999999999999989 2
7 0 0  1 2 2  0.00053749994824014644 10.150000000000009  0.00053749994824014644 13.900000000000009 
 2.7413019962821907e-16 2 0.99999999999999989 2
7 0 0  1 2 2  4.7123889803846897 60  4.7123889803846897 56.25 
 2.7413019962821907e-16 2 0.99999999999999989 2
7 0 0  1 2 2  3.141055153641557 13.899999999999988  3.141055153641557 10.149999999999988 
 2.7413019962821907e-16 2 0.99999999999999989 2
1 2.9583433058499793 -1.0658141036401503e-14 0 1 
1 2.9583433058499709 -3.5527136788005009e-15 0 1 
1 1.5707963267948966 10.149999999999988 1 0 
1 4.7123889803846897 13.899999999999999 -1 0 
1 -1.5707963267948966 10.150000000000054 1 -2.8346398995345476e-14 
1 4.7123889803846897 -5.3290705182007514e-15 -1 1.1308638867425838e-15 
1 4.7123889803846897 0 -1 0 
1 0 14.215972566397216 1 0 
1 1.5707963267948972 13.799999999999997 -1 0 
1 0.48869222069628054 0 0 1 
1 4.7123889803846906 13.899999999999999 -1 0 
1 2.6529004328935151 0 0 1 
1 4.7123889803846897 13.799999999999997 -1 0 
1 0 -12.100000000000001 1 0 
1 0 -25.899999999999999 1 0 
1 3.1415926535897931 -1.8999999999999999 -1 0 
1 0 -33.899999999999999 1 0 
1 9.4247779607693793 0 -1 0 
1 0 0 1 0 
1 0 -14.000000000000002 1 0 
1 0 0 1 0 
1 3.1415926535897931 10.799999999999997 -1 0 
1 0.20016061666846918 0 2.569960705150826e-17 1 
1 0.77737100949448146 0 1.0279842820603304e-17 1 
1 -1.5707963267948966 13.799999999999999 1 -1.1308638867425838e-15 
7 0 0  3 25 23  2.2977399398421077 -2.0250467969162855e-13  2.2985418232550678 0.034912561159690797  2.3001455900809882 0.10483211252699558  2.3025512403198691 0.20999411797261544  2.3049568905587505 0.31543819370566434  2.3073625407976297 0.42116372937651725  2.3097681910365111 0.52717011317017459  2.312173841275392 0.6334567316024845  2.3145794915142726 0.74002296957928193  2.3169851417531535 0.84686821038511706  2.3193907919920349 0.9539918356906415  2.3217964422309154 1.0613932255553324  2.3242020924697955 1.1690717584311963  2.3266077427086773 1.2770268111664056  2.3290133929475574 1.3852577590088231  2.3314190431864388 1.4937639756096992  2.333824693425318 1.6025448330272478  2.3362303436642016 1.7115997017301852  2.3386359939030803 1.8209279506022154  2.3410416441419613 1.9305289469419504  2.3434472943808426 2.040402056480819  2.3458529446197232 2.1505466433335743  2.3482585948586032 2.2609620702002533  2.3498623616845244 2.3347524884866906  2.3506642450974846 2.3716926245843446 
 3.8685362666371264 4 3.8709419168760073 1 3.8733475671148878 1 3.8757532173537688 1 3.8781588675926497 1 3.8805645178315302 1 3.8829701680704112 1 3.8853758183092921 1 3.8877814685481726 1 3.8901871187870536 1 3.8925927690259345 1 3.894998419264815 1 3.897404069503696 1 3.899809719742577 1 3.9022153699814579 1 3.9046210202203384 1 3.9070266704592194 1 3.9094323206981003 1 3.9118379709369808 1 3.9142436211758618 1 3.9166492714147427 1 3.9190549216536232 1 3.9214605718925042 4
1 4.7123889803846897 13.899999999999993 -1 1.1308638867425838e-15 
1 0.48869222069628054 0 2.0559685641206608e-17 1 
1 1.5707963267948972 10.799999999999997 -1 0 
1 4.7123889803846897 13.899999999999993 -1 1.1308638867425838e-15 
1 6.2831853071795862 -47.950000000000003 0 -1 
1 0 -47.950000000000003 0 -1 
1 9.4247779607693793 -46 -1 0 
1 3.1415926535897931 -47.950000000000003 0 1 
1 3.1415926535897931 -47.950000000000003 0 1 
1 0 -49.899999999999999 1 0 
1 0 -49.899999999999999 1 0 
1 3.1415926535897931 -46 -1 0 
Curves 329
2 -18 0 18 0 -1 0 0 0 -1 1 0 0 4.1500000000000004
1 -18 0 22.149999999999999 0 1 0 
2 -18 2.7999999999999998 18 0 -1 0 0 0 -1 1 0 0 4.1500000000000004
1 -18 0 13.85 -0 -1 0 
2 -18 2.7999999999999998 18 0 -1 0 0 0 -1 1 0 0 4.1500000000000004
1 -18 6.9000000000000004 9.75 0 0.70710678118474302 -0.70710678118835202 
2 -18 6.9000000000000004 18 0 -1 0 0 0 -1 1 0 0 8.25
1 -18 6.9000000000000004 26.25 -0 -0.70710678118474302 -0.70710678118835202 
2 -18 0 -18 0 -1 0 0 0 -1 1 0 0 4.1500000000000004
1 -18 0 -13.85 0 1 0 
2 -18 2.7999999999999998 -18 0 -1 0 0 0 -1 1 0 0 4.1500000000000004
1 -18 0 -22.149999999999999 -0 -1 0 
2 -18 2.7999999999999998 -18 0 -1 0 0 0 -1 1 0 0 4.1500000000000004
1 -18 6.9000000000000004 -26.25 0 0.70710678118474302 -0.70710678118835202 
2 -18 6.9000000000000004 -18 0 -1 0 0 0 -1 1 0 0 8.25
1 -18 6.9000000000000004 -9.75 -0 -0.70710678118474302 -0.70710678118835202 
2 0 9.5 -1.82179545095568 0 0 -1 -1 0 0 0 1 0 4
1 4 9.5 -1.82179545095568 0.17364817766748894 0 -0.98480775301210965 
2 0 9.5 -16 0 0 -1 -1 0 0 0 1 0 6.5
1 -4 9.5 -1.82179545095568 0.17364817766748894 -0 0.98480775301210965 
2 -18 7.4900000000000002 -18 0 1 0 0 -0 1 1 0 -0 8.25
1 -18 7.4900000000000002 -26.25 0 -1 -0 
2 -18 6.9000000000000004 -18 0 -1 0 0 0 -1 1 0 0 8.25
1 -18 7.4900000000000002 -9.75 -0 1 -0 
2 0 9.5 -1.82179545095568 0 0 -1 -1 0 0 0 1 0 4
1 4 9.5 2.48689957516035e-14 0 0 1 
2 0 9.5 1.8217954509557299 0 0 -1 -1 0 0 0 1 0 4
1 -4 9.5 2.48689957516035e-14 0 -0 -1 
2 0 9.5 1.8217954509557299 0 0 -1 -1 0 0 0 1 0 4
1 -6.5 9.5 16 -0.17364817766748894 0 0.98480775301210965 
2 0 9.5 16 0 0 -1 -1 0 0 0 1 0 6.5
1 6.5 9.5 16 -0.17364817766748894 -0 -0.98480775301210965 
1 9 9.4999999999999805 16 0 0 -1 
2 0 9.4999999999999805 16 0 0 1 1 0 -0 -0 1 0 9
1 0 0.49999999999998601 16 -0 -0 -1 
2 0 9.4999999999999805 -16 0 0 1 1 0 -0 -0 1 0 9
2 -18 7.4900000000000002 18 0 1 0 0 -0 1 1 0 -0 8.25
1 -18 7.4900000000000002 9.75 0 -1 -0 
2 -18 6.9000000000000004 18 0 -1 0 0 0 -1 1 0 0 8.25
1 -18 7.4900000000000002 26.25 -0 1 -0 
1 -18 7.4900000000000002 9.75 0 1 0 
7 0 0  3 8 4  -13.464962163187201 8.8394583490015997 11.1082707671676  -14.1377875930913 8.7147646414725006 10.6655242983063  -14.8575163331372 8.5902751425471493 10.330086692012401  -16.0069088497313 8.4096534084315095 9.9843804915741199  -16.4022594986202 8.3504354934512097 9.8962747418016495  -17.1953099778659 8.23785252606082 9.7795613414861506  -17.595677282250101 8.1840524075767895 9.75  -18 8.1328899921384501 9.75 
 0 4 0.00241056824024714 2 0.0036158523603707 2 0.0048211364804942704 4
7 0 0  3 6 3  -11.474167322118401 9.5310679387478103 12.9526236656761  -11.749933091403101 9.3855782631982994 12.5960817418252  -12.052380062827 9.24945397691903 12.264827606758701  -12.7138231423334 9.0128752979544409 11.649982714454699  -13.0727179967328 8.9121523602532697 11.366383365042999  -13.464962163187201 8.8394583490015695 11.1082707671676 
 0 4 0.00140028796485688 2 0.00280057592971375 4
1 -11.474167322118401 7.4900000000000002 12.9526236656761 0 1 0 
2 -18 7.4900000000000002 18 0 1 0 0 -0 1 1 0 -0 8.25
1 -13.464962163187201 8.8394583490015908 16 -0 -0 -1 
2 -28.043000000000301 87.500000000003396 9.75 0 0 1 1 0 -0 -0 1 0 80
1 -28.042999999999999 7.5000000000000098 16 -0 -0 -1 
2 -28.043000000000301 87.500000000003396 -9.75 0 0 -1 -1 0 0 0 1 0 80
7 0 0  3 8 4  -18 8.1328899921384394 -9.75  -17.191308227947601 8.2352206863758699 -9.75  -16.404041023768599 8.3473819578004296 -9.8663810028128101  -15.2539945296379 8.5279041918904692 -10.210132240015501  -14.875853427126 8.5901685393289107 -10.3539449334269  -14.1509212861972 8.7145609961296699 -10.6919877569328  -13.801381034491 8.7771103542898103 -10.8868934816074  -13.464962163187201 8.8394583490016103 -11.1082707671676 
 0 4 0.0024104108808932598 2 0.0036156163213398899 2 0.0048208217617865196 4
1 -28.042999999999999 7.5 -9.75 -1 0 0 
1 -28 7.5 16 -0 -0 -1 
1 -28.042999999999999 7.5 9.75 1 0 0 
1 -9.1171876153329006 9.4999999999999805 -16 0 -1 0 
2 -14.7405404739083 15.722255743463901 -16 0 0 1 1 0 -0 -0 1 0 7
2 0 9.4999999999999805 -16 0 0 1 1 0 -0 -0 1 0 9
1 -30 0.50000000000003098 -16 1 -1.51065502699647e-15 0 
1 -9.4169999999999998 0.5 -16 0 1 0 
1 0 7.4900000000000002 -16 -1 0 0 
2 0 9.5 -16 0 0 -1 -1 0 0 0 1 0 6.5
2 -14.7405404739083 15.722255743463901 16 0 0 1 1 0 -0 -0 1 0 7
1 -9.1171876153329006 9.4999999999999805 16 0 -1 0 
1 0 7.4900000000000002 16 -1 0 0 
1 -9.4169999999999998 0.5 16 0 1 0 
1 -30 0.50000000000003098 16 1 -1.51065502699647e-15 0 
2 0 9.4999999999999805 16 0 0 1 1 0 -0 -0 1 0 9
2 0 9.5 16 0 0 -1 -1 0 0 0 1 0 6.5
1 -28 7.4900000000000002 -30 -1 0 0 
1 -9.4169999999999998 0.5 -30 0 1 0 
1 -10 0.500000000000001 -30 1 -1.48775598282746e-15 0 
1 -10 0 -30 0 1 0 
1 -30 0 -30 1 0 0 
1 -30 5.5 -30 0 -1 0 
2 -28 5.5 -30 0 0 1 1 0 -0 -0 1 0 2
2 -18 7.4900000000000002 -18 0 1 0 0 -0 1 1 0 -0 8.25
1 15 7.4900000000000002 -47.181493238075298 -0.61180319203925593 0 0.79101002156140687 
1 -9.4169999999999998 7.4900000000000002 30 0 0 -1 
1 -28.1997498435544 7.4900000000000002 30 -0 -0 -1 
1 -18 7.4900000000000002 -9.75 -1 0 0 
1 -9.4169999999999998 0.5 30 -0 -0 -1 
1 -30 7.4900000000000002 9.75 1 0 0 
1 -28.1997498435544 7.4900000000000002 30 -0 -0 -1 
1 -28 7.4900000000000002 30 -1 0 0 
1 -9.4169999999999998 7.4900000000000002 30 0 0 -1 
1 -11.474167322118401 7.4900000000000002 12.9526236656761 0.61180319203925593 0 0.79101002156140687 
1 -11.474167322118401 7.4900000000000002 -12.9526236656761 0 1 0 
3 -14.7405404739083 15.722255743463901 -8.7294781658743705 -0.79101002156140687 0 -0.61180319203925604 0.61180319203925604 0 -0.79101002156140687 0 -1 -0 11.4415879013 7
3 -14.7405404739083 15.722255743463901 8.7294781658743599 -0.79101002156140687 0 0.61180319203925604 -0.61180319203925604 0 -0.79101002156140687 -0 -1 0 11.4415879013 7
2 -28 5.5 9.75 0 0 1 1 0 -0 -0 1 0 2
1 -8.2915540165734001 13.000018855698499 16 -0 -0 -1 
1 -10 0.500000000000001 30 -0 -0 -1 
1 -9.4169999999999998 0.5 30 -0 -0 -1 
1 -10 0.500000000000001 30 1 -1.48775598282746e-15 0 
1 -10 0 30 0 1 0 
1 -10 0 30 -0 -0 -1 
1 -30 0 30 1 0 0 
1 -30 0 30 -0 -0 -1 
2 -18 0 18 0 -1 0 0 0 -1 1 0 0 4.1500000000000004
2 -18 0 -18 0 -1 0 0 0 -1 1 0 0 4.1500000000000004
1 -30 5.5 30 -0 -0 -1 
1 -30 5.5 30 0 -1 0 
7 0 0  3 6 3  -13.464962163187201 8.8394583490015908 -11.1082707671676  -13.0727179967328 8.9121523602532804 -11.366383365042999  -12.7138231423333 9.0128752979544497 -11.649982714454699  -12.052380062827 9.2494539769190407 -12.264827606758701  -11.749933091403101 9.3855782631982994 -12.5960817418253  -11.474167322118401 9.5310679387478103 -12.9526236656761 
 3.0641346920929998e-17 4 0.00140028796485688 2 0.00280057592971374 4
2 -28 5.5 -9.75 0 0 -1 -1 0 0 0 1 0 2
2 -28 5.5 30 0 0 1 1 0 -0 -0 1 0 2
1 -9.4169999999999998 0.5 30 0 1 0 
1 -18 7.4900000000000002 -9.75 0 1 0 
2 18 2.7999999999999998 -18 -0 1 0 1 0 0 0 0 -1 4.1500000000000004
1 13.85 2.7999999999999998 -18 -0.70710678118835202 0.70710678118474302 0 
2 18 6.9000000000000004 -18 -0 1 0 1 0 0 0 0 -1 8.25
1 22.149999999999999 2.7999999999999998 -18 -0.70710678118835202 -0.70710678118474302 -0 
2 18 7.5 18 -0 1 0 1 0 0 0 0 -1 8.25
1 18 7.5 26.25 -1.22464679914735e-16 1 0 
7 0 0  3 8 4  18 8.1328899921384394 26.25  17.191308227947601 8.2352206863758592 26.25  16.404041023768499 8.3473819578003994 26.133618997187199  15.2539945296379 8.5279041918904603 25.789867759984499  14.8758534271259 8.5901685393289302 25.646055066573101  14.1509212861971 8.7145609961296895 25.3080122430671  13.801381034490801 8.7771103542898192 25.113106518392499  13.464962163187099 8.8394583490016192 24.891729232832301 
 3.5299065311586198e-18 4 0.00241041088089334 2 0.00361561632134001 2 0.0048208217617866801 4
7 0 0  3 14 7  13.464962163187099 8.8394583490016192 24.891729232832301  12.9117944196311 8.9419760805911608 24.527722383117499  12.423949082171401 9.0998200243662293 24.113301932415101  11.7722373894984 9.3783618736435006 23.4201521155785  11.5675955462847 9.4789612090216604 23.175594454753298  11.190096120032401 9.6856465091702102 22.667741869668099  11.017728128965301 9.7912973706070492 22.405517596721101  10.7036413785032 10.000451424043501 21.863140774366101  10.561923731628401 10.1039930170635 21.583001875405699  10.3090363025175 10.3012332642015 21.001992407931901  10.1975151768504 10.3953104172148 20.699391373969998  9.9183504329030203 10.6420800926964 19.778025054946198  9.80180643799984 10.7612201252077 19.1406622899182  9.7634955188555601 10.799957142669401 18.471692624584499 
 5.6772984131132897e-18 4 0.0019764041190871301 2 0.0029646061786306999 2 0.0039528082381742602 2 0.00494101029771782 2 0.0059292123572613903 2 0.00790561647634851 4
1 9.7634955188555601 7.5 18.471692624584499 -1.22464679914735e-16 1 0 
2 18 7.5 18 -0 1 0 1 0 0 0 0 -1 8.25
1 9.75 7.5 18 1.22464679914735e-16 -1 0 
2 18 6.9000000000000004 18 -0 1 0 1 0 0 0 0 -1 8.25
1 26.25 7.5 18 -1.22464679914735e-16 1 -0 
1 -6.5805650859007701e-16 18.5 -16.100000000000001 0 -1.22464679914735e-16 -1 
2 4.3368086899420202e-16 9.5 -16.100000000000001 -0 1.22464679914735e-16 1 1 0 0 0 1 -1.22464679914735e-16 9
1 8.2915538340562094 13.0000192880822 -16.100000000000001 0 -1.22464679914735e-16 -1 
2 4.3368086899420202e-16 9.5 -30 -0 1.22464679914735e-16 1 1 0 0 0 1 -1.22464679914735e-16 9
2 5.73900004922878 6.4479999738245999 -26.899999999999999 0 0 1 -1 0 0 0 -1 0 1.8500000000000001
1 6.6075223911539096 8.0814530467890098 -16.100000000000001 0 -1.22464679914735e-16 -1 
2 5.73900004922878 6.4479999738245999 -16.100000000000001 -0 1.22464679914735e-16 1 1 0 0 0 1 -1.22464679914735e-16 1.8500000000000001
1 5.73900004922878 4.5979999738246002 -16.100000000000001 -0 -1.22464679914735e-16 -1 
2 0 9.5 -29.899999999999999 0 0 -1 1 0 0 0 -1 0 6.5
1 6.3702252613584003 8.2076261688074794 -16.100000000000001 0 -1.22464679914735e-16 -1 
2 -9.7578195523695399e-16 9.5 -30 -0 1.22464679914735e-16 1 1 0 0 0 1 -1.22464679914735e-16 6.5
1 -1.7717760852215e-15 16 -29.949999999999999 -0 1.22464679914735e-16 1 
2 -9.7578195523695399e-16 9.5 -30 -0 1.22464679914735e-16 1 1 0 0 0 1 -1.22464679914735e-16 6.5
1 4.6329399611809601 4.9408479608492399 -16.100000000000001 0 -1.22464679914735e-16 -1 
2 0 9.5 -29.899999999999999 0 0 -1 1 0 0 0 -1 0 6.5
1 -1.7978782525240899e-16 3 -29.949999999999999 -0 -1.22464679914735e-16 -1 
1 4.0314222701000002 9.5 -2.1000000000000001 0.17364817766748894 -0 -0.98480775301210965 
2 0 9.5 -2.1000000000000001 0 0 -1 1 -0 0 0 -1 -0 4.0314222701000002
1 -4.0314222701000002 9.5 -2.1000000000000001 0.17364817766748894 0 0.98480775301210965 
2 0 9.5 -16.100000000000001 0 0 -1 1 -0 0 0 -1 -0 6.5
2 0 9.5 -16.100000000000001 0 0 -1 1 -0 0 0 -1 -0 6.5
2 0 9.5 -16.100000000000001 0 0 -1 1 -0 0 0 -1 -0 6.5
2 0 9.5 -4 0 0 -1 1 -0 0 0 -1 -0 2.6000000000000001
1 -2.6000000000000001 9.5 -3.0499999999999998 -0 0 1 
2 0 9.5 -2.1000000000000001 0 0 -1 1 -0 0 0 -1 -0 2.6000000000000001
1 2.6000000000000001 9.5 -3.0499999999999998 -0 -0 -1 
2 0 9.5 2.1000000000000001 0 0 -1 1 -0 0 0 -1 -0 2.6000000000000001
1 -2.6000000000000001 9.5 2.1000000000000001 -0 0 1 
2 0 9.5 4 0 0 1 -1 0 0 0 -1 0 2.6000000000000001
1 2.6000000000000001 9.5 2.1000000000000001 -0 -0 -1 
1 -4.0314222701000002 9.5 2.1000000000000001 -0.17364817766748894 -0 0.98480775301210965 
2 0 9.5 2.1000000000000001 0 0 -1 1 -0 0 0 -1 -0 4.0314222701000002
1 4.0314222701000002 9.5 2.1000000000000001 -0.17364817766748894 0 -0.98480775301210965 
2 0 9.5 16.100000000000001 0 0 -1 1 0 0 0 -1 0 6.5
2 0 9.5 16.100000000000001 0 0 -1 1 0 0 0 -1 0 6.5
2 0 9.5 16.100000000000001 0 0 -1 1 0 0 0 -1 0 6.5
1 2.5 9.5 0 -0 -0 1 
2 0 9.5 -4 0 0 -1 1 -0 0 0 -1 -0 2.5
1 -2.5 9.5 0 0 0 -1 
2 0 9.5 4 0 0 -1 1 -0 0 0 -1 -0 2.5
2 5.73900004922878 6.4479999738245999 29.899999999999999 0 0 -1 1 -0 0 0 -1 -0 1.8500000000000001
1 6.6075223911539096 8.0814530467890098 16.100000000000001 -0 1.22464679914735e-16 1 
2 5.73900004922878 6.4479999738245999 30 -0 1.22464679914735e-16 1 1 0 0 0 1 -1.22464679914735e-16 1.8500000000000001
1 5.73900004922878 4.5979999738246002 29.949999999999999 0 -1.22464679914735e-16 -1 
2 5.73900004922878 6.4479999738245999 -30 -0 1.22464679914735e-16 1 1 0 0 0 1 -1.22464679914735e-16 1.8500000000000001
1 6.6075223911539096 8.0814530467890098 -16.100000000000001 0 -1.22464679914735e-16 -1 
2 5.73900004922878 6.4479999738245999 -29.899999999999999 0 0 1 -1 0 0 0 -1 0 1.8500000000000001
1 5.73900004922878 4.5979999738246002 -29.949999999999999 -0 -1.22464679914735e-16 -1 
2 18 2.7999999999999998 18 -0 1 0 1 0 0 0 0 -1 4.1500000000000004
1 13.85 1.3999999999999999 18 -0 -1 0 
2 18 0 18 -0 1 0 1 0 0 0 0 -1 4.1500000000000004
1 22.149999999999999 1.3999999999999999 18 -0 1 -0 
2 18 2.7999999999999998 -18 -0 1 0 1 0 0 0 0 -1 4.1500000000000004
1 13.85 1.3999999999999999 -18 -0 -1 0 
2 18 0 -18 -0 1 0 1 0 0 0 0 -1 4.1500000000000004
1 22.149999999999999 1.3999999999999999 -18 -0 1 -0 
2 18 2.7999999999999998 18 -0 1 0 1 0 0 0 0 -1 4.1500000000000004
1 13.85 2.7999999999999998 18 -0.70710678118835202 0.70710678118474302 0 
2 18 6.9000000000000004 18 -0 1 0 1 0 0 0 0 -1 8.25
1 22.149999999999999 2.7999999999999998 18 -0.70710678118835202 -0.70710678118474302 -0 
1 1.5462349282902e-15 18.5 16.100000000000001 0 -1.22464679914735e-16 -1 
2 4.3368086899420202e-16 9.5 30 -0 1.22464679914735e-16 1 1 0 0 0 1 -1.22464679914735e-16 9
1 8.2915538340562094 13.0000192880822 16.100000000000001 -0 1.22464679914735e-16 1 
2 4.3368086899420202e-16 9.5 16.100000000000001 -0 1.22464679914735e-16 1 1 0 0 0 1 -1.22464679914735e-16 9
2 0 9.5 29.899999999999999 0 0 -1 1 -0 0 0 -1 -0 6.5
1 4.6329399611809601 4.9408479608492302 16.100000000000001 -0 1.22464679914735e-16 1 
2 -9.7578195523695399e-16 9.5 30 -0 1.22464679914735e-16 1 1 0 0 0 1 -1.22464679914735e-16 6.5
1 -1.7717760852215e-15 3 29.949999999999999 0 -1.22464679914735e-16 -1 
2 -9.7578195523695399e-16 9.5 30 -0 1.22464679914735e-16 1 1 0 0 0 1 -1.22464679914735e-16 6.5
1 6.3702252613584003 8.2076261688074705 16.100000000000001 -0 1.22464679914735e-16 1 
2 0 9.5 29.899999999999999 0 0 -1 1 -0 0 0 -1 -0 6.5
1 -1.7978782525240899e-16 16 29.949999999999999 -0 1.22464679914735e-16 1 
2 5.73900004922878 6.4479999738245999 16.100000000000001 -0 1.22464679914735e-16 1 1 0 0 0 1 -1.22464679914735e-16 1.8500000000000001
1 6.6075223911539096 8.0814530467890098 16.100000000000001 -0 1.22464679914735e-16 1 
2 5.73900004922878 6.4479999738245999 26.899999999999999 0 0 -1 1 -0 0 0 -1 -0 1.8500000000000001
1 5.73900004922878 4.5979999738246002 16.100000000000001 0 -1.22464679914735e-16 -1 
2 18 7.5 -18 -0 1 0 1 0 0 0 0 -1 8.25
1 9.75 7.5 -18 1.22464679914735e-16 -1 0 
2 18 6.9000000000000004 -18 -0 1 0 1 0 0 0 0 -1 8.25
1 26.25 7.5 -18 -1.22464679914735e-16 1 -0 
2 18 7.5 -18 -0 1 0 1 0 0 0 0 -1 8.25
1 9.7634955188555708 7.5 -18.471692624584598 -1.22464679914735e-16 1 0 
7 0 0  3 14 7  13.464962163187201 8.8394583490016103 -24.8917292328324  12.9117944196311 8.9419760805911395 -24.527722383117499  12.423949082171401 9.0998200243662097 -24.113301932415101  11.7722373894985 9.3783618736434793 -23.420152115578599  11.5675955462847 9.4789612090216409 -23.175594454753401  11.1900961200325 9.68564650917018 -22.667741869668198  11.0177281289654 9.7912973706070296 -22.4055175967212  10.7036413785032 10.000451424043501 -21.863140774366101  10.561923731628401 10.1039930170635 -21.583001875405699  10.309036302517599 10.3012332642014 -21.001992407932001  10.1975151768504 10.3953104172148 -20.699391373970101  9.9183504329030399 10.6420800926964 -19.778025054946301  9.8018064379998595 10.7612201252077 -19.1406622899183  9.7634955188555708 10.799957142669401 -18.471692624584598 
 3.3204389843146799e-18 4 0.0019764041190871201 2 0.0029646061786306899 2 0.0039528082381742498 2 0.0049410102977178096 2 0.0059292123572613799 2 0.0079056164763484892 4
7 0 0  3 8 4  18 8.1328899921384394 -26.25  17.191308227947601 8.2352206863758592 -26.25  16.404041023768499 8.34738195780041 -26.133618997187199  15.2539945296379 8.5279041918904603 -25.789867759984499  14.8758534271259 8.5901685393289302 -25.646055066573101  14.1509212861971 8.7145609961296895 -25.3080122430671  13.8013810344909 8.7771103542898103 -25.113106518392499  13.464962163187201 8.8394583490015997 -24.8917292328324 
 0 4 0.0024104108808933101 2 0.0036156163213399701 2 0.0048208217617866202 4
1 18 7.5 -26.25 -1.22464679914735e-16 1 0 
2 18 7.5 -18 -0 1 0 1 0 0 0 0 -1 8.25
3 14.7405404739083 15.722255743464 -65.0507684322545 -0.99433979863967958 -1.2177150516689095e-16 -0.10624671684904696 0.10624671684904696 -1.101503303345859e-16 -0.99433979863967958 1.093791429698093e-16 -1 1.2246467991473522e-16 65.884388784899997 7
2 14.7405404739083 15.722255743464 -16.100000000000001 -0 1.22464679914735e-16 1 1 0 0 0 1 -1.22464679914735e-16 7
2 14.7405404739083 15.722255743464 -30 -0 1.22464679914735e-16 1 1 0 0 0 1 -1.22464679914735e-16 7
1 13.464962163187201 8.8394583490016103 -16.100000000000001 0 -1.22464679914735e-16 -1 
1 6.6075223911539096 8.0814530467890098 26.899999999999999 -0.88294759285892366 0.46947156278589686 0 
2 5.73900004922878 6.4479999738245999 26.899999999999999 0 0 -1 1 -0 0 0 -1 -0 1.8500000000000001
1 4.6329399611809601 4.9408479608492302 26.899999999999999 0.88294759285892199 -0.46947156278590002 0 
2 0 9.5 26.899999999999999 0 0 -1 1 -0 0 0 -1 -0 6.5
2 14.7405404739083 15.722255743464 16.100000000000001 -0 1.22464679914735e-16 1 1 0 0 0 1 -1.22464679914735e-16 7
1 9.5100765617928502 15.722255743464 16.100000000000001 1.3555021685966199e-16 -1 1.22464679914735e-16 
1 14.7405404739083 7.5000000000000098 16.100000000000001 1 0 0 
1 9.5 15.722255743464 16.100000000000001 0 1 -1.22464679914735e-16 
1 0 0.5 16.100000000000001 1 0 0 
2 4.3368086899420202e-16 9.5 16.100000000000001 -0 1.22464679914735e-16 1 1 0 0 0 1 -1.22464679914735e-16 9
2 5.73900004922878 6.4479999738245999 16.100000000000001 -0 1.22464679914735e-16 1 1 0 0 0 1 -1.22464679914735e-16 1.8500000000000001
1 6.6075223911539096 8.0814530467890098 16.100000000000001 -0.88294759285892366 0.46947156278589686 0 
2 0 9.5 16.100000000000001 0 0 -1 1 0 0 0 -1 0 6.5
1 4.6329399611809503 4.9408479608492302 16.100000000000001 0.88294759285892199 -0.46947156278590002 0 
2 28 5.5000000000000098 30 0 0 -1 1 0 0 0 -1 0 2
2 28.0429999999999 87.499999999998906 30 -0 1.22464679914735e-16 1 1 0 0 0 1 -1.22464679914735e-16 80
2 14.7405404739083 15.722255743464 30 -0 1.22464679914735e-16 1 1 0 0 0 1 -1.22464679914735e-16 7
2 4.3368086899420202e-16 9.5 30 -0 1.22464679914735e-16 1 1 0 0 0 1 -1.22464679914735e-16 9
1 0 0.5 30 1 0 0 
1 10 0.5 30 0 -1 0 
1 10 0 30 1 0 0 
1 30 0 30 0 1 0 
2 5.73900004922878 6.4479999738245999 30 -0 1.22464679914735e-16 1 1 0 0 0 1 -1.22464679914735e-16 1.8500000000000001
1 4.6329399611809503 4.9408479608492302 30 0.88294759285892199 -0.46947156278590002 0 
2 -9.7578195523695399e-16 9.5 30 -0 1.22464679914735e-16 1 1 0 0 0 1 -1.22464679914735e-16 6.5
1 6.6075223911539096 8.0814530467890098 30 -0.88294759285892366 0.46947156278589686 0 
1 6.3702252613584003 8.2076261688074705 16.100000000000001 -0 1.22464679914735e-16 1 
1 4.8704776088460902 4.8145469532109901 16.100000000000001 -0 1.22464679914735e-16 1 
1 4.6329399611809601 4.9408479608492302 16.100000000000001 -0 1.22464679914735e-16 1 
2 0 9.5 29.899999999999999 0 0 -1 1 -0 0 0 -1 -0 6.5
1 -1.21959230985473e-15 0.5 16.100000000000001 -0 1.22464679914735e-16 1 
1 10 0.5 16.100000000000001 -0 1.22464679914735e-16 1 
1 9.5 0.50000000000001099 30 0 -1.22464679914735e-16 -1 
1 0 0.5 -16.100000000000001 1 0 0 
1 -1.21959230985473e-15 0.5 -16.100000000000001 0 -1.22464679914735e-16 -1 
1 0 0.5 -30 1 0 0 
1 10 0.5 -30 0 -1 0 
1 10 0 16.100000000000001 -0 1.22464679914735e-16 1 
1 10 0 -30 1 0 0 
1 30 0 16.100000000000001 -0 1.22464679914735e-16 1 
2 18 0 -18 -0 1 0 1 0 0 0 0 -1 4.1500000000000004
2 18 0 18 -0 1 0 1 0 0 0 0 -1 4.1500000000000004
1 30 0 -30 0 1 0 
1 30 5.5 -30 0 0 1 
1 18 7.5 26.25 1 1.4456028966473399e-16 -0 
7 0 0  3 4 2  28 7.5 26.25  28 7.5 8.7499999999999893  28 7.5 -8.7500000000000107  28 7.5 -26.25 
 0 4 1 4
1 30 7.5 -26.25 -1 -1.4456028966473399e-16 2.8912057932946798e-16 
1 9.7634955188555708 7.5 -18.471692624584598 -0.10624671684904696 0 0.99433979863967958 
1 14.7405404739083 7.5 -16.100000000000001 1 0 0 
1 9.5 7.5000000000000098 30 0 -1.22464679914735e-16 -1 
1 7.78976712269586 7.5 0 0.10624671684904598 -0 0.9943397986396797 
2 18 7.5 18 -0 1 0 1 0 0 0 0 -1 8.25
2 28 5.5000000000000098 -30 0 0 -1 1 0 0 0 -1 0 2
7 0 0  3 4 2  28 7.5 -26.25  28 7.5 -27.5  28 7.5 -28.75  28 7.5 -30 
 0 4 1 4
7 0 0  3 4 2  28 7.5 30  28 7.5 28.75  28 7.5 27.5  28 7.5 26.25 
 0 4 1 4
1 13.464962163187099 8.8394583490016192 16.100000000000001 -0 1.22464679914735e-16 1 
2 28.0429999999999 87.499999999998906 26.25 0 0 1 -1 0 0 0 -1 0 80
2 28.043000000000202 87.500000000002203 -30 -0 1.22464679914735e-16 1 1 0 0 0 1 -1.22464679914735e-16 80
2 28.043000000000202 87.500000000002203 -26.25 -2.8912057932946798e-16 -3.5407059204346099e-32 -1 1 0 -2.8912057932946798e-16 1.0236909469513315e-47 -1 3.5407059204346099e-32 80
1 9.5100765617928502 15.722255743464 -16.100000000000001 1.09379142969809e-16 -1 1.22464679914735e-16 
2 4.3368086899420202e-16 9.5 -16.100000000000001 -0 1.22464679914735e-16 1 1 0 0 0 1 -1.22464679914735e-16 9
1 9.5 15.722255743464 -16.100000000000001 0 1 -1.22464679914735e-16 
2 5.73900004922878 6.4479999738245999 -16.100000000000001 -0 1.22464679914735e-16 1 1 0 0 0 1 -1.22464679914735e-16 1.8500000000000001
1 4.6329399611809503 4.9408479608492302 -16.100000000000001 0.88294759285892199 -0.46947156278590002 0 
2 0 9.5 -16.100000000000001 0 0 -1 1 -0 0 0 -1 -0 6.5
1 6.6075223911539096 8.0814530467890098 -16.100000000000001 -0.88294759285892366 0.46947156278589686 0 
2 5.73900004922878 6.4479999738245999 -29.899999999999999 0 0 1 -1 0 0 0 -1 0 1.8500000000000001
1 4.8704776088460902 4.8145469532109999 -16.100000000000001 0 -1.22464679914735e-16 -1 
2 5.73900004922878 6.4479999738245999 -30 -0 1.22464679914735e-16 1 1 0 0 0 1 -1.22464679914735e-16 1.8500000000000001
1 6.6075223911539096 8.0814530467890098 -29.899999999999999 -0.88294759285892366 0.46947156278589686 0 
1 6.6075223911539096 8.0814530467890098 -30 -0.88294759285892366 0.46947156278589686 0 
1 4.6329399611809503 4.9408479608492302 -29.899999999999999 0.88294759285892199 -0.46947156278590002 0 
1 4.6329399611809503 4.9408479608492302 -30 0.88294759285892199 -0.46947156278590002 0 
1 4.8704776088460902 4.8145469532109901 16.100000000000001 -0 1.22464679914735e-16 1 
2 5.73900004922878 6.4479999738245999 29.899999999999999 0 0 -1 1 -0 0 0 -1 -0 1.8500000000000001
1 6.6075223911539096 8.0814530467890098 29.899999999999999 -0.88294759285892366 0.46947156278589686 0 
1 4.6329399611809601 4.9408479608492302 29.899999999999999 0.88294759285892199 -0.46947156278590002 0 
2 0 9.5 -4 0 0 -1 1 -0 0 0 -1 -0 2.6000000000000001
2 0 9.5 -4 0 0 -1 1 -0 0 0 -1 -0 2.5
2 0 9.5 4 0 0 1 -1 0 0 0 -1 0 2.6000000000000001
2 0 9.5 4 0 0 -1 1 -0 0 0 -1 -0 2.5
2 0 9.5 2.1000000000000001 0 0 -1 1 -0 0 0 -1 -0 4.0314222701000002
2 0 9.5 2.1000000000000001 0 0 -1 1 -0 0 0 -1 -0 2.6000000000000001
2 0 9.5 -2.1000000000000001 0 0 -1 1 -0 0 0 -1 -0 2.6000000000000001
2 0 9.5 -2.1000000000000001 0 0 -1 1 -0 0 0 -1 -0 4.0314222701000002
2 0 9.5 -26.899999999999999 0 0 1 -1 0 0 0 -1 0 6.5
1 6.3702252613584003 8.2076261688074794 -16.100000000000001 0 -1.22464679914735e-16 -1 
1 4.6329399611809601 4.9408479608492399 -16.100000000000001 0 -1.22464679914735e-16 -1 
2 0 9.5 -29.899999999999999 0 0 -1 1 0 0 0 -1 0 6.5
3 14.7405404739083 15.722255743464 65.0507684322545 -0.9943397986396797 -1.2177150516689097e-16 0.10624671684904598 0.10624671684904598 1.3617327067640598e-16 0.9943397986396797 -1.3555021685966165e-16 1 -1.224646799147353e-16 65.884388784899997 7
2 -9.7578195523695399e-16 9.5 -30 -0 1.22464679914735e-16 1 1 0 0 0 1 -1.22464679914735e-16 6.5
1 4.8704776088460902 4.8145469532109999 -16.100000000000001 0 -1.22464679914735e-16 -1 
2 5.73900004922878 6.4479999738245999 -26.899999999999999 0 0 1 -1 0 0 0 -1 0 1.8500000000000001
1 6.6075223911539096 8.0814530467890098 -26.899999999999999 -0.88294759285892366 0.46947156278589686 0 
2 4.3368086899420202e-16 9.5 -30 -0 1.22464679914735e-16 1 1 0 0 0 1 -1.22464679914735e-16 9
1 4.6329399611809503 4.9408479608492302 -26.899999999999999 0.88294759285892199 -0.46947156278590002 0 
1 3.7999999999999998 9.5 18.050000000000001 -0 -0 1 
2 0 9.5 16.100000000000001 0 0 1 -1 0 0 0 -1 0 3.7999999999999998
1 -3.7999999999999998 9.5 18.050000000000001 0 0 -1 
2 0 9.5 20 0 0 -1 1 -0 0 0 -1 -0 3.7999999999999998
2 0 9.5 20 0 0 -1 1 -0 0 0 -1 -0 3.7999999999999998
2 0 9.5 16.100000000000001 0 0 1 -1 0 0 0 -1 0 3.7999999999999998
1 -4.6947331210536199e-16 5.5 20 -1 -1.87789324842145e-16 0 
1 -0.649519052838328 2.625 20 -0.50000000000000033 0.86602540378443837 0 
1 -6.2786841774371798 6.625 20 0.49999999999999983 0.86602540378443871 -0 
1 -1.97178791084252e-15 13.5 20 1 1.87789324842145e-16 -0 
1 6.2786841774371798 6.625 20 0.50000000000000033 -0.86602540378443837 0 
1 0.649519052838329 2.625 20 -0.49999999999999983 -0.86602540378443871 0 
1 -4.6188021535170103 9.5 16.100000000000001 0 0 1 
1 -4.6188021535170103 9.5 16.100000000000001 0.49999999999999983 0.86602540378443871 -0 
1 -2.3094010767584998 13.5 16.100000000000001 0 0 1 
1 -2.3094010767584998 13.5 16.100000000000001 1 1.87789324842145e-16 -0 
1 2.3094010767584998 13.5 16.100000000000001 0 0 1 
1 2.3094010767584998 13.5 16.100000000000001 0.49999999999999983 -0.86602540378443871 0 
1 4.6188021535170103 9.5 16.100000000000001 0 0 1 
1 4.6188021535170103 9.5 16.100000000000001 -0.49999999999999983 -0.86602540378443871 0 
1 2.3094010767584998 5.5 16.100000000000001 0 0 1 
1 2.3094010767584998 5.5 16.100000000000001 -1 -1.87789324842145e-16 0 
1 -2.3094010767584998 5.5 16.100000000000001 0 0 1 
1 -2.3094010767584998 5.5 16.100000000000001 -0.49999999999999983 0.86602540378443871 0 
Polygon3D 0
PolygonOnTriangulations 0
Surfaces 127
2 -18 0 18 0 -1 0 0 0 -1 1 0 0 4.1500000000000004
1 -30 0 30 -0 1 0 1 0 0 0 0 -1 
2 -18 0 18 0 -1 0 0 0 -1 1 0 0 4.1500000000000004
3 -18 6.9000000000000004 18 -0 1 -0 0 0 1 1 0 -0 8.25
0.78539816340000002
3 -18 6.9000000000000004 18 -0 1 -0 0 0 1 1 0 -0 8.25
0.78539816340000002
2 -18 7.4900000000000002 18 0 1 0 0 -0 1 1 0 -0 8.25
2 -18 0 -18 0 -1 0 0 0 -1 1 0 0 4.1500000000000004
2 -18 0 -18 0 -1 0 0 0 -1 1 0 0 4.1500000000000004
3 -18 6.9000000000000004 -18 -0 1 -0 0 0 1 1 0 -0 8.25
0.78539816340000002
3 -18 6.9000000000000004 -18 -0 1 -0 0 0 1 1 0 -0 8.25
0.78539816340000002
2 -18 7.4900000000000002 -18 0 1 0 0 -0 1 1 0 -0 8.25
3 0 9.5 -1.82179545095568 -0 -0 -1 -1 0 0 0 1 -0 4
0.17453292519999999
2 0 9.5 -16 0 0 -1 -1 0 0 0 1 0 4
3 0 9.5 -1.82179545095568 -0 -0 -1 -1 0 0 0 1 -0 4
0.17453292519999999
1 0 9.4999999999999805 -16 0 0 1 1 0 -0 -0 1 0 
2 -18 7.4900000000000002 -18 0 1 0 0 -0 1 1 0 -0 8.25
1 -30 7.4900000000000002 0 -0 1 0 1 0 0 0 0 -1 
2 0 9.5 -16 0 0 -1 -1 0 0 0 1 0 4
3 0 9.5 16 -0 -0 1 1 0 0 -0 1 0 6.5
0.17453292519999999
3 0 9.5 16 -0 -0 1 1 0 0 -0 1 0 6.5
0.17453292519999999
1 0 9.4999999999999805 16 0 0 1 1 0 -0 -0 1 0 
2 0 9.4999999999999805 16 0 0 -1 -1 0 0 0 1 0 9
2 0 9.4999999999999805 16 0 0 -1 -1 0 0 0 1 0 9
1 -10 0.500000000000001 30 1.48775598282746e-15 1 0 1 -1.48775598282746e-15 0 0 0 -1 
2 -18 7.4900000000000002 18 0 1 0 0 -0 1 1 0 -0 8.25
1 -30 7.4900000000000002 0 -0 1 0 1 0 0 0 0 -1 
1 -30 7.4900000000000002 9.75 0 0 1 1 0 -0 -0 1 0 
2 -28.043000000000301 87.500000000003396 16 0 0 -1 -1 0 0 0 1 0 80
2 -14.7405404739083 15.722255743463901 16 0 0 -1 -1 0 0 0 1 0 7
1 -11.474167322118401 7.4900000000000002 12.9526236656761 -0.79101002156140687 0 0.61180319203925604 0 1 0 -0.61180319203925604 0 -0.79101002156140687 
1 -28.042999999999999 7.5 16 -0 1 0 1 0 0 0 0 -1 
1 -18 7.4900000000000002 -9.75 0 0 -1 0 -1 0 -1 -0 -0 
2 -28 5.5 30 0 0 -1 -1 0 0 0 1 0 2
1 15 7.4900000000000002 -47.181493238075298 -0.79101002156140687 0 -0.61180319203925604 -0.61180319203925604 0 0.79101002156140687 0 1 0 
1 -9.4169999999999998 0.5 30 -1 0 0 0 0 1 0 1 -0 
1 -9.4169999999999998 0.5 30 -1 0 0 0 0 1 0 1 -0 
1 -28 5.5 -30 0 0 1 1 0 -0 -0 1 0 
1 -10 0 30 -1 0 0 0 0 1 0 1 -0 
1 -30 5.5 30 1 0 0 -0 1 0 0 -0 1 
1 -28 5.5 30 0 0 1 1 0 -0 -0 1 0 
3 18 2.7999999999999998 -18 -0 1 -0 1 0 0 0 0 -1 4.1500000000000004
0.78539816340000002
2 18 7.5 -18 0 1 -0 1 0 0 0 -0 -1 4.1500000000000004
3 18 2.7999999999999998 -18 -0 1 -0 1 0 0 0 0 -1 4.1500000000000004
0.78539816340000002
2 18 7.5 -18 -1.22464679914735e-16 1 0 1 1.22464679914735e-16 -0 -0 0 -1 8.25
2 18 7.5 18 -1.22464679914735e-16 1 0 1 1.22464679914735e-16 -0 -0 0 -1 8.25
1 30 7.5 16.100000000000001 -4.4320988144528398e-16 1 -1.22464679914735e-16 0 1.22464679914735e-16 1 1 4.4320988144528398e-16 -5.4277556266244345e-32 
1 18 7.5 26.25 0 0 1 -1 0 0 0 -1 0 
2 28.0429999999999 87.499999999998906 16.100000000000001 0 1.22464679914735e-16 1 0 1 -1.22464679914735e-16 -1 0 0 80
2 14.7405404739083 15.722255743464 16.100000000000001 0 1.22464679914735e-16 1 0 1 -1.22464679914735e-16 -1 0 0 7
1 7.78976712269586 7.5 0 -0.9943397986396797 -1.2177150516689097e-16 0.10624671684904598 1.4791141972893969e-31 -1 -1.14612016990513e-15 0.10624671684904598 -1.1396328989603425e-15 0.9943397986396797 
2 18 7.5 18 -1.22464679914735e-16 1 0 1 1.22464679914735e-16 -0 -0 0 -1 8.25
3 18 2.7999999999999998 18 -0 1 -0 1 0 0 0 0 -1 4.1500000000000004
0.78539816340000002
2 4.3368086899420202e-16 9.5 -16.100000000000001 0 -1.22464679914735e-16 -1 0 -1 1.22464679914735e-16 -1 -0 0 9
2 4.3368086899420202e-16 9.5 -16.100000000000001 0 -1.22464679914735e-16 -1 0 -1 1.22464679914735e-16 -1 -0 0 9
1 14.7405404739083 15.722255743464 -16.100000000000001 -0 1.22464679914735e-16 1 0 -1 1.22464679914735e-16 1 0 0 
2 14.7405404739083 15.722255743464 -16.100000000000001 0 -1.22464679914735e-16 -1 0 -1 1.22464679914735e-16 -1 -0 0 7
1 14.7405404739083 15.722255743464 -30 -0 1.22464679914735e-16 1 0 -1 1.22464679914735e-16 1 0 0 
2 5.73900004922878 6.4479999738245999 -16.100000000000001 0 -1.22464679914735e-16 -1 0 -1 1.22464679914735e-16 -1 -0 0 1.8500000000000001
1 0 9.5 -26.899999999999999 0 0 1 -1 0 0 0 -1 0 
1 6.6075223911539096 8.0814530467890098 -16.100000000000001 -0.46947156278589691 -0.88294759285892377 1.0812989434095397e-16 -2.3032256458580596e-16 3.6977854932234923e-32 -1 0.88294759285892377 -0.46947156278589691 -2.0336275398213141e-16 
2 5.73900004922878 6.4479999738245999 -16.100000000000001 0 -1.22464679914735e-16 -1 0 -1 1.22464679914735e-16 -1 -0 0 1.8500000000000001
2 -9.7578195523695399e-16 9.5 -16.100000000000001 0 -1.22464679914735e-16 -1 0 -1 1.22464679914735e-16 -1 -0 0 6.5
1 0 5.5 -29.899999999999999 0 0 1 -1 0 0 0 -1 0 
1 6.6075223911539096 8.0814530467890098 -16.100000000000001 -0.46947156278589691 -0.88294759285892377 1.0812989434095397e-16 -2.3032256458580596e-16 3.6977854932234923e-32 -1 0.88294759285892377 -0.46947156278589691 -2.0336275398213141e-16 
2 -9.7578195523695399e-16 9.5 -16.100000000000001 0 -1.22464679914735e-16 -1 0 -1 1.22464679914735e-16 -1 -0 0 6.5
2 -9.7578195523695399e-16 9.5 -16.100000000000001 0 -1.22464679914735e-16 -1 0 -1 1.22464679914735e-16 -1 -0 0 6.5
1 4.6329399611809503 4.9408479608492302 -16.100000000000001 0.46947156278590008 0.8829475928589221 -1.0812989434095401e-16 0.8829475928589221 -0.46947156278590008 0 -5.076391048012192e-17 -9.5473029924434901e-17 -1 
3 0 9.5 -2.1000000000000001 -0 -0 -1 1 -0 0 -0 -1 0 4.0314222701000002
0.17453292519999999
3 0 9.5 -2.1000000000000001 -0 -0 -1 1 -0 0 -0 -1 0 4.0314222701000002
0.17453292519999999
1 0 6.9000000000000004 -2.1000000000000001 0 0 -1 0 -1 0 -1 -0 -0 
2 0 9.5 -16.100000000000001 0 0 -1 1 0 0 0 -1 0 6.5
2 0 9.5 -16.100000000000001 0 0 -1 1 -0 0 0 -1 -0 2.6000000000000001
1 0 7 -4 0 0 -1 0 -1 0 -1 -0 -0 
2 0 9.5 -16.100000000000001 0 0 -1 1 -0 0 0 -1 -0 2.6000000000000001
2 0 9.5 2.1000000000000001 0 0 -1 1 -0 0 0 -1 -0 2.6000000000000001
1 0 6.9000000000000004 2.1000000000000001 0 0 -1 0 -1 0 -1 -0 -0 
2 0 9.5 2.1000000000000001 0 0 -1 1 -0 0 0 -1 -0 2.6000000000000001
1 0 5.7000000000000002 4 0 0 1 -1 0 0 0 -1 0 
3 0 9.5 2.1000000000000001 -0 -0 1 -1 0 0 -0 -1 -0 4.0314222701000002
0.17453292519999999
3 0 9.5 2.1000000000000001 -0 -0 1 -1 0 0 -0 -1 -0 4.0314222701000002
0.17453292519999999
1 14.7405404739083 15.722255743464 16.100000000000001 -0 1.22464679914735e-16 1 0 -1 1.22464679914735e-16 1 0 0 
2 0 9.5 -29.899999999999999 0 0 -1 1 -0 0 0 -1 -0 6.5
2 0 9.5 -29.899999999999999 0 0 -1 1 -0 0 0 -1 -0 2.5
2 0 9.5 -29.899999999999999 0 0 -1 1 -0 0 0 -1 -0 2.5
2 5.73900004922878 6.4479999738245999 16.100000000000001 0 1.22464679914735e-16 1 0 1 -1.22464679914735e-16 -1 0 0 1.8500000000000001
1 0 9.5 29.899999999999999 0 0 -1 0 -1 0 -1 -0 -0 
1 6.6075223911539096 8.0814530467890098 16.100000000000001 0.46947156278589691 0.88294759285892377 -1.0812989434095397e-16 0.88294759285892377 -0.46947156278589691 0 -5.0763910480121562e-17 -9.5473029924435049e-17 -1 
1 14.7405404739083 15.722255743464 30 -0 1.22464679914735e-16 1 0 -1 1.22464679914735e-16 1 0 0 
2 5.73900004922878 6.4479999738245999 16.100000000000001 0 1.22464679914735e-16 1 0 1 -1.22464679914735e-16 -1 0 0 1.8500000000000001
2 5.73900004922878 6.4479999738245999 -16.100000000000001 0 -1.22464679914735e-16 -1 0 -1 1.22464679914735e-16 -1 -0 0 1.8500000000000001
2 5.73900004922878 6.4479999738245999 -16.100000000000001 0 -1.22464679914735e-16 -1 0 -1 1.22464679914735e-16 -1 -0 0 1.8500000000000001
2 18 7.5 18 0 1 -0 1 0 0 0 -0 -1 4.1500000000000004
2 18 7.5 18 0 1 -0 1 0 0 0 -0 -1 4.1500000000000004
1 10 0 16.100000000000001 0 -1 1.22464679914735e-16 0 -1.22464679914735e-16 -1 1 0 0 
2 18 7.5 -18 0 1 -0 1 0 0 0 -0 -1 4.1500000000000004
3 18 2.7999999999999998 18 -0 1 -0 1 0 0 0 0 -1 4.1500000000000004
0.78539816340000002
2 4.3368086899420202e-16 9.5 16.100000000000001 0 1.22464679914735e-16 1 0 1 -1.22464679914735e-16 -1 0 0 9
2 4.3368086899420202e-16 9.5 16.100000000000001 0 1.22464679914735e-16 1 0 1 -1.22464679914735e-16 -1 0 0 9
2 -9.7578195523695399e-16 9.5 16.100000000000001 0 1.22464679914735e-16 1 0 1 -1.22464679914735e-16 -1 0 0 6.5
1 4.6329399611809503 4.9408479608492302 16.100000000000001 -0.46947156278590008 -0.8829475928589221 1.0812989434095401e-16 -2.3032256458580409e-16 -1.7256332301709629e-31 -1 0.8829475928589221 -0.46947156278590008 -2.0336275398212926e-16 
2 -9.7578195523695399e-16 9.5 16.100000000000001 0 1.22464679914735e-16 1 0 1 -1.22464679914735e-16 -1 0 0 6.5
2 -9.7578195523695399e-16 9.5 16.100000000000001 0 1.22464679914735e-16 1 0 1 -1.22464679914735e-16 -1 0 0 6.5
2 5.73900004922878 6.4479999738245999 16.100000000000001 0 1.22464679914735e-16 1 0 1 -1.22464679914735e-16 -1 0 0 1.8500000000000001
1 6.6075223911539096 8.0814530467890098 16.100000000000001 0.46947156278589691 0.88294759285892377 -1.0812989434095397e-16 0.88294759285892377 -0.46947156278589691 0 -5.0763910480121562e-17 -9.5473029924435049e-17 -1 
1 0 9.5 26.899999999999999 0 0 -1 0 -1 0 -1 -0 -0 
2 5.73900004922878 6.4479999738245999 16.100000000000001 0 1.22464679914735e-16 1 0 1 -1.22464679914735e-16 -1 0 0 1.8500000000000001
2 18 7.5 -18 -1.22464679914735e-16 1 0 1 1.22464679914735e-16 -0 -0 0 -1 8.25
1 9.7634955188555708 7.5 -18.471692624584598 -0.99433979863967958 -1.2177150516689095e-16 -0.10624671684904696 -9.8607613152626454e-32 1 -1.1461201699051197e-15 0.10624671684904696 -1.139632898960332e-15 -0.99433979863967958 
2 28.043000000000202 87.500000000002203 -16.100000000000001 0 -1.22464679914735e-16 -1 0 -1 1.22464679914735e-16 -1 -0 0 80
1 30 7.5 -26.25 -2.8912057932946798e-16 -3.5407059204346099e-32 -1 -1 0 2.8912057932946798e-16 -1.0236909469513315e-47 1 -3.5407059204346099e-32 
1 4.6329399611809503 4.9408479608492302 16.100000000000001 -0.46947156278590008 -0.8829475928589221 1.0812989434095401e-16 -2.3032256458580409e-16 -1.7256332301709629e-31 -1 0.8829475928589221 -0.46947156278590008 -2.0336275398212926e-16 
1 9.5 7.5000000000000098 30 1 0 0 0 1 -0 -0 0 1 
1 0 0.5 16.100000000000001 0 -1 1.22464679914735e-16 0 -1.22464679914735e-16 -1 1 0 0 
2 28 5.5000000000000098 -30 0 0 1 -1 0 0 0 -1 0 2
1 10 0.5 16.100000000000001 -1 0 0 0 0 -1 -0 -1 -0 
1 30 0 16.100000000000001 1 0 0 0 1 -0 -0 0 1 
1 4.6329399611809503 4.9408479608492302 -16.100000000000001 0.46947156278590008 0.8829475928589221 -1.0812989434095401e-16 0.8829475928589221 -0.46947156278590008 0 -5.076391048012192e-17 -9.5473029924434901e-17 -1 
2 0 9.5 -29.899999999999999 0 0 -1 1 -0 0 0 -1 -0 3.7999999999999998
2 0 9.5 -29.899999999999999 0 0 -1 1 -0 0 0 -1 -0 3.7999999999999998
1 0 3 16.100000000000001 0 0 1 -1 0 0 0 -1 0 
1 0 3 20 0 0 1 -1 0 0 0 -1 0 
1 2.3094010767584998 5.5 16.100000000000001 -1.87789324842145e-16 1 0 0 0 1 1 1.87789324842145e-16 -0 
1 -2.3094010767584998 5.5 16.100000000000001 0.86602540378443882 0.49999999999999989 -0 -0.49999999999999989 0.86602540378443882 0 0 0 1 
1 -4.6188021535170103 9.5 16.100000000000001 0.86602540378443882 -0.49999999999999989 0 0 0 1 -0.49999999999999989 -0.86602540378443882 0 
1 -2.3094010767584998 13.5 16.100000000000001 1.87789324842145e-16 -1 0 1 1.87789324842145e-16 0 -0 0 1 
1 2.3094010767584998 13.5 16.100000000000001 -0.86602540378443882 -0.49999999999999989 -0 0 0 -1 0.49999999999999989 -0.86602540378443882 0 
1 4.6188021535170103 9.5 16.100000000000001 -0.86602540378443882 0.49999999999999989 0 0 0 1 0.49999999999999989 0.86602540378443882 -0 
Triangulations 0

TShapes 815
Ve
1e-07
-18 0 22.15
0 0

0101101
*
Ve
1e-07
-18 0 13.85
0 0

0101101
*
Ed
 1e-07 1 1 0
1  1 0 3.14159265358979 6.28318530717959
2  1 1 0 3.14159265358979 6.28318530717959
4 C0 1 0 2 0
0

0101000
+815 0 -814 0 *
Ve
1e-07
-18 2.8 22.15
0 0

0101101
*
Ed
 1e-07 1 1 0
1  2 0 0 2.8
2  2 1 0 0 2.8
2  3 3 0 0 2.8
4 CN 1 0 3 0
0

0101000
+815 0 -812 0 *
Ve
1e-07
-18 2.8 13.85
0 0

0101101
*
Ed
 1e-07 1 1 0
1  3 0 3.14159265358979 6.28318530717959
2  4 1 0 3.14159265358979 6.28318530717959
2  5 4 0 3.14159265358979 6.28318530717959
4 C0 1 0 4 0
0

0101000
+812 0 -810 0 *
Ed
 1e-07 1 1 0
1  4 0 -2.8 0
2  6 1 0 -2.8 0
2  7 3 0 -2.8 0
4 CN 1 0 3 0
0

0101000
+810 0 -814 0 *
Wi

0101100
-813 0 +811 0 +809 0 +808 0 *
Fa
0  1e-07 1 0

0111000
+807 0 *
Ed
 1e-07 1 1 0
1  5 0 0 3.14159265358979
2  8 5 0 0 3.14159265358979
2  9 3 0 0 3.14159265358979
4 C0 5 0 3 0
0

0101000
+810 0 -812 0 *
Ve
1e-07
-18 6.9 9.75
0 0

0101101
*
Ed
 1e-07 1 1 0
1  6 0 -5.79827560572969 0
2  10 5 0 -5.79827560572969 0
2  11 4 0 -5.79827560572969 0
4 CN 5 0 4 0
0

0101000
+810 0 -804 0 *
Ve
1e-07
-18 6.9 26.25
0 0

0101101
*
Ed
 1e-07 1 1 0
1  7 0 0 3.14159265358979
2  12 5 0 0 3.14159265358979
2  13 6 0 0 3.14159265358979
4 C0 5 0 6 0
0

0101000
+804 0 -802 0 *
Ed
 1e-07 1 1 0
1  8 0 -0 5.79827560572969
2  14 5 0 -0 5.79827560572969
2  15 4 0 -0 5.79827560572969
4 CN 5 0 4 0
0

0101000
+802 0 -812 0 *
Wi

0101100
-805 0 +803 0 +801 0 +800 0 *
Fa
0  1e-07 5 0

0111000
+799 0 *
Ve
1e-07
-18 0 -13.85
0 0

0101101
*
Ve
1e-07
-18 0 -22.15
0 0

0101101
*
Ed
 1e-07 1 1 0
1  9 0 3.14159265358979 6.28318530717959
2  16 7 0 3.14159265358979 6.28318530717959
4 C0 7 0 2 0
0

0101000
+797 0 -796 0 *
Ve
1e-07
-18 2.8 -13.85
0 0

0101101
*
Ed
 1e-07 1 1 0
1  10 0 0 2.8
2  17 7 0 0 2.8
2  18 8 0 0 2.8
4 CN 7 0 8 0
0

0101000
+797 0 -794 0 *
Ve
1e-07
-18 2.8 -22.15
0 0

0101101
*
Ed
 1e-07 1 1 0
1  11 0 3.14159265358979 6.28318530717959
2  19 7 0 3.14159265358979 6.28318530717959
2  20 9 0 3.14159265358979 6.28318530717959
4 C0 7 0 9 0
0

0101000
+794 0 -792 0 *
Ed
 1e-07 1 1 0
1  12 0 -2.8 0
2  21 7 0 -2.8 0
2  22 8 0 -2.8 0
4 CN 7 0 8 0
0

0101000
+792 0 -796 0 *
Wi

0101100
-795 0 +793 0 +791 0 +790 0 *
Fa
0  1e-07 7 0

0111000
+789 0 *
Ed
 1e-07 1 1 0
1  13 0 0 3.14159265358979
2  23 10 0 0 3.14159265358979
2  24 8 0 0 3.14159265358979
4 C0 10 0 8 0
0

0101000
+792 0 -794 0 *
Ve
1e-07
-18 6.9 -26.25
0 0

0101101
*
Ed
 1e-07 1 1 0
1  14 0 -5.79827560572969 0
2  25 10 0 -5.79827560572969 0
2  26 9 0 -5.79827560572969 0
4 CN 10 0 9 0
0

0101000
+792 0 -786 0 *
Ve
1e-07
-18 6.9 -9.75
0 0

0101101
*
Ed
 1e-07 1 1 0
1  15 0 0 3.14159265358979
2  27 10 0 0 3.14159265358979
2  28 11 0 0 3.14159265358979
4 C0 10 0 11 0
0

0101000
+786 0 -784 0 *
Ed
 1e-07 1 1 0
1  16 0 -0 5.79827560572969
2  29 10 0 -0 5.79827560572969
2  30 9 0 -0 5.79827560572969
4 CN 10 0 9 0
0

0101000
+784 0 -794 0 *
Wi

0101100
-787 0 +785 0 +783 0 +782 0 *
Fa
0  1e-07 10 0

0111000
+781 0 *
Ve
1e-07
-4 9.5 -1.82179545095568
0 0

0101101
*
Ve
1e-07
4 9.5 -1.82179545095568
0 0

0101101
*
Ed
 1e-07 1 1 0
1  17 0 0 3.14159265358979
2  31 12 0 0 3.14159265358979
2  32 13 0 0 3.14159265358979
4 C0 12 0 13 0
0

0101000
+779 0 -778 0 *
Ve
1e-07
6.5 9.5 -16
0 0

0101101
*
Ed
 1e-07 1 1 0
1  18 0 0 14.3969262078591
2  33 12 0 0 14.3969262078591
2  34 14 0 0 14.3969262078591
4 CN 12 0 14 0
0

0101000
+778 0 -776 0 *
Ve
1e-07
-6.5 9.5 -16
0 0

0101101
*
Ed
 1e-07 1 1 0
1  19 0 0 3.14159265358979
2  35 12 0 0 3.14159265358979
4 C0 12 0 15 0
0

0101000
+774 0 -776 0 *
Ed
 1e-07 1 1 0
1  20 0 -14.3969262078591 0
2  36 12 0 -14.3969262078591 0
2  37 14 0 -14.3969262078591 0
4 CN 12 0 14 0
0

0101000
+774 0 -779 0 *
Wi

0101100
+777 0 +775 0 -773 0 +772 0 *
Fa
0  1e-07 12 0

0111000
+771 0 *
Ve
1e-07
-18 7.49 -26.25
0 0

0101101
*
Ve
1e-07
-18 7.49 -9.75
0 0

0101101
*
Ed
 1e-07 1 1 0
1  21 0 3.14159265358979 6.28318530717959
2  38 16 0 3.14159265358979 6.28318530717959
4 C0 16 0 17 0
0

0101000
+769 0 -768 0 *
Ed
 1e-07 1 1 0
1  22 0 0 0.59
2  39 16 0 0 0.59
2  40 11 0 0 0.59
4 CN 16 0 11 0
0

0101000
+769 0 -786 0 *
Ed
 1e-07 1 1 0
1  23 0 3.14159265358979 6.28318530717959
2  41 16 0 3.14159265358979 6.28318530717959
2  42 9 0 3.14159265358979 6.28318530717959
4 C0 16 0 9 0
0

0101000
+784 0 -786 0 *
Ed
 1e-07 1 1 0
1  24 0 -0.59 0
2  43 16 0 -0.59 0
2  44 11 0 -0.59 0
4 CN 16 0 11 0
0

0101000
+784 0 -768 0 *
Wi

0101100
-767 0 +766 0 -765 0 +764 0 *
Fa
0  1e-07 16 0

0111000
+763 0 *
Ed
 1e-07 1 1 0
1  25 0 3.14159265358979 6.28318530717959
2  45 18 0 3.14159265358979 6.28318530717959
2  46 14 0 3.14159265358979 6.28318530717959
4 C0 18 0 14 0
0

0101000
+778 0 -779 0 *
Ve
1e-07
4 9.5 1.82179545095573
0 0

0101101
*
Ed
 1e-07 1 1 0
1  26 0 -1.8217954509557 1.82179545095571
2  47 18 0 -1.8217954509557 1.82179545095571
2  48 13 0 -1.8217954509557 1.82179545095571
4 CN 18 0 13 0
0

0101000
+778 0 -760 0 *
Ve
1e-07
-4 9.5 1.82179545095573
0 0

0101101
*
Ed
 1e-07 1 1 0
1  27 0 3.14159265358979 6.28318530717959
2  49 18 0 3.14159265358979 6.28318530717959
2  50 19 0 3.14159265358979 6.28318530717959
4 C0 18 0 19 0
0

0101000
+760 0 -758 0 *
Ed
 1e-07 1 1 0
1  28 0 -1.82179545095571 1.8217954509557
2  51 18 0 -1.82179545095571 1.8217954509557
2  52 13 0 -1.82179545095571 1.8217954509557
4 CN 18 0 13 0
0

0101000
+758 0 -779 0 *
Wi

0101100
-761 0 +759 0 +757 0 +756 0 *
Fa
0  1e-07 18 0

0111000
+755 0 *
Ed
 1e-07 1 1 0
1  29 0 0 3.14159265358979
2  53 20 0 0 3.14159265358979
2  54 13 0 0 3.14159265358979
4 C0 20 0 13 0
0

0101000
+758 0 -760 0 *
Ve
1e-07
-6.5 9.5 16
0 0

0101101
*
Ed
 1e-07 1 1 0
1  30 0 -14.3969262078591 0
2  55 20 0 -14.3969262078591 0
2  56 19 0 -14.3969262078591 0
4 CN 20 0 19 0
0

0101000
+758 0 -752 0 *
Ve
1e-07
6.5 9.5 16
0 0

0101101
*
Ed
 1e-07 1 1 0
1  31 0 0 3.14159265358979
2  57 20 0 0 3.14159265358979
4 C0 20 0 21 0
0

0101000
+752 0 -750 0 *
Ed
 1e-07 1 1 0
1  32 0 -0 14.3969262078591
2  58 20 0 -0 14.3969262078591
2  59 19 0 -0 14.3969262078591
4 CN 20 0 19 0
0

0101000
+750 0 -760 0 *
Wi

0101100
-753 0 +751 0 +749 0 +748 0 *
Fa
0  1e-07 20 0

0111000
+747 0 *
Ve
1e-07
9 9.49999999999998 16
0 0

0101101
*
Ve
1e-07
9 9.49999999999998 -16
0 0

0101101
*
Ed
 1e-07 1 1 0
1  33 0 0 32
2  60 22 0 0 32
2  61 23 0 0 32
4 CN 22 0 23 0
0

0101000
+745 0 -744 0 *
Ve
1e-07
0 0.499999999999986 16
0 0

0101101
*
Ed
 1e-07 1 1 0
1  34 0 4.71238898038469 6.28318530717959
2  62 22 0 4.71238898038469 6.28318530717959
4 C0 22 0 21 0
0

0101000
+742 0 -745 0 *
Ve
1e-07
0 0.499999999999986 -16
0 0

0101101
*
Ed
 1e-07 1 1 0
1  35 0 -0 32
2  63 22 0 -0 32
4 G1 22 0 24 0
0

0101000
+742 0 -740 0 *
Ed
 1e-07 1 1 0
1  36 0 4.71238898038469 6.28318530717959
2  64 22 0 4.71238898038469 6.28318530717959
4 C0 22 0 15 0
0

0101000
+740 0 -744 0 *
Wi

0101100
-743 0 -741 0 +739 0 +738 0 *
Fa
0  1e-07 22 0

0111000
+737 0 *
Ve
1e-07
-18 7.49 9.75
0 0

0101101
*
Ve
1e-07
-18 7.49 26.25
0 0

0101101
*
Ed
 1e-07 1 1 0
1  37 0 3.14159265358979 6.28318530717959
2  65 25 0 3.14159265358979 6.28318530717959
4 C0 25 0 26 0
0

0101000
+735 0 -734 0 *
Ed
 1e-07 1 1 0
1  38 0 0 0.59
2  66 25 0 0 0.59
2  67 6 0 0 0.59
4 CN 25 0 6 0
0

0101000
+735 0 -804 0 *
Ed
 1e-07 1 1 0
1  39 0 3.14159265358979 6.28318530717959
2  68 25 0 3.14159265358979 6.28318530717959
2  69 4 0 3.14159265358979 6.28318530717959
4 C0 25 0 4 0
0

0101000
+802 0 -804 0 *
Ed
 1e-07 1 1 0
1  40 0 -0.59 0
2  70 25 0 -0.59 0
2  71 6 0 -0.59 0
4 CN 25 0 6 0
0

0101000
+802 0 -734 0 *
Wi

0101100
-733 0 +732 0 -731 0 +730 0 *
Fa
0  1e-07 25 0

0111000
+729 0 *
Ve
0.000462808222431393
-18 8.13288999213844 9.75
0 0

0101101
*
Ed
 1e-07 1 1 0
1  41 0 0 0.642889992138439
2  72 6 0 0 0.642889992138439
4 G1 6 0 27 0
0

0101000
+735 0 -727 0 *
Ve
0.000462808222431393
-13.4649621631872 8.8394583490016 11.1082707671676
0 0

0101101
*
Ed
 0.000462808222431393 1 1 0
1  42 0 0 0.00482113648049427
2  73 6 0 0 0.00482113648049427
2  74 28 0 0 0.00482113648049427
4 C0 6 0 28 0
0

0101000
+725 0 -727 0 *
Ve
8.35113490413891e-05
-11.4741673221184 9.53106793874781 12.9526236656761
0 0

0101101
*
Ed
 8.35113490413891e-05 1 1 0
1  43 0 0 0.00280057592971375
2  75 6 0 0 0.00280057592971375
2  76 29 0 0 0.00280057592971375
4 C0 6 0 29 0
0

0101000
+723 0 -725 0 *
Ve
1e-07
-11.4741673221184 7.49 12.9526236656761
0 0

0101101
*
Ed
 1e-07 1 1 0
1  44 0 0 2.04106793874781
2  77 6 0 0 2.04106793874781
4 G1 6 0 30 0
0

0101000
+721 0 -723 0 *
Ed
 1e-07 1 1 0
1  45 0 0 2.22913452064716
2  78 6 0 0 2.22913452064716
4 C0 6 0 26 0
0

0101000
+734 0 -721 0 *
Wi

0101100
-801 0 -732 0 +726 0 -724 0 -722 0 -720 0 -719 0 -730 0 *
Fa
0  1e-07 6 0

0111000
+718 0 *
Ve
0.000461235039279171
-13.4649621631872 8.8394583490016 -11.1082707671676
0 0

0101101
*
Ed
 1e-07 1 1 0
1  46 0 4.8917292328324 27.1082707671676
2  79 28 0 4.8917292328324 27.1082707671676
2  80 29 0 4.8917292328324 27.1082707671676
4 G1 28 0 29 0
0

0101000
+725 0 -716 0 *
Ve
1e-07
-28.043 7.50000000000001 9.75
0 0

0101101
*
Ed
 1e-07 1 1 0
1  47 0 4.71238898038469 4.83825857914676
2  81 28 0 4.71238898038469 4.83825857914676
4 C0 28 0 27 0
0

0101000
+714 0 -727 0 *
Ve
1e-07
-28.043 7.5 -9.75
0 0

0101101
*
Ed
 1e-07 1 1 0
1  48 0 6.25 25.75
2  82 28 0 6.25 25.75
4 C0 28 0 31 0
0

0101000
+714 0 -712 0 *
Ve
0.000461235039279171
-18 8.13288999213844 -9.75
0 0

0101101
*
Ed
 1e-07 1 1 0
1  49 0 4.58651938162262 4.71238898038469
2  83 28 0 4.58651938162262 4.71238898038469
4 C0 28 0 32 0
0

0101000
+710 0 -712 0 *
Ed
 0.000461235039279171 1 1 0
1  50 0 0 0.00482082176178652
2  84 28 0 0 0.00482082176178652
2  85 11 0 0 0.00482082176178652
4 C0 28 0 11 0
0

0101000
+710 0 -716 0 *
Wi

0101100
-715 0 +724 0 -713 0 +711 0 -709 0 +708 0 *
Fa
0  1e-07 28 0

0111000
+707 0 *
Ve
1e-07
-28 7.5 -9.75
0 0

0101101
*
Ed
 1e-07 1 1 0
1  51 0 -0.0429999999999993 0
4 C0 31 0 32 0
0

0101000
+705 0 -712 0 *
Ve
1e-07
-28 7.5 9.75
0 0

0101101
*
Ed
 1e-07 1 1 0
1  52 0 6.25 25.75
2  86 33 0 6.25 25.75
4 C0 31 0 33 0
0

0101000
+703 0 -705 0 *
Ed
 1e-07 1 1 0
1  53 0 0 0.0429999999999993
4 C0 31 0 27 0
0

0101000
+714 0 -703 0 *
Wi

0101100
-704 0 -702 0 -701 0 +711 0 *
Fa
0  1e-07 31 0

0111000
-700 0 *
Ve
1e-07
-9.1171876153329 11.5535745817593 -16
0 0

0101101
*
Ve
1e-07
-9.1171876153329 7.49 -16
0 0

0101101
*
Ed
 1e-07 1 1 0
1  54 0 -2.05357458175932 2.00999999999998
4 C0 15 0 34 0
0

0101000
+698 0 -697 0 *
Ve
1e-07
-8.2915540165734 13.0000188556985 -16
0 0

0101101
*
Ed
 1e-07 1 1 0
1  55 0 5.64526519675602 5.88375779321511
2  87 29 0 5.64526519675602 5.88375779321511
4 C0 15 0 29 0
0

0101000
+698 0 -695 0 *
Ed
 1e-07 1 1 0
1  56 0 0 2.7421651396253
2  88 23 0 0 2.7421651396253
4 C0 15 0 23 0
0

0101000
+744 0 -695 0 *
Ve
1e-07
-9.417 0.5 -16
0 0

0101101
*
Ed
 1e-07 1 1 0
1  57 0 20.583 30
4 C0 15 0 24 0
0

0101000
+692 0 -740 0 *
Ve
1e-07
-9.417 7.49 -16
0 0

0101101
*
Ed
 1e-07 1 1 0
1  58 0 0 6.99
4 C0 15 0 35 0
0

0101000
+692 0 -690 0 *
Ed
 1e-07 1 1 0
1  59 0 9.1171876153329 9.417
4 C0 15 0 17 0
0

0101000
+697 0 -690 0 *
Wi

0101100
-696 0 +694 0 -693 0 -738 0 -691 0 +689 0 -688 0 *
Ed
 1e-07 1 1 0
1  60 0 3.14159265358979 6.28318530717959
2  89 14 0 3.14159265358979 6.28318530717959
4 C0 15 0 14 0
0

0101000
+776 0 -774 0 *
Wi

0101100
-773 0 -686 0 *
Fa
0  1e-07 15 0

0111000
-687 0 -685 0 *
Ve
1e-07
-9.1171876153329 11.5535745817593 16
0 0

0101101
*
Ve
1e-07
-8.2915540165734 13.0000188556985 16
0 0

0101101
*
Ed
 1e-07 1 1 0
1  61 0 5.64526519675602 5.88375779321511
2  90 29 0 5.64526519675602 5.88375779321511
4 C0 21 0 29 0
0

0101000
+683 0 -682 0 *
Ve
1e-07
-9.1171876153329 7.49 16
0 0

0101101
*
Ed
 1e-07 1 1 0
1  62 0 -2.05357458175932 2.00999999999998
4 C0 21 0 30 0
0

0101000
+683 0 -680 0 *
Ve
1e-07
-9.417 7.49 16
0 0

0101101
*
Ed
 1e-07 1 1 0
1  63 0 9.1171876153329 9.417
4 C0 21 0 26 0
0

0101000
+680 0 -678 0 *
Ve
1e-07
-9.417 0.5 16
0 0

0101101
*
Ed
 1e-07 1 1 0
1  64 0 0 6.99
4 C0 21 0 36 0
0

0101000
+676 0 -678 0 *
Ed
 1e-07 1 1 0
1  65 0 20.583 30
4 C0 21 0 24 0
0

0101000
+676 0 -742 0 *
Ed
 1e-07 1 1 0
1  66 0 0 2.7421651396253
2  91 23 0 0 2.7421651396253
4 C0 21 0 23 0
0

0101000
+745 0 -682 0 *
Wi

0101100
-681 0 +679 0 +677 0 -675 0 +674 0 +741 0 +673 0 *
Ed
 1e-07 1 1 0
1  67 0 3.14159265358979 6.28318530717959
2  92 19 0 3.14159265358979 6.28318530717959
4 C0 21 0 19 0
0

0101000
+750 0 -752 0 *
Wi

0101100
+749 0 +671 0 *
Fa
0  1e-07 21 0

0111000
+672 0 +670 0 *
Ve
1e-07
-9.417 7.49 -30
0 0

0101101
*
Ve
1e-07
-28.1997498435544 7.49 -30
0 0

0101101
*
Ed
 1e-07 1 1 0
1  68 0 -18.583 0.1997498435544
4 C0 37 0 17 0
0

0101000
+668 0 -667 0 *
Ve
1e-07
-9.417 0.5 -30
0 0

0101101
*
Ed
 1e-07 1 1 0
1  69 0 0 6.99
4 C0 37 0 35 0
0

0101000
+665 0 -668 0 *
Ve
1e-07
-10 0.500000000000001 -30
0 0

0101101
*
Ed
 1e-07 1 1 0
1  70 0 0 0.583
4 C0 37 0 24 0
0

0101000
+663 0 -665 0 *
Ve
1e-07
-10 0 -30
0 0

0101101
*
Ed
 1e-07 1 1 0
1  71 0 0 0.500000000000001
4 C0 37 0 38 0
0

0101000
+661 0 -663 0 *
Ve
1e-07
-30 0 -30
0 0

0101101
*
Ed
 1e-07 1 1 0
1  72 0 0 20
4 C0 37 0 2 0
0

0101000
+659 0 -661 0 *
Ve
1e-07
-30 5.5 -30
0 0

0101101
*
Ed
 1e-07 1 1 0
1  73 0 0 5.5
4 C0 37 0 39 0
0

0101000
+657 0 -659 0 *
Ed
 1e-07 1 1 0
1  74 0 1.67083804040645 3.14159265358979
2  93 33 0 1.67083804040645 3.14159265358979
4 C0 37 0 33 0
0

0101000
+667 0 -657 0 *
Wi

0101100
-666 0 -664 0 -662 0 -660 0 -658 0 -656 0 -655 0 *
Fa
0  1e-07 37 0

0111000
-654 0 *
Ve
1e-07
-11.4741673221184 7.49 -12.9526236656761
0 0

0101101
*
Ed
 1e-07 1 1 0
1  75 0 0.912458132942631 3.14159265358979
2  94 11 0 0.912458132942631 3.14159265358979
4 C0 17 0 11 0
0

0101000
+652 0 -769 0 *
Ed
 1e-07 1 1 0
1  76 0 39.4198460046371 43.2723589327395
4 C0 17 0 34 0
0

0101000
+697 0 -652 0 *
Ed
 1e-07 1 1 0
1  77 0 46 60
4 C0 17 0 35 0
0

0101000
+690 0 -668 0 *
Ve
1e-07
-28.1997498435544 7.49 -9.75
0 0

0101101
*
Ed
 1e-07 1 1 0
1  78 0 39.75 60
2  95 33 0 39.75 60
4 C0 17 0 33 0
0

0101000
+648 0 -667 0 *
Ed
 1e-07 1 1 0
1  79 0 0 10.1997498435544
4 C0 17 0 32 0
0

0101000
+768 0 -648 0 *
Wi

0101100
-767 0 -651 0 -650 0 +688 0 +649 0 +666 0 -647 0 -646 0 *
Fa
0  1e-07 17 0

0111000
+645 0 *
Ed
 1e-07 1 1 0
1  80 0 46 60
4 C0 35 0 24 0
0

0101000
+692 0 -665 0 *
Wi

0101100
-649 0 -689 0 +643 0 +664 0 *
Fa
0  1e-07 35 0

0111000
-642 0 *
Ve
1e-07
-28.1997498435544 7.49 9.75
0 0

0101101
*
Ed
 1e-07 1 1 0
1  81 0 1.8002501564456 12
4 C0 26 0 27 0
0

0101000
+640 0 -735 0 *
Ve
1e-07
-28.1997498435544 7.49 30
0 0

0101101
*
Ed
 1e-07 1 1 0
1  82 0 -0 20.25
2  96 33 0 -0 20.25
4 C0 26 0 33 0
0

0101000
+638 0 -640 0 *
Ve
1e-07
-9.417 7.49 30
0 0

0101101
*
Ed
 1e-07 1 1 0
1  83 0 -18.583 0.1997498435544
4 C0 26 0 40 0
0

0101000
+636 0 -638 0 *
Ed
 1e-07 1 1 0
1  84 0 0 14
4 C0 26 0 36 0
0

0101000
+636 0 -678 0 *
Ed
 1e-07 1 1 0
1  85 0 0 3.85251292810239
4 C0 26 0 30 0
0

0101000
+721 0 -680 0 *
Wi

0101100
-719 0 -733 0 -639 0 -637 0 -635 0 +634 0 -677 0 -633 0 *
Fa
0  1e-07 26 0

0111000
+632 0 *
Ve
8.35113490641348e-05
-11.4741673221184 9.53106793874781 -12.9526236656761
0 0

0101101
*
Ed
 1e-07 1 1 0
1  86 0 0 2.04106793874781
2  97 11 0 0 2.04106793874781
4 G1 34 0 11 0
0

0101000
+652 0 -630 0 *
Ed
 1e-07 1 1 0
1  87 0 0.637920110425065 1.085325613585
2  98 29 0 0.637920110425065 1.085325613585
4 C0 34 0 29 0
0

0101000
+698 0 -630 0 *
Wi

0101100
+696 0 +650 0 +629 0 -628 0 *
Fa
0  1e-07 34 0

0111000
+627 0 *
Ed
 1e-07 1 1 0
1  88 0 2.05626704000479 2.50367254316473
2  99 29 0 2.05626704000479 2.50367254316473
4 C0 30 0 29 0
0

0101000
+723 0 -683 0 *
Wi

0101100
-625 0 -720 0 +633 0 -679 0 *
Fa
0  1e-07 30 0

0111000
+624 0 *
Ed
 1e-07 1 1 0
1  89 0 1.5707963267949 1.67083804040645
2  100 33 0 1.5707963267949 1.67083804040645
4 C0 27 0 33 0
0

0101000
+703 0 -640 0 *
Wi

0101100
+622 0 +639 0 +726 0 -713 0 +701 0 *
Fa
0  1e-07 27 0

0111000
+621 0 *
Ed
 1e-07 1 1 0
1  90 0 -0 32
2  101 23 0 -0 32
2  102 29 0 -0 32
4 G1 23 0 29 0
0

0101000
+682 0 -695 0 *
Wi

0101100
+743 0 +693 0 -619 0 -673 0 *
Fa
0  1e-07 23 0

0111000
+618 0 *
Ve
1e-07
-10 0.500000000000001 30
0 0

0101101
*
Ed
 1e-07 1 1 0
1  91 0 -0 60
4 C0 24 0 38 0
0

0101000
+616 0 -663 0 *
Ve
1e-07
-9.417 0.5 30
0 0

0101101
*
Ed
 1e-07 1 1 0
1  92 0 -0 14
4 C0 24 0 36 0
0

0101000
+614 0 -676 0 *
Ed
 1e-07 1 1 0
1  93 0 0 0.583
4 C0 24 0 40 0
0

0101000
+616 0 -614 0 *
Wi

0101100
+615 0 +662 0 -643 0 +691 0 -739 0 -674 0 -613 0 -612 0 *
Fa
0  1e-07 24 0

0111000
-611 0 *
Ve
1e-07
-10 0 30
0 0

0101101
*
Ed
 1e-07 1 1 0
1  94 0 0 0.500000000000001
4 C0 38 0 40 0
0

0101000
+609 0 -616 0 *
Ed
 1e-07 1 1 0
1  95 0 -0 60
4 C0 38 0 2 0
0

0101000
+609 0 -661 0 *
Wi

0101100
+660 0 -615 0 -608 0 +607 0 *
Fa
0  1e-07 38 0

0111000
-606 0 *
Ve
1e-07
-30 0 30
0 0

0101101
*
Ed
 1e-07 1 1 0
1  96 0 0 20
4 C0 2 0 40 0
0

0101000
+604 0 -609 0 *
Ed
 1e-07 1 1 0
1  97 0 -0 60
4 C0 2 0 39 0
0

0101000
+604 0 -659 0 *
Wi

0101100
+658 0 -607 0 -603 0 +602 0 *
Ed
 1e-07 1 1 0
1  98 0 0 3.14159265358979
2  103 3 0 0 3.14159265358979
4 C0 2 0 3 0
0

0101000
+814 0 -815 0 *
Wi

0101100
-600 0 -813 0 *
Ed
 1e-07 1 1 0
1  99 0 0 3.14159265358979
2  104 8 0 0 3.14159265358979
4 C0 2 0 8 0
0

0101000
+796 0 -797 0 *
Wi

0101100
-598 0 -795 0 *
Fa
0  1e-07 2 0

0111000
-601 0 -599 0 -597 0 *
Ve
1e-07
-30 5.5 30
0 0

0101101
*
Ed
 1e-07 1 1 0
1  100 0 -0 60
2  105 33 0 -0 60
4 G1 39 0 33 0
0

0101000
+595 0 -657 0 *
Ed
 1e-07 1 1 0
1  101 0 0 5.5
4 C0 39 0 40 0
0

0101000
+595 0 -604 0 *
Wi

0101100
+594 0 +656 0 -602 0 -593 0 *
Fa
0  1e-07 39 0

0111000
-592 0 *
Ed
 8.35113490641348e-05 1 1 0
1  102 0 3.064134692093e-17 0.00280057592971374
2  106 29 0 3.064134692093e-17 0.00280057592971374
2  107 11 0 3.064134692093e-17 0.00280057592971374
4 C0 29 0 11 0
0

0101000
+716 0 -630 0 *
Wi

0101100
-628 0 +694 0 -619 0 -681 0 -625 0 +722 0 +715 0 +590 0 *
Fa
0  1e-07 29 0

0111000
+589 0 *
Ed
 1e-07 1 1 0
1  103 0 1.47075461318335 1.5707963267949
2  108 33 0 1.47075461318335 1.5707963267949
4 C0 33 0 32 0
0

0101000
+648 0 -705 0 *
Ed
 1e-07 1 1 0
1  104 0 1.67083804040645 3.14159265358979
2  109 33 0 1.67083804040645 3.14159265358979
4 C0 33 0 40 0
0

0101000
+638 0 -595 0 *
Wi

0101100
-587 0 +647 0 +655 0 -594 0 -586 0 +637 0 -622 0 +702 0 *
Fa
0  1e-07 33 0

0111000
+585 0 *
Ed
 1e-07 1 1 0
1  105 0 0 6.99
4 C0 36 0 40 0
0

0101000
+614 0 -636 0 *
Wi

0101100
-634 0 -583 0 +613 0 +675 0 *
Fa
0  1e-07 36 0

0111000
-582 0 *
Wi

0101100
+583 0 +635 0 +586 0 +593 0 +603 0 +608 0 +612 0 *
Fa
0  1e-07 40 0

0111000
+580 0 *
Wi

0101100
+671 0 -751 0 -757 0 -748 0 *
Fa
0  1e-07 19 0

0111000
+578 0 *
Wi

0101100
+753 0 -759 0 -777 0 -756 0 *
Fa
0  1e-07 13 0

0111000
+576 0 *
Ed
 1e-07 1 1 0
1  106 0 0 0.642889992138439
2  110 11 0 0 0.642889992138439
4 G1 11 0 32 0
0

0101000
+768 0 -710 0 *
Wi

0101100
-783 0 -766 0 -651 0 +629 0 -590 0 -708 0 -574 0 -764 0 *
Fa
0  1e-07 11 0

0111000
+573 0 *
Wi

0101100
-686 0 -775 0 +761 0 -772 0 *
Fa
0  1e-07 14 0

0111000
+571 0 *
Wi

0101100
+765 0 -785 0 -791 0 -782 0 *
Fa
0  1e-07 9 0

0111000
+569 0 *
Wi

0101100
+787 0 -793 0 -598 0 -790 0 *
Fa
0  1e-07 8 0

0111000
+567 0 *
Wi

0101100
+731 0 -803 0 -809 0 -800 0 *
Fa
0  1e-07 4 0

0111000
+565 0 *
Wi

0101100
+805 0 -811 0 -600 0 -808 0 *
Fa
0  1e-07 3 0

0111000
+563 0 *
Wi

0101100
+587 0 +704 0 -709 0 -574 0 +646 0 *
Fa
0  1e-07 32 0

0111000
+561 0 *
Sh

0101100
-806 0 -798 0 -788 0 -780 0 -770 0 -762 0 -754 0 -746 0 +736 0 -728 0 
-717 0 -706 0 -699 0 -684 0 +669 0 -653 0 +644 0 -641 0 +631 0 +626 0 
+623 0 +620 0 +617 0 -610 0 -605 0 -596 0 -591 0 -588 0 +584 0 -581 0 
+579 0 -577 0 -575 0 -572 0 -570 0 -568 0 -566 0 -564 0 -562 0 +560 0 
*
So

0100000
+559 0 *
Ve
1e-07
22.15 2.8 -18
0 0

0101101
*
Ve
1e-07
13.85 2.8 -18
0 0

0101101
*
Ed
 1e-07 1 1 0
1  107 0 0 3.14159265358979
2  111 41 0 0 3.14159265358979
2  112 42 0 0 3.14159265358979
4 C0 41 0 42 0
0

0101000
+557 0 -556 0 *
Ve
1e-07
9.75 6.9 -18
0 0

0101101
*
Ed
 1e-07 1 1 0
1  108 0 0 5.79827560572969
2  113 41 0 0 5.79827560572969
2  114 43 0 0 5.79827560572969
4 CN 41 0 43 0
0

0101000
+556 0 -554 0 *
Ve
1e-07
26.25 6.9 -18
0 0

0101101
*
Ed
 1e-07 1 1 0
1  109 0 0 3.14159265358979
2  115 41 0 0 3.14159265358979
2  116 44 0 0 3.14159265358979
4 C0 41 0 44 0
0

0101000
+552 0 -554 0 *
Ed
 1e-07 1 1 0
1  110 0 -5.79827560572969 -0
2  117 41 0 -5.79827560572969 -0
2  118 43 0 -5.79827560572969 -0
4 CN 41 0 43 0
0

0101000
+552 0 -557 0 *
Wi

0101100
+555 0 +553 0 -551 0 +550 0 *
Fa
0  1e-07 41 0

0111000
+549 0 *
Ve
1e-07
18 7.5 26.25
0 0

0101101
*
Ve
1e-07
26.25 7.5 18
0 0

0101101
*
Ed
 1e-07 1 1 0
1  111 0 4.71238898038469 6.28318530717959
2  119 45 0 4.71238898038469 6.28318530717959
4 C0 45 0 46 0
0

0101000
+547 0 -546 0 *
Ve
0.000461235039283985
18 8.13288999213844 26.25
0 0

0101101
*
Ed
 1e-07 1 1 0
1  112 0 0 0.632889992138439
2  120 45 0 0 0.632889992138439
4 G1 45 0 47 0
0

0101000
+547 0 -544 0 *
Ve
0.000461235039283985
13.4649621631871 8.83945834900162 24.8917292328323
0 0

0101101
*
Ed
 0.000461235039283985 1 1 0
1  113 0 3.52990653115862e-18 0.00482082176178668
2  121 45 0 3.52990653115862e-18 0.00482082176178668
2  122 48 0 3.52990653115862e-18 0.00482082176178668
4 C0 45 0 48 0
0

0101000
+544 0 -542 0 *
Ve
0.000306777857367971
9.76349551885556 10.7999571426694 18.4716926245845
0 0

0101101
*
Ed
 0.000306777857367971 1 1 0
1  114 0 5.67729841311329e-18 0.00790561647634851
2  123 45 0 5.67729841311329e-18 0.00790561647634851
2  124 49 0 5.67729841311329e-18 0.00790561647634851
4 C0 45 0 49 0
0

0101000
+542 0 -540 0 *
Ve
1e-07
9.76349551885556 7.5 18.4716926245845
0 0

0101101
*
Ed
 1e-07 1 1 0
1  115 0 0 3.2999571426694
2  125 45 0 0 3.2999571426694
4 C0 45 0 50 0
0

0101000
+538 0 -540 0 *
Ve
1e-07
9.75 7.5 18
0 0

0101101
*
Ed
 1e-07 1 1 0
1  116 0 3.14159265358979 3.19879871352676
2  126 45 0 3.14159265358979 3.19879871352676
4 C0 45 0 46 0
0

0101000
+536 0 -538 0 *
Ve
1e-07
9.75 6.9 18
0 0

0101101
*
Ed
 1e-07 1 1 0
1  117 0 0 0.6
2  127 45 0 0 0.6
2  128 51 0 0 0.6
4 CN 45 0 51 0
0

0101000
+536 0 -534 0 *
Ve
1e-07
26.25 6.9 18
0 0

0101101
*
Ed
 1e-07 1 1 0
1  118 0 3.14159265358979 6.28318530717959
2  129 45 0 3.14159265358979 6.28318530717959
2  130 52 0 3.14159265358979 6.28318530717959
4 C0 45 0 52 0
0

0101000
+534 0 -532 0 *
Ed
 1e-07 1 1 0
1  119 0 -0.6 0
2  131 45 0 -0.6 0
2  132 51 0 -0.6 0
4 CN 45 0 51 0
0

0101000
+532 0 -546 0 *
Wi

0101100
-545 0 +543 0 +541 0 +539 0 -537 0 -535 0 +533 0 +531 0 +530 0 *
Fa
0  1e-07 45 0

0111000
+529 0 *
Ve
1e-07
-6.58056508590077e-16 18.5 -16.1
0 0

0101101
*
Ve
1e-07
-6.58056508590077e-16 18.5 -30
0 0

0101101
*
Ed
 1e-07 1 1 0
1  120 0 0 13.9
2  133 53 0 0 13.9
2  134 54 0 0 13.9
4 CN 53 0 54 0
0

0101000
+527 0 -526 0 *
Ve
1e-07
8.29155383405621 13.0000192880822 -16.1
0 0

0101101
*
Ed
 1e-07 1 1 0
1  121 0 0.399427566111977 1.5707963267949
2  135 53 0 0.399427566111977 1.5707963267949
4 C0 53 0 55 0
0

0101000
+524 0 -527 0 *
Ve
1e-07
8.29155383405621 13.0000192880822 -30
0 0

0101101
*
Ed
 1e-07 1 1 0
1  122 0 0 13.9
2  136 53 0 0 13.9
2  137 56 0 0 13.9
4 G1 53 0 56 0
0

0101000
+524 0 -522 0 *
Ed
 1e-07 1 1 0
1  123 0 0.399427566111977 1.5707963267949
2  138 53 0 0.399427566111977 1.5707963267949
4 C0 53 0 57 0
0

0101000
+522 0 -526 0 *
Wi

0101100
-525 0 -523 0 +521 0 +520 0 *
Fa
0  1e-07 53 0

0111000
+519 0 *
Ve
1e-07
5.73900004922878 4.5979999738246 -26.9
0 0

0101101
*
Ve
1e-07
6.60752239115391 8.08145304678901 -26.9
0 0

0101101
*
Ed
 1e-07 1 1 0
1  124 0 1.5707963267949 4.22369681996413
2  139 58 0 1.5707963267949 4.22369681996413
4 C0 58 0 59 0
0

0101000
+517 0 -516 0 *
Ve
1e-07
6.60752239115391 8.08145304678901 -16.1
0 0

0101101
*
Ed
 1e-07 1 1 0
1  125 0 0 10.8
2  140 58 0 0 10.8
4 G1 58 0 60 0
0

0101000
+514 0 -516 0 *
Ve
1e-07
5.73900004922878 4.5979999738246 -16.1
0 0

0101101
*
Ed
 1e-07 1 1 0
1  126 0 4.71238898038469 7.36528947355392
2  141 58 0 4.71238898038469 7.36528947355392
4 C0 58 0 55 0
0

0101000
+512 0 -514 0 *
Ed
 1e-07 1 1 0
1  127 0 -0 10.8
2  142 58 0 -0 10.8
2  143 61 0 -0 10.8
4 CN 58 0 61 0
0

0101000
+512 0 -517 0 *
Wi

0101100
+515 0 -513 0 -511 0 +510 0 *
Fa
0  1e-07 58 0

0111000
+509 0 *
Ve
1e-07
-1.7717760852215e-15 16 -29.9
0 0

0101101
*
Ve
1e-07
6.3702252613584 8.20762616880748 -29.9
0 0

0101101
*
Ed
 1e-07 1 1 0
1  128 0 4.71238898038469 6.48334592384806
2  144 62 0 4.71238898038469 6.48334592384806
4 C0 62 0 63 0
0

0101000
+507 0 -506 0 *
Ve
1e-07
6.3702252613584 8.20762616880747 -30
0 0

0101101
*
Ed
 1e-07 1 1 0
1  129 0 13.8 13.9
2  145 62 0 13.8 13.9
4 C0 62 0 64 0
0

0101000
+506 0 -504 0 *
Ve
1e-07
-1.7717760852215e-15 16 -30
0 0

0101101
*
Ed
 1e-07 1 1 0
1  130 0 6.08302469051112 7.85398163397448
2  146 62 0 6.08302469051112 7.85398163397448
4 C0 62 0 57 0
0

0101000
+504 0 -502 0 *
Ed
 1e-07 1 1 0
1  131 0 -0.0500000000000007 0.0500000000000007
2  147 62 0 -0.0500000000000007 0.0500000000000007
2  148 65 0 -0.0500000000000007 0.0500000000000007
4 CN 62 0 65 0
0

0101000
+502 0 -507 0 *
Wi

0101100
+505 0 +503 0 +501 0 +500 0 *
Fa
0  1e-07 62 0

0111000
+499 0 *
Ve
1e-07
-1.79787825252409e-16 3 -30
0 0

0101101
*
Ve
1e-07
4.63293996118096 4.94084796084923 -30
0 0

0101101
*
Ed
 1e-07 1 1 0
1  132 0 4.71238898038469 5.5058142976851
2  149 66 0 4.71238898038469 5.5058142976851
4 C0 66 0 57 0
0

0101000
+497 0 -496 0 *
Ve
1e-07
4.63293996118096 4.94084796084923 -29.9
0 0

0101101
*
Ed
 1e-07 1 1 0
1  133 0 13.8 13.9
2  150 66 0 13.8 13.9
4 C0 66 0 67 0
0

0101000
+494 0 -496 0 *
Ve
1e-07
-1.79787825252409e-16 3 -29.9
0 0

0101101
*
Ed
 1e-07 1 1 0
1  134 0 0.777371009494483 1.5707963267949
2  151 66 0 0.777371009494483 1.5707963267949
4 C0 66 0 63 0
0

0101000
+494 0 -492 0 *
Ed
 1e-07 1 1 0
1  135 0 -0.0500000000000007 0.0500000000000007
2  152 66 0 -0.0500000000000007 0.0500000000000007
2  153 65 0 -0.0500000000000007 0.0500000000000007
4 CN 66 0 65 0
0

0101000
+492 0 -497 0 *
Wi

0101100
+495 0 -493 0 +491 0 +490 0 *
Fa
0  1e-07 66 0

0111000
+489 0 *
Ve
1e-07
4.03142227008149 9.5 -2.1
0 0

0101101
*
Ve
1e-07
6.5 9.5 -16.1
0 0

0101101
*
Ed
 1e-07 1 1 0
1  136 0 -3.21431918483496e-12 14.2159725663972
2  154 68 0 -3.21431918483496e-12 14.2159725663972
2  155 69 0 -3.21431918483496e-12 14.2159725663972
4 CN 68 0 69 0
0

0101000
+487 0 -486 0 *
Ve
1e-07
-4.0314222701 9.5 -2.1
0 0

0101101
*
Ed
 1e-07 1 1 0
1  137 0 0 3.14159265358979
2  156 68 0 0 3.14159265358979
4 C0 68 0 70 0
0

0101000
+487 0 -484 0 *
Ve
1e-07
-6.5 9.5 -16.1
0 0

0101101
*
Ed
 1e-07 1 1 0
1  138 0 -14.2159725663972 0
2  157 68 0 -14.2159725663972 0
2  158 69 0 -14.2159725663972 0
4 CN 68 0 69 0
0

0101000
+482 0 -484 0 *
Ve
1e-07
4.63293996118096 4.94084796084924 -16.1
0 0

0101101
*
Ed
 1e-07 1 1 0
1  139 0 0.777371009494481 3.14159265358979
2  159 68 0 0.777371009494481 3.14159265358979
4 C0 68 0 55 0
0

0101000
+480 0 -482 0 *
Ve
1e-07
6.3702252613584 8.20762616880748 -16.1
0 0

0101101
*
Ed
 1e-07 1 1 0
1  140 0 0.200160616668469 0.777371009494481
2  160 68 0 0.200160616668469 0.777371009494481
2  161 71 0 0.200160616668469 0.777371009494481
4 C0 68 0 71 0
0

0101000
+478 0 -480 0 *
Ed
 1e-07 1 1 0
1  141 0 0 0.200160616668469
2  162 68 0 0 0.200160616668469
4 C0 68 0 55 0
0

0101000
+486 0 -478 0 *
Wi

0101100
-485 0 +483 0 -481 0 -479 0 -477 0 -476 0 *
Fa
0  1e-07 68 0

0111000
+475 0 *
Ve
1e-07
-2.6 9.5 -4
0 0

0101101
*
Ve
1e-07
2.6 9.5 -4
0 0

0101101
*
Ed
 1e-07 1 1 0
1  142 0 3.14159265358979 6.28318530717959
2  163 72 0 3.14159265358979 6.28318530717959
4 C0 72 0 73 0
0

0101000
+473 0 -472 0 *
Ve
1e-07
-2.6 9.5 -2.1
0 0

0101101
*
Ed
 1e-07 1 1 0
1  143 0 -0.95 0.95
2  164 72 0 -0.95 0.95
2  165 74 0 -0.95 0.95
4 CN 72 0 74 0
0

0101000
+473 0 -470 0 *
Ve
1e-07
2.6 9.5 -2.1
0 0

0101101
*
Ed
 1e-07 1 1 0
1  144 0 3.14159265358979 6.28318530717959
2  166 72 0 3.14159265358979 6.28318530717959
4 C0 72 0 70 0
0

0101000
+470 0 -468 0 *
Ed
 1e-07 1 1 0
1  145 0 -0.95 0.95
2  167 72 0 -0.95 0.95
2  168 74 0 -0.95 0.95
4 CN 72 0 74 0
0

0101000
+468 0 -472 0 *
Wi

0101100
-471 0 +469 0 +467 0 +466 0 *
Fa
0  1e-07 72 0

0111000
+465 0 *
Ve
1e-07
-2.6 9.5 2.1
0 0

0101101
*
Ve
1e-07
2.6 9.5 2.1
0 0

0101101
*
Ed
 1e-07 1 1 0
1  146 0 3.14159265358979 6.28318530717959
2  169 75 0 3.14159265358979 6.28318530717959
4 C0 75 0 76 0
0

0101000
+463 0 -462 0 *
Ve
1e-07
-2.6 9.5 4
0 0

0101101
*
Ed
 1e-07 1 1 0
1  147 0 0 1.9
2  170 75 0 0 1.9
2  171 77 0 0 1.9
4 CN 75 0 77 0
0

0101000
+463 0 -460 0 *
Ve
1e-07
2.6 9.5 4
0 0

0101101
*
Ed
 1e-07 1 1 0
1  148 0 3.14159265358979 6.28318530717959
2  172 75 0 3.14159265358979 6.28318530717959
4 C0 75 0 78 0
0

0101000
+458 0 -460 0 *
Ed
 1e-07 1 1 0
1  149 0 -1.9 -0
2  173 75 0 -1.9 -0
2  174 77 0 -1.9 -0
4 CN 75 0 77 0
0

0101000
+458 0 -462 0 *
Wi

0101100
-461 0 +459 0 -457 0 +456 0 *
Fa
0  1e-07 75 0

0111000
+455 0 *
Ve
1e-07
-4.0314222701 9.5 2.1
0 0

0101101
*
Ve
1e-07
-6.5 9.5 16.1
0 0

0101101
*
Ed
 1e-07 1 1 0
1  150 0 0 14.2159725663972
2  175 79 0 0 14.2159725663972
2  176 80 0 0 14.2159725663972
4 CN 79 0 80 0
0

0101000
+453 0 -452 0 *
Ve
1e-07
4.03142227008149 9.5 2.1
0 0

0101101
*
Ed
 1e-07 1 1 0
1  151 0 0 3.14159265358979
2  177 79 0 0 3.14159265358979
4 C0 79 0 76 0
0

0101000
+450 0 -453 0 *
Ve
1e-07
6.5 9.5 16.1
0 0

0101101
*
Ed
 1e-07 1 1 0
1  152 0 -14.2159725663972 3.21431918483496e-12
2  178 79 0 -14.2159725663972 3.21431918483496e-12
2  179 80 0 -14.2159725663972 3.21431918483496e-12
4 CN 79 0 80 0
0

0101000
+448 0 -450 0 *
Ve
1e-07
6.3702252613584 8.20762616880747 16.1
0 0

0101101
*
Ed
 1e-07 1 1 0
1  153 0 0 0.200160616668471
2  180 79 0 0 0.200160616668471
4 C0 79 0 81 0
0

0101000
+448 0 -446 0 *
Ve
1e-07
4.63293996118096 4.94084796084923 16.1
0 0

0101101
*
Ed
 1e-07 1 1 0
1  154 0 0.200160616668471 0.777371009494483
2  181 79 0 0.200160616668471 0.777371009494483
2  182 82 0 0.200160616668471 0.777371009494483
4 C0 79 0 82 0
0

0101000
+446 0 -444 0 *
Ed
 1e-07 1 1 0
1  155 0 0.777371009494483 3.14159265358979
2  183 79 0 0.777371009494483 3.14159265358979
4 C0 79 0 81 0
0

0101000
+444 0 -452 0 *
Wi

0101100
-451 0 -449 0 -447 0 +445 0 +443 0 +442 0 *
Fa
0  1e-07 79 0

0111000
+441 0 *
Ve
1e-07
2.5 9.5 -4
0 0

0101101
*
Ve
1e-07
2.5 9.5 4
0 0

0101101
*
Ed
 1e-07 1 1 0
1  156 0 -4 4
2  184 83 0 -4 4
2  185 84 0 -4 4
4 CN 83 0 84 0
0

0101000
+439 0 -438 0 *
Ve
1e-07
-2.5 9.5 -4
0 0

0101101
*
Ed
 1e-07 1 1 0
1  157 0 3.14159265358979 6.28318530717959
2  186 83 0 3.14159265358979 6.28318530717959
4 C0 83 0 73 0
0

0101000
+436 0 -439 0 *
Ve
1e-07
-2.5 9.5 4
0 0

0101101
*
Ed
 1e-07 1 1 0
1  158 0 -4 4
2  187 83 0 -4 4
2  188 84 0 -4 4
4 CN 83 0 84 0
0

0101000
+434 0 -436 0 *
Ed
 1e-07 1 1 0
1  159 0 3.14159265358979 6.28318530717959
2  189 83 0 3.14159265358979 6.28318530717959
4 C0 83 0 78 0
0

0101000
+434 0 -438 0 *
Wi

0101100
-437 0 -435 0 -433 0 +432 0 *
Fa
0  1e-07 83 0

0111000
+431 0 *
Ve
1e-07
6.60752239115391 8.08145304678901 29.9
0 0

0101101
*
Ve
1e-07
5.73900004922878 4.5979999738246 29.9
0 0

0101101
*
Ed
 1e-07 1 1 0
1  160 0 5.20108114080525 7.85398163397448
2  190 85 0 5.20108114080525 7.85398163397448
4 C0 85 0 86 0
0

0101000
+429 0 -428 0 *
Ve
1e-07
6.60752239115391 8.08145304678901 30
0 0

0101101
*
Ed
 1e-07 1 1 0
1  161 0 13.8 13.9
2  191 85 0 13.8 13.9
4 G1 85 0 87 0
0

0101000
+429 0 -426 0 *
Ve
1e-07
5.73900004922878 4.5979999738246 30
0 0

0101101
*
Ed
 1e-07 1 1 0
1  162 0 4.71238898038469 7.36528947355392
2  192 85 0 4.71238898038469 7.36528947355392
4 C0 85 0 88 0
0

0101000
+424 0 -426 0 *
Ed
 1e-07 1 1 0
1  163 0 -0.0500000000000007 0.0500000000000007
2  193 85 0 -0.0500000000000007 0.0500000000000007
2  194 89 0 -0.0500000000000007 0.0500000000000007
4 CN 85 0 89 0
0

0101000
+424 0 -428 0 *
Wi

0101100
-427 0 +425 0 -423 0 +422 0 *
Fa
0  1e-07 85 0

0111000
+421 0 *
Ve
1e-07
5.73900004922878 4.5979999738246 -30
0 0

0101101
*
Ve
1e-07
6.60752239115391 8.08145304678901 -30
0 0

0101101
*
Ed
 1e-07 1 1 0
1  164 0 4.71238898038469 7.36528947355392
2  195 90 0 4.71238898038469 7.36528947355392
4 C0 90 0 57 0
0

0101000
+419 0 -418 0 *
Ve
1e-07
6.60752239115391 8.08145304678901 -29.9
0 0

0101101
*
Ed
 1e-07 1 1 0
1  165 0 13.8 13.9
2  196 90 0 13.8 13.9
4 G1 90 0 64 0
0

0101000
+416 0 -418 0 *
Ve
1e-07
5.73900004922878 4.5979999738246 -29.9
0 0

0101101
*
Ed
 1e-07 1 1 0
1  166 0 1.5707963267949 4.22369681996413
2  197 90 0 1.5707963267949 4.22369681996413
4 C0 90 0 63 0
0

0101000
+414 0 -416 0 *
Ed
 1e-07 1 1 0
1  167 0 -0.0500000000000007 0.0500000000000007
2  198 90 0 -0.0500000000000007 0.0500000000000007
2  199 91 0 -0.0500000000000007 0.0500000000000007
4 CN 90 0 91 0
0

0101000
+414 0 -419 0 *
Wi

0101100
+417 0 -415 0 -413 0 +412 0 *
Fa
0  1e-07 90 0

0111000
+411 0 *
Ve
1e-07
13.85 2.8 18
0 0

0101101
*
Ve
1e-07
22.15 2.8 18
0 0

0101101
*
Ed
 1e-07 1 1 0
1  168 0 3.14159265358979 6.28318530717959
2  200 92 0 3.14159265358979 6.28318530717959
2  201 52 0 3.14159265358979 6.28318530717959
4 C0 92 0 52 0
0

0101000
+409 0 -408 0 *
Ve
1e-07
13.85 0 18
0 0

0101101
*
Ed
 1e-07 1 1 0
1  169 0 -1.4 1.4
2  202 92 0 -1.4 1.4
2  203 93 0 -1.4 1.4
4 CN 92 0 93 0
0

0101000
+409 0 -406 0 *
Ve
1e-07
22.15 0 18
0 0

0101101
*
Ed
 1e-07 1 1 0
1  170 0 3.14159265358979 6.28318530717959
2  204 92 0 3.14159265358979 6.28318530717959
4 C0 92 0 94 0
0

0101000
+406 0 -404 0 *
Ed
 1e-07 1 1 0
1  171 0 -1.4 1.4
2  205 92 0 -1.4 1.4
2  206 93 0 -1.4 1.4
4 CN 92 0 93 0
0

0101000
+404 0 -408 0 *
Wi

0101100
-407 0 +405 0 +403 0 +402 0 *
Fa
0  1e-07 92 0

0111000
+401 0 *
Ed
 1e-07 1 1 0
1  172 0 3.14159265358979 6.28318530717959
2  207 95 0 3.14159265358979 6.28318530717959
2  208 43 0 3.14159265358979 6.28318530717959
4 C0 95 0 43 0
0

0101000
+556 0 -557 0 *
Ve
1e-07
13.85 0 -18
0 0

0101101
*
Ed
 1e-07 1 1 0
1  173 0 -1.4 1.4
2  209 95 0 -1.4 1.4
2  210 42 0 -1.4 1.4
4 CN 95 0 42 0
0

0101000
+556 0 -398 0 *
Ve
1e-07
22.15 0 -18
0 0

0101101
*
Ed
 1e-07 1 1 0
1  174 0 3.14159265358979 6.28318530717959
2  211 95 0 3.14159265358979 6.28318530717959
4 C0 95 0 94 0
0

0101000
+398 0 -396 0 *
Ed
 1e-07 1 1 0
1  175 0 -1.4 1.4
2  212 95 0 -1.4 1.4
2  213 42 0 -1.4 1.4
4 CN 95 0 42 0
0

0101000
+396 0 -557 0 *
Wi

0101100
-399 0 +397 0 +395 0 +394 0 *
Fa
0  1e-07 95 0

0111000
+393 0 *
Ed
 1e-07 1 1 0
1  176 0 0 3.14159265358979
2  214 96 0 0 3.14159265358979
2  215 93 0 0 3.14159265358979
4 C0 96 0 93 0
0

0101000
+408 0 -409 0 *
Ed
 1e-07 1 1 0
1  177 0 0 5.79827560572969
2  216 96 0 0 5.79827560572969
2  217 52 0 0 5.79827560572969
4 CN 96 0 52 0
0

0101000
+409 0 -534 0 *
Ed
 1e-07 1 1 0
1  178 0 0 3.14159265358979
2  218 96 0 0 3.14159265358979
2  219 51 0 0 3.14159265358979
4 C0 96 0 51 0
0

0101000
+532 0 -534 0 *
Ed
 1e-07 1 1 0
1  179 0 -5.79827560572969 -0
2  220 96 0 -5.79827560572969 -0
2  221 52 0 -5.79827560572969 -0
4 CN 96 0 52 0
0

0101000
+532 0 -408 0 *
Wi

0101100
+391 0 +390 0 -389 0 +388 0 *
Fa
0  1e-07 96 0

0111000
+387 0 *
Ve
1e-07
1.5462349282902e-15 18.5 30
0 0

0101101
*
Ve
1e-07
1.5462349282902e-15 18.5 16.1
0 0

0101101
*
Ed
 1e-07 1 1 0
1  180 0 -13.9 0
2  222 97 0 -13.9 0
2  223 98 0 -13.9 0
4 CN 97 0 98 0
0

0101000
+385 0 -384 0 *
Ve
1e-07
8.29155383405621 13.0000192880822 30
0 0

0101101
*
Ed
 1e-07 1 1 0
1  181 0 0.399427566111977 1.5707963267949
2  224 97 0 0.399427566111977 1.5707963267949
4 C0 97 0 88 0
0

0101000
+382 0 -385 0 *
Ve
1e-07
8.29155383405621 13.0000192880822 16.1
0 0

0101101
*
Ed
 1e-07 1 1 0
1  182 0 0 13.9
2  225 97 0 0 13.9
2  226 49 0 0 13.9
4 G1 97 0 49 0
0

0101000
+380 0 -382 0 *
Ed
 1e-07 1 1 0
1  183 0 0.399427566111977 1.5707963267949
2  227 97 0 0.399427566111977 1.5707963267949
4 C0 97 0 81 0
0

0101000
+380 0 -384 0 *
Wi

0101100
-383 0 -381 0 -379 0 +378 0 *
Fa
0  1e-07 97 0

0111000
+377 0 *
Ve
1e-07
4.63293996118096 4.94084796084923 29.9
0 0

0101101
*
Ve
1e-07
-1.7717760852215e-15 3 29.9
0 0

0101101
*
Ed
 1e-07 1 1 0
1  184 0 0.777371009494483 1.5707963267949
2  228 99 0 0.777371009494483 1.5707963267949
4 C0 99 0 86 0
0

0101000
+375 0 -374 0 *
Ve
1e-07
4.63293996118096 4.94084796084923 30
0 0

0101101
*
Ed
 1e-07 1 1 0
1  185 0 13.8 13.9
2  229 99 0 13.8 13.9
4 C0 99 0 100 0
0

0101000
+375 0 -372 0 *
Ve
1e-07
-1.7717760852215e-15 3 30
0 0

0101101
*
Ed
 1e-07 1 1 0
1  186 0 4.71238898038469 5.5058142976851
2  230 99 0 4.71238898038469 5.5058142976851
4 C0 99 0 88 0
0

0101000
+370 0 -372 0 *
Ed
 1e-07 1 1 0
1  187 0 -0.0500000000000007 0.0500000000000007
2  231 99 0 -0.0500000000000007 0.0500000000000007
2  232 101 0 -0.0500000000000007 0.0500000000000007
4 CN 99 0 101 0
0

0101000
+370 0 -374 0 *
Wi

0101100
-373 0 +371 0 -369 0 +368 0 *
Fa
0  1e-07 99 0

0111000
+367 0 *
Ve
1e-07
6.3702252613584 8.20762616880747 30
0 0

0101101
*
Ve
1e-07
-1.79787825252409e-16 16 30
0 0

0101101
*
Ed
 1e-07 1 1 0
1  188 0 6.08302469051112 7.85398163397448
2  233 102 0 6.08302469051112 7.85398163397448
4 C0 102 0 88 0
0

0101000
+365 0 -364 0 *
Ve
1e-07
6.3702252613584 8.20762616880747 29.9
0 0

0101101
*
Ed
 1e-07 1 1 0
1  189 0 13.8 13.9
2  234 102 0 13.8 13.9
4 C0 102 0 87 0
0

0101000
+362 0 -365 0 *
Ve
1e-07
-1.79787825252409e-16 16 29.9
0 0

0101101
*
Ed
 1e-07 1 1 0
1  190 0 4.71238898038469 6.48334592384806
2  235 102 0 4.71238898038469 6.48334592384806
4 C0 102 0 86 0
0

0101000
+360 0 -362 0 *
Ed
 1e-07 1 1 0
1  191 0 -0.0500000000000007 0.0500000000000007
2  236 102 0 -0.0500000000000007 0.0500000000000007
2  237 101 0 -0.0500000000000007 0.0500000000000007
4 CN 102 0 101 0
0

0101000
+360 0 -364 0 *
Wi

0101100
-363 0 -361 0 -359 0 +358 0 *
Fa
0  1e-07 102 0

0111000
+357 0 *
Ve
1e-07
5.73900004922878 4.5979999738246 16.1
0 0

0101101
*
Ve
1e-07
6.60752239115391 8.08145304678901 16.1
0 0

0101101
*
Ed
 1e-07 1 1 0
1  192 0 4.71238898038469 7.36528947355392
2  238 103 0 4.71238898038469 7.36528947355392
4 C0 103 0 81 0
0

0101000
+355 0 -354 0 *
Ve
1e-07
6.60752239115391 8.08145304678901 26.9
0 0

0101101
*
Ed
 1e-07 1 1 0
1  193 0 0 10.8
2  239 103 0 0 10.8
4 G1 103 0 104 0
0

0101000
+354 0 -352 0 *
Ve
1e-07
5.73900004922878 4.5979999738246 26.9
0 0

0101101
*
Ed
 1e-07 1 1 0
1  194 0 5.20108114080525 7.85398163397448
2  240 103 0 5.20108114080525 7.85398163397448
4 C0 103 0 105 0
0

0101000
+352 0 -350 0 *
Ed
 1e-07 1 1 0
1  195 0 -10.8 0
2  241 103 0 -10.8 0
2  242 106 0 -10.8 0
4 CN 103 0 106 0
0

0101000
+350 0 -355 0 *
Wi

0101100
+353 0 +351 0 +349 0 +348 0 *
Fa
0  1e-07 103 0

0111000
+347 0 *
Ve
1e-07
9.75 7.5 -18
0 0

0101101
*
Ve
1e-07
26.25 7.5 -18
0 0

0101101
*
Ed
 1e-07 1 1 0
1  196 0 3.14159265358979 6.28318530717959
2  243 107 0 3.14159265358979 6.28318530717959
4 C0 107 0 46 0
0

0101000
+345 0 -344 0 *
Ed
 1e-07 1 1 0
1  197 0 0 0.6
2  244 107 0 0 0.6
2  245 44 0 0 0.6
4 CN 107 0 44 0
0

0101000
+345 0 -554 0 *
Ed
 1e-07 1 1 0
1  198 0 3.14159265358979 6.28318530717959
2  246 107 0 3.14159265358979 6.28318530717959
2  247 43 0 3.14159265358979 6.28318530717959
4 C0 107 0 43 0
0

0101000
+554 0 -552 0 *
Ed
 1e-07 1 1 0
1  199 0 -0.6 0
2  248 107 0 -0.6 0
2  249 44 0 -0.6 0
4 CN 107 0 44 0
0

0101000
+552 0 -344 0 *
Wi

0101100
-343 0 +342 0 +341 0 +340 0 *
Fa
0  1e-07 107 0

0111000
+339 0 *
Ve
1e-07
9.76349551885556 7.5 -18.4716926245845
0 0

0101101
*
Ed
 1e-07 1 1 0
1  200 0 3.08438659365283 3.14159265358979
2  250 44 0 3.08438659365283 3.14159265358979
4 C0 44 0 46 0
0

0101000
+337 0 -345 0 *
Ve
0.000306777857372544
9.76349551885557 10.7999571426694 -18.4716926245846
0 0

0101101
*
Ed
 1e-07 1 1 0
1  201 0 1.30524583050901e-30 3.2999571426694
2  251 44 0 1.30524583050901e-30 3.2999571426694
4 C0 44 0 108 0
0

0101000
+337 0 -335 0 *
Ve
0.000461235039287975
13.4649621631872 8.8394583490016 -24.8917292328324
0 0

0101101
*
Ed
 0.000306777857372544 1 1 0
1  202 0 3.32043898431468e-18 0.00790561647634849
2  252 44 0 3.32043898431468e-18 0.00790561647634849
2  253 56 0 3.32043898431468e-18 0.00790561647634849
4 C0 44 0 56 0
0

0101000
+333 0 -335 0 *
Ve
0.000461235039287975
18 8.13288999213844 -26.25
0 0

0101101
*
Ed
 0.000461235039287975 1 1 0
1  203 0 0 0.00482082176178662
2  254 44 0 0 0.00482082176178662
2  255 109 0 0 0.00482082176178662
4 C0 44 0 109 0
0

0101000
+331 0 -333 0 *
Ve
1e-07
18 7.5 -26.25
0 0

0101101
*
Ed
 1e-07 1 1 0
1  204 0 0 0.632889992138439
2  256 44 0 0 0.632889992138439
4 G1 44 0 110 0
0

0101000
+329 0 -331 0 *
Ed
 1e-07 1 1 0
1  205 0 0 1.5707963267949
2  257 44 0 0 1.5707963267949
4 C0 44 0 46 0
0

0101000
+344 0 -329 0 *
Wi

0101100
+551 0 -342 0 -336 0 +334 0 -332 0 -330 0 -328 0 -327 0 -340 0 *
Fa
0  1e-07 44 0

0111000
+326 0 *
Ve
1e-07
9.51007656179285 11.0701328663187 -16.1
0 0

0101101
*
Ed
 1e-07 1 1 0
1  206 0 2.36172473528708 2.41464904054246
2  258 56 0 2.36172473528708 2.41464904054246
4 C0 56 0 108 0
0

0101000
+335 0 -324 0 *
Ed
 1e-07 1 1 0
1  207 0 3.54102010050751 3.86853626663686
2  259 56 0 3.54102010050751 3.86853626663686
4 C0 56 0 55 0
0

0101000
+524 0 -324 0 *
Ve
1e-07
13.4649621631872 8.8394583490016 -30
0 0

0101101
*
Ed
 1e-07 1 1 0
1  208 0 3.54102010050751 4.52913963264488
2  260 56 0 3.54102010050751 4.52913963264488
4 C0 56 0 57 0
0

0101000
+522 0 -321 0 *
Ed
 1e-07 1 1 0
1  209 0 8.7917292328324 13.9
2  261 56 0 8.7917292328324 13.9
2  262 109 0 8.7917292328324 13.9
4 G1 56 0 109 0
0

0101000
+333 0 -321 0 *
Wi

0101100
+323 0 -322 0 +521 0 +320 0 -319 0 +332 0 *
Fa
0  1e-07 56 0

0111000
+318 0 *
Ve
1e-07
6.37022526135841 8.20762616880747 26.9
0 0

0101101
*
Ed
 1e-07 1 1 0
1  210 0 0 0.26875562232085
4 C0 105 0 104 0
0

0101000
+352 0 -316 0 *
Ve
1e-07
4.87047760884609 4.814546953211 26.9
0 0

0101101
*
Ed
 1e-07 1 1 0
1  211 0 1.5707963267949 2.05948854749118
2  263 106 0 1.5707963267949 2.05948854749118
4 C0 105 0 106 0
0

0101000
+350 0 -314 0 *
Ve
1e-07
4.63293996118096 4.94084796084923 26.9
0 0

0101101
*
Ed
 1e-07 1 1 0
1  212 0 0 0.269028025656651
4 C0 105 0 111 0
0

0101000
+312 0 -314 0 *
Ed
 1e-07 1 1 0
1  213 0 0.20016061666847 0.777371009494483
2  264 82 0 0.20016061666847 0.777371009494483
4 C0 105 0 82 0
0

0101000
+316 0 -312 0 *
Wi

0101100
-315 0 +349 0 +313 0 -311 0 -310 0 *
Fa
0  1e-07 105 0

0111000
+309 0 *
Ve
1e-07
9.51007656179285 11.0701328663187 16.1
0 0

0101101
*
Ed
 1e-07 1 1 0
1  214 0 3.54102010050751 3.86853626663686
2  265 49 0 3.54102010050751 3.86853626663686
4 C0 81 0 49 0
0

0101000
+380 0 -307 0 *
Ve
1e-07
9.51007656179285 7.5 16.1
0 0

0101101
*
Ed
 1e-07 1 1 0
1  215 0 4.6521228771453 8.222255743464
4 C0 81 0 50 0
0

0101000
+307 0 -305 0 *
Ve
1e-07
9.5 7.50000000000001 16.1
0 0

0101101
*
Ed
 1e-07 1 1 0
1  216 0 -5.2405404739083 -5.23046391211545
4 C0 81 0 46 0
0

0101000
+303 0 -305 0 *
Ve
1e-07
9.5 0.5 16.1
0 0

0101101
*
Ed
 1e-07 1 1 0
1  217 0 -15.222255743464 -8.22225574346399
4 C0 81 0 112 0
0

0101000
+301 0 -303 0 *
Ve
1e-07
-1.21959230985473e-15 0.5 16.1
0 0

0101101
*
Ed
 1e-07 1 1 0
1  218 0 -1.21959230985473e-15 9.5
4 C0 81 0 113 0
0

0101000
+299 0 -301 0 *
Ed
 1e-07 1 1 0
1  219 0 1.5707963267949 4.71238898038469
2  266 98 0 1.5707963267949 4.71238898038469
4 C0 81 0 98 0
0

0101000
+384 0 -299 0 *
Wi

0101100
+306 0 +304 0 -302 0 -300 0 -298 0 -297 0 -378 0 *
Ve
1e-07
4.87047760884609 4.81454695321099 16.1
0 0

0101101
*
Ed
 1e-07 1 1 0
1  220 0 4.22369675968841 4.71238898038469
2  267 106 0 4.22369675968841 4.71238898038469
4 C0 81 0 106 0
0

0101000
+295 0 -355 0 *
Ed
 1e-07 1 1 0
1  221 0 0 0.268755622320859
4 C0 81 0 104 0
0

0101000
+354 0 -446 0 *
Ed
 1e-07 1 1 0
1  222 0 3.14159265358979 6.28318530717959
2  268 80 0 3.14159265358979 6.28318530717959
4 C0 81 0 80 0
0

0101000
+452 0 -448 0 *
Ed
 1e-07 1 1 0
1  223 0 8.62636497473814e-15 0.269028025656664
4 C0 81 0 111 0
0

0101000
+444 0 -295 0 *
Wi

0101100
+294 0 +353 0 +293 0 -445 0 -292 0 -442 0 +291 0 *
Fa
0  1e-07 81 0

0111000
-296 0 -290 0 *
Ve
1.15563636378529e-05
28 7.50000577812541 30
0 0

0101101
*
Ve
1e-07
30 5.5 30
0 0

0101101
*
Ed
 1e-07 1 1 0
1  224 0 4.71238898038469 6.28318530717959
2  269 114 0 4.71238898038469 6.28318530717959
4 C0 88 0 114 0
0

0101000
+288 0 -287 0 *
Ve
1e-07
13.4649621631871 8.83945834900162 30
0 0

0101101
*
Ed
 1e-07 1 1 0
1  225 0 4.52913963264488 4.71185148039763
2  270 48 0 4.52913963264488 4.71185148039763
4 C0 88 0 48 0
0

0101000
+285 0 -288 0 *
Ed
 1e-07 1 1 0
1  226 0 3.54102010050751 4.52913963264487
2  271 49 0 3.54102010050751 4.52913963264487
4 C0 88 0 49 0
0

0101000
+382 0 -285 0 *
Ve
1e-07
-1.21959230985473e-15 0.5 30
0 0

0101101
*
Ed
 1e-07 1 1 0
1  227 0 1.5707963267949 4.71238898038469
2  272 98 0 1.5707963267949 4.71238898038469
4 C0 88 0 98 0
0

0101000
+385 0 -282 0 *
Ve
1e-07
10 0.5 30
0 0

0101101
*
Ed
 1e-07 1 1 0
1  228 0 -1.21959230985473e-15 10
4 C0 88 0 113 0
0

0101000
+282 0 -280 0 *
Ve
1e-07
10 0 30
0 0

0101101
*
Ed
 1e-07 1 1 0
1  229 0 0 0.5
4 C0 88 0 115 0
0

0101000
+280 0 -278 0 *
Ve
1e-07
30 0 30
0 0

0101101
*
Ed
 1e-07 1 1 0
1  230 0 0 20
4 C0 88 0 94 0
0

0101000
+278 0 -276 0 *
Ed
 1e-07 1 1 0
1  231 0 0 5.5
4 C0 88 0 116 0
0

0101000
+276 0 -287 0 *
Wi

0101100
-286 0 -284 0 -283 0 +381 0 +281 0 +279 0 +277 0 +275 0 +274 0 *
Ve
1e-07
4.87047760884609 4.814546953211 30
0 0

0101101
*
Ed
 1e-07 1 1 0
1  232 0 4.22369675968841 4.71238898038469
2  273 89 0 4.22369675968841 4.71238898038469
4 C0 88 0 89 0
0

0101000
+272 0 -424 0 *
Ed
 1e-07 1 1 0
1  233 0 8.62636497473814e-15 0.26902802565666
4 C0 88 0 100 0
0

0101000
+372 0 -272 0 *
Ed
 1e-07 1 1 0
1  234 0 1.5707963267949 4.71238898038469
2  274 101 0 1.5707963267949 4.71238898038469
4 C0 88 0 101 0
0

0101000
+364 0 -370 0 *
Ed
 1e-07 1 1 0
1  235 0 0 0.268755622320859
4 C0 88 0 87 0
0

0101000
+426 0 -365 0 *
Wi

0101100
-271 0 -270 0 -369 0 -269 0 -363 0 -268 0 -423 0 *
Fa
0  1e-07 88 0

0111000
+273 0 +267 0 *
Ed
 1e-07 1 1 0
1  236 0 0 10.8
2  275 82 0 0 10.8
4 C0 104 0 82 0
0

0101000
+446 0 -316 0 *
Wi

0101100
+351 0 +315 0 -265 0 -293 0 *
Fa
0  1e-07 104 0

0111000
-264 0 *
Ed
 1e-07 1 1 0
1  237 0 0 10.8
2  276 106 0 0 10.8
4 G1 106 0 111 0
0

0101000
+295 0 -314 0 *
Wi

0101100
+313 0 -262 0 +294 0 -348 0 *
Fa
0  1e-07 106 0

0111000
+261 0 *
Ed
 1e-07 1 1 0
1  238 0 0 10.8
2  277 82 0 0 10.8
4 C0 111 0 82 0
0

0101000
+444 0 -312 0 *
Wi

0101100
+259 0 +311 0 -262 0 -291 0 *
Fa
0  1e-07 111 0

0111000
-258 0 *
Ed
 1e-07 1 1 0
1  239 0 1.5707963267949 4.71238898038469
2  278 101 0 1.5707963267949 4.71238898038469
4 C0 101 0 86 0
0

0101000
+374 0 -360 0 *
Wi

0101100
-256 0 -368 0 -269 0 -358 0 *
Fa
0  1e-07 101 0

0111000
+255 0 *
Ed
 1e-07 1 1 0
1  240 0 0 13.9
2  279 98 0 0 13.9
4 G1 98 0 113 0
0

0101000
+299 0 -282 0 *
Wi

0101100
+383 0 +297 0 +253 0 -281 0 *
Fa
0  1e-07 98 0

0111000
+252 0 *
Ve
1e-07
10 0.5 -30
0 0

0101101
*
Ed
 1e-07 1 1 0
1  241 0 -46.1 13.9
4 C0 113 0 115 0
0

0101000
+250 0 -280 0 *
Ve
1e-07
9.5 0.5 -16.1
0 0

0101101
*
Ed
 1e-07 1 1 0
1  242 0 13.9 46.1
4 C0 113 0 112 0
0

0101000
+301 0 -248 0 *
Ve
1e-07
-1.21959230985473e-15 0.5 -16.1
0 0

0101101
*
Ed
 1e-07 1 1 0
1  243 0 -1.21959230985473e-15 9.5
4 C0 113 0 55 0
0

0101000
+246 0 -248 0 *
Ve
1e-07
-1.21959230985473e-15 0.5 -30
0 0

0101101
*
Ed
 1e-07 1 1 0
1  244 0 0 13.9
2  280 54 0 0 13.9
4 G1 113 0 54 0
0

0101000
+246 0 -244 0 *
Ed
 1e-07 1 1 0
1  245 0 -1.21959230985473e-15 10
4 C0 113 0 57 0
0

0101000
+244 0 -250 0 *
Wi

0101100
+249 0 -279 0 -253 0 +298 0 +247 0 -245 0 +243 0 +242 0 *
Fa
0  1e-07 113 0

0111000
+241 0 *
Ve
1e-07
10 0 -30
0 0

0101101
*
Ed
 1e-07 1 1 0
1  246 0 0 0.5
4 C0 115 0 57 0
0

0101000
+250 0 -239 0 *
Ed
 1e-07 1 1 0
1  247 0 -46.1 13.9
4 C0 115 0 94 0
0

0101000
+239 0 -278 0 *
Wi

0101100
-277 0 -249 0 +238 0 +237 0 *
Fa
0  1e-07 115 0

0111000
+236 0 *
Ve
1e-07
30 0 -30
0 0

0101101
*
Ed
 1e-07 1 1 0
1  248 0 0 20
4 C0 94 0 57 0
0

0101000
+239 0 -234 0 *
Ed
 1e-07 1 1 0
1  249 0 -46.1 13.9
4 C0 94 0 116 0
0

0101000
+234 0 -276 0 *
Wi

0101100
-275 0 -237 0 +233 0 +232 0 *
Ed
 1e-07 1 1 0
1  250 0 0 3.14159265358979
2  281 42 0 0 3.14159265358979
4 C0 94 0 42 0
0

0101000
+396 0 -398 0 *
Wi

0101100
+230 0 +395 0 *
Ed
 1e-07 1 1 0
1  251 0 0 3.14159265358979
2  282 93 0 0 3.14159265358979
4 C0 94 0 93 0
0

0101000
+404 0 -406 0 *
Wi

0101100
+228 0 +403 0 *
Fa
0  1e-07 94 0

0111000
+231 0 +229 0 +227 0 *
Ve
1e-07
30 5.50000000000001 -30
0 0

0101101
*
Ed
 1e-07 1 1 0
1  252 0 0 5.50000000000001
4 C0 116 0 57 0
0

0101000
+234 0 -225 0 *
Ed
 1e-07 1 1 0
1  253 0 0 60
2  283 114 0 0 60
4 G1 116 0 114 0
0

0101000
+225 0 -287 0 *
Wi

0101100
+224 0 +223 0 -274 0 -232 0 *
Fa
0  1e-07 116 0

0111000
+222 0 *
Ve
1.15563636378529e-05
28 7.50000577812541 26.25
0 0

0101101
*
Ed
 1e-07 1 1 0
1  254 0 0 10
4 C0 46 0 47 0
0

0101000
+547 0 -220 0 *
Ve
1.15563669347979e-05
28 7.50000577812541 -26.25
0 0

0101101
*
Ed
 1e-07 1 1 0
1  255 0 1.95801731521758e-17 1
2  284 114 0 1.95801731521758e-17 1
4 G1 46 0 114 0
0

0101000
+220 0 -218 0 *
Ed
 1e-07 1 1 0
1  256 0 2 12
4 C0 46 0 110 0
0

0101000
+218 0 -329 0 *
Ve
1e-07
9.51007656179286 7.5 -16.1
0 0

0101101
*
Ed
 1e-07 1 1 0
1  257 0 1.00045321404914e-13 2.38519329893988
4 C0 46 0 108 0
0

0101000
+337 0 -215 0 *
Ve
1e-07
9.5 7.50000000000001 -16.1
0 0

0101101
*
Ed
 1e-07 1 1 0
1  258 0 -5.2405404739083 -5.23046391211544
4 C0 46 0 55 0
0

0101000
+213 0 -215 0 *
Ed
 1e-07 1 1 0
1  259 0 13.9 46.1
4 C0 46 0 112 0
0

0101000
+303 0 -213 0 *
Ed
 1e-07 1 1 0
1  260 0 16.1916479879673 18.5768412869071
4 C0 46 0 50 0
0

0101000
+305 0 -538 0 *
Ed
 1e-07 1 1 0
1  261 0 0 3.14159265358979
2  285 51 0 0 3.14159265358979
4 C0 46 0 51 0
0

0101000
+546 0 -536 0 *
Wi

0101100
+219 0 +217 0 +216 0 -327 0 -343 0 -336 0 +214 0 -212 0 -211 0 +302 0 
+210 0 -535 0 -209 0 -545 0 *
Fa
0  1e-07 46 0

0111000
+208 0 *
Ve
1.15563669347979e-05
28 7.50000577812541 -30
0 0

0101101
*
Ed
 1e-07 1 1 0
1  262 0 4.71238898038469 6.28318530717959
2  286 114 0 4.71238898038469 6.28318530717959
4 C0 114 0 57 0
0

0101000
+206 0 -225 0 *
Ed
 1.15563669347979e-05 1 1 0
1  263 0 2.74130199628219e-16 1
2  287 114 0 2.74130199628219e-16 1
2  288 109 0 2.74130199628219e-16 1
4 G1 114 0 109 0
0

0101000
+218 0 -206 0 *
Ed
 1.15563636378529e-05 1 1 0
1  264 0 2.74130199628219e-16 1
2  289 114 0 2.74130199628219e-16 1
2  290 48 0 2.74130199628219e-16 1
4 G1 114 0 48 0
0

0101000
+288 0 -220 0 *
Wi

0101100
+286 0 -223 0 -205 0 -204 0 -217 0 -203 0 *
Fa
0  1e-07 114 0

0111000
+202 0 *
Wi

0101100
-531 0 -390 0 +407 0 -388 0 *
Fa
0  1e-07 52 0

0111000
+200 0 *
Wi

0101100
+230 0 -397 0 -555 0 -394 0 *
Fa
0  1e-07 42 0

0111000
+198 0 *
Wi

0101100
+228 0 -405 0 -391 0 -402 0 *
Fa
0  1e-07 93 0

0111000
+196 0 *
Ed
 1e-07 1 1 0
1  265 0 8.7917292328323 13.9
2  291 48 0 8.7917292328323 13.9
2  292 49 0 8.7917292328323 13.9
4 G1 48 0 49 0
0

0101000
+542 0 -285 0 *
Ed
 1e-07 1 1 0
1  266 0 1.44492672803282 1.57025882680784
2  293 48 0 1.44492672803282 1.57025882680784
4 C0 48 0 47 0
0

0101000
+544 0 -220 0 *
Wi

0101100
-284 0 -194 0 -541 0 +193 0 -203 0 *
Fa
0  1e-07 48 0

0111000
+192 0 *
Ed
 1e-07 1 1 0
1  267 0 4.52913963264488 4.71185148039763
2  294 109 0 4.52913963264488 4.71185148039763
4 C0 109 0 57 0
0

0101000
+321 0 -206 0 *
Ed
 1e-07 1 1 0
1  268 0 1.57133382678196 1.69666592555697
2  295 109 0 1.57133382678196 1.69666592555697
4 C0 109 0 110 0
0

0101000
+218 0 -331 0 *
Wi

0101100
+330 0 +319 0 +190 0 -204 0 +189 0 *
Fa
0  1e-07 109 0

0111000
+188 0 *
Wi

0101100
-216 0 +189 0 -328 0 *
Fa
0  1e-07 110 0

0111000
-186 0 *
Wi

0101100
+193 0 -219 0 +543 0 *
Fa
0  1e-07 47 0

0111000
-184 0 *
Ed
 1e-07 1 1 0
1  269 0 4.6521228771453 8.222255743464
4 C0 55 0 108 0
0

0101000
+324 0 -215 0 *
Ed
 1e-07 1 1 0
1  270 0 1.5707963267949 4.71238898038469
2  296 54 0 1.5707963267949 4.71238898038469
4 C0 55 0 54 0
0

0101000
+527 0 -246 0 *
Ed
 1e-07 1 1 0
1  271 0 -15.222255743464 -8.22225574346399
4 C0 55 0 112 0
0

0101000
+248 0 -213 0 *
Wi

0101100
-182 0 -322 0 +523 0 +181 0 +245 0 +180 0 +212 0 *
Ve
1e-07
4.87047760884609 4.814546953211 -16.1
0 0

0101101
*
Ed
 1e-07 1 1 0
1  272 0 4.22369675968841 4.71238898038469
2  297 61 0 4.22369675968841 4.71238898038469
4 C0 55 0 61 0
0

0101000
+178 0 -512 0 *
Ed
 1e-07 1 1 0
1  273 0 4.03964535671552e-15 0.26902802565666
4 C0 55 0 117 0
0

0101000
+480 0 -178 0 *
Ed
 1e-07 1 1 0
1  274 0 3.14159265358979 6.28318530717959
2  298 69 0 3.14159265358979 6.28318530717959
4 C0 55 0 69 0
0

0101000
+482 0 -486 0 *
Ed
 1e-07 1 1 0
1  275 0 0 0.268755622320863
4 C0 55 0 60 0
0

0101000
+514 0 -478 0 *
Wi

0101100
-177 0 -176 0 +479 0 +175 0 +476 0 -174 0 -511 0 *
Fa
0  1e-07 55 0

0111000
+179 0 +173 0 *
Ve
1e-07
4.87047760884609 4.814546953211 -29.9
0 0

0101101
*
Ed
 1e-07 1 1 0
1  276 0 1.08210410609862 1.5707963267949
2  299 91 0 1.08210410609862 1.5707963267949
4 C0 91 0 63 0
0

0101000
+171 0 -414 0 *
Ve
1e-07
4.87047760884609 4.814546953211 -30
0 0

0101101
*
Ed
 1e-07 1 1 0
1  277 0 13.8 13.9
2  300 91 0 13.8 13.9
4 G1 91 0 67 0
0

0101000
+171 0 -169 0 *
Ed
 1e-07 1 1 0
1  278 0 4.22369675968841 4.71238898038469
2  301 91 0 4.22369675968841 4.71238898038469
4 C0 91 0 57 0
0

0101000
+169 0 -419 0 *
Wi

0101100
-170 0 +168 0 +167 0 -412 0 *
Fa
0  1e-07 91 0

0111000
+166 0 *
Ed
 1e-07 1 1 0
1  279 0 0 0.268755622320863
4 C0 64 0 63 0
0

0101000
+416 0 -506 0 *
Ed
 1e-07 1 1 0
1  280 0 0 0.268755622320859
4 C0 64 0 57 0
0

0101000
+418 0 -504 0 *
Wi

0101100
-415 0 +164 0 +503 0 -163 0 *
Fa
0  1e-07 64 0

0111000
+162 0 *
Ed
 1e-07 1 1 0
1  281 0 8.62636497473814e-15 0.26902802565666
4 C0 67 0 63 0
0

0101000
+494 0 -171 0 *
Ed
 1e-07 1 1 0
1  282 0 8.62636497473814e-15 0.26902802565666
4 C0 67 0 57 0
0

0101000
+496 0 -169 0 *
Wi

0101100
-493 0 +160 0 +168 0 -159 0 *
Fa
0  1e-07 67 0

0111000
+158 0 *
Ve
1e-07
4.87047760884609 4.814546953211 29.9
0 0

0101101
*
Ed
 1e-07 1 1 0
1  283 0 13.8 13.9
2  302 89 0 13.8 13.9
4 G1 89 0 100 0
0

0101000
+156 0 -272 0 *
Ed
 1e-07 1 1 0
1  284 0 1.5707963267949 2.05948854749118
2  303 89 0 1.5707963267949 2.05948854749118
4 C0 89 0 86 0
0

0101000
+428 0 -156 0 *
Wi

0101100
-271 0 -155 0 -154 0 -422 0 *
Fa
0  1e-07 89 0

0111000
+153 0 *
Ed
 1e-07 1 1 0
1  285 0 0 0.268755622320859
4 C0 87 0 86 0
0

0101000
+429 0 -362 0 *
Wi

0101100
-151 0 +425 0 +268 0 -361 0 *
Fa
0  1e-07 87 0

0111000
-150 0 *
Ed
 1e-07 1 1 0
1  286 0 0 0.269028025656651
4 C0 100 0 86 0
0

0101000
+375 0 -156 0 *
Wi

0101100
-148 0 +371 0 +270 0 -155 0 *
Fa
0  1e-07 100 0

0111000
-147 0 *
Wi

0101100
+265 0 +310 0 -259 0 -443 0 *
Fa
0  1e-07 82 0

0111000
+145 0 *
Ed
 1e-07 1 1 0
1  287 0 0 3.14159265358979
2  304 74 0 0 3.14159265358979
4 C0 73 0 74 0
0

0101000
+472 0 -473 0 *
Wi

0101100
-143 0 -471 0 *
Ed
 1e-07 1 1 0
1  288 0 0 3.14159265358979
2  305 84 0 0 3.14159265358979
4 C0 73 0 84 0
0

0101000
+439 0 -436 0 *
Wi

0101100
+141 0 +435 0 *
Fa
0  1e-07 73 0

0111000
-142 0 -140 0 *
Ed
 1e-07 1 1 0
1  289 0 0 3.14159265358979
2  306 77 0 0 3.14159265358979
4 C0 78 0 77 0
0

0101000
+460 0 -458 0 *
Wi

0101100
-457 0 -138 0 *
Ed
 1e-07 1 1 0
1  290 0 0 3.14159265358979
2  307 84 0 0 3.14159265358979
4 C0 78 0 84 0
0

0101000
+438 0 -434 0 *
Wi

0101100
-136 0 -432 0 *
Fa
0  1e-07 78 0

0111000
-137 0 -135 0 *
Wi

0101100
+437 0 +136 0 +433 0 -141 0 *
Fa
0  1e-07 84 0

0111000
+133 0 *
Ed
 1e-07 1 1 0
1  291 0 3.14159265358979 6.28318530717959
2  308 80 0 3.14159265358979 6.28318530717959
4 C0 80 0 76 0
0

0101000
+453 0 -450 0 *
Wi

0101100
+451 0 +292 0 +447 0 -131 0 *
Fa
0  1e-07 80 0

0111000
+130 0 *
Wi

0101100
+449 0 +131 0 *
Ed
 1e-07 1 1 0
1  292 0 0 3.14159265358979
2  309 77 0 0 3.14159265358979
4 C0 76 0 77 0
0

0101000
+462 0 -463 0 *
Wi

0101100
-127 0 -461 0 *
Fa
0  1e-07 76 0

0111000
+128 0 +126 0 *
Wi

0101100
-138 0 -459 0 -127 0 -456 0 *
Fa
0  1e-07 77 0

0111000
+124 0 *
Wi

0101100
+151 0 -359 0 -256 0 -373 0 +148 0 -154 0 -427 0 *
Fa
0  1e-07 86 0

0111000
-122 0 *
Ed
 1e-07 1 1 0
1  293 0 0 3.14159265358979
2  310 74 0 0 3.14159265358979
4 C0 74 0 70 0
0

0101000
+468 0 -470 0 *
Wi

0101100
+120 0 -469 0 -143 0 -466 0 *
Fa
0  1e-07 74 0

0111000
+119 0 *
Ed
 1e-07 1 1 0
1  294 0 3.14159265358979 6.28318530717959
2  311 69 0 3.14159265358979 6.28318530717959
4 C0 70 0 69 0
0

0101000
+484 0 -487 0 *
Wi

0101100
-483 0 -117 0 *
Wi

0101100
+120 0 +467 0 *
Fa
0  1e-07 70 0

0111000
-116 0 -115 0 *
Wi

0101100
+485 0 -175 0 +481 0 +117 0 *
Fa
0  1e-07 69 0

0111000
+113 0 *
Ve
1e-07
4.63293996118096 4.94084796084923 -26.9
0 0

0101101
*
Ve
1e-07
6.3702252613584 8.20762616880748 -26.9
0 0

0101101
*
Ed
 1e-07 1 1 0
1  295 0 2.36422164409531 2.94143203692132
2  312 71 0 2.36422164409531 2.94143203692132
4 C0 71 0 59 0
0

0101000
+111 0 -110 0 *
Ed
 1e-07 1 1 0
1  296 0 0 10.8
2  313 71 0 0 10.8
4 C0 71 0 60 0
0

0101000
+478 0 -110 0 *
Ed
 1e-07 1 1 0
1  297 0 0 10.8
2  314 71 0 0 10.8
4 C0 71 0 117 0
0

0101000
+480 0 -111 0 *
Wi

0101100
+109 0 -108 0 +477 0 +107 0 *
Fa
0  1e-07 71 0

0111000
+106 0 *
Ed
 1e-07 1 1 0
1  298 0 1.5707963267949 4.71238898038469
2  315 65 0 1.5707963267949 4.71238898038469
4 C0 63 0 65 0
0

0101000
+492 0 -507 0 *
Wi

0101100
+491 0 +104 0 +505 0 -164 0 -413 0 -170 0 -160 0 *
Fa
0  1e-07 63 0

0111000
-103 0 *
Ed
 1e-07 1 1 0
1  299 0 3.86853626663713 3.9214605718925
2  316 49 0 3.86853626663713 3.9214605718925
4 C0 49 0 50 0
0

0101000
+307 0 -540 0 *
Wi

0101100
-283 0 -379 0 +306 0 +101 0 -539 0 +194 0 *
Fa
0  1e-07 49 0

0111000
+100 0 *
Ed
 1e-07 1 1 0
1  300 0 1.5707963267949 4.71238898038469
2  317 65 0 1.5707963267949 4.71238898038469
4 C0 65 0 57 0
0

0101000
+502 0 -497 0 *
Wi

0101100
+104 0 -500 0 +98 0 -490 0 *
Fa
0  1e-07 65 0

0111000
+97 0 *
Ve
1e-07
4.87047760884609 4.814546953211 -26.9
0 0

0101101
*
Ed
 1e-07 1 1 0
1  301 0 0 10.8
2  318 61 0 0 10.8
4 G1 61 0 117 0
0

0101000
+178 0 -95 0 *
Ed
 1e-07 1 1 0
1  302 0 1.08210410609862 1.5707963267949
2  319 61 0 1.08210410609862 1.5707963267949
4 C0 61 0 59 0
0

0101000
+95 0 -517 0 *
Wi

0101100
-177 0 +94 0 +93 0 -510 0 *
Fa
0  1e-07 61 0

0111000
+92 0 *
Ed
 1e-07 1 1 0
1  303 0 0 0.268755622320863
4 C0 60 0 59 0
0

0101000
+516 0 -110 0 *
Wi

0101100
-90 0 -513 0 +174 0 +108 0 *
Fa
0  1e-07 60 0

0111000
+89 0 *
Ed
 1e-07 1 1 0
1  304 0 1.5707963267949 4.71238898038469
2  320 54 0 1.5707963267949 4.71238898038469
4 C0 54 0 57 0
0

0101000
+526 0 -244 0 *
Wi

0101100
+525 0 +87 0 -243 0 -181 0 *
Fa
0  1e-07 54 0

0111000
+86 0 *
Ed
 1e-07 1 1 0
1  305 0 8.62636497473814e-15 0.26902802565666
4 C0 117 0 59 0
0

0101000
+111 0 -95 0 *
Wi

0101100
-84 0 -107 0 +176 0 +94 0 *
Fa
0  1e-07 117 0

0111000
+83 0 *
Wi

0101100
+190 0 +205 0 -224 0 -233 0 -238 0 -242 0 -87 0 -520 0 +320 0 *
Wi

0101100
+167 0 +417 0 +163 0 +501 0 +98 0 +495 0 +159 0 *
Fa
0  1e-07 57 0

0111000
-81 0 -80 0 *
Wi

0101100
+93 0 +515 0 +90 0 -109 0 +84 0 *
Fa
0  1e-07 59 0

0111000
+78 0 *
Wi

0101100
-247 0 +300 0 +211 0 -180 0 *
Fa
0  1e-07 112 0

0111000
-76 0 *
Wi

0101100
+182 0 -214 0 +334 0 +323 0 *
Fa
0  1e-07 108 0

0111000
-74 0 *
Wi

0101100
+389 0 -533 0 -209 0 -530 0 *
Fa
0  1e-07 51 0

0111000
+72 0 *
Wi

0101100
+101 0 -537 0 -210 0 -304 0 *
Fa
0  1e-07 50 0

0111000
-70 0 *
Wi

0101100
-341 0 -553 0 +399 0 -550 0 *
Fa
0  1e-07 43 0

0111000
+68 0 *
Sh

0101100
-548 0 -528 0 +518 0 -508 0 -498 0 -488 0 +474 0 -464 0 -454 0 +440 0 
+430 0 -420 0 -410 0 -400 0 -392 0 -386 0 +376 0 -366 0 -356 0 -346 0 
-338 0 -325 0 -317 0 +308 0 -289 0 +266 0 -263 0 -260 0 -257 0 -254 0 
+251 0 +240 0 +235 0 +226 0 +221 0 +207 0 +201 0 -199 0 -197 0 -195 0 
-191 0 -187 0 -185 0 -183 0 +172 0 -165 0 +161 0 +157 0 -152 0 -149 0 
-146 0 +144 0 -139 0 -134 0 +132 0 +129 0 +125 0 -123 0 -121 0 -118 0 
-114 0 +112 0 +105 0 -102 0 -99 0 -96 0 -91 0 +88 0 +85 0 +82 0 
-79 0 +77 0 -75 0 -73 0 -71 0 -69 0 -67 0 *
Ve
1e-07
3.8 9.5 16.1
0 0

0101101
*
Ve
1e-07
3.8 9.5 20
0 0

0101101
*
Ed
 1e-07 1 1 0
1  306 0 -1.95 1.95
2  321 118 0 -1.95 1.95
2  322 119 0 -1.95 1.95
4 CN 118 0 119 0
0

0101000
+65 0 -64 0 *
Ve
1e-07
-3.8 9.5 16.1
0 0

0101101
*
Ed
 1e-07 1 1 0
1  307 0 3.14159265358979 6.28318530717959
2  323 118 0 3.14159265358979 6.28318530717959
4 C0 118 0 120 0
0

0101000
+65 0 -62 0 *
Ve
1e-07
-3.8 9.5 20
0 0

0101101
*
Ed
 1e-07 1 1 0
1  308 0 -1.95 1.95
2  324 118 0 -1.95 1.95
2  325 119 0 -1.95 1.95
4 CN 118 0 119 0
0

0101000
+60 0 -62 0 *
Ed
 1e-07 1 1 0
1  309 0 3.14159265358979 6.28318530717959
2  326 118 0 3.14159265358979 6.28318530717959
4 C0 118 0 121 0
0

0101000
+60 0 -64 0 *
Wi

0101100
-63 0 +61 0 -59 0 +58 0 *
Fa
0  1e-07 118 0

0111000
+57 0 *
Ed
 1e-07 1 1 0
1  310 0 0 3.14159265358979
2  327 119 0 0 3.14159265358979
4 C0 119 0 121 0
0

0101000
+64 0 -60 0 *
Ed
 1e-07 1 1 0
1  311 0 0 3.14159265358979
2  328 119 0 0 3.14159265358979
4 C0 119 0 120 0
0

0101000
+62 0 -65 0 *
Wi

0101100
+63 0 +55 0 +59 0 +54 0 *
Fa
0  1e-07 119 0

0111000
+53 0 *
Ve
1e-07
2.3094010767585 5.5 20
0 0

0101101
*
Ve
1e-07
-2.3094010767585 5.5 20
0 0

0101101
*
Ed
 1e-07 1 1 0
1  312 0 -2.3094010767585 2.3094010767585
4 C0 121 0 122 0
0

0101000
+51 0 -50 0 *
Ve
1e-07
-4.61880215351701 9.5 20
0 0

0101101
*
Ed
 1e-07 1 1 0
1  313 0 3.31976404784035 7.93856620135736
4 C0 121 0 123 0
0

0101000
+50 0 -48 0 *
Ve
1e-07
-2.3094010767585 13.5 20
0 0

0101101
*
Ed
 1e-07 1 1 0
1  314 0 3.31976404784035 7.93856620135736
4 C0 121 0 124 0
0

0101000
+48 0 -46 0 *
Ve
1e-07
2.3094010767585 13.5 20
0 0

0101101
*
Ed
 1e-07 1 1 0
1  315 0 -2.3094010767585 2.3094010767585
4 C0 121 0 125 0
0

0101000
+46 0 -44 0 *
Ve
1e-07
4.61880215351701 9.5 20
0 0

0101101
*
Ed
 1e-07 1 1 0
1  316 0 -7.93856620135735 -3.31976404784035
4 C0 121 0 126 0
0

0101000
+44 0 -42 0 *
Ed
 1e-07 1 1 0
1  317 0 -7.93856620135736 -3.31976404784035
4 C0 121 0 127 0
0

0101000
+42 0 -51 0 *
Wi

0101100
+49 0 +47 0 +45 0 +43 0 +41 0 +40 0 *
Wi

0101100
-55 0 -58 0 *
Fa
0  1e-07 121 0

0111000
-39 0 -38 0 *
Ve
1e-07
-4.61880215351701 9.5 16.1
0 0

0101101
*
Ed
 1e-07 1 1 0
1  318 0 0 3.9
4 C0 124 0 123 0
0

0101000
+36 0 -48 0 *
Ve
1e-07
-2.3094010767585 13.5 16.1
0 0

0101101
*
Ed
 1e-07 1 1 0
1  319 0 0 4.61880215351701
4 C0 124 0 120 0
0

0101000
+36 0 -34 0 *
Ed
 1e-07 1 1 0
1  320 0 0 3.9
4 C0 124 0 125 0
0

0101000
+34 0 -46 0 *
Wi

0101100
-45 0 -35 0 +33 0 +32 0 *
Fa
0  1e-07 124 0

0111000
+31 0 *
Ve
1e-07
2.3094010767585 13.5 16.1
0 0

0101101
*
Ed
 1e-07 1 1 0
1  321 0 0 4.618802153517
4 C0 125 0 120 0
0

0101000
+34 0 -29 0 *
Ed
 1e-07 1 1 0
1  322 0 0 3.9
4 C0 125 0 126 0
0

0101000
+29 0 -44 0 *
Wi

0101100
-43 0 -32 0 +28 0 +27 0 *
Fa
0  1e-07 125 0

0111000
+26 0 *
Ve
1e-07
4.61880215351701 9.5 16.1
0 0

0101101
*
Ed
 1e-07 1 1 0
1  323 0 0 4.61880215351701
4 C0 126 0 120 0
0

0101000
+29 0 -24 0 *
Ed
 1e-07 1 1 0
1  324 0 0 3.9
4 C0 126 0 127 0
0

0101000
+24 0 -42 0 *
Wi

0101100
-41 0 -27 0 +23 0 +22 0 *
Fa
0  1e-07 126 0

0111000
+21 0 *
Ve
1e-07
2.3094010767585 5.5 16.1
0 0

0101101
*
Ed
 1e-07 1 1 0
1  325 0 0 4.61880215351701
4 C0 127 0 120 0
0

0101000
+24 0 -19 0 *
Ed
 1e-07 1 1 0
1  326 0 0 3.9
4 C0 127 0 122 0
0

0101000
+19 0 -51 0 *
Wi

0101100
-40 0 -22 0 +18 0 +17 0 *
Fa
0  1e-07 127 0

0111000
+16 0 *
Ve
1e-07
-2.3094010767585 5.5 16.1
0 0

0101101
*
Ed
 1e-07 1 1 0
1  327 0 0 4.618802153517
4 C0 122 0 120 0
0

0101000
+19 0 -14 0 *
Ed
 1e-07 1 1 0
1  328 0 0 3.9
4 C0 122 0 123 0
0

0101000
+14 0 -50 0 *
Wi

0101100
-49 0 -17 0 +13 0 +12 0 *
Fa
0  1e-07 122 0

0111000
+11 0 *
Ed
 1e-07 1 1 0
1  329 0 0 4.61880215351701
4 C0 123 0 120 0
0

0101000
+14 0 -36 0 *
Wi

0101100
-47 0 -12 0 +9 0 +35 0 *
Fa
0  1e-07 123 0

0111000
+8 0 *
Wi

0101100
-9 0 -13 0 -18 0 -23 0 -28 0 -33 0 *
Wi

0101100
-54 0 -61 0 *
Fa
0  1e-07 120 0

0111000
+6 0 +5 0 *
Sh

0101100
+56 0 +52 0 -37 0 +30 0 +25 0 +20 0 +15 0 +10 0 +7 0 +4 0 
*
So

0100000
+66 0 +3 0 *
Co

1100000
+558 0 +2 0 *

+1 0 